ply
format ascii 1.0
element vertex 8099
property double x
property double y
property double z
property uchar red
property uchar green
property uchar blue
end_header
-11.3563859569932362 14.8326755276485525 52.8579763234896873 0 0 0
-20.7213911361717749 -5.3894595818698336 41.8916845999827814 1 187 0
-10.4589079455680629 -1.2232925760458464 57.3548265488522873 0 1 0
-11.1008230124923148 5.3066940877305182 59.9697184251086952 1 0 0
-13.2723434765509687 8.8756054669766211 48.8245548483963532 0 0 0
-12.4551292843617354 -6.0791102877582430 53.7003651102230322 0 0 2
-10.9710983721491822 -4.4056602404297402 55.8970345732627791 255 255 255
-19.9561025075142169 -5.9320490536829809 41.9913384267369381 111 254 102
-20.1047731267397367 -5.8198638413802382 41.9600838357573522 74 255 62
-10.3706504310983725 -1.1014563652403591 60.4613582023473057 0 0 0
-10.4012799827625173 -1.1878956735929647 57.5023696291541668 0 0 0
-21.8781447491948846 -4.2336579362615421 41.0779194360202595 0 67 2
-12.3139022916875209 10.2919351351211308 58.2239693321079272 0 0 0
-11.4143093531488411 -4.8454984612620722 55.1551349885701114 255 254 255
-20.0883448488756287 -5.8356183719482075 41.9821310233253584 73 255 70
-20.1411834044310716 -5.7342050513271374 41.8962651490938640 0 0 0
-10.2138090965882000 -2.7524881227886997 58.0559878078581093 0 0 0
-20.6495768709388692 -5.4510264284601133 41.6762669953407325 106 253 100
-20.7672450044839927 -5.4371101240892941 41.6977734757340812 3 201 0
-21.8802809903632713 -4.2355663284688525 41.0523975878095442 0 34 1
-22.0909207096998621 -3.9902213805336619 40.9540317152256392 0 58 0
-10.3636954400623136 0.4763864939518172 55.0988963352338601 0 1 0
-22.3788546306247795 -3.7742085897742639 40.7488300553963683 168 255 141
-22.3926061542287123 -3.6509336645973955 40.8119984782801097 1 37 1
-22.5448440354822033 -3.5362852565070404 40.7684380739563466 136 255 109
-22.6895214561107998 -3.2301359377536683 40.7997729414971531 0 19 0
-22.7454467842278767 -3.0990581411696212 40.8178997556930767 0 10 1
-11.0008289739179155 5.6339616335090970 58.9689390005505487 255 255 255
-11.6808875454922116 8.8832629786525406 58.0448501793487779 183 222 133
-11.0742597162256438 -5.2418632813087047 58.5626063434768227 0 0 0
-20.1877410495528551 -6.1082091774623146 42.3534359894377133 0 0 0
-21.1526954282484176 -5.4271220970161993 41.5775954298138402 177 236 128
-21.2505993115057876 -5.3574076365825460 41.7827730774962944 0 0 0
-21.5725957274722404 -5.1947564290050732 41.2851380209152765 0 0 0
-21.2779237989679295 -5.0577800065004279 41.2723662372263789 133 255 108
-21.2475180741830236 -5.0037184880810104 41.3151146938720899 109 255 94
-21.4140370853640434 -4.7563712903795459 41.2575280164726905 1 31 3
-21.8814916796175538 -4.2295368824190671 41.0608798767818541 0 17 0
-22.0534959246611528 -3.9621803432135096 40.9453693327116923 0 0 0
-22.7565239746593946 -3.9734416291792596 40.7570857181358761 0 0 0
-22.2637193711491399 -3.8116229525752501 40.8251016821903789 2 55 1
-22.3744098570122425 -3.7783643280044630 40.7430066342716231 151 252 120
-22.3972528850858019 -3.6496599523546656 40.7972395023767476 2 9 1
-22.8482150309910601 -3.7272516036476557 40.7409875396902663 0 0 0
-22.5468205221146683 -3.5387521346618982 40.7394724170755254 131 255 105
-22.9074636536479730 -3.5763389744216987 40.7014282546696435 136 248 86
-22.6431256514893846 -3.4885322456936172 40.7505610576140143 192 250 165
-22.6250106116304650 -3.3331275883098468 40.8081358632319109 0 49 0
-23.0586466385298046 -3.4166298359359328 40.8626098962975774 0 0 0
-22.6859199774588411 -3.2086441313343803 40.8635436997742048 2 38 2
-10.5953975826632245 3.1408304485323808 60.5315454578556853 0 0 0
-11.0823595827270083 5.6136711854110368 59.3084350965693048 0 0 0
-10.9705270109516579 5.6491347767640656 59.0458817526292847 255 255 255
-9.4169112008322706 7.9093144201362229 54.0641644403252997 255 255 255
-12.5993690868202588 11.7304527630370306 54.1766162811398573 0 0 0
-20.2603487167046161 -6.1362616135422803 42.1253677742283372 0 0 0
-10.4096265418994527 -3.6230575201222246 57.6415395307504355 255 255 255
-21.3627828680800214 -5.2169126497755229 41.6055819576742607 214 241 186
-21.0852334649274376 -5.0517044032576779 41.3393541857518017 0 0 2
-21.8815818924122425 -4.2256134017341411 41.0288919846618896 0 1 0
-22.0381675750753203 -4.1391720798890423 41.0033826509835748 177 255 153
-22.4692024282635217 -4.2278102787145224 40.9764973962904904 0 1 0
-22.0929558090969600 -3.9916548991162748 40.9192250749696598 0 1 0
-22.5559814381125889 -4.0284436011254146 40.8872529417356105 210 235 177
-22.3600254666206943 -3.7823509751305555 40.8340658369209706 197 251 173
-22.4042841948264133 -3.6280869986306237 40.7848484961162612 2 0 3
-22.5720680036766979 -3.5385288412289495 40.7240875485384848 177 252 149
-22.9027285051990113 -3.5563432186258868 40.7048251986797069 199 239 166
-11.7757726414035968 4.0796849826960244 52.4320008711665650 255 255 255
-11.1343317251811627 6.7622704449875792 56.4273142529465517 255 255 255
-11.6603319932824032 5.9821780066374242 52.5164753465000729 0 0 0
-11.3537717894314358 6.9183303987664342 55.9545914396387829 0 0 0
-12.4054078818913744 9.6956662176638506 53.1971593103989520 1 8 1
-12.2085535356804318 10.3268469703910490 54.9299170069821088 0 0 0
-21.8993261005629982 -4.8163072546376924 41.3624952023145056 0 0 0
-21.9610618188797950 -4.5603942427800650 41.0900870883297884 169 255 148
-21.8831206297658447 -4.4923404234455164 41.0909875843700121 116 255 90
-22.2088164841453342 -4.5369406866172985 41.0980424492543079 0 1 0
-22.2751250643780629 -4.3455491310054040 41.0368012008913183 218 237 191
-22.2419051458933019 -4.3107977859987425 40.8217788046539738 180 252 152
-21.8088152158252484 -4.1555447760632935 40.9894210301411803 0 0 0
-22.5510129447113101 -4.2892954836678783 40.9818232867003758 0 0 0
-22.5144189007204965 -4.2593624399110963 40.7645587168438013 0 0 0
-22.3333043628321448 -3.9831650113682771 40.8674776982051711 155 253 130
-22.5661522759080420 -4.0191780953482166 40.8600803981305276 211 236 179
-22.2424435435106282 -3.9218577225633737 40.8798598562839643 196 250 172
-22.4048531983113470 -3.8854909839236793 40.8789690969883495 154 255 123
-22.9308593730699393 -3.8039612185938285 40.7772661182545946 0 0 0
-22.8418766352424392 -3.7563189923145202 40.7897691641482893 0 0 0
-22.3294357587573629 -3.5606132425763013 40.7702723940137020 0 0 0
-22.6525058536713004 -3.5992677725644096 40.7358283097501968 128 255 104
-22.5388522772590072 -3.4975779016275799 40.9609092690723600 181 251 153
-22.9084899860730999 -3.5393694539308420 40.7057431148802564 196 240 163
-22.8199928278849313 -3.5058937584650045 40.7018939131588837 217 241 191
-23.1370725894422620 -3.4659866684361389 40.7674788651310536 0 0 0
-23.0334811440182676 -3.2084239454482613 40.9017425317219150 195 236 157
-10.9648019522565097 6.6662140269940622 56.2918752789839729 255 255 255
-11.8942623201749562 7.8589751028354922 55.3355555082712840 0 0 0
-22.5356964079193354 -3.5230434993287139 41.0156120361434873 206 247 179
-10.3882575408904838 -1.3017042297798771 57.4168760141987278 1 120 0
5.8293822853544270 -3.4786499584911965 58.3330602274121333 43 223 2
1.8190497960104213 -3.4480836531814187 55.9209731090205295 201 255 219
-0.4463248226058003 -1.6736080743475050 55.1180760776720646 129 165 151
-1.4360679487232086 -0.8331352489400647 54.7782583235197293 34 225 96
0.1121128188290738 0.7508782898670389 54.1071899178686238 0 181 8
-0.0477768862346331 0.8989337542594383 53.9496208068340621 0 69 0
-0.2191963302224209 1.1159926439774108 53.9023403134820711 0 149 33
-2.5798541005845039 1.6647991759954790 53.3007196168489727 247 244 235
-2.0263156280890873 1.7665800957728355 53.2255331825943045 24 152 69
-2.4947469652840177 2.1370674277634096 53.1518435415627337 0 58 14
-2.4645371276249808 2.8030820012910396 52.9528792476630841 2 15 21
-2.7492098034573602 3.4365513981846578 52.8366869151619412 158 255 147
-1.2716203122000203 3.7172237906478403 53.1615555924037650 2 16 3
-1.6259556081437383 3.6491445997288126 52.9053646831842883 94 255 111
-1.6888956167176992 3.6980040140026502 52.9261603479839025 157 255 129
-1.5464377988280598 3.7122473162576637 52.9450991306231202 1 0 0
-2.1115135155344023 4.0778809246823080 52.7836783587982339 185 244 152
-1.9913185108618505 4.1848105458751812 52.7861124295631967 0 32 1
-1.9474241912433501 4.7459214182808198 52.6885220710815858 48 163 94
-2.5311206746698511 7.8432925273914122 51.9965137744867008 1 0 0
-2.6804721734751609 7.8576899448109199 51.9053196070960610 95 255 82
-2.5656046313386489 7.9711066342858832 51.9485288206225135 0 36 0
-3.1878250195150133 9.1847977671986367 51.5664152083702305 1 47 0
-3.1604484220559530 10.8432065646354054 51.1990677344327239 1 25 1
-3.4592960862012299 12.2723234770552132 50.9164823340426551 0 37 0
-3.6097708708221239 12.4007578348039420 50.7849009332788057 0 135 24
-3.6035656134123610 12.6006786910465074 50.7241701366218862 138 255 114
-4.4908022488198878 15.5928123186830643 50.4076934375679215 46 204 65
-1.9945101939050505 -4.1109122314273607 57.5731447174128732 0 0 0
-0.9625209720792366 -3.4622146733976495 56.6058928230877996 254 254 255
-7.0461076694676841 -1.2885370384350012 56.7596279676469777 155 250 120
0.1104809792537496 0.5206215836756847 54.1587302745225472 0 0 0
-0.1511685883404198 0.8637698204142569 53.9557179561710072 35 210 17
-2.1030353900006395 1.7130016416845579 53.1988572569493314 12 10 11
-1.9340699861992252 1.7913038223524280 53.2107805897485804 230 255 255
-2.0756552031006166 1.8786397458158575 53.1348238396932970 151 254 149
-2.5445312569581375 2.7130469256438361 53.0013572615472341 0 29 14
-3.6433686262642571 3.2061295796784206 52.9488744480721607 250 255 255
-3.1371848661014066 3.3127569338770542 52.8692135515529884 186 255 188
-1.4107783759567623 3.6172039420381310 53.1222781459063285 0 0 0
-1.5498405892352467 3.6074224890704558 53.0265107911187528 0 0 0
-1.3339225726830390 3.6942026033295665 53.1160923492930976 128 255 103
-1.4517499487591168 3.6718906213814995 53.0265757116219731 143 254 149
-1.6941729563987140 3.6364104675533122 52.9668384894440720 119 254 134
-1.3982514398965593 3.7339100773800160 53.0602789017337599 0 0 0
-1.5741502493546435 3.7171448446276667 52.9498118464938727 1 1 3
-2.1703310811986185 3.8403718338141921 52.7829809788303024 251 255 255
-2.0008922823787394 3.9080813509616128 52.7642435262520593 229 255 242
-2.1018724431794320 3.9359899904069540 52.7357563764969370 0 1 0
-2.0015375203573695 3.9950459897451758 52.7752206849987573 174 255 152
-2.1531475290656088 4.0200304058386926 52.7346743227903190 214 255 239
-2.0458874301434387 4.1220238358118229 52.8244716490762016 0 5 3
-1.9265998701522253 4.3695143182846232 52.8170072875629586 0 41 1
-1.9593392345073299 4.5690941445908564 52.7621692124920401 2 0 3
-2.0309993491603806 4.6367669780928402 52.7307058752862190 100 255 58
-1.9731107493318567 4.6975936963153826 52.7624650266512560 0 2 0
-3.1080143928382329 7.6297629579191613 51.8885316704514992 0 0 2
-2.6130494253487435 7.8789242006075568 51.9992895605796122 119 255 121
-2.2998918844699148 8.3629240841863020 52.5069434782965132 0 0 0
-3.1845952883895996 9.2746814189862850 51.5822759124322872 0 57 1
-3.2842694697600261 10.1776834772588192 51.2544582860455122 198 255 222
-3.2611410179673008 10.6635294979731388 51.2288102801704994 173 247 134
-4.4244613851993444 10.9202188926257371 51.1243224573286881 206 251 186
-5.2887083686689866 11.7821303282970007 50.9686382401369542 213 250 196
-3.0597357979614914 12.2173128230026080 51.2372210512933819 0 0 0
-5.3078281034052424 12.1362724421855450 50.8812963422377393 255 255 253
-3.4782893117922202 12.3361500430458229 50.9009847514251703 1 75 0
-3.6777703126270604 12.6143674013073763 50.7259669360596845 123 255 128
-3.4410534762742766 12.6750837463956270 50.7903124213704800 2 91 1
-4.3298831178067898 14.1994135229726073 50.4554665063887953 144 255 184
-4.2646480830466595 14.2692055645271161 50.5361556485644599 1 0 0
-10.3779866541293355 15.0209199087588559 51.2090340031794895 193 254 194
-4.2683027623191112 15.3707741419790445 50.4079496619119141 30 241 40
-5.5094634017028605 15.5964582233437277 50.4410832618357929 0 5 1
-5.0543122665715359 15.7864899841934267 50.5216903069591936 133 249 88
-4.6657997100717328 15.9594672040528511 50.4363603562785059 129 255 143
-5.0164454888101808 16.4197957754881543 50.1646370809934865 0 27 8
3.4715147059615798 -3.7941190085127161 56.3896492678521000 74 226 79
-3.0869324825198952 -4.7153641381031814 60.1571057277004968 1 1 0
-0.9306061839310188 -7.3413141647176872 62.6326779766290116 0 0 0
6.3759838719648458 -4.2670483179052594 58.3638842822572315 0 1 0
6.1157376500656468 -4.1166238551948782 57.6129142015034219 0 126 0
6.3989079506752296 -3.9434383971747704 57.3878922501776927 0 0 0
7.2320154319709955 -3.6319262829373113 59.1887366076304886 82 243 9
7.2244810149336649 -3.5164713474170504 59.2803128751011741 0 0 0
3.4244318124330482 -3.8645118604020685 56.4046271633756930 198 208 156
5.0852528952127916 -3.4576235026217175 57.7688815851675059 0 0 0
3.8770490170025664 -3.5799356825292010 56.4937278398284590 1 1 0
-1.0173370935754857 -4.6737306008752233 57.5085796768218316 255 255 255
-0.9686424344146695 -3.4754570340847510 56.6367926604693892 255 255 255
-2.3928160470764235 -0.7304174553582568 55.0262829459662015 218 248 196
0.5016359068504050 0.5116769450496642 54.2569259113853164 165 255 132
0.3223868998078735 0.5008366914890424 54.2383229560307996 161 255 161
0.2284503483921239 0.6409918917228344 54.1221762451218424 193 236 154
0.3161927001723823 0.7257378228499499 54.1423085571264693 1 0 2
-0.0288683622824178 0.6844011924721500 54.0205495849388271 165 254 160
0.1697295540225646 0.8316926501440649 54.1209389740508158 138 246 85
0.2838779670455509 0.8941247597858512 54.1510504966779180 0 0 4
0.1661460729149678 0.8938508915992845 54.0589406126176826 128 236 62
0.0552653021010056 1.0109476454880146 53.9747499149707508 0 0 2
-0.1100384652618405 1.0469926074278166 53.9161317151593380 105 255 85
-0.2831243288533826 1.0981690657808136 53.7828634042358829 213 232 186
-1.9341309341313726 1.7916484808333966 53.2134533651414827 230 255 255
-1.3492513236294625 3.5753226965632869 53.2507125081374113 0 2 0
-1.4006045179740665 3.6072088583901718 53.1071381135787703 0 0 2
-1.5387907433839938 3.5945036589923842 53.0050073987368506 0 1 0
-1.4789885654421386 3.6991954624749317 53.0135667165200388 125 255 85
-1.3998594627697412 3.7495316363774576 53.0700315447790132 0 0 0
-1.5906142606138887 3.7338348046468162 52.9601555853887476 1 0 0
-1.7812890810406961 3.8147396234221720 52.9283946516520274 1 1 1
-1.8782370777380135 3.8251728113793497 52.8475452820847522 179 249 151
-2.1806723871893312 3.8388072051700104 52.7664847175073106 255 255 251
-2.0042471154588695 3.9251021425378294 52.7837126517597355 249 255 253
-2.1158553313112232 3.9366043553320775 52.7619843851681125 0 1 0
-2.1525114704042552 4.0342276740385703 52.7331729622819125 236 254 240
-2.0418880385312472 4.1237045573277591 52.8361180476949954 0 0 0
-2.1002327695257161 4.2844821502125008 52.6723151391033682 0 0 2
-2.0709806989970074 4.3697510884226105 52.7067699604074207 199 255 230
-1.9742370364684267 4.4651913412528756 52.7780926963671106 136 234 73
-1.9585829208594698 4.5765727384694870 52.7691834458099152 1 1 1
-1.7745948407397980 5.2577537246072614 52.7579021930721552 255 255 255
-1.8693847178398275 5.3179006414327548 52.6953682591243719 0 0 0
-5.2813321775541215 5.4015947927857226 52.7050191571727638 84 99 92
-3.1872629839938256 7.7125646107023362 51.8644136323985236 185 242 145
-2.6646326657603465 7.8187563911634239 51.9412269129561537 3 0 0
-2.2177692949265038 7.9835182864264658 52.3116243210411938 131 237 67
-2.2967101503668408 8.0179508276945270 52.2207694933016171 0 1 0
-2.4765743553011523 7.9977911724450834 52.1155309495484218 0 30 0
-3.3777479596760958 9.6186934907208563 51.4710254977117145 255 255 255
-3.4189625502459942 9.7269250805243885 51.4495810862949554 254 254 255
-3.0299658637429361 10.0092454787559806 51.4458795882318043 3 28 9
-3.4075177435411055 9.9997634293734592 51.3162296174238506 1 0 0
-3.1261613211287789 10.2058771098148391 51.3817065653916814 0 1 0
-3.1716786149597311 10.3086520853363002 51.3571178198844080 0 0 2
-3.2221531946472419 10.4808739531538215 51.3162644642331074 0 7 0
-3.3428391713652799 10.5107326268684069 51.2840484197106576 55 221 15
-4.4782657202799134 10.9616025737989684 51.1039864080297974 237 236 216
-9.5471203253576054 11.4092650495092638 52.1609729020224435 255 255 253
-5.0831254299666462 11.6771242906239188 51.0140695603406726 124 250 177
-5.0886443377708499 11.8753286926735093 50.9560451239605925 224 225 191
-5.3346902616921961 11.8912826196752910 50.9187859779314635 45 53 55
-5.2015145862581731 12.1550811364252400 50.8974213459830338 14 12 15
-3.4966867909885186 12.4039488542220493 50.7908593382829778 59 248 0
-3.5755597906624361 12.6100255684566758 50.8112544701393887 125 245 70
-3.5462287749547419 12.6890906802871353 50.7250905889632477 1 0 0
-3.9634003205216661 12.8279745871139745 50.7686824614041328 1 41 33
-5.4572449606178388 13.4174329414385962 50.5529550679727606 54 59 62
-5.0330984666393723 13.4542151832931065 50.3913867699641216 2 0 3
-4.2494890407912909 14.2596909577707365 50.5317497839749166 0 0 0
-5.4910329217529279 15.4737792441756916 50.4248623280523276 110 246 52
-6.1945744908842979 15.4893830004675124 50.2962345188865712 118 255 115
-5.2452747178136221 15.6923132380386221 50.5490365545328331 0 175 0
-6.8342768418845772 17.6754025131146655 50.2389478113386332 142 255 113
0.0332955024855006 -4.7166555425927754 57.9086303971216765 0 1 0
-0.7170681937877325 -7.1486553664522905 62.7934883151612482 184 206 133
-0.0846208417597974 -6.8971227094923560 62.6630697466313364 0 0 0
0.7235971316257586 -6.6475858124131459 62.6890131464964497 0 0 0
0.2812649539810533 -6.6970728343103882 62.4952973076164682 219 217 178
7.2018668470519600 -3.6873853694741854 59.2488788295103532 22 196 0
3.5589805987169125 -3.2083880916804524 56.9142296251075379 1 0 0
1.3463418985767182 -3.4432152484498704 55.8440173940678406 80 82 81
-2.0141891490712860 -4.1005260198820492 57.4682690020496878 0 0 0
-2.3435732171524761 -0.7625712297839081 54.9781604191569286 225 241 204
0.3879119751519084 0.5590408374945004 54.1935288812176381 212 223 180
0.2940671704117127 0.7320694103437805 54.1408163363673225 3 31 35
0.1673937967144030 0.8618751997237194 54.0635453407632625 208 222 173
-2.0149005343770989 1.6035162285532651 53.3159608974959198 1 1 1
-2.1789734060087294 1.9769617131743495 53.0917473798984858 222 240 200
-1.7660034599808645 3.8366618524287888 52.9405412208179129 0 1 0
-1.8712389133925729 3.8765039079109931 52.8464278203554727 128 255 112
-1.9949098290351377 3.9433826237099514 52.8105388326283176 220 242 195
-7.8366197418057961 3.8537190616911121 53.8457797627108192 255 255 255
-8.2796341282803834 3.9877064802097983 54.0592045507496977 1 0 0
-1.9508104227567724 4.5917622081075482 52.7777971482293324 0 1 0
-2.0951692777841808 4.7241098622463511 52.6691906992258367 133 248 82
-1.3780398456129230 4.9023164320595631 52.8887353207849600 255 255 255
-1.8957858609817224 4.8553737065021032 52.6491788026536298 0 0 0
-1.7998702695565538 4.9573580670313975 52.7220951112101517 255 255 255
-1.9439142000056819 4.9753872407008055 52.5827244692934315 255 255 255
-1.7796396681792175 5.0135759678587304 52.7222381059288736 255 255 255
-1.9610905684043540 5.0354052289292799 52.6285181729457747 255 255 255
-2.2698406488020133 5.0879168119274309 52.5474991442489028 255 255 255
-1.6951074202371230 5.3088916022511112 52.7588140430916681 0 0 0
-2.3432092551255912 5.3854073960425062 53.0907068264788649 255 255 255
-2.5980580774941076 6.9561682806594591 52.2133114970052219 255 255 255
-3.0222987816876890 7.7250524967557119 51.8691311686466534 1 0 0
-2.1610398371070918 8.0752120568905799 52.4477691037662126 0 0 0
-3.3506333740999579 7.8179473387962002 51.7712101187437810 0 0 0
-3.5161744466048335 7.9848574437317374 51.7535507290092980 0 0 0
-9.4271379345495614 8.1601543235458998 52.9204508571336305 142 187 60
-8.4478305640190872 8.7278898144209851 52.3690626197616069 255 254 255
-8.6155004220987443 8.8103267287957401 52.3727821360289951 0 0 0
-8.8533790675011463 9.0693730750195733 52.6237571826429757 0 0 0
-3.4198128258062095 9.6205835734116842 51.4974926900543153 255 255 255
-4.6198373361037097 11.1375976363750340 51.0716590824797763 225 254 234
-4.6035086209178102 11.2619822695274259 51.0233724301277363 192 252 166
-4.2806392539576352 11.5749540325370379 50.8751437727647300 226 227 196
-5.2541646934289146 11.7699569665280617 50.9909811492345000 241 239 224
-5.2920776309266415 12.0707125356667753 50.9048597275417904 255 254 255
-3.5830713393865290 12.2742363855894183 50.8214042997934570 157 222 94
-3.4507062786300176 12.4363771468119211 50.9644978898298078 22 224 0
-9.8231930112417025 12.6447016770498717 51.7379527916662099 254 255 255
-9.8193189250702346 12.8694088729315457 51.7679943888298268 255 255 255
-3.9446862258409965 12.8370460944487412 50.7555775955613342 0 0 2
-5.4386277838976351 13.2369150407291443 50.5201692302928933 102 249 205
-4.9380670790977002 13.3663401704901226 50.5475909804077546 47 47 47
-5.1482484297049984 13.4852356476396835 50.4801547673055566 33 37 40
-4.4049355878786809 14.3184311570044436 50.4158957730982635 0 0 0
-6.6624079871629052 15.4715214026306604 50.2636692751280592 194 255 211
-9.0597077374439934 16.0536437348646253 50.5001374255398972 1 1 3
0.2012355661376728 -6.6318065197434830 62.6269297431060039 227 230 199
1.4012783376837585 -6.3488060324787101 62.7427873953611908 0 0 0
5.9407957061662788 -4.2491717215337710 58.0191821044066387 0 0 0
-0.7026150592170308 -3.9821546842091848 57.3419174307864949 255 255 255
2.7177163059580329 -1.5964934052156807 53.7324999645518773 0 0 0
1.8067438016561403 -1.3635275416302794 55.3879577407976171 0 41 1
-2.3644950611722795 -0.7835474799762815 54.9853807999921287 117 254 124
-6.2751285117821149 3.8045969799538191 53.3592180664711435 0 0 0
-2.0726594866980954 4.6895640202091942 52.6813303092924343 162 242 117
-1.9795867188117531 4.8426231506912272 52.8444294805040542 0 0 0
-1.5969327197541048 4.9195020775627949 52.4557764606624346 255 255 255
-1.9821120619869730 4.9844636463264331 52.5735120771986431 255 255 255
-1.7987488182347193 5.1602309228095979 52.6891451574390572 255 255 255
-1.9635007288166078 5.2931560959216819 52.4833900681583714 255 255 255
-1.7645005772316695 5.3766615812323622 52.7158477984606293 0 0 0
-1.9843299413371391 5.3580543007464172 52.4537637352755652 0 0 0
-4.9578404551579442 5.1923411419231904 52.6633809640890505 44 48 51
-1.5613949374509779 6.1012609546861549 52.8610547966506203 1 0 0
-1.7232074831387589 6.3023552805670153 52.8289226152196676 0 0 0
-2.4166978984017016 6.8001107190075825 52.3600264791904024 255 255 253
-3.2099993055552232 7.4269917847609301 51.9434040410035678 1 1 1
-3.3455919081431111 7.5355574232383509 51.8711394355065423 0 0 0
-3.4881781698954235 7.6986640818123799 51.8272060733478881 0 0 0
-3.1675957854971424 7.7902878628756733 51.8032849287421513 56 222 0
-2.1333552042537285 8.0614796496105345 52.4400538387056159 0 0 0
-3.4277380005508062 7.7818263918496076 51.7746758300425256 0 0 0
-3.4108513976271775 8.1701408286547323 51.7312064644066467 115 238 44
-3.6671594363149942 8.2330500384887735 51.7395650853440685 2 0 1
-3.6439793172274579 8.3192307697758441 51.7113427390689253 0 0 0
-9.0293490611515459 8.7037343603400998 52.6979910902074522 149 181 72
-3.5136904241284888 8.8990424996239330 51.5908489198806706 0 0 0
-3.4129984375448146 9.6128098273062186 51.4669342604081734 255 255 255
-3.2926314420569947 9.7727363479740355 51.5332582316212040 0 0 0
-3.1783603209405320 9.9467750263341710 51.3906529613734904 77 240 9
-7.3595629475695494 10.1808682552664642 51.8453188161785548 255 255 255
-7.0956581724991237 10.3822514816329896 51.5981790691466102 0 0 0
-4.7937068704568775 11.1014840333431692 51.0040959071075335 0 0 0
-4.5725521333997996 11.1578347637041464 51.0442623400227902 243 250 234
-9.5662625674104973 11.8057789244507472 52.0487144774679464 0 0 0
-4.3836474336917801 11.7974316068533120 50.8674533423009976 231 231 203
-10.1732067551262571 12.0351590178940029 52.1001571423240648 255 255 255
-5.0644447282885690 12.0283436970258801 50.9421072754676274 38 47 52
-3.6760130010535903 12.4511329037148730 50.6972664478495290 0 0 0
-8.9880114156271755 16.0261089895741442 50.4486832298821284 2 1 0
-8.3828711325478888 8.1183891013745093 52.4280724997226741 0 0 0
6.2752379715514470 -3.5306958555373891 58.2891411011874325 0 0 0
-2.0602814665089348 1.8163120471838043 53.2803036657561861 209 243 182
-1.9609452704830401 2.0872217310500538 53.0851221971664486 122 122 122
-5.6382035647238355 3.9121822341125987 53.2418209963147149 0 0 0
-1.8787447647524378 4.7679093528801770 52.8286753168413412 0 0 0
-1.6984110077660510 4.9634644335759868 52.9516935225375391 254 254 254
-1.5653202903496506 5.0824632617711769 52.8708070239560612 255 255 255
-1.9710562360669979 5.1303750658368710 52.5627601603212185 255 255 255
-1.8720872808508162 5.3841388409048250 52.7442872353052294 0 0 0
-1.3960292758226651 5.4795253662165155 52.9902590233608564 255 255 255
-1.7382046721809279 6.3821287748656443 52.8161963160202745 0 0 0
-2.2176479244427898 6.5265213385231178 52.5599058451916719 255 255 255
-2.0046351868337919 6.7462121516145839 52.4620175530356931 0 0 0
-3.4896149068456710 7.7287896733489578 51.8070213183283599 0 0 2
-3.2106767010414128 7.8216659492517282 51.8789685662359332 173 217 119
-9.8584651361743134 8.3493740553957316 53.2733465177938186 0 0 0
-3.5565665839155316 8.4640008012966472 51.7786996855103041 73 73 75
-9.1188928157849158 8.5905741756982437 52.7278142136232617 149 187 74
-8.5310403714009730 9.3203175285659814 52.1651176408645867 255 255 255
-3.5112447546324033 9.6269615157039272 51.5084674918660710 255 255 255
-3.2258531437039433 9.7007966924364997 51.5717589165452139 0 0 0
-8.2341434384961101 10.7300222708200721 51.7420354748879703 0 0 0
-6.0362544950418631 11.7498846517140532 51.4056761797864752 126 131 135
-3.4478603176498024 12.5258890503165397 50.7482710743220622 36 233 6
-3.3350662914454943 12.9456722572915695 50.8473206808808769 0 0 0
-4.3219384160160201 16.2632626626886214 49.7349174564264302 248 251 244
-1.8035732024100801 4.7098964210613135 52.8835984758949209 0 0 0
-1.7333712038473965 4.9921972012288229 53.1176418390193703 255 254 255
-1.4205092085624500 5.0939528447702322 53.0822551987479230 255 255 255
-6.3552887686476707 5.8430429226649778 52.7681826148646351 0 0 0
-3.2164278442375505 7.5309957544233219 51.9058801440864670 0 0 0
-3.6966700905088672 8.0656809149834032 51.6725499452546302 255 255 255
-7.7585048551580424 8.5750128319550996 52.2839283837040512 255 255 255
-8.4836044868777361 9.3156437571432900 52.2619767708165952 255 255 255
-3.1622528442703119 9.6271528944557510 51.5661434176524125 0 0 0
-3.5787477088063726 10.2363196153383491 51.2089546637514132 0 0 0
-4.7754321786009397 10.7868216044190586 51.2038527488251773 255 255 255
-3.2125682788319190 12.3715522223195240 51.0121566020236230 0 0 0
-4.3217039532953443 10.9027897528635620 51.3543935003978049 13 13 13
-3.1394064871341816 12.8375444596689068 51.0811552451809021 217 229 189
-6.0935263760893799 13.1579532880133065 50.7018927660609791 239 238 218
1.6149318115762727 -1.9038752002968429 54.8733642529078907 197 244 163
-1.9824007749782391 4.1959218837350365 52.7597524464114827 2 0 3
-12.7491323674715513 -1.3157816557520863 46.5912245181719697 51 209 24
-11.1259610222138701 4.1047121014639050 58.5354657714387159 0 0 0
-11.2302078720016514 4.1688651621152948 58.5726531182394368 254 254 254
-20.1228925307568822 -5.8215264307390706 41.8961854186267146 61 253 54
-12.7062704010577718 -1.3533037412001494 46.5803644934329171 0 0 0
-12.9016131349714165 -1.2418892990481167 45.8699639551923042 1 1 3
-12.9503184388342909 -0.9243068770891025 45.9690906315357282 1 0 0
-13.0167703037398752 -0.8068927513194819 45.8048320996846812 1 0 0
-12.2030318965644380 8.1497338043152112 57.5419159304959180 0 1 0
-14.2204199455829201 6.8536540299499427 44.8249142171268815 0 0 0
-12.6658554070540514 10.9386111710021314 56.5547479476156880 47 223 28
-20.1494243423402253 -5.7426376213549890 41.8925293861038242 2 36 1
-12.8932193502990824 -1.0932364025940642 45.7978366856044872 2 1 0
-12.9195744919177837 -0.9475627815865606 45.7896085746560217 1 1 1
-22.4895279501667780 -4.1937287708294910 40.8891102178783186 1 1 1
-13.0223783446884891 -0.8145302861735380 45.8091720510894476 0 0 0
-22.5270636768340573 -3.5209729223663140 40.8309702632031062 115 255 94
-11.0511708421313894 2.2865839676716746 59.0403410574059890 0 0 0
-10.6317531658281883 2.5838596062948747 55.8086797647703605 1 0 4
-10.5823738974738841 2.5653872084447347 55.2123310043522508 1 0 0
-10.6029777486691472 2.6146234061283540 55.5832954909893999 0 0 0
-10.5563650084392187 2.8084211448886558 55.1360205794767353 0 0 0
-9.9706740057224259 3.7195282838497086 56.3923284847376607 2 0 1
-11.6892862984862305 5.7873002236636175 58.2632935702307222 0 1 0
-11.1869507012891187 6.9219215301238135 56.5796073012873109 0 0 0
-12.2108438913415398 8.7220580334243145 58.9676193882591306 68 246 4
-11.5996082203899924 8.7556812989037098 57.9924932206688197 142 198 61
-11.6507952937822647 8.7281175840940062 57.4879878823287882 1 1 1
-12.7772313480038733 13.6744022540919055 54.0176210250948259 0 16 0
-13.1034376886479791 14.6146683756763416 55.0575633313738066 1 25 1
-10.3039365094569106 -4.1731499347600876 63.6170322903991732 0 1 0
-10.4548965384908268 0.4393299364964034 61.0989191062699533 144 219 74
-22.2741767118848699 -3.8192563302336633 40.7616860695130683 2 55 1
-10.6343132250683041 2.5611831734407970 55.7378704550733630 1 0 0
-10.7427391453695371 3.1981600996335109 60.6835048086609490 118 234 49
-10.6041371631087440 2.7645689464558583 55.7882984959984185 110 224 25
-10.0306608793176615 3.4516992536966442 56.7077100052716148 0 0 0
-13.6482222267395770 1.1159841753030317 44.5064998776711391 255 255 255
-10.8599493461624714 4.2780343606745301 58.7164270113689639 0 2 0
-10.3796263323623918 4.7582212280614051 56.4431586368372393 0 0 0
-10.9170800413562148 5.1330121656647085 59.3449779624642630 255 255 255
-10.9589284180346169 5.2437058060863819 59.3646411584724376 255 255 255
-11.5659699948371504 5.4856566319437734 58.2680466643945181 68 203 5
-11.8815872193722782 7.3841895629258820 57.1210539332902556 0 0 0
-11.4218018669933272 7.5737789502625077 56.7289618872960872 0 0 0
-11.4088494899975235 7.9484206150294012 57.8305973193231537 156 194 81
-9.4209707858200318 7.9564465310447803 54.0458513756075263 255 255 255
-12.0249777825933961 7.8592641333110489 57.1468685637000533 0 0 0
-12.0500556835499406 8.0273853816025831 57.0793547436827495 117 254 104
-11.6232401063917852 8.6545314951383130 58.1348660534263004 0 0 0
-11.5455925484105517 8.5400272044467069 57.0876473277904424 1 1 1
-11.6617017966053478 8.7512630133102824 57.5178173226200826 1 0 2
-11.6348217413242434 8.5305037832127635 56.2346531467201345 145 255 128
-11.6361477114004863 8.5924088843247102 55.9702312278920644 0 0 0
-11.9784121256797800 9.5619408604835563 58.0948782098341709 0 0 0
-11.9329487265584806 9.8964808531744239 54.5409821741038954 254 254 254
-11.9591710774024786 10.3209090101118566 55.9690831979551646 0 0 0
-12.1364100701656081 9.7077757808834306 53.7130689114886692 255 255 255
-11.5551474212633938 10.5462978852177081 54.8711714583468222 0 0 0
-12.3714486850492218 11.9237147558540215 54.7059397752200809 1 0 0
-21.7844106664991735 -4.4919638857433144 41.0973948917157941 187 250 159
-22.1992807084334025 -4.5235989719057317 41.0838549787055243 3 0 0
-22.1048944635518758 -4.0042433704382150 40.8704626961758350 0 58 0
-22.2465754027268758 -3.9276271267429208 40.7662444089826934 120 253 99
-10.5736083277158475 2.5590897565233206 55.8208045761865179 0 0 0
-10.6590069485349570 2.7317599865158662 55.7048611851500937 120 215 37
-9.9959320276082853 3.1301245041821901 56.8015268623144252 35 204 0
-10.4930084198266815 4.3916558701719799 60.1510300474609636 0 0 0
-10.7449002221853114 4.2604930071839755 58.8792160337253847 0 0 0
-10.8418332330357448 4.4312738429860348 59.5566298378543308 255 255 255
-10.8314371695334035 4.4575558063350798 57.2692802904125031 253 253 251
-11.0011446110770006 4.7661040121227654 58.0094297487099055 15 18 7
-11.4003068579362363 4.7524816623934250 58.4664436709687507 1 1 1
-11.0459505412274339 5.1429192142066071 59.6737910735270987 0 0 0
-11.0411463029337646 5.3578677431224913 59.2757345441717689 0 0 0
-11.3427765766043382 5.1925070303073664 58.3725087669328957 0 0 0
-10.9295645780632729 5.5877792896402765 58.9115614916152595 255 255 255
-11.0979408993278188 5.7323073618151454 58.8002058955728870 0 0 0
-11.4348906474899881 7.7123845923818575 57.7349698466573642 0 0 0
-11.9315350331777115 7.5507307555559819 57.0859108146172076 38 196 0
-11.6488494594812764 8.6422224425412697 56.0495466120609649 1 0 0
-11.7249074816089713 9.2931157914285620 55.9165323410993480 255 255 255
-11.5316360237284457 9.4862817831912842 56.2020327707663583 255 255 255
-12.3555548469720442 9.9584163913160708 58.3675644634218145 0 0 0
-11.7981066956327876 10.0493913427064498 55.3938961469103148 0 0 0
-12.1731974115435548 11.1583924901226581 57.6746767016905650 0 0 0
-22.2367522256044623 -4.5589477196691615 40.9165568507146702 0 0 0
-22.2526093598917036 -3.9248174804747862 40.8184360803905619 190 253 164
-22.6811415687247084 -3.3325858856584443 40.5359289530155351 0 0 0
-10.8788627917209730 4.3853918269837227 58.4900002504166139 255 255 255
-10.7428295153055373 4.5130304243859864 58.1108788655535591 255 255 255
-10.9632772761887960 5.1084163638163540 58.9321972358393893 255 255 255
-10.9825109239706080 4.9188929314108316 56.4340487271719553 1 1 1
-11.0347531152615161 5.1152542668347163 55.4060050317197152 0 0 0
-11.0046423101226907 5.8079623713267869 58.7329089975203260 255 255 255
-11.7158555977650209 9.8093167192877733 55.3934578124751766 255 255 255
-12.2828012973378602 11.0993138800724935 56.8003213887261893 138 192 54
-13.4134656898688505 16.3259877231062980 55.4131612286430837 2 2 2
-11.0344986029052698 4.8525271577027640 57.5184272187280854 0 5 0
-11.7140563370733162 8.8238659510009594 56.4083060323852834 0 0 0
-12.0856065904098244 10.4679693280823596 56.3006650226652710 0 0 0
-12.3856295658265338 8.3613191171899022 60.2365754183904940 250 251 245
-22.2407400396445283 -3.9968078048519988 40.8506575081532262 230 244 211
-10.4017125086822340 -3.0758964947118805 63.9052563155613882 13 157 0
-11.8148290958252176 9.5417278181948593 55.6826913467267417 0 0 0
-9.9437989231281705 3.6967965029858818 56.3525981425040001 0 0 0
-10.3306797719363619 4.8701761407766817 56.2569530760289922 0 0 0
-10.1389654302119414 4.9734172501267278 55.0283124063500395 0 0 0
-10.4662421773041761 4.6266994738241767 56.6796942474519483 0 0 0
-11.8744833506614302 6.9855524084361376 57.3633993003272806 74 230 9
-12.6590939478150801 11.2383468083311566 56.5494210499399728 0 0 0
-12.3995311885676891 9.5733130162696085 60.2526575031537561 226 225 194
-11.1320607381267731 7.0591638701868931 56.1738427280345221 254 254 254
-6.6316552414538732 8.1292286127668536 52.0272527368300075 255 255 255
-12.9794166026643190 7.8199555683383704 55.7079014054322883 24 191 25
-4.9323751484965577 11.6256624778634077 50.9174250957355596 15 95 82
-10.0740798152110624 10.7408898947453935 52.8422908968073131 255 255 255
-10.7593763074575559 11.4347389326721878 53.8523040629980017 255 255 255
-8.6247626397653949 12.8891893239558186 52.6937394222092337 0 0 0
-9.4125171313801417 12.5802622206283665 52.2549153995031901 255 254 255
-11.1018226287465893 15.1659005058983745 52.5391687562282925 0 155 0
-8.2710992027275285 16.3939346047850592 51.5631828366461207 1 120 52
-9.3043197792581793 17.0080915634734637 52.1853047075039811 0 0 0
-5.9598193708873524 -4.4802806896644682 50.5405858495812694 255 254 255
-7.4466568572381018 -3.6629672906154229 53.6162598477732146 0 0 0
-6.1810017752509809 -0.9959533420655314 53.1624645169910011 57 209 62
-5.5284369293755526 -0.3869501644047634 51.3395615636534686 109 249 56
-6.2117390954282277 0.6673071611736539 52.7787201604330036 116 249 62
-7.1600885599357866 1.9981722240709339 54.3036428828323210 210 254 253
-10.5579932713999138 2.8293846642792775 56.8774211191959651 76 73 68
-8.9375481866317550 5.0161105971116804 54.7680923650888971 0 0 0
-11.0241437171573882 6.3348370049316554 56.2159375939100201 254 254 252
-13.0026004258662731 6.2492463834253602 55.6569572706509277 219 227 188
-12.8870127211817191 7.3396192373346878 55.7509385702749469 153 251 112
-12.6662028652822318 8.0627360599820488 55.7601894256780994 121 200 119
-11.8837300328077884 8.3499384084994368 55.8919257860217797 194 219 151
-11.4989628460220725 11.0343635490727223 54.5215932649329886 0 192 83
-11.0781548070571834 11.3183487735674522 54.9345286480897315 0 0 2
-7.6323527364115558 12.0026938125280065 51.2886033297246371 255 255 255
-8.9577794838604774 12.7905630154103882 53.8958529709477645 255 255 255
-9.5334523047401927 12.4672445723983341 52.3852061788421040 254 254 254
-8.4096567520449810 12.5251154632701454 51.5855009241152089 255 255 255
-7.8355138195435048 12.8008151011283680 51.9064226248372549 255 255 255
-9.3115892937361675 12.4853038885946646 52.1913283719132224 255 255 255
-8.0793084391982681 12.5888139683479263 51.3505287604929563 0 0 0
-9.0805175828442124 12.5155448864631662 51.9976212711972892 255 255 255
-9.2108029603337123 12.5900717065747845 52.0477627468800890 254 254 254
-9.3310291897813009 13.6087077647236558 51.8598781230053660 255 255 255
-9.3266354774573230 13.6549548124732034 51.8089094912018524 0 0 0
-10.2850309924068366 15.3011610413357761 54.0054109233767292 82 255 60
-7.5578094171359362 14.7449653144639896 49.2139864663780102 0 142 0
-11.0639234011878429 14.9297902428749296 52.6857555729659524 1 0 2
-6.5612284107021202 -5.4157303281531224 51.4409592740396278 254 254 254
-6.1139074525650194 -4.8085904213512469 49.9205820452593514 255 255 255
-5.8558036806899585 -4.6739841632010801 49.9907314367321192 0 0 2
-5.4290819340487806 0.7571839808839549 49.4037238445138200 0 0 0
-7.6897520206239385 3.7220646694700030 54.6735026651818785 0 1 0
-13.0685537010920232 4.6617611735209632 55.7599415562434686 0 1 0
-4.6438327748175059 6.0062111609678155 54.0756921306840752 255 255 255
-6.9209906308154787 6.6962548433985587 52.8615241041661719 1 1 1
-8.9879821192957010 8.9058932015636536 53.3446285014236850 255 255 255
-6.0189174617269412 9.2007135668697124 51.6909112326792908 210 216 168
-6.8610744208894356 9.5860312338866951 51.8779660129562004 0 0 0
-10.4537692419317132 11.2176741059048837 53.1809624585336067 255 255 255
-9.7545335449315225 12.4516055585761709 52.5415993129336627 0 0 0
-8.0710751859253413 12.5972334483995407 51.3463293234240865 0 0 0
-4.8743541859297492 13.3955607585162486 50.5300925674063706 0 1 0
-4.9852198484594181 13.3765694254482188 50.5387131117098107 0 0 0
-9.3456892910272202 12.5650302130023466 52.1810789404116449 0 0 0
-9.5856703197233877 12.5853124485194083 52.3881876790963688 255 255 255
-9.1336687455697891 12.5790621177572710 51.9618854523327514 0 2 1
-4.9518945652815756 13.5036323244057161 50.5096747051401564 133 255 136
-8.6267373219023575 12.7620505708477570 51.5867222200018105 255 255 255
-12.0107208867626714 13.0514312656198967 54.0952585977649036 87 248 23
-8.7118397378025918 13.4612494660488018 51.3591223641383721 0 0 0
-9.4420366425557827 14.9534261242487947 53.2906077044886288 0 1 0
-10.2630589764371507 15.5420422338193429 54.0549181879355558 0 2 0
-8.2274136953459216 16.1934221287487929 51.3223286337028171 66 245 5
-10.9629835520860457 15.9087740952347563 52.1653484290145428 0 0 2
-8.7412966750647616 12.6458713223773955 51.7822151398187032 0 0 0
-6.6615051340104703 -5.1705620816462101 51.3342121816456967 0 0 0
-6.6727675218685816 -5.0115133057446997 51.3383535444723549 0 0 0
-5.9446513378189998 -4.3961967655298579 50.4829288143362191 0 0 0
-5.1956908852886778 0.4238425428232002 55.0508209294411088 0 0 0
-7.3091266672781359 0.4239052996695474 55.3273748570361690 1 0 0
-7.5483315957003621 0.7793149618019919 55.8160100138582109 0 0 0
-8.9980998964263463 0.8583909843305269 57.2478820882713535 1 1 0
-8.0379450452152934 1.2500060307543377 55.8615388001021245 0 0 0
-13.0708299415341003 3.1870172340807370 56.0410768323037445 31 33 20
4.2794250316738127 7.2419828920608635 58.1941230494372945 255 255 255
-13.7454548576405546 3.6365796060760043 55.3406702042458107 46 49 38
-10.3463844219061141 4.8153298246390488 56.5995475224823537 17 29 19
-6.3515165856141662 3.9261956291016795 47.8733348168318571 224 227 198
-14.0321901856259448 5.2586677264114110 54.7653624621359896 48 50 36
-10.9590793575677594 6.1550257737924845 55.9820994261589533 255 255 255
-6.7362467517999916 6.7033000900202335 52.9531997007555617 255 255 255
-6.2673287878525974 6.2145179948712697 48.5580677170180124 1 1 0
-6.3383185638676673 6.1447945355380806 48.1534944149776507 105 246 45
-6.1785145226096159 6.3951604996534863 48.7626477610935396 144 213 68
-6.2557685567379986 6.3337959282103773 48.5086234033125834 138 230 71
-6.3238199288033279 6.3353195237018722 48.3131271239852751 0 0 0
-6.3558088196166471 6.4300784808279330 48.5007600716212011 0 0 0
-12.9087640700347404 7.4968218188264464 55.7987776033121037 243 246 235
-9.2564539947899274 8.0178874128947246 53.8719316900838692 0 0 0
-12.1969544550345574 8.0984724450014252 55.8124000355518248 1 0 0
-9.2017574527210275 8.3323909517592085 53.7055250590287585 255 254 255
-5.6654340562129137 8.9983243117792675 51.4897720662519305 225 226 194
-7.7275208985918873 9.0025562751902228 52.4836567028327394 0 0 0
-6.9940972054911326 9.2789231093313678 51.9739174919939728 0 0 0
-7.0417860110727570 10.9690636801770705 51.7335831638631163 255 255 255
-7.4130776650749484 10.7274335215183658 51.1714894133911997 0 0 0
-9.4716154578631606 11.1634404687104389 52.8514386355373134 0 0 0
-11.9971692414637765 11.2021305329980390 54.9742227891071664 20 215 0
-5.4101176334185892 11.8074853789378711 50.9121240985317129 3 0 0
-9.8876429094752538 11.8003807052295464 54.2585088224947611 2 2 2
-8.1631185525328842 11.9968504591539595 51.5462967659932971 255 255 255
-8.2467658322434882 12.3171749955339589 51.5913906932613031 255 255 255
-9.2569193880863772 12.2234191435315882 52.2480404153493581 0 0 0
-8.0717085389508938 12.3160750705991919 51.4028747685492249 255 255 255
-10.4426619791736872 12.9247994720164971 54.4483359619067429 255 255 255
-8.1188443186270991 13.2888270420217012 52.9907750051172002 1 2 4
-4.9514230636094094 13.5205785065996995 50.4975324689699718 209 253 194
-10.7665099765703367 13.0264096454994149 53.1711396085209529 0 0 0
-10.9519776923322443 13.0367491220101517 53.2818872746221999 0 0 0
-9.7330393532064061 13.2550955818008234 52.2461752680451426 0 0 0
-9.7270283591319409 13.7342434767915336 52.0387100007729586 254 254 254
-7.9266053991438596 13.9752372573355288 50.8155056454547278 56 56 56
-12.0161037468608036 13.9579918315238487 53.7201025819895222 0 0 0
-10.3023585349187030 14.2095367486771345 52.2061606687768673 0 0 2
-12.5161687005098798 14.8655101110633030 53.9082045562086094 0 0 0
-12.0192549432832223 15.8007420168797825 53.0721504007932410 0 0 0
-9.2319931985897199 15.9405714609529827 50.8631087352997753 1 0 2
-9.2344869838619683 12.1734151457802344 52.2964652210706262 0 0 0
-7.1065925699769563 -4.6891362259237788 51.9945673114571605 0 0 0
-5.9109856345750948 -4.3929470126149690 50.4900750490586674 0 0 0
-5.9420926123578184 -4.0886606016404219 50.4530957619122802 0 1 0
-4.9910044573112815 0.3274895318068198 54.8173611487839452 0 0 0
-7.8847803512656967 2.5542282928139071 55.3621239385523509 0 170 3
0.3789660526836325 5.7350315398213114 54.9410790264933411 0 0 0
-6.0498621817981499 4.1567636279239393 51.8120868758081201 255 255 255
-13.3801998481000464 3.8619287725002041 55.6670892580465448 156 158 147
-5.8556443090889649 4.0463730506792182 48.9819221065626706 255 255 255
4.0758517922567732 8.2620430206889992 58.4370742056880346 0 0 0
-5.7618604201546280 4.9474399590585545 50.8925008341519245 255 255 255
-9.1566616254314859 5.1873727423284040 55.1613570731776477 0 0 0
-10.5884317925348057 5.5310046710809928 55.9262919909129295 255 255 255
-6.8187794439993255 6.0360859737738553 53.0113824752225611 255 255 255
-10.6037264025049058 6.1729240613502210 56.2259244982140132 255 255 255
-7.9065584611138711 6.7104945862112650 54.3069869071971709 0 0 0
-6.9157971317916660 6.6469952803066015 53.0262489702256303 0 0 0
-6.8395134624140521 6.6224384006063577 52.8081624706630706 255 255 255
-6.2000507395213180 7.1989295569684399 53.8475288436003012 0 0 0
-6.1868062215386663 6.3846118865613573 48.7323700712407870 141 214 63
-6.3502409167179241 6.3747703926280250 48.3139363844172252 0 0 0
-5.2113292282541153 7.5599396431677013 50.0826621461707049 0 0 0
-6.4892617872425298 7.9047221010570059 48.1120942520597978 0 0 0
-7.5109305785834914 9.1025966977350556 52.4425465507180846 0 0 0
-8.7769386413345813 9.0095401349782449 53.1141612289507776 0 0 0
-6.5880471371078064 8.3381387588632698 48.1924796956984949 0 30 20
-9.6362005995620645 9.1203907840775020 53.7396764500332438 0 0 0
-6.6910430277169617 8.5236561550440193 48.1925189359773540 98 98 98
-7.4307884637158885 9.9483402390893279 51.9749976284759114 0 0 0
-9.5328864216505167 10.5815539191234560 53.2604790630391136 255 255 255
-9.9349554726792775 10.6657534456586376 53.2894385982974725 255 255 255
-5.4340934499438314 11.8678335279865799 50.8982202009696039 19 22 27
-7.1279849646965241 10.6854822834481009 48.7186528949671143 1 1 1
-5.8927069821767688 11.8465584757273952 50.9345188943118927 255 255 255
-8.2956038168069242 11.8624230127666532 51.7051057687805553 0 0 0
-9.5223368911916104 11.9818784620371304 52.5773636011857448 255 255 255
-7.6855085099106546 12.4349541307421276 51.1978648117541653 30 30 30
-10.9307203494008895 12.7902980365051953 53.3824638534309770 0 0 0
-10.4071669966608837 12.8065258638923041 52.9565714864217298 255 255 255
-12.0956000395636458 12.9873730660898126 54.2128251679397835 0 1 0
-10.3728137512561300 13.0698187025862929 52.8627945337283336 254 254 254
-11.0036561944759903 13.2339965619312530 53.2386479773966599 67 227 29
-10.6740590261645263 13.3008608083962567 52.9261889794509770 0 0 0
-9.4062209784597144 13.3796116123856841 51.9190444139782130 0 0 0
-10.7642435285954488 15.0873477686229744 54.7654866718517823 0 0 0
-8.3560202004932762 14.5550281333301665 50.7264744034552635 255 255 255
-12.2986313060995816 15.7521572076525995 53.3752358347168325 0 150 0
-8.1271806950173424 12.1654484860624965 51.7435665272744885 254 254 254
-8.4750812178874675 12.0649149107505131 51.5999619101170737 255 255 255
-7.2172701726177744 -4.7062668624971220 52.0384931794865295 0 0 0
-5.9569857277312508 -4.3131587916861145 51.3380464829495864 255 255 255
-6.4372189758562195 2.2900310757269073 51.1979589620562194 0 0 0
-9.4778952107693328 5.2021167405304993 55.4720926666526779 0 0 0
-9.0285977608470027 5.3304580076865555 54.8018477124549435 255 255 255
-6.5363088254294457 6.0865586710401391 52.6474189108107922 255 255 255
-4.9851515177211887 6.3743370778150448 50.2861978330124586 255 255 255
-7.8918808065904988 6.7754013146889136 54.3733640777394811 0 0 0
-6.6985285407650332 8.2051227324829714 52.2138197336330308 0 0 0
-9.2315139727768347 8.0825705478623640 53.7223422155975854 0 0 0
-6.1594545019983427 8.1492972895593478 48.7805925226197488 255 255 255
-9.6740986264103377 9.2784031779444689 55.8749641762842018 0 0 0
-9.5110633628735268 8.9037347341976645 53.7115064654387169 147 207 73
-6.6118130662095069 9.5976370319640498 51.9986609320260769 255 255 255
-9.6776343937157208 9.7053361442729091 53.5206328478045634 0 0 0
-9.3365071528370791 9.8342871828640543 53.1321739523145595 0 0 0
-7.3552775607284726 10.2295540632026505 51.8011281955921135 255 255 255
-4.8955471942051201 10.8504994919468540 51.1093968493375428 255 255 255
-7.7561367777573462 10.9833470837389928 51.7196331579667330 255 255 255
-9.3243623568901768 10.9564303438358479 52.8461385669591976 255 255 255
-5.8232467739913050 11.6362695814217858 51.0629026404361994 1 0 0
-11.3140203954625154 11.4980111685394775 54.2432477303663063 0 0 0
-9.2497618208263201 11.5556978063332210 52.5169676969372574 255 255 255
-11.7610355551576333 11.5511450212965130 54.5484547525425256 0 0 0
-10.6970556140085140 11.5867691259489689 53.7237108017715670 255 255 255
-10.1010237910342511 11.6068489132302286 53.1888138156865367 255 255 255
-8.3561558791402835 11.8538639820510401 51.7535246162923741 0 0 0
-10.6723601235135899 13.2995921386317324 52.9815014313778150 1 1 1
-11.8888901453189977 14.2819201285083928 53.6971956745969976 0 0 0
-10.3843803470557638 14.3492561494660364 52.3178757140555319 0 0 0
-8.7920299659378252 5.2201202676994285 54.6950696615137204 0 0 0
-5.0487638557546655 5.2702027157308127 52.6568784751050529 0 0 0
-9.0135874793125303 4.8556890586329686 54.9879472377323282 255 255 255
-10.1952985928104756 5.0002975810287973 55.9188075892152838 255 255 255
-6.1242934460668970 4.7978644592694648 49.3970112253373657 7 8 10
-8.6865856726198043 5.8224006658319905 54.4366382507042772 255 255 255
-8.3657548029065314 6.1006632812114772 53.9356105996548152 0 0 0
-8.3114784831049615 6.3196154982401600 53.9469732355912797 0 0 0
-8.3700057519124833 6.4043495005965427 53.8451413628842772 0 0 0
-6.1308238849396464 5.8920504393468081 49.1865245991315732 255 255 255
-11.5582001628194000 6.4314613173371269 56.0787157766889308 255 255 255
-6.3225173848103244 5.9883898688330319 48.5221811158583236 0 0 0
-6.3505286495579698 7.2821719541850198 48.5762540075840192 0 0 0
-10.1146906981242370 7.9959169972067210 54.5791695682996547 157 197 85
-10.0990940532192575 9.0118786023650905 53.6766503918258309 1 0 0
-9.3440242257210873 9.2219982116201660 53.4085480261678711 0 0 0
-6.5673628482081838 8.6038451438159882 48.2338452572428622 0 0 0
-7.4499726934709285 9.6274256160966143 52.1135013406975887 255 255 255
-7.2188177213348119 9.8046736813310673 51.5675398495807613 0 0 0
-9.5020747496840468 10.1203226995128084 53.1341856584387315 255 255 255
-7.1310208270803077 10.8806288777199605 51.5256770533501651 0 0 0
-9.8060411680703545 10.7619681952049611 53.2811098094249402 0 0 0
-10.5268085798050759 11.2019186356981528 53.8447832889960480 255 255 255
-10.9662398913283425 11.3365861715912839 54.1090358325548593 0 0 0
-9.5074838577000591 11.4671267543242639 52.7803500243831252 0 0 0
-9.7315875432580903 11.8279271244475161 53.5960494384688246 255 255 255
-9.7793918373852993 11.8367629299026333 52.4839790992728226 255 255 255
-10.9385613576356597 12.4906608234989651 53.5589804851957041 255 255 255
-11.0533585179247602 12.7949351609400299 53.4150988628212957 0 0 0
-10.5387547438306530 12.9753891072488834 53.0634268565382641 255 255 255
-10.6889540679888881 13.3672499072070341 53.0039657557401185 0 0 0
-9.5955451492252877 13.4114649908719841 52.0177789925289105 255 255 255
-10.2061146245185039 13.9648531301790850 52.2320793312855614 0 0 0
-10.4525558375055585 7.4286188826699329 55.1838037982185909 0 0 0
-10.7729901889775306 7.5206601507824766 54.9121513627823390 0 0 0
-7.7885957819201055 10.7131907889379789 51.6209945056092181 255 255 255
-10.0834435546086816 11.0008215978740029 53.6277570201838287 255 255 255
-5.5463804719903100 11.5960380876855353 51.0499119808613457 0 0 0
-10.5318098376661347 11.1392527212169981 53.8569043611025506 255 255 255
-9.8173608090839579 11.6371129965907976 53.1198290968023912 255 255 255
-5.1580462375715701 5.3927256259267029 51.3567435853221426 255 255 255
-10.5460706558604169 11.0819015391492979 53.8141116414628868 255 255 255
-11.0805130674954313 11.8190214595053984 53.9729891026635826 255 255 255
-8.8860629808007374 12.7183386863430972 51.8194476207010126 255 255 255
-8.8129317206995736 12.3835131666645921 51.9699114686567896 255 255 255
-10.4210305084795021 2.6765800958100403 56.8501755086741554 226 228 191
-6.4430995777565974 -3.6822465210313617 51.5203756322020823 1 42 0
-7.1260056071423605 2.3083653644810713 54.3362491012406181 131 242 75
-10.4693731039671700 15.3458068376422947 54.3936088316355750 0 53 0
-9.8944148468546587 16.7853020728120086 53.4780512738366767 0 114 1
-8.8780428505350422 12.4063444679466741 51.8715999210444352 255 255 255
-5.2542278722786282 -4.5754717519169574 48.5819403206269413 0 0 0
-11.2485428953024442 14.6971210059260180 53.0892872612360307 42 224 0
-7.7451761944131965 1.7807504930172160 55.5984452916336522 0 0 2
-1.6385130908477321 2.0868324579198729 53.3151446601201613 59 220 82
-1.5505416745782328 2.1102146502668973 53.4034527360415439 45 167 30
-1.6721645511207721 2.0934930279881439 53.2687790481369632 0 7 0
-9.8882478998968022 10.0766295590303336 53.6205456917158330 255 255 251
-3.1436564933367679 11.9772969891555690 51.5231225711229683 0 171 1
-8.3053634165716730 14.1739230471402280 50.7332284966754870 221 220 218
6.5072923387771109 -3.6614814887907134 57.6321219857143205 44 140 76
6.1271872360281225 -3.6072099799462514 57.4636297967181520 2 31 3
5.4767696439546443 -3.3698327632984157 57.2239198641107691 0 127 0
0.1926719398118245 0.8444299182571973 53.8528304385459222 9 240 38
0.3698276261047139 0.8810189067262157 53.9829062862840701 0 0 2
-0.0140237126883305 0.9276008621669705 53.8213227835675738 6 219 49
-3.0409465356852157 3.5014566809745200 52.9827017764935775 231 238 220
-2.2726095901753838 4.2104188229363091 52.8394949037508326 0 2 0
-2.1619269082645345 4.2221393522583384 52.8217447257058126 151 255 128
-3.3170083601765628 7.7278164667337981 51.8913912824315702 89 254 126
-2.9402419568923555 7.7971995109111969 51.8113533009846421 125 254 112
-3.4921653347099038 8.1563123232721040 51.7348913939046327 253 255 254
-9.7155731652130619 9.3279066131101640 53.7930793001668661 1 1 1
-7.7557243461790399 9.1488911984706078 52.6834553395089671 255 255 255
-3.3758079616077530 9.0752567178136925 51.5303389779059557 133 240 100
-7.3223642261574184 9.4926865323006950 52.3474687708283781 255 255 255
-9.8524778907605395 9.9842192770176545 53.5892012623370064 0 0 0
-2.8280547137859662 9.8828105180482311 51.4175023500844190 33 214 21
-4.6988639729717523 11.3158220434254861 50.9838201845760892 245 255 255
-3.1488667479390315 11.9090237782721182 51.4926036032744321 0 175 2
-3.7632076715517249 12.8222915024958528 50.3165239367680002 0 20 11
-6.7950147271151673 14.8069706335185440 49.9955678726041839 131 135 136
-6.4557887597117096 15.3951386197500213 49.8489064068942156 141 148 158
-6.3323351320720782 15.4063430483688641 49.8089754509386395 27 90 79
6.9952985054432784 -3.7717701719476766 57.8948263311681188 2 26 0
7.4771269863716734 -3.2598120856971122 58.4612128628686634 0 0 0
-1.7392866683584123 -2.8885098556291591 56.4581301378702278 0 30 14
0.0984328082078433 -0.5589448714871511 54.4007446204093483 255 255 253
-0.4411766756206538 1.0412933767058781 53.8432061232940313 27 31 34
-0.3791038604694997 1.2374660064143090 53.8483910593350075 195 248 166
-6.5698057711779096 2.7151950906468652 55.0996885134435317 2 49 43
-1.0756813787149244 5.2638095792942101 53.4947165787284078 57 244 3
-1.7439516075359900 5.2048369437566508 52.7011840691421725 255 255 255
-3.1731397202604992 7.3750507876029143 51.8818058610002169 39 50 52
-5.1488469037687103 7.2912723096006342 51.8433242662214226 136 136 136
-3.2120645061454680 7.4372752152533170 51.7661306461906179 13 18 24
-2.8591627561945216 7.9808668445175446 51.9398415058029030 0 0 0
-9.5011401509913043 9.1971560434636217 53.7277618513894311 0 0 0
-7.9197843193991631 9.0751367383359032 52.7395241808051196 0 9 0
-7.6348043015002407 9.1005594898308324 52.5593589928927969 254 254 254
-3.2806980688200804 9.6925900495289739 51.2698110970800869 254 254 254
-14.4064646578553948 12.1602522709182708 62.1135787569778302 255 254 255
-3.3222812456767876 9.7746564767429689 51.2202633530747420 254 255 255
-3.2430106665528418 11.0694481167065408 51.1263290262179169 2 25 0
-3.6537853260562003 12.6156506988317041 50.7188457780619828 105 253 103
-4.7316482232078263 13.5271647768424241 50.4525839478852731 147 255 170
-3.7721095267757945 14.4672494755874030 50.5588322831577415 86 255 38
-4.4833359293682431 15.5504886458660465 50.4362075025849279 85 255 53
7.1778310281527551 -3.8234883394167940 58.0965533670324987 0 0 2
6.1188549714351979 -3.7696362634477474 57.2185188211809290 1 0 0
-3.0248173490929107 2.7719920664689250 53.2895162407078971 6 6 8
-1.9112861063135123 5.5423546484923474 52.7475560729183144 0 0 0
-3.0021136290470989 7.2216877252338634 51.8505310607952907 255 255 255
-9.6757602194389705 9.2392031472624581 53.8222577596856553 0 0 0
-7.9037159073071157 9.0564058265877652 52.7251447043040073 2 14 0
-9.5617003636773319 9.4570033355180847 53.6694506273212681 255 255 255
-7.4074963369353686 9.7638044895082938 52.0517115317489996 255 255 255
-3.2818620993107910 9.7816976773172808 51.4694487071719422 0 0 0
-7.4897152434015757 9.9935266522977404 52.0931985135906785 32 23 26
-7.1357213311121965 10.0902271181449947 51.6565416054700961 255 255 255
-3.1250910306195894 10.2402951394006561 51.3795703247976761 1 0 0
-8.1465330002332959 16.7868053778628195 67.4810450887678286 0 146 1
-4.4425251691512244 15.4500648233155502 50.8448894819115935 2 97 13
-4.6141673133190491 15.8477945931363600 50.7329659730935774 0 0 0
-7.2662206221417289 9.8917022277906810 52.0560229287680087 32 15 33
-6.7189922302172675 3.8177962935720373 54.1601206520098089 27 42 35
-1.3625634674577660 4.7677800184251389 53.2122044683938711 0 0 0
-1.4641099911755699 5.1645175102918790 53.4861013148625801 255 255 255
-4.9299906897649572 4.9161382311282731 52.6334731271642013 254 254 254
-5.0511764877788536 5.2968727321035667 52.7359136658347936 9 14 20
-6.4160978494559817 5.9785433341259759 53.1277419130874335 255 255 255
-1.4130081391336271 7.1309877131222574 53.0503728692708592 0 111 8
-1.4941643357077914 7.3335968895880672 52.9813033406772220 0 0 2
-3.2290692768784734 9.5030361632782228 51.5305528650295841 0 0 0
-7.5717331278117594 9.7930386358861146 52.2349194198638571 255 255 255
-7.4024418936181755 9.9912913344439822 52.0621151784851364 32 10 22
-7.1143612665451883 10.0796132837026189 51.6003216523150456 255 255 255
-7.6358919137881420 16.8868767975744269 67.8511730370076691 34 199 0
-3.0797472143519302 11.9645813832972330 51.5774388680300788 214 230 183
-3.3405373169592836 12.8855055646218339 51.2688863614382981 190 243 155
-3.4567474065837649 13.0056233465585862 51.0951986688776714 0 0 0
-5.6685054777401316 13.8509788266353606 50.5808475567678286 34 34 32
-5.8736685139931151 17.3102095080660270 50.6415142535719625 0 5 3
-4.5610484037768719 5.2533876463816709 52.7226655043252777 0 0 0
-5.0029259194631770 5.2702876774561433 52.6588664865887495 36 41 47
-7.2425235472653338 16.6265099184172414 67.0843500361134630 25 202 0
-6.5703608018856681 12.9056079819294691 50.9249399788363917 255 255 255
-5.3427870222949272 13.7032905963941598 50.4159294309938204 68 68 68
-2.8289316954061325 7.3041389649509583 51.9616401783277126 0 0 0
7.5448016972997785 -2.4295955429062057 58.2718660214423849 0 0 0
-5.6479942284545954 4.2738396619321124 53.4989481139701653 255 255 255
-5.1425998514459659 4.8862801676103444 52.8397313409935379 255 255 255
-4.0199082320611650 5.3738080005511213 52.4892254082225165 255 255 255
-5.7446307908409651 5.7271835494276795 53.0257786438551051 255 255 255
-1.6873739329237765 6.1092341238172621 52.5391926319746503 255 255 255
-4.1488559733769224 10.2697322128203687 51.1375829578428096 255 255 255
-4.7255373224566650 10.7705410067852618 51.1250089627981978 255 255 255
-8.2776530939198310 16.9220042925856262 68.3688605688554247 0 157 0
-5.9571591877124455 11.7889038071920496 51.5915993774595165 56 56 56
-5.5944843881322592 12.1140947442008411 50.9626376605211107 255 255 255
-6.5516668122394339 12.8660836623087018 50.8489090131554420 255 255 255
-4.4327541035591453 16.2485338375504114 51.2555013753424760 0 0 0
-4.8542708312867981 10.7209730443832534 51.2236711994674820 255 255 255
-3.0115188685473657 13.0589319452833799 52.3096847775656641 0 0 0
-5.3908236331977148 13.8665576481876105 50.2571319749052066 124 255 155
-7.1435088353987428 14.6910955302004496 50.1229226716380012 129 255 149
-4.7265488725493077 4.5883714705422340 52.9528001855462094 255 255 253
-7.4176615453750410 8.7463649494519071 52.4321143361222184 0 0 0
-6.9354656402813850 8.8468075168237572 52.3093380664822547 254 255 255
-7.3897005984440645 8.9977508091396761 52.2882123050952359 255 255 255
-10.1139328306919278 10.9337522271093057 53.1929626636250745 46 45 43
-9.5415089959387345 12.3827384237968445 52.3807459719293078 0 0 0
-9.3106141142453147 12.4572478135106088 52.1989875862933914 255 255 255
-9.6362157059228810 12.4205442809354789 52.5018644268017383 254 254 254
-9.3028181095360925 12.5716761411428788 52.1574503135475283 0 0 0
-9.6602182219325528 12.5356517961835490 52.4587147246450343 1 1 1
-9.1957816964280958 12.6249355745512517 52.0360102864252596 255 253 255
-9.3998795913089808 12.6392614795064304 52.2231825414857838 255 255 255
-9.7484060917483468 12.6356721624715647 52.4948618085135905 255 255 255
-9.6543111754043380 13.4501340253288362 51.9907161209609896 255 255 255
-7.8066993852592894 14.7140473472591946 50.6397563861301592 0 0 0
-12.0176897952793578 14.1130999697975881 53.5789394112578492 0 0 0
-11.0837689139063880 14.9057585298509494 52.6013235545471005 1 0 0
-9.0516660205841646 15.7782525792675425 50.7548288559170118 0 0 0
-10.8303718503805708 15.3489017746415506 52.2830641704398076 0 0 0
-11.0097368042317800 15.9151992236849598 52.1486405366315395 0 0 0
-10.6547244513963371 16.9914822112544961 51.8970458986545964 0 0 0
-10.7199735968443690 17.1182266614289702 51.8804277433400216 38 220 0
-3.1625967006709765 -4.1720008061154985 58.1039402157256504 255 253 254
-5.4957464045406370 4.0534663009783829 53.3840064711869573 255 255 255
-5.2251404148982861 4.1431134574664759 53.0769358571789596 1 1 1
-4.8611755006239168 4.5977065125301344 52.7889181405492636 0 0 0
-5.0864440144283769 4.7439346201156543 52.7429447764924717 255 255 255
-3.7934196396912343 5.7604860783914589 52.0443469764523243 0 0 0
-8.0624315479993687 5.7833685947762579 54.2155738060326726 0 0 0
-9.2787859921947824 5.6923078494365882 54.2419581766655128 254 254 255
-9.9644332194138681 7.3784751523008616 54.4831254076716860 255 255 255
-6.6210126961177149 8.1939469529965692 52.2187392229478959 0 0 0
-6.8443183957106886 8.3000059052685682 52.2893890288261360 0 0 0
-7.2818971279879188 8.9994528728330572 52.2946613185645433 253 253 253
-7.0110314121855692 9.2787788691793072 52.0173724368193433 0 0 0
-7.0972918040207462 9.7099361796429324 52.0211842352812468 255 255 255
-7.0831898418378501 10.2276950151599024 51.8380467612567770 255 255 255
-9.2613571458002983 12.2237865152609437 52.2398554972372651 0 0 0
-9.3104096052533301 12.4036565973844759 52.2285909549800280 255 255 255
-9.3284500748567307 12.5575433224231432 52.1539494799732282 0 0 0
-9.7124026670422872 12.5105886246493725 52.4617529249465733 0 0 0
-10.2884974252193775 14.3607995962492829 52.1379936468402221 255 255 255
-11.7546181068685822 14.2283077034367640 53.3815033125533631 0 0 0
-11.4958704517565788 14.7450063751949152 53.0475086142295140 0 0 0
-11.2132785923946692 14.8392897044627645 52.7192465599289619 53 240 0
-11.0081528027606730 15.0188205409095588 52.4681376869176646 0 0 0
-11.1123310711818757 15.0875982759114269 52.5964443236464163 46 239 0
-10.9005447512702460 15.1734423132034415 52.3458162558480211 2 162 0
-10.9236817941752022 15.9562756598850264 52.1982338942314001 0 0 0
-11.0408451086328068 15.9999729902777279 52.0026393024692339 110 220 23
-10.7481632037374304 16.1457934202124704 51.8211507097845114 0 0 0
-13.0180830667381340 16.9137149205566182 54.5877703594740709 0 0 2
-5.2632103080819048 -3.9264396400887929 58.1718295630210136 254 253 249
-5.2406139731364627 4.1259281169511253 53.3963991874392576 255 255 253
-4.6638574589002637 5.0830065747697022 52.7664635045875343 254 255 255
-3.7578813624392651 6.0547212666391745 52.1854777574293038 255 255 255
-8.5466207340228291 5.9478603821193250 54.4405314191981873 255 255 255
-7.9937197281320458 6.1099493975854067 53.8892624938958207 255 255 255
-4.1007841866349688 6.8561144055926206 51.7888451027713117 1 1 0
-8.3261504890380174 6.4142115345105806 53.8674551221879696 0 0 0
-9.8147869916928503 7.6604697585343073 54.5775810546149103 0 0 0
-9.6387741960158557 7.7657285845686035 54.2878316025044043 255 255 255
-10.1965202341184611 7.8667784599731023 54.5944807741566862 108 221 25
-8.2201591434483383 8.5480720000208024 52.3585898125108926 0 0 2
-5.3466252465122137 9.2312901520672632 51.7345376908730614 43 254 1
-8.2620445318986810 8.5814406306213993 52.4371088809932004 255 255 255
-7.6393722535926285 9.0068177712967277 52.4487671308669050 0 0 0
-7.3377870065519328 9.1910954213010996 52.1928519755672298 0 0 0
-7.1478236502680970 9.3297424824102091 52.0591125680928144 0 0 0
-9.7688503969332992 8.9465028596080263 53.9762783901234542 120 213 36
-9.4277257854491321 9.1252550297185664 53.5176610983470056 0 0 0
-9.8579574931594554 9.1618952241239207 54.0177926012683116 0 0 0
-6.9431536022162801 9.7604370720041480 52.0544002138174449 255 255 255
-7.0763368044794079 10.2673358533784267 51.8574502884424433 255 255 255
-10.8193904645780510 11.3839694502334581 54.0136317757823150 0 0 0
-9.4105434284112164 11.9683630074483407 52.4805084195875864 255 255 255
-9.4190890391773259 12.3359404434630040 52.2211238336697647 255 255 255
-9.0542435959884386 12.4156675271912249 51.9469203343520221 255 255 255
-11.0821782156513606 12.7422155777710788 53.3662561994800484 0 0 0
-10.7662645576753313 14.4373390431216766 52.6395529175346866 36 237 1
-11.7747854098828650 14.1854460484614364 53.3455803146689362 0 0 0
-11.2471476874869580 14.4738947348699174 53.0304672480541797 0 0 0
-11.2955395072110338 14.6525436957509854 52.9274820637761536 46 225 1
-11.3036846492042322 14.9145308919498980 52.8992515592781345 0 0 0
-7.8574002436987378 18.3881500896767207 49.9196059927291742 0 1 0
-2.8302660158174220 -5.3898785373763296 60.3952907130330843 0 0 0
-2.6607708150602685 -5.3364358172153361 59.9221278489100584 247 222 202
-2.7229543070552515 -5.2001599548411717 59.5390754482754616 240 223 205
-3.8133954619307544 -5.0008961832054890 59.8771762986477540 250 249 244
-2.8466353529617070 -4.6702336812069163 59.3358901324308974 242 236 222
-3.4492994540616571 -4.3800099604034131 58.7429217345383350 244 238 224
-5.9560752966638466 3.9275094893485156 53.5751977773566139 0 0 0
-5.6933334591699873 4.1195383254474738 53.3132979996737646 255 255 255
-5.0109688520244919 4.8226468024143339 52.8303069882624285 255 255 255
-5.3627704409934545 5.1319159349489345 52.4568056491034582 0 0 0
-5.0295298956022680 5.2898651004122899 52.9657386392403779 255 255 255
-5.6196524757359976 5.5510648276669707 52.6373599622960739 255 255 255
-6.5198876204662790 5.8588245871677280 53.0681306083302857 0 0 0
-3.9800606510999956 6.2738236207206457 52.0476896687871076 254 254 252
-4.9449909838670507 7.4099121998944142 51.9209910955874747 0 0 0
-5.6784836768707354 7.9045444029987966 51.8039961770071216 0 0 0
-5.4231128864373153 9.4168421438220093 51.6480727679255551 0 0 2
-8.7161801119017372 8.9134064442348730 53.1175251058865712 0 0 0
-9.1901049507067256 9.0919083563103413 53.3565433700783416 0 0 0
-7.6013290029472387 9.5762870861718898 52.0908394833157971 255 255 255
-9.2366684463414241 9.5426931340471555 53.1511380092341028 255 255 255
-7.4026225337448031 9.8769200915520923 51.8185301701445482 0 0 0
-9.9065874409518297 10.5703337251471172 53.3177000460565225 0 0 0
-8.6620002932779894 11.1677215817761741 52.9705030526455474 255 255 255
-10.2074321676045141 11.2939329166065701 54.2440934949117306 255 255 255
-10.6516283083617296 11.7003917048115813 53.8030257249374557 255 255 255
-11.5526636814242565 11.6285867916348824 54.1913737137442837 255 255 255
-10.6525894892641695 14.4661424682254793 52.3505385213719947 0 0 0
-11.2914009391375494 14.3894083035313134 53.0672061288346839 0 0 0
-11.1748536359380353 14.6999855964346420 52.9361399259171321 40 218 0
-6.5205198931280108 18.0703853362552067 50.1004427283682290 6 210 1
-5.2785829583990722 3.9836633474723921 52.9835586051672109 0 0 0
-6.8519593933316933 3.6879364398451990 54.4209239316226672 255 255 255
-5.3852578743377544 4.7267370394006116 52.8308092211442926 255 255 255
-5.3366516386374014 5.2071126795826013 52.9887656256829658 255 255 255
-4.5229181272634937 5.6452393981535467 52.2942620453206573 255 255 255
-5.5519783781154182 5.6145884900243477 52.5839892667934734 255 255 255
-4.1906975864257303 6.1935625041484137 52.0301324972092658 254 254 252
-6.7622743818001627 6.4888418973200439 53.0285136692081522 0 0 0
-3.8420591549134189 7.2533212910450651 52.0657168159240342 255 255 255
-5.3778988513848374 7.7734663825616872 52.1016570194217508 255 255 255
-9.4944630985501721 7.8598182157860332 54.0330920247587798 255 255 255
-10.4798211269375710 7.9884775255610476 54.4650258067586179 111 223 25
-7.1826937982371684 9.2298627286664487 52.1397884060488650 0 0 0
-8.0288887499139694 9.4252465792976690 52.1352293240917959 255 255 255
-9.1917920471005683 9.4925769803971711 53.1091327224433414 255 255 255
-9.4979086419958563 9.8143764212865161 53.3023166999440861 0 0 0
-9.8163119743291407 10.6525236207944580 53.3169068721448340 1 1 1
-10.5041003584173378 11.0803902099295257 54.2646141736291767 255 255 255
-11.1122143255169163 11.6098406729857153 53.7709262058706514 255 255 255
-11.3965531671926499 11.6935669047488169 54.1283207527004748 255 255 255
-10.8462357790568191 12.1453137940786249 53.3383579716756202 255 255 255
-7.0074223609631634 3.8734981455755260 54.4867640263369353 255 255 255
-5.1803603352768519 4.4974068160050606 53.3223071485833273 255 255 255
-7.0219240785905930 5.7575590858033348 52.9664614450974369 0 0 0
-9.4307141938502692 7.7522042391073800 54.0431092506896320 255 255 255
-5.8058618654292999 9.7790200388108826 51.5663708686931841 255 255 255
-10.2149087896963326 11.0991309064302168 53.2427208734377899 255 255 255
-7.3825422918601094 3.9044439070891790 54.3695994568224634 255 255 255
-10.8398310710225783 15.8859824506286298 52.1410523823097378 0 168 1
-1.4805204772373555 1.9975763696608959 53.3455454612993236 0 0 0
-2.1081605072221334 3.9339110751238149 52.7413016418483878 0 1 0
-2.1539873641783416 4.0335819800311565 52.7315139540219988 121 255 124
-5.4304709587790541 9.1924127268155722 51.4187536419197855 64 63 68
0.2770829882789231 -1.8442469034850175 54.9786345171113524 0 0 0
0.1739265348049849 0.8580434690929110 53.9817020587147809 33 201 4
0.2998624883014013 0.9077106612448782 54.1068370826027092 0 1 0
-1.6477479345381845 1.9153184703968107 53.0219940333388777 4 158 0
-1.4886047597975764 1.9894558801953368 53.3704436484284201 0 0 0
-2.2389962833081904 3.7321636281090091 52.7802929097853664 0 0 0
-2.0516068010563897 3.8137352293399074 52.8017306904906008 0 0 0
-2.1959770914577614 3.8311520573078996 52.7501931202405245 198 255 216
-3.4167226112956022 7.6664741791359301 51.7441402009436260 1 1 1
-4.1661793888674472 11.9870814475414704 50.7406952345515236 185 254 189
-4.0824530182471950 12.1034947415779897 50.8051393866277081 109 252 62
-3.6155127665965705 12.6238039748586974 50.7309147834581609 239 251 231
-3.5533392328577165 12.7367125802442462 50.7673213162297969 0 1 3
-0.6047591235643740 -0.5866071955127691 54.4765292913935397 0 0 0
0.2960243155736111 0.9348304905564596 54.1313675866418009 1 0 0
-0.3239909266104140 0.8513103180116048 53.9591598391504235 0 72 0
-0.3826447904471699 1.0501673056253957 53.5737520117888266 0 0 0
-1.6265234166892495 1.7741878478552111 53.1317326667603140 0 0 0
-2.5730984228753586 2.2251838589662949 53.0667150275441628 121 234 56
-2.4909209425797756 2.3999820690496434 53.0821047919687814 0 0 2
-0.8820646598100205 3.0837614300218226 53.2324047127999691 64 255 53
-2.0228474145107871 3.7790805333915976 52.7864869897988811 0 0 0
-2.2886029910799177 3.9821573980034977 52.6929316237894483 0 0 0
-2.1355938152340741 4.0850724763142443 52.7331161348072328 19 183 0
-1.9664335407935989 4.1168449836787788 52.7984175991286264 0 0 2
-5.1411427871873654 4.2209284945112149 53.2751184327170790 0 0 0
-2.0708732925335274 4.6879397544008237 52.6567701868969991 108 245 45
-1.9129081139903552 4.8346805773711621 52.7360766602872530 0 0 0
-1.1831308118661323 5.1185822369160459 53.2688557986008888 0 0 0
-1.2229336452791675 5.2137855111838762 53.0354239063416273 255 255 255
-1.5410249063242309 5.8054466949330168 52.8740404886026241 255 255 255
-2.0422998012964477 6.7573880555399102 52.2874358054596016 0 0 0
-2.9254570572143286 10.0112594972586191 51.3810358531887061 0 0 0
-3.1464054319399493 12.1190944929327760 51.1491246294287691 1 128 0
-3.3835447920589345 12.4420582806632343 50.8917436291855410 1 173 1
-3.1890340656905418 12.6258814729924236 51.0237047847932743 0 0 0
-3.6084542195598175 12.6257476341336670 50.8605206855569136 13 193 0
-3.1383156041776759 12.8272923188323134 51.0079685758148003 238 237 219
-3.1956227471806611 12.8877733859841701 50.7479069121181610 0 45 0
-3.7142665439524292 14.6922755209513607 50.5140772269751537 75 255 60
-3.8551489599798621 14.7719708191369481 50.4447660994316109 0 1 0
-3.7626267531571487 17.1884852264268453 49.7582521386739387 0 0 2
-0.4197197889061725 1.0731782217506500 53.5509831968322132 0 0 0
-2.3700282538258990 2.1591775499166297 53.1398858103679501 0 0 0
-4.0902341825393673 3.2744273223652853 52.8206147946678826 0 0 0
-5.3543976946002969 3.6187716205578191 53.2659967739953828 0 138 0
-2.3186909504793154 4.0100511058205992 52.6883172187623714 0 0 0
-1.9865141278815672 4.3715137574803311 52.7576187688137779 87 238 11
-1.5400924337435089 4.7554899465229266 52.8239645565730669 0 0 0
-1.8820901804138930 4.8027959738489301 52.7537036496890650 0 0 0
-1.3497168042965482 5.0102372607040797 53.3573206098022865 255 255 255
-1.7135752757228018 4.9488361705830064 52.8313943935584831 254 255 253
-1.5916727509293322 5.0308326535445591 52.8186905774617514 255 255 255
-1.1352612990409638 5.1692532868345928 53.3830016348051899 0 0 0
-2.4453733931296684 4.8975934199176416 52.4478724251730171 0 0 0
-2.1498240202297527 4.9439822573577112 52.5497368528840241 0 0 0
-1.9730328181769876 5.0885587620599937 52.6655509148213383 255 255 255
-1.2950767334456557 5.3958708407038003 53.1832273142325178 1 1 1
-1.2974170025510425 5.4957242785851195 53.3511319645881912 0 0 0
-1.4466856334127369 5.8243418008794716 53.1759833175159926 0 0 0
-4.1933378866052431 5.4955409651457314 52.3300049931108120 255 255 255
-6.2744466320255849 5.7973069824570711 52.6916442658654489 0 0 0
-3.4093013578586611 7.6865167852205269 51.7282063851381579 0 0 0
-11.0997575217960129 8.2460589995741618 54.3608458274589523 0 0 0
-5.4755754974003263 9.1395251030064308 51.5441134057552759 88 77 93
-3.4490114493365800 9.2852748673029772 51.4931096622789326 0 0 0
-3.3056059918302299 9.5916545769773425 51.3310928000336659 255 255 255
-3.1733879347367577 9.9571794399140643 51.3816554357881756 145 255 134
-3.6152183641804574 9.8906143200263124 51.3405443544358917 254 254 254
-3.3702723157800323 10.0302259300977994 51.2967667079195877 0 0 2
-4.5931617084559768 11.6941459914886554 50.6434305546931682 148 225 85
-3.0730589103662562 12.2609343029976152 50.9811789639366282 0 0 0
-5.4077380641771686 12.2178213967302263 50.5589658906277464 255 255 255
-3.5816121066913720 12.5754183659551657 51.1595863245098315 0 79 0
-3.5393944925727174 12.5897776921998812 50.8685813782914735 91 254 39
-3.1440141559659209 12.8389095984261612 51.0357915136856590 238 237 219
-3.2442432709144251 12.9200595750049043 50.7658117368592201 1 1 3
-3.7266660462229186 14.5431566429249255 50.6059412659726036 137 248 92
-4.7098892075871293 17.2619674203787881 49.5156979120641481 226 233 202
-2.0003159390100738 3.9607309002718609 52.6401124207034385 0 17 1
-5.4245296389682203 4.1359149105195234 53.2495184446938410 255 255 255
-2.0349265271935009 4.5012840251498973 52.7190982708025828 29 183 0
-1.7796636634051517 4.7189502897549440 52.7645480593476250 0 0 0
-2.3175652434137328 4.8021984120793064 52.5527377063315981 0 0 0
-2.0624917583029587 5.1490749168648495 52.4133031150024777 255 255 255
-1.4771088840101554 5.5126554563056915 53.1316810919652767 254 254 254
-1.3607683962287331 5.8259798168394568 53.1975029980118492 0 0 0
-1.7436577965726257 5.7795299229737038 52.8649417352942592 255 255 255
-1.6493298511941925 5.8631015276235861 52.8999249741137731 255 255 255
-3.1625400011316347 7.8264764302854903 51.8523723899717623 190 225 143
-3.1593828306168898 9.6434014218822011 51.5244646228134258 0 0 0
-2.7017139817422988 10.6818638357677305 51.6155171808373581 0 0 0
-3.2383427801714713 12.3992685801443798 51.0783734566123613 0 0 0
-3.5338026196641481 12.5777146714036725 50.9059363291584077 0 177 0
-3.1399208732546802 12.8587342459966312 51.0797877553780850 232 237 215
-3.8487293888099998 12.9456468905962758 50.8046004519891312 0 0 0
-3.3250517648432596 12.9359892242270114 50.7374540477942162 0 0 0
-4.2368072165277848 16.4012855605080148 49.9623697238486955 144 247 96
-4.4742820523101638 16.6695647208562718 49.4847902611769470 1 1 1
-2.0971258793834275 5.0408715450379731 52.7200628268015734 255 255 255
-1.4461766139198080 5.4526399749101158 53.1062766902586105 255 255 255
-1.4839707047421666 5.7527000852344239 53.1384682574088814 0 0 0
-1.6573463066214302 5.8429268901292231 52.9215123390467710 255 255 255
-3.9179445891260318 10.2062831176704538 50.9163031084009958 255 255 255
-4.0467239912589505 12.3410477083186674 50.6571012592720464 14 14 14
-3.4327762952744871 15.0964929722730581 50.7126249245962626 148 231 89
-4.2659206570303763 16.4579510737026382 49.9968132213918821 200 232 159
-4.1014579483517348 16.5090186001909203 50.0234211567980083 197 244 164
-4.5690621175258972 16.6602025852721560 49.5234926529120116 110 110 110
-4.7607063209655998 17.4737265073029135 49.3094949987735021 245 245 233
-1.5513988106795673 5.2106151230053106 52.8839543955812772 255 255 255
-5.4590513031723580 5.8553801985519209 52.7256295411413518 255 255 255
-3.3742256083592479 8.5928471642914239 51.6929275094262195 12 12 12
-3.7037593627577055 9.6619166359181232 51.4606083232928668 255 255 255
-2.7162762679323489 10.8471591037996493 51.6348571234467926 0 0 0
-3.6258999821758202 13.9172935787822372 50.5178066755314319 0 0 0
-3.6584279050544470 14.5874652180405668 50.6939778776558896 252 251 249
-4.7176214586073266 16.6903250841015875 49.6141116190660654 3 3 3
-3.8531324404035989 9.6832973141634398 51.5341999720697856 255 255 255
-2.9857068000761924 3.3299351882657127 52.7603507035766057 0 116 2
-3.9080128369707894 2.4371424313490468 53.2764496166904635 0 0 0
-5.8063719167807122 -4.5428715764869150 55.0088793691986027 173 116 131
-5.2065393529579307 -3.6849895784866020 58.7411874793199686 165 131 148
-7.2558918004192057 -3.9436949472206386 56.3833735298074856 0 0 2
-5.1663643797175185 0.4773338258720492 54.8811633759514876 104 255 140
-4.8334686333635073 0.7372928341304259 54.4346379560965872 1 1 3
-4.9387841743583998 0.8391578123928892 54.4791302586304411 93 224 84
-8.8751765502006439 0.7609083613067597 56.5881203243189717 0 0 2
-4.8385179608620144 1.0894213642554196 54.3083563922413504 1 0 2
-4.9155267094457837 1.5173507995710653 54.1562086859568197 1 8 0
-4.7606740318020249 1.6137263959926167 54.0213208647716456 105 246 115
-4.6027846113296009 1.9146744247673275 53.7701240201528563 1 20 0
-10.0923174996236256 1.9190331847968845 58.0487879840736340 60 224 42
-10.3060492097964627 1.9811082983417021 58.1580338153758376 1 1 0
-10.6282864713459428 2.4086706567715157 58.2108427873898933 1 3 0
-6.8596082502691855 2.4301403313989685 54.8353509494836757 97 231 98
-6.6986448171440447 2.4703487369496990 54.7721807836168750 67 189 90
-9.8088645774908247 2.5721144405481486 56.6575682840926262 2 0 1
-10.0233739559332253 3.0183490446503574 56.8175673717549685 3 0 0
-10.0082070275215642 3.0729165380110550 56.7135207571593654 107 252 53
-2.2619612724831031 3.7181831576195599 52.7265631462068782 1 1 3
-11.1862265461600892 3.3469271171464010 58.5329873257294864 0 0 0
-11.1494454076114540 3.4220129043480636 58.5410621650029412 77 238 132
-7.7102296980998490 3.6280483119756060 54.7083219985954372 0 0 0
-5.2672701902987882 4.0326277361318832 53.3154224471528977 1 1 1
-8.5686730848392276 3.9128009120248235 55.1459694543071848 0 0 0
-10.0579307802479399 3.9950944384865181 56.3683250585878710 0 0 2
-5.0227917498758359 4.2760745129048079 53.0538611280387542 0 0 0
-9.6233319806885174 4.0685006893273421 55.8557054345105328 0 0 2
-4.9552606438292530 4.3517527900122692 52.9958016715778157 0 0 0
-10.2982192592083006 4.1270726571293324 56.5408803974959611 1 0 2
-8.9233510433320546 4.7062594423338346 55.9065656267215587 255 255 255
-11.5075791763461268 6.8323381199377229 56.7351085540634728 208 255 201
-5.1233759770276297 6.9838628844876158 49.8771967002527745 0 58 2
-5.2356918145779749 7.4301830193550860 50.2308604472558855 255 255 255
-5.2772755826323348 7.7929474806032486 50.1678332664993007 255 255 255
-11.8799870392080518 8.3363148151342905 56.4354456155602549 1 0 0
-6.8358545487068971 9.3362639601471340 51.8726121316839368 0 0 0
-8.7284385565072675 9.7985632198836221 53.8602413106106397 255 255 255
-8.8581366157869397 10.2975122463640307 53.7361695557567103 255 255 255
-11.8422776526284927 10.5217432391670993 55.2164476261893427 0 0 0
-11.5953209577406557 10.6847091888654688 54.8322669377995879 152 255 208
-11.5542102217414477 10.6982007767900313 54.7923520749491431 0 0 0
-11.5629774507029133 11.0493481524269104 54.6031569719528349 104 255 143
-8.9830288315678803 11.3648657536221247 53.2695309618351018 0 0 0
-12.0095015384041126 11.1018646724188663 55.0388785122207054 83 244 54
-12.0467537630185593 11.2608474047010851 54.9587591975537961 110 251 61
-11.6107230780374877 11.6395573606079772 54.3504003563035170 254 254 254
-12.2914358934343948 11.9199010072735643 54.9617727945662864 0 0 2
-7.7998909819109903 12.5410310822227320 51.2589256452811028 0 0 0
-12.2297026669425879 12.4002488020327455 54.6458392911751929 0 1 0
-8.3454283059519927 12.5757022472178068 51.5173500102281494 0 0 0
-8.0024436895454585 12.8621179479791508 52.0028974712317833 1 1 1
-11.3613007261978556 12.5361871440544004 53.8129362777051696 0 0 2
-11.9581188991899161 12.9254799593951013 54.1249238791383149 89 252 133
-12.0069325586110853 12.9660363845006010 54.1294085140328463 0 150 42
-8.4144938611024021 13.1252804260906952 51.3341567958320084 0 0 0
-8.2434865674923241 13.8068346190650963 51.9256368596713216 0 0 0
-8.2486316182842447 13.9640612134048787 51.8721293628192370 255 255 255
-11.9584729188486669 13.9050129410411110 53.6467723163391312 0 0 2
-11.8974286645982588 14.0990784141126007 53.5499537292749466 123 255 109
-8.1743034620388606 14.3433629895078827 50.8173997888575784 254 255 255
-9.8604609916228032 14.6723269201041226 52.8913130215295766 255 255 255
-13.4325150694462963 14.6585028391325665 55.4879353608744452 2 98 0
-6.9089773629299529 14.4201214531817516 48.6509539564165934 57 221 2
-4.9187477538104272 16.1448375803943982 50.4972459051448439 0 1 0
-7.1751905771001212 14.9904808939972778 49.4619382498771287 0 1 0
-11.1170487619475331 14.9720657975084688 52.6102893338197717 106 255 123
-8.5854594974096816 15.2257960215371799 50.6596260808403542 68 178 89
-11.1655478808587674 15.1718109094209588 52.5382996116565124 1 0 0
-8.6806582801335495 15.3593061370537836 50.6441548640845269 102 230 111
-8.8246063645209336 15.6590939370369266 50.6327940001029049 123 255 108
-8.8135544074081462 15.7130805029153482 50.5963064305616115 62 211 7
-8.7310549603695637 15.7867500124431430 50.5503689447642870 79 215 21
-10.8261505578693793 15.7424602136526257 52.1122692386072330 0 1 0
-8.8197522773483126 15.8698512237729723 50.5801847591483451 106 248 78
-11.3839207473859645 17.2242798784863140 52.4069792329296931 0 0 0
-8.7321678777780427 17.8014345822109945 50.4690550128114097 0 0 4
-11.1868903929674115 18.1009115860229244 52.1507138992568215 0 0 2
-11.1404030575979185 18.2041628506724180 52.0750929362862749 48 231 27
-10.8037267185727082 18.2802949715573071 51.7618998111933308 0 1 0
-10.9448016488869317 18.3107885754462494 51.8444719547747823 114 254 121
-10.7324981093561735 18.3988408369609608 51.7124811633015824 0 2 1
-3.2708182513249096 -5.2567941075597426 60.2511345268452558 0 1 0
-3.1551730795376858 -5.0457733116596488 59.6564152152469092 0 0 0
-1.3368308736890255 -4.5313992878354750 57.9439066785828274 2 0 1
-5.9282206629675462 -4.5096755000327144 54.9820329244348613 173 130 157
-4.1070339991309952 -4.1604303823186175 58.8682761876178162 0 0 0
-5.9578775106161652 -4.1506436070413342 59.7921233779297552 191 143 169
-6.3029602716776383 -3.9829799837444533 59.8067630820854319 0 0 0
-4.8869911392274172 -3.9188960511922968 58.8650493321645314 0 0 0
-4.3895993046741619 -3.8955689232154138 58.6238471336299654 0 0 0
-4.7647633717743494 -3.8256514131025305 58.8139608481396863 178 130 170
-8.7699649950985847 -3.0304102497800760 60.5526480948181316 255 255 255
-8.4734626934154047 -2.9078789197384611 59.8282799516799599 255 233 254
-4.9590644387679461 -0.0391219476037851 54.8807112131230923 0 0 2
-5.0174419355807220 0.0198900488271138 54.9042674497530996 0 0 2
-9.0116140770839728 -0.0172000030380035 57.5924372743333990 0 0 0
-9.0357749728517298 0.2366479771389372 57.4852018885225249 0 2 1
-5.1312984800288008 0.4058350435916317 54.8647366136641139 1 27 2
-5.0909319912514928 0.6506513657024641 54.7448088159675308 86 229 79
-10.6205478736111374 0.8517547429469767 60.0527987512537322 0 0 2
-8.8014860739834049 0.6114057220951354 56.5818011154041685 4 134 2
-10.0026139586864566 1.2783785314674105 58.1180424787128658 2 0 5
-8.7609281288000957 1.3462098568443075 56.2211182486802628 1 1 1
-4.8287121920563330 1.6060231065939363 54.0614531383447314 1 58 13
-10.1123553337032313 1.8175250108688101 58.0303837707174139 1 1 1
-4.2802251436478498 2.6012157263596611 53.2881348365736329 0 0 2
-4.4343246946814681 2.8681564176568655 51.3191476035152974 1 68 0
-10.0028295834842869 2.9347732573658014 56.8090829358294798 0 0 0
-10.0775301725082862 3.1178231499168048 56.7985129018983770 66 241 110
-10.1079048815930435 3.1500259424524635 56.9197249652987338 0 0 2
-8.1389815262770746 3.3614366166848346 55.2033526245915525 1 0 0
-11.2072776830009744 3.6255908115921542 58.6165183805192882 1 0 2
-11.3543464861241326 3.7470974577127292 58.7267986802703277 0 0 0
-11.2485980090438353 3.7509177112063679 58.6296453044100900 0 0 2
-7.7881969066067001 3.6624068002383412 54.7530846990414872 254 254 254
-10.0102690150990661 3.9253076617741098 56.3492266278425831 0 0 0
-9.5936214789572638 3.9477602702172874 55.9116589171628036 0 1 0
-10.1918404864001158 4.3476789867695960 56.4204339768494663 1 0 0
-4.9232469532948286 4.6506493948621550 52.8291967393784532 0 0 0
-10.3002900525350718 4.5047429285071008 56.5829159752747728 1 0 0
-8.3007268615837724 5.8208694614460041 54.0488557451634364 0 0 0
-5.0845471370269451 6.8775172739465606 50.0464165438705777 80 222 14
-11.5460709278327833 7.2435282921341742 56.6140975013156762 0 0 2
-11.5897214483955242 7.3564815611803613 56.5489789929550781 152 255 199
-5.1196117900928666 7.2029005156717023 49.9719297972682668 1 0 2
-12.0240759183453072 7.9746460150358836 56.8976268969760781 0 42 14
-8.7666777170280632 8.2725443309682234 54.5179157941652477 0 0 0
-12.0600273657020463 8.3242970606505100 56.7295662492816817 212 239 186
-8.9277517342236639 8.7802533339288544 53.3266260048216196 0 0 0
-5.4182352031425420 8.7186404857239914 49.5793792427944382 255 255 255
-9.7509201805843695 9.0151474851202433 53.9485383298463077 97 255 44
-9.8261518822981859 9.1954786260757455 53.8407926729404878 255 255 255
-8.6349783047491950 10.1793095836338985 53.5919116156797557 0 0 0
-11.8832021318066481 10.0186546860607866 55.5957185455020877 228 242 209
-9.0350512135425962 10.3801101375135758 53.7729838007342167 255 255 255
-5.8701709607456696 10.3797524772589362 49.6599813632324327 0 0 0
-11.6725048328400316 10.5311140468074687 55.0148618473455500 81 255 44
-12.6150916610593740 10.7805675190802095 56.4543986089601759 185 255 160
-12.6814966729550083 10.8058047299417375 56.5219887542273867 1 1 1
-7.8842626466840517 11.1035919082916106 52.3783704929455283 0 0 0
-8.4515670046138691 11.2344256723131739 53.2782738132133957 1 0 0
-11.8992975803504457 10.8901640310637209 54.9895846294692134 23 181 94
-7.4459279580690847 11.3733903936109417 52.0882504965966007 0 0 0
-9.8521970157528003 11.0625323994590250 53.2327719639626622 0 0 0
-11.6185666876519740 11.1195136688284233 54.6464702256476045 0 126 0
-12.1372712938146474 11.2806566139397315 54.9996776933292963 192 254 213
-9.6803507104787485 11.9697696308510491 53.6714435743745355 255 255 255
-6.0503060716338926 11.5987440934235195 49.0168118004650566 1 0 0
-10.5613433481756864 11.8660613513922506 53.4898155143030820 0 0 0
-8.7200769429799223 12.2008026126001159 52.6144307879118216 0 0 0
-12.1154540837160614 11.9642280816879776 54.7746195853762146 1 0 2
-8.0965010482822830 12.2785747892338080 51.9349524407014442 255 255 255
-12.1333716201159696 12.2430070176785204 54.6291234922363600 73 255 119
-7.7368856004441557 12.4194051820134561 51.2010722955826978 0 0 0
-7.7725125064180389 12.6613254637132915 51.8418298342773269 0 0 0
-7.8393884756932959 12.7160318608626728 51.9247076450714218 0 0 0
-9.2624795719284112 12.7197467758751905 53.1753793230158109 255 255 255
-8.9821389504169957 12.6901842810533019 52.8199348119792234 255 255 255
-8.0271427615321986 12.4952440091441623 51.3426921032996972 255 255 255
-8.2193388777420378 12.4900967093615609 51.3850797920867421 255 255 255
-8.6856807943192802 12.8501602473521608 52.7007975729470743 0 0 0
-8.1587300015808655 12.8809337526884669 52.3306280696389976 255 255 255
-8.0303335945748877 12.8735176737342982 52.0956933700831186 0 0 0
-8.9194933406706625 12.5524002607257081 51.8893900406748116 255 255 255
-9.9722804933504055 12.5333603312747925 52.7124025318478076 0 0 0
-8.6792631661602329 12.5907222801896772 51.6941833322482438 2 2 2
-8.6238563646419966 12.9250469251128806 52.5709101027554127 0 0 0
-11.3006709683750479 12.5571426621840487 53.8419728019295647 0 0 0
-8.0058530826113827 12.9166281410558739 51.9211748451388502 255 255 255
-8.5145500668665743 12.9888939413520106 52.5467847128381749 1 1 1
-8.4668005874652827 12.9910826811231370 52.4497119745360720 0 0 0
-8.3994852125839348 12.9732619223495416 52.3354081394883011 1 1 1
-8.4980009814142399 13.0642879370973617 52.4097211022901348 255 255 255
-8.3953921524959334 13.0509851189823660 52.2949605276293994 255 255 255
-8.1404555945912485 13.0839689715802265 52.1089875161054934 255 255 255
-8.2522720087667309 13.1097552740737857 52.1695734192428162 0 0 0
-8.4585232874788190 13.1225005291194048 52.3363289649318872 0 0 0
-8.5395514533428170 13.1303727830232440 52.4061325894150443 255 255 255
-8.8422867013179598 12.8373075230747133 51.7363739531149704 255 255 255
-12.0261840882544497 12.9036213135724616 54.1768967819330314 0 0 0
-6.6314598413639425 13.2575718547098340 49.5532830970616018 0 2 0
-8.2297960844483207 13.7901307654446281 51.8573173544888633 0 0 0
-9.4374450463002884 13.4883625934613125 51.9403180122429191 0 0 0
-9.3416513225390680 13.8677930377104452 52.7908441601829281 255 255 255
-9.7613742486041133 13.5730057123577446 52.1680936196516285 0 0 0
-12.0546445773680855 13.5168330789007243 53.8641827013502024 0 1 0
-8.2190691243855767 13.9827092737602143 51.7783113686935721 0 0 0
-9.0460902849025207 13.9834144600246990 52.4750580434089997 1 1 1
-8.3540842642211288 14.0070352474362902 51.8549305915708914 255 255 255
-6.9434439825299217 13.8054124182652895 49.8298932853748369 1 0 2
-11.9438999269515627 13.7477908286080464 53.7871790156133898 0 2 1
-6.8563962389777577 13.8892520123902283 49.6177015478799959 0 40 0
-6.8664641131224444 13.9947659151678838 49.5411759436605905 1 0 0
-12.4027782096900374 14.0968359483404502 53.9443719217782984 73 255 110
-8.0934351109805061 14.3561861358461869 50.7795739915112208 1 0 0
-8.0232936588118395 14.3991123438888078 50.7056233318953176 255 255 255
-8.0476664582049402 14.4715637640112131 50.6789739145285409 0 0 0
-13.0157352796742174 14.4265219567121843 54.8159888220698051 201 255 198
-10.8596780787407994 14.3249980854041503 52.6387572144241176 59 217 68
-12.0043182975813334 14.3131826919191258 53.5784473740946652 0 0 0
-10.8033307494001072 14.4418235688620094 52.6163561258412997 76 235 29
-11.3592271222470842 14.9917500257922995 52.8339323049449092 1 0 0
-11.0709438348928622 15.0342198304674746 52.6316788890641121 38 213 24
-8.5534029265799649 15.2226800212715645 50.6364094765059178 0 36 0
-11.0111054540530606 15.1066401146526328 52.5227065342007080 0 0 2
-12.4503094639043503 15.2669716027009184 53.6274320322662774 55 230 51
-8.2757578863279857 15.9916028652527213 51.1012385736993977 0 0 0
-10.9808141460737723 15.5508824279379443 52.3194831484514893 0 153 3
-11.8803906952958158 15.5944700542587587 53.0791962192013997 0 0 2
-8.6702319249152566 15.8083479719467963 50.5183926080721690 0 0 0
-12.7144995338481728 15.8964405603154404 53.7689776086141009 0 0 2
-12.5918128869274764 15.9945288711170281 53.5902208144403076 43 235 36
-10.5215152272177033 16.3330202934757267 51.7513633623079130 1 1 1
-8.4505388917506465 17.2815338552343505 50.2474782627478049 0 0 0
-8.3373528748876495 17.3285894381272989 50.1712285049534046 0 0 0
-8.6727198230243783 17.7052094205629622 50.1856465504770526 0 0 0
-11.0056633477262231 17.9681148776928019 52.0526309246993222 0 1 0
-11.0157270043988831 18.0776712067223286 52.0068558477123801 0 0 2
-10.9403603756955548 18.1214751539071912 51.8996960833269796 1 0 0
-9.5070850013116832 18.3858578962938388 50.7964886556818129 0 0 0
-10.6294197790827081 18.3447325905874301 51.6408361170186296 22 186 11
-10.6041918201749663 18.4186961199883150 51.5841740282612449 0 18 0
-10.2976366008194358 18.6245157059076547 51.2179968730159132 176 248 146
-3.1955229936402798 -5.0252666285586356 59.6475482746011423 1 0 2
-5.9682373827766027 -5.3046554459366062 54.7984668912339430 169 115 139
-0.7574745048749568 -4.6750804989854284 57.8001201576683030 0 0 2
-4.1534470054853676 -4.6819028621567726 59.8606473083931476 0 1 0
-1.2869377462991438 -4.5327561547804196 57.9393431554986407 1 0 0
-1.2809019377854876 -4.4235122456185136 57.7981532355642003 171 121 146
0.5559556509317681 -4.2489853199038290 56.6910742527607283 0 0 2
-5.1222294760573304 -4.2074051134833166 59.2774977475609504 0 0 0
-5.9154869963775232 -4.5067905009519791 54.9680516005513553 177 122 161
-6.1087553415632483 -4.1606351454918906 59.8587845009834254 0 2 1
-6.1257333098290347 -4.0622110472834896 59.7767358335812133 208 158 187
-5.7927811465703218 -4.0384101846272671 59.7801561996716160 0 0 0
-6.3016806579627422 -3.9955121598143042 59.8163971856178662 0 0 0
-1.5498415762450428 -3.7861464479004958 56.9427381016243359 182 135 177
-7.1079566465625268 -4.1751461114829747 55.9783191859871536 191 135 180
-4.9660146253964692 -3.8204304793200770 58.9321380998020956 175 120 151
-6.8969044584021226 -4.1380801578719284 55.9516064463990972 0 0 2
-2.8527273350452318 -3.7465752263884990 57.8985650275134986 176 132 168
-6.0858623807514904 -3.7236874284322523 59.5766841621101761 1 0 0
-5.4699987781426946 -3.7016332287171712 58.9150239924253256 0 0 0
-7.0689185446238838 -3.9999385983155178 56.0801771454679638 171 125 164
-8.1352215189946300 -3.7089304608389093 60.8462072437066510 170 112 137
-7.0297518468250386 -3.5122409685710112 59.9220265457784151 0 0 0
-8.8702363341513237 -3.0564792026636307 60.6189174682493146 0 0 0
-8.6674640424788869 -2.9314013437410815 60.1794845061618489 255 255 255
-8.5043742612604820 -2.7875137119401288 59.7840090603545207 0 0 0
-10.3185918001112711 -0.4739959333917066 60.7343738287071417 0 2 1
-5.0062321245247858 0.0292119027531408 54.8963157331282332 0 0 2
-5.1618560328382772 0.0322171149303648 55.0191697669636994 0 0 2
-5.0840687688619246 0.5351878621252950 54.7760674141828403 1 1 1
-4.8047509444234757 0.6799012019766927 54.4326406772224587 0 0 2
-4.8944159430047636 0.8338806144504767 54.4603977861718249 2 145 3
-4.7971653532397154 0.8817905511298388 54.3371840594037891 1 0 0
-4.9545672850438525 1.1521758843753329 54.4110732935744750 0 0 2
-4.9015981000371784 1.2171121332853581 54.3119106665306717 27 163 19
-4.7700828088925160 1.2771127787433816 54.2175356051926158 1 1 0
-7.8332069982447452 1.2131788488939539 55.8702312900140612 0 69 0
-8.9369917004803394 1.1720742914465883 56.5087026146520159 0 0 0
-8.8895416460958963 1.2369796162106441 56.3743542603083156 0 106 0
-4.8398766584042718 1.6211046270653089 54.0645693661287439 0 1 0
-4.6079052649003547 1.7685243344537716 53.9954415584889844 110 250 57
-10.2233279783099196 1.7009113343933950 58.1055724792475203 31 182 25
-4.6894476745279698 1.8494894988899417 53.8429891371056470 0 129 1
-4.5438740090980794 1.9193989952260351 53.6749701345337584 0 122 0
-4.6971317783540334 1.9731094504069959 53.7987642879264811 0 0 2
-4.3534053899822043 2.0332358731785316 53.5462093028592889 0 2 0
-4.4343698816907837 2.2937185197719105 53.5141900587492785 0 0 0
-6.8897978297732907 2.3900017143975214 54.8933486392592584 0 0 0
-6.7659771862940961 2.3957790948499582 54.8169388530456132 0 99 0
-7.9632169141081066 2.3716595646339247 55.5357114675405583 0 59 0
-4.3877651539569325 2.9500892286301603 53.2233219462486531 0 0 0
-4.5493109775680249 3.1392088015380710 53.3610644359114303 1 0 0
-10.1193301067222077 3.1574891923929025 56.9255542927335085 0 0 0
-4.7702101903837448 3.4482906978185719 53.2831170347582628 0 134 1
-8.0831641298982380 3.2630199811459768 55.2287684743640099 54 187 12
-9.9755192542927134 3.2090468564013008 56.6354466158280445 0 0 2
-11.1276368825372618 3.5126419347516489 58.5396361365415956 102 249 49
-10.0567461101271309 3.4226298537314421 56.6802338338494138 1 0 5
-11.1973193705628535 3.6405954925002089 58.6233996296760935 0 0 0
-11.2279660244014607 3.7593821879160636 58.6343598213323887 0 0 0
-7.8179190413754895 3.6587483285020528 54.7297287557731380 255 255 255
-5.3365866800332542 3.9972984043837498 53.3335789745376658 0 0 0
-9.5800313329205373 3.9367696416914364 55.9117506980499854 0 0 0
-9.2017573074027954 4.0005544657477046 55.5898903809430465 61 217 74
-10.2183077566842790 4.0542139790304894 56.5886501866802618 0 0 0
-10.1275321455676721 4.1606119178445988 56.4189756677856238 0 0 0
-9.2856197380408148 4.1588300502683833 55.6347787989478633 71 207 45
-4.9125043515160440 4.6405236484485668 52.8287400717464166 1 1 1
-11.3141475425767748 4.5924849511082941 58.0617699790498776 0 0 0
-10.3429012660535289 4.4914840497074833 56.5484162818412770 0 2 1
-11.3004196423222787 4.7935845018628651 57.8826016273446982 0 0 0
-11.3439851852601983 4.8085523600847662 57.8962234565265632 0 0 0
-10.4170946207714756 4.8023888937348440 56.4500440066082305 0 0 0
-10.4705801315910758 5.6731903982659206 56.3580917353006612 0 0 0
-11.5297321011894471 6.8669899789394275 56.4721736390651259 0 0 0
-5.0939336918695943 7.1027605100378368 50.2670506987332644 0 0 0
-11.5423958556816437 7.2441317249537764 56.6015548626033222 1 0 2
-5.1469068718665332 7.3231919468002751 50.0792295368544842 84 188 17
-5.3233665783500053 7.9065936134602808 50.0831686581012150 254 254 252
-9.2808308739511318 8.0027506928867336 53.8905971129068959 0 0 0
-9.5015608480057825 8.1722825753531438 53.9086054295342620 254 254 254
-9.9957615646794142 9.1335641789954334 54.0852444205028817 0 0 0
-9.5843485987426238 9.4338372028059805 54.7164012274935203 255 255 255
-9.7694907992658067 9.1633602570211323 53.7816852557440441 1 1 1
-9.3893639241100963 9.4503896966244625 54.3738716066092920 255 255 255
-11.9310538615795423 9.9144476774240697 55.5563535107118582 187 255 180
-11.8653208667827563 10.0665017515229938 55.4453791613329585 0 1 0
-11.6647471340185263 10.3435319955556899 55.5424676602122744 179 254 151
-12.1773070897965248 10.2969544221916038 55.6676337370193508 97 254 49
-11.6762163958092806 10.3715728422244418 55.0915043574360297 0 0 0
-9.2053858731989795 10.7312695346049729 53.8007814019978028 1 1 1
-11.6710286741250435 10.5279134180872429 55.0676371393339252 123 250 75
-11.6712684464768213 10.6584735565282305 54.9953476072103840 0 1 0
-11.6437614788378880 10.7062326891283242 54.7982736529935650 86 255 126
-11.5503330845776162 10.7832267373245649 54.7535875151060125 56 241 0
-7.2241693239858353 10.9763624633723076 51.5116108503877896 255 255 255
-8.6838951356233700 11.1458899855600961 53.3610856911753828 1 1 1
-11.6064388339424305 10.8675551587388082 54.8390638338752368 0 2 1
-8.5473169248933001 11.1802943843361504 53.1867634500148085 0 0 0
-7.8044750256590332 11.1451048291482877 52.3414606705683880 255 255 255
-11.8620401918185596 10.9141324933450878 55.0346041392242284 23 181 94
-11.5042147120326614 10.8845900602553343 54.5950297843609675 151 221 88
-11.6118435357008511 11.0101179888492879 54.6871743881937675 0 0 0
-11.9380939302702966 11.0897383024674738 55.0003298948260309 2 1 0
-11.8799270360956974 11.0815602389145980 54.8802300255780438 0 1 0
-11.0844553632337135 11.3265005652816217 54.9421816869001987 0 0 2
-12.1208578663165500 11.1093702674335439 55.0939073374748816 55 224 17
-11.5556161902861607 11.1687887116776867 54.5731595097504183 75 253 17
-11.5257761036453577 11.3223425266403730 54.5497493409966268 0 1 0
-9.8346372508829543 11.7228001745714572 53.7957519424493142 255 255 255
-9.1587240372788603 11.5202359719916867 52.4536362779889984 255 255 255
-10.0632019017800154 11.8627539014454761 54.0062342742027326 0 0 0
-9.6240831538077618 11.5743380865402212 52.7576028200984908 1 1 1
-12.1450225630955124 11.7457481681330353 54.8467500570346118 1 1 0
-7.8558068988237997 12.1149944350068868 52.0792092198081917 0 0 0
-7.6121861087027085 12.0014548139591373 51.3160815861220740 255 255 255
-8.3199131881962884 11.9649380361650888 51.7282144062534641 0 0 0
-9.2752739745317871 12.3112062814026206 53.5512065315428245 255 255 255
-8.1164628174216258 12.2682947084173666 52.2754271823316614 0 0 0
-7.7920221106324261 12.0901810798900886 51.4137092285671500 1 1 1
-7.8984771871022161 12.2284937462363299 51.8806664213968531 255 255 255
-12.1182349020043549 11.9737976244138569 54.7335313090363300 0 2 1
-7.9587717754825000 12.2253976513894447 51.7794826747208958 255 255 255
-7.7987351079907743 12.2929792745462407 51.8098903029763633 1 1 1
-9.2057792680732540 12.2939779810286431 53.0335901751915273 254 254 254
-9.4789144205413294 11.9964050560567124 52.3766542694453818 254 254 254
-12.1247394491234814 12.0154722541379559 54.6775202553132544 0 2 1
-9.1800580255844686 12.4524950830000805 53.3420026788842776 1 1 1
-8.5198560632886728 12.0999850065754799 51.6753522965604759 255 255 255
-7.7948581845217255 12.2285848518250102 51.4247214845236087 0 0 0
-7.9127360113951593 12.2070240597398918 51.3926791629663455 0 0 0
-7.7150091502546667 12.2538903542013351 51.3051395762960851 255 255 255
-9.7747738341661528 12.0958151255311765 52.6684294878404771 0 0 2
-8.1377390521126252 12.2235495779380763 51.4679963369931457 0 0 0
-12.2354016415378481 12.0974876166284506 54.7277670535495915 45 236 0
-8.0479516540401388 12.2255839681036296 51.3721146893719762 255 255 255
-9.8605852734738892 12.1428232995039096 52.7133179461458354 254 254 254
-9.5077377441194546 12.1016663261028583 52.3016241298406754 1 1 1
-8.3254682880912512 12.4391958550172230 52.1587005876630556 0 0 0
-7.8679894020121344 12.5764036059011790 52.1617814619992473 1 1 1
-9.2650379878001736 12.5330895823776842 53.1970516181816677 255 255 255
-9.0283190984342863 12.5662410301127494 53.0866152283126382 254 254 254
-8.0566449070472697 12.5604624360139514 52.2068097596114740 0 0 0
-9.2679773545442501 12.2171366712171601 52.2202298452774940 0 0 0
-9.3461142578815632 12.2464195173122814 52.2677277701002225 255 255 255
-7.8787850789928742 12.5663225905180376 51.9148173492657108 255 255 255
-7.7243435727419794 12.4211339864057972 51.2032940095068980 0 0 0
-7.7805470580567793 12.6614892134416870 51.8358245776709694 0 0 0
-9.9027017038674270 12.3533909188278646 52.7022505504807128 0 0 0
-7.6669819769345811 12.7022279574133883 51.7204151899650313 255 255 255
-7.9709646510197576 12.7834963093739074 52.0460149421488936 255 255 255
-7.1771533682905000 12.7027208649554204 51.0320513584918274 0 0 0
-7.7866848844054486 12.7952623180710656 51.8608952294607732 255 255 255
-8.6888690090086396 12.8477856399526313 52.6937545816989896 0 0 0
-8.5428536505707466 12.8602594444463190 52.5503562817963399 255 255 255
-8.1684416632918602 12.9686942132412764 52.5145508142781310 255 255 255
-8.6483403119201547 12.5613220254554765 51.6956529929350523 0 0 0
-8.0194846357673963 12.8890463864384817 52.0757683606818986 0 0 0
-9.6682596921427812 12.5318468849855904 52.4463031024406234 1 0 0
-11.3117807282824430 12.5310154205852413 53.8160928225867536 0 0 0
-8.1334471605536347 12.9395178795782986 52.1449167983494988 255 255 255
-7.9985489136864256 12.9167481682625169 51.9083439115344234 255 255 255
-8.6696084318012545 12.8730876816353952 52.3046152713751837 0 0 0
-8.3980608695750583 12.9615943553610897 52.3336353130876191 0 0 0
-6.8576493524415385 12.7268642089430166 50.1654490331004652 2 0 1
-8.0563244001772816 13.0348643013100585 52.0030480669000283 0 0 0
-8.1449161652519315 13.0673621061061720 52.1216349991243462 255 255 255
-9.5607473993545486 13.0221541253720652 53.2153507085238218 0 0 0
-8.5439183426708087 13.1124857421573910 52.4076811923867680 255 255 255
-8.2541626605224536 13.1213964543326185 52.1640281393332970 0 0 0
-12.4922945048736764 12.7259863462604752 54.7264472784893030 108 255 102
-8.8383537239550183 12.8204147759170954 51.7385193126039624 255 255 255
-8.4637826716075839 13.1392219271035717 52.3288639928718808 0 0 0
-8.1178482040524802 13.4022557485710028 51.0659461901642473 0 0 0
-9.7231717167027334 13.3042324068344264 52.2331348460669957 0 0 0
-9.0168805876096361 13.7301716495545705 52.5721706608664263 255 255 255
-8.6091809848098393 13.4500832696552610 51.3024716684110373 255 255 255
-8.2378509889174296 13.7654426552285525 51.8611460258782913 0 0 0
-9.9524263226397540 13.4312016219299046 52.3481611456589064 0 0 0
-9.2185904005045796 13.7669958897245586 52.6467514160249834 255 255 255
-8.3287326534678563 13.8018964476029176 51.9350819517113251 255 255 255
-8.6334543355405859 13.5302665075468624 51.2594441888044372 255 255 255
-8.3787156648236891 13.6155287722443674 51.1173586243875562 0 0 0
-9.9431237900646678 13.5800115182900658 52.2798597500852011 254 254 254
-9.7800734574601513 13.5994317630635688 52.1610760244004368 0 0 0
-12.0660129760184507 13.5248320328304814 53.8713313272569820 0 0 0
-8.3352882217154018 13.9921438782934064 51.8601345934631581 255 255 255
-8.2166477271093790 14.0031160868476654 51.7767090352490058 0 0 0
-6.9582784220143203 13.8078775897802846 49.8311283555753235 0 0 0
-8.0012532744574880 14.1803954420956586 50.8421203374765156 0 0 0
-10.3331759991939016 13.9909893757523545 52.3554524948356956 0 0 0
-10.5103240584551827 13.9995146151813916 52.4751862986471451 255 255 255
-8.0150502531032242 14.2938343630524347 50.7448338388892921 254 254 254
-9.8401014880065905 14.5161429420941079 52.9317211570480239 255 255 255
-8.2450809433471033 14.3027175172215273 50.8397444971442951 255 255 255
-8.0928174019967773 14.3384128829415634 50.7912280938932668 0 0 2
-10.6911096408495201 14.1591610435117587 52.5756659729188343 0 119 19
-10.2936967294001303 14.2400160820180286 52.2084192769971622 0 0 0
-10.7833054044245031 14.2843896354635866 52.5676598764986238 1 137 1
-6.9070473044222256 14.3781860566272375 49.1579801619158161 0 0 2
-10.3356356214033500 14.3453877579282629 52.1517888606981188 255 255 255
-6.8576299052028613 14.3594132694425838 48.6241380189838068 1 0 0
-8.7006106598614910 14.9622604878950689 51.8502235928814699 0 0 0
-11.8971090733713538 14.5146027832240456 53.4273469379485917 0 10 0
-7.1822719137947688 14.9299453969934053 49.6658552146594019 3 0 0
-11.3122165814718585 14.8902651552402787 52.7992727818197238 0 0 0
-11.0804305825471250 15.0439880262627419 52.6473385334370079 0 144 0
-8.5478676150249253 15.2218365732102239 50.6313981907101081 2 138 2
-11.5926142292622352 15.2331381965240809 52.8835645237229599 0 0 0
-7.4663889038544538 15.5398588197243797 49.9109022530244530 84 207 41
-7.3955460131828774 15.5270559218675590 49.8253115154626016 0 2 0
-8.3358174893881358 15.7476528131677416 51.0970163781529862 0 0 0
-8.2589813120907021 15.9978221498805766 51.0932440098002516 0 0 0
-8.9109210293927816 15.7396405873022047 50.6271305341820650 2 146 0
-12.2381349294861117 15.6341448186973775 53.3369639141902994 135 255 168
-10.8713270032472646 15.6788249700120961 52.1749922545336631 0 0 0
-8.8243556638039831 15.8385638305819576 50.5522419701003827 0 140 0
-8.4745857576297485 16.2494600292010141 51.1844904448927593 0 0 0
-12.4157319325265849 15.8271704690723318 53.4021792611138508 189 255 227
-8.7705754034173076 16.2877108224551073 51.3028593393664920 0 1 0
-12.5413291146786765 15.9287202237362919 53.5242561930057903 0 0 0
-10.9491013647758759 16.0482889353498344 52.0524354232293618 92 235 65
-12.8348174297288828 16.1009743315555554 53.7216858992780431 0 0 0
-10.6478186709439022 16.2788213924629197 51.9010079405248632 1 0 2
-10.8459049430438306 16.2906823425083154 51.9831777711100216 1 1 1
-10.0904476140525663 16.7052660752639710 52.2381064636989265 0 0 0
-9.8346506334101882 16.7488484599219980 52.1270768388118029 0 1 0
-13.5448937075996820 16.5270712290214057 54.8075611183441040 0 0 0
-10.7377269393486774 16.4056266779664632 51.8825964167786680 0 0 0
-9.9641646370051422 16.8671058580098929 52.0935470441306947 0 0 0
-10.5465492605206457 16.6465236544656996 51.7966975258392992 0 0 2
-13.5150069312766643 16.7585264689386051 54.4098237967945479 188 247 155
-8.3336211526834703 17.3315595235050779 50.1615610668672076 0 0 2
-12.7584048483537593 17.1856991679018449 53.5964531957033898 218 247 191
-11.3263994575135385 17.2091180681731508 52.3491622414020910 0 177 0
-7.2019600050979369 17.9564265328174351 50.1415562389918037 0 6 0
-8.5663988213513811 17.5807063227043905 50.2107985961903154 0 0 2
-13.5540461198602351 17.3477519075151747 54.0352740025490590 251 250 245
-12.1434121136394584 17.4854275806613799 53.0071116283147461 0 1 3
-11.2732100322777704 17.5327532356620139 52.2935420636716728 0 165 0
-8.6764912982075977 17.7185479477205483 50.1926766882044646 0 0 0
-11.3174546972093886 18.0104200145782372 52.2633505436190475 0 0 0
-11.1140573930761626 18.0549151424153500 52.1187949594013276 40 212 2
-11.0282868000698606 18.0905546573113547 52.0042768974442282 1 0 0
-10.9454589016320174 18.1342860437130220 51.9011301874745072 0 0 2
-6.0099484798342857 -5.6994067829402244 63.0825351679856965 0 0 0
-6.1832287978609166 -5.5104167256726448 63.0412593725662731 184 117 150
-3.3941279904316177 -5.3269097947769746 60.3300431891949103 0 0 0
-0.4875538811268199 -5.0872879043225145 58.2448927695025631 0 0 0
-2.2652950135945584 -5.0806629515549133 59.3968495966041914 0 0 0
-1.7942719231070459 -5.0133315965638499 58.9297139182785656 0 0 0
-4.8890870736227869 -5.0220569205824530 60.5729867617810385 0 0 0
-5.9048149829338081 -5.3015900587197038 54.8367454736708240 163 115 137
-1.6108891062172164 -4.9415350171889232 58.7525964156692666 0 0 0
-6.3262208703872158 -4.9376789019027942 61.7867829251736467 1 0 0
-0.8092938451730902 -4.6444885694800249 57.7573136006094643 3 0 0
-1.1586063042619390 -4.5340042052785350 57.9080796984149444 0 0 0
-0.9539596850280480 -4.4499735623970773 57.6249174833103268 0 0 0
-2.2285302204013964 -4.3022395422602155 57.9479107454008329 0 0 0
-3.2309905045105745 -4.2807626423275442 58.4855434866367929 0 0 0
0.4873152466094819 -4.1731838353924040 56.5973273488102393 1 0 0
-5.9958691424189796 -4.6102989537151604 55.1351647996967742 0 0 0
-5.8913549506934855 -4.5098047625205249 54.9502243699907140 178 124 158
-5.9566674691889414 -4.1823013112107814 59.7816387442608956 184 135 164
-2.2732442892654046 -4.0851746324277434 57.8842788496084708 0 0 0
-3.4656006787078870 -4.0588866326182655 58.2652619631088911 0 0 0
-6.0527443704559065 -4.4080534633404724 55.0596259158756993 0 0 0
-5.5180352550155138 -4.0855417734570247 59.3738836438475133 166 106 142
-5.8458338897119626 -4.0456663500836809 59.7352807616115129 0 0 2
-0.4039018018036236 -3.7744164464962093 56.3398715653847049 0 0 0
-1.5146115504840520 -3.8008899624013850 56.9736214627196773 174 130 166
-5.6035252553698118 -3.8746689519905253 59.3268174054329052 170 128 168
-6.7555419713952203 -3.9090518582330898 59.7558403870354269 0 0 0
-7.0841196342955692 -3.7815025923044367 60.0265242478241632 190 140 165
-6.4216781516588357 -3.7368296647160704 59.6338235134124517 199 157 195
-5.4982924450167880 -3.6894667903932441 58.9229123021144900 0 0 0
-0.7748325262524000 -3.5466200545562319 56.2956265379937051 167 126 166
-4.6084527215232587 -3.6359479990165733 58.2559019596044720 0 0 0
-7.7076750952787743 -3.4528032031170186 59.8642122657963185 192 151 195
-8.7445014871844133 -3.1350896239577932 60.5514857060639358 255 255 255
-8.5005800722643166 -2.9068967604871556 59.8293853942347837 255 233 255
-5.6008643306609631 0.2335560441522541 54.2891595293708633 0 0 0
-4.9443396835748858 0.9761172252016861 54.4514938321704278 1 101 3
-8.8623167362323336 0.8761248448287481 56.5184253387105429 0 1 0
-9.9985745721559756 1.3338286553199816 58.1046795530956288 1 0 0
-10.3631450205195605 1.7848143270461498 58.1931377700342622 0 0 0
-10.0841269558429456 1.7815453529994050 58.0150501751392014 0 0 0
-9.9531394129670918 2.5375519744525263 57.4949776828097754 0 0 0
-4.4511754496298144 3.2148837989202463 53.2062114281665615 20 150 0
-9.9553826558122598 3.1721506314167414 56.6265961986640534 1 1 0
-8.0717079286497793 3.2537345866860501 55.2303470532508527 1 107 0
-10.1383585478313680 3.4106188873721477 56.6145763624671332 1 0 0
-11.1844419423240566 3.6738318732636106 58.5945789443736444 3 0 0
-8.0630301650402725 3.9039947547525840 54.7663521404630345 255 255 255
-6.1044984844311010 4.0458930500906964 53.6807876112995004 216 216 218
-10.0000829466006582 3.9713853057401352 56.3210502139185820 0 0 0
-9.1551607892653166 3.9856805310951500 55.5797055646516753 0 89 0
-11.2314764283616313 4.1571337760753915 58.2605477780250638 0 0 0
-8.7439945140760909 4.0518341461395782 55.2166874376939774 1 1 1
-10.1233646420062655 4.1729465398191401 56.3922042604557561 0 0 0
-10.2923997420573912 4.5870468446644264 56.4917242153290005 131 247 76
-10.4647929704062914 4.6544808268738427 56.6591459579627852 0 0 0
-10.5208712811661709 4.8059914816969629 56.6170025518630951 255 255 255
-10.3962773422684069 4.8001016720582337 56.4860045730533997 0 0 0
-10.5329464141780313 4.8640926504177431 56.6226444723074280 255 255 255
-10.3728659674125723 4.8947383045654700 56.3768570469534893 255 255 255
-9.2804295123786673 4.9893733036357881 55.3051297496360164 0 0 0
-5.1633253195773277 5.1971080430434018 51.6043536663747702 255 255 255
-9.0223165074335103 5.4559141550479993 55.8218367815128573 255 255 255
-9.4558124552580942 5.3424565371017305 55.3091511758452441 255 255 255
-10.3937323828023178 5.6178803114332601 56.3411501813760864 255 255 255
-10.5278296889728349 5.7730957381691814 56.3514277924027382 0 0 0
-10.7323212858516825 5.9792926471877506 56.3541637146335646 0 0 0
-10.6800909110738509 6.1174987567680494 56.2724828224708702 255 255 255
-10.7526531741615159 6.1340514078334687 56.2800944227760809 0 0 0
-6.8163865020538985 6.6176398153459353 53.0269367911391498 0 0 0
-11.2260914014985822 6.7274537144052582 56.4676064736241301 255 255 255
-11.3059066146391896 6.8611758326459400 56.5919862698620122 0 0 0
-5.2651610900423318 7.8053806388781197 50.0916005746968693 1 1 1
-6.2009679938678275 8.0818800200266914 52.0053997356288775 255 255 255
-6.5744331743802498 8.1539367651868684 52.2049814046316669 0 0 0
-8.7316620789115671 8.3000033841340599 54.4900785769185774 0 0 0
-6.3537264455978564 8.2350102847182178 52.0390771494715381 255 255 255
-11.8231579098210542 8.3163139865170983 56.3865979563547270 0 0 0
-8.9309003829933609 8.2992483851012953 53.5855831526267181 0 0 0
-8.6075696405510165 8.6763637580216741 54.4634465207657641 255 255 255
-7.1584147690362885 8.4661077052414697 52.3864455603624748 0 0 0
-9.6486360284932076 9.1002308959971145 53.6687702660955850 0 0 0
-9.7583664069245000 9.1597072184851793 53.7807126541745149 0 0 0
-9.7814313256559071 9.2287384854547128 53.9096722384677278 254 254 254
-6.8668221847574413 9.4239823434549681 51.8548190753302052 255 255 255
-9.1399395836457220 9.3932432442438802 53.1901627821623038 255 255 255
-7.2775965478933369 9.6802883352853453 52.0254470474383197 255 255 255
-11.7418826865263597 9.6824639396703969 55.6574259626582446 255 255 255
-7.4792653198436572 9.9556591073051184 51.9989462731921392 0 0 0
-11.8589314665763084 10.0121264101242229 55.6597387644065975 59 233 37
-7.2519368965470221 10.2049637011136394 51.8270226318557405 255 255 255
-8.9539114256498582 10.4156014863039097 53.8075158153296442 255 255 255
-7.2052235897886696 10.3986578308618167 51.7146673836509123 255 255 255
-9.3224502207415316 10.5535323253483533 54.0078763263128039 0 0 0
-11.4711518421291458 10.3772810227126708 54.8812903461138148 255 255 255
-6.0714426562831303 10.4250792044306788 49.9122645820059390 0 0 0
-5.9478331408839189 10.3938842061465770 49.7484315529791061 95 215 22
-10.9752683134790008 10.8860513709256814 55.0385280513123476 255 255 255
-9.2189451435589227 10.7967500402076695 52.6864060283479816 0 0 0
-7.6395359935845271 11.1361707936370262 52.3782022805940528 0 0 0
-5.8510291009407611 10.7184989856207107 49.3165469715033780 0 0 0
-8.4576471403939646 10.9267576769866501 52.3150316700123525 0 0 0
-11.5949166008952176 10.8365955024472704 54.7196241281559423 27 224 30
-9.1687808222724776 10.7761975012269815 52.4300779814154367 0 0 0
-7.9301566368733614 11.1899426117438487 52.6611602806195691 0 0 0
-7.7576301930598008 11.1465845298744739 52.1064650890564138 255 255 255
-11.4852457096591607 10.9109806109587684 54.5999237667414050 120 232 46
-11.8935719043404582 11.0619003364291846 54.9263088593879729 1 0 0
-11.7527615064341280 11.1046908021778510 54.7986960733704720 155 237 100
-11.1382284297977705 11.3267859128759980 54.8679378372624242 0 1 0
-7.4401569393019358 11.3951676606794159 51.8889909491775754 1 1 1
-10.6508871609863007 11.4178300987583583 54.4815103135798182 0 0 0
-9.0863152253955466 11.6046084795497997 53.4672401635237478 0 0 0
-11.7873817252659823 11.2964922710188649 54.6915944769410203 0 0 0
-9.8105438974953643 11.6445287811625970 53.9316528384650979 255 255 255
-6.4093570383624021 11.4165127588431243 50.1960943128617103 255 255 253
-12.1521501227215474 11.3246804614580583 54.9724375751598231 151 246 102
-7.6957416554142046 11.7351274428496986 52.1637964239046852 254 254 254
-10.0623009007323976 11.7777731091337721 54.1118861224716952 255 255 255
-7.6683790329989279 11.6345583839342126 51.4808104231386707 2 2 2
-7.8177951302631277 11.8401757291598813 52.1486567966553167 255 255 255
-10.0536981126788572 11.8455078138174699 54.0677648325471623 0 0 0
-7.4834964409941689 11.9078054890811664 51.8971834067916120 0 0 0
-7.8812786180857897 12.1097785221350875 52.1066521994468275 0 0 0
-9.2637412046928720 11.8165469103672596 52.3269447231547886 0 0 0
-10.1386610625387430 12.1212125091184060 53.9821230255890114 0 0 0
-7.7030345627803012 12.0326626003638637 51.5372907219502139 255 255 255
-7.8656143084138321 11.9948821268759538 51.4808262920111090 255 255 255
-9.3717000538516313 12.2308675762782180 53.4958268889200852 255 255 255
-7.6878502309762009 12.1052208120237950 51.5276003129998017 255 255 255
-8.7598265670318671 12.1807480488189004 52.6852361858287495 0 0 0
-8.1167325649099986 12.2207501543303358 52.2092692449896987 0 0 0
-8.6966620454054606 12.2051195076786101 52.6398463828567387 0 0 0
-8.4550188797041290 12.2063838861129543 52.3708904580653254 1 1 1
-7.9623812843294601 12.0477417570099412 51.4394670656848945 255 255 255
-12.3617137762332945 11.9435005347297736 55.0044834976772137 0 0 0
-8.9521676519946691 11.9816368417151775 52.1030990112448720 0 0 0
-7.8586721510160924 12.1731258022251474 51.6752471946164533 255 255 255
-7.6157138846824211 12.1158751276431733 51.2722124932603620 0 0 0
-7.9427921067294252 12.2454540278668276 51.8444772941854950 255 255 255
-8.1712503675976560 12.0605918357427448 51.3881200484512703 0 0 0
-8.0647180381511543 12.3034217012089542 51.9952626344345177 255 255 255
-8.0867548522091006 12.3612963262785183 52.1298705229843975 255 255 255
-7.8837344444963637 12.2196323420962489 51.4353678806332724 0 0 0
-9.5249705108486449 12.0711246409863566 52.4016293752900921 0 0 0
-8.4519523051547036 12.4439199381265038 52.5832603764029898 255 255 255
-8.3369050668492513 12.3803112790691490 52.2893552442508778 255 255 255
-7.9427997400096668 12.2541477494051421 51.5116117846020032 1 1 1
-7.7326293367043846 12.2947519472993392 51.3183115829781116 255 255 255
-7.7385537299660090 12.6451924063558057 52.2941965705092642 1 1 1
-8.1055611988106318 12.5252596019039757 52.1642872601682939 0 0 0
-7.8863895935436723 12.7978872212686063 52.7342970388693928 0 0 0
-8.3909774166655833 12.6783113870434256 52.7652327179548379 0 0 0
-8.8635633166715380 12.2781922993419350 51.9765037536478545 0 0 0
-6.2632184113732450 12.7045444762748811 50.8457419367155552 255 255 255
-7.6883333540182166 12.4350561796772947 51.2035471557322239 0 0 0
-7.7869323535522073 12.6729525527568487 51.8405877664476407 0 0 0
-7.6500413999722454 12.6650370238759944 51.7198593337521828 255 255 255
-9.9191887108796273 12.3520637976828205 52.7285551774495431 0 0 0
-9.0189379818539788 12.7383009167159464 52.9864994846450941 1 1 1
-7.9450527761743839 12.7446846041361805 52.0577842593161719 255 255 255
-8.6958018924760978 12.8403129678455130 52.6648927705373637 0 0 0
-8.4988742449198149 12.8423166369625523 52.5375387547832844 255 255 255
-7.8168250135293604 12.5963081146215554 51.1886586381114910 255 255 255
-7.8206284397865913 12.8392553340220719 51.8381779656195789 255 255 255
-7.6924085760715277 12.8279256890879516 51.6966743354783844 0 0 0
-8.0413517099819369 12.8804412177792589 52.0358258125016135 0 0 0
-9.0159948501005776 12.6519817011406577 51.9720774473487808 0 0 0
-8.3933207907764071 12.9121818317597210 52.2265137795969849 1 1 1
-6.8138612294770304 12.7826160827833117 50.4041641939841369 0 0 0
-8.3613219310039018 13.0075623295890317 52.4229198718336136 1 1 1
-8.1765981226444442 13.0018721885402595 52.1342695750809426 255 255 255
-8.6988051846938426 13.0055247304848915 52.5593609078299053 255 255 255
-8.3230940707574703 12.7520849054100402 51.4326492978474832 254 254 254
-12.5646304134897573 12.6509314974704292 54.8397475430622805 1 0 0
-8.5489561876438582 13.0961766062833469 52.4355834029070351 255 255 255
-8.3640266067252220 13.0888112740218805 52.2582461819270279 255 255 255
-8.0493197863182786 13.0947383010328462 51.9799253515134794 0 0 0
-8.1681657487002610 12.8460437981575222 51.3091649621006241 0 0 0
-8.2574093149934722 13.1511929753860102 52.1561567934228876 0 0 0
-8.4780203158850220 13.1759367060110009 52.3228677217362019 0 0 0
-8.1051231446655603 13.1284006481174789 51.1995880994525194 0 0 0
-10.3559616313061724 13.1261965887194911 52.8691741117096967 254 254 254
-8.0241324860364109 13.2539415015066915 51.0315435951710654 0 0 0
-9.2560704690608535 13.5656952438849867 52.7843013269167614 0 0 0
-10.6821739193970107 13.1968858652133854 52.9616654806656157 0 0 0
-8.1855118417538080 13.3618070256531727 51.1318079112710606 255 255 255
-9.8836285609794530 13.6645404127036798 53.2351554213431655 0 0 0
-9.3941120114820347 13.4125503676616713 51.9372286884776670 0 0 0
-10.5738749508537317 13.4828486653407165 52.8150415134855606 0 0 0
-8.3136330510934364 13.9563198103753354 51.8798843224128845 255 255 255
-8.3827753388534578 13.6628583741649550 51.0763953295045638 0 0 0
-8.5066893220155695 13.7219043394528164 51.2080701758847994 255 255 255
-9.8096595856458997 13.6351471853821202 52.1548722601634651 0 0 0
-8.6947360321210638 13.7057558582723509 51.2483713848926286 0 0 0
-9.5343584221156288 13.6859662449990580 51.9239317439075379 0 0 0
-10.5157769493941622 13.8026502725514355 52.5845021324701563 255 255 255
-10.3645663188895654 13.8466054983206828 52.4661579251400525 255 255 255
-10.6210238059666331 13.9442886790749849 52.5997319000914132 0 0 0
-10.3044663796886269 14.0117395271446981 52.3842097282077148 0 0 0
-10.4938525822751512 13.9997175939421030 52.4718027525333923 255 255 255
-12.0523440776017186 13.9555238058037041 53.6993984452735305 0 0 2
-8.0878924350448607 14.2977560648672419 50.8215232098443579 0 0 0
-8.2488721146768320 14.3309964769022375 50.8661046583910448 255 255 255
-10.2762171321237368 14.1966801434102763 52.2145822322948447 1 1 1
-8.1570605987270852 14.4718943666668753 50.7777034797090536 255 255 255
-12.0172526074108319 14.2399033626377278 53.5746171211367468 0 0 0
-9.3977564290998128 14.6352684736378773 52.1643992275297705 0 0 0
-10.3001475140783274 14.3575525792368914 52.1238490179924980 255 255 255
-7.9757965908322896 14.8138233527927312 51.1227922132353854 255 255 255
-8.2239803245281031 15.2414026099038171 51.5582735301708368 255 255 255
-8.2972108736040084 15.3984802357310890 51.5660591280196172 0 0 0
-11.2641590114186698 15.0051739972073968 52.7013122935962031 1 0 2
-10.2780692885932368 15.8063801687808674 52.7040255417757280 148 253 108
-11.0331527768885067 15.4895974981064235 52.2976313450746559 20 193 42
-8.2138728539307007 16.0205231553438594 51.0683519716607677 0 0 0
-12.3192893315984513 15.5728265507627501 53.4594988775919333 0 0 0
-8.5093083097231705 16.2603495494271328 51.1094879657983867 0 0 0
-10.7568705057077931 15.9706127823457127 51.9778814047698177 0 0 0
-8.7684848700044995 16.5051935434446193 51.4001147007788433 0 94 0
-8.2969208387980622 16.3910444647167282 50.6959498919692493 0 0 0
-9.9394802755110998 16.2669244889701083 51.2187989661916561 0 0 0
-10.1523568684999610 16.7870029487581078 52.1227898431921659 15 201 3
-9.9535152124560167 16.9071366088215811 52.0737602011418304 0 0 0
-10.5719746964462633 16.6664978569938853 51.8464710259116544 0 0 0
-13.6051268563165682 16.7116146097121074 54.5483775478226107 138 248 91
-12.7830670804890616 17.0655503428953210 53.6633405231907616 0 1 0
-12.7590623755578765 17.1946576228814259 53.5882752353298173 198 250 175
-12.1907960309412058 17.2975884223497651 52.9703320043932635 5 202 1
-12.1071554981902416 17.4811720963012078 52.9472518809652328 0 0 0
-9.0015347085513646 17.7674451899183126 50.5881711797413089 0 0 0
-11.1771404507727379 17.7039439194954831 52.2600136117693594 0 0 0
-8.7547398168371870 17.8727590784370669 50.3967218606665881 0 0 0
-10.9972388756866390 17.8525607526904828 52.0224495961092259 0 0 0
-10.9639251002927711 17.9732241480595931 51.9039068031679420 20 211 17
-10.1713312245877230 18.6270495209009397 51.1166402822622103 0 2 0
-3.3594448719564043 -5.3540640269931261 60.2963456381592451 0 0 0
-1.8960546048622209 -5.2037664912913542 59.2595393973176598 163 100 131
-0.7365041531724861 -5.0069449003195272 58.3640356842736168 170 106 130
-1.6450043448564333 -4.9481515137277992 58.7986568821467444 0 0 0
-3.3752485465441846 -4.9132586444587689 59.5478005978661571 0 0 0
0.4145325764054258 -4.6885654954139895 57.4613644592161847 0 0 0
-4.2384213448533679 -4.5827302800309422 59.7412830032830939 0 0 0
-0.9442219034468252 -4.4993882840319923 57.7157558845848229 0 0 0
-2.2122476568131511 -4.2870610055586766 57.9023288797369347 0 0 0
-3.2434709134417887 -4.2430900345354852 58.4222373032414879 0 0 0
-4.2515423398428309 -4.2150767113538929 59.0406440581700807 186 131 171
0.4314597619779185 -4.0846065088126613 56.5436120525261359 0 0 0
-2.0596591994762394 -4.1384560510063997 57.7557182096422679 0 0 0
-3.4045121420539854 -4.0909212181408989 58.2748563512005546 0 0 0
-5.8656795749988762 -4.0558884902334240 59.6649250344201292 1 0 0
-4.3487423337090334 -4.0000622243932584 58.6593332990625456 0 0 0
-3.6949827304051777 -3.8710722584816302 58.3346003573099452 170 116 152
-2.7735540963276262 -3.7780388984235858 57.9929852997595319 181 130 171
-4.0648451225028310 -3.6405175311743077 58.0773265214413854 1 0 2
-1.0392585863167176 -3.5365629977378137 56.4625896060398702 0 0 0
-6.3827711457907395 -3.5902038255208581 59.4176247502053769 0 0 0
-7.6742633479821265 -3.5447927870824651 59.9980763728869846 201 157 193
-7.5890879218474367 -3.4295414968628246 59.7406798988443413 1 0 2
-8.7898105753138136 -3.1485020414454152 60.4779334559295449 255 254 255
-4.9470783507876952 0.9438594511120086 54.4368102371604436 0 168 0
-10.0745863855982378 2.2818129568488965 57.9006051613378006 0 0 0
-4.6811115987254501 3.3346593848493020 53.3284763277840810 0 136 1
-7.8681218344771526 3.7834737626384931 54.7276472390048596 255 255 255
-6.1592267412638080 3.8968630230407624 53.7946643374949076 253 243 252
-5.7913476096361354 4.0061240276905634 53.5094748002572160 0 0 0
-8.2478204583817494 3.9011895210527445 54.8797987667269993 0 0 0
-8.4806630684829223 3.9608475173080349 55.0627932014962838 255 255 255
-8.9894618138255247 4.1990899039596270 55.2729610246823597 0 0 0
-11.0978163784714532 4.3784373453367147 57.7299725938962851 255 255 255
-9.1563641908698532 4.2681681231212405 55.2854483305784825 0 0 0
-11.1802779752360504 4.4413940286481157 57.9020804291121607 255 255 255
-9.2477575515993031 4.5008740088097294 55.3838502494180958 255 255 255
-10.7343646464585163 4.5805896960077099 56.9574347844346391 0 0 0
-4.8935467453788615 4.8201643278665989 52.8321709542753837 255 255 255
-10.6702105527437308 4.6347648987639189 56.7211177377459350 0 0 0
-11.0722636648120236 4.7880146953394016 57.5817414567818631 0 0 0
-5.3960223810167225 4.8520663840160063 52.2516148016546396 0 0 0
-10.2435430654082431 4.7633722180868086 56.3617604898768079 0 0 0
-9.1551552211063800 4.7397972365568908 55.2047736325744296 255 255 255
-10.5461546582275183 4.7932948415282439 56.6325033279573304 254 254 254
-10.3933075189899693 4.8000014347626490 56.4733639938246625 0 0 0
-4.9025130282583245 5.1156082445940925 52.6515909107667142 0 0 0
-10.1894501478142416 4.9177436370508838 56.3204009024110093 0 0 0
-10.1983687961918346 4.9077854376734917 56.0811055636180313 0 0 0
-9.9357243883743358 4.9219868721336271 55.8193812505706433 0 0 0
-10.4297102043736789 4.9832797072829811 56.3244877926011256 255 255 255
-10.3460003982963116 5.0142711550565844 56.1625024095936638 255 255 255
-10.1180616253346400 5.0193626389175225 55.9469618891288576 255 255 255
-9.2170666502197545 5.0328223750918699 55.1978244565128549 0 0 0
-9.0763415091725275 5.0221798808977978 55.0002280778907817 255 255 255
-10.9085043058485756 4.9842841965389031 56.4030411609419389 255 255 255
-9.6818257654531816 5.0270112526779238 55.6281712386088216 0 0 0
-10.2496851532559301 5.0751057391387056 55.8666825826192621 255 255 255
-4.8549988204688264 5.4074388061072254 52.3434333645693712 255 255 255
-9.5029253284745412 5.2014771722508817 55.5569342670977235 1 1 1
-5.2352431736578264 5.3446777642751595 51.9484677354557434 255 255 255
-10.7822348309922624 5.1717545395214675 56.2114172403263481 0 0 0
-12.1852232668630016 5.0980411720520289 57.0251324578018739 255 255 255
-9.3606899707845130 5.2893311633503135 55.3899167099748624 255 255 255
-9.4646805724722078 5.3711200745655923 55.3531554988713737 255 255 255
-9.3693913030449227 5.3771647892999690 55.0837719491806297 255 255 255
-10.4943115578671815 5.4304021481993292 56.3553792926504684 0 0 0
-8.4885983874149424 5.5225665691021275 54.3216008809170106 0 0 0
-7.9664313519614893 5.9016108336473430 54.6124892079986068 0 0 0
-10.5516932239386456 5.8054188298196392 56.3533450863068239 0 0 0
-6.2516398058413190 6.0389633484429064 52.9653669616570113 0 0 0
-10.5788792216241863 5.9532212135890834 56.2921586961362337 255 255 255
-8.2158654908038553 6.1025109900357029 54.8747654750095322 255 255 255
-6.7257788014793185 6.1504515019057067 53.3316097114099463 255 255 255
-13.3862895035960996 3.0843848256165143 45.4596750505026961 255 255 255
-8.1855442184063083 6.2329454658996095 53.8024817729270310 255 255 255
-10.9154774747303307 6.2576031079180705 56.2959445143622759 0 0 0
-7.7821812552974450 6.7259534595652601 54.1693927508749837 255 255 255
-5.6926695186429246 7.2020289784088831 54.4042280086264896 0 0 0
-11.4555119338612545 6.6482349044341653 56.7617455425697557 1 1 1
-6.5618157489229585 6.8368851010142251 53.0304956586366174 255 255 255
-11.3051267791084662 6.7165110948341979 56.2160989698268949 255 255 255
-11.4120519045417819 6.8417570324170436 56.4312717004343014 0 0 0
-5.1463124329013921 6.8753837367921591 50.2401762149993303 255 255 253
-11.2128294367450607 7.0083401995408261 56.2383546285684872 0 0 0
-10.5404814209165689 7.0313328075398642 55.2938571147983353 255 255 255
-9.9571562733688346 7.3060477639356760 55.4970322121161601 0 0 0
-9.3464962566259100 7.5584833268786351 55.2546982839689207 254 254 254
-8.9298501466390388 8.2677989338400586 54.6418670213746935 255 255 255
-9.8567530345380732 8.2071219584250716 55.2372279565228297 0 0 0
-10.4813615342202322 8.4247158203090855 55.5458252792632763 0 0 0
-11.5945251619990266 8.3017066975356268 55.9511186956830642 0 0 0
-9.1843852707091926 8.3294224041701064 53.7282341714974550 255 255 255
-7.1173019480698771 8.5410306139725947 52.4443374774652611 0 0 0
-8.3878687771300200 8.7752387878041329 53.7269361410016160 0 0 0
-9.1823052111544534 8.5987526759592203 53.5577407859767547 255 255 255
-7.1336323670983814 8.8737135590269407 52.7455733671434288 0 0 0
-10.4313340060349891 8.8447631054327243 55.3540596229276147 0 0 0
-10.2971625792744454 8.6773070960233714 54.5222642536194400 103 244 43
-10.2157412676818087 8.9842989191889142 54.8901806763028830 0 0 0
-9.9989840032724633 8.8411916262888024 54.0144205045807055 80 250 19
-8.4270133934599833 9.2046256533143396 53.9300462513032386 255 255 255
-7.2963798311773358 9.2041677451453143 52.9059357274703714 0 0 0
-6.8653086261530065 9.0898745789338076 51.9015652889126429 13 254 1
-9.4972222766345258 9.0871319653195570 54.2311719180898848 86 249 20
-7.3664289202507787 9.2083318362782602 52.2152699197843830 0 0 0
-6.9845369750647714 9.2815166139606937 51.9995434490715951 0 0 0
-9.4078228247771847 9.1373378973751294 53.5271881639706777 0 0 0
-6.8353278557061516 9.4457051155228129 51.8171978331395735 255 255 255
-7.2957211827128807 9.6808274911182473 52.0460541072587475 255 255 255
-9.2330332134561335 9.8590931177266832 53.1055261501086235 0 0 0
-7.2755155276792900 10.2273371035050946 51.8433032308130848 255 255 255
-12.0075341440589547 10.1022600706035721 55.5670701125215345 45 226 0
-9.4539564759943744 10.0959401456020892 53.1757767375937647 254 254 254
-7.2149233707174032 10.4151846947982047 51.7050930550541210 255 255 255
-11.5412080734803908 10.2664580980668809 54.9271562999535163 255 255 255
-12.0660683728911184 10.3792751202779314 55.5531684075292276 0 0 2
-9.7933739983396482 10.3569369847243475 53.4343630932175202 0 0 0
-6.1243315914297201 10.4291640436749979 49.8760814766262470 0 0 0
-11.7233659426406209 10.5103556053757199 55.1014889037919389 157 250 117
-11.5628463365093079 10.5532972773222298 54.8684738375796925 0 0 0
-11.7634702485617808 10.6921521760374691 54.9194123508293828 34 34 34
-8.0289313843402415 10.9180469066692094 52.1822642637231269 0 0 0
-8.0956705317739388 10.8890195896866313 51.9341002687655831 0 0 0
-6.0580921462921156 10.7398908187784681 49.5588470374111054 0 0 0
-8.0211794871898707 11.1458875440932506 52.5760229016982947 0 0 0
-7.0330339259013792 11.1151814083663929 51.5905045322893088 0 0 0
-10.7885586249980605 11.0913892294926271 54.7527025934272729 255 255 255
-9.0916511682809702 11.0115740848138888 52.6283817063916430 255 255 255
-7.7830526020648474 11.3660227721260316 52.5917057459170323 255 255 255
-7.4567089754289988 11.4255823993105121 51.8975348242092096 0 0 0
-6.4186967538279234 11.3499387785277417 50.6255547861679815 34 29 23
-7.7870326864764596 11.5081947542169907 52.3349342559908663 0 0 0
-6.3561400690762397 11.2451971159390567 50.1060539462633088 0 0 0
-6.3088993063576568 11.4408543892949037 50.4415231526861803 1 0 0
-6.0801374264769255 11.5377874757277965 50.4683905898486742 0 0 0
-6.3401841271709971 11.5054898558543979 50.5340829404820084 255 255 255
-10.8799012472676750 11.3397280173462995 53.9547471137395505 0 0 0
-9.9554478995046587 11.6723820486008947 53.9836043755544210 0 0 0
-6.2511567903713940 11.6763576512493152 50.6973940789994515 255 255 255
-9.5955248375286235 11.4941412756303745 52.8621366069833840 0 0 0
-7.6983746446167380 11.7821366590902290 52.1619106014858858 255 255 255
-11.1047000039421615 11.4397087263001591 54.0549115425230795 0 0 0
-10.0582105650049272 11.7620735630036908 54.1194058732269383 255 255 255
-11.2367008679695335 11.3996176685070800 53.9825016986529604 1 1 1
-11.3119212168682139 11.5263570509787190 54.3113874762717543 1 1 1
-7.4631944188470065 11.8736493764868509 51.8913134549823738 0 0 0
-11.2487269317450131 11.5321174777931983 54.1526995813279584 255 255 255
-10.0482043548087709 11.8761044672755691 54.0767945288143963 0 0 0
-11.0661128941733473 11.5813765041967418 53.9873005646136974 255 255 255
-9.7138456552186341 11.8722884909497672 53.6610591588671326 255 255 255
-10.7428202529323862 11.9424826256109942 54.6654140688536145 255 255 255
-11.3057536814323090 11.5850562857505519 54.0635320756273430 255 255 255
-7.3778941002792067 11.8589050682475516 51.2442762877326174 255 255 255
-9.2420401148113065 11.7980236316377596 52.2915173985521164 0 0 0
-10.1109934814286095 12.1160274643664998 53.9839132723611925 0 0 0
-9.4292195238174443 12.1768194176659676 53.6125389402753285 255 255 255
-7.6375371552022653 11.9560413513553989 51.2714619719020348 254 254 254
-7.7300435026010268 12.2040796105123874 51.9567754365370575 255 255 255
-7.8228145036668133 11.9807243688468361 51.3121356897763548 254 254 254
-9.3270662010981429 12.2514181735919436 53.4410480610313456 255 255 255
-9.0387186633753878 12.3206217151231670 53.4103885819138640 255 255 255
-7.5972559694327106 12.1205061924934228 51.2543642780507653 0 0 0
-8.2759025785182896 12.1378278078730197 51.7174908936535402 255 255 255
-8.2217187287809015 12.2833296322591394 52.0034151177030282 254 254 254
-8.8883126644214467 12.2736785293008541 52.4794034246232997 255 255 255
-7.8871135864778017 12.2377600744372153 51.4795677337812023 0 0 0
-8.2852643693106742 12.4110631286628124 52.3280357876143967 255 255 255
-10.5257616911007865 12.1261678489382163 53.3450547808421973 255 255 255
-7.9399323199268474 12.3326791820404811 51.6800826509032802 0 0 0
-8.0109274834172712 12.2650840085285626 51.3822040055282514 255 255 255
-12.3769902616636678 12.1554590232060598 54.8876429349548118 0 1 0
-7.7673921811716706 12.3261052873285930 51.3319346325760577 255 255 255
-8.2112006094480190 12.4400842040783122 51.9933421496482708 0 0 0
-8.7217140216679905 12.5451285556397085 52.6401946985685711 0 0 0
-8.6516460683959018 12.5289076563305528 52.5119488426910550 0 0 0
-8.5732607721002321 12.5368353683037128 52.4433726696044999 1 1 1
-7.9879230909311119 12.3983558563725129 51.3508805592415243 255 255 255
-7.6884922022949835 12.4309555630756101 51.1761601278116487 0 0 0
-7.8852754722057172 12.7206897243618222 52.1083849319768646 255 255 255
-8.0932116047599774 12.7902467674816371 52.3480982770724594 255 255 255
-8.3443988196534722 12.7201208144533666 52.2799676655769119 255 255 255
-8.0417154024582853 12.6000730940601962 51.3139110609164462 0 0 0
-7.8393583627834218 12.6785777342479875 51.2176947570077630 255 255 255
-8.3909812285003653 12.9924300526416303 52.4036567055879985 1 1 1
-7.9207824726261586 12.9578059117461297 51.8524764124765767 255 255 255
-11.1257966236953365 12.5992933375311242 53.5482221976374007 0 0 0
-8.0588583599135326 13.1262320380561324 51.9846097102256977 0 0 0
-8.1939334978644833 12.8785587939022346 51.2970741538310833 0 0 0
-10.4798581948965062 12.8108391925617919 53.0321460269916898 255 255 255
-10.2604913083660740 12.9054498315952486 52.8391224535414494 0 0 0
-7.8891274163857315 13.0594620874331913 51.1618180535089806 255 255 255
-11.8548359078220127 12.9726097913053504 54.0129378707155823 0 0 0
-8.2505654930577279 13.1269314357545568 51.1505282173679063 0 0 0
-9.9980715454107987 13.2880587888541264 52.4706079844901083 0 0 0
-10.5954178961347356 13.3360063212239410 52.9666199670410123 0 0 0
-8.2450188492644365 13.6824660863205896 51.8951387532358339 0 0 0
-8.2257849655857758 13.5324481352973471 51.0752774328355841 255 255 255
-10.5609368327551749 13.5007702841661352 52.8360327555064302 0 0 0
-8.3375243028249741 13.9143235204255600 51.8938849166343203 255 255 255
-8.5194841393266429 13.6620485837869641 51.2256111047207554 255 255 255
-8.3551885608559981 13.7141074287455496 51.0524344904148393 0 0 0
-8.6881374822600428 13.7426384386188740 51.2538588316137904 0 0 0
-10.4547302970224276 14.0354448130191898 52.4166908976128383 255 255 255
-10.3489107332745327 14.0906858512726743 52.3928997140829651 255 255 255
-12.3164746298251053 14.0646539486458213 53.9051730098884008 65 255 71
-8.2414121348347997 14.3683085216047211 50.9312802045969235 255 255 255
-9.8948328816755531 14.2475195050923222 51.9041355621262497 0 0 0
-8.0309750729665961 14.4451501945124292 50.6439212235580030 0 0 0
-8.1758300208178500 14.4744680021186252 50.8053981402589656 255 255 255
-10.5442932622087238 14.3140299137960856 52.4455784713015021 0 0 0
-10.2728174996611479 14.3609206723932576 52.1126369469568616 255 255 255
-8.8278631164894392 14.8977676653943494 51.9388134248511975 0 0 0
-8.8734397922657475 14.9806401576189199 52.1069998744622254 1 1 1
-8.6062509952266719 15.0003124190249792 51.9400066700859568 0 0 0
-8.2567173719971851 15.1795815838329862 51.4717641021179801 255 255 255
-8.9164026167021344 14.9653058299218475 50.8680700031064390 0 0 0
-11.4985731963857116 15.1225621354131334 52.8948307094424095 2 178 5
-8.5218712604531088 16.2969155759221920 51.0730145660584185 0 0 0
-12.8430096750505527 16.9415163005374474 53.7067570482825758 1 1 1
-12.5778887177516925 17.2150051404965048 53.4316650884411430 1 1 1
-3.6002510160483867 -5.3176301472313341 60.5873417074966341 177 114 145
-0.4496222904515106 -5.2010786234254320 58.3166746047589157 0 0 0
-1.8993292772724164 -5.2099507626646613 59.1778119655403785 165 99 137
-3.5571054608499044 -5.0177948180010530 59.8736491458354649 185 125 159
-1.7225235252031408 -4.9277950660876568 58.8812950790164038 0 0 0
-4.8829654847398842 -4.9338273376932493 60.3990385277752679 0 0 0
-2.4795614748868853 -4.8307932968388920 59.0823169391559730 0 0 0
-0.9493720336360038 -4.5649407962946160 57.8721571645707655 0 0 0
-4.7054692978212920 -4.6050112495082463 59.9076654907843889 162 102 140
-4.3218473682124072 -4.5208920882065673 59.7195433879436237 0 0 0
1.1716342168341545 -4.3233545366742376 56.7276082211385244 153 87 99
-5.0996697930672328 -4.2573793667799151 59.4323921450968768 0 0 0
-2.1375170616886949 -4.1479667789147481 57.8655351267910874 0 0 0
-3.2670468129055337 -4.1552391793931802 58.3414277561269330 0 0 0
-4.2864849544674426 -4.0360483504830045 58.7823685992467730 0 0 0
-1.8111120483126064 -3.9139360070495721 57.5341622192453812 183 126 171
-5.5856246768712934 -3.9564981387633575 59.4411493862914426 1 1 3
-3.7222593801134676 -3.9136264014645143 58.4319965844215261 174 117 160
-1.1106860004852936 -3.7648823427403615 56.5302462152756178 176 121 160
-8.4135430608891575 -3.5468047831966230 60.7851779113233093 0 0 0
-8.1174033840544517 -3.1286197617018336 59.8202221416846740 0 0 0
-7.8718881754571735 3.8267618925546270 54.7258970331934123 255 255 255
-8.2309542956287594 3.8346439009375999 54.9173162607828331 0 0 0
-8.5250085432724809 4.0249729913339145 55.0142648017422360 255 255 255
-11.0662653571302076 4.4133769009458019 57.7513259934293117 255 255 255
-10.4856797826956374 4.5471486599032822 56.7583938936371482 0 0 0
-9.1937232355541649 4.5272107512941142 55.3507569590504929 255 255 255
-10.1877244356820178 4.7305814336224330 56.2626457166116296 0 0 0
-10.1204675131523523 4.8911413234058889 56.4203724962004145 0 0 0
-9.6629223753475202 4.9724513290096990 56.1350250307611915 0 0 0
-10.6975941658601386 4.9034227226004790 56.5443414316618700 255 255 255
-9.0501655152930525 4.8835608169407410 54.9076854493049566 255 255 255
-10.6157811050361577 4.9650639539011490 56.2882777266883920 255 255 255
-10.0213316715534599 4.9806696905009504 55.8587283833612034 1 1 1
-10.0157941312051069 5.0772622900931630 56.1272319548453780 255 255 255
-9.2716343318503291 5.1136282588047601 55.2669183445815690 0 0 0
-9.5513647489780631 5.1472511312050004 55.5767864346961531 1 1 1
-10.1347304071690871 5.2292607138333675 56.2755778725030993 255 255 255
-4.9012384120045107 5.4306567654393580 52.3840564573593142 255 255 255
-3.9980283257938241 5.5916301353497246 52.2214540343479925 255 255 255
-8.6637719940714888 5.3738178039942879 54.5636308266317940 0 0 0
-10.5533835733943473 5.4524671984027417 56.3967462070581931 0 0 0
-10.9370373950981339 6.1585256837297759 56.3174365408970914 0 0 0
-6.6842042172936091 6.3653461255368917 52.9659330176847973 0 0 0
-7.9270888457921744 6.5378153428608474 54.3915147256970641 0 0 0
-11.4935308474622797 6.6485742005742781 56.8654692203377792 0 0 0
-9.4903906626414152 7.4379617212734557 55.0433835990423219 255 255 255
-9.5714015022581531 7.7748996420234642 55.2248425844044633 0 0 0
-5.5952590637620432 7.8687558366050050 51.8938205552861263 0 0 0
-6.3350405129930989 8.0838346837423991 52.1251080555377726 255 255 255
-9.7247883234677612 8.1744699907111400 55.0914587671024165 109 247 50
-8.9334067198070120 8.2176859225487835 54.6837551843344229 255 255 255
-6.7943160822974713 8.4789558481992824 52.0324175502117896 255 255 255
-10.3144691171228704 8.5794839954335398 54.5306406552261009 106 249 47
-10.4761381489560854 8.7561164516113603 55.2894563710232632 0 0 0
-7.2730800197544028 9.1700462703221195 52.8175738930455552 0 0 0
-8.6752184692510443 9.3242850807913786 54.1116846098375177 0 0 0
-7.2816225112860264 9.2080458134391634 52.1136597648818309 0 0 0
-8.7862231595785438 9.5417880577316438 54.0642668268041291 0 0 0
-7.3546265962078774 9.6785633142753014 52.1142239217757535 255 255 255
-11.9459923677352702 9.7742704078889044 55.7324929503388233 1 1 1
-7.0984430184736063 10.0482023258047750 52.1592584547284659 0 0 0
-9.5245718785221314 10.0572318031676193 53.1443722089032917 255 255 255
-6.0237469874615579 10.2050844414859174 50.0703675622440585 255 255 253
-11.4818773411302733 10.2730616318357750 54.9201311183464966 255 255 255
-6.9653145167501753 10.8196285898996525 51.7743149936610649 0 0 0
-11.5747917045248787 10.5758781312348962 54.8750756283682080 0 1 0
-6.2388675813494086 10.6152765754908298 50.3041975643033652 255 255 255
-6.0667378841737269 10.5769284149110323 49.9795102027839633 0 0 0
-9.3305044229420737 10.8747327257052877 53.7796902319112888 0 0 0
-10.8922896999777574 10.9512849335356712 54.8864351730478788 255 255 255
-7.1685796045077126 10.9566355211283870 51.4722201836998963 0 0 0
-7.5289255663048751 11.0672969443403186 51.9539466108074564 255 255 255
-7.3734731224748593 11.0520792493713760 51.7377868256078841 255 255 255
-9.5851895163723793 10.9416097906116612 53.0582971664826459 255 255 255
-6.3038454927124175 11.3566252613647389 51.2482291042326921 255 255 255
-5.7593611646710832 11.6525935314981623 51.1604151684250610 0 0 0
-7.5024522722791405 11.4887673782520956 51.9352880243298429 0 0 0
-7.9078001958362805 11.5527673203879839 52.3676309750608766 0 0 0
-6.1572212938493101 11.3418989660419669 49.7469370540755591 0 0 0
-11.4324712546549758 11.3557920773645815 54.4030478577401126 0 0 0
-6.6102005335739413 11.6621637190258181 50.7601285723214843 255 255 255
-7.4861768227146284 11.7651798023982082 51.8687796403834582 0 0 0
-6.3564034087929207 11.5751051181864746 50.1524998559404267 255 255 255
-9.9475742582028346 11.7945524200843863 53.9821179675497689 0 0 0
-7.7404203360733215 11.8414857875314325 52.1348647448088016 255 255 255
-11.5824990043689375 11.7193576047471844 54.8097610941764657 0 0 0
-7.4540143630822664 11.8481180581493035 51.3189993629015362 255 255 255
-7.9831662091425937 12.0693820813741048 52.2008495115554894 0 0 0
-7.7057627448078092 12.1144237230691800 51.9337926825558185 255 255 255
-8.3478166931822404 12.1858005379825016 52.5466204282225533 0 0 0
-7.7808462543856276 12.0409297793082501 51.5097886142797705 254 254 254
-7.5530844493491234 12.1649624724053833 51.2422578667513449 0 0 0
-7.6421565827138540 12.5709799693990600 52.1215586516207168 0 0 0
-10.5327751405366694 12.1889751938527819 53.3399511847698591 255 255 255
-7.8810961855926003 12.3762211138201010 51.3805772244332957 255 255 255
-7.6677234017301261 12.4752805835166480 51.1738639821918539 0 0 0
-8.5797600843921540 12.7520733810619848 52.4642445445172285 255 255 255
-8.1533500881571097 12.8171275036189396 52.2786228783578437 255 255 255
-11.1455581326081425 12.6827048806033940 53.5864839955390408 0 0 0
-6.8473569354079826 12.9965261253267030 50.4347961045376110 0 0 0
-8.5518425547949661 12.8596086204211630 51.4809796541359006 0 0 0
-11.0094893117791770 12.7902931621728069 53.4125779106169958 0 0 0
-10.4138232355570075 12.8896147213238095 52.9736306186171788 255 255 255
-8.2249586961080361 12.9452221812348807 51.3137179241955508 0 0 0
-10.3279973576297674 12.9138182660072083 52.8936107113921494 0 0 0
-8.1921496085634349 13.2033867875413158 51.2246180383980629 0 0 0
-9.9383430460184368 13.4855057333068800 53.4164945232893231 255 255 255
-9.8610157538259546 13.5316060269489089 53.3283929240883268 0 0 0
-7.9941681286747857 13.3014534683737686 50.9040192340389908 0 0 0
-9.9369846855582828 13.6961418462152835 53.2623437450697068 254 254 254
-8.5553948722262518 13.5459239807584559 51.2640042555169657 255 255 255
-10.1643072544461432 13.9367182314596061 53.3236023058780759 1 1 1
-8.0905111829314915 14.1865289200702485 50.9351623239410785 0 0 0
-10.6802127212496423 14.0333101163692078 52.7099723305202517 0 0 0
-10.4594823826876340 14.0397572880276229 52.4801679023487964 255 255 255
-7.9926339502111858 14.4349888332327865 50.6190399750276612 0 0 0
-8.3543548500622435 14.4097195912465104 50.8076221815492133 255 255 255
-8.7413755055113800 14.8800290223465659 51.8507237762244557 0 0 0
-8.1747881158442208 15.1807659179557568 51.5666231900799943 255 255 255
-9.0867762566805332 14.8700879009559941 51.1198351245162428 255 255 255
-12.8922740058223422 16.8205611029482363 53.7597113019760755 0 0 0
-12.3154430799044761 17.5208205015670906 52.9751330596818661 89 255 60
-8.0836183905457784 -3.0867369845870978 59.7618967412067903 0 0 0
-7.0229498531851524 3.5781882050551976 54.3377379438410841 255 249 255
-5.4691467100255062 4.1637558546488211 53.4035051315212925 255 249 255
-8.8721168143558540 4.0658160397490812 55.3709008166174002 0 0 0
-9.1305119839550013 4.5531272279370123 55.2959796849193594 255 255 255
-10.1614519110821764 4.6803892095051545 56.0589797094467386 0 0 0
-10.8376155370815876 4.8436769683112129 57.3199438260726879 255 255 255
-10.4679941267191960 4.8689293252855483 56.6318976934576881 254 254 254
-5.0010897947214872 4.7533878323586132 50.4738439657674505 255 255 255
-9.7637576179306631 5.0907073577461945 56.0428966150870735 0 0 0
-9.3263608594692542 5.0249468298813067 55.3733307773710237 0 0 0
-9.8198738423081586 5.1849575936609247 55.7423096829098270 255 255 255
-5.0546651230685606 5.2412467981029511 51.2518008258902640 255 255 255
-10.0930673595121654 5.3028367969437333 56.2671481030068037 255 255 255
-4.6989636060159530 5.4125247130880885 50.9141620152936554 5 4 2
-10.6272094390587561 5.4754109354389238 56.4175991168152038 0 0 0
-8.0299361459728402 5.9485848156130823 54.7382884053361138 0 0 0
-4.9419917210489261 5.7715713973371718 50.9526226104816331 255 255 255
-5.0390492459918255 5.8334309267320306 51.1270870546370730 255 255 255
-10.4915899692368733 5.8797800485442409 55.9887970861202646 255 255 255
-6.3174972847749240 6.1175683561669043 52.8553242622948858 255 255 255
-4.7872427357030221 5.8986440611249131 50.1208867457676064 255 255 255
-8.0288020116853094 6.4396840321393345 54.5799893760380570 0 0 0
-5.1225213084790582 6.3822827072481463 50.3882393130835951 255 255 255
-11.2412757652083641 7.0790298586702081 56.3819949059754606 25 25 25
-10.1806880004089564 7.0290994733124412 54.9964055863606305 0 0 0
-5.7131838410385907 7.6158746301357976 52.0421984336818610 255 255 255
-9.7768072927499023 7.5122829231662775 54.3503953421331971 255 255 255
-5.5574702910840728 7.8723317120807685 51.8762952358968832 0 0 0
-6.3548850420348515 8.0561060754972935 52.1390869571543050 255 255 255
-8.9177786860615473 8.1825518116673699 54.6644216089554220 255 255 255
-11.5577837243895338 8.1078012725089277 56.0899489679904946 1 1 1
-9.7054880672614878 8.2857062905224925 55.0603215284908885 105 246 46
-5.7257621108694199 8.8761166279228636 51.7009092289172898 43 254 1
-10.6519201362908422 8.6169526936971632 54.8203435444444125 0 0 0
-7.5806891984380949 8.9732884415126399 52.4274379378943181 0 0 0
-8.2618731072587455 9.1544306832917393 53.6510958075525792 0 0 0
-10.4889860480644614 8.8970195420365599 54.1972978567923391 0 0 0
-7.1912164436859447 9.2219427027888923 52.0960871466652193 0 0 0
-8.7112568670626978 9.4114043856062448 54.0096163737838424 0 0 0
-11.7007617606412904 9.7183608505311714 55.3640969525387163 255 255 255
-7.1723370726015503 9.9605637297499356 52.0109895078193389 57 57 57
-7.3766086346616637 10.3308101059516719 51.8762387435809700 255 255 255
-11.4180325262655256 10.2303471663001595 55.0375598836936888 255 255 255
-7.0153495512915818 10.5260290153124334 51.5343874368402552 0 0 0
-6.4671915158026252 10.6703444453957061 50.3019163895959949 255 255 255
-7.4780962477248565 10.9877054183897886 51.7743191782455554 255 255 255
-6.6670524737673791 11.1315023258222023 50.8530455260474028 255 255 255
-6.2813919685014774 11.2754772657668276 50.5013971729980824 0 0 0
-10.2178093327996304 11.3872958166351577 54.2192727865962496 255 255 255
-7.9814509258023554 11.6281610476348654 52.4195488625461010 0 0 0
-7.4789872073664956 11.6369047714076270 51.8866822488358963 0 0 0
-6.4208821349198617 11.6246708093637743 50.2139054951675092 255 255 255
-7.1970990967045720 11.8439356554831203 51.4987812953106783 255 255 255
-8.0360792791526094 11.8585697904650402 51.5927725987167207 255 255 255
-12.0212491616639792 11.8251151474350706 54.7763618720179082 0 1 0
-10.5350407771508969 12.2285048309875961 53.2623118695235789 255 255 255
-8.2712310596871959 12.5920198360206399 51.5401127163639003 1 1 1
-8.2885532601447665 12.8593832758966649 52.2569719311564072 255 255 255
-10.1997037681894778 12.6654184915574266 52.8489431580323341 0 0 0
-7.9056650402322290 12.8668359479006238 51.1460001578929777 255 255 255
-7.1053970323991509 12.9787217908276773 50.8226691708565426 255 255 255
-9.9250196175238923 12.7860362647847445 52.5953625120369779 255 255 255
-8.8164467669496780 13.1641038644536685 52.6740930958380957 0 0 0
-8.5587419632694299 12.8516469411335468 51.5260899664092804 0 0 0
-10.5962640738086353 12.8893999375049741 53.1012883449353765 255 255 255
-8.2379831983650380 12.9909370495763348 51.3450607161480264 0 0 0
-9.6756545618233911 12.9067564774940138 52.2923305632885729 0 0 0
-10.3944307974713102 13.0457858654061187 52.9442884703953567 255 255 255
-8.7801508319128434 13.4036502480582609 52.4968924138858668 0 0 0
-9.8057552542630884 13.7512306611157786 53.1693923787324110 0 0 0
-9.5289108030000840 13.4737618456715076 52.1375569676287043 255 255 255
-8.0954005060177181 14.1181836767284636 51.0097409246894955 0 0 0
-10.1516220656383922 14.3238246971074918 52.0023352101443521 255 255 255
-9.3633598985208195 14.5492349820015026 51.6001367485129592 0 0 0
-8.2799059545262939 15.3721741003179684 51.8652711657844847 255 255 255
-9.5860841841087066 14.8038920349116854 51.2967537546232393 255 255 255
-13.4004938876675368 16.9695655547894901 54.0791090537674677 145 254 111
-13.6078135544725960 17.1752050635759019 54.3921633908815281 75 255 41
-7.0833448562610890 3.7432821468094106 54.4141500117473669 254 252 253
-5.1648023719578147 4.7448994036327514 52.9810550441529813 255 255 255
-10.2576189101655668 4.7568592364245950 56.3579436361638599 0 0 0
-9.4060602441605035 5.0015116159656632 55.6101350345324761 0 0 0
-12.0383089187339696 5.2922448359600072 57.0003499549279127 255 255 255
-10.0854760693463525 5.4460280348304924 56.1202051732976841 255 255 255
-4.8043523718929864 5.4650847112749936 50.7521960734318043 5 4 2
-10.8067712567637351 5.5975610801608680 56.4935430738829822 0 0 0
-10.9431962395431412 5.8329963267866614 56.4314230769554115 0 0 0
-7.9330761928234033 6.0422189982023289 54.8575389254814993 0 0 0
-6.1542594525018979 8.0544257194300677 52.4675457206399614 255 255 255
-8.8983177961599988 8.0767059123905671 54.6330460106281564 255 255 255
-11.5150605306522689 8.1164576605720971 56.0922156773924883 0 0 0
-5.1462800401750135 8.8453545031269858 51.5458475999710117 1 1 3
-10.6875525314290130 8.4623922797389444 54.9302361307216529 0 0 0
-11.1265509745368352 8.6583817440057960 55.7237806853927822 255 255 255
-11.6324822453377070 9.1156768211943113 56.1054155039298408 255 255 255
-7.1131038263743926 9.1851216812287522 52.0987825023212068 0 0 0
-6.4770250445781032 9.6877442575827626 51.6671002115824436 255 255 255
-7.1246171716837923 9.9933951381363322 51.8848014970415932 0 0 0
-8.7793711759226198 11.0335190304721689 53.5920413242307561 255 255 255
-6.7997848068158966 11.0803298885771113 50.8962252235125092 255 255 255
-6.1584525771527971 11.1907944170142617 50.3923099644271844 0 0 0
-11.2327216960939591 11.2000658709138765 54.1945283000615419 0 1 3
-9.9481960885553011 11.3668295084739341 53.1692413481570725 255 255 255
-8.3536285984477381 11.9433408076339944 52.7730044232423126 0 0 0
-8.2431508976415113 11.8283487124265232 52.4161837102158685 0 0 0
-7.0287438684797072 11.8612650522365435 50.9955388774335603 0 0 0
-11.8398857820338446 12.2115097028115169 54.2071415418398530 0 0 0
-6.9443513834468975 12.7232085686597127 50.7757699810457197 255 255 255
-8.9605950863192323 13.2397396169624688 52.7895254551173636 0 0 0
-9.0980308844732676 13.1788471454633260 51.7142861288108691 0 0 0
-10.8941783835429149 13.4088728168169098 53.0688154678101540 0 0 0
-8.5816338762262916 14.8294653426531617 52.1966472062212787 0 0 0
-7.9634226436163251 3.2366994741851625 54.9383692726719062 0 0 0
-5.3912738082266873 4.5472782379925603 53.2164134888410700 255 254 255
-10.1689671973997502 5.5139917843297708 55.8934084112281795 255 255 255
-10.9582886306521843 5.6329002112855431 56.4881713277336459 0 0 0
-5.7403021159607910 5.7970047373850599 52.3050637400142406 255 255 255
-8.8767987910014448 5.9097994251605375 55.3710402110102038 255 255 255
-5.1935274399577782 6.3873963963551850 50.5642656200226668 255 255 255
-10.9739320493399397 6.6008841187791898 55.9865833950789948 255 255 255
-9.8846059775280715 7.5720824160645837 55.3491589145020058 0 0 0
-7.6762330530041805 8.5530950970480948 53.3602780961637464 255 255 255
-7.7829998491968198 9.7292508009710872 53.2112402525579355 255 255 255
-8.2853620956789698 11.3599836695188543 51.7799452157270821 0 0 0
-8.2053509451913715 11.8672953082459358 52.7030718961253442 0 0 0
-8.5610604123718872 -3.0893457327527281 60.1634554897425247 251 220 252
-9.6932376033513652 9.1100947647524233 54.4649441155023624 77 255 30
-4.8003749681974890 -3.8202899920198572 59.1134761841202163 179 124 155
-11.6512294320358869 11.0641190698389504 54.6612062534077765 1 139 44
-10.7290965628813737 18.1850755911540780 51.7301841239985833 1 113 1
-4.8136715657930678 1.3425606247374400 54.1895909058101779 0 144 0
-11.9798861533552490 13.1581641151719886 54.0635184398707480 1 4 0
-4.7769689878709718 1.4996947048925533 53.9958912216611040 17 167 0
-8.8721567130046370 17.7719995530009882 50.4775827758398137 51 179 8
-9.4062797070464281 0.9010229347882914 57.7232810768437972 2 0 1
-9.5544739073568508 1.0032054430448318 57.8851553781829793 71 220 17
-10.5449792213310456 3.1217530036544439 57.9972903634853196 58 105 97
-9.4182610202437544 4.0278260491011304 55.7055485359341276 93 236 148
-5.0521485105773962 0.9611283592983271 54.6041089618646254 0 0 4
-9.9226949488976075 1.0572539973168205 58.1587321937196009 0 0 0
-8.8463306354178535 1.3651530887912715 56.3215950434138222 4 187 0
-9.7956263099084318 2.6303975524097059 56.6406863406006522 39 209 14
-11.0822508605401548 3.4003629715146055 58.5124539295974060 3 0 0
-6.7588657142480573 3.3956591733803325 54.3093342937935120 1 1 1
-11.0579641483236024 3.5176672753037210 58.4403920494904980 1 0 0
-10.0675961118924402 3.6223936681649098 56.5663107371084095 0 0 0
-5.4205401777606870 3.9767682522496508 53.4072314960341998 255 255 255
-5.2327189548461552 4.0950081700330614 53.2872334404923080 255 255 255
-10.3353997393312209 4.6007136308353669 56.5003977510980562 21 172 0
-4.8179039705665438 1.1090202674002507 54.2558535977320417 0 0 0
-4.9204599757711334 1.3579630167518206 54.3017556903543905 1 0 0
-4.2507159929920464 2.5122464580225250 53.3557478223265917 53 203 17
-9.8011335052832145 2.7466053476054588 56.5984530612949968 0 0 0
-4.1638579419356692 3.0039172098200941 53.1244211160582580 93 254 39
-7.9717908492027529 3.1426773196262223 55.1885334890400827 1 1 0
-10.0079867798705298 3.9403702436727936 56.3412984853101193 0 1 0
-9.1201703948000237 4.3215714942909340 55.3975654418837138 0 0 0
-10.5189990128079565 4.8331851072776857 56.5865419043015052 255 255 255
-6.0581977873412480 9.1720383718319756 51.6500699442458711 168 228 114
-6.7981566395120643 11.4083997361823588 51.1732766520722322 255 255 255
-6.6221641275554957 11.4506887666799670 51.1165489979083034 255 255 255
-6.9543932207480230 11.6019874570871693 51.1879036030402830 255 255 255
-9.8392008528749635 11.9212962765244583 52.7309414819203965 255 255 253
-9.4072108154485647 13.6692223931640910 51.8303116714533374 255 255 255
-6.1859008435647285 14.1631790340003043 50.4425852843051885 1 0 0
-8.2482107273941221 17.4109745461408103 50.2412968678920606 0 0 2
-8.4682296797623842 17.6582466871331860 50.3081134481896726 0 1 0
-8.5634081743930164 17.7986963753944103 50.2634082610247361 0 1 0
-8.9691707088698731 1.1936109080074653 56.5367928088984470 0 0 2
-10.2299862914766049 1.5304770757572848 58.2524749423325048 0 0 0
-4.4650469324328075 2.3064301221787464 53.5500260925874940 0 0 0
-11.2618716135297809 4.0056337031495914 58.5176909028449685 0 0 0
-6.4848765850919321 8.4238559356070706 52.3441244434940387 1 1 1
-5.6551582749575378 9.0136756383225975 51.6078535494959425 124 238 62
-6.0361718997547511 9.1765357997390904 51.6952309749190135 141 232 77
-5.5912245708667756 9.2492179911135359 51.4329510301067430 0 0 0
-7.0077016721084444 11.6165141601708957 51.1679778348855194 255 255 255
-7.1790235146204147 11.7645149793414312 51.1918763386412152 255 255 255
-7.3521233139097113 11.8794486235093917 51.2332375768300921 255 255 255
-7.4086544763796640 12.8495475347830119 50.9683190683324270 0 0 0
-8.4526859083175303 17.6235524412762246 50.2867119258572259 0 0 0
-8.3334781593766944 17.9427595391282537 50.2087765329435030 0 0 0
-8.6813786412344616 3.8107058608475537 55.1939837534534519 0 0 0
-10.6197101216543377 4.5327793506016008 56.9026546530357464 0 0 0
-10.5510049738561538 4.6927583335042486 56.7221975344547218 0 0 0
-9.4541252050712501 4.6490422415385808 55.5249858814914674 1 1 1
-9.2105711599239264 4.8295354369138446 55.2558512651956732 255 255 255
-3.9707823470325847 5.4926135623574410 52.4081888760049779 255 255 255
-10.4651980682874584 5.6125768740739819 56.0856664841688684 255 255 255
-6.0923104068594007 7.1605072780194048 54.2923549577324280 0 0 0
-5.0523309186253593 7.1273987473000462 51.9359460263587778 0 0 0
-4.9900235239351147 7.3662448015614652 51.8499616012961937 0 0 0
-5.4076700628571963 7.3435820766706614 52.0042720467123942 255 255 255
-5.5874930426033522 7.5209438027651077 51.9867977934814931 255 255 255
-5.7352962714571420 7.6883139527821758 52.0162462129998957 255 255 255
-6.0134245267737203 7.9146322708368375 52.0759526289762107 255 255 255
-5.5292089320520601 9.1657279112812535 51.5034195894353175 0 0 0
-6.2644443530264677 9.1697640959956583 51.6823348522916746 148 227 84
-6.2063700296192126 9.2406445518915614 51.6736586837958853 0 0 0
-6.9223596693763909 11.4185943340355820 51.2372926586784416 255 255 255
-5.4291890053178857 11.8063932608519266 50.9708482788362716 0 0 0
-7.0297612984521702 11.6038225669793409 51.1832813527872332 255 255 255
-6.6595708655050823 11.6949995943496923 51.0668347314655975 0 0 0
-6.4983955204893675 11.7599339569818415 51.0101202217391858 255 255 255
-5.3724740623427021 12.0825426828455260 50.9439801195288950 255 255 255
-7.2561583699168821 11.7874375529159003 51.1953041004978218 255 255 255
-6.6998998430553600 11.9886809334199427 51.0059076980774933 0 0 0
-7.3307174046028836 12.6658503148835830 51.0069975989561826 0 0 0
-7.3476879270398543 13.0125220427275554 50.9143347703029079 255 255 255
-6.8559461733262035 13.2340027838100696 50.7642735712956465 1 1 1
-7.4826428991999308 13.1173915349856518 50.8984100349837973 0 0 0
-7.6267170470436154 13.3803871333307178 50.8469021380284474 0 0 0
-11.1228019420738917 14.6338395890185264 52.7118146746616461 0 0 0
-6.6091902939538363 3.8033809154321276 53.9727110321458952 0 0 0
-6.2439075238098818 3.9617392551132560 53.7518674157155161 255 255 255
-5.8945511457886814 4.0299490430009381 53.6399533643605153 0 0 0
-5.0089641692424918 4.8145369692273752 52.7845378499119775 255 255 255
-9.0451944969432869 4.9312121525695760 55.0275016450961303 255 255 255
-10.2928377219403284 5.1776623203172090 56.0583385372648166 255 255 255
-10.8961970800324419 6.1825884437475800 56.3879459825011509 0 0 0
-11.2778693174617910 6.6469447842349547 56.4861200367083072 255 255 255
-11.1789433073187752 7.0695882792327396 56.3805844279202688 0 0 0
-5.6468868373728229 8.2830526537697367 51.8048192832333925 126 232 61
-4.9975267097266745 8.9775159874402437 51.5637488357445193 0 0 0
-5.6833612180416626 8.9396319420686936 51.6584207792756942 121 239 59
-5.3509824169138165 9.0661523665174606 51.4841945546589486 0 0 0
-6.7128530148352672 9.0707764936197464 51.9526185463463008 185 219 132
-9.6322938546138452 9.9327237837550939 53.4287115740363774 0 0 0
-12.0886626164718241 10.4957815982524334 55.5537470010503611 0 0 0
-4.8697608119373532 11.1556302276661707 51.0175832875508775 0 0 0
-7.3189134434072063 12.9663655235702127 50.8992657287180563 255 255 255
-7.2310462752630142 13.1808888307658663 50.9875883523847122 255 255 255
-4.8771495452557785 4.5277980730059939 52.9444960322849028 0 0 0
-4.9663118085968732 5.2099867856072128 52.6392629350730488 0 0 0
-4.2861865805508659 5.3406927685717180 52.4652539590296385 0 0 0
-4.7423561420532492 5.4793274574679440 52.4894037624325236 255 255 255
-10.0135159047888465 5.3239040705103280 55.7214409598844114 255 255 255
-10.6513970209374715 5.4686448936759824 56.4162700008899520 44 46 45
-6.6523169287239119 6.4658632638427207 53.0188678191341154 0 0 0
-10.5810795604414345 7.5712268468139543 55.1867075446699218 57 63 59
-5.7008316162787089 8.3796608825784009 51.7956854963693303 122 233 50
-6.7049675755577249 10.4533173752418307 51.4466245773710398 255 255 255
-6.3041458812238531 11.9298149565820193 51.0022716835895480 255 255 255
-6.8305873607166490 11.8222204255222874 51.0862062646900128 0 0 0
-7.0640181027520512 13.4912892192133143 50.7140122816968315 0 0 0
-5.4253241091752953 4.3414531184136367 53.3641019791992832 255 255 255
-10.2317354963803719 5.3981596285264724 55.9229348544352547 255 255 255
-5.5187543945283997 5.7889666615131130 52.6679588141132342 255 255 255
-10.9283723659259948 6.6641310542160479 56.1759571792481864 255 255 255
-10.7864054450780014 7.1364384165712380 55.7142496683033670 255 255 255
-6.4104150874849619 7.9658309259693940 52.1723454466205183 255 255 255
-5.7976626845655979 8.6221714856177236 51.7481523935079082 124 234 57
-10.6947105368326465 8.4974708836941613 54.8763570757721766 18 37 31
-5.4851350344138821 5.9121874476766516 52.6201801319355553 255 255 255
-6.3489181736800750 11.3196669961550036 51.4034983273958090 255 255 255
-10.9063893674593082 15.8586894504646558 52.1383205409068111 35 239 26
-6.0528356506760712 8.7945925388665689 51.7840217077552794 141 227 74
-6.3208444975250231 2.0423398917597915 54.8193654830635566 1 0 0
-5.0082137556133652 4.2978681063918458 53.1429895452898222 0 0 0
-4.9348229281559979 4.3850465316235905 53.0898593665680565 2 2 2
-4.7455228935186540 11.6860656996196433 50.9731840565177805 0 64 0
-4.4223705397509763 11.8592545550574524 50.8935556929282882 148 238 88
-5.3255271174171455 12.1531343285670488 50.9724932706135831 255 255 255
-5.2726071043591229 12.1433466039720201 50.9117721077535492 16 25 22
-8.2539767137219116 12.6860294400553730 51.2753139424253490 255 255 255
-8.0561790045138135 12.7223313042362438 51.1733388715089745 254 254 254
-7.9504929472267394 13.1098450195608880 51.0082075962384565 255 255 255
-8.5022351402726457 14.2202532642042545 50.8040634629765577 255 255 255
-7.4242737842278199 14.4049034569963226 50.5303657146148950 58 123 119
-7.5200825003258638 14.7866547636605166 50.4412466649289186 0 2 1
-8.3263052518185940 14.9788996804485866 50.6123481690321668 0 0 2
-11.0436898610509076 16.0113175360055209 51.9319203097239281 76 71 75
-10.8519419753608322 16.1488114582016422 51.8194729186710035 1 26 5
-8.5989040469332227 15.9162970485411197 50.4128618617199393 149 247 102
-8.8273788315988728 15.9395523245371358 50.5251815553397208 0 119 37
-8.5305672515043032 15.9354744064993881 50.4032918112610133 158 253 125
-9.5151046440386189 16.2362311528444110 50.7760490792373602 42 209 121
-9.6724433209047245 16.2791581640745910 50.8484219925728027 168 255 148
-8.3740766084232323 16.7565478161126649 50.2695864453472510 55 222 73
-12.2005251109799993 17.4461407455673942 52.8057236845180782 226 253 212
-8.3674290219911462 16.9972385886569484 50.2764901571146083 161 255 170
-5.9521936375221953 17.5938970322233708 50.0171974870439300 0 72 0
-8.5109591266007758 17.4705373864809523 50.3017064717581022 30 203 114
-11.5762637302368709 17.8355217188145154 52.2202371922231592 233 250 218
-8.8163158837952338 17.6456195632764192 50.4015974719849069 0 1 0
-8.5754317780742326 17.6351894884386979 50.2864147840264906 129 255 89
-11.2334700594018564 18.0301778476498278 51.9457910322591871 0 46 0
-8.8114360843623043 17.7415016746322500 50.3822004542299027 0 183 1
-7.2073737393031259 17.9505509990189829 50.1117281958271832 2 121 3
-8.4409545541392870 17.8397797034953278 50.2829749196704228 142 237 83
-7.6099342245816173 18.0110196755206253 50.2489515499248967 62 231 54
-7.5188894118880922 18.0189461269060445 50.1539797176318842 0 1 0
-7.8298067460564527 18.0137247895860497 50.2004355620612301 2 40 1
-7.6836112212349104 18.0477641776265223 50.2251400858209962 1 0 2
-8.0456255875046843 17.9897913432911913 50.2362929538763865 101 254 75
-10.3988073218127806 18.5180776249893633 51.3176431074813664 1 20 0
-5.1790243045182605 0.3769505371469039 54.9456542816750400 72 251 28
-0.9192195172916342 2.9987877603609601 53.2329791269368187 2 1 0
-7.7435593698034477 3.7154420460579267 54.6674826926386146 0 0 0
-5.3320619281991188 4.0214092461203652 53.4160261772383222 2 2 2
-4.9965815999377305 4.3631028056556556 53.1268477559046062 255 255 255
-4.6223791493977560 4.9865026688827552 52.7155807817931503 0 1 0
-5.5428770238204841 8.0924760400576545 51.8019929795813283 138 241 87
-4.7183790041564233 8.6114227133002359 51.4957810211554943 0 0 0
-4.9034694271542580 8.9553538581848873 51.4091416306919271 0 0 0
-7.4247109839131191 9.8161785383591003 51.9668810843494313 253 253 253
-11.6613380019288009 11.6092920925833578 54.1211607049258134 0 0 0
-8.0911527823953069 11.4138155719425622 51.7175164108065175 255 255 255
-7.7271099741695570 12.2033190485109380 51.2565100750693006 255 255 255
-11.5984113654352239 12.5317765367829121 53.6965612880588026 0 2 0
-7.7411693902785874 12.3046045732088718 51.2303301199750720 255 255 255
-11.5705811264452016 12.6402875420190117 53.6703566700744261 4 5 7
-7.9569042046483442 12.4382283985185680 51.2359396070878148 255 255 255
-8.4291257443089442 12.4674232572450752 51.4778914895798536 255 255 255
-8.0563221041947681 12.4806051094679198 51.3101789795022896 254 254 254
-7.8575783251270526 12.4727234037930828 51.1908825497924553 17 17 17
-7.7666547151120637 12.5221003186447408 51.1777138023137610 253 253 253
-7.9781356271909747 12.5384348943085548 51.2404691138725781 60 60 60
-12.0835609809366264 13.0128413460979981 54.1893985108890561 0 1 0
-8.1079257038207544 12.5814586957786112 51.3344421148765520 104 104 104
-7.8842925352050024 12.5671721243038110 51.1815721246891684 255 255 255
-7.9977390257095999 12.6589205206308364 51.1835228678939629 255 255 255
-8.3823277023884746 12.7742611042761656 51.3523751013738519 255 255 255
-8.0810324457531149 12.7938452198362818 51.0808632908758256 255 255 255
-8.0690671390386246 12.9092608767551571 51.1097356769803923 255 255 255
-12.1439092859850533 13.3009163087942479 53.7962602638721137 146 255 172
-8.0192799468950398 13.0357239964271212 51.1187178696781501 255 255 255
-8.3964956802092043 13.0980646077848135 51.2885668889531345 254 254 254
-12.1264777326589908 13.4216897384019909 53.6492294342680651 1 42 0
-4.8867991001167210 13.5899456648287984 50.5894296438214752 1 51 2
-8.3075361361919970 13.5446348528787635 51.0450059129331066 255 255 255
-8.4569395134102656 13.6999825572776643 51.0927296092423902 178 179 161
-8.3060718319120035 13.6722874609021599 50.9538565291829286 7 7 7
-8.5461848381865941 13.7601194888114549 51.0859335426830725 255 255 255
-11.9712356049812723 14.1077540639395771 53.3474409724812659 200 255 197
-11.1728570529442859 14.4581098507269825 52.6251705144946840 171 255 162
-8.5965704670078456 14.2045014803896024 50.8859603129607336 94 94 94
-8.4073332555195588 14.2258655030174719 50.8398172750316633 255 255 253
-11.1325765479746543 14.5408217376897753 52.5756207891053862 0 2 1
-12.6122490082935403 14.7459831586875545 53.6499429200353788 1 0 0
-11.2005496414489070 14.6423929059188218 52.5951201213398676 153 254 212
-6.9872498759956700 14.6104405961969483 50.4843875402959696 224 235 203
-7.3701292033558516 14.7608946965458578 50.4244182346753718 1 0 0
-11.3623301788265465 15.0191924937991939 52.5789774095833451 3 4 6
-13.5030456066921314 15.8516887786512655 54.5708010647221897 1 59 18
-12.3965898641744676 15.4787121431205463 53.2707986683020494 14 39 46
-6.2665338105703894 15.5353672952550355 50.2432881587435389 0 24 0
-7.1397474506803675 15.7246943900454887 50.2620890314429332 0 2 0
-8.8550097262559504 15.6517978910118654 50.5724064893976433 208 222 173
-7.0479404180344360 15.8369629118653759 50.2418925962642788 0 0 2
-8.7148822206186924 15.6961346676391518 50.5833968422977165 11 40 9
-9.1208793450201515 15.7608659671617417 50.6928106260310258 0 1 0
-9.1679852019083459 15.8501604350642218 50.7086468859476938 224 255 239
-8.5734740771867042 15.8716651095093955 50.4566576092271504 0 1 3
-9.1668487405622781 15.9442742815393093 50.7302760993456658 207 220 174
-10.9023414675710164 16.1928858453893483 51.8117309360282832 0 1 0
-8.9351279982836189 16.0042239834755300 50.5644624890434997 51 76 57
-9.1589253795668046 16.0231548533223105 50.6744182793828131 1 29 15
-9.3020796778437447 16.0513011316636387 50.7182385917437344 167 251 130
-9.6671408274274118 16.0662241934496457 50.8884457494757143 0 0 0
-9.7759306814548417 16.1398663829370896 50.9336877836223110 94 96 95
-8.5543820279533769 16.1429036327699258 50.3568963135505285 0 0 0
-9.3376694785925149 16.1981707342678583 50.7018441513546989 0 0 0
-5.4079982873747330 16.6602427158448982 50.0580746736311895 101 255 81
-9.5911516495887579 16.3036481423319124 50.8342345124936443 2 22 20
-9.4361597931891730 16.2715270835201693 50.6890628958671599 0 0 0
-9.3496130665998312 16.2892908382741304 50.6853996251998566 25 90 66
-8.4709676719064007 16.5369475975073854 50.3018001573984606 0 0 0
-8.4214658582852326 16.6352488199667192 50.3249132670578447 80 244 69
-5.8664905285894777 17.0070749341393146 50.0558739300671363 163 254 133
-5.6714720102028391 17.2366012078644033 49.9425829326537141 0 1 0
-5.8467576733121458 17.4850474704640000 50.0007827353834884 18 223 0
-6.7065237157658864 17.5630084522561418 49.9959604650475100 108 255 74
-8.4786357708066671 17.3861786998893280 50.2868431583179216 0 3 0
-8.3858673539193269 17.4332149154330871 50.2954103418200802 168 235 119
-8.4147145509266252 17.5293024662133448 50.2523614321524761 0 0 0
-8.6712758749401360 17.5467364380445012 50.3323226670335728 0 0 0
-8.6856129435590592 17.6526667073477661 50.3847906734342743 123 255 141
-8.4841460376677009 17.6883554902723539 50.3471036229310229 0 0 0
-8.4275764311765400 17.6935061611515891 50.3029472056994322 0 0 0
-7.4627013695420574 17.8888218131399910 50.1820048136664880 1 0 0
-7.6025369641563580 17.9197665341735011 50.2237964140762898 0 0 0
-8.0772028365377899 17.8445774584747880 50.2276069637907199 0 0 0
-8.5564665046851562 17.8024848763795411 50.2847656533013492 1 29 4
-7.3717243948531550 17.9846893193836692 50.1881838718523028 0 1 0
-11.1763678582192689 18.1106880986407894 51.8565845263641663 217 249 199
-8.8829219065328928 17.8080629588524957 50.3581356025421556 69 253 33
-9.2364428481961927 17.8618995177647797 50.5500473812230311 3 0 0
-7.9409037770961204 17.9976878749884293 50.1990906218719175 0 9 1
-10.1243018534197891 18.5303128783725022 51.2012938938074456 156 214 91
-10.2505897748622417 18.5514606752441900 51.2101290653078038 1 0 5
-9.6528259097304581 18.5479808582747019 50.9632460671905676 98 255 83
-10.2262532745468011 18.5506678811233172 50.9550321102104817 3 0 0
-2.1446495662260658 -4.8682671794247900 58.7664208300265187 187 142 147
-5.1608014063414602 0.0445621753804080 55.0378939942371090 0 0 0
-5.4132862319656478 0.4705161867595617 55.1851670264565826 1 6 2
-7.2635581539109468 0.7047483955126954 55.7065366539121314 0 0 0
-7.6717383107257815 1.1360805863950796 55.7583440156931900 0 0 0
-4.8288467765446645 1.6410736553807672 54.0954978445784960 0 0 4
-6.9018080710321046 2.3649389683633144 54.8663440534991267 1 1 0
-7.8425955703542991 2.3368611939718145 55.4307831429856606 2 63 3
-7.9789124195096539 2.3369348739445885 55.4756730068489361 151 254 119
-6.7783722628767098 2.5225147383969073 54.7860564611972052 0 0 0
-6.2946459491841003 2.5571126029521385 54.5552302445871575 0 129 2
-9.3336872674161420 2.4827643598076206 56.2585939473519261 0 0 0
-7.5083141620579585 2.5583758417889229 55.1916215846995968 0 0 0
-4.3706075038708736 2.8609510355007557 53.4256864065852568 0 0 0
-4.1679838471129518 3.1425989654515272 53.2371917976335212 0 162 0
-2.9895541169836846 3.2835439555508104 52.8025040621662285 0 0 2
-3.0838471818982289 3.3763307204077186 52.8099423994832406 105 228 24
-5.6724734586732550 3.4114485410282231 53.8991001745620792 0 0 0
-5.4323722376644668 4.0012848973174355 53.4624291795077156 255 255 255
-8.4813994166406648 3.8729838848577112 55.0013480384863414 255 255 255
-4.8932913785140713 4.6642539009014925 52.9170173695819415 1 1 1
-3.4282971050365663 8.0070875250692577 51.7158042226251311 0 0 0
-4.7191199150057246 8.6123261341211492 51.4987757758005458 0 0 0
-6.7628572405608942 9.2958589665631237 51.8547969410124878 0 4 5
-7.2981824695200368 10.0013693996959940 51.8572950582062830 70 70 70
-4.4756396279054540 10.9768201074030802 51.1646055965427493 100 212 24
-7.0255219853659199 10.7370194015196478 51.4412490665098971 255 255 255
-11.0198747490581930 11.0549906077464097 53.7970354998066398 0 0 0
-11.8279165754250997 11.1857186164123199 54.3717513921950939 1 0 0
-6.5783535249710745 11.4431006056555198 51.1174886098315540 255 255 255
-5.0731496693649030 11.8532729512876056 51.0074279896755058 161 208 92
-6.0400744037261624 11.7653495764169946 51.0295435279540044 254 254 254
-5.3196294007119489 11.9790556252583329 50.9682122985518689 1 1 1
-5.2827028403516287 12.0801217678581345 50.9643162604274025 255 255 255
-3.6942252751639888 12.4299297323819662 50.9456336046434970 2 0 3
-5.3629774422286767 12.1420108615176812 50.9305038674258483 255 255 255
-7.6157864918753990 11.9103876837199927 51.1803347238989019 255 255 255
-7.5099699437575840 11.9472080646904022 51.2128980904483697 255 255 255
-7.8983680201564352 11.9568262979943380 51.1546526702015640 255 255 255
-3.8246706711646579 12.6065530979685967 50.9194898489979764 0 0 0
-7.7387612302879054 12.2153084336839139 51.2479782590974224 255 255 255
-7.7453797367262727 12.2940305472897098 51.2243210496358472 254 254 254
-8.1900476397366084 12.3883070728753868 51.3565442037662478 139 139 139
-8.0463769423685907 12.4724026598818067 51.3365298652180400 255 255 255
-8.2278260480133465 12.4965884038041075 51.3493898976893206 255 255 255
-7.7803435544043031 12.5395411570302073 51.1784575002126303 254 254 254
-7.9791930371313873 12.5406225113523462 51.2262672433326784 63 63 63
-8.0965464771059192 12.6062973272555059 51.3680145542772522 99 99 99
-7.8763500787745580 12.5701965150560753 51.1687581580594184 255 255 255
-11.0968224722586903 12.8432033876735616 53.2565718237690504 181 253 203
-8.4201186427830663 12.6229688175934207 51.4190292164064218 255 255 255
-8.2076844850462987 12.6185216657062966 51.3223679882436983 255 255 255
-7.9907824326895822 12.6769931189658500 51.2116689667534786 255 255 255
-8.1596179870831786 12.6952410811911314 51.1388117713690491 84 84 84
-8.3711791794730743 12.7580951018414499 51.3571022896728735 255 255 255
-6.1512708917590961 13.0285629788541222 50.8062862084221365 0 0 2
-11.1390169650079809 13.0803658788939341 53.0509356739979054 0 1 0
-7.8225419163759167 12.9029489586386834 51.1082484283092313 255 255 255
-12.0190038621844693 13.2776190483185790 53.8486225200186297 0 11 1
-8.0683883789336832 12.9073095287958974 51.1257474264273668 255 255 255
-6.2771169648072300 13.1030345035587104 50.6985956408477847 0 1 0
-8.0137463432635681 13.0225314942683283 51.1020578585816523 255 255 255
-8.0619376633911877 13.1098206996837270 51.0445220381657876 3 3 3
-4.8375242858052143 13.5206899246790453 50.6363072530028973 67 252 0
-8.1865963137814610 13.2648157611912030 51.1037734199248561 255 255 255
-8.4947087050584908 13.6016248849354451 51.1041839177606363 255 255 255
-8.2150534888735312 13.6105389357838895 50.9907745585387886 255 255 255
-8.3900972633651492 13.6458323413812845 51.0474076516440860 65 65 65
-5.1939020019259310 14.0195195545088254 50.5103856688355393 1 0 0
-8.3090530541092331 13.6902653084991712 50.9605857787913692 12 12 12
-8.5488543441257541 13.7449640504728059 51.0967497403667608 254 255 255
-10.7656621891228284 13.9537793820604659 52.4134913121012787 10 10 12
-12.1753308031777046 14.2084954129752550 53.4296054957481132 209 243 182
-12.0329212876642977 14.3440744397316671 53.2965117920228693 78 203 125
-6.3055955860502477 14.2629094959309981 50.4448267087847739 0 0 0
-8.4798616520256296 14.1654888982874461 50.9228184465501812 59 59 59
-6.2523990152374509 14.4550157543833553 50.4195464462373124 0 0 0
-8.2914220943492278 14.1942156314015566 50.6443261029929062 255 255 255
-8.1350665757864107 14.2845462622753505 50.7227357684828135 1 1 1
-8.0118482243136793 14.3289788044040893 50.7337042609747400 255 255 255
-7.3212206180768105 14.4979435548437507 50.5147537082873157 122 255 187
-11.4273013248151525 14.7230843333118013 52.6626238113516365 13 27 28
-6.9909453733894074 14.6120992720262297 50.4729527666598869 143 251 105
-6.0360953136713320 14.8359502211133538 50.3349003979276191 1 0 0
-8.2511533530409231 14.6521497886802532 50.7233771920873693 0 0 0
-7.3672941075830565 14.7694613288349998 50.4730743592746478 0 0 4
-7.9034752566978002 14.7399036244394619 50.5943962060335366 0 0 0
-7.4689683326934100 14.8556193884817684 50.4849058771600667 77 249 127
-7.7149978302600042 14.8750755812989421 50.5425743636884448 63 203 94
-8.4484022778275065 14.8885123644938826 50.6005744467386833 0 10 0
-8.4052219388955720 15.0058949555226988 50.6007598755347487 0 173 50
-6.6830535071303387 15.4605226992796947 50.2700191604257256 0 144 0
-8.7111515314238765 15.3259049380636654 50.5909586940785232 197 253 214
-8.7062475676825830 15.6985595442431531 50.5933925987522315 1 0 0
-7.1396389525388839 15.8134463590178509 50.2307020046645647 85 238 23
-7.0335445154793090 15.8426743370739764 50.2384575501625221 0 0 0
-7.2382963869188286 15.8247707422579165 50.2014081497590325 0 0 0
-8.6678847954513927 15.7840646118385362 50.5232557057001230 0 0 2
-9.1535874920622877 15.8690031303599905 50.7041290788995482 227 253 216
-8.8507065092883543 15.8902957663094249 50.6085363793482230 195 248 166
-8.5685087336345536 15.8628798786306220 50.4569134500249064 0 0 4
-9.2786769289981308 15.8495653930646068 50.6877867537584805 0 1 0
-8.9914485126198507 15.8686363283615091 50.6039383586814964 0 37 2
-9.4519487710707644 15.9617744114030113 50.8018898921319249 0 0 2
-9.0231438807610473 15.9891886125021436 50.5812044729276593 174 238 164
-9.1669346546114312 16.0346430341293846 50.6775594523342221 1 0 0
-9.6653666084946437 16.0571511874567889 50.8695509495619831 0 1 0
-9.5502816249629099 16.0769129772323538 50.8541461542014162 103 255 120
-9.7796986255874412 16.1341567303682609 50.9513618609276620 0 0 0
-9.3152142931805599 16.2021651908284809 50.7597954720121436 0 1 0
-8.5603901783512164 16.1515850687660105 50.3532024471182567 0 0 0
-9.5166439845749036 16.2159031877726250 50.8373205640477082 111 255 131
-10.5214903562370932 16.4740908374631978 51.5819539539466447 223 232 203
-9.5847406306880849 16.3016053066975495 50.8225916484347451 2 22 20
-10.5383662488922116 16.8087724017911810 51.6691045778078717 16 30 30
-5.1229952630474829 17.1914381856769864 49.9496413193183599 21 219 0
-11.2653103722905605 17.1616757861932570 52.1985887020758810 0 10 4
-5.0739994483385589 17.3013599199744483 49.9032302985773697 0 0 2
-12.3186927437100824 17.3945220778727823 52.9016508284328353 242 245 234
-5.7240475148467374 17.2504391394967982 49.9783846325642500 0 0 2
-5.2766331801345947 17.3564053752919776 49.9458780077905260 0 0 2
-12.1766417265238154 17.5089373036210247 52.8356935759817574 214 253 200
-5.8878758517554770 17.3224934589301647 49.9265647937116412 0 1 0
-5.7112996472289854 17.3691252011580310 49.9528367998251284 22 235 0
-8.2558387052088875 17.0958112973757146 50.2790536744268053 128 211 41
-5.8582279489233207 17.4742191132255940 49.9782321872578947 21 228 0
-5.7354395252488084 17.5035214264941885 49.9928609257657257 0 0 0
-8.4284016230085097 17.3274840807107573 50.2815122280248374 0 0 0
-6.7006744704997168 17.5810839196362814 50.0294560379846942 152 255 140
-6.8261281822477313 17.5613101599794170 50.0111657459736918 2 0 1
-6.5763059933374981 17.6428892761629008 50.0657291022100992 0 1 0
-6.7709854641389606 17.6826313200904259 49.9746571778956010 1 0 0
-8.4315648030855268 17.5321009385440654 50.2189960452950430 2 0 1
-11.4922146875634663 17.9286657042239597 52.1835656749208852 226 234 210
-11.3751597458799374 17.9322576662808864 52.1162902699007518 0 28 0
-11.1764433067680571 17.9151253723067860 51.8870139663656644 219 226 192
-11.3411676153234033 18.0288278250394853 52.0176282240879075 232 242 217
-7.4622902078094127 17.8774499751623210 50.1815435810861956 1 0 0
-8.1826064366572133 17.8003923453221304 50.2533733545757144 1 0 2
-7.8146113684183849 17.8580847522340918 50.1999389404020562 0 1 0
-7.6006288185094739 17.9060142009292811 50.2244583607179393 0 0 0
-8.0847256701279502 17.8193928099863612 50.2019511440724600 0 0 0
-10.8887876300754822 18.1255483253748473 51.6988820145624217 190 248 163
-7.9447236920025039 18.0177899784023836 50.2101887908804869 1 0 0
-9.7375142442785059 18.5934030270619672 50.9156533489471599 0 0 2
-2.9843621327074836 -4.1173681018024837 58.0077402462869074 195 156 174
-5.1981779622920286 0.5496898468435946 54.9187544571894577 16 196 1
-7.0519496214034927 0.5292192522629022 55.6664315144247013 0 0 0
-7.6857029446421690 0.9905490598301989 55.8043379996982480 61 217 9
-4.7630291221799190 1.2272066155876640 54.1841084639579549 0 0 0
-7.8860552986929022 1.0340670489893449 55.8633468394603696 0 0 0
-8.1452862985282692 1.1204236688540878 55.9126643906430587 0 134 1
-7.6596476467617336 1.1632597084747023 55.7461718395430310 0 0 4
-7.8541180528790449 1.1923377386359226 55.8030232037481184 57 219 20
-4.8030043827796032 1.4852899418235406 54.3313975137916287 86 247 19
-3.7380726763379371 1.6297558586698504 53.4442101261068245 0 1 0
-10.2645853302970238 1.8576019881390851 58.1011593614185742 1 171 2
-6.9126597643167909 2.3266490237348969 54.8759476246496902 0 0 0
-6.0939159545895984 2.4757461007096624 54.5403045811648681 0 0 0
-8.1632596965738617 2.3949310871131497 55.5127104029451672 0 0 0
-4.4553442208186471 2.6540397162670080 53.5483313573131525 0 1 2
-4.1913415784899497 2.6894949463489324 53.3803931305718606 0 1 0
-6.4698545422043345 2.5968253464496325 54.6117908758129715 0 0 0
-7.5224348001102346 2.5987355519408886 55.1790384478853753 0 0 0
-4.1220593130496566 2.8704585657638235 53.3057048992786875 0 0 0
-8.1707038453606469 2.6811968687588164 55.4254724476715097 0 0 0
-2.8890402199345506 3.3575251551426386 52.7650923788880561 47 230 0
-7.6471928605270438 3.6287876262918766 54.6472469799116709 0 0 0
-5.4559461494728936 4.0358783667287348 53.4670966580269180 254 254 254
-5.0314406501232209 4.3961393321044069 53.1268844625908727 255 255 255
-4.8673572038010757 4.6420122672441133 52.9231240144750998 0 0 0
-4.8728022843661085 4.8114222445266588 52.8728922304427513 254 254 254
-4.6979006238172207 4.8804922244663658 52.7511279622010321 0 0 0
-1.7520916877717501 5.3926925954190157 52.6470409237377339 0 0 0
-11.7254995117777625 5.2354168508471579 57.9373140957051831 0 0 0
-8.9013415428907123 5.0804861529639673 54.7732055663878654 0 0 0
-3.4782851296632504 5.7463752063218427 52.2434060080420508 0 0 0
-3.4066819106288322 8.1663494907414904 51.7016505131202422 115 234 44
-4.7049777644658031 8.4202257345339042 51.5224525265547442 0 0 0
-4.7953048403623706 8.7842211702250079 51.4527290515751687 0 0 0
-5.1169619390277292 9.1350316356424113 51.5721279228576250 0 0 0
-5.2780691129045385 9.1703148943490724 51.4289627130239424 0 0 0
-7.4639383963908772 9.9937817734841712 52.1301018871517883 110 110 110
-7.2803853838969417 10.1851901918658712 51.8122529828574585 255 255 255
-4.5733619904483218 10.7264059527223861 51.2382321849495455 255 255 255
-4.3933376673290834 10.7909105080812342 51.2126043165721185 0 0 0
-6.9640947221152603 10.5746714547671274 51.4755397716256624 255 255 255
-4.6139738500209031 10.9962578286207400 51.1439573768592410 0 0 4
-7.8931345246511180 10.8256952988101354 51.7597418178318307 129 129 129
-4.5690298157712741 11.1710514345952561 51.0707279793136877 98 246 38
-7.7225200347379488 11.1895777985949234 51.4748527232200033 136 131 135
-4.4888236459593092 11.5590791771479839 50.9683232927777681 0 0 0
-4.4996785829598283 11.6815936075286437 50.9377576527318894 0 0 0
-8.1058586105991743 11.4844437319088950 51.7077274926594725 255 255 255
-4.7031067313655877 11.7840426195640511 50.9694630137842282 150 216 80
-4.5711389397458957 11.9200548844335970 50.9194348832736239 1 0 0
-7.7064073984744965 11.5643968980790994 51.3438705561248838 219 223 200
-4.3751346877504318 11.9773900236741078 50.8996231129523977 0 0 0
-5.7276092827083493 11.8027247529455863 51.0220333278850191 1 1 1
-5.8522882880863278 11.8356075151988875 51.0971051448445976 255 255 253
-6.0356870876329483 11.8258521922265363 51.0784236509384044 255 255 255
-5.4771290152180532 11.9243969253404227 51.0499646327726353 0 1 0
-5.6158446986858390 11.9125148329377684 51.0093217974242350 255 254 255
-5.3273120691506657 12.0786448912134805 50.9429335714077567 255 255 255
-7.4756089112843478 11.9161894899662411 51.1906638767041358 255 255 255
-7.6256969951091769 12.1110778393749676 51.2965674919990917 1 1 1
-11.1028623636207833 12.3572381557123059 53.4775584119174425 255 255 255
-5.6710385329393436 12.3348452126738923 50.9141361836248834 255 255 255
-7.7651591304988807 12.2513443937354509 51.2369933395711641 255 255 255
-7.6973546000215878 12.4317118595555325 51.2253120481912347 1 1 1
-8.0710091844144802 12.5960230607990482 51.3135331785258302 97 97 97
-7.2244044069532825 12.6564057522101230 50.9132991564375459 1 1 1
-10.8209140820427852 12.9426771009654562 52.9404092615569866 0 2 0
-8.0327092286517114 12.7480332216160530 51.1172025000640602 254 254 254
-8.2210355087521414 12.7786046103040185 51.1841251227787524 107 109 108
-7.8254567391705825 12.8704935978861794 51.1182054666174466 255 255 255
-8.1430535223214058 13.0687753195566412 51.0617301906559931 55 55 55
-7.9168977552325046 13.0886630431689799 51.0457174285554061 255 255 255
-8.0237612186167127 13.2651880172938590 51.0704599183509202 1 1 1
-8.2082486935981809 13.3130169514581151 51.0922064202893438 255 255 255
-7.6082419260756780 13.3799248273433289 50.8882110946476942 0 0 0
-5.2450112925053780 13.8060438884173546 50.5401990460396249 0 0 0
-8.2362743238620642 13.5707568557838023 51.0109794875032279 255 255 255
-5.6483633655762420 13.8795998686901108 50.5107736413013271 0 1 0
-8.3932209451748676 13.7059112084835597 51.1211949719222005 66 66 66
-8.5575923978737851 13.7119925480396674 51.1202526199935363 253 255 254
-7.9411663295373716 13.9577653971106734 50.7124615177614757 0 0 0
-7.9399994946086672 14.0680611872316952 50.6983568065352657 255 255 255
-8.1386035256569489 14.2392336469573131 50.7335298016062595 0 0 0
-8.3162748032089677 14.2596087190590737 50.7765290586481939 255 255 255
-7.9594439000044304 14.3017079798703062 50.7214570066634920 255 255 255
-5.9917266203054780 14.5841281359083830 50.4213134337276117 0 0 0
-8.1941604675760580 14.4384465874900876 50.6951375298298998 255 255 255
-7.0114783008938382 14.6052515862272312 50.4548849842845542 53 204 1
-8.0111360171357884 14.5533753709724234 50.6524051672002145 0 0 0
-8.3290948128552138 14.5644533352756227 50.7155663782011885 255 255 255
-6.0659686164360123 14.8543017763628917 50.3382137323047090 0 0 0
-8.2145581788749951 14.6548616301985000 50.6009882896860077 0 0 0
-7.8820139836157974 14.7139599974797619 50.6123979725565434 0 0 0
-8.5402338148962755 14.6665123720885280 50.7399569158264327 255 254 255
-8.0335122824869494 14.7090661040063182 50.5817324861395434 61 194 53
-6.0299630582466595 15.0501608355763441 50.3287079258330792 1 0 0
-8.5193130582052223 14.7986037046701728 50.6427024664720875 0 0 0
-8.5665996110145972 15.0278020806299644 50.6144426069326485 1 1 1
-6.4479133040832011 15.5332615632619984 50.2959008677366697 91 243 18
-14.2667328348991305 16.4624030540375479 54.5403633446920324 253 253 253
-8.6861191157473261 15.6924748151410576 50.5780171536525387 1 0 0
-9.3121921385235105 15.8210183615191529 50.6439446187004165 1 1 1
-9.1468626768118515 15.8764775870389006 50.6625257642144007 169 243 128
-8.8263490658475767 15.8868318427132689 50.5671792256823878 159 252 120
-13.3617735774912667 16.7011896900565375 54.0670991606872491 247 247 237
-9.3379920967875876 16.0031851497972433 50.6265152047603877 186 231 138
-8.9042495282015857 16.0474428065520449 50.5711362880931290 1 1 1
-9.1692373018376880 16.0427382340540454 50.5960130501071319 0 1 0
-8.7169792089781861 16.0282790731164511 50.3906329319434150 0 0 2
-8.5816185455668581 16.1678547967915911 50.3350677747107440 0 0 0
-9.2386410036131146 16.2639697544801294 50.6016936545075922 96 182 153
-11.2407076909219530 17.2149822536433668 52.2175600499156403 111 109 110
-5.7135960817982641 17.1915093131308261 49.9558953675005810 0 1 0
-5.7525593917287674 17.3495567776105588 49.9224271211222970 43 242 0
-6.0371495662827668 17.4708023934574257 50.0069594321089426 0 0 0
-8.4608461215361945 17.3091218925970516 50.2684140499332202 0 0 0
-6.6489458759469882 17.5337830142340003 50.0094345460549263 24 222 2
-6.8425517702228822 17.5257411394753362 50.0102941275714485 0 0 0
-11.5028202011756111 17.9236071704947584 52.1548336893586466 235 234 214
-11.3566530078341561 18.0532682048618334 52.0284656624891966 248 248 238
-8.1551252356731485 17.7892647813101625 50.2479292590156987 0 0 0
-8.3894016068773833 17.7930226151701945 50.2857991768982302 75 248 8
-8.5864562649766736 17.8456506328503615 50.2981783009555627 0 0 0
-8.0233952007799054 18.1668776924136282 50.2048071152226001 0 1 0
-8.2506039966873121 18.1453203044965328 50.1983495544911449 0 0 0
-9.6651993107515537 18.3508973257355663 50.8544475221433814 95 232 20
-3.2232336980901986 0.8281682461755667 53.9208202591717978 0 136 0
-4.2154691702407359 2.0679379455778033 53.6371523889264878 0 0 0
-4.2702950146980738 2.2877589994022314 53.5918911234627586 0 118 2
-4.1095873455149734 2.8149802441514518 53.3211215456703869 0 1 0
-5.8334134290038424 3.5839974176647273 53.9164077150675425 0 0 0
-5.9606424130924767 4.1036826562878259 53.6098440619578440 0 0 0
-5.0532500246484551 4.1874931390366852 53.2250918324122466 0 0 0
-9.4474212599657861 4.3473741228900620 55.6503341387843449 1 1 1
-4.6555153250283627 4.8669975415753006 52.7404121159207051 0 0 0
-2.3280124962527422 5.2871084261962311 52.6158146853536408 255 255 255
-2.1486978154648289 5.3951408281341449 52.5283217954035919 0 0 0
-4.8988699222546730 5.1340753078767580 52.7285958976854232 0 0 2
-2.3445354224310502 5.4472927443067682 52.4561228743431656 0 0 0
-5.0950758132809639 5.1852047246222455 52.7274035526094522 0 0 0
-4.8007603748997871 5.2555161187862955 52.4018431541553653 0 0 0
-4.4556001302512049 5.4066717896262864 52.3026148276272380 255 255 255
-4.7691768018197473 5.4565336565081317 52.5147137022851354 255 255 255
-3.2852210426456017 5.6392078710365023 52.3491467417057947 255 255 255
-3.4171880727718915 5.8706574312510522 52.3748175050086360 0 0 0
-3.6396357715474319 5.8648494816882542 52.1511073161518937 0 0 0
-3.8593601555111432 6.0294734720068908 52.0739403080183862 255 255 255
-3.7455951977153750 6.1255717498659905 52.0691513618715121 255 255 255
-3.5631635701382849 6.2895395844592965 52.0654929742471069 0 0 0
-3.6609435284650291 6.2860342701025758 52.0563210736400421 0 0 0
-4.9334483780105822 7.4858977742883148 51.7764462539670305 0 0 0
-9.2624682928450728 8.0210375047258378 53.6782645382824768 130 130 130
-3.5647547013505725 8.4198913178667070 51.7423419007249592 0 0 0
-6.3566376272407830 8.1371311478230108 52.1173450793399411 255 255 255
-3.7822772536472522 8.9037255593470164 51.5853381142256566 255 255 255
-4.8069099039158809 8.7918965679866297 51.4529302037324143 1 1 1
-4.9615429394970345 8.9523119264635653 51.4583175888125837 0 0 0
-7.3143284383637761 10.1812762159895467 51.7652005479066446 255 255 255
-11.3173632977377601 10.6155511679666414 54.3553850227441657 255 255 255
-4.8020488180681893 11.0917966975866680 51.0820878158962444 0 0 0
-7.7482637629219520 11.2184175010357627 51.4836610586950130 129 127 132
-4.5246953855671439 11.6167754896122837 50.9904757394843884 0 0 0
-8.1171119076533316 11.5283581245893032 51.6823519956586495 255 255 255
-5.6487384261897429 11.7951689522939329 51.2029183987060463 0 0 0
-4.5721960347856188 11.9396715187361213 50.9147488564453639 0 0 0
-7.7889962970021891 11.6391429306576306 51.5259013401859036 104 104 104
-5.8737469144810746 11.7952579696779374 51.0070754316048180 254 255 253
-5.4612699987656024 11.8966026790942525 50.9693625364162841 1 0 2
-5.6248224009376440 11.8987275879758876 50.9788727108316522 254 255 255
-5.9162492142856564 11.8737391345028449 50.9863950238097701 255 255 255
-5.0618128812762340 12.0051996760005366 50.9143517594309856 0 0 0
-9.9720503369145153 11.9773383621131018 52.7338410399719777 146 148 127
-7.4888079522255104 11.9209149880264160 51.2083764565397459 255 255 255
-8.0949972497579061 11.9954792840452527 51.6383452365275630 255 255 255
-7.9538900427332946 12.1735222849016029 51.3470913669055662 113 113 113
-7.7996614778560680 12.2643818757934735 51.2259128567004467 255 255 255
-11.1494152858771116 12.5302537322680472 53.3739757604282232 25 51 52
-7.0887498226160304 12.6192408409300683 51.0699393326576256 255 255 255
-8.0610364424458965 12.5776415329809534 51.2894485370576092 94 94 94
-7.8531630917927586 12.6202623155516491 51.1451721805737947 255 255 255
-8.2906406853459291 12.6164281615471108 51.3072639329361948 255 255 255
-6.1818997476487816 12.8714023270203164 50.8387548873311630 0 0 0
-8.2432425732863468 12.7971845054398123 51.1611004548828845 116 116 116
-7.4335291489808544 12.8548333224953879 50.9932733183710099 0 0 0
-6.7195404648825932 13.0207004362557477 50.8572033208183569 255 255 255
-6.4454015371794080 13.0343912822432291 50.7550348288934146 0 0 0
-7.2740881456684878 13.0411529099951906 50.8199406347610676 255 255 255
-7.9326484924269023 13.0445627368353279 51.0734053696161965 255 255 255
-8.1802961698113261 13.0394972119744796 51.0049456189454276 56 56 56
-7.5758196736346006 13.1135412297218998 50.9455126924075756 0 0 0
-7.9995963052633758 13.3178335129584546 51.0934341541494277 0 0 0
-8.2349304979873494 13.4022288501443416 51.1593228414573389 255 255 255
-7.6316005270707761 13.5342346117989276 50.8389742937320719 254 254 254
-8.2406959037803507 13.5487905381181228 51.0700926971282030 255 255 255
-7.7435376422330799 13.6027405924818350 50.8152380689714249 1 1 1
-7.4085191026285591 13.7828494728758404 50.8023522271632331 10 10 10
-8.3730218148768589 13.7486211872375481 51.0893936890479949 42 42 42
-5.6206548119603923 14.0453797158309346 50.5278136474554884 14 199 1
-7.9396870879755399 13.9464897807024375 50.7207370661322798 0 0 0
-8.3692103954317538 13.8765569606418815 50.3765861771295533 23 23 23
-7.9188582452140830 14.2600053315404871 50.7037902377151681 255 255 255
-8.3346607564815933 14.2480459885591646 50.7205911609819253 255 255 255
-8.2214831041129219 14.4262695114339241 50.6799972264634988 255 255 255
-7.9727125517260307 14.5328245187209628 50.6356475036143365 0 0 0
-8.2244037712572649 14.6785390860956682 50.5837265105553584 0 0 0
-7.7609834291005653 14.8579239665170988 50.5655718541988719 171 255 159
-9.1824814505725367 14.8435894790563090 51.1161235115047248 255 255 255
-8.5792242204360942 14.8466135869130316 50.6743650409308231 0 0 0
-8.6426705511726212 15.4279343472527799 50.5269925429199347 50 255 33
-5.6234524862694926 17.0624048279228191 50.0298751752179029 0 0 0
-4.8522617351732622 17.1605883431343429 49.8602504326782565 1 1 3
-12.0816241310377936 17.4798022274344866 52.9295329975145989 1 1 1
-8.2237360108167081 17.6054558632997420 50.2219762053053600 0 0 0
-8.1652908316080755 17.7798592463983063 50.3121406830500533 0 0 0
-8.1415854094646978 17.9660253856086563 50.2301815869985546 33 221 0
-7.9057266560678539 18.0189403431401551 50.1382430131225050 0 1 0
-8.0218554231536672 18.1709787309162074 50.2110509813155090 0 2 1
-5.4417442027762997 4.1292970008308654 53.4733536390361266 255 255 255
-9.0020189657519190 4.1426792341055698 55.3284344116863238 1 1 1
-9.5285962602816525 4.3839243339846794 55.7088492470097449 0 0 0
-2.3954795591508242 5.4525191323033013 52.8966776576326438 255 255 255
-2.9995226282238212 5.3919983752158691 52.5802480629390345 255 255 255
-3.2253307059667611 5.6040660220255090 52.3628845476471483 255 255 255
-2.9992587081918565 5.6004503336156155 52.1471074801560448 0 0 0
-3.9441254682816376 5.5508879114072025 52.2393688106181173 255 255 255
-3.5918360638266882 5.9001837636651295 52.1555537633781867 0 0 0
-3.9329880403604482 6.1497937275815540 52.0434637310921246 255 255 255
-4.9023976802491944 8.8715792097395223 51.5532990720685262 0 0 0
-7.6133288588459287 9.0093045076800937 52.5299989623016401 67 67 67
-5.8792261836180888 11.6677854455517647 51.2011902925587492 0 0 0
-5.4599078247434853 11.7053504008587907 50.9231234377675008 0 0 0
-7.7884370571875303 11.5699633547141207 51.5476303754308418 115 115 115
-11.3605009282066653 11.9446511401281370 53.8457991002017451 255 255 255
-5.7511762143133467 11.8067963054044576 50.8239966932624938 255 255 253
-5.0358388229157551 12.0477186738828923 50.9042779102387684 0 0 0
-5.4854084020577210 12.0858828644884007 50.9183362888875379 255 255 255
-8.0563643651917012 11.9280116521243116 51.6522856063509863 255 255 255
-6.7558218099338356 11.9527901874404048 50.9679499343126352 0 0 0
-11.0845238204776795 12.3825960464810372 53.5588433916320596 254 254 254
-7.5559542461464098 12.1704675029699718 51.2941897113863803 0 0 0
-7.0356551804690799 12.5582319097417709 50.9425312283944862 255 255 255
-8.2969510035932927 12.8655446605538213 51.1893388231182271 138 133 137
-7.9610917684324791 12.9309090357572920 51.1212720909139620 255 255 255
-7.5698764295338590 12.9214010897941609 50.9888180891539733 0 0 0
-6.4860787529642598 13.1253308045880406 50.7275450644369670 0 0 0
-8.2389267965015289 13.0890449720507736 51.1000091761464788 73 73 73
-7.9510396298104391 13.4040673535905022 51.1565045324563314 0 0 0
-7.0930697157163554 13.4767811443402614 50.8288172909126885 0 0 0
-8.3444717449596251 13.7443612706372758 50.8829223784280771 42 42 42
-8.0965679337474956 13.8183515707179758 50.7356532971033758 0 0 0
-7.7686992661750560 14.0548349880273342 50.6143921475416008 255 255 255
-8.1744899831970823 14.1080421812870309 50.7664306060954473 0 0 0
-8.3501156198584408 14.3446566201886867 50.5971767125143757 255 255 255
-7.8083921892119950 14.5033954936625307 50.5048746505241226 0 0 0
-8.6760830595250571 14.7419896694059638 50.9382850110171006 255 255 255
-8.2702349407677520 14.8252646199787268 50.6789693869626845 1 45 30
-8.8829369715678244 15.7400576701524972 50.5447326927740974 186 217 141
-13.3546115262480161 16.7220288276197628 53.9212946387219247 247 249 238
-8.7252387027179932 16.0990561325757504 50.2224169531188025 0 0 0
-4.8922631359856332 17.1251499784907999 49.9067312072848352 0 12 2
-12.8826868650846471 17.6726071127509066 53.0295030967627028 252 252 250
-8.2914510638752095 17.2751579499267898 50.2780688920555292 85 252 24
-8.6154158925293807 17.2722410419941035 50.1793171917322738 0 0 0
-8.1585355657535370 17.5953377939880333 50.2372599809952618 0 0 0
-6.8864594347185628 17.8704251343637459 50.2577195833540671 0 2 0
-7.4529637267078916 17.8300268157106956 50.1193195850731925 0 0 0
-7.5830798187836583 18.1207697265581551 50.1344135037779921 137 245 82
-2.9342849945820988 5.6423810819702247 52.3722660781994023 0 0 0
-4.5750333337190439 5.5841077807136532 52.0964690123603447 255 255 255
-3.0777420257067654 5.8629941198529298 52.1606436516086163 0 0 0
-3.5269768173206404 5.9390347606986102 52.1574228132940476 0 0 0
-2.5986596971003273 6.0893734531807366 52.4186667322940565 0 0 0
-3.7597122548514013 6.3193415596701348 52.0291646077283545 255 255 255
-3.9588183780632025 6.3013197335353706 51.9992786783488086 255 255 255
-3.4386640238554356 6.6157472090596956 52.0268144354684807 0 0 0
-3.5910852976775156 7.1954849743175533 51.8997637476418490 255 255 255
-4.9238070154794569 8.7874583560124133 51.3158283586851951 0 0 0
-5.2164270292935306 9.1257957867967807 51.9484938370760929 0 0 0
-5.5711692423655013 9.3105657717071129 51.7542303649276363 0 0 0
-3.5542727119495834 9.6317950755138177 51.4860855847839360 255 255 255
2.2472200677945326 15.7419225362317103 64.6458153103128694 44 225 0
-4.8185922752543693 10.8035475250472448 51.2686564863636676 255 255 255
-10.5425139815065023 11.1177968533531324 53.5722341918253875 255 255 255
-5.6728561254247465 11.2109775131824652 51.1096349383614950 255 255 255
-11.1062115959264816 12.3787363002843183 53.6667482025378462 255 255 255
-7.5227465078540927 12.2102484583282607 51.2609000840073250 0 0 0
-7.0401964611322683 12.5972114583700492 51.0010207495170178 255 255 255
-7.1086922305208935 13.0299208605495114 50.8719393110817180 255 255 255
-7.8913086201117109 13.3840683328318519 50.9969104409455554 0 0 0
-7.7232187534455203 13.3989371252827656 50.7240920525661920 0 0 0
-8.3923427332718870 14.4187530669339594 50.7108646975632524 255 255 255
-8.8300338609538667 14.7173923207978401 50.8321653351235838 255 255 255
-8.2818177633419019 14.9171084626591206 50.7391083053285215 42 94 58
-5.5728744409152906 5.0862540487687822 52.8388068395859278 255 255 255
-7.1350499302867032 3.7228717467217298 54.3113112203011141 255 255 255
-9.0064921224113981 4.5607582279758487 55.1996170849211438 255 255 255
-3.9342445503902614 5.0743216772374327 51.8477209574190852 0 2 0
-2.9157164683628212 5.4705107819839363 52.2672456489007686 255 255 255
-2.5459635000342771 5.8721778576491328 52.5698530010375649 0 0 0
-4.1420238109961085 5.7240995505183205 52.1440076727211164 255 255 255
-3.4094019920120808 6.0810606280810546 52.1647920550981539 0 0 0
-3.3762462256738544 6.4112484302756680 52.0828055334486422 0 0 0
-3.7073175447833844 9.6357622858171634 51.4893034620277632 255 255 255
-6.3377407026728152 11.2740907018635106 51.1603099387976172 255 255 255
-6.8756382278970314 11.8644462166022535 50.9965682642494258 0 0 0
-5.8135322459899941 12.1229555105194766 50.8923210930188148 255 255 255
-7.4527763380217440 12.3216705658928305 51.2220457411887864 0 0 0
-6.9013941927827158 12.8238556653915303 50.9826001950180938 255 255 255
-6.9931384144430542 13.6272522272436731 50.8681423777242827 0 0 0
-8.2859858752635720 13.8665773182057155 50.7912404349627806 16 16 16
-4.9337445190244642 16.9456518043664701 49.9809747644127711 0 0 0
-4.4894644746867423 5.0397641829084412 52.9131432412846578 1 0 2
-4.2366793071160291 5.8270354522088459 52.1443867287809582 255 255 255
-3.2907427592333485 6.1987343687443914 52.1478061360259488 0 0 0
-3.7596493628680849 7.1636978041722745 51.9283255720917012 255 255 255
-3.3096345434618741 7.8229191151753721 51.8877666001211466 0 0 0
-3.4996053656678314 8.7087603051178597 51.7886557370822587 0 0 0
-4.6766436330028167 10.5175201654100956 51.3485057770386604 255 255 255
-6.0554382368023916 12.1732029664902495 50.9631993860757149 255 255 255
-8.8441893611586835 12.2813671438994891 51.7287971437379142 255 255 255
-9.0809551393933372 17.8060496607716416 50.5177956657714518 13 194 63
-12.0539684711707960 13.0521879042733993 53.8262535432180371 0 139 24
-6.1598300122891283 14.4255935679343992 50.4002709240757198 0 136 0
-3.1762999274030337 3.2554004651904545 52.8689002762763423 0 0 0
-2.9579324634119897 7.9499582854662716 51.9464222867954319 48 193 56
-1.5424699150348431 1.9285841439432094 53.2560401964431591 61 199 28
-3.0357559810457868 11.9698244768155941 51.2387541456704980 44 225 26
-3.2584240266265256 12.0323187989985616 51.0320359888814181 58 197 36
-3.2108028432493430 12.0684344634750662 51.0830783562695814 101 239 57
-3.2979515545205746 12.7246190309081442 51.0426494586290076 0 36 0
-3.2493240326298878 12.7418537971274244 51.0734509812465873 5 191 45
-3.5162127956010512 12.7288237362624681 50.8162568389230032 2 21 0
-2.1316995171639590 4.0965330101732649 52.7179891798737401 119 248 69
-3.0507900569412270 11.8867922735949723 51.2539329540782447 1 0 0
-5.2218547974806659 11.7579586454872196 50.9173659702894597 110 255 100
-3.2162960384708557 12.0024280934151619 51.0900261972315093 0 3 0
-3.0716502682093596 12.1208455164024613 51.2210123329234648 0 94 2
-3.1290148523615242 12.1645171850118228 51.1574474600650362 2 155 2
-3.3155969179851574 12.5584636204423052 50.9822276351147181 0 3 0
-3.2830408256615735 12.6740207558082894 51.0600794647228895 0 0 0
-4.1821728659900206 13.0249272197359378 50.7632459452691194 26 197 41
-4.2301555625249811 14.2509295608713078 50.5560125823868987 2 0 1
-4.1085382083332496 14.4514891400625594 50.5910719697168076 0 1 0
-4.2997814652664550 15.2865535333537448 50.4195396386730295 1 0 0
-2.1637355831894651 1.9227604627575594 53.1082522687086893 102 230 21
-2.0383970734522077 1.9862366658706523 53.1216654534194532 0 0 2
-2.5201098936151323 2.7095729059280509 52.9593639533334155 0 0 2
-2.6975347284668398 2.7470590417262666 52.9338369143018568 0 1 0
-2.6848628348952892 2.8782984089079209 52.9145875150773364 92 243 70
-2.5769449794985539 2.9823579586391324 52.8725509839495160 1 0 0
-3.5824695213805948 3.2258164058474255 52.9041211245295742 127 243 70
-2.6898368856385804 3.5158966117507231 52.7444496250846129 117 233 48
-2.5628161347912757 3.5426326595944690 52.7635023879020864 0 0 0
-2.4295617825591052 3.6738766754643328 52.7338290727205887 0 0 0
-1.9822696328775500 3.8228706245023965 52.8129174009477964 0 0 2
-1.9965706416269202 3.9404591252012318 52.7868919228249069 119 254 89
-2.2553998642588473 3.9522820676449295 52.7089081372220392 0 0 0
-2.1402912127099629 4.0668314331797371 52.7455068512845955 36 201 0
-2.0053924120866844 4.1288810657464303 52.7596933347330648 0 0 0
-1.9774774620611679 4.2852457045847130 52.7580850216318922 2 128 3
-2.1157594681765888 4.2832849408428260 52.7166607081740892 0 0 2
-2.0513474576005342 4.3764894987584553 52.7439622692394252 53 209 11
-1.9381870006074837 4.5570925450224733 52.7036300280812711 1 1 1
-2.1634191816104860 4.6307251895523258 52.6300109400094129 1 0 0
-2.0853686932555391 4.7146477396642910 52.6529555658378783 53 210 0
-3.8633297356243954 4.5876913750235229 52.4840771661153411 1 0 2
-3.0907545768567988 7.6293505816806571 51.8935365795753754 0 0 0
-3.1905330977828648 7.7299934282762059 51.8438306686539221 60 224 6
-3.0558419257363991 7.7475638220264642 51.8774197365059067 2 0 3
-3.2226468000531581 8.0619264481198112 51.7871840709161475 0 1 0
-3.2893875114178925 9.0524663092240374 51.6059447173909902 0 1 0
-3.3820078837130110 9.1617694076071619 51.5604759764321230 1 1 0
-3.4726170501545348 9.2948815136419007 51.5240059738050391 0 0 0
-6.9797054901000370 9.2809094185423895 51.9928568166927860 0 0 0
-3.1324632408296180 10.2051102711133108 51.3830549194447386 1 1 1
-8.3399694860779885 10.8751549168062471 52.0296816814735692 0 0 0
-3.0685164500710318 11.8846234422001924 51.2635618590287976 0 0 0
-3.2231797782494636 11.9953586073211049 51.1109158393506178 1 0 2
-3.1508244292439707 12.1588226535133703 51.1845446768527239 0 158 3
-3.3599353712896307 12.1291611226591396 50.9773271294144550 167 255 138
-3.2638390330004849 12.1734750980985069 51.0353508680844286 1 0 0
-3.4304860312355814 12.2556513572507413 50.9512850014905609 2 0 1
-3.3067686577454602 12.5504870359765679 50.9865935984255287 0 1 0
-3.3669095477327362 12.8930970209903553 50.9881283406705563 1 0 0
-4.2252703132717659 14.2452186184455183 50.5668087470413354 0 1 0
-8.3422798140583083 12.3377880242104130 51.5416366500234489 255 255 255
0.0425520172139992 0.6706187005788982 54.0371829956915235 27 194 2
-2.6595253070102820 2.0502583748733869 53.1047122599824775 0 1 0
-2.4052483289824202 2.1291239652470844 53.1142458850593187 0 0 0
-2.7077907936248380 3.3312439507982159 52.8135335919711864 0 0 0
-2.4080841677038083 3.6370836737057917 52.7343778142061481 0 0 0
-2.3610869129498471 3.8000891794946758 52.6943142993331080 19 182 0
-2.5771956472514810 3.8097162189084433 52.7027135677220286 0 0 0
-2.1549624091603623 4.2745318331703892 52.6919570313064156 0 0 0
-1.9852014212763414 4.3189350549486853 52.7475316196214052 119 243 67
-1.6942785705579084 4.8853649794281084 52.7472889525505479 0 0 0
-1.5757757980541176 5.0036171663741982 52.8025566427736308 255 255 255
-1.2374231283414618 5.1508855529899504 53.1215113274110777 255 255 255
-2.1421047567272580 4.9521420193941719 52.5719940772592835 0 0 0
-1.7622752688296042 5.0332009790252883 52.7348381132966608 255 255 255
-1.9715769468756448 4.9841216167607909 52.5813961947647357 255 255 255
-2.9947647760151725 5.1037925287759078 53.0133206646282176 0 0 0
-1.6810492025572041 5.3136749249563309 52.7214604322461184 0 0 0
-1.3814763535171268 5.4842119325544640 53.0146272928979272 255 255 255
-4.1559179261864561 5.2591346207798493 52.3279737785693442 0 0 0
-3.4046492407990345 5.3198460051727139 52.2345994451010966 255 255 255
-6.5154655407618103 5.8400007721359595 53.0923854446025771 0 0 0
-2.3902793837845184 6.7826138719148208 52.2579753190737009 255 255 255
-3.1619665463591917 7.3758716516303018 51.9005288691107936 0 0 0
-3.1809599837917024 7.7825032724700902 51.8300818517587771 53 225 1
-3.1227383787769933 7.9805036313814401 51.8145458613388215 0 0 0
-3.5759575750983070 8.3668789351095239 51.6788895843901415 0 0 0
-3.4443768848881282 9.2942752874433285 51.4949602830341604 0 0 0
-7.1616361079518187 9.1414488582311204 52.1384046097402489 0 0 0
-7.3971188056932942 9.1818424748254728 52.2367361408082758 0 0 0
-3.5134984954999227 9.8242446524661950 51.3884403871368605 255 255 255
-6.8734061052515116 9.7171132906376467 51.7740981147687975 0 0 0
-7.4211370869487974 9.9546553835153730 51.9582525193370230 0 0 0
-7.3115159805361856 10.1726823049461501 51.8282612836558130 255 255 255
-8.4436974346847080 10.9137464313611900 52.2030112335833749 0 0 0
-7.7618161050023620 11.0085103789636136 51.7319986397056795 255 255 255
-8.4069325358854048 11.2090345701842491 52.0619267018028751 0 0 0
-8.1109313566416947 11.5191025532767561 51.7289646943834356 255 255 255
-3.2215906435392672 11.9669062879429546 51.1239900589042620 0 0 0
-3.2447742929023220 12.2067413862471863 51.0265105623797623 0 0 0
-3.4418549638643827 12.2806929976586527 50.9970287857601008 0 0 2
-2.3412240424989283 1.7422638949617859 53.1824101570460002 0 0 0
-2.7528043571540612 2.9617970139253895 52.8594976703895298 165 249 125
-2.8764678110202202 3.1339029839948918 52.8584767695219355 105 253 94
-2.6733116541644586 3.3056584491382828 52.8218520608134696 0 0 0
-1.5351638959252840 4.8645614075012524 52.8679540476314358 0 0 0
-1.6331338085963680 4.9443597572999343 52.8173783409768731 254 254 254
-2.2245744930873199 4.8617377596326774 52.5816072224696853 0 0 0
-1.8058333241814617 5.0641264758656268 52.8381125745688323 255 255 255
-1.2981854710976690 5.1617639031726323 52.9956491183096858 255 255 255
-2.2623780786247094 5.0396210452713435 52.5236654287079290 255 255 255
-3.1097565761521313 5.2608358305315956 53.0418745702471952 255 255 255
-3.8555049478015242 5.1932207896682003 52.3891489054765032 1 1 1
-3.5452516830793419 5.2099473905865814 52.2174073629950257 1 1 1
-3.5635851143606558 5.6013876953634361 52.3054335509527704 255 255 255
-3.3416847869662649 5.7148945686381225 52.2569948245169229 0 0 0
-3.1250530895950952 5.7548139358755286 52.2306263503049522 0 0 0
-3.4447968033813900 5.7346785029740355 52.1519781552716140 0 0 0
-6.1959087822278631 5.6631982935775484 52.9716865596033699 0 0 0
-6.1720467840452073 6.0044716054916751 52.8896982680960193 255 255 255
-3.7341170143436093 6.1761777542447582 52.0416335216486843 255 255 255
-3.7743273920248233 6.5840598789637355 51.9470783753475729 255 255 255
-3.4799466614145125 7.9155290374130480 51.7685771404534307 0 0 0
-3.1033007369351524 8.0171383528103952 51.8024525533180409 0 0 0
-7.0287965603695124 9.2815420778080355 52.0288341331811210 0 0 0
-3.4310927909845912 9.6184436885601183 51.4739464874552795 254 254 254
-6.8591154598252428 9.8067399898375420 51.7394214628145122 0 0 0
-7.3598266665860104 9.9462722190250794 51.9258671914530581 0 0 0
-7.7497336527089189 11.0012599797790447 51.7148853881655910 255 255 255
-5.9771688627080248 11.6639617588512969 51.1805954006619643 0 0 0
-5.7308362542629210 11.8896953113336306 51.2577234794140253 0 1 0
-5.7584668975209388 11.8157231079921683 50.9403679177743669 254 255 253
-5.8177535334460080 11.9542109242828847 51.0521079952130634 255 255 255
-1.8907998897318785 4.9337317073593807 53.2141453192287983 0 0 0
-1.9754251835152421 5.0039086430250990 52.5776124386164270 255 255 255
-2.5052276426340261 4.9823677152073049 52.3481696728624044 0 0 0
-2.3850457079854008 5.2595200516766809 52.9006771599117087 255 255 255
-3.7844246079084614 5.1240813165289332 52.4343424134988823 0 0 0
-3.2834014409528685 5.4311739997889088 52.3770801444424592 255 255 255
-2.5673707626857096 6.1291875280914523 52.2722101052715757 0 0 0
-6.1615883798631828 6.0209257559403548 52.8850602624954647 255 255 255
-3.6463888360933505 6.3729476904651827 52.0582835796993848 0 0 0
-3.4829522402180961 6.6942848832952713 51.9986095483650885 0 0 0
-3.2236283123017153 7.4851212412533039 51.8537930569618055 0 0 0
-3.5163952441900590 8.4375540873956361 51.7167791451110190 0 0 0
-3.5941073916099251 8.7887568041970301 51.5974884213533329 0 0 0
-3.5680859255715176 8.9045155467018589 51.5757261181702802 0 0 0
-7.6775036215835222 10.9869344531028794 51.7415576415195915 255 255 255
-3.5748651221879806 5.3482224953364685 52.6135034126682868 255 255 255
-3.0815374602308458 5.6669639546468993 52.2101887787156684 0 0 0
-2.9978348909722450 5.8953092962689615 52.6972126656553641 0 0 0
-2.6021152302206505 6.8209761491034673 52.1324966585494280 255 255 255
-3.4251122618905243 7.6541149993738653 51.7959632829874934 0 0 0
-3.6374876006389929 10.2540626275328588 51.2591002517141874 0 0 0
-5.8998495759266625 11.2942805846805676 51.5734456216755959 255 255 255
-5.4672221308097928 18.1696682223792472 49.8889055033093598 0 0 0
-2.9872714857223683 4.7275810452565921 52.5994197984254157 0 0 0
-2.6388179166833261 6.7610551214387371 52.3157138168668112 255 255 255
-3.6963784538890070 7.1798681194001839 51.8596431536465801 255 255 255
-2.1008533121751989 4.6750730823117070 52.6644083511105947 143 253 102
-7.2122565950585020 15.6989683677585159 50.7493684839003976 49 233 119
-9.8365696827648623 17.9600528274175844 51.2605922884639469 0 0 0
-5.2643649007770268 17.3942746589118187 50.0193635999789166 255 254 255
-7.5378690259514460 17.9875042564995233 50.5293878076025038 27 198 60
-2.1037251034630007 4.2800598927278584 52.7160804898478830 0 0 0
-1.9714629720247570 4.4569081428148092 52.7461372639270749 24 206 0
-2.1514988918539801 4.6216193622366388 52.6405217571156001 0 0 0
-4.8768528863984173 11.7693218064842746 51.1100674483633171 204 254 227
-6.6138887711944294 15.5544033599169111 50.8006504535768428 2 17 24
-7.8348704737730399 16.0034310360756074 50.7865610816742361 219 255 205
-1.3665856414879523 3.5790065876833710 52.8239259089760012 0 0 0
-2.1300273326736674 4.4570646999709060 52.6739406269284203 1 0 0
-1.7788219924622981 5.2503697599918615 52.7267831301572869 255 255 255
-3.5247996485229982 5.7528519712462716 52.2819415699996313 0 0 0
-3.7137512196272047 6.7076723372835412 52.2290635756918604 255 255 255
-9.6420180443437520 17.4212201571376717 71.9305672434100245 0 0 0
-10.0471509044302909 17.8234489252546204 72.2073390338053684 0 71 1
-5.8404907814038021 13.5110925144917839 50.8771666507567772 112 121 128
-0.1343925450573992 1.1703870206259936 53.8254441043128296 0 0 2
-2.2049669693625211 4.8885721379887155 52.5952576513128065 0 0 0
-2.4219979688027191 4.9332071258819559 52.4414379979348695 0 0 0
-1.9636928217179663 5.0554511199387502 52.6374654069771850 255 255 255
-9.7298308216639633 17.4224021180810418 71.9867051073018587 0 0 0
-5.5243414689127563 13.5820215375647422 50.8201934846376986 89 89 89
-5.8663751638353290 13.6837918999954642 50.8592875319930897 118 213 181
-6.0712768461532827 13.9697104632577265 50.8962672152457927 0 0 0
-4.5724268648686515 16.3005909017558110 50.7208475069706779 240 241 225
-1.1655540277931948 4.7333247969891286 52.6662757426315693 0 0 0
-1.8914653897693403 4.9152918358010398 52.7461410436909688 0 0 0
-2.6258104670985483 4.9224737604952491 52.3027677581817798 0 0 0
-1.2519740801924257 5.4908567577495502 52.6713253113398494 255 255 255
-2.0201920249031948 6.7436159075631732 52.3409325823789402 0 0 0
-2.2378688413588770 6.9627298989374822 52.2110136660353987 0 0 0
-1.8194269187391376 7.8900561613510938 52.7938011368391500 0 0 0
-3.2434168306300464 7.8167922763473516 51.9014633370211271 190 230 144
-2.8561857548854941 9.6218749083203985 51.4276707452219313 0 0 0
-3.2345210683453107 9.7399468149400050 51.4920471784395417 0 0 0
-2.0732439060561072 3.9600813469726668 52.7767722607869416 0 28 0
-1.4015630272461985 4.9451077063049320 52.6502581856571794 255 255 255
-2.2720246432250337 4.9287173894345697 52.5471506363525975 0 0 0
-2.0153854007063030 5.0202608295830338 52.6492413838981577 255 255 255
-1.5829774585565812 6.4113161139518500 52.5900630850478308 0 0 0
-3.4163278633040757 7.6860675410917780 51.7266805957317857 65 65 65
-2.2261600072455385 9.6471304330630403 52.2895076646476653 109 255 70
-3.3222597003396803 12.9235965621993181 51.2762482525491663 251 250 246
-2.8525197544568353 7.4611233925510643 51.7032087584458822 27 28 32
-3.4969314766403854 8.5337964474017376 51.7585847953350111 1 1 1
-2.1472362580122284 9.2874271453609225 52.2427787098799072 0 0 0
-5.9761973594351669 11.7227338945236941 51.3674642969683930 51 51 51
-3.6376131989114664 9.6413202324283720 51.2960524150514630 255 255 255
-3.1236927357240627 10.7352909018176881 51.5041220014167394 0 0 0
-2.0565255151651898 4.4097157719728397 52.7225928439672415 58 216 0
-1.2891522390067913 -6.8289955011906374 61.4508834042296073 10 185 2
-1.1035117408375181 -6.7584884588489782 61.3096643453020747 0 47 0
-2.2881484987857421 -6.8850088574985486 62.0708949227173434 0 23 1
-1.0424256892567432 -6.6353941022674903 61.3434015724926027 175 228 122
-1.2011736689672019 -6.5776766722097477 61.3955300455919541 64 236 2
-2.5041081941124048 -6.6830258441242236 61.8465001819231759 74 206 11
6.1986397346821986 -4.1554655519710932 57.6957795596569412 0 0 0
6.8278158404047566 -3.9029324172981261 58.1792730422596875 1 0 0
-4.1437461307776635 -5.5585585055880848 60.8253578868049587 97 233 47
7.3183493438189791 -3.6133564975534469 58.7106295403447689 1 111 0
6.9929072321997801 -3.5819667324701849 58.4344209413465450 1 0 2
-5.6112908365631489 -5.5114678358088689 61.7451535683618786 170 221 116
5.8431114177578394 -3.5572532508301768 57.6863498568608293 0 47 0
2.9329200737784520 -4.0446485184575147 56.3607437537085545 91 214 35
5.9061808749854157 -3.5279374003439901 57.7444233201241417 27 190 3
3.9138403531750265 -3.8223409031537781 56.1284592481443028 0 0 0
5.9374812049061463 -3.4519418252555836 57.8495644514118794 0 0 0
5.1218645665305491 -3.4316981323983811 57.3085106281040382 0 1 3
5.1958648514026864 -3.4159523303252248 57.3880157742458721 39 191 18
5.0227071751060564 -3.3556129383164492 57.2741198941135821 28 182 0
5.0627928353694198 -3.2864863987435529 57.4259190237650259 0 141 3
4.8832098077518316 -3.2728558276485442 57.2983745016013302 59 222 45
4.8092512631631923 -3.2484330637976950 57.2501530927458333 14 136 25
4.8225343316523288 -3.1973426188929985 57.3189783468672331 0 1 0
4.7113303819610106 -3.1784861696468427 57.3380743210796879 1 27 2
4.7701420436295559 -3.1514783467613956 57.3083399196459879 120 247 69
-2.4444398244388985 -4.2035129496387791 57.2232460510062566 1 1 1
4.2864686413735686 -3.0721162721817281 57.0922329172887544 0 0 0
3.6892267339288840 -3.1512972859618267 56.5840518600904048 2 162 0
-2.0719983596185685 -4.0295266005946111 57.3412985125651602 0 0 2
4.2419076593699945 -3.0204776284053256 57.0650609995123119 149 247 102
7.9004782105117828 -2.3684331367837408 58.9816107983282905 0 95 1
3.9327030815175932 -3.0176604307366492 56.9182916933282073 54 204 55
-8.4289631776441603 -4.7722219560751107 62.5642738908164873 53 192 3
5.5854699562742880 -2.7196823601080866 57.3602193957869417 1 13 0
3.8608021012004881 -2.9836212136195996 56.8977640492458150 2 92 2
3.6385525156155292 -2.9580195832421534 56.7681264211732710 1 0 0
4.3521950823184392 -2.8385153890417549 57.0944459240815405 0 114 1
3.4813599295511830 -2.9815369944229779 56.6368487758846513 0 1 0
8.1489160355768284 -2.1275482076263210 59.2198064290057715 0 87 0
3.6902194308186709 -2.9038308298768096 56.8039590300913630 100 249 43
5.2063687219138837 -2.6265898604108346 57.2017222379802064 72 255 42
3.5946504754853752 -2.8836283016445963 56.7139977157321269 154 251 118
3.2909663423973639 -2.9179938721307983 56.5727304176873105 0 7 0
5.1399822930003873 -2.6033106750285797 57.1188519106497523 121 253 89
3.4223029339850557 -2.8756095944101485 56.6869031499376135 1 0 2
3.4834815184312644 -2.8484660638590729 56.6983682964525357 123 255 84
5.0607371046316931 -2.5124569157440408 57.0940172781519379 0 0 2
-1.3886539823261406 -3.5382920788758541 56.4680634106228467 254 255 255
3.2672902013068752 -2.7864425287576404 56.5952819012908961 105 251 64
-4.4721382317308231 -3.8942334326277144 58.4160179791918495 255 254 255
-4.9187753691820051 -3.9455521676201779 58.7457774733298947 255 255 255
-4.3519959158292867 -3.8677029416034299 58.1348591997205588 0 0 0
4.8243242927337366 -2.4257936786960870 57.1208650466308896 0 2 1
-1.3098840625386809 -3.2666256063378474 56.0753911011380524 0 0 0
-5.1001230158956545 -3.7051545352651027 57.8427771633694121 104 105 99
-3.9619151005931239 -3.5154750833611832 57.5780586776203691 0 0 2
-3.8975151334494047 -3.4788765302670046 57.5105828089857027 198 229 159
-4.3307775891729356 -3.5295469518205342 57.6620298590972382 0 0 0
-5.3924000736250619 -3.6504377064803841 58.4902496729475487 254 254 254
-3.8437733872504358 -3.4136526998032912 57.3565537197819779 1 1 1
-4.1733383939815454 -3.4405585067167208 57.4756830782328265 1 0 0
-3.9233930466610376 -3.3549954681724365 57.3141424974263458 159 254 164
-3.6192953104731047 -3.2882009847277427 57.0458508147532086 34 125 32
-1.7612973112804020 -3.0379222004355690 56.0965098229475174 24 56 6
-1.5003531060872715 -2.9973896906809623 55.9955131830234620 56 246 2
-2.2081672028054000 -3.0597137596710011 56.3432045954618630 0 17 0
-1.7097422920983791 -3.0010686487839409 56.0854661859469061 98 243 60
-2.4017192440755153 -2.9767567314962124 56.2933362117583798 0 58 0
-2.3540231212603957 -2.9066282716371106 56.1988217168917572 134 249 92
-6.7138316473424693 -3.4227480824906635 58.7488993854498318 0 62 0
-2.3084503994950891 -2.8593015809188222 56.2535500282091050 0 10 1
1.1435417750528807 -2.1856758557236184 54.9245088287687935 0 1 0
-1.6089062621519441 -2.5321346919205800 55.6501589343744740 149 255 121
0.5291530990973118 -2.0938939253835862 55.0292648986185213 31 214 0
-6.1804678092097811 -2.8799206718897441 57.5404461361532924 97 139 93
-6.1224655968097332 -2.8386674267564813 57.5379169116668194 1 23 0
-1.2634793873274202 -2.0980436910483280 55.3249603370406646 135 231 108
-6.0504442610185292 -2.6789195198672129 57.2381202096369677 1 110 1
8.6341270371548831 -0.1075528194860357 60.3279039232654455 61 254 51
-0.1074043903047506 -1.7032709299858764 54.8354595254569830 61 232 78
0.0520237341916444 -1.6934097966479744 54.8322659051257304 36 225 0
1.9039670519278162 -1.3641026081339351 55.2719214074076675 86 237 84
-4.4043937329192113 -2.1900025257667024 56.1837639243774092 1 80 1
-5.9342928409356563 -2.3218295471328156 56.7966637143428414 101 198 91
-3.5715757476910213 -1.9725825202997258 55.7665688138574609 155 242 109
-0.0301131226451225 -1.4675289649391650 54.7120949342807492 0 0 0
-1.1438125642707959 -1.5972069513048595 55.0259979046108683 0 36 0
-1.0477769800671435 -1.5631682005625129 54.9267413869301180 89 254 53
-0.0003158848064084 -1.1695522087285797 54.5437547506065101 76 250 31
-1.2124282353579978 -1.3046472054394900 54.8675400794774220 0 0 0
-0.1122365036876038 -1.1636933541841008 54.6047003935179731 0 10 0
1.4582712334903603 -0.4785649125437503 54.8989738463021695 2 52 3
-2.0964021281668939 -0.7820126906561579 54.6867235844225590 1 0 0
-2.2466013129593425 -0.7876658162682182 54.7461699909794675 110 237 44
-5.8159548028616950 -1.1623689942036342 55.7268702595030518 124 209 126
0.4124996511100809 -0.3283141229428468 54.2780630258847054 1 1 0
-5.9607576205901553 -1.0151261281999011 55.7960172711942235 79 118 87
-4.6732799675962093 -0.7159645318727721 54.7480640366693621 0 0 0
-3.8097380060377910 -0.5101398043757159 54.4293260914283223 1 152 0
-4.6629057337643864 -0.5557829420071947 54.6801784320431921 20 253 37
-4.4359534907135396 -0.4108099751196988 54.6161853286061927 34 53 34
-0.4651791683634171 0.1337117544043309 54.1820399631162815 76 76 76
0.5006176728391371 0.2979008979327141 54.1852702394512775 0 0 0
-4.5600747839831515 -0.3695953581405162 54.6401632345576047 0 14 0
-4.6678693967657923 -0.3627582868138102 54.5722373834185035 11 119 33
-3.4745420737718336 -0.1406961764065135 54.0622116751285091 55 149 73
-4.5799124705439462 -0.1115593652365898 54.5129076239831747 100 139 95
0.4518603950960883 0.6031991710898973 54.0945708133734016 0 102 0
0.2329684065374706 0.5847345773086278 54.1279382000851825 94 255 56
-3.3593058789684647 0.1533971825518723 53.9168629959752010 198 211 191
-6.6256682794585728 -0.0694461678676543 55.5407408005279564 234 234 210
-0.0612710847260036 0.7534853353936468 53.9211861599482276 0 2 1
-0.6343013408180285 0.6746581099626401 53.8378955788358482 3 0 2
0.0072551192797644 0.7823036834976058 53.9680586543396075 129 253 81
-0.5418310563410749 0.7787095132390526 53.9237974959710158 112 241 52
-0.2531817561463225 0.8257624695273507 53.8921885463641743 82 237 9
-6.6953710160102897 0.1159347233643046 55.4808453041372616 213 230 185
0.9359825400495545 1.1701102829868160 54.8130904643022916 113 255 72
-6.5698188832552011 0.1646429085199967 55.4536018029564204 122 230 49
-0.4485231091684044 0.8704812222472657 53.8274499049291890 129 220 54
-0.2270390805944377 0.8964012393521553 53.8378120713103812 0 92 1
-0.7410950880328588 0.8676964321301086 53.8582896075128801 0 0 0
-3.4585438290086197 0.5478062080647661 53.7180774758436357 130 255 93
-3.6718543475117702 0.5446799319573563 53.8121608105733316 88 78 77
-5.7493204380606873 0.5572847070921066 55.2441113746648398 163 255 131
-5.9201222970470377 0.5713471993536251 55.2224996101509333 134 255 98
-7.2872727195915088 0.4293558645956722 55.5036243502637276 6 31 1
-6.1263837457328876 0.6692557706566343 55.1439819294238944 0 0 0
-3.4042315867249791 0.8865263082056729 53.6112466936234568 0 0 2
-5.8697609321241631 0.8131763141060548 55.1804189605042197 0 11 1
-9.9960482316556885 0.8450137887598819 57.8604637921123413 0 23 0
-8.0426556014182928 1.0023016908786209 55.7519519138544695 166 219 149
-1.4684083676577391 1.5970211583971587 53.2544536492224552 0 0 0
-7.8593839340555087 1.0626129785537182 55.7080802849879859 6 8 3
0.2357821255949974 2.1210302232304197 54.7786294099528348 0 138 0
-8.4582649008802662 1.1109190048744169 55.8224340350196826 177 255 177
-3.5229763326173154 1.5057833337641402 53.4022809484126739 139 255 118
-2.0276751630564100 1.7057105620215283 53.1813497776585535 69 121 109
0.1469797312005615 2.2936418140424659 54.7636201462081118 0 78 3
-7.7910087484828505 1.3009113448025602 55.5562630201888865 84 226 106
-7.8675712368131521 1.3152114408957982 55.5526445180369493 0 0 2
-3.7337224275989822 1.6973783292984181 53.3729986720237264 164 246 120
0.1075414144699816 2.4613218041558094 54.7206830148919963 1 109 0
-4.4111430393981044 1.8930012104460376 53.5376952001064481 111 224 46
-6.2137714481966713 2.0248280478350207 54.6276318217218275 28 248 16
-7.8842678911742734 2.0854855698219086 55.2987059831378858 138 238 165
-0.0136876689091875 3.1134297682354619 54.4598004313333917 1 199 2
-9.3719933282361385 2.1800570551201792 56.0062945658193598 112 113 107
-6.2762656024984498 2.3822835816873162 54.4828532378877455 75 187 103
-6.1798251689803205 2.4211953185202093 54.4079936176061523 0 1 0
-4.3525807289617022 2.5043595988173131 53.2946041684969316 35 215 6
-6.3056507671762994 2.4398605779731293 54.3910812971528088 0 140 0
-9.3658357694018015 2.3155124033247669 55.9855090367563761 197 255 179
-6.5241856527130091 2.4579651453881670 54.4938721733557827 199 255 190
-4.2626292545582576 2.5927628876892292 53.2303108759906607 1 181 0
-4.1466676674363363 2.5881731615745505 53.1621771538398562 16 183 54
-9.0699062973275399 2.3771216819378709 55.8065435367176121 224 255 214
-2.6095250567032870 2.7778446866246282 52.9437488467089068 179 254 185
-0.1539078279779680 3.4068371215066344 54.2346250985245604 90 255 39
-8.0329223266470802 2.5026994363716550 55.2190901679547892 2 144 32
-8.1296680312940612 2.5829345980829306 55.2964999227246139 0 47 1
-6.2724644077131080 2.6658167368657595 54.3084479265795821 9 91 15
-8.0233031067103155 2.5963696928932802 55.1997191264663698 249 250 244
-6.0099707193071055 2.7300495163402423 54.2384013626246286 67 244 6
-8.2147760990430925 2.6246235540738874 55.2760033193593188 1 0 0
-0.2200161838401437 3.5379628678676274 54.1438846228897148 1 1 0
-4.3325320658462561 2.8724756130331639 53.1662549191547313 244 240 228
-4.0462784342201195 3.0578602184707604 52.9612006046621673 18 214 46
-6.0349858730030883 3.0350158612625231 54.0019870356266765 218 245 194
-6.0767346833482270 3.0882614876429364 53.9715124818522796 0 5 1
-0.3299363057230609 3.8881072537553503 54.0498432201311942 0 173 0
-5.9452875256203592 3.1150827739066869 53.9529469608390215 190 240 153
-0.3854757746700374 3.9517974613217284 54.0502071667700505 109 255 90
-8.1842627890246060 3.0972776264497699 55.0886230311558407 1 6 0
-5.8346085065259148 3.2657405780525237 53.8844911993532634 136 232 72
-0.4987744648976108 4.0383658702830463 54.0192548216685893 98 255 75
-8.2123552110496369 3.1997175458940479 55.0521503376215051 1 20 0
-1.6940930366167826 3.6861796480794600 52.9104809755984888 88 255 61
-2.5160580983139256 3.6284567043586957 52.7428758664038568 125 255 118
-0.4257212948544114 4.1460246242680867 54.0661138066137426 42 255 25
-8.2081158742648626 3.2993311521891231 55.0094874611177218 243 245 234
-2.7445272427182239 3.6121280801488282 52.6729486662296864 0 1 0
-8.3430138004583050 3.3254863054968284 55.1047645151798164 176 222 123
-5.7800802378229514 3.5108267594953868 53.7153269003511298 246 243 236
-0.4853998229981061 4.3182662238305412 54.0524664406621582 0 196 0
-2.5284958748806168 3.7940190794087250 52.6761798787807436 0 0 0
-2.2667183210344448 3.8589215808918729 52.7525344241836720 51 214 1
-6.0414824317765818 3.5722751305480220 53.7327068651593436 66 79 59
-2.0081430292565488 3.9965824637334837 52.8183393274089070 80 248 38
-2.0972024391891240 4.0331314237579194 52.7852022066348141 1 59 0
-5.9940415389774255 3.7094904229663972 53.7983186155244368 126 132 122
-0.5683905467640240 4.5292814739014089 54.0169708108357796 0 193 1
-2.0005904317322574 4.1756717196274034 52.7301979903784428 1 42 0
-2.0804247944046983 4.2107414653741371 52.7490343759432250 106 255 87
-8.0126105444727855 3.7894733700472494 54.5654923454573577 255 255 255
-8.1045905120416926 3.8820744313178084 54.6301552794048391 255 255 255
-8.3841096587060076 3.8996197862196937 54.8423678241202168 255 255 255
-5.1796331560061368 3.9977543697466760 53.1766102696600882 0 1 0
-8.9398551597331384 4.1953412616270631 55.0072448939630050 255 255 253
-0.7709585070038133 5.0411266809165545 53.8958663379556384 111 255 77
-1.1250945626701330 4.9484139099807836 53.1359170621612478 254 254 254
-3.7616476146293754 4.6112280780611297 52.5165940779622602 33 174 61
-0.8842200802519657 5.4854901814939367 53.8345344519325053 2 21 1
-4.8440236285003797 4.8090243929112404 52.6246400443788005 254 254 254
-4.6276109181422180 4.9464473593319802 52.5883664772060797 1 15 0
-1.5927034271927629 7.1485123740974954 53.2776588220815128 0 0 0
-1.7950756647050032 7.1989729910500619 52.9731530530629797 98 209 158
-1.7461844272134806 7.2215314636228758 53.0314908653584780 0 0 2
-1.6806736813996925 7.5058871483149190 53.1458949422595026 148 245 103
-1.6269981651526009 7.5282239073772805 53.0896845512262701 137 254 96
-2.2081510737839518 7.8235478633894662 52.3661748856643783 27 74 56
-2.3026913356017906 7.8644060313394446 52.2749809543176269 0 2 0
-2.2062607711312605 7.8998603226614126 52.3135183200257430 0 0 2
-2.3700043153351720 7.8668103328937002 52.2121090388255880 0 0 0
-2.5435949766131043 7.8536668954689208 52.0413983842494901 1 1 0
-3.2370755474347703 7.7430348791797057 51.8672001044299975 54 215 49
-2.5148399778780268 7.9234700736367474 52.1999812483430219 35 190 60
-3.1489315071189252 7.8809833353038865 51.9263898466175249 87 244 13
-3.0587005007251324 7.8813253319121515 51.8621998499299650 57 239 15
-3.2414837594616719 7.9533488049746124 51.8403792277448758 98 245 33
-1.9524207000666154 8.5458631145880730 52.7591031192077935 87 255 43
-3.5082124876525853 8.2368970736227425 51.7728952741374471 2 1 0
-5.5836046047705370 8.0266780514295561 51.8484756393625261 19 31 7
-2.1258352436896937 9.1374971261076059 52.5266581517078066 96 255 62
-3.2128662999856248 9.2090031310750948 51.6570654171548398 0 0 2
-2.8182822703607204 9.7596266138232064 51.7675217718774263 0 0 2
-3.0535366137981588 9.9626671439847847 51.5610875851764590 57 242 40
-3.3662303685751467 10.0222368924260845 51.5098162374285025 56 145 99
-3.2031100716480840 10.0766761863665071 51.4249848661224291 183 247 151
-3.2142481941775971 10.2332292729679573 51.4091135063881026 135 231 71
-3.3903348537944158 10.4623692531173802 51.3235529099333689 0 0 0
-3.3335375301319403 10.4683879318058572 51.3140137455821304 92 255 78
-3.4173986750291694 10.5751930495654580 51.2840729473193022 1 0 2
-3.5012220762623927 10.5836199408271767 51.2836709737129581 44 113 84
-3.3485340799428136 10.6381009262000639 51.2981608261638158 80 251 48
-3.3214784991422763 10.7563498327013978 51.3029546436440853 150 255 137
-3.3494311992502737 10.7991806330062481 51.2645987311911995 0 0 0
-3.2137000419799850 10.8832632654871642 51.3117077641496238 0 24 2
-3.2538123160998276 10.9329669596234105 51.2623768652219667 104 243 38
-3.2166334004120625 10.9883735960989917 51.3077555718309313 0 0 0
-4.4382718345538770 10.9227690590802631 51.1620258954601113 168 255 140
-3.3561888068664878 11.0801408343279153 51.2129860031573756 103 254 99
-4.3814542605305045 10.9870803627435034 51.1612321730492070 0 0 2
-3.3825178385921375 11.1157109623639609 51.1770857073402894 39 179 57
-10.7665244324031555 11.2254410315542152 53.6353046058975735 255 255 253
-11.1697597570294764 11.3508401959619540 53.7748364744719254 255 255 253
-4.4915888295887774 11.1743717196533776 51.1069056974249918 139 224 68
-4.6505293256181508 11.2461308462586675 51.0624422596469643 0 44 1
-4.5758670290130006 11.2920692333124482 51.0680126543376147 81 253 55
-4.7077675994316737 11.3299637431948312 51.0648999648413593 93 115 113
-4.3412026940039405 11.4280841269871676 50.9875347982513603 168 214 105
-3.0613517643635975 11.9413879752415060 51.5583828030926341 89 255 51
-4.7962647933311651 11.7095139502807637 50.9673267646357075 47 211 52
-4.2324252220030720 11.7954520597455836 50.9097110265030679 157 247 113
-4.1670694743877315 11.8251021891011678 50.9482343188655022 205 229 167
-4.5829121101236581 11.8086396519907630 50.9783272061581556 0 0 2
-6.0145882548263936 11.7466744412238739 51.0895101661305304 254 255 255
-4.3435536638705372 11.8867806192115193 50.9330231297573164 142 227 74
-4.4146831204581973 11.9173436559015826 50.8986306280525369 0 0 2
-3.2447573888139467 12.2251409393267263 51.2391600332851525 0 52 3
-4.2415952285135017 12.0343676977571370 50.9262559139933941 196 250 174
-5.3283340064891513 11.9876816731593276 50.9961205854735837 0 0 0
-5.2425381532683231 12.0283115150724491 50.9922309856917906 0 0 2
-5.2993633984155757 12.0312649050522325 50.9621826111964964 255 255 253
-3.8591327947800624 12.2720865040272198 51.0019708610506868 44 218 0
-3.4449282938525014 12.3774310969783397 51.1082021159581217 67 235 114
-3.7814750894034641 12.2826017922208717 50.9238277099911656 134 241 75
-11.5795197419545897 12.5057836328805436 53.6282976566964820 0 50 0
-3.7663997561265816 12.3463649292709885 50.9840159093510223 83 255 71
-3.4366969547194324 12.4132514621899137 51.0426570106788304 87 255 65
-3.9664284377090846 12.3482572251562654 50.9458137005123959 24 90 62
-11.6427712631905038 12.5788533137577847 53.6602077459828593 111 181 118
-3.7340059064770292 12.3806297420889670 50.9552918973154689 0 51 2
-3.7840498814319155 12.4030895182151681 50.9613730838299830 0 1 0
-3.4222167285335767 12.5705362130722964 51.1468370523406222 124 237 57
-3.5342366827050791 12.5364625019254152 51.0146855566527648 1 87 0
-3.7239925497151591 12.5822722877224944 50.8987204657870222 0 0 0
-3.5486359123889084 12.6907775195548922 51.0425378407918728 1 178 0
-3.6752590274545058 12.6671246335134775 50.9568102428968359 120 245 63
-3.9896552539715087 12.6506542979563985 50.8489035711960682 119 244 62
-3.8908349962544753 12.7347580862677070 50.8413718943620978 5 188 0
-3.9143968361011341 12.8056607974705017 50.8706686814501481 2 4 0
-4.9287747662673089 12.7929974369506994 50.8177062216302886 43 43 43
-4.1653127366120906 12.9298348175540507 50.7642246894223774 2 110 0
-4.1959249962907101 13.0910127509157803 50.7585133176554706 0 24 0
-4.3693666730536842 13.1116141114193834 50.7546059750659779 148 249 109
-4.5773723519847502 13.1451023422735087 50.7787978659224635 161 255 169
-4.2653445061132036 13.1601395272631496 50.7422976514383990 1 1 0
-4.3413268863677565 13.1484010532305629 50.6529750917624213 157 234 102
-4.4171176624912265 13.2708709077002922 50.7332200855745796 1 0 0
-6.0294237627585767 13.1714779893774985 50.7297704974184285 86 247 55
-5.6500686953583639 13.3216825823306575 50.6643274203715777 57 123 85
-5.5144139941910346 13.3743994685928129 50.6893675552671894 55 93 80
-5.1233736227033040 13.5717222640136672 50.6541394369461386 1 1 1
-5.0612667241495481 13.6440731886258284 50.6470392964903553 186 235 146
-4.9576003780364148 13.6771295472929975 50.6338699216617130 0 57 0
-5.1453624471086998 13.6533007177915575 50.6033980255430365 2 0 1
-5.8495611108459267 13.8268243405606235 50.5882675880555297 0 0 0
-5.6938896043438714 13.9360547008589553 50.5503775055296032 0 0 2
-5.8897640375760902 13.9542942957548721 50.5667624209475761 0 26 0
-6.2752690151109745 14.1716176627504549 50.4639469889349570 196 252 165
-6.1883029343521905 14.4238658412931393 50.4686706632408857 81 249 16
-6.0493513073591867 14.4385770997349638 50.4510913375726560 0 1 0
-11.3049547695669332 14.8883173313033641 52.5115046559909686 24 162 27
-8.0389792107765654 14.4146908184692624 50.6776605108204166 255 255 253
-6.1989778144340217 14.5207274314505739 50.4392098772295796 111 255 105
-6.1170641628834641 14.5226281103769175 50.4151330333794192 143 253 102
-11.3419382613159634 14.9648589959572185 52.4845554910292407 31 97 23
-6.1168136842042680 14.5835126808567566 50.3828779322489027 60 255 0
-6.0326185897949198 14.6463950567429482 50.4405556621053037 0 82 4
-6.9655316999541466 14.6492505156558437 50.4912698056131291 106 255 61
-7.0386039736756141 14.6335845144001411 50.4667500175158068 155 241 106
-7.0575898464565530 14.7039170728615147 50.4480161134110432 0 0 0
-5.9000884377774865 14.8671754704746402 50.3669211816315752 51 247 41
-9.0283328356778636 14.8124254472376080 50.8355890103746617 255 255 255
-5.9776716469916398 14.9633929310959779 50.3405468177660325 0 45 0
-7.3871071824875072 14.8806387297172460 50.4238159993134687 0 0 4
-5.9788434064679050 15.0484874056114357 50.3139953697778495 1 0 4
-8.4425287184372344 15.0228845248045761 50.6247601243610603 117 255 93
-5.8628578212930451 15.1520030192318806 50.3535123420963941 49 236 35
-8.5802253979844103 15.1005463847839696 50.6001558320772133 0 3 3
-5.7096457266842018 15.4187585977887043 50.3755795752698106 47 220 40
-6.1259908798947631 15.4147389937428869 50.3344320186228629 1 13 0
-5.2281609599296504 15.6386425677454444 50.5005571141904497 56 239 24
-6.8692934278166664 15.5739168579124652 50.2822310043095086 53 60 68
-5.0351511485121438 15.8365263085324752 50.4856650360313850 1 0 2
-4.9816139605456433 15.8947799961542593 50.5371094418484006 0 148 10
-4.8884743105812589 15.9149649287025756 50.5481828284570085 12 188 1
-8.6875859128216124 15.5832895186783116 50.4771576622969675 69 151 43
-4.9522215896272233 16.0685182340227364 50.5365509650703117 0 1 3
-9.0139261712062613 15.7955723429561257 50.6399427545994385 38 209 51
-7.1909053307547772 15.8321075481950526 50.1912238567283566 0 0 0
-7.1420441813061455 15.8668443992808665 50.2615584208441391 110 254 60
-9.0619382416382948 15.8480235797819073 50.5735189435088515 142 245 92
-4.9418649401620467 16.1879852143443479 50.4218815946849261 146 224 79
-4.9333836367175694 16.2496509394446953 50.4453826762371804 118 240 54
-4.9784660236512632 16.2836280114646108 50.4613890924326327 74 206 11
-9.2127782210662534 16.0587756245796669 50.6370018538947377 0 17 1
-5.1070879163031124 16.3063994445967033 50.4155685737887680 88 248 54
-9.0832629491928305 16.0708592645109292 50.5849389681117430 5 16 0
-7.3356293530207166 16.2608455378313153 50.1296037067241258 0 0 0
-4.4254838155942453 16.5240060801815147 50.1477055271433940 0 0 2
-5.2616793143703511 16.5479949503406125 50.2960208454652218 109 239 43
-7.3249690175511937 16.3318383653140629 50.1448791961225240 112 224 150
-5.3164214859107544 16.5626998098443643 50.2365912596131778 0 69 0
-12.3233776784783355 17.2660605084442906 52.8974459550526461 0 126 1
-5.3512826248989374 16.6652324314851477 50.1722165487058831 161 230 105
-4.4726719257381227 16.6843629276814411 50.0189590543238722 0 0 0
-5.2864067090479043 16.7311478818394441 50.1132643495848527 1 1 3
-8.3726408439296982 16.7503647400760762 50.2715844003225598 109 247 48
-4.5222416561839331 16.9284835727842591 49.9815221713749906 236 235 215
-4.5331959638467669 17.0101782757709614 49.9431565788087113 222 224 185
-4.6720409586268712 17.0286749642577711 49.9821192687094538 77 236 84
-4.8408956299506425 17.1344724606069612 49.9243113783311045 20 144 50
-4.6966872047013908 17.1548936465409128 49.9571456819192505 1 0 0
-5.1070877337052965 17.1553730077787137 49.9521441802526525 81 255 80
-5.0051898651133646 17.2082659190881415 49.9381332443514268 0 192 8
-5.9480532944446169 17.1383073160616206 49.9552659790942855 0 0 0
-4.8087256279598911 17.2156085520494315 49.8628204564656912 0 2 0
-5.4551258902380138 17.2195597046465210 49.9309791289244203 70 243 5
-11.3837635784443378 17.8205646977263541 52.1215627391570067 90 254 43
-5.5714073196629945 17.2689202269006543 49.9650942105849154 83 255 33
-5.7138485091164819 17.3345447618841142 49.9396365922376617 30 232 0
-5.8516791955811147 17.4280648563562295 49.9419708558765549 38 222 12
-5.9043358994362833 17.4760466008562396 50.0031446423331829 19 208 0
-11.2286364658922846 18.0206283281356612 51.9387586662389538 2 175 0
-5.7473064946227046 17.5030923107193210 49.9586172889113058 2 4 1
-8.5434045891371486 17.4960179549715917 50.3837105555065321 18 159 28
-6.6008485790150218 17.5112856232885363 50.0070692516043493 39 230 2
-8.4043835683484236 17.5165307912429533 50.2593964738731032 2 74 0
-8.3483588470231886 17.5467587617423852 50.2905151763844884 99 223 89
-6.0243221782168481 17.6053128744869660 50.0326916208621597 1 197 1
-5.7583241757896513 17.6102797670082261 50.0008667192919063 242 245 234
-6.2092937600363669 17.6303603238554061 50.0697905930603255 31 192 2
-5.8581041648973864 17.6314014278254447 49.9755030403437743 220 242 196
-6.0119022729188236 17.6489172718331666 50.0101783787264722 0 19 0
-6.6684774934449766 17.5926137125719109 49.9990479278384896 44 235 0
-5.9510406040239916 17.6608087511447387 50.0120054519897224 231 242 210
-8.2688479354226718 17.7108606774771573 50.2112109732169429 2 4 1
-6.6963345092119040 17.7890432454282745 50.0339877909977417 0 1 3
-7.9766635290078289 17.8616498616672423 50.2268312775979027 1 1 0
-6.8425652151577223 17.8572082662372544 50.0294167350494945 184 253 162
-7.2318979935283432 17.8856840843202924 50.1239541561717061 43 254 1
-8.0279656120167822 17.8908867137575633 50.1997661153270798 103 252 49
-8.4374848755746932 17.9330488810535904 50.3363749593209278 0 1 0
-7.8889052625413383 17.9232061163062220 50.2178717608785448 74 255 64
-7.5158325093779075 17.9746911770971600 50.2155712473621563 1 195 3
-7.8605914543667579 17.9724990690148125 50.2090364352139673 59 223 5
-7.7782169082069377 17.9876623017078963 50.2104609773919535 100 233 22
-7.7223413111727108 18.0101310698760386 50.2268558410626369 41 223 0
-8.1606213709680997 18.0057729988690198 50.2174952496008444 119 238 52
-7.7612887813871829 18.1299340122008594 50.1581287726503930 188 243 152
-7.9617699858057209 18.1870522392682723 50.1427248169233764 238 239 221
-8.9814378062731386 18.4388544808291890 50.5561275850601248 0 1 0
-9.4359094384108388 18.6039746258836125 50.7980768880560802 226 232 206
-10.1206183553486504 18.6420564028079845 50.9570844977571795 154 255 127
-9.7953601802566812 18.6537556017342361 50.8997332741574056 170 244 133
-2.1339731011914478 -6.8306123109581538 61.8913188198922981 191 213 148
-1.1939120712045808 -6.6645955001191899 61.2764473010041328 223 221 183
-1.4857835283593628 -6.6969647657416065 61.4876954309310904 198 213 156
-0.9664898116885452 -6.5774825376237116 61.3657306868751959 0 0 0
-2.0178321020906838 -6.7431596594415506 61.8095469714647052 1 0 2
-1.6198717647387113 -6.6661369483233450 61.6228426745688935 0 0 0
-2.2214088646806669 -6.7474876869702536 61.8633762082010392 0 1 0
-1.4057537879003610 -6.6116524520634234 61.4884314644822965 0 0 0
-1.1095229431239046 -6.5690074541552237 61.4151692821585797 2 28 1
-2.3910049049983253 -6.7382565483690691 62.1299624342310608 0 0 0
-1.2953954872149935 -6.5289337898788959 61.3434135997909422 58 205 5
0.2760848235077601 -5.8381748484504055 59.5691372766511407 26 169 0
0.4005515590004441 -5.8055702345486919 59.5356196485106324 0 0 0
-2.0488667287938047 -5.9071343234067548 60.3920343849622654 0 0 0
-3.4277903361712792 -6.0522362570459105 61.3654095643610020 0 1 0
6.0481405393550798 -4.3357593640376111 57.7976857064617136 3 93 3
-3.4289254049937115 -5.8342769314515905 60.9264578999952988 107 225 25
6.2326142432353286 -4.1596569836695041 57.8008797945809789 1 0 0
6.0440600796948303 -4.1773557277422846 57.7171787370429286 1 0 2
6.0848126267866487 -4.0067263447623445 57.5967651436892538 0 0 0
-0.6042655107468922 -5.0485370806973231 58.3106999406768551 255 255 255
6.9050607738258964 -3.8332834522831143 58.2626680095059584 0 0 0
6.6852159363941519 -3.8164935744038901 58.0915796475508373 0 1 3
-0.4125246500305658 -4.9283086300060779 58.1027829054810425 255 255 255
7.2493742030115413 -3.6919023741965411 58.6319354219869879 18 205 2
6.7332568872990235 -3.7467000728158424 58.1761929627409700 2 0 3
7.2202543341589323 -3.6221986921099512 58.6635716461483696 0 170 3
-1.5526657944061302 -4.9874307735318402 58.6176420600794472 0 0 0
7.3726171899578921 -3.5393491791959968 58.7219852195381691 63 254 18
5.7778906994797801 -3.7635937119916743 57.5574621527437813 0 0 0
7.2575983646415736 -3.4954543768582180 58.7313689181007490 0 0 0
-1.9392712869198694 -4.8911649193175526 58.7559148690608026 255 255 255
2.9308493482548617 -4.1470400740190936 56.4728767498500090 0 1 0
5.8657340678638041 -3.6261176227913579 57.5934083956231433 1 0 2
7.1805344749708633 -3.3150979959316542 58.6557921788946928 0 0 0
5.7218105047996248 -3.5455952466259699 57.6800760400310537 1 1 0
6.5656907310370594 -3.3824648695509021 58.2715265511141851 3 0 0
-1.3181468334195066 -4.5552754597101215 57.7934323147881273 255 255 255
5.8837939559831076 -3.3816862234257599 57.8677161918647514 0 2 0
2.3979243979223219 -3.9546964787930476 56.2098324218022114 20 156 0
5.6644729762852952 -3.3789961494091112 57.7800614662191450 0 0 0
6.0066678454212390 -3.3276477998605674 57.8708069801361091 129 252 84
3.7238029827199002 -3.7157499053505778 56.0446301408319485 1 1 1
3.8716763508950320 -3.6701111274576004 56.0807115522431872 1 0 0
2.2414432566922491 -3.9172253359525921 56.0343372013927734 0 0 0
5.4566610030440907 -3.3517632460942153 57.6455432080057761 1 0 0
5.2790547466658859 -3.3656986566161691 57.4763599379444940 1 0 2
5.1664175099217307 -3.3703684808595011 57.4787046678980786 1 195 0
3.8940705863997156 -3.5572011480341854 56.2099713303524879 2 1 0
4.9314198720435396 -3.3531159639434840 57.3265412304759110 0 0 0
2.2558544403154395 -3.7567372888436239 55.9397926618028478 0 0 0
1.9942635417469108 -3.7707042151792556 55.9098164521619054 0 1 0
4.9718025157340069 -3.2097119536918646 57.4629061278761313 68 255 14
4.7424870312517164 -3.2228018096288649 57.2557199660585212 0 0 0
3.7512696866253554 -3.3002567164328371 56.5467583360853041 1 0 0
6.8271326193566058 -2.6895326788659046 57.9740561425853755 0 0 0
-2.4311119927689497 -4.1499135961642191 57.7656842272958215 255 255 253
1.8787153298017134 -3.5209211766386894 55.7842679872931200 0 1 0
3.8380337253402530 -3.1311779452605637 56.7573675502943686 0 10 0
-0.3575989902503977 -3.8034138629274894 56.3004438539737606 255 255 255
4.1732017111674171 -3.0569591957750362 56.9820150135569250 2 0 3
3.5897474288803362 -3.1347413737961669 56.6132291531003986 0 1 0
1.7011221038692477 -3.4483479345840293 55.7120925048618432 1 32 0
3.9952228216277956 -3.0451469763584464 56.9862353180915733 0 0 2
3.7452095799648530 -3.0665239108269584 56.8385001697044885 71 250 0
8.3685451910939115 -2.2492665571294910 59.2708073642751430 99 241 31
-3.0310807116442415 -4.0882292618713967 57.9257110820950984 255 255 253
4.0819330394026663 -2.9897198037129211 56.9596855222986420 144 253 102
5.6621374775861470 -2.7168983409425107 57.3612887065521022 0 2 1
-3.4360736094386386 -4.0998001417767496 58.2711738918540760 1 1 1
8.4586119931862900 -2.1849143512419622 59.2421037770644503 0 0 0
3.5648061958150477 -3.0221360619460551 56.6478700507014921 0 194 2
3.9273993232715929 -2.9605725767377309 56.8784411889093775 72 255 41
8.0630121533461487 -2.2312023229000366 59.1624306409585188 37 221 1
3.7560484949560364 -2.9646365556832404 56.8049744444360840 0 1 0
-1.2172522053535464 -3.7408927583011380 56.5192016606560870 0 0 0
8.5295242112768577 -2.0336963841993989 59.3950171179801316 0 0 0
3.5158150663356693 -2.9243630154897162 56.7561855808003344 0 1 0
-1.1315839321275092 -3.6381822802079893 56.4837558838710976 255 255 255
-8.4990055584820432 -4.5407762550166115 62.3705269691932642 0 1 0
7.8362714592982687 -2.0666401602740989 59.6040286274089297 0 0 2
-4.5131646974778565 -4.0272357087592088 58.5172275910611930 254 254 254
-6.1162084424758509 -4.1609647760292887 59.4640292467287352 0 0 0
-2.3996714606144756 -3.6874545226019668 56.9234459781090081 255 255 255
-5.9818565939777759 -4.1297640350681482 59.4111033598429117 255 255 255
4.8849928300591650 -2.4941710178043937 57.1994125003617881 99 255 67
1.2124088978847631 -3.0995828936773964 55.5098052113664906 83 240 13
-1.3437763241874503 -3.4312675196407212 56.2318693213360774 0 0 0
-4.4512767203475425 -3.7371160707088493 58.0195389448894190 255 255 255
4.6246829018335314 -2.3603609851292391 56.9921948854206306 0 0 0
-3.9533958452959590 -3.6412871040962065 58.0165075505105250 0 0 0
-6.2190935124089517 -3.9004594876642176 59.2736159310410287 255 255 255
-4.0452312446156773 -3.6227149437369350 57.6864530873876475 0 0 0
-4.4129882550012081 -3.6259963692838801 57.9310392286401168 255 255 255
-4.5763219064354166 -3.6253445706637213 57.9500765029508358 0 0 2
-2.3113358223483655 -3.3254171708237101 56.4730438655074352 90 234 15
-5.4949130439238356 -3.6789798997222092 58.5567128322646013 0 0 0
-2.2517364945733140 -3.2496205274923238 56.5337487562843890 0 0 2
-4.5555611180604707 -3.5137068958290083 57.8330745416228993 255 255 253
-7.0445190438029384 -3.7924382611240226 59.5701660925076766 255 255 255
4.0008764924079836 -2.2161955949651224 56.6003111559684413 0 0 0
-2.2647585895525788 -3.1497189646439812 56.3960031477431514 218 221 178
-1.5573720152738355 -3.0458750669438306 56.0095783694728837 110 231 32
-1.6198369092762888 -2.9483682340768920 55.9070829451656408 73 248 7
-1.6964871682062486 -2.8356635944575630 55.8714245027468408 0 0 4
-2.4258604879465886 -2.8611146048014504 56.1844340735005048 1 0 2
8.1391840115679184 -0.9610272303976316 60.2567376531737153 1 1 0
-4.3263072755006533 -3.0410473437066377 56.8312776942876212 0 0 0
2.8417077188450155 -1.9811719359648168 55.7639479703960390 3 0 2
0.8964757900149466 -2.2795154638528925 54.9933963184030787 1 0 2
0.7592650924581290 -2.2558533517666786 55.0101153874388871 217 222 182
0.7056719326228560 -2.1652277471688559 54.9693572780734954 0 0 0
-6.3098820020201822 -3.0611255020323931 57.9237993854039246 0 19 0
0.6418106090007812 -2.1310340417513096 54.9988139031177496 0 0 0
1.1241380856340550 -2.0408676269449968 54.8019152731367640 0 1 2
-1.1702643768222210 -2.2028375422587665 55.3583701928550482 75 236 10
-1.0019807623185382 -2.1757738544847531 55.3336378678035743 1 2 0
1.9080307014502065 -1.7178487691493367 54.7826855120261413 0 7 0
-6.1247326492159626 -2.7495503677036885 57.3280906706392130 199 230 163
1.9246820137716723 -1.6038309046079329 54.9484670885722508 11 199 1
-1.1795429223309446 -2.0593037829444532 55.2346696418592558 1 0 0
-9.9603397984192821 -2.9258659685982935 61.5349937578343855 1 1 3
-0.9256907592563361 -1.9839108144857622 55.1446125875529276 0 0 0
-0.0481695093946692 -1.7570282773031116 54.8771197320934547 0 13 0
0.1258663355106183 -1.6964202957418566 54.8758440568088375 1 0 0
-1.0246760725397439 -1.7938421001779137 54.9973330074587494 1 1 0
-0.0079628937770935 -1.6596019877762649 54.7784902186705551 153 255 149
-6.4927579327917826 -2.3768061160286043 57.0873029685860587 0 0 0
-4.0792271089560295 -2.0659791384390243 55.8982062369325945 140 250 93
-3.8892178260312948 -1.9579016136375078 55.7850374898635550 0 25 0
-4.0139304282532153 -1.9698484710042952 55.7234004741152802 40 82 42
-3.6092449891238139 -1.9105165530101802 55.6097938916523873 0 0 0
-5.7467240180808927 -2.1210509399557242 56.6281128653132484 71 247 0
-4.2073102310666766 -1.9532714858976423 55.8848830263851681 124 186 137
-5.8876270043205938 -2.1326017911060848 56.6931494404023510 221 225 188
-3.6797944717277811 -1.8376649927961539 55.6256623285528562 0 0 2
0.0591751587908593 -1.2181656559885194 54.6213832939353665 0 1 0
-2.9094069270177685 -1.6032602065064061 55.3102846984119338 160 255 133
-2.9050182973198813 -1.5110512995633139 55.2954908747307030 1 0 0
-2.6865827109263898 -1.4129592096236232 55.2378522407345116 1 1 1
8.6433371713170146 0.8039838397608267 60.5736962699738868 0 12 0
0.0580593442572394 -0.9847327365317294 54.5563810047810804 0 1 0
-2.7247725231523399 -1.3275867958127696 55.1766014116459473 178 236 134
-0.0334767864893621 -0.6411311986285364 54.3305087092505730 1 1 1
-6.6213484436895795 -1.3538463522732549 56.2498328618720436 161 198 93
-6.4546039315231063 -1.2586388210085002 56.0200828781330884 0 0 0
-2.3601653493127421 -0.7808759137154759 54.6675073680913073 0 0 0
-0.8819644770653096 -0.5795000553280635 54.3188832160444974 1 0 0
-0.5554670223269620 -0.4709214180846893 54.3718993449171109 25 204 0
-7.1955906736138244 -1.2419968097616048 56.2978324797662708 145 243 94
-6.6045730259801774 -1.1731030617820830 56.1006448338633277 169 240 122
-7.4927351741404085 -1.2483470287132934 56.5046114309306944 109 252 62
-4.4490621419408507 -0.9438338850608633 54.8583484850518488 82 251 24
-0.3568109418695386 -0.3746970577986630 54.3349274980985442 0 0 0
-4.1150244243094010 -0.7752619652571693 54.7051102818698780 129 237 66
-4.6184700554248543 -0.8034343406511917 54.8657554530155736 0 0 0
-4.0536107902136918 -0.6905170523173686 54.7600856089682111 0 2 0
-3.7788815686452519 -0.5972236602848190 54.4759443776503289 0 0 0
-4.5171444227264033 -0.6621433112674208 54.7586349727150790 163 235 109
-4.6837673979023293 -0.6251933182275941 54.7860171065278152 136 254 114
-3.7124472594123024 -0.5156926568268321 54.4134341578962690 170 227 112
-4.1695253754055477 -0.4879676991821719 54.6003052524171011 139 249 92
-6.8326087432519120 -0.6838549702379312 55.9718649362421914 0 24 0
-3.6132053105626776 -0.3132376294230179 54.2572540482636754 104 251 48
-4.5271458558597599 -0.3951383185688975 54.6657312831253535 0 0 0
-3.9954984880545745 -0.2943344657250795 54.4288171910783589 166 216 103
-3.6464439598365153 -0.2206376247455569 54.1724908468595032 0 1 0
-6.6481279280496786 -0.4748483952792491 55.7756329279446348 35 234 11
0.5241885352949865 0.4279004718257066 54.1896638358791094 0 0 2
-4.3021456011347130 -0.2389577983066500 54.3787112459848743 1 0 2
-6.7292652920248779 -0.3821118755620845 55.6632141250664318 176 204 117
-3.2515883043144114 -0.0815808953654546 53.8968516906434729 0 1 0
-3.1490034141475434 -0.0548906238875069 53.9306186541067589 44 235 0
0.4882628043725031 0.5106543691948702 54.1397283459858443 69 227 6
-2.9887269489090436 0.0252562407004115 53.9895482233736814 0 1 0
0.2363876425859175 0.5025665366679456 54.1187726188561200 0 2 0
0.5437100367091079 0.5888739368335038 54.1262290507534729 2 0 1
-4.3880171912307828 -0.0839420425389648 54.4252829966189609 75 242 6
0.1237420000969774 0.5440708128770932 54.0393224283550779 1 0 0
-3.0835314292488460 0.0887517717339824 53.9277016478664493 201 255 180
-3.2899047322530248 0.0891892245382310 53.8816215671995948 0 0 0
0.2202681374539691 0.6241954450112376 54.0567537676702372 22 208 0
0.4910659281553491 0.6775421637614895 54.0727022532005464 41 219 0
-6.7273490951362147 -0.1782582708289582 55.5279303689341361 0 1 0
0.3137136353485970 0.6816374877429245 54.0728361921466032 1 0 0
0.4396943542995617 0.7201292841864332 54.1179159421840481 65 230 4
-4.4131474658622301 0.0575997120237604 54.3830772512197740 0 33 0
-3.1801645452431546 0.1926079042407564 53.8528345751767645 131 241 68
0.1907152388618039 0.7161284333627752 53.9828353340674596 0 0 0
0.2445586414718466 0.7333182330380028 54.0416777665150576 0 0 0
0.4581897482149368 0.8211874060610725 54.0953872167679819 1 148 0
-6.3430560405960090 0.0217622287459262 55.5481482353765941 199 223 161
-4.5084493559021181 0.1400771145083180 54.3680521075935133 198 210 162
-3.2887249271230616 0.2799667978271764 53.8212546633547220 103 223 125
-6.6586688427020837 0.0067178507436808 55.4807100778566138 0 1 2
0.1816450443557740 0.8181951928533896 53.9568378711756864 113 236 44
-0.0923801375002206 0.7787439568175725 53.8964623130976364 1 0 2
-6.5008280726267387 0.0555142976702505 55.4817021044561827 164 191 98
0.1634768068970934 0.8873698819069743 53.9436887056215042 90 241 14
-0.2904536018854991 0.7974717731946872 53.7344529825737993 24 194 0
-6.8158177327259137 0.0824467213835031 55.5451095643817112 1 3 0
0.0381030597732347 0.9012460894836816 53.8967651773788106 62 239 29
-0.0577017376969497 0.8974528187622387 53.8208197828842714 0 14 0
-6.4094659030008145 0.2093269871224432 55.4101671195544441 178 239 136
0.0552621997133396 0.9922184543892750 53.8983910596818703 0 1 0
-6.6389814577747090 0.2232860280638079 55.4197735266016949 140 231 74
-0.0944617348056340 1.0183029270375612 53.7861093753266957 102 255 60
-0.2521427672583995 1.0026379086152954 53.7814085671064817 0 1 0
-3.3970619172749852 0.5570154765470758 53.7219106520923546 121 246 66
-6.7250765701758430 0.3050468133327353 55.3956747373109408 1 0 0
-3.3029299669211101 0.6030832434395637 53.7331713649601497 0 1 0
-6.0273579053955419 0.4230055427991183 55.2915893067093194 159 246 115
-5.9326405913361455 0.4963779771282643 55.2921443142363955 1 0 2
-0.2818383639399221 1.1473703437747267 53.8428455229503982 0 174 0
-0.1446100743471581 1.1510469927768496 53.7432625587648900 1 0 0
-5.8305108194681123 0.5302811675620021 55.2139744393594825 60 87 54
-3.6245998284012186 0.6702521871813365 53.7709122751348687 255 255 255
-3.5061474701004047 0.8161828907261381 53.6508824846730121 7 34 15
-3.6155846683378039 0.8309121483445415 53.6816224004040308 158 255 186
-9.9449298357911484 0.9539925944608746 57.6416222116546848 2 26 0
-6.2070091888244310 1.1801098378733548 54.9332083666065927 95 243 35
-7.9079588481144043 1.0652086381252455 55.6854796628931084 1 0 0
-8.0120066264136707 1.0894513260829883 55.6076398299589201 196 216 155
-7.9113945802450960 1.2003225922138001 55.6674870300938451 215 223 186
-7.7101017180647098 1.2216412424019223 55.5935086935162062 28 87 23
-7.9995549539153110 1.2226199365305348 55.5997833182563426 34 71 40
-6.3345231972509231 1.3676961948770181 54.8699043812240532 216 238 192
-2.1001022127959819 1.7166750758568070 53.1486987301608451 1 2 0
-3.2475164878450919 1.5974713938506111 53.2929197850421588 1 0 2
-2.5229774758630881 1.6928204341844360 53.1984875646332682 82 243 9
-6.4128674497612570 1.3940436795491054 54.8068941408212709 0 0 0
-1.7654846342852804 1.8159619631093658 53.2173327132153631 0 2 1
-1.6262729430273151 1.8334708623710798 53.1955405480898165 0 10 0
-3.7080822012407619 1.6271624436865291 53.3821004830630343 0 1 0
-7.8548574251245507 1.3615251110780380 55.4959094440320229 0 1 0
-8.7358786949015723 1.3566064927882204 55.9338330502602830 1 42 0
-2.0738955518111140 1.8694283396719635 53.1098471025679828 0 69 0
-3.8192559440185421 1.6709566800092730 53.3647347556331937 0 1 0
-1.9756451535203943 1.8976052714122951 53.1086729786157790 155 251 117
-1.4443042363309593 1.9898571881016649 53.2467296836362962 0 0 4
-2.1441706107800482 1.9355814114277046 53.1097964527034208 79 234 10
-1.8980643902217333 1.9727599187857690 53.0740364564702034 0 0 0
-2.0364813439243710 1.9790370152401058 53.1257963192129097 0 17 1
-1.4656080881718727 2.2033961866587579 53.2967636544330858 39 221 24
-6.3928970180770444 1.7586918326367236 54.6644841292324344 34 36 25
-3.7654911240188844 1.9415859128792743 53.3740198326942661 0 1 0
-7.7334816208991164 1.7162597895328744 55.3707557900874789 154 255 182
-1.4855696415493378 2.3088652435937553 53.3465945739099396 0 0 0
-7.6430171813107242 1.8281178248332461 55.3214091387201634 135 254 152
-4.2875578710500521 2.0257038713946245 53.4709035664147549 0 7 0
-4.1359507329754353 2.0547484666316649 53.3474453170881873 0 0 2
-6.2736698569857650 2.0829286188960099 54.5380735660925708 221 242 201
-4.1418371398188718 2.2445215508444423 53.2236848954438173 154 220 86
-0.0585225597964385 3.0085360698185863 54.3803721535198861 67 255 13
-7.8350023310907391 2.1659648541332830 55.3291494018785954 0 1 0
-4.1899544759128959 2.3686213695035168 53.2762490531022976 0 1 0
-0.7702255720565585 2.9102069036861025 53.3309499950084387 0 0 2
-7.7964201049788100 2.3136654061411863 55.2815543192258190 58 116 78
-6.5466219475495500 2.3677029895589685 54.5542857948146320 3 0 0
-5.9910451840169303 2.4343800602619625 54.2978893823645663 0 13 0
-2.5280110052678832 2.7059500849502163 52.9392409782294493 0 0 2
-6.4086301184455703 2.4214368210528794 54.3838850355703158 164 255 143
-6.1230155665836241 2.4681030392120453 54.3728772967398584 2 21 1
-6.2296212108891282 2.4867226255871366 54.3888286300436974 103 255 74
-0.1963013863259078 3.3383124735485947 54.2530909442543532 0 0 0
-8.9999872127752329 2.4102542169546592 55.8258235239629244 0 2 3
-8.0091901951010929 2.4516803251598880 55.3051083187586983 206 237 177
-6.3487205440561620 2.5404230259553380 54.4277425190780946 252 255 248
-4.1960601429534981 2.6801351438381458 53.2171621064138378 0 9 1
-0.2088794506418803 3.5055042515371411 54.1793786359129328 1 0 0
-8.0233051806822573 2.6487327598991040 55.1757911462813837 209 229 176
-6.1994106641037074 2.7356820586071988 54.2362124784212725 1 25 1
-4.1346909756809200 2.8574333665411058 53.1469979045983649 0 0 0
-6.0067297271898603 2.8467542521445481 54.1610078122069893 159 224 96
-5.9287993222233721 3.0011879110992261 54.0847030328526515 0 0 0
-3.5030802431064196 3.1437988188918800 52.8566581745667534 0 1 0
-4.1382791529606244 3.0980294807491591 52.9857015694481319 153 209 82
-4.2247305498821532 3.1398410177200966 53.0191184844657641 229 232 203
-1.3303481915343540 3.5777651823825911 53.2320804892289985 0 0 2
-5.9839406577055154 3.1097297749188746 53.9801396855517908 196 228 155
-4.0643479915849845 3.1815159554327992 52.8717110673671300 1 0 0
-2.7526986779689095 3.3509284747721622 52.8220766383600449 0 0 2
-0.4605442019483948 3.8941206050657171 54.0482173390880334 1 0 2
-3.9709633321641231 3.2116762329281312 52.8945513307314812 186 253 158
-2.9257158764683577 3.3604595817719614 52.7859542880146151 88 240 15
-3.0586533337908803 3.3815390159966756 52.7771018970328640 80 242 11
-2.9708172854800767 3.4541591513171044 52.7439223352233313 2 40 0
-1.3916448806949033 3.7390587135477040 53.0381822402242022 1 0 2
-2.5627781629111470 3.5430535563763370 52.7413818509463113 0 0 2
-8.3120681609663638 3.2137190928624957 55.0930230079847618 204 216 170
-5.7583226719910758 3.3265807064497199 53.7976324826223262 184 246 145
-0.5663921551971196 4.0721627242537579 54.0042291513292767 0 0 0
-2.8191929975788512 3.5425045088954308 52.6979253021884446 0 1 0
-6.7979629895304612 3.2939588184033530 54.1878663646404206 255 255 255
-5.6597797457796997 3.3713049243935078 53.7686519620124699 0 38 0
-2.4436709160724148 3.6854623206117081 52.7107764283595301 0 74 9
-5.5450414311088592 3.4656084882865472 53.7125652032644894 1 9 0
-2.2512121157387552 3.7387384622978925 52.7597756962603768 0 0 0
-2.3531834328771586 3.7581253883284109 52.7761810022747753 39 224 22
-5.6445792402396657 3.4965903328759529 53.6860459968443777 161 254 139
-1.9788435807690588 3.8375415426605959 52.8157611786268220 3 0 0
-2.0634874248242832 3.8254665469492561 52.7928503413953507 0 1 0
-2.1902650958849033 3.8335953069198507 52.7846845477511764 166 255 204
-2.0022546925436178 3.9298417894659696 52.7870918124617319 148 255 123
-5.7133524473879218 3.6720020369614756 53.5795927668694105 61 80 61
-7.8025043995959038 3.6188923034390070 54.5244694923846183 255 255 255
-7.6988270713218956 3.6582625183123385 54.5063188231030153 0 0 2
-5.7019802768833854 3.7431691378199843 53.5451127362753212 3 20 2
-2.0211381742791961 4.1354668676682458 52.7552069240527430 1 1 1
-6.2102624677114129 3.7560642648248246 53.6545462667980146 1 1 1
-6.0657609603934448 3.7639662287673352 53.6146620339705180 255 255 255
-7.9230462720501746 3.7160676792572795 54.5892891497767536 255 255 255
-2.1552336397537708 4.1754209884660094 52.6808595122757879 0 0 2
-5.4195045813715996 3.9539713573008988 53.2897238356788279 254 254 252
-6.6354271567739218 3.8977073166260334 53.7987369368946275 48 51 44
-2.0632742502013386 4.3686379248197689 52.7163309626540766 53 202 40
-5.2246845469914822 4.0714152635881371 53.1571708978842210 255 255 255
-2.1227358546305761 4.4567666152799399 52.6843249510032905 1 0 0
-1.9498054860386445 4.5612031846586074 52.7435020005196833 1 0 0
-2.0917100068813799 4.5522773435774218 52.6670322138027842 114 253 66
-5.0016175289447862 4.3275203737937211 52.9553925653148383 255 255 255
-0.8139163660554385 5.3115166893358650 53.8631740610973750 1 78 0
-3.7672768445718057 4.6859886833243811 52.4333186386611487 0 1 0
-10.2615796898773191 4.6233985958558463 55.9425769796210588 0 0 0
-4.8171821141438276 4.7377762318989607 52.6627188846704613 254 255 253
-4.8736070061506966 4.8397816184926112 52.5630574077202226 254 254 254
-4.0439143983635484 4.9674167920792840 52.3382846239461372 111 251 58
-4.7352624180814971 4.9947608330886579 52.5302232004628920 233 233 209
-4.8848874683378680 5.0734364961265710 52.6227974727722199 0 1 0
-5.2298677922471271 5.2491966462687154 52.6219081663852393 255 255 255
-5.1390326260563901 5.3304008817694104 52.4614718019441568 13 26 8
-1.4839714383655140 6.8696748891969381 53.3497061725396051 134 255 124
-1.5500255481479515 6.9454908892575684 53.3189552600100214 0 1 0
-1.6002809447088284 7.0235216418049964 53.2291504759411609 1 0 0
-1.7175171177414870 7.1638164771094557 53.1177033949529047 67 223 90
-1.6062298523824150 7.2925154878473117 53.2834055140679936 146 250 103
-1.7038187628132799 7.2818502989725866 53.2266009209795357 0 0 0
-1.6657261729965258 7.3566228506285150 53.2040585484072253 1 0 0
6.3558395938570200 11.4867150350001577 63.3983255313399212 49 218 5
-1.6368002189415889 7.8440867592184560 53.0390848227627600 1 51 2
6.2582903005272144 11.5517061340320630 63.3571521317376281 0 0 0
6.1933525527109570 11.7659293233746780 63.3868931632566301 1 0 2
-2.4492072284653532 7.8613424278177186 52.1435147293117609 0 0 0
-3.1770919628056284 7.7264120256904913 51.8730713146230968 105 255 59
-3.0681939055902014 7.7506329518122774 51.8637989572353888 1 0 0
-2.6878965867017954 7.8405189360727192 52.0160190906627093 1 2 0
-2.3678062727832074 7.9540163862378286 52.2070961945353105 50 221 5
-2.6067827924855171 7.9051873861441058 52.0377958950449440 133 252 85
-2.2985023022710287 8.0240301597433366 52.2825451830772110 0 68 1
6.1816528296676516 12.0894937229900155 63.3176063596867067 61 250 26
-2.6566784162975408 8.0015085888676349 52.0469894053267979 0 22 0
-2.8367300494582919 7.9688622119166883 51.9132508097461383 0 11 0
-3.0099063277098685 7.9457866448398793 51.8738517491944862 1 0 0
-1.7996027008594566 8.3692529838858132 52.7846110441067182 0 2 1
-2.1323496202208467 8.3285093411800091 52.5635508837186620 1 0 2
-1.9814417490739888 8.4741614590003298 52.8276092260825507 166 254 134
-3.4338431698374916 8.0269085478807529 51.7648537978939132 0 0 0
-2.0550920700406534 8.5602373922795501 52.7878584771717883 0 0 0
-3.3361852639696168 8.2457730555456834 51.7981423092683073 2 31 0
-5.4168814286278790 8.0289258103833134 51.6805733356299299 0 5 0
-5.6754393861470973 8.0790156286306036 51.7918969962900206 61 65 50
-2.1762381200143830 8.9528257445196182 52.5977730058198318 0 0 0
-3.6920353290289887 7.4434912155025641 47.5534357951056350 0 0 0
-2.2309625481646460 9.1664707637647798 52.5801215191822848 0 0 2
-3.3119135021546735 9.0717767881156490 51.6442917573545586 0 0 0
-2.2783339318018938 9.4966324731681464 52.5061257798588912 163 245 117
-3.1826635797310177 9.2786914373183880 51.6079840345205767 1 0 0
-3.3097725781110454 9.2920224338993158 51.5946193214314306 0 2 1
-2.4000438854897683 9.7660171583054680 52.3659957919915584 0 0 2
-2.8814275917314740 9.7787737187079529 51.6859750457477318 0 1 0
-3.0315009813094869 9.8019171324616714 51.5787434109392677 0 1 0
-2.9767056258975524 9.9721843247211002 51.5741242336148602 1 1 0
-3.2671915577726574 10.0338294470955187 51.4340282104877886 2 0 1
-3.2927593115402383 10.1157357655378402 51.4105966514962347 0 0 0
5.3234743756156009 14.8860937854706599 62.9350477524322827 99 247 37
-3.1471607786282187 10.2139715853053730 51.4432842446059837 1 39 0
-3.3138490780251750 10.2101644479166822 51.3613680450008658 38 207 52
5.2257311543664606 14.9839156702905605 62.9626885388618263 1 0 0
-3.1882186605992340 10.3150601859794371 51.4056086224708011 0 47 0
-3.3559251999691759 10.2997523347524904 51.3771312822311188 1 0 0
-3.3524953468406431 10.3693364773004220 51.3659182395454721 1 0 0
-3.2416991308964800 10.4927385626171858 51.3451002951086437 1 0 0
5.2101003754710087 15.2744599476360143 62.8430501640045804 71 254 22
-3.3523462207652606 10.5313861356668212 51.3445377232621709 55 221 15
-3.3061195325749302 10.5839459208633055 51.3729655061479775 23 195 0
-3.3911127521474986 10.7169696302838453 51.2900097208331402 0 1 0
-3.3542957853905455 10.9063968594922809 51.2679341151271686 0 0 2
-3.3842403707181989 11.0075390453081763 51.2352607275204477 1 1 3
-12.0209758950656678 11.2487634079613219 54.4882620249414416 36 105 50
-3.2803832974037586 11.0955682332545198 51.2323085696669835 0 0 0
-11.1079986659163357 11.2098511853086364 53.9050026830196174 0 2 0
-4.4829730271857793 10.9774783581298525 51.1594312337161341 157 220 90
-2.8984274257784195 11.3772335103635207 51.6229227688098078 40 175 96
-4.5537867312975209 11.0421449814804085 51.1075477153969899 1 0 0
-4.4137366050214890 11.1173575430679765 51.1431065179991151 3 29 0
-4.5158665868599446 11.1455188930648248 51.1155500004346166 64 249 0
-4.6971665207916811 11.2441562368604693 51.0389780861826594 1 1 3
-4.5812336446913191 11.2693934664539697 51.0689990948807022 96 255 51
-4.3936349936544374 11.3243947173990609 51.0898747105261819 177 226 121
-4.3121764330889958 11.3866825607047364 51.1072668145570930 0 38 3
-4.6261465636347188 11.3616806237968930 51.0744978725735521 1 0 2
-4.3143611900493237 11.4711442141080120 51.0267474780897601 0 171 0
-12.0259837229711550 11.9137037395359879 54.2669640777779421 30 34 20
-4.7351413344397884 11.6755203467820969 50.9903633795516313 0 41 0
-4.4568616792963383 11.6853531481083941 50.9476534960477210 1 0 2
-4.2464525680961174 11.7435462470427510 50.9949099089214499 0 7 0
-4.6622785119207606 11.7348405474850246 50.9610145175890992 78 255 51
-5.0351798185003442 11.7253801171982470 50.9854465981474547 126 255 90
-12.1554705219995043 12.1720648096697079 54.2250286304758617 41 80 33
-4.4604230641399614 11.8318628402402268 50.9390396136542520 145 255 161
-4.6765948188286908 11.8317439931898392 50.9779934429416954 114 237 43
-3.4318975743388704 12.0496632374724371 51.1559459830589276 0 0 0
-4.5534641157990583 11.8902823740481676 50.9000264889483773 4 0 1
-3.1973981854926241 12.2191501536288900 51.3501020029982485 78 255 38
-4.3752351560192588 11.9648269657344830 50.9595811351536980 0 0 0
-3.3039466975114506 12.2012618896338587 51.1499779401688599 2 4 1
-3.4102423232807890 12.1849231655966612 51.0886901760114185 126 248 75
-5.4053953858744075 11.9889614390811570 50.9742095572041265 255 255 255
-3.4756908912786622 12.2841089941402259 51.0900534316988413 0 45 0
-11.6947422978075686 12.4637995131586834 53.6108245022763086 32 51 19
-3.5158753493454888 12.3710100223911805 51.0656744249023049 1 97 0
-11.5034477346758486 12.5443949326406230 53.6695864700034520 243 243 233
-11.5233246512595464 12.5830899516318073 53.5011717729089540 5 8 1
-3.5981506394060054 12.4845831851635829 51.0671762487528724 52 236 0
4.2948577591044712 17.4789121716597542 62.1509025029170985 0 0 0
-9.6962988238006709 12.4259258846170972 52.2509262119390456 203 207 184
-3.5835134942561204 12.6009658477935904 51.0258491706126165 66 252 3
4.1879004863309310 17.6000685692752761 62.0283656650616280 1 0 2
-3.8254876792616499 12.6223366716078491 50.9323094867433070 0 6 0
-3.7394242975663250 12.6734483525073500 50.9340893332694762 52 229 50
4.1913324405906351 17.7399570724762015 62.0672237651572303 72 246 9
-3.9088743563175901 12.6941921496526557 50.9432158664716681 12 191 1
-3.6317100974134604 12.7619483778759886 50.9667644968201188 1 0 0
-4.0701145345618217 12.6974795685686246 50.8536725682608903 8 196 0
-3.8112136260755975 12.7747406693787067 50.9298240147198342 0 4 0
-7.7700909868753545 12.5227334121972955 51.1802501998810442 255 255 255
-4.1495644029703360 12.7552194341041272 50.8209892519431179 1 0 4
-3.9966111322600231 12.8393836571310054 50.8884078731159093 0 69 1
-4.1038973187184205 12.8514668131458301 50.8267713282007989 144 239 93
-4.2038870096263290 12.8592075930184890 50.8159655693800687 0 1 0
3.8427252536707965 18.0943700297504826 62.0806684317073589 0 2 1
-4.1086403632442590 12.9859290975804953 50.8279177047238164 1 1 1
-4.2716963392931975 12.9719153917660019 50.7651801444477897 0 0 2
-6.3802501366145323 12.8268192721826733 50.8215289624623523 254 254 252
-4.2844801930544776 13.0829682999407471 50.7567920108212718 57 242 14
-4.5020117455907442 13.0909962262282029 50.7737829794877698 0 2 0
3.5923782835652305 18.3388533516680319 62.0313897964249463 0 2 0
-6.2588102244184292 13.0120374713463569 50.7910405408861081 94 229 41
-6.1671341483714102 13.0354277012945428 50.8200880163401649 0 16 0
-4.5946698238560000 13.1518270357482301 50.7274196054598292 161 255 140
-4.6892615246277147 13.2033805304104792 50.7044956417504196 0 0 2
-6.1460062501242207 13.0791015235062833 50.6991666629608488 70 255 55
-6.0436286406487643 13.1100639502939629 50.7269242572446544 1 0 2
3.3484487879110829 18.4295670858452318 61.8553007904195766 0 6 2
-5.9693467118440040 13.1405094733162997 50.7169254621784020 0 0 0
-6.2615942981020636 13.1088126125887250 50.6917795112195577 0 7 0
-4.5163494059460954 13.2917792161313031 50.7175313426639391 0 32 0
3.4636259356761374 18.5330265827331573 61.9771738195046353 61 252 0
-6.1832768378637217 13.1875293506968738 50.7185505105951790 157 254 149
-5.9176280695726140 13.2136131562805854 50.7072595167526430 57 234 22
-4.7930500611433731 13.3445339446192595 50.6525105421752642 1 0 2
-6.0682570952847188 13.2645811337065211 50.6998144467844298 10 97 16
-4.6143815830181927 13.4058168499064116 50.6838832879411498 2 0 3
-12.0995240117841849 13.8047996990497381 53.4483895576111365 11 36 4
-4.7000231317634658 13.4154263533856764 50.6575710877467600 22 203 2
-4.9128178784098688 13.4520640690298521 50.6770769306466349 1 26 4
3.8571526257541255 18.7357770980495886 61.6064668337473336 66 255 12
2.6269702801907169 19.2518252103955518 63.1898298949263761 46 210 1
-4.8422628738325866 13.5252549151075740 50.6476705623888961 67 252 0
-5.0226963892752776 13.5588560746843640 50.6788269080425238 159 246 115
-12.2240839164932495 14.1103677764935433 53.4788085136370341 16 42 7
-5.0201605576998105 13.7480408648847447 50.6214655824133644 74 251 12
-5.1990365982466757 13.8294796727670324 50.5056410203837771 0 0 0
-5.0594381428212714 13.8975683838743009 50.5519445936957226 4 0 0
-5.1473396755492162 13.9388564219699731 50.5362353653468901 171 245 132
-5.3617097691506386 13.9215189998821618 50.5066370088777319 69 255 25
-5.2856269563134655 13.9501407219873279 50.5192462089508538 111 252 62
-5.6494526706262471 13.9486068105830210 50.5570638650323758 1 0 0
-11.3806035789351121 14.3349672414195179 52.7821679746925057 0 12 0
-5.1922460750626040 14.0147048934333487 50.5071340207081150 1 1 1
-5.8126191102370388 13.9945054221736367 50.5137223387526930 4 0 1
-5.4214700745479654 14.0341396430206675 50.5009537031509126 0 0 0
-5.5742893572031944 14.0581150961684695 50.5504777630671427 127 255 114
-4.2986471172466132 14.2892622810566010 50.6997009052213841 3 0 2
-4.1811323628321615 14.3513821697327710 50.7408854239541043 1 0 0
-11.0363599001837756 14.4399205351191959 52.4187778956706865 14 38 2
-4.3349625133759737 14.3792604614589212 50.6953787904718567 63 243 30
-6.1875567733797094 14.1904738059085496 50.5280702142190918 0 0 2
-6.1949309805307928 14.2887842241808585 50.4961939082392703 151 240 98
-6.2978358876317015 14.2716974044514497 50.4674838243571600 0 2 0
-6.1062225079751933 14.3198397299999058 50.5115337720379856 1 20 0
-8.2527439752242771 14.3120677993966066 50.8322835294982767 255 255 255
-8.1332527426817194 14.2940557075703492 50.7318935935104705 56 60 46
-6.2468742549946219 14.4594151073947295 50.4307233593334701 0 0 0
-6.1585326330040928 14.5341774442809815 50.3596414128275995 159 236 106
-6.0359324967804895 14.6026150708295503 50.4287435366347978 0 41 1
-11.6237623241418042 15.1622772103510766 52.7358413491316185 3 39 1
-6.1618228300419169 14.6804974226658125 50.3907570258851081 1 1 1
-7.1407192919893756 14.6291045286146364 50.4150604797098154 1 31 3
-5.9368894360469726 14.7450035109875071 50.4187502681036150 0 2 1
-8.2290672358348509 14.7169104895476064 50.6814776723606144 0 0 0
-7.9169744934414563 14.7500827220736390 50.6038718933480069 1 1 0
-6.0267258439009037 14.8403459764472849 50.3513180321615792 14 59 20
-7.2822716895769943 14.8415292447926319 50.4833771150507644 51 255 62
-12.7082552929337602 15.6149666497755177 53.3614325063317239 6 38 1
-7.4597083838114164 14.8371821846155960 50.4547119053336317 113 255 106
-5.8531512881964725 15.0734146383626921 50.3756409712710038 0 0 2
-8.4991676025399396 15.0034070596188407 50.5421620076003180 0 1 0
-5.4004555859448882 15.4820633247291948 50.4719761107231477 0 16 0
-4.5363966328000807 15.6156358531264061 50.5985813958773534 121 254 100
-6.2578317977483859 15.3921037395876557 50.3229087735539338 0 1 0
-4.6258647184021093 15.6508206826522756 50.5799458694335229 1 1 1
-6.4574359574280944 15.4215580526069065 50.3119254232177227 0 0 0
-8.5158327507158340 15.3613382405251624 50.5638755799817403 2 21 1
-6.5606060428978186 15.4239086291779888 50.3166101618189359 0 0 2
-4.1783617748309032 15.7425793798501754 50.4895636756772817 0 0 0
-4.9980644176525244 15.7394134533152883 50.5812622466551929 0 1 0
-6.6941177899207727 15.4617731323658969 50.2694246143512586 31 195 21
-6.4858367893164743 15.5045563842557819 50.2867555252417588 89 254 40
-6.5893725640178618 15.5225618702602173 50.2751563180276406 1 118 11
-4.8964347725850281 15.8197320311137481 50.5688583014698949 1 0 0
-6.7169818627199582 15.5478359507357524 50.2272684946463031 0 7 0
-6.3948260984974148 15.6038662464551923 50.2746161217994754 1 30 0
-4.8043770242827248 15.8545657160843465 50.5155870271025051 100 255 76
-6.6397953340533933 15.5889533481075233 50.2647838345639357 0 179 28
-6.8218258202170095 15.6489159859240328 50.4088503635563114 1 0 0
-4.7084989150112664 15.9316802852835337 50.5939470093930410 0 54 2
-6.5597979155224344 15.6336260659984649 50.2491492775705666 0 2 0
-6.9005012779263781 15.6499772503230314 50.2422507299433008 1 1 1
-4.8472399538706670 16.0166935071784877 50.5626334216146986 0 176 0
-4.7257158085862416 16.0803100986823360 50.5686127648200170 0 10 1
-4.9704529849566113 16.1197581628791546 50.4830890999376152 0 0 2
-7.2205852208465888 15.8278920891149806 50.2149981129510508 0 0 0
-9.0030634027514864 15.8834603667790972 50.6290002870757974 0 37 2
-4.8913397583142988 16.2049859553531199 50.5111859408281987 22 198 1
-5.0032600840725676 16.2379151785488460 50.4636229693892275 157 250 120
-5.1147623198303735 16.2424403989892561 50.4567872087444229 1 0 0
-9.0341780246516166 15.9989356484646201 50.6024938611027650 110 189 97
-9.2745395918765716 16.0217327228313628 50.6131473896764561 173 227 116
-9.1392439931020757 16.0195311980687300 50.5861228582548961 0 1 0
-5.0347910143127192 16.3340317558123367 50.4321676500009985 1 0 0
-9.8737871897304181 16.2125594506577571 50.9884632638319317 240 238 223
-8.5769463056897610 16.0507669424851791 50.3675158102474256 150 231 92
-5.1185913246737034 16.4070891425882976 50.4096349899065785 2 31 0
-4.3383396339050702 16.4027549006136297 50.2219868653786179 219 219 181
-5.2779168873347393 16.3680525430793118 50.3120924963467004 1 0 0
-7.1693840836393932 16.2001608589274824 50.1986296804435028 0 0 0
-4.4007386523762211 16.4407080507839360 50.1845336700316054 0 1 0
-9.3637538464672563 16.3189664644541601 50.7353025956455994 53 118 78
-7.2739259740161604 16.2362228583598807 50.1764607937186398 56 222 98
-5.3570872163545262 16.4881937766557449 50.2970649438178512 0 0 2
-5.2660875882924811 16.5165578610590984 50.2984038271775233 144 237 86
-10.6476171668997761 16.6833429492984280 51.6057093842538492 1 8 0
-7.2526207365276578 16.3316991646727168 50.1655022468690674 0 0 0
-5.2730298334862553 16.6205675941016686 50.2465679730692472 0 0 0
-5.4355879128092335 16.6019007791599016 50.1763430172109892 2 0 1
-12.2888339252227485 17.3413311363429550 52.8215138699081521 234 233 212
-4.5094714039633841 16.7954513735640312 49.9855989765734634 1 0 0
-12.1223079008507959 17.4183417512393248 52.6621580360501369 238 236 215
-8.4185900588164859 16.6279788565407038 50.3010070118529242 128 232 61
-8.2780708372472152 16.6709859609263518 50.2230313447949541 136 234 71
-8.4412735409131514 16.7195657915045750 50.2837857606522860 0 1 0
-4.5922639047558160 16.9666956249348857 49.9649152914816881 0 0 0
-11.8513260653974015 17.6315295803596754 52.4445810851735246 238 237 219
-4.8271815616791987 17.0713497448214255 49.9814765149147036 0 2 0
-5.8016035498044474 17.0471415530483412 49.9639296433472495 44 229 1
-5.4057027426077822 17.1077385615626163 49.9316912932197781 0 0 0
-5.2326545389396655 17.1367294096355671 49.9629796440215941 0 24 0
-4.7515086405066489 17.1885405501347357 49.9071484141280166 0 0 0
-5.7837160989490801 17.1444454511003315 49.9656245787185327 2 81 0
-5.1292486207127856 17.2052119029734740 49.9752882698222365 59 255 7
-5.5450639779710729 17.1861876507680833 49.9332935685214565 59 254 0
-5.2363199653337489 17.2974176668599036 50.0408997872969579 17 197 2
-4.8942777343974253 17.2482171470272547 49.8801475812250885 0 1 0
-5.7450711669852161 17.2657251939413356 49.9856454289106935 4 5 0
-5.3077770125759045 17.2591899615877438 49.9057136044980041 0 1 0
-5.0794103368467338 17.3138732674003926 49.9192774676997431 0 0 2
-11.0824935295773308 17.8046915612952255 51.8924831682784031 0 30 0
-8.3601827540054749 17.2502640065278214 50.2609649304979271 153 251 112
-5.6058509634418687 17.3685073149671254 49.9829415018439533 0 0 0
-5.2764423214902711 17.3956592430328065 49.9844632231087971 0 0 0
-11.3573324307333579 17.9149659352723916 52.0674723253002654 0 118 0
-5.8792760028268098 17.3469783129538122 49.9692544058695844 0 0 2
-5.7794781012482428 17.3638332588971664 49.9716258386517893 7 215 0
-5.7051567941059282 17.3828581204574135 49.9636250012756236 64 255 1
-5.9703305261480795 17.4608106080112968 49.9718524982972170 1 0 0
-5.7401253396211152 17.5073795303711250 49.9983098466104963 0 2 0
-5.6288971752796702 17.5326642952885052 49.9918141838677741 2 0 1
-6.0695610343860977 17.5265657776353265 50.0065385734550318 0 0 0
-6.2071920066775359 17.5391193072490630 50.0474102297056760 0 0 0
-5.8294656011374339 17.5963619905659137 50.0164870760048714 1 0 2
-11.0759138577012948 18.1128957514638920 51.8304112952119027 1 6 0
-8.7860058608084284 17.6152453388286254 50.3753871842117178 1 0 0
-6.5808293548792687 17.6197751591966814 50.0301244998718531 0 25 0
-5.8438868914168811 17.6668281101505968 49.9766156175944261 198 217 161
-6.2081799663036126 17.6855648521290618 50.0285487177895050 3 0 0
-9.0311314901463913 17.7159172388365036 50.4338873342824385 0 0 0
-11.0007006968635466 18.1635449669661533 51.6484623690111988 241 239 226
-7.0835615003395604 17.7239630081056667 50.1146037224713581 0 2 0
-8.3653659461913605 17.7374437529572688 50.2683392402345390 91 254 41
-8.4664269392065510 17.7994029866991603 50.3173204454974154 140 232 73
-9.2352575947460736 17.8473460002545288 50.5110807783036009 1 0 0
-7.2557946941483351 17.8087099285279287 50.1368163765228445 0 0 0
-7.1433072222401917 17.8038011869261119 50.0803393697078434 81 247 13
-6.8153178541404449 17.8359023799829366 50.1059609846561074 1 1 1
-8.9017550350258645 17.8363805408482285 50.3606389266165024 103 237 29
-7.0238336719201016 17.8829986393266509 50.1452911492594779 0 1 0
-9.1884851141163182 17.9336226409068189 50.5335600585730518 197 254 177
-8.3776422788758289 17.9059111547440892 50.3550155273314317 120 245 65
-8.0288105853774265 17.9330965492423999 50.2257879604790602 52 244 1
-7.7115787193172043 17.9293420593684409 50.1593482150701746 83 245 14
-9.1764058846861367 18.0749349391831693 50.6172851044484062 0 0 2
-8.3065161642966956 17.9454888515477897 50.2227434569445563 0 1 0
-8.1832096666101819 17.9377831629343412 50.1533650601774568 86 245 20
-9.3135487178931022 18.1447016927566516 50.6662811919350560 102 255 68
-7.6341736355159826 18.0498789318852992 50.1747354838558479 0 0 0
-10.5974907343404592 18.4145242394600039 51.3271538208285065 1 199 0
-10.4898423739571864 18.4571630451475350 51.4023152179231033 2 0 1
-9.4974313398705679 18.1873118889785772 50.6556260017887894 78 255 55
-7.8322235100881041 18.1208613119262623 50.1972017672439748 0 1 0
-7.7129501378788534 18.1392075176139187 50.2242532773190788 214 229 186
-8.0318104276407976 18.1657727458981348 50.1713214780931978 2 0 1
-10.3465347073325269 18.5089143030363061 51.1183664892562106 237 236 216
-9.7396691786151646 18.4458973629157121 50.9008255014948858 0 2 1
-10.2507755483933067 18.5958087982303759 51.1060376509826710 0 0 0
-9.5509834105653955 18.6076420923628092 50.9422603260076556 1 1 3
-9.7274576670568145 18.6072002537623646 50.9346029093314243 0 7 0
-10.0448608117772125 18.6372991005622275 50.9822252253846884 0 0 0
-9.9594728204463987 18.6422140345535823 50.9598797805968502 0 0 2
-9.6382721810087659 18.6687291387136725 50.9233375196793716 190 236 146
-7.0276727818259133 18.6139338253871003 50.0504065925245740 0 0 4
-4.6945741648309109 -3.8898990754795384 58.6172840342692325 0 0 0
-0.9861577661719277 -6.7021836556947685 61.3372989105687765 140 223 71
1.7724845711636752 -6.2451033766802135 61.4365026238062413 0 1 0
2.0151561760489405 -6.2008036680460608 61.3019398872279950 111 221 28
-2.0171027464124331 -6.7339744413906795 61.7939024815055973 0 1 0
-1.1079481984082955 -6.5554863419423919 61.4322034424864754 0 0 0
-1.4006711468661008 -6.5884406140747682 61.3377950463542732 1 0 0
-2.3472753788009229 -6.7111937268516195 61.9551421750256708 1 0 0
-2.5945634419092700 -6.6667965625030998 61.6739345710586733 1 0 2
0.4690785347525265 -6.1216898889249016 60.1188658503756201 47 151 2
-2.4238170759452498 -6.5759854560270830 61.6723318792917752 82 237 9
0.1508023428541547 -5.7968034240131292 59.5567844363265593 1 0 2
-3.6396276235824301 -5.8093271959225898 60.8749443703432433 0 0 0
-3.4799973851273647 -5.6695383948668923 60.6658636500845247 3 0 2
-2.1132689792481210 -5.4239050941138629 59.7553567382649291 255 255 253
1.2586730060513702 -4.8627086881560579 57.7830081318313091 0 0 0
-4.2685113213974937 -5.6126575083867900 60.9988840208411744 138 213 61
6.9070142342410161 -3.8435826979651337 58.2486816459340275 1 0 0
-3.4696786007878697 -5.4811494911407017 60.3497800749416129 255 255 255
-0.6233404345808324 -5.0430705745945277 58.2903062849712015 255 255 255
-2.9954863015515198 -5.3704193066607298 59.7712919919702799 0 0 0
6.6904172029373967 -3.7917478728834455 58.1733544996598937 1 1 1
3.0190818835922499 -4.3834184528071045 56.8169406714591290 1 135 4
-3.0088324440074374 -5.3029430920562248 59.8205872299591661 1 1 1
-3.7804685191439500 -5.4130833662698539 60.2904598670173542 0 0 2
7.2350285378566763 -3.6582645722841569 58.6407938664981074 22 215 0
-1.8196526150783225 -5.0904460593828000 58.9357264098016884 255 255 255
0.3093513156331231 -4.7668188419718014 57.0713902864867606 0 0 0
6.8715311237779204 -3.6801765431017075 58.1879865371929270 80 242 9
7.3879044425212488 -3.5502731058942718 58.7033370078793553 88 255 49
-4.6361043338275065 -5.4187130142738988 61.1934006006143107 0 0 0
3.2566917065915719 -4.2167683070914759 56.4976777761562374 0 0 0
5.7800582427832357 -3.7910491083057574 57.5981897122665032 0 0 0
-3.2297322559733042 -5.2011349645559353 59.8019198168024388 254 255 255
2.9875223449451092 -4.2425610668443481 56.6629743606104057 0 0 0
5.9041675042864892 -3.7665678912007281 57.5271857087531657 70 221 18
-1.7995931637618101 -4.9592066921021800 58.8476486812687156 0 0 0
-0.5938019959054960 -4.7710055682936776 57.8951280762075555 255 255 255
7.2389705398933479 -3.4864132955533815 58.7147994069315402 0 0 0
7.8147617913210681 -3.3643780153505740 59.2472552792274456 98 251 39
2.9490000883374106 -4.1615432650886310 56.4758280923905929 0 1 0
5.9600734393573331 -3.6545059041422072 57.6688668950815355 0 0 0
-1.9786160986873402 -4.8934203870382227 58.7988110802235653 255 255 255
-1.7893829699238604 -4.8548935303572529 58.7850440462331889 0 0 0
1.4054418473427654 -4.3575812736864910 56.7688022440407138 255 255 255
-2.1315804125749280 -4.8482239514251004 58.8059195206693985 255 255 255
7.1741517289505357 -3.3367311323050770 58.6840546976671291 1 0 0
3.1142635368305704 -4.0215456103207652 56.1454292421640631 95 227 19
3.4980397476151630 -3.9218066183992160 56.1699179623083040 3 0 2
5.7064744187069572 -3.5412497653068598 57.6633722891171629 0 1 0
-1.1198001328251754 -4.6080307640720086 57.6216187870526824 254 254 254
5.8217274030701240 -3.4861665407702036 57.7273507952117413 49 222 10
6.8918461122346999 -3.3005104691286475 58.3490905634491952 178 233 132
-2.0255196957020529 -4.7095098294854241 58.4813003520645083 0 0 0
6.4510907590956466 -3.3336387135352847 58.0898436241156659 171 235 121
3.1733119849285112 -3.8946663250077607 56.0989557205400047 0 1 0
3.3201031250555686 -3.8651397545499933 56.0411170892342341 1 163 0
5.6577829842512992 -3.3985735183865953 57.7792533734553899 0 0 0
6.0040324802525147 -3.3255402886012546 57.9064115769202346 110 254 61
2.3984874887464760 -3.9389821617871226 56.1157922857359637 1 132 2
3.7184933411202339 -3.7023400851808961 56.0840149322475554 0 0 4
5.7755496867898666 -3.3158387647844334 57.7994486405710006 82 255 47
3.8592752239495698 -3.6522776468127551 56.1024505352382405 0 0 0
5.2933818819626843 -3.3783505706511412 57.4645988055586869 0 6 0
5.5638362737168316 -3.3033970429864024 57.6968093414244620 94 255 38
-1.2946913610023143 -4.3683798546282899 57.7604477335766333 255 255 255
4.7439955773046227 -3.2312405380366540 57.2586551935876287 0 0 0
-2.6538536181237928 -4.3420285337191817 58.0010567702076187 255 255 255
8.0190068843017031 -2.6094807896721193 58.9260419502388615 136 228 69
-2.1629307879247825 -4.2508428808363421 57.6953132211783668 0 0 0
-2.2963099181361755 -4.2305936477120758 57.7440537181480096 0 0 0
3.8428987488351023 -3.2718077220422184 56.6128678311268203 0 99 0
-2.7101467856404247 -4.2468907447191908 57.8470183184549214 0 0 0
-1.9995454561240691 -4.1233363605426048 57.4671990896453124 1 1 0
-3.1783394324434537 -4.2630068702461870 58.3387442224327515 0 0 0
1.9011113300778859 -3.5171460055952202 55.7997048635867472 2 0 1
3.8589069614166731 -3.1382143072260007 56.7458269371024144 0 0 0
-0.3562317439128761 -3.8036207727823772 56.4485948097400865 254 255 255
7.5930346188349569 -2.4530082481650686 59.0386631893874991 143 254 113
-2.3104068500901929 -4.0485212486079334 57.7783976546049871 0 0 0
3.5868878359353129 -3.1526736672132198 56.6051276606595906 0 0 0
3.9916394410398719 -3.0558479104578642 56.9890496625487870 0 0 2
6.1834842008034956 -2.6848426716667810 57.5283382414526656 0 1 0
7.8633731115348686 -2.3563773716634540 59.0193711002501260 0 77 1
1.7068447437531140 -3.4309668119888594 55.6995498093498043 1 1 1
3.7208767208130573 -3.0816909813917790 56.7351458118468344 0 154 1
-3.0103475967336690 -4.0983489131378699 57.9463772423010326 255 255 255
-2.5998281950430342 -4.0178809768400816 58.0069790117768491 0 0 0
4.0863067546512566 -2.9863570624940787 56.9311758813187794 144 253 102
-2.8906847946941738 -4.0356856403373831 58.0317396432884749 0 0 0
-2.6747642392312785 -4.0032615142551409 57.6952691101411830 0 0 0
8.0680370324984878 -2.2551048756300318 58.9919720536007262 57 254 17
-2.5422669859239977 -3.9601640135763465 57.8674580557339553 0 0 0
-2.4041476217016831 -3.9344608501913876 57.6649623152984958 255 255 255
3.9221177201948065 -2.9540470193641166 56.8757821265103729 73 254 39
-2.9043200176774162 -3.9812025264917663 58.0964230865738784 0 0 0
5.3907511407823430 -2.7042705437145305 57.1296386809839944 92 255 73
-1.4120030496442089 -3.7648448409864002 56.6191658856525848 254 254 254
-1.2356760185549611 -3.7363779553118963 56.5220078175642371 1 1 1
-3.1381867163764467 -3.9635851101262651 57.8221112514441913 1 1 1
3.4876819571082516 -2.9521308625027176 56.6759154453771856 1 0 4
-3.4916986991539272 -3.9883436080900236 58.0216704158408518 0 0 0
-1.5353580678388190 -3.7311318786711065 56.5508628634766808 255 255 255
8.0200310951980196 -2.1097497795388209 59.4041335025481274 0 55 0
-1.1113527469114797 -3.6481368480456222 56.4750117040699777 255 255 255
1.4693183702117325 -3.2039539852979577 55.5160160862792509 0 0 0
-4.4619758294778054 -4.0256143944505167 58.1119383690031128 255 255 255
-1.5518168164476789 -3.6141643896339763 56.5955300772351819 0 0 0
1.1397665358153359 -3.2346039552201158 55.4878943319234281 2 0 1
-2.1494961859663189 -3.6734449036529360 56.8789199500378686 255 255 255
5.0990832338806547 -2.5254109485599785 57.0006749820882135 0 0 0
-4.3707975895087250 -3.9394900401425859 58.3184709102619152 1 1 3
-2.4173856014025081 -3.6832450743472789 57.1422938008200774 255 255 255
-0.8039131319119345 -3.4679245916188814 56.1690955846861328 255 255 255
-4.9261252664383219 -3.9983588830105705 58.8039310122255756 255 255 255
-2.5230968093437296 -3.6360129772437566 57.0218119479552357 0 0 0
1.1600457799830668 -3.1038803365497878 55.2842080638266182 118 230 40
-5.8936466722497354 -4.0206635316746508 59.1743050397615349 2 2 2
4.8136050599494977 -2.4132415308706512 57.1509015362327375 0 0 0
-1.3579049115084760 -3.4107677731391171 56.3364618015792331 0 0 0
-5.4747096020749249 -3.9195939036221024 59.0700686774184405 0 0 0
4.5114488209278116 -2.3834910114817096 57.0372524663485692 73 255 44
-6.3372031231875914 -3.9797696178325053 59.2706819441923045 0 0 0
-6.2401641866560071 -3.8962393722200597 59.4295640909342495 255 255 253
-2.3518249063132557 -3.4074441531947990 56.7570259987406729 85 233 13
-4.0689683879892113 -3.6233233043926525 57.7598069491678530 0 0 0
4.4388430026171628 -2.3031520774487504 56.9799335582300657 0 0 2
-4.4051735851719096 -3.6349062429964674 57.9060484621887355 255 255 255
-5.6183009096637662 -3.7557683184012207 58.6090822326203735 254 254 254
-4.7581888262115806 -3.6509868869865798 57.9747828652040837 255 255 255
4.0862615233164350 -2.2935070064225780 56.6582058567214943 121 255 82
4.1966913953305145 -2.2592250708958455 56.6399357966421846 0 2 1
-5.4909692441783733 -3.6700840330015492 58.4544144407335935 0 0 0
8.2209639115701698 -1.4223619780584378 59.8991614747373049 1 23 2
-6.1692441751212810 -3.7075251273447609 58.9900665054793407 0 0 0
-4.0497705740454171 -3.4405585558524958 57.5551807557026152 122 222 46
-4.9071690307378315 -3.5304648958173463 58.0817661518842669 0 0 0
3.9934468929619538 -2.2191334796044822 56.5281583536062726 0 0 2
-6.3958058979054933 -3.6778555110818036 59.1081207338335304 1 0 0
-2.2877744282267294 -3.1422234311712693 56.4278211797406541 118 216 33
3.8473622389895850 -2.1539819174931849 56.6261314974102064 0 0 0
-6.8120868519904585 -3.6322362779310855 59.2426894999762794 255 255 255
-2.5146030519128262 -3.1068181885296551 56.3275935384216169 0 7 2
-6.7195181157213373 -3.5963565711384708 59.1539021376707126 0 0 0
3.5478374799001737 -2.1226674608950957 56.5908162540598951 54 255 34
-6.6921031497609933 -3.5425944038588315 59.0307286648264409 0 0 0
-2.7676910473819634 -3.0517365577390612 56.1530714915324438 0 12 2
-2.6046034075217790 -2.8854866214362773 56.3255397680577587 96 235 20
-6.9549143184973357 -3.3047743684233306 58.7224053961803492 24 26 15
8.2253390306042515 -0.8619836900374571 60.2615834379542150 12 191 1
0.8288849871126843 -2.1503754630827983 54.8734480542117566 1 0 2
-6.5433855794371842 -2.9890658451607144 58.0280379252877339 170 229 113
-5.5144828579978364 -2.7454262386162682 56.9481885738410369 0 0 0
1.9060865126173443 -1.7355233344251995 54.7626862396980343 0 1 0
-6.2558167352968796 -2.8132766480430735 57.4230264523926195 0 0 2
8.4323603648407115 -0.3180664880195792 60.3137039150606071 0 0 2
-5.8177760605029638 -2.6972048144783582 57.0184373828027447 117 221 38
1.8118941807723079 -1.6475530811760584 54.7428864203141927 62 240 4
0.2734899589032982 -1.8534791233004124 54.9110619544112453 0 0 2
-1.0595783706873794 -2.0293526847775749 55.2086789249256995 62 244 3
-1.1811104710310805 -2.0407820670498009 55.1694328024761091 0 1 0
1.8924714033754857 -1.4762019727428459 54.9175910550508917 1 0 2
-5.9758263786895895 -2.5175529320590391 56.7879013204827174 0 0 2
-5.6029465644952703 -2.4431942135558771 56.8057009539758582 48 73 41
-0.2224197186319295 -1.7164727973366283 54.8279065936122549 106 246 49
-4.2777743434340465 -2.2377848004598695 56.0877197748859260 166 232 109
0.0930219927602517 -1.5924021510721591 54.7794170179439277 0 0 0
-0.1252767027321015 -1.6076362419071406 54.8504499239101904 0 0 0
-4.5165868173346198 -2.1665659346867390 56.0784084173835069 23 29 19
-3.7523736204906100 -1.9719261813710749 55.7128441800269769 86 242 10
-3.6210318842217126 -1.9039814377261903 55.6440511013402599 0 1 0
8.6436155498911003 0.5548193500863576 60.5223177012920388 35 233 13
-3.7333907018893600 -1.7121721098930425 55.6204352784802722 1 83 0
-2.6692878340630259 -1.4198592433831432 55.2144966394870664 1 1 1
8.6439496683475561 0.8167582528748849 60.6312325624837527 0 12 0
-1.3658802603726019 -0.9778816689821527 54.8383371573329086 1 1 1
-1.0761449781102126 -0.8397906952667129 54.5366519045362779 1 1 1
-0.0518189418801155 -0.6494876432256391 54.3280620949411031 0 0 0
-6.6060562758287160 -1.3502804301485620 56.2276719796795348 131 203 43
-6.8034483223102065 -1.3074835311071005 56.1546046934338676 0 0 0
-0.6217220092501428 -0.5546213634079762 54.3865777123777434 1 0 2
-6.4467107856932602 -1.2515046825002358 56.0106081448706945 1 0 0
-0.8912179190886189 -0.5682239463143419 54.3475570316907408 1 1 3
-7.4715286602012627 -1.2374045026756659 56.4792916631634938 149 234 89
-6.7893035980348211 -1.1552642097554640 56.0407034796020085 180 200 128
-4.3807626742394188 -0.8386150087376917 54.7074909981945581 0 0 0
-6.9980269383477003 -1.0013550692960533 56.1656896376393391 161 212 93
-4.1085888886687290 -0.5521513196710772 54.6332647040831247 175 192 122
-7.0957258773968963 -0.8083779857804968 55.9459747062843959 0 0 0
-3.2557452300900778 -0.3891286850311940 54.3049051270728427 0 0 0
-6.8002873719394703 -0.6965155638409321 55.9100630541751897 0 7 0
-4.2213699613059363 -0.3760090722670495 54.4922717589561785 0 0 0
-4.5183631813819574 -0.3856088916957481 54.6055412363160499 0 22 0
-3.7269205891740640 -0.2924651997595633 54.2782558467710956 1 1 3
-2.9710899237356974 -0.1438785183211266 54.0500963389590297 2 192 0
-3.6371325895707489 -0.2149729694649906 54.1974239181969182 0 0 2
-4.8902620224232471 -0.3292802308635802 54.6884365868995914 0 0 2
0.3437435935688873 0.3824541669153833 54.1579269633287339 0 0 0
-4.3201922585310584 -0.2369799242039838 54.4076776429239146 0 0 0
-3.3928681770349640 -0.0960113187772415 54.1201292596170802 1 0 0
-4.4300137714833223 -0.1915011506191789 54.5441347587786609 0 2 0
-3.1192448806820146 -0.0734771024752137 53.8658531947806978 128 225 50
-3.2506094951385496 -0.0809239282077484 53.8110834015957025 0 2 0
0.4705195434429498 0.5050770375569582 54.2035939178802408 29 197 0
0.2273263257143339 0.4954498952894358 54.1132543427525903 1 1 3
-3.5580555099140367 0.0032635957970880 54.1210956602285904 1 1 1
0.1313479952142394 0.5381246688296066 54.0541247340350708 1 1 1
-3.2877184126913708 0.0674886576640751 53.8620562710637714 2 0 1
0.0348897170101104 0.6394893699327843 54.0075856625328257 52 217 0
0.3061274606642976 0.7042297726695317 54.0881068688748243 0 0 2
-4.4001645148150494 0.0629661404673893 54.3970299651587510 0 1 0
8.6554421840183036 2.9591073240413936 61.7861993848323507 0 95 0
-6.6765955439362559 0.0035281450468246 55.4859296199693404 0 0 0
-0.1079140340683669 0.7670052419311111 53.9130901242519514 0 3 0
9.1776745277279232 3.0402268585935546 61.3865805241077069 0 0 0
-6.5212610650772183 0.0579999305658652 55.4971309072650172 163 197 102
-0.4226695956721810 0.7476517280009973 53.8034119825279618 0 0 0
-0.2915639264031010 0.8146116992245959 53.8166623247062361 48 222 0
-6.8084547230874506 0.0768068095222356 55.5223611138574569 14 38 25
-0.4569522436495330 0.9059142401347425 53.7968260417313076 0 174 1
0.0562439477279975 1.0059633929480685 53.8344632744232996 3 0 2
-0.2567292700964851 0.9941344769367753 53.7739664260959103 1 1 3
-0.0984437278867286 1.0153459477055766 53.7831905845396392 36 233 4
-0.5621556068194943 0.9640523698586106 53.8037543932014017 0 1 0
-3.4164455883346876 0.5653534411916706 53.7250959025327219 170 215 110
-3.2888538134765173 0.5959548772483616 53.7386804338106643 0 10 0
-6.7202945102711640 0.3115046938633170 55.3830232896643793 1 0 0
-0.4086575872639876 1.0220429206921380 53.7465542958879894 1 0 0
-6.0398589346462455 0.4251786378513343 55.3061813881802706 121 246 66
-0.1389769149258074 1.1546015955358626 53.7362042750775686 1 0 0
-0.2892387734376911 1.1358876887734939 53.6988017228708330 87 240 10
-6.0512706383363257 0.7368169203514854 55.1895073485154981 117 245 60
-3.3232724994939469 0.9467106779389393 53.5266867844132648 0 0 2
0.3140336153870052 1.9140619772320855 54.8611308780203615 0 38 1
-8.9045191691072709 0.9974804607926386 56.1164076592725323 201 215 162
-2.1184318925274792 1.7078350601336771 53.1518157726355085 1 1 1
-2.5363873135747395 1.6915404630644646 53.2169694451684165 74 245 6
-1.6332400731068810 1.8161686369773928 53.1952627869626511 3 0 2
-1.7768824054479173 1.8085560799351539 53.2233610339945429 0 0 0
-1.4069907767091181 1.8734135756295160 53.2449452028629509 0 1 0
-2.4184361133892205 1.7661223771865200 53.2414158131755926 2 40 1
-2.2927728693759368 1.8014924650036586 53.1060141889227211 0 0 0
-2.1685015819177722 1.8246050357125345 53.1209731560898888 66 243 17
-1.9635207127157137 1.8722588958854081 53.0933973642038595 42 232 0
-1.4347356982145891 1.9898505470584558 53.2523988704624074 1 1 1
-6.2620129702545864 1.5653263818926442 54.8696719145959193 0 0 0
-2.6569689675361960 1.9067763240016182 53.0939298146904193 0 0 0
-2.3356762146079104 1.9384460027942505 53.0640870740402733 102 227 22
-1.5673854440339330 2.1627873159667583 53.2419545460569239 0 0 0
-1.3671801054152302 2.2188198857975383 53.3897250800730774 0 1 0
-3.7592544630949019 1.9477637791796647 53.3795301071034345 1 1 0
-2.4431032330100857 2.1027013005034054 53.1017224263647591 0 0 0
-1.3101112494163898 2.4104702119232781 53.3003401738941136 0 1 0
-6.3213841793526457 1.9258944408498837 54.6122838003014550 154 241 100
-4.1865131760492416 2.3780104092217096 53.3207315560983730 1 0 0
-5.8933548530114308 2.4557032242136665 54.3731746741471156 190 254 170
-6.1130902405729595 2.4529792169500118 54.3850724477943501 0 0 0
-4.2355249154369830 2.5411346795632439 53.2668293206144412 191 223 147
-6.3323139577863712 2.5533079995417798 54.4539878989705599 220 221 177
-0.2176483433789664 3.5000184516282329 54.1784790533738985 0 1 0
-8.0157289475691051 2.6509824468606413 55.1898696052507489 248 248 238
-4.1288187902777578 2.8468702856719292 53.1418244283007795 0 0 0
-6.1570096640790872 2.8134915095805590 54.1560729642238741 0 2 1
-0.2242551937550814 3.6217828645264110 54.0700407417056965 124 254 84
-4.0776110245448534 2.9697274512405856 53.0316899394740418 160 201 95
-0.3305615115978882 3.6896756531365362 54.0596675501199826 1 0 0
-2.6989917010586426 3.1834332351703032 52.8302713543345348 1 1 0
-2.9252325731591045 3.1821354987625989 52.7893040901033288 51 217 29
-3.5021520909706911 3.1324573728912699 52.8435811508556554 0 0 0
-2.9942656747296494 3.2689162245513916 52.7685350029475444 0 0 2
-2.7428646215834886 3.3455588328161254 52.8272461728189953 1 0 0
-4.0830675087860318 3.1917701533390170 52.8806499319228251 0 0 0
-3.9595916738623518 3.2242284289872347 52.9302093403009764 131 242 75
-5.8419334922141193 3.1572548238159728 53.9366109904245832 44 90 53
-2.9042808148783235 3.3607486071305135 52.7761454679690800 71 249 7
-1.5466899957301881 3.5811793966694059 52.9787289116636728 0 0 0
-0.4688693567994388 4.0098806397710867 54.0696232679595070 109 255 77
-2.6904263567577744 3.5081488158958223 52.7792092387312479 70 233 6
-2.9786706296084531 3.4680891834436780 52.7530911795916992 0 2 0
-5.7748589753811332 3.3388079093639140 53.8038821121694255 195 221 156
-1.5882423649227326 3.7419366219213042 52.9314622797493897 0 0 0
-2.8257364523452502 3.5515905041357612 52.7018167838291305 0 2 1
8.7222185920571480 6.9722215856706082 62.5897093164580696 1 35 0
-2.5607442612981557 3.6603600174676916 52.7221950308587068 19 188 1
-1.7513651728392412 3.8060482497028669 52.8410359256538555 1 0 2
-5.8583031809086350 3.4730592508041958 53.6823873958598128 2 7 1
-7.6774029125024175 3.5132186068362952 54.4850634454767189 253 255 254
-5.7150938512840002 3.6948998603344307 53.5384278132714684 1 1 3
-7.8672705851014761 3.7155220263998494 54.5202275854510248 255 255 255
-6.0626203208911642 3.7781934913843211 53.5891750511807174 255 255 255
-5.3104920463925538 3.9901723066401686 53.3290342319582038 0 0 0
-5.4367570363497224 3.9724451864426662 53.2904602449919338 255 255 255
-8.8751962301356730 3.9118611670500507 55.0992393863860173 7 49 1
-5.5838350111015593 4.0162645589779178 53.3706535680233216 255 254 255
-5.2390326278481050 4.0821038428063341 53.1661837353577980 255 255 255
-6.0846744188080324 4.0501518966093180 53.5153474562540268 255 255 253
-9.1316510524489889 4.0819703033921906 55.2557844926432438 0 10 2
-5.0973727940009628 4.2229134295546835 53.1250914866239796 31 44 35
-2.0866125550492045 4.5563067096597489 52.6819541807326956 81 240 24
-1.2338954430376219 4.7756689572974835 52.9369963763129121 0 0 0
-5.0112436446733657 4.3424229436395203 52.9705861273668503 255 255 255
-1.9524569160756222 4.9752890644846781 52.6583757307943472 255 255 255
-4.8336554428408656 4.7472331642673575 52.6615565574285327 255 254 255
-4.6808017864202380 4.8257456042791800 52.5659732441846685 0 0 0
-1.9586215274403098 5.3080766165604247 52.7445035300957485 255 255 255
-1.8347622090067082 5.3005420420133902 52.6179374376920705 31 31 33
-4.8729402549019269 4.9423081006053353 52.5830289133862863 14 15 10
-4.7284989502612733 5.0033594824853012 52.5888617710371520 110 255 64
-4.8888018556436821 5.0674315179093661 52.6068057416924191 0 1 0
7.8992397061489736 9.0778957294859222 62.8978778804426781 0 0 0
-5.2603908929025973 5.3648306714592646 52.5781313502046359 0 0 0
-4.9574133675383143 5.4511011399451839 52.5725744660430010 254 255 255
-1.5672035736473491 6.1214870607519813 52.8625420414764520 0 0 0
-1.6185199833207020 7.0213633548776926 53.2443096025232165 0 0 0
-1.5218468943705810 7.0792723593491340 53.3057627234970965 128 253 97
-1.7157806796364417 7.1592289832894513 53.1642372100426073 79 213 88
-1.5955521102561534 7.2797957122770907 53.2782568763800626 180 248 145
-1.7114746335981461 7.2918395275162746 53.2233288187364764 0 1 3
-1.6556758650067940 7.4778502516689418 53.1799408777961915 181 255 158
6.4194830381677379 11.2639016756142816 63.3963018561398286 47 205 6
-3.1108041094162524 7.2644701154907194 51.9903738860876459 255 255 255
-1.6356990871379367 7.8398796357044498 53.0453819806417641 0 27 0
6.2915069192492528 11.6813741677458314 63.3680684939153451 62 235 6
-2.4584767642953613 7.8671160932449764 52.1917957517654898 0 0 0
6.1298296055881707 11.9808975950741807 63.3576123319345683 2 0 1
-2.6954929633858571 7.8206557962883752 51.9548461667102472 0 0 0
-2.3668621712040503 7.9557950504827888 52.2197700560343137 50 221 5
-1.9196787721258017 8.2872888694765656 52.9363717281146720 149 250 110
-2.4602996016822973 8.0003220327654532 52.0711191692030582 0 2 1
-2.8381120064843732 7.9857410458047990 51.9599688109864317 0 1 0
-3.0259594518948343 7.9558125987321970 51.8900057463299262 1 0 0
-3.1506936766920091 7.9555847602863983 51.8480663485017743 0 0 2
-1.8075760478439751 8.3801268967241000 52.8093180158708151 0 15 2
6.1325483800589149 12.3175241562103963 63.3302277777810119 71 255 15
-2.0676860376410113 8.4034596058437359 52.8290848476749701 0 0 0
-1.9793303148255814 8.4757543407059206 52.8304762172418947 140 255 105
-2.0628798475580323 8.5566059949783497 52.7871373263937684 1 0 0
-3.3235871449682719 8.1287136777678235 51.7575782078600639 49 218 3
-3.4354653414935279 8.1517672775972034 51.7972357852837320 67 201 10
-2.0442924852793820 8.6724375137072407 52.7683262216753803 163 255 139
-3.4306456737035345 8.2540685036864652 51.7414981952048407 77 195 13
-2.0920101292812392 8.8553669787202747 52.6605941950668850 135 249 89
-2.2641989549226560 9.1120807721790804 52.6055663036886685 0 0 0
-2.2428481906996836 9.1596720032806207 52.5815920298853783 1 1 0
-3.6544543713136761 8.7818064684646213 51.6638273081784476 20 20 20
-3.3970965115116245 9.0329229736492636 51.6278285632525211 52 171 27
-2.2690309730896789 9.4715469740825391 52.4673367946568874 162 243 112
-2.3293487344943373 9.6710842999759326 52.4196134823170965 131 253 90
-2.8820546969543743 9.7670649463794312 51.6838765662686228 0 0 0
-3.0797658069186649 9.8941833856817389 51.5210309330747904 69 253 31
-3.0431917284046053 10.0200985656917769 51.4585901851350584 2 1 0
-3.2896675814774703 10.0740507033059803 51.4382807067184800 1 0 0
-3.1513900159884312 10.0895269186510355 51.4374126514529593 89 244 18
-3.2921046640088583 10.2104826017727373 51.3501026523190589 122 254 91
5.2190322517145757 14.9826085959880988 62.9603776341030468 1 0 0
-3.1827726408871131 10.3193219065853743 51.4186889543769183 0 1 0
-3.3638004062556384 10.3226763509623805 51.3765311584061948 1 1 1
-3.2620188688893514 10.4035857954388433 51.4334804861184338 120 248 67
5.1639572423963482 15.1715633304301161 62.9009617793920484 0 0 0
-3.2292228877685747 10.4888150214546521 51.3497485414886654 0 1 0
-3.3554462159648684 10.6554177680801061 51.3444936070781210 80 251 48
-3.3311507339105884 10.6991534102219212 51.2963173114633904 119 255 97
-3.2235016995751304 10.7516726579282622 51.3224804979569384 0 0 0
-3.2653225707148361 10.8405037868108742 51.2864327135351203 126 255 96
-3.2836399254595308 10.9851079474922670 51.2683693106364089 77 251 18
-11.8134978429743622 11.1652251242235288 54.3230229361137233 12 35 7
-3.2695352591625579 11.1066582701684755 51.2236787805581031 0 0 0
-11.5476851310986106 11.3014480643626687 54.2622102942424149 0 1 0
-4.5686208549190050 11.0246908124270266 51.0961395074136675 0 0 0
-11.5642248760586330 11.3647748926249985 54.2355078813249492 55 64 45
-4.4075172680986752 11.1238531533249052 51.1429934536573541 0 0 0
-4.6064277184965849 11.1487096644523529 51.0961259932467513 57 249 24
-4.4031137297410572 11.2325693982650741 51.1453511640661205 0 0 2
-4.7193981788829245 11.2450830830821040 51.0730027909629314 0 0 0
-4.5780777829717882 11.2595470552208194 51.0582120118784886 96 255 51
-4.3984119222629170 11.3278256570231068 51.0838490345564082 105 226 23
-11.7321367328035802 11.6287750136585206 54.1188272719194785 16 19 8
-4.2945186563254980 11.3836336380817418 51.0818416830630539 2 0 5
-4.5775557990643732 11.3665998435144555 51.0087534275113370 0 0 2
-4.4611450149175544 11.4445618522530843 51.0374469007593135 107 255 59
-12.1629239752258194 11.8473991854520513 54.4427730459116077 17 46 16
-4.3207564599865131 11.4707212096932789 51.0255680675742340 50 230 0
-4.4663878880969561 11.5432537201171002 50.9870513789372524 1 0 4
-4.3434427747135036 11.6302491646381245 51.0883026538747487 65 251 0
-3.1342577639778502 11.9248131850349672 51.4214297400353573 0 0 0
-12.0427428621922790 12.0659433506874390 54.1933045842156531 13 28 9
-4.2306584545631605 11.7293372317141014 50.9777191763966613 0 0 2
-4.4736456486057774 11.7035955394117490 50.9370113628627692 0 0 2
-4.6740023207644619 11.7587539028397039 50.9644251130565209 44 241 1
-3.2767516454518231 12.0312602922550340 51.2955843377495242 0 0 0
4.6641656771371824 16.9612381555858960 62.3592662611557458 57 226 3
-4.4465445020970913 11.8387066415541273 50.9411647865239843 102 255 80
-5.9426570037889679 11.8043424892378113 51.2539253780115942 0 0 0
-3.3463876483482764 12.0834988730292459 51.1960551990930171 145 254 135
-9.8958290445897994 11.9154487410593077 52.5712890703093905 164 167 146
-4.8048832300239512 11.8859079057794457 50.9267048871168058 0 26 1
-4.5607688563739739 11.9027812497315200 50.9154138657895317 0 0 0
-4.3648231357442047 11.9608210333101628 50.9082868108608722 0 0 4
-3.4276735498535991 12.1711814511594039 51.1376248642123272 51 245 0
-5.4777203811880772 11.9366430999555657 51.0559070644789443 1 1 0
-3.3023747461944226 12.2215134655686164 51.1826663563488538 0 2 1
-9.8585116666848123 12.0483665513428519 52.5237314482603068 255 255 255
-5.4113303516457734 11.9922888562053362 50.9895049881531577 255 255 255
-3.3645040662008361 12.3021700894829156 51.1113325983470972 1 0 0
-3.4801892066154871 12.2895441244077279 51.0962635142186485 1 61 1
-5.2840184466102880 12.0774733645677159 50.9551943665545792 254 255 253
-3.9440698862234620 12.2350694192885143 50.9552472280651827 0 0 0
4.2905054182091238 17.4744473094430326 62.1537941909350096 0 0 0
4.1851644426957062 17.6071240580429524 62.0720715048170391 1 0 2
-3.6227503151960221 12.6602137744655749 50.9914514308023996 95 240 23
-3.7134594753056920 12.6549203751145463 50.8783734646335404 27 206 1
4.1917030954039367 17.7458422746555300 62.0562778132270410 67 249 8
-3.9429917665055849 12.7096922471475349 50.9832876157363941 4 187 0
-4.0621169905639629 12.7081452423324617 50.8662728407820381 89 244 28
-3.8019648038830489 12.7774861274289737 50.9102255361871130 0 19 0
-4.1648455277463201 12.7651786827558720 50.8204903314917402 1 1 3
-3.9713830113895860 12.8258953411392298 50.8263129959042317 0 26 1
-4.0954239681930495 12.8529922622564374 50.8246441034542471 78 250 18
-4.2140168671668166 12.8453093379247196 50.8180898946788417 1 1 1
3.8377600789292545 18.0781133168409980 62.0565592613343995 0 0 0
-4.0846084909131450 12.9724537343431763 50.7931631035112758 0 1 0
-4.2852429502988114 12.9680091276607836 50.7637077413978801 1 0 2
-6.2633595383323266 12.8216716238118682 50.8303419478803775 0 1 0
-11.0367644846008055 13.1913042333612438 52.9681491188556208 231 234 207
3.7010339781235997 18.2187117085027950 62.0217787195821231 0 0 2
-4.2953904662302200 13.0995338904060024 50.7783580472568872 41 238 0
3.7419215142022471 18.2960729020477686 61.8711280440127567 73 249 3
3.5824195482098991 18.3387943816275900 62.0374939226256217 0 2 0
-6.2577410464066459 13.0159216820994814 50.7787291190800190 76 217 24
-4.5815593494827445 13.1603522328700500 50.7243769997650062 96 255 49
-4.3886685112435329 13.1670292195770529 50.7077596904567685 0 178 0
-4.6984203765578023 13.2041700400628148 50.7042799382863976 0 0 2
3.3320484123707184 18.4449989581343807 61.9089087179040192 0 1 3
-5.9903961673934454 13.1219753094589180 50.7203971594036886 0 0 0
-4.5064156784655811 13.2914979815402337 50.7037833059057874 2 67 0
-6.1637574756891151 13.1754906254785400 50.7106795322559449 97 255 50
-5.1349175197167538 13.2951995143926318 50.7219278928047714 1 11 2
-4.7936020664140013 13.3325996501355402 50.6505537572896429 0 2 0
-4.6030669510468458 13.3973149315859974 50.6856635914643761 2 0 3
-6.0538248311371925 13.2578866544917080 50.6442607376704714 0 53 1
-4.7099519995560328 13.4175808957538258 50.6676917525912032 30 208 0
-5.1882514602842367 13.3989398347079280 50.6579237363403720 3 0 0
-4.9153773655211612 13.4404097997560541 50.6748335260709766 1 0 0
-4.7298059715710856 13.5282730488353202 50.6580937873589079 0 53 0
-5.0016890340236806 13.5501300905715851 50.6286147201325178 135 247 83
-12.2214906507171222 14.1136884473303574 53.5237751005016946 71 88 56
-12.0359855890918315 14.0240269415143199 53.2113203006533269 43 52 31
-5.1318648095757560 13.6755719399135209 50.5746670787773240 0 0 0
-4.9099404514472385 13.7215839004265607 50.6475289556736641 1 1 1
-5.0254155346986407 13.7465892269649999 50.6059355127335735 38 219 0
-5.0775670256571033 13.7885040405799941 50.5749279397961615 159 244 115
-5.9919203724118635 13.7303540761524570 50.6158664243890613 1 0 0
-5.2188076003372643 13.8336156373166652 50.5315295765270918 0 0 0
-5.0464143027436972 13.9012973037619272 50.5513983701192018 2 1 0
-5.6431221801131199 13.9282552891321458 50.5386700768346557 1 1 1
-5.3235544594985900 13.9542249706410715 50.5342968728181603 1 187 2
-5.5137570594947540 13.9593102955347153 50.5166946115687523 40 229 15
-5.8239577758189522 13.9994209810749979 50.5076884726821618 0 1 0
-5.5694102911302590 14.0527976735079481 50.5449312694220438 127 255 114
-5.4227822031607840 14.0456710863751226 50.5004994268017171 0 7 0
-4.2859028572492726 14.2797554725212272 50.6992456806935152 0 1 0
-6.1802253667107152 14.1909300201399109 50.5381510536809415 4 0 1
-4.1786479862068067 14.4753305479902110 50.6667972045760990 1 62 18
-6.1537879889058420 14.5539615660100932 50.4026414178355608 148 241 98
-6.0232850670618481 14.5997865757471477 50.4289446612300694 1 1 0
-11.2444424018378086 15.0053008788033591 52.4677920839594449 218 224 190
-6.1604661732422992 14.6919551809114726 50.3829825208147923 3 0 0
-5.9263280734299695 14.7380141333882246 50.4069115006403337 0 0 0
-8.2330660986116975 14.7060820584919245 50.6841188607574793 0 0 0
-8.0539892717594270 14.6838792393995217 50.5919445047131191 173 254 178
-8.8711537097049398 14.8182964518047431 50.9049843921891352 254 254 255
-7.1001761273726727 14.7898074689321017 50.4604614179768447 0 1 0
-8.6235744814175614 14.8252790297083390 50.7885189217425648 0 1 0
-7.2796542240899198 14.8512448564539206 50.4919535864579885 71 255 67
-5.8370896091285900 15.0664102150364556 50.3689878238386584 0 2 0
-6.0018886369400368 15.0785500258544563 50.3326006191648005 0 0 0
-14.3036264450130162 16.2964729186057440 54.6296457913829983 233 233 205
-10.8317931786708073 15.4433699828308857 51.8883919336831099 0 0 0
-5.7192555373901444 15.2572378965823177 50.3733549889499983 0 1 0
-5.5833934697280396 15.3671587345445815 50.4409341896610499 0 0 0
-5.8194253725875154 15.4252224952208294 50.3845500528460022 0 32 3
-5.3009695610473315 15.5259342330744321 50.4889516268867169 0 0 0
-6.2638815257216489 15.3778402163484742 50.3190761397387263 3 0 2
-4.6321848204646603 15.6399925598685510 50.5675828910006615 0 1 0
-8.5223861752156012 15.3820597732312958 50.6168459015577739 1 1 1
-6.5603901482917095 15.4183228311874760 50.3216797715421436 0 1 0
-4.4650756207666769 15.7297542996080590 50.5368794685028533 0 0 0
-6.3391699286075394 15.4629052450964792 50.2865345249989701 142 227 72
-6.2099515901594549 15.4888099464539728 50.3141317707505777 2 165 0
-4.7305788470907730 15.7763909564838354 50.5779954230137605 0 0 0
-6.8271722099013319 15.4774778069952426 50.2836241569830662 0 0 0
-6.4797474445993490 15.5281710282059571 50.2921914401078993 35 224 0
-5.3772051813448467 15.7191396566975019 50.4795932272267507 0 2 0
-4.8948716540071864 15.8037988509747347 50.5690259317378050 1 0 0
-5.1605568221475124 15.7684567438057233 50.5155834308611347 1 0 0
-4.8190609537501965 15.8759433989062231 50.5216017561971000 0 189 0
-6.5582774296529145 15.6417473765088459 50.2486461137633995 1 30 2
-7.3336438824866086 15.6410209345757156 50.3230777744167170 0 0 0
-4.9633006800256245 15.9758205043478156 50.5244947363982675 2 25 0
-7.1284389439819265 15.7074351688506777 50.2614265172391441 0 0 2
-10.9142426985978815 16.1661022726341308 51.7842124405670319 36 45 26
-4.9832263168932371 16.1146179440215178 50.4927576493911374 0 0 0
-8.8590056275457592 15.9065392420858664 50.5782610853819463 63 225 4
-4.9848837842139844 16.2403959479963760 50.4643634952580413 149 232 90
-5.1245436120195524 16.2339644618129526 50.4598885692818513 0 0 0
-5.0315297541660717 16.3459769496168299 50.4257219167513497 0 0 0
-5.1905998225845265 16.3366565900174585 50.3957539984538414 11 171 0
-5.1027358811338592 16.4078698608719655 50.3970187556452913 0 1 0
-5.2864764783706129 16.3798664762167405 50.3269016589490263 0 0 0
-8.3546988428511639 16.1530731869507562 50.3472715555571142 0 1 0
-10.6086798484805254 16.5235195745509138 51.5544455344906964 16 13 8
-5.3686032890466651 16.4802522718658118 50.2891565813509374 0 0 0
-5.2409706468629507 16.5073148858642043 50.2925943600271026 75 235 5
-4.4905426680932798 16.5264660754580248 50.1855603002176238 0 1 3
-5.2657170360811536 16.6344655048299082 50.2744804467285888 1 0 0
-5.4504360588276910 16.6025976387918561 50.1753769376102312 0 0 0
-8.3263347987340843 16.4563384765294245 50.3521545294800035 2 0 1
-5.3898695619356012 16.6725891575062768 50.0838759536963707 170 237 121
-4.4433263423983833 16.7351388953980305 50.0493379629861366 241 239 226
-8.3508905313940769 16.5489687185589744 50.3103491091017645 126 230 57
-8.4818478663021093 16.5389453284346679 50.3008261232742200 0 0 0
-8.2700698357755940 16.6472102360559902 50.3727905471383011 0 0 0
-12.1349426177492017 17.4282242924537805 52.6814238247730273 230 233 206
-4.5176342398044271 16.7995113430559790 49.9913230454233712 1 0 0
-4.5035383765834771 16.9079688479297268 49.9921545771092326 243 244 236
-8.4487706972295644 16.7342510450359967 50.2886124137538744 3 0 0
-4.6063806984001676 16.9561747700491914 49.9603772437153353 0 0 0
-4.7230385366961611 17.0770329181857861 49.9818864714853461 87 253 55
-5.2201494712160130 17.1174006756176773 49.9625066600461096 3 32 2
-5.4165700521554188 17.1019357270485024 49.9425704416523146 0 0 0
-4.7560376728805256 17.1857101876021225 49.9134463001880420 0 0 0
-5.3263847243386486 17.1539793292078002 49.9412757352891816 14 194 0
-5.7733396736493088 17.1554590022257152 49.9801840330599632 2 63 3
-4.9019946113527268 17.2316065866643093 49.9180035134226330 0 0 0
-5.5324379083464210 17.1943982300547304 49.9277243579242622 32 224 1
-5.8591287883134076 17.2055637186564070 49.9388492424898800 98 246 36
-5.3722056769661579 17.2582232672763851 49.9097603323850052 0 1 0
-5.5918185820467636 17.3709664114002678 49.9706431859573073 0 0 2
-5.1448309248982529 17.3765985254069086 49.8949200499125638 198 225 156
-8.3764969185498153 17.4440180092846120 50.2870190713794685 160 224 102
-5.5142750057074599 17.5423911536106267 49.9895103114168080 187 244 150
-6.1955593876088262 17.5299379212054660 50.0550909774378852 0 0 0
-6.0827159178936903 17.5283839500292515 50.0406774392417262 0 0 0
-5.4705037490448118 17.6093679484212977 50.0674995786181825 182 212 126
-6.6189664250013527 17.4812222234385501 49.9444061311084653 43 231 12
-6.7081080088388454 17.5923965046076169 50.0753821264002497 42 229 0
-8.8036145846744045 17.6280593143083273 50.4189399929729092 0 0 0
-6.3086276722144463 17.6522129423576217 50.0403866692912516 0 1 0
-8.5928929683599051 17.5815105585857161 50.2044662678572493 135 245 86
-8.2791802181565597 17.6346073636315630 50.2752674562879349 0 0 0
-6.1053197141976945 17.7133768713283608 50.0263164788846311 148 242 96
-9.0414502551552598 17.7144461968363842 50.4475056112398477 0 0 2
-8.9007502844116591 17.7260822548587811 50.3921255733332885 144 239 87
-8.5864695544659266 17.6883526620874534 50.2772512633359483 98 233 19
-7.2616492162764219 17.7950844475433065 50.1310665323299389 0 0 0
-9.2526825664114423 17.8497351100235697 50.5211710013374002 0 1 0
-7.0237386025014352 17.8806354378573928 50.1691494191661036 0 0 2
-9.0729810137925817 17.9642277107960560 50.5139060276743805 1 0 0
-8.0379587635733944 17.9474451979882375 50.2212098972170935 16 208 0
-7.7226811442296368 17.9459541699759093 50.1842511823049193 92 244 21
-8.1847671569902349 17.9621477514315480 50.2215756694305924 145 227 81
-9.4152555432932239 18.1093058985814501 50.6609680471201642 0 0 0
-7.4471900951105088 18.0094857013321672 50.0543570495157510 190 245 161
-10.4830700604696130 18.4538888617945958 51.4065838031838993 2 1 0
-7.8348561732714765 18.1149198625549097 50.2399189697236181 0 1 0
-9.4530704216122601 18.2836252592535580 50.7525407609223151 45 245 0
-9.6588767971356475 18.3317381356112321 50.8273101779896450 95 232 20
-10.1182073461158026 18.5139326130590902 51.1657501887948740 155 214 88
-9.9675600536668316 18.5357661541247509 51.0708163797212720 0 0 2
-9.7509330656977742 18.4665016265383990 50.9094293725938556 0 0 0
-8.1450691874528491 18.2778899558139649 50.2735902884719650 214 232 182
-9.5466263558275291 18.6067142586462531 50.9586941780861480 2 0 1
-10.0116790997727296 18.6089141066376875 50.9277857591565706 1 1 0
-9.8719041713509199 18.6816686567893484 50.9038012148342176 243 244 230
0.0191523586225582 -6.9705685751610957 61.4752485037581025 0 0 0
1.1041325992801121 -6.5674328041602879 61.2375564741917273 0 0 0
-0.9219886045271622 -6.7188110520837663 61.3443789870259550 152 218 84
1.7583577816403155 -6.2865394570386117 61.5789956982889635 0 0 0
-1.0556990121103020 -6.5338176330811084 61.3753129628793559 1 1 3
-2.2777908534027334 -6.6912683223121237 61.8537197099435119 0 0 0
-2.6342205044364633 -6.6437471506954280 61.6699614145180917 0 0 0
-2.1680962362726075 -6.0433940467732361 60.6068404918133794 0 0 2
-0.6997570178400094 -5.6353984760507156 59.2773328230191012 0 0 0
-3.0599813765577530 -5.6533619256818817 60.4997080775368161 254 255 255
1.9857637388368261 -4.8253019495641665 57.9526534777890063 255 255 253
-3.4970638255611255 -5.6670610300013218 60.6358559166232922 0 1 0
-1.9257609315848914 -5.4241618893377028 59.7975703282770041 0 0 0
1.3211917864915150 -4.8724583559448131 57.5404556744782596 2 1 0
-2.1432230038792723 -5.3992616999064280 59.7737235177963342 255 255 255
-0.4503209941030349 -5.0574365328322166 58.2694173563204600 0 0 0
-4.2953560306737142 -5.6532877477197472 60.9674495237458913 135 215 56
6.4991204976429016 -3.9130094851425454 58.0396411050207348 0 0 0
-3.4424370585686987 -5.4795913854519078 60.3557068116274209 255 255 255
7.1095478289642218 -3.7891922688437627 58.5548674932220621 0 0 0
-2.8369004285936268 -5.3638254648822388 59.9073677353400385 0 0 0
-3.7824221366824493 -5.4196062212373164 60.2088327478050047 0 0 0
-1.8607041118740115 -5.1214050918813472 59.0413687940363587 255 255 255
6.6689082048420767 -3.7528229822505441 58.2523304097396775 1 0 2
-4.4381236042072256 -5.4893735029013486 60.8306048750818036 0 0 0
6.8962636950440963 -3.6896721025132035 58.3170227971855226 0 167 1
1.5301070436547213 -4.5470884680128343 57.1738506938916515 0 0 0
5.7623937086105963 -3.8475853254036605 57.5559954536504463 0 0 0
-3.4082040774109692 -5.2451159705495503 60.0304461746569871 1 1 1
-3.6449193244208535 -5.2581659856669836 59.9798813648973876 255 255 255
-1.6135697377055700 -4.9413218153986200 58.4693694901486154 0 0 0
3.1863048120278052 -4.2012104244923014 56.4972015270494623 0 0 0
6.0446173481967076 -3.7335729433718132 57.6098815915563236 0 0 0
7.7970254083221295 -3.3819624620032567 59.2459083507401019 112 246 55
3.0219702039971259 -4.1915848530129836 56.3992111140555465 0 0 0
0.3725227582188016 -4.5184817328201028 57.2918767831763844 255 255 255
1.3716060121999982 -4.3733881477272760 56.8279079586595444 255 255 255
-4.3115510838914410 -5.2052622499275900 60.1215443711248483 255 255 255
7.1641201147763400 -3.3910810981155812 58.6919958994599256 0 0 0
3.2697472024063230 -4.0249456279469511 56.3118838106339368 2 145 1
-4.9108279098266614 -5.2334969360471364 60.7160176662821129 255 255 255
-0.7885397900332736 -4.6318561387368877 57.6413801212018626 1 0 0
3.5057343780747972 -3.9745268978570536 56.2516397522663212 1 0 0
-4.5254524257533575 -5.0439774981328789 60.0535527541722516 0 0 0
3.3428769574662076 -3.8650670280646771 56.0690258656489746 2 145 4
5.6419708524422321 -3.4396780594515817 57.8121734419587341 0 0 0
1.2770743029196137 -4.1342876381432063 56.4704123721527722 0 0 0
-2.7105355146380243 -4.6245299270957938 58.7590646954021238 0 0 0
3.8167709386918380 -3.6165884920249467 56.1678050971285714 0 0 0
5.1531309775782317 -3.2714358895858373 57.5174472093094948 37 247 0
-2.9577469060303487 -4.4439888944088271 58.6858592820143201 255 255 255
4.7310779180321916 -3.2389475981726754 57.3267492388613178 0 1 3
-4.2282212535402905 -4.5638246569087597 59.2084030051585373 0 0 0
-2.8911442521256587 -4.3531085216116363 58.1177328197446101 255 254 255
-2.5459158045765111 -4.3012514260829535 57.6854271632226059 0 0 0
8.0197818700063106 -2.5728401481026184 58.9321992211233834 127 232 52
8.2359853645196708 -2.5142572341876162 58.9539286810518206 1 1 0
-2.0476602472601271 -4.1273164318784428 57.4638448475578372 0 0 0
4.4323078470153652 -3.1348461672803185 56.9340162506787095 0 0 0
-3.1632031462664307 -4.2541545676594827 58.2750008737680361 0 0 0
6.8213695894662134 -2.6616528612111789 57.9874000989555825 0 0 0
-4.7602949534027470 -4.4526165567124467 59.3800947174777392 255 255 255
7.6612914889827310 -2.4843566446681229 58.6710492793372822 39 255 3
3.9291324488338422 -3.1241528231304367 56.7315735551910549 1 0 0
4.3297751345484459 -3.0246551703929065 57.0144118089432865 115 249 66
-2.9740128751559252 -4.1042279751966513 57.9686463956306284 255 255 255
3.7094166759383236 -3.1033008119739276 56.7360368016845840 2 168 0
-5.0553206101594910 -4.3588799551019379 59.5655500060208922 255 255 255
-0.3674401960511061 -3.7046861179520620 56.3285140363081283 1 2 0
1.7261706721930452 -3.3921359614328250 55.5941953654230616 0 0 0
-2.4991323912416634 -3.9721746201788006 57.4327008133567389 0 0 0
7.7469729497752411 -2.2478500973927220 59.7390612260463669 0 0 0
-1.6196293923045042 -3.8013123335098293 56.4398192125793017 255 255 255
-3.4480538554396034 -4.0069938856000933 58.1469649079409123 0 0 0
-1.2808563914152800 -3.7256730427951132 56.5875181717598750 0 0 0
-1.5348203655777282 -3.7420062232801081 56.3785422648034427 255 255 255
-1.0844492439589033 -3.6710909737830568 56.5554902516151543 255 255 255
3.4624180166219132 -2.9371723634940348 56.6916450211835894 0 0 0
-5.2156893562451936 -4.1875563683787949 59.3295092449268893 0 0 2
-2.1579423534585316 -3.6847049263088190 56.7585010903517713 255 255 255
-0.7954609724647181 -3.4914312096109388 56.2082302850200577 255 255 255
-0.2380281620033059 -3.4229056413599745 55.8069092388424508 255 255 255
-1.5936476601633134 -3.5754519715761841 56.4626136353502162 0 0 0
-1.0372863701990156 -3.4910497184549136 56.3179813694018563 0 0 0
-3.6888454145860212 -3.8087991065577635 58.0381575972680182 255 255 255
-1.3761569739708168 -3.5229431538706080 56.3647991164150000 254 254 254
-5.9080425551331039 -4.0060580773621393 59.2491585489530124 0 0 0
-4.1888110628060709 -3.7889237749516349 58.2689814292587371 255 255 255
-2.1729468523364255 -3.5210867435657685 56.8054147429803038 0 0 0
-2.5050927207304903 -3.5517201823124154 56.7963976394809009 0 0 0
-7.2450642069973252 -4.0464622008888460 60.1639214761433223 255 255 255
-5.6339939271512565 -3.8526988216356757 59.0346838680418315 255 255 255
-4.0868709665771643 -3.6173469590095806 58.0318633128907138 0 0 0
-3.8084490562832962 -3.5622436218109899 57.5968990465485220 0 0 0
-4.2478404103846525 -3.5620104497447325 57.7683601034410188 1 1 1
-5.8271323778678088 -3.7030708627464519 58.6211672053852837 0 0 0
-4.6994055114005864 -3.5385664374377646 57.8579657781639298 0 0 2
-4.0126301843685779 -3.4326268332520535 57.4554307045668651 125 232 58
-2.8036342044228837 -3.0862494163431879 56.2619505296326849 1 0 5
-6.6362397830434245 -3.5112119604452920 58.7487010750421916 1 0 4
-6.6464958665529084 -3.2994689299377593 58.7515564331512934 15 35 7
-1.4941058305843462 -2.6242481919758314 55.7656783226177950 1 0 0
2.8646001908551000 -1.9427389013173724 55.6002927424219848 0 0 0
2.6606032324164928 -1.8288720483149372 55.5084186903549011 130 251 86
2.0215796937864932 -1.7016365880638225 54.9846735352024893 0 0 0
-6.3058131727574418 -2.7850667503338977 57.4287292813959098 0 0 0
-6.0726370784000050 -2.6900756907910264 57.3123172859319610 54 253 48
1.8179394147215266 -1.6484121410690871 54.8064660140265829 32 212 0
-0.8901108207753635 -1.9984665582161576 55.1926866603305442 1 1 1
-0.0987340194106531 -1.8546323023557987 54.8377947813128088 0 0 0
1.8451678982100701 -1.4587610213768889 54.9789759782382177 0 0 0
0.1509800301116466 -1.6113896243278243 54.7419638661553520 0 0 0
8.6927273559069533 0.5487996263510009 60.3864983230915797 1 161 1
8.6343320361865992 0.8289767614184431 60.6340944209291166 0 17 1
-2.6008290781470742 -1.1961246978137741 55.0997502662258611 0 1 0
-0.2276308660814192 -0.4844401333252649 54.3423813484773746 18 205 2
0.0646579364016271 -0.4329348605077434 54.2410533988396324 0 0 0
-0.6995924859347321 -0.4677016262425192 54.2793697937217914 49 218 3
-4.4440466849870948 -0.8053185235817187 54.7433339531512502 2 0 5
-6.7864796652173212 -0.9266246478570056 56.0728436744043748 0 0 0
-4.2465985814281488 -0.6954719789786117 54.7065612081760761 168 185 107
-4.0788557277225603 -0.5083024661786725 54.6252703250993648 148 182 72
-6.7667675894105512 -0.7132714219501366 55.8908126649315662 1 2 0
-4.0528486517668432 -0.3602260821851402 54.5086358555438082 210 213 160
-3.3394447050208815 -0.2549962214799970 53.8579100897368974 148 197 72
-4.3515359578931880 -0.2605607410015143 54.3562780162801502 0 0 0
-3.9373405403607635 -0.1999997388093966 54.3205446167543258 1 0 0
0.4211592550297515 0.5011065779823728 54.1512220568637304 34 215 0
0.1856620715654735 0.4856587592566157 54.1174701179436397 0 0 0
-3.2849140913775030 -0.0387250788453100 53.8275449414186724 1 1 1
-2.9607793158139053 0.0270033380018653 53.9923450489695895 0 0 2
0.2829209134676785 0.7263257649852066 54.0608203912412577 0 1 0
-0.1553421713990009 0.7116309354763577 53.9283030338927745 0 0 0
-6.7181210808784328 -0.0095858673302762 55.4853016164079165 0 12 10
-0.4220285044177546 0.7169897971077637 53.7928907292203817 1 1 1
0.1379619469241287 0.8684207827761169 53.9657717957048249 44 219 2
-0.2834988195875726 0.8368691384146767 53.8439242308694475 37 218 3
-3.2321575953394066 0.4273567285942685 53.7743191169814736 0 1 0
-0.6109665696085292 0.8020514914792235 53.7696104169015001 26 191 0
-0.1049604223682226 0.9987520503009301 53.7965535341974785 68 253 37
0.0683775149619072 1.0317155643450659 53.8051437436313194 4 0 3
-6.4983205874760177 0.2790112239965001 55.3592674786747523 0 0 0
-3.2566481055710792 0.5830671397460192 53.7537978782609329 36 49 39
-6.3232328853500439 0.4045542414501498 55.2439771416370675 1 0 0
-0.4579865364556031 1.0432753626282483 53.7140426781177780 1 0 0
-0.3108157725441426 1.1573405360769116 53.7148865616905198 13 177 2
-3.2048740640310776 0.7592060910088680 53.6127733848559842 129 206 42
-3.4936211606210299 0.8812050341634936 53.7037179988936941 0 0 0
-3.2929131888213323 1.0123702222296482 53.4364279098622461 0 0 0
-6.1706876835726385 1.0576777323785973 54.9898522873711499 92 251 34
-1.3827896657029377 1.6302468405368677 53.2724939843893850 25 200 1
-8.7191623121370814 1.0729692754372075 56.1011775380880309 0 1 0
-3.4477774170126518 1.5058591613206442 53.4272858725521544 150 209 81
-1.6520367943575742 1.7823875271426881 53.1978651453643465 0 0 0
-3.7472309857719401 1.6024333733779375 53.3360808655201097 4 20 10
-1.9242504718304714 1.8361189674941745 53.1034078722312373 83 244 10
-3.4170650136255833 1.6995647359483768 53.3774815507221660 0 1 0
-1.4026462958580843 1.9675126778394871 53.2494731987714545 0 1 0
-1.5815717659403261 1.9731562215376579 53.2401906237608102 63 245 0
-6.2241131063749826 1.5780563662821900 54.8486277843236678 1 1 1
-2.0291267790680036 2.0046796867346961 53.1465665296602268 0 0 0
-2.4921574296758306 1.9542824804114223 53.1123048537466929 76 243 5
-1.7062957340544778 2.0824371080099535 53.2106378892480478 0 0 0
-1.6300118364934011 2.1608577440117935 53.2905296770131116 1 0 2
-6.2572498036549336 2.0276400334282112 54.5778426056922328 189 227 144
-2.4860245058285138 2.6968805271796530 52.9483516161609487 0 1 0
-2.7377227483451354 2.7475691468019350 52.8952778493904816 0 2 1
-0.2364441239543662 3.4807543187539602 54.1852903012944012 1 0 0
-2.5571713613403735 2.9975777944087123 52.8814255072493324 1 1 0
-6.2056296644644959 2.7597635645144307 54.1534124708528140 0 0 0
-2.7050791263346841 3.0408195179706343 52.8613368499815621 40 218 0
-2.8842397713630179 3.1509449347850045 52.7948987847647899 131 247 78
-3.0636695910027414 3.1948586467428211 52.7288547719740990 0 0 0
-1.5546251907173492 3.5582355277043538 53.0061418268641091 0 0 0
-4.0975915884437963 3.2169614678800702 52.8633172254795412 2 0 1
-3.9399392277994663 3.2345487069792469 52.9583794151740292 117 233 46
-3.4323526509960782 3.4093202217445469 52.7836122715937606 0 0 0
-2.9779415120873778 3.5100513233685864 52.7854604328037951 1 1 0
-1.5933047515349235 3.7866217525267438 52.9489384068396802 0 0 0
-2.6011940246301037 3.6593797965707138 52.6984691523376156 43 210 0
-1.7202291590753132 3.8322138044594047 52.8328276332755919 0 0 0
-5.7461106802765665 3.6561901209553116 53.5069563415408780 2 1 0
-0.7389540999136515 4.4083574872105755 53.9311017764712091 0 1 2
-0.7275063309756270 4.5513050120928611 53.9295252854665890 137 254 95
-7.8637161748313646 3.7294674533682670 54.5158432184320176 255 255 255
-6.0915095240717205 3.8197758567580440 53.6442991790138990 255 255 255
-5.4601585473706198 4.0051503807827116 53.2982297384030730 255 255 255
-0.8014479012875853 4.7462749275574376 53.8634272467366344 156 251 123
-5.2640234607096295 4.1108011618547371 53.1784967641095321 255 255 255
-5.0823850657188476 4.1976427550467434 53.1346406576833701 0 10 2
-0.8843127058582858 4.9759376143657770 53.8739520867503288 141 254 110
-9.1209497240771196 4.2359311154222210 55.2110177100994690 0 12 0
-5.0304393095167184 4.3685620480903760 52.9672712915971360 255 255 255
-1.5169197949163977 4.8683630959091415 52.9022489171583459 0 0 0
-1.4205155206640483 4.9508635691633369 53.1882056949156734 255 255 255
-1.5761231167841823 4.9190135985011914 52.7548414392254514 255 255 255
-1.1316250364778482 5.0963884463402316 53.1504317882294757 0 0 0
-1.8804823866546103 4.9160994945893286 52.7065808177392228 0 0 0
-1.7611299712376833 4.9454821817481438 52.6877521924492029 255 255 255
-1.2164005913562637 5.1441562452820850 53.1605353697744363 255 255 255
-0.7465514634088810 5.3231132180253962 53.7329794120281292 0 141 0
-4.8683899314790908 4.6148815463662691 52.8205639871589270 0 1 0
-2.0800494523819300 4.9518392545879824 52.6399249084185712 0 0 0
-1.9482486104778918 5.0529245589232739 52.6396460134352324 255 255 255
-2.2698713520107816 5.0502860182910831 52.6193719858269588 255 255 255
-4.8736464455763393 4.7688242474501763 52.6681515368021422 255 255 255
-2.2393073654591835 5.1016174187423688 52.5412022371761651 255 255 255
-4.6765387794336784 4.8392599926983424 52.6060665677814114 0 0 2
-1.7084030551711682 5.3157384777990897 52.7521641110599191 57 57 59
-9.0606540007728871 4.9085412922401250 54.7790691802183218 255 255 255
-5.2340386946261219 5.2163298399795286 52.6302434275107274 255 255 255
7.3682495040117066 9.4981004024367959 62.8937538033578747 55 255 0
-1.0907329684118610 6.2963453222936634 53.6409869613618255 1 68 1
7.5875436580172586 9.6371321325071015 62.9168026945496166 0 0 0
-1.8100767971951333 6.1875797641130559 52.6746066770415098 255 255 255
-1.4599598399270646 6.8495284159910410 53.3187098288317927 111 254 100
-1.5983382546574563 6.9530534852359613 53.2704480721817291 0 0 0
-2.1167932330304993 6.7634123468223404 52.3790154008332962 1 1 1
-1.3301850523076215 7.1139360642021883 53.3496654071739016 0 99 1
7.2469327217394355 10.6126281030133747 63.0785057319474447 3 0 0
-1.7225688858714194 7.3203785593996633 53.1739551309016178 0 0 0
-1.6480649199763655 7.4820816082136297 53.1828771294458562 160 255 137
-3.3513524108718640 7.5208889262967462 51.8404614282552032 1 0 0
-2.4668410458172723 7.8262706129991759 52.1336326982783405 0 0 0
-3.4833571322541981 7.6849204014764236 51.8142018338804462 0 0 0
-2.6015806382939646 7.9182334488777242 52.0331094340289653 114 254 67
-2.9204111889442443 7.9154716076887865 51.9773436328218494 91 237 16
-2.4608429578307778 8.0286492980628505 52.0578714062046828 0 0 0
-2.0474649540139094 8.3186405490452699 52.6693516206247949 0 0 0
-2.1798211879277440 8.6278710044357698 52.7269728405842457 0 0 0
-3.6318765279503098 8.2172590435219472 51.7307446453729725 0 0 0
-3.6391339322556440 8.3183747607677603 51.7391013046716353 0 0 0
-2.2285071078836802 8.8762422119599282 52.6511598904875484 0 0 0
-12.3740415653426847 8.9503698259070763 56.4283579303661469 9 60 4
-3.6507720594418589 8.8025313599977508 51.7048943485801189 0 0 0
-3.5337192978556344 8.9197571726296410 51.5992254826924466 0 0 0
-3.5879270573274225 8.9871963280986034 51.5920699879837912 0 0 0
-3.5604299802656336 9.0888415212470566 51.5866133395362709 0 0 0
-3.2675467312006536 9.5032206467855200 51.5656898933720811 0 0 0
-2.9069281866264816 9.8908953657986576 51.6539028374659210 71 239 4
-3.1821541420998969 9.9521766383087744 51.4550508134220053 77 240 9
-3.0081002366270813 10.0276750057491579 51.4804712222683136 1 0 0
5.4567145004715405 14.7097033671332529 63.0215995987677218 81 243 10
-3.6843804129965232 10.0063357519480700 51.4341468727602091 255 255 255
-3.4818890045416349 10.0498089265631823 51.4823370843200010 0 0 0
-3.3187212562399586 10.0754670577693233 51.4137637468623581 0 1 3
-3.1280746075871684 10.2487395148609970 51.4107474271846883 0 0 0
-3.2888268930446536 10.2297035795270936 51.3905207251368665 109 255 66
-3.4009883334184128 10.3529050028163709 51.3654040947696728 0 0 0
-3.3519802518617450 10.5629597105361377 51.3402094826293620 45 216 0
-3.4014154803996646 10.7932504017764863 51.2371620404630264 0 0 2
-11.1948742625857687 10.8957303247077189 53.8738063323477334 64 72 48
-11.6479855377153818 11.0017525154878530 54.2321607273116513 170 219 112
-4.7984834631459714 11.0678878465843660 51.1447169958863910 0 0 0
-9.5192612535942853 11.1620133410991187 52.8055531108978329 130 133 114
-4.3782011875590481 11.1958263375263485 51.1328293820184072 0 0 0
-11.5946953241495656 11.5064765050344224 54.1192789213531569 255 255 255
-4.4204350726382495 11.3947932892218642 51.0582230164952975 63 247 1
-4.5994100841266716 11.3961905162933661 51.0296457050344898 0 0 0
-4.3099409236743513 11.5810777995120109 51.0114354173157807 152 207 80
-4.2043868908691202 11.7183187367041288 51.0087752703149917 0 0 0
-12.0151849994765350 12.0881308870118680 54.1139216614989209 67 78 62
-3.2742806211595403 12.0026236656945091 51.3131463084659600 0 0 2
-4.4011015152220656 11.8207738577184536 50.9503062298977412 6 186 0
-5.2079805943664796 11.7700997634341959 51.0011549883317841 53 233 1
-5.6481543090482980 11.7728081245281135 51.0630435678721781 0 0 0
-5.0687083099855306 11.8003388208846722 50.9319253800354517 73 248 5
-5.4148950156241300 11.8335430269767041 50.9611858503738304 0 6 4
-3.6007963670306116 12.0549210232357407 51.0546509581774117 0 2 3
-4.9107736923287515 11.9523253123510482 51.0601619935808628 1 1 1
-5.8970476367039968 11.9036816411303050 51.1212331133034681 255 255 255
-5.6116212275896737 11.9166611996870238 50.8338937417573931 255 255 255
-5.0645495272685768 12.0092111581580614 50.9532352794379690 0 0 0
-3.9476008350558800 12.1950027815732120 50.7857415779296915 0 0 2
2.5370322410559973 17.7700986946803248 63.8636402632939522 17 210 0
4.2795938532840934 17.4160518645416502 62.0141656875172558 0 0 0
-3.7241097612623681 12.5173923537973426 50.9860150777671066 0 8 0
4.1884999484130585 17.5973911325352752 62.1403232402040757 0 1 0
2.6384052564971925 18.0928808149201323 63.7093938278126828 0 0 0
-3.9730344307179610 12.6517747712513078 50.7426431136620621 171 211 114
-3.7946728422821954 12.8128378803652740 50.9419811515991938 3 6 0
-4.2388466598503634 12.8210576839538088 50.8328394063734592 0 0 0
-3.9416597912707454 12.8475767707117914 50.8285057118097185 0 0 0
-6.1999065752824460 12.6694108838906931 50.7857088952541531 255 255 255
3.8328905283290404 18.0344933381817611 62.0106922728380638 0 0 2
-4.0532789561641467 12.9854123250146749 50.7972654389919143 4 0 0
-4.3260876211644170 12.9575460624175953 50.7541942072959102 0 0 0
-6.2353678549189437 12.8799546492433485 50.8632803981082233 0 0 0
-4.4661166671139361 13.0555298017524226 50.7816198573706359 0 0 0
3.5482028387959597 18.2668672551761198 61.8426063178470145 0 1 0
-4.3625802627515764 13.1472592856545791 50.6790977398270002 17 209 0
-4.5709242528472664 13.1725145800166050 50.7198866148345360 93 244 29
-6.4210343161649677 12.9850270324497465 50.7082964519806865 0 0 0
-6.0015959426714431 13.0800835639041022 50.7239466018596872 0 1 0
3.2978636678325990 18.4636992291335069 62.0126019136038025 0 0 0
-7.9201804645503771 13.1006207608463328 51.0639617535106893 255 255 255
3.5322478359178389 18.5164883845932557 61.8998886626841198 50 254 1
-6.1510424094422476 13.1638955810090774 50.7197650989515623 87 248 20
-4.4960815769830749 13.3136949641129778 50.6885365362161906 0 0 0
-5.7529928754758739 13.2345834222653025 50.7155461926275066 0 0 0
-4.9063416120441037 13.3988748022416129 50.6711059879710390 0 0 0
-5.9242494685305296 13.3707289611412463 50.6503791338374043 1 0 0
-5.0115908313874806 13.5723241878809677 50.6297259309601060 45 221 1
-4.8754420729000998 13.6899609345647733 50.6349663848619826 0 6 0
-5.0443740665751760 13.7666689035243106 50.6069895908020868 93 243 22
-5.9675288872384318 13.7056323782870777 50.6216461754506355 0 0 0
-6.0796098657199229 13.8336444404125327 50.5239943367514570 2 0 1
-5.8800870207966636 13.8649858423140628 50.5410756673494532 107 255 104
-5.6532949433831501 13.8976516866484516 50.5707448731016811 0 0 0
-5.3373835827870151 13.9357291530500316 50.5100052448961776 144 239 87
-11.9500950346331773 14.4102517723731101 53.0928298603120723 18 31 5
-5.5513147306560660 14.0282636559987957 50.5290074563409561 72 255 43
-11.7341075013124279 14.5320706068399197 53.0858047415993255 209 218 175
-5.4150971558502725 14.0802482406091407 50.5119832324594711 0 1 0
-4.2251676013516386 14.2888164995653870 50.7490707210075840 0 0 0
-4.3387726649860268 14.3933019889302205 50.7499204397032528 63 243 30
-4.4846089331280687 14.3772639360457202 50.6085027106285708 0 0 0
-11.0900534127996551 14.7673555218473069 52.4473407926675179 42 51 32
-8.8592043309016191 14.8277871585842540 50.9642728774354410 255 255 255
-9.0937602090770451 14.8230036489201424 50.9344223454375111 255 255 255
-5.9128686268091792 14.9024565262674979 50.3534757662676924 27 235 0
-7.2718495282726217 14.8412144209913279 50.4510953095129437 71 255 67
-4.2463225105794784 15.2053464524992243 50.6468777257679363 27 222 0
-5.8019330871605082 15.0594431025450373 50.3749292631425263 1 0 2
-5.9058873290298557 15.1863473630201717 50.3276880796993495 47 237 5
-5.7040150770972611 15.2514554268531395 50.4127651467178026 0 0 0
-4.4814611532988646 15.5869357528010717 50.6592807791806621 30 227 0
-11.0330766928775645 15.6297848930969536 52.0091887559717065 214 213 165
-5.3076886860071726 15.5260095235493196 50.5302837076881772 0 0 0
-5.8430351647077821 15.4289268585006258 50.3773973934450936 0 1 0
-5.5123138012905155 15.4902914909479357 50.4238063784019630 56 244 1
-6.5416571254104765 15.3946862919177736 50.3303390841106335 0 0 0
-4.7487553922512395 15.7327072127777470 50.5617090355235206 0 0 0
-5.2229438324556954 15.6816525820987174 50.5411926444394908 16 198 0
-5.3874495506390234 15.7251896765146508 50.4570458115124651 1 0 2
-6.3198173936506059 15.6490201537895413 50.3258114876133220 1 1 0
-4.2198775386465952 15.9327376159083158 50.4658814422297795 0 0 0
-4.8184304322383777 15.9116898412289292 50.5174061137516119 20 208 0
-5.0030844791207629 16.0785807441575201 50.5121638559527497 0 0 2
-7.1462628103171140 15.8142395262712050 50.2482554626440390 112 246 51
-8.8107460333418999 15.9024649101578088 50.5310697917083473 139 218 65
-5.1456219117781732 16.2161723968584290 50.4730557109708471 0 0 0
-4.9635827981966072 16.2352523326949942 50.4727450696079174 24 187 0
-4.4209544358528152 16.2891035660355712 50.3067178445677996 0 0 0
-9.1628608031162990 16.0639640377175787 50.5758368176637845 0 0 0
-8.9169781898451710 16.1104612292854235 50.6422722258407205 0 6 0
-5.0366026660809160 16.3892791202238293 50.4152843461823181 0 0 0
-8.5739313484480739 16.1520365788430524 50.2778308050617966 3 0 2
-8.3059336105300119 16.4136817576012781 50.3522794343053945 2 2 0
-4.4742023987349784 16.6078231889786423 50.0586910377969829 0 0 0
-5.2138361125114008 16.6381628863102584 50.2412277619541783 0 0 0
-4.6321956607050430 16.9318107654358876 49.9574123698635830 0 0 0
-5.6296978060014924 17.0652686458299385 50.0017655919558166 0 1 0
-5.1162133037162443 17.1974128256183114 49.9821211201201479 1 187 2
-4.8893822465579637 17.2348169554314303 49.9506883690268282 0 0 0
-5.5296583009783582 17.2016910985848135 49.9349166593160021 60 253 2
-5.3526330176938384 17.3576563696503605 50.0047056498631193 1 0 0
-5.9362420267371583 17.3432055545238271 49.9532275320727521 0 0 0
-8.4608963928631926 17.3014222193199600 50.2445465460277916 0 0 0
-5.5641169956041541 17.4008712538481944 49.9583805732349191 0 0 0
-5.4366787496364193 17.4508730203093201 50.0131752015424738 0 0 0
-8.3678367186435185 17.4552969984089899 50.2738879510927532 146 215 73
-9.0563053022469191 17.7000384167816094 50.5127992018265672 0 1 0
-8.2494382972758089 17.6253876205163102 50.2639147503311392 0 0 0
-8.3837909883948445 17.7895892341057547 50.2768415792258025 111 221 28
-7.8624583902264877 17.8398286358173124 50.2300354994776868 0 0 0
-8.7814269031409804 17.9003405644061715 50.4289124176134180 0 2 1
-7.5121213699291687 17.8643783658690580 50.1801553123839525 0 0 0
-8.1573419566483523 17.9730747126932471 50.2560310676090154 33 218 2
-8.3315191647241971 17.9496004020243873 50.1896013357845021 0 0 0
-7.8913521128874882 18.0398091833995657 50.1578338161337669 1 0 0
-10.3776251130285289 18.5176021023897270 51.1100491246759816 244 244 234
-9.5171385341042232 18.5714235814899844 50.9783355456964102 1 0 0
-10.2081404270393588 18.5813635159067658 51.0731732327438976 0 1 0
-9.7703820667635473 18.5234256610562937 50.8815261357126190 0 0 0
-9.9914070120848884 18.5454712706882354 50.8392986702605754 1 1 1
-9.6398882463435136 18.6800730271663049 50.9168984575158703 209 222 176
-9.8787150022544914 18.7086034749895838 50.8809004579892203 226 221 189
-10.2055463349380720 19.1922070158566562 50.5373469326613503 0 0 0
1.6986305143678631 -4.7272311746110010 57.7554000814123114 255 255 255
-5.7676244223415223 3.9412605074735878 53.4566580505946334 17 20 13
-3.6207014684205459 8.8683773717286059 51.6021892221509262 0 0 0
-1.9940927756620523 -7.4778674355815538 62.3893993305732195 196 198 135
-2.3075485254928836 -7.4603625866604339 62.4975860643910721 182 195 126
-0.3470824260485731 -7.0925066982739970 61.2937840853460187 125 212 35
0.0376653056205822 -6.9662543166719590 61.4473839551619392 0 0 0
-2.7194521064616128 -7.3021832118424381 62.7864165112272872 182 197 130
1.0742558959082871 -6.5777469426245609 61.4330286821305336 0 0 0
0.8634015335107675 -6.4253587868214161 60.8156252586682200 98 231 20
1.7617222344198626 -6.3148625903408009 61.4775595327903588 0 0 0
-2.4833642176288668 -6.8357311818233111 61.7977266348275194 202 212 160
-1.0345188090555373 -6.5276632291617762 61.4524356028037104 0 0 0
-2.0213951223983515 -6.6497041425935395 61.8173680329437474 0 0 0
-2.2224935595451205 -6.6531166963263466 61.8509091916752141 0 0 0
-1.3682314529159290 -5.4691958418592135 59.3742589898975055 0 0 0
1.3451718905524386 -4.9265809555925184 57.6737551285417496 7 6 4
1.6884303732931625 -4.8063200515610855 57.8414936982679748 255 255 255
1.0208666534464930 -4.8685007502765378 57.9696852126518536 255 255 255
-3.3397252910132278 -5.5027932399513393 59.9820738642529960 255 255 255
-2.8781183732081663 -5.3634831737757889 59.8786394155847574 1 0 0
-1.3480181645668989 -5.1060011069956728 58.6746659952270377 255 255 255
1.3296059773125970 -4.6597758117447263 57.2645596450420555 255 255 255
-3.8250008475038211 -5.4200357506201247 60.3049606369587252 1 1 1
-2.4759963674872392 -5.2179005730158332 59.2042892894753408 255 255 255
-4.4555578566356182 -5.4839438429254805 60.8423430340018569 0 0 0
6.1050540381260179 -3.7816575874039517 57.5389059138121937 0 0 0
7.4082515749640567 -3.5747488710424746 58.7313837179618403 80 254 35
1.5655319071827960 -4.5236632522182045 57.1670511565467052 1 1 1
-4.4502823848694151 -5.3850702247588673 61.0862151443623489 0 0 2
-2.1938416219551384 -5.0425074919783910 59.1119336173246523 0 0 0
-4.0647763079424415 -5.2997082890509777 59.9911020834057780 255 255 253
-3.6849970119504518 -5.2365480164639369 60.1146518215489749 255 255 255
-0.5048244544674967 -4.7532867026257639 57.8642860412292777 255 255 255
-1.6951274438415447 -4.9215644986065161 58.5576694308197290 0 0 0
0.0636898048379006 -4.6348001515179451 57.3917731545291048 0 0 0
6.6780579021679332 -3.5312804078694096 58.2992571302671010 0 0 0
-4.4803989426079429 -5.2834955747551051 60.3185591557366507 255 255 253
1.3402944054469115 -4.3842265341066380 56.8900656762075201 255 255 255
7.1443611598336485 -3.4202733601566750 58.6981614722367411 0 0 0
-4.2933936999413724 -5.1834083178385004 60.1770013753211117 255 255 255
-1.0780328999062376 -4.6984508404022955 57.6685254905087206 255 255 255
6.2478601582989217 -3.5090318623200769 57.9698550430307264 0 0 0
3.2686935012437157 -4.0062951894058942 56.2185642031481763 0 160 0
-2.3681532221645649 -4.7676834969719515 58.8597068401698138 0 0 0
-0.1893882708376002 -4.4043045189001191 57.2389992058181747 0 0 0
7.8358420081085010 -3.0733793977895063 59.2574568517721758 1 0 0
-4.5902643494851176 -5.0355001943655981 60.0809831385013666 0 0 0
-2.6161638967676089 -4.7108389594206823 58.9612280655761936 0 0 0
-1.6785831817586898 -4.5814068893219808 58.0051064185042264 255 255 255
-1.0491758454148292 -4.4382715911965676 57.4182704416450846 0 0 0
-2.6744887667290413 -4.6154133727380540 58.7987357718916925 0 0 0
-2.1498867600997467 -4.4667907094603745 58.0484521269646905 255 255 255
0.4801217360634131 -4.0642010879917496 56.3056771869039991 0 0 0
5.1236290340535220 -3.2736458151194041 57.4003579111260365 1 163 0
-3.0040056934065498 -4.4783029114973720 58.7974078842045458 255 255 255
0.0072185705348784 -4.0111539260764442 56.2973837769084255 255 255 255
0.9174200530762198 -3.8773658783344973 55.9769296369541038 255 255 255
-2.8179893503695905 -4.3679240310410519 57.9923353419457612 254 255 255
-2.6635203998375476 -4.2998716085346631 57.7093844748138594 0 0 0
7.8130006181013787 -2.5844566801465083 59.3468851810826337 138 238 80
7.9545598085050839 -2.5796499250198344 58.8166786498619416 79 243 8
-2.0998730203061258 -4.1335379825826299 57.3942105362656747 0 0 0
7.6526654160128960 -2.5466611915851884 58.6599688537464914 115 254 65
3.9795294779829518 -3.1485638854839948 56.6315922391566886 0 0 0
4.6605477471246601 -2.9925720622068450 56.9978981520772621 62 255 35
-3.2890866499152756 -4.0620979312242920 58.1168132961398314 0 0 0
0.4786530425619449 -3.5440305210071390 55.8775000324780393 255 255 255
-2.6622045754878072 -3.9491973530747315 57.4557151002870938 1 1 0
4.1577566463966704 -2.8784107575064901 56.9577208975335196 118 254 82
-1.0630591835401482 -3.6893618516926470 56.5464449651253602 255 255 255
-0.6245098972020316 -3.5937098390019697 56.3198468758028241 255 255 255
-2.9613046972939965 -3.8578782707704171 57.9444105723718721 255 255 255
-2.4311402353180180 -3.8000859445998190 57.2366103573664944 255 255 255
-1.7233398888282412 -3.7146139181216311 56.4069635426174969 255 255 255
-0.2180868422295811 -3.4600925770063875 56.1237243301379536 255 255 255
-5.9587940862748585 -4.2188160240119519 59.5976918081589346 255 255 255
-0.7852852474716936 -3.5052122232709917 56.2419924228087140 255 255 255
8.3392835173111877 -1.9333245432804236 59.2235924539776590 117 255 73
-2.0997548018491430 -3.6171506264794204 56.7417457526118412 0 0 0
-1.6019690310508337 -3.5497759732721792 56.3704455793734951 0 0 0
-1.0367651530923081 -3.4666741971368591 56.2315558757797973 1 1 1
-0.5468272688237152 -3.3764797069234809 56.0833724167591399 1 1 1
-4.1384263234357137 -3.8192054719761876 58.2944353417833696 255 255 255
-2.5522527846281577 -3.6208277299307245 56.9583958430185859 0 0 0
-5.6168404077272127 -3.8862389399069110 58.9410475710046597 254 254 254
-2.5487920236848280 -3.5164655502672089 56.7289686121236656 0 0 0
4.1062830115033382 -2.3973882937722442 57.0991562200065204 68 255 18
-3.4632831568227900 -3.5330528084140442 57.0650510166219291 0 0 0
4.2941697575676629 -2.3510571883682130 56.5803916384272583 129 248 78
-3.8125973790252097 -3.5391462063062442 57.3969391718780244 0 0 0
4.1137803693353741 -2.2886845432368994 57.2460122221030545 74 254 43
-5.2628790199754034 -3.6837995793509313 58.5640653489141556 0 0 0
-6.1788725373948425 -3.6863048788693829 59.1342913180055518 0 0 0
-2.1122935347729870 -3.1803788453126951 56.4222222732137340 1 1 0
-6.3236073275699027 -3.6626596739703374 59.0784159791279677 0 0 0
-6.0608321709063464 -3.5973323517660396 58.9424917840919775 1 1 0
3.9336182354021290 -2.1555358576496313 56.8042673160647098 0 0 0
3.6160672758260364 -2.1634346350207205 56.6139642411575537 120 255 75
-4.4551116103076787 -3.3347358503393676 57.3760562945807990 0 0 0
3.3293919057916441 -2.0379815308077802 56.4661847235838010 0 0 0
8.6659623736696645 -0.8801374882508656 60.0004226439281325 53 254 15
2.8894474041475404 -1.9124847267327512 55.5646113540768525 0 0 0
2.6282843317997400 -1.7878258335708748 55.6850092106373253 66 255 32
2.0178845335674205 -1.7503600985061476 55.0001432732068238 0 0 0
-6.0048271699497402 -2.7046645920719676 57.1896829228212837 75 255 62
1.8025477922452839 -1.4311911577239402 54.9980767382753655 0 0 0
0.1867974286429564 -1.5833216175474336 54.7543630916832740 16 16 16
-0.9901330885380885 -1.4787490903158393 54.8577713411927448 0 0 2
1.5121080019440605 -1.0032071754196201 54.7060527115784296 0 0 0
8.9235044467802940 0.6994108871251529 60.6268861184534202 95 248 34
1.3770219480701469 -0.6220771660472711 54.9170498316582965 0 1 0
0.3027467183446148 -0.3835291133934619 54.2538597117685342 41 228 0
-4.0270302474535917 -0.4301455325865763 54.5661494537861316 60 251 0
-4.3074269397441469 -0.4255421287911779 54.5813664634728113 1 0 0
-3.9474555235991815 -0.1678867110727018 54.4127314369852968 55 67 57
0.1946438702539357 0.4398437889269198 54.1458308430491115 0 0 0
-3.3280709565891873 -0.0256503614103665 53.8611115306058252 12 12 12
-0.1845308431393230 0.6743481971621464 53.9392629207284955 0 0 0
-6.4835724857010533 0.0603165523822137 55.5046662835325151 136 200 51
-6.9173620197752737 0.2113200339643271 55.4647508676547929 183 222 129
-6.5040945128961090 0.3120133773521745 55.3759285741888689 1 0 0
-6.7768358031424851 0.4044763585658975 55.4118676388991815 3 0 0
-3.0747517086399174 1.0777541925422189 53.4644231162122239 122 211 33
-6.1593108064577917 1.0368206946108818 54.9862638074688590 161 233 105
-1.6723537445386631 1.7433676653604182 53.2018941306790936 0 0 0
-1.5845361664845425 1.9605309061420260 53.2322412897164909 70 245 6
-2.4701915078103163 1.9409527584164501 53.1232736218831079 64 243 1
-2.2044244401504947 1.9531975518266069 53.0397574582793112 27 218 0
-2.0187975111075871 2.0181357034886700 53.1001666472303100 1 0 0
-3.1058370512256697 3.1816738877988646 52.8446174804985702 0 0 0
-2.8920419347990149 3.3448241322539451 52.7666925643487588 16 208 0
-0.6872910783141432 4.0494415313309293 53.9828880390506285 0 0 2
-2.3495964652498649 3.8170986884449163 52.6932829065989594 68 226 5
-7.8515102693713841 3.7486692176723673 54.5112860120618947 255 255 255
-6.6341321040458636 3.8511507756575751 54.0052908372731508 8 14 4
-6.1471301509420586 3.8602692715584550 53.6507898756281278 255 255 255
-8.2291068360433286 3.8232458560024249 54.7485289259056529 28 42 19
-8.4615997881276499 3.9257280081708066 54.7971182946394890 255 255 255
-5.4703399817253446 4.0396100945164370 53.3324154854386947 255 255 255
-0.8868826201867334 4.9745380480062513 53.8173344816963919 149 255 123
-1.3543318499733663 4.8424693424119347 52.9786230420595814 1 1 1
-5.0589870964385577 4.4038043006562848 53.0203486535053941 255 255 255
-1.2599507301066111 5.0017053365911970 53.1460205777542072 255 255 255
-1.2470495796267915 5.2032773439057305 53.1473850915632937 255 255 255
-0.7472538416532463 5.3722169884218314 53.7858460988103246 1 92 0
-2.4426631163912345 5.0029643219895048 52.4841468538575882 0 0 0
-4.9146400729695197 4.7835304112928920 52.6754900799938710 255 255 255
-9.1965347846494385 4.7444650828788220 54.8696975115364154 255 255 255
-3.1366697447003364 5.0348539318852632 52.3534893550640490 0 0 0
-9.0604222621281920 4.9366703260749158 54.8336888448092026 255 255 255
-3.2051686843544851 5.2085440996693348 52.2790705699575469 254 254 254
-9.4087765628192308 5.0473238605737327 55.0567782853128094 0 0 0
-4.6218766052865154 5.0867521425959206 52.4719192117407118 188 203 146
7.6870307525401538 9.0465696785047545 63.0288009698492360 69 255 8
-4.3984736267512696 5.2670254438408302 52.4876763111602997 0 2 1
-3.3822245766692678 5.3426361660159420 52.2436444871810366 255 255 255
-3.5727824689029748 5.4052961084423554 52.3518175116764155 255 255 255
-5.1179104135785840 5.3196111143282439 52.6871090942254554 1 0 2
-3.7041666827020610 5.4153889863948370 52.2488299801773834 255 255 255
-4.6422768972286441 5.3583063308066654 52.3539674075332115 0 2 0
-4.0681786001546660 5.4428259967007229 52.1097059307780128 255 255 255
-4.4564589474139931 5.4940195452155951 52.2857863695523761 255 255 255
7.3552838067402382 9.5387282849864352 63.0039653331830252 53 254 2
-3.4020779769657907 5.7259139619362376 52.2173552606890183 0 0 0
-1.8178498681745445 6.1909321619920590 52.6652575866053851 255 255 255
7.3057681144050068 9.8699547076534095 63.1350192370691872 83 254 28
-1.9156884063085349 6.4275191288924773 52.6086248967741312 0 0 0
-2.0439458732018094 6.4816851691830850 52.6081135794565213 255 255 255
-2.0499857051446293 6.7515472467541588 52.3949462103275252 0 0 0
7.2534450869902418 10.5917253036383610 63.0589470294451075 0 0 2
-1.2984931321253561 7.1159317240584636 53.2885663873881370 1 61 0
-3.1969647466840421 6.6151606097255895 52.0632662967417374 0 0 0
-1.5760125428999181 7.1968981513314230 53.2235378973509938 17 152 0
7.0696817545942210 10.8612351689918381 63.0160441728607239 104 251 51
-3.5158753353315491 6.7805989334387400 51.9766581738761104 0 0 0
7.0761371852089345 11.1302391943371983 63.0239258729004774 0 0 0
-1.8356798670130094 7.4862072030357547 53.1235594277115339 0 0 0
-3.5859725707237997 7.9551472600547095 51.8447855632975845 0 0 0
6.5163593306138221 12.8951949350986350 63.0182426226203347 102 246 37
5.8756214757769945 13.0606288797821435 63.1977451001403523 45 225 16
-3.5909101291136967 8.9925281904367793 51.6121540113217847 0 0 0
6.3390937725618803 13.6514703910259048 62.9084962110860744 0 0 0
5.8938956160429763 15.1161725226791432 62.6412158446947700 0 0 0
5.7591236648390494 15.3018319761660173 62.6139772795869476 91 241 22
5.7438512767460903 15.5919385580087120 62.4990707285256377 1 1 1
-3.4504665312233334 10.8552972942228347 51.2502006901693790 0 0 0
-3.2650889153551423 10.9361191006601217 51.3059030385660719 72 226 8
-4.3843744309508281 10.8095093601586747 51.2320161741862989 0 0 0
-11.5246329894180484 11.1563162386048873 54.3845730148416351 0 17 0
-4.9052505719423118 10.9287256105328137 51.1670532705957228 255 255 255
-10.9658745129662876 11.1715754254248978 53.6642936110908479 39 54 23
-5.0185244083510749 11.1360408917123657 51.1495227048040135 0 0 0
-4.5705984503416746 11.1901353109010788 51.0852548357054062 13 204 2
-10.6542038705887254 11.4041798415772053 53.4068767584992585 255 255 255
-5.5406366509128269 11.2630790449733986 51.0837966156943324 255 255 255
-4.3935232497215360 11.3973401052693255 51.0830453688849886 38 210 2
-5.7780293836215098 11.3412544507490143 51.2694883403219066 255 255 255
-10.0723550726400521 11.5604827396115528 53.0755700781299069 255 255 255
-4.3060060601698291 11.5422689648264285 51.0060019737382220 52 234 1
-5.7721103651700068 11.4998438465290267 51.1481606639693211 0 0 0
-4.3808951465963579 11.8052933379869529 50.9547739978004586 54 246 2
-3.6142690024182067 12.0593299417565465 51.1369798060019605 0 0 0
-4.1449812260850036 11.9573115752094470 50.8892429743860362 44 223 0
-5.6304718502556419 11.9425467856775764 50.8280111461207795 255 255 255
4.2484931827411021 17.4555159986168249 62.0022474109566062 1 3 2
-5.4260078718709739 12.3036819421463495 50.9094436647770223 0 0 0
-3.7653804194196336 12.5169769030559177 50.9908899901245434 0 0 0
-3.5593742785509606 12.6689748237406636 51.0784306594526498 32 244 0
2.6522410385685387 18.1470731330080000 63.7000508739592490 0 0 0
-5.6705484047877643 12.5334371621482905 50.9134244863164724 0 0 0
-4.0027114348234258 12.7122347023309281 50.8489833176108661 57 246 0
-7.2340055916760315 12.8088875507093771 51.0256708456682588 255 255 255
3.5616624446363363 18.5373472487636839 61.8378219340862003 29 226 0
-4.4889849219451454 13.3604422031913224 50.7016398675599547 0 0 0
-4.8999211346161049 13.3583551640308951 50.6777896817295925 0 0 0
-5.9816740027665762 13.3909329601490352 50.6439008970310027 0 0 0
-5.9352761476239442 13.6810588975848368 50.6200110510366414 0 0 0
-5.2692490571351351 13.7660976794044707 50.5425551320920192 0 0 0
-5.4999830897917388 13.9527974238830730 50.5565989751717098 32 211 6
-5.3271778201304771 14.0509800506849096 50.6879908651283060 39 238 21
-7.0671192179800526 14.8337038402300294 50.4862878768941599 3 1 4
-12.4135897370301578 15.5828274307908945 53.1910494715567452 170 239 120
-8.5838877539371587 14.9475170759379079 50.5678051898156085 0 0 2
-5.6800764311518321 15.2276636233407832 50.4198577611058951 0 0 0
-4.3503664380492939 15.4317153232593025 50.3637213349580648 63 254 0
-5.2972532881670285 15.4916074343349788 50.5171631710312425 0 0 0
-5.8680654865264401 15.4345925636541335 50.3602421197486763 0 0 0
-5.9670085442321135 15.4292557411627946 50.3145984423325530 0 0 0
-4.8129254371651102 15.9548933977789194 50.5238958363032253 30 209 3
-5.0317670058360902 16.0386097661969664 50.5020718205012997 0 0 0
-8.7454490012342578 16.0301491531666187 50.3175935384448181 0 1 0
-4.5533690410574339 16.5982139829624025 50.0314764614402918 0 0 0
-12.0297651260259038 17.3636889314440950 52.7239661340341783 0 26 0
-11.2493723962597088 17.4883259344521740 52.1267235271158498 179 203 127
-4.9509829416412048 17.0690923149691116 50.0750227689460630 2 0 1
-5.8524571298372106 17.0174198107862900 49.9785085449295607 118 218 32
-4.6289562567539289 17.1294114903144070 49.9340415129350461 131 255 100
-5.3826322210318498 17.3833103331167571 49.9681019460997007 1 0 2
-5.5968856166875804 17.4356710796255925 50.0209604239496244 0 0 0
-5.4686834324904243 17.6369000708307588 49.9664862727930057 113 242 51
-6.1111243127515582 17.8236941992930120 50.2722786054504667 241 242 228
-6.5347708405686289 17.7615345935561599 50.0830455850943608 0 0 0
-6.4605250809114692 17.8571070544874360 50.1790586533288661 233 235 213
-9.3477154270587448 17.9086292142448080 50.4753642232934538 0 0 0
-6.6765020434347875 17.9559039292446982 50.0845450895878201 151 226 84
-7.1481501989972163 17.9670709843953063 50.1287414843086552 187 232 141
-10.3849573982581767 18.3061742680520894 51.1527561989408639 0 0 0
-7.6726126329603330 18.2699284202266625 50.2729817309933438 148 220 76
-9.4877575567917649 18.5610409642631247 51.0028732160416567 0 0 0
-9.8125087102567328 18.4919453380125240 50.8271657397409555 1 1 0
-8.6835622337611600 18.2854334139191685 50.2627502180750341 0 0 0
-10.1283211588050879 18.6314977252754836 51.0702649547681844 2 0 3
-9.6492329605833618 18.6892860554692568 50.9248704014527007 211 221 184
-6.7944365490650318 18.7049274274378163 50.1471480567989687 0 0 0
-8.6461418540638153 19.1456533695315443 50.3186467525087835 0 0 0
-2.1632605570704913 -7.4259334360261384 62.4636034752748870 187 195 135
-0.8622805821658950 -7.1962647983835062 61.3244113863199303 181 196 131
-0.4069127912090246 -7.0560974966996781 61.4511090471375567 134 212 51
0.0887029842952254 -6.9839896275445339 61.3310505024041674 0 0 0
-1.2738723745910665 -6.7230309740980214 61.4481745564258830 123 230 54
0.7783524626450760 -6.3603527395697110 60.8991296082830829 76 231 13
1.1092312662435020 -6.0954171397480286 60.6124956610996080 0 0 0
-2.1195101908538816 -6.6201152948795094 61.7143418731269833 0 0 0
1.6100297342212118 -5.9176172548473200 61.6725991806645411 0 0 0
7.1612923980347629 -4.3352084507073281 60.3537513227464117 39 178 0
-0.4534849040857802 -5.1499994092576138 58.2252296375832401 0 0 0
-2.1922657648197097 -5.3514255013185119 59.7188644785321188 255 255 255
-0.0340534111412404 -5.0083545791616952 58.0825755249438345 255 255 255
-1.3095926675319962 -5.0169265399547021 58.7714616228647060 255 255 255
0.1935971153755037 -4.6835321848379525 57.7809421747536476 0 0 0
6.5138374106571648 -3.5877943178720311 58.5051958788638586 0 0 0
-3.6340999785057111 -5.1529219051008539 59.5848206080015146 255 255 255
6.2318111693643825 -3.6031522116618597 56.9667160554019105 0 0 0
-2.9744274718464947 -5.0109499461517091 59.4072599474657324 255 255 255
5.4433503630980109 -3.4812965361156754 57.6395444536307267 0 0 0
6.4386960922495025 -3.2836794898410138 58.0822810572421204 69 255 21
7.8776258950114615 -3.0307322052061663 59.0183739771206390 0 0 0
-1.0622937546944802 -4.4575141411025152 57.4115788813808763 0 0 0
-1.7096058656306088 -4.5074041480337161 57.8989056753774776 255 255 255
5.7751048892129750 -3.2760730480124636 57.7856684119822646 41 243 0
5.0638443884450508 -3.2337218358479758 57.3811578851068447 55 255 0
-0.7743478599223736 -4.1201066464312950 57.2636746207977225 255 255 255
0.8631077276540392 -3.9098725251044759 56.0387846020642755 255 255 255
4.5862383164833176 -3.2630107592733308 57.4009277219852052 0 0 0
7.2359955882089615 -2.4975145157219094 58.5362676251441130 0 0 0
8.2475224937529941 -2.2836420065057488 59.1265612591842071 116 249 64
-3.2767178253544404 -4.0796635944705262 58.1385261719089073 0 0 0
0.3903734180306073 -3.5804597801535536 55.8504151332533851 255 255 255
-2.8775565517953150 -3.8783929718825925 58.0002673233848043 255 255 253
-0.7320605810045681 -3.5758547864246046 56.2536158963571182 255 255 255
3.7741164208049804 -2.8936898012209173 56.8038204199751107 94 254 42
-1.8823247989351255 -3.7333179904245668 56.5478949947489014 255 255 255
0.1486112162182099 -3.4620578161668192 55.3177493004298668 255 255 255
-3.7914493515205456 -3.9035183742386086 57.9338713989597878 255 255 255
-2.3337850814844137 -3.7233120286607906 56.9238939819128404 255 255 255
-1.6143949375487376 -3.4852410011453143 56.3931635149856305 0 0 0
8.5098806703159546 -1.7634108228274454 59.3192968591850587 131 253 90
-3.9889960725722640 -3.5800579607669922 58.2172299519578260 0 0 0
-2.6674034128765585 -3.4540399706470564 56.5513284482773955 0 0 0
3.5857234287463950 -2.2042167625215900 56.5549484094627175 102 255 53
3.9545954173938118 -2.1299809653013426 56.7360815082022043 0 0 0
2.9629336904557073 -2.2841453599048673 55.3053928628475475 81 255 36
2.9067770153054120 -1.8532155664098309 55.6261845323597228 0 0 0
2.0281437484828189 -1.8616696835656315 54.9343171678733739 0 0 0
1.7048681568788138 -1.3869049983822341 54.9867490693287309 0 0 0
1.4270105905912347 -0.2280912287114632 55.0044008141229384 85 255 54
-6.4995211186247808 0.4040580979400527 55.2728037496621027 0 2 0
-2.3322244593907819 1.6401149699719013 53.1966051521856187 0 0 0
-1.5958507624770000 1.9576631673012881 53.2779123020450527 69 244 3
-2.4637661236440089 1.9320350456263331 53.1215782288346148 66 249 1
-5.5483268215111075 3.6129100355870802 53.5748411276074634 190 197 129
-6.5810445376402109 3.7840845050149832 53.9829439403383020 0 0 0
-7.8666884269184223 3.8144020126704885 54.6575975696535394 255 255 255
-9.1872489759519276 4.4949530661616137 55.1459566811628008 255 255 255
-4.3473723740345802 4.8437842959562030 52.4243236121152876 1 1 1
-9.8777105248436285 4.8457799829262909 55.4866345058339547 1 1 3
-4.3375354769787968 5.2075706630590819 52.4523951246526323 0 0 0
-4.9501775809978854 5.2294973572065748 52.5838750802468837 1 7 3
-4.0353521252034641 5.3813599917882851 52.3039581017622126 255 255 255
-1.6498319895390900 6.3914171273273741 52.4323380081000465 0 0 0
-2.6868310036297087 6.9527312080919286 52.2645740230185183 255 255 255
-3.6196789846734561 8.6714554847217489 51.6620244739169365 0 0 0
5.7467868168695437 13.9884232876087431 62.9580853392810127 16 225 2
-3.5817082978121482 10.2260661278227509 51.3485722431619820 0 0 0
-4.1183172521407840 10.3303329980172922 51.3545122700075112 255 255 255
-4.4953237047472205 10.6029157754686025 51.2779686968812669 255 255 255
-4.3346774920713624 10.8480391199922828 51.2139536661668018 0 0 0
-4.8998880847046209 10.8666585293023772 51.1903075186834116 255 255 255
-9.5781738360114232 11.3485902154927309 52.9637262855073558 150 151 133
-4.6459452907783820 11.5059781913105006 50.9532725620307119 0 0 0
-6.7877073821038580 11.6443019255423952 51.0563135946773130 0 0 0
-3.6834998000321648 12.0187635987322938 51.2276721249806570 0 0 0
-4.5687273160798947 12.0038767342475499 50.8972325891615256 0 0 0
-4.1511117420056705 11.9790973614991838 50.8135414861133867 26 203 1
-3.6074781407349024 12.2272667957200802 50.9375460084702780 98 233 19
-6.7692326237423339 11.9797558848095225 51.0595862765827775 0 0 0
2.6977950620303268 18.2011543679277565 63.8645766566614626 0 0 0
-7.0382907251680065 12.5853921231331327 51.0084166932423955 255 255 255
-3.7230406751087290 12.8562278550446667 50.7934695720252947 0 0 0
-4.3936994368040834 12.8625260847080316 50.8060276927791392 0 0 0
-6.4377958752988338 12.8224729390388354 50.8601156787906774 255 255 255
-6.0727400568546175 12.8564736106747102 50.7992693559289137 0 0 0
-11.5785646764574945 14.6879309335363804 52.5734526089441374 13 14 6
-6.1817639601096070 14.3933545484699081 50.4740516619349506 29 221 0
-4.8160905594358141 15.6050927506563912 50.5658523633219801 0 0 0
-4.6597745476618382 16.8018501778350320 49.9419017145479245 0 0 0
-5.5820763979856851 17.0093578851205756 50.0657623833448611 0 0 0
-8.2916825095627491 17.3046001068574888 50.3004428829035533 133 202 51
-5.1464556975518674 17.4797919207587569 50.0269989015637080 210 216 172
-8.6116441225803246 17.3035120775947320 50.2221968306951325 0 0 0
-6.0858518376651638 17.4106997316740681 49.9210931840788135 0 0 0
-5.8968423353025976 17.6246808162142017 49.8455295824477247 178 224 125
-7.4556854810068316 17.8274559650935274 50.1582864400921764 3 0 2
-7.1500433949117079 17.9905068789500575 50.1391743606725697 232 231 203
-8.4167127676206626 18.0652135434717849 50.1502724299264244 0 0 0
-9.2952228500264198 18.4217307912619894 50.8960191219144704 0 0 0
-9.1263071854270912 18.6054674010938506 50.6952950814421115 233 231 208
0.8552277155729736 -4.8415195272478480 57.5169532624737059 255 255 255
0.8065698954892832 -4.6738520668057459 57.4943608730872597 255 255 255
0.1384132516426096 -4.6151558559526888 57.5527688018758710 0 0 0
-4.2164429594078525 -5.0307735364994439 60.1579549770616495 255 255 255
6.5761092276410071 -3.2499861370834155 58.7386958927954339 40 254 0
7.9488288356832699 -3.0400996748022111 59.0726955150560897 0 0 0
-1.8380344369664352 -4.4324853843174719 57.8032009757596441 255 255 255
4.3223412595560760 -3.1851848373804934 56.9248798888843908 0 0 0
-1.7310852079513488 -3.9842737943424349 57.3784705436188389 255 255 255
-2.7305099123701839 -3.8719398012229505 57.7919484387442637 255 255 255
-3.8289121076374757 -3.9579840880222599 58.1017825375455104 255 255 255
-1.9526701347157471 -3.7270144492739692 56.7476358728872867 255 255 255
7.6680354885334383 -2.1081092305474329 59.2354144583211308 0 0 0
-1.8894554290931724 -3.3762540937521104 56.3353670153956969 0 0 0
-5.6935045162860645 -3.4910550429065261 58.4260844394879513 0 0 2
3.3299830098976262 -1.8030310785281183 56.2489036234647628 0 0 0
2.0955265344630951 -1.1165545281417588 55.2492064403228014 97 255 46
-1.1306695416391599 4.7138894901423667 53.6171468838569751 0 0 0
-5.4771663089623432 4.1635019733100611 53.2421871806745912 255 255 255
-9.1393973653767642 4.5573301911606752 55.1883936392933521 255 255 255
-2.6712693752371606 5.0634501043152689 51.8780081335453573 255 255 255
-4.4768342509622086 5.3304719105270921 51.7640942200216756 255 255 255
-4.9073188256098961 11.2599583003412054 51.0406397817181698 0 0 0
4.5032629440822305 16.9322829547506295 62.3888402725262878 0 0 0
-3.7379141989262328 13.9413227003640312 50.6778071967108872 0 0 0
-3.5645799222727153 13.9766392458702295 50.6797963397582123 1 1 3
-4.0451670612833066 17.1738717906906082 50.1169411461640806 159 242 108
-4.8792697354198440 17.0567411295975297 49.9814073994957511 0 1 0
-5.4741108273509758 17.2347386842852401 50.0023108081765812 47 234 3
-4.3965549422881089 17.5390088513113405 50.1378865104012519 71 255 14
-6.2045924291430543 17.4053397385626489 49.9251517952105246 0 0 2
-5.0796760391278770 17.6662957896108388 49.9589871355811113 190 212 140
-5.8907615963936886 17.6392819025873955 49.8790842191146595 178 226 124
-7.8342762229140206 17.9251841642809140 50.3688830717902576 0 0 0
-8.6074577485994830 18.0469698309579591 50.2030123095962750 1 1 1
-7.8978025812327584 18.1266677156085940 49.9368671318992199 186 206 135
-2.5827146914193251 4.8042463755738014 52.3855333332437212 0 0 0
5.0475223830861298 -3.1554291678676942 57.1696203554534819 16 244 0
-3.8602022360192527 -4.0358474861602005 58.1900312896211673 255 255 255
5.4708455019789968 -2.4533950468724708 57.2796749285925060 0 0 0
-7.1246183809169263 3.7087168680973406 53.8549136390369512 255 255 255
-3.7080932470199026 5.1329106174051722 52.4218310501688691 0 0 0
-5.1465602086215254 8.8332285279871510 51.5330607945732453 0 0 0
-3.6140808360984300 14.5229417958735425 50.5895719433652786 132 220 56
-4.3819270502563850 17.4315533235176723 50.0874384487755293 36 255 0
-5.4146037508832769 4.4732319595838481 52.7571947416069946 255 255 255
-3.4989313087370286 8.7437520664797752 51.7106927444199513 0 0 0
-5.1105266704084116 8.7193196685595300 51.6166685354142771 0 0 0
-4.7485743462556984 10.5626947361268364 51.3520674300830393 255 255 255
-7.9123211683231878 12.8000932555277611 51.0619718163082013 255 255 255
-9.9357633257984705 12.6836838059693449 52.3783623025991290 255 255 255
-5.0937361006921416 17.3130035441709715 49.7302718967158697 242 241 223
-7.2508302712481090 0.5368536678787331 55.5589830151468007 220 218 180
-4.2628236847025480 -2.1899210278994787 56.0854827822380386 214 229 186
-12.5528944376348406 14.9616115856542340 53.4475883131248821 210 235 177
-1.7770840838157196 -7.0236094611388351 62.6286125603759274 180 197 127
-9.0520293444361144 17.7536173197873630 50.4007507486416202 37 221 0
-2.5051705867936547 -0.9593563576250517 54.9135188897173023 114 241 46
-11.0559270941582710 13.0257800738390319 53.0708805444364700 249 248 244
-5.5941839982573267 -2.5181480566764400 56.8075050636089856 91 254 75
-1.0955990963905937 -2.2029183708708375 55.2905446673382102 105 226 23
-4.6368298227188829 13.2925812003074917 50.6446140096483219 148 232 84
-4.3888983724939550 11.5668172488904517 50.9916249848360223 86 255 50
-4.7168702429071354 13.3861909947816766 50.6714656406740218 121 244 65
-0.8886884441917015 -0.6394070139983142 54.3963439843838614 21 197 0
-1.8906261738510293 -6.1491019804327012 60.8151282276336858 94 177 47
5.6555270387526244 13.9135809462631652 63.0411327174305285 95 249 31
-6.0958970438140616 13.1364917826687293 50.6896489984810614 129 237 66
-5.5899389399328330 14.0109119214151061 50.5473644706140561 0 175 0
-1.4996313523052986 6.2951402068849127 52.9143843243989238 87 252 122
-5.6298508342061595 13.9838078141961279 50.5190836334206992 0 162 0
0.0878713212547140 -0.6331406281853136 54.3462225118048465 71 244 4
-6.6065677226182338 17.5401589162188607 50.0177717673275737 35 230 2
-5.5435447640256825 13.9934974651313837 50.5757189118122454 39 245 0
-1.6274419284236374 7.4776453763380824 53.1341174965680736 112 254 82
-2.5606172687041346 -1.0011635857291032 54.9585758170770973 3 138 0
-3.0917223480477976 7.9538121457529103 51.8953508940135819 0 1 0
-1.4103856077844985 6.7600556210615563 53.3106086429170389 128 255 111
-6.2068118030516128 14.3054343158773722 50.4753672883284494 70 243 5
6.8588251501070232 -3.7587119060883643 58.2603643548635119 31 219 0
5.7877389209892369 -3.6745484301912117 57.5354929613639925 140 253 119
-5.6372740016786018 17.3170382181731846 49.9578837302576986 27 209 13
-6.1541222076883040 14.4449919545352508 50.4298120041411124 10 198 0
-2.1533964768648914 9.1294696550523984 52.5857343498487779 10 186 0
-2.3579033596887280 9.8872362007995331 52.2800956226782247 94 254 58
-5.5849188897165734 13.9550247670201806 50.5211109762397115 4 167 60
-8.5651773452394888 -2.4393203759640234 59.0054875016536542 88 201 85
0.0276246991881143 0.7543233523810603 53.9708475620645842 0 153 0
3.4826583516937029 -3.8846755793064562 56.0492100616016486 1 1 1
-4.7311689521471427 13.4126253125690358 50.6411656091701943 102 231 27
-4.3307762713590545 14.3587729292697226 50.7363238837257313 0 141 1
-7.0663397996604242 15.7481838747834839 50.2424757572520448 61 183 98
6.4694246046572506 -4.0858309744777692 57.9357561522038935 1 103 1
0.2934131046152907 -6.0058281138811331 59.9176478494707041 25 130 1
-4.8289460640269617 13.4551075292784130 50.7163355395018556 0 126 1
-3.1961820710267017 10.3452009460268570 51.4291226282175842 1 0 0
-5.7026137115901037 13.3401715335168625 50.6670603084447038 2 7 1
-1.4614651249249846 6.1884011584098255 52.9169754224298785 2 7 1
2.5536255963113050 -3.7271909737460045 55.9308037256566948 0 0 0
-0.0013819218482643 0.7894818477370461 53.9555887390362372 40 213 1
-1.0973691199366189 -2.3320396303023325 55.3603177572067224 75 239 21
-8.4132333176702421 -5.7298528587085844 66.4534428367238661 71 209 9
-8.5915717234814881 -5.1240231645698406 68.1589668578514249 0 0 0
-9.0647183313861568 -5.1793623464489080 66.9055451569632851 0 0 0
-8.5938038965366026 -4.9994902002379114 68.2112379786868956 170 241 123
-8.6305430197618591 -5.0152467233640392 68.0942266215778602 53 251 34
-8.4910097647495952 -4.8421891541706197 68.2738126883714358 119 161 113
-9.0450629425280553 -5.0244979098233813 66.7141347009554551 0 0 0
-7.9099572680063108 -4.1134153984960031 69.4455344572487974 122 211 35
-8.7826454290700759 -4.3632382869676505 67.0911225516096010 237 239 225
-4.1470856457366532 -4.2017556970258880 58.9407822059524023 255 255 255
-9.8447075836551843 -3.6916726861087064 63.7327863852415533 151 240 98
-4.9999764482711138 -3.9106163634226156 59.1979619830075663 0 0 0
-9.8321387623663341 -3.4333591113401671 63.1586523446508039 1 38 0
-5.4595663071183367 -3.6853766282098581 58.8577396962310502 254 254 254
-9.8358002035743279 -3.3717589245445780 63.1734605022301423 26 163 0
-5.3283602287070266 -3.6343392767752252 58.7722305678937502 0 0 0
-9.5397230127462205 -2.0279703624174426 60.7883548044813296 2 129 0
-5.0951917862350431 0.8722092593946333 54.5940658484275545 159 209 198
-8.9016939212142336 0.7260773198324388 56.6624303613384157 98 255 75
-4.9182041095173172 1.0683784715521329 54.2702344987128242 4 0 1
-10.4418794596375655 1.5137377975653334 60.6697098982588159 1 3 2
-10.5973365515550331 1.5988034963302273 60.9698811569101622 0 0 0
-10.5908548019651398 1.6470457655604362 60.8012075371162126 3 3 3
-8.9048652450588559 1.2205231608260374 56.4607873243756941 1 0 0
-10.0903515370737438 1.4700497648660078 58.1368036992219857 42 204 0
-11.1197741043466163 1.8507361769493360 60.3861715965725807 5 6 0
-10.8864279454649395 2.0316191785348514 60.6904328773099166 0 0 0
-9.7961856856134535 2.0882140300963350 57.6725814113106097 66 176 115
-9.8096415863663200 2.1663344203688975 57.6617506736189327 0 0 0
-10.6061106286118125 2.4169072848010460 58.2765529627548275 0 0 0
-8.9836011848925228 2.4099932238657078 56.0651874843419264 1 0 0
-5.1653712574249067 3.4100565177835942 53.5251650159815213 0 83 1
-10.0520332854130920 3.0705793688945549 56.7995250555250095 108 255 100
-11.2643993503052187 3.3547149792427358 58.7642168420186835 27 197 0
-11.1627002769098009 3.3740936667562043 58.5822396074900311 0 0 0
-11.1236082453883522 3.4357786416707872 58.5698659699905448 68 202 105
-11.2133559013120738 3.4485687806258576 58.7009957228324808 151 247 111
-11.1385796491385545 3.4868931556724760 58.6086072642157347 0 69 2
-11.1016893994081478 3.5656434213488075 58.5744876880248810 85 227 27
-6.1325513667006923 4.1397116772416966 53.6115425045272644 255 255 253
-11.7458801412943679 5.5708600429838100 58.3342698999466904 0 1 0
-11.7036201276539717 5.5765741585778255 58.2336562968945159 0 22 1
-11.7234156540916921 5.7178738333519377 58.2754940417352927 0 65 1
-11.8041936318440328 5.9072505444486749 58.1334727710692434 1 1 1
-11.8298146263365371 6.0732138329245551 58.0881170699376383 66 200 75
-11.6767311713262547 6.3872998137334447 57.3777826317934156 69 111 110
-11.1220405983629362 6.9334887078537779 56.3004548522022361 255 255 255
-12.0059574827125690 7.5240544623125380 58.3364657147643868 138 253 106
-12.0735374076284891 7.9487483480955818 58.1433624810544529 104 249 47
-12.0712905305350144 8.0528686718368228 58.1286302895568383 122 243 64
-9.3487725051093644 8.0815132372711638 53.8611550937422479 255 255 255
-12.0989687595843822 8.1316238016702016 58.0813872550134960 119 243 59
-11.7672026172788637 8.3912427323432670 56.3224345920222333 0 1 0
-12.1616332741304767 8.4466924370055434 56.9758024443176083 0 47 0
-12.2599541095616527 8.5380344842701401 57.1354721329364850 116 255 114
-12.2868870881139678 8.6205607574605310 57.2841749897702499 0 0 4
-12.4568529039866824 9.7083416769240056 57.5312666521381644 111 245 52
-12.4423321734358137 9.7255878986141191 57.4800270789147731 0 1 0
-11.8667024864744572 9.9447683565630829 55.5384127062124051 0 0 0
-12.6256127047209077 10.3584860819284579 56.9451496807204336 3 0 0
-12.6567335137216119 10.5846395944743534 56.7085897842782458 54 207 83
-12.6182754305341778 10.7662262629990906 56.4593291326436457 31 187 18
-12.6460309827712223 10.8841317948483063 56.5689659033629795 0 0 0
-12.7033079739648347 10.9123268768485229 56.7186379437683925 0 5 1
-12.7185791175973968 10.9624351346214652 56.7025999304301891 85 255 56
-12.6986399298809705 11.0048713515453311 56.6603321754536040 62 241 1
-11.5049631838695010 10.9852115184856078 54.5918297049188652 2 84 0
-8.5309791222238367 15.6932908246674341 69.7300210465719204 231 230 200
-12.7149623016681339 11.1371369591985605 56.7946800844891015 20 176 40
-12.7130991065838792 11.1252829980985659 56.7178121649611597 35 208 2
-11.7543997641554565 11.2546684932466690 54.8273395519721873 52 229 0
-12.7230834232033345 11.3443734349745604 56.6907913756160085 38 208 11
-12.7287558390672171 11.4118646310589522 56.7245523646624221 48 221 44
-12.7540418085470169 11.5044910185378697 56.5620758019656833 7 178 1
-12.7402810261013713 11.5530166738514506 56.5129284606533346 86 251 69
-11.5859620497036655 11.6954154749834025 54.4127691717701154 0 0 0
-12.1670962589828857 11.5853504115890935 54.9377453239868245 1 25 1
-8.5844128833101276 12.5785070220845210 51.6177631451174932 255 255 251
-12.3950049960730340 11.9234391190619142 55.1005364117130654 70 241 4
-9.4259010394145548 12.4631795968057997 52.2666025450940879 0 0 0
-8.9067072464589341 12.7139440147807363 51.7748103117474656 255 255 255
-12.8989535893755320 12.4173079456518316 55.6862616585730592 78 215 50
-12.9172053345511770 12.4379572431427086 55.7662060227920477 55 204 0
-12.4822743998212236 12.5887671314930518 54.9295846827841103 19 188 0
-9.3628827222153230 13.6254781634305875 51.7794262565935526 0 0 0
-9.4674587345319416 13.6074712976245973 51.8793595645997812 255 255 255
-12.3793083882488411 13.3471582805973732 54.3418987816823602 112 255 124
-12.6358733029828070 13.8416819427507853 54.4623264185187566 12 179 47
-12.5932912873087872 13.9110745111009635 54.4393866707603706 0 69 0
-12.6334532929162187 13.9292796300915391 54.5064330049501962 95 253 104
-12.5286107805966633 13.9511345869567975 54.3645080266055984 101 247 40
-10.3676459618041470 14.3792399625561451 52.2373729749528906 1 1 1
-10.3315741995084629 14.3915781090996973 52.1754288078584878 255 255 255
-10.8423934155077966 14.3454726733044300 52.6573867115826033 81 255 59
-12.6310598498963813 14.0177781203673586 54.4544679545020287 1 8 0
-13.0302210591558598 14.3815225957743351 54.9267048768120887 105 252 52
-13.0311132060333446 14.4575000448863555 55.0140570422422357 65 225 67
-13.3877560106321987 14.5782824251826248 55.5353227957657083 1 0 0
-13.2097925656903836 14.6314695379766206 55.1767848655138806 0 27 0
-13.2323134717472168 14.7009309337806027 55.3575620593587985 0 0 2
-13.2222693961210922 14.6866806025993508 55.1652499180866656 16 172 0
-13.3984648171855696 14.8653158364546769 55.5026903400556364 141 244 90
-12.4756331045645990 14.9843175556666655 53.7749903938043659 0 22 0
-11.9937065210514930 15.6341136899659467 53.1299235818559907 0 1 0
-12.2239984882205803 15.7023477704594328 53.3607146800562901 54 237 35
-12.1597379056004655 15.7794200828709119 53.2395572238615600 0 18 2
-12.3380054152113345 15.7837841975013369 53.4149255990674021 0 45 0
-13.4286044642833424 15.8046276765502132 55.1642988903463092 42 215 0
-10.7052174969088512 16.3223906862058463 51.9211274338502307 22 129 61
-13.4363243674973170 15.9043116253938841 55.0072442961346368 33 201 0
-13.4328677613921013 15.9997329054988846 54.9297622254976545 35 204 1
-12.8369049601533263 16.1003108354469440 53.8582931819318915 1 51 2
-13.1324546316838990 16.1133894629147640 54.2279772971546521 0 82 0
-13.5874583534010274 16.1403195308612233 55.1337200170537614 125 249 75
-13.2026718864167805 16.1204076835818384 54.3504444753848972 1 115 1
-12.6255537206356916 16.3020079844583385 53.6110716239177734 1 0 0
-13.4414843947375893 16.3254311569458324 54.7684937045579616 51 235 0
-13.4461519663112536 16.3019472134930083 54.6103638034984016 30 205 26
-13.4901253493830176 16.4175677163281399 54.9151225766426094 28 211 33
-13.4649460840911814 16.4251293838521768 54.8448096147024202 29 219 0
-12.6193469201121751 16.6700838252268788 53.5580980419704531 32 144 58
-13.5515287819689512 16.5746299870992466 54.8402232099280127 0 0 0
-13.5066747780967962 16.6307006850541477 54.7459484487538717 1 1 1
-13.5179148564279199 16.6736913898644588 54.7187499244073408 98 255 78
-12.6807818865976145 17.1572769012374486 53.6689209167383794 2 0 3
-12.5999995390575830 17.2597892710881524 53.4762918241846208 0 0 0
-12.6335976563993402 17.2704866727056618 53.5316130386671674 140 255 126
-10.6400571491843081 17.8343072973212280 51.6452138118154380 46 181 78
-10.6236604583940952 18.3732454428013092 51.6670543596342782 1 175 0
-10.2639964181405183 18.5930300187765596 51.2486174934853764 2 2 0
-10.2840473294167776 18.6248693629014781 51.2146304212113535 88 255 77
-7.9179613828664461 -6.1734664278743923 67.5714703331907884 0 0 2
-1.5707381204563258 -6.7634451913091667 61.9701745859116357 1 0 0
-8.3480723002098109 -5.8340374743531163 67.9783444695550116 133 218 71
-8.3087407437905991 -5.8233303691607547 67.8814931195989573 0 0 0
-8.3056859585775733 -5.8208985229363099 66.6655169204209272 22 168 0
-8.4805180919979080 -5.6912397822362140 66.5759612753162884 0 2 3
-8.5887861826890077 -5.5978269383492858 66.4872963921517339 90 213 18
-8.4743074367096280 -5.5977224034967579 66.2068601564119348 0 1 0
-8.7376198773026168 -5.3946003618135512 67.8271159220993241 6 36 0
-8.6080091885261893 -5.5547458148251687 66.3227893122833052 0 1 0
-8.7941942696097701 -5.2802171764348698 67.7843099428750975 221 237 198
-8.5515181221913981 -4.9372579430443082 68.3337027470273739 16 53 1
-8.5276172292516392 -4.9036046882365891 68.1675618260160689 1 0 0
-8.5916366647822340 -5.2331682611192560 65.1795857593612169 18 156 0
-8.6086637410153966 -5.1979615696808130 65.0119519096245853 0 0 0
-8.7417399631491755 -5.1376988151025902 65.2054840325556739 0 0 2
-7.5580910260219696 -4.3684601899635185 70.6048444381467277 237 238 222
-8.1797201743305017 -4.4356210543826649 68.7268543263841707 203 211 162
-9.1847414963480141 -4.8568391413750378 65.2176478739495451 2 0 1
-8.1304465393501442 -4.4006265368310817 68.6288062766129769 0 53 1
-9.3255556729524560 -4.7566864915890195 65.3158073590209227 0 0 0
-9.3799724609106150 -4.6560765367528196 65.3705070347988624 176 228 127
-8.5487286500816300 -4.6131218305349373 63.3642925269253254 0 0 0
-9.5005885907577117 -4.3042533061500681 65.4913156631357936 226 225 194
-4.1195618389265682 -4.2155976607710324 58.7929499148984149 255 255 255
-4.2065785002333662 -4.1496097082724193 58.8388905126588497 0 0 0
-6.2140773507588003 -4.0461567796446563 59.7633887038801817 255 255 255
-9.7817176392925678 -3.6907418960594978 63.6561651882340485 1 3 0
-6.3676865454060350 -3.8901313148050427 59.7648727026092246 254 255 253
-4.5058823186592960 -3.9068131428437747 58.7127871624073308 255 255 253
-9.9271484280138917 -3.4791834793039085 63.4862559073820307 0 2 1
-5.4612344315482977 -3.7049535879644555 58.9528321177414583 0 0 0
-9.8043444436540650 -3.4193570646968152 62.9863520923913356 0 1 0
-5.1886333521136665 -3.6797856918255243 58.7021664698896970 255 254 255
-9.9269710004368346 -3.3166050919324097 63.0624877385252987 1 0 0
-9.7022167093223644 -3.2746737073679553 62.6405309925169007 0 0 0
-9.8776111199778533 -2.9183808818644570 62.4404461331866401 0 0 0
-9.8128519863968648 -2.7223453921841454 62.1121931751602716 1 0 0
-9.7701571558666434 -2.6282208393456301 61.9837085104284427 27 173 0
-9.9177880593843017 -2.2689850831884897 61.8541648822019425 0 0 0
-10.1193800137522025 -2.1587087560605789 62.0561533676894612 0 0 2
-2.4507106642733540 -0.1857140681504201 71.2754741685034929 1 0 0
-10.1463741851878666 -2.0649826254398866 62.0500245927299261 51 195 0
-10.0627843005184161 -2.0427699068302259 61.8291735181514142 0 0 0
-10.2519841946960462 -1.6673109248518061 62.0465435065158459 81 242 8
-2.1463919512168994 0.5553077271586877 71.4739298334642541 2 69 2
-10.4791533848702674 -0.3655665788038661 61.0124811097026125 0 5 0
-4.1508979058213304 -0.3482928288862078 54.5386162388636393 6 179 1
-8.8988112242359065 -0.2596193721804858 57.5445814917616474 1 0 2
-8.9489323135594940 -0.0780045386057670 57.4596511444394622 0 10 1
-9.0940659158572306 0.2397911590757019 57.5762098348025333 65 233 26
-9.1270976290336208 0.3904938050772728 57.6115699803735950 0 0 2
-4.7252547427033988 0.5247840531038155 54.2752568018492951 1 1 3
-9.1073862620833399 0.4330317371169847 57.4728835188465510 0 0 0
-10.6730351616618080 0.6968050720812029 60.1937932999886627 0 0 0
-9.1528367343302701 0.5000524305641272 57.5393637274079026 72 207 43
-4.8470268785311745 0.6479603394409614 54.3083808293976560 0 188 0
-4.7980702819989238 0.7875425697811079 54.2631212485060317 43 210 0
-8.8418188675554799 0.6588970067503478 56.6998302540404850 0 0 0
-9.2386409823961859 0.7565885927869999 56.9485810897437048 0 0 0
-10.0783087761355947 0.9451979209301069 58.4395069347095273 1 0 0
-4.9423061681725429 1.1393464765692252 54.2247396667605628 0 2 1
-8.2683956495723674 1.1139657146656599 56.0709795791928443 0 0 2
-8.8383023241592920 1.0944243088139249 56.4069927278960108 0 0 0
-4.9804242195291470 1.3528284761539568 54.2767246376062857 0 0 2
-10.0029760019164602 1.2834865037943914 58.1179555905490517 0 1 0
-10.8248027724708269 2.0658151396695943 60.9291139003802016 0 31 0
-4.7919124639582247 1.9494007392547035 53.8020848243229395 1 1 1
-4.7391375669918423 1.9620461893407166 53.7060726791683649 52 214 6
-11.0276746722775503 2.2651226466132894 60.8673450039980253 3 198 0
-11.0333067793435529 2.3574224257883687 60.7981347506360734 219 220 180
-9.8166498123036501 2.0777464386007365 57.7522252211392413 0 2 1
-9.9119122078901452 2.2115644926387645 57.6615832352491182 1 1 0
-11.0417559450624463 2.2875550336761377 59.0205522100377067 0 0 0
-9.9860097472046618 2.2802823998882271 57.8230547609302903 0 0 2
-10.5080695054503508 2.4111415887337575 58.2140600063000235 109 250 57
-11.0835852249536977 2.4869637067541990 58.9202117798283425 0 0 0
-8.0650041861792072 2.5467314612236152 55.5022586670422555 0 0 0
-10.0439035228406262 2.5642638073655699 57.5134751353984512 1 1 3
-11.1986819266084083 2.7059473093471120 58.9863408246240724 81 224 18
-11.1567212356752243 2.7603676140024755 58.8900374798012223 3 0 2
-4.6787910643063704 3.0964495209032523 53.2764382142340125 0 1 0
-9.8011986155086515 2.7397565830526265 56.6105444445652282 0 12 0
-10.0936835355876688 2.9630369103397292 57.0216853411214046 0 0 0
-4.7638586396702900 3.4196298344229650 53.1717272334451820 0 0 0
-11.2564145510845783 3.2768603012572322 58.7541661269222075 0 2 0
-11.2232251962894871 3.3357809782790167 58.7058201173548042 1 1 0
-11.2063812866346275 3.3949943703824115 58.6417672150559994 57 215 17
-11.2472622500559822 3.5556499372355548 58.7202159853764627 101 243 35
-10.2183507408733281 4.0501903640785359 56.5788508209569372 0 0 0
-10.2683416208312686 4.2951208874654929 56.5622432313585435 0 0 0
-10.3249693172380681 4.5048979820943558 56.5430173724095653 1 1 1
-11.8039256865588982 6.0782386671494804 58.0125389367246029 1 1 3
-12.0024570678574722 7.3887392579937261 57.2936781319849544 0 0 0
-11.5987209243333869 7.3952785716772000 56.6512137617371039 0 0 2
-11.8603509182402576 7.4384867736721443 57.1046294521407347 2 0 1
-11.9836944480213639 7.4411947300413539 57.2206684073462526 49 208 17
-11.9209943796687465 7.5298308729701899 57.0913345137550152 88 237 15
-11.9744328855656228 7.6148574846605319 57.1133575484410869 67 207 14
-11.9324944746775845 7.5885121410646468 56.9624936174231280 0 0 0
-12.0172231582242368 7.9029725755732292 58.1211033701531079 1 0 0
-12.0055704327406314 7.8009530912931950 57.1074205273211604 0 1 0
-12.0421263184865701 7.9097286973090313 57.1080913959774961 0 0 0
-12.0679102735480139 8.0010694751187454 57.0858573364744615 98 255 112
-12.0117906311153497 7.9990205679515380 56.9585517222014914 1 54 0
-12.1946893829483010 8.0998384493666880 57.6641322679634314 0 0 2
-12.1550049895926584 8.0773469375541325 57.4875351341906864 1 0 0
-12.0095594338579410 8.0993480953218437 56.9031163780445723 3 1 2
-12.1948620296193262 8.2144047925713615 57.4784048463475514 0 1 0
-11.9408415329103015 8.2186481097355273 56.7170197946641892 0 0 0
-11.9134066747156773 8.2772556649923761 56.6148704703478742 3 0 0
-12.0716436280839652 8.3101825323793008 56.8452100504283635 0 1 0
-12.1584998249401153 8.3189034932436723 56.9772229926209661 1 1 1
-12.0418101562186504 8.3279565162014055 56.7350311850863065 122 237 58
-11.8332951255632235 8.3712552078712079 56.3619863410666468 0 0 2
-12.0059642390544710 8.3971625932662697 56.6752423199209048 0 19 0
-11.7807029197590651 8.5154813277341734 56.2727552667295967 1 0 2
-12.4428938962094495 9.6582277958551810 57.4944039101288382 1 0 0
-12.4161726097025422 9.7003884218369407 57.3753498391280843 5 161 0
-12.4982128960152696 9.7884048523715972 57.4906151334527067 134 245 81
-11.8740347190656070 9.9955990992864585 55.5798555066342743 88 244 21
-11.9207382899782210 10.0114057728821066 55.6842325194978827 0 0 0
-11.8678985091934948 10.0711503888521268 55.5001266308032086 0 5 0
-12.2781066184498844 10.4065314418514578 55.8113060828662171 0 1 0
-11.6193453604282713 10.5444313215062717 55.0321744010652623 36 205 2
-12.2610768226416358 10.5067596960905227 55.7683038661558328 66 237 1
-12.6421861887074840 10.5688461313686819 56.6208799323092649 0 0 4
-11.7810789395070561 10.5674370092307299 55.1643712112544549 1 2 0
-12.6693507568555415 10.6296289385240641 56.6886327375448218 2 168 0
-12.6656485958036011 10.6928065112979667 56.7006416280507253 49 214 0
-12.4302667226767554 10.6510067812970135 55.9800249016749092 0 70 2
-12.4901418878681429 10.7028240518986539 56.0949623888888027 0 6 2
-12.6257472886520521 10.7887976096551572 56.5235397317144503 1 1 1
-12.6862899451106550 10.8250910786776924 56.7135942950743939 0 0 2
-12.6182575011603699 10.7743798848050876 56.3025747825662464 1 0 0
-12.6559366939077194 10.8342778592164724 56.5702616773158198 0 0 0
-12.6952806078042943 10.8984431363255325 56.6449737679695815 82 245 68
-11.5941273308749810 10.8776936532709581 54.7437166837217433 19 201 4
-11.8540583025627999 10.9221987706269275 55.0572217740326764 2 69 2
-11.5251048996553163 10.9408171639944953 54.6470391991530207 65 218 6
-11.3906837949672397 11.0040659219484471 54.4389657701218965 103 230 91
-12.0143856091395360 10.9485954194193873 55.1755253782707271 0 0 0
-12.6826949392473800 11.0154085179926291 56.5593524204715621 3 1 2
-11.5893902288136328 11.0117643779248571 54.6824904269855168 0 0 2
-11.7071094293925526 11.0103913552731321 54.7728910564921421 1 0 2
2.6165282584327056 18.1271796881251603 63.5169841568197668 85 242 11
-11.4040509094935967 11.0753964660900532 54.4792483295210204 1 0 0
-12.7267889939880749 11.1017617331138805 56.6813256781398351 0 131 1
-11.6508335542404122 11.1186345687512809 54.7391648315489903 119 255 83
2.4308386037837040 18.2062425698727033 63.5341218053668086 0 144 1
-11.9324346303439679 11.1065125550063932 54.9962584825123173 0 1 3
-11.8102233042539311 11.1440968687018351 54.9334354834562362 1 0 0
-6.3852947887707563 16.1713207517204083 68.1353503975064996 81 236 10
-11.6323297015091462 11.2180758286948272 54.6488331388119590 59 249 1
-6.4631001295871551 16.2349795046918679 68.1539538787956758 96 235 18
-6.5052880259512840 16.3109872374695755 68.0758650627405899 1 130 1
-11.6878854769982290 11.3643717616447688 54.6898199402138232 0 1 0
2.3115141522419349 18.5405753795257766 63.7506672285568925 111 221 28
-12.7363428205402389 11.4437425214619175 56.5350779162614145 0 10 0
-8.6497266869561127 11.9527346350196968 51.8243775105197315 0 0 0
-8.6632947364815944 16.0810093930013380 69.2297780428609570 0 0 2
-6.9104802198980382 16.4600179967150346 68.1090364382717866 1 0 0
-12.7506935001795672 11.6054509771579397 56.6147664994387867 0 0 0
-12.8594777095534774 11.6273707082355351 56.8085957653243270 129 247 73
-12.1810370508823809 11.5110434886702535 55.0596442014054546 0 0 2
-7.0599723973423014 16.5037903308309488 68.0872503584996736 0 0 2
-8.7355353802417532 16.1651056121984240 69.1635455772409813 206 219 173
-12.1330632457728704 11.5205798289449870 54.9256949785435893 0 77 2
-12.8372910880213986 11.6769830467950086 56.7188369017353367 2 33 1
-8.7846770599178132 12.2152443002863329 52.0863338713421840 255 255 255
-8.6857695554502214 16.3043095425164069 69.0195397431851632 180 230 131
-8.5815966689769336 16.3314452423490550 68.9416704668178113 1 2 0
-12.1553660977137685 11.6826121352399390 54.9537000434232610 70 228 7
-8.2537934276188469 12.4938938601952110 51.4060162033158790 251 255 254
-8.4383511794085155 12.4847001545619687 51.5592776757439495 255 255 255
-12.2535513491000643 11.8367386838599344 54.9913470933087467 111 220 31
-8.5869256084477268 12.4984509197454674 51.6724436841339880 254 254 254
-8.0334712719708801 16.6467916557932476 68.4041072261723713 0 0 0
-8.1796161873410611 16.6753212739098373 68.4265610954547583 70 221 4
-12.3274934510676868 11.9118631697399522 55.0352650849067899 0 0 0
-9.7706563904180648 12.3576397754959970 52.5965295967629132 255 255 255
-12.1013967632097632 11.9630704883746102 54.7270151193402370 0 0 0
-9.3164536467091992 12.4681973119794343 52.1929774068520658 255 254 255
-9.2307265819828785 12.4885869083247592 52.0922971631862026 0 0 0
-8.5710373771577704 12.6400140834230807 51.6290474996239723 255 255 255
-8.6766095223502493 12.6456055823661480 51.7533173454124835 0 1 0
-9.6617975603947244 12.4278805433441022 52.4863573169141802 254 254 254
-12.2010394688103005 11.9932780420262581 54.8149892471070075 31 217 80
-8.8901258423488212 12.6412178852690893 51.8183267398408134 0 0 0
-8.5601585959026671 12.7095553689669707 51.5007533827675772 0 0 0
-12.4255065542566747 12.0513665211537528 55.1469939698629901 0 38 1
-12.2741623962650710 12.0659406676298051 54.8475163564271000 0 1 0
-9.8885871200311311 12.4812898620429227 52.5802175827022182 255 253 254
-9.0114489804333573 12.8049156801190964 51.8796855887079857 255 255 255
-12.1235946708131692 12.2384545573331920 54.5988690733483963 47 223 26
-12.9880551510781714 12.3581523494630954 56.5148669321449475 0 0 0
-12.2051481485790809 12.2861603713415573 54.6790732055307913 35 197 0
-12.2496551446882975 12.3720243376196066 54.6771532027978395 2 40 0
-11.3181642184760722 12.5463662233240552 53.7938462876794290 3 0 0
-12.4564217776089148 12.4006703067291841 55.0066604045371932 0 0 0
-12.8736953826354341 12.4333844083660132 55.8244837982763826 0 142 1
-12.5863197338611652 12.4471214337507536 55.2079655625839365 0 0 0
-12.7008814024249563 12.5340591386159144 55.2460601304104486 99 255 58
-12.6831134331391482 12.5772033585854626 55.2171385299818880 12 177 0
-12.6141130527694667 12.6009667309842115 55.0993029797731495 2 19 0
-12.5327584823665799 12.6172654374154956 54.9796809803083590 0 1 0
-12.4340012806523283 12.6636429097172893 54.8845799509681385 2 0 1
-8.8209840681542673 13.4584103119468743 51.4317014204958980 255 255 255
-12.1133633381089947 12.7982384391404000 54.2851532801354324 75 253 17
-11.8301287125226882 12.8527718778827929 54.0317385985024288 0 65 0
-12.0364735333459993 12.9604086686014828 54.2102960812628112 0 35 2
-8.7285158238456937 13.6698572318146034 51.2510357904302154 0 0 0
-12.2185467343590251 13.0957662849172607 54.2481420970085466 96 255 74
-9.5359551159394567 13.6575094265004626 51.9311842997220765 1 1 1
-12.5635258018086180 13.7721636515423143 54.4603458982846078 0 1 0
-12.5540635529859674 13.8113850943820946 54.3569518094429043 92 237 14
-12.5396346914103294 13.8718638902501130 54.4282212758522448 33 213 0
-10.3056473730242413 14.3558433862015633 52.1763843194679922 255 254 255
-12.6605422533883161 13.9713207134506270 54.5795330546785209 0 0 0
-12.5423667214852035 13.9765395625132438 54.3224838930782212 121 242 59
-12.5780007255332436 14.0119918354632347 54.4139287360726627 0 0 0
-12.4427992102121063 14.0275054678768960 54.1050814413035184 84 242 9
-12.4630243693523894 14.0622733868521905 54.2448669303392919 0 29 1
-12.2326214910267677 14.0950429838019673 53.9139443270309542 76 255 39
-12.3814145249914045 14.0924937631232741 54.0349026395252565 1 39 0
-11.9062103748405885 14.2208949864020724 53.5176426578287519 56 233 5
-12.7790787256767633 14.1570557339608989 54.6697376854802144 68 230 31
-12.8211259621522959 14.1736072721713544 54.7509205232067018 1 1 0
-12.3411877675573010 14.2513447693957040 53.9342322472749629 0 0 0
-12.2070939507401199 14.2918382429477120 53.7557344420907413 0 0 0
-11.0316147038962917 14.8204934094467919 52.6760899150241713 0 1 0
-13.3477192977423638 14.6256078549112534 55.5009714533100578 0 21 4
-13.1981196820363529 14.6559394920602752 55.2739285539625200 47 216 3
-13.2076188771914591 14.7026771841602510 55.2386059567063228 32 192 0
-13.2145237752981330 14.6680730798032393 55.0860522131411372 0 6 0
-13.3947444476180468 14.7560226334365190 55.5345653020993524 114 252 68
-11.2357241744921357 15.0078814801087557 52.7019137954161110 0 5 1
-11.3878546527451512 15.0903265801293944 52.8161021560235184 54 224 27
-8.9150428694354567 15.7267268770304014 50.6486312525477302 66 225 19
-8.5772717567253522 15.9404078950174686 50.4515203325262860 45 209 1
-8.4848165221122187 16.1707597689667999 50.4450916070930901 1 0 0
-10.8169143818784210 15.8228429884609429 52.0918077161398116 18 207 1
-11.7217987902933380 15.7077305703494332 52.9678413610735959 1 49 1
-12.0813965454735452 15.6674435800141794 53.2773561938155709 0 0 2
-12.2830540431462314 15.6513080444702837 53.4312534456163490 2 0 3
-12.3543916242875120 15.7145533633360230 53.4565609673107787 13 191 9
-12.0770447286076106 15.7737074533495356 53.1802828297420263 23 212 0
-12.4229656130239814 15.7680467054247444 53.4931611232431337 0 0 0
-13.4377829208146444 15.7519112871713975 55.1986630626655668 1 74 1
-12.2353534881981609 15.8408090205602843 53.2492990435287936 0 0 0
-12.4011484998668831 15.8366320387915369 53.4186322854596298 84 255 96
-12.5191058228995544 15.9478742502442170 53.5375253411145309 0 0 2
-12.5425173436733548 16.0219829202533006 53.5946298503478857 1 163 0
-12.6565845310570779 16.0485996480439361 53.7316298747097392 0 0 2
-13.4283481934757969 16.0315854651896252 54.8579897516862616 0 2 1
-13.1364507458991486 15.9845393425722833 54.1606291865513612 1 1 0
-12.6640958310719327 16.0833624877537993 53.6509545194695221 49 218 53
-13.5524805415158323 16.1261125097754032 55.0665756763916292 1 1 1
-13.4500651329254310 16.0858591188336675 54.7087807071155439 0 0 0
-12.6839365158914568 16.1746250417150357 53.6431828790169689 0 0 0
-13.2360555583780588 16.1478403237396400 54.4552867511574092 77 255 55
-13.3694631617065269 16.1357292646420660 54.5764167995149876 0 0 0
-13.4225283187835913 16.1965457825039572 54.6679302923670605 0 172 2
-13.3416878298519634 16.2281594513673078 54.4524971540003619 0 8 0
-10.5719551894759007 16.9328510989973147 51.8147232544431233 35 194 16
-13.4467479130862042 16.4083335591260706 54.8837563565694921 11 199 1
-13.4396374313949902 16.3603208947905010 54.6786242698638389 0 0 2
-13.4574922261347059 16.4054180871774022 54.7647915131316552 0 5 0
-10.7457220876347499 17.2322512239446439 51.9085396462640531 0 2 0
-12.1606363290392032 17.3972231354364624 53.1023562910391860 17 187 2
-10.8605289414291679 17.8080922100367331 51.8784366628703921 1 54 2
-10.6273643899042050 17.8999892508056497 51.7282180021563107 0 0 2
-10.8626043046498708 17.9572377001623593 51.8752000974963039 0 0 0
-11.2366778485726471 18.0221502789504768 52.2005292118774662 31 219 0
-11.0072399413866275 18.0920881673967600 52.0036232035284058 0 0 0
-10.5493022443868281 18.2059724240463083 51.5552815664114163 0 1 0
-10.8966905821868032 18.1612075452510631 51.9266869177546795 1 42 0
-10.9985829209941492 18.1941316407739926 52.0848094194242464 0 8 0
-10.4459088690585347 18.3520874390529478 51.4615421228171570 1 1 1
-10.7710554564946221 18.3381801741648012 51.7725320140234686 1 0 0
-1.6515954588008486 -7.5588442770673741 62.1062179650778461 0 0 0
-7.6255516685343210 -6.3120743510179054 67.5257812457371216 33 186 0
-8.6682822843514344 -5.6404419693183723 67.9290886522603188 118 246 61
-8.5177691785499459 -5.6500482379102497 67.8289221226494732 0 0 2
-8.2421234333815576 -5.5111976092952277 68.3918101217361425 177 228 127
-8.6491853908296790 -5.5189746809139590 67.9124622535116345 1 0 2
-8.7204426457285944 -5.4057006329234643 67.8270315373828794 0 1 0
-8.5852154638522471 -5.5477915394445585 66.3180578433319710 1 0 2
-8.4145998047015969 -5.2629802644146730 68.3589732538980570 0 0 0
-8.8004090463325468 -5.1580687794313249 67.6789094186941753 169 218 111
-8.5599464924392503 -4.9275886596770704 68.3225294151122426 10 43 0
-8.4889141793137153 -4.8869613305599460 68.1661803830862567 0 0 0
-8.5916673097179874 -5.2059563216763021 65.0070440524890785 0 0 0
-8.7434847125430153 -5.1399320969023368 65.2267980069771767 0 0 0
-8.6881300577812510 -5.1105758602828653 65.0809227757757611 33 169 1
-8.2410227212562539 -4.5625740203910361 68.6780026367607519 2 45 0
-8.5520804124016454 -5.0450991712537716 64.6946011721109073 0 2 0
-8.1654233244014591 -4.4249471173322270 68.6087584721904733 6 50 0
-9.3974512236753966 -4.7102791655749243 66.3233855918793722 230 229 201
-9.3892390716198655 -4.6476878964938368 65.3829711869472874 141 215 66
-8.1476501365215519 -3.9808165074050410 70.2477067884345132 206 210 159
-9.3135174067974784 -4.5851390302475146 65.4861961526492991 146 207 68
-9.5545364519571780 -4.3992107848125555 65.6469925441137150 224 221 186
-9.3508974704495635 -4.3995384570597738 65.4608448643698182 0 0 0
-8.1299214685612053 -3.7665103392850598 69.6306308217042158 0 255 0
-8.2271635002451067 -3.6786332481387305 69.8725780810427324 0 2 1
-8.6881898035181937 -4.4882701644407339 63.1899177683769153 26 169 1
-2.2850921763188312 -4.3155392197691009 58.0289078511765126 0 0 0
-4.2298527508068000 -4.1371306177479825 58.9595222722876500 255 255 255
-9.7032798374707916 -3.7705062063270982 63.9163155525415974 1 1 0
-3.1660820468681830 -4.1613521825186357 58.1400655387832046 255 255 255
-6.1552344028779062 -4.0661050695698320 59.7692437894873478 255 255 255
-4.8572206156723112 -4.0360871568596686 58.9805548546450993 255 255 255
-6.2828454659865063 -3.9695448901015404 59.8619149078756720 0 0 0
-6.0758455791056623 -3.9292750242375116 59.5768631594507383 255 253 254
-4.8451549310185555 -3.9236216105901889 58.9498847316874333 0 0 0
-6.3804181600778573 -3.8811714003609015 59.7654228469195061 255 255 255
-5.3687968978648399 -3.8183009602604692 58.8606088779507672 255 255 255
-9.9337042005085046 -3.4693508316542125 63.4881863479721744 0 1 0
-9.8789777927667188 -3.4638945956348208 63.0899842474753640 2 151 0
-6.1376753618382827 -3.7311960244506563 59.3617514140952380 0 0 0
-9.8633283793644093 -3.4392924024651443 63.2321250402003940 19 183 0
-5.4753892175588916 -3.6936303300702256 58.9610601485935604 0 0 0
-9.9269146231358132 -3.3017393162558850 63.0638733415880068 0 1 0
-9.6855231265051156 -3.1465625889463422 62.4646493240051583 0 0 2
-8.7423223519732218 -3.1744391374270866 60.6465598023754211 255 255 253
-9.7946316867067384 -2.9578093420094214 62.3619969947140689 0 116 0
-9.8719004265183603 -2.9171292529012618 62.4607191501225856 0 0 0
-8.8253021601105033 -3.0395484043217373 60.6777611469425935 0 0 0
-8.7790213253550338 -2.9010832371098623 60.4540428741033935 0 0 0
-9.9214904402449342 -2.6748587423834307 62.2681221362222672 0 0 0
-9.9228463104391960 -2.5172127914424083 62.1043475974596859 1 0 0
-9.9115246024941062 -2.3607001016436362 61.8707597180246793 0 0 0
-10.0750477848981799 -2.2136207297952706 62.0489654324050690 1 0 0
-9.9254187366946578 -2.1474798332674920 61.8794907831952656 23 188 0
-10.0615124569088525 -2.0278465281413438 61.8228133429988276 0 0 0
-10.1662088173542475 -1.9405910684518055 62.0523570123467749 60 224 5
-10.1513271508423664 -1.9204529933953525 61.9274079764003602 61 223 2
-9.5445579263232183 -1.9123351770029460 60.8262697673992321 3 0 0
-10.2121710813216886 -1.7747212376949102 61.9602133307334029 1 1 3
-10.4639990381487866 -0.5277032725794284 61.0979154856908337 0 0 2
-10.4882429922081872 -0.3567086317030723 61.0088670523678331 3 0 2
-10.4186188896241454 -0.3320960010050463 60.8358509592590551 1 0 0
-10.1638508794211440 -0.3310589447942284 59.9355893782885545 0 172 0
-10.1529783634381250 -0.1867292342376516 59.9666414624304238 0 0 0
-5.1183715450092846 -0.0130322916072186 54.8348180037163075 1 0 0
-9.0136955558223146 -0.0003874852917381 57.5980479696423231 1 0 0
-9.0497730300884633 0.2410612698121273 57.4665552635360299 0 0 0
-9.1431118851750526 0.4995546889295390 57.5404055440623736 72 207 43
-4.8199738237374010 0.6486871613488207 54.2991088856959365 15 203 2
-4.7697665949474715 0.7717346501414719 54.2690278975535634 55 236 0
-4.9584811158342994 0.8148588875238406 54.4326945470999917 48 207 1
-8.7684220244175695 0.6102957485369501 56.6142216877356503 86 243 68
-8.9829537344894028 0.6916964234334392 56.7492207433492837 0 2 0
-10.0792740384105244 0.9466414097380685 58.4575224843873471 0 1 0
-10.0592121176929705 1.0193760232574773 58.2247942436288923 0 1 0
-9.8660570073707916 1.0586903852864582 58.1919663036529542 0 0 0
-4.9023502969156132 1.2330569868179553 54.1585408210952437 1 0 0
-10.5584547427002970 1.5322484211668033 60.9578002890515620 0 0 0
-9.9168707060054118 1.1789977309509634 58.1067218275597028 35 220 2
-8.8468908018699874 1.0924733459021920 56.3939451690993749 0 0 0
-10.8274978223214671 1.9260604853531433 60.9588748724949312 0 69 0
-4.7819886980757769 1.9574916230029051 53.8112561692618598 1 0 0
-11.0066036845364685 2.2759308652191499 60.8866363850903269 0 177 0
-9.9550792550528175 1.9896233680135647 57.9149495053669412 0 1 0
-9.8669384749365285 2.0554848329223603 57.7577828267962232 0 0 0
-11.0361429923948489 2.3656380089700235 60.8018559284890898 220 221 181
-9.8837606595755947 2.2062654537452984 57.6501016913176798 0 1 0
-11.0901504617878466 2.4888649052142187 58.9054587042285362 1 1 1
-10.0364178197351954 2.5501530405411521 57.5059449837593490 1 0 0
-11.1370629555578944 2.6172782186560015 58.9017972997760211 1 0 0
-4.6921352563416523 3.0848383263263059 53.2785365170699663 0 1 0
-10.1073827892684882 2.8127919281848355 57.4789063365659985 0 0 0
-11.2832427374403341 2.8718774154932265 59.0255689088119482 0 0 0
-9.8971475873473871 2.8850731746960792 56.7880303885649909 1 0 2
-10.1735934628257692 3.0579332574848204 57.0712426968015478 16 172 0
-5.1984695982820490 3.5685595000465899 53.4696124867147091 0 0 0
-11.2259916746171129 3.3184628814141210 58.7118645681783491 0 0 0
-11.0331367044104667 3.3978365258446344 58.5312931865282593 0 0 0
-11.2459210150046509 3.5475123450647308 58.7153935882810316 114 237 42
-11.3062831252973783 3.5862196366328818 58.8129304316809112 2 1 0
-7.7511590645423238 3.6827313912416906 54.6581180187209483 0 0 0
-11.2479569919646654 3.6805795956150451 58.7379195688079250 100 247 37
-9.9988524430806720 3.6160703792262288 56.4741274660475483 28 199 0
-6.1615101733458548 3.9957936555917750 53.6736312928712636 255 255 255
-8.1402673191615076 3.9088325430231561 54.7706868923331172 255 255 255
-10.2536461405053636 4.3047922855924607 56.5777353337605717 0 0 0
-11.1343818876197087 4.3781626692329274 57.8404593777505056 255 255 255
-10.3425566228791119 4.6019600468974557 56.4973975297050259 89 248 24
-11.7511715133186421 5.8952905397337556 58.2087533247805027 1 0 0
-11.7520575804776417 5.9585930079022642 57.9632167522634560 0 2 1
-11.7826138408974312 5.9878882943657477 58.0808602082123926 34 201 0
-11.7692765588825825 6.4779849103327756 58.3448284592462016 0 0 2
-11.5442835663700514 7.0320308459719687 56.7964604800091948 1 0 0
-11.8737423066330354 7.4241254108379344 57.1099888517519361 0 1 4
-11.5998357061554689 7.4061094018300473 56.6598513272801227 0 0 2
-11.9931359913439639 7.4713759694530149 57.3380560851242222 76 234 27
-11.7458398951711906 7.4585308899753224 56.8181437097613937 0 0 2
-11.9312077452111733 7.5285519365858455 57.0857110282836047 118 217 36
-11.9891078950664287 7.5582119568562600 57.2060220890157254 0 0 0
-11.9037626860038195 7.6033296405823361 56.9593861634810992 0 0 0
-11.9909961868706567 7.7114400508189771 57.0839650199141388 71 192 11
-12.0389675103887228 7.9070335981603002 57.1179876982124313 0 0 0
-11.9840886374642110 7.8945094470017505 57.0037680017346204 82 232 11
-12.0685687734120215 8.0061420198051518 57.0779872799435353 119 255 116
-11.9991453429256936 8.0141354932070641 56.9477842590319696 1 47 0
-12.0096362062740880 8.0862246408277674 56.9013951998371255 0 1 0
-11.9988410923042466 8.1973373466259680 56.8411572386177966 2 160 3
-12.1423064725744947 8.2222163498598793 57.0475432249038406 113 230 37
-11.9462999211525673 8.2077764760645664 56.7145237447473320 0 0 0
-11.9041423822921484 8.2683215515047976 56.6199464844324893 1 1 3
-12.1796521899345844 8.3472542732291988 57.1069610105825944 75 230 32
-12.1486733781498142 8.3233625678452672 56.9591894327729804 0 1 0
-12.0831666633229471 8.3160784299422232 56.8537292395286116 0 0 2
-12.0338233869643396 8.3151712070430595 56.7292797358744920 73 227 5
-11.8277723267679775 8.3568558539193081 56.3597997495164336 1 0 0
-11.6337999367347482 8.5610546891964852 55.8891226988008825 255 255 255
2.5471009625641523 14.8800994128560564 65.1731776492700163 0 143 1
-6.9841568160455223 9.3726573525030634 51.8718324640205353 254 254 254
-9.1422068726390773 9.3617437288894489 53.2060789791088027 255 255 255
-12.4301575351271811 9.6654188970597552 57.4846115794782548 1 0 0
-11.8775458105049534 9.9878563639155562 55.5834365811423581 65 251 4
-12.1074542469682509 10.1642774775973113 55.7721404346627878 0 0 0
-8.1433562027569941 10.8234176956368202 52.1097178680117139 255 255 255
-8.3215066067238812 10.8113892639169524 52.1151664599409585 0 1 0
-12.2871694117707282 10.3740353327153816 55.7968727461669900 1 0 2
-8.6836216064570753 10.9316484837875176 52.3938434263423218 0 0 0
-11.4580527392588962 10.4907157365513832 54.7303038583447119 255 255 255
-12.4412993097335161 10.4520885926255289 56.0779465352970021 31 187 2
-12.3067351945993124 10.4571202519488189 55.9022625679049625 37 211 0
-11.6298828758905479 10.5412873382478693 55.0532574364758887 108 236 35
-12.6257109098414659 10.5648676631336791 56.6171541604502266 0 0 0
2.4859944032842844 17.4903062996189078 63.9953640193151188 87 239 14
-11.7905732206304243 10.6002461664755732 55.1895002669818524 0 0 0
-11.6472163877863828 10.6751588301659055 54.9636382182121110 0 2 1
-12.3712716790196673 10.6601588825991769 55.9208051718549015 0 10 0
2.3823987862490328 17.6864415302453395 64.0075286233793861 0 139 1
-12.4306810076218532 10.7460041677573113 56.2350411486722450 97 231 20
-11.6028287560527588 10.7315133417258668 54.8335613966753641 143 255 168
-12.5877006136430332 10.7399815355430945 56.4196174874117204 22 191 0
-12.4673374457124702 10.7194005755991011 56.0924775046488975 0 0 0
2.5364261817284586 17.7688901440811513 63.8452436427882830 98 231 16
-12.6863171553445877 10.8283325932689269 56.7281148256087704 0 1 0
-12.6012169332677768 10.8287392256472206 56.5479472203661260 0 1 0
-12.6137554367004192 10.7815289069319196 56.3045258885057933 1 1 0
-5.9988244078524273 15.9237503208868478 68.0901899658732646 0 119 0
-12.6861880265120117 10.9138415092380203 56.6370260975268209 77 244 43
-12.0576509704441897 10.8734303029335297 55.2823826504325027 93 247 73
-11.8529658261363036 10.9174165043371634 55.0522370207021794 1 99 16
-6.2566489405303889 15.9705372147842404 68.2199192679217674 0 0 0
-8.2549482014846181 11.6153752299711766 51.7529109129655751 255 255 255
-12.6431170500828696 11.1058879160494381 56.7135782546492635 5 171 0
2.6372221866762469 18.1308037632118477 63.5288267646844389 85 242 11
-11.3115613045799144 11.1276516306991233 54.5073761327489237 0 3 0
-11.7659224766798403 11.0829055159176040 54.8065644791807287 122 237 56
-11.7987141079911471 11.1392290865708681 54.9440519270477097 0 0 2
-11.6359331329970370 11.2163497705927799 54.6437173277412853 59 249 1
-11.8076703193711463 11.2255466109889657 54.8393591249484871 63 234 6
2.8096166849875290 18.4032191441082560 63.0250449026211399 0 1 0
-8.2388628878257126 11.8848280530170225 51.6957703710380727 0 0 0
-11.7037469186668801 11.3049667290823184 54.7334797202483045 1 1 1
-11.8888655001043748 11.3305446164437207 54.8994550271362201 0 1 0
-12.7875159829523728 11.4344274904749739 56.7941287930184586 1 0 0
-12.0829489279726126 11.3224119095541820 55.0302937811395125 123 255 83
-12.7281244755138854 11.4473031007217081 56.5208462751347298 1 0 4
-8.7807977437828839 11.8911075761104978 51.8049865340967699 0 0 0
-8.6839686165123222 16.0644302067237277 69.2152206234382419 0 0 0
-12.7503063404514503 11.6186723983953257 56.6089679688188099 0 19 0
-12.1584072290804279 11.5246920100681827 55.0765241898862925 1 0 0
-8.7409274147156566 16.1674919685128451 69.1692745778941713 188 220 145
-12.8217850350985039 11.6830870682924122 56.7071526868414253 0 0 0
-9.0102350190984382 12.1972219754874533 52.3036118456100922 255 255 255
-9.1531062148886928 12.2888672682521936 52.3992702915376327 0 0 0
-8.4096522260489603 12.4744047395429547 51.5676226722582953 255 255 255
-9.5627609574552661 12.2731309966768638 52.4913653383362728 255 255 255
-9.5087234307958877 12.2662145687848749 52.3026071255951450 255 255 255
-12.2378988680343603 11.8339469040947378 54.9988179480330501 108 225 25
-8.5932691565499120 12.5016108373459094 51.6866755663035136 255 255 255
-12.4189368085887573 11.8536806468462590 55.2566344350355791 0 0 2
-12.1938894859644495 11.8937585636540710 54.8558198863664899 0 0 0
-9.7841057179845272 12.3315588784730696 52.6132641526353098 255 255 255
-12.3270678004911343 11.9217456043730934 55.0290645652450792 0 9 0
-12.3468508206303778 11.9713838852322016 55.1530469502182186 14 199 1
-9.2359714372212807 12.4857690166655235 52.0861357978697086 0 0 0
-9.5742840858408034 12.4812273077599656 52.3351176015809898 255 255 255
-8.8501849105753809 12.6592169547430853 51.8296970536233772 0 0 0
-12.4343382467177950 12.0522788049113370 55.1366756984732191 0 1 0
-12.9339150132121397 12.1864922244672371 56.3654775068302243 1 85 0
-9.6350057822949680 12.5893795375855024 52.3418533146051033 255 255 255
-9.2377679707608156 12.6800445566290882 52.0111144977938409 255 255 255
-12.2802232963528795 12.1511110233629562 54.8319885923460006 0 1 0
-8.7755573220199707 12.7990952154515654 51.6251786937160944 0 0 0
-12.9816589055948448 12.3569040059002315 56.5100471419997632 0 0 0
-7.9768213848491731 13.0823009171640390 51.0744854100273002 255 255 255
-12.8954399155155564 12.3985889670116673 56.2002638721069303 0 1 0
-12.9254164589273230 12.3617041063290838 55.9287612268567571 0 0 0
-12.3703394258437243 12.3567437981581225 54.9372709489769591 0 0 0
-8.6799711629549581 17.1682774490397634 68.7141588336061204 0 2 1
-8.2672768223223425 13.1458125523657507 51.1918182144521410 0 0 0
-7.7659927654476286 13.2889844178693686 50.9816847175748933 0 0 0
-12.2354233089817335 12.3801227262308586 54.6740120257239823 0 0 2
-12.4635592578086722 12.3922392151074945 55.0085433338695182 1 0 0
-12.6297176438904923 12.6027996347507152 55.0955205845725047 0 1 0
-12.4357903838920283 12.6764962224409370 54.8928399798804350 1 0 0
-8.6795810896047065 13.4103945756173282 51.3964045243362904 0 0 0
-8.7906654246757583 13.4867165912777160 51.4271452053939981 255 255 255
-12.3800301756608757 12.7887204287391434 54.6643912198745241 0 1 0
-13.0459020642649737 13.0211606136229587 56.0909458558302276 0 103 2
-9.4244903954449608 13.6324508592353997 51.8507102942088451 255 255 255
-12.2032029836281453 13.1007486140454397 54.2484790086940478 96 255 74
-12.2578787803647611 13.3966562271819676 54.1840919195568276 0 0 0
-12.4789715770102063 13.5343236906664668 54.4205416158512776 0 0 0
-12.5375003920629862 13.7693936301040694 54.4668882348037187 0 0 2
-12.4583249896987134 13.8469260855460856 54.2252008952008708 0 0 0
-12.5886808512534714 13.8497650052295747 54.4013389810746162 73 241 8
-12.5330030112187352 13.9776353314966642 54.3262555027827361 47 218 0
-12.5992938243736372 14.0169408599636878 54.4129866216538005 0 1 0
-10.1765519673528502 14.5140428118437850 52.0852363250955648 255 255 255
-12.4226662177151717 14.0342769198291393 54.1055912061797102 84 242 9
-12.5052627075630323 14.0533190494018587 54.2257779214288220 0 37 0
-11.1060592449033901 14.4351290200256290 52.8695591215321059 0 0 0
-12.8244940066295765 14.1697538895716928 54.7636342555096078 0 0 2
-12.2209393657010583 14.2191626203604979 53.8612515857099083 89 254 38
-12.7299351181942288 14.2187174620238235 54.5557353790837780 0 19 0
-11.9550015894737420 14.3129060232081482 53.5868511066133735 0 1 0
-12.3125592389280847 14.2634937977099376 53.9495034520520065 1 0 0
-12.8261641920972345 14.3142605076301130 54.8073610909598301 120 244 62
-12.9883705954143540 14.5534332167265461 54.9206774353114540 0 1 0
-11.1741138988148467 14.8799810777361152 52.7220625647061993 30 229 2
-13.3497970812420323 14.6122706620163783 55.4941503364116429 0 0 0
-13.1952365833407210 14.6691186405721492 55.2649147101453480 21 192 0
-11.3110359863282319 14.9866859891104305 52.8342969103592424 0 1 0
-11.0375224146086595 15.0563199097457598 52.4833166495815746 0 0 0
-11.1611012811873511 15.0740369448315956 52.5964144406774139 14 207 2
-13.3873165458112187 14.7953600505320484 55.4358096711556243 0 1 0
-11.2983132894608218 15.1373810587653672 52.6967660678300192 0 0 0
-12.5212989121804217 15.1463441663489657 53.8285966002049108 1 0 0
-12.2707691607428746 15.6457613133704907 53.4397665188240438 0 0 0
-12.0762917296529473 15.7926229680446486 53.1792585850163206 60 255 31
-12.2327909901412450 15.7850482870688982 53.3411369865066192 24 218 0
-12.4973456865083037 15.9029861548526963 53.4939258378342473 1 0 0
-12.7074130686299291 15.8956098672916095 53.7791841827188435 1 1 0
-12.5507278240356506 16.0371587951228420 53.6151354949228960 2 175 5
-12.9834448353857592 16.0123540027538915 54.1013191398375355 0 0 0
-13.0345995479145316 16.0224605098569342 54.1701651666278252 0 0 0
-13.4358948999083498 16.0184260625277766 54.8504361439731127 1 0 0
-12.7259250868197356 16.1427568473194931 53.7561620046248194 0 1 0
-13.5569895152674427 16.1199345319693776 55.0642904939494073 1 1 1
-13.4432079434729541 16.0830714571659357 54.7077304383383449 0 0 0
-12.9327079493728103 16.1396000797750006 53.9592216205011113 0 0 0
-12.6329033134030286 16.2108663598949754 53.6569591044359271 1 0 0
-13.3675615887004842 16.1190546607735889 54.5810451715912706 2 0 3
-13.2702410145092404 16.1374378779052599 54.4497126364848327 77 255 55
-13.4284923267252392 16.2252350354450101 54.9644515666034721 0 157 0
-13.4203189345215126 16.2066242174688213 54.6756230728173094 24 215 0
-13.1629131203785388 16.2237909412965706 54.2399759397225907 1 1 0
-13.3643013245688689 16.2355208249977743 54.4452537454239334 1 0 0
-13.3938550018693032 16.2782474716679921 54.5157884773642678 2 12 3
-13.4614877288129033 16.4058041173172811 54.8795570604670715 11 199 1
-12.6207857625524476 16.5010181328684880 53.5905220641500577 0 0 0
-13.4486485907820263 16.4069473768384384 54.7542212924537210 0 0 2
-13.5155533048638148 16.5527229676447405 54.8734385913188731 0 0 0
-12.6489645324134656 16.7854085777446329 53.6243562005308760 0 2 1
-11.2128964214093951 17.4044609865313085 52.2644614763288473 1 0 2
-12.7287036839134693 17.2015112059071207 53.6372333421959979 69 255 53
-12.1953112874301830 17.3685246255988908 53.0918421223507906 19 201 2
-10.6514327173381655 17.9069697117939945 51.7433767116570351 1 24 16
-10.9343245744190636 18.0089805135939613 51.9406878566039580 75 254 40
-10.8075296459040651 18.0864153837896318 51.7414487886939227 0 0 0
-10.5441274370372859 18.1951280930157964 51.5621067810026759 0 1 0
-10.8442559299973222 18.2664940775525295 51.9448904253291701 0 23 0
-10.6897410832303592 18.2818416009536762 51.6739337666946668 4 208 0
-11.2154649497294034 18.1560575827941371 52.1970457656212545 142 248 98
-10.4553351472707288 18.3779787420738216 51.5602338845722841 0 159 0
-8.2842901055189468 -5.8182926107074788 66.3952374737282582 1 1 0
-8.4355544641970823 -5.5358315189839198 66.2753660714107156 0 0 0
-8.7759192342381187 -5.3117302820846550 68.1228971228424172 3 3 1
-8.1511745974343484 -5.1659733556469476 68.7970235201119067 0 1 3
-8.7240353177173979 -5.2665205333489045 67.8999815254106238 189 228 145
-8.7454714598468843 -5.3517461143905445 66.8471279116187418 111 220 30
-8.6422968183657076 -5.0927994797591465 68.3133059871231012 202 202 142
-8.3135739368222534 -4.9585974785644513 68.7896612979640167 0 2 1
-8.6817834490988712 -5.0619662596085027 67.9209136974000813 0 0 0
-8.9713205653373542 -5.1956701148180908 66.6494279766572788 0 1 3
-6.2261281327709401 -5.5350053143841791 63.0672626270255563 255 255 255
-8.7615923785639076 -5.0197184149667882 67.3210025976082989 0 0 2
-9.0803078942809190 -5.0937182279630671 66.7929035287020270 113 218 30
-8.8934746852764270 -4.9493542293445776 67.6394100537268628 0 0 0
-9.1069445154301558 -5.0210810998709663 66.9775812896059080 1 0 2
-8.5825208114269387 -5.2405139933274159 64.9838049314866595 0 0 0
-8.9987881351266967 -4.9385985681582305 66.6683298662890564 0 0 0
-8.3602853813404820 -5.1470062836300228 64.6560520578581333 56 180 8
-8.8134960981767829 -4.9624723866711333 64.9733962089192403 1 1 3
-7.9914793194670279 -4.3213084396838379 69.4934094510636555 0 1 0
-8.0727837802862705 -4.0264993740664323 70.2765636366196702 116 216 30
-9.3612486823758765 -4.6347847757236353 65.4486757672135155 174 194 123
-9.3941087665111507 -4.5636726517885684 65.6666091852368652 0 0 0
-8.0755417553536333 -3.8241800973725359 70.6787466371286826 0 0 2
-8.3308996863265108 -3.8702051353381797 69.8594412698270446 243 241 228
-8.1161784215776063 -3.8504223207109165 69.6488940797249541 0 254 0
-8.2083747763388466 -3.6436285627518967 69.8944294332887921 0 0 0
-9.7250874413574575 -3.9499177171236566 64.1546124620592479 153 178 87
-9.7048509981419837 -3.8151417432724868 63.8844644725443516 0 1 0
-6.1224700299905859 -4.1178670479399155 59.9368358960847871 0 0 0
-6.0426942387563463 -4.1457180973260881 59.7573117981183302 255 255 255
-6.2414469701017898 -3.9844513973471165 59.9097241805968679 0 0 0
-9.8055174435270533 -3.6407467992283649 64.0113164896208531 0 0 0
-5.6517340988978146 -3.8799434722413131 59.3356655212434063 255 255 255
-5.8143193751543025 -3.8066772387686152 59.0796480595571936 255 255 253
-9.8365224432179978 -3.3500872742717229 64.0925290049782461 55 255 0
-9.7383291184699132 -3.4294050455980973 63.2412894843391840 4 165 0
-6.4074892464245439 -3.6558465503370008 59.6443536649645267 254 254 254
-5.4775866411865497 -3.6734364713629950 58.9892443519472280 0 0 0
-4.6913273464413496 -3.6779061132757884 58.5946452992810976 255 255 255
-9.8896742092756753 -3.2599426068273307 63.0687384539497344 0 1 0
-9.8048360911356731 -3.1233693248735857 63.8688197281368488 0 0 2
-10.0114594198181752 -2.9095594097224597 63.8023284251243297 114 234 41
-8.7265525369639665 -3.1781087763460385 60.6190267990730192 254 254 252
-8.7590489430590885 -3.0475343025094670 60.5425311964313977 255 255 255
-8.6172788662581148 -2.7127363900640624 59.8817565264606415 255 255 255
-9.9518747036675883 -2.4920756101619324 62.1268476108550871 0 0 0
-10.1002555499606572 -2.2120798449178207 62.0765200327260729 0 0 0
-10.0101534392433518 -2.1761469922178200 61.8902644701658602 80 228 8
-8.8631579982408901 -2.3013329995451040 59.7687773079194145 0 0 0
-8.7395558102620612 -2.3033969913439143 59.5655905744300398 1 126 0
-10.2040523852796827 -2.0111330236363094 62.2030641077235842 0 0 0
-9.0056913593894432 -2.1766895379727154 59.9531604528307369 0 184 0
-10.1582217232967036 -1.9527528676523032 61.9586851844770763 18 181 2
-9.5856611848388873 -1.8989070295362509 60.7702726561826694 0 0 0
-10.4388317533570643 -0.5424035351727268 61.2457183109894103 0 2 1
-10.1071697578485331 -0.3806774222955478 61.8318494633821842 111 220 30
-10.4743357331037643 -0.3159346746519670 60.8635977816417011 0 0 0
-10.1770760869576691 -0.1518203888531588 59.9975871464843706 0 0 0
-9.0427440270641242 0.0623965211096555 57.6342020170420923 0 0 0
-5.3069486448138941 0.3985960672207425 55.0804753696947458 0 0 0
-9.0945977564600007 0.2786703310584718 57.5678999330809091 66 243 31
-4.8406981112807514 0.6609875546884163 54.4678725032150055 0 0 0
-10.6194310275384396 0.7403878551332108 60.0919247224455759 59 232 2
-4.7938839507243598 0.7061864430134174 54.2827095006859608 0 172 2
-10.6377068551660763 0.9123434470239624 60.0192731944619666 0 0 0
-8.9885030846722618 0.7164478360848249 56.9396783703530076 77 239 76
-4.9054689383637813 0.9143324532165178 54.2467525712302532 0 0 0
-9.9731443893291409 1.0075574416929176 58.2008751313842652 0 0 0
-9.0100737113621250 0.9475005758512951 56.7611086443867237 1 0 2
-9.7766429645616615 1.1712997744309921 57.9632684645783698 0 0 0
-10.0410873559271607 1.3146255270475882 58.0752965447863048 0 0 0
-10.2907207977999047 1.8070401344048495 58.2590753575465925 0 0 0
-10.1091192296333379 1.7918100216082029 58.0087544293323347 0 0 0
-10.9666747674055571 2.3381543299715086 60.6660300529328467 0 0 2
-10.2174773230747320 2.0653014531018874 58.1459854901241258 0 0 0
-11.0433908939000069 2.2899004952834248 59.0911370838323293 0 0 0
-10.0067798359413462 2.2692064027793482 57.8869034214752034 1 0 0
-9.9483794346924128 2.3422910750365769 57.6628861822419267 74 225 10
-10.0230143339908686 2.4294603892432733 57.7876864431616681 0 0 0
-10.0923436704716298 2.8220561606010039 57.5161125689968245 0 0 0
-4.8926074251675296 3.2292260110213578 53.4699529556052582 0 0 0
-10.0602743313726908 2.9005564935511585 57.1616860438909669 0 0 0
-9.9831066154154922 2.9311179065991055 56.8526233462067196 1 0 0
-10.1867373184414944 3.0552790922764776 57.0604513775787368 34 187 0
-10.1111711860633982 3.1930172920608126 56.9485035696203212 0 0 0
-11.2669049265904402 3.2734504836644582 58.6971450340216307 1 0 0
-5.7062570721006809 3.5477695657730814 53.6545843932713069 0 144 1
-11.3589109774933217 3.4415630448111401 58.9117854835852413 0 1 0
-5.6559450181650348 3.7136657867658358 53.5832223159076904 4 165 0
-11.2510581188262417 3.4951077670105364 58.7139128165634148 40 218 0
-5.5393409146047423 3.7566480047840112 53.4186829047028340 0 0 0
-7.9386259379102242 3.6496268111068293 54.9044747443613019 0 0 0
-7.9378634383506377 3.7870414857163737 54.7221875349953919 255 255 255
-8.2153755222561493 3.9248311605110282 54.9298542699168095 0 0 0
-8.5096003451396207 3.9499526871087958 55.0788367552676874 255 255 255
-11.3084361634478601 4.1781837997499309 58.3748756840748797 255 255 255
-11.2054609564428631 4.1670884300697644 58.2569334085632349 0 0 0
-11.1790163142535945 4.2453252598537663 57.9406644211432749 0 0 0
-11.0188957024443202 4.3776748972546704 57.8112282199975311 255 255 255
-11.3558396609149028 4.6230278673168526 57.9883698242727803 0 0 0
-10.6182684200158821 4.6768274361137054 56.7416560984225313 0 0 0
-11.8711886849513473 6.0391630027512431 58.2820321027373396 75 247 3
-11.4948316422226604 6.3273904315556457 57.0987656189254196 0 0 0
-11.3918223225262167 6.6784893318883860 56.7608979993108846 0 0 0
-11.1829832716057442 6.7521919917801680 56.4819601220903635 255 255 255
-11.4381245780798722 6.8971138904307407 56.7336462756339728 82 225 11
-11.5323625265726779 7.1107312985074813 56.6702500917437462 88 239 14
-11.6084354808851042 7.2174224811380139 56.8651436561817150 0 0 0
-11.8526400684406905 7.3976680598355422 56.9565337568295007 62 226 7
-12.0048921179801553 7.4631518353029920 57.3238934411205037 101 254 52
-11.7975826102131602 7.4709344419283594 56.8023024762556190 0 0 0
2.7883449956796373 13.4353968721898376 65.3226477316942891 84 242 9
-11.9983686581082232 7.6030264701495591 57.2329518096145904 0 0 0
-11.8878164439883385 7.6265070296912549 56.9368647152217875 0 1 0
-11.9608917087759359 7.6778215134354983 57.1018942177366995 82 201 21
-9.2990858505608127 8.0217482954985240 53.8264434900373203 0 0 0
-11.9945615606943186 8.0525331036764651 56.8981745684199112 0 0 4
-9.3217452263684208 8.3434421800364866 53.7973788480546773 255 255 255
-12.0881771985375259 8.1943895408932068 57.0090423302413853 45 219 0
-11.9613202940926637 8.2097728271552750 56.6311057227684316 0 3 0
-11.4239504568575327 8.2868722784439068 55.9672204539894409 0 0 0
2.6804223053111444 14.6663322479797138 65.0960793018042523 106 230 32
-11.5645371861013011 8.4400815987548317 55.9714122901317168 0 0 0
-7.0311413004502734 9.0679303393713404 51.9363170993409611 100 230 18
-8.5520451830774373 8.9648468299996491 53.0477190221149684 0 0 0
-8.9554289032744610 9.1057225315382357 53.2114571821632367 0 0 0
-12.3792338154999157 8.9473614057954904 57.3657802890930739 0 0 0
-12.3414235848105385 9.0076763004155929 57.1588522895585385 0 0 0
-9.5339238014898449 9.3276471695586149 53.6146774393010190 255 255 255
-12.4383900429530527 9.6387178018749573 57.4789551869355222 1 0 0
-12.5029800532906297 10.0156388086087205 57.3543525572730033 0 0 0
-11.6630400485179795 9.9146128588172413 55.3475329323138538 255 255 255
-11.8660269827964484 10.0617873669747002 55.4399605735571797 0 0 0
-7.7977799289797645 10.9162218695814275 51.9304529517814402 0 0 0
-11.7488335615406942 10.2923121218875604 55.3429580323947334 98 231 18
-12.1166716783161039 10.2868038379408855 55.7237385726770142 6 184 0
-9.0545654972353375 10.6490131900099065 52.3948606932752057 255 255 255
-12.2464080428314190 10.3199102455122098 55.8873167559433810 0 0 0
2.4663299956730160 17.4167872096549985 64.0405281252741219 105 228 24
-12.2070494368217677 10.4481808363983095 55.6325349321055924 0 0 2
-7.8815099384085929 11.1675376219300997 51.9109062039881408 255 255 255
-12.6323128516962626 10.5216247874106266 56.5802654298347250 0 0 0
-11.7145667913453764 10.5199370350521946 55.0732228963037116 70 233 6
-7.6709852084729597 11.2664077899049762 51.6709584817123115 0 0 0
-12.2962136975801002 10.5363810944717144 55.8357945263861879 68 235 5
2.6058847013007704 17.5762343681652844 63.8000494774683133 0 0 0
-12.6512691261683905 10.6909105581867632 56.6529330494298691 0 166 0
-12.5916356970688508 10.7092037649326368 56.4067530708420222 0 161 3
-12.5003249436133181 10.6922803122283430 56.2356575051212033 31 204 0
-12.4294055514845319 10.6657507017602367 55.9447041917281851 1 0 0
-11.6473072704812068 10.7192069611244030 54.9893818161806536 0 0 0
-12.4525532424832743 10.7219855367514771 56.0694770254706256 0 0 2
-11.6261256337866783 10.7470862680735344 54.7936355140717382 66 255 21
-12.6932187990482408 10.8377443997634710 56.7632123204291332 0 0 0
-12.6340052618024306 10.8091588220355774 56.5263682606969624 0 0 0
2.6898450678420769 17.9087449050636280 63.8203509973068392 135 219 61
-12.6959868287355366 10.9808149256589509 56.9119262203240126 3 0 2
-12.6608917159632348 10.8890349809055280 56.4332543181468509 0 0 0
-12.7425063568722887 10.9391640319880619 56.6298184455787279 58 246 1
-11.6763861848856205 10.9357867811622977 54.8620232303790800 0 0 0
-7.8679390455381801 11.6281704691187677 51.5166425485231869 0 0 0
-12.6123023166031825 11.0751674416208861 56.7082593635101944 1 156 0
2.4303284576709077 18.1607814756246384 64.1816028571230532 154 201 85
2.5417752022691333 18.0610307885661783 63.5662033242986269 101 231 21
-11.8160613148953502 11.1033160655356102 54.9717291819943554 0 0 0
-11.7224306097498037 11.1283881230148296 54.7945292075869190 44 230 0
2.7774967738187581 18.2998334458425376 63.2754362624293449 0 0 0
-12.7332752646135585 11.2548522582232948 56.8115204666190508 0 0 0
-11.6261416811185452 11.1975422156063189 54.6361946185892933 23 214 0
2.7769492912518166 18.3690977114516087 63.0071761660762348 0 0 2
-11.9726919293914307 11.2264250719790404 54.9907298814103811 0 151 0
-8.2605659746348383 11.8842329941036038 51.7265523753104475 0 0 0
-12.7638055760649873 11.4046492489701077 56.8161447011305825 0 0 0
-11.6832027371071838 11.3448687477859451 54.7514742433231305 0 1 0
-11.9562854267190879 11.3311543504527474 54.8649311094634058 0 0 0
-12.7324664164481920 11.4778135870228599 56.6396141550652743 2 125 1
-12.0682299190067042 11.3841783093981128 55.0279729473055710 77 235 28
-11.5799671290401722 11.4265242519893189 54.4088746926002997 0 0 0
-12.8399745291431930 11.5719444968941190 56.8292559224621741 138 245 87
-6.9958118295552554 16.4979291395245831 68.1504565758899048 0 0 0
-11.6345058022594880 11.5740955315204559 54.5595381517778932 0 0 0
-12.1119491624003430 11.5449644318535292 54.8821161118762859 0 2 0
-11.5747254609058654 11.6171941303648794 54.3223290763739186 255 255 255
-9.2411046981675646 12.0703337917960525 52.2967938862648012 255 255 255
-8.7833897671448025 12.1844266897623257 52.0409085873465216 254 254 252
-7.0489329353772883 16.6334107632015673 67.9039341053137235 2 129 0
-12.2256663753675987 11.6844261914938574 55.1528210796616065 0 0 0
-12.1770137585507694 11.6786649919885530 54.9851607854059452 142 210 65
-8.5168935317703500 12.3865413176007308 51.9520969942419271 0 0 2
-9.7329880584519657 12.1004073611220981 52.5782615835540028 1 1 1
-9.1997926046820222 12.1808191293930701 52.0235904303316019 0 0 0
-12.2864740658800855 11.7858487784989894 55.0115527529083508 18 193 0
-8.2254406958164115 16.6027057299629170 68.5545919733329185 0 1 0
-8.5777618291609130 12.5065448789634051 51.7198420993756756 255 255 255
-9.0455641266900493 12.4629645508261202 51.9406308064741111 255 255 255
-8.6282402566726990 12.7122759130584804 51.6339564484158728 255 255 255
-12.9251270527717939 12.2092545875227074 56.3587212053415527 6 169 0
-9.3226260152728955 12.6286001143689592 51.9672096527840850 255 255 255
-8.8413279501613147 12.7735880700445286 51.7412920075871838 255 255 255
-12.3561503176423102 12.1672525651488179 54.8553531519412942 1 1 1
-12.2418847575531178 12.2153763122726229 54.6896009198693491 44 218 0
-12.8936086869567301 12.3384391887930853 56.1573473252629114 0 0 0
-9.3920560235831765 12.7680406941636964 52.0883615088714151 0 0 0
-12.8493002657728734 12.4508794073873883 55.7911118853459840 11 171 0
-12.5547058563986660 12.4610878631401452 55.0981979292346438 105 255 59
-12.3773417484962351 12.5196648712384526 54.8705957739709689 142 216 69
-12.3002262682352406 12.5100104385501805 54.7022309025595774 0 0 0
-12.6358750340302635 12.6130233810597652 55.0686895496875621 1 0 0
-12.4522705742996020 12.6959152450654074 54.9196757996248692 0 1 0
-12.1416942987363754 12.7861219863737308 54.2456101580492103 17 209 2
-13.1905314705952748 13.0698615723422815 56.1617703803415793 0 0 0
-9.8623206751702810 13.5529428577000228 52.2823782192501412 255 255 255
-12.4966864475893757 13.6422164989343173 54.3845084429118373 97 255 48
-10.5835747846175376 14.0620805784920258 52.6179672111359054 0 0 0
-10.3969347870596351 14.1061841294769081 52.4073527643078307 255 255 255
-10.1502803199782345 14.1681018805619079 52.0754994926440489 255 255 255
-10.5880287731731908 14.2496536147112387 52.4247279011851077 0 0 0
-10.8489996815397216 14.3368895018212097 52.7630081660774337 0 0 0
-12.6239795541160049 14.0511008668335151 54.3976333912387418 0 1 0
-12.2346246602408080 14.1158456828732124 53.9156745791461276 62 255 16
-11.9097122846824242 14.1939963210765026 53.6332211530353291 0 0 0
-12.6650007747028077 14.1150575394232387 54.5550746595014715 49 217 0
-11.9134729973805946 14.2981827144754874 53.6329206223942805 0 0 0
-12.2502224528465220 14.3836707785763558 53.7981255217521905 87 239 14
-11.1840157750422549 14.6283805008903531 52.7565514040930168 1 0 0
-11.2631023823142193 14.6703604595464725 52.9252323559275766 46 225 1
-13.3391807222567245 14.5744800409853994 55.4872743717544310 0 0 0
-13.0867579166337613 14.5915852102272758 55.0987063632930045 59 223 2
-11.3622967467807836 14.8567339023521345 52.8640525712799274 0 0 0
-13.4061269302619639 14.7294930363483267 55.5493101576042108 137 255 98
-13.1883236795034318 14.8349111719063682 55.3239875736392648 0 0 0
-13.3724278065616584 14.8392180650129717 55.4175751920894371 0 0 0
-10.8139141074508522 15.3877550347197261 52.3082513505152207 0 0 0
-12.0689473797810809 15.6217816042921225 53.2267809571415214 1 0 0
-12.2134453184896081 15.8761558329639971 53.2371470164369356 0 0 0
-12.5255270586097236 15.8789852886984981 53.7313405614071442 0 0 0
-12.5311200243971737 15.9377557854994194 53.4607368322676919 0 0 0
-13.4360330603868636 15.9750812769916202 55.0094683197986924 1 171 2
-13.1126760386765024 15.9481957660491176 54.1488210171895545 0 0 2
-13.4347477477932671 16.0015739992144255 54.8311359518551384 0 1 0
-13.3472434504467827 16.0919664440162364 54.6028584127109440 0 0 0
-12.6114807975576593 16.2548188804103724 53.6963065031010842 0 0 0
-13.4781038887816020 16.2048056142238615 54.6889003934448752 0 184 0
-12.5804482973231391 16.4426492833835631 53.4218807036583598 0 0 0
-13.4673864578325055 16.4077879116305816 54.7162806600185974 1 0 0
-12.6391182171004850 16.5062942624594626 53.6269022246240112 0 0 0
-13.4682614030082952 16.5622276814483733 54.8358926294280522 0 0 0
-13.4746565893391033 16.6399509524089737 54.6748535879824118 0 0 0
-12.7636593944159671 17.0977578716554994 53.7441542578306226 0 0 0
-12.2234173230531429 17.3004358711404720 53.0296266729906307 42 228 3
-10.8967473816682610 17.7251540505957195 51.9430169005814335 40 219 0
-12.1971853259551448 17.4282396751936695 53.2328079564040095 0 0 0
-12.1104544987783456 17.4843102779383628 52.9519465308414041 0 0 0
-10.8593654801587292 17.8844840142091144 51.8082363335490399 0 0 0
-12.2182613732354177 17.5558397553345245 53.1272127240916348 140 243 89
-11.2802828025389612 17.8385665234473336 52.1961415934520261 0 0 0
-11.3553332484871117 17.9248376425799769 52.4717683940341573 0 0 0
-10.9442708651617160 18.0074915499877264 51.9302332997629108 49 248 5
-10.8012124265431719 18.0544340268324639 51.7288881772944293 0 0 2
-10.4616112783706168 18.2042328135271205 51.6063806066425315 0 0 0
-11.0006720563818057 18.1608930343962385 51.9921280645150432 1 1 1
-10.4870199757648130 18.5783104028594543 51.6260547416180984 128 247 77
-3.8233643766539256 -7.0558940626219719 67.0666446707178352 0 0 2
-3.9587016275064872 -7.1140624725316020 65.5814472526054999 167 198 104
-0.4793083449598076 -6.6598313372688311 61.8225946946609000 1 1 1
-8.4248232082397276 -5.6690263803572849 66.4593031791532383 27 173 2
-8.4902097993129839 -5.4943737704597693 66.2587929732756891 0 0 0
-9.1195837635267978 -5.0524739889842065 67.0097059131863091 3 8 1
-8.3079446775819221 -4.6923734216883135 68.8336196743820494 165 219 105
-8.9706495688486090 -4.9515002171990243 66.6468207035075721 0 0 0
-8.9334135061103002 -4.7196627886643370 67.6478683883398872 243 241 228
-7.7024934816523540 -4.1996634878725505 70.0566219069256562 231 231 203
-9.3632607826092116 -4.6645140973291026 65.4633987672209088 192 197 131
-8.1193513691802224 -4.0432084991301886 69.3694800687953972 237 236 215
-8.1554933590462682 -3.9241284324312273 69.6328657398183566 3 254 1
-8.2095610817009810 -3.6120010941802954 69.5333718577257542 243 245 234
-9.7478545775472618 -3.9266972238571798 64.3925854567757909 0 0 0
-9.7087500770585482 -3.8485967902803604 63.8597076361481726 0 0 0
-9.7913499612745039 -3.6397574873455367 64.0330026452524237 0 2 1
-9.8127515892021506 -3.6050182418905270 63.7198086994969159 164 183 101
-6.5122644731991279 -3.7917326070139996 59.6502311583779132 255 255 255
-9.8458770631879986 -3.3395255660489660 64.0853549649526855 66 252 1
-9.7333051820484080 -3.3391900576421101 63.8720670517493048 0 0 0
-6.4332824480878612 -3.6539725358504351 59.6593560756981987 254 254 254
-7.6233986687938398 -3.5910063456381471 59.9039918334123129 255 255 255
-9.8106519154752263 -3.1442392323444781 63.8777875776619837 0 0 0
-8.6735164290950468 -3.1549799674807772 60.6007314415110159 255 255 255
-8.8333390302913166 -2.3435904291713840 59.7964331559715276 0 1 0
-10.1555706250342368 -1.5221052078789523 63.3636674802387461 199 219 156
-5.2494764857491640 0.3534204480548163 54.7461116435912913 0 0 0
-10.0732136907544358 1.1843147787192969 58.1992101291616208 73 245 3
-10.6394536488888942 1.7693478740362842 60.7596477872688965 0 0 0
-10.1592577083539304 1.8957463725011565 58.1356655448498501 96 234 16
-4.4243142048568114 3.0327414765761880 53.3381823860932087 0 0 0
-10.0410378964318561 2.8615535950062725 57.1398903384532559 0 0 0
-4.6323431127020003 3.2883558165371998 53.2406192646944021 70 237 7
-9.9812289548927886 2.8983422362652607 56.8879867498068990 0 0 0
-10.1141014093794546 3.2313427913997685 56.9657360266401369 0 0 0
-5.5800841277847448 3.5584111702146282 53.6554586704272438 0 144 1
-11.2736278354225448 3.4959021531806900 58.6852873721858472 71 244 6
-7.9829567596108220 3.7815041104591183 54.6947737193470758 255 255 255
-8.2477670709789095 3.8798315604024691 54.9388735475851533 0 0 0
-11.2358722842610543 4.0022625089069246 58.4627074854317712 0 0 0
-8.4926240259529830 3.9911856037419313 55.0680173774410733 255 255 255
-11.2439987549811455 4.0574854895420689 58.2348943068408289 0 0 0
-11.1471963978694575 4.1804817230354274 58.2634853884503983 0 0 0
-11.1696511914334362 4.1589997818138560 57.8440029584841326 0 0 0
-8.9332122324478878 4.1925249868871237 55.3414845081920035 0 0 0
-11.3020892017754271 4.2418146301273589 58.0986873713139360 254 254 254
-10.9914781666690704 4.2726261817995805 57.5481639862307048 0 0 0
-11.4193205244015594 4.4857943275035463 58.4980960875884861 255 255 255
-11.1693636562250944 4.4621969921464872 57.7422912304807241 255 255 255
-11.2400638982333199 4.6357008636319561 57.9849514297166735 0 0 0
-11.5395089680040979 4.8038099395742897 58.5185118093735355 0 0 0
-11.4526867919283006 4.7953599272320178 58.2348689201211869 255 255 255
-11.4906998882377422 4.8226723760115675 58.3153400916546190 255 255 255
-10.0714166709374826 4.8598211495671428 56.1330117757053344 0 0 0
-10.3723748681668084 4.9184343061936611 56.2523705246965520 255 255 255
-9.9840418001371578 4.9204660573799304 55.7953447522784103 0 0 0
-11.4947331786843563 5.1026338788190939 58.1463477404254476 255 255 255
-10.1076670279802219 5.1327641432633770 55.9975329035153990 255 255 255
-11.6068003349207434 5.5108239043107767 58.0557998658993952 1 0 0
-11.8317111940906923 6.0312598431337774 58.2747248144672341 117 215 32
-11.8228776906339643 6.1403944647587361 58.5734168957852859 0 0 0
-10.7306302572793282 6.0930244422611386 56.1991658298224124 255 255 255
-11.4187620399494936 6.6676691391500169 56.7834642165782739 0 0 0
-11.3435996378146733 6.9029708144866122 56.5212507278501164 0 0 0
-11.0803601701669354 7.0672156692893351 56.3314796049921185 0 0 0
-11.6022630225113179 7.1985218948517860 56.9001715863549009 0 0 0
-11.6235766699432066 7.2806762621268302 56.7029875952347169 3 171 0
-12.1964878864335233 8.2656810907352245 58.0100532015395274 129 241 69
-12.0857181785005565 8.1787726370239291 56.9984824056643333 76 230 8
-12.1324104405991324 8.4460379352203994 57.7836741158713636 0 0 0
-11.6386026214513656 8.6022651450360783 56.0149627753538439 0 0 0
-12.3308605885191316 8.7452324162308432 57.2157072627003700 26 198 0
2.7199014625784126 15.0210674643841902 64.8218070193068030 1 0 0
-9.2479604387973069 8.9827110806364541 53.4259193035924440 0 0 0
-8.9713827551842282 9.1246556457439763 53.2387947717564955 0 0 0
-12.3692512465491262 9.0063381147348522 57.1149884984110443 0 0 0
-9.5767064448223849 9.3515704704707900 53.6477210911134961 255 255 255
-9.2666511294216267 9.5942969708567301 53.1688818271499528 255 255 255
-11.8687296905042903 9.3388667682143893 55.8301523493959380 255 255 255
-9.7802500743558429 9.7569881988782949 53.4556763151531200 0 0 0
-11.8757414295790937 9.7946942606595684 55.6554430323221752 0 0 0
2.7288564322480924 16.5479917556194636 64.2578584676228530 0 0 0
-12.0224618671168493 10.1369233784611161 55.6117188377809910 83 240 9
2.6072693856673124 16.9899239200402441 64.1329108022247851 1 0 2
-12.5993652637246711 10.3485314946835096 57.1575205369946531 0 0 0
-7.7542048006888047 10.9532554599859324 51.9874374294937383 0 0 0
-11.8094664576592425 10.3157484332595217 55.3544758755785580 36 208 0
-12.2464676073053447 10.3060500796117047 55.9072386369267207 0 0 0
2.5800177028807449 17.3634924603861798 64.0472152602997795 110 221 28
-8.2223666185574391 11.1295483775899946 52.0865027863371779 255 255 255
-12.2828125951013281 10.5376546023288711 55.8762284121925532 13 187 1
2.6497037769003997 17.5913148729869278 63.7912872933001012 1 0 0
-9.3338349269291125 10.9483230291986668 52.7796657835836527 255 255 255
-7.6708548721348206 11.3067282318338584 51.6843311762932345 0 0 0
-12.7108262225519422 10.7529628264230350 57.2279596965956685 139 244 89
-12.4092348738012799 10.6950136053893115 56.3278374321442286 0 162 0
-8.1039769715666470 11.3098223198886441 51.9755346871945960 0 0 0
-12.4097255001857061 10.7127642973013000 56.0164319115171665 0 0 0
-6.0408846585897882 15.7954610267396909 68.2647872404579203 1 1 1
-9.5696679111498959 11.1543219739477522 52.7759398826354413 0 0 0
-12.6332502330979040 10.8999740148444637 56.4402467311954794 1 0 0
-11.7271009607998806 10.9129392946185639 54.8495508086407781 0 0 0
-8.0502390380875273 11.5892646495841340 51.7241866488694413 255 255 255
-12.7156351336107303 10.9968219071629782 56.6586881539228742 26 208 2
2.4636047323951176 18.1788130180756902 64.1869269099796327 149 199 76
2.5624426623440075 18.0422452406835028 63.6291722598573060 108 225 23
-9.2861679407892623 11.5000022670957751 52.4837029868030740 255 255 255
2.7801479119992503 18.2671740144453487 63.2563669421722494 0 0 0
-11.5018812262364776 11.2455429523480941 54.6780476737683898 25 221 1
-5.9755631027158023 16.2577503371287300 67.7317260246665853 1 20 0
-11.9732930833999696 11.2318997187709098 54.9968776804997290 44 219 2
-12.0746026669782136 11.2855627531641272 54.7892519277625922 0 0 0
-11.5462735475343337 11.4034777633649469 54.3927103067716118 0 0 0
-11.1738270124276760 11.5110204329471699 53.9148400471933940 255 255 255
-9.7171399633199513 12.0919182317527962 52.3633136338475467 1 0 0
-8.6345841609049092 12.4557424522276055 51.7567127122842976 255 255 255
-12.1450241257529843 11.8425861422927081 54.7957050708837556 0 0 0
-12.4744913030747338 11.9786419770755774 55.2229419200716691 91 235 15
-12.1775911313152427 12.1619780409906166 54.6809191246155706 1 161 1
-9.5178694374072652 12.6391886081689204 52.2692428836276264 255 255 255
-11.1467683367332793 12.4611498933144080 53.8285579583811611 0 0 0
-12.4801791961809840 12.3119385475312679 54.9992741649825447 0 0 0
-12.3754060980665272 12.5255725170373573 54.8834894469462995 84 241 10
-9.7250661096342750 13.1482844649891764 52.3572533004292566 0 0 0
-13.0079761346194775 12.7648013175341717 56.2870345812055817 0 0 0
-12.4627412798032058 12.7279053320094047 54.9542600706752893 0 0 2
-9.6195315475697818 13.2321336666025928 52.0937412010128043 254 255 255
-12.4285382297379439 12.8046589380433549 54.7491308852213692 69 238 21
-12.0815531622340551 12.8132565600004149 54.2094749872036274 1 180 1
-13.1372017701129007 12.9646168710186007 56.3322730394351581 153 244 107
-10.5632285832210222 13.6103414157588265 52.7663560563958427 1 1 1
-10.2744570067379541 13.7051188351962399 52.3810381279642243 0 0 0
-10.2836065761529021 14.0089313496539543 52.2402727089634524 0 0 0
-10.1425827287595727 14.1982272859562855 52.0499915659038592 254 254 254
-12.4360251134570543 13.7843701816139674 54.1805372412109421 0 0 0
-12.5522578187140184 13.8729570585292397 54.3642746592524588 64 241 2
-10.2388662986923844 14.3706544126407358 52.1162132192060170 255 255 255
-9.5110911035171810 14.8394185534557312 51.4373181015194945 255 255 255
-12.3348994693366656 14.2488058744622084 54.0485983505779970 0 0 0
-11.9127215006212328 14.3437147305148347 53.4488243976235680 31 222 0
-13.3809306531713776 14.7317033231880234 55.5557176835766597 144 246 102
-13.5008457186520019 15.6220002375321911 55.1939558251548945 0 0 0
-12.3518608462838539 15.7526200281171533 53.3869016482836045 0 133 0
-10.7209908111363621 16.3879638826520164 51.9703695916846300 0 0 0
-12.5051366739721868 15.9838951231185913 53.4253808513364561 0 0 0
-13.4060627727326676 16.0029232488851676 54.7990309433644711 0 0 0
-13.3435249425692071 16.0575096123476264 54.6224069065736657 0 0 0
-13.2084165840564900 16.0871558025994297 54.3426911974175866 1 148 0
-12.6911874321449378 16.2282181325326675 53.7483742144297167 0 1 0
-13.5211731274505063 16.2050618660564965 54.7617093493597835 0 148 0
-13.4420090749342194 16.2720520649205227 54.4460649726357317 0 0 0
-13.2297763359538489 16.9660107964367093 54.3497722742621718 145 241 92
-12.6871520664759974 17.2460059701803772 53.6219012598341251 122 253 87
-12.1167685968522232 17.4638322974399216 52.8858560310694017 0 0 0
-11.0798831641001279 17.8183168767426316 52.1213306294603527 0 0 0
-10.7165856957166987 18.0308665177924183 51.7257383116833793 0 0 0
-11.2928208071798100 17.9223808276167702 52.5268327680331808 0 0 0
-11.7898426598365020 17.8088507778378080 52.7562219669357191 154 255 121
-11.7469512647900913 17.9287187575997429 52.8356689490639440 136 240 81
-11.1624025641952525 18.1814530156933820 52.2016431734612567 142 248 98
-11.2800227799601931 18.1968425216419725 52.4439681195163132 136 238 77
-10.5540182659847712 18.5465877840122708 51.6396276778138485 131 247 78
-6.8274507210803081 -6.2784999638316616 69.3363981859457255 147 196 71
-7.9200486723409993 -5.7091801895272090 68.8032212131210059 41 42 37
-9.1626691443038943 -5.1168613376153562 67.0975021966716980 0 1 0
-8.8872319845473431 -4.9779811366226907 67.8615179434236921 0 0 0
-8.9008254358325285 -5.0108618625958981 66.5722923425921635 16 30 13
-8.9007686891152140 -4.7729895012941315 66.9822878287694010 220 221 181
-9.3680497608373905 -4.3748203883704635 65.2922920381806051 0 0 0
-8.1076402158202203 -3.6536047173539239 69.5364645277748679 240 241 225
-9.7531870704200365 -3.9990338046789700 64.4529360626750361 0 0 0
-6.2129235744706861 -3.6462522794586900 59.3499021872071211 0 0 0
-9.8118769744311116 -3.2604613696394664 63.7515987587922055 0 0 0
-10.0181958553074519 -2.8390246938229589 63.8207652677264292 44 254 0
-8.1509318794743564 -3.2257754849762126 59.8138353938618081 0 0 0
-8.7287391046139717 -2.8419893710440673 60.3541393768360308 0 0 0
-2.2027735811773703 -0.8817924106185517 70.9474410292514506 0 100 1
-8.5791442545324070 -2.8462139858011151 59.9728726896280975 255 255 255
-10.1903748409048163 -1.2213310539291835 63.3423352605628409 250 251 245
-10.0498663271599753 1.1659142514308767 58.2136770690549810 26 198 0
-11.2471055405590672 3.1320720241527553 58.6836893093310792 0 0 0
-7.5851526204083566 3.5019055365096321 54.6679379342773757 0 0 0
-8.4614395895871439 3.8142366769164271 55.4130439435594866 0 0 0
-8.1150989459102298 3.8296550162130840 54.9944691298306196 0 0 0
-6.5649380623911826 3.9655396966596528 53.7520011285524291 255 255 255
-8.5833615104456218 4.0527226243403325 55.0563843229813230 255 255 255
-11.0942283585579684 4.1787696221192592 58.2648690784650043 0 0 0
-10.9305713630631036 4.1394172544740648 57.8919866329063169 0 0 0
-8.9524050146810321 4.1625769753857300 55.3701773119487157 0 0 0
-11.4103453989144974 4.2852658116411293 58.4265580483026667 255 255 255
-11.0139257854443304 4.2770173953942354 57.9205699942673391 0 0 0
-11.5477534835850886 4.7696672903307746 58.6118528609442961 0 0 0
-11.4935003483439662 4.8439966315698264 58.2818776083327137 255 255 255
-10.3031307881707370 4.8638930954979953 56.1488037817627159 0 0 0
-11.4232010542563209 5.0062552490228800 58.0507298146375064 255 255 255
-3.4048677432111520 5.8690366480103089 52.0495279176606545 0 0 0
-11.5752010101394447 5.2189547328046793 58.3482966953564528 0 0 0
-9.8018523908666371 5.1735169169272472 55.7010642908899172 255 255 255
-11.4849823558342852 5.4509894720136494 58.8044999571674083 0 0 0
-8.9688477075252209 5.4296094339497980 54.8359007139596883 255 255 255
-11.6635145890372485 5.6858733952444158 58.0304542126160996 0 0 0
-11.8938223963367822 5.9697522424790508 58.5798901509786347 0 0 0
-10.7070279287814127 5.8876771761098743 56.1703788172506435 255 255 255
-11.6096446209621469 7.1602741619773633 56.9898334406688392 0 0 0
-12.0654419152179315 7.6836780046678141 58.2811149420643702 49 254 1
-11.2053738413321504 7.6133111948337069 56.1243972556593960 0 0 0
-11.8842949197165098 7.6158349716158691 56.7983161308925730 0 0 0
-12.0948267352246592 7.9960130832911194 57.8932790243784652 0 0 0
-12.2129370010913316 8.2875259851143834 58.0489285245461701 59 255 0
-12.1435326717466410 8.5165836834491486 57.7132778409124967 0 0 0
-11.5220245076527981 8.3784796263703782 56.0162362971709697 0 0 0
-12.2962059940006245 8.7697897772100344 57.8515438559243265 74 255 20
-12.3066166273980322 8.7094955764616735 57.1979763620698378 52 224 2
-11.8923054728224979 8.6934427690091862 56.2517237727014319 0 0 0
-12.2663009709743331 9.0727685219928595 57.4910579384632285 0 0 0
-9.4306951264773193 9.1719221770929540 53.4137304790699332 0 0 0
-11.8642273991844487 8.9925721660076547 55.9760888825703589 255 255 255
-9.6500467408323445 9.3944193629183346 53.7172418125573046 255 255 255
-11.8996776103671618 9.8234728082702762 55.7260754790423931 1 1 1
-12.4710880193098586 10.0791702811991737 57.3127364925884919 0 0 0
-7.2085407697444666 10.7817564013386367 51.8537049901832106 255 255 255
-12.9340490550469820 10.1495503788068255 57.7122105237856218 85 247 22
-12.0059679741410363 10.1682289246919542 55.6092011358749545 57 233 2
-11.7931450062130221 10.4424141705723361 55.2202221041499399 125 232 58
-12.5925577982507466 10.6281850751487550 56.9684057083780857 0 0 0
-12.4752660475872030 10.6949378285530692 56.2837393798817303 63 230 3
-12.7340084017572241 10.8692385514038605 57.1233968665320901 96 250 38
-8.1421956950247072 11.4256649274968769 52.0668130029169802 0 0 0
-9.1254758888195244 11.2215229770556846 52.3206920916906881 0 0 0
-9.4474838507449839 11.3004476194611758 52.7938785808035718 0 0 0
2.4656750557564617 18.0143710090430709 63.6981871678935576 81 243 9
-12.5752247667919086 10.9877049152362716 56.3857551989144454 0 0 0
-11.8485137168714196 10.9315817364011885 54.9632254235583773 0 0 0
-9.7030791808236003 11.3176254520309545 53.1862226181804587 255 255 255
-11.6733384519943986 11.2072843114401035 54.7036299337569289 25 213 4
-8.2324695548001650 11.9111699416036458 51.8795662079875513 0 0 0
-11.9626560198491525 11.2408615291440874 55.0285215649315589 41 223 0
-9.2758835607322574 11.7238616009984753 52.2307738989723020 0 0 0
-9.3699130392278231 11.8887977659821509 52.5724774362915568 255 255 255
-7.0948417801992720 16.5038483535906693 68.2287637183413977 0 0 0
-12.1953557034253315 11.7970664912462500 55.0449692760986338 104 225 22
-12.1226571023411527 11.8200004572788053 54.7300141450822935 0 34 36
-12.9808906098115937 12.2773214576599567 56.6430831455673740 112 242 48
-11.2764739162770056 12.3708726501208250 53.9509498429488730 0 0 0
-12.3247197367917156 12.2427763843910533 55.0087356522077684 0 0 0
-9.8689217793867776 12.7132914463138995 52.5894581003192911 255 255 255
-9.8198237663320516 12.8231044770784717 52.2782916326160318 0 0 0
-12.3754935372154407 12.5445186707591567 54.9056598038787556 32 209 0
-12.2896316534954728 12.4942907208299445 54.5974415584604600 1 0 0
-13.1403873049324975 12.9885085782665275 56.3774019259504229 117 244 51
-10.1026663679582178 13.3040270580456212 52.5760198112702000 0 0 0
-13.3092791787043119 14.4164274607645311 55.4739587090764985 0 0 0
-12.2505824790128930 14.5382161054127899 53.5123410119553640 0 0 0
-13.4183333444371478 14.7296097335335290 55.6012927324759687 57 254 0
-13.4900894169951400 15.5818423748659480 55.2056080677537366 0 0 0
-13.5770799792077401 15.9245669777153118 55.2056463020648209 127 234 60
-13.2208577848870128 16.0224421419495151 54.7459748858889910 0 0 0
-12.9092299731997446 17.0706413078621075 54.2333999109012339 121 250 71
-12.2351824259244282 17.3832177144631785 53.3627158384572695 0 0 0
-11.1809277489975649 18.2063646628419384 52.2428465648962117 141 240 87
-9.7984320743412425 18.6952073651277217 51.2221071121758342 1 47 1
-10.6398750033593696 18.5160769444438067 51.7202105621158665 145 237 90
-11.7845199863475614 18.2998617450035646 52.5717179229245630 129 237 63
-11.3583992899854813 18.7962674704054962 51.8758669745605303 0 2 1
-10.1288819171792479 19.1343018742020732 50.8224603156896464 143 232 80
-7.8588796114493071 -5.8084852555163806 68.7497754484667354 8 8 6
-5.8106194015351482 -5.5665295504373082 63.0006237753724818 255 255 255
-9.3555161181604287 -4.1807367862213987 65.1222725344242264 0 0 0
-10.0379649990867463 -2.2691115845356182 64.0873471139869508 0 0 0
-10.2196763620686699 -1.8599070109837061 62.7137143638209409 0 0 0
-10.6569363057301079 -0.7673710840701737 61.9918815594374166 0 0 0
-10.9738785969035000 4.2277497540904081 58.1078273976701993 0 0 0
-10.9878997393401256 4.2714408480164758 57.8724196651100868 0 0 0
-11.3447593967028979 4.4043771293521523 58.3167073485874781 255 255 255
-11.5205332340677202 4.9755424315699539 58.1832490047020627 255 255 255
-9.8840602698052606 5.0111562272076657 55.8587065944020225 0 0 0
-10.3734376706322600 5.2201513310578926 55.9856880609803227 255 255 255
-8.9829385224328480 5.5270275126548478 54.8628229900332158 255 255 255
-8.3760241162436628 5.7588620663197680 54.1829852658525937 0 0 0
-11.6641731864757734 6.0505856380720822 57.8129964173924904 0 0 0
-10.8763041226141706 6.0965154308775960 56.4416882395636179 22 22 22
-11.1243617314282623 7.4091899867655959 56.0812452428558856 255 255 255
2.5082877448411733 14.6826389226286480 65.5860125020243174 154 204 83
-10.5843462658259106 8.6233842453394267 54.8397707641504439 0 0 0
-9.1680500915493699 9.1671847529098276 53.4468031006574975 0 0 0
-11.8142761385890065 9.0083814402524407 55.9567565068636696 255 255 255
-11.5534417744181397 10.1729873677467211 54.9496991317432233 255 255 255
-9.5987320365288777 10.7837054945437192 52.9057352451337835 255 255 255
-9.5072381603069491 11.3568370076208751 52.8073019221219582 0 0 0
-10.9323083442888471 11.3600249400686693 54.2062011170562812 37 37 37
-9.3794349315242105 11.8419020543804265 52.5920915567389216 255 255 255
-10.3920096149162084 11.7482438346116034 53.4418253516302144 0 0 0
-9.8888583958494642 12.1754166267002990 53.0038176560835126 0 0 0
-11.4732361352069283 12.1212764957864074 54.2121319099724701 0 0 0
-10.2776167327582542 12.3713192080572245 52.8630837355264376 0 0 0
-13.0098784917292658 12.6305192863202826 56.3796225844236787 0 0 0
-9.0995709019711537 13.8568475156813786 51.5431612580432201 0 0 0
-10.2664974571598009 13.8193065094490990 52.2064312239147768 0 0 0
-10.1666539163933738 14.3654608273677606 52.0066191451795490 255 255 255
-13.4067726852526974 14.7296930022641011 55.6230218608322318 137 237 76
-13.5147404484681690 15.4937618313307279 55.2298479059202592 0 0 0
-13.5735015350008315 15.9568183481145862 55.2509789234383746 112 249 57
-12.7582670473889497 17.4140072286379031 53.8041278582169795 124 243 63
-9.9126159267295701 -2.6390852323162357 64.1228202819544038 248 247 242
-10.8165354622159402 3.9935947685674078 57.7912190296607520 0 0 0
-8.9753282768207061 5.7211131031184399 54.9624617916846745 255 255 255
-10.6427484645919552 5.6747715130314580 56.5883331751680672 30 34 33
-11.1898772727517954 7.1752768462686252 56.4725040764250039 0 0 0
-11.5509419457726494 8.2831028885014568 56.1287800895114728 0 0 0
-11.7539970349266003 9.0364253069412008 55.8511727367052586 255 255 255
-10.8704885587605240 4.2719712587023135 57.3619133904580920 0 0 0
-10.8968071470552381 5.6507336215411348 56.6468879472964488 33 31 32
-10.9580407784662963 6.5238662170179005 56.1886601757062607 255 255 255
-11.8453780494213259 9.0194054574351643 55.7137681300140173 255 255 255
-10.4452881086665652 12.6238364164335977 53.3352231949596671 255 255 255
-8.8506483144635162 12.3721780639905443 51.9589295229017623 255 255 255
-11.8735542281869701 4.9599250924553084 59.6779224339407293 114 250 62
-11.2078529548124859 2.7963458235130059 58.9491851081112372 119 238 52
-11.6384941743872545 11.2228089232880421 54.7041124370741230 0 162 0
-11.4975794553509125 14.5673670248649909 53.1363070473189296 79 243 9
-6.0692795978675216 15.9268489884917113 68.1835700989782936 68 197 8
-5.2485152771683579 0.5672418029423119 54.8821178786568140 64 238 1
-11.6939005868530028 7.2871631765121672 56.8503417126946218 0 57 0
-4.9086699441901498 1.1998256338832805 54.2635953656538419 3 159 0
-9.9849343853380610 3.6681893138003443 56.5145842394216444 6 157 20
-12.2952685589053310 13.8722050628979972 54.1845290845161927 0 0 0
-11.4009117521865182 14.5026598635307469 53.0816591556119945 2 98 1
-12.2994427965089486 15.7531407425546224 53.3764592407360539 45 243 0
-10.1684417423417308 16.4101386376382017 51.3963521039578382 0 84 0
-9.7546151928857974 -3.3637375836542858 63.1333457447219288 0 134 0
-11.9996840038381425 11.4319552193828660 54.9679305134396898 35 220 2
-11.5086395606123197 14.4454455849706633 53.4649963998103033 66 254 9
-11.9035607045433345 11.3348223350200445 54.9188045622620962 0 1 0
-12.8530261421914922 16.1331243622954261 53.9879327592633018 0 126 0
-12.1156959686667456 15.7482836773654977 53.2484661661576766 0 153 1
-12.6531481598746574 16.7356936010525317 53.5412892407934820 10 181 25
-9.0252987326535443 0.1198691341735727 57.5432248080949336 1 20 1
-12.9396480815916028 12.3049193627676186 56.3152022407620763 0 126 0
-9.0065888143444681 0.0420719000015242 57.5585136953886476 0 49 0
-7.2604141461298379 2.7967201135356050 55.1195485234259053 0 0 0
-22.8602302798218346 -4.3560944466456277 43.9516680684612453 0 0 0
-20.5026691751952335 -6.7174529161902070 45.0286331261097175 1 115 1
-21.2164344167248515 -6.5788595034307615 44.8567469477084231 168 197 105
-20.5150286008389564 -6.7280379047236654 44.9406187423215115 1 121 0
-21.8700888500665194 -6.1778811102523550 44.4041747961322741 0 0 0
-20.3678800593909521 -6.6404828917684364 44.8781618682704604 0 0 0
-20.9798193514822735 -6.7095868985432334 44.8357087835936525 194 203 146
-21.2135117246958700 -6.5694475642879873 44.8455058206949602 180 195 126
-21.0674014513369769 -6.1558418143791478 44.6362719480145742 1 0 2
-21.0594874596876345 -6.1498106420952405 44.7448445014783829 1 0 2
-20.7506401904150302 -7.0966713133917585 45.5883261385289273 0 0 0
-2.2493017311897234 -6.9826855889498756 62.3598409973118706 0 0 2
-2.4622289013777174 -6.9049638882840609 62.6055180391210371 80 231 32
-1.5061410811701994 -6.9139120589220413 61.9599181457620034 0 147 1
-1.4065485299428013 -6.7351810449072511 61.8431459304401727 0 0 0
-8.1569184568387296 -5.4588704106724375 68.6974751133423780 2 2 2
-9.8527754983123206 -3.4542018009075970 63.3545407236135887 52 193 1
-9.9227969195061299 -3.4157900979746225 63.2134694849124799 80 230 9
-9.9210011283895856 -0.8603282171473087 62.1987145382452979 36 229 0
-9.9321640158640925 1.2089379610549105 58.1040859832757803 38 215 2
-10.7095123853168097 1.7042464671701376 60.9822176198738717 133 236 69
-4.8798274367014862 1.7692973218718553 53.9257594451436404 34 199 0
-4.7905586549719184 1.8657738735833498 53.8201661550036974 54 209 9
-10.9890589740395921 2.2077534708553546 61.0351107211086941 0 166 0
-10.0132830764455338 2.1451756393455912 58.0110652752927294 0 1 0
-11.3032741004227368 3.0490021466383297 59.1866409476518243 0 0 0
-11.2861017908109851 3.0455960272222260 58.9000792558830213 73 227 7
-10.1645065255764830 2.9999092712269912 57.1047911797009817 66 208 25
-6.8797683939404362 3.8696648329062548 54.0488518530006132 255 255 255
-11.7421342883377395 5.6313050425285516 58.2910565681405544 166 255 139
-11.7804178967116240 5.9926207215185254 58.0505479517138525 105 246 43
-11.8207612901099388 6.0201660925270408 58.1493897159675157 1 51 0
-11.7540932785615659 6.0474183116058899 57.9299517623582716 99 231 119
-11.8200327248036512 6.9042356551324460 58.3611681740211807 0 129 1
-12.0096995849113508 7.5141483423410342 57.2166524972479493 0 1 0
-12.2853510274768389 8.7431445666378256 57.0598052553389294 0 21 0
-12.3150785280107122 8.8469162173761084 57.1386815485273303 0 17 0
-12.5585821512493894 10.0231042280562033 57.3728164802495542 2 4 1
-11.8564871474673996 10.1642433137272121 55.5345395972873845 89 238 12
-12.6271915188782025 10.7427004148567740 56.5892142300989818 39 214 0
-11.4292747424764478 10.8579156796628560 54.5578931092139641 3 0 0
-11.3959786423563418 11.0175654097115228 54.5138659282501763 0 44 0
-12.0446945770730345 11.4379211216951528 55.0187031159965869 149 234 91
-9.7053168586689331 12.4564090508732583 52.5382221160105232 1 1 1
-12.0990834572346966 12.1225067777050466 54.7014526226871993 74 255 36
-12.1442299752113492 12.3024226423627354 54.6149679241582717 0 76 0
-11.9466506133457528 12.9834908804826874 54.0870840291703416 1 37 0
-12.4780541602636319 13.9339531347665222 54.2870995857146497 0 147 4
-11.1540657434281112 15.0665131214414600 52.6282097628956578 76 255 52
-11.6238479654625877 15.2641668859238901 52.9714606848195260 88 215 124
-12.3817507724207392 15.4151840743927409 53.5964564199118101 92 214 137
-10.4139326310353546 16.5611279785629293 51.7198044027442450 2 176 0
-7.2247173507568441 -6.2683156233369024 68.9481995100435086 185 209 135
-1.6732357718429507 -6.8517832741185050 62.0223940362566069 90 247 42
-1.1593015602144916 -6.8453424003659604 61.6719740337362694 0 0 2
-8.4184255271534560 -5.7409271539984923 68.0616653058315109 1 0 0
-4.3192706329731596 -6.3616456817276399 62.7191591993024105 0 0 0
-5.2365296657758185 -6.0695646210332663 63.1597657074116725 0 0 2
-8.3964539849846247 -5.6668325387757452 66.4325044188531848 49 201 2
-8.3468460711438794 -5.6000883251393931 66.1203541593000352 36 192 0
-8.2189051779281517 -5.0143621164940120 68.8725071884960016 0 1 0
-8.5218435951493685 -4.6354681852514155 63.2584901420190988 2 134 0
-8.5999827767416512 -4.5923051422169685 63.1171393180734341 0 0 2
-9.7147325689817041 -3.9000046607229999 64.9442912657928559 206 205 151
-9.7621312197941545 -3.9534093413832494 64.0221632936748648 0 0 0
-9.8814573208754144 -3.4834328043715055 63.3860998611416093 71 209 9
-5.2973718511572843 -3.8188556869045556 58.8059675875093433 255 255 255
-9.8586685462136536 -3.1698898047937676 62.8059290271621649 0 2 0
-8.6632158269925732 -2.9393096444194593 60.2191757340429206 255 255 255
-8.6858906872664292 -2.6638568190424001 59.8463073130214127 254 254 254
-10.0534206515293629 -2.2252877454924631 62.0405707847353938 0 0 2
-9.9986480047077446 -2.1730356214800128 61.8806696433412000 93 227 18
-10.1674358040927526 -1.8501622328571607 62.2033160670013103 80 242 8
-9.6430439367669631 -1.9294621504146472 60.9436035488030114 15 178 0
-10.3732072558755153 -1.7857501601937960 61.9370943088744568 0 0 0
-9.8273068703406725 -0.9214087233886482 62.3960732383405201 0 0 2
-10.3882867250345257 -0.3412489809004154 60.8371152438726597 0 0 0
-10.1617348037932800 -0.2135228104344612 59.9555499981351971 1 0 0
-5.2036641341920484 0.0258617935874906 55.0162716161752599 1 0 2
-5.3355931949425441 0.5004649065199390 54.7547509515071411 1 3 0
-4.9230214053856125 0.8547891337797531 54.3110375111011976 0 0 0
-8.9687949678158194 0.8529414044577192 56.5680126039247355 0 47 0
-10.0824417614170248 1.0212704865174866 58.2490135765611825 1 1 1
-8.9995686857632951 0.9685110735121689 56.6666568637035510 1 1 0
-10.5673131623466485 1.5006435903332778 61.0014012580772373 0 0 0
-4.7917856158273038 1.5854818445345016 53.8623894624487534 0 0 2
-8.7975380771229084 1.3499759476695630 56.2402495194481844 1 0 0
-4.8904876205357670 1.6051879856567055 54.0769860449696935 1 1 1
-4.7190189863580594 1.7631751976325529 53.7207304867960502 0 0 2
-10.2119429517239499 1.8906967647100712 58.1154890667620947 69 235 3
-9.9247995722738853 2.1662565301861680 57.7639767594896227 127 231 56
-10.9989188575054673 2.4610346316978093 61.0119136816482879 2 201 0
-9.9994738425468874 2.2236062614361858 57.8713799993158489 0 0 0
-6.8905000422361331 2.3979351991653224 54.9049396149882014 3 0 2
-11.1679371301181956 2.6176272436573904 58.9068421081204576 2 21 1
-11.2589761068684329 2.8879040737174475 59.0150068153430141 0 0 0
-10.1452317805180616 2.9199348491200108 57.1927347472343541 0 0 2
-11.2868042937278155 2.9901080917209772 59.0306612293205859 81 217 11
-11.2713089816630578 2.9820878517923499 58.8619376866191857 2 50 0
-11.3160153717654381 3.0447264167680976 59.1223518398730477 0 0 2
-6.8793358131265689 3.3465596556494361 54.2811386580823267 0 0 0
-9.9926632033486467 3.4208221272167001 56.6828029899620063 0 2 0
-8.9314973058625764 3.8518948207752777 55.4856015978930799 0 152 0
-10.1087291772605994 3.8916093216334442 56.5786586238593543 1 0 0
-4.3797705168156496 5.3530036450725964 52.3354745123254759 1 1 1
-11.7650525991111206 5.7561428530441177 58.2645508019922644 0 1 0
-11.8065472186843934 5.8973007946034697 58.2102857239889389 0 65 1
-11.8168501074656245 5.9969440911859762 58.2298430244349206 60 242 1
-11.7826000174803003 5.9778948038086490 58.0826898314172908 57 222 0
-11.7595871962578826 5.9692734672890229 57.9676005132765155 1 0 0
-11.8442807291326826 6.1150739536921890 58.1905849946327294 147 231 84
-11.8236806303404229 6.2725932215891014 58.4486931615028240 134 237 72
-11.8356983495275419 6.7232938662882340 58.4407769015892171 1 0 0
-11.5919768087446009 7.3038110702647376 56.6888647479912748 61 226 2
-11.7989062940781420 7.4368432193001359 56.8143434619302212 1 0 0
-11.9436995489791169 7.5571906968496894 57.1984323201004727 0 0 2
-12.1832820892177516 8.4543536967988526 57.1380471335180431 1 0 0
-12.2579343000978813 8.5400007541086893 57.0559106952957222 122 232 47
-12.2663957692976027 8.7032087874267994 57.2788276090145843 67 232 18
-12.4667297938876871 9.7294125885152933 57.5565080928645898 114 254 71
2.6054670889980636 17.5730217586733026 63.9928933349928997 83 243 11
-11.5491565797174971 11.0804299990261814 54.5151249131591271 1 18 2
2.7148783182203684 17.6452546022939494 63.8571345413603453 0 52 2
-11.5444892942049169 11.1730595912841810 54.5729673722726858 75 253 17
2.4396799415239929 17.7002965965572372 64.0098309530168592 2 120 0
-10.6971884109936717 11.4197888334555167 53.9190899993075874 1 1 1
-11.6194901055008177 11.2722993757847885 54.5523683200779246 0 2 1
-12.0094390794287964 11.2555297553065738 55.0992696745395278 0 0 2
2.9740419655271677 18.4014099402254239 62.3459529929823404 1 0 2
-12.1971422912570109 11.6924769944302867 55.1168462030484392 0 1 0
2.8017623822626971 18.5265667902943250 63.1874051129790146 66 250 2
-9.1095244710108449 12.4967832923488196 51.9652087439548893 255 255 255
-9.8891834002361350 12.3633967920966352 52.6927618645132156 0 0 0
-9.9111539867206808 12.4711463589256706 52.6557531899644715 255 255 255
-9.4373155017997767 12.6216307955963583 52.2148463628107606 255 255 255
-9.9459835652381692 12.6108316415489430 52.6514727794757604 254 254 254
-12.2365313446766724 12.2682698888614610 54.8460237923739840 0 1 0
-7.5782147511376232 16.6867211326975848 68.2625644533411560 1 0 0
-11.9197558807130370 12.7646576839086094 54.2279585308098291 0 0 0
-11.9076320690092246 12.9079091748762593 54.0836201820193381 0 0 0
-11.9160688800486323 13.5573167164343662 53.7933314909443041 2 0 1
-12.4737098835390494 13.8545755739079279 54.2285048030598489 0 0 2
-12.4313350890514496 13.9134550845393381 54.1150660705028201 0 0 2
-10.8619545457653679 14.3630486787760265 52.7290356228914092 0 0 0
-10.8279869036860248 14.4257814078123001 52.6009825157846223 47 218 0
-11.8299459719742970 14.1937162624262090 53.5947373598520826 0 0 2
-11.8084021930049943 14.2470729772720812 53.4091947278152546 1 1 1
-11.2146588689449302 14.5256569244858866 52.9605230254726536 0 1 0
-11.2543072461271692 14.5874539297687225 52.9079276307935373 45 231 0
-11.2137973383818004 14.5847172988328815 52.8051646189071988 0 0 2
-11.9793894895725845 14.4715727798636955 53.5592708720714654 0 15 2
-13.0393717562864335 14.4735311910187399 55.0894502398128623 1 0 0
-11.1200595508995441 14.8947935531913149 52.6108439227544125 0 2 1
-10.7981262684856141 15.3459832987768490 52.2788332813821341 0 2 0
-10.8238814056616359 15.9663740197896065 52.0622370616211256 43 228 2
-10.8183838852482754 15.9837979473446818 51.9754211161854016 2 0 3
-10.8836671819084962 16.0024686200414266 52.1398937776628202 2 0 3
-12.0188746245791602 15.7924873122495057 53.0838366212080146 0 0 0
-12.2310807767953076 15.7862285154580420 53.3360622359776855 46 234 0
-12.6472269482442066 15.9526160188655872 53.6895121280173555 28 211 33
-12.9547554185447815 16.1404132942964118 54.0585683866802782 14 194 1
-12.5683054068086992 16.2305985398541956 53.5623584083512583 98 255 50
-10.5986775633607699 17.0019072893411192 51.8785458136174000 1 0 2
-12.0733925956976638 17.3680866700408103 53.0171253528206563 34 214 1
-12.1537485304054567 17.5105342962748622 53.0618786358850727 1 0 0
-11.2515493557835917 18.0486986086180075 52.2880502054766225 0 0 2
-8.3097326776976228 -5.7791326331284534 66.3986448401682594 0 1 0
-8.3719256430251452 -5.6728330471854065 66.4456535946533506 49 201 2
-8.2622237584682079 -4.7168802203583811 68.6104746316080991 23 59 11
-8.2379859196107255 -4.6334888129614642 68.8753474501646252 238 237 217
-7.8706836651943943 -4.3800259607844039 69.4021460986622287 210 217 173
-9.1998463443694227 -4.8462570163182708 65.2097752160365616 1 0 0
-8.9361092119330863 -4.4741954027074211 67.5499525543167749 100 238 28
-7.6140437509661147 -3.7639826028289662 71.6820278804690645 59 252 1
-8.0484617652926644 -3.7409545595407563 70.2783215604344065 254 253 251
-9.7490620920883728 -3.8415026747635999 64.0522096199204896 190 205 146
-9.8458704466127234 -3.6961387701281865 63.6275721832316137 0 1 0
-9.8009422767331280 -3.5377649192546117 63.6876257765500924 209 215 167
-9.8069149244093197 -3.4325493158317886 62.9763619854084169 0 0 4
-9.8334026495070752 -2.8975665363005580 62.2444794084365682 0 0 0
-9.8404634893213370 -2.7325681008079989 62.0883550333384022 1 0 0
-10.2486669826061085 -2.0023150477751508 62.1593933733885251 0 0 0
-4.2590879274350062 -0.5964892181756745 54.5097686072166496 0 11 0
-4.9560168361697938 0.8760664070375567 54.2822943415832100 0 0 0
-10.0933310352446082 1.0188127427365388 58.3667154353936866 106 246 51
-7.7263598742189350 1.0138449988202278 55.8585578450576392 11 178 0
-9.0142903800286636 0.9822602825588613 56.6686353006122800 0 1 0
-4.9771640202001803 1.2145672572934720 54.2947714096211627 30 180 10
-8.9551169843348326 1.0362415018489430 56.5198193586186406 76 250 31
-10.1540839026493401 1.2582261439843281 58.3066095500541834 1 0 2
-10.0539805669554969 1.2840142181275982 58.1025698877838082 1 0 0
-10.2081762655694632 1.8881243902082545 58.1135178158344416 69 235 3
-9.9846763527835627 2.2638683021139827 57.8501687856488331 0 0 0
-11.1780634531732002 2.6022242585491950 59.0560706074963093 0 0 0
-10.0533181572567720 2.5874019433166318 57.6424316918416793 37 192 0
-10.0939128408084695 2.6940930618322256 57.6079357295810510 0 0 0
-4.5702830053839314 3.1712807082922212 53.1557456575590237 33 213 0
-11.2220514672841318 2.8641325438977447 58.9029443706643860 47 218 2
-4.8065173291625163 3.2175963022422200 53.3093879171320353 94 254 56
-10.1241815843766840 2.9181373864949776 57.1794751693854622 0 0 0
-11.2960999609975268 3.0377929839005811 59.1441838741173385 1 0 4
-11.2747495645406151 3.1308254444691541 59.5698691529432054 0 0 2
-11.2864401488131794 3.4424162924790389 58.6799208758562045 116 250 65
-10.0095259621292918 3.4276940192837873 56.6873420264594685 0 0 0
-7.8400088079061483 3.5707343230661013 54.7499933072849743 255 255 255
-6.2011373618680947 4.0848893016755516 53.6831056256803407 255 255 255
-8.5416726772056411 3.9353404539623154 55.2352339999116211 0 0 0
-9.1844103146326681 3.9959920332333381 55.6090444238115111 83 235 13
-11.2606836181132550 4.1071297806570399 58.2946202720515032 0 0 0
-10.2820335676555263 4.5112214581821526 56.5592970689342991 1 1 3
-11.2561067745590027 4.6447586064000044 57.7999452574332793 1 1 1
-9.3101972599085538 4.7391615287647681 55.3771766398002967 0 0 0
-11.8124614478701737 5.9610560811683300 58.4175607488020319 0 0 2
-11.8301835407795704 6.0704728576106168 58.3637567068575365 148 233 90
-11.7746708603001498 6.1023648992278812 58.0132670803909321 2 1 0
-11.8306906627985207 6.2187725832845100 58.2544530099589082 1 0 0
-11.8298870546710333 6.2783028687637650 58.4416258348600763 108 231 29
-12.0996042372038666 8.1416129551154910 57.1409001266766055 1 0 0
-12.2075810391371089 8.4532927291959545 57.1523043621716056 0 0 2
-12.2488146335710759 8.5457046548416002 57.0794983174511117 36 215 2
-12.2881482536608235 8.7809336515419574 57.2959143314193540 55 191 7
-11.5472569148822917 10.3575972997281678 54.9984711936625033 1 1 1
2.6962758234886839 17.6324285113757782 63.8460248693844648 0 5 0
-9.4311373392048825 11.5516607957657609 52.5827351512234458 255 255 255
-11.9765519216288467 11.1494534812540191 55.1209993507557101 14 187 0
-11.9473005489316826 11.2225530967362506 54.9884686469264423 0 139 0
-11.5970302114547223 11.2778305690150304 54.5427159968255992 0 0 2
-12.0169155554543217 11.2640256090920037 55.1136433402998733 0 0 0
-5.8974011527971966 16.0283316714672708 67.8266300242368771 78 244 10
-12.1866477467347121 11.5192889332364246 54.9076046826289996 0 5 1
-9.7812629226019538 12.0528882646489013 52.8188777513199952 0 0 0
2.7894368792034476 18.5289560050099773 63.1792211505552430 66 250 2
-6.3240393692217998 16.2249625493391747 68.1558217982395860 75 236 8
-12.0823109800402815 12.1327090828536441 54.6276601404605486 63 239 8
-7.1734547747388548 16.6600422982148224 68.1906424190026854 0 0 0
-12.2942041571427136 12.3604476891099022 54.8194927996588177 49 241 0
-8.2167539952240514 16.6365271290647776 68.5547634849789631 1 0 0
-9.9190724406289874 13.0760842751188235 52.4119724285672390 1 1 1
-8.3651432008513069 16.7795946700186853 68.5774825779494819 0 160 0
-12.0229919182173131 12.8399366620206763 54.2823144810920084 105 237 32
-8.4553546798372903 17.2015732288189156 68.3914578776542328 24 241 0
-10.3389440145734799 14.1548270637944196 52.3094929476536521 255 254 255
-12.5000470178665655 13.7363640801626214 54.2643707505065578 0 0 0
-10.8559826490675508 14.3583375108261215 52.7391251165508947 0 0 2
-11.7952444904788329 14.2387125478522201 53.4047433855552782 0 0 2
-11.2050662919593300 14.5268987516829480 52.9773425316372837 0 0 0
-11.2327272981540709 14.6174316774063549 52.9164614773260027 13 198 0
-11.1988227828526856 14.6051658246244322 52.7919438806420942 0 0 2
-12.1366364683444576 14.4579342032173113 53.6672789810657633 0 1 0
-11.6232392815102656 14.6123929989282271 53.2136623100414852 114 239 49
-12.2702710393077865 14.4931885944299719 53.7243206858851110 1 0 0
-11.2997527386406862 14.8402426284641962 52.8696244140349378 0 1 0
-12.2960593646630212 14.6207364960151160 53.7734657555131790 126 250 78
-13.0180813905113499 16.1512018018973755 54.1535302909445520 18 205 0
-13.6172161960170968 16.1831764073762407 55.1177042103752797 84 247 16
-10.8501800339660903 17.7488294959239177 51.9655994518424933 97 232 18
-10.7983516927404768 18.2084974229426386 51.8215726954149076 5 207 0
-8.8114160831979991 -4.6332155686608720 67.9712112962380104 0 0 0
-9.3512654815125433 -4.7477582836625647 65.2526118413931187 0 0 0
-8.6639750286694266 -4.5272389300601539 63.2219649026881072 12 156 0
-9.6974203298149213 -3.6113767277563826 63.7940951788727020 196 206 153
-8.6806428575199632 -2.9444389992800892 60.1759607368861467 255 255 255
-9.8741391984321538 -2.5735891046139194 61.9717196711490317 17 175 2
-10.2811890027808879 -1.7720859100667787 61.9202025072265911 0 0 0
-8.9368338863735737 0.8548744897222270 56.5130069916478917 0 0 0
-8.9129859887754499 1.2785111521760320 56.3217361993889938 3 192 1
-10.0029394183602598 2.5218042270147998 57.4854279710215295 0 0 0
-10.0287837686597427 2.6987262447888023 57.4350447405147975 38 192 0
-4.6511063266049293 3.0419777705642592 53.2885040259623750 0 1 0
-11.2681326668136865 2.8573792223538694 59.0663311294442579 0 0 0
-11.3007643049080020 2.9979669759440295 59.1566392625078024 0 0 0
-10.0413305975761542 3.1500928718184102 56.7955416257639314 1 157 0
-7.2206108157501552 3.4796668297246809 54.5490809093060136 0 0 0
-10.0459988918262386 3.3747167531123154 56.5510870901362281 40 203 0
-9.1074223122887066 3.9944234838204915 55.6005377048230400 89 238 16
-9.2725315120826206 4.0014487306325641 55.7602542778006622 0 2 1
-10.0666562303029874 3.9573554142518259 56.3103756168876757 0 0 0
-11.2658669272352263 4.1150819821741038 58.4436587010462745 0 0 0
-5.1349742675422192 4.5323514364255324 52.9671052112328056 255 255 255
-11.3373737183829082 4.1773434746276719 58.5744181704923363 255 255 255
-10.1822797268187557 4.1541472492471740 56.3819615732526813 0 0 0
-11.8543969600573984 4.5247597468705552 59.9503107850508030 217 219 180
-11.3813191586769129 4.5049157673361124 58.5031001970955415 254 254 254
-11.4129198500761007 4.5741028375263779 58.3822565320731641 255 255 255
-11.4357606548619248 4.6663118000546895 58.4209103878457157 255 255 255
-9.4346171534000742 4.6607433252679211 55.5183492498589288 0 0 0
-5.2869956590857576 5.2384602435535124 52.7666587884108722 255 255 255
-10.4201008763543257 4.8857044419284712 56.3691783507824837 255 255 255
-10.4490245022840611 4.9493802707825720 56.3839933566057070 255 255 255
-11.9225828004826084 7.5455017139302445 57.0852149235209083 46 205 0
-9.4810976934376523 7.9557375245938573 54.0375897298194730 255 255 255
-12.2451274304952662 8.4504410036392379 57.1908542019097723 0 1 0
-11.8200411086408916 8.4179738009027929 56.2454920459514867 55 244 79
-9.7343538912241065 8.9927191022139787 53.9228490131108558 123 209 36
-12.3057139400736872 8.7882711363166397 57.2408234178349460 117 219 32
-10.1610015724901412 9.0557829569394084 53.9550716139594115 0 0 0
-9.2793509707625130 9.6062955732187216 53.1914919236512276 255 255 255
-8.3063835229660281 10.8596900798940101 52.3341941478391064 255 255 255
2.6893199727955639 16.6496756902086744 64.3321935993979821 1 20 0
-7.7501425642622577 11.2472231282874091 51.9908033912001599 255 255 255
-11.2898860924820550 10.7878766646162614 54.5291078581967099 0 0 0
-9.5579182262068105 11.1295028500568574 52.8032169961484854 0 0 2
2.4836543319349942 17.6265005275885720 64.5891398841406073 146 206 74
-11.4799566694684394 11.0890201490816871 54.4637720560357508 1 1 3
-12.0516010301995280 11.2727949216685790 55.1412263675818863 0 0 0
-9.4400795500019967 11.8120400292122447 52.5441018631050980 255 255 255
-8.3880591676659542 12.2006883077759731 51.8055256507911324 255 255 255
-8.4873366831070740 12.2262340349624008 51.9061059298168885 255 255 255
-10.5696930306940651 11.8270106853269450 53.4605370202642902 0 0 0
-9.8550285867176157 12.0411573416190940 52.8462623013453623 0 0 0
2.8298257613154250 18.3720403395889100 62.6484011169038126 2 0 1
-6.1113584798219796 16.2391287802421154 68.2430841251953808 97 219 22
2.4111375256703189 18.3998138987031545 63.4126928486018571 0 109 0
-9.8391374395359321 12.1910816709127126 52.6736681557975714 254 254 254
2.7197249241425863 18.5306196847528994 63.1378203111303264 98 231 20
-9.6113639020671542 12.3804097028657640 52.5398898564865391 255 255 255
-12.3555083782523596 12.0341038702151710 55.2440619183859027 27 187 1
-9.9376169725340429 12.5253446890882145 52.5978819037631098 255 255 255
-6.3480092329484865 16.6395444685313443 67.8647433076199889 107 225 25
-7.3288083918299876 16.5775770025976037 68.1635436511414241 0 0 0
-11.3693847777648287 12.6155997164919231 53.8247233595095196 26 186 0
-10.3725952819159364 13.2140937748490153 52.6385044200974264 0 0 0
-8.3062214511696286 16.8797981396255388 68.2313023047862259 118 216 31
-8.5331821545302766 17.1744965604591613 68.5610318404795862 148 219 79
-12.3910450046020557 13.3581059319070050 54.1747962593311883 1 0 0
-12.4873767676326786 13.7908114064740861 54.2122113892770088 0 0 0
-12.4929696909696304 13.8933228738704759 54.3792687843906535 57 238 1
-12.2955022753887082 14.2134771577624761 54.0407765963172508 2 36 22
-11.8785025260045565 14.3722389036450959 53.4569928083716022 60 243 2
-13.5212065788436195 15.6433386857863308 55.2166270057410742 0 0 0
-12.5672903037677308 16.0439794108167000 53.6459154097453919 1 132 0
-10.5045897067402851 18.4501309752619633 51.4412835030690871 0 0 0
-9.4224695819397226 -4.6563087705518527 66.0495005555677039 0 1 0
-0.8826329387405567 -5.3859250073956995 58.7244099933523529 0 0 0
-8.2524617238388505 -3.8813784602790822 69.9432642227900061 255 255 253
-5.7425579418024908 -3.9093126737859878 59.3002092438692827 255 255 255
-9.9625154423542899 -3.2159080125996717 64.2521448277164495 186 210 136
-2.0206490869219058 -0.8989237252367738 70.9898456294595661 2 112 0
-10.2563889140899551 -0.5138570213579555 61.5563686409414359 194 239 156
-11.2923642382743488 2.9459318850207645 59.1485000601681250 0 0 0
-11.1260200689577662 3.1631509321926443 59.9790746338801952 0 0 2
-11.2331953983436357 3.1340005197324885 59.3559307162363012 61 220 4
-11.3364027357331043 3.1434490263240140 58.9942614346278305 109 220 29
-11.4321017550644832 3.3305249208156336 59.1091895016860533 0 0 0
-8.0516012078320820 3.6728708629348290 54.9317225334078287 0 0 0
-11.1260404971946016 4.1505663729562334 57.9497987706973703 0 0 0
-11.3833935977531997 4.3503577872472352 58.6306582043441296 0 0 0
-11.3781237004891196 4.3131490350414996 58.1687197952761821 255 255 255
-11.3531017889391919 4.4727675368485746 58.4198663413299215 255 255 255
-11.7586721699263368 4.8284393839609558 59.7622803333951822 1 214 2
-9.2035331974432069 4.8174195798769297 55.1246983869814358 255 255 255
-10.3395135276682701 4.8882242703457877 56.0908412269028389 0 0 0
4.2828498810244069 9.6072856129668995 66.6208860887831094 60 231 2
-11.5005494123811722 4.9906344190517586 58.0944265576524472 255 255 255
-10.2638926187549835 5.0030922004923424 55.8977777495846198 255 255 255
4.0016325179457972 9.3963351229253256 54.3158592208136142 255 255 255
-11.1013206227220724 7.3670404847488156 56.1006142583967602 255 255 255
-12.0499022849454711 7.8836885369078615 58.1074236324622149 0 0 2
-11.5240581216859237 8.3762930879602600 56.0528461573463090 1 1 1
-12.1833467807743467 8.5651730933522998 57.8356038157556043 0 0 0
-9.7226848705693865 9.6800390781715340 53.5187422845925411 0 0 0
-11.6970863223127228 10.0575137261956939 55.1804487125668288 255 255 255
-9.0950876806326413 10.5075216472018553 52.3573011729100912 255 255 255
-9.3128655652536807 10.8705235015145689 52.2882506517552557 255 255 255
-8.8039737177421173 11.1107723028685754 52.4676270750464084 255 255 255
-9.1200730846501745 11.1914879289128280 52.4771140198831318 0 0 0
-11.2599205264294664 11.0420059088151330 54.3233520605942601 0 0 0
-9.5380989631985589 11.5499726463583556 52.7209987303200336 0 0 0
2.4268842130961423 18.0332264241898024 64.2951832934830918 133 209 51
-10.0216053976180142 11.8188579822576738 52.8498226655926118 255 255 255
-10.5424974358359798 11.8120384864517902 53.4637046414948500 0 0 0
-8.3548946754093301 12.3403714429462479 51.7493663983982231 0 0 0
-9.8648629443429083 12.0527761501219377 52.8656955762990179 0 0 0
2.5146690806311298 18.4170858694041542 63.4342019240075032 0 103 0
-9.7777224810144361 12.2530951708147722 52.5957367172502259 255 255 255
-9.9024606622007809 12.3710380859028106 52.7470446878681400 0 0 0
-10.4156177471313693 12.4225125496184425 52.9436549646367283 0 0 0
-9.8288719545778473 12.6235376309568430 52.5757909554861413 255 255 255
-9.8337192600893601 12.8932317176807505 52.4947415012414638 255 255 253
-12.9976722030299356 17.1225952462072293 53.9187354926420070 124 243 65
-11.2170131029666393 18.7541325581848639 51.1649714557983444 136 234 71
-9.8412668126077758 11.8154799903412080 53.0245814449289696 255 255 255
-4.0809748201812868 -7.0538579839339013 65.6007379739547360 155 202 86
-3.7190751872380545 -7.1269068111320291 65.0048831666848770 0 0 0
-9.1495496207335574 -4.6665443920324590 66.0745064426895254 0 0 0
-9.6499402027723384 -3.9115115518932453 63.8207052373781991 0 0 0
-6.3843937873535328 -3.6826006674277583 59.6876513926050549 255 255 255
-10.5503111607053448 -0.6694442766374440 62.0285457084995073 0 73 0
-10.5478180324718558 1.2331233067153933 60.9078077378998231 1 0 0
-11.0030481509605753 3.1057207916762066 59.9710865815885512 8 9 4
-11.3326975317644241 3.1284629303246563 59.0018958713366644 136 220 60
-11.0248775183611656 4.0171959070119181 58.3449866889688877 0 0 0
-11.3471258673592690 4.6751699486040410 59.4056842000708158 0 0 0
-10.1910951321101617 4.9436087314249084 55.8761052149748778 0 0 0
-11.8977334515514048 6.0155366945540312 58.2565906027426053 137 210 59
-11.8605234474158063 6.5899563959776888 58.3647382492198474 0 121 2
-11.9255112080013053 6.9110687211584940 58.2923305150176176 0 2 0
-10.1461549058597740 6.9779444379916411 55.0241481996038715 0 0 0
-10.4803773301266130 7.3747639662624858 55.1823203727091638 0 0 0
-10.4553109283641259 7.7160249582751375 55.1116917072030787 0 0 0
-10.2502776513793616 8.9895835536640387 54.5623555900759953 0 0 0
-10.0874972552319875 9.0902435168680338 54.3415260645411564 0 1 0
2.5463610237704581 14.7019713261741369 65.6004549115246789 148 204 77
2.6144501724790641 17.5512711242513326 63.7568355031973226 0 0 0
-9.9793826336435583 11.6836558685447240 53.0458355761726352 255 255 255
-11.8649722831236204 11.4694801930661665 54.7694177539034186 0 0 2
-10.5307120343290901 11.7412943078508700 53.4277666044027129 0 0 0
-8.5213187384761948 12.2818590553586056 51.8432351947348593 0 0 0
-9.8768947704368504 12.1005497000472495 52.9243906356448690 0 0 0
-9.8236040943664005 12.4528385917050599 52.8209734686344703 0 0 0
-6.2225539571765260 16.5961498679465933 67.9013401794496900 86 241 13
-13.6496995941620423 16.8147184006054289 54.1925980138063537 133 242 75
-9.9272338526919963 -2.7020539231538194 64.1589767510378692 241 242 226
-9.8044199026324286 -2.7321022467253138 64.0026819851619990 145 231 80
-10.0739061183135554 -1.9940845722774603 63.7554212178910404 244 244 232
-10.6101587358863672 5.8895352759904691 56.1810429456244123 255 255 255
-11.9294421368552683 6.5475426505492491 58.2925000274857510 0 0 0
-10.8540476706372182 8.0467768348669271 55.0244647492341343 0 0 0
-11.4094527699342994 8.3973322644159030 56.0431688557030512 0 0 0
2.4692099875046205 17.1249028929517806 64.1811086138564804 133 224 61
2.4047344112993376 18.1466325588170037 63.8755819589816483 117 217 33
-10.1798207826127669 13.1812511869289128 52.5562384516562915 2 2 2
-12.2801781521402713 17.5713004700592812 53.0218438144774851 135 237 75
-10.1619757189355653 -2.1781417248361756 63.8288899678262283 248 248 238
-10.2185285033455759 -1.4549433343149447 63.7253287300318476 0 0 0
-11.5214536730338324 5.4690459939467839 57.7951393818669246 255 255 255
-14.1384245630392584 15.7858619138427159 55.5167292699450030 164 226 103
-10.0382121104994013 -2.2790776922035203 63.4843327321927546 54 255 1
-8.8952014930891963 12.7059041389688101 51.8030255399826274 255 255 255
-9.9177080239245061 -3.5460880295620374 63.4616393945149113 68 206 7
-12.0307236422630073 8.2128866773382363 56.8427461007295705 71 232 7
-11.5104452884001986 10.8704964643646012 54.6656825525002432 0 102 0
-12.4046697420059040 12.5445912763701983 54.9238479556302366 43 210 0
-6.6696635270572004 16.3100136097504347 68.1599501181440957 20 141 2
-9.3413078238908795 -4.8467896460948188 65.2752640898982861 127 234 60
-10.1109726290847313 3.0151256990700133 57.1635528075298467 0 141 0
-12.4166580425788489 15.2614031039500517 53.6939318346518704 42 188 51
-11.9485267621229809 13.1678098003169755 54.0502921412628083 0 77 0
-8.4290193475677668 -4.7020686029986516 63.4762445670927136 29 149 0
-12.1475984626443942 15.5961397427947439 53.4350713201840506 0 0 0
-8.2049321247415712 5.7634246986455393 54.1299602638486377 1 1 1
-5.1225835540909870 11.6802637080228831 50.9827930588546465 1 0 0
-3.0311754732472256 -3.8672524551395351 58.8463406193444669 0 0 0
-9.0351874571229835 8.1071225882416975 53.7819926178228798 0 0 2
-10.3061465197620912 12.7655578905961811 52.9579913791769670 0 0 0
-10.3167782597666573 12.8489089073262104 52.9645582364932324 255 255 255
-10.0718145907740109 3.6603396063819225 56.6083050018002680 0 0 0
-4.8974286503583926 5.0887654065015155 52.7403895542393641 0 0 0
-6.2271747433362954 12.8737717780942500 50.8751590416798791 0 0 0
-10.2488873715878519 4.5144322799249350 56.4668930803489673 26 179 0
-5.5516184567758797 3.6353458171272472 53.6874903564131358 159 197 86
-9.7458707955324542 7.4529164982519127 54.4527698961080944 255 255 255
-2.3217580085794483 -6.7991948714865886 62.0654383764667372 207 220 177
-1.2087168691647927 -6.5070620848832306 61.3385732596823772 1 54 2
7.8766656102305221 -3.6820213068329157 59.1411989035079628 0 0 2
5.8489930769165399 -3.6112314197802280 57.5953663282198960 0 0 4
5.7869227396071965 -3.4512310880868502 57.7583065182322670 65 239 43
6.7367739664534714 -2.7015541925881825 57.9485049765904350 0 0 2
-4.9060790851061267 -3.7167376215232975 58.5706052604186453 38 39 31
-1.5336042480358110 -2.5017669036852612 55.7023904279101743 0 0 0
1.2810924306231717 -2.0992075847720422 54.8840516239543987 0 0 2
-6.0524632126471225 -2.8635313575688341 57.5408301670397080 122 255 80
-5.7716745343504501 -2.6686591947485141 57.0625108502927105 142 253 97
-5.7321515431426979 -2.6046464556307543 56.9997733793038819 1 15 0
-0.8448040682883694 -1.8016940115398812 55.0413397538647260 0 1 0
-5.7201667439078721 -2.2463072990511859 56.7403099272503226 42 220 0
-1.0575300183627245 -1.5066895774248843 54.9516790208798795 0 21 1
-2.8130633549101600 -1.6069355140501105 55.4207509534565119 1 3 0
-0.6185452492012551 -0.3895832345217523 54.3884731106917698 1 0 2
-3.8861938793993849 -0.5553934618621224 54.5066607722948078 202 255 203
-4.6154197709771756 -0.3271683683827766 54.6230833867969778 99 151 103
-2.9375239680861434 -0.0588735774760026 53.9610218780984212 0 0 0
0.3495031424857406 0.7033819363289848 54.0797926223914374 0 0 0
-6.4281506956002801 0.0088260785860787 55.5345330708228886 0 93 2
0.0847417037796541 0.8345712516555874 53.9355866011757570 2 55 3
-0.0169855142132620 0.8196642898088997 53.8845888609413350 29 191 43
-6.4137164568458154 0.0778673764205595 55.5081414663716757 0 149 0
-6.4222796298565390 0.1562736367026360 55.4612034546958199 182 232 135
-3.3847399900085389 0.4448750850648360 53.7645334970685482 82 126 93
-0.4210233324286019 0.9830313833481139 53.8542718982117847 0 0 2
-0.2510774346005366 1.1485811772788015 53.8039232513655747 42 218 0
-3.5464214580507378 0.7319474364486033 53.7103174889610955 0 84 0
-4.7384896414411894 0.6899749743230903 54.2696471373370954 202 237 169
-9.0376908088975423 0.8848464138223087 56.4256313821968476 156 229 96
-1.8414274266379071 1.7620292706274534 53.1361129682281401 0 0 0
-1.9900667298432717 1.7578013419859591 53.1292993902158415 0 8 0
-2.5004855791467020 1.7216639814811161 53.1660018377689241 71 226 8
-2.0659295487113121 1.7974379739249260 53.1482643597273210 27 204 12
-1.9905627678664024 1.8303651959013436 53.1214239226832348 128 254 85
-2.3375030518194171 1.8631132558893924 53.1279443023276201 73 239 67
-2.1619422308272376 1.9499057888459186 53.0708112937121825 146 223 81
-6.3368616357296439 1.6126120495363183 54.8243069141600401 200 214 165
-2.2983568599964315 1.9710645278449308 53.0778593193681871 145 217 73
-2.6059872274954028 2.0105199933039719 53.1108178219892935 0 0 2
-2.5307051624687160 2.1458454654999612 53.0525943103352873 107 249 53
-7.7211817325307752 1.7447345747544700 55.4256239400196975 216 255 245
-2.5429336929882349 2.3111607444599169 53.0103629371319585 146 217 75
-0.7711006883738739 2.8302935826993130 53.3026566767617140 3 0 0
-2.5801355329590780 2.6051085283210900 52.9945234389797619 151 211 77
-6.7163968476971778 2.2955072562107444 54.7795195650592106 91 255 118
-4.2510727897171678 2.4409272727013565 53.3065892173215374 216 236 185
-2.6051020816437034 2.6625787173681004 52.9101150673108478 30 208 0
-8.0363664425721542 2.2589159457247545 55.3895209731131644 0 12 0
-4.1435537893911469 2.5327068220817699 53.2419363499519349 1 32 1
-2.6680531553824407 2.7689818579238530 52.9011063642747530 1 0 0
-7.3800874558104592 2.4276645899608087 55.0245090648169963 136 255 111
-2.5797215263747542 2.8912623885189528 52.8450200392815148 175 215 118
-0.9434624693469087 3.2033739172362670 53.2825415543768059 0 1 0
-0.8421250784772000 3.3678671390216199 53.3444154038823228 2 0 1
-2.9599564511569145 3.1227101906385855 52.8138592077350353 1 0 0
-2.7712855168339514 3.1934771861271658 52.7923339829696445 94 236 14
-3.3009398211323755 3.2080998907745490 52.8148277379636113 181 217 129
-2.8101298651294919 3.2983964089724700 52.7708409185007525 109 227 31
-3.5256796672402912 3.3357798211037162 52.8304071784594385 129 217 53
-3.3735827491213191 3.3720218620450568 52.7732625009166441 0 0 2
-8.1250693803072807 3.0862524442856460 55.0898889776474832 162 246 122
-3.0423611841119431 3.4651681568899670 52.7385423491438701 0 13 0
-5.8075550846024697 3.4432998515729070 53.7326095772861621 1 0 0
-2.5465481132304228 3.7408002048711566 52.6841516856939407 136 250 90
-2.4624958763206890 3.7747760883286294 52.6440001854973119 116 246 58
-5.0451440396147422 3.5389692822472054 53.3922737285970612 127 245 75
-2.2993139766441413 3.8847005527335980 52.6870081740422691 2 0 1
-4.9746312735072165 4.3930663141770649 52.9045960148245129 254 254 254
-3.9647875464750779 4.6358151583486702 52.4862077321428799 69 113 78
-3.8803420675081544 4.6670515502359384 52.4326710166827681 95 234 135
-5.1771538777578989 5.4325134702842659 52.5211586353229904 255 255 255
-5.2627950800161738 5.4398250019929426 52.5736815970613236 255 255 255
-2.0350344399371547 8.8723094458624612 52.6009657100381176 41 222 3
-3.1563167022064298 10.2083311637337903 51.4070782823988139 0 46 0
-4.6851233526094500 11.1111766828820162 51.1086335224713224 1 0 2
-4.6161569104853735 11.1754772604420616 51.1022593187501428 117 255 93
-11.9568538825232906 11.3238084579572789 54.5229961148594882 107 119 95
-4.5066812633871720 11.3297126247674580 51.0528339193823228 186 232 142
-4.5918359646271663 11.3422237316856265 51.0280025005857709 1 0 0
-4.4904683961406162 11.3943813124789504 51.0286571485188460 194 237 157
-4.4701505192577100 11.4535639861975955 51.0273716040374410 212 255 203
-4.3969301479089493 11.4708720777560682 51.0182507769572737 163 235 109
-4.3761993645484951 11.5522453290895690 51.0080307615948385 135 244 77
-4.4064959987807599 11.6295400850216790 50.9799232964606759 129 255 132
-4.7197504210630390 11.7298720008268482 50.9634696916947050 103 254 89
-4.9153539462589118 11.7277165421329936 50.9865950043375733 138 249 92
-4.7579490339123343 11.8133954052344379 50.9351400196205688 136 224 60
-4.7745456826531312 11.8816888601634361 50.9383393280006871 0 24 0
-3.4976471816303047 12.3321846200851972 51.1042117402390730 0 35 3
-4.3559938262844895 13.0393319493400988 50.7422302013710862 0 1 0
-4.4363648486708245 13.1069740268624777 50.7368995261528184 126 255 106
-5.5288620948392353 13.0867370055420604 50.7176264144545570 78 120 96
-6.2215938916580571 13.0984884642664010 50.7784102735860898 115 255 120
-4.7031653808787794 13.3014203695048394 50.7019646302424576 177 255 151
-6.1119446832795363 13.1503716195341589 50.7186048403171412 99 238 25
-6.0008922570773802 13.2104985217972644 50.6843871490494919 174 243 136
-6.1225077282701257 13.2143196691409699 50.6966050475719783 118 255 103
-4.7878271571727806 13.4211647914862091 50.6419343479315103 150 253 109
-4.8475027250457385 13.4819836032964773 50.6376248601394892 195 238 158
-4.9072785147735649 13.5648597609413279 50.5968774386758184 0 120 0
-4.9172268056146775 13.7154091291511762 50.5619957145914825 0 1 0
-6.0930701506385496 13.6279573628332322 50.6095489680424535 0 1 3
-5.1168452946996439 13.8079787966292944 50.5158924060360022 102 255 89
-5.2702210067618607 13.8729776863136518 50.5347769528792199 1 0 0
-5.7462748469580855 13.8975333401649017 50.5541095917161272 0 25 0
-5.3327496405177017 13.9802545667696894 50.4984011679832463 96 255 48
-5.6621730761141240 14.0763629768093033 50.5064945071449287 0 53 0
-5.5930427034471002 14.0814636798172099 50.4642872893856591 1 1 1
-7.3478597248226594 14.5592506944510713 50.5295588518748531 2 0 3
-7.8414637613800844 14.7656149943151309 50.5516359712704428 1 1 1
-4.4136000607336801 15.3568259795217958 50.5705510535158425 2 0 3
-5.9905324911879037 15.1281452598050041 50.3493237908386462 1 0 2
-6.1304666960092034 15.3436949085685068 50.3162674405080210 2 140 65
-4.1775547145443399 15.8447405169183142 50.5308292957031284 0 0 0
-8.5568354445409565 15.2971682386821435 50.6234984778106565 137 245 82
-6.6576725048427701 15.4707121540467885 50.2913883761795333 62 242 72
-4.7147509737872291 16.0120152545547008 50.5984103326015457 49 228 74
-8.8431022963246360 15.5207077978944241 50.5800064715986650 161 254 137
-8.7012500552969030 15.5182127461796995 50.5253309860136213 146 226 77
-6.8868125101593618 15.7299302408800425 50.2279337814759970 118 255 114
-4.8812364939337050 16.2561139107141308 50.4656881907545056 0 16 3
-5.1832225493934860 16.4352158277549805 50.3366723064917281 155 232 92
-9.3948970716350964 15.9998730017344410 50.7872016598762599 120 254 105
-7.1582033983918860 16.0992393234014273 50.1644907538926077 89 147 123
-5.3896625687939812 16.5655907815810934 50.2447023233993164 233 255 253
-5.3836129835616067 16.7330287843836203 50.1468558687431596 64 231 1
-8.4117883994415514 16.3958923061792774 50.3453638709850111 152 224 86
-4.6319909401104127 17.1489057384648120 49.9843664838205513 159 254 126
-4.7655918087885727 17.1189862329094886 49.9539366411298218 78 250 44
-5.8082495102034324 16.9885794823787819 49.9820796751253411 137 233 73
-5.1320868078985900 17.3839630580448556 49.9413833286419973 250 251 245
-5.2109419131176402 17.4136411297585560 49.9586294061826948 226 249 207
-5.5632779247165995 17.5509548630667602 49.9755062567193633 244 242 227
-5.7134269425846442 17.5622084349377872 50.0006230017475559 0 0 0
-5.9902340633091367 17.5292897370458860 49.9744066219841301 2 168 0
-5.9075042392920141 17.5426993341594937 50.0021066782985528 8 200 1
-5.6637218319160221 17.5811315738105911 49.9705942161158063 241 243 229
-8.2316293318664577 17.8033328388408378 50.2966677461726945 0 1 0
-6.9516726560319810 17.9150289193426531 50.1206919076032378 205 244 177
-7.0590145346947644 17.9776528979555401 50.1669408112903383 240 239 219
-7.2622407563008462 18.0143422990026991 50.1296230087361749 244 244 232
-7.4163699238256884 18.0090282746815369 50.1335298670766747 0 134 0
-7.4626089247648313 18.0403870412109235 50.1166467121322086 190 245 161
-7.5571955719036783 18.0666166951147922 50.1450678564405408 232 241 214
-10.4551824578671440 18.4908080509697470 51.2421497502202143 197 235 158
-10.1760290941321259 18.6157990399358866 51.0166978048509350 0 0 2
2.3697946079496828 -5.8606020950219344 61.6848635872861024 87 221 13
-1.9068640105548300 -5.7906067228181506 60.2855004950562190 101 229 22
-2.1124893000967315 -5.7607188540101610 60.4621141241708813 1 1 1
-1.9891998908835098 -5.4074585073754324 59.8189613642392715 0 0 0
6.5085620978578840 -4.1427588529531043 57.8657460351455839 0 1 0
6.4118787321292192 -4.1157654504004615 57.8535309966479971 23 176 10
-4.4191652890282720 -5.5700581658503614 61.1090902995973906 2 7 1
7.3799269698579550 -3.8712956679517383 58.7855437718359184 0 0 0
7.3516147169831028 -3.7556588958547246 58.7373368833372140 0 0 2
-0.7780138481602297 -4.8349725965930137 58.0945799314466171 255 255 255
6.8962961446556292 -3.3025192662575344 58.3835952910624627 178 233 132
7.7560077819488393 -3.0816940992362398 59.0440634541171292 0 1 0
7.7230576680722312 -2.9770568991954001 59.0856735702841860 104 249 47
5.1696331776688442 -3.2610028474105426 57.4365079148374988 49 254 1
1.7834375685859321 -3.6496893715378613 55.8041741848553770 0 0 0
5.7780648282295930 -2.7429106432567600 57.1499527318492468 91 255 58
1.4578581609253594 -3.2150924563126830 55.5059911579602741 1 0 0
-0.7919082072115965 -3.4553160509402412 56.1363763193040981 255 255 255
1.3444725482394058 -3.1682073543868108 55.4974318386318544 75 230 6
4.0759047937857682 -2.2997267151667158 56.6091580494703166 121 255 82
7.9975416299786213 -1.5126131097765976 59.8875610052036720 0 0 0
-6.8787208363655736 -3.4203038097888854 58.9748293701719177 86 223 29
1.6554418695690467 -1.9454397404128847 54.7840934395302241 2 0 3
1.6858642241672370 -1.6913187112673034 54.7467868793787602 1 15 0
0.0665046762649189 -1.8926490719845592 54.9264944136648765 0 1 0
-0.9164329593451008 -1.7538012914876202 55.0272554163257936 152 231 90
-5.6708884167197819 -2.3142225946235966 56.7751575692612747 29 69 7
-0.7281390222626969 -1.7018212581262158 54.9666694501573119 2 0 1
-0.8718809432352415 -1.6720442697681119 55.0184952715671685 0 0 2
-5.9516109521129144 -2.2480635675561071 56.7492647283379625 26 26 16
-0.9577446272344903 -1.6128577153456494 54.9561727961220754 0 0 0
-3.4348559096993991 -1.9163248010481524 55.6870223677317924 207 232 175
-2.8432279309756194 -1.4218618585948617 55.2395389979031393 0 1 3
-1.3691806291194322 -0.9880221437710699 54.7475785676130897 1 0 0
-2.5773699854544327 -1.0815739609370258 55.0237287335993628 0 0 0
-1.4227874608933999 -0.8981345269301344 54.6467129982948236 94 233 16
-2.2389523023769473 -0.8824038524736167 54.7952768966921369 0 0 2
-0.1318428534878186 -0.5825077337295572 54.4043635499793865 0 27 2
-2.4995750467726046 -0.8735760865190947 54.8458639061280735 1 1 0
-5.8449465988622977 -1.2381440568050208 55.8783724155611168 1 1 1
-0.3844482882590791 -0.5053043622959577 54.3676289831784700 0 0 2
0.2016243590681386 -0.4226277223201752 54.2832786747154543 177 243 137
-0.6295566159277360 -0.5392144894652899 54.3476214260412362 0 0 0
0.3756039366065492 -0.3952000453762403 54.2474287460839690 50 234 0
-0.2863075525719360 -0.4588322059904362 54.3964445984109659 68 232 37
0.3130381051873675 -0.2818399583393045 54.2076654361395214 170 239 123
-0.5679247346655868 -0.3818634313154696 54.3115230945195790 1 0 2
-6.9650293516411228 -1.0009221455002018 56.1187185911759556 178 220 122
-4.0096360679359853 -0.5600418331418608 54.5440306047411738 164 238 115
-4.2571076996614314 -0.5455073244492393 54.6466514223801241 2 0 3
-6.9044381456204080 -0.7880862306479588 56.0245659105528802 141 232 75
-3.8446449515985739 -0.3450358396908701 54.3778706712635014 197 219 155
-3.0469981097840044 -0.2448190426904260 54.0684906459018890 34 220 0
-3.7215373883029268 -0.3015437400132052 54.2696591465470206 1 1 3
-4.2193937507060371 -0.2275865947689183 54.5267422678685278 228 231 202
-3.0510246877111284 -0.0478700377531500 53.9647109353930077 68 251 3
-4.4952473065111480 -0.0664855414769536 54.4561062887918084 1 6 0
-0.4304189196338754 0.7693417205621839 53.9086525833857522 0 0 0
-8.3374571468064982 -0.0446965360222541 56.3740573241385903 3 0 0
-6.5148942390619151 0.2253057468324879 55.4656290864511305 0 1 0
-3.4686342490084261 0.4756171356085075 53.7663877749143282 72 93 74
-6.3923780590943933 0.3044524500969569 55.3558612871108195 0 70 2
-0.3914568844667840 1.0120124712759002 53.7407839269740677 0 0 2
-7.0140607638870742 0.4126128682791324 55.5232550488034065 202 227 162
-4.9058215830422407 0.7932982149565024 54.4252718628975742 175 228 120
-7.5025293598164495 0.6856247427664852 55.6360262018812790 4 4 4
-6.2196639837033443 0.9654890494360987 55.0662882100405184 0 2 1
-8.1432193105357307 1.0197793581543364 55.7790322215154504 0 0 0
-1.5008541842121765 1.6657312483366438 53.2668537844704062 0 0 2
-1.4097122923079763 1.8686820890728293 53.2264261985811871 0 60 0
-2.4340806625281504 1.7579445989023372 53.1883812035423063 0 37 0
-3.4196186426882611 1.6600770849776409 53.3653807417768036 0 5 0
-2.3728639975717081 1.8007127619204824 53.1456712899523254 0 0 0
-2.2782966158263456 1.8189180579309987 53.1271964151769751 0 0 0
-6.4202136911219085 1.4968491017016456 54.8671111330752908 141 255 107
-1.7375271474722644 2.0221971584156129 53.0736308873738025 0 0 2
-2.6503370086506655 1.9007930590219611 53.1163694627984526 0 1 0
-1.5559084990964507 2.1575768074481796 53.2558247986983631 0 0 2
-2.6062421230559649 2.0613508873421065 53.0741297997372357 1 0 0
-2.4591957254984864 2.0890520504558148 53.0847276096252472 1 1 1
-7.6307353841071288 1.7386901724170374 55.4417944903590367 1 25 9
-4.2239984683386824 2.1179157191090283 53.4170737793367749 2 0 1
-2.5177472986637572 2.5380732595799809 52.9691569209054052 0 28 0
-2.7234745535378031 2.5445576040432334 52.9435437572449885 0 0 0
-0.9028046555533012 2.8987456090586528 53.2622633105310044 0 1 3
-2.6718857856933544 2.6217936539806859 52.9140942948052810 70 210 17
-0.8959370502312114 3.1231267896015233 53.2901683308268943 71 255 38
-0.7686555372986523 3.1364904177351489 53.2955843877881890 2 0 3
-6.0603408463584048 2.5861546400558821 54.3206940010032824 174 200 113
-2.5822124348124267 2.9707732046957154 52.8592292764652925 1 15 0
-2.8660703069312001 2.9871669513877301 52.8298035170918965 3 0 0
-8.4539453681419445 2.6321561942312703 55.4227270510653440 38 164 56
-2.8778921085588198 3.0804319723862181 52.8104629815746947 61 203 20
-6.0806247044977297 2.8899335048257955 54.1402951179534568 181 237 140
-2.9369876422465397 3.1863575811714688 52.7903848304290619 81 248 72
-3.9737290636745484 3.0993734944262852 52.9147927161643707 178 249 143
-3.3982283054694493 3.1633271684735607 52.8225463957110861 37 206 1
-3.8199511656010063 3.1278696224002713 52.9369252434590507 0 0 0
-2.9871894016485694 3.2708172880211186 52.7605812551662368 0 0 2
-3.3993310917441724 3.2629899094806696 52.8208415357901941 184 218 134
-3.0969412496992907 3.3180465434527018 52.7836545880286749 55 224 0
-3.4391198793682389 3.3659365858903669 52.8097036710334748 1 0 4
-2.5520697791250035 3.6661398130551683 52.6912031074069134 46 215 2
-2.6223316255666811 3.7367699855979599 52.6848389738562446 0 1 0
-2.4338876697729632 3.7986080445913899 52.6677891592896046 27 181 0
-6.7451328744596637 3.8289755109208268 54.0114032378908888 15 27 5
-5.9083312117990365 4.1631636583662530 53.3859948876647294 255 255 255
-5.0754903584296400 4.2319781014748790 53.0255579903171252 0 0 0
-9.3913658136038549 4.1464553001391966 55.4219741684412028 207 206 152
-2.0913316128545953 4.7217283802089725 52.6322662237095358 79 234 18
-3.8770601683405483 4.7458695626378162 52.4182378884634872 0 16 4
-2.4556206975322552 7.9864205472442151 52.0615219522593264 1 0 0
-4.4165201123085192 10.7065118910526191 51.2154779319191675 22 24 23
-4.6119987008003598 11.1448515497161686 51.0937454241111482 98 254 82
-4.5559924883983900 11.3899410731635307 51.0484239271528892 0 62 19
-4.4549850586937279 11.5404282262575801 50.9948700134863984 0 1 0
-4.9335935357984084 11.6716114031736211 51.0211138321815554 0 35 11
-4.7377629584031462 13.4988614031136791 50.6145621873413489 0 0 2
-6.1251994450433589 13.6916733466580478 50.6005594768630615 154 255 153
-5.4580615354909074 13.8922936689736911 50.5385435905215417 0 0 0
-10.8367936201879118 14.3532392806535949 52.4001918583270765 166 255 149
-11.2229922295879785 14.5612491386943432 52.6679289496497347 75 116 72
-7.3512338681425868 14.4373788487733297 50.6090221744676825 0 0 0
-11.1276100468022801 14.8884594435061341 52.3682633351534932 183 221 134
-5.9232832557975179 14.8491478250500322 50.3656501968236370 25 239 1
-5.8605994276792828 14.9229282215510963 50.3819631128830068 1 47 0
-7.5654754339077739 14.8009336280953274 50.5221604051420954 0 0 2
-7.6629873957375700 14.8282677104286815 50.5047623255342231 159 239 108
-5.9153205804292144 15.1322754470429111 50.3270924442277305 150 255 132
-5.9642951020697188 15.1939165391890043 50.2952942779893775 24 196 0
-5.6588112398383679 15.5541066628057685 50.4483144714524983 1 1 3
-8.5930008939288260 15.1843303649999921 50.6038924375454329 158 255 124
-5.4444260820450898 15.6418495398498756 50.5197717546752827 0 146 1
-4.7342301787648866 15.8096777155804737 50.6075201543106346 0 1 0
-5.5315007712899433 15.6389025266915009 50.4811212510694887 1 1 1
-5.2591061069188987 15.7142073087380805 50.5342034188706535 4 187 1
-5.1561191103825248 15.7492618796727957 50.5117465498652862 0 4 0
-5.3776375771121829 15.7134399991794353 50.4834692703582775 2 0 1
-4.9895596798574022 15.7935778123353323 50.5107010182629850 49 234 45
-14.3190498301031770 16.3259209230421121 54.6442716766724033 231 231 203
-8.7999896081326625 15.3886822843754327 50.5792270671473361 13 13 5
-8.8056574225269042 15.5027027387452190 50.6011872838302068 218 246 195
-4.8075544112354232 16.1710275717867340 50.5170597535105159 0 66 0
-7.1438238800281200 15.8173822875820793 50.2520509701299716 85 238 23
-9.2648401975369126 15.8576941742897297 50.6974135814593083 98 125 106
-5.1979158590162742 16.3450739965798313 50.4020570788612687 53 212 5
-5.1816481552992011 16.5277837105287801 50.3499753721411167 84 241 10
-10.5610275780961604 16.8071395051150496 51.7169694461178366 35 83 21
-8.3539805733662753 16.5724682455455579 50.3671090251951483 100 244 35
-4.7276899001110362 17.0722221813850474 49.9516245632072255 89 255 60
-5.9104927377990064 17.0099463625407701 49.9900587544752497 172 242 128
-6.8239549439934954 17.5872992349242914 50.0344154887880066 0 2 1
-6.8885815628081133 17.6772373460164687 50.0518599043297598 17 203 0
-7.8298390605034385 17.9088773097650211 50.2826539301773892 0 0 0
-7.3053378050969080 17.9427431941379076 50.1145752766402452 1 0 2
-2.1466906348115118 -6.8490030208209189 62.0555165742967247 206 213 169
-0.1579454455199094 -5.6684195255920828 59.4486756017816020 84 180 18
-1.9679695543130216 -5.4145333590694102 59.8232738124850201 0 0 0
1.8315889283121243 -4.8213489630326798 58.0932510963350879 255 255 255
5.8168336266188607 -3.8746756670838853 57.5213838806328397 0 0 0
3.2125010902283506 -4.1572477649173072 56.3597914232258006 0 0 0
6.2202764347426092 -3.3334507534765310 57.9416063337729028 127 244 69
7.7689284640407337 -3.0870710862820236 59.0596216467590054 0 0 0
-1.0114825467382769 -4.3597000959139809 57.3796305033172729 0 0 0
1.7818569845528314 -3.6640696436512066 55.8237032298254192 0 1 0
-0.0041570362632047 -3.7931826182722723 56.2439003230895622 0 1 2
4.7221237769106317 -3.0908510663289448 57.2498244905939586 58 255 18
6.6293822518375416 -2.7375831549880152 57.9871427921534703 133 254 91
-2.2590485488889689 -3.9902750186874250 57.7269548065652387 1 0 0
-5.1960139513808778 -4.2930896067399127 59.3668425210163875 255 255 255
0.5553480607027069 -3.5311707034401456 55.8907015672482146 255 255 255
5.8052606129625417 -2.7416567187411833 57.2978931868106756 79 255 52
-2.8886740693514126 -3.9207561421557244 57.8227537398064086 0 0 0
-1.0116882117404247 -3.5117682512931685 56.3653324345208446 0 0 0
-5.0084005772245028 -3.7985492467537929 58.7288702126949431 254 254 254
-2.2382622923137299 -3.2515217052254548 56.5791633382620347 0 0 0
-1.4698097113139499 -3.0388462874848234 56.0045208377962851 109 222 26
3.3675504518337513 -2.0649426598281200 56.4629218875878323 0 2 1
1.5360932891714787 -1.8434723732936955 54.7493279959075352 0 1 0
0.0614234552971806 -1.9118428182886043 54.8916941169411103 0 0 0
-5.7195155236413102 -2.5065983524853594 56.8601341593363401 139 191 54
-5.7679934896917890 -2.1364028051420001 56.6912729972438498 139 202 59
-0.0679536581671579 -0.7529854211471085 54.3913764521758054 0 1 0
0.0826474070786360 -0.5975302865020424 54.3109736558042471 149 228 85
-1.6169822258971129 -0.8065471818590999 54.6165601485159087 0 7 0
-0.3894734968957125 -0.5192683601988903 54.3650708499446722 0 0 2
0.2097782514423527 -0.4224934222560014 54.2355217717316052 177 243 137
0.3639905437773765 -0.3917089875214302 54.2605935772030108 50 234 0
-4.5777056767260138 -0.9551511716496931 54.9334252598260520 25 55 31
-0.6975097522780689 -0.4493579156409834 54.3290174250753921 51 219 10
-0.4668771244319443 -0.4176747366781237 54.3342708683481419 1 184 0
-0.5809216771231511 -0.3682007540575990 54.3105415156476852 0 0 0
-3.8971824687822809 -0.2572539543313852 54.3656945930807041 1 0 0
-3.5402949511242974 -0.2375186358803340 54.1633351032744628 1 1 0
-2.9842211081092027 0.0248674650347707 53.9569492110022466 1 1 1
-3.2437576393444991 0.0156148591909299 53.8754962639830097 0 0 0
-3.1817190705729312 0.1640225206626208 53.8777364382186548 146 225 82
-3.6162881822971107 0.6749653066862147 53.7675365214211212 255 255 255
-7.0631161717293560 0.5337468195317275 55.5543034767859965 3 32 4
-2.8711748599935771 1.0998443468669254 53.4479672503009127 0 1 0
-1.5014142727129998 1.6537056516542044 53.2518317527792817 0 0 4
-2.5265424943373915 1.8632740308843261 53.1428897681535233 136 213 55
-1.6890274501124150 2.0718119815434841 53.2355049359666808 0 0 0
-2.5244515255399587 1.9909774544516525 53.1252354048070004 90 236 13
-2.2610010387927462 2.0258993362052768 53.0708391164239330 1 0 0
-6.2169287306125698 1.7158210850034499 54.7645124502891747 1 1 3
-4.3937580962884635 1.9544353360037288 53.5604609707283643 239 236 217
-2.5557487163655503 2.1628332075951309 53.0441664385532832 135 226 63
-4.2891327403735158 2.0418295768388739 53.5660923028637868 2 4 1
-0.7568539660308599 2.8975540981319954 53.3024692710502777 0 2 0
-0.9187194098321673 2.9123469974127039 53.2711934734082817 1 0 0
-0.8165263100706782 3.0181440953657326 53.2806781204368605 48 208 0
-0.7571568044282848 3.1339039889784894 53.3034894671712252 0 1 0
-2.8647228874084574 2.9718231080378947 52.8205676193086333 0 1 0
-2.6926049098366880 3.0513655636773360 52.8532756962631751 109 222 26
-3.8231272344845717 3.1248145719538218 52.9740496412930071 0 0 0
-0.3586143116651356 3.8184768383502732 54.0221587705140749 87 255 72
-3.3752218148072908 3.1778761205426389 52.8259589051721719 146 230 82
-3.6746111457238508 3.1498405373102014 52.8401598700070565 0 0 2
-3.1735645364195877 3.2344431087990695 52.8023306758338791 0 1 0
-4.2801759452584802 3.2220773168151648 53.0234322655688146 1 0 0
-2.8425902958664908 3.4402390946094688 52.7035377926958830 89 238 14
-3.4280514919555531 3.3768344372399688 52.8042233555468243 0 0 2
-3.2711203141387930 3.3968796497164671 52.7839004415256241 109 255 60
-2.3529619932310570 3.7699377734768138 52.7257365780166012 140 251 97
-2.4152569107933051 3.8052656370744433 52.6829613238673744 82 233 18
-6.8018994207822763 3.5315970366495049 54.0992247994714077 254 254 254
-5.4662727433109728 3.7225060533802274 53.5243744814473033 135 215 56
-1.9422202941225606 4.5609276940934684 52.6829533854128726 0 0 0
-9.2848411341272250 4.1071488147209472 55.3142568672286501 196 198 133
-3.4698234511670263 5.6881686173323827 52.1925131544537493 255 255 255
-3.5155593359620609 7.5226881323152739 51.7879521064451112 255 255 255
-3.3954789296389860 9.6147631729782272 51.4805350205152834 255 255 255
-3.4275062120873443 9.7230621420550669 51.4657120204217406 255 255 255
5.9699902651821608 14.7667155260598832 62.5616445105756611 1 1 0
-3.1784214625176324 9.9401484881248390 51.4321130135780535 46 222 0
-5.0317361108324254 11.7208167990307999 50.9644362173402570 126 255 90
-5.1917163753075171 11.8685729473451467 50.9730509583361666 0 0 0
-3.6293871188446611 12.7652965960681648 50.9357746410485106 3 0 0
-8.0737308584441614 12.8182614160019810 51.2484372509764654 255 255 255
-5.9251903315902483 13.2048723971673265 50.6686902550050746 65 245 22
-4.8878860749247481 13.6408055312454337 50.6283196192141602 0 83 0
-4.3288592341586947 14.3837884367684854 50.7006176431752920 98 255 49
-4.4687240062622999 14.3498318346968947 50.6354612555802817 0 0 0
-7.5561460624938368 14.7743218585411036 50.4881172043156710 0 0 2
-4.4475047372666525 15.4103990247092710 50.6824898149932039 0 0 0
-9.2069042810825916 14.8536198468655378 51.0171785580764166 255 255 255
-5.9092400345633989 15.1422616477506509 50.3200616196975972 82 254 44
-5.8531238871340214 15.2883068884869644 50.4163805805000891 0 168 0
-8.4717465282985565 15.1793558408845612 50.6129568386117370 151 219 82
-4.5919959807675808 15.7643501924037555 50.5834250795125513 6 204 7
-5.4426712578750447 15.6241792680586844 50.5164999985013523 0 175 0
-8.5842442733867923 15.1849505599515151 50.5901097617478896 206 242 178
-8.8070682919357477 15.3883791873393978 50.5810778310230447 51 46 42
-4.8226349836223603 16.0347694758665540 50.5743991400875288 87 242 14
-8.8157892570290404 15.5170466368294928 50.5964134770968670 228 237 208
-8.9666076433878406 15.7134043798614833 50.6081810924599935 229 234 211
-4.3855983963145064 16.5508918808139356 50.1478557227651436 236 236 212
-8.3063017424720691 16.7211452355941965 50.2884671683612865 162 210 98
-4.9652700413642217 17.3174259665649792 49.8782095419372027 254 254 252
-5.7672384385137407 17.3719150012596408 49.9816005368228602 43 242 0
-6.3260905736132962 17.5411663368469810 50.0503490812335485 24 199 0
-7.1474902627315924 17.8351028055216716 50.1310450293077778 46 253 0
-8.4410564552597229 17.7986307298980044 50.3006837122947914 138 221 69
-7.1382543153091440 17.9721824543778723 50.1280472087919335 210 225 182
-8.3175858838639769 18.3252526984489030 50.2968338514943412 229 229 201
-10.2438628443278219 18.5984220107935734 51.1246107158964946 0 0 0
-9.6394631218048747 18.6730149616997885 50.9210045033162757 190 236 146
-1.4011322502453061 -5.4461503799274871 59.6514953958337912 0 0 0
0.3506292225645471 -5.0183776183524467 57.8279179221556419 255 255 255
-4.0624522330368578 -5.3209714261590051 60.5988805136786937 254 254 254
7.8967977473194333 -2.8723489341302257 59.2361174609848931 0 0 2
-2.6926726543066546 -4.1130698993660184 57.4450742063004540 255 254 255
4.7308992052883392 -3.0407050800046340 57.1331666560626132 110 254 70
6.5647338725182465 -2.7668512994443395 57.7600564524127549 58 255 11
5.0130903495697723 -2.9845855546839903 57.2351227021544844 0 138 0
7.0598474674968408 -2.6774506812749572 58.0219725555466326 47 247 14
-4.9026521932550082 -4.3109574113044316 59.3241356352640778 0 0 2
-4.8518120883628120 -4.2242956947835344 59.1438149552407637 0 0 0
5.8471499177220485 -2.7589263146292606 57.3562858335526471 129 254 88
4.3141034937466847 -2.9608183585781114 56.8120680750257563 88 255 53
-0.5875925519023628 -3.5741830464731641 56.3416195291128332 255 255 255
3.9027939516509447 -2.9291276212088566 56.7981568122178615 106 255 71
-0.5768390584151009 -3.3688202351884522 56.4006754395676495 0 0 0
8.6054679544595967 -1.3533702667146554 59.7837886032764274 18 248 0
3.8995556185784221 -2.1505506629819457 56.7210444033548740 0 0 0
3.6460282902719121 -2.1757365652375014 56.5220791931667890 129 252 84
-0.0916558597571766 -0.6788894273991500 54.3277207153057589 1 1 1
-0.3969240652794441 -0.5628188944823993 54.3276858140597554 0 0 0
-6.6715138557613480 -1.1369225227349178 56.0980295451002604 156 195 88
-4.1936101965697139 -0.8348349605636580 54.8498624339456171 131 200 45
-3.9984027897812586 -0.7017101919047870 54.7224600780306289 0 14 0
-3.0330868506011162 -0.1391855286021963 54.0557907021410671 21 211 1
-3.1629890066887012 0.1563487849266852 53.8866916785412471 149 224 80
-6.5146640825198805 0.0661285791936732 55.5288012123617065 178 193 124
-6.2488205932590937 0.2489278072887384 55.4469822134020092 33 230 0
-6.0632063465466661 0.2949470160633066 55.4836258984059896 0 1 0
-5.8884678285682375 0.5005384382596212 55.3931044452372632 0 1 0
-2.8637160752785782 1.0719803251841009 53.4558691967981616 1 1 1
-2.5872286034760403 1.7113150100423864 53.2020713235646738 92 238 15
-2.3478330469306252 1.7696654537104486 53.1471839703991122 0 0 0
-2.1769080637866791 1.8838029394573919 53.1197956869438102 155 203 83
-3.7532997540652242 1.9663492785823977 53.4160079748844794 1 1 3
-1.2762452806026521 2.3950953673343220 53.3798070213365179 1 0 2
-6.5243640437973296 2.3264215707618927 54.6154656430361669 17 17 17
-0.7222971865057163 3.1544257660099859 53.3294499643055673 0 0 0
-3.3622105146128454 3.2134258702954739 52.8204399246120673 104 228 26
-3.6032100610973679 3.3080391528346631 52.8049859535351729 111 223 25
-3.1428975057788158 3.4023888270123259 52.7273023102922096 95 234 19
-2.8392199785896315 3.5549680655450002 52.6128243464309122 0 1 0
-7.4660161085874464 3.4807191954208543 54.4135652655313464 13 16 5
-5.2813408928157353 3.7053563077445184 53.6171223160078654 0 0 0
-5.9943180398420699 4.1154899149549120 53.4754594439181474 0 0 2
-9.2423192185189595 4.8093925709336105 55.0786798799298367 255 255 255
-3.9167901749393734 5.2613753944060724 52.1400937053576570 0 0 0
-4.7566998485397747 5.2829967273936367 52.4566570264768259 0 0 0
-4.3252544564420070 5.3295333089695056 52.2795395585025915 4 13 10
-4.4679397409925459 5.4020554305834434 52.2706824597078068 255 254 255
-3.6677286507669629 5.8378118078541252 52.1094945418255477 0 0 0
-2.1373322165791859 6.5555201021817719 52.3943983156879014 255 255 255
-3.2940300356398193 6.6986063755569143 52.0251734229876490 0 0 0
-3.0916913612733410 7.2198970356493772 51.9324255388307989 255 255 255
-2.2808496556601852 9.1323361419527416 52.5302358701087400 0 0 0
-2.3174923206733120 9.6555142958191826 52.3212735825924966 158 252 116
-4.8977430228100891 11.6498933260410542 51.0197941428024606 0 1 0
-3.4465770697433751 12.1548285322171790 51.1714479461694864 100 249 43
-4.3823927640655427 11.9943381726066232 50.9493823784682220 1 0 0
-3.6136264250963266 12.2264375307895357 51.0258974989945884 62 248 1
-4.4422728718229845 15.3498282904024919 50.6428694821779573 0 0 0
-8.5026175183289396 15.3927951853210594 50.6577183997288287 1 0 0
-8.8284255668708624 15.3847757072138087 50.5755145580788295 0 0 4
-5.3758443392026791 16.6823767578715376 50.1330380860187219 118 232 46
-5.6694431861763110 17.5686485141094586 50.0843574891980623 0 0 0
-6.4124503811202658 17.7493586115187760 50.1078667793026540 0 0 2
-6.7920760375570994 17.7574194408251849 50.0988248605449797 0 0 0
-5.3299411122452289 18.0215516482334657 49.9042477880352706 142 226 76
-7.1403440226229016 17.9753036564427227 50.1131431811463202 200 227 160
-7.4962974527295145 18.0940645435297114 50.2082762968095793 234 233 213
-8.0359157623989397 18.1842721787854522 50.2419533152821387 0 2 1
-0.7401062233545821 -7.2585938415286844 61.8961398540993315 147 192 73
0.3500475835464199 -6.8100122248410528 61.3538763232686790 0 0 0
0.9524890695309973 -6.1118497140260537 60.6384399680353496 0 0 0
1.6498527761829020 -5.9952685739002884 61.4723146543906083 2 0 3
0.3416840928123221 -5.0370933373356479 57.4189519644108515 255 255 255
-0.4434884460366405 -5.0764553789620246 58.2163048292609346 0 0 0
0.7292443324629849 -4.8204549706773046 57.3878667857828759 255 255 255
-0.7365217818843569 -5.0169024577609598 58.2316646460071539 255 255 255
-0.8009925363081546 -4.6106665724118647 57.7224279357081329 1 0 0
7.9102105589052547 -2.9066915156145856 59.1719891205266464 0 0 2
-2.6551668771279906 -4.0614267434461899 57.5812556479825446 0 0 0
4.1553795813450245 -3.0789743226591444 57.0231261612717120 2 54 18
6.8212807534566720 -2.6573056535812452 57.9705433024310679 0 0 0
-5.1618533459920437 -4.1767639687162523 59.2951503158912558 0 0 0
-3.7169671658333083 -3.8384868118023499 58.0633772698611992 255 255 255
-2.1329534844670599 -3.5030736416919361 56.8119853252241711 0 0 0
-4.4394905235189261 -3.6701569409194477 58.0078103932882314 255 255 255
-3.9580670009035530 -0.7140556697886735 54.7547498918736650 0 8 3
-6.7627741726776200 -0.0260695818612765 55.4814405151596759 2 0 1
-3.2373592214372184 0.7844850237960969 53.5961103408763151 149 190 72
-7.2910616869425509 0.5759452230222194 55.5838578060291724 162 185 103
0.9625133598751781 1.9891797906699651 54.8277576363479113 0 0 0
-1.6799943372998578 2.1632242100988455 53.1965037298781596 0 0 0
-2.6907611501023054 2.0159326040614833 53.0700538639897559 0 0 0
-3.6313834272442809 3.3154974952621439 52.8107106162128090 94 235 19
-3.1800693480802860 3.4071133338348312 52.7561728344234453 96 235 18
-5.5423144074033122 3.3809078194033217 53.7058340071113349 0 0 2
-8.0398120508620128 3.6037655972999643 54.7792514611451580 0 1 0
-8.8349219772177019 3.9776463699183395 54.8043725058066187 30 30 18
-1.3268931887591389 4.7539203855290744 53.1163505040679311 0 0 0
-0.2105414362928771 5.4421515219551342 53.7983718360041934 0 0 0
-3.8482508666153779 4.8783317890446201 52.3779571658008578 0 0 0
-0.9125401023948408 7.6278061549490612 53.0111287701691367 0 0 0
-1.9517364838267546 9.1859378810459535 52.5187169962400304 1 92 0
-3.8094484999143927 8.7700959247542869 51.6390288489105060 255 255 255
-11.1598525897099030 10.8059803480881662 54.1862459203616638 255 255 255
-5.6569514337071780 11.3431730545237937 51.0659669121736712 255 255 255
-5.7763600950314959 11.4250520568740352 51.1671673068885866 255 255 255
-4.1617104717524329 11.6896526156832063 50.9825856063646086 0 0 0
-3.6366482032318479 12.2104823010172012 50.9096886558179733 0 182 1
2.3967251084041021 18.4669185095873907 63.9172222432379087 18 212 1
-4.3149367351799839 12.8936717006392509 50.7361519231668368 1 1 1
3.7319805196986655 18.7635440113852603 61.6907883474764915 70 255 11
-7.4365636928983347 14.6676273557744317 50.4884012394739656 0 0 0
-5.5575294663672032 15.4846078831779383 50.4721394893364987 1 173 3
-4.7832535975416661 15.6776430640579658 50.4969723651402447 0 0 0
-8.6643859405234966 15.7414687672828624 50.6427330872930384 13 23 14
-5.0000828811705320 16.4117547366524867 50.4088176747325178 0 0 4
-4.8692323232290455 17.1995852220826784 49.9332008210417300 0 0 0
-8.5143181567999164 17.1176923812079345 50.2417771964121158 0 0 0
-5.6477211657650965 17.5206331814390559 50.0011765903702425 0 0 0
-6.0584151950850167 17.8177271394003363 50.0374677470221130 141 238 79
-5.2985739716408631 18.1147031724142273 50.1509732046342478 129 237 66
-5.3828652676107742 18.2282955124657491 49.9434789392677061 0 0 0
-9.2338215273975486 18.7294250778879245 51.0506064772207893 233 231 206
1.3474182996110038 -6.3610905955249502 61.5312611887458303 98 231 18
-1.2807313717864799 -4.8283643304075792 58.5309354197056635 255 255 255
6.6754005656106168 -3.2521179480663340 58.3948976140396141 105 250 49
-2.2161430018241299 -4.1404524437592514 57.6025978483730157 0 0 0
5.9486255195376359 -2.7936189018416933 57.4183287790597134 83 255 36
6.3346717988412529 -2.6384451203494623 57.7788034197163185 0 0 0
-2.0572228949976692 -3.4068181029661950 56.7335181185156472 0 0 4
2.5182955972183501 -1.7196905578800223 55.5685577706445955 124 247 71
1.6293734171793155 -0.6872934605817136 55.0454906645544995 2 176 0
-4.2591233826544386 -0.7413387945870347 54.7237868273498833 159 179 90
-4.0159758443634779 -0.4138543242681409 54.5512427192067406 145 203 67
-4.3910384904158457 -0.3736763568319716 54.5343969711107732 1 0 2
-3.1129893415397079 -0.1400129906187439 54.0110148035678179 35 226 0
-6.5124109683969316 0.0530297902884315 55.5855636598300507 144 200 65
-2.9999239581243460 1.3049923594236890 53.3818106900391953 121 215 33
-2.7833418551439206 1.9923383275792157 53.0684681191700705 0 0 0
-3.1241004111301272 3.0785996452063049 52.8377190270977408 0 0 0
-2.8981065625394278 3.3263606222096049 52.7902745814601033 16 210 0
-5.4384083658877582 4.0977668857284471 53.2421731016614217 255 255 255
-1.5443711663864430 4.8521172599140598 52.9524943120679836 0 0 0
-3.1548263880424865 5.2398816769650027 52.4501704804459123 255 255 255
-3.9047909992875991 6.2681912045371382 51.9787817086029165 255 255 255
-1.0606716366158568 7.4718347914832641 53.0855548500134589 111 255 65
6.0766250107375059 14.0491089787188432 62.8455945912907268 98 245 33
-5.0018485881820851 8.9168100819430762 51.4259616665039019 0 0 0
3.2278057123520960 18.3073248006453078 61.8469755656046090 0 0 0
5.8968552451029064 -3.2577814433444714 58.0763708734745947 6 220 0
-1.6457758694259754 4.6514779081604898 52.9053859434473210 0 0 0
-4.8639592192174677 4.5058044637505361 52.7972916484634567 1 0 0
-3.7300014890725870 5.1974304868373924 52.1931112204507031 0 0 0
-4.3397559759399336 10.9294675072424621 51.2062800338080422 0 2 0
-6.4747906791796614 12.8352862109449148 50.9594083549505186 255 255 255
-6.6004257989645474 18.1671144201831147 50.2664097109964487 109 229 35
-3.0415892716257438 5.2335652710507823 52.5122961845110439 255 255 255
-3.5227199956402528 8.7119348522346467 51.5733766420929101 0 0 0
-5.7463122646403511 8.5238719075559484 51.4020991001305561 196 197 129
-10.8784244978351161 18.0386225250485630 51.6397075109661685 140 237 82
0.1596720537188357 2.5830502544747977 54.6384264835830180 34 255 25
-2.1911134032669333 9.2816224883476650 52.4572690191453574 70 248 40
-6.2534467584325775 1.4985764230850598 54.8697980405011876 51 197 28
-2.9532058274972028 9.8814206903107706 51.6411360105396540 17 198 0
-2.9231040313440357 3.2314551662375486 52.7082502300817950 84 241 66
-4.0112502169103568 12.7461114735025980 50.8795379307194864 34 213 0
-4.9289322023498228 11.7729012865487448 50.9690547888434935 35 224 0
-8.6473925042130979 15.7756015986320914 50.5429862710625812 0 0 0
-0.8400532604316893 3.0937630331313981 53.3668965868497054 106 244 47
-6.1059677632538847 14.6056501851088836 50.3911459990974038 66 255 12
-6.0934461217665152 13.1559812071397619 50.6916711591669014 91 236 11
-5.3696501897105486 16.5529719101639969 50.2517905434064573 94 211 120
-5.5648682833785683 17.3086519590033383 49.9678088482215443 0 86 0
1.7115488303950388 -3.4914479038757524 55.7142382470313535 0 32 0
-7.1166549434862096 15.7787623832395276 50.2470119511368054 51 206 40
-5.6762197674905597 17.2691882281057438 50.0087588641450509 1 1 1
-5.8402335323086936 17.3134441222285389 49.9874822315145195 0 68 1
-6.0560894959683509 14.7120081921685664 50.4183614667356963 172 236 124
-6.7222708552983503 15.6156756786596898 50.3136751088241354 0 7 0
-9.8471087420965251 8.4620292405669932 54.8713267281453128 110 246 50
-11.0417493802299393 14.5424896726973945 52.6294602320240230 0 1 0
-28.1934890778898648 -7.7463480176545909 15.3056429058929773 0 255 0
19.0459165489810189 -0.5837223592914640 13.1442819542307312 0 255 0
-26.3434087981281841 -7.3531718245080180 14.1143817731364010 0 255 0
-27.9949969126998859 -7.5556946949826713 14.2567248147884484 0 255 0
-35.6634633431925252 -6.8535691966867418 20.4302848110265955 0 255 0
25.3059860127242224 0.8174412483199323 16.1006672188475655 0 255 0
-59.7645333461223842 -6.7796082585934307 46.3147455292213408 0 255 0
24.2104041007899298 -1.2694312304393058 6.7648880181445534 0 255 0
-41.5636278643831645 -9.2197641957735286 15.6862906161218678 0 255 0
-32.1012795552263412 -8.0291689838681268 9.6980368077466714 0 255 0
-10.8920377247712672 -5.3910972544304947 2.5141924959043083 0 255 0
17.2902904912183004 -1.1187870526320522 5.3451717855492218 0 255 0
37.0269574498264475 2.8338303450279296 16.8987318082028679 0 255 0
7.8256579686090602 -4.2720990422697707 1.5895951267604054 0 255 0
-59.7106192263599169 -8.7607056756586594 43.3709289467753507 0 255 0
-25.8437850342807316 -8.2743083579901704 3.6388109084329407 0 255 0
-61.6802958734991336 -6.7908222758619425 51.0721864813085631 0 255 0
-37.9051965303795413 -9.0453787675097583 12.9160623668211105 0 255 0
-3.9533873705393616 -5.5662257987125674 1.4462067767739351 0 255 0
34.4210754842281403 1.5719496962254933 13.8174870151072575 0 255 0
-23.9327142639694550 -7.8247159330640335 3.8806315134750928 0 255 0
-60.6529524349548339 -8.6218800681405305 44.7589636540602243 0 255 0
3.2261007791100775 -4.5373460145124227 0.9429663633805392 0 255 0
