# Bundle file v0.3
23 8076
4488.28 0 0
0.912428 0.230261 -0.338312
0.188027 -0.970144 -0.153189
-0.363485 0.0761624 -0.928482
32.6863 0.130722 4.55309
4488.28 0 0
0.89186 0.195229 0.40801
0.25168 -0.963708 -0.0890155
0.375824 0.182077 -0.908628
-22.2353 -4.18596 4.89162
4488.28 0 0
0.921523 0.262079 -0.286548
0.222783 -0.961201 -0.162664
-0.318061 0.0860602 -0.944156
30.2476 1.09689 5.58018
4488.28 0 0
0.911991 0.226297 -0.342144
0.182042 -0.970709 -0.156798
-0.367604 0.0807138 -0.926473
32.1189 -0.0026838 3.52723
4488.28 0 0
0.77413 0.0214155 -0.632664
-0.0273497 -0.997363 -0.0672256
-0.632435 0.0693445 -0.771503
40.6804 -6.43744 -6.31755
4488.28 0 0
0.84151 0.181671 0.508779
0.259832 -0.961787 -0.0863297
0.473653 0.204844 -0.856558
-29.6354 -4.39913 1.63744
4488.28 0 0
0.248865 -0.10877 -0.962411
-0.112697 -0.990176 0.0827664
-0.961959 0.0878627 -0.258679
58.7097 -17.2816 -44.9147
4488.28 0 0
0.892465 0.175984 0.415374
0.231384 -0.969 -0.0866069
0.387256 0.173405 -0.905518
-24.1935 -6.2461 -3.02977
4488.28 0 0
0.750476 0.00596574 -0.66087
-0.0303885 -0.99859 -0.0435232
-0.660198 0.052746 -0.749237
41.6141 -9.78711 -15.2012
4488.28 0 0
0.856233 0.0410185 -0.51496
-9.75535e-05 -0.99683 -0.0795636
-0.516591 0.0681751 -0.853514
32.8096 -7.23524 -7.75842
4488.28 0 0
0.980405 0.111231 -0.162587
0.0910655 -0.987761 -0.126632
-0.174683 0.109344 -0.978534
11.687 -4.01485 1.14706
4488.28 0 0
0.932372 0.172011 0.317953
0.217883 -0.969226 -0.114579
0.288459 0.176107 -0.941158
-17.6281 -4.23918 0.240138
4488.28 0 0
0.734613 0.189069 0.65161
0.298706 -0.952432 -0.060401
0.609195 0.239011 -0.756145
-38.7477 -7.34044 -10.456
4488.28 0 0
0.976632 0.159542 0.144004
0.17536 -0.978917 -0.10474
0.124257 0.127545 -0.984018
-7.19011 -5.38784 1.13668
4488.28 0 0
0.303922 -0.102666 -0.947149
-0.0867903 -0.993026 0.0797892
-0.948735 0.0579536 -0.310713
58.3267 -17.3424 -42.6659
4488.28 0 0
0.932828 0.27584 -0.231829
0.242051 -0.956318 -0.163911
-0.266916 0.0967864 -0.958847
27.2338 -1.06092 -2.60821
4488.28 0 0
0.173874 -0.107214 -0.978914
-0.106124 -0.990307 0.0896121
-0.979033 0.0883049 -0.183566
59.9918 -17.8474 -50.4123
4488.28 0 0
0.804081 0.0419712 -0.593036
0.00297905 -0.997777 -0.0665769
-0.594512 0.0517666 -0.802419
38.5182 -8.05244 -11.7028
4488.28 0 0
0.989215 0.13947 -0.0447508
0.133682 -0.984525 -0.113315
-0.0598623 0.106111 -0.992551
4.75179 -4.78771 1.78941
4488.28 0 0
0.781172 0.188748 0.595101
0.280036 -0.957868 -0.0637882
0.557988 0.216479 -0.801115
-35.4083 -7.25204 -8.47744
4488.28 0 0
0.939636 0.287918 -0.184899
0.259867 -0.951994 -0.161794
-0.222606 0.103978 -0.969348
25.4584 -0.601898 -0.752285
4488.28 0 0
0.273956 -0.0998411 -0.956546
-0.0843187 -0.99326 0.0795243
-0.958039 0.0588686 -0.280528
58.5694 -17.2374 -45.0442
4488.28 0 0
0.986864 0.144783 0.0716817
0.152398 -0.981535 -0.115606
0.0536204 0.125011 -0.990705
-2.59439 -4.8362 1.32844
-11.3564 14.8327 52.858
255 255 255
3 4 19307 841.046 2563.24 8 11400 815.575 2334.13 14 9042 1282.51 2311.42 
-20.7214 -5.38946 41.8917
255 255 255
2 0 2628 710.316 656.459 2 2321 614.495 661.706 
-10.4589 -1.22329 57.3548
255 255 255
3 0 2718 1324.13 774.933 2 2385 1360.58 764.86 3 2576 1241.59 785.991 
-11.1008 5.30669 59.9697
255 255 255
4 0 3468 1313.37 1393.62 2 2931 1380.87 1376.79 3 3194 1230.94 1394.12 15 783 1329.72 1308.03 
-13.2723 8.87561 48.8246
255 255 255
2 0 4113 1738.04 2132.8 2 3468 1764.11 2097.48 
-12.4551 -6.07911 53.7004
255 255 255
3 0 5265 1169.51 331.459 2 2034 1171.82 327.693 3 4796 1088.37 344.29 
-10.9711 -4.40566 55.897
255 255 255
2 0 5423 1261.96 473.701 2 4521 1281.42 468.341 
-19.9561 -5.93205 41.9913
255 255 255
2 2 4575 704.594 547.695 3 4971 697.761 537.486 
-20.1048 -5.81986 41.9601
255 255 255
2 2 4590 688.033 571.504 3 4991 681.149 560.441 
-10.3707 -1.10146 60.4614
255 255 255
4 0 5661 1215.42 772.083 2 4711 1265.25 764.012 3 5122 1137.75 784.355 15 2104 1230.22 797.539 
-10.4013 -1.1879 57.5024
255 255 255
3 0 5668 1323.82 776.247 2 4715 1361.2 766.273 3 5126 1241.96 787.282 
-21.8781 -4.23366 41.0779
255 255 255
2 0 5794 608.585 902.654 2 4816 508.863 910.174 
-12.3139 10.2919 58.224
255 255 255
4 0 6683 1391.33 1944.24 2 5618 1466.3 1919.36 15 2925 1396.65 1754.83 20 3126 1485.91 1749.21 
-11.4143 -4.8455 55.1551
255 255 255
3 0 7799 1239.77 438.79 2 4490 1254.43 433.776 3 6940 1159.35 453.047 
-20.0883 -5.83562 41.9821
255 255 255
2 2 6605 689.05 568.29 3 7003 682.059 557.48 
-20.1412 -5.73421 41.8963
255 255 255
2 2 6611 688.339 586.195 3 7011 681.609 575.254 
-10.2138 -2.75249 58.056
255 255 255
3 0 7915 1281.71 619.002 2 6629 1316.93 610.458 3 7042 1202.52 632.489 
-20.6496 -5.45103 41.6763
255 255 255
2 2 6645 630.516 653.276 3 7045 625.185 639.72 
-20.7672 -5.43711 41.6978
255 255 255
2 2 6648 612.295 660.767 3 7050 606.962 646.57 
-21.8803 -4.23557 41.0524
255 255 255
2 0 8065 609.305 902.038 2 6766 509.273 910.949 
-22.0909 -3.99022 40.954
255 255 255
2 0 8107 588.89 954.754 2 6801 488.971 963.673 
-10.3637 0.476386 55.0989
255 255 255
2 0 8110 1471.33 955.853 2 6789 1502.76 943.014 
-22.3789 -3.77421 40.7488
255 255 255
3 0 8147 559.388 1006.72 2 6829 457.783 1018.66 3 7204 453.433 995.003 
-22.3926 -3.65093 40.812
255 255 255
2 0 8159 558.749 1028.59 2 6836 458.993 1039.12 
-22.5448 -3.53629 40.7684
255 255 255
2 0 8171 539.859 1057.54 2 6845 440.3 1066.17 
-22.6895 -3.23014 40.7998
255 255 255
3 0 8206 526.131 1116.03 2 6880 429.028 1126.78 3 7247 422.123 1098.65 
-22.7454 -3.09906 40.8179
255 255 255
2 0 8223 521.566 1139.49 2 6897 425.069 1152.62 
-11.0008 5.63396 58.9689
255 255 255
4 0 8420 1368.75 1437.65 2 7083 1434.25 1419.69 3 7457 1284.43 1437.38 15 4642 1368.7 1343.26 
-11.6809 8.88326 58.0449
255 255 255
5 0 8598 1422.72 1791.81 2 7256 1493.32 1767.79 3 7634 1333.67 1782.78 15 4863 1416.39 1630.22 20 5006 1504.12 1622.13 
-11.0743 -5.24186 58.5626
255 255 255
2 0 9377 1131.3 403.689 2 6504 1161.05 398.589 
-20.1877 -6.10821 42.3534
255 255 255
2 2 8000 649.955 530.143 3 8378 642.042 521.029 
-21.1527 -5.42712 41.5776
255 255 255
2 2 8045 557.061 679.942 3 8416 553.636 664.125 
-21.2506 -5.35741 41.7828
255 255 255
2 2 8050 538.049 693.931 3 8421 532.888 679.69 
-21.5726 -5.19476 41.2851
255 255 255
2 2 8060 510.27 738.553 3 8433 508.741 719.076 
-21.2779 -5.05778 41.2724
255 255 255
2 2 8064 563.057 747.05 3 8435 560.133 728.867 
-21.2475 -5.00372 41.3151
255 255 255
2 2 8068 568.7 754.054 3 8437 565.018 736.225 
-21.414 -4.75637 41.2575
255 255 255
3 0 9515 654.699 792.29 2 8089 554.679 800.278 3 8450 550.826 783.128 
-21.8815 -4.22954 41.0609
255 255 255
2 0 9567 608.962 903.179 2 8131 509.063 911.749 
-22.0535 -3.96218 40.9454
255 255 255
2 0 9600 596.515 957.568 2 8158 496.526 966.86 
-22.7565 -3.97344 40.7571
255 255 255
3 0 9618 487.932 990.511 2 8171 386.659 1004.92 3 8524 384.054 978.568 
-22.2637 -3.81162 40.8251
255 255 255
3 0 9620 573.02 994.35 2 8175 472.656 1005.61 3 8527 468.283 981.142 
-22.3744 -3.77836 40.743
255 255 255
2 0 9626 559.767 1006.31 2 8178 458.515 1018.31 
-22.3973 -3.64966 40.7972
255 255 255
2 0 9639 558.675 1028.85 2 8186 458.749 1040.25 
-22.8482 -3.72725 40.741
255 255 255
2 0 9641 482.519 1039.07 2 8191 382.639 1051.16 
-22.5468 -3.53875 40.7395
255 255 255
3 0 9645 540.394 1057.13 2 8196 440.762 1067.55 3 8549 436.089 1041.02 
-22.9075 -3.57634 40.7014
255 255 255
2 2 8202 380.579 1080 3 8552 376.676 1052.47 
-22.6431 -3.48853 40.7506
255 255 255
2 0 9650 526.083 1069.31 2 8205 426.783 1081.46 
-22.625 -3.33313 40.8081
255 255 255
2 0 9654 532.813 1094.72 2 8212 434.877 1105.24 
-23.0586 -3.41663 40.8626
255 255 255
2 2 8215 357.878 1110.79 3 8560 352.05 1085.19 
-22.6859 -3.20864 40.8635
255 255 255
2 2 8222 428.611 1126.7 3 8565 420.703 1101.82 
-10.5954 3.14083 60.5315
255 255 255
5 0 9691 1286.8 1168.98 2 8234 1349.99 1155.01 3 8596 1205.94 1174.59 15 5899 1305.45 1124.63 20 5980 1390.51 1109.81 
-11.0824 5.61367 59.3084
255 255 255
4 2 8388 1413.93 1414.32 3 8741 1263.8 1431.29 15 6017 1354.32 1339.58 20 6075 1440.27 1328.1 
-10.9705 5.64913 59.0459
255 255 255
4 0 9848 1368.5 1436.3 2 8392 1434.41 1419.57 3 8745 1284.41 1436.79 15 6019 1369.33 1342.36 
-9.41691 7.90931 54.0642
255 255 255
3 6 3301 1295.14 1611.14 16 11627 1384.09 1586.53 21 10523 1284.67 1591.71 
-12.5994 11.7305 54.1766
255 255 255
3 0 10252 1584.81 2221.55 2 8774 1648.34 2189.05 3 9152 1485.22 2202.13 
-20.2603 -6.13626 42.1254
255 255 255
2 2 9005 645.986 529.602 3 9409 639.961 517.585 
-10.4096 -3.62306 57.6415
255 255 255
3 0 10537 1261.04 540.547 2 9008 1291.64 533.131 3 9418 1181.25 553.407 
-21.3628 -5.21691 41.6056
255 255 255
2 2 9036 532.054 722.286 3 9439 527.786 707.057 
-21.0852 -5.0517 41.3394
255 255 255
2 2 9039 591.187 737.758 3 9440 587.462 722.428 
-21.8816 -4.22561 41.0289
255 255 255
3 0 10600 610.046 904.713 2 9078 510.178 913.008 3 9462 506.316 892.195 
-22.0382 -4.13917 41.0034
255 255 255
3 0 10605 589.349 927.334 2 9085 489.496 934.825 3 9465 485.189 914.147 
-22.4692 -4.22781 40.9765
255 255 255
3 0 10607 516.879 931.633 2 9089 416.511 941.892 3 9467 412.867 920.785 
-22.093 -3.99165 40.9192
255 255 255
3 0 10620 589.604 955.494 2 9093 489.608 964.172 3 9472 485.629 941.792 
-22.556 -4.02844 40.8873
255 255 255
3 0 10625 513.738 970.548 2 9096 413.432 981.57 3 9476 410.036 959.065 
-22.36 -3.78235 40.8341
255 255 255
3 0 10632 557.681 1004.78 2 9106 457.852 1014.52 3 9482 453.65 990.336 
-22.4043 -3.62809 40.7848
255 255 255
3 0 10639 558.686 1033.27 2 9116 458.831 1044.23 3 9489 454.126 1019.3 
-22.5721 -3.53853 40.7241
255 255 255
3 0 10643 536.936 1057.89 2 9120 437.111 1069.94 3 9491 432.47 1042.55 
-22.9027 -3.55634 40.7048
255 255 255
2 2 9125 382.121 1082.9 3 9492 378.107 1055.75 
-11.7758 4.07968 52.432
255 255 255
3 0 10741 1560.21 1421.89 2 9212 1588.66 1400.38 3 9578 1461.24 1421.33 
-11.1343 6.76227 56.4273
255 255 255
3 0 10770 1493.16 1600.16 2 9247 1550.52 1579.42 3 9613 1402.04 1596.18 
-11.6603 5.98218 52.5165
255 255 255
3 0 10774 1615.73 1624.55 2 9251 1652.34 1601.75 3 9616 1516.69 1618.02 
-11.3538 6.91833 55.9546
255 255 255
3 0 10775 1498.34 1634.25 2 9253 1554.28 1611.42 3 9618 1407.32 1628.92 
-12.4054 9.69567 53.1972
255 255 255
3 0 10871 1603.26 2034.34 2 9335 1655.29 2005.22 3 9714 1502.11 2019.26 
-12.2086 10.3268 54.9299
255 255 255
3 0 10873 1551.03 2039.08 2 9337 1613.27 2009.67 3 9718 1452.91 2022.58 
-21.8993 -4.81631 41.3625
255 255 255
2 0 11109 570.125 804.753 2 9554 471.78 810.868 
-21.9611 -4.56039 41.0901
255 255 255
2 0 11117 581.852 851.13 2 9565 481.134 860.112 
-21.8831 -4.49234 41.091
255 255 255
2 0 11118 597.124 858.174 2 9566 496.586 868.379 
-22.2088 -4.53694 41.098
255 255 255
2 0 11122 541.925 867.144 2 9571 441.925 875.498 
-22.2751 -4.34555 41.0368
255 255 255
3 0 11126 541.381 902.305 2 9574 441.155 911.266 3 9953 437.946 891.686 
-22.2419 -4.3108 40.8218
255 255 255
3 0 11128 557.066 907.745 2 9580 454.611 920.808 3 9954 453.415 896.732 
-21.8088 -4.15554 40.9894
255 255 255
3 0 11133 626.296 913.279 2 9581 526.123 921.716 3 9957 522.253 901.009 
-22.551 -4.2893 40.9818
255 255 255
3 0 11138 500.596 925.277 2 9584 400.392 935.875 3 9962 397.2 913.623 
-22.5144 -4.25936 40.7646
255 255 255
3 0 11141 516.566 929.614 2 9588 413.997 944.758 3 9964 412.914 918.222 
-22.3333 -3.98317 40.8675
255 255 255
3 0 11150 552.952 968.486 2 9596 452.604 979.332 3 9971 448.817 954.737 
-22.5662 -4.01918 40.8601
255 255 255
2 0 11151 513.233 973.917 2 9597 413.032 984.407 
-22.2424 -3.92186 40.8799
255 255 255
2 0 11152 569.925 974.109 2 9598 469.636 984.469 
-22.4049 -3.88549 40.879
255 255 255
2 0 11154 544.517 988.508 2 9602 444.732 998.617 
-22.9309 -3.80396 40.7773
255 255 255
3 0 11165 464.566 1029 2 9611 364.616 1041.41 3 9984 360.924 1015.08 
-22.8419 -3.75632 40.7898
255 255 255
3 0 11167 480.697 1032.57 2 9614 381.036 1044.71 3 9986 377.179 1018.78 
-22.3294 -3.56061 40.7703
255 255 255
2 0 11169 574.675 1041.36 2 9618 474.575 1052.08 
-22.6525 -3.59927 40.7358
255 255 255
2 0 11171 520.732 1050.54 2 9620 420.816 1063.79 
-22.5389 -3.49758 40.9609
255 255 255
2 2 9621 437.097 1068.07 3 9992 430.142 1045.71 
-22.9085 -3.53937 40.7057
255 255 255
2 2 9624 381.873 1085.99 3 9994 377.773 1058.95 
-22.82 -3.50589 40.7019
255 255 255
2 0 11176 497.747 1076.14 2 9625 398.161 1088.59 
-23.1371 -3.46599 40.7675
255 255 255
2 2 9628 345.493 1109.95 3 9997 340.474 1080.61 
-23.0335 -3.20842 40.9017
255 255 255
2 2 9633 369.927 1142.72 3 10002 362.725 1119.44 
-10.9648 6.66621 56.2919
255 255 255
5 8 13942 642.811 1500.43 9 14233 502.617 1482.65 14 13626 1071.01 1508.73 16 12110 1181.6 1481.64 21 10958 1074.09 1485.74 
-11.8943 7.85898 55.3356
255 255 255
3 0 11301 1500.75 1765.88 2 9731 1556.73 1737.11 3 10118 1407 1754.82 
-22.5357 -3.52304 41.0156
255 255 255
3 0 11513 531.687 1054.91 2 9914 435.062 1062.98 3 10304 426.943 1040.38 
-10.3883 -1.3017 57.4169
255 255 255
3 0 12779 1325.66 765.078 2 11089 1362.36 755.126 3 11507 1244.04 776.477 
5.82938 -3.47865 58.3331
255 255 255
2 1 257 1566 274.869 5 271 1398.07 279.709 
1.81905 -3.44808 55.921
255 255 255
2 1 511 1129.21 362.624 5 516 952.252 364.983 
-0.446325 -1.67361 55.1181
255 255 255
2 1 1389 933.154 582.078 5 1157 758.466 580.95 
-1.43607 -0.833135 54.7783
255 255 255
2 1 1994 848.679 684.617 5 1521 675.593 681.513 
0.112113 0.750878 54.1072
255 255 255
2 1 2553 988.381 822.12 5 2078 790.413 819.711 
-0.0477769 0.898934 53.9496
255 255 255
2 1 2611 970.255 841.761 5 2130 771.082 838.807 
-0.219196 1.11599 53.9023
255 255 255
2 1 2668 957.013 867.521 5 2182 758.075 863.829 
-2.57985 1.6648 53.3007
255 255 255
2 1 2874 729.669 969.94 5 2361 541.81 960.419 
-2.02632 1.76658 53.2255
255 255 255
2 1 2887 777.27 972.636 5 2372 583.232 964.052 
-2.49475 2.13707 53.1518
255 255 255
2 1 3023 739.236 1018.73 5 2437 547.514 1009.22 
-2.46454 2.80308 52.9529
255 255 255
2 1 3195 745.388 1090.1 5 2586 549.138 1079.33 
-2.74921 3.43655 52.8367
255 255 255
2 1 3345 726.627 1161.95 5 2711 529.879 1149.31 
-1.27162 3.71722 53.1616
255 255 255
2 1 3350 880.713 1164.17 5 2724 674.22 1155.26 
-1.62596 3.64914 52.9054
255 255 255
2 1 3357 835.482 1166.81 5 2728 628.828 1156.79 
-1.6889 3.698 52.9262
255 255 255
2 1 3369 831.648 1172.35 5 2737 625.715 1162.34 
-1.54644 3.71225 52.9451
255 255 255
2 1 3370 845.793 1171.57 5 2738 638.804 1161.69 
-2.11151 4.07788 52.7837
255 255 255
2 1 3490 794.121 1220.79 5 2817 589.15 1209.02 
-1.99132 4.18481 52.7861
255 255 255
2 1 3508 807.276 1230.54 5 2830 600.973 1218.47 
-1.94742 4.74592 52.6885
255 255 255
2 1 3616 817.898 1290.49 5 2909 608.43 1278.67 
-2.53112 7.84329 51.9965
255 255 255
2 1 3936 793.827 1644 5 3153 572.506 1625.61 
-2.68047 7.85769 51.9053
255 255 255
2 1 3946 775.894 1649.62 5 3158 554.718 1630.49 
-2.5656 7.97111 51.9485
255 255 255
2 1 3959 790.937 1659.32 5 3166 568.956 1640.77 
-3.18783 9.1848 51.5664
255 255 255
2 1 4016 739.286 1807.05 5 3211 515.108 1783.57 
-3.16045 10.8432 51.1991
255 255 255
2 1 4102 758.022 1997.84 5 3323 524.327 1971.96 
-3.4593 12.2723 50.9165
255 255 255
2 1 4229 745.7 2163.43 5 3466 507.58 2135.76 
-3.60977 12.4008 50.7849
255 255 255
2 1 4248 727.623 2184.1 5 3487 488.959 2153.22 
-3.60357 12.6007 50.7242
255 255 255
2 1 4264 729.389 2207.31 5 3502 489.267 2177.57 
-4.4908 15.5928 50.4077
255 255 255
2 1 4488 692.649 2544.18 5 3709 450.563 2505.9 
-1.99451 -4.11091 57.5731
255 255 255
2 1 5194 858.177 372.958 7 395 758.613 446.121 
-0.962521 -3.46221 56.6059
255 255 255
2 1 5288 915.85 414.911 5 4352 766.886 415.498 
-7.04611 -1.28854 56.7596
255 255 255
2 1 5772 471.677 720.451 5 1642 366.033 711.736 
0.110481 0.520622 54.1587
255 255 255
2 1 5878 985.786 798.588 5 4945 789.09 795.551 
-0.151169 0.86377 53.9557
255 255 255
5 1 5974 960.778 839.622 5 5028 762.107 836.39 13 1496 1028.32 866.184 19 890 696.663 840.445 22 1388 1087.35 865.615 
-2.10304 1.713 53.1989
255 255 255
2 1 6190 768.174 968.826 5 5213 574.617 959.939 
-1.93407 1.7913 53.2108
255 255 255
2 1 6202 785.313 973.928 5 5228 590.198 965.467 
-2.07566 1.87864 53.1348
255 255 255
2 1 6230 770.849 986.057 5 5252 575.79 977.455 
-2.54453 2.71305 53.0014
255 255 255
2 1 6392 738.778 1081.52 5 5388 544.126 1070.09 
-3.64337 3.20613 52.9489
255 255 255
2 1 6521 648.349 1148.98 5 5496 461.95 1134.4 
-3.13718 3.31276 52.8692
255 255 255
2 1 6531 691.227 1154.08 5 5505 498.822 1140.68 
-1.41078 3.6172 53.1223
255 255 255
2 1 6533 864.26 1156.03 5 5518 658.695 1147.65 
-1.54984 3.60742 53.0265
255 255 255
4 1 6543 847.675 1159.12 5 5521 641.596 1149.73 7 1070 722.697 1125.56 19 3815 595.151 1109.19 
-1.33392 3.6942 53.1161
255 255 255
2 1 6551 872.535 1163.44 5 5533 666.026 1154.44 
-1.45175 3.67189 53.0266
255 255 255
2 1 6552 857.317 1164.18 5 5537 650.681 1155.31 
-1.69417 3.63641 52.9668
255 255 255
2 1 6554 831.797 1165.53 5 5536 626.626 1155.04 
-1.39825 3.73391 53.0603
255 255 255
2 1 6561 864.949 1169.36 5 5551 658.143 1160.45 
-1.57415 3.71714 52.9498
255 255 255
2 1 6575 843.571 1172.24 5 5559 636.877 1162.6 
-2.17033 3.84037 52.783
255 255 255
2 1 6634 784.093 1196.86 5 5602 580.263 1185.02 
-2.00089 3.90808 52.7642
255 255 255
2 1 6646 799.949 1202.14 5 5614 594.148 1190.2 
-2.10187 3.93599 52.7358
255 255 255
2 1 6653 789.994 1207.01 5 5616 584.667 1194.76 
-2.00154 3.99505 52.7752
255 255 255
2 1 6661 802.108 1210.71 5 5623 596.226 1199.38 
-2.15315 4.02003 52.7347
255 255 255
2 1 6670 786.932 1216.57 5 5627 581.848 1204.05 
-2.04589 4.12202 52.8245
255 255 255
2 1 6677 802.837 1223.72 5 5636 597.699 1212.12 
-1.9266 4.36951 52.817
255 255 255
3 1 6723 818.208 1248.49 5 5668 611.366 1236.7 19 1373 570.205 1183.82 
-1.95934 4.56909 52.7622
255 255 255
2 1 6749 816.685 1270.75 5 5688 608.783 1258.71 
-2.031 4.63677 52.7307
255 255 255
2 1 6757 810.028 1279.49 5 5697 602.186 1267.1 
-1.97311 4.69759 52.7625
255 255 255
3 1 6759 817.982 1284.1 5 5700 609.89 1272.34 19 1397 569.015 1215.06 
-3.10801 7.62976 51.8885
255 255 255
2 1 7040 730.926 1629.88 5 5949 514.284 1609.61 
-2.61305 7.87892 51.9993
255 255 255
2 1 7056 787.06 1648.46 5 5967 566.476 1629.94 
-2.29989 8.36292 52.5069
255 255 255
2 1 7090 849.625 1682.03 5 5999 631.934 1666.19 
-3.1846 9.27468 51.5823
255 255 255
2 1 7179 742.192 1815.6 5 6088 517.945 1793.24 
-3.28427 10.1777 51.2545
255 255 255
2 1 7260 735.336 1924.83 5 6171 505.311 1899.39 
-3.26114 10.6635 51.2288
255 255 255
2 1 7301 746.273 1977.75 5 6212 514.445 1952.3 
-4.42446 10.9202 51.1243
255 255 255
2 1 7346 638.01 2016.85 5 6245 416.197 1984.71 
-5.28871 11.7821 50.9686
255 255 255
2 1 7473 568.318 2118.48 5 6350 351.455 2081.56 
-3.05974 12.2173 51.2372
255 255 255
2 1 7526 798.041 2143.47 5 6406 560.592 2118 
-5.30783 12.1363 50.8813
255 255 255
2 1 7548 569.221 2159.46 5 6410 350.557 2121.5 
-3.47829 12.3362 50.901
255 255 255
2 1 7559 744.472 2171.28 5 6433 506.196 2142.86 
-3.67777 12.6144 50.726
255 255 255
2 1 7613 722.732 2209.5 5 6482 483.418 2178.45 
-3.44105 12.6751 50.7903
255 255 255
2 1 7622 749.299 2211.85 11 5025 741.024 2036.75 
-4.32988 14.1994 50.4555
255 255 255
2 1 7918 680.834 2392.96 5 6742 440.895 2356.73 
-4.26465 14.2692 50.5362
255 255 255
2 1 7924 692.536 2397.16 5 6745 452.904 2360.77 
-10.378 15.0209 51.209
255 255 255
2 1 8015 202.764 2451.92 11 5516 217.152 2270.04 
-4.2683 15.3708 50.4079
255 255 255
2 1 8105 709.018 2520.21 5 6895 465.054 2483.39 
-5.50946 15.5965 50.4411
255 255 255
2 1 8140 599.227 2543.05 5 6919 368.53 2500.69 
-5.05431 15.7865 50.5217
255 255 255
2 1 8176 649.609 2559.81 13 7653 763.43 2338.74 
-4.6658 15.9595 50.4364
255 255 255
2 1 8219 685.338 2581.94 5 6989 444.696 2542.68 
-5.01645 16.4198 50.1646
255 255 255
2 1 8312 648.215 2644.19 5 3750 406.519 2600.89 
3.47151 -3.79412 56.3896
255 255 255
2 1 8524 1286.41 294.494 5 7235 1105.55 298.058 
-3.08693 -4.71536 60.1571
255 255 255
2 1 8525 860.961 335.844 7 2261 769.37 409.264 
-0.930606 -7.34131 62.6327
255 255 255
2 1 8552 1067.75 79.9416 5 7256 988.954 84.1736 
6.37598 -4.26705 58.3639
255 255 255
2 1 8686 1599.83 189.057 5 7373 1431.01 193.069 
6.11574 -4.11662 57.6129
255 255 255
3 13 4108 1500.69 348.63 18 154 1590.35 349.653 22 4352 1538.56 359.613 
6.39891 -3.94344 57.3879
255 255 255
2 5 7404 1398.59 221.644 19 5503 1239.6 299.713 
7.23202 -3.63193 59.1887
255 255 255
2 1 8759 1712.84 232.598 5 7421 1550.77 235.267 
7.22448 -3.51647 59.2803
255 255 255
2 1 8785 1716.9 243.318 5 7449 1555.96 246.769 
3.42443 -3.86451 56.4046
255 255 255
2 1 8895 1281.25 288.771 5 7533 1101.03 292.18 
5.08525 -3.45762 57.7689
255 255 255
2 1 8904 1482.83 292.453 5 7542 1310.86 296.988 
3.87705 -3.57994 56.4937
255 255 255
2 1 8937 1330.91 307.034 5 7562 1148.54 309.913 
-1.01734 -4.67373 57.5086
255 255 255
2 13 11807 927.78 396.767 22 12125 967.246 397.485 
-0.968642 -3.47546 56.6368
255 255 255
2 1 9134 916.324 413.787 5 7726 767.791 414.245 
-2.39282 -0.730417 55.0263
255 255 255
2 1 9583 779.12 709.699 5 8141 616.51 704.74 
0.501636 0.511677 54.2569
255 255 255
2 1 9665 1025.15 789.559 5 8231 826.704 787.761 
0.322387 0.500837 54.2383
255 255 255
2 1 9667 1007.88 791.684 5 8236 810.617 789.795 
0.22845 0.640992 54.1222
255 255 255
2 1 9697 997.381 808.151 5 8263 798.935 807.242 
0.316193 0.725738 54.1423
255 255 255
2 1 9709 1007.88 815.186 5 8272 808.81 814.094 
-0.0288684 0.684401 54.0205
255 255 255
2 1 9715 970.674 818.554 5 8273 772.823 816.26 
0.16973 0.831693 54.1209
255 255 255
2 1 9733 995.791 829.371 5 8294 797.359 826.685 
0.283878 0.894125 54.1511
255 255 255
2 1 9741 1008.66 833.242 5 8301 809.575 831.122 
0.166146 0.893851 54.0589
255 255 255
2 1 9750 994.149 836.197 5 8305 794.745 833.969 
0.0552653 1.01095 53.9747
255 255 255
2 1 9760 982.904 850.849 5 8316 782.959 848.633 
-0.110038 1.04699 53.9161
255 255 255
2 1 9768 966.138 858.223 5 8321 766.656 855.259 
-0.283124 1.09817 53.7829
255 255 255
2 1 9780 945.811 867.456 5 8340 745.805 865.089 
-1.93413 1.79165 53.2135
255 255 255
2 1 9926 785.436 974.019 5 8456 590.358 965.374 
-1.34925 3.57532 53.2507
255 255 255
2 1 10152 874.758 1148.5 5 8665 670.5 1140.4 
-1.4006 3.60721 53.1071
255 255 255
2 1 10161 864.315 1155.16 5 8677 658.481 1146.7 
-1.53879 3.5945 53.005
255 255 255
2 1 10165 846.864 1157.9 5 8681 640.912 1148.53 
-1.47899 3.6992 53.0136
255 255 255
2 1 10187 854.784 1167.76 5 8701 648.148 1158.59 
-1.39986 3.74953 53.07
255 255 255
2 1 10195 865.548 1170.81 5 8708 658.849 1161.95 
-1.59061 3.73383 52.9602
255 255 255
2 1 10202 842.865 1173.98 5 8711 636.415 1164.4 
-1.78129 3.81474 52.9284
255 255 255
2 1 10222 825.631 1185.83 5 8738 620.265 1175.48 
-1.87824 3.82517 52.8475
255 255 255
2 1 10232 813.316 1189.55 5 8743 607.705 1179.35 
-2.18067 3.83881 52.7665
255 255 255
2 1 10243 782.36 1196.99 5 8748 578.404 1185.43 
-2.00425 3.9251 52.7837
255 255 255
2 1 10253 800.876 1203.59 5 8755 595.323 1191.67 
-2.11586 3.9366 52.762
255 255 255
9 1 10256 789.642 1206.46 5 8757 584.512 1194.51 7 3115 673.872 1164.93 11 6930 784.802 1157.03 12 4898 522.704 1151.93 13 9756 888.409 1176.52 18 11025 1055.29 1171.08 19 6506 549.132 1148.52 22 10025 950.288 1174.5 
-2.15251 4.03423 52.7332
255 255 255
2 1 10267 787.199 1218 5 8767 582.05 1205.62 
-2.04189 4.1237 52.8361
255 255 255
2 1 10270 803.771 1223.21 5 8772 598.734 1212.45 
-2.10023 4.28448 52.6723
255 255 255
2 1 10292 794.057 1244.61 5 8789 586.965 1232.25 
-2.07098 4.36975 52.7068
255 255 255
2 1 10303 800 1252.57 5 8793 592.887 1240.07 
-1.97424 4.46519 52.7781
255 255 255
2 1 10307 814.001 1259.37 5 8799 606.702 1248.1 
-1.95858 4.57657 52.7692
255 255 255
2 1 10320 817.224 1271.38 5 8804 609.391 1259.35 
-1.77459 5.25775 52.7579
255 255 255
3 1 10379 847.008 1341.03 5 8871 635.821 1328.97 11 7012 833.145 1274.79 
-1.86938 5.3179 52.6954
255 255 255
3 1 10390 836.824 1349.75 5 8886 625.198 1337.36 11 7017 823.989 1282.87 
-5.28133 5.40159 52.705
255 255 255
2 1 10443 534.373 1399.97 5 5815 355.107 1377.29 
-3.18726 7.71256 51.8644
255 255 255
2 1 10592 724.112 1640.6 5 9077 507.735 1619.07 
-2.66463 7.81876 51.9412
255 255 255
2 1 10596 778.289 1644.39 5 9083 557.561 1625.19 
-2.21777 7.98352 52.3116
255 255 255
2 1 10598 840.585 1646.63 5 9090 620.324 1630.5 
-2.29671 8.01795 52.2208
255 255 255
2 1 10608 829.717 1654.64 5 9095 608.887 1636.08 
-2.47657 7.99779 52.1155
255 255 255
2 1 10614 807.644 1656.57 5 9099 587.071 1638.57 
-3.37775 9.61869 51.471
255 255 255
2 1 10769 725.778 1858.75 5 9242 501.142 1832.82 
-3.41896 9.72693 51.4496
255 255 255
2 1 10779 723.126 1871.45 13 10434 836.222 1743.07 
-3.02997 10.0092 51.4459
255 255 255
2 1 10799 765.072 1898.17 5 9271 535.568 1874.78 
-3.40752 9.99976 51.3162
255 255 255
2 1 10802 723.187 1904.28 5 9275 495.714 1879.03 
-3.12616 10.2059 51.3817
255 255 255
2 1 10812 756.974 1922.34 5 9284 527.059 1897.99 
-3.17168 10.3087 51.3571
255 255 255
2 1 10821 753.622 1934.42 5 9293 523.56 1910.04 
-3.22215 10.4809 51.3163
255 255 255
2 1 10829 750.441 1954.76 5 9309 519.896 1929.85 
-3.34284 10.5107 51.284
255 255 255
4 1 10832 737.906 1959.48 13 10508 852.295 1819.16 18 11837 1036.3 1822.35 22 10788 915.826 1818.2 
-4.47827 10.9616 51.104
255 255 255
2 1 10897 632.859 2022.48 5 9361 411.248 1989.65 
-9.54712 11.4093 52.161
255 255 255
2 1 10944 256.006 2056.17 11 7803 269.01 1915.03 
-5.08313 11.6771 51.0141
255 255 255
2 1 11004 587.291 2105.33 5 9429 369.135 2068.3 
-5.08864 11.8753 50.956
255 255 255
2 1 11037 587.822 2127.92 5 9453 368.427 2091.68 
-5.33469 11.8913 50.9188
255 255 255
2 1 11044 563.744 2132.43 5 9456 346.48 2094.35 
-5.20151 12.1551 50.8974
255 255 255
2 1 11088 580.159 2160.11 5 9493 360.497 2123.22 
-3.49669 12.4039 50.7909
255 255 255
3 1 11111 737.78 2182.94 5 9519 499.193 2153.65 11 7972 732.173 2011 
-3.57556 12.61 50.8113
255 255 255
3 1 11140 736.598 2204.64 11 8001 728.614 2030.09 19 7369 470.679 1983.95 
-3.54623 12.6891 50.7251
255 255 255
2 1 11154 736.259 2216.2 11 8030 729.923 2041.07 
-3.9634 12.828 50.7687
255 255 255
2 1 11180 702.378 2231.55 5 9575 466.147 2199.86 
-5.45724 13.4174 50.553
255 255 255
2 1 11304 564.638 2308.4 5 9674 340.116 2267.6 
-5.0331 13.4542 50.3914
255 255 255
2 1 11318 596.129 2318.11 11 8199 600.679 2131.53 
-4.24949 14.2597 50.5317
255 255 255
2 1 11434 693.545 2396.15 5 9785 453.699 2360.13 
-5.49103 15.4738 50.4249
255 255 255
2 1 11595 597.523 2531.48 5 9913 366.753 2487.93 
-6.19457 15.4894 50.2962
255 255 255
2 1 11603 526.403 2539.47 5 9916 301.632 2491.26 
-5.24527 15.6923 50.549
255 255 255
4 1 11614 631.213 2547.76 13 11267 745.387 2331.05 18 12649 931.42 2348.63 22 11574 805.415 2333.24 
-6.83428 17.6754 50.2389
255 255 255
2 1 11868 510.265 2771.65 5 10121 286.594 2717.12 
0.0332955 -4.71666 57.9086
255 255 255
2 1 11889 1025.8 278.136 7 2334 904.449 368.738 
-0.717068 -7.14866 62.7935
255 255 255
2 1 11897 1092.23 91.6422 5 10184 1013.62 96.5159 
-0.0846208 -6.89712 62.6631
255 255 255
2 1 11900 1140.2 100.003 5 10187 1056.84 103.93 
0.723597 -6.64759 62.689
255 255 255
2 1 11901 1207.24 104.965 5 10189 1119.9 108.73 
0.281265 -6.69707 62.4953
255 255 255
2 1 11903 1166.33 108.97 5 10190 1079.23 112.657 
7.20187 -3.68739 59.2489
255 255 255
2 1 11992 1710.4 227.035 5 10266 1549.35 231.749 
3.55898 -3.20839 56.9142
255 255 255
2 1 12151 1323.74 348.337 5 10382 1148.28 352.389 
1.34634 -3.44322 55.844
255 255 255
2 1 12170 1084.73 373.096 5 10406 910.046 374.614 
-2.01419 -4.10053 57.4683
255 255 255
2 1 12172 852.674 374.542 7 4378 753.47 447.426 
-2.34357 -0.762571 54.9782
255 255 255
2 1 12483 780.626 706.121 5 10671 617.123 701.245 
0.387912 0.559041 54.1935
255 255 255
2 1 12548 1013.17 796.458 5 10737 814.629 795.547 
0.294067 0.732069 54.1408
255 255 255
2 1 12568 1005.93 816.691 5 10752 807.011 814.631 
0.167394 0.861875 54.0635
255 255 255
2 1 12587 993.814 833.095 5 10771 794.545 830.423 
-2.0149 1.60352 53.316
255 255 255
2 1 12679 779.3 954.131 5 10849 586.73 946.596 
-2.17897 1.97696 53.0917
255 255 255
2 1 12717 761.517 998.354 5 10880 566.579 989.49 
-1.766 3.83666 52.9405
255 255 255
2 1 12874 828.008 1187.76 5 11022 622.615 1177.28 
-1.87124 3.8765 52.8464
255 255 255
2 1 12879 814.912 1195.18 5 11027 609.103 1184.27 
-1.99491 3.94338 52.8105
255 255 255
2 1 12886 803.321 1204.7 5 11034 597.99 1193.15 
-7.83662 3.85372 53.8458
255 255 255
2 1 12914 351.059 1249.04 11 9250 365.426 1201.24 
-8.27963 3.98771 54.0592
255 255 255
2 1 12919 328.908 1264.25 11 9256 341.437 1213.42 
-1.95081 4.59176 52.7778
255 255 255
2 1 12924 818.63 1272.75 5 11067 610.806 1260.63 
-2.09517 4.72411 52.6692
255 255 255
2 1 12934 803.053 1290.73 5 11078 594.745 1278.14 
-1.37804 4.90232 52.8887
255 255 255
2 1 12938 882.472 1295.13 5 11084 670.197 1285.23 
-1.89579 4.85537 52.6492
255 255 255
2 1 12947 823.001 1302.42 5 11086 612.253 1290.09 
-1.79987 4.95736 52.7221
255 255 255
2 1 12952 837.183 1310.34 5 11092 626.294 1298.36 
-1.94391 4.97539 52.5827
255 255 255
2 1 12958 817.911 1316.93 5 11097 606.385 1304.68 
-1.77964 5.01358 52.7222
255 255 255
2 1 12959 840.172 1315.78 5 11098 628.95 1304.26 
-1.96109 5.03541 52.6285
255 255 255
2 1 12963 819.637 1322.6 5 11105 608.746 1310.13 
-2.26984 5.08792 52.5475
255 255 255
2 1 12976 788.628 1334.04 5 11116 579.372 1320.2 
-1.69511 5.30889 52.7588
255 255 255
2 1 12989 855.524 1345.18 5 11124 643.297 1333.5 
-2.34321 5.38541 53.0907
255 255 255
2 5 11132 610.879 1338.54 7 4910 691.894 1292.38 
-2.59806 6.95617 52.2133
255 255 255
4 1 13097 779.765 1545.24 5 11223 564.567 1526.21 7 4978 659.388 1449.76 11 9459 771.53 1450.01 
-3.0223 7.72505 51.8691
255 255 255
5 1 13132 739.382 1639.88 11 9518 736.455 1535.29 13 12850 849.65 1546.51 18 14339 1026.7 1545.99 22 13178 912.33 1544.57 
-2.16104 8.07521 52.4478
255 255 255
3 1 13141 854.072 1652.31 5 11262 634.658 1636.35 19 8664 590.545 1525.26 
-3.35063 7.81795 51.7712
255 255 255
5 1 13143 706.06 1656.38 11 9530 706.745 1548.82 13 12863 820.673 1561.26 18 14347 998.212 1560.84 22 13195 883.717 1559.26 
-3.51617 7.98486 51.7536
255 255 255
5 1 13158 693.662 1676.38 11 9549 694.307 1567.5 13 12882 808.164 1577.67 18 14366 985.909 1579.41 22 13213 870.424 1576.05 
-9.42714 8.16015 52.9205
255 255 255
2 1 13171 248.959 1712.41 11 9581 263.378 1605.49 
-8.44783 8.72789 52.3691
255 255 255
2 1 13205 309.615 1777.16 11 9636 325.108 1660.63 
-8.6155 8.81033 52.3728
255 255 255
2 1 13209 297.075 1785.48 11 9641 313.602 1670.38 
-8.85338 9.06937 52.6238
255 255 255
2 1 13216 295.279 1804.57 11 9652 309.107 1690.77 
-3.41981 9.62058 51.4975
255 255 255
6 1 13237 723.716 1858.09 5 11359 499.262 1832.46 11 9686 718.101 1725.41 13 12986 835.725 1733.43 18 14475 1017.1 1735.04 22 13318 898.426 1731.63 
-4.61984 11.1376 51.0717
255 255 255
2 1 13350 621.763 2042.92 5 11437 400.754 2009.78 
-4.60351 11.262 51.0234
255 255 255
2 1 13360 623.333 2057.48 5 11445 401.173 2024.83 
-4.28064 11.575 50.8751
255 255 255
2 1 13392 652.065 2094.76 5 11469 423.714 2062.54 
-5.25416 11.77 50.991
255 255 255
2 1 13410 572.377 2116.35 5 11478 355.477 2079.37 
-5.29208 12.0707 50.9049
255 255 255
2 1 13449 570.549 2151.73 5 11506 352.199 2113.65 
-3.58307 12.2742 50.8214
255 255 255
2 1 13462 729.319 2168.16 5 11519 491.144 2139.13 
-3.45071 12.4364 50.9645
255 255 255
2 1 13468 752.309 2179.42 5 11524 514.417 2151.33 
-9.82319 12.6447 51.738
255 255 255
2 1 13477 232.713 2193.91 11 10004 248.105 2039.63 
-9.81932 12.8694 51.768
255 255 255
2 1 13495 239.183 2215.82 11 10028 252.65 2058.08 
-3.94469 12.837 50.7556
255 255 255
2 1 13513 703.673 2233.01 5 11553 467.041 2201.29 
-5.43863 13.2369 50.5202
255 255 255
2 1 13577 561.171 2291.32 11 10083 567.035 2108.26 
-4.93807 13.3663 50.5476
255 255 255
2 1 13587 611.222 2302.24 5 11603 381.144 2262.93 
-5.14825 13.4852 50.4802
255 255 255
3 1 13600 590.501 2318.05 5 11612 361.771 2277.59 11 10110 594.813 2132.37 
-4.40494 14.3184 50.4159
255 255 255
2 1 13676 674.259 2407.23 5 11674 434.265 2371.07 
-6.66241 15.4715 50.2637
255 255 255
2 1 13771 481.733 2539.47 5 11738 261.814 2488.13 
-9.05971 16.0536 50.5001
255 255 255
2 1 13806 295.167 2588.18 11 10324 308.193 2382.75 
0.201236 -6.63181 62.6269
255 255 255
2 1 13972 1165.43 116.113 5 11900 1079.94 120.093 
1.40128 -6.34881 62.7428
255 255 255
2 1 13973 1266.62 116.441 5 11901 1176.27 120.578 
5.9408 -4.24917 58.0192
255 255 255
2 1 14022 1551.21 198.036 13 11723 1485.3 341.837 
-0.702615 -3.98215 57.3419
255 255 255
2 1 14159 957.389 360.581 7 5738 842.152 438.258 
2.71772 -1.59649 53.7325
255 255 255
2 1 14266 1166.1 535.932 7 4489 1003.7 605.378 
1.80674 -1.36353 55.388
255 255 255
2 1 14278 1149.84 568.065 5 12143 961.363 570.213 
-2.3645 -0.783547 54.9854
255 255 255
2 1 14346 778.776 704.537 5 12196 615.58 699.363 
-6.27513 3.8046 53.3592
255 255 255
2 1 14594 453.916 1235.68 11 10793 467.052 1185.18 
-2.07266 4.68956 52.6813
255 255 255
2 1 14620 804.988 1286.61 5 12463 596.727 1274 
-1.97959 4.84262 52.8444
255 255 255
2 1 14631 824.015 1298.49 5 12472 616.736 1285.38 
-1.59693 4.9195 52.4558
255 255 255
2 1 14639 842.977 1308.62 5 12484 626.615 1298.33 
-1.98211 4.98446 52.5735
255 255 255
2 1 14648 814.157 1318.58 5 12492 602.835 1306.21 
-1.79875 5.16023 52.6891
255 255 255
2 1 14667 839.833 1332.21 5 12505 627.96 1320.5 
-1.9635 5.29316 52.4834
255 255 255
2 1 14694 817.862 1352.57 5 12530 604.329 1340.66 
-1.7645 5.37666 52.7158
255 255 255
2 1 14699 848.534 1353.98 5 12533 636.168 1342.38 
-1.98433 5.35805 52.4538
255 255 255
2 1 14708 815.868 1360.36 5 12544 601.955 1348.32 
-4.95784 5.19234 52.6634
255 255 255
2 1 14733 556.449 1377.32 5 11878 374.146 1352.4 
-1.56139 6.10126 52.8611
255 255 255
2 1 14793 888.418 1424.43 5 12590 674.417 1413.79 
-1.72321 6.30236 52.8289
255 255 255
2 1 14807 876.053 1448.44 5 12601 662.567 1437.06 
-2.4167 6.80011 52.36
255 255 255
3 1 14859 800.366 1520.81 5 12648 585.634 1504.02 7 4970 676.932 1432.79 
-3.21 7.42699 51.9434
255 255 255
7 1 14896 721.172 1606.06 5 12685 505.416 1585.75 7 6259 608.474 1502.61 11 11090 715.744 1508.44 13 14592 829.766 1520.41 18 16142 1006.33 1520.28 22 14936 892.391 1518.54 
-3.34559 7.53556 51.8711
255 255 255
6 1 14903 706.341 1622.65 5 12688 492.555 1601 11 11099 704.817 1520.61 13 14605 818.469 1533.48 18 16146 995.273 1532.83 22 14945 881.369 1531.42 
-3.48818 7.69866 51.8272
255 255 255
6 1 14914 694.394 1642.07 5 12695 480.67 1620.89 11 11112 694.758 1535.03 13 14624 807.05 1551.64 18 16157 984.777 1552.99 22 14958 870.141 1549.17 
-3.1676 7.79029 51.8033
255 255 255
6 1 14917 724.119 1649.1 5 12698 506.536 1627.56 11 11119 723.429 1544.8 13 14627 836.778 1556.36 18 16158 1014.51 1556.37 22 14965 899.776 1554.56 
-2.13336 8.06148 52.4401
255 255 255
2 1 14919 855.938 1650.73 5 12703 636.514 1634.56 
-3.42774 7.78183 51.7747
255 255 255
5 1 14923 698.97 1653.97 11 11121 699.152 1546.47 13 14628 813.163 1557.86 18 16159 990.995 1559.53 22 14964 876.408 1555.29 
-3.41085 8.17014 51.7312
255 255 255
5 1 14947 706.133 1698.45 11 11161 705.019 1584.2 13 14664 819.379 1593.12 18 16189 997.441 1594.68 22 14991 882.849 1591.04 
-3.66716 8.23305 51.7396
255 255 255
2 1 14954 684.777 1705.35 11 11166 684.206 1590.16 
-3.64398 8.31923 51.7113
255 255 255
2 1 14958 686.805 1714.94 13 14681 800.37 1609.88 
-9.02935 8.70373 52.698
255 255 255
2 1 14994 279.02 1769.64 11 11220 292.489 1655.22 
-3.51369 8.89904 51.5908
255 255 255
5 1 15000 704.152 1777.84 10 12627 1058.36 1671.04 11 11222 703.068 1655.74 13 14728 818.446 1664.27 18 16246 998.483 1667.12 
-3.413 9.61281 51.4669
255 255 255
2 1 15027 722.179 1858.2 5 12784 497.839 1832.78 
-3.29263 9.77274 51.5333
255 255 255
2 1 15033 739.889 1872.94 5 12788 514.895 1846.66 
-3.17836 9.94678 51.3907
255 255 255
4 1 15043 746.714 1895.04 13 14790 860.942 1762.49 18 16318 1042.96 1765.08 22 15103 924.259 1760.92 
-7.35956 10.1809 51.8453
255 255 255
5 1 15059 399.524 1931.9 7 5118 333.456 1768.75 11 11315 414.128 1799.34 14 12109 1494.24 1799.98 21 9658 1487.14 1768.47 
-7.09566 10.3823 51.5982
255 255 255
2 1 15071 412.677 1957.42 11 11333 427.871 1823.79 
-4.79371 11.1015 51.0041
255 255 255
2 1 15130 601.767 2042.76 11 11423 606.712 1888.79 
-4.57255 11.1578 51.0443
255 255 255
2 1 15135 625.126 2045.86 5 12848 403.206 2012.69 
-9.56626 11.8058 52.0487
255 255 255
2 1 15184 255.666 2099.53 11 11493 268.578 1953.54 
-4.38365 11.7974 50.8675
255 255 255
2 1 15197 646.679 2119.56 5 12885 418.781 2086.3 
-10.1732 12.0352 52.1002
255 255 255
2 1 15199 212.851 2122.26 11 11519 226.757 1976.08 
-5.06444 12.0283 50.9421
255 255 255
2 1 15217 592.435 2144.42 5 12895 372.21 2108.36 
-3.67601 12.4511 50.6973
255 255 255
2 1 15251 718.049 2191.85 5 12923 478.612 2163.22 
-8.98801 16.0261 50.4487
255 255 255
2 1 15467 297.828 2587.55 11 11817 311.575 2382.14 
-8.38287 8.11839 52.4281
255 255 255
2 1 15560 306.942 1713.14 11 12015 324.306 1604.87 
6.27524 -3.5307 58.2891
255 255 255
2 1 15579 1604.26 260.431 5 13165 1433.7 265.662 
-2.06028 1.81631 53.2803
255 255 255
2 1 15763 777.701 977.299 5 13348 584.541 969.043 
-1.96095 2.08722 53.0851
255 255 255
2 1 15776 782.854 1006.09 5 13356 585.574 998.162 
-5.6382 3.91218 53.2418
255 255 255
2 1 15841 503.543 1240.92 11 12152 514.397 1189.03 
-1.87874 4.76791 52.8287
255 255 255
2 1 15853 831.039 1289.49 5 13418 622.812 1277 
-1.69841 4.96346 52.9517
255 255 255
2 1 15860 857.029 1305.02 5 13428 648.358 1293.17 
-1.56532 5.08246 52.8708
255 255 255
3 1 15867 867.916 1317.38 5 13435 656.921 1306.24 19 10417 607.427 1243.47 
-1.97106 5.13038 52.5628
255 255 255
2 1 15874 817.583 1333.97 5 13439 605.635 1321.73 
-1.87209 5.38414 52.7443
255 255 255
3 1 15893 840.865 1355.1 5 13453 628.644 1342.81 11 12190 825.932 1289.42 
-1.39603 5.47953 52.9903
255 255 255
2 1 15894 896.939 1353.63 5 13456 684.788 1344.28 
-1.7382 6.38213 52.8162
255 255 255
2 1 15932 875.703 1456.63 5 13487 661.95 1446.61 
-2.21765 6.52652 52.5599
255 255 255
2 1 15936 822.64 1486.55 5 13492 609.491 1468.94 
-2.00464 6.74621 52.462
255 255 255
2 1 15943 842.262 1508.6 5 13497 625.177 1493.99 
-3.48961 7.72879 51.807
255 255 255
4 1 15971 693.763 1648.25 5 13515 479.974 1622.63 11 12271 694.155 1540.52 18 17350 985.068 1555.38 
-3.21068 7.82167 51.879
255 255 255
2 1 15972 724.848 1651.94 5 13516 508.616 1630.49 
-9.85847 8.34937 53.2733
255 255 255
2 1 15994 235.28 1720.2 11 12297 248.69 1622.79 
-3.55657 8.464 51.7787
255 255 255
2 1 15998 701.007 1726.16 5 13531 485.207 1703.42 
-9.11889 8.59057 52.7278
255 255 255
2 1 16003 271.367 1758.46 11 12303 285.1 1644.9 
-8.53104 9.32032 52.1651
255 255 255
2 1 16020 302.083 1842.11 11 12323 319.121 1720.66 
-3.51124 9.62696 51.5085
255 255 255
7 1 16026 716.313 1859.78 5 13552 492.043 1833.58 7 7301 598.648 1711.74 11 12324 710.233 1726.67 13 15814 827.695 1734.46 18 17409 1008.79 1736.45 22 16123 890.42 1732.76 
-3.22585 9.7008 51.5718
255 255 255
2 1 16027 746.518 1863.51 5 13555 521.569 1837.53 
-8.23414 10.73 51.742
255 255 255
2 1 16062 330.254 1996.35 11 12367 345.919 1856.88 
-6.03625 11.7499 51.4057
255 255 255
2 1 16100 523.032 2102.52 5 13604 319.735 2064 
-3.44786 12.5259 50.7483
255 255 255
2 1 16133 743.79 2198.29 5 13628 502.604 2168.05 
-3.33507 12.9457 50.8473
255 255 255
2 1 16143 768.24 2239.03 5 13635 526.321 2209.56 
-4.32194 16.2633 49.7349
255 255 255
2 1 16240 688.757 2649.05 5 13092 433.684 2606.77 
-1.80357 4.7099 52.8836
255 255 255
2 1 16411 839.268 1281.25 5 13878 631.252 1269.11 
-1.73337 4.9922 53.1176
255 255 255
2 1 16417 861.849 1305.17 5 13885 655.688 1293.08 
-1.42051 5.09395 53.0823
255 255 255
2 1 16420 891.013 1312.07 5 13887 681.329 1301.59 
-6.35529 5.84304 52.7682
255 255 255
2 1 16476 453.611 1454.91 11 12748 466.588 1376.57 
-3.21643 7.531 51.9059
255 255 255
3 11 12788 717.918 1516.67 13 16312 830.231 1530.65 22 16559 892.656 1529.35 
-3.69667 8.06568 51.6725
255 255 255
2 1 16527 674.963 1687.62 5 13969 460.136 1665.52 
-7.7585 8.57501 52.2839
255 255 255
2 1 16541 359.732 1758.6 11 12823 374.266 1644.07 
-8.4836 9.31564 52.262
255 255 255
2 1 16558 310.865 1837.44 11 12843 327.063 1718.67 
-3.16225 9.62715 51.5661
255 255 255
2 1 16563 750.677 1854.77 5 14000 525.164 1830.15 
-3.57875 10.2363 51.209
255 255 255
2 1 16579 706.75 1933.39 5 14016 478.881 1909.34 
-4.77543 10.7868 51.2039
255 255 255
2 1 16601 607.748 2003.08 11 12878 610.262 1852.25 
-3.21257 12.3716 51.0122
255 255 255
2 1 16639 775.867 2170.25 5 14068 536.412 2141.89 
-4.3217 10.9028 51.3544
255 255 255
2 1 16814 658.724 2007.36 5 14202 439.045 1974.13 
-3.13941 12.8375 51.0812
255 255 255
2 1 16834 795.959 2217.82 5 14218 555.713 2188.78 
-6.09353 13.158 50.7019
255 255 255
2 1 17713 509.202 2277.26 5 14667 294.241 2233.37 
1.61493 -1.90388 54.8734
255 255 255
2 1 17842 1102.15 521.094 5 14392 909.262 522.728 
-1.9824 4.19592 52.7598
255 255 255
4 1 18428 807.233 1232.2 7 8584 688.25 1185.18 11 14738 799.117 1180.4 13 18585 903.542 1197.68 
-12.7491 -1.31578 46.5912
255 255 255
2 2 617 1604.14 884.534 3 712 1522.87 901.821 
-11.126 4.10471 58.5355
255 255 255
2 2 945 1398.54 1282.46 16 1037 1007.97 1227.62 
-11.2302 4.16887 58.5727
255 255 255
2 8 7701 501.611 1242.89 16 1039 1002.26 1228.88 
-20.1229 -5.82153 41.8962
255 255 255
2 2 2251 687.554 572.07 3 2424 681.229 560.69 
-12.7063 -1.3533 46.5804
255 255 255
2 2 2462 1608.35 878.514 3 2675 1527.08 895.38 
-12.9016 -1.24189 45.87
255 255 255
2 2 2487 1629.07 905.895 3 2709 1550.52 922.212 
-12.9503 -0.924307 45.9691
255 255 255
2 2 2537 1629.17 947.569 3 2768 1548.83 964.327 
-13.0168 -0.806893 45.8048
255 255 255
2 2 2557 1634.83 966.665 3 2795 1554.82 983.851 
-12.203 8.14973 57.5419
255 255 255
3 14 1746 913.476 1651.94 16 1449 1041.05 1630.41 21 1287 922.267 1628.17 
-14.2204 6.85365 44.8249
255 255 255
2 2 3401 1825.05 2047.57 3 6095 1712.32 2059.74 
-12.6659 10.9386 56.5547
255 255 255
3 14 2086 959.759 1937.11 16 1730 1096.61 1914.87 21 1574 971.253 1909.29 
-20.1494 -5.74264 41.8925
255 255 255
2 2 4598 686.905 585.362 3 5001 680.243 574.132 
-12.8932 -1.09324 45.7978
255 255 255
2 2 4829 1639.37 924.971 3 5229 1560.41 942.147 
-12.9196 -0.947563 45.7896
255 255 255
2 2 4853 1642.01 944.974 3 5255 1562.38 961.975 
-22.4895 -4.19373 40.8891
255 255 255
2 2 4863 417.173 951.253 3 5218 414.905 927.259 
-13.0224 -0.81453 45.8092
255 255 255
2 2 4879 1633.68 965.982 3 5281 1553.67 982.898 
-22.5271 -3.52097 40.831
255 255 255
2 2 4942 441.985 1066.48 3 5322 436.119 1042.51 
-11.0512 2.28658 59.0403
255 255 255
3 14 7372 874.061 1075.3 16 6373 982.167 1053.33 21 5608 877.118 1057.82 
-10.6318 2.58386 55.8087
255 255 255
4 2 5017 1507.3 1155.24 3 5421 1377.09 1176.13 15 2390 1409.15 1123.41 20 2539 1484.75 1109.02 
-10.5824 2.56539 55.2123
255 255 255
3 2 5021 1535.81 1158.82 3 5428 1407.18 1180.48 15 2393 1429.12 1125.43 
-10.603 2.61462 55.5833
255 255 255
3 2 5025 1519.86 1160.21 3 5430 1390.22 1181.05 15 2396 1418.45 1127.04 
-10.5564 2.80842 55.136
255 255 255
2 2 5053 1548.62 1183.59 15 2423 1438.99 1146.27 
-9.97067 3.71953 56.3923
255 255 255
6 3 5518 1436.96 1263.76 8 7663 704.181 1217.15 9 8025 570.463 1202.33 14 7579 1112.63 1223.28 16 6553 1214.3 1197.09 21 5756 1112.78 1202.8 
-11.6893 5.7873 58.2633
255 255 255
3 3 5697 1256.46 1486.74 16 6761 1007.4 1390.31 21 5972 894.564 1391.33 
-11.187 6.92192 56.5796
255 255 255
3 2 5376 1544.19 1595.38 14 10304 1034.93 1530.63 16 9004 1154.3 1506.27 
-12.2108 8.72206 58.9676
255 255 255
2 2 5514 1407.48 1750.31 15 2822 1349.93 1616.3 
-11.5996 8.75568 57.9925
255 255 255
4 2 5517 1499.44 1754.82 3 5884 1340.02 1770.06 15 2826 1420.94 1618.31 20 3008 1508.44 1610.39 
-11.6508 8.72812 57.488
255 255 255
3 2 5529 1513.85 1765.31 3 5894 1355.88 1781.09 15 2836 1430.11 1626.23 
-12.7772 13.6744 54.0176
255 255 255
3 2 6089 1691.74 2397.37 15 3331 1559.45 2143.94 20 1398 1644.23 2141.78 
-13.1034 14.6147 55.0576
255 255 255
2 2 6141 1638.13 2465.76 15 3395 1525.46 2199.43 
-10.3039 -4.17315 63.617
255 255 255
2 2 6570 1103.86 491.56 15 3993 1105.65 567.634 
-10.4549 0.43933 61.0989
255 255 255
2 2 6762 1275.69 902.195 15 4262 1243.52 912.937 
-22.2742 -3.81926 40.7617
255 255 255
2 2 6824 472.662 1005.44 3 7195 468.571 980.771 
-10.6343 2.56118 55.7379
255 255 255
4 2 6900 1509.59 1153.65 3 7290 1379.23 1174.41 15 4412 1410.07 1122.6 20 4536 1485.92 1108.26 
-10.7427 3.19816 60.6835
255 255 255
3 2 6908 1333.22 1163.9 15 4420 1293 1130.37 20 4544 1377.87 1115.38 
-10.6041 2.76457 55.7883
255 255 255
3 2 6915 1515.82 1172.92 3 7304 1384.49 1194.04 15 4428 1416.15 1136.89 
-10.0307 3.4517 56.7077
255 255 255
4 3 7334 1411.45 1233.33 14 10026 1086.8 1196.38 16 8755 1188.54 1170.56 21 7823 1087.29 1175.94 
-13.6482 1.11598 44.5065
255 255 255
2 2 6972 1706.36 1266.69 3 8143 1623.02 1281.24 
-10.8599 4.27803 58.7164
255 255 255
2 2 6987 1419.92 1290.57 15 4515 1355.26 1236.31 
-10.3796 4.75822 56.4432
255 255 255
3 3 7425 1422.19 1374.97 16 8863 1195.72 1297 21 7916 1090.43 1301.19 
-10.9171 5.13301 59.345
255 255 255
3 2 7037 1414.6 1363.23 3 7427 1265.97 1381.78 15 4579 1354.31 1298.23 
-10.9589 5.24371 59.3646
255 255 255
3 2 7050 1412.62 1373.92 3 7435 1264.47 1393.73 15 4597 1353.39 1307.64 
-11.566 5.48566 58.268
255 255 255
2 3 7464 1260.11 1452.84 16 8916 1011.43 1360.6 
-11.8816 7.38419 57.1211
255 255 255
3 14 10341 966.165 1582.03 16 9043 1091.11 1558.02 21 8109 973.995 1558.25 
-11.4218 7.57378 56.729
255 255 255
3 2 7183 1533.55 1662.06 3 7559 1382.64 1678.76 15 4778 1441.49 1540.77 
-11.4088 7.94842 57.8306
255 255 255
4 2 7189 1501.47 1674.46 3 7565 1345.38 1691.05 15 4788 1421.05 1552 20 4934 1507.35 1542.65 
-9.42097 7.95645 54.0459
255 255 255
4 6 2752 1296.22 1615.96 14 11980 1286.75 1624.44 16 10589 1385.13 1590.49 21 9537 1286.03 1596.64 
-12.025 7.85926 57.1469
255 255 255
3 14 10382 955.557 1628.32 16 9083 1082.12 1604.48 21 8155 963.741 1604.4 
-12.0501 8.02739 57.0794
255 255 255
3 14 10392 958.999 1645.51 16 9102 1086.22 1621.68 21 8165 967.578 1621.07 
-11.6232 8.65453 58.1349
255 255 255
3 2 7230 1488.85 1742.5 3 7615 1330.33 1757.56 15 4838 1413.15 1609.01 
-11.5456 8.54003 57.0876
255 255 255
4 2 7243 1534.3 1751.68 3 7624 1378.03 1767.9 15 4848 1444.27 1617.02 20 4995 1529.92 1608.87 
-11.6617 8.75126 57.5178
255 255 255
4 2 7257 1512.35 1768.15 3 7637 1353.91 1783.93 15 4860 1429.1 1627.44 20 5004 1515.57 1618.99 
-11.6348 8.5305 56.2347
255 255 255
3 2 7261 1560.19 1774.54 3 7639 1407.17 1790.18 15 4866 1461.2 1634.63 
-11.6361 8.59241 55.9702
255 255 255
3 2 7267 1572.88 1787.3 3 7649 1419.68 1804.57 15 4872 1470.42 1642.17 
-11.9784 9.56194 58.0949
255 255 255
3 2 7292 1483.25 1842.62 3 7675 1320.52 1856.38 15 4906 1408.46 1690.27 
-11.9329 9.89648 54.541
255 255 255
3 2 7342 1644.84 1964.25 15 4971 1519.29 1790.21 20 5135 1601.1 1785.68 
-11.9592 10.3209 55.9691
255 255 255
4 2 7346 1590.23 1969.02 3 7722 1430.57 1983.45 15 4976 1485.86 1795.04 20 5137 1570.83 1789.93 
-12.1364 9.70778 53.7131
255 255 255
2 2 7352 1657.07 1980.24 3 7729 1503.76 1995.19 
-11.5551 10.5463 54.8712
255 255 255
4 8 10828 679.912 1892.26 9 11120 525.898 1878.59 14 10581 1141.38 1899.98 16 9288 1267.83 1870.94 
-12.3714 11.9237 54.7059
255 255 255
2 2 7513 1650.57 2183.17 15 5141 1529.14 1966.28 
-21.7844 -4.49196 41.0974
255 255 255
2 2 8115 512.268 864.543 3 8473 508.588 844.246 
-22.1993 -4.5236 41.0839
255 255 255
2 2 8120 444.414 879.07 3 8476 442.097 858.212 
-22.1049 -4.00424 40.8705
255 255 255
2 2 8157 488.767 963.987 3 8510 484.648 941.17 
-22.2466 -3.92763 40.7662
255 255 255
2 2 8165 472.355 986.091 3 8519 468.77 961.015 
-10.5736 2.55909 55.8208
255 255 255
4 2 8229 1511.41 1150.47 3 8593 1381.21 1171.25 15 5897 1412.45 1120.16 20 5976 1488.58 1105.72 
-10.659 2.73176 55.7049
255 255 255
4 2 8242 1513.18 1173.08 3 8606 1382.55 1194.24 15 5904 1413.58 1136.37 20 5984 1488.78 1121.5 
-9.99593 3.13012 56.8015
255 255 255
3 2 8247 1538.8 1175.41 14 11632 1082.5 1167.35 16 10256 1183.79 1141.58 
-10.493 4.39166 60.151
255 255 255
3 2 8284 1401.98 1271.44 3 8642 1255.81 1289.7 15 6848 1349.12 1220.13 
-10.7449 4.26049 58.8792
255 255 255
3 2 8288 1423.22 1282.4 3 8646 1279.95 1302 15 5948 1359.22 1231.19 
-10.8418 4.43127 59.5566
255 255 255
4 2 8295 1395.94 1293.82 3 8655 1248.72 1311.74 15 5952 1339.13 1237.94 20 6022 1424.46 1224.55 
-10.8314 4.45756 57.2693
255 255 255
2 2 8319 1482.06 1326.95 15 5965 1398.68 1266.53 
-11.0011 4.7661 58.0094
255 255 255
4 2 8338 1446.38 1350.63 14 11740 939.608 1313.89 15 5975 1373.78 1283.82 21 9306 942.947 1292.23 
-11.4003 4.75248 58.4664
255 255 255
3 3 8698 1250.49 1373.28 14 11733 888.423 1310.65 16 10357 1004.39 1289.73 
-11.046 5.14292 59.6738
255 255 255
4 2 8348 1391.96 1363.75 3 8704 1242.9 1380.78 15 5985 1337.38 1297.51 20 6052 1423.62 1285.96 
-11.0411 5.35787 59.2757
255 255 255
4 2 8371 1412.24 1389.85 3 8721 1262.91 1406.66 15 6003 1352.3 1319.37 20 6061 1438.07 1306.78 
-11.3428 5.19251 58.3725
255 255 255
4 15 6006 1348.16 1325.75 16 10409 1009.68 1328.22 20 6068 1433.83 1313.3 21 9357 898.731 1329.56 
-10.9296 5.58778 58.9116
255 255 255
2 2 8387 1440.62 1412.31 15 6018 1374.52 1339.64 
-11.0979 5.73231 58.8002
255 255 255
2 2 8399 1433.8 1434.04 15 6026 1368.43 1355.8 
-11.4349 7.71238 57.735
255 255 255
2 2 8494 1496.32 1654.07 15 6090 1416.2 1536.32 
-11.9315 7.55073 57.0859
255 255 255
3 14 11957 966.257 1599.14 16 10575 1091.95 1574.92 21 9516 974.284 1575.02 
-11.6488 8.64222 56.0495
255 255 255
4 2 8580 1569.81 1790.76 3 8932 1416.26 1807.41 15 6153 1468.15 1646.55 20 6223 1551.49 1638.21 
-11.7249 9.29312 55.9165
255 255 255
3 2 8613 1585.91 1861.24 3 8972 1429.91 1879.21 15 7111 1481.96 1701.56 
-11.5316 9.48628 56.202
255 255 255
2 2 8615 1596.93 1866 15 7114 1492.59 1708.23 
-12.3556 9.95842 58.3676
255 255 255
2 2 8623 1448.42 1887.03 15 6181 1382.89 1726.78 
-11.7981 10.0494 55.3939
255 255 255
7 2 8651 1621.6 1952.43 3 9013 1465.19 1966.98 8 12512 631.693 1839.03 9 12822 483.692 1824.55 14 12140 1093.04 1853.2 16 10735 1222.42 1825.44 21 9700 1103.77 1825.6 
-12.1732 11.1584 57.6747
255 255 255
4 2 8678 1523.4 2011.31 3 9049 1356.53 2023.86 15 6224 1441.18 1831.16 20 6295 1530.76 1826.87 
-22.2368 -4.55895 40.9166
255 255 255
2 2 9070 441.945 877.97 3 9455 441.101 854.254 
-22.2526 -3.92482 40.8184
255 255 255
2 2 9099 469.827 985.791 3 9477 465.862 961.459 
-22.6811 -3.33259 40.5359
255 255 255
2 2 9132 434.081 1114.26 3 9496 429.189 1083.81 
-10.8789 4.38539 58.49
255 255 255
2 2 9179 1429.33 1305.35 15 6857 1362.11 1246.64 
-10.7428 4.51303 58.1109
255 255 255
2 2 9181 1458.8 1317.78 15 6865 1384.63 1258.24 
-10.9633 5.10842 58.9322
255 255 255
3 2 9200 1424.34 1371.26 15 6891 1360.72 1299.55 20 6890 1446.41 1288.04 
-10.9825 4.91889 56.434
255 255 255
3 2 9205 1514.07 1391.11 15 6903 1420.9 1318.07 20 6897 1500.09 1304.37 
-11.0348 5.11525 55.406
255 255 255
3 2 9218 1555.87 1429.47 3 9587 1418.71 1449.31 15 6921 1450.33 1347.64 
-11.0046 5.80796 58.7329
255 255 255
3 2 9221 1446.45 1437.86 15 6926 1378.64 1360.43 20 6922 1464.22 1349.02 
-11.7159 9.80932 55.3935
255 255 255
4 2 9313 1623.08 1927.18 3 9687 1466.83 1941.3 14 13165 1098.66 1828.03 16 11689 1225.53 1799.81 
-12.2828 11.0993 56.8003
255 255 255
3 2 9345 1547.35 2035.08 3 9728 1382 2047.81 15 7169 1456.05 1847.55 
-13.4135 16.326 55.4132
255 255 255
3 2 9441 1639.24 2629.64 3 9835 1459.79 2636.25 15 7364 1529.75 2338.56 
-11.0345 4.85253 57.5184
255 255 255
3 2 9668 1464.62 1370.29 15 7593 1386.51 1299.63 20 7574 1467.76 1286.18 
-11.7141 8.82387 56.4083
255 255 255
2 2 9745 1553.86 1803.48 15 7671 1457.61 1655 
-12.0856 10.468 56.3007
255 255 255
3 2 9774 1568.51 1979.67 3 10168 1408.13 1992.49 15 7700 1469.86 1804.76 
-12.3856 8.36132 60.2366
255 255 255
3 2 10060 1338.15 1695.43 3 10417 1178.6 1707.79 15 8207 1298.2 1572.7 
-22.2407 -3.99681 40.8507
255 255 255
2 2 10230 467.522 972.002 3 10810 463.921 949.233 
-10.4017 -3.0759 63.9053
255 255 255
3 2 10848 1112.59 585.359 3 11284 986.235 606.471 15 9185 1116.2 647.852 
-11.8148 9.54173 55.6827
255 255 255
2 3 3581 1438.09 1910.1 15 1045 1486.87 1732.42 
-9.9438 3.6968 56.3526
255 255 255
3 3 7348 1440.11 1261.01 9 10576 574.262 1199.84 16 8773 1217.94 1194.56 
-10.3307 4.87018 56.257
255 255 255
3 3 7432 1437.24 1387.87 16 8874 1211.73 1308.35 21 7929 1106.2 1312.5 
-10.139 4.97342 55.0283
255 255 255
2 3 7450 1511.69 1409.78 16 8901 1320.77 1332.41 
-10.4662 4.6267 56.6797
255 255 255
6 3 8689 1400.38 1359.83 8 12043 656.545 1302.05 9 12348 522.121 1286.28 14 11735 1068.02 1309.87 16 10350 1174.16 1283.4 21 9300 1069.64 1288.13 
-11.8745 6.98555 57.3634
255 255 255
2 14 11914 949.214 1541.23 16 10533 1073.33 1518.1 
-12.6591 11.2383 56.5494
255 255 255
2 14 12267 957.612 1963.96 16 10856 1094.17 1942.09 
-12.3995 9.57331 60.2527
255 255 255
2 3 10420 1202.88 1818.21 15 8212 1322.99 1667.1 
-11.1321 7.05916 56.1738
255 255 255
2 4 3872 628.125 1626.93 8 1434 635.795 1539.04 
-6.63166 8.12923 52.0273
255 255 255
2 4 4035 1278.32 1739.16 17 2748 1221.99 1617.8 
-12.9794 7.81996 55.7079
255 255 255
2 4 4074 493.264 1763.76 17 2797 552.972 1643.21 
-4.93238 11.6257 50.9174
255 255 255
2 4 4672 1496.66 2087.37 11 1997 600.108 1941.81 
-10.0741 10.7409 52.8423
255 255 255
2 4 4677 944.424 2089.02 8 2090 904.433 1929.34 
-10.7594 11.4347 53.8523
255 255 255
3 4 4832 818.547 2148.6 8 2210 796.243 1981.3 9 2307 637.605 1972.92 
-8.62476 12.8892 52.6937
255 255 255
2 4 5099 1080.74 2274.99 17 3591 1060.01 2071.56 
-9.41252 12.5803 52.2549
255 255 255
3 4 5122 1046.03 2283.56 8 2432 987.843 2095.15 9 2644 824.243 2096.9 
-11.1018 15.1659 52.5392
255 255 255
2 4 5766 887.068 2602.94 9 3279 681.162 2364.09 
-8.2711 16.3939 51.5632
255 255 255
2 4 5841 1196.69 2665.93 17 4217 1162.7 2402.84 
-9.30432 17.0081 52.1853
255 255 255
2 4 5942 1069.13 2740.86 17 4342 1054 2467.13 
-5.95982 -4.48028 50.5406
255 255 255
2 4 6732 1408.48 394.847 17 5179 1305.66 472.97 
-7.44666 -3.66297 53.6163
255 255 255
2 4 6989 1075.46 479.398 17 482 1030.02 544.08 
-6.181 -0.995953 53.1625
255 255 255
2 4 7726 1209.89 746.797 17 884 1155.18 776.101 
-5.52844 -0.38695 51.3396
255 255 255
2 4 7948 1391.81 821.056 17 1055 1306.56 841.287 
-6.21174 0.667307 52.7787
255 255 255
2 4 8228 1238.73 925.36 17 1337 1180.6 928.717 
-7.16009 1.99817 54.3036
255 255 255
2 4 8527 1064.2 1058.2 17 1617 1035.98 1040.3 
-10.558 2.82938 56.8774
255 255 255
2 4 8776 626.848 1158.76 17 1771 664.032 1126.33 
-8.93755 5.01611 54.7681
255 255 255
2 4 9239 897.542 1396.98 9 5154 723.196 1332.82 
-11.0241 6.33484 56.2159
255 255 255
2 4 9423 633.295 1547.27 17 2521 673.932 1457.75 
-13.0026 6.24925 55.657
255 255 255
2 4 9467 490.131 1595.98 17 2574 547.426 1500.05 
-12.887 7.33962 55.7509
255 255 255
2 4 9601 497.878 1708.32 17 2719 556.33 1596.47 
-12.6662 8.06274 55.7602
255 255 255
2 4 9732 519.392 1780.4 17 2828 576.089 1657.5 
-11.8837 8.34994 55.8919
255 255 255
2 4 9757 582.377 1788.09 17 2843 631.792 1662.93 
-11.499 11.0344 54.5216
255 255 255
3 4 10296 708.891 2105.78 8 2132 704.025 1944.53 9 2212 546.627 1932.48 
-11.0782 11.3183 54.9345
255 255 255
2 8 5533 711.396 1946.84 17 7890 752.56 1934.37 
-7.63235 12.0027 51.2886
255 255 255
2 4 10487 1261.16 2198.71 11 2092 395.217 1982.4 
-8.95778 12.7906 53.8959
255 255 255
2 4 10571 971.145 2231.95 17 8111 969.612 2038.16 
-9.53345 12.4672 52.3852
255 255 255
3 4 10684 1025.7 2270.27 8 5835 972.12 2085.07 9 6133 807.872 2085.28 
-8.40966 12.5251 51.5855
255 255 255
3 4 10685 1176.57 2269.89 8 5827 1099.11 2082.14 9 6146 937.944 2089.42 
-7.83551 12.8008 51.9064
255 255 255
2 8 2408 1117.16 2083.62 17 3577 1160.59 2066.37 
-9.31159 12.4853 52.1913
255 255 255
3 4 10694 1058.36 2273.38 8 5836 999.088 2085.12 9 6142 835.295 2087.63 
-8.07931 12.5888 51.3505
255 255 255
3 4 10695 1221.14 2273.18 8 5840 1136.16 2086.32 9 6166 976.232 2095.46 
-9.08052 12.5155 51.9976
255 255 255
4 4 10706 1090.51 2275.55 8 5846 1027.44 2087.52 9 6151 864.173 2091.35 14 2243 1428.01 2048.07 
-9.2108 12.5901 52.0478
255 255 255
6 4 10736 1076.3 2283.94 8 5878 1015.45 2097.07 9 6177 851.354 2099.44 14 5541 1419.92 2057.48 16 4722 1518.48 2019.32 21 4209 1420.61 2023.73 
-9.33103 13.6087 51.8599
255 255 255
3 4 11001 1082.88 2403.81 8 2648 1018.87 2197.07 9 2895 853.559 2201.46 
-9.32664 13.655 51.8089
255 255 255
3 4 11015 1087.25 2410.44 8 2658 1022.13 2202.46 9 2905 856.431 2207.53 
-10.285 15.3012 54.0054
255 255 255
2 4 11301 859.327 2526.11 17 4012 875.671 2288.73 
-7.55781 14.745 49.214
255 255 255
2 4 11370 1430.57 2563.75 17 4093 1348.27 2316.41 
-11.0639 14.9298 52.6858
255 255 255
3 4 11383 878.66 2571.22 8 6310 847.222 2337.74 9 6619 677.297 2335.47 
-6.56123 -5.41573 51.441
255 255 255
2 4 12207 1293.77 297.385 17 9447 1205.4 386.197 
-6.11391 -4.80859 49.9206
255 255 255
2 4 12361 1443.12 361.749 17 9566 1330.86 446.36 
-5.8558 -4.67398 49.9907
255 255 255
2 4 12382 1457.55 374.225 17 9596 1345.66 457.338 
-5.42908 0.757184 49.4037
255 255 255
2 4 13605 1551.76 966.942 17 6313 1435.65 967.721 
-7.68975 3.72206 54.6735
255 255 255
3 4 14110 1002.02 1239.93 16 3821 1382.96 1181.01 21 3336 1300.29 1187.69 
-13.0686 4.66176 55.7599
255 255 255
2 4 14339 474.315 1421.82 17 11027 531.017 1352.48 
-4.64383 6.00621 54.0757
255 255 255
2 4 14350 1279.96 1425.78 8 7881 1186.16 1375 
-6.92099 6.69625 52.8615
255 255 255
2 4 14539 1192.77 1573.64 9 8416 973.688 1490.99 
-8.98798 8.90589 53.3446
255 255 255
3 4 14866 996.349 1845.92 9 5539 795.994 1719.79 16 1500 1441.15 1674.11 
-6.01892 9.20071 51.6909
255 255 255
2 4 14868 1352.71 1846.04 11 7506 501.575 1700.98 
-6.86107 9.58603 51.878
255 255 255
2 8 8403 1182.15 1774.18 9 8726 1036.36 1778.32 
-10.4538 11.2177 53.181
255 255 255
2 4 15296 889.018 2138.72 8 8718 858.147 1974.01 
-9.75453 12.4516 52.5416
255 255 255
4 4 15608 996.209 2271.05 8 8963 946.772 2084.14 9 9202 782.392 2084.37 14 5526 1367.86 2053.68 
-8.07108 12.5972 51.3463
255 255 255
3 4 15620 1222.05 2273.96 8 8970 1137.07 2086.96 9 9231 977.151 2096.16 
-4.87435 13.3956 50.5301
255 255 255
2 4 15638 1532.95 2278.72 11 8180 618.727 2119.92 
-4.98522 13.3766 50.5387
255 255 255
2 4 15643 1524.04 2279.95 11 8179 609.167 2118.67 
-9.34569 12.565 52.1811
255 255 255
3 4 15647 1056.67 2283.33 14 2258 1406.17 2056.67 21 1703 1406.68 2022.07 
-9.58567 12.5853 52.3882
255 255 255
3 4 15654 1020.73 2284.95 8 8995 968.904 2096.66 9 9233 804.109 2096.75 
-9.13367 12.5791 51.9619
255 255 255
2 4 15655 1090.13 2285.28 9 7281 860.893 2099.23 
-4.95189 13.5036 50.5097
255 255 255
2 4 15679 1528.91 2292.89 11 8195 613.014 2131.24 
-8.62674 12.7621 51.5867
255 255 255
4 4 15705 1159.76 2302.02 14 5549 1469.3 2061.47 16 4725 1559.87 2020.63 21 4212 1467 2025.25 
-12.0107 13.0514 54.0953
255 255 255
2 4 15788 696.418 2350.81 14 5719 1174.61 2153.42 
-8.71184 13.4612 51.3591
255 255 255
3 4 15857 1170.83 2385.56 14 2361 1480.48 2127.95 21 1778 1479.22 2092.07 
-9.44204 14.9534 53.2906
255 255 255
2 4 16045 976.65 2490.9 17 12457 975.274 2256.68 
-10.2631 15.542 54.0549
255 255 255
2 4 16162 858.707 2547.41 17 12552 875.495 2307.58 
-8.22741 16.1934 51.3223
255 255 255
2 4 16284 1217.52 2653.78 17 9214 1178.94 2392.46 
-10.963 15.9088 52.1653
255 255 255
2 4 16353 927.028 2691.87 16 5215 1464.02 2367.09 
-8.7413 12.6459 51.7822
255 255 255
3 4 16491 1134.46 2285.79 8 8996 1065.08 2096.58 9 9243 901.982 2102.3 
-6.66151 -5.17056 51.3342
255 255 255
2 4 16750 1294.03 323.504 17 13130 1206 410.438 
-6.67277 -5.01151 51.3384
255 255 255
2 4 16775 1293.35 340.732 17 13146 1205.54 424.918 
-5.94465 -4.3962 50.4829
255 255 255
2 4 16872 1413.94 403.397 17 13218 1310.9 481.561 
-5.19569 0.423843 55.0508
255 255 255
4 4 17428 1161.09 857.965 14 7171 1351.83 894.093 16 6188 1397.15 871.96 21 5470 1338.25 876.093 
-7.30913 0.423905 55.3274
255 255 255
2 4 17470 982.499 885.783 17 10307 966.005 890.82 
-7.54833 0.779315 55.816
255 255 255
3 4 17507 932.877 916.595 10 7850 574.699 917.31 17 10364 926.574 920.441 
-8.9981 0.858391 57.2479
255 255 255
2 4 17520 730.685 928.302 17 13637 753.4 928.674 
-8.03795 1.25001 55.8615
255 255 255
3 4 17581 892.761 970.813 10 10493 536.624 963.244 17 13672 890.913 966.76 
-13.0708 3.18702 56.0411
255 255 255
2 4 17896 454.919 1256.47 17 13889 511.313 1209.28 
4.27943 7.24198 58.1941
255 255 255
2 4 17947 1594.42 1311.4 8 7734 1444.86 1275.8 
-13.7455 3.63658 55.3407
255 255 255
2 4 17967 434.204 1332.08 17 13953 492.284 1275.9 
-10.3464 4.81533 56.5995
255 255 255
2 4 17994 665.107 1366.67 17 13981 700.363 1302.92 
-6.35152 3.9262 47.8733
255 255 255
2 4 17999 1616.04 1368.07 17 10953 1481.86 1307.96 
-14.0322 5.25867 54.7654
255 255 255
2 4 18174 445.142 1532.8 17 14148 503.128 1446.6 
-10.9591 6.15503 55.9821
255 255 255
2 4 18175 652.647 1533.88 8 10496 658.223 1457.18 
-6.73625 6.7033 52.9532
255 255 255
2 4 18201 1200.76 1569.03 8 10514 1122.4 1490.47 
-6.26733 6.21452 48.5581
255 255 255
2 4 18228 1571.3 1609.04 17 11234 1452.06 1512.76 
-6.33832 6.14479 48.1535
255 255 255
2 4 18231 1599.22 1614.11 17 11239 1473.04 1515.54 
-6.17851 6.39516 48.7626
255 255 255
2 4 18235 1561.81 1622.88 17 11246 1445.87 1522.22 
-6.25577 6.3338 48.5086
255 255 255
2 4 18236 1576.55 1625.2 17 11248 1456.54 1522.78 
-6.32382 6.33532 48.3131
255 255 255
2 4 18242 1587.45 1633.04 17 11255 1464.41 1527.67 
-6.35581 6.43008 48.5008
255 255 255
2 4 18246 1569.6 1639.99 17 11262 1450.34 1532.88 
-12.9088 7.49682 55.7988
255 255 255
2 4 18307 493.406 1724.67 17 14250 552.977 1609.97 
-9.25645 8.01789 53.8719
255 255 255
3 4 18320 936.958 1744.26 14 8031 1304.85 1628.29 21 6193 1303.84 1600.28 
-12.197 8.09847 55.8124
255 255 255
2 4 18353 558.576 1771.69 17 14288 610.467 1648.6 
-9.20176 8.33239 53.7055
255 255 255
2 4 18360 953.454 1780.8 14 8077 1317.31 1657.16 
-5.66543 8.99832 51.4898
255 255 255
2 4 18395 1393.84 1817.13 11 9650 519.55 1688.83 
-7.72752 9.00256 52.4837
255 255 255
2 4 18420 1160.56 1847.4 9 11007 936.416 1725.7 
-6.9941 9.27892 51.9739
255 255 255
3 4 18462 1256.84 1871.51 8 10732 1166.64 1747.46 9 11048 1019.99 1749.94 
-7.04179 10.9691 51.7336
255 255 255
2 4 18607 1274.35 2058.69 8 10840 1178.8 1903.79 
-7.41308 10.7274 51.1715
255 255 255
2 4 18615 1285.68 2062.23 8 10844 1190.22 1906.73 
-9.47162 11.1634 52.8514
255 255 255
3 4 18690 995.821 2114.23 8 10905 946.791 1952.92 9 11191 786.519 1950.54 
-11.9972 11.2021 54.9742
255 255 255
2 4 18698 636.347 2123.08 14 8490 1114.89 1970.17 
-5.41012 11.8075 50.9121
255 255 255
2 4 18701 1461.86 2122.35 11 9903 562.501 1960.35 
-9.88764 11.8004 54.2585
255 255 255
2 4 18735 866.681 2147.95 17 11902 879.041 1962.75 
-8.16312 11.9969 51.5463
255 255 255
2 8 11006 1117.48 2030.07 9 11296 957.517 2037.28 
-8.24677 12.3172 51.5914
255 255 255
3 4 18883 1189.46 2240.35 8 11069 1109.52 2060.73 9 11361 949.749 2067.16 
-9.25692 12.2234 52.248
255 255 255
4 4 18886 1058.48 2241.61 14 8616 1406.61 2022.97 16 7464 1503.21 1985.57 21 6720 1405.17 1989.36 
-8.07171 12.3161 51.4029
255 255 255
3 4 18889 1217.74 2242.64 8 9847 1132.85 2060.32 9 10148 973.241 2068.29 
-10.4427 12.9248 54.4483
255 255 255
2 4 18928 810.49 2272.73 17 14741 831.7 2072.09 
-8.11884 13.2888 52.9908
255 255 255
2 4 18956 1101.94 2289.08 17 12952 1081.59 2084.42 
-4.95142 13.5206 50.4975
255 255 255
2 4 18970 1529.83 2294.52 11 10113 612.771 2133.78 
-10.7665 13.0264 53.1711
255 255 255
2 4 19027 867.465 2342.08 14 8803 1285.71 2125.83 
-10.952 13.0367 53.2819
255 255 255
2 4 19030 843.94 2343.55 16 7666 1392.49 2098.27 
-9.73304 13.2551 52.2462
255 255 255
3 4 19061 1020.94 2365.67 14 8807 1386.35 2128.73 21 6906 1388.13 2093.12 
-9.72703 13.7342 52.0387
255 255 255
3 4 19134 1037.33 2422.68 14 8876 1399.71 2175.01 21 6962 1402.06 2137.59 
-7.92661 13.9752 50.8155
255 255 255
2 4 19143 1276.29 2432.81 11 8282 382.154 2179.02 
-12.0161 13.958 53.7201
255 255 255
3 4 19169 722.936 2461.62 14 8947 1199.35 2242.32 16 7806 1333.5 2209.13 
-10.3024 14.2095 52.2062
255 255 255
4 4 19205 977.366 2486.68 14 8936 1368.91 2232.23 16 7790 1481.88 2193.52 21 7017 1373.08 2196.11 
-12.5162 14.8655 53.9082
255 255 255
3 4 19318 668.377 2566.15 14 11048 1161.38 2337.78 16 9694 1301.91 2307.02 
-12.0193 15.8007 53.0722
255 255 255
4 4 19394 771.108 2681.11 14 9139 1238.87 2418.78 16 7964 1374.27 2384.63 21 7164 1248.89 2381.22 
-9.23199 15.9406 50.8631
255 255 255
3 4 19399 1168.69 2684.49 8 11455 1089.53 2433.13 9 11758 918.434 2448.01 
-9.23449 12.1734 52.2965
255 255 255
2 8 11053 997.564 2052.88 9 11339 835.368 2054.22 
-7.10659 -4.68914 51.9946
255 255 255
2 4 19698 1212.77 375.761 17 15371 1138.64 455.233 
-5.91099 -4.39295 50.4901
255 255 255
2 4 19736 1416 403.571 17 15400 1312.81 481.511 
-5.94209 -4.08866 50.4531
255 255 255
2 4 19797 1416.99 436.058 17 15443 1314.54 510.784 
-4.991 0.32749 54.8174
255 255 255
2 4 20082 1190.99 850.401 16 8557 1417.27 866.826 
-7.88478 2.55423 55.3621
255 255 255
3 4 20282 939.145 1111.68 10 10562 564.524 1079.04 17 13763 931.861 1084.88 
0.378966 5.73503 54.9411
255 255 255
2 4 20416 1565.14 1291.51 8 10294 1423.01 1262.6 
-6.04986 4.15676 51.8121
255 255 255
2 4 20427 1329.82 1308.36 17 13934 1260.05 1253.32 
-13.3802 3.86193 55.6671
255 255 255
2 4 20457 449.545 1343.67 17 15847 507.068 1283.88 
-5.85564 4.04637 48.9819
255 255 255
2 4 20463 1562.92 1348.07 17 13965 1445.51 1289.37 
4.07585 8.26204 58.4371
255 255 255
2 4 20535 1567.95 1398.94 8 10383 1424.36 1346.58 
-5.76186 4.94744 50.8925
255 255 255
2 4 20544 1422.37 1404.67 17 15923 1337.43 1337.36 
-9.15666 5.18737 55.1614
255 255 255
4 4 20554 854.071 1413.36 14 11802 1222.33 1356.42 16 10412 1315.99 1327.77 17 15928 860.796 1339.97 
-10.5884 5.531 55.9263
255 255 255
2 4 20600 686.857 1458.35 8 12168 687.107 1399.4 
-6.81878 6.03609 53.0114
255 255 255
2 4 20649 1188.66 1500.36 9 12545 972.326 1423.74 
-10.6037 6.17292 56.2259
255 255 255
3 4 20673 667.115 1521.77 8 12216 671.071 1449.85 17 16023 705.133 1433.84 
-7.90656 6.71049 54.307
255 255 255
3 4 20704 1014.97 1564.93 8 12247 964.865 1486.26 17 16049 1000.67 1467.99 
-6.9158 6.647 53.0262
255 255 255
2 8 12249 1106.18 1488.64 9 12598 966.223 1482.59 
-6.83951 6.62244 52.8082
255 255 255
2 4 20707 1202.72 1566.55 8 12250 1124.51 1487.88 
-6.20005 7.19893 53.8475
255 255 255
2 4 20716 1181.29 1586.56 8 12257 1103.33 1506.77 
-6.18681 6.38461 48.7324
255 255 255
2 4 20735 1563.62 1622.89 17 14190 1447.19 1521.82 
-6.35024 6.37477 48.3139
255 255 255
2 4 20747 1585.42 1637.49 17 14196 1462.62 1532.78 
-5.21133 7.55994 50.0827
255 255 255
2 8 10579 1402.97 1598.18 17 14231 1434.37 1579.32 
-6.48926 7.90472 48.1121
255 255 255
2 4 20877 1594.82 1817.72 17 14327 1471.48 1688.07 
-7.51093 9.1026 52.4425
255 255 255
3 4 20898 1180.98 1851.39 8 10705 1104.23 1732.77 9 11022 955.781 1733.59 
-8.77694 9.00954 53.1142
255 255 255
3 4 20909 1031.24 1857.12 8 10717 977.166 1736.19 9 11017 822.836 1731.73 
-6.58805 8.33814 48.1925
255 255 255
2 4 20928 1581.13 1867.81 17 14376 1460.85 1728.51 
-9.6362 9.12039 53.7397
255 255 255
2 4 20938 916.53 1874.41 21 8245 1298.59 1708.49 
-6.69104 8.52366 48.1925
255 255 255
2 4 20955 1573.31 1892.26 17 14388 1454.23 1747.95 
-7.43079 9.94834 51.975
255 255 255
3 4 20985 1222.53 1954.6 8 12503 1139.08 1817.24 9 12819 987.987 1819.93 
-9.53289 10.5816 53.2605
255 255 255
2 4 21056 961.015 2042.72 9 12858 761.266 1884.9 
-9.93496 10.6658 53.2894
255 255 255
2 4 21077 926.185 2063.47 8 12554 886.559 1904.9 
-5.43409 11.8678 50.8982
255 255 255
2 4 21139 1461.07 2128.53 11 11509 560.661 1967.94 
-7.12798 10.6855 48.7187
255 255 255
2 4 21140 1498.97 2129.52 17 14553 1396.75 1947.7 
-5.89271 11.8466 50.9345
255 255 255
2 4 21145 1423.41 2138.1 11 11508 522.801 1969.22 
-8.2956 11.8624 51.7051
255 255 255
3 4 21200 1176.9 2191.63 8 12674 1098.05 2016.93 9 12983 938.664 2022.42 
-9.52234 11.9819 52.5774
255 255 255
2 4 21221 1012.59 2212.27 9 11939 798.046 2034.61 
-7.68551 12.435 51.1979
255 255 255
2 4 21287 1264.49 2249.58 11 9990 393.882 2024.3 
-10.9307 12.7903 53.3825
255 255 255
2 4 21365 838.329 2313.91 14 10868 1265.82 2107.61 
-10.4072 12.8065 52.9566
255 255 255
2 4 21366 912.757 2313.97 21 8598 1318.74 2065.42 
-12.0956 12.9874 54.2128
255 255 255
2 4 21387 681.103 2341.48 14 10914 1162.75 2149.37 
-10.3728 13.0698 52.8628
255 255 255
2 4 21396 922.667 2346.1 21 8623 1324.83 2086.12 
-11.0037 13.234 53.2386
255 255 255
3 4 21412 842.798 2368.37 16 9572 1393.9 2117.77 21 8651 1278.79 2116.96 
-10.6741 13.3009 52.9262
255 255 255
4 4 21418 893.055 2373.85 6 2259 1321.8 2156.14 14 10916 1307.31 2153.51 21 8652 1311.31 2116.75 
-9.40622 13.3796 51.919
255 255 255
4 4 21427 1072.09 2381.05 14 10897 1419.8 2133.63 16 9543 1520.93 2094.2 21 8633 1420.6 2098.46 
-10.7642 15.0873 54.7655
255 255 255
2 4 21519 768.623 2490.79 17 16696 799.876 2259.16 
-8.35602 14.555 50.7265
255 255 255
2 4 21535 1249.36 2510.34 9 13256 991.39 2305.51 
-12.2986 15.7522 53.3752
255 255 255
3 4 21618 725.639 2672.19 16 9722 1343.75 2388.34 21 8782 1217.9 2382.08 
-8.12718 12.1654 51.7436
255 255 255
2 4 21661 1188.06 2216.47 9 13003 951.703 2044.96 
-8.47508 12.0649 51.6
255 255 255
3 4 21662 1170.7 2222.05 8 12704 1092.15 2042.82 9 13008 929.738 2048.87 
-7.21727 -4.70627 52.0385
255 255 255
2 4 21745 1200.9 374.429 17 16969 1128.18 454.299 
-5.95699 -4.31316 51.338
255 255 255
2 4 21766 1349.43 409.733 17 16986 1259.81 485.26 
-6.43722 2.29003 51.198
255 255 255
2 4 22013 1340.48 1125.33 17 17116 1261.75 1098.99 
-9.4779 5.20212 55.4721
255 255 255
4 4 22133 806.738 1412.59 9 12460 652.738 1346.25 16 10417 1284.88 1330.07 21 9375 1189.36 1336.34 
-9.0286 5.33046 54.8018
255 255 255
4 4 22141 888.467 1432.23 14 11816 1254.59 1371.09 16 10427 1346.64 1343.31 21 9394 1252.58 1348.04 
-6.53631 6.08656 52.6474
255 255 255
3 4 22173 1237.21 1506.06 8 13376 1153.22 1437.73 17 17234 1185.4 1421.45 
-4.98515 6.37434 50.2862
255 255 255
2 8 12243 1403.12 1482.23 17 16046 1432.84 1462.58 
-7.89188 6.7754 54.3734
255 255 255
2 4 22192 1012.37 1569.25 8 13388 961.63 1489.26 
-6.69853 8.20512 52.2138
255 255 255
2 4 22248 1259.72 1744.83 16 9054 1556.4 1572.06 
-9.23151 8.08257 53.7223
255 255 255
4 4 22254 948.14 1752.76 8 13435 909.358 1646.91 9 13739 757.024 1639.06 14 13108 1318.04 1639.31 
-6.15945 8.1493 48.7806
255 255 255
2 4 22276 1565.62 1817.34 17 16213 1452.59 1685.6 
-9.6741 9.2784 55.875
255 255 255
2 4 22278 776.197 1832.83 8 13458 755.944 1709.86 
-9.51106 8.90373 53.7115
255 255 255
3 4 22286 928.578 1849.94 17 17327 923.843 1709.66 21 9607 1305.24 1687.82 
-6.61181 9.59764 51.9987
255 255 255
2 4 22307 1285.14 1892.4 9 13779 1050.01 1771.85 
-9.67763 9.70534 53.5206
255 255 255
2 4 22320 929.055 1946.17 14 12105 1310.47 1792.25 
-9.33651 9.83429 53.1322
255 255 255
4 4 22325 984.556 1960.56 14 12112 1350.59 1802.41 16 10705 1447.47 1767.78 21 9661 1350.49 1771.93 
-7.35528 10.2296 51.8011
255 255 255
5 4 22330 1243.91 1985.1 8 13513 1153.03 1846.59 9 13800 1003 1849.86 10 13644 715.18 1843.58 18 17429 664.751 1837.5 
-4.89555 10.8505 51.1094
255 255 255
2 4 22335 1483.69 2001.45 11 12371 598.378 1862.63 
-7.75614 10.9833 51.7196
255 255 255
3 4 22365 1217.37 2079.69 8 12585 1133.79 1925.18 9 12896 977.975 1930.33 
-9.32436 10.9564 52.8461
255 255 255
2 8 12588 957.137 1930.33 9 12894 798.069 1928.42 
-5.82325 11.6363 51.0629
255 255 255
2 4 22378 1418.85 2111.51 11 12405 530.573 1943.72 
-11.314 11.498 54.2432
255 255 255
4 4 22404 744.631 2157.37 6 2897 1209.73 1986.45 14 12298 1191.76 1990.38 21 9831 1201.05 1958.43 
-9.24976 11.5557 52.517
255 255 255
3 4 22405 1038.73 2159.43 8 13584 982.865 1992.55 9 13852 821.349 1991.9 
-11.761 11.5511 54.5485
255 255 255
4 4 22409 685.083 2168.53 14 12316 1156.05 2002.59 16 10888 1284.02 1971.52 21 9847 1163.71 1970.79 
-10.6971 11.5868 53.7237
255 255 255
3 4 22410 832.483 2169.32 16 10863 1368.12 1952.48 21 9828 1258.27 1953.66 
-10.101 11.6068 53.1888
255 255 255
3 4 22411 920.224 2169.43 16 10858 1421.27 1944.77 21 9817 1315.18 1947.02 
-8.35616 11.8539 51.7535
255 255 255
4 4 22416 1167.97 2189.79 14 12276 1468.82 1972.35 16 10849 1554.5 1933.61 21 9812 1466.03 1938.24 
-10.6724 13.2996 52.9815
255 255 255
3 4 22512 889.213 2375.52 14 12452 1301.62 2149.93 21 9971 1307.09 2115.63 
-11.8889 14.2819 53.6972
255 255 255
3 14 12532 1200.73 2267.1 16 11095 1333.91 2235.5 21 10040 1210.87 2231.19 
-10.3844 14.3493 52.3179
255 255 255
4 8 12930 916.46 2281.03 14 12518 1356 2244.04 16 11068 1469.27 2205.19 21 10028 1360.85 2207.71 
-8.79203 5.22012 54.6951
255 255 255
3 4 22615 914.294 1415.57 8 13773 881.866 1362.71 9 14054 738.633 1351.86 
-5.04876 5.2702 52.6569
255 255 255
2 10 13460 866.311 1330.36 17 17190 1283.97 1319.68 
-9.01359 4.85569 54.9879
255 255 255
7 6 3553 1247.82 1312.88 8 13886 848.913 1328.32 9 14170 707.799 1315.83 10 13973 489.049 1299.96 14 13575 1244 1328.05 16 12066 1336.15 1299.25 21 10909 1240.73 1303.87 
-10.1953 5.0003 55.9188
255 255 255
2 4 22838 719.634 1397.03 17 17763 745.274 1328.74 
-6.12429 4.79786 49.397
255 255 255
2 4 22858 1510.77 1429.79 17 17213 1403.22 1356.3 
-8.68659 5.8224 54.4366
255 255 255
3 4 22878 941.59 1484.86 14 13049 1288.89 1413.77 21 10468 1284.96 1388.2 
-8.36575 6.10066 53.9356
255 255 255
2 4 22889 1001.86 1517.87 9 14224 808.545 1438.5 
-8.31148 6.31962 53.947
255 255 255
3 4 22898 1006.15 1537.16 14 13069 1333.07 1458.13 21 10490 1329.05 1432.57 
-8.37001 6.40435 53.8451
255 255 255
2 8 13937 960.228 1478.09 9 14227 813.373 1467.27 
-6.13082 5.89205 49.1865
255 255 255
2 4 22903 1529.85 1554.96 17 17243 1420.33 1465.03 
-11.5582 6.43146 56.0787
255 255 255
2 4 22908 595.17 1574.02 17 17798 640.373 1477.58 
-6.32252 5.98839 48.5222
255 255 255
2 4 22909 1569.41 1586.79 17 17248 1449.61 1492.2 
-6.35053 7.28217 48.5763
255 255 255
2 4 22941 1565.83 1729.96 17 17291 1448.89 1615.82 
-10.1147 7.99592 54.5792
255 255 255
3 4 22943 817.827 1743.69 6 3306 1235.58 1625.57 21 10526 1227.22 1609.45 
-10.0991 9.01188 53.6767
255 255 255
2 4 22985 881.047 1877.94 9 14283 690.209 1741.84 
-9.34402 9.222 53.4085
255 255 255
2 4 22989 963.721 1887.8 9 14057 764.695 1753.36 
-6.56736 8.60385 48.2338
255 255 255
2 4 22991 1579.68 1896.88 17 17344 1460.76 1750.68 
-7.44997 9.62743 52.1135
255 255 255
3 8 14007 1128.06 1785.84 9 14292 979.315 1787.87 10 14095 696.992 1779.93 
-7.21882 9.80467 51.5675
255 255 255
2 4 23007 1269.1 1947.13 9 14302 1024.34 1811.23 
-9.50207 10.1203 53.1342
255 255 255
4 6 3337 1353.24 1826.01 14 13167 1344.04 1832.12 16 11687 1444.78 1797.26 21 10577 1344.43 1801.85 
-7.13102 10.8806 51.5257
255 255 255
2 4 23039 1281.53 2056.82 9 14321 1037.09 1912.53 
-9.80604 10.762 53.2811
255 255 255
2 8 14033 897.224 1913.82 9 14319 738.454 1907.32 
-10.5268 11.2019 53.8448
255 255 255
7 4 23053 837.299 2114.99 6 3362 1263.47 1942.98 8 13556 813.992 1955.71 9 13829 656.598 1949.27 14 13224 1249.67 1944.99 16 11740 1362.45 1912.05 21 10628 1253.58 1913.34 
-10.9662 11.3366 54.109
255 255 255
4 4 23058 783.122 2134.51 14 13233 1215.72 1966.44 16 11749 1333.6 1935.01 21 10637 1221.42 1935.27 
-9.50748 11.4671 52.7804
255 255 255
4 4 23065 998.413 2150.71 14 13229 1361.92 1956.82 16 11742 1462.38 1918.77 21 10634 1362.41 1923.95 
-9.73159 11.8279 53.596
255 255 255
2 8 13586 884.469 1997.26 17 17433 925.05 1982.23 
-9.77939 11.8368 52.484
255 255 255
3 4 23087 996.558 2209.11 8 13784 948.23 2031.96 9 14059 780.641 2028.83 
-10.9386 12.4907 53.559
255 255 255
3 4 23105 824.998 2276.23 6 3402 1266.87 2077.42 21 10680 1259.7 2044.78 
-11.0534 12.7949 53.4151
255 255 255
2 4 23119 825.508 2315.99 21 10693 1266.59 2079.37 
-10.5388 12.9754 53.0634
255 255 255
3 4 23125 894.414 2333.09 14 13299 1301.23 2116.46 21 10696 1304.78 2081.27 
-10.689 13.3672 53.004
255 255 255
3 4 23132 886.377 2382.79 14 13312 1298.6 2155.82 21 10707 1304.13 2121.22 
-9.59555 13.4115 52.0178
255 255 255
2 4 23133 1049.22 2385.72 9 14061 823.335 2185.51 
-10.2061 13.9649 52.2321
255 255 255
4 4 23146 983.16 2459.4 14 13325 1370.44 2206.53 16 11836 1482.99 2166.67 21 10717 1374.4 2169.99 
-10.4526 7.42862 55.1838
255 255 255
4 4 23190 748.464 1673.85 14 13637 1169.77 1586.95 16 12124 1281.6 1555.68 17 17808 772.64 1563.97 
-10.773 7.52066 54.9122
255 255 255
2 4 23255 738.833 1702.21 8 14155 731.577 1599.15 
-7.7886 10.7132 51.621
255 255 255
2 4 23286 1221.28 2059.3 9 14520 979.722 1904.88 
-10.0834 11.0008 53.6278
255 255 255
4 8 14039 859.133 1931.74 9 14326 699.951 1925.31 16 12203 1387.59 1884.89 21 11048 1283.21 1886.5 
-5.54638 11.596 51.0499
255 255 255
6 4 23290 1443.43 2100.39 10 14295 903.302 1966.39 11 13113 555.614 1939.37 13 16572 669.192 1946.04 18 18115 846.349 1959.97 22 16797 728.408 1947.11 
-10.5318 11.1393 53.8569
255 255 255
5 4 23292 837.128 2111.31 6 3652 1260.32 1935.56 14 13729 1249.67 1939.73 16 12210 1364.09 1907.46 21 11058 1252.54 1907.54 
-9.81736 11.6371 53.1198
255 255 255
3 14 13738 1324.73 1976.01 16 12217 1429.05 1938.58 21 11068 1325.34 1941.53 
-5.15805 5.39273 51.3567
255 255 255
2 8 14192 1322.17 1376.86 17 18058 1352.68 1356.42 
-10.5461 11.0819 53.8141
255 255 255
5 4 23365 838.56 2106.31 6 3808 1264.41 1930.48 14 13955 1254.95 1938.21 16 12440 1367.96 1903.8 21 11288 1255.86 1903.15 
-11.0805 11.819 53.973
255 255 255
3 14 13961 1219.43 2015.79 16 12450 1340.77 1982.32 21 11296 1226.5 1983.37 
-8.88606 12.7183 51.8194
255 255 255
3 4 23403 1121.09 2296.76 8 14328 1051.66 2105.98 9 14602 888.467 2111.17 
-8.81293 12.3835 51.9699
255 255 255
3 4 23406 1116.48 2253.69 8 14325 1046.26 2069.67 9 14605 885.92 2073.96 
-10.421 2.67658 56.8502
255 255 255
2 4 23939 639.961 1141.69 17 18726 674.729 1110.53 
-6.4431 -3.68225 51.5204
255 255 255
2 4 25194 1300.13 478.649 17 20265 1218.28 546.69 
-7.12601 2.30837 54.3362
255 255 255
2 4 25426 1065.42 1089.41 17 20252 1037.78 1066.78 
-10.4694 15.3458 54.3936
255 255 255
2 4 25434 818.464 2521.39 17 20038 841.903 2285.28 
-9.89441 16.7853 53.4781
255 255 255
2 4 25503 931.312 2683.21 17 20212 938.041 2422.93 
-8.87804 12.4063 51.8716
255 255 255
2 4 25505 1117.6 2261.6 9 16253 885.373 2080.62 
-5.25423 -4.57547 48.5819
255 255 255
2 4 25651 1615.51 386.225 17 20547 1475.53 467.063 
-11.2485 14.6971 53.0893
255 255 255
2 4 25678 835.152 2536.34 8 15709 808.877 2309.15 
-7.74518 1.78075 55.5984
255 255 255
2 4 26084 933.668 1026.39 17 20583 926.731 1012.23 
-1.63851 2.08683 53.3151
255 255 255
2 5 2411 625.143 990.444 19 1098 583.332 972.911 
-1.55054 2.11021 53.4035
255 255 255
2 5 2412 637.79 990.069 19 1099 594.365 973.295 
-1.67216 2.09349 53.2688
255 255 255
2 5 2415 619.814 991.731 19 1101 578.637 974.994 
-9.88825 10.0766 53.6205
255 255 255
2 5 3236 146.515 1841.43 7 154 238.283 1730.03 
-3.14366 11.9773 51.5231
255 255 255
2 5 3419 566.989 2081.59 19 1992 532.327 1906.92 
-8.30536 14.1739 50.7332
255 255 255
2 5 3629 142.576 2329.88 11 5382 351.061 2203.27 
6.50729 -3.66148 57.6321
255 255 255
2 5 4060 1424.13 247.518 19 113 1263.62 320.447 
6.12719 -3.60721 57.4636
255 255 255
2 5 4086 1384.83 260.992 19 2695 1229.74 332.372 
5.47677 -3.36983 57.2239
255 255 255
2 5 4156 1322.42 296.864 19 2748 1177.03 366.158 
0.192672 0.84443 53.8528
255 255 255
2 5 5020 784.69 830.053 19 878 713.023 835.897 
0.369828 0.881019 53.9829
255 255 255
2 5 5021 807.299 830.171 19 876 732.419 834.822 
-0.0140237 0.927601 53.8213
255 255 255
2 5 5033 767.229 842.03 19 902 699.059 846.299 
-3.04095 3.50146 52.9827
255 255 255
2 5 5543 516.403 1157.13 19 1292 496.789 1116.27 
-2.27261 4.21042 52.8395
255 255 255
2 5 5652 581.59 1223.59 19 1362 547.101 1173.12 
-2.16193 4.22214 52.8217
255 255 255
2 5 5653 589.763 1223.8 19 1363 553.269 1173.47 
-3.31701 7.72782 51.8914
255 255 255
2 5 5954 499.072 1620.68 19 1697 477.177 1512.67 
-2.94024 7.7972 51.8114
255 255 255
2 5 5963 526.288 1628.09 19 1701 497.519 1517.95 
-3.49217 8.15631 51.7349
255 255 255
2 5 6002 482.368 1671.52 19 1720 463.159 1554.88 
-9.71557 9.32791 53.7931
255 255 255
2 5 6066 157.906 1764.83 7 1418 248.053 1663.84 
-7.75572 9.14889 52.6835
255 255 255
2 5 6070 226.91 1768.28 7 1419 330.346 1664.22 
-3.37581 9.07526 51.5303
255 255 255
2 5 6074 495.311 1773.85 19 1770 472.201 1642.03 
-7.32236 9.49269 52.3475
255 255 255
2 5 6109 243.364 1809.54 7 1452 350.504 1699.85 
-9.85248 9.98422 53.5892
255 255 255
2 5 6122 145.713 1834.03 7 1460 237.965 1722.16 
-2.82805 9.88281 51.4175
255 255 255
2 5 6142 548.573 1860.66 19 1821 513.205 1716.92 
-4.69886 11.3158 50.9838
255 255 255
2 5 6294 391.757 2031.99 19 1937 389.276 1861.23 
-3.14887 11.909 51.4926
255 255 255
2 5 6343 563.293 2075.82 19 4581 529.171 1900.96 
-3.76321 12.8223 50.3165
255 255 255
2 5 6540 453.561 2214.83 7 1745 574.354 2040.11 
-6.79501 14.807 49.9956
255 255 255
2 5 6845 221.27 2429.49 19 2310 251.388 2200.04 
-6.45579 15.3951 49.8489
255 255 255
2 5 6914 249.23 2497.98 19 2353 271.916 2258.61 
-6.33234 15.4063 49.809
255 255 255
2 5 6918 256.717 2501.2 19 2358 277.072 2261.53 
6.9953 -3.77177 57.8948
255 255 255
2 5 7408 1475.78 226.638 19 5504 1308.61 301.193 
7.47713 -3.25981 58.4612
255 255 255
2 5 7494 1551.62 266.706 19 5552 1378.16 333.919 
-1.73929 -2.88851 56.4581
255 255 255
2 5 7828 709.024 482.02 19 3007 678.394 532.954 
0.0984328 -0.558945 54.4007
255 255 255
2 5 8117 782.505 685.041 19 3240 715.988 711.005 
-0.441177 1.04129 53.8432
255 255 255
2 5 8333 735.191 860.386 19 3462 674.316 861.057 
-0.379104 1.23747 53.8484
255 255 255
2 5 8359 744.003 879.624 19 3491 681.582 876.92 
-6.56981 2.7152 55.0997
255 255 255
2 5 8603 362.185 1089.23 19 3741 397.744 1057.69 
-1.07568 5.26381 53.4947
255 255 255
2 5 8848 736.817 1307.29 19 6593 678.242 1246.05 
-1.74395 5.20484 52.7012
255 255 255
3 5 8865 634.289 1324.88 11 7008 832.897 1270.08 19 6610 587.737 1258.97 
-3.17314 7.37505 51.8818
255 255 255
2 5 9064 504.022 1583.64 19 6821 480.522 1479.17 
-5.14885 7.29127 51.8433
255 255 255
2 5 9066 342.115 1592.17 11 7258 550.119 1511.13 
-3.21206 7.43728 51.7661
255 255 255
2 5 9067 494.77 1592.83 19 6828 471.895 1487.93 
-2.85916 7.98087 51.9398
255 255 255
2 5 9102 544.232 1644.24 11 4370 756.197 1555.51 
-9.50114 9.19716 53.7278
255 255 255
2 5 9183 166.966 1753.14 7 3448 257.897 1653.48 
-7.91978 9.07514 52.7395
255 255 255
2 5 9187 217.199 1760.39 7 3453 320.303 1657.21 
-7.6348 9.10056 52.5594
255 255 255
3 5 9192 228.334 1767.08 7 3458 331.875 1663.2 19 4322 275.136 1636.84 
-3.2807 9.69259 51.2698
255 255 255
2 5 9250 497.862 1846.71 19 7074 471.896 1704.06 
-14.4065 12.1603 62.1136
255 255 255
2 7 3507 335.745 1729.6 11 7582 300.743 1766.41 
-3.32228 9.77466 51.2203
255 255 255
2 5 9257 492.76 1857.01 19 7084 467.421 1712.99 
-3.24301 11.0694 51.1263
255 255 255
2 5 9368 516.913 1998.48 11 7724 743.891 1872.09 
-3.65379 12.6157 50.7188
255 255 255
2 5 9551 484.99 2178.5 11 8012 718.646 2034.01 
-4.73165 13.5272 50.4526
255 255 255
2 5 9696 394.779 2283.75 7 3856 515.907 2101.97 
-3.77211 14.4672 50.5588
255 255 255
3 5 9813 499.126 2381.24 7 5429 611.091 2182.55 11 10198 732.511 2216.47 
-4.48334 15.5505 50.4362
255 255 255
2 5 9926 452.107 2500.52 19 7708 436.473 2261.07 
7.17783 -3.82349 58.0966
255 255 255
2 5 10257 1499.09 218.114 19 7924 1330.01 292.754 
6.11885 -3.76964 57.2185
255 255 255
2 5 10276 1370.46 245.626 19 7937 1214.53 318.787 
-3.02482 2.77199 53.2895
255 255 255
2 5 10940 524.014 1078.33 19 6366 505.129 1048.49 
-1.91129 5.54235 52.7476
255 255 255
2 5 11150 628.779 1360.16 7 3229 713.026 1305.81 
-3.00211 7.22169 51.8505
255 255 255
2 5 11238 513.422 1567.42 19 8629 487.253 1464.41 
-9.67576 9.2392 53.8223
255 255 255
2 5 11315 161.154 1755.4 7 5069 250.931 1655.81 
-7.90372 9.05641 52.7251
255 255 255
2 5 11317 217.174 1758.8 7 5070 320.519 1655.91 
-9.5617 9.457 53.6695
255 255 255
2 5 11323 163.055 1779.94 7 5080 254.515 1676.26 
-7.4075 9.7638 52.0517
255 255 255
3 5 11365 223.705 1846.21 7 5098 333.772 1729.18 19 7075 266.83 1705.84 
-3.28186 9.7817 51.4694
255 255 255
5 5 11366 511.823 1850.23 11 9692 732.07 1740.59 13 12990 849.97 1746.76 18 14483 1031.7 1748.87 22 13323 912.814 1745.55 
-7.48972 9.99353 52.0932
255 255 255
2 5 11372 222.744 1867.48 7 5106 333.697 1749.83 
-7.13572 10.0902 51.6565
255 255 255
2 5 11382 222.636 1889.59 19 7107 264.339 1740.49 
-3.12509 10.2403 51.3796
255 255 255
3 5 11386 527.605 1900.83 11 9728 749.728 1785.41 19 8779 497.302 1751.63 
-8.14653 16.7868 67.481
255 255 255
2 5 11467 1049.14 2057.75 7 5205 946.299 1914.96 
-4.44253 15.4501 50.8449
255 255 255
2 5 11727 479.855 2473.13 19 9081 462.786 2239.68 
-4.61417 15.8478 50.733
255 255 255
2 5 11756 466.235 2517.79 19 9103 450.805 2279.77 
-7.26622 9.8917 52.056
255 255 255
2 5 11885 235.591 1859.01 7 5101 346.45 1739.38 
-6.71899 3.8178 54.1601
255 255 255
2 5 12438 312.114 1210.33 7 6057 398.146 1175.34 
-1.36256 4.76778 53.2122
255 255 255
2 5 12459 687.961 1264.77 11 10804 874.417 1217.67 
-1.46411 5.16452 53.4861
255 255 255
2 5 12487 702.26 1301.21 19 9681 650.921 1240.73 
-4.92999 4.91614 52.6335
255 255 255
2 5 12516 369.895 1328.29 7 6114 472.91 1277.27 
-5.05118 5.29687 52.7359
255 255 255
2 5 12563 373.053 1364.18 19 8547 385.132 1294.33 
-6.4161 5.97854 53.1277
255 255 255
2 5 12600 304.44 1437.05 7 6197 402.342 1373.23 
-1.41301 7.13099 53.0504
255 255 255
2 5 12657 716.295 1516.1 19 8614 659.828 1423.59 
-1.49416 7.3336 52.9813
255 255 255
2 5 12669 709.074 1539.9 19 8621 653.696 1443.58 
-3.22907 9.50304 51.5306
255 255 255
8 5 12781 514.147 1818.44 7 6390 620.946 1698.73 11 11259 734.462 1711.77 12 7938 459.164 1688.84 13 14769 851.196 1718.34 18 16276 1032.26 1721.1 19 9965 488.222 1681.34 22 15077 914.372 1717.2 
-7.57173 9.79304 52.2349
255 255 255
2 5 12787 222.471 1844.4 7 6405 331.534 1728.58 
-7.40244 9.99129 52.0621
255 255 255
2 5 12795 227.264 1867.91 7 6418 338.483 1750 
-7.11436 10.0796 51.6003
255 255 255
2 5 12803 220.505 1889.72 19 8771 261.891 1741.18 
-7.63589 16.8869 67.8512
255 255 255
2 5 12865 1098.3 2053.27 7 6538 989.836 1914.27 
-3.07975 11.9646 51.5774
255 255 255
2 5 12883 575.05 2080.27 19 8863 540.179 1902 
-3.34054 12.8855 51.2689
255 255 255
2 5 12935 551.452 2187.06 19 8932 518.526 1997 
-3.45675 13.0056 51.0952
255 255 255
2 5 12943 533.07 2205.8 19 10159 502.124 2013.08 
-5.66851 13.851 50.5808
255 255 255
2 5 12989 332.894 2312.02 7 6718 454.614 2127.22 
-5.87367 17.3102 50.6415
255 255 255
2 5 13113 383.989 2667.54 19 10349 388.46 2408.45 
-4.56105 5.25339 52.7227
255 255 255
2 5 13463 409.504 1355.72 19 9743 413.335 1286.74 
-5.00293 5.27029 52.6589
255 255 255
2 5 13466 371.537 1363.57 7 7210 473.619 1309.21 
-7.24252 16.6265 67.0844
255 255 255
2 5 13602 1091.6 2051.78 7 7350 989.019 1911.92 
-6.57036 12.9056 50.9249
255 255 255
2 5 13632 266.799 2199.38 7 7391 388.523 2034.28 
-5.34279 13.7033 50.4159
255 255 255
2 5 13656 345.834 2304 7 7427 469.426 2118.14 
-2.82893 7.30414 51.9616
255 255 255
2 5 13732 536.027 1570.16 11 12258 749.299 1493.12 
7.5448 -2.4296 58.2719
255 255 255
2 5 13769 1567.19 345.747 19 10997 1389.51 404.411 
-5.64799 4.27384 53.4989
255 255 255
2 5 13876 358.349 1253.35 19 10625 380.402 1200.48 
-5.1426 4.88628 52.8397
255 255 255
3 5 13895 365.545 1324.57 7 7673 466.32 1272.27 19 10640 380.266 1256.93 
-4.01991 5.37381 52.4892
255 255 255
2 5 13911 439.542 1368.57 7 7687 540.098 1313.01 
-5.74463 5.72718 53.0258
255 255 255
2 5 13923 344.779 1406.92 7 7698 442.454 1350.26 
-1.68737 6.10923 52.5392
255 255 255
2 5 13926 645.059 1421.86 19 10965 595.979 1343.27 
-4.14886 10.2697 51.1376
255 255 255
2 11 12865 653.543 1804.32 13 16349 774.257 1807.84 
-4.72554 10.7705 51.125
255 255 255
2 5 14029 389.055 1969.55 7 7823 504.858 1832.18 
-8.27765 16.922 68.3689
255 255 255
2 5 14046 1076.33 2046.07 7 7840 965.443 1905.19 
-5.95716 11.7889 51.5916
255 255 255
2 7 7845 448.728 1915.93 11 12906 541.419 1942.84 
-5.59448 12.1141 50.9626
255 255 255
8 5 14062 332.4 2116.38 7 7858 451.885 1960.75 9 14347 1189.34 2006.02 10 14135 910.715 2018.48 11 12916 552.024 1990.48 13 16383 668.995 1997.25 18 17952 851.781 2011.77 22 16624 730.009 1998.47 
-6.55167 12.8661 50.8489
255 255 255
2 5 14077 262.597 2198.11 7 7876 385.706 2032.83 
-4.43275 16.2485 51.2555
255 255 255
2 5 14112 520.894 2541.6 19 11269 502.338 2297.12 
-4.85427 10.721 51.2237
255 255 255
3 13 16567 719.538 1856.04 18 18112 900.561 1864.47 22 16793 781.361 1854.92 
-3.01152 13.0589 52.3097
255 255 255
2 5 14286 645.391 2170.58 19 11416 606.22 1981.62 
-5.39082 13.8666 50.2571
255 255 255
2 5 14655 334.183 2326.03 19 11597 340.159 2111.33 
-7.14351 14.6911 50.1229
255 255 255
2 5 15389 200.379 2410.99 19 12551 236.496 2185.11 
-4.72655 4.58837 52.9528
255 255 255
3 6 1027 1485.15 1244.1 14 7617 1494.8 1255.4 21 5785 1479.73 1230.6 
-7.41766 8.74636 52.4321
255 255 255
3 6 1213 1458.43 1661.28 14 8099 1456.11 1669.38 21 6256 1450.05 1638.47 
-6.93547 8.84681 52.3093
255 255 255
2 6 1214 1474.73 1660.94 14 8096 1473.84 1666.78 
-7.3897 8.99775 52.2882
255 255 255
2 6 1234 1469.26 1685.14 14 8135 1466.5 1691.88 
-10.1139 10.9338 53.193
255 255 255
2 6 1336 1330.09 1915.06 14 5248 1318.93 1922.82 
-9.54151 12.3827 52.3807
255 255 255
4 6 1430 1398.49 2044.43 14 8654 1386.56 2043.66 16 7502 1489.1 2006.27 21 6755 1387.71 2009.45 
-9.31061 12.4572 52.199
255 255 255
4 6 1432 1417.07 2046 14 8661 1406.36 2046.74 16 7505 1505.63 2007.68 21 6757 1406.76 2011.75 
-9.63622 12.4205 52.5019
255 255 255
4 6 1434 1385.5 2047.8 14 8667 1374.01 2048.83 16 7512 1477.32 2010.56 21 6764 1375.43 2013.88 
-9.30282 12.5717 52.1575
255 255 255
4 6 1440 1419.84 2056.22 14 8679 1409 2057.03 16 7525 1508.14 2018.07 21 6782 1409.4 2022.32 
-9.66022 12.5357 52.4587
255 255 255
4 6 1442 1387.54 2058.94 14 8689 1376.27 2060.33 16 7532 1479.9 2022.26 21 6791 1377.89 2025.72 
-9.19578 12.6249 52.036
255 255 255
5 6 1445 1430.46 2060.61 8 9001 1016.76 2099.39 9 9242 852.514 2101.69 14 8690 1421.28 2059.96 16 7533 1520.13 2022.43 
-9.39988 12.6393 52.2232
255 255 255
4 6 1450 1412.9 2065.24 14 8705 1400.57 2064.37 16 7543 1501 2025.85 21 6804 1400.76 2029.77 
-9.74841 12.6357 52.4949
255 255 255
4 6 1456 1382.81 2070.52 14 8716 1370.3 2070.81 16 7555 1475.02 2033.25 21 6820 1371.66 2036.61 
-9.65431 13.4501 51.9907
255 255 255
2 6 1513 1420.48 2148.52 14 8843 1408.39 2148.04 
-7.8067 14.714 50.6398
255 255 255
2 6 1553 1551.92 2218.8 16 4973 1625.97 2173.31 
-12.0177 14.1131 53.5789
255 255 255
3 6 1580 1229.27 2264.13 14 8969 1209.74 2259.2 21 7046 1220.35 2223.85 
-11.0838 14.9058 52.6013
255 255 255
4 6 1616 1328.15 2319.67 14 9044 1310.47 2312.96 16 7882 1433.87 2276.75 21 7106 1317.16 2276.56 
-9.05167 15.7783 50.7548
255 255 255
2 6 1631 1515.76 2354.36 14 9081 1503.9 2347.55 
-10.8304 15.3489 52.2831
255 255 255
4 6 1632 1355.85 2355.41 14 9082 1339.81 2349.18 16 7917 1460 2310.66 21 7128 1346.24 2310.33 
-11.0097 15.9152 52.1486
255 255 255
3 6 1654 1359.29 2414.84 14 9128 1342.35 2408.3 21 7156 1349.35 2368.39 
-10.6547 16.9915 51.897
255 255 255
3 6 1682 1375.79 2501.9 16 8017 1479.08 2451.74 21 7210 1367.87 2450.72 
-10.72 17.1182 51.8804
255 255 255
4 6 1685 1375.97 2516.7 14 9219 1358.9 2504.13 16 8029 1478.48 2465.65 21 7220 1367.27 2463.87 
-3.1626 -4.172 58.1039
255 255 255
4 6 1850 1173.75 460.834 14 9610 1192.75 477.813 16 8392 1210.33 464.541 21 7538 1173.5 464.839 
-5.49575 4.05347 53.384
255 255 255
2 6 1914 1444.99 1205.77 21 7834 1438.53 1194.16 
-5.22514 4.14311 53.0769
255 255 255
4 6 1915 1472.42 1213.76 14 10047 1480.53 1224.8 16 8774 1526.31 1196.54 21 7841 1466.35 1201.26 
-4.86118 4.59771 52.7889
255 255 255
3 6 1926 1497.21 1249.41 14 10081 1505.72 1260.31 21 7863 1490.88 1236.11 
-5.08644 4.74393 52.7429
255 255 255
2 6 1930 1497.11 1266.06 21 7877 1490.55 1252.15 
-3.79342 5.76049 52.0443
255 255 255
3 6 1959 1560.42 1338.96 14 10172 1572.15 1346.13 21 7941 1554.56 1320.18 
-8.06243 5.78337 54.2156
255 255 255
2 6 1973 1322.75 1387.86 21 7986 1315.46 1375.8 
-9.27879 5.69231 54.242
255 255 255
2 6 1977 1300.13 1401.06 21 8000 1294.37 1395.46 
-9.96443 7.37848 54.4831
255 255 255
2 6 2015 1251.91 1566.54 21 8106 1244.94 1553.86 
-6.62101 8.19395 52.2187
255 255 255
3 11 9578 457.768 1602.83 14 10367 1492.47 1606.01 21 8129 1484.09 1575.92 
-6.84432 8.30001 52.2894
255 255 255
4 6 2035 1481.04 1614.66 8 12363 1156.6 1652.05 14 10375 1482.81 1616.42 21 8140 1474.82 1586.24 
-7.2819 8.99945 52.2947
255 255 255
4 6 2057 1470.29 1682.48 9 12741 980.767 1722.09 14 10432 1467.39 1689.09 21 8199 1461.15 1658.26 
-7.01103 9.27878 52.0174
255 255 255
5 6 2072 1493.69 1704.25 11 9672 433.871 1711.04 14 10450 1493.34 1710.06 16 9148 1562.47 1673.31 21 8222 1486.22 1678.96 
-7.09729 9.70994 52.0212
255 255 255
2 6 2087 1489.2 1744.05 16 9182 1557.67 1712.28 
-7.08319 10.2277 51.838
255 255 255
2 6 2097 1500.35 1790.18 16 9208 1568.53 1759.23 
-9.26136 12.2238 52.2399
255 255 255
4 6 2184 1416.52 2021.5 14 10765 1406.37 2024.19 16 9421 1504.53 1986.21 21 8518 1405.88 1990.29 
-9.31041 12.4037 52.2286
255 255 255
3 6 2193 1414.28 2041.22 16 9442 1503.77 2002.26 21 8535 1405.09 2006.62 
-9.32845 12.5575 52.1539
255 255 255
4 6 2203 1420.37 2055.83 14 10803 1408.81 2056.72 16 9458 1508.3 2017.7 21 8554 1409.25 2022.05 
-9.7124 12.5106 52.4618
255 255 255
3 6 2204 1386.96 2058.62 14 10809 1375.24 2059.56 21 8556 1376.69 2025.13 
-10.2885 14.3608 52.138
255 255 255
4 6 2296 1387.1 2248.85 14 10990 1373.95 2246.3 16 9633 1486.75 2207.01 21 8713 1378.54 2209.28 
-11.7546 14.2283 53.3815
255 255 255
3 6 2301 1251.54 2268.56 16 9648 1364.49 2229.73 21 8724 1241.5 2227.97 
-11.4959 14.745 53.0475
255 255 255
4 6 2321 1281.59 2311.23 14 11030 1262.91 2306.95 16 9674 1391.56 2271.35 21 8745 1272.09 2269.35 
-11.2133 14.8393 52.7192
255 255 255
4 6 2322 1315.79 2315.48 14 11034 1297.7 2310.14 16 9676 1422.73 2273.98 21 8747 1305.31 2273.96 
-11.0082 15.0188 52.4681
255 255 255
4 6 2324 1340.18 2329.33 14 11038 1322.74 2323.28 16 9683 1445.28 2285.65 21 8753 1329.55 2285.59 
-11.1123 15.0876 52.5964
255 255 255
4 6 2326 1326.08 2336.87 14 11042 1308.27 2330.82 16 9687 1432.11 2293.74 21 8758 1315.72 2292.93 
-10.9005 15.1734 52.3458
255 255 255
3 6 2329 1351.41 2341.53 14 11046 1334.29 2334.49 21 8760 1340.9 2297.34 
-10.9237 15.9563 52.1982
255 255 255
4 6 2346 1356.69 2414.92 14 11081 1338.97 2407.06 16 9713 1460.42 2368.24 21 8778 1345.71 2367.38 
-11.0408 16 52.0026
255 255 255
2 6 2350 1371.76 2427.13 14 11090 1353.62 2418.8 
-10.7482 16.1458 51.8212
255 255 255
2 6 2351 1391.39 2431.91 14 11093 1374.36 2423.51 
-13.0181 16.9137 54.5878
255 255 255
3 6 2376 1084.08 2537.97 14 11145 1066.68 2524.26 21 8818 1082.4 2488.34 
-5.26321 -3.92644 58.1718
255 255 255
2 6 2511 1129.18 484.558 21 9077 1128.21 491.733 
-5.24061 4.12593 53.3964
255 255 255
3 6 2542 1446.69 1208.35 14 11662 1453.77 1218.63 21 9241 1440.84 1196.22 
-4.66386 5.08301 52.7665
255 255 255
3 6 2573 1498.02 1288.54 14 11718 1506.18 1295.14 21 9284 1491.05 1272.79 
-3.75788 6.05472 52.1855
255 255 255
2 6 2631 1546.65 1360.88 14 11814 1558.75 1367.35 
-8.54662 5.94786 54.4405
255 255 255
2 6 2650 1294.2 1408.59 16 10464 1376.09 1392.12 
-7.99372 6.10995 53.8893
255 255 255
2 6 2656 1349.05 1420.25 21 9432 1341.08 1406.88 
-4.10078 6.85611 51.7888
255 255 255
2 6 2668 1568.67 1435.79 16 8955 1612.2 1416.06 
-8.32615 6.41421 53.8675
255 255 255
2 14 10276 1338.88 1467.87 16 8974 1422.63 1434.07 
-9.81479 7.66047 54.5776
255 255 255
2 6 2733 1244.28 1588.57 16 10568 1338.18 1568.11 
-9.63877 7.76573 54.2878
255 255 255
2 6 2740 1272.89 1599.27 21 9522 1262.66 1580.61 
-10.1965 7.86678 54.5945
255 255 255
2 6 2751 1233.93 1615.9 21 9543 1225.56 1599.74 
-8.22016 8.54807 52.3586
255 255 255
3 6 2780 1456.58 1663.81 14 12024 1450.76 1674.39 21 9578 1444.65 1643.92 
-5.34663 9.23129 51.7345
255 255 255
3 6 2782 1538.8 1664.11 14 12019 1544.66 1667.37 21 9577 1531.43 1639.6 
-8.26204 8.58144 52.4371
255 255 255
3 6 2783 1448.9 1666.66 14 12026 1442.98 1676.73 21 9579 1436.91 1646.85 
-7.63937 9.00682 52.4488
255 255 255
5 6 2790 1452.1 1688.22 11 11234 396.56 1680.03 14 12038 1448.53 1696.69 16 10633 1524.79 1660.78 21 9593 1442.66 1666.73 
-7.33779 9.1911 52.1929
255 255 255
4 6 2797 1478.11 1700.88 11 11249 413.524 1699.96 14 12047 1472.62 1709.03 21 9601 1466.33 1678.49 
-7.14782 9.32974 52.0591
255 255 255
4 6 2800 1488.5 1709.6 11 11261 425.074 1716.31 14 12053 1487.21 1717.13 21 9606 1479.69 1686.79 
-9.76885 8.9465 53.9763
255 255 255
3 6 2802 1287.68 1714.11 16 10653 1379.12 1689.06 21 9612 1275.96 1692.71 
-9.42773 9.12526 53.5177
255 255 255
4 6 2808 1332.03 1728.42 14 12073 1321.14 1736.36 16 10662 1420.35 1702.47 21 9621 1320.77 1706.73 
-9.85796 9.1619 54.0178
255 255 255
3 6 2810 1278.28 1734.25 16 10670 1373.06 1710.25 21 9626 1270.56 1713.92 
-6.94315 9.76044 52.0544
255 255 255
2 6 2814 1487.7 1744.91 16 10674 1555.08 1711.27 
-7.07634 10.2673 51.8575
255 255 255
2 6 2822 1498.39 1792.87 16 10702 1566.54 1762.41 
-10.8194 11.384 54.0136
255 255 255
3 6 2877 1239.57 1964.78 14 12270 1226.21 1967.4 21 9809 1232.15 1936.18 
-9.41054 11.9684 52.4805
255 255 255
6 6 2907 1396.87 2000.77 8 12692 973.879 2034.05 9 12993 811.51 2034.51 14 12317 1384.91 2001.98 16 10878 1484.33 1964.53 21 9844 1384.15 1967.78 
-9.41909 12.3359 52.2211
255 255 255
4 6 2928 1413.96 2038.05 14 12359 1403.69 2039.07 16 10921 1504.55 2000.68 21 9886 1404.58 2004.73 
-9.05424 12.4157 51.9469
255 255 255
4 6 2929 1442.41 2038.97 14 12360 1433.89 2039.05 16 10922 1530.08 1999.55 21 9887 1433.42 2004.11 
-11.0822 12.7422 53.3663
255 255 255
3 6 2969 1280.74 2110.32 14 12420 1263.66 2107.71 21 9943 1270.74 2074.61 
-10.7663 14.4373 52.6396
255 255 255
4 6 3037 1334.24 2264.07 14 12530 1319.34 2259.71 16 11084 1437.73 2224.17 21 10038 1323.76 2223.93 
-11.7748 14.1854 53.3456
255 255 255
2 6 3038 1254.9 2266.41 14 12529 1235.61 2260.49 
-11.2471 14.4739 53.0305
255 255 255
3 6 3043 1290.29 2278.72 14 12535 1272.99 2273.28 16 11098 1398.04 2237.79 
-11.2955 14.6525 52.9275
255 255 255
4 6 3052 1297.19 2297.74 14 12551 1279.18 2293.34 16 11108 1405.06 2257.44 21 10055 1287.22 2256.43 
-11.3037 14.9145 52.8993
255 255 255
3 6 3054 1296.76 2320.51 14 12557 1279.2 2318.12 16 11118 1404.73 2281.79 
-7.8574 18.3882 49.9196
255 255 255
2 6 3104 1576.26 2545.96 14 12650 1570.04 2534.3 
-2.83027 -5.38988 60.3953
255 255 255
2 6 3158 1015.45 346.07 21 10254 1021.7 351.029 
-2.66077 -5.33644 59.9221
255 255 255
2 6 3159 1053.71 354.705 21 10259 1058.39 358.299 
-2.72295 -5.20016 59.5391
255 255 255
2 6 3162 1079.4 367.971 21 10264 1084.63 372.538 
-3.8134 -5.0009 59.8772
255 255 255
2 6 3165 1032.72 380.866 21 10270 1036.93 387.29 
-2.84664 -4.67023 59.3359
255 255 255
2 6 3172 1088.26 411 21 10280 1092.95 414.536 
-3.4493 -4.38001 58.7429
255 255 255
2 6 3181 1120.28 439.729 21 10296 1123.02 443.858 
-5.95608 3.92751 53.5752
255 255 255
3 6 3210 1424.26 1199.45 14 12963 1429.03 1212.46 21 10391 1417.21 1189.5 
-5.69333 4.11954 53.3133
255 255 255
4 6 3214 1447.06 1215.4 14 12968 1453.46 1226.32 16 11521 1505.15 1201.04 21 10395 1440.94 1204.02 
-5.01097 4.82265 52.8303
255 255 255
3 6 3222 1490.22 1270.13 14 12981 1498.27 1280.84 21 10406 1483.43 1256.66 
-5.36277 5.13192 52.4568
255 255 255
3 6 3231 1514.24 1307.02 14 12998 1520.27 1318.96 21 10423 1506.94 1292.76 
-5.02953 5.28987 52.9657
255 255 255
3 6 3233 1475.05 1309.33 14 12997 1482.17 1317.75 21 10422 1469.13 1291.85 
-5.61965 5.55106 52.6374
255 255 255
3 6 3252 1492.43 1344.75 14 13021 1497.65 1355.42 21 10446 1485.56 1330.24 
-6.51989 5.85882 53.0681
255 255 255
3 14 13042 1444.78 1392.45 16 11577 1506.13 1361.46 21 10463 1434.13 1367.99 
-3.98006 6.27382 52.0477
255 255 255
2 6 3258 1553.4 1384.24 21 10462 1548.36 1364.68 
-4.94499 7.40991 51.921
255 255 255
3 6 3278 1543.52 1500.8 16 10513 1594.91 1474.9 21 10795 1536.84 1474.91 
-5.67848 7.90454 51.804
255 255 255
2 6 3289 1541.11 1558.35 21 10509 1533.16 1536.19 
-5.42311 9.41684 51.6481
255 255 255
3 6 3316 1542.87 1682.28 14 13120 1548.82 1686.93 21 10535 1536.71 1657.46 
-8.71618 8.91341 53.1175
255 255 255
4 6 3320 1378.96 1697.54 14 13127 1372.29 1705.6 16 11649 1462.43 1670.81 21 10544 1369.86 1676.03 
-9.1901 9.09191 53.3565
255 255 255
4 6 3326 1348.85 1722.74 14 13135 1340.72 1729.97 16 11662 1436.88 1694.21 21 10551 1339.7 1700.21 
-7.60133 9.57629 52.0908
255 255 255
3 6 3329 1478.17 1743.34 14 13143 1474.85 1750.18 21 10557 1467.82 1719.42 
-9.23667 9.54269 53.1511
255 255 255
4 6 3331 1360.71 1767.17 14 13148 1353.33 1773.73 16 11674 1450.81 1739.1 21 10565 1353.35 1743.5 
-7.40262 9.87692 51.8185
255 255 255
3 6 3333 1501.47 1768.98 14 13149 1498.35 1774.69 21 10562 1491.27 1743.64 
-9.90659 10.5703 53.3177
255 255 255
3 6 3344 1327.2 1873.35 16 11705 1420.56 1844.92 21 10601 1317.04 1851.97 
-8.662 11.1677 52.9705
255 255 255
3 14 13199 1364.58 1901.3 16 11715 1454.27 1866.43 21 10607 1363.52 1869.01 
-10.2074 11.2939 54.2441
255 255 255
3 6 3359 1230 1933.18 14 13216 1220.88 1936.37 21 10623 1226.03 1905.09 
-10.6516 11.7004 53.803
255 255 255
4 6 3376 1259.91 1990.9 14 13245 1245.42 1994.33 16 11762 1360.63 1961.72 21 10649 1249.97 1962.48 
-11.5527 11.6286 54.1914
255 255 255
3 6 3384 1207.18 2007.21 14 13255 1190.94 2009.72 21 10658 1199.36 1978.19 
-10.6526 14.4661 52.3505
255 255 255
4 4 23159 937.644 2519.16 6 3442 1361.38 2267.17 16 11854 1464.22 2227.67 21 10727 1352.79 2229.66 
-11.2914 14.3894 53.0672
255 255 255
2 6 3443 1286.81 2271.76 14 13340 1269.69 2266.53 
-11.1749 14.7 52.9361
255 255 255
2 6 3446 1297.44 2297.59 16 11860 1404.99 2257.04 
-6.52052 18.0704 50.1004
255 255 255
3 6 3461 1578.43 2465.44 14 13377 1578.35 2452.36 21 10747 1573.08 2410.83 
-5.27858 3.98366 52.9836
255 255 255
3 6 3498 1481.22 1202.92 16 11936 1534.87 1184.66 21 10791 1474.64 1189.8 
-6.85196 3.68794 54.4209
255 255 255
3 6 3530 1343.08 1181.55 14 13546 1345.09 1194.75 21 10887 1336.16 1173.75 
-5.38526 4.72674 52.8308
255 255 255
2 6 3539 1486.72 1268.61 21 10892 1479.23 1254.58 
-5.33665 5.20711 52.9888
255 255 255
3 6 3550 1469.78 1306.18 14 13571 1476.58 1317 21 10904 1463.39 1290.85 
-4.52292 5.64524 52.2943
255 255 255
3 6 3562 1532.43 1336.98 14 13589 1542.93 1347.46 21 10920 1526.38 1322.44 
-5.55198 5.61459 52.584
255 255 255
3 6 3565 1497.06 1349.57 14 13593 1502.61 1360.31 21 10926 1490.37 1334.87 
-4.1907 6.19356 52.0301
255 255 255
2 6 3575 1553.28 1381.55 21 10935 1547.85 1362.61 
-6.76227 6.48884 53.0285
255 255 255
4 6 3586 1436.46 1440.08 11 12764 453.346 1431.68 14 13619 1438.03 1453.86 21 10952 1429.53 1426.71 
-3.84206 7.25332 52.0657
255 255 255
3 6 3589 1545.49 1463.15 14 13622 1557.32 1468.78 21 10955 1540.2 1438.53 
-5.3779 7.77347 52.1017
255 255 255
2 6 3596 1521.61 1538.63 14 13628 1525.45 1541.29 
-9.49446 7.85982 54.0331
255 255 255
4 6 3609 1297.02 1609.03 14 13644 1287.16 1618.13 16 12129 1386.74 1584.87 21 10978 1286.58 1589.39 
-10.4798 7.98848 54.465
255 255 255
2 6 3614 1238.39 1635.09 21 10982 1231 1620.97 
-7.18269 9.22986 52.1398
255 255 255
3 6 3621 1482.4 1701.85 14 13664 1481.01 1709.1 21 10997 1473.02 1678.09 
-8.02889 9.42525 52.1352
255 255 255
2 6 3627 1470.31 1741.09 21 11003 1459.57 1716.58 
-9.19179 9.49258 53.1091
255 255 255
4 6 3630 1365.77 1762.36 14 13674 1358.35 1769.13 16 12161 1455.17 1733.57 21 11008 1358.07 1738.63 
-9.49791 9.81438 53.3023
255 255 255
4 6 3632 1341.79 1796.41 14 13683 1332 1801.99 16 12169 1432.86 1768.06 21 11013 1332.77 1771.72 
-9.81631 10.6525 53.3169
255 255 255
3 14 13711 1316.75 1883.86 16 12194 1421.1 1849.16 21 11044 1317.63 1855.8 
-10.5041 11.0804 54.2646
255 255 255
3 6 3649 1227.08 1924.68 14 13723 1214.52 1925.26 21 11053 1217.89 1894.31 
-11.1122 11.6098 53.7709
255 255 255
3 6 3664 1254.49 1998.25 14 13746 1239.65 2001.91 21 11076 1244.1 1970.25 
-11.3966 11.6936 54.1283
255 255 255
6 6 3668 1214.78 2008.94 10 14121 344.21 1966.97 14 13750 1199.53 2011.69 16 12231 1325.63 1979.33 18 17934 334.543 1950.6 21 11079 1207.77 1980.08 
-10.8462 12.1453 53.3384
255 255 255
3 6 3675 1292.85 2046.03 14 13756 1278.6 2049.01 21 11087 1282.66 2016.3 
-7.00742 3.8735 54.4868
255 255 255
2 6 3768 1333.2 1198.65 21 11225 1326.87 1190.4 
-5.18036 4.49741 53.3223
255 255 255
4 6 3769 1449.42 1237.74 14 13897 1458.65 1250.76 16 12393 1503.17 1222.09 21 11227 1444.71 1227.43 
-7.02192 5.75756 52.9665
255 255 255
3 6 3779 1445.04 1382.43 14 13907 1445.79 1397.12 21 11242 1435.93 1370.84 
-9.43071 7.7522 54.0431
255 255 255
4 6 3789 1299.21 1598.07 14 13924 1288.28 1607.13 16 12418 1386.99 1573.05 21 11259 1287.54 1578.23 
-5.80586 9.77902 51.5664
255 255 255
3 6 3798 1541.55 1722.09 14 13934 1546.98 1729.63 21 11269 1535.38 1697.59 
-10.2149 11.0991 53.2427
255 255 255
3 6 3809 1322.54 1933.25 14 13956 1310.31 1939.56 21 11289 1313.35 1904.61 
-7.38254 3.90444 54.3696
255 255 255
2 6 3844 1337.89 1209.45 21 11336 1329.3 1200.36 
-10.8398 15.886 52.1411
255 255 255
3 6 4050 1364.19 2407.6 16 13556 1467.08 2359.58 21 12331 1352.27 2358.72 
-1.48052 1.99758 53.3455
255 255 255
2 7 912 718.306 978.162 19 3596 593.792 963.137 
-2.10816 3.93391 52.7413
255 255 255
4 7 1132 673.843 1164.58 13 5912 888.806 1176.52 18 6759 1055.73 1171.1 22 6143 950.829 1174.59 
-2.15399 4.03358 52.7315
255 255 255
4 7 1137 671.571 1174.44 13 5924 885.827 1185.95 18 6779 1053.3 1180.8 22 6159 947.825 1184.05 
-5.43047 9.19241 51.4188
255 255 255
2 7 1436 441.749 1683.41 19 7038 338.468 1665.44 
0.277083 -1.84425 54.9786
255 255 255
2 7 2591 858.148 611.271 18 10067 1174.92 611.044 
0.173927 0.858043 53.9817
255 255 255
5 7 2793 852.729 853.244 11 6630 965.663 833.952 13 9262 1056.13 860.414 18 10455 1207.81 852.395 22 9501 1114.48 860.422 
0.299862 0.907711 54.1068
255 255 255
2 7 2794 867.564 853.168 19 6132 735.16 837.018 
-1.64775 1.91532 53.022
255 255 255
2 7 2918 691.252 977.176 11 6745 801.543 963.256 
-1.4886 1.98946 53.3704
255 255 255
2 7 2919 718.624 976.393 19 6270 594.557 963.073 
-2.239 3.73216 52.7803
255 255 255
3 7 3090 663.518 1146.02 11 6907 770.852 1140.43 18 10988 1041.96 1154.36 
-2.05161 3.81374 52.8017
255 255 255
5 7 3098 679.715 1151.69 11 6912 788.471 1144.74 13 9738 892.93 1164.36 18 11002 1059.38 1158.66 22 10006 954.265 1162.39 
-2.19598 3.83115 52.7502
255 255 255
4 7 3105 666.287 1156.38 13 9746 879.528 1168.21 18 11008 1047.08 1162.89 22 10015 941.62 1166.18 
-3.41672 7.66647 51.7441
255 255 255
2 7 3368 586.215 1529.57 19 6847 461.08 1509.54 
-4.16618 11.9871 50.7407
255 255 255
2 7 3688 549.095 1952.34 11 7912 664.759 1975.49 
-4.08245 12.1035 50.8051
255 255 255
2 7 3698 560.356 1961.03 11 7927 676.122 1983.79 
-3.61551 12.6238 50.7309
255 255 255
2 7 3733 601.42 2008.32 19 7375 463.457 1986.46 
-3.55334 12.7367 50.7673
255 255 255
2 7 3746 609.694 2018.11 19 7384 471.637 1995.09 
-0.604759 -0.586607 54.4765
255 255 255
3 7 4552 791.656 732.665 18 13625 1120.08 733.232 22 12484 1032.32 741.398 
0.296024 0.93483 54.1314
255 255 255
2 7 4635 868.613 855.15 19 8254 736.687 839.369 
-0.323991 0.85131 53.9592
255 255 255
2 7 4636 813.499 857.439 11 9071 923.785 841.173 
-0.382645 1.05017 53.5738
255 255 255
2 7 4652 797.088 880.492 11 9079 910.388 862.263 
-1.62652 1.77419 53.1317
255 255 255
2 7 4702 695.104 961.971 11 9117 804.923 950.184 
-2.5731 2.22518 53.0667
255 255 255
2 7 4735 627.964 1014.77 13 12402 829.906 1024.91 
-2.49092 2.39998 53.0821
255 255 255
4 7 4740 637.552 1028.47 11 9150 740.725 1018.43 13 12407 839.359 1039.12 22 12727 900.877 1037.4 
-0.882065 3.08376 53.2324
255 255 255
2 7 4763 775.077 1067.72 11 9164 889.776 1058.69 
-2.02285 3.77908 52.7865
255 255 255
5 7 4822 679.762 1148.44 11 9218 791.212 1141.73 13 12519 894.353 1161.16 18 14001 1061.35 1155.36 22 12842 956.372 1159.06 
-2.2886 3.98216 52.6929
255 255 255
6 7 4837 658.439 1172.59 11 9232 769.265 1164.18 12 6613 508.352 1158.84 13 12541 873.307 1183.49 18 14026 1040.35 1178.25 22 12864 935.23 1181.29 
-2.13559 4.08507 52.7331
255 255 255
5 7 4842 673.661 1178.64 11 9235 784.308 1171.42 13 12546 888.198 1190.58 18 14029 1055.41 1184.95 22 12871 950.238 1188.56 
-1.96643 4.11684 52.7984
255 255 255
5 7 4843 691.035 1178.26 11 9236 799.678 1171.55 13 12547 903.808 1190.23 18 14030 1071.1 1184.79 22 12872 965.713 1188.35 
-5.14114 4.22093 53.2751
255 255 255
2 7 4855 476.082 1208.45 11 9255 559.553 1211.16 
-2.07087 4.68794 52.6568
255 255 255
5 7 4860 684.41 1232.9 11 9260 796.352 1226.29 13 12593 900.975 1245.48 18 14075 1069.37 1240.4 22 12917 962.957 1243.11 
-1.91291 4.83468 52.7361
255 255 255
5 7 4865 701.209 1240.86 12 6653 547.162 1230.28 13 12599 917.047 1255.98 18 14086 1085.84 1250.15 22 12928 979.149 1253.81 
-1.18313 5.11858 53.2689
255 255 255
2 7 4876 784.013 1252.47 11 9274 896.519 1246.62 
-1.22293 5.21379 53.0354
255 255 255
4 7 4887 774.377 1264.44 11 9287 886.423 1259.55 12 6680 612 1254.55 19 8508 642.135 1250.42 
-1.54102 5.80545 52.874
255 255 255
3 7 4927 751.996 1324.08 11 9353 863.998 1321.23 19 8553 620.018 1307.88 
-2.0423 6.75739 52.2874
255 255 255
2 7 4968 701.891 1425.21 19 8607 568.058 1408.5 
-2.92546 10.0113 51.381
255 255 255
2 7 5105 643.739 1748.4 19 8768 506.81 1728.72 
-3.14641 12.1191 51.1491
255 255 255
3 7 5233 648.253 1948.69 11 9916 770.125 1969.44 19 8887 512.065 1928.83 
-3.38354 12.4421 50.8917
255 255 255
3 7 5258 625.482 1986.44 11 9975 744.462 2010.27 19 8912 485.107 1964.99 
-3.18903 12.6259 51.0237
255 255 255
2 7 5264 647.815 1996.5 11 9991 770.092 2023.7 
-3.60845 12.6257 50.8605
255 255 255
3 7 5271 609.13 2004.44 11 9995 726.873 2030.33 19 8924 471.515 1982.84 
-3.13832 12.8273 51.008
255 255 255
2 7 5279 654.476 2016.68 11 10012 777.001 2041.6 
-3.19562 12.8878 50.7479
255 255 255
2 7 5291 639.613 2031.76 11 10026 763.834 2054.73 
-3.71427 14.6923 50.5141
255 255 255
2 7 5445 616.509 2203.01 11 10218 739.836 2238.99 
-3.85515 14.772 50.4448
255 255 255
2 7 5453 603.666 2213.87 11 10227 726.185 2248.59 
-3.76263 17.1885 49.7583
255 255 255
2 7 5589 619.048 2458.47 19 9167 468.159 2437.77 
-0.41972 1.07318 53.551
255 255 255
2 7 5947 793.729 883.342 11 10708 906.954 864.907 
-2.37003 2.15918 53.1399
255 255 255
5 7 5995 645.78 1005.91 11 10732 749.085 993.311 13 14185 847.045 1016.28 18 15751 1009.16 1009.46 22 14543 908.27 1014.23 
-4.09023 3.27443 52.8206
255 255 255
2 7 6037 520.112 1126.37 11 10765 614.062 1117.8 
-5.3544 3.61877 53.266
255 255 255
2 7 6053 452.101 1158.63 11 10785 533.868 1160.15 
-2.31869 4.01005 52.6883
255 255 255
5 7 6059 656.313 1175.29 11 10788 766.902 1167.2 13 14262 870.889 1186.6 18 15847 1038.26 1181.26 22 14638 932.925 1184.49 
-1.98651 4.37151 52.7576
255 255 255
4 7 6065 690.387 1200.09 11 10797 801.659 1196.74 13 14282 905.535 1214.47 22 14656 967.051 1212.16 
-1.54009 4.75549 52.824
255 255 255
4 7 6072 730.955 1229.93 13 14299 951.044 1241.67 19 9657 602.658 1216.08 22 14675 1011.6 1239.67 
-1.88209 4.8028 52.7537
255 255 255
5 7 6075 703.789 1237.86 12 7594 549.702 1226.81 13 14306 919.508 1252.29 18 15885 1088.14 1246.45 22 14680 981.464 1250.14 
-1.34972 5.01024 53.3573
255 255 255
2 7 6079 772.854 1241.27 11 10818 883.866 1238.69 
-1.71358 4.94884 52.8314
255 255 255
2 7 6085 722.873 1248.08 13 14316 938.141 1262.29 
-1.59167 5.03083 52.8187
255 255 255
3 7 6091 730.899 1255.01 11 10829 848.249 1251.13 19 9680 602.697 1240.86 
-1.13526 5.16925 53.383
255 255 255
2 7 6092 792.903 1253.94 11 10830 904.888 1249.46 
-2.44537 4.89759 52.4479
255 255 255
6 7 6093 649.81 1255.95 11 10834 761.002 1255.78 12 7615 496.928 1246.34 13 14328 869.178 1272.22 18 15905 1039.25 1268.05 22 14700 931.7 1270.06 
-2.14982 4.94398 52.5497
255 255 255
6 7 6094 675.95 1256.4 11 10833 790.832 1254.49 12 7616 521.933 1246.33 13 14324 897.649 1270.71 18 15900 1064.65 1266.59 22 14696 959.487 1268.7 
-1.97303 5.08856 52.6656
255 255 255
6 7 6100 698.239 1265.16 11 10840 811.729 1263.02 12 7627 542.166 1255.03 13 14336 913.876 1280.77 18 15909 1084.74 1274.88 22 14712 975.538 1278.84 
-1.29508 5.39587 53.1832
255 255 255
2 7 6120 776.216 1280.34 11 10859 888.642 1274.18 
-1.29742 5.49572 53.3511
255 255 255
2 7 6127 784.038 1284.99 11 10867 895.326 1281.77 
-1.44669 5.82434 53.176
255 255 255
2 7 6171 770.565 1319.48 11 10921 882.348 1315.95 
-4.19334 5.49554 52.33
255 255 255
3 11 10944 620.803 1330.87 18 16017 891.638 1348.31 22 14809 783.952 1346.43 
-6.27445 5.79731 52.6916
255 255 255
2 7 6195 390.134 1364.66 11 12228 469.623 1373.72 
-3.4093 7.68652 51.7282
255 255 255
3 7 6279 586.304 1532.67 12 7824 434.485 1516.9 19 9877 461.048 1511.49 
-11.0998 8.24606 54.3608
255 255 255
2 7 6310 167.77 1570.03 11 12285 197.174 1596.95 
-5.47558 9.13953 51.5441
255 255 255
2 7 6371 443.36 1677.13 19 9951 342.731 1656.92 
-3.44901 9.28527 51.4931
255 255 255
5 11 11245 711.577 1694.88 12 7931 440.365 1667.82 13 14757 828.497 1703.25 18 16266 1009.47 1704.88 22 15064 891.287 1701.47 
-3.30561 9.59165 51.3311
255 255 255
3 7 6399 605.748 1712.23 12 7946 443.841 1700.55 19 9972 471.658 1693.53 
-3.17339 9.95718 51.3817
255 255 255
3 7 6413 623.9 1744.53 11 11291 740.903 1758.52 19 9993 489.789 1725 
-3.61522 9.89061 51.3405
255 255 255
4 11 11290 700.582 1758.72 13 14792 819.596 1764.05 18 16320 1003.38 1766.15 22 15104 883.153 1761.65 
-3.37027 10.0302 51.2968
255 255 255
2 7 6424 605.653 1754.6 19 9996 473.135 1733.8 
-4.59316 11.6941 50.6434
255 255 255
2 7 6552 506.96 1928.9 11 11495 619.956 1954.32 
-3.07306 12.2609 50.9812
255 255 255
2 7 6581 649.71 1966.66 11 11531 772.494 1987.12 
-5.40774 12.2178 50.559
255 255 255
2 7 6591 448.579 1980.92 19 10124 332.219 1954.56 
-3.58161 12.5754 51.1596
255 255 255
2 7 6597 622.371 1990.41 11 11556 739.648 2015.73 
-3.53939 12.5898 50.8686
255 255 255
2 7 6603 613.003 2001.31 19 10137 476.442 1979.06 
-3.14401 12.8389 51.0358
255 255 255
2 7 6616 655.417 2016.82 11 11584 777.652 2041.93 
-3.24424 12.9201 50.7658
255 255 255
2 7 6631 637.003 2033.78 11 11595 760.792 2058.01 
-3.72667 14.5432 50.6059
255 255 255
2 7 6759 617.289 2186.63 11 11739 739.504 2221.43 
-4.70989 17.262 49.5157
255 255 255
2 7 6885 533.677 2474.28 11 11920 658.247 2522.88 
-2.00032 3.96073 52.6401
255 255 255
2 7 7164 678.439 1167.59 11 12147 790.541 1159.41 
-5.42453 4.13591 53.2495
255 255 255
2 7 7169 453.378 1203.99 11 12155 534.88 1207.21 
-2.03493 4.50128 52.7191
255 255 255
2 11 12157 798.576 1207.86 13 15654 902.363 1227.83 
-1.77966 4.71895 52.7645
255 255 255
5 7 7175 711.186 1229.56 11 12160 825.55 1225.61 13 15656 927.741 1242.65 18 17253 1095.23 1237.28 22 15974 989.273 1240.8 
-2.31757 4.8022 52.5527
255 255 255
6 7 7179 661.893 1245.4 11 12163 775.986 1242.07 12 8510 509.385 1234.39 13 15662 879.874 1260.54 18 17258 1048.47 1256.67 22 15978 942.293 1258.29 
-2.06249 5.14907 52.4133
255 255 255
2 7 7191 681.618 1277.94 11 12178 796.028 1273.97 
-1.47711 5.51266 53.1317
255 255 255
2 7 7200 761.678 1292.21 11 12191 873.736 1288.9 
-1.36077 5.82598 53.1975
255 255 255
2 7 7215 778.08 1318.5 11 12210 890.261 1314.76 
-1.74366 5.77953 52.8649
255 255 255
2 7 7216 734.395 1323.91 11 12212 846.957 1320.49 
-1.64933 5.8631 52.8999
255 255 255
2 7 7220 744.443 1330.51 11 12213 857.187 1325.99 
-3.16254 7.82648 51.8524
255 255 255
2 7 7255 612.847 1539.5 19 10720 486.24 1520.74 
-3.15938 9.6434 51.5245
255 255 255
6 7 7302 627.411 1712.08 12 8662 465.738 1699.6 13 15815 859.27 1732.19 18 17407 1040.55 1733.03 19 10765 493.71 1692.41 22 16122 922.662 1729.7 
-2.70171 10.6819 51.6155
255 255 255
2 7 7322 681.611 1800.62 11 12349 801.317 1818.35 
-3.23834 12.3993 51.0784
255 255 255
3 7 7373 643.272 1975.38 11 12429 763.703 2000.63 19 10843 505.81 1955.86 
-3.5338 12.5777 50.9059
255 255 255
2 7 7379 614.928 1998.18 11 12435 735.006 2023.55 
-3.13992 12.8587 51.0798
255 255 255
2 7 7383 658.035 2017.73 11 12440 779.757 2041.94 
-3.84873 12.9456 50.8046
255 255 255
2 7 7395 591.607 2036.71 11 12446 709.83 2062.54 
-3.32505 12.936 50.7375
255 255 255
2 7 7396 629.615 2036.39 11 12447 752.985 2060.87 
-4.23681 16.4013 49.9624
255 255 255
2 7 7491 577.807 2379.81 11 12541 702.058 2421.91 
-4.47428 16.6696 49.4848
255 255 255
2 7 7497 541.356 2422.21 11 12548 668.035 2466.61 
-2.09713 5.04087 52.7201
255 255 255
2 7 7667 690.243 1261.48 13 16234 904.698 1277.41 
-1.44618 5.45264 53.1063
255 255 255
2 7 7677 762.226 1287.57 11 12702 874.537 1282.95 
-1.48397 5.7527 53.1385
255 255 255
2 7 7688 765.112 1314.13 11 12719 876.951 1310.4 
-1.65735 5.84293 52.9215
255 255 255
2 7 7692 744.416 1328.43 11 12724 856.867 1323.77 
-3.91794 10.2063 50.9163
255 255 255
2 7 7808 548.848 1782.17 19 11190 417.181 1761.65 
-4.04672 12.341 50.6571
255 255 255
2 7 7865 560.028 1986.34 11 12925 677.764 2011.31 
-3.43278 15.0965 50.7126
255 255 255
2 7 7918 654.015 2232.42 11 12974 778.061 2269.16 
-4.26592 16.458 49.9968
255 255 255
2 7 7934 577.892 2382.77 11 12993 701.789 2426.9 
-4.10146 16.509 50.0234
255 255 255
2 7 7935 592.967 2386.6 11 12994 718.075 2430.1 
-4.56906 16.6602 49.5235
255 255 255
2 7 7940 535.285 2417.73 11 13000 661.195 2466.42 
-4.76071 17.4737 49.3095
255 255 255
2 7 7948 523.753 2504.59 11 13009 649.203 2548.69 
-1.5514 5.21062 52.884
255 255 255
2 7 8009 741.541 1271.3 11 13046 854.969 1265.15 
-5.45905 5.85538 52.7256
255 255 255
2 7 8022 451.646 1364.48 11 13060 536.85 1368.48 
-3.37423 8.59285 51.6929
255 255 255
3 7 8045 600.993 1615 12 9226 448.019 1599.18 19 11344 474.855 1595.18 
-3.70376 9.66192 51.4606
255 255 255
2 7 8059 581.805 1719.9 11 13096 693.525 1731.35 
-2.71628 10.8472 51.6349
255 255 255
2 7 8068 683.629 1813.61 11 13102 803.576 1835.09 
-3.6259 13.9173 50.5178
255 255 255
2 7 8097 611.202 2130.86 11 13136 735.283 2166.02 
-3.65843 14.5875 50.694
255 255 255
2 7 8100 627.044 2185.44 11 13137 749.579 2224.3 
-4.71762 16.6903 49.6141
255 255 255
2 7 8108 528.173 2416.23 11 13144 652.036 2466.77 
-3.85313 9.6833 51.5342
255 255 255
2 7 8156 573.889 1720.59 11 13179 683.759 1732.83 
-2.98571 3.32994 52.7604
255 255 255
2 7 8433 599.867 1119.35 11 14322 703.39 1112.11 
-3.90801 2.43714 53.2764
255 255 255
2 7 8704 541.945 1047.23 11 14924 632.44 1032.84 
-5.80637 -4.54287 55.0089
255 255 255
2 8 34 1053.94 468.014 17 307 1067.87 451.948 
-5.20654 -3.68499 58.7412
255 255 255
2 8 67 888.437 517.683 9 67 813.679 502.197 
-7.25589 -3.94369 56.3834
255 255 255
2 8 69 884.679 521.505 17 423 901.422 506.51 
-5.16636 0.477334 54.8812
255 255 255
2 8 269 1104.15 895.033 9 237 991.91 879.331 
-4.83347 0.737293 54.4346
255 255 255
2 8 302 1150.87 918.851 9 274 1037.58 903.122 
-4.93878 0.839158 54.4791
255 255 255
2 8 315 1141.84 928.061 9 288 1028.14 912.836 
-8.87518 0.760908 56.5881
255 255 255
2 8 327 767.989 940.223 9 311 639.6 925.106 
-4.83852 1.08942 54.3084
255 255 255
2 8 348 1158.22 950.105 9 327 1044.23 935.865 
-4.91553 1.51735 54.1562
255 255 255
2 8 423 1162.68 989.838 9 386 1047.1 975.898 
-4.76067 1.61373 54.0213
255 255 255
2 8 431 1180.27 998.114 9 400 1065.16 984.103 
-4.60278 1.91467 53.7701
255 255 255
2 8 472 1205.14 1025.1 9 434 1089.65 1012.14 
-10.0923 1.91903 58.0488
255 255 255
2 8 488 607.603 1036.7 9 446 492.827 1022.39 
-10.306 1.98111 58.158
255 255 255
2 8 502 587.134 1043.19 9 462 472.256 1028.92 
-10.6283 2.40867 58.2108
255 255 255
2 8 555 561.994 1083.97 9 515 446.283 1068.96 
-6.85961 2.43014 54.8354
255 255 255
2 8 558 1000.46 1084.19 9 521 873.553 1071.17 
-6.69864 2.47035 54.7722
255 255 255
2 8 562 1014.54 1086.54 9 524 888.759 1073.53 
-9.80886 2.57211 56.6576
255 255 255
2 8 606 700.907 1109.93 9 566 569.355 1094.91 
-10.0234 3.01835 56.8176
255 255 255
4 8 676 677.552 1150.22 14 1156 1081.5 1156.12 16 897 1182.87 1130.85 21 723 1082.3 1136.42 
-10.0082 3.07292 56.7135
255 255 255
2 8 688 684.227 1156.09 9 646 553.017 1140.99 
-2.26196 3.71818 52.7266
255 255 255
2 8 699 1409.37 1163.48 9 4906 1317.2 1155.17 
-11.1862 3.34693 58.533
255 255 255
2 8 710 506.475 1168.66 9 671 393.587 1152.71 
-11.1494 3.42201 58.5411
255 255 255
2 8 716 508.724 1174.34 9 682 396.458 1158.88 
-7.71023 3.62805 54.7083
255 255 255
4 8 756 952.438 1203.41 9 746 817.733 1191.24 14 1235 1305.35 1201.02 21 779 1298.36 1178.55 
-5.26727 4.03263 53.3154
255 255 255
3 8 786 1192.8 1224.8 9 795 1069.06 1215.73 10 1083 826.672 1207.96 
-8.56867 3.9128 55.146
255 255 255
2 8 820 870.162 1234.56 9 815 732.733 1221.11 
-10.0579 3.99509 56.3683
255 255 255
2 8 859 699.807 1244.02 9 848 565.423 1229.16 
-5.02279 4.27607 53.0539
255 255 255
2 8 864 1223.87 1246.48 9 881 1101.13 1238.23 
-9.62333 4.0685 55.8557
255 255 255
2 8 882 758.212 1252.42 9 879 620.556 1238.31 
-4.95526 4.35175 52.9958
255 255 255
2 8 887 1231.66 1252.91 9 903 1109.27 1245.1 
-10.2982 4.12707 56.5409
255 255 255
2 8 896 673.683 1256.33 9 895 539.951 1241.56 
-8.92335 4.70626 55.9066
255 255 255
2 8 995 803.785 1297.93 17 6935 837.972 1281.26 
-11.5076 6.83234 56.7351
255 255 255
2 8 1392 578.391 1514.25 9 1427 444.042 1497.49 
-5.12338 6.98386 49.8772
255 255 255
2 8 1450 1421.94 1548.68 17 2624 1451 1529.28 
-5.23569 7.43018 50.2309
255 255 255
2 8 1502 1391.57 1584.47 17 2681 1423.08 1564.11 
-5.27728 7.79295 50.1678
255 255 255
2 8 1544 1393.27 1619.24 17 2724 1425.45 1599.56 
-11.88 8.33631 56.4354
255 255 255
2 8 1617 568.34 1662.4 16 1479 1143.79 1655.01 
-6.83585 9.33626 51.8726
255 255 255
2 8 1773 1184.02 1751.84 9 1863 1037.69 1754.68 
-8.72844 9.79856 53.8602
255 255 255
2 8 1825 936.892 1786.97 17 3032 976.77 1770.61 
-8.85814 10.2975 53.7362
255 255 255
2 8 1895 935.643 1836.97 17 3088 975.877 1821.23 
-11.8423 10.5217 55.2164
255 255 255
2 8 2002 639.403 1888.15 14 2024 1104.03 1899.7 
-11.5953 10.6847 54.8323
255 255 255
2 8 2035 679.114 1907.4 9 2090 524.688 1893.46 
-11.5542 10.6982 54.7924
255 255 255
2 8 2039 684.378 1908.65 9 2092 529.766 1895.05 
-11.563 11.0493 54.6032
255 255 255
5 8 2135 694.345 1945.94 9 2211 538.296 1932.54 14 2106 1160.22 1950.07 16 1737 1286.68 1919.71 21 1589 1168 1919.68 
-8.98303 11.3649 53.2695
255 255 255
2 8 2139 955.445 1946.64 17 3299 996.021 1931.43 
-12.0095 11.1019 55.0389
255 255 255
2 8 2142 637.55 1948.93 9 2214 483.529 1933.98 
-12.0468 11.2608 54.9588
255 255 255
2 8 2177 639.457 1965.74 9 2259 484.143 1952.1 
-11.6107 11.6396 54.3504
255 255 255
2 8 2268 706.174 2006.81 9 2395 546.688 1994.85 
-12.2914 11.9199 54.9618
255 255 255
2 8 2303 621.835 2031.44 9 2448 466.261 2016.14 
-7.79989 12.541 51.2589
255 255 255
2 8 2393 1160.25 2077.6 9 2615 1003.04 2087.39 
-12.2297 12.4002 54.6458
255 255 255
2 8 2403 644.591 2082.84 9 2563 485.996 2067.39 
-8.34543 12.5757 51.5174
255 255 255
2 8 2415 1107.17 2088.1 9 2637 946.41 2094.89 
-8.00244 12.8621 52.0029
255 255 255
2 8 2421 1100 2090.2 17 3599 1143.31 2073.89 
-11.3613 12.5362 53.8129
255 255 255
2 8 2438 756.108 2097.11 9 2613 593.576 2087.05 
-11.9581 12.9255 54.1249
255 255 255
2 8 2525 694.804 2138.02 9 2710 532.068 2126.06 
-12.0069 12.966 54.1294
255 255 255
2 8 2533 690.996 2142.67 9 2720 527.917 2130.84 
-8.41449 13.1253 51.3342
255 255 255
2 8 2536 1114.26 2144.27 9 2767 951.778 2152.95 
-8.24349 13.8068 51.9256
255 255 255
2 8 2614 1088.95 2181.86 17 3775 1133.76 2166.33 
-8.24863 13.9641 51.8721
255 255 255
2 8 2649 1091.99 2197.31 17 3804 1137.01 2182.06 
-11.9585 13.905 53.6468
255 255 255
2 8 2715 723.367 2240.64 9 2948 555.934 2230.84 
-11.8974 14.0991 53.55
255 255 255
2 8 2744 733.696 2259.27 9 2985 565.991 2250.41 
-8.1743 14.3434 50.8174
255 255 255
2 8 2752 1163.8 2261.08 9 3040 1001.4 2276.24 
-9.86046 14.6723 52.8913
255 255 255
2 8 2778 919.31 2271.66 17 3918 964.609 2258.86 
-13.4325 14.6585 55.4879
255 255 255
2 8 2825 510.886 2288.68 9 3016 361.927 2269.09 
-6.90898 14.4201 48.651
255 255 255
2 8 2881 1391.41 2300.91 17 3993 1429.1 2284.3 
-4.91875 16.1448 50.4972
255 255 255
2 8 2981 1394.33 2331.14 9 3286 1280.55 2364.99 
-7.17519 14.9905 49.4619
255 255 255
2 8 2994 1319.07 2334.05 17 4097 1360.99 2316.52 
-11.117 14.9721 52.6103
255 255 255
2 8 3016 847.064 2345.36 9 3233 676.056 2343.78 
-8.58546 15.2258 50.6596
255 255 255
2 8 3027 1146.29 2356.4 9 3301 979.01 2373.01 
-11.1655 15.1718 52.5383
255 255 255
2 8 3046 848.062 2366.71 9 3287 675.965 2366 
-8.68066 15.3593 50.6442
255 255 255
2 8 3056 1140.83 2371.66 9 3326 972.475 2388.22 
-8.82461 15.6591 50.6328
255 255 255
2 8 3104 1131.8 2402.81 9 3385 962.35 2419.93 
-8.81355 15.7131 50.5963
255 255 255
2 8 3115 1134.91 2408.81 9 3405 965.298 2425.58 
-8.73105 15.7868 50.5504
255 255 255
2 8 3124 1143.52 2414.21 9 3418 974.654 2431.87 
-10.8262 15.7425 52.1123
255 255 255
2 8 3144 898.794 2422.36 9 3401 726.112 2424.05 
-8.81975 15.8699 50.5802
255 255 255
2 8 3153 1135.56 2423.3 9 3433 966.198 2440.7 
-11.3839 17.2243 52.407
255 255 255
2 8 3395 841.897 2560.2 9 3693 672.502 2560.81 
-8.73217 17.8014 50.4691
255 255 255
2 8 3465 1149.05 2593.93 9 3827 986.546 2616.82 
-11.1869 18.1009 52.1507
255 255 255
2 8 3545 872.352 2639.8 9 3886 704.387 2644.55 
-11.1404 18.2042 52.0751
255 255 255
2 8 3565 880.365 2650.4 9 3898 712.158 2655.35 
-10.8037 18.2803 51.7619
255 255 255
2 8 3574 923.679 2656.97 9 3922 754.917 2666.25 
-10.9448 18.3108 51.8445
255 255 255
2 8 3583 908.547 2661.79 9 3928 739.468 2669.05 
-10.7325 18.3988 51.7125
255 255 255
2 8 3593 931.873 2667.03 9 3946 763.694 2676.68 
-3.27082 -5.25679 60.2511
255 255 255
2 8 3683 926.482 378.011 9 4071 883.8 362.199 
-3.15517 -5.04577 59.6564
255 255 255
2 8 3698 963.329 395.887 9 4086 915.385 379.409 
-1.33683 -4.5314 57.9439
255 255 255
2 8 3734 1156.81 434.949 9 4116 1108.99 414.709 
-5.92822 -4.50968 54.982
255 255 255
2 8 3780 1047.83 471.542 17 5127 1061.14 455.882 
-4.10703 -4.16043 58.8683
255 255 255
2 8 3782 948.128 472.897 9 4169 884.182 457.004 
-5.95788 -4.15064 59.7921
255 255 255
2 8 3793 788.373 478.868 9 4184 718.84 465.017 
-6.30296 -3.98298 59.8068
255 255 255
2 8 3817 766.205 493.802 9 4214 694.196 480.779 
-4.88699 -3.9189 58.865
255 255 255
2 8 3820 901.42 496.551 9 4215 830.654 480.71 
-4.3896 -3.89557 58.6238
255 255 255
2 8 3821 943.974 497.284 9 4212 875.123 480.25 
-4.76476 -3.82565 58.814
255 255 255
2 8 3837 911.521 503.58 9 4224 841.534 487.774 
-8.76996 -3.03041 60.5526
255 255 255
2 8 3920 570.868 582.006 9 4312 490.685 570.165 
-8.47346 -2.90788 59.8283
255 255 255
2 8 3935 625.957 594.469 9 4327 538.273 582.45 
-4.95906 -0.0391219 54.8807
255 255 255
2 8 4136 1116.7 848.886 9 4489 1005.37 832.265 
-5.01744 0.01989 54.9043
255 255 255
2 8 4143 1111.78 854.087 9 4495 1000.22 837.908 
-9.01161 -0.0172 57.5924
255 255 255
2 8 4152 704.814 862.487 16 3328 1155.6 842.961 
-9.03577 0.236648 57.4852
255 255 255
3 8 4180 708.962 885.78 14 3986 1075.06 889.95 16 3345 1162.26 865.963 
-5.1313 0.405835 54.8647
255 255 255
2 8 4183 1107.23 888.783 9 4528 994.982 872.865 
-5.09093 0.650651 54.7448
255 255 255
2 8 4211 1116.83 910.543 9 4551 1004.21 895.112 
-10.6205 0.851755 60.0528
255 255 255
4 8 4224 470.296 926.468 14 4048 816.133 928.059 16 3398 915.093 907.486 21 2975 817.106 912.34 
-8.80149 0.611406 56.5818
255 255 255
2 8 4227 773.256 926.512 9 4571 645.111 911.164 
-10.0026 1.27838 58.118
255 255 255
2 8 4309 610.056 979.024 9 4668 495.325 965.119 
-8.76093 1.34621 56.2211
255 255 255
2 8 4328 795.983 994.66 9 4682 664.961 979.758 
-4.82871 1.60602 54.0615
255 255 255
2 8 4334 1173.71 997.499 9 4689 1058.22 983.977 
-10.1124 1.81753 58.0304
255 255 255
2 8 4361 607.115 1028.6 9 4709 491.619 1013.82 
-4.28023 2.60122 53.2881
255 255 255
2 8 4414 1254.31 1086.94 9 4768 1138.93 1075.11 
-4.43432 2.86816 51.3191
255 255 255
2 8 4478 1367.89 1139.14 17 6621 1394.01 1119.66 
-10.0028 2.93477 56.8091
255 255 255
2 8 4483 679.384 1142.83 9 4860 549.376 1126.78 
-10.0775 3.11782 56.7985
255 255 255
2 8 4511 674.855 1159.57 9 4891 544.39 1144.74 
-10.1079 3.15003 56.9197
255 255 255
3 8 4515 666.27 1161.11 14 4454 1069.68 1168.18 16 3754 1171.84 1142.45 
-8.13898 3.36144 55.2034
255 255 255
2 8 4543 895.582 1178.11 9 4930 762.12 1165.3 
-11.2073 3.62559 58.6165
255 255 255
2 8 4563 500.894 1191.5 9 4955 389.86 1176.38 
-11.3543 3.7471 58.7268
255 255 255
2 8 4571 484.916 1202.46 9 4968 374.712 1187.1 
-11.2486 3.75092 58.6296
255 255 255
2 8 4572 497.333 1202.91 9 4969 386.523 1187.49 
-7.7882 3.66241 54.7531
255 255 255
5 8 4577 944.912 1207.2 9 4978 809.707 1194.42 14 4520 1299.34 1204.1 16 3816 1375.58 1177.65 21 3331 1293.17 1182.15 
-10.0103 3.92531 56.3492
255 255 255
4 8 4619 704.314 1237.13 9 5024 569.622 1222.75 14 4569 1113.3 1243.82 16 3869 1215.56 1217.12 
-9.59362 3.94776 55.9117
255 255 255
2 8 4624 757.115 1240.42 9 5033 620.296 1226.02 
-10.1918 4.34768 56.4204
255 255 255
5 8 4665 687.959 1276.73 9 5076 553.721 1261.98 14 4612 1099.26 1283.22 16 3905 1203.6 1256.82 21 3415 1099.88 1261.68 
-4.92325 4.65065 52.8292
255 255 255
2 8 4671 1244.02 1281.42 9 5089 1120.85 1274.19 
-10.3003 4.50474 56.5829
255 255 255
2 8 4678 671.415 1290.44 17 6927 703.594 1274.97 
-8.30073 5.82087 54.0489
255 255 255
2 8 4829 952.64 1419.71 9 5239 807.727 1409.64 
-5.08455 6.87752 50.0464
255 255 255
2 8 4933 1413.04 1534.42 17 7210 1442.75 1515.48 
-11.5461 7.24353 56.6141
255 255 255
2 8 4950 582.315 1554.23 14 4844 1020.69 1569.73 
-11.5897 7.35648 56.549
255 255 255
2 8 4965 582.715 1566.44 9 5356 446.113 1549.93 
-5.11961 7.2029 49.9719
255 255 255
2 8 4969 1415.94 1566.77 17 7248 1446.18 1546.85 
-12.0241 7.97465 56.8976
255 255 255
2 8 5020 532.977 1622.16 9 5402 399.829 1604.81 
-8.76668 8.27254 54.5179
255 255 255
2 8 5034 895.023 1637.02 17 7343 933.44 1620.85 
-12.06 8.3243 56.7296
255 255 255
2 8 5068 539.476 1658.25 9 5439 404.335 1640.25 
-8.92775 8.78025 53.3266
255 255 255
2 8 5163 954.377 1713.3 16 1486 1444.09 1662.13 
-5.41824 8.71864 49.5794
255 255 255
2 8 5177 1423.99 1719.68 17 7496 1455.72 1700.46 
-9.75092 9.01515 53.9485
255 255 255
2 8 5210 860.589 1737.46 9 5564 707.115 1729.09 
-9.82615 9.19548 53.8408
255 255 255
2 8 5237 861.729 1758.29 9 5587 706.292 1749.54 
-8.63498 10.1793 53.5919
255 255 255
2 8 5298 959.35 1825.16 17 7646 999.411 1809.06 
-11.8832 10.0187 55.5957
255 255 255
2 8 5307 615.042 1832.08 17 7662 653.019 1820.3 
-9.03505 10.3801 53.773
255 255 255
2 8 5327 921.391 1847 17 7679 961.311 1832.21 
-5.87017 10.3798 49.66
255 255 255
2 8 5383 1390.27 1879.16 17 7724 1425.26 1860.21 
-11.6725 10.5311 55.0149
255 255 255
2 8 5405 663.106 1890.12 9 5708 510.345 1876.3 
-12.6151 10.7806 56.4544
255 255 255
2 8 5414 515.343 1895.94 9 5710 378.032 1876.82 
-12.6815 10.8058 56.522
255 255 255
2 8 5421 506.842 1898.07 9 5715 370.145 1878.31 
-7.88426 11.1036 52.3784
255 255 255
2 8 5465 1083.95 1921.37 17 7812 1124.06 1904.2 
-8.45157 11.2344 53.2783
255 255 255
2 8 5467 991.093 1922.25 17 7813 1033.7 1906.25 
-11.8993 10.8902 54.9896
255 255 255
2 8 5485 648.212 1928.66 9 5769 493.833 1913.95 
-7.44593 11.3734 52.0883
255 255 255
2 8 5521 1131.21 1942.13 17 7859 1172.85 1925.18 
-9.8522 11.0625 53.2328
255 255 255
2 8 5524 897.08 1942.62 21 3938 1320.85 1891.4 
-11.6186 11.1195 54.6465
255 255 255
2 8 5552 688.244 1952.49 21 3997 1162.04 1926.41 
-12.1373 11.2807 54.9997
255 255 255
2 8 5590 630.452 1969.98 9 5842 475.122 1953.18 
-9.68035 11.9698 53.6714
255 255 255
2 8 5661 883.695 2005.93 17 8015 925.378 1991.87 
-6.05031 11.5987 49.0168
255 255 255
2 8 5670 1422.31 2011.79 17 8017 1457.32 1992.6 
-10.5613 11.8661 53.4898
255 255 255
2 8 5695 832.137 2025.56 9 5978 671.32 2018.62 
-8.72008 12.2008 52.6144
255 255 255
2 8 5713 1013.48 2032.8 17 8061 1054.43 2016.74 
-12.1155 11.9642 54.7746
255 255 255
2 8 5723 645.365 2036.59 9 5988 488.646 2021.95 
-8.0965 12.2786 51.935
255 255 255
2 8 5733 1097.69 2042.73 17 8084 1138.29 2026.9 
-12.1334 12.243 54.6291
255 255 255
2 8 5792 652.511 2066.37 9 6060 494.084 2051.99 
-7.73689 12.4194 51.2011
255 255 255
4 8 5795 1168.01 2066.89 9 6115 1010.79 2076.8 10 6281 708.055 2072.88 18 8122 657.002 2060.98 
-7.77251 12.6613 51.8418
255 255 255
2 8 5806 1125.35 2071.14 17 8149 1168.31 2054.6 
-7.83939 12.716 51.9247
255 255 255
2 8 5813 1115.73 2075.57 17 8159 1158.96 2058.6 
-9.26248 12.7197 53.1754
255 255 255
2 8 5816 942.625 2075.67 17 8168 985.821 2061.57 
-8.98214 12.6902 52.8199
255 255 255
2 8 5818 983.305 2076.6 17 8169 1025.74 2061.41 
-8.02714 12.4952 51.3427
255 255 255
2 8 5819 1139.69 2076.83 9 6137 980.362 2086.22 
-8.21934 12.4901 51.3851
255 255 255
4 8 5825 1123.62 2081.23 9 6147 963.254 2088.82 10 6297 662.37 2080.53 18 8137 613.181 2067.44 
-8.68568 12.8502 52.7008
255 255 255
2 8 5839 1010.89 2086.36 17 8197 1054.57 2071.21 
-8.15873 12.8809 52.3306
255 255 255
2 8 5844 1069.23 2086.46 17 8193 1113.54 2070.21 
-8.03033 12.8735 52.0957
255 255 255
2 8 5851 1092.37 2089.07 17 8203 1136.06 2073.12 
-8.91949 12.5524 51.8894
255 255 255
2 8 5854 1044.68 2090.02 9 6165 881.671 2094.81 
-9.97228 12.5334 52.7124
255 255 255
2 8 5863 920.871 2092.18 16 4741 1455.49 2028.82 
-8.67926 12.5907 51.6942
255 255 255
2 8 5864 1073.35 2092.92 9 7282 910.744 2098.76 
-8.62386 12.925 52.5709
255 255 255
2 8 5870 1023.05 2095.23 17 8223 1066.57 2079.85 
-11.3007 12.5571 53.842
255 255 255
2 8 5872 758.849 2096.38 9 6139 597.545 2086.8 
-8.00585 12.9166 51.9212
255 255 255
2 8 5879 1104.88 2097.51 17 8229 1147.93 2081.15 
-8.51455 12.9889 52.5468
255 255 255
2 8 5883 1031.98 2098.65 17 8232 1076.09 2083.29 
-8.4668 12.9911 52.4497
255 255 255
2 8 5889 1041.16 2100.57 17 8239 1084.99 2084.9 
-8.39949 12.9733 52.3354
255 255 255
2 8 5890 1052.73 2100.65 17 8240 1096.22 2084.79 
-8.498 13.0643 52.4097
255 255 255
2 8 5905 1041.53 2108.97 17 8257 1085.24 2093.41 
-8.39539 13.051 52.295
255 255 255
2 8 5906 1055.53 2108.47 17 8258 1099.08 2092.83 
-8.14046 13.084 52.109
255 255 255
2 8 5909 1084.23 2109.99 17 8263 1128.14 2094.4 
-8.25227 13.1098 52.1696
255 255 255
2 8 5912 1072.96 2113.46 17 8270 1116.73 2097.91 
-8.45852 13.1225 52.3363
255 255 255
2 8 5918 1048.74 2115.03 17 8273 1092.44 2099.82 
-8.53955 13.1304 52.4061
255 255 255
2 8 5920 1038.96 2115.78 17 8275 1082.67 2100.68 
-8.84229 12.8373 51.7364
255 255 255
2 8 5924 1059.66 2117.76 9 6235 896.348 2124.17 
-12.0262 12.9036 54.1769
255 255 255
2 8 5943 686.793 2136.17 9 6234 524.095 2124.04 
-6.63146 13.2576 49.5533
255 255 255
2 8 5978 1348.59 2160.96 17 8341 1388.27 2143.08 
-8.2298 13.7901 51.8573
255 255 255
2 8 6010 1094.12 2182.04 17 8385 1138.59 2166.61 
-9.43745 13.4884 51.9403
255 255 255
2 8 6017 1006.15 2186.15 9 6347 840.41 2191.13 
-9.34165 13.8678 52.7908
255 255 255
2 8 6023 960.95 2189.93 17 8407 1005.41 2176.69 
-9.76137 13.573 52.1681
255 255 255
2 8 6033 969.505 2196.13 9 6363 803.451 2198.59 
-12.0546 13.5168 53.8642
255 255 255
2 8 6041 703.29 2201.53 9 6345 537.086 2190.66 
-8.21907 13.9827 51.7783
255 255 255
2 8 6042 1099.84 2201.12 17 8416 1144.58 2185.63 
-9.04609 13.9834 52.4751
255 255 255
2 8 6043 1000.56 2202.08 17 8423 1045.04 2187.98 
-8.35408 14.007 51.8549
255 255 255
2 8 6049 1085.96 2204.51 17 8426 1130.52 2189.36 
-6.94344 13.8054 49.8299
255 255 255
2 8 6057 1309.85 2210.06 17 8434 1350.92 2192.74 
-11.9439 13.7478 53.7872
255 255 255
2 8 6069 716.139 2221.68 9 6383 550.692 2211.46 
-6.8564 13.8893 49.6177
255 255 255
2 8 6070 1329.63 2221.75 17 8450 1370.44 2204.06 
-6.86646 13.9948 49.5412
255 255 255
2 8 6090 1334.07 2233.68 17 8467 1374.81 2216.28 
-12.4028 14.0968 53.9444
255 255 255
2 8 6140 673.487 2260.96 9 6437 506.844 2248.08 
-8.09344 14.3562 50.7796
255 255 255
2 8 6143 1171.68 2260.77 9 6499 1009.89 2276.94 
-8.02329 14.3991 50.7056
255 255 255
2 8 6154 1181.16 2264.71 9 6517 1019.43 2281.78 
-8.04767 14.4716 50.679
255 255 255
2 8 6173 1181.25 2272.88 9 6533 1019.07 2289.74 
-13.0157 14.4265 54.816
255 255 255
2 8 6187 578.859 2278.54 9 6465 421.71 2262.23 
-10.8597 14.325 52.6388
255 255 255
2 8 6191 863.382 2279.48 9 6504 693.702 2277.5 
-12.0043 14.3132 53.5784
255 255 255
2 8 6196 724.366 2281.08 9 6483 556.742 2270.74 
-10.8033 14.4418 52.6164
255 255 255
2 8 6220 868.878 2288.69 9 6530 699.915 2287.79 
-11.3592 14.9918 52.8339
255 255 255
2 8 6320 816.124 2347.01 9 6628 645.958 2343.28 
-11.0709 15.0342 52.6317
255 255 255
2 8 6324 849.159 2348.81 9 6634 679.293 2347.45 
-8.5534 15.2227 50.6364
255 255 255
2 8 6331 1149.96 2356.12 9 6678 982.793 2372.53 
-11.0111 15.1066 52.5227
255 255 255
2 8 6335 860.095 2357.23 9 6650 689.452 2356.36 
-12.4503 15.267 53.6274
255 255 255
2 8 6359 689.589 2376.54 14 6012 1183.79 2377.19 
-8.27576 15.9916 51.1012
255 255 255
2 8 6378 1139.21 2399.8 17 8756 1186.74 2385.5 
-10.9808 15.5509 52.3195
255 255 255
2 8 6384 874.922 2402.74 9 6720 702.951 2403.19 
-11.8804 15.5945 53.0792
255 255 255
3 8 6389 764.039 2407.54 14 6028 1243.43 2394.66 16 5208 1376.87 2360.71 
-8.67023 15.8083 50.5184
255 255 255
2 8 6401 1149.73 2415.48 9 6777 981.344 2433.22 
-12.7145 15.8964 53.769
255 255 255
4 8 6436 662.561 2434.92 14 6099 1158.12 2440.3 16 5262 1302.6 2410.01 21 4661 1171.26 2404.02 
-12.5918 15.9945 53.5902
255 255 255
2 8 6471 682.028 2447.27 9 6783 513.904 2436.17 
-10.5215 16.333 51.7514
255 255 255
2 8 6538 943.14 2477.6 9 6869 770.693 2483.26 
-8.45054 17.2815 50.2475
255 255 255
2 8 6630 1182.37 2547.46 17 8994 1228.9 2533.39 
-8.33735 17.3286 50.1712
255 255 255
2 8 6634 1194.96 2550.84 17 8996 1241.84 2536.33 
-8.67272 17.7052 50.1856
255 255 255
2 8 6698 1171.37 2593.66 17 9058 1217.84 2580.46 
-11.0057 17.9681 52.0526
255 255 255
2 8 6750 891.236 2625.56 14 6274 1330.08 2585.09 
-11.0157 18.0777 52.0069
255 255 255
2 8 6767 893.382 2637.07 9 7134 725.112 2643.99 
-10.9404 18.1215 51.8997
255 255 255
2 8 6775 905.358 2642.24 9 7142 736.459 2650.39 
-9.50709 18.3859 50.7965
255 255 255
2 8 6796 1075.13 2657.27 17 9143 1122.84 2646.19 
-10.6294 18.3447 51.6408
255 255 255
2 8 6804 943.588 2661.08 9 7178 775.358 2672.31 
-10.6042 18.4187 51.5842
255 255 255
2 8 6813 948.927 2668.5 9 7190 780.367 2680.92 
-10.2976 18.6245 51.218
255 255 255
2 8 6837 993.479 2690.97 9 7218 824.012 2704.98 
-3.19552 -5.02527 59.6475
255 255 255
2 8 6924 961.454 397.53 9 7320 913.062 381.38 
-5.96824 -5.30466 54.7985
255 255 255
2 8 6929 1055.41 403.371 17 9455 1065.06 389.626 
-0.757475 -4.67508 57.8001
255 255 255
2 8 6947 1196.68 422.094 9 7334 1152.99 400.424 
-4.15345 -4.6819 59.8606
255 255 255
2 8 6952 894.417 427.576 9 7346 840.598 412.771 
-1.28694 -4.53276 57.9393
255 255 255
2 8 6955 1159.84 434.745 9 7348 1112.5 414.247 
-1.2809 -4.42351 57.7982
255 255 255
2 8 6963 1167.79 444.047 9 7353 1119.32 423.045 
0.555956 -4.24899 56.6911
255 255 255
2 8 6972 1329.16 454.081 9 7359 1289.43 429.93 
-5.12223 -4.20741 59.2775
255 255 255
2 8 6994 865.871 471.897 9 7393 797.16 458.056 
-5.91549 -4.50679 54.9681
255 255 255
2 8 6995 1049.44 471.58 17 9589 1062.74 456.304 
-6.10876 -4.16064 59.8588
255 255 255
2 8 7002 775.659 478.404 9 7403 705.599 464.961 
-6.12573 -4.06221 59.7767
255 255 255
2 8 7016 778.736 486.858 9 7417 707.734 473.232 
-5.79278 -4.03841 59.7802
255 255 255
2 8 7018 799.249 486.94 9 7418 731.322 473.268 
-6.30168 -3.99551 59.8164
255 255 255
2 8 7023 765.796 492.773 9 7428 693.896 479.687 
-1.54984 -3.78615 56.9427
255 255 255
2 8 7034 1199.49 499.548 9 7423 1140.6 478.269 
-7.10796 -4.17515 55.9783
255 255 255
2 8 7041 916.49 502.756 17 9680 930.895 487.831 
-4.96601 -3.82043 58.9321
255 255 255
2 8 7046 893.172 504.757 9 7445 822.796 488.676 
-6.8969 -4.13808 55.9516
255 255 255
2 8 7047 931.609 505.085 17 9683 946.917 489.291 
-2.85273 -3.74658 57.8986
255 255 255
2 8 7049 1073.08 505.175 9 7438 1011.43 485.299 
-6.08586 -3.72369 59.5767
255 255 255
2 8 7067 791.359 515.257 9 7473 719.08 500.803 
-5.47 -3.70163 58.915
255 255 255
2 8 7072 863.28 516.796 9 7476 788.171 501.844 
-7.06892 -3.99994 56.0802
255 255 255
2 8 7073 913.45 517.203 17 9723 929.139 501.816 
-8.13522 -3.70893 60.8462
255 255 255
2 8 7079 598.264 520.571 9 7492 525.407 509.87 
-7.02975 -3.51224 59.922
255 255 255
2 8 7097 714.635 536.149 9 7499 639.153 522.073 
-8.87024 -3.05648 60.6189
255 255 255
2 8 7125 561.067 579.517 9 7531 480.858 568.938 
-8.66746 -2.9314 60.1795
255 255 255
2 8 7136 595.899 591.034 9 7539 511.417 580.434 
-8.50437 -2.78751 59.784
255 255 255
2 8 7146 626.141 604.841 9 7545 537.878 592.957 
-10.3186 -0.473996 60.7344
255 255 255
2 8 7251 458.153 803.822 21 5426 781.494 786.233 
-5.00623 0.0292119 54.8963
255 255 255
2 8 7297 1112.92 855.09 9 7651 1001.45 838.45 
-5.16186 0.0322171 55.0192
255 255 255
2 8 7298 1096.21 855.516 9 7653 984.512 839.173 
-5.08407 0.535188 54.7761
255 255 255
6 8 7332 1114.9 900.695 9 7692 1002.52 884.343 10 7813 793.547 875.971 14 7181 1375.85 903.322 16 6194 1419.53 880.752 21 5475 1360.34 884.129 
-4.80475 0.679901 54.4326
255 255 255
2 8 7342 1152.71 913.799 9 7704 1039.59 897.67 
-4.89442 0.833881 54.4604
255 255 255
2 8 7352 1145.64 927.794 9 7714 1032.28 911.653 
-4.79717 0.881791 54.3372
255 255 255
2 8 7359 1158.91 932.003 9 7723 1045.24 916.398 
-4.95457 1.15218 54.4111
255 255 255
6 8 7389 1145.66 955.524 9 7759 1031.39 940.43 10 7861 813.319 932.147 14 7255 1401.55 957.261 16 6252 1443.79 934.06 21 5514 1387.05 937.411 
-4.9016 1.21711 54.3119
255 255 255
3 8 7401 1154.28 961.227 9 7769 1039.83 947.449 14 7270 1410.21 963.886 
-4.77008 1.27711 54.2175
255 255 255
2 8 7409 1167.9 966.533 9 7777 1054.14 952.602 
-7.83321 1.21318 55.8702
255 255 255
2 8 7416 877.419 976.484 9 7786 750.747 961.736 
-8.93699 1.17207 56.5087
255 255 255
4 8 7417 768.854 978.081 9 7788 638.77 962.694 14 7297 1150.2 982.369 21 5548 1146.58 963.911 
-8.88954 1.23698 56.3744
255 255 255
2 8 7424 778.825 984.808 9 7796 648.467 969.561 
-4.83988 1.6211 54.0646
255 255 255
2 8 7442 1172.84 998.975 9 7807 1057.31 985.315 
-4.60791 1.76852 53.9954
255 255 255
2 10 7931 854.579 986.463 17 10487 1225.52 988.767 
-10.2233 1.70091 58.1056
255 255 255
2 8 7455 595.48 1018.92 9 7816 479.809 1003.92 
-4.68945 1.84949 53.843
255 255 255
2 8 7457 1195.41 1019.8 9 7818 1079.6 1006.3 
-4.54387 1.9194 53.675
255 255 255
2 8 7460 1214.43 1026.35 9 7823 1098.52 1012.74 
-4.69713 1.97311 53.7988
255 255 255
2 8 7467 1197.65 1031.18 9 7826 1081.56 1017.82 
-4.35341 2.03324 53.5462
255 255 255
2 8 7469 1233.89 1035.43 9 7830 1119.09 1022.22 
-4.43437 2.29372 53.5142
255 255 255
3 8 7490 1231.01 1058.78 9 7847 1115.69 1046.33 10 7970 880.681 1038.3 
-6.8898 2.39 54.8933
255 255 255
2 8 7508 995.112 1080.69 9 7860 868.607 1066.77 
-6.76598 2.39578 54.8169
255 255 255
3 8 7509 1007.36 1080.89 10 7983 664.227 1059.04 17 10569 1037.92 1061.87 
-7.96322 2.37166 55.5357
255 255 255
2 8 7514 888.028 1084.09 9 7865 758.507 1069.67 
-4.38777 2.95009 53.2233
255 255 255
2 8 7545 1251.91 1119.3 9 7910 1135.39 1108.55 
-4.54931 3.13921 53.3611
255 255 255
2 8 7572 1233.72 1136.82 9 7924 1117.59 1124.57 
-10.1193 3.15749 56.9256
255 255 255
4 8 7605 665.126 1162.15 14 7509 1068.92 1169 16 6487 1171.06 1143.38 21 5702 1069.68 1148.2 
-4.77021 3.44829 53.2831
255 255 255
2 8 7612 1225.11 1166.64 9 7971 1105.95 1157.4 
-8.08316 3.26302 55.2288
255 255 255
2 8 7614 897.826 1168.21 9 7968 765.067 1155.4 
-9.97552 3.20905 56.6354
255 255 255
4 8 7615 690.949 1169.12 9 7966 558.898 1153.74 14 7522 1096.55 1175.02 16 6499 1197.45 1149.37 
-11.1276 3.51264 58.5396
255 255 255
5 8 7627 510.692 1181.75 9 7985 398.242 1166.61 14 7543 902.628 1193.5 16 6524 1012.92 1171.28 21 5729 906.41 1174.52 
-10.0567 3.42263 56.6802
255 255 255
2 8 7637 682.754 1188.63 14 7546 1088.8 1194.52 
-11.1973 3.6406 58.6234
255 255 255
5 8 7640 501.336 1193.1 9 8001 390.37 1177.84 14 7557 892.591 1204.57 16 6536 1003.61 1182.58 21 5739 895.93 1185.54 
-11.228 3.75938 58.6344
255 255 255
5 8 7647 498.63 1202.74 9 8011 388.023 1187.78 14 7568 889.389 1216.1 16 6550 1001.03 1194.09 21 5750 893.475 1197.07 
-7.81792 3.65875 54.7297
255 255 255
3 8 7652 944.043 1207.9 9 8017 808.648 1195.31 10 8145 584.567 1184.06 
-5.33659 3.9973 53.3336
255 255 255
2 8 7667 1187.13 1222.4 9 8043 1063.15 1213.09 
-9.58003 3.93677 55.9118
255 255 255
2 8 7694 758.052 1239.14 9 8064 621.332 1224.94 
-9.20176 4.00055 55.5899
255 255 255
2 8 7702 802.049 1244.36 9 8075 664.602 1230.76 
-10.2183 4.05421 56.5887
255 255 255
5 3 5558 1414.75 1300.15 8 7707 676.787 1247.51 9 8076 543.415 1232.41 14 7614 1086.75 1254.9 16 6593 1191.07 1229.06 
-10.1275 4.16061 56.419
255 255 255
4 8 7717 692.328 1258.72 14 7633 1102.73 1266.03 16 6606 1206.27 1239.17 21 5801 1102.92 1244.05 
-9.28562 4.15883 55.6348
255 255 255
2 8 7718 793.848 1259.04 9 8091 656.67 1245.29 
-4.9125 4.64052 52.8287
255 255 255
2 8 7739 1244.71 1280.35 9 8119 1121.64 1273.15 
-11.3141 4.59248 58.0618
255 255 255
2 8 7744 521.839 1287.21 21 5839 932.504 1280.86 
-10.3429 4.49148 56.5484
255 255 255
3 8 7748 670.849 1289.25 9 8121 536.892 1274.42 14 7660 1082.95 1297.35 
-11.3004 4.79358 57.8826
255 255 255
2 8 7768 532.138 1307.42 9 8143 412.06 1291.8 
-11.344 4.80855 57.8962
255 255 255
4 8 7772 528.28 1309.24 14 7695 938.908 1323.8 16 6666 1054.14 1300.69 21 5871 944.025 1303.64 
-10.4171 4.80239 56.45
255 255 255
2 8 7786 670.516 1320.05 9 8165 536.201 1304.82 
-10.4706 5.67319 56.3581
255 255 255
2 8 7919 672.141 1401.52 17 11080 706.065 1384.7 
-11.5297 6.86699 56.4722
255 255 255
2 8 8060 590.865 1523.27 17 11233 625.437 1509.75 
-5.09393 7.10276 50.2671
255 255 255
2 8 8096 1397.92 1550.35 17 11259 1429.33 1531.51 
-11.5424 7.24413 56.6016
255 255 255
2 8 8099 583.263 1554.34 14 7968 1021.87 1570.06 
-5.14691 7.32319 50.0792
255 255 255
2 8 8127 1407.14 1576.19 17 11286 1438.11 1555.81 
-5.32337 7.90659 50.0832
255 255 255
2 8 8188 1396.03 1632.69 17 11347 1427.93 1612.46 
-9.28083 8.00275 53.8906
255 255 255
2 8 8193 896.124 1637.66 9 8544 744.022 1629.17 
-9.50156 8.17228 53.9086
255 255 255
2 8 8221 879.82 1657.49 9 8570 725.97 1647.95 
-9.99576 9.13356 54.0852
255 255 255
2 8 8381 835.486 1750.21 9 8692 681.702 1741.06 
-9.58435 9.43384 54.7164
255 255 255
2 8 8382 828.029 1752.09 17 11566 867.841 1737.13 
-9.76949 9.16336 53.7817
255 255 255
2 8 8388 869.158 1755.56 9 8702 713.349 1747.07 
-9.38936 9.45039 54.3739
255 255 255
2 8 8390 861.276 1757.96 17 11576 900.023 1742.24 
-11.9311 9.91445 55.5564
255 255 255
2 8 8448 613.56 1827.08 9 8743 465.236 1810.06 
-11.8653 10.0665 55.4454
255 255 255
2 8 8464 624.635 1841.95 9 8753 475.595 1825.69 
-11.6647 10.3435 55.5425
255 255 255
2 8 8476 634.222 1857.2 17 11672 673.708 1845.86 
-12.1773 10.297 55.6676
255 255 255
2 8 8484 589.722 1863.11 9 8775 441.868 1847.32 
-11.6762 10.3716 55.0915
255 255 255
3 8 8505 658.459 1873.74 14 8306 1120.52 1883.41 16 7233 1248.31 1855.03 
-9.20539 10.7313 53.8008
255 255 255
2 8 8515 908.243 1880.14 17 11708 948.696 1867.94 
-11.671 10.5279 55.0676
255 255 255
2 8 8528 660.273 1888.05 9 8803 508.352 1874.82 
-11.6713 10.6585 54.9953
255 255 255
2 8 8554 664.386 1902.37 9 8819 511.768 1888.04 
-11.6438 10.7062 54.7983
255 255 255
2 8 8568 677.514 1911.32 9 8832 522.062 1897.47 
-11.5503 10.7832 54.7536
255 255 255
4 8 8579 686.863 1917.44 14 8403 1150.06 1922.95 16 7303 1275.98 1893.04 21 6535 1156.94 1892.96 
-7.22417 10.9764 51.5116
255 255 255
2 8 8581 1181.93 1916.52 9 8876 1030.82 1923.13 
-8.6839 11.1459 53.3611
255 255 255
2 8 8583 970.307 1917.65 17 11765 1012.02 1902.07 
-11.6064 10.8676 54.8391
255 255 255
2 14 8418 1139.88 1928.8 17 11786 715.035 1910 
-8.54732 11.1803 53.1868
255 255 255
2 8 8596 990.062 1922.33 17 11776 1031.57 1906.14 
-7.80448 11.1451 52.3415
255 255 255
2 8 8604 1091.58 1924.15 17 11780 1132.02 1906.84 
-11.862 10.9141 55.0346
255 255 255
2 8 8611 648.467 1928.35 9 8854 495.269 1914.38 
-11.5042 10.8846 54.595
255 255 255
5 8 8615 699.668 1929.01 9 8860 542.311 1916.55 14 8427 1164.12 1933.75 16 7320 1289.42 1903.55 21 6546 1171.47 1903.79 
-11.6118 11.0101 54.6872
255 255 255
5 8 8636 687.087 1940.68 9 8886 529.872 1927.01 14 8441 1151.79 1946.34 16 7335 1278.72 1916.59 21 6567 1160.12 1917.4 
-11.9381 11.0897 55.0003
255 255 255
2 8 8653 644.919 1947.8 9 8890 491.038 1931.92 
-11.8799 11.0816 54.8802
255 255 255
2 8 8654 655.934 1948.49 9 8895 500.564 1933.99 
-11.0845 11.3265 54.9422
255 255 255
2 8 8655 710.519 1947.47 17 11835 751.73 1935.07 
-12.1209 11.1094 55.0939
255 255 255
2 8 8664 626.291 1950.53 9 8897 472.029 1935.59 
-11.5556 11.1688 54.5732
255 255 255
4 8 8675 697.033 1956.8 14 8473 1162.12 1961.13 16 7357 1288.4 1931.17 21 6590 1169.31 1930.43 
-11.5258 11.3223 54.5497
255 255 255
2 14 8495 1163.02 1972.81 17 11885 737.725 1956.39 
-9.83464 11.7228 53.7958
255 255 255
2 8 8738 865.439 1984.57 17 11914 906.361 1970.26 
-9.15872 11.5202 52.4536
255 255 255
2 8 8749 992.814 1987.98 9 8990 831.756 1987.77 
-10.0632 11.8628 54.0062
255 255 255
2 8 8767 837.197 1996.11 17 11941 878.794 1983.16 
-9.62408 11.5743 52.7576
255 255 255
2 8 8768 941.954 1996.47 9 9002 779.933 1993.5 
-12.145 11.7457 54.8468
255 255 255
2 8 8794 638.923 2015.47 9 9013 482.361 2000.81 
-7.85581 12.115 52.0792
255 255 255
2 8 8797 1104.79 2018.34 17 11963 1146.78 2001.61 
-7.61219 12.0015 51.3161
255 255 255
2 8 8808 1168.98 2022.7 9 9071 1013.26 2032.05 
-8.31991 11.9649 51.7282
255 255 255
2 8 8813 1095.41 2026.6 9 9069 935.954 2031.88 
-9.27527 12.3112 53.5512
255 255 255
2 8 8818 919.122 2028.96 17 11988 962.999 2015.37 
-8.11646 12.2683 52.2754
255 255 255
2 8 8828 1075.22 2032.95 17 12000 1117.46 2016.55 
-7.79202 12.0902 51.4137
255 255 255
2 8 8829 1150.81 2032.79 9 9098 994.355 2041.08 
-7.89848 12.2285 51.8807
255 255 255
2 8 8836 1114.35 2034.77 17 12009 1155.48 2018.71 
-12.1182 11.9738 54.7335
255 255 255
2 8 8845 647.472 2038.89 9 9052 490.084 2023.97 
-7.95877 12.2254 51.7795
255 255 255
2 8 8849 1116.64 2038.85 17 12026 1156.94 2022.98 
-7.79874 12.293 51.8099
255 255 255
2 8 8854 1125.47 2039.97 17 12027 1166.94 2023.76 
-9.20578 12.294 53.0336
255 255 255
2 8 8856 954.796 2041.07 17 12033 996.09 2026.15 
-9.47891 11.9964 52.3767
255 255 255
2 8 8857 975.56 2041.13 9 9097 810.841 2041.02 
-12.1247 12.0155 54.6775
255 255 255
3 8 8867 650.12 2044.22 14 8674 1130.44 2053.9 16 7538 1264.44 2024.12 
-9.18006 12.4525 53.342
255 255 255
2 8 8869 938.2 2045.22 17 12046 981.809 2031.03 
-8.51986 12.1 51.6754
255 255 255
2 8 8871 1085.21 2045.12 9 9128 922.708 2050.81 
-7.79486 12.2286 51.4247
255 255 255
2 8 8872 1149.96 2045.14 9 9137 994.141 2053.23 
-7.91274 12.207 51.3927
255 255 255
2 8 8875 1144.1 2046.97 9 9142 986.088 2055.24 
-7.71501 12.2539 51.3051
255 255 255
2 8 8884 1162.89 2048.6 9 9150 1006.52 2057.51 
-9.77477 12.0958 52.6684
255 255 255
4 4 15500 982.091 2228.84 8 8886 938.462 2049.85 9 9115 775.448 2048.2 16 4644 1465.36 1984.22 
-8.13774 12.2235 51.468
255 255 255
2 8 8889 1124.21 2052.18 9 9154 964.267 2059.67 
-12.2354 12.0975 54.7278
255 255 255
4 8 8890 639.231 2052.81 14 8697 1122.08 2063.68 16 7559 1257.89 2034.42 21 6811 1132.45 2033.23 
-8.04795 12.2256 51.3721
255 255 255
2 8 8892 1136.33 2052.7 9 9157 976.21 2060.81 
-9.86059 12.1428 52.7133
255 255 255
4 8 8895 928.477 2054.32 9 9132 764.696 2051.8 16 7475 1459.91 1991.18 21 6729 1355.92 1994.53 
-9.50774 12.1017 52.3016
255 255 255
2 8 8896 978.211 2053.53 9 9139 812.317 2053.67 
-8.32547 12.4392 52.1587
255 255 255
2 8 8905 1068.41 2056.59 17 12081 1109.59 2040.74 
-7.86799 12.5764 52.1618
255 255 255
2 8 8906 1099.03 2057.2 17 12079 1142.88 2040.24 
-9.26504 12.5331 53.1971
255 255 255
2 8 8911 941.04 2058.96 17 12090 983.74 2044.22 
-9.02832 12.5662 53.0866
255 255 255
2 8 8912 963.983 2058.97 17 12091 1007.25 2044.14 
-8.05664 12.5605 52.2068
255 255 255
2 8 8914 1083.6 2059.2 17 12087 1126.72 2042.73 
-9.26798 12.2171 52.2202
255 255 255
2 8 8916 999.962 2059.75 9 9159 836.291 2061.52 
-9.34611 12.2464 52.2677
255 255 255
2 8 8923 991.621 2063.38 9 9166 827.81 2064.18 
-7.87879 12.5663 51.9148
255 255 255
2 8 8925 1113.66 2063.63 17 12098 1156.16 2046.73 
-7.72434 12.4211 51.2033
255 255 255
4 8 8932 1168.79 2066.73 9 9191 1011.56 2076.7 10 9284 709.407 2072.65 18 12191 658.094 2060.83 
-7.78055 12.6615 51.8358
255 255 255
2 8 8940 1125.19 2071.6 17 12115 1168.08 2054.94 
-9.9027 12.3534 52.7023
255 255 255
4 8 8945 926.677 2074.6 9 9184 762.224 2072.75 16 7511 1458.49 2011.09 21 6763 1354.13 2013.82 
-7.66698 12.7022 51.7204
255 255 255
2 8 8946 1140 2075.39 17 12124 1183 2058.98 
-7.97096 12.7835 52.046
255 255 255
2 8 8957 1099.4 2081.12 17 12138 1142.83 2064.92 
-7.17715 12.7027 51.0321
255 255 255
2 8 8959 1216.07 2081.47 9 9227 1064.87 2095 
-7.78668 12.7953 51.8609
255 255 255
2 8 8960 1123.26 2083.12 17 12143 1166.68 2065.93 
-8.68887 12.8478 52.6938
255 255 255
2 8 8966 1011.1 2086.47 17 12156 1054.72 2071.26 
-8.54285 12.8603 52.5504
255 255 255
2 8 8973 1029.78 2087.88 17 12158 1073.36 2072.69 
-8.16844 12.9687 52.5146
255 255 255
2 8 8976 1057.32 2088.91 17 12159 1102.82 2073.04 
-8.64834 12.5613 51.6957
255 255 255
2 8 8977 1075.36 2089.35 9 9226 913.081 2095.36 
-8.01948 12.889 52.0758
255 255 255
2 8 8980 1094.34 2090.8 17 12163 1138.03 2074.71 
-9.66826 12.5318 52.4463
255 255 255
6 4 15640 1010.71 2279.99 8 8983 958.584 2092.35 9 9220 793.883 2092.82 14 5548 1377.07 2059.99 16 4728 1480.77 2022.05 21 4211 1378.86 2025.21 
-11.3118 12.531 53.8161
255 255 255
2 8 8989 759.534 2094.8 9 9206 597.55 2085.81 
-8.13345 12.9395 52.1449
255 255 255
2 8 8993 1082.42 2096.28 17 12177 1126.08 2080.17 
-7.99855 12.9167 51.9083
255 255 255
2 8 8998 1106.17 2097.75 17 12181 1149.19 2081.29 
-8.66961 12.8731 52.3046
255 255 255
2 8 9003 1036.23 2099.94 17 12186 1077.95 2084.02 
-8.39806 12.9616 52.3336
255 255 255
2 8 9004 1052.93 2099.52 17 12187 1096.38 2083.89 
-6.85765 12.7269 50.1654
255 255 255
2 8 9010 1293.27 2101.8 17 12189 1332.87 2083.62 
-8.05632 13.0349 52.003
255 255 255
2 8 9015 1096.44 2106.77 17 12200 1140.05 2090.67 
-8.14492 13.0674 52.1216
255 255 255
2 8 9021 1083.14 2108.28 17 12204 1127.04 2092.68 
-9.56075 13.0222 53.2154
255 255 255
2 8 9024 919.753 2108.87 17 12211 962.824 2095.06 
-8.54392 13.1125 52.4077
255 255 255
2 8 9033 1038.56 2114.18 17 12219 1082.2 2099.27 
-8.25416 13.1214 52.164
255 255 255
2 8 9034 1073.18 2114.7 17 12220 1116.95 2099.15 
-12.4923 12.726 54.7264
255 255 255
2 8 9035 620.943 2115.73 9 9239 461.95 2100.7 
-8.83835 12.8204 51.7385
255 255 255
2 8 9036 1059.79 2116.02 9 9289 896.497 2122.52 
-8.46378 13.1392 52.3289
255 255 255
2 8 9039 1048.85 2116.87 17 12224 1092.54 2101.65 
-8.11785 13.4023 51.0659
255 255 255
2 8 9115 1151.45 2168.98 9 9374 990.123 2179.76 
-9.72317 13.3042 52.2331
255 255 255
4 8 9120 968.166 2170.2 9 9354 802.347 2170.92 14 5680 1387.22 2132.52 21 4340 1388.81 2096.43 
-9.01688 13.7302 52.5722
255 255 255
2 8 9134 996.516 2176.58 17 12320 1040.83 2161.39 
-8.60918 13.4501 51.3025
255 255 255
4 8 9138 1103.41 2178.12 9 9395 938.503 2189.06 14 5665 1487.1 2124.7 21 4327 1485.89 2089.12 
-8.23785 13.7654 51.8611
255 255 255
2 8 9139 1093.33 2180.04 17 12326 1137.7 2164.48 
-9.95243 13.4312 52.3482
255 255 255
2 8 9145 944.969 2182.94 9 9379 778.769 2184.48 
-9.21859 13.767 52.6468
255 255 255
2 8 9146 978.12 2182.59 17 12330 1022.03 2168.38 
-8.32873 13.8019 51.9351
255 255 255
2 8 9150 1082.61 2183.63 17 12331 1127.04 2167.84 
-8.63345 13.5303 51.2594
255 255 255
2 8 9158 1104.22 2189.26 9 9408 939.122 2197.33 
-8.37872 13.6155 51.1174
255 255 255
2 8 9167 1130.62 2193.09 9 9420 967.138 2204.56 
-9.94312 13.58 52.2799
255 255 255
2 8 9172 949.892 2198.08 9 9412 783.26 2200.12 
-9.78007 13.5994 52.1611
255 255 255
4 8 9173 968.7 2198.48 9 9413 802.439 2201.05 14 5735 1389.31 2162.63 21 4377 1391.76 2126.08 
-12.066 13.5248 53.8713
255 255 255
2 8 9178 702.045 2202.37 9 9396 535.867 2191.37 
-8.33529 13.9921 51.8601
255 255 255
2 8 9179 1086.9 2202.47 17 12362 1131.53 2187.41 
-8.21665 14.0031 51.7767
255 255 255
2 8 9181 1100.11 2202.86 17 12363 1144.92 2187.44 
-6.95828 13.8079 49.8311
255 255 255
2 8 9193 1308.8 2210.79 17 12369 1349.8 2193.23 
-8.00125 14.1804 50.8421
255 255 255
2 8 9236 1173.8 2241.62 9 9488 1013.67 2255.41 
-10.3332 13.991 52.3555
255 255 255
2 8 9241 917.927 2244.21 9 9470 749.092 2243.63 
-10.5103 13.9995 52.4752
255 255 255
2 8 9245 898.065 2245.22 9 9472 728.855 2245.55 
-8.01505 14.2938 50.7448
255 255 255
2 8 9257 1179.17 2253.91 9 9515 1017.74 2270.62 
-9.8401 14.5161 52.9317
255 255 255
2 8 9262 918.207 2256.69 17 12429 963.315 2242.72 
-8.24508 14.3027 50.8397
255 255 255
2 8 9269 1157.58 2259.06 9 9523 994.382 2273.34 
-8.09282 14.3384 50.7912
255 255 255
2 8 9270 1170.97 2258.77 9 9528 1009.29 2274.94 
-10.6911 14.1592 52.5757
255 255 255
2 8 9276 879.163 2261.77 9 9501 709.935 2260.63 
-10.2937 14.24 52.2084
255 255 255
2 8 9290 929.886 2269.54 9 9517 760.042 2270.9 
-10.7833 14.2844 52.5677
255 255 255
2 8 9301 873.132 2275.75 9 9527 703.068 2274.65 
-6.90705 14.3782 49.158
255 255 255
2 8 9311 1357.09 2280.6 17 12470 1397.06 2264.36 
-10.3356 14.3454 52.1518
255 255 255
2 8 9313 930.445 2281.94 9 9543 759.533 2283.57 
-6.85763 14.3594 48.6241
255 255 255
2 8 9351 1396.61 2294.79 17 12504 1434.27 2278.11 
-8.70061 14.9623 51.8502
255 255 255
2 8 9360 1063.11 2298.16 17 12515 1109.08 2283.36 
-11.8971 14.5146 53.4273
255 255 255
2 8 9364 741.37 2299.76 14 9020 1222.58 2293.98 
-7.18227 14.9299 49.6659
255 255 255
2 8 9402 1305.03 2321.92 17 12551 1347.7 2305.07 
-11.3122 14.8903 52.7993
255 255 255
6 4 16189 850.586 2571.36 8 9418 821.355 2337.53 9 9628 650.226 2335.12 14 5941 1287.98 2317.12 16 5127 1413.87 2280.57 21 4553 1296.43 2279.51 
-11.0804 15.044 52.6473
255 255 255
2 8 9425 847.534 2349.72 9 9649 677.874 2347.72 
-8.54787 15.2218 50.6314
255 255 255
2 8 9431 1150.66 2355.94 9 9675 983.485 2372.59 
-11.5926 15.2331 52.8836
255 255 255
3 8 9449 796.438 2373.15 14 9089 1270.95 2356.04 16 7924 1401.07 2320.85 
-7.46639 15.5399 49.9109
255 255 255
2 8 9451 1270.08 2376.02 17 12612 1314.4 2359.97 
-7.39555 15.5271 49.8253
255 255 255
2 8 9452 1280.4 2375.77 17 12611 1324.64 2359.29 
-8.33582 15.7477 51.097
255 255 255
2 8 9456 1135.38 2380.97 17 12615 1181.79 2365.65 
-8.25898 15.9978 51.0932
255 255 255
2 8 9469 1140.85 2400.33 17 12629 1188.44 2385.57 
-8.91092 15.7396 50.6271
255 255 255
2 8 9479 1126.27 2412.97 9 9745 955.834 2429.63 
-12.2381 15.6341 53.337
255 255 255
2 8 9480 722.588 2413.63 9 9710 552.883 2404.26 
-10.8713 15.6788 52.175
255 255 255
2 8 9483 891.678 2415.87 9 9725 719.206 2417.18 
-8.82436 15.8386 50.5522
255 255 255
2 8 9489 1137.04 2421.35 9 9761 967.052 2439.31 
-8.47459 16.2495 51.1845
255 255 255
2 8 9494 1120.59 2425.96 17 12654 1168.39 2410.84 
-12.4157 15.8272 53.4022
255 255 255
2 8 9505 705.851 2433.17 9 9735 535.842 2424.33 
-8.77058 16.2877 51.3029
255 255 255
2 8 9509 1093.04 2433.77 17 12664 1140.13 2419.84 
-12.5413 15.9287 53.5243
255 255 255
3 8 9518 689.62 2440.76 14 9161 1184.36 2441.3 16 7982 1326.55 2410.51 
-10.9491 16.0483 52.0524
255 255 255
2 8 9548 893.849 2454.91 9 9793 719.713 2457.65 
-12.8348 16.101 53.7217
255 255 255
2 8 9554 656.44 2459.06 9 9778 488.21 2447.27 
-10.6478 16.2788 51.901
255 255 255
2 8 9577 924.88 2471.65 9 9816 753.023 2475.84 
-10.8459 16.2907 51.9832
255 255 255
2 8 9583 905.681 2475.45 9 9821 732.609 2479.59 
-10.0904 16.7053 52.2381
255 255 255
2 8 9586 944.002 2476.97 17 12737 991.266 2466.15 
-9.83465 16.7488 52.1271
255 255 255
2 8 9587 968.713 2477.03 17 12738 1016.67 2465.62 
-13.5449 16.5271 54.8076
255 255 255
2 8 9589 542.398 2479.77 9 9797 386.951 2461.4 
-10.7377 16.4056 51.8826
255 255 255
2 8 9600 919.677 2486.05 9 9841 746.81 2490.68 
-9.96416 16.8671 52.0935
255 255 255
2 8 9610 961.782 2492.65 17 12754 1009.35 2480.98 
-10.5465 16.6465 51.7967
255 255 255
2 8 9621 938.771 2504.06 9 9866 767.85 2510.82 
-13.515 16.7585 54.4098
255 255 255
2 8 9628 567.104 2513.43 9 9848 405.854 2496.52 
-8.33362 17.3316 50.1616
255 255 255
2 8 9655 1195.84 2551.35 17 12785 1242.7 2536.79 
-12.7584 17.1857 53.5965
255 255 255
2 8 9661 670.724 2557.2 9 9897 505.071 2546.7 
-11.3264 17.2091 52.3492
255 255 255
2 8 9665 849.536 2558.93 9 9914 679.825 2560.39 
-7.20196 17.9564 50.1416
255 255 255
2 8 9673 1272.15 2568.14 9 9961 1127.43 2600.2 
-8.5664 17.5807 50.2108
255 255 255
2 8 9682 1176.94 2578.64 17 12808 1223.67 2564.81 
-13.554 17.3478 54.0353
255 255 255
2 8 9683 586.045 2580.58 9 9918 419.944 2564.47 
-12.1434 17.4854 53.0071
255 255 255
2 8 9689 750.979 2584.8 9 9944 583.328 2581.4 
-11.2732 17.5328 52.2935
255 255 255
2 8 9693 857.026 2586.91 9 9955 688.172 2590.9 
-8.67649 17.7185 50.1927
255 255 255
2 8 9701 1170.66 2594.71 17 12828 1217.19 2581.48 
-11.3175 18.0104 52.2634
255 255 255
2 8 9745 856.051 2631.71 9 10019 687.94 2635.74 
-11.1141 18.0549 52.1188
255 255 255
2 8 9748 879.497 2634.13 9 10025 711.716 2640.12 
-11.0283 18.0906 52.0043
255 255 255
2 8 9752 892.646 2638.85 9 10032 724.236 2645.47 
-10.9455 18.1343 51.9011
255 255 255
2 8 9759 904.915 2643.44 9 10037 736.018 2651.66 
-6.00995 -5.69941 63.0825
255 255 255
2 8 9852 626.904 343.815 9 10154 594.207 336.848 
-6.18323 -5.51042 63.0413
255 255 255
2 8 9856 618.191 359.124 9 10161 584.197 352.084 
-3.39413 -5.32691 60.33
255 255 255
2 8 9861 915.361 372.354 9 10163 872.221 357.614 
-0.487554 -5.08729 58.2449
255 255 255
2 8 9868 1187.55 387.502 9 10167 1150.19 365.765 
-2.2653 -5.08066 59.3968
255 255 255
2 8 9870 1027.85 390.559 9 10172 985.281 372.913 
-1.79427 -5.01333 58.9297
255 255 255
2 8 9875 1078.78 395.616 9 10176 1035.79 376.793 
-4.88909 -5.02206 60.573
255 255 255
2 8 9877 814.742 400.565 9 10183 761.979 388.661 
-5.90481 -5.30159 54.8367
255 255 255
2 8 9879 1057.21 403.191 17 13098 1067.38 389.357 
-1.61089 -4.94154 58.7526
255 255 255
2 8 9880 1098.3 402.247 9 10178 1055.56 380.738 
-6.32622 -4.93768 61.7868
255 255 255
2 8 9883 668.048 408.627 9 10190 618.715 399.565 
-0.809294 -4.64449 57.7573
255 255 255
2 8 9901 1196.1 425.197 9 10194 1151.55 402.883 
-1.15861 -4.534 57.9081
255 255 255
2 8 9905 1168.69 434.204 9 10203 1122.34 413.556 
-0.95396 -4.44997 57.6249
255 255 255
2 8 9908 1195.37 440.986 9 10207 1148.35 419.909 
-2.22853 -4.30224 57.9479
255 255 255
2 8 9918 1106.19 457.229 9 10218 1049.88 437.526 
-3.23099 -4.28076 58.4855
255 255 255
2 8 9920 1019.75 461.139 9 10223 959.532 443.334 
0.487315 -4.17318 56.5973
255 255 255
2 8 9921 1330.68 461.127 9 10219 1289.53 436.188 
-5.99587 -4.6103 55.1352
255 255 255
2 8 9923 1034.77 462.283 17 13167 1048.26 447.383 
-5.89135 -4.5098 54.9502
255 255 255
2 8 9930 1051.98 471.26 17 13180 1065.29 455.964 
-5.95667 -4.1823 59.7816
255 255 255
2 8 9936 788.958 476.446 9 10243 719.227 462.423 
-2.27324 -4.08517 57.8843
255 255 255
2 8 9937 1107.09 475.531 9 10235 1050.31 454.676 
-3.4656 -4.05889 58.2653
255 255 255
2 8 9939 1017.68 480.962 9 10244 953.135 463.179 
-6.05274 -4.40805 55.0596
255 255 255
2 8 9940 1035.58 480.972 17 13194 1049.04 464.749 
-5.51804 -4.08554 59.3739
255 255 255
2 8 9944 836.69 483.986 9 10250 765.981 469.069 
-5.84583 -4.04567 59.7353
255 255 255
2 8 9947 798.206 487.001 9 10255 729.23 473.011 
-0.403902 -3.77442 56.3399
255 255 255
2 8 9954 1296.82 497.236 9 10258 1244.09 474.809 
-1.51461 -3.80089 56.9736
255 255 255
2 8 9955 1199.77 498.096 9 10261 1141.57 476.701 
-5.60353 -3.87467 59.3268
255 255 255
2 8 9956 833.92 501.276 9 10271 762.34 487.132 
-6.75554 -3.90905 59.7558
255 255 255
2 8 9958 740.326 502.126 9 10277 663.783 490.013 
-7.08412 -3.7815 60.0265
255 255 255
2 8 9970 706 513.063 9 10293 630.574 501.073 
-6.42168 -3.73683 59.6338
255 255 255
2 8 9974 767.482 515.56 9 10297 692.864 501.766 
-5.49829 -3.68947 58.9229
255 255 255
2 8 9979 861.138 517.864 9 10299 785.891 503.007 
-0.774833 -3.54662 56.2956
255 255 255
2 8 9981 1278.93 517.577 9 10287 1222.24 495.505 
-4.60845 -3.63595 58.2559
255 255 255
2 8 9983 950.189 520.883 9 10304 875.288 504.488 
-7.70768 -3.4528 59.8642
255 255 255
2 8 9998 674.107 544.257 9 10329 591.964 532.6 
-8.7445 -3.13509 60.5515
255 255 255
2 8 10006 572.649 572.578 9 10339 492.274 562.102 
-8.50058 -2.9069 59.8294
255 255 255
2 8 10017 624.103 594.853 9 10348 536.227 582.584 
-5.60086 0.233556 54.2892
255 255 255
2 8 10096 1111.36 884.23 17 13571 1137.43 866.116 
-4.94434 0.976117 54.4515
255 255 255
2 8 10123 1143.2 940.145 9 10435 1029.48 925.23 
-8.86232 0.876125 56.5184
255 255 255
2 8 10128 772.688 951.005 9 10441 643.719 935.875 
-9.99857 1.33383 58.1047
255 255 255
2 8 10145 611.045 983.897 9 10458 496.296 970.089 
-10.3631 1.78481 58.1931
255 255 255
2 8 10159 581.285 1026.39 9 10472 465.882 1012.06 
-10.0841 1.78155 58.0151
255 255 255
2 8 10160 609.856 1025.32 9 10471 494.28 1010.58 
-9.95314 2.53755 57.495
255 255 255
2 8 10190 646.335 1096.3 9 10503 526.121 1082.21 
-4.45118 3.21488 53.2062
255 255 255
2 8 10217 1249.24 1143.26 9 10528 1132.5 1133.28 
-9.95538 3.17215 56.6266
255 255 255
4 8 10232 692.67 1165.43 14 10004 1098.24 1171.68 16 8734 1199.1 1145.86 21 7804 1097.93 1151.47 
-8.07171 3.25373 55.2303
255 255 255
2 8 10233 898.488 1167.35 9 10543 765.873 1154.25 
-10.1384 3.41062 56.6146
255 255 255
2 8 10243 680.558 1190.03 9 10561 547.586 1173.56 
-11.1844 3.67383 58.5946
255 255 255
5 8 10245 503.399 1196.34 9 10563 392.791 1180.77 14 10031 894.733 1207.87 16 8765 1006.05 1185.83 21 7829 898.787 1188.62 
-8.06303 3.90399 54.7664
255 255 255
2 8 10266 925.895 1232.29 9 10594 788.531 1219.55 
-6.1045 4.04589 53.6808
255 255 255
2 8 10268 1117.7 1233.23 17 13896 1150.34 1213.03 
-10.0001 3.97139 56.3211
255 255 255
3 8 10279 706.196 1241.64 9 10602 571.974 1227.16 14 10067 1115.7 1248.1 
-9.15516 3.98568 55.5797
255 255 255
2 8 10280 805.798 1242.68 9 10604 668.68 1228.76 
-11.2315 4.15713 58.2605
255 255 255
2 8 10282 517.406 1244.3 9 10603 402.122 1228.4 
-8.74399 4.05183 55.2167
255 255 255
2 8 10284 854.319 1248.53 9 10610 716.432 1234.76 
-10.1234 4.17295 56.3922
255 255 255
2 8 10291 694.001 1260.58 14 10085 1104.75 1266.98 
-10.2924 4.58705 56.4917
255 255 255
3 8 10324 677.957 1297.19 9 10650 543.147 1282.94 14 10125 1088.04 1306.75 
-10.4648 4.65448 56.6591
255 255 255
6 3 7418 1402.04 1363.72 8 10326 657.46 1304.99 9 10653 523.469 1288.88 14 10134 1069.17 1312.04 16 8854 1175.74 1285.94 21 7905 1071.58 1290.73 
-10.5209 4.80599 56.617
255 255 255
3 8 10340 654.131 1318.83 9 10671 521.488 1304.32 14 10151 1069.91 1327.29 
-10.3963 4.8001 56.486
255 255 255
4 8 10341 670.393 1319.06 9 10672 536.225 1303.96 14 10152 1083.95 1326.47 16 8869 1191.26 1300.22 
-10.5329 4.86409 56.6226
255 255 255
2 8 10349 653.038 1324.6 14 10157 1068.57 1332.65 
-10.3729 4.89474 56.3769
255 255 255
3 8 10355 677.424 1328.72 9 10682 543.039 1314.18 14 10161 1093.35 1336.19 
-9.28043 4.98937 55.3051
255 255 255
5 8 10372 814.173 1338.41 9 10705 672.617 1325.71 14 10165 1209.59 1339.2 16 8879 1304.55 1312.88 21 7933 1207.03 1315.45 
-5.16333 5.19711 51.6044
255 255 255
2 8 10394 1305.93 1354.54 17 14024 1336.94 1334.91 
-9.02232 5.45591 55.8218
255 255 255
2 8 10408 802.114 1366.9 17 14043 837.795 1350.4 
-9.45581 5.34246 55.3092
255 255 255
4 8 10413 801.044 1372.86 9 10752 660.372 1360.05 14 10197 1202.52 1374.16 21 7968 1200.68 1350.8 
-10.3937 5.61788 56.3412
255 255 255
2 8 10432 678.459 1395.49 17 14066 712.389 1378.86 
-10.5278 5.7731 56.3514
255 255 255
2 8 10450 668.508 1411.4 17 14087 702.496 1394.82 
-10.7323 5.97929 56.3542
255 255 255
2 8 10473 653.967 1432.85 17 14113 687.867 1417.2 
-10.6801 6.1175 56.2725
255 255 255
2 8 10488 662.185 1445.89 17 14129 696.226 1430.03 
-10.7527 6.13405 56.2801
255 255 255
2 8 10490 656.624 1448.18 17 14132 690.49 1433.03 
-6.81639 6.61764 53.0269
255 255 255
2 8 10511 1112.58 1484.69 9 10840 973.879 1477.69 
-11.2261 6.72745 56.4676
255 255 255
2 8 10519 612.959 1505.17 9 10845 476.666 1489.3 
-11.3059 6.86118 56.592
255 255 255
2 8 10522 600.659 1515.24 9 10851 465.904 1500.66 
-5.26516 7.80538 50.0916
255 255 255
2 8 10595 1399.09 1621.8 17 14248 1431.03 1602.11 
-6.20097 8.08188 52.0054
255 255 255
2 8 10599 1216.29 1622.66 9 10929 1076.14 1624.78 
-6.57443 8.15394 52.205
255 255 255
5 8 10606 1179.63 1633.18 9 10937 1037.88 1632.78 14 8007 1494.99 1601.59 17 14256 1215.62 1615.07 21 6163 1486.05 1572.02 
-8.73166 8.3 54.4901
255 255 255
2 8 10609 899.035 1639.31 17 14264 937.536 1623.22 
-6.35373 8.23501 52.0391
255 255 255
2 8 10610 1204.41 1638.88 9 10942 1063.18 1640.7 
-11.8232 8.31631 56.3866
255 255 255
2 8 10632 575.093 1660.64 9 10946 436.526 1643.6 
-8.9309 8.29925 53.5856
255 255 255
2 8 10635 938.463 1663.71 9 10957 786.793 1657.49 
-8.60757 8.67636 54.4634
255 255 255
2 8 10644 909.224 1671.02 17 14298 949.32 1654.07 
-7.15841 8.46611 52.3864
255 255 255
2 8 10645 1130.36 1670.46 14 8046 1467.12 1638.1 
-9.64864 9.10023 53.6688
255 255 255
2 8 10737 884.241 1749.83 9 11035 727.87 1742 
-9.75837 9.15971 53.7807
255 255 255
2 8 10741 869.997 1754.91 9 11040 714.281 1746.64 
-9.78143 9.22874 53.9097
255 255 255
2 8 10744 860.855 1758.41 9 11047 707.12 1750.09 
-6.86682 9.42398 51.8548
255 255 255
2 8 10745 1183.15 1760.83 9 11058 1036.45 1763.78 
-9.13994 9.39324 53.1902
255 255 255
2 8 10752 948.267 1776.76 9 11059 791.606 1771.32 
-7.2776 9.68029 52.0254
255 255 255
2 8 10759 1145.59 1788.77 9 11068 996.608 1791.25 
-11.7419 9.68246 55.6574
255 255 255
2 8 10764 621.706 1797.42 17 14403 659.498 1785.31 
-7.47927 9.95566 51.9989
255 255 255
2 8 10772 1134.01 1818.85 9 11079 982.887 1821.25 
-11.8589 10.0121 55.6597
255 255 255
2 8 10775 613.303 1829.11 17 14423 651.74 1817.67 
-7.25194 10.205 51.827
255 255 255
2 8 10778 1159.92 1840.19 9 11087 1010.26 1844.05 
-8.95391 10.4156 53.8075
255 255 255
2 8 10785 924.942 1847.82 17 14432 965.526 1832.12 
-7.20522 10.3987 51.7147
255 255 255
2 8 10795 1170.14 1859.33 9 11106 1020.19 1863.86 
-9.32245 10.5535 54.0079
255 255 255
2 8 10799 887.884 1864.05 17 14443 928.425 1847.25 
-11.4712 10.3773 54.8813
255 255 255
3 8 10809 683.98 1874.32 14 10547 1144.44 1881.35 17 14455 722.476 1861.24 
-6.07144 10.4251 49.9123
255 255 255
2 8 10817 1360.57 1880.85 17 14461 1395.75 1863.58 
-5.94783 10.3939 49.7484
255 255 255
2 8 10818 1379.4 1880.28 17 14457 1414.4 1860.91 
-10.9753 10.8861 55.0385
255 255 255
2 8 10838 712.581 1902.94 17 14483 753.365 1891 
-9.21895 10.7968 52.6864
255 255 255
5 8 10852 973.412 1918.04 9 11154 813.879 1915.97 14 10563 1381.86 1890.8 16 9271 1479.9 1854.36 21 8336 1380.98 1858.79 
-7.63954 11.1362 52.3782
255 255 255
2 8 10853 1100.3 1918.43 17 14492 1141.7 1900.92 
-5.85103 10.7185 49.3165
255 255 255
2 8 10855 1414.65 1918.22 17 14494 1449.29 1899.67 
-8.45765 10.9268 52.315
255 255 255
2 8 10857 1049.11 1920.84 9 11162 892.969 1922.33 
-11.5949 10.8366 54.7196
255 255 255
3 8 10861 685.092 1922.68 9 11151 530.233 1911.54 14 10631 1151.26 1930.35 
-9.16878 10.7762 52.4301
255 255 255
2 8 10862 993.161 1922.04 9 11158 829.051 1920.18 
-7.93016 11.1899 52.6612
255 255 255
2 8 10864 1063.55 1922.4 17 14499 1105.19 1905.67 
-7.75763 11.1466 52.1065
255 255 255
2 8 10870 1109.27 1929.16 17 14508 1148.73 1912.35 
-11.4852 10.911 54.5999
255 255 255
4 8 10876 700.413 1930.5 14 10637 1164.51 1936.3 16 9326 1288.92 1905.01 21 8394 1170.66 1904.9 
-11.8936 11.0619 54.9263
255 255 255
2 8 10895 652.319 1946.02 9 11168 497.543 1930.9 
-11.7528 11.1047 54.7987
255 255 255
2 8 10901 669.847 1950.22 9 11174 514.602 1935.36 
-11.1382 11.3268 54.8679
255 255 255
2 8 10902 710.833 1950.65 17 14539 751.391 1938.65 
-7.44016 11.3952 51.889
255 255 255
2 8 10903 1144.04 1949.54 17 14533 1184.77 1932.08 
-10.6509 11.4178 54.4815
255 255 255
2 8 10911 767.799 1957.94 17 14547 808.292 1945.08 
-9.08632 11.6046 53.4672
255 255 255
2 8 10924 936.695 1964.8 17 14556 978.666 1950.04 
-11.7874 11.2965 54.6916
255 255 255
2 8 10929 673.563 1970.35 9 11203 516.672 1957.56 
-9.81054 11.6445 53.9317
255 255 255
2 8 10930 859.116 1972.88 17 14567 900.653 1959.33 
-6.40936 11.4165 50.1961
255 255 255
2 8 10931 1320.21 1972.17 17 14559 1358.1 1952.87 
-12.1522 11.3247 54.9724
255 255 255
2 8 10932 630.928 1974.79 9 11202 475.092 1958.56 
-7.69574 11.7351 52.1638
255 255 255
2 8 10943 1110.07 1978.82 17 14569 1152.04 1961 
-10.0623 11.7778 54.1119
255 255 255
2 8 10952 831.053 1986.44 17 14586 872.99 1971.83 
-7.66838 11.6346 51.4808
255 255 255
4 8 10953 1154.62 1985.77 9 11248 999.624 1992.58 14 8433 1505.7 1939.14 21 6550 1501.04 1905 
-7.8178 11.8402 52.1487
255 255 255
2 8 10959 1102.91 1991 17 14588 1144.55 1974.45 
-10.0537 11.8455 54.0678
255 255 255
2 8 10961 834.271 1993.15 17 14596 876.208 1979.14 
-7.4835 11.9078 51.8972
255 255 255
2 8 10970 1140.84 1996.13 17 14598 1183.06 1978.16 
-7.88128 12.1098 52.1067
255 255 255
2 8 10988 1101.38 2017.74 17 14619 1143.37 2001.06 
-9.26374 11.8165 52.3269
255 255 255
5 8 10991 992.881 2020.52 9 11271 830.703 2020.89 14 10701 1402.38 1987.17 16 9372 1501.33 1949.74 21 8452 1402.14 1953.91 
-10.1387 12.1212 53.9821
255 255 255
2 8 10993 833.474 2021.8 17 14629 875.455 2008.37 
-7.70303 12.0327 51.5373
255 255 255
2 8 10994 1148.91 2021.96 9 11284 995.276 2029.88 
-7.86561 11.9949 51.4808
255 255 255
2 8 10996 1141.61 2024.17 9 11288 984.769 2032.11 
-9.3717 12.2309 53.4958
255 255 255
2 8 10998 915.688 2026.04 17 14634 958.58 2012.18 
-7.68785 12.1052 51.5276
255 255 255
2 8 11002 1150.55 2028.57 9 11297 997.267 2036.19 
-8.75983 12.1807 52.6852
255 255 255
2 8 11004 1006.44 2030.1 17 14639 1047.52 2013.91 
-8.11673 12.2208 52.2093
255 255 255
2 8 11005 1079.27 2030.59 17 14640 1121.01 2014.25 
-8.69666 12.2051 52.6398
255 255 255
2 8 11011 1013.53 2031.85 17 14643 1054.74 2015.8 
-8.45502 12.2064 52.3709
255 255 255
2 8 11012 1046.44 2033.33 17 14644 1087.36 2017.33 
-7.96238 12.0477 51.4395
255 255 255
2 8 11013 1137.76 2032.45 9 11305 979.158 2040.59 
-12.3617 11.9435 55.0045
255 255 255
4 8 11014 614.518 2034.42 9 11270 458.317 2019.78 14 10796 1095.77 2047.99 16 9459 1232.5 2019.86 
-8.95217 11.9816 52.1031
255 255 255
2 8 11017 1028.89 2033.8 9 11292 866.723 2036.32 
-7.85867 12.1731 51.6752
255 255 255
2 8 11018 1129.87 2034.61 17 14650 1169.96 2018.61 
-7.61571 12.1159 51.2722
255 255 255
2 8 11019 1171.56 2034.6 9 11315 1015.6 2043.61 
-7.94279 12.2455 51.8445
255 255 255
2 8 11027 1113.65 2038.42 17 14657 1154.43 2022.44 
-8.17125 12.0606 51.3881
255 255 255
2 8 11034 1126.96 2040.3 9 11324 964.748 2048.43 
-8.06472 12.3034 51.9953
255 255 255
2 8 11036 1096.08 2042.46 17 14666 1137.23 2026.48 
-8.08675 12.3613 52.1299
255 255 255
2 8 11038 1086.26 2044.33 17 14672 1128.19 2028.35 
-7.88373 12.2196 51.4354
255 255 255
2 8 11044 1143.34 2046.24 9 11340 986.408 2054.27 
-9.52497 12.0711 52.4016
255 255 255
2 8 11046 970.861 2048.28 9 11322 806.198 2048.18 
-8.45195 12.4439 52.5833
255 255 255
2 8 11047 1033.74 2048.24 17 14683 1076.57 2032.21 
-8.33691 12.3803 52.2894
255 255 255
2 8 11048 1059.54 2047.96 17 14684 1101.16 2032.04 
-7.9428 12.2541 51.5116
255 255 255
2 8 11049 1134.57 2048.73 9 11343 978.067 2056.39 
-7.73263 12.2948 51.3183
255 255 255
2 8 11055 1160.89 2052.31 9 11348 1004.61 2061.27 
-7.73855 12.6452 52.2942
255 255 255
2 8 11061 1099.5 2056.31 17 14692 1144.87 2038.94 
-8.10556 12.5253 52.1643
255 255 255
2 8 11065 1082.93 2058.49 17 14696 1125.48 2042.22 
-7.88639 12.7979 52.7343
255 255 255
2 8 11068 1062.72 2060.66 17 14703 1110.12 2044.03 
-8.39098 12.6783 52.7652
255 255 255
2 8 11071 1026.89 2061.8 17 14705 1071.72 2046.37 
-8.86356 12.2782 51.9765
255 255 255
2 8 11072 1042.97 2061.74 9 11356 881.089 2065.36 
-6.26322 12.7045 50.8457
255 255 255
2 8 11073 1287.42 2063.01 9 11375 1146.67 2079.06 
-7.68833 12.4351 51.2035
255 255 255
2 8 11076 1171.19 2066.88 9 11373 1014.36 2076.72 
-7.78693 12.673 51.8406
255 255 255
2 8 11084 1124.47 2072.64 17 14718 1167.39 2055.99 
-7.65004 12.665 51.7199
255 255 255
2 8 11085 1141.15 2071.76 17 14717 1184.11 2055.17 
-9.91919 12.3521 52.7286
255 255 255
4 8 11086 923.916 2074.05 9 11365 759.659 2072.26 16 9452 1455.93 2011.1 21 8543 1351.71 2013.82 
-9.01894 12.7383 52.9865
255 255 255
2 8 11090 970.746 2076.71 17 14726 1014.07 2062.04 
-7.94505 12.7447 52.0578
255 255 255
2 8 11091 1100.39 2076.75 17 14723 1143.88 2060.39 
-8.6958 12.8403 52.6649
255 255 255
2 8 11100 1012.38 2086.83 17 14742 1055.79 2071.63 
-8.49887 12.8423 52.5375
255 255 255
2 8 11101 1033.54 2085.68 17 14736 1077.2 2070.15 
-7.81683 12.5963 51.1887
255 255 255
4 8 11102 1163.11 2086.09 9 11391 1006.07 2095.49 10 11386 703.172 2090.45 18 14755 651.301 2078.14 
-7.82063 12.8393 51.8382
255 255 255
2 8 11106 1122.43 2088.59 17 14743 1165.71 2071.35 
-7.69241 12.8279 51.6967
255 255 255
2 8 11107 1139.84 2088.11 17 14737 1183 2071.2 
-8.04135 12.8804 52.0358
255 255 255
2 8 11115 1095.35 2091.88 17 14747 1138.7 2075.6 
-9.01599 12.652 51.9721
255 255 255
2 8 11121 1032.94 2099.25 9 11403 870.287 2103.36 
-8.39332 12.9122 52.2265
255 255 255
2 8 11122 1059.83 2098.24 17 14759 1102.58 2082.47 
-6.81386 12.7826 50.4042
255 255 255
2 8 11123 1280.49 2098.67 17 14757 1321.66 2080.35 
-8.36132 13.0076 52.4229
255 255 255
2 8 11126 1049.95 2100.06 17 14762 1094.19 2084.27 
-8.1766 13.0019 52.1343
255 255 255
2 8 11131 1080.2 2103.05 17 14764 1123.8 2087.32 
-8.69881 13.0055 52.5594
255 255 255
2 8 11133 1018.69 2104.55 17 14767 1062.06 2089.38 
-8.32309 12.7521 51.4326
255 255 255
2 8 11134 1114.12 2104.67 9 11419 952.932 2114.26 
-12.5646 12.6509 54.8397
255 255 255
2 8 11136 609.146 2107.09 9 11386 451.031 2092.27 
-8.54896 13.0962 52.4356
255 255 255
2 8 11145 1036.5 2112.26 17 14782 1080.21 2096.94 
-8.36403 13.0888 52.2582
255 255 255
2 8 11146 1059.93 2111.99 17 14783 1103.56 2096.46 
-8.04932 13.0947 51.9799
255 255 255
2 8 11147 1098.37 2112.45 17 14784 1142.09 2096.53 
-8.16817 12.846 51.3092
255 255 255
2 8 11148 1132.42 2113.35 9 11432 971.952 2122.32 
-8.25741 13.1512 52.1562
255 255 255
2 8 11158 1073.46 2117.65 17 14790 1117.27 2102.09 
-8.47802 13.1759 52.3229
255 255 255
2 8 11160 1048.27 2120.75 17 14793 1091.98 2105.36 
-8.10512 13.1284 51.1996
255 255 255
2 8 11177 1143.72 2139.9 9 11466 983.513 2150.33 
-10.356 13.1262 52.8692
255 255 255
2 8 11185 884.667 2150.25 9 11465 720.577 2149.48 
-8.02413 13.2539 51.0315
255 255 255
2 8 11192 1159.91 2154.34 9 11483 998.863 2164.92 
-9.25607 13.5657 52.7843
255 255 255
2 8 11199 967.087 2161.91 17 14833 1010.92 2147.29 
-10.6822 13.1969 52.9617
255 255 255
2 8 11200 855.869 2163.64 9 11477 689.637 2159.52 
-8.18551 13.3618 51.1318
255 255 255
2 8 11204 1142.68 2165.15 9 11497 981.222 2175.65 
-9.88363 13.6645 53.2352
255 255 255
2 8 11218 896.461 2173.54 17 14851 940.307 2159.73 
-9.39411 13.4126 51.9372
255 255 255
5 8 11223 1009.11 2178.92 9 11503 844.065 2182.92 14 8822 1418.09 2136.51 16 7660 1519.26 2096.1 21 6918 1418.88 2100.96 
-10.5739 13.4828 52.815
255 255 255
2 8 11232 872.633 2190.29 9 11512 706.304 2188.34 
-8.31363 13.9563 51.8799
255 255 255
2 8 11244 1087.12 2198.23 17 14872 1131.84 2182.93 
-8.38278 13.6629 51.0764
255 255 255
2 8 11245 1132.96 2199.09 9 11533 969.023 2209.97 
-8.50669 13.7219 51.2081
255 255 255
2 8 11247 1116.21 2202.79 9 11540 952.64 2214.95 
-9.80966 13.6351 52.1549
255 255 255
4 8 11249 966.95 2204.2 9 11529 800.106 2206.96 14 8865 1388.87 2164.95 21 6956 1391.25 2128.75 
-8.69474 13.7058 51.2484
255 255 255
4 8 11252 1100.66 2206.71 9 11543 935.31 2216.37 14 8846 1487.99 2149.93 21 6934 1486.61 2112.95 
-9.53436 13.686 51.9239
255 255 255
5 8 11256 1000.37 2208.14 9 11538 833.924 2212.69 14 8864 1413.89 2164.01 16 7711 1516.8 2125.49 21 6952 1415.27 2127.79 
-10.5158 13.8027 52.5845
255 255 255
2 8 11270 890.912 2224.41 9 11549 722.705 2223.92 
-10.3646 13.8466 52.4662
255 255 255
2 8 11274 908.859 2228.83 9 11550 740.903 2227.31 
-10.621 13.9443 52.5997
255 255 255
2 8 11283 882.572 2239.65 9 11563 713.818 2238.73 
-10.3045 14.0117 52.3842
255 255 255
2 8 11287 918.259 2243.12 9 11568 750.197 2245 
-10.4939 13.9997 52.4718
255 255 255
2 8 11288 899.445 2244.89 9 11567 730.389 2245.27 
-12.0523 13.9555 53.6994
255 255 255
2 8 11291 713.452 2245.76 9 11560 545.983 2236.15 
-8.08789 14.2978 50.8215
255 255 255
2 8 11299 1169.35 2253.93 9 11589 1008.02 2270.2 
-8.24887 14.331 50.8661
255 255 255
2 8 11307 1155.64 2260.87 9 11596 992.883 2275.07 
-10.2762 14.1967 52.2146
255 255 255
2 8 11313 930.723 2264.9 9 11587 761.037 2266.38 
-8.15706 14.4719 50.7777
255 255 255
2 8 11321 1167.54 2273.05 9 11612 1005.26 2289.05 
-12.0173 14.2399 53.5746
255 255 255
2 8 11326 723.565 2274.83 9 11583 555.448 2264.77 
-9.39776 14.6353 52.1644
255 255 255
2 8 11333 995.662 2279.8 17 14946 1038.95 2264.42 
-10.3001 14.3576 52.1238
255 255 255
2 8 11336 934.687 2282.88 9 11603 763.823 2284.8 
-7.9758 14.8138 51.1228
255 255 255
2 8 11342 1157.72 2287.39 17 14956 1203.03 2272.51 
-8.22398 15.2414 51.5583
255 255 255
2 8 11380 1113.68 2318.2 17 14984 1161.35 2303.1 
-8.29721 15.3985 51.5661
255 255 255
2 8 11402 1108.31 2333.84 17 15002 1156.17 2318.65 
-11.2642 15.0052 52.7013
255 255 255
5 4 19331 860.901 2585.9 8 11409 830.971 2351 14 9057 1296.9 2326.93 16 7892 1421.91 2290.44 21 7112 1304.8 2289.03 
-10.2781 15.8064 52.704
255 255 255
2 8 11426 901.993 2388.69 17 15027 948.086 2376.9 
-11.0332 15.4896 52.2976
255 255 255
2 8 11431 872.414 2400.25 9 11709 699.27 2399.22 
-8.21387 16.0205 51.0684
255 255 255
2 8 11432 1145.47 2401.94 17 15031 1193.23 2386.84 
-12.3193 15.5728 53.4595
255 255 255
2 8 11436 709.369 2406.27 9 11707 540.59 2396.33 
-8.50931 16.2603 51.1095
255 255 255
2 8 11454 1122.99 2430.55 17 15045 1170.27 2415.38 
-10.7569 15.9706 51.9779
255 255 255
2 8 11469 912.145 2445.29 9 11752 739.018 2447.77 
-8.76848 16.5052 51.4001
255 255 255
2 8 11474 1087.14 2449.33 17 15068 1135.45 2435.38 
-8.29692 16.391 50.6959
255 255 255
2 8 11475 1163.71 2449.18 17 15064 1210.38 2434.66 
-9.93948 16.2669 51.2188
255 255 255
2 8 11499 1017.46 2471.54 9 11785 843.949 2482.7 
-10.1524 16.787 52.1228
255 255 255
2 8 11511 946.739 2490.54 17 15092 993.352 2478.8 
-9.95352 16.9071 52.0738
255 255 255
2 8 11514 963.761 2496.35 17 15095 1011.4 2484.98 
-10.572 16.6665 51.8465
255 255 255
2 8 11519 933.908 2504.98 9 11807 763.542 2511.24 
-13.6051 16.7116 54.5484
255 255 255
2 8 11521 552.48 2506.94 9 11790 392.539 2489.39 
-12.7831 17.0656 53.6633
255 255 255
2 8 11537 664.879 2545.13 9 11819 499.689 2533.83 
-12.7591 17.1947 53.5883
255 255 255
2 8 11543 671.157 2558.32 9 11823 505.39 2547.83 
-12.1908 17.2976 52.9703
255 255 255
2 8 11547 749.442 2571.45 9 11834 579.971 2567.11 
-12.1072 17.4812 52.9473
255 255 255
2 8 11558 757.152 2586.29 9 11839 588.991 2581.65 
-9.00153 17.7674 50.5882
255 255 255
3 8 11562 1122.89 2594.73 9 11856 958.232 2617.41 17 15131 1170.36 2581.99 
-11.1771 17.7039 52.26
255 255 255
2 8 11568 866.121 2600.2 9 11846 698.556 2604.74 
-8.75474 17.8728 50.3967
255 255 255
3 8 11571 1152.42 2602.86 9 11864 988.687 2627.27 17 15138 1199.46 2590.31 
-10.9972 17.8526 52.0224
255 255 255
2 8 11577 893.588 2616.12 9 11859 724.971 2622.72 
-10.9639 17.9732 51.9039
255 255 255
2 8 11585 903.29 2630.92 9 11871 733.709 2636.58 
-10.1713 18.627 51.1166
255 255 255
2 8 11604 1008.72 2690.33 9 11911 839.327 2706.19 
-3.35944 -5.35406 60.2963
255 255 255
2 8 11666 919.048 370.343 9 11959 875.774 355.295 
-1.89605 -5.20377 59.2595
255 255 255
2 8 11672 1055.84 380.086 9 11964 1014.96 361.833 
-0.736504 -5.00694 58.364
255 255 255
2 8 11680 1167.51 394.82 9 11974 1129.17 372.438 
-1.645 -4.94815 58.7987
255 255 255
2 8 11684 1094 401.337 9 11979 1051.35 380.651 
-3.37525 -4.91326 59.5478
255 255 255
2 8 11687 956.132 406.955 9 11987 905.132 391.708 
0.414533 -4.68857 57.4614
255 255 255
2 8 11694 1278.93 418.176 9 11990 1244.23 393.427 
-4.23842 -4.58273 59.7413
255 255 255
2 8 11704 895.397 436.54 9 11999 839.675 421.089 
-0.944222 -4.49939 57.7158
255 255 255
2 8 11706 1191 436.545 9 11998 1144.89 415.861 
-2.21225 -4.28706 57.9023
255 255 255
2 8 11715 1109.55 458.714 9 12009 1052.96 438.627 
-3.24347 -4.24309 58.4222
255 255 255
2 8 11717 1022.37 464.394 9 12015 961.376 446.695 
-4.25154 -4.21508 59.0406
255 255 255
2 8 11721 930.504 469.174 9 12018 867.226 452.169 
0.43146 -4.08461 56.5436
255 255 255
2 8 11722 1330.66 469.166 9 12014 1288.7 443.089 
-2.05966 -4.13846 57.7557
255 255 255
2 8 11724 1126.19 470.525 9 12017 1069.97 449.957 
-3.40451 -4.09092 58.2749
255 255 255
2 8 11730 1020.77 477.847 9 12027 956.83 460.423 
-5.86568 -4.05589 59.6649
255 255 255
2 8 11734 800.52 486.558 9 12035 730.422 472.63 
-4.34874 -4.00006 58.6593
255 255 255
2 8 11737 944.573 488.084 9 12036 876.2 471.879 
-3.69498 -3.87107 58.3346
255 255 255
2 8 11741 1000.57 496.874 9 12038 935.096 479.314 
-2.77355 -3.77804 57.993
255 255 255
2 8 11746 1072.6 502.053 9 12049 1012.81 481.666 
-4.06485 -3.64052 58.0773
255 255 255
2 8 11759 992.241 518.989 9 12067 920.638 500.918 
-1.03926 -3.53656 56.4626
255 255 255
2 8 11760 1254.86 519.308 9 12061 1197.09 496.939 
-6.38277 -3.5902 59.4176
255 255 255
2 8 11766 780.884 528.292 9 12082 704.153 514.451 
-7.67426 -3.54479 59.9981
255 255 255
2 8 11770 669.554 536.464 9 12088 589.395 523.553 
-7.58909 -3.42954 59.7407
255 255 255
2 8 11775 687.923 546.153 9 12099 605.171 534.327 
-8.78981 -3.1485 60.4779
255 255 255
2 8 11786 573.218 572.158 9 12110 491.394 561.744 
-4.94708 0.943859 54.4368
255 255 255
2 8 11885 1143.85 937.878 9 12181 1029.85 922.309 
-10.0746 2.28181 57.9006
255 255 255
4 8 11933 618.104 1070.76 9 12216 499.538 1054.37 14 11603 996.287 1076.47 16 10217 1094.65 1053.44 
-4.68111 3.33466 53.3285
255 255 255
2 8 11956 1227.73 1155.74 9 12246 1110.06 1144.51 
-7.86812 3.78347 54.7276
255 255 255
3 8 11978 941.008 1219.49 9 12275 805.121 1206.38 10 12166 581.332 1196.93 
-6.15923 3.89686 53.7947
255 255 255
4 8 11979 1107.16 1219.6 9 12278 979.139 1208.11 10 12168 740.917 1199.1 17 15774 1139.78 1199.26 
-5.79135 4.00612 53.5095
255 255 255
2 8 11982 1147.89 1227.01 9 12286 1020.49 1217.63 
-8.24782 3.90119 54.8798
255 255 255
3 8 11985 906.691 1233.69 9 12289 769.54 1220.66 10 12174 548.038 1208.39 
-8.48066 3.96085 55.0628
255 255 255
3 8 11990 880.673 1239.12 9 12295 743.596 1225.43 10 12176 527.06 1215 
-8.98946 4.19909 55.273
255 255 255
2 8 12008 834.509 1263.85 9 12312 695.112 1251.15 
-11.0978 4.37844 57.73
255 255 255
4 8 12013 554.692 1270.47 14 11701 962.94 1282.53 16 10328 1078.45 1260.21 21 9271 966.697 1262.48 
-9.15636 4.26817 55.2854
255 255 255
2 8 12016 822.416 1272.11 9 12320 681.536 1259.84 
-11.1803 4.44139 57.9021
255 255 255
3 8 12017 539.525 1275.26 16 10330 1059.61 1263.54 21 9276 950.758 1267.26 
-9.24776 4.50087 55.3839
255 255 255
2 8 12032 810.664 1293.27 9 12341 671.087 1279.71 
-10.7344 4.58059 56.9574
255 255 255
3 8 12037 620.752 1296.21 9 12340 490.72 1280.56 14 11731 1037.43 1306.73 
-4.89355 4.82016 52.8322
255 255 255
2 8 12038 1245.77 1295.81 9 12351 1123.58 1288.84 
-10.6702 4.63476 56.7211
255 255 255
2 8 12049 637.929 1304.62 9 12350 504.934 1288.48 
-11.0723 4.78801 57.5817
255 255 255
3 8 12053 563.952 1310.64 14 11755 972.171 1320.48 21 9318 978.705 1300.29 
-5.39602 4.85207 52.2516
255 255 255
2 8 12058 1250.38 1314.85 17 15868 1282.11 1298.31 
-10.2435 4.76337 56.3618
255 255 255
6 8 12060 687.326 1315.88 9 12369 553.275 1301.43 14 11757 1098.83 1322.33 16 10369 1204.57 1295.81 17 15871 719.76 1300.16 21 9319 1100.2 1300.37 
-9.15516 4.7398 55.2048
255 255 255
6 8 12061 826.779 1316.14 9 12375 686.768 1304.01 10 12243 474.551 1291.2 14 11748 1222.84 1316.89 16 10356 1316.8 1288.33 21 9307 1220.7 1291.88 
-10.5462 4.79329 56.6325
255 255 255
3 8 12062 651.834 1318.08 9 12368 518.589 1302.71 14 11765 1067.96 1326.74 
-10.3933 4.8 56.4734
255 255 255
6 8 12063 669.777 1318.93 9 12374 536.864 1304.48 14 11766 1085.53 1326.96 16 10377 1192.86 1300.78 17 15875 704.574 1304.53 21 9324 1086.78 1304.99 
-4.90251 5.11561 52.6516
255 255 255
2 8 12073 1256.5 1324.92 9 12402 1132.8 1318.76 
-10.1895 4.91774 56.3204
255 255 255
2 8 12078 693.651 1328.46 9 12392 559.871 1314.59 
-10.1984 4.90779 56.0811
255 255 255
3 8 12085 705.214 1332.98 14 11782 1122.8 1340.29 17 15894 737.691 1316.68 
-9.93572 4.92199 55.8194
255 255 255
2 8 12092 738.85 1335.68 17 15898 769.208 1318.47 
-10.4297 4.98328 56.3245
255 255 255
3 8 12094 677.148 1338.5 9 12409 540.17 1323.03 14 11787 1095.34 1346.93 
-10.346 5.01427 56.1625
255 255 255
2 8 12104 691.239 1344.44 17 15910 722.355 1327.7 
-10.1181 5.01936 55.947
255 255 255
3 8 12105 717.911 1344.14 14 11797 1135.23 1350.25 17 15916 750.92 1327.94 
-9.21707 5.03282 55.1978
255 255 255
3 8 12106 824.351 1344.11 9 12423 682.333 1331.01 21 9345 1217.76 1319.17 
-9.07634 5.02218 55.0002
255 255 255
5 8 12107 844.329 1344.61 9 12430 702.432 1331.65 14 11786 1239.55 1343.81 16 10394 1331.85 1313.57 21 9346 1237.45 1318.24 
-10.9085 4.98428 56.403
255 255 255
2 8 12108 638.235 1346.54 17 15920 668.613 1330.7 
-9.68183 5.02701 55.6282
255 255 255
3 10 12284 429.17 1316.5 16 10400 1273.57 1317.63 21 9350 1170.41 1322.05 
-10.2497 5.07511 55.8667
255 255 255
2 8 12119 714.288 1352.46 9 12435 573.304 1337.24 
-4.855 5.40744 52.3434
255 255 255
2 8 12124 1278.74 1354.77 9 12467 1152.58 1350.41 
-9.50293 5.20148 55.5569
255 255 255
3 8 12125 782.41 1356.9 9 12453 645.147 1344.33 17 15927 817.369 1340.62 
-5.23524 5.34468 51.9485
255 255 255
2 8 12130 1279.73 1363.02 17 15932 1312.46 1342.9 
-10.7822 5.17175 56.2114
255 255 255
2 8 12134 657.721 1364.79 17 15935 687.993 1348.61 
-12.1852 5.09804 57.0251
255 255 255
2 8 12136 512.626 1365.74 17 15940 542.774 1352.72 
-9.36069 5.28933 55.3899
255 255 255
2 14 11813 1197.77 1366.5 17 15938 834.242 1350.05 
-9.46468 5.37112 55.3532
255 255 255
5 8 12142 797.652 1375 9 12483 657.961 1362.25 14 11823 1199.04 1376.17 16 10431 1293.18 1347.3 21 9399 1197.4 1352.88 
-9.36939 5.37716 55.0838
255 255 255
2 8 12147 819.653 1378.99 9 12487 676.786 1366.01 
-10.4943 5.4304 56.3554
255 255 255
2 8 12151 670.496 1379.56 17 15951 703.527 1364.53 
-8.4886 5.52257 54.3216
255 255 255
3 8 12158 924.585 1392.2 9 12501 779.176 1380.2 16 8912 1390.33 1354.17 
-7.96643 5.90161 54.6125
255 255 255
2 8 12178 942.262 1410.63 17 15977 977.092 1392.98 
-10.5517 5.80542 56.3533
255 255 255
2 8 12183 666.732 1414.64 17 15984 700.746 1398.09 
-6.25164 6.03896 52.9654
255 255 255
2 8 12194 1152.55 1424.33 9 12540 1018.42 1416.91 
-10.5789 5.95322 56.2922
255 255 255
2 8 12197 668.208 1429.25 17 16001 702.221 1413.05 
-8.21587 6.10251 54.8748
255 255 255
2 8 12198 910.548 1427.96 17 15999 946.363 1410.13 
-6.72578 6.15045 53.3316
255 255 255
2 8 12200 1099.82 1433.97 17 16007 1134.41 1417.36 
-13.3863 3.08438 45.4597
255 255 255
2 8 12207 1150.48 1440.53 9 12534 760.509 1409.6 
-8.18554 6.23295 53.8025
255 255 255
2 8 12223 975.155 1459.41 9 12577 829.258 1450.22 
-10.9155 6.2576 56.2959
255 255 255
2 8 12227 644.221 1461.6 17 16033 677.976 1446.94 
-7.78218 6.72595 54.1694
255 255 255
2 8 12248 980.8 1488.93 17 16052 1016.7 1470.9 
-5.69267 7.20203 54.4042
255 255 255
2 14 11887 1338.74 1466.82 17 16053 1150.66 1469.39 
-11.4555 6.64823 56.7617
255 255 255
2 8 12254 580.642 1496.03 9 12597 446.63 1479.92 
-6.56182 6.83689 53.0305
255 255 255
2 8 12255 1129.03 1500.08 17 16058 1165.11 1478.61 
-11.3051 6.71651 56.2161
255 255 255
2 8 12260 620.82 1511.48 17 16066 654.137 1496.82 
-11.4121 6.84176 56.4313
255 255 255
2 8 12261 601.575 1519.14 17 16071 636.219 1506.6 
-5.14631 6.87538 50.2402
255 255 255
2 8 12268 1396.33 1530.17 17 16077 1426.57 1513.76 
-11.2128 7.00834 56.2384
255 255 255
2 8 12270 626.435 1535.28 9 12608 487.47 1518.78 
-10.5405 7.03133 55.2939
255 255 255
2 16 10534 1273.88 1518.94 21 9490 1165.72 1523.98 
-9.95716 7.30605 55.497
255 255 255
2 8 12281 756.582 1552.82 17 16087 792.558 1538.78 
-9.3465 7.55848 55.2547
255 255 255
2 8 12291 812.772 1568.47 17 16095 850.602 1554.2 
-8.92985 8.2678 54.6419
255 255 255
2 8 12344 876.729 1636.92 17 16145 915.12 1621.3 
-9.85675 8.20712 55.2372
255 255 255
2 8 12347 778.702 1637.69 17 16144 816.469 1621.24 
-10.4814 8.42472 55.5458
255 255 255
2 8 12374 717.633 1661.85 17 16171 755.441 1647.54 
-11.5945 8.30171 55.9511
255 255 255
2 8 12376 615.3 1664.69 9 12687 471.754 1648.8 
-9.18439 8.32942 53.7282
255 255 255
4 8 12379 912.099 1668.81 9 12698 760.407 1661.92 14 12007 1316.37 1656.47 21 9561 1314.24 1627.25 
-7.1173 8.54103 52.4443
255 255 255
2 8 12386 1129.58 1674.28 9 12705 984.969 1672.23 
-8.38787 8.77524 53.7269
255 255 255
2 8 12400 967.332 1692.63 17 16196 1004.71 1674.6 
-9.18231 8.59875 53.5577
255 255 255
2 8 12403 922.957 1696.79 9 12717 768.794 1690.22 
-7.13363 8.87371 52.7456
255 255 255
2 8 12404 1110.15 1697.02 17 16202 1148.56 1679.04 
-10.4313 8.84476 55.3541
255 255 255
2 8 12406 732.149 1702.44 17 16215 770.362 1688.44 
-10.2972 8.67731 54.5223
255 255 255
2 8 12407 788.673 1704.43 9 12719 636.845 1694.73 
-10.2157 8.9843 54.8902
255 255 255
2 8 12419 773.609 1721.99 17 16223 810.408 1706.56 
-9.99898 8.84119 54.0144
255 255 255
2 8 12423 839.194 1725.83 9 12729 683.316 1716.05 
-8.42701 9.20463 53.93
255 255 255
2 8 12424 952.923 1725.86 17 16228 992.601 1709.72 
-7.29638 9.20417 52.9059
255 255 255
2 8 12426 1089.8 1726.16 17 16226 1129.31 1708.18 
-6.86531 9.08987 51.9016
255 255 255
2 8 12430 1180.2 1729.24 9 12754 1032.98 1732.45 
-9.49722 9.08713 54.2312
255 255 255
2 8 12433 861.849 1731.15 17 16234 898.153 1716.05 
-7.36643 9.20833 52.2153
255 255 255
2 8 12449 1127.68 1744.13 9 12773 978.655 1744.58 
-6.98454 9.28152 51.9995
255 255 255
2 8 12452 1166.33 1746.8 9 12783 1019.54 1749.77 
-9.40782 9.13734 53.5272
255 255 255
5 8 12463 908.943 1751.33 9 12772 754.236 1744.85 14 10465 1321.12 1736.5 16 9171 1420.14 1702.64 21 8243 1320.52 1706.99 
-6.83533 9.44571 51.8172
255 255 255
2 8 12469 1187.58 1763.02 9 12796 1040.86 1766.07 
-7.29572 9.68083 52.0461
255 255 255
2 8 12483 1143.1 1788.89 9 12803 994.189 1790.96 
-9.23303 9.85909 53.1055
255 255 255
3 8 12506 947.564 1822.63 9 12816 789.34 1817.85 16 9214 1451.31 1767.93 
-7.27552 10.2273 51.8433
255 255 255
2 8 12514 1157.35 1842.34 9 12834 1007.68 1846.14 
-12.0075 10.1023 55.5671
255 255 255
2 8 12515 607.568 1844.28 9 12823 459.102 1829.32 
-9.45396 10.0959 53.1758
255 255 255
4 8 12517 927.872 1849.09 9 12832 769.048 1844.29 16 9221 1441.7 1790.69 21 8280 1341.01 1796.02 
-7.21492 10.4152 51.7051
255 255 255
2 8 12528 1170.1 1861.59 9 12847 1019.97 1865.55 
-11.5412 10.2665 54.9272
255 255 255
5 8 12530 677.001 1864.09 9 12836 524.266 1850.22 14 12159 1139.91 1874.52 16 10753 1265.25 1844.76 21 9717 1147.24 1844.7 
-12.0661 10.3793 55.5532
255 255 255
2 8 12535 604.284 1870.6 9 12839 455.849 1856.07 
-9.79337 10.3569 53.4344
255 255 255
2 8 12537 888.755 1872.51 9 12845 731.139 1866.13 
-6.12433 10.4292 49.8761
255 255 255
2 8 12543 1359.59 1883.74 17 16344 1394.31 1865.96 
-11.7234 10.5104 55.1015
255 255 255
3 8 12544 654.007 1887.21 9 12848 502.928 1873.63 14 12187 1117.43 1896.65 
-11.5628 10.5533 54.8685
255 255 255
5 8 12547 679.215 1892.9 9 12854 525.61 1879.94 14 12191 1141.52 1900.76 16 10786 1268.14 1871.88 21 9747 1148.65 1870.91 
-11.7635 10.6922 54.9194
255 255 255
2 8 12556 661.939 1909.36 9 12861 507.153 1895.42 
-8.02893 10.918 52.1823
255 255 255
4 8 12563 1087.2 1912.65 9 12882 931.883 1916.09 14 12161 1446.03 1876.49 17 16366 1125.58 1896 
-8.09567 10.889 51.9341
255 255 255
3 8 12571 1098.68 1918.64 9 12889 941.052 1922.13 17 16375 1130.87 1902.66 
-6.05809 10.7399 49.5588
255 255 255
2 8 12572 1385.1 1919.29 17 16373 1419.73 1900.12 
-8.02118 11.1459 52.576
255 255 255
2 8 12577 1062.64 1923.05 17 16380 1103.26 1906.21 
-7.03303 11.1152 51.5905
255 255 255
2 8 12578 1189.55 1923.88 17 16377 1229.92 1903.68 
-10.7886 11.0914 54.7527
255 255 255
2 8 12581 742.26 1924.34 17 16387 782.739 1912.55 
-9.09165 11.0116 52.6284
255 255 255
2 8 12593 986.495 1935.82 9 12899 827.237 1934.47 
-7.78305 11.366 52.5917
255 255 255
2 8 12594 1077.71 1936.5 17 16392 1120.26 1919.2 
-7.45671 11.4256 51.8975
255 255 255
2 8 12612 1142.42 1952.36 17 16402 1183.21 1935.03 
-6.4187 11.3499 50.6256
255 255 255
2 8 12614 1291.48 1954.51 17 16403 1331.15 1935.73 
-7.78703 11.5082 52.3349
255 255 255
2 8 12615 1093.3 1955.8 17 16404 1134.97 1939.08 
-6.35614 11.2452 50.1061
255 255 255
2 8 12620 1329.56 1958.06 17 16405 1366.75 1938.36 
-6.3089 11.4409 50.4415
255 255 255
2 8 12626 1310.58 1964.74 17 16412 1350.27 1946.1 
-6.08014 11.5378 50.4684
255 255 255
2 8 12627 1323.52 1966.72 17 16414 1364.9 1948.23 
-6.34018 11.5055 50.5341
255 255 255
2 8 12629 1302.53 1968.77 17 16418 1342.7 1950.19 
-10.8799 11.3397 53.9547
255 255 255
2 8 12631 781.701 1972.84 9 12919 622.902 1963.84 
-9.95545 11.6724 53.9836
255 255 255
2 8 12637 845.952 1977.22 17 16432 887.258 1964.23 
-6.25116 11.6764 50.6974
255 255 255
2 8 12639 1297.66 1977.11 17 16427 1339.64 1958.83 
-9.59552 11.4941 52.8621
255 255 255
2 8 12644 937.617 1984.47 9 12944 777.191 1983.49 
-7.69837 11.7821 52.1619
255 255 255
2 8 12645 1110.03 1983.12 17 16433 1152.13 1965.26 
-11.1047 11.4397 54.0549
255 255 255
2 8 12648 759.764 1984.71 9 12931 600.389 1974.64 
-10.0582 11.7621 54.1194
255 255 255
2 8 12649 830.893 1984.71 17 16441 872.839 1970.16 
-11.2367 11.3996 53.9825
255 255 255
2 8 12650 754.374 1986.15 9 12935 592.134 1976.3 
-11.3119 11.5264 54.3114
255 255 255
2 8 12653 730.051 1990.72 9 12937 572.9 1978.92 
-7.46319 11.8736 51.8913
255 255 255
2 8 12657 1142.54 1992.84 17 16446 1184.72 1974.69 
-11.2487 11.5321 54.1527
255 255 255
2 8 12658 743.757 1994.17 9 12942 584.715 1982.86 
-10.0482 11.8761 54.0768
255 255 255
2 8 12659 834.152 1995.97 17 16453 876.267 1980.95 
-11.0661 11.5814 53.9873
255 255 255
2 8 12663 766.574 1998.59 9 12958 607.028 1988.53 
-9.71385 11.8723 53.6611
255 255 255
2 8 12664 881.904 1998.67 17 16458 923.07 1984.14 
-10.7428 11.9425 54.6654
255 255 255
2 8 12665 751.174 2001.21 17 16462 794.065 1988.97 
-11.3058 11.5851 54.0635
255 255 255
2 8 12667 744.814 2002.69 9 12964 583.808 1991.81 
-7.37789 11.8589 51.2443
255 255 255
4 8 12668 1188.68 2005.72 9 12978 1035.25 2015.49 10 13284 736.986 2013.29 18 16955 681.56 2004.47 
-9.24204 11.798 52.2915
255 255 255
5 8 12676 996.381 2019.4 9 12982 834.146 2020 14 12290 1406.06 1985.42 16 10860 1504.74 1947.87 21 9824 1405.75 1952.13 
-10.111 12.116 53.9839
255 255 255
2 8 12677 835.315 2020.56 17 16478 877.405 2007.19 
-9.42922 12.1768 53.6125
255 255 255
2 8 12678 904.764 2019.25 17 16479 947.874 2005.75 
-7.63754 11.956 51.2715
255 255 255
2 8 12680 1170.13 2020.13 9 12990 1013.21 2030.26 
-7.73004 12.2041 51.9568
255 255 255
2 8 12682 1120.84 2026.25 17 16481 1163.11 2009.85 
-7.82281 11.9807 51.3121
255 255 255
2 8 12683 1155.14 2026.08 10 12879 694.7 2030.24 
-9.32707 12.2514 53.441
255 255 255
2 8 12684 922.039 2028.37 17 16484 964.892 2014.31 
-9.03872 12.3206 53.4104
255 255 255
2 8 12685 943.769 2027.95 17 16485 987.95 2013.96 
-7.59726 12.1205 51.2544
255 255 255
4 8 12694 1173.73 2035.42 9 13005 1018.37 2044.72 10 12884 717.728 2040.62 18 16509 665.914 2029.78 
-8.2759 12.1378 51.7175
255 255 255
2 8 12700 1099.13 2041.2 9 13006 940.718 2047.05 
-8.22172 12.2833 52.0034
255 255 255
2 8 12707 1084.99 2044.49 17 16500 1125.35 2028.63 
-8.88831 12.2737 52.4794
255 255 255
2 8 12710 1010.27 2046.97 9 13012 855.632 2050.32 
-7.88711 12.2378 51.4796
255 255 255
2 8 12711 1140.32 2046.8 9 13018 984.062 2054.52 
-8.28526 12.4111 52.328
255 255 255
2 8 12713 1060.66 2048.28 17 16502 1102.83 2032.26 
-10.5258 12.1262 53.3451
255 255 255
3 8 12714 843.452 2051.52 16 10919 1398.95 2001.64 21 9883 1289.02 2003.32 
-7.93993 12.3327 51.6801
255 255 255
2 8 12716 1124.18 2050.95 17 16505 1164.41 2034.65 
-8.01093 12.2651 51.3822
255 255 255
2 8 12721 1138.19 2055.09 9 13032 978.882 2063.13 
-12.377 12.1555 54.8876
255 255 255
4 8 12723 620.584 2056.62 9 12998 462.311 2041.07 14 12392 1104.14 2070.86 16 10959 1240.66 2042.94 
-7.76739 12.3261 51.3319
255 255 255
2 8 12726 1157.71 2055.76 9 13035 1001.27 2064.4 
-8.2112 12.4401 51.9933
255 255 255
2 8 12729 1086.39 2058.55 17 16515 1127.26 2042.44 
-8.72171 12.5451 52.6402
255 255 255
2 8 12733 1011.97 2062.41 17 16519 1054.17 2046.72 
-8.65165 12.5289 52.5119
255 255 255
2 8 12734 1024.57 2062.66 17 16520 1066.36 2047.33 
-8.57326 12.5368 52.4434
255 255 255
2 8 12735 1034.11 2063.24 17 16524 1075.93 2048 
-7.98792 12.3984 51.3509
255 255 255
2 8 12742 1141.78 2066.72 9 13050 982.75 2076.34 
-7.68849 12.431 51.1762
255 255 255
4 8 12744 1172.74 2067.99 9 13051 1016.06 2077.57 10 12905 713.299 2073.68 18 16530 661.335 2061.9 
-7.88528 12.7207 52.1084
255 255 255
2 8 12749 1101.24 2071.93 17 16529 1145.2 2054.91 
-8.09321 12.7902 52.3481
255 255 255
2 8 12755 1072.52 2076.08 17 16538 1116.94 2060.16 
-8.3444 12.7201 52.28
255 255 255
2 8 12757 1059.76 2078.4 17 16540 1102.4 2062.66 
-8.04172 12.6001 51.3139
255 255 255
2 8 12764 1140.57 2087.39 9 13070 980.991 2097.1 
-7.83936 12.6786 51.2177
255 255 255
2 8 12770 1160.26 2092.69 9 13077 1002.45 2101.65 
-8.39098 12.9924 52.4037
255 255 255
2 8 12774 1049.12 2100.14 17 16563 1093.07 2084.23 
-7.92078 12.9578 51.8525
255 255 255
2 8 12775 1114.88 2100.6 17 16564 1158.13 2084.79 
-11.1258 12.5993 53.5482
255 255 255
2 8 12778 788.707 2104.26 9 13069 624.711 2096.18 
-8.05886 13.1262 51.9846
255 255 255
2 8 12791 1097.45 2115.32 17 16579 1141.25 2099.45 
-8.19393 12.8786 51.2971
255 255 255
2 8 12795 1131.46 2117.26 9 13105 970.57 2126.35 
-10.4799 12.8108 53.0321
255 255 255
2 8 12800 865.831 2121.32 9 13092 701.836 2117.5 
-10.2605 12.9054 52.8391
255 255 255
2 8 12803 893.076 2129.6 9 13104 728.99 2127.41 
-7.88913 13.0595 51.1618
255 255 255
2 8 12804 1160.63 2128.06 9 13114 1002.54 2140.93 
-11.8548 12.9726 54.0129
255 255 255
2 8 12813 708.886 2142.8 9 13108 545.559 2131.76 
-8.25057 13.1269 51.1505
255 255 255
2 8 12818 1137.04 2144.83 9 13126 974.045 2155.74 
-9.99807 13.2881 52.4706
255 255 255
3 8 12835 934.263 2168.24 9 13134 768.786 2168.15 21 8635 1363.78 2100.7 
-10.5954 13.336 52.9666
255 255 255
2 8 12839 861.905 2172.84 9 13141 697.221 2170.65 
-8.24502 13.6825 51.8951
255 255 255
2 8 12842 1090.7 2172.12 17 16624 1134.94 2156.13 
-8.22578 13.5324 51.0753
255 255 255
2 8 12850 1143.63 2182.44 9 13159 981.328 2194.84 
-10.5609 13.5008 52.836
255 255 255
2 8 12858 872.329 2190.2 9 13157 706.488 2189.62 
-8.33752 13.9143 51.8939
255 255 255
2 8 12860 1084.62 2194.85 17 16644 1129.16 2179.4 
-8.51948 13.662 51.2256
255 255 255
2 8 12864 1114.21 2197.18 9 13175 950.498 2209.31 
-8.35519 13.7141 51.0524
255 255 255
2 8 12870 1136.38 2203.24 9 13182 972.624 2215.14 
-8.68814 13.7426 51.2539
255 255 255
2 8 12875 1100.93 2209.17 9 13188 935.699 2219 
-10.4547 14.0354 52.4167
255 255 255
2 8 12904 905.591 2249.3 9 13212 736.326 2248.91 
-10.3489 14.0907 52.3929
255 255 255
2 8 12905 914.628 2251.08 9 13215 746.42 2253.03 
-12.3165 14.0647 53.9052
255 255 255
2 8 12910 682.12 2256.78 9 13210 515.632 2244.64 
-8.24141 14.3683 50.9313
255 255 255
2 8 12912 1151.99 2261.32 9 13233 990.382 2276.57 
-9.89483 14.2475 51.9041
255 255 255
2 8 12918 976.792 2268.49 9 13229 807.284 2272.33 
-8.03098 14.4452 50.6439
255 255 255
2 8 12920 1184.63 2270.94 9 13242 1022.06 2288.35 
-8.17583 14.4745 50.8054
255 255 255
2 8 12922 1164.5 2272.83 9 13241 1002.36 2288.91 
-10.5443 14.314 52.4456
255 255 255
2 8 12925 897.656 2275.33 9 13232 728.685 2275.86 
-10.2728 14.3609 52.1126
255 255 255
2 8 12932 937.317 2282.74 9 13235 766.635 2284.83 
-8.82786 14.8978 51.9388
255 255 255
2 8 12940 1048.91 2293.18 17 16709 1094.53 2278.73 
-8.87344 14.9806 52.107
255 255 255
2 8 12943 1035.44 2296.26 17 16712 1082 2281.98 
-8.60625 15.0003 51.94
255 255 255
2 8 12944 1063.97 2296.11 17 16711 1110.98 2280.83 
-8.25672 15.1796 51.4718
255 255 255
2 8 12957 1116.89 2316.48 17 16722 1163.76 2301.53 
-8.9164 14.9653 50.8681
255 255 255
2 8 12971 1110.24 2336.89 9 13284 940.516 2349.97 
-11.4986 15.1226 52.8948
255 255 255
3 4 21592 828.117 2597.39 8 12980 801.82 2360.96 14 12564 1273.34 2343.28 
-8.52187 16.2969 51.073
255 255 255
2 8 13001 1124.46 2435.36 17 16757 1171.61 2420.21 
-12.843 16.9415 53.7068
255 255 255
2 8 13033 657.769 2533.67 9 13346 492.126 2523.48 
-12.5779 17.215 53.4317
255 255 255
2 8 13037 693.719 2560.24 9 13351 527.394 2550.96 
-3.60025 -5.31763 60.5873
255 255 255
2 8 13138 890.573 372.28 9 13447 848.496 359.542 
-0.449622 -5.20108 58.3167
255 255 255
2 8 13139 1185.79 377.976 9 13448 1149.19 356.959 
-1.89933 -5.20995 59.1778
255 255 255
2 8 13140 1059.86 380.032 9 13450 1018.05 361.383 
-3.55711 -5.01779 59.8736
255 255 255
2 8 13143 928.851 398.832 9 13456 879.772 383.174 
-1.72252 -4.9278 58.8813
255 255 255
2 8 13146 1085.33 402.887 9 13457 1042.87 382.485 
-4.88297 -4.93383 60.399
255 255 255
2 8 13149 823.711 408.481 9 13461 769.159 395.617 
-2.47956 -4.83079 59.0823
255 255 255
2 8 13150 1031.95 411.729 9 13462 984.422 394.457 
-0.949372 -4.56494 57.8722
255 255 255
2 8 13155 1182.28 430.729 9 13465 1137.59 410.391 
-4.70547 -4.60501 59.9077
255 255 255
2 8 13158 858.981 436.443 9 13468 800.998 421.101 
-4.32185 -4.52089 59.7195
255 255 255
2 8 13160 891.495 442.392 9 13470 834.989 425.99 
1.17163 -4.32335 56.7276
255 255 255
2 8 13162 1359.92 446.097 9 13469 1327.28 419.902 
-5.09967 -4.25738 59.4324
255 255 255
2 8 13167 859.32 467.255 9 13479 792.657 453.204 
-2.13752 -4.14797 57.8655
255 255 255
2 8 13169 1115.85 469.704 9 13477 1060.04 449.23 
-3.26705 -4.15524 58.3414
255 255 255
2 8 13171 1025.3 471.682 9 13480 963.337 454.298 
-4.28648 -4.03605 58.7824
255 255 255
2 8 13175 941.888 484.371 9 13488 875.541 468.09 
-1.81111 -3.91394 57.5342
255 255 255
2 8 13176 1152.41 487.868 9 13485 1096.92 467.426 
-5.58562 -3.9565 59.4411
255 255 255
2 8 13177 829.177 494.125 9 13493 759.017 479.879 
-3.72226 -3.91363 58.432
255 255 255
2 8 13178 993.763 493.744 9 13489 929.161 475.09 
-1.11069 -3.76488 56.5302
255 255 255
2 8 13182 1246.95 501.224 9 13492 1188.46 478.646 
-8.41354 -3.5468 60.7852
255 255 255
2 8 13193 583.011 536.294 9 13511 507.598 524.427 
-8.1174 -3.12862 59.8202
255 255 255
2 8 13199 649.741 573.343 9 13517 564.289 562.481 
-7.87189 3.82676 54.7259
255 255 255
3 8 13272 940.812 1223.55 9 13563 805.144 1210.4 10 13398 581.392 1200.67 
-8.23095 3.83464 54.9173
255 255 255
3 8 13275 905.735 1226.98 9 13565 768.899 1213.97 10 13397 548.737 1201.48 
-8.52501 4.02497 55.0143
255 255 255
5 8 13283 879.899 1245.43 9 13576 742.529 1231.78 10 13403 525.174 1221.61 18 17247 498.567 1226.47 22 15966 432.799 1221.25 
-11.0663 4.41338 57.7513
255 255 255
4 8 13290 555.34 1273.48 14 12982 963.054 1285.09 16 11536 1074.49 1261.13 21 10407 966.477 1264.91 
-10.4857 4.54715 56.7584
255 255 255
4 8 13295 650.195 1293.82 9 13589 516.797 1278.45 14 12991 1062.06 1301.58 16 11541 1167.25 1274.36 
-9.19372 4.52721 55.3508
255 255 255
6 8 13297 816.303 1295.76 9 13592 676.829 1282.38 10 13417 468.39 1269.08 14 12988 1211.25 1296.63 16 11539 1305.22 1268.15 21 10411 1210.02 1273.85 
-10.1877 4.73058 56.2626
255 255 255
5 8 13305 696.523 1313.48 9 13598 560.968 1299.36 14 13002 1108.92 1320.33 16 11548 1213.78 1293.32 17 17179 729.19 1297.95 
-10.1205 4.89114 56.4204
255 255 255
2 8 13312 693.002 1324.98 17 17185 726.115 1308.48 
-9.66292 4.97245 56.135
255 255 255
2 8 13315 740.495 1329.41 17 17186 773.925 1313.21 
-10.6976 4.90342 56.5443
255 255 255
2 8 13316 645.607 1333.06 17 17188 677.36 1317.52 
-9.05017 4.88356 54.9077
255 255 255
2 10 13437 486.407 1305.83 17 17189 879.904 1318.19 
-10.6158 4.96506 56.2883
255 255 255
2 8 13323 665.283 1342.13 17 17192 695.984 1325.88 
-10.0213 4.98067 55.8587
255 255 255
2 9 13615 591.718 1325.42 14 13014 1145.28 1345.58 
-10.0158 5.07726 56.1272
255 255 255
2 8 13330 716.4 1344.7 17 17197 748.758 1328.66 
-9.27163 5.11363 55.2669
255 255 255
5 8 13336 816.607 1350.54 9 13627 675.435 1337.97 14 13017 1212.3 1350.84 16 11564 1305.66 1322.33 21 10442 1210.27 1327.12 
-9.55136 5.14725 55.5768
255 255 255
4 8 13337 777.738 1353.55 14 13020 1180.59 1354.61 17 17201 811.578 1337.18 21 10445 1176.82 1330.81 
-10.1347 5.22926 56.2756
255 255 255
2 8 13340 700.044 1357.57 17 17205 733.314 1341.39 
-4.90124 5.43066 52.3841
255 255 255
2 8 13341 1273.36 1356.79 9 13641 1147.17 1352.55 
-3.99803 5.59163 52.2215
255 255 255
5 8 13342 1338.44 1357.12 10 14002 970.682 1353.61 13 16268 738.849 1357.99 18 17843 911.425 1356.91 22 16530 801.333 1355.32 
-8.66377 5.37382 54.5636
255 255 255
2 8 13350 897.693 1378.26 14 12747 1282.23 1370.52 
-10.5534 5.45247 56.3967
255 255 255
2 8 13352 664.087 1381.68 17 17217 697.217 1366.84 
-10.937 6.15853 56.3174
255 255 255
2 8 13380 641.459 1452.76 17 17236 674.95 1438.07 
-6.6842 6.36535 52.9659
255 255 255
2 8 13381 1124.84 1459.51 9 13688 985.985 1455.26 
-7.92709 6.53782 54.3915
255 255 255
2 8 13385 958.058 1470.13 17 17241 993.896 1453.02 
-11.4935 6.64857 56.8655
255 255 255
4 8 13389 572.346 1494.41 14 13076 1006.29 1510.49 16 11600 1126.39 1485.96 21 10497 1011.86 1486.6 
-9.49039 7.43796 55.0434
255 255 255
2 8 13403 814.69 1566.72 17 17261 850.364 1549.33 
-9.5714 7.7749 55.2248
255 255 255
2 8 13415 799.015 1593.26 17 17273 836.464 1577.97 
-5.59526 7.86876 51.8938
255 255 255
4 8 13416 1262.09 1595.03 9 13725 1127.23 1596.19 10 13566 853.121 1593.96 18 17360 794.977 1594.5 
-6.33504 8.08383 52.1251
255 255 255
3 8 13425 1199.92 1622.85 9 13734 1060.21 1624.17 10 13577 783.988 1620.5 
-9.72479 8.17447 55.0915
255 255 255
2 8 13429 796.121 1635.04 17 17289 833.468 1619.23 
-8.93341 8.21769 54.6838
255 255 255
2 8 13430 874.048 1631.51 17 17290 912.495 1616.11 
-6.79432 8.47896 52.0324
255 255 255
2 8 13443 1176.34 1670.09 17 17304 1211.55 1653.69 
-10.3145 8.57948 54.5306
255 255 255
2 8 13451 786.887 1696.12 9 13750 634.725 1685.61 
-10.4761 8.75612 55.2895
255 255 255
2 8 13454 732.523 1697.45 17 17316 769.902 1682.63 
-7.27308 9.17005 52.8176
255 255 255
2 8 13465 1096.71 1724.76 17 17325 1135.77 1706.67 
-8.67522 9.32429 54.1117
255 255 255
2 8 13472 925.486 1736.96 17 17332 965.438 1722.02 
-7.28162 9.20805 52.1137
255 255 255
2 8 13477 1139.62 1744.41 9 13774 990.24 1745.73 
-8.78622 9.54179 54.0643
255 255 255
2 8 13483 920.818 1760.32 17 17340 960.73 1744.36 
-7.35463 9.67856 52.1142
255 255 255
2 8 13492 1134.96 1788.19 9 13783 986.211 1790.3 
-11.946 9.77427 55.7325
255 255 255
2 8 13499 602.735 1807.77 17 17355 640.54 1796.73 
-7.09844 10.0482 52.1593
255 255 255
2 8 13505 1149.18 1814.64 17 17356 1188.6 1796.91 
-9.52457 10.0572 53.1444
255 255 255
4 6 2826 1351.59 1821.28 14 12124 1343.57 1827.14 16 10717 1444.66 1791.7 21 9675 1344.16 1796.81 
-6.02375 10.2051 50.0704
255 255 255
2 8 13518 1353.09 1856.12 17 17371 1388.55 1838.02 
-11.4819 10.2731 54.9201
255 255 255
4 8 13520 681.238 1864.28 9 13798 529.777 1851.5 14 13183 1141.58 1872.41 16 11702 1267.02 1843.03 
-6.96531 10.8196 51.7743
255 255 255
2 8 13525 1182.29 1890.28 17 17379 1222.96 1871.73 
-11.5748 10.5759 54.8751
255 255 255
4 8 13527 677.83 1895.12 9 13807 524.562 1881.74 14 13198 1140.41 1902.89 16 11719 1266.98 1874.41 
-6.23887 10.6153 50.3042
255 255 255
2 8 13528 1323.94 1892.01 17 17382 1360.66 1874.55 
-6.06674 10.5769 49.9795
255 255 255
2 8 13529 1356.43 1893.04 17 17380 1392.45 1875.06 
-9.3305 10.8747 53.7797
255 255 255
2 8 13531 900.92 1898.25 17 17384 941.188 1882.36 
-10.8923 10.9513 54.8864
255 255 255
2 8 13532 727.152 1910.87 17 17387 767.565 1898.88 
-7.16858 10.9566 51.4722
255 255 255
3 8 13533 1187.77 1914.38 9 13820 1037.55 1922.06 10 13660 743.615 1917.93 
-7.52893 11.0673 51.9539
255 255 255
2 8 13540 1133.97 1920.86 17 17391 1173.52 1903.37 
-7.37347 11.0521 51.7378
255 255 255
2 8 13541 1157.82 1921.73 17 17393 1197 1903.62 
-9.58519 10.9416 53.0583
255 255 255
3 8 13544 926.309 1928.81 9 13821 767.148 1925.72 21 10210 1341.85 1877.51 
-6.30385 11.3566 51.2482
255 255 255
5 10 14118 832.333 1949.69 13 16367 600.954 1925.61 17 17397 1301.61 1918.76 18 17931 775.261 1942.88 22 16609 659.36 1927.3 
-5.75936 11.6526 51.1604
255 255 255
5 8 13554 1299.62 1951 10 14125 885.709 1971.37 13 16370 652.379 1949.88 18 17938 829.353 1964.72 22 16610 711.432 1951.26 
-7.50245 11.4888 51.9353
255 255 255
2 8 13558 1137.05 1957.9 17 17406 1178.01 1940.96 
-7.9078 11.5528 52.3676
255 255 255
2 8 13562 1083.23 1961.86 17 17410 1124.63 1945.18 
-6.15722 11.3419 49.7469
255 255 255
2 8 13568 1366.21 1970.89 17 17416 1403.15 1952.23 
-11.4325 11.3558 54.403
255 255 255
2 8 13570 715.917 1975.39 9 13836 558.326 1963.69 
-6.6102 11.6622 50.7601
255 255 255
2 8 13572 1270.41 1983.39 17 17422 1310.72 1965.06 
-7.48618 11.7652 51.8688
255 255 255
2 8 13574 1142.39 1984.38 17 17421 1183.99 1966.34 
-6.3564 11.5751 50.1525
255 255 255
2 8 13575 1326.52 1986.03 17 17423 1365.02 1967.11 
-9.94757 11.7946 53.9821
255 255 255
2 8 13578 846.675 1988.25 17 17426 888.404 1974.52 
-7.74042 11.8415 52.1349
255 255 255
2 8 13580 1108.93 1989.88 17 17428 1150.88 1972.63 
-11.5825 11.7194 54.8098
255 255 255
2 8 13585 682.263 1998.53 17 17434 722.036 1985.73 
-7.45401 11.8481 51.319
255 255 255
2 8 13588 1179.26 2004.59 9 13863 1025.21 2014.54 
-7.98317 12.0694 52.2008
255 255 255
2 8 13591 1088.7 2014.05 17 17441 1130.55 1997.56 
-7.70576 12.1144 51.9338
255 255 255
2 8 13594 1123.86 2018.56 17 17444 1165.84 2001.7 
-8.34782 12.1858 52.5466
255 255 255
2 8 13597 1042.91 2023.75 17 17448 1085.2 2007.78 
-7.78085 12.0409 51.5098
255 255 255
2 8 13598 1145.46 2025.4 9 13871 990.381 2033.35 
-7.55308 12.165 51.2423
255 255 255
2 8 13600 1177.65 2038.03 9 13877 1022.29 2047.73 
-7.64216 12.571 52.1216
255 255 255
2 8 13602 1116.57 2052.58 17 17454 1161.29 2034.4 
-10.5328 12.189 53.34
255 255 255
5 8 13606 843.797 2057.85 9 13876 681.237 2050.85 14 13268 1284.23 2042.03 16 11786 1398.83 2007.88 21 10669 1288.6 2009.86 
-7.8811 12.3762 51.3806
255 255 255
2 8 13609 1147.04 2061.62 9 13883 989.894 2070.33 
-7.66772 12.4753 51.1739
255 255 255
2 8 13612 1174.46 2071.06 9 13889 1017.66 2080.57 
-8.57976 12.7521 52.4642
255 255 255
2 8 13617 1032.49 2081.8 17 17471 1075.09 2066.64 
-8.15335 12.8171 52.2786
255 255 255
2 8 13618 1072.77 2082.15 17 17472 1116.63 2066.01 
-11.1456 12.6827 53.5865
255 255 255
4 8 13625 785.182 2110.55 9 13898 621.846 2102.61 16 10977 1366.83 2067.63 21 10213 1250.55 2069.04 
-6.84736 12.9965 50.4348
255 255 255
2 8 13634 1276.34 2118.81 17 17488 1318.16 2098.3 
-8.55184 12.8596 51.481
255 255 255
2 8 13635 1095.56 2119.48 9 13912 932.397 2127.57 
-11.0095 12.7903 53.4126
255 255 255
2 8 13637 805.134 2123.44 16 10981 1382.38 2073.96 
-10.4138 12.8896 52.9736
255 255 255
2 8 13638 874.094 2128.31 9 13906 710.232 2125.09 
-8.22496 12.9452 51.3137
255 255 255
2 8 13642 1128.33 2123.58 9 13914 967.5 2132.63 
-10.328 12.9138 52.8936
255 255 255
2 8 13643 885.01 2130.67 9 13910 721.01 2127.82 
-8.19215 13.2034 51.2246
255 255 255
2 8 13650 1136.27 2148.85 9 13923 975.555 2157.86 
-9.93834 13.4855 53.4165
255 255 255
2 8 13652 881.743 2152.8 17 17505 925.782 2140.87 
-9.86102 13.5316 53.3284
255 255 255
2 8 13654 892.413 2157.59 17 17508 936.444 2145.37 
-7.99417 13.3015 50.904
255 255 255
2 8 13656 1170.12 2160.83 9 13931 1007.73 2173.49 
-9.93698 13.6961 53.2623
255 255 255
2 8 13658 891.127 2176.48 17 17515 934.993 2163.59 
-8.55539 13.5459 51.264
255 255 255
2 8 13662 1109.28 2187.28 9 13935 945.283 2197.7 
-10.1643 13.9367 53.3236
255 255 255
2 8 13667 871.682 2201.51 17 17522 915.686 2189.55 
-8.09051 14.1865 50.9352
255 255 255
2 8 13680 1161.87 2240.43 9 13960 1001.74 2256.38 
-10.6802 14.0333 52.71
255 255 255
2 8 13681 871.75 2245.91 9 13953 704.385 2244.28 
-10.4595 14.0398 52.4802
255 255 255
2 8 13682 901.419 2247.07 9 13955 733.057 2247.92 
-7.99263 14.435 50.619
255 255 255
2 8 13686 1188.81 2269.51 9 13970 1026.37 2287.5 
-8.35435 14.4097 50.8076
255 255 255
2 8 13690 1152.27 2273.22 9 13969 987.494 2286.56 
-8.74138 14.88 51.8507
255 255 255
2 8 13696 1060.27 2292.21 17 17541 1105.78 2277.24 
-8.17479 15.1808 51.5666
255 255 255
2 8 13704 1116.45 2311.8 17 17546 1164.2 2295.51 
-9.08678 14.8701 51.1198
255 255 255
2 8 13712 1082.47 2325.04 9 13988 913.842 2336.86 
-12.8923 16.8206 53.7597
255 255 255
2 8 13734 650.87 2523.47 9 14016 485.262 2511.08 
-12.3154 17.5208 52.9751
255 255 255
2 8 13752 740.195 2595.17 9 14029 570.181 2590.03 
-8.08362 -3.08674 59.7619
255 255 255
2 8 13813 654.843 577.062 9 14100 568.998 565.882 
-7.02295 3.57819 54.3377
255 255 255
3 8 13855 1018.59 1195.01 9 14134 888.019 1182.11 10 13948 656.349 1174.36 
-5.46915 4.16376 53.4035
255 255 255
4 8 13862 1175.53 1238.48 9 14143 1051.5 1227.65 10 13951 808.846 1220.77 17 17732 1207.6 1218.88 
-8.87212 4.06582 55.3709
255 255 255
2 8 13864 836.867 1249.61 9 14144 699.996 1234.79 
-9.13051 4.55313 55.296
255 255 255
7 6 3543 1223.49 1281.59 8 13875 822.841 1298.22 9 14156 683.491 1284.98 10 13960 475.646 1271.18 14 13563 1217.26 1298.72 16 12054 1310.61 1270.04 21 10897 1215.5 1276.02 
-10.1615 4.68039 56.059
255 255 255
3 8 13879 709.565 1313.19 9 14161 571.329 1297.71 17 17751 740.177 1296.55 
-10.8376 4.84368 57.3199
255 255 255
2 8 13881 594.255 1317.41 21 10907 1004.97 1302.27 
-10.468 4.86893 56.6319
255 255 255
2 8 13885 657.138 1324.54 17 17752 690.149 1309.1 
-5.00109 4.75339 50.4738
255 255 255
2 8 13887 1388.92 1331.33 17 17757 1414.07 1312.96 
-9.76376 5.09071 56.0429
255 255 255
2 8 13892 738.671 1341.46 9 14179 605.41 1329.18 
-9.32636 5.02495 55.3733
255 255 255
5 8 13893 807.527 1342.39 9 14180 665.776 1329.27 14 13586 1202.6 1342.23 16 12072 1296.73 1313.44 21 10917 1200.97 1318.74 
-9.81987 5.18496 55.7423
255 255 255
3 8 13897 749.338 1356.8 9 14187 614.867 1344.45 16 12081 1259.37 1332.38 
-5.05467 5.24125 51.2518
255 255 255
2 8 13899 1335.28 1363.16 17 17767 1365.37 1343.07 
-10.0931 5.30284 56.2671
255 255 255
2 8 13903 703.458 1363.69 17 17769 737.072 1347.17 
-4.69896 5.41252 50.9142
255 255 255
2 8 13908 1379.27 1378.2 17 17772 1410.33 1358.28 
-10.6272 5.47541 56.4176
255 255 255
2 8 13912 657.757 1383.76 21 10936 1081.1 1370.27 
-8.02994 5.94858 54.7383
255 255 255
2 8 13918 930.781 1413.2 17 17782 966.161 1396.23 
-4.94199 5.77157 50.9526
255 255 255
2 8 13920 1361.9 1413.23 17 17783 1392.95 1395.19 
-5.03905 5.83343 51.1271
255 255 255
2 8 13923 1344.61 1416.7 17 17784 1376.13 1399.82 
-10.4916 5.87978 55.9888
255 255 255
2 8 13927 690.946 1424.23 17 17786 723.176 1413.66 
-6.3175 6.11757 52.8553
255 255 255
2 17 17787 1189.1 1417.65 21 10467 1452.89 1384.31 
-4.78724 5.89864 50.1209
255 255 255
2 8 13930 1426.14 1438.56 17 17788 1454.68 1418.86 
-8.0288 6.43968 54.58
255 255 255
2 8 13935 940.261 1459.59 17 17793 976.354 1442.58 
-5.12252 6.38228 50.3882
255 255 255
2 8 13938 1387.82 1483.11 17 17797 1417.25 1464.44 
-11.2413 7.07903 56.382
255 255 255
3 8 13945 617.06 1539.24 9 14238 479.619 1522.72 14 13631 1050.3 1551.13 
-10.1807 7.0291 54.9964
255 255 255
4 8 13947 769.02 1541.09 9 14241 620.895 1529.15 14 13630 1196.66 1547.01 21 10963 1198.76 1521.64 
-5.71318 7.61587 52.0422
255 255 255
3 8 13955 1244.85 1569.71 10 14059 837.198 1570.27 18 17873 781.323 1570.05 
-9.77681 7.51228 54.3504
255 255 255
2 8 13960 834.444 1594.14 9 14248 682.274 1581.6 
-5.55747 7.87233 51.8763
255 255 255
4 8 13962 1265.72 1596.39 9 14252 1131 1596.87 10 14060 856.487 1593.12 18 17877 798.892 1593.77 
-6.35489 8.05611 52.1391
255 255 255
3 8 13966 1197.64 1621.04 9 14256 1058.04 1621.53 10 14068 781.705 1617.47 
-8.91778 8.18255 54.6644
255 255 255
2 8 13969 876.208 1628.59 17 17821 914.502 1613.03 
-11.5578 8.1078 56.0899
255 255 255
2 8 13971 610.283 1643.25 17 17824 646.368 1629.28 
-9.70549 8.28571 55.0603
255 255 255
2 8 13972 799.3 1644.87 17 17825 836.898 1629.76 
-5.72576 8.87612 51.7009
255 255 255
4 8 13981 1265.08 1689.49 9 14269 1132.26 1694.22 10 14082 853.709 1697.25 18 17893 795.499 1693.95 
-10.6519 8.61695 54.8203
255 255 255
3 8 13986 745.279 1700.29 9 14268 594.539 1687.6 17 17837 781.597 1684.83 
-7.58069 8.97329 52.4274
255 255 255
3 8 13990 1100.08 1722.44 9 14275 950.825 1722.04 10 14085 675.531 1713.06 
-8.26187 9.15443 53.6511
255 255 255
2 8 13991 980.553 1724.83 17 17842 1019.31 1707.86 
-10.489 8.89702 54.1973
255 255 255
2 8 13995 793.836 1737.77 9 14277 635.49 1725.25 
-7.19122 9.22194 52.0961
255 255 255
2 8 13997 1146.67 1744.22 10 14089 717.189 1739.3 
-8.71126 9.4114 54.0096
255 255 255
2 8 13998 929.06 1748.39 17 17848 968.581 1732.51 
-11.7008 9.71836 55.3641
255 255 255
3 8 14013 641.124 1806.46 14 13689 1102.12 1821.15 16 12176 1229.85 1793.42 
-7.17234 9.96056 52.011
255 255 255
2 9 14301 1006.74 1815.19 10 14097 727.412 1809.85 
-7.37661 10.3308 51.8762
255 255 255
2 8 14024 1148.63 1853.5 9 14310 998.455 1856.49 
-11.418 10.2303 55.0376
255 255 255
2 8 14025 680.107 1856.89 9 14308 529.483 1843.03 
-7.01535 10.526 51.5344
255 255 255
2 8 14028 1194.08 1870.17 9 14313 1044.56 1877.14 
-6.46719 10.6703 50.3019
255 255 255
2 8 14031 1309.37 1902.52 17 17873 1345 1885.48 
-7.4781 10.9877 51.7743
255 255 255
2 8 14035 1148.58 1916.46 9 14325 997.752 1922.48 
-6.66705 11.1315 50.853
255 255 255
2 8 14040 1260.59 1934.83 17 17880 1299.31 1916.7 
-6.28139 11.2755 50.5014
255 255 255
2 8 14043 1308.41 1947.79 17 17882 1347.99 1928.85 
-10.2178 11.3873 54.2193
255 255 255
2 8 14044 813.591 1952.43 17 17885 854.234 1938.4 
-7.98145 11.6282 52.4195
255 255 255
2 8 14050 1075.13 1968.79 17 17892 1116.69 1952.47 
-7.47899 11.6369 51.8867
255 255 255
2 8 14051 1141.7 1972.21 17 17893 1183.01 1954.41 
-6.42088 11.6247 50.2139
255 255 255
2 8 14056 1318.32 1990.33 17 17896 1356.92 1971.67 
-7.1971 11.8439 51.4988
255 255 255
2 8 14057 1184.8 1993.67 17 17898 1226.26 1976.64 
-8.03608 11.8586 51.5928
255 255 255
2 8 14064 1123.06 2013.04 9 14351 965.023 2020.3 
-12.0212 11.8251 54.7764
255 255 255
2 8 14065 652.074 2021.76 9 14344 495.929 2007.24 
-10.535 12.2285 53.2623
255 255 255
2 8 14075 847.73 2064.53 9 14355 684.852 2057.61 
-8.27123 12.592 51.5401
255 255 255
2 8 14079 1110.79 2085.92 9 14366 951.341 2094.87 
-8.28855 12.8594 52.257
255 255 255
2 8 14082 1065.01 2089.52 17 17924 1108.25 2074.51 
-10.1997 12.6654 52.8489
255 255 255
2 8 14087 896.615 2106.69 9 14369 732.652 2103.33 
-7.90567 12.8668 51.146
255 255 255
2 8 14088 1160.46 2112.63 9 14374 1001.29 2123.46 
-7.1054 12.9787 50.8227
255 255 255
2 8 14089 1234.28 2110.62 9 14377 1082.2 2124.56 
-9.92502 12.786 52.5954
255 255 255
2 8 14090 931.435 2117.25 9 14371 767.24 2116.61 
-8.81645 13.1641 52.6741
255 255 255
2 8 14091 1003.75 2118.04 17 17935 1047.7 2103.34 
-8.55874 12.8516 51.5261
255 255 255
2 8 14092 1092.24 2117.79 9 14376 929.649 2125.37 
-10.5963 12.8894 53.1013
255 255 255
3 8 14096 853.365 2127.11 9 14375 689.686 2125.02 16 11815 1413.14 2077.17 
-8.23798 12.9909 51.3451
255 255 255
2 8 14098 1125.48 2127.01 9 14379 965.092 2136.17 
-9.67565 12.9068 52.2923
255 255 255
2 8 14099 967.505 2130.3 9 14378 802.121 2131.77 
-10.3944 13.0458 52.9443
255 255 255
2 8 14101 877.373 2141.66 9 14381 713.716 2140.76 
-8.78015 13.4037 52.4969
255 255 255
2 8 14102 1017.15 2143.53 17 17942 1061.1 2128.63 
-9.80576 13.7512 53.1694
255 255 255
2 8 14110 905.886 2180.95 17 17954 949.986 2167.36 
-9.52891 13.4738 52.1376
255 255 255
2 8 14111 987.579 2181.67 9 14390 823.694 2185.04 
-8.0954 14.1182 51.0097
255 255 255
2 8 14116 1156.76 2232.1 9 14401 997.392 2247.82 
-10.1516 14.3238 52.0023
255 255 255
2 8 14123 952.663 2279.49 9 14405 781.645 2282.32 
-9.36336 14.5492 51.6001
255 255 255
2 8 14126 1032.98 2289.1 9 14410 866.791 2297.65 
-8.27991 15.3722 51.8653
255 255 255
2 8 14131 1090.8 2321.61 17 17976 1140.18 2305.93 
-9.58608 14.8039 51.2968
255 255 255
2 8 14132 1036.62 2328.8 9 14414 863.718 2336.83 
-13.4005 16.9696 54.0791
255 255 255
2 8 14145 594.649 2541.07 9 14428 429.644 2524.75 
-13.6078 17.1752 54.3922
255 255 255
2 8 14147 561.692 2553.05 9 14429 400.558 2537.09 
-7.08334 3.74328 54.4142
255 255 255
2 8 14176 1010.96 1209.73 9 14457 879.572 1196.55 
-5.1648 4.7449 52.9811
255 255 255
4 8 14182 1218.68 1290.74 9 14464 1096.87 1284.05 10 14257 847.445 1277.89 18 18084 793.549 1280.35 
-10.2576 4.75686 56.3579
255 255 255
3 8 14186 687.169 1315.56 9 14466 551.999 1300.6 21 11233 1100.55 1298.96 
-9.40606 5.00151 55.6101
255 255 255
3 8 14188 786.259 1338.18 14 13901 1180.81 1338.25 17 18056 819.731 1319.89 
-12.0383 5.29224 57.0003
255 255 255
2 8 14190 524.823 1380.75 17 18060 555.92 1368.32 
-10.0855 5.44603 56.1202
255 255 255
2 8 14191 712.094 1378.68 17 18059 745.317 1362.7 
-4.80435 5.46508 50.7522
255 255 255
2 8 14193 1383.31 1388.07 17 18062 1413.21 1367.67 
-10.8068 5.59756 56.4935
255 255 255
2 8 14194 640.94 1397.03 17 18063 674.187 1382.49 
-10.9432 5.833 56.4314
255 255 255
2 8 14200 634.687 1421.07 17 18069 667.801 1407.55 
-7.93308 6.04222 54.8575
255 255 255
2 8 14201 930.443 1416.88 17 18066 967.178 1401.07 
-6.15426 8.05443 52.4675
255 255 255
2 8 14211 1190.43 1611.16 17 18079 1229.65 1590.55 
-8.89832 8.07671 54.633
255 255 255
2 8 14213 879.286 1619.33 17 18080 917.147 1604.14 
-11.5151 8.11646 56.0922
255 255 255
2 8 14215 613.265 1643.35 17 18083 649.55 1628.86 
-5.14628 8.84535 51.5458
255 255 255
4 8 14218 1312.3 1678.2 9 14501 1183.52 1684.83 10 14283 908.24 1689.34 18 18105 849.167 1686.52 
-10.6876 8.46239 54.9302
255 255 255
2 8 14219 737.49 1684.24 21 11263 1181.19 1659.64 
-11.1266 8.65838 55.7238
255 255 255
2 8 14220 661.881 1691.14 17 18088 699.051 1678.68 
-11.6325 9.11568 56.1054
255 255 255
2 4 23271 593.498 1856.86 9 14503 465.919 1718.76 
-7.1131 9.18512 52.0988
255 255 255
2 8 14224 1151.65 1738.68 9 14507 1004.21 1740.93 
-6.47703 9.68774 51.6671
255 255 255
3 8 14227 1220.99 1778.56 9 14508 1076.53 1784.12 10 14286 792.841 1786.05 
-7.12462 9.9934 51.8848
255 255 255
3 8 14229 1164.82 1816.64 9 14514 1016.44 1819.78 10 14287 733.5 1816.78 
-8.77937 11.0335 53.592
255 255 255
2 8 14237 949.98 1904.26 17 18105 992.153 1887.95 
-6.79978 11.0803 50.8962
255 255 255
2 8 14240 1249.14 1930.83 17 18108 1287.21 1915.9 
-6.15845 11.1908 50.3923
255 255 255
2 8 14241 1323.43 1940.03 17 18109 1362.89 1921.08 
-11.2327 11.2001 54.1945
255 255 255
2 8 14244 742.228 1962.84 9 14525 582.957 1950.98 
-9.9482 11.3668 53.1692
255 255 255
2 8 14245 894.291 1974.9 9 14527 734.086 1968.8 
-8.35363 11.9433 52.773
255 255 255
2 8 14246 1028.59 1995.96 17 18116 1071.26 1980.35 
-8.24315 11.8283 52.4162
255 255 255
2 8 14247 1057.82 1992.66 17 18117 1098.76 1977.5 
-7.02874 11.8613 50.9955
255 255 255
2 8 14248 1227.97 2005.61 17 18119 1267.86 1987 
-11.8399 12.2115 54.2071
255 255 255
2 8 14256 698.079 2068.78 9 14535 535.656 2055.66 
-6.94435 12.7232 50.7758
255 255 255
2 8 14258 1247.84 2083.83 9 14541 1096.38 2100.01 
-8.9606 13.2397 52.7895
255 255 255
2 8 14260 986.919 2124.95 17 18129 1031.07 2110.61 
-9.09803 13.1788 51.7143
255 255 255
2 8 14261 1043.59 2156 9 14543 877.746 2162.21 
-10.8942 13.4089 53.0688
255 255 255
2 8 14263 834.425 2184.87 9 14544 668.091 2180.44 
-8.58163 14.8295 52.1966
255 255 255
2 8 14264 1049.72 2272.11 17 18136 1097.63 2257.27 
-7.96342 3.2367 54.9384
255 255 255
2 8 14277 922.278 1170.7 10 14323 566.673 1144.61 
-5.39127 4.54728 53.2164
255 255 255
3 8 14280 1190.19 1273.6 9 14562 1067.9 1264.79 10 14326 821.29 1258.31 
-10.169 5.51399 55.8934
255 255 255
4 8 14283 718.23 1389.77 9 14566 579.929 1375.79 14 14010 1133.91 1396.17 17 18157 751.397 1373.52 
-10.9583 5.6329 56.4882
255 255 255
2 8 14285 630.435 1402.87 17 18158 663.211 1388.49 
-5.7403 5.797 52.3051
255 255 255
2 8 14286 1225.81 1405.19 17 18159 1259.07 1386.23 
-8.8768 5.9098 55.371
255 255 255
2 8 14287 837.51 1412.56 17 18160 872.675 1396.37 
-5.19353 6.3874 50.5643
255 255 255
2 8 14289 1371.82 1479.9 17 18161 1401.68 1464.28 
-10.9739 6.60088 55.9866
255 255 255
2 8 14290 657.068 1499.74 17 18162 689.821 1484.83 
-9.88461 7.57208 55.3492
255 255 255
2 8 14292 770.082 1579.04 17 18164 806.348 1563.31 
-7.67623 8.5531 53.3603
255 255 255
2 8 14296 1036.84 1666.22 17 18166 1074.81 1647.97 
-7.783 9.72925 53.2112
255 255 255
2 8 14298 1039.29 1775.77 17 18168 1079.77 1758.67 
-8.28536 11.36 51.7799
255 255 255
2 8 14305 1094.26 1968.39 17 18176 1130.1 1955.61 
-8.20535 11.8673 52.7031
255 255 255
2 8 14306 1042.82 1988.79 17 18177 1085.57 1970.47 
-8.56106 -3.08935 60.1635
255 255 255
2 8 14359 603.68 577.467 9 14633 519.438 566.747 
-9.69324 9.11009 54.4649
255 255 255
2 8 14631 834.672 1732.44 9 8655 690.286 1723.2 
-4.80037 -3.82029 59.1135
255 255 255
2 8 15188 893.896 502.951 9 15517 827.355 486.987 
-11.6512 11.0641 54.6612
255 255 255
2 8 15525 685.027 1947.35 9 15629 528.374 1934.17 
-10.7291 18.1851 51.7302
255 255 255
2 8 15722 930.882 2647.64 9 15769 762.248 2656.6 
-4.81367 1.34256 54.1896
255 255 255
2 8 15762 1166.89 973.191 9 15758 1052.46 958.979 
-11.9799 13.1582 54.0635
255 255 255
3 4 25621 701.296 2360.67 8 15819 697.402 2161.2 9 15857 533.606 2150.75 
-4.77697 1.49969 53.9959
255 255 255
2 8 15922 1180.66 989.45 9 15981 1064.76 973.93 
-8.87216 17.772 50.4776
255 255 255
2 8 15954 1138.97 2595.11 9 16235 974.461 2618.44 
-9.40628 0.901023 57.7233
255 255 255
3 9 318 555.234 931.113 14 4084 1040.4 947.886 16 3429 1131.6 924.997 
-9.55447 1.00321 57.8852
255 255 255
2 9 330 537.99 939.401 21 517 1020.99 939.381 
-10.545 3.12175 57.9973
255 255 255
2 9 622 462.808 1133.48 16 902 1072.59 1133.21 
-9.41826 4.02783 55.7055
255 255 255
2 9 867 642.79 1234.55 10 1119 442.738 1222.24 
-5.05215 0.961128 54.6041
255 255 255
2 9 4593 1014.56 922.804 14 4069 1386.37 940.654 
-9.92269 1.05725 58.1587
255 255 255
2 9 4637 499.414 944.719 14 4119 989.762 962.662 
-8.84633 1.36515 56.3216
255 255 255
2 9 4683 654.364 980.94 16 3529 1253.12 975.245 
-9.79563 2.6304 56.6407
255 255 255
2 9 4815 571.258 1099.91 16 3681 1204.37 1095.33 
-11.0823 3.40036 58.5125
255 255 255
3 9 4909 402.714 1156.38 14 4491 907.278 1183.31 16 3798 1017.07 1160.55 
-6.75887 3.39566 54.3093
255 255 255
2 9 4926 907.939 1162.55 10 5044 678.469 1155.33 
-11.058 3.51767 58.4404
255 255 255
3 9 4937 407.535 1167.88 14 4506 912.885 1194.14 16 3807 1022.7 1171.47 
-10.0676 3.62239 56.5663
255 255 255
2 9 4974 555.764 1192.66 16 3829 1198.71 1188.57 
-5.42054 3.97677 53.4072
255 255 255
2 9 5003 1053.27 1211.28 10 5108 811.35 1203.47 
-5.23272 4.09501 53.2872
255 255 255
2 9 5023 1073.54 1221.09 10 5127 830.575 1213.77 
-10.3354 4.60071 56.5004
255 255 255
2 9 5102 540.16 1284.63 21 3433 1088.24 1285.89 
-4.8179 1.10902 54.2559
255 255 255
4 9 7754 1046.84 936.89 10 7858 828.166 928.53 14 7250 1416.88 954.176 16 6247 1458.06 930.081 
-4.92046 1.35796 54.3018
255 255 255
3 9 7783 1039.54 960.147 14 7286 1409.28 975.23 16 6283 1451.22 950.854 
-4.25072 2.51225 53.3557
255 255 255
2 9 7859 1137.56 1065.2 10 7982 901.042 1057.46 
-9.80113 2.74661 56.5985
255 255 255
4 9 7913 572.878 1111.27 14 7452 1108.16 1131.88 16 6432 1207.29 1105.88 21 5653 1107.24 1112.08 
-4.16386 3.00392 53.1244
255 255 255
2 9 7914 1156.95 1110.89 10 8042 916.609 1104.05 
-7.97179 3.14268 55.1885
255 255 255
2 9 7954 775.057 1143.31 10 8091 563.396 1134.75 
-10.008 3.94037 56.3413
255 255 255
2 9 8059 570.278 1224.1 14 7602 1114.01 1245.04 
-9.12017 4.32157 55.3976
255 255 255
4 9 8105 680.121 1261.92 14 7641 1211.36 1276.25 16 6613 1303.92 1247.99 21 5813 1208.47 1254.38 
-10.519 4.83319 56.5865
255 255 255
2 9 8169 522.884 1306.64 14 7704 1072.28 1330.68 
-6.0582 9.17204 51.6501
255 255 255
2 9 8669 1108.98 1729.28 10 8832 826.389 1730.05 
-6.79816 11.4084 51.1733
255 255 255
3 9 8933 1082.98 1962.49 10 9105 786.748 1964.29 18 12014 729.893 1957.78 
-6.62216 11.4507 51.1165
255 255 255
3 9 8941 1100.01 1964.78 10 9111 804.176 1967.56 18 12021 746.874 1960.12 
-6.95439 11.602 51.1879
255 255 255
3 9 8984 1070.49 1984.63 10 9145 774.507 1983.4 18 12048 717.614 1976.94 
-9.8392 11.9213 52.7309
255 255 255
2 9 9066 764.785 2030.82 21 6681 1356.73 1974.31 
-9.40721 13.6692 51.8303
255 255 255
4 9 9428 848.886 2209.61 14 5732 1425.25 2161.81 16 4911 1525.83 2121.35 21 4374 1425.28 2124.12 
-6.1859 14.1632 50.4426
255 255 255
2 9 9444 1178.75 2222.15 10 9545 882.861 2238.1 
-8.24821 17.411 50.2413
255 255 255
5 9 9942 1036.42 2577.02 10 10013 723.677 2582.2 13 11482 498.316 2518.77 18 12914 673.026 2557.53 22 11818 551.557 2527.63 
-8.46823 17.6582 50.3081
255 255 255
5 9 9963 1016.14 2603.85 10 10047 704.779 2606.15 13 11509 484.213 2538.18 18 12940 655.784 2580.51 22 11839 536.134 2547.92 
-8.56341 17.7987 50.2634
255 255 255
2 9 9992 1010.58 2620.19 18 12963 649.345 2596.35 
-8.96917 1.19361 56.5368
255 255 255
3 9 10455 635.697 964.449 16 8610 1235.01 959.438 21 7721 1143.65 965.842 
-10.23 1.53048 58.2525
255 255 255
4 9 10464 473.342 987.498 14 9896 970.013 1007.39 16 8629 1069.16 984.487 21 7730 970.175 990.095 
-4.46505 2.30643 53.55
255 255 255
2 9 10487 1111.71 1047.1 10 10531 877.703 1039.03 
-11.2619 4.00563 58.5177
255 255 255
3 9 10585 390.279 1211.46 14 10060 895.473 1240.48 16 8787 1008.69 1218.15 
-6.48488 8.42386 52.3441
255 255 255
2 16 5494 1545.06 1588.4 21 4863 1472.9 1587.16 
-5.65516 9.01368 51.6079
255 255 255
2 9 10988 1141.73 1708.18 10 11095 862.57 1710.09 
-6.03617 9.17654 51.6952
255 255 255
2 9 11011 1108.46 1728.42 10 11111 827.941 1728.66 
-5.59122 9.24922 51.433
255 255 255
2 9 11019 1156.36 1732.2 10 11124 873.179 1736.46 
-7.0077 11.6165 51.168
255 255 255
3 9 11239 1067.6 1986.36 10 11293 768.605 1988.22 18 14635 713.782 1979 
-7.17902 11.7645 51.1919
255 255 255
2 9 11261 1053.2 2003.52 18 14667 699.548 1994.43 
-7.35212 11.8794 51.2332
255 255 255
2 9 11268 1037.76 2016.99 18 14680 685.123 2005.73 
-7.40865 12.8495 50.9683
255 255 255
2 9 11420 1050.08 2115.31 18 14775 692.159 2104.39 
-8.45269 17.6236 50.2867
255 255 255
4 9 11844 1018.05 2600.73 10 11776 706.269 2603.08 18 15134 657.128 2577.82 22 13929 536.877 2546.06 
-8.33348 17.9428 50.2088
255 255 255
2 9 11867 1032.64 2628.32 18 15159 672.727 2609.03 
-8.68138 3.81071 55.194
255 255 255
2 9 12284 721.448 1213.44 10 12170 507.501 1201.61 
-10.6197 4.53278 56.9027
255 255 255
4 9 12336 501.789 1276.69 14 11723 1044.82 1300.19 16 10342 1154.29 1274.58 21 9289 1048.93 1279.67 
-10.551 4.69276 56.7222
255 255 255
5 9 12353 512.536 1291.97 14 11747 1061.63 1316.67 16 10361 1170.06 1290.8 17 15863 681.557 1294.37 21 9311 1062.3 1294.89 
-9.45413 4.64904 55.525
255 255 255
3 9 12356 651.423 1293.72 10 12229 444.376 1279.61 14 11736 1189.06 1310.78 
-9.21057 4.82954 55.2559
255 255 255
4 9 12387 680.433 1312.12 14 11762 1216.67 1324.91 16 10370 1310.6 1296.55 21 9320 1214.6 1300.82 
-3.97078 5.49261 52.4082
255 255 255
4 9 12456 1215.48 1345.25 13 14440 743.077 1343.17 18 16003 912.217 1342.95 22 14799 804.851 1341.2 
-10.4652 5.61258 56.0857
255 255 255
3 9 12510 549.283 1384.79 16 10456 1218.37 1379.21 21 9413 1111.37 1384.67 
-6.09231 7.16051 54.2924
255 255 255
2 9 12599 973.106 1489.44 14 11890 1340.54 1473.79 
-5.05233 7.1274 51.9359
255 255 255
2 9 12606 1164.36 1516.49 18 16140 835.1 1518.94 
-4.99002 7.36624 51.85
255 255 255
2 9 12620 1174.33 1539.71 18 16154 843.902 1541.3 
-5.40767 7.34358 52.0043
255 255 255
3 9 12621 1134.3 1542.08 10 12526 864.39 1538.68 18 16153 804.528 1542.73 
-5.58749 7.52094 51.9868
255 255 255
2 9 12629 1122.45 1560.8 10 12540 848.565 1560.93 
-5.7353 7.68831 52.0162
255 255 255
2 9 12641 1110.24 1579.08 10 12552 836.417 1577.02 
-6.01342 7.91463 52.076
255 255 255
2 9 12650 1086.66 1604.36 10 12568 812.553 1599.85 
-5.52921 9.16573 51.5034
255 255 255
3 9 12742 1157.67 1722.12 10 12679 875.662 1725.97 18 16280 819.189 1722.22 
-6.26444 9.16976 51.6823
255 255 255
2 9 12755 1091.29 1732.24 10 12687 806.873 1732.13 
-6.20637 9.24064 51.6737
255 255 255
2 9 12760 1096.52 1738.14 10 12692 813.109 1737.82 
-6.92236 11.4186 51.2373
255 255 255
2 9 12920 1070.09 1965.57 10 12821 774.252 1964.95 
-5.42919 11.8064 50.9708
255 255 255
5 9 12936 1202.02 1975.79 10 12842 921.415 1987.95 13 14932 679.694 1966.14 18 16456 862.127 1980.4 22 15227 741.031 1967.53 
-7.02976 11.6038 51.1833
255 255 255
3 9 12949 1064.78 1984.98 10 12840 767.083 1986.17 18 16451 710.909 1978.64 
-6.65957 11.695 51.0668
255 255 255
2 9 12962 1100.5 1989.67 18 16458 746.622 1984.42 
-6.4984 11.7599 51.0101
255 255 255
3 9 12968 1116.41 1994.03 10 12851 820.045 1997.75 18 16473 762.627 1990.01 
-5.37247 12.0825 50.944
255 255 255
5 9 12970 1208.53 1998.8 10 12868 930.098 2012.86 13 14966 688.09 1992.69 18 16491 871.243 2006.28 22 15266 749.347 1993.79 
-7.25616 11.7874 51.1953
255 255 255
3 9 12975 1047.04 2006.86 10 12864 746.85 2007.01 18 16481 693.001 1997.4 
-6.6999 11.9887 51.0059
255 255 255
3 9 12981 1101.41 2019.38 10 12873 804.134 2022.77 18 16496 746.471 2014 
-7.33072 12.6659 51.007
255 255 255
2 9 13068 1053.72 2095.52 10 12920 751.594 2096.44 
-7.34769 13.0125 50.9143
255 255 255
3 9 13107 1058.43 2130.84 10 12942 754.394 2133.11 18 16575 700.174 2118.99 
-6.85595 13.234 50.7643
255 255 255
2 9 13117 1105.9 2143.19 18 16594 748.414 2139.64 
-7.48264 13.1174 50.8984
255 255 255
2 9 13120 1048.62 2143.48 18 16587 688.687 2132.72 
-7.62672 13.3804 50.8469
255 255 255
3 9 13140 1040.58 2171.3 10 12967 732.84 2174.79 18 16610 678.721 2160.5 
-11.1228 14.6338 52.7118
255 255 255
4 6 3050 1319.41 2294.56 9 13258 669.798 2308.46 14 12547 1302.89 2289.14 16 11105 1426.6 2253.11 
-6.60919 3.80338 53.9727
255 255 255
2 10 13396 698.542 1194.31 17 17144 1098.73 1195.75 
-6.24391 3.96174 53.7519
255 255 255
6 9 13567 974.809 1216.3 10 13399 735.766 1207.05 13 15648 555.388 1210.48 17 17149 1135.55 1207.86 18 17241 691.941 1211.17 22 15963 604.662 1209.3 
-5.89455 4.02995 53.64
255 255 255
3 9 13570 1006.18 1220.32 10 13400 767.402 1209.97 17 17150 1167.29 1208.67 
-5.00896 4.81454 52.7845
255 255 255
5 9 13594 1116.43 1291.29 10 13425 864.647 1284.77 13 15673 651.672 1288.2 18 17266 810.539 1289.09 22 15989 709.158 1286.45 
-9.04519 4.93121 55.0275
255 255 255
4 9 13612 703.492 1321.81 14 13009 1238.88 1334.33 16 11553 1330.78 1305.18 21 10429 1236.18 1310.75 
-10.2928 5.17766 56.0583
255 255 255
4 9 13632 562.91 1342.93 14 13029 1118.86 1364.52 16 11571 1227.44 1338.84 21 10455 1121.54 1342.71 
-10.8962 6.18259 56.3879
255 255 255
2 9 13682 504.605 1437.03 21 10491 1071.3 1439.02 
-11.2779 6.64694 56.4861
255 255 255
2 9 13695 471.571 1481.12 21 10499 1049.96 1489.28 
-11.1789 7.06959 56.3806
255 255 255
4 8 13397 620.922 1537.59 14 13083 1051.96 1548.86 16 11609 1168.24 1522.18 21 10506 1059.5 1525.03 
-5.64689 8.28305 51.8048
255 255 255
2 9 13740 1129.77 1637.8 10 13581 853.336 1635.27 
-4.99753 8.97752 51.5637
255 255 255
2 9 13753 1194.24 1694.64 10 13605 923.538 1696.67 
-5.68336 8.93963 51.6584
255 255 255
2 9 13755 1136.74 1700.62 10 13606 858.542 1702.35 
-5.35098 9.06615 51.4842
255 255 255
3 9 13757 1171.67 1711.65 18 17394 833.034 1711.17 22 16112 718.075 1701.79 
-6.71285 9.07078 51.9526
255 255 255
2 9 13764 1042.48 1725.65 10 13613 761.339 1721.88 
-9.63229 9.93272 53.4287
255 255 255
2 9 13794 742.954 1824.05 21 10209 1318.15 1784.12 
-12.0887 10.4958 55.5537
255 255 255
2 9 13804 454.634 1864.85 16 11718 1200.24 1872.85 
-4.86976 11.1556 51.0176
255 255 255
4 11 12384 601.328 1895.77 13 15839 721.154 1901.26 18 17443 904.909 1910.33 22 16146 783.846 1901.08 
-7.31891 12.9664 50.8993
255 255 255
2 9 13909 1061.18 2125.38 10 13737 757.055 2128.86 
-7.23105 13.1809 50.9876
255 255 255
3 10 13741 766.775 2145.04 18 17526 713.205 2130.67 22 16223 596.667 2109.49 
-4.87715 4.5278 52.9445
255 255 255
2 9 14149 1118.27 1260.82 10 13956 870.716 1253.88 
-4.96631 5.20999 52.6393
255 255 255
2 9 14181 1128.95 1328.49 10 13983 873.386 1323.43 
-4.28619 5.34069 52.4653
255 255 255
2 9 14182 1188.95 1333.15 10 13988 938.19 1329.32 
-4.74236 5.47933 52.4894
255 255 255
2 9 14192 1154.16 1352.13 10 13999 898.21 1347.96 
-10.0135 5.3239 55.7214
255 255 255
2 9 14193 598.972 1359.02 14 13598 1154.06 1377.79 
-10.6514 5.46864 56.4163
255 255 255
3 9 14197 520.779 1367.53 14 13603 1078.61 1393.71 16 12089 1187.15 1366.6 
-6.65232 6.46586 53.0189
255 255 255
3 9 14228 986.724 1462.34 10 14038 729.632 1452.4 17 17795 1157.81 1451.03 
-10.5811 7.57123 55.1867
255 255 255
2 9 14246 582.407 1581.93 14 13641 1165.82 1600.89 
-5.70083 8.37966 51.7957
255 255 255
3 9 14263 1126.43 1648.59 10 14072 849.58 1645.16 18 17888 792.046 1644.66 
-6.70497 10.4533 51.4466
255 255 255
2 9 14312 1073.24 1867.22 10 14105 782.124 1863.82 
-6.30415 11.9298 51.0023
255 255 255
4 9 14343 1133.2 2003.44 10 14133 838.983 2010.91 18 17949 782.34 2003.63 22 16622 665 1989.05 
-6.83059 11.8222 51.0862
255 255 255
3 9 14346 1086.36 2005.53 10 14132 789.36 2005.93 18 17948 732.088 1997.72 
-7.06402 13.4913 50.714
255 255 255
4 9 14386 1093.04 2171.38 10 14177 788.449 2178.18 18 17988 731.609 2169.15 22 16660 613.05 2148.4 
-5.42532 4.34145 53.3641
255 255 255
4 9 14461 1056.53 1241.98 10 14252 814.427 1236.39 17 18049 1215.08 1233.72 18 18081 767.067 1244.97 
-10.2317 5.39816 55.9229
255 255 255
3 9 14471 573.915 1364.3 14 13905 1129.84 1385.88 16 12405 1237.83 1358.84 
-5.51875 5.78897 52.668
255 255 255
4 8 14195 1218.62 1394.52 9 14475 1087.08 1389.01 10 14269 829.468 1383.09 17 18061 1252.6 1374.69 
-10.9284 6.66413 56.176
255 255 255
4 4 23250 642.596 1581.07 8 14204 651.759 1500.97 17 18072 685.083 1486.19 21 11251 1084.42 1484.62 
-10.7864 7.13644 55.7142
255 255 255
3 9 14486 543.235 1532.71 14 13920 1119.06 1557.13 21 11255 1123.39 1534.3 
-6.41042 7.96583 52.1723
255 255 255
2 9 14494 1051.3 1613 10 14279 775.481 1609.12 
-5.79766 8.62217 51.7482
255 255 255
2 9 14498 1122.24 1670.84 10 14282 843.533 1672.76 
-10.6947 8.49747 54.8764
255 255 255
2 9 14500 589.064 1675.74 14 13928 1181.4 1691.87 
-5.48514 5.91219 52.6202
255 255 255
2 9 14569 1093.2 1399.93 10 14330 833.858 1396.19 
-6.34892 11.3197 51.4035
255 255 255
3 9 14586 1106.43 1938.93 10 14340 825.517 1940.98 18 18171 769.996 1935.94 
-10.9064 15.8587 52.1383
255 255 255
2 9 15467 718.57 2436.56 14 15085 1345.87 2398.16 
-6.05284 8.79459 51.784
255 255 255
2 9 15562 1101.32 1691.82 10 15088 821.392 1690.59 
-6.32084 2.04234 54.8194
255 255 255
2 10 672 699.667 1021.94 17 1591 1066.93 1025.64 
-5.00821 4.29787 53.143
255 255 255
2 10 1144 854.279 1231.58 17 2008 1255.54 1226.29 
-4.93482 4.38505 53.0899
255 255 255
2 10 1161 862.319 1239.65 17 2031 1263.78 1233.35 
-4.74552 11.6861 50.9732
255 255 255
2 10 2352 983.934 1965.19 22 3124 801.305 1949.55 
-4.42237 11.8593 50.8936
255 255 255
4 10 2399 1016.96 1978.5 13 3063 768.419 1965.05 18 3464 956.435 1973.4 22 3158 832.404 1964.8 
-5.32553 12.1531 50.9725
255 255 255
2 10 2517 934.833 2017.86 18 3552 876.292 2010.97 
-5.27261 12.1433 50.9118
255 255 255
4 10 2518 940.215 2017.68 13 3130 697.226 1998.72 18 3553 881.748 2010.89 22 3228 758.761 1999.4 
-8.25398 12.686 51.2753
255 255 255
2 10 2661 661.951 2103.01 18 3682 612.518 2090.34 
-8.05618 12.7223 51.1733
255 255 255
2 10 2672 682.032 2107.33 18 3689 630.912 2093.97 
-7.95049 13.1098 51.0082
255 255 255
2 10 2757 697.783 2147.56 18 3764 645.378 2133.7 
-8.50224 14.2203 50.8041
255 255 255
2 10 3032 659.316 2266.95 18 8490 608.298 2250.09 
-7.42427 14.4049 50.5304
255 255 255
2 10 3060 766.861 2277.74 18 3965 710.729 2262.04 
-7.52008 14.7867 50.4412
255 255 255
2 10 3158 762.882 2318.17 18 4054 706.78 2301.78 
-8.32631 14.9789 50.6123
255 255 255
2 10 3259 686.25 2342.45 18 4119 634.277 2323.7 
-11.0437 16.0113 51.9319
255 255 255
2 10 3471 430.709 2428.32 18 4242 404.166 2399.3 
-10.8519 16.1488 51.8195
255 255 255
2 10 3505 450.785 2442.21 18 4260 422.689 2413.67 
-8.5989 15.9163 50.4129
255 255 255
2 10 3507 672.442 2442.05 18 4269 620.862 2420.35 
-8.82738 15.9396 50.5252
255 255 255
2 10 3511 649.737 2443.1 18 4271 600.173 2421.18 
-8.53057 15.9355 50.4033
255 255 255
2 10 3512 679.297 2443.12 18 4273 627.497 2421.55 
-9.5151 16.2362 50.776
255 255 255
2 10 3617 585.216 2471.98 18 4309 540.991 2446.13 
-9.67244 16.2792 50.8484
255 255 255
4 10 3627 570.223 2475.76 13 3644 371.011 2403.84 18 4316 527.176 2449.05 22 3869 417.503 2414.18 
-8.37408 16.7565 50.2696
255 255 255
2 10 3744 704.694 2522.1 18 4369 653.001 2499.62 
-12.2005 17.4461 52.8057
255 255 255
2 10 3801 335.361 2539.77 18 4373 325.822 2503.44 
-8.36743 16.9972 50.2765
255 255 255
2 10 3811 707.922 2543.96 18 4402 656.915 2521.05 
-5.95219 17.5939 50.0172
255 255 255
4 10 3875 948.342 2569.36 13 3765 700.569 2527.91 18 4452 891.638 2552.09 22 4009 760.859 2532.39 
-8.51096 17.4705 50.3017
255 255 255
2 10 3942 699.194 2589.35 18 4471 649.912 2564.34 
-11.5763 17.8355 52.2202
255 255 255
2 10 3943 399.725 2589.85 18 4453 382.335 2553.54 
-8.81632 17.6456 50.4016
255 255 255
2 10 3984 670.914 2606.28 18 4492 623.954 2579.84 
-8.57543 17.6352 50.2864
255 255 255
2 10 3985 694.986 2606.24 18 4495 646.077 2580.81 
-11.2335 18.0302 51.9458
255 255 255
2 10 4004 435.151 2613.63 18 4488 414.001 2578.07 
-8.81144 17.7415 50.3822
255 255 255
4 10 4008 672.194 2615.76 13 3801 456.18 2545.58 18 4507 626.406 2588.99 22 4047 506.871 2555.94 
-7.20737 17.9506 50.1117
255 255 255
2 10 4020 831.325 2620.15 18 4523 778.546 2597.72 
-8.44095 17.8398 50.283
255 255 255
3 10 4029 709.965 2623.11 18 4522 661.892 2597.21 22 4060 540.093 2565.69 
-7.60993 18.011 50.249
255 255 255
2 10 4044 791.874 2626.42 18 4533 741.613 2602.87 
-7.51889 18.0189 50.154
255 255 255
3 10 4056 801.788 2629.8 18 4540 750.237 2606.44 22 4087 624.725 2578.98 
-7.82981 18.0137 50.2004
255 255 255
4 10 4059 771.508 2632.21 13 3840 542.836 2570.95 18 4543 720.878 2608.28 22 4086 597.063 2579.38 
-7.68361 18.0478 50.2251
255 255 255
2 10 4061 785.498 2631.62 22 4089 611.101 2580.38 
-8.04563 17.9898 50.2363
255 255 255
3 10 4063 750.24 2632.81 13 3834 524.205 2567.88 18 4542 700.437 2607.82 
-10.3988 18.5181 51.3176
255 255 255
4 10 4124 522.89 2672.61 13 3853 352.956 2583.21 18 4570 492.523 2638.02 22 4105 392.068 2597.2 
-5.17902 0.376951 54.9457
255 255 255
2 10 4642 781.451 861.182 16 3346 1405.44 867.309 
-0.91922 2.99879 53.233
255 255 255
3 10 4887 1198.37 1061.4 18 6461 1145.4 1064.46 22 5886 1045.18 1069.49 
-7.74356 3.71544 54.6675
255 255 255
2 10 5088 592.056 1190.72 14 4525 1307.05 1209.34 
-5.33206 4.02141 53.416
255 255 255
2 10 5113 819.543 1206.24 17 6813 1217.45 1203.11 
-4.99658 4.3631 53.1268
255 255 255
2 10 5157 856.163 1237.54 17 6872 1257.47 1232.18 
-4.62238 4.9865 52.7156
255 255 255
2 10 5207 901.023 1297.02 17 6942 1308.13 1286.84 
-5.54288 8.09248 51.802
255 255 255
2 10 5527 860.939 1617.31 18 7354 802.827 1616.33 
-4.71838 8.61142 51.4958
255 255 255
2 10 5597 946.306 1661.03 13 6454 706.373 1655.02 
-4.90347 8.95535 51.4091
255 255 255
2 10 5683 934.067 1697.98 22 6775 755.78 1690.14 
-7.42471 9.81618 51.9669
255 255 255
2 10 5833 702.936 1801.33 18 7623 653.441 1795.72 
-11.6613 11.6093 54.1212
255 255 255
2 10 6073 319.816 1963.89 18 3416 309.836 1945.75 
-8.09115 11.4138 51.7175
255 255 255
2 10 6080 659.85 1968.01 18 7908 612.278 1957.25 
-7.72711 12.2033 51.2565
255 255 255
2 10 6233 706.709 2050.87 18 8077 654.75 2039.4 
-11.5984 12.5318 53.6966
255 255 255
2 10 6249 335.894 2058.62 18 3597 323.214 2038.69 
-7.74117 12.3046 51.2303
255 255 255
2 10 6256 706.693 2061.19 18 8103 654.743 2049.96 
-11.5706 12.6403 53.6704
255 255 255
2 10 6275 339.585 2068.48 18 8101 326.847 2049 
-7.9569 12.4382 51.2359
255 255 255
2 10 6290 687.731 2076.86 18 8132 636.566 2064.85 
-8.42913 12.4674 51.4779
255 255 255
2 10 6292 641.357 2078.81 18 8134 594.156 2065.58 
-8.05632 12.4806 51.3102
255 255 255
3 10 6293 678.173 2080.08 18 8139 628.038 2067.56 22 7331 518.514 2044.61 
-7.85758 12.4727 51.1909
255 255 255
2 10 6294 697.947 2080.37 18 8140 646.047 2067.87 
-7.76665 12.5221 51.1777
255 255 255
2 10 6306 707.172 2083.95 18 8142 655.082 2071.67 
-7.97814 12.5384 51.2405
255 255 255
2 10 6311 686.772 2086.53 18 8155 635.915 2073.99 
-12.0836 13.0128 54.1894
255 255 255
2 14 5716 1164.88 2151.58 16 4910 1299.83 2120.41 
-8.10793 12.5815 51.3344
255 255 255
2 10 6316 674.11 2089.39 18 8159 624.762 2076.45 
-7.88429 12.5672 51.1816
255 255 255
2 10 6317 696.519 2089.87 18 8161 644.799 2077.23 
-7.99774 12.6589 51.1835
255 255 255
2 10 6333 686.785 2100.23 18 8181 635.504 2086.97 
-8.38233 12.7743 51.3524
255 255 255
2 10 6353 650.123 2110.8 18 8199 602.061 2097.22 
-8.08103 12.7938 51.0809
255 255 255
2 10 6363 681.301 2117.35 18 3710 629.315 2104.25 
-8.06907 12.9093 51.1097
255 255 255
2 10 6381 683.454 2127.4 18 8230 631.976 2113.17 
-12.1439 13.3009 53.7963
255 255 255
2 10 6384 293.762 2131.4 18 8219 285.873 2109.34 
-8.01928 13.0357 51.1187
255 255 255
2 10 6396 689.332 2137.36 18 8253 638.368 2124.5 
-8.3965 13.0981 51.2886
255 255 255
2 10 6409 652.903 2143.99 18 8260 604.723 2128.4 
-12.1265 13.4217 53.6492
255 255 255
3 10 6416 297.146 2147.05 18 8251 287.039 2124.28 22 3371 221.288 2088.87 
-4.8868 13.5899 50.5894
255 255 255
4 10 6432 996.912 2157.12 13 7264 747.115 2136.81 18 8297 936.902 2150.07 22 7508 810.073 2138.08 
-8.30754 13.5446 51.045
255 255 255
2 10 6490 668.225 2191.88 18 8346 618.178 2177.38 
-8.45694 13.7 51.0927
255 255 255
3 10 6518 655.294 2206.91 18 8371 606.581 2191.27 22 7550 495.383 2165.8 
-8.30607 13.6723 50.9539
255 255 255
2 10 6519 670.607 2207.13 18 8375 619.72 2192.18 
-8.54618 13.7601 51.0859
255 255 255
2 10 6531 647.605 2214.51 18 8390 599.016 2198.36 
-11.9712 14.1078 53.3474
255 255 255
2 10 6532 319.051 2217.3 18 8374 307.27 2191.64 
-11.1729 14.4581 52.6252
255 255 255
2 10 6606 398.781 2262.73 18 8468 377.114 2238.46 
-8.59657 14.2045 50.886
255 255 255
2 10 6609 649.485 2264.42 18 8482 599.527 2246.34 
-8.40733 14.2259 50.8398
255 255 255
3 10 6612 668.232 2265.32 18 8486 617.102 2247.91 22 3553 502.977 2220.14 
-11.1326 14.5408 52.5756
255 255 255
2 10 6623 403.62 2271.51 18 8483 381.431 2246.94 
-12.6122 14.746 53.6499
255 255 255
2 10 6625 266.358 2271.71 18 3940 261.793 2244.82 
-11.2005 14.6424 52.5951
255 255 255
2 10 6639 398.333 2281.15 18 8500 376.781 2255.83 
-6.98725 14.6104 50.4844
255 255 255
2 10 6660 811.174 2291.38 18 8534 754.366 2276.69 
-7.37013 14.7609 50.4244
255 255 255
2 10 6693 777.093 2313.98 18 8574 720.469 2298 
-11.3623 15.0192 52.579
255 255 255
2 10 6703 387.459 2318.63 18 4027 367.014 2291.01 
-13.503 15.8517 54.5708
255 255 255
2 10 6752 196.757 2348.85 18 4104 207.49 2315.79 
-12.3966 15.4787 53.2708
255 255 255
2 10 6754 294.769 2349.13 18 8623 286.626 2317.8 
-6.26653 15.5354 50.2433
255 255 255
3 10 6813 892.775 2374.08 13 7649 645.939 2337.22 22 7894 706.143 2341.03 
-7.13975 15.7247 50.2621
255 255 255
4 10 6864 811.535 2406.75 13 7688 571.213 2359.39 18 8766 755.027 2389.12 22 7933 629.179 2365.24 
-8.85501 15.6518 50.5724
255 255 255
2 10 6870 643.512 2415.16 18 8774 593.831 2393.34 
-7.04794 15.837 50.2419
255 255 255
4 10 6873 821.764 2415.76 13 7708 580.56 2370.2 18 8783 764.996 2398.69 22 7949 638.982 2375.55 
-8.71488 15.6961 50.5834
255 255 255
3 10 6876 657.425 2416.63 18 8777 607.331 2394.89 22 7932 491.098 2364.68 
-9.12088 15.7609 50.6928
255 255 255
2 10 6886 618.262 2424.83 18 8788 570.931 2401.75 
-9.16799 15.8502 50.7086
255 255 255
2 10 6900 614.62 2433.25 18 8799 567.809 2409.76 
-8.57347 15.8717 50.4567
255 255 255
2 10 6905 673.978 2435.8 18 8808 622.758 2414.08 
-9.16685 15.9443 50.7303
255 255 255
3 10 6913 615.422 2440.22 18 8816 569.502 2417.67 22 7971 456.087 2385.51 
-10.9023 16.1929 51.8117
255 255 255
2 10 6923 446.607 2447.68 18 8814 418.597 2418.1 
-8.93513 16.0042 50.5645
255 255 255
4 10 6925 639.913 2449.25 13 3617 424.11 2386.14 18 8830 590.946 2426.47 22 7988 474.939 2394.81 
-9.15893 16.0232 50.6744
255 255 255
2 10 6928 617.65 2450.2 18 8834 570.891 2426.96 
-9.30208 16.0513 50.7182
255 255 255
2 10 6934 603.918 2453.34 18 8838 558.11 2429.57 
-9.66714 16.0662 50.8884
255 255 255
2 10 6938 567.926 2453.83 18 8835 525.117 2428.52 
-9.77593 16.1399 50.9337
255 255 255
2 10 6952 558.069 2460.78 18 8850 516.216 2434.42 
-8.55438 16.1429 50.3569
255 255 255
2 10 6963 679.78 2464.84 18 8868 627.932 2442.43 
-9.33767 16.1982 50.7018
255 255 255
4 10 6967 602.056 2468.16 13 3637 394.726 2401.08 18 8870 556.912 2443.24 22 8021 444.226 2410.04 
-5.408 16.6602 50.0581
255 255 255
4 10 6976 989.01 2471.74 13 7836 736.403 2438.59 18 8898 930.689 2457.96 22 8080 798.369 2441.39 
-9.59115 16.3036 50.8342
255 255 255
2 10 6986 578.202 2476.59 18 8883 535.146 2451.24 
-9.43616 16.2715 50.6891
255 255 255
2 10 6987 593.768 2477 18 8886 548.488 2452.43 
-9.34961 16.2893 50.6854
255 255 255
2 10 6991 602.31 2477.69 18 8888 556.747 2452.75 
-8.47097 16.5369 50.3018
255 255 255
4 10 7021 692.613 2502.09 13 7837 466.397 2440.41 18 8924 641.065 2479.19 22 8089 519.983 2448.77 
-8.42147 16.6352 50.3249
255 255 255
2 10 7031 698.295 2509.69 18 8934 646.998 2486.55 
-5.86649 17.0071 50.0559
255 255 255
2 10 7037 949.472 2512.62 18 8946 892.013 2495.46 
-5.67147 17.2366 49.9426
255 255 255
4 10 7078 972.109 2534.36 13 3731 719.564 2497.22 18 4398 914.057 2519.23 22 8173 780.175 2500.41 
-5.84676 17.485 50.0008
255 255 255
3 10 7118 957.135 2557.79 18 9023 900.647 2541.36 22 8214 768.664 2522.72 
-6.70652 17.563 49.996
255 255 255
3 10 7162 876.411 2580.47 13 7987 632.017 2531.57 22 8237 690.56 2537.59 
-8.47864 17.3862 50.2868
255 255 255
2 10 7163 701.531 2581.85 18 9058 651.742 2556.74 
-8.38587 17.4332 50.2954
255 255 255
3 10 7173 710.742 2583.97 18 9061 661.277 2559.42 22 8223 539.843 2528.44 
-8.41471 17.5293 50.2524
255 255 255
2 10 7187 709.588 2595.45 18 9079 659.613 2570.36 
-8.67128 17.5467 50.3323
255 255 255
3 10 7192 684.29 2597.89 18 9082 636.19 2572.01 22 8238 516.136 2539.07 
-8.68561 17.6527 50.3848
255 255 255
2 10 7204 683.653 2605.38 18 9093 636.243 2579.56 
-8.48415 17.6884 50.3471
255 255 255
4 10 7209 703.993 2607.52 13 8003 483.545 2539.62 18 9095 655.045 2581.67 22 8256 535.495 2549.55 
-8.42758 17.6935 50.3029
255 255 255
2 10 7210 709.629 2608.28 22 4042 539.839 2551.75 
-7.4627 17.8888 50.182
255 255 255
4 10 7228 805.392 2615.66 13 8037 573.2 2558.03 18 9118 753.785 2592.72 22 8295 628.361 2565.51 
-7.60254 17.9198 50.2238
255 255 255
4 10 7233 792.275 2619.23 13 8041 562.465 2559.81 18 9125 740.544 2595.64 22 8297 616.48 2567.66 
-8.0772 17.8446 50.2276
255 255 255
4 10 7235 746.032 2619.73 13 3817 519.645 2556.65 18 9122 695.098 2595.44 22 8290 571.987 2564.78 
-8.55647 17.8025 50.2848
255 255 255
2 10 7238 698.71 2621.72 18 9121 650.099 2595.43 
-7.37172 17.9847 50.1882
255 255 255
3 10 7239 815.229 2622.77 18 9138 763.225 2600.02 22 4077 638.341 2572.74 
-11.1764 18.1107 51.8566
255 255 255
2 10 7240 441.823 2623.84 18 9105 419.658 2588.23 
-8.88292 17.8081 50.3581
255 255 255
2 10 7243 666.75 2624.3 18 9127 619.804 2597.27 
-9.23644 17.8619 50.55
255 255 255
2 10 7249 631.765 2626.7 18 9130 588.127 2598.33 
-7.9409 17.9977 50.1991
255 255 255
4 10 7257 760.817 2632.07 13 8058 532.93 2570.61 18 9149 710.076 2608.49 22 8312 586.535 2579.28 
-10.1243 18.5303 51.2013
255 255 255
3 10 7313 549.78 2673.43 18 9187 517.252 2640.57 22 8345 414.309 2601.61 
-10.2506 18.5515 51.2101
255 255 255
3 10 7317 537.724 2676.87 13 8082 363.382 2590.3 22 8348 403.568 2604.29 
-9.65283 18.548 50.9632
255 255 255
3 10 7318 596.323 2678.34 18 9198 560.24 2646.77 22 8357 452.139 2608.88 
-10.2263 18.5507 50.955
255 255 255
2 10 7328 541.87 2688.7 18 4589 507.282 2654.3 
-2.14465 -4.86827 58.7664
255 255 255
2 10 7439 938.631 377.706 18 9561 926.231 384.44 
-5.1608 0.0445622 55.0379
255 255 255
4 10 7780 779.017 830.734 14 7143 1357.21 861.24 16 6172 1401.13 839.123 21 5460 1342.96 842.642 
-5.41329 0.470516 55.1852
255 255 255
3 10 7803 759.827 870.192 14 7173 1337.58 896.51 21 5471 1324.05 878.209 
-7.26356 0.704748 55.7065
255 255 255
2 10 7840 599.19 907.168 17 10347 951.185 910.713 
-7.67174 1.13608 55.7583
255 255 255
2 10 7887 567.65 949.42 17 10427 921.607 952.192 
-4.82885 1.64107 54.0955
255 255 255
2 10 7923 832.924 977.011 14 7313 1425.35 999.592 
-6.90181 2.36494 54.8663
255 255 255
2 10 7981 651.744 1057.41 17 10565 1025.6 1060.75 
-7.8426 2.33686 55.4308
255 255 255
2 10 7984 565.755 1059.58 17 10571 930.487 1063.91 
-7.97891 2.33693 55.4757
255 255 255
2 10 7985 553.67 1060.68 17 10572 918.561 1065.24 
-6.77837 2.52251 54.7861
255 255 255
2 10 8004 664.591 1071.07 17 10597 1038.95 1073.64 
-6.29465 2.55711 54.5552
255 255 255
2 10 8005 709.1 1070.94 17 10594 1084.6 1073.04 
-9.33369 2.48276 56.2586
255 255 255
2 10 8016 434.277 1077.54 14 7419 1150.18 1107.55 
-7.50831 2.55838 55.1916
255 255 255
2 10 8017 598.353 1077.82 17 10614 967.081 1081.96 
-4.37061 2.86095 53.4257
255 255 255
2 10 8023 893.096 1087.66 17 10621 1276.76 1088.18 
-4.16798 3.1426 53.2372
255 255 255
2 10 8051 916.184 1113.52 17 10662 1301.75 1111.83 
-2.98955 3.28354 52.8025
255 255 255
2 10 8061 1027.86 1118.35 11 6868 703.806 1107.38 
-3.08385 3.37633 52.8099
255 255 255
3 10 8077 1020.14 1127.98 18 10939 962.804 1133.13 22 9947 858.929 1135.36 
-5.67247 3.41145 53.8991
255 255 255
2 10 8108 778.199 1148.44 17 10736 1165.54 1147.62 
-5.43237 4.00128 53.4624
255 255 255
2 10 8166 809.913 1205.07 17 10818 1208.02 1202.15 
-8.4814 3.87298 55.0013
255 255 255
2 10 8172 526.578 1208.99 17 10836 912.549 1215.32 
-4.89329 4.66425 52.917
255 255 255
2 10 8237 870.973 1267.25 17 10896 1277.36 1260.18 
-3.4283 8.00709 51.7158
255 255 255
4 10 8634 1054.44 1580.14 11 7339 700.365 1569.83 13 10254 815.535 1579.95 22 10519 878.464 1578.49 
-4.71912 8.61233 51.4988
255 255 255
3 10 8740 946.19 1660.94 13 10342 706.353 1655 22 10608 768.839 1654.03 
-6.76286 9.29586 51.8548
255 255 255
2 10 8862 760.106 1746.34 18 11742 706.911 1742.08 
-7.29818 10.0014 51.8573
255 255 255
2 10 8922 717.701 1820.01 18 11829 667.063 1813.86 
-4.47564 10.9768 51.1646
255 255 255
4 10 8994 998.473 1888.46 13 10571 755.763 1876.71 18 11921 939.033 1884.58 22 10851 818.252 1876.33 
-7.02552 10.737 51.4412
255 255 255
2 10 9006 755.179 1897.3 18 11926 700.692 1889.4 
-11.0199 11.055 53.797
255 255 255
2 10 9037 373.378 1914.8 18 11938 356.531 1899.17 
-11.8279 11.1857 54.3718
255 255 255
2 10 9044 299.934 1920.35 18 11945 292.397 1904.13 
-6.57835 11.4431 51.1175
255 255 255
2 10 9108 808.154 1966.28 18 12016 750.864 1958.59 
-5.07315 11.8533 51.0074
255 255 255
4 10 9148 954.271 1983.88 13 10702 712.406 1967.58 18 12060 896.207 1978.82 22 10988 774.187 1967.56 
-6.04007 11.7653 51.0295
255 255 255
3 10 9163 862.558 1990.92 13 10701 625.821 1967.09 18 12071 805.858 1983.75 
-5.31963 11.9791 50.9682
255 255 255
2 10 9182 933.608 2001.71 22 11022 753.099 1982.68 
-5.2827 12.0801 50.9643
255 255 255
2 10 9196 938.164 2010.52 18 12110 879.335 2004.02 
-3.69423 12.4299 50.9456
255 255 255
2 10 9203 1089.55 2017.73 13 10770 843.054 2008.81 
-5.36298 12.142 50.9305
255 255 255
3 10 9205 931.608 2018.67 18 12119 873.191 2011.59 22 11047 750.691 1999.73 
-7.61579 11.9104 51.1803
255 255 255
2 10 9213 714.818 2023.98 18 12124 661.063 2013.86 
-7.50997 11.9472 51.2129
255 255 255
2 10 9214 724.849 2024.78 18 12126 671.396 2014.68 
-7.89837 11.9568 51.1547
255 255 255
2 10 9228 688.912 2033.61 18 12134 635.443 2022.71 
-3.82467 12.6066 50.9195
255 255 255
4 10 9233 1080.02 2037.86 13 10793 833.615 2026.11 18 12148 1021.19 2032.95 22 11087 896.792 2025.64 
-7.73876 12.2153 51.248
255 255 255
2 10 9253 705.828 2052.48 18 12161 653.807 2040.91 
-7.74538 12.294 51.2243
255 255 255
2 10 9263 706.235 2060.4 18 12177 654.209 2049.32 
-8.19005 12.3883 51.3565
255 255 255
2 10 9282 664.099 2071.8 18 12189 614.738 2059.31 
-8.04638 12.4724 51.3365
255 255 255
3 10 9293 678.805 2078.6 18 12202 628.898 2065.99 22 11111 519.721 2042.38 
-8.22783 12.4966 51.3494
255 255 255
2 10 9300 661.761 2082.74 18 12205 612.647 2069.9 
-7.78034 12.5395 51.1785
255 255 255
2 10 9306 706.06 2085.77 18 12212 654.046 2073.42 
-7.97919 12.5406 51.2263
255 255 255
2 10 9308 686.811 2087.07 18 12221 635.826 2074.85 
-8.09655 12.6063 51.368
255 255 255
2 10 9312 675.108 2090.21 18 12224 626.257 2077.61 
-7.87635 12.5702 51.1688
255 255 255
2 10 9316 697.421 2090.42 18 12225 645.546 2077.88 
-11.0968 12.8432 53.2566
255 255 255
2 10 9320 386.399 2093.69 18 12217 367.953 2074.17 
-8.42012 12.623 51.419
255 255 255
2 10 9321 644.372 2095.12 18 12230 596.814 2081.6 
-8.20768 12.6185 51.3224
255 255 255
2 10 9322 665.167 2094.41 18 12231 616.053 2081.96 
-7.99078 12.677 51.2117
255 255 255
2 10 9332 687.386 2101.02 18 12239 636.442 2087.39 
-8.15962 12.6952 51.1388
255 255 255
2 10 9340 672.167 2106.64 18 12251 620.99 2095.04 
-8.37118 12.7581 51.3571
255 255 255
2 10 9346 650.967 2109.02 18 12250 602.886 2095.38 
-6.15127 13.0286 50.8063
255 255 255
3 10 9362 869.062 2118.54 18 12271 811.383 2108.47 22 11192 689.8 2092.19 
-11.139 13.0804 53.0509
255 255 255
2 10 9368 385.745 2122.92 18 12264 365.581 2101.91 
-7.82254 12.9029 51.1082
255 255 255
2 10 9369 706.709 2123.09 18 12274 654.716 2109.25 
-12.019 13.2776 53.8486
255 255 255
2 10 9375 304.909 2126.45 18 12266 296.958 2103.51 
-8.06839 12.9073 51.1257
255 255 255
2 10 9376 683.291 2126.25 18 12282 632.105 2112.84 
-6.27712 13.103 50.6986
255 255 255
4 10 9381 859.521 2130.95 13 10925 618.028 2101.33 18 12297 800.5 2120.79 22 11214 678.127 2104.09 
-8.01375 13.0225 51.1021
255 255 255
2 10 9393 689.909 2136.88 18 12302 638.632 2123.54 
-8.06194 13.1098 51.0445
255 255 255
2 10 9409 686.837 2147.73 18 12318 635.169 2134.23 
-4.83752 13.5207 50.6363
255 255 255
4 10 9411 1000.11 2148.37 13 10978 751.473 2128.71 18 12329 940.378 2141.12 22 11264 813.965 2129.42 
-8.1866 13.2648 51.1038
255 255 255
2 10 9431 676.211 2162.6 18 12338 625.769 2147.39 
-8.49471 13.6016 51.1042
255 255 255
2 10 9484 650.534 2197.74 18 12391 601.807 2183.19 
-8.21505 13.6105 50.9908
255 255 255
2 10 9486 678.277 2199.01 18 12392 627.415 2183.59 
-8.3901 13.6458 51.0474
255 255 255
2 10 9491 661.51 2202.81 18 12399 611.839 2187.3 
-5.1939 14.0195 50.5104
255 255 255
4 10 9498 973.829 2205.09 13 11056 724.428 2181.58 18 12417 914.264 2196.42 22 11351 786.98 2183.05 
-8.30905 13.6903 50.9606
255 255 255
2 10 9504 670.47 2208.72 18 12407 619.69 2193.5 
-8.54885 13.745 51.0967
255 255 255
2 10 9510 647.079 2212.65 18 12418 598.616 2196.73 
-10.7657 13.9538 52.4135
255 255 255
2 10 9518 432.197 2218.82 18 12415 405.606 2196.22 
-12.1753 14.2085 53.4296
255 255 255
2 10 9524 301.203 2226.53 18 12421 291.225 2199.76 
-12.0329 14.3441 53.2965
255 255 255
2 10 9552 315.938 2240.66 18 12448 304.451 2215.2 
-6.3056 14.2629 50.4448
255 255 255
2 10 9566 872.568 2249.03 18 12481 813.6 2237.11 
-8.47986 14.1655 50.9228
255 255 255
2 10 9577 659.839 2257.7 18 12485 609.962 2239.74 
-6.2524 14.455 50.4195
255 255 255
4 10 9591 880.187 2267.36 13 11120 634.592 2232.98 18 12504 820.928 2254.42 22 11422 695.047 2236.15 
-8.29142 14.1942 50.6443
255 255 255
2 10 9594 680.762 2268.12 18 12495 627.015 2249.88 
-8.13507 14.2845 50.7227
255 255 255
2 10 9596 695.883 2271.1 18 12501 643.035 2253.09 
-8.01185 14.329 50.7337
255 255 255
2 10 9598 707.959 2272.68 18 12505 655.166 2255.25 
-7.32122 14.4979 50.5148
255 255 255
2 10 9613 777.832 2285.14 18 12517 721.624 2269.92 
-11.4273 14.7231 52.6626
255 255 255
2 10 9616 377.806 2288.81 18 12513 358.053 2263.72 
-6.99095 14.6121 50.473
255 255 255
2 10 9621 810.963 2291.89 18 12527 754.054 2277.47 
-6.0361 14.836 50.3349
255 255 255
4 10 9632 905.92 2301.82 13 11175 657.91 2268.88 18 12541 846.367 2289.61 22 11467 718.968 2271.97 
-8.25115 14.6521 50.7234
255 255 255
2 10 9635 688.729 2306.38 18 12538 637.222 2288.9 
-7.36729 14.7695 50.4731
255 255 255
3 10 9643 776.942 2312.95 18 12555 720.804 2297 22 11469 598.602 2273.13 
-7.90348 14.7399 50.5944
255 255 255
2 10 9645 724.141 2314.08 18 12554 670.531 2296.93 
-7.46897 14.8556 50.4849
255 255 255
2 10 9660 768.016 2322.15 18 12568 712.54 2305.62 
-7.715 14.8751 50.5426
255 255 255
2 10 9671 744.132 2325.63 18 12576 689.87 2308.65 
-8.4484 14.8885 50.6006
255 255 255
3 10 9685 673.675 2335.51 13 11197 450.94 2282.38 22 11508 504.175 2289.99 
-8.40522 15.0059 50.6008
255 255 255
2 10 9699 679.115 2346.61 18 12610 627.243 2327.74 
-6.68305 15.4605 50.27
255 255 255
4 10 9741 852.057 2373.86 13 11269 607.97 2332.37 18 12668 794.237 2358.17 22 11578 667.603 2336.97 
-8.71115 15.3259 50.591
255 255 255
2 10 9753 653.518 2381.9 18 12673 602.921 2361.06 
-8.70625 15.6986 50.5934
255 255 255
3 10 9784 658.285 2416.3 18 12704 608.007 2394.31 22 11614 492.151 2364.74 
-7.13964 15.8134 50.2307
255 255 255
4 10 9785 813.025 2415.84 13 11315 571.884 2368.86 18 12708 755.908 2398.41 22 11627 630.132 2374.66 
-7.03354 15.8427 50.2385
255 255 255
4 10 9786 823.26 2416.19 13 11320 581.879 2370.78 18 12710 766.404 2399.09 22 11629 640.304 2376.08 
-7.2383 15.8248 50.2014
255 255 255
4 10 9791 804.109 2419.57 13 11321 562.687 2371.95 18 12715 746.726 2401.92 22 11633 620.861 2377.8 
-8.66788 15.7841 50.5233
255 255 255
3 10 9799 663.523 2426.81 18 12718 612.613 2404.83 22 11625 495.631 2373.89 
-9.15359 15.869 50.7041
255 255 255
2 10 9809 616.244 2434.96 18 12723 569.386 2411.44 
-8.85071 15.8903 50.6085
255 255 255
2 10 9810 646.199 2435.45 18 12729 597.617 2413.72 
-8.56851 15.8629 50.4569
255 255 255
2 10 9811 674.351 2434.87 18 12727 623.107 2413.23 
-9.27868 15.8496 50.6878
255 255 255
2 10 9812 604.198 2435.79 18 12724 557.403 2412.03 
-8.99145 15.8686 50.6039
255 255 255
4 10 9813 632.531 2435.68 13 11324 418.015 2373.51 18 12726 584.158 2413.03 22 11640 468.725 2381.85 
-9.45195 15.9618 50.8019
255 255 255
2 10 9818 587.977 2444.35 18 12737 543.284 2419.76 
-9.02314 15.9892 50.5812
255 255 255
4 10 9825 631.108 2448.58 13 11338 416.525 2384.99 18 12744 582.659 2425.29 22 11658 467.152 2393.69 
-9.16693 16.0346 50.6776
255 255 255
2 10 9830 616.976 2451.19 18 12750 570.32 2428.05 
-9.66537 16.0572 50.8696
255 255 255
2 10 9835 568.147 2453.84 18 12749 525.057 2428.34 
-9.55028 16.0769 50.8541
255 255 255
2 10 9837 579.501 2454.73 18 12754 535.911 2428.97 
-9.7797 16.1342 50.9514
255 255 255
2 10 9844 557.517 2459.57 18 12760 515.88 2433.26 
-9.31521 16.2022 50.7598
255 255 255
2 10 9856 604.076 2466.41 18 12775 559.041 2441 
-8.56039 16.1516 50.3532
255 255 255
2 10 9857 679.326 2465.82 18 12779 627.484 2443.53 
-9.51664 16.2159 50.8373
255 255 255
2 10 9859 584.302 2467.06 18 12778 540.905 2442.38 
-10.5215 16.4741 51.582
255 255 255
2 10 9875 486.841 2476.63 18 12785 455.656 2447.49 
-9.58474 16.3016 50.8226
255 255 255
2 10 9877 578.88 2476.78 18 12792 535.66 2451.45 
-10.5384 16.8088 51.6691
255 255 255
2 10 9906 488.452 2503.78 18 12811 459.129 2473.76 
-5.123 17.1914 49.9496
255 255 255
4 10 9933 1023.82 2520.95 13 11448 768.336 2488.41 18 12845 964.342 2506.21 22 11771 831.069 2490.95 
-11.2653 17.1617 52.1986
255 255 255
2 10 9939 421.413 2524.9 18 12829 401.312 2492.38 
-5.074 17.3014 49.9032
255 255 255
4 10 9949 1030.39 2531.93 13 11462 773.699 2499.85 18 12862 970.64 2517.68 22 11785 836.561 2502.38 
-12.3187 17.3945 52.9017
255 255 255
2 10 9950 323.606 2533.02 18 12833 315.423 2496.49 
-5.72405 17.2504 49.9784
255 255 255
4 10 9956 966.932 2535.71 13 11458 715.336 2496.77 18 12866 908.663 2519.41 22 11783 776.602 2500.86 
-5.27663 17.3564 49.9459
255 255 255
3 10 9959 1010.85 2539.08 13 11466 756.798 2504.26 22 11791 818.885 2507.46 
-12.1766 17.5089 52.8357
255 255 255
2 10 9967 338.17 2543.64 18 12847 329.046 2507.51 
-5.88788 17.3225 49.9266
255 255 255
4 10 9971 953.044 2546.48 13 11469 700.816 2507.41 18 12879 894.048 2530.4 22 11796 761.853 2511.45 
-5.7113 17.3691 49.9528
255 255 255
4 10 9972 969.607 2547.04 13 11473 717.494 2508.8 18 12882 911.654 2530.97 22 11801 779.461 2512.72 
-8.25584 17.0958 50.2791
255 255 255
2 10 9975 719.693 2551.04 22 11778 546.835 2498.06 
-5.85823 17.4742 49.9782
255 255 255
4 10 9984 956.235 2558.09 13 11484 706.331 2518.51 18 12890 899.473 2541.38 22 11808 767.407 2522.52 
-5.73544 17.5035 49.9929
255 255 255
4 10 9985 968.018 2558.06 13 11485 718.116 2519.31 18 12892 911.313 2541.9 22 11809 779.342 2523.34 
-8.4284 17.3275 50.2815
255 255 255
2 10 10003 705.729 2575.66 18 12907 655.659 2551.15 
-6.70067 17.5811 50.0295
255 255 255
2 10 10011 876.686 2580.77 18 12917 821.296 2560.93 
-6.82613 17.5613 50.0112
255 255 255
4 10 10014 864.838 2581.8 13 11501 621.467 2531.58 18 12920 809.06 2561.86 22 11827 680.002 2537.84 
-6.57631 17.6429 50.0657
255 255 255
4 10 10016 888.451 2582.52 13 11503 645.872 2534.8 18 12921 834.079 2563.44 22 11828 704.86 2540.52 
-6.77099 17.6826 49.9747
255 255 255
2 10 10030 871.815 2593.61 18 12933 816.112 2573.67 
-8.43156 17.5321 50.219
255 255 255
2 10 10035 708.323 2597.26 18 12932 658.016 2572.5 
-11.4922 17.9287 52.1836
255 255 255
2 10 10036 408.748 2598.36 18 12919 390.905 2562.3 
-11.3752 17.9323 52.1163
255 255 255
2 10 10038 420.002 2599.53 18 12922 401.065 2564.23 
-11.1764 17.9151 51.887
255 255 255
2 10 10044 439.538 2605.12 18 12930 417.213 2569.54 
-11.3412 18.0288 52.0176
255 255 255
2 10 10053 424.692 2611.99 18 12934 404.73 2576.34 
-7.46229 17.8774 50.1815
255 255 255
4 10 10058 805.26 2614.48 13 11538 573.022 2557.14 18 12955 753.729 2591.68 22 11867 628.247 2564.59 
-8.18261 17.8004 50.2534
255 255 255
3 10 10064 734.986 2616.53 18 12954 684.702 2591.66 22 11853 562.967 2560.89 
-7.81461 17.8581 50.1999
255 255 255
4 10 10065 771.579 2618.02 13 11537 541.816 2556.64 18 12959 719.604 2594.32 22 11866 596.65 2565.14 
-7.60063 17.906 50.2245
255 255 255
4 10 10066 792.146 2617.82 13 11540 562.257 2558.65 18 12960 740.714 2594.25 22 11869 616.618 2566.47 
-8.08473 17.8194 50.202
255 255 255
4 10 10068 745.129 2618.91 13 11535 517.492 2554.85 18 12961 694.119 2594.56 22 11862 571.245 2563.98 
-10.8888 18.1255 51.6989
255 255 255
2 10 10083 469.855 2627.56 18 12956 444.992 2592.65 
-7.94472 18.0178 50.2102
255 255 255
4 10 10091 760.514 2633.69 13 11553 533.071 2571.89 18 12983 710.058 2609.85 22 11884 586.681 2580.49 
-9.73751 18.5934 50.9157
255 255 255
4 10 10142 589.129 2687.05 13 11588 401.076 2602.46 18 13029 553.038 2654.01 22 11923 444.331 2615.34 
-2.98436 -4.11737 58.0077
255 255 255
2 10 10277 888.184 445.982 18 13316 869.904 453.878 
-5.19818 0.54969 54.9188
255 255 255
3 10 10445 781.753 877.182 16 8560 1406.61 881.477 21 7686 1347.52 885.079 
-7.05195 0.529219 55.6664
255 255 255
2 10 10452 616.02 890.097 17 13599 967.288 893.119 
-7.6857 0.990549 55.8043
255 255 255
2 10 10479 564.876 936.356 17 13647 917.785 939.294 
-4.76303 1.22721 54.1841
255 255 255
4 8 10134 1169.26 962.675 9 10448 1054.8 948.385 10 10481 835.158 939.463 14 9865 1424.05 962.732 
-7.88606 1.03407 55.8633
255 255 255
2 10 10482 547.72 941.719 17 13653 900.878 945.103 
-8.14529 1.12042 55.9127
255 255 255
2 10 10486 525.931 952.082 17 13659 880.408 955.025 
-7.65965 1.16326 55.7462
255 255 255
2 10 10487 569.004 951.828 17 13660 923.169 954.483 
-7.85412 1.19234 55.803
255 255 255
2 10 10490 552.22 955.777 17 13663 906.725 959.118 
-4.803 1.48529 54.3314
255 255 255
2 10 10492 830.99 959.95 17 13669 1193.27 963.03 
-3.73807 1.62976 53.4442
255 255 255
2 10 10498 936.206 968.702 11 9123 641.036 961.338 
-10.2646 1.8576 58.1012
255 255 255
2 10 10520 344.687 1013.52 14 9910 978.202 1039.91 
-6.91266 2.32665 54.8759
255 255 255
2 10 10537 650.359 1054.24 17 13732 1024.21 1057.22 
-6.09392 2.47575 54.5403
255 255 255
2 10 10544 725.96 1061.77 17 13738 1098.84 1062.96 
-8.16326 2.39493 55.5127
255 255 255
2 10 10549 537.996 1067.61 17 13752 903.81 1072.37 
-4.45534 2.65404 53.5483
255 255 255
2 10 10550 882.056 1068.41 17 13749 1263.55 1069.86 
-4.19134 2.68949 53.3804
255 255 255
2 10 10553 907.768 1070.67 17 13750 1290.47 1071.16 
-6.46985 2.59683 54.6118
255 255 255
2 10 10559 693.693 1075.62 17 13758 1069.7 1078.54 
-7.52243 2.59874 55.179
255 255 255
2 10 10567 597.579 1081.76 17 13766 966.886 1085.82 
-4.12206 2.87046 53.3057
255 255 255
2 10 10570 916.607 1087.79 17 13767 1299.91 1086.17 
-8.1707 2.6812 55.4255
255 255 255
2 10 10572 540.411 1094.34 17 13773 908.754 1098.45 
-2.88904 3.35753 52.7651
255 255 255
4 10 10591 1038.05 1123.97 13 12486 813.705 1134.54 18 13969 979.537 1129.51 22 12809 875.508 1132.34 
-7.64719 3.62879 54.6472
255 255 255
4 10 10635 599.957 1183.38 14 10030 1310.88 1201.44 16 8756 1386.53 1170.65 21 7825 1304.32 1178.8 
-5.45595 4.03588 53.4671
255 255 255
2 10 10651 808.121 1208.19 17 13888 1206.29 1205.75 
-5.03144 4.39614 53.1269
255 255 255
2 10 10675 853.387 1240.96 17 13917 1255.25 1235.7 
-4.86736 4.64201 52.9231
255 255 255
2 10 10697 872.988 1264.84 17 13939 1278.67 1257.62 
-4.8728 4.81142 52.8729
255 255 255
2 10 10716 874.845 1280.97 17 13950 1281.78 1273.74 
-4.6979 4.88049 52.7511
255 255 255
2 10 10724 892.716 1287.84 17 13955 1300.67 1278.05 
-1.75209 5.39269 52.647
255 255 255
2 11 10872 833.469 1288.3 19 9734 587.127 1277.84 
-11.7255 5.23542 57.9373
255 255 255
2 10 10767 250.259 1317.83 18 11237 265.826 1318.35 
-8.90134 5.08049 54.7732
255 255 255
2 10 10783 501.962 1325.29 14 10175 1262.05 1348.1 
-3.47829 5.74638 52.2434
255 255 255
2 10 10830 1018.19 1360.4 13 12745 787.458 1364.29 
-3.40668 8.16635 51.7017
255 255 255
4 10 11014 1058.85 1593.44 13 12895 819.473 1595.6 18 14383 997.61 1597.04 22 13225 882.455 1593.56 
-4.70498 8.42023 51.5225
255 255 255
2 10 11050 945.213 1642.92 22 13248 767.821 1635.13 
-4.7953 8.78422 51.4527
255 255 255
3 10 11071 941.827 1679.12 18 14430 880.084 1679.36 22 13270 763.956 1671.72 
-5.11696 9.13503 51.5721
255 255 255
2 10 11096 914.079 1715.06 18 14451 855.205 1711.72 
-5.27807 9.17031 51.429
255 255 255
2 10 11107 901.465 1723.9 18 14457 841.187 1721.77 
-7.46394 9.99378 52.1301
255 255 255
2 10 11165 699.581 1814.07 18 14516 652.499 1807.56 
-7.28039 10.1852 51.8123
255 255 255
2 10 11179 721.685 1837.99 18 14526 670.967 1831.92 
-4.57336 10.7264 51.2382
255 255 255
4 10 11193 985.468 1864.37 13 13044 744.638 1852.65 18 14542 926.838 1860.89 22 13366 806.884 1852.23 
-4.39334 10.7909 51.2126
255 255 255
3 10 11195 1003.22 1866.57 18 14545 944.083 1865.77 22 13371 823.766 1858.04 
-6.96409 10.5747 51.4755
255 255 255
2 10 11203 758.809 1879.86 18 14551 704.329 1872.9 
-4.61397 10.9963 51.144
255 255 255
4 10 11213 985.965 1892.93 13 13055 743.138 1880.02 18 14562 926.896 1889.49 22 13383 805.996 1880.27 
-7.89313 10.8257 51.7597
255 255 255
2 10 11227 671.757 1909.01 17 14489 1157.67 1896.15 
-4.56903 11.1711 51.0707
255 255 255
4 10 11232 993.498 1911.45 13 13066 748.652 1897.71 18 14575 933.059 1906.84 22 13396 811.485 1897.65 
-7.72252 11.1896 51.4749
255 255 255
2 10 11254 694.303 1949.2 18 14597 642.489 1939.33 
-4.48882 11.5591 50.9683
255 255 255
4 10 11255 1006.63 1948.37 13 13089 759.745 1936.58 18 14601 945.741 1944.26 22 13423 822.855 1935.96 
-4.49968 11.6816 50.9378
255 255 255
4 10 11263 1007.47 1962.03 13 13100 760.034 1947.75 18 14608 946.521 1957.06 22 13433 823.126 1947.79 
-8.10586 11.4844 51.7077
255 255 255
2 10 11275 659.24 1974.64 18 14616 611.87 1964.67 
-4.70311 11.784 50.9695
255 255 255
4 10 11276 988.942 1973.66 13 13110 743.846 1958.28 18 14619 929.205 1968.29 22 13441 806.328 1958.37 
-4.57114 11.9201 50.9194
255 255 255
4 10 11287 1003.44 1985.01 13 13129 756.678 1971.37 18 14640 943.197 1980.68 22 13463 819.784 1971.31 
-7.70641 11.5644 51.3439
255 255 255
3 10 11292 701.24 1987.52 18 14634 648.026 1978.2 22 13440 538.435 1958 
-4.37513 11.9774 50.8996
255 255 255
2 10 11294 1022.55 1988.29 13 13132 774.667 1975.27 
-5.72761 11.8027 51.022
255 255 255
2 10 11296 892.886 1989.92 18 14646 834.36 1982.71 
-5.85229 11.8356 51.0971
255 255 255
4 10 11300 880.991 1992.57 13 13128 645.919 1970.39 18 14649 822.785 1984.82 22 13460 703.669 1970.86 
-6.03569 11.8259 51.0784
255 255 255
2 10 11302 863.53 1994.88 22 13468 687.66 1972.96 
-5.47713 11.9244 51.05
255 255 255
4 10 11305 917.03 1996.16 13 13136 679.118 1975.93 18 14659 859.641 1989.93 22 13474 738.137 1976.61 
-5.61584 11.9125 51.0093
255 255 255
5 10 11307 904.28 1998.75 11 9918 550.142 1970.72 13 13135 664.956 1976.96 18 14663 846.757 1991.85 22 13476 726.067 1978.59 
-5.32731 12.0786 50.9429
255 255 255
4 10 11322 934.166 2011.82 13 13154 692.027 1991.88 18 14679 875.441 2005.09 22 13489 753.43 1992.8 
-7.47561 11.9162 51.1907
255 255 255
2 10 11329 727.985 2022.06 18 14686 674.124 2012.11 
-7.6257 12.1111 51.2966
255 255 255
2 10 11341 714.839 2039.14 18 14697 663.027 2028.5 
-11.1029 12.3572 53.4776
255 255 255
2 10 11345 380.067 2042.86 18 14696 362.98 2024.44 
-5.67104 12.3348 50.9141
255 255 255
2 10 11346 905.296 2042.3 13 13179 664.788 2018.97 
-7.76516 12.2513 51.237
255 255 255
2 10 11357 703.822 2056.53 18 14713 651.824 2045.02 
-7.69735 12.4317 51.2253
255 255 255
2 10 11369 712.246 2072.72 18 14732 660.427 2060.98 
-8.07101 12.596 51.3135
255 255 255
2 10 11385 677.97 2091.12 18 14754 628.27 2077.75 
-7.2244 12.6564 50.9133
255 255 255
2 10 11390 762.55 2096.59 18 14758 706.699 2086.04 
-10.8209 12.9427 52.9404
255 255 255
2 10 11401 414.071 2109.28 18 14762 391.41 2089.83 
-8.03271 12.748 51.1172
255 255 255
2 10 11403 684.91 2110.13 18 14772 633.401 2099.12 
-8.22104 12.7786 51.1841
255 255 255
2 10 11409 666.93 2114.57 18 14771 616.456 2101.15 
-7.82546 12.8705 51.1182
255 255 255
2 10 11411 705.957 2119.54 18 14777 654.068 2106.21 
-8.14305 13.0688 51.0617
255 255 255
2 10 11438 678.612 2145.03 18 14799 627.099 2130.49 
-7.9169 13.0887 51.0457
255 255 255
2 10 11439 700.356 2143.69 18 14800 648.315 2130.05 
-8.02376 13.2652 51.0705
255 255 255
2 10 11449 691.824 2160.38 18 14812 640.871 2147.32 
-8.20825 13.313 51.0922
255 255 255
2 10 11458 674.786 2167.81 18 14815 624.37 2152.51 
-7.60824 13.3799 50.8882
255 255 255
2 10 11463 734.387 2172.06 18 14818 680.437 2157.55 
-5.24501 13.806 50.5402
255 255 255
4 10 11469 966.466 2186.14 13 13317 717.264 2160.96 18 14839 906.465 2176.51 22 13649 779.746 2162.55 
-8.23627 13.5708 51.011
255 255 255
2 10 11480 675.657 2195.01 18 14841 624.965 2179.42 
-5.64836 13.8796 50.5108
255 255 255
2 10 11487 929.667 2200.31 18 14854 869.889 2189.96 
-8.39322 13.7059 51.1212
255 255 255
2 10 11492 661.124 2205.3 18 14851 612.636 2190.64 
-8.55759 13.712 51.1203
255 255 255
2 10 11494 645.694 2208.93 18 14856 597.444 2192.94 
-7.94117 13.9578 50.7125
255 255 255
2 10 11518 710.78 2237.05 18 14885 656.823 2221.9 
-7.94 14.0681 50.6984
255 255 255
2 10 11525 712.249 2247.97 18 14890 658.36 2232.36 
-8.1386 14.2392 50.7335
255 255 255
2 10 11542 694.95 2266.56 18 14904 642.123 2248.57 
-8.31627 14.2596 50.7765
255 255 255
3 10 11545 678.207 2269.09 18 14905 625.136 2251.34 22 13706 510.92 2225.72 
-7.95944 14.3017 50.7215
255 255 255
2 10 11548 712.749 2269.58 18 14908 659.68 2252.7 
-5.99173 14.5841 50.4213
255 255 255
4 10 11550 906.193 2275.11 13 13378 659.842 2242.04 18 14913 847.161 2262.88 22 13713 720.552 2245.06 
-8.19416 14.4384 50.6951
255 255 255
3 10 11556 692.054 2286.65 18 14916 639.703 2269.58 22 13712 522.551 2243.27 
-7.01148 14.6053 50.4549
255 255 255
2 10 11557 809.16 2292.28 18 14923 752.032 2277.81 
-8.01114 14.5534 50.6524
255 255 255
4 10 11560 711.048 2295.97 13 13379 485.36 2247.44 18 14922 658.431 2278.93 22 13719 539.862 2253.48 
-8.32909 14.5645 50.7156
255 255 255
3 10 11562 680.434 2299.91 18 14924 628.759 2281.98 22 13720 512.47 2255.04 
-6.06597 14.8543 50.3382
255 255 255
4 10 11563 903.233 2303.65 13 13402 655.585 2270.74 18 14932 843.787 2291.58 22 13738 716.521 2273.98 
-8.21456 14.6549 50.601
255 255 255
4 10 11566 693.338 2309.77 13 13389 467.868 2260.43 18 14931 640.422 2292.92 22 13727 522.196 2266.76 
-7.88201 14.714 50.6124
255 255 255
3 10 11567 725.704 2310.63 18 14934 672.241 2293.61 22 13729 553.213 2267.97 
-8.54023 14.6665 50.74
255 255 255
3 10 11568 660.998 2311.87 13 13387 442.171 2258.34 22 13726 496.099 2264.68 
-8.03351 14.7091 50.5817
255 255 255
4 10 11569 711.266 2313.29 13 13392 484.046 2263.86 18 14937 658.361 2296.72 22 13732 538.908 2270.14 
-6.02996 15.0502 50.3287
255 255 255
4 10 11576 908.747 2321.44 13 13417 661.492 2288.67 18 14954 849.999 2309.33 22 13762 722.318 2291.7 
-8.51931 14.7986 50.6427
255 255 255
4 10 11587 665.546 2326.53 13 13406 444.275 2274.08 18 14952 613.744 2308.39 22 13745 497.48 2280.81 
-8.5666 15.0278 50.6144
255 255 255
2 10 11601 663.851 2351.03 18 14972 612.468 2331.03 
-6.44791 15.5333 50.2959
255 255 255
3 10 11624 874.925 2375.48 18 15003 817.118 2360.87 22 13799 690.442 2340.17 
-14.2667 16.4624 54.5404
255 255 255
3 10 11652 134.365 2414.86 13 13430 92.167 2312.25 18 15013 149.074 2376.57 
-8.68612 15.6925 50.578
255 255 255
2 10 11654 660.075 2416.06 18 15020 610.171 2394.47 
-9.31219 15.821 50.6439
255 255 255
2 10 11661 601.007 2435.29 18 15033 553.722 2411.84 
-9.14686 15.8765 50.6625
255 255 255
2 10 11662 617.278 2436.91 18 15036 569.982 2414.04 
-8.82635 15.8868 50.5672
255 255 255
2 10 11663 648.88 2436.55 18 15037 599.69 2414.62 
-13.3618 16.7012 54.0671
255 255 255
2 10 11665 218.762 2440.58 18 15029 225.436 2403.92 
-9.33799 16.0032 50.6265
255 255 255
2 10 11671 600.658 2452.96 18 15046 553.747 2429.7 
-8.90425 16.0474 50.5711
255 255 255
2 10 11672 643.244 2453.13 18 15041 594.541 2429.41 
-9.16924 16.0427 50.596
255 255 255
2 10 11673 617.495 2455.03 18 15047 569.921 2432.43 
-8.71698 16.0283 50.3906
255 255 255
2 10 11674 662.578 2455.35 18 15048 611.242 2432.94 
-8.58162 16.1679 50.3351
255 255 255
2 10 11687 677.643 2468.41 18 15055 625.664 2446.06 
-9.23864 16.264 50.6017
255 255 255
2 10 11694 613.326 2476.94 18 15058 566.414 2452.54 
-11.2407 17.215 52.2176
255 255 255
2 10 11728 424.224 2528.59 18 15081 404.372 2495.91 
-5.7136 17.1915 49.9559
255 255 255
4 10 11730 967.593 2530.83 13 13537 714.941 2492.42 18 15095 908.958 2514.93 22 13893 776.543 2496.48 
-5.75256 17.3496 49.9224
255 255 255
4 10 11741 966.468 2546.63 13 13549 713.516 2508.84 18 15106 906.839 2531.26 22 13905 774.65 2512.92 
-6.03715 17.4708 50.007
255 255 255
3 10 11748 938.801 2560.55 18 15110 882.702 2541.82 22 13912 750.881 2522.65 
-8.46085 17.3091 50.2684
255 255 255
2 10 11754 702.557 2575.13 18 15118 652.33 2550.44 
-6.64895 17.5338 50.0094
255 255 255
3 10 11756 881.349 2576.31 13 13563 636.825 2528 22 13921 695.849 2533.72 
-6.84255 17.5257 50.0103
255 255 255
4 10 11757 862.964 2578.75 13 13562 619.498 2528.54 18 15122 806.917 2558.98 22 13920 677.987 2534.87 
-11.5028 17.9236 52.1548
255 255 255
2 10 11771 407.81 2599.24 18 15123 389.676 2563.25 
-11.3567 18.0533 52.0285
255 255 255
2 10 11787 423.473 2614.06 18 15133 403.722 2578.11 
-8.15513 17.7893 50.2479
255 255 255
3 10 11790 737.597 2615.54 18 15143 687.066 2590.42 22 13940 565.253 2559.72 
-8.3894 17.793 50.2858
255 255 255
2 10 11791 714.584 2617.9 18 15145 665.642 2592.35 
-8.58646 17.8457 50.2982
255 255 255
2 10 11795 696.133 2624.96 22 13950 527.467 2567.13 
-8.0234 18.1669 50.2048
255 255 255
2 10 11813 754.645 2650.13 13 13605 528.112 2585.08 
-8.2506 18.1453 50.1983
255 255 255
2 10 11814 732.708 2652.08 22 13967 560.532 2594.53 
-9.6652 18.3509 50.8544
255 255 255
3 10 11824 593.692 2665.51 13 13603 401.926 2584.07 22 13970 446.931 2596.63 
-3.22323 0.828168 53.9208
255 255 255
2 10 12079 966.553 885.752 17 15615 1316.33 892.885 
-4.21547 2.06794 53.6372
255 255 255
2 10 12107 896.181 1012.67 17 15677 1272.27 1013.57 
-4.2703 2.28776 53.5919
255 255 255
2 10 12109 894.138 1033.01 17 15684 1271.98 1034.54 
-4.10959 2.81498 53.3211
255 255 255
2 10 12120 916.945 1082.55 17 15705 1299.66 1080.83 
-5.83341 3.584 53.9164
255 255 255
2 10 12151 765.506 1165.58 17 15755 1154.29 1165.12 
-5.96064 4.10368 53.6098
255 255 255
3 10 12179 761.952 1219.31 17 15789 1164.43 1217.62 18 15867 717.284 1222.49 
-5.05325 4.18749 53.2251
255 255 255
2 10 12180 848.183 1220.83 17 15786 1247.5 1216.03 
-9.44742 4.34737 55.6503
255 255 255
3 10 12201 443.315 1251 16 10322 1278.06 1254.02 21 9270 1181.37 1259.14 
-4.65552 4.867 52.7404
255 255 255
3 10 12239 897.264 1286.24 17 15840 1303.91 1276.71 18 15925 840.911 1289.36 
-2.32801 5.28711 52.6158
255 255 255
2 10 12254 1109.83 1296.32 13 14367 886.595 1301.95 
-2.1487 5.39514 52.5283
255 255 255
2 10 12265 1128.24 1304.28 13 14383 902.477 1312.28 
-4.89887 5.13408 52.7286
255 255 255
4 10 12275 878.872 1313.01 17 15878 1288.92 1305.71 18 15960 823.424 1315.9 22 14758 721.192 1316.08 
-2.34454 5.44729 52.4561
255 255 255
2 11 10898 778.217 1304.16 13 14398 885.118 1320.14 
-5.09508 5.1852 52.7274
255 255 255
2 10 12296 860.382 1322.34 17 15887 1276.52 1311.31 
-4.80076 5.25552 52.4018
255 255 255
3 10 12317 891.613 1330.03 18 15991 834.268 1333.6 22 14782 728.507 1330.14 
-4.4556 5.40667 52.3026
255 255 255
2 10 12336 925.871 1340.93 18 16010 866.794 1344.37 
-4.76918 5.45653 52.5147
255 255 255
3 10 12350 894.682 1346.16 17 15922 1311.7 1334.26 18 16016 839.427 1348.62 
-3.28522 5.63921 52.3491
255 255 255
3 10 12351 1032.76 1346.74 11 10945 698.814 1332.76 22 14814 866.098 1348.67 
-3.41719 5.87066 52.3748
255 255 255
2 10 12377 1022.94 1369.4 13 14478 796.611 1371.24 
-3.63964 5.86485 52.1511
255 255 255
5 10 12388 1006.08 1374.57 11 10984 665.624 1362.71 13 14487 773.628 1378.95 18 16044 946.654 1377.98 22 14844 835.94 1377.02 
-3.85936 6.02947 52.0739
255 255 255
5 10 12415 988.268 1392.82 11 11002 646.635 1380.42 13 14503 756.037 1399.42 18 16065 929.875 1399.41 22 14864 817.978 1395.61 
-3.7456 6.12557 52.0692
255 255 255
4 10 12427 1000.61 1403.34 13 14506 766.731 1405.51 18 16070 940.756 1405.2 22 14866 828.808 1402.16 
-3.56316 6.28954 52.0655
255 255 255
3 10 12441 1018.96 1414.91 13 14517 785.027 1419.25 22 14877 847.084 1415.38 
-3.66094 6.28603 52.0563
255 255 255
4 10 12445 1010.16 1416.53 13 14519 776.219 1420.39 18 16083 950.242 1418.02 22 14879 838.281 1416.69 
-4.93345 7.4859 51.7764
255 255 255
2 10 12534 910.892 1551.77 18 16156 850.731 1553.34 
-9.26247 8.02104 53.6783
255 255 255
2 10 12588 503.476 1617.72 13 12892 359.08 1594.75 
-3.56475 8.41989 51.7423
255 255 255
5 10 12591 1045.19 1622.28 11 11180 695.762 1609.26 13 14686 809.589 1618.08 18 16213 988.178 1619.37 22 15011 872.18 1615.86 
-6.35664 8.13713 52.1173
255 255 255
2 10 12595 782.933 1626.43 18 16214 729.371 1622.74 
-3.78228 8.90373 51.5853
255 255 255
4 10 12631 1033.8 1673.02 13 14731 794.268 1668.15 18 16249 974.22 1671.77 22 15046 857.734 1668.38 
-4.80691 8.7919 51.4529
255 255 255
3 10 12636 940.456 1681.06 18 16251 880.034 1677.87 22 15051 762.436 1673.84 
-4.96154 8.95231 51.4583
255 255 255
3 10 12647 928.086 1698.33 18 16259 867.31 1696.28 22 15059 751.076 1688.41 
-7.31433 10.1813 51.7652
255 255 255
2 10 12747 719.003 1839.78 18 16343 667.677 1833.09 
-11.3174 10.6156 54.3554
255 255 255
2 10 12757 340.36 1862.45 18 16350 329.793 1849.4 
-4.80205 11.0918 51.0821
255 255 255
4 10 12786 970.715 1906 13 14861 726.847 1893.65 18 16384 910.418 1902.38 22 15160 789.731 1892.88 
-7.74826 11.2184 51.4837
255 255 255
2 10 12814 692.079 1951.81 18 16414 640.543 1942.25 
-4.5247 11.6168 50.9905
255 255 255
4 10 12817 1003.51 1954.74 13 14902 757.687 1940.53 18 16421 943.336 1949.5 22 15205 820.543 1940.63 
-8.11711 11.5284 51.6824
255 255 255
2 10 12834 658.817 1979.26 18 16440 611.378 1970.07 
-5.64874 11.7952 51.2029
255 255 255
2 10 12835 897.65 1982.01 22 15223 723.611 1962.27 
-4.5722 11.9397 50.9147
255 255 255
4 10 12843 1003.71 1987.42 13 14942 756.826 1973.17 18 16461 943.292 1982.48 22 15242 819.875 1973.16 
-7.789 11.6391 51.5259
255 255 255
2 10 12844 692.388 1991.21 18 16450 642.268 1979.08 
-5.87375 11.7953 51.0071
255 255 255
3 10 12846 879.692 1992.27 18 16464 820.076 1984.44 22 15237 701.32 1970.53 
-5.46127 11.8966 50.9694
255 255 255
4 10 12850 918.923 1996.56 13 14943 677.806 1974.88 18 16474 861.428 1990.01 22 15246 739.007 1976.5 
-5.62482 11.8987 50.9789
255 255 255
4 10 12852 903.392 1998.6 13 14948 663.341 1976.67 18 16477 846.346 1992.04 22 15249 724.566 1978.35 
-5.91625 11.8737 50.9864
255 255 255
3 10 12861 876.703 2000.76 18 16476 817.39 1992.93 22 15248 698.166 1978.97 
-5.06181 12.0052 50.9144
255 255 255
4 10 12862 958.796 2000.34 13 14954 714.271 1984.3 18 16482 898.697 1995.78 22 15254 776.178 1984.65 
-9.97205 11.9773 52.7338
255 255 255
2 10 12871 483.531 2016.86 22 13465 368.185 1972.72 
-7.48881 11.9209 51.2084
255 255 255
2 10 12872 726.612 2022.16 18 16494 672.997 2012.11 
-8.095 11.9955 51.6383
255 255 255
2 10 12875 666.348 2024.9 18 16493 619.186 2012.55 
-7.95389 12.1735 51.3471
255 255 255
2 10 12891 684.161 2048.6 18 16515 633.66 2036.71 
-7.79966 12.2644 51.2259
255 255 255
2 10 12898 700.81 2058.58 18 16522 648.787 2047.12 
-11.1494 12.5303 53.374
255 255 255
2 10 12899 377.745 2060.99 18 16518 360.39 2044.97 
-7.08875 12.6192 51.0699
255 255 255
2 10 12914 773.361 2087.01 18 16540 718.828 2074.04 
-8.06104 12.5776 51.2894
255 255 255
2 10 12917 678.969 2090.28 18 16542 628.855 2076.54 
-7.85316 12.6203 51.1452
255 255 255
2 10 12919 700.346 2095.3 18 16544 648.319 2083.19 
-8.29064 12.6164 51.3073
255 255 255
2 10 12921 657.439 2095.85 18 16545 608.34 2083.55 
-6.1819 12.8714 50.8388
255 255 255
4 10 12922 864.014 2102.69 13 15026 625.977 2074.86 18 16553 806.532 2093.58 22 15334 685.182 2077.27 
-8.24324 12.7972 51.1611
255 255 255
2 10 12930 665.175 2116.93 18 16560 614.633 2104.46 
-7.43353 12.8548 50.9933
255 255 255
2 10 12931 744.188 2116.86 18 16557 689.874 2103.15 
-6.71954 13.0207 50.8572
255 255 255
2 10 12936 814.828 2125.1 18 16569 758.349 2113.94 
-6.4454 13.0344 50.755
255 255 255
4 10 12937 841.996 2124.01 13 15045 603.274 2095.32 18 16570 784.038 2115.19 22 15350 662.622 2097.95 
-7.27409 13.0412 50.8199
255 255 255
2 10 12945 762.935 2135.99 18 16580 707.113 2125.92 
-7.93265 13.0446 51.0734
255 255 255
2 10 12947 698.126 2138.91 18 16578 646.335 2125.21 
-8.1803 13.0395 51.0049
255 255 255
2 10 12950 675.21 2144.13 18 16584 623.174 2131.06 
-7.57582 13.1135 50.9455
255 255 255
2 10 12951 734.025 2144.96 18 16585 679.992 2130.4 
-7.9996 13.3178 51.0934
255 255 255
2 10 12958 694.487 2164.38 18 16601 643.833 2150.69 
-8.23493 13.4022 51.1593
255 255 255
2 10 12966 672.66 2174.68 18 16609 623.218 2158.07 
-7.6316 13.5342 50.839
255 255 255
2 10 12971 734.332 2188.38 18 16622 680.246 2173.96 
-8.2407 13.5488 51.0701
255 255 255
2 10 12974 674.44 2190.89 18 16620 624.44 2175.38 
-7.74354 13.6027 50.8152
255 255 255
2 10 12981 724.695 2197.33 18 16628 670.698 2182.68 
-7.40852 13.7828 50.8024
255 255 255
2 10 12985 758.46 2208.66 18 16636 704.337 2195.66 
-8.37302 13.7486 51.0894
255 255 255
2 10 12988 663.85 2210.57 18 16635 614.92 2194.92 
-5.62065 14.0454 50.5278
255 255 255
4 10 12994 934.062 2214.41 13 15117 687.005 2186.66 18 16646 874.093 2204.38 22 15415 748.712 2188.79 
-7.93969 13.9465 50.7207
255 255 255
2 10 13010 710.727 2235.77 18 16654 656.818 2220.44 
-8.36921 13.8766 50.3766
255 255 255
2 10 13019 672.321 2248.97 18 16662 614.716 2232.5 
-7.91886 14.26 50.7038
255 255 255
2 10 13032 716.312 2265.5 18 16670 662.892 2249.22 
-8.33466 14.248 50.7206
255 255 255
2 10 13037 676.423 2270.43 18 16674 623.983 2253.07 
-8.22148 14.4263 50.68
255 255 255
2 10 13045 689.533 2286.65 18 16681 636.831 2269.45 
-7.97271 14.5328 50.6356
255 255 255
4 10 13047 714.853 2294.76 13 15143 488.203 2245.9 18 16684 661.503 2276.89 22 15448 542.685 2251.49 
-8.2244 14.6785 50.5837
255 255 255
4 10 13056 692.947 2312.94 13 15152 467.104 2263.03 18 16692 639.65 2296.16 22 15458 521.247 2269.39 
-7.76098 14.8579 50.5656
255 255 255
3 10 13062 739.165 2323.38 18 16701 685.609 2306.88 22 15469 565.294 2282.03 
-9.18248 14.8436 51.1161
255 255 255
2 10 13063 598.843 2324.3 18 16696 554.61 2303.18 
-8.57922 14.8466 50.6744
255 255 255
4 10 13068 660.49 2330.7 13 15164 440.584 2277.18 18 16704 608.091 2312.88 22 15470 493.567 2284.4 
-8.64267 15.4279 50.527
255 255 255
2 10 13093 661.699 2392.15 18 16735 610.565 2372.64 
-5.62345 17.0624 50.0299
255 255 255
4 10 13141 973.472 2514.54 13 15260 722.531 2477.07 18 16800 915.832 2498.54 22 15567 783.663 2480.79 
-4.85226 17.1606 49.8603
255 255 255
2 10 13142 1050.25 2516.49 13 15265 790.785 2487.48 
-12.0816 17.4798 52.9295
255 255 255
2 10 13154 346.406 2535.9 18 16802 337.889 2499.97 
-8.22374 17.6055 50.222
255 255 255
4 10 13196 729.191 2601.85 13 15284 502.193 2535.46 18 16850 678.327 2575.87 22 15602 556.234 2544.9 
-8.16529 17.7799 50.3121
255 255 255
4 10 13203 735.584 2612.3 13 15292 512.177 2546.52 18 16860 686.655 2587.9 22 15609 564.888 2555.96 
-8.14159 17.966 50.2302
255 255 255
4 10 13214 740.849 2631.92 13 15310 515.194 2567.47 18 16868 691 2607.01 22 15626 568.519 2576.44 
-7.90573 18.0189 50.1382
255 255 255
2 10 13216 764.984 2637.02 18 16872 713.879 2612.71 
-8.02186 18.171 50.2111
255 255 255
2 10 13223 754.753 2650.12 22 15637 581.851 2594.16 
-5.44174 4.1293 53.4734
255 255 255
2 10 13401 810.235 1216.16 17 17152 1207.25 1213.86 
-9.00202 4.14268 55.3284
255 255 255
2 10 13405 481.744 1233.51 18 17252 460.671 1236.65 
-9.5286 4.38392 55.7088
255 255 255
3 10 13411 436.058 1254.82 14 12983 1176.8 1285.64 16 11535 1270.32 1257.33 
-2.39548 5.45252 52.8967
255 255 255
2 10 13444 1100.88 1309.09 13 15690 887.069 1310.47 
-2.99952 5.392 52.5802
255 255 255
2 10 13452 1051.98 1317.78 11 12198 726.76 1301.12 
-3.22533 5.60407 52.3629
255 255 255
2 10 13468 1037.52 1341.87 13 15717 809.36 1345.9 
-2.99926 5.60045 52.1471
255 255 255
2 10 13469 1061.11 1340.89 13 15718 825.598 1348.84 
-3.94413 5.55089 52.2394
255 255 255
4 10 13471 974.974 1348.04 13 15720 745.549 1351.7 18 17298 914.245 1352.1 22 16028 804.614 1351.28 
-3.59184 5.90018 52.1556
255 255 255
5 10 13487 1010.64 1377 11 12226 670.329 1365.37 13 15726 778.328 1381.54 18 17308 951.505 1380.45 22 16036 840.558 1379.67 
-3.93299 6.14979 52.0435
255 255 255
2 10 13503 984.456 1408.27 22 16043 812.667 1407.74 
-4.9024 8.87158 51.5533
255 255 255
2 10 13600 931.404 1687.93 18 17383 871.46 1684.72 
-7.61333 9.0093 52.53
255 255 255
2 10 13610 672.124 1714.67 18 17393 627.59 1708.72 
-5.87923 11.6678 51.2012
255 255 255
4 10 13681 874.71 1974.1 13 15853 642.121 1951.38 18 17458 818.608 1966.76 22 16162 701.345 1953.03 
-5.45991 11.7054 50.9231
255 255 255
4 10 13684 918.442 1980.33 13 15854 674.311 1958.9 18 17464 857.709 1973.54 22 16164 736.702 1960.72 
-7.78844 11.57 51.5476
255 255 255
2 10 13687 691.471 1983.82 18 17463 641.508 1972.31 
-11.3605 11.9447 53.8458
255 255 255
2 10 13694 351.2 1997.89 18 17466 338.051 1979.96 
-5.75118 11.8068 50.824
255 255 255
2 10 13695 893.515 1997.48 18 17474 832.406 1989.38 
-5.03584 12.0477 50.9043
255 255 255
4 10 13698 962.555 2005.11 13 15871 717.398 1987.75 18 17480 900.621 1999.55 22 16179 779.007 1988.27 
-5.48541 12.0859 50.9183
255 255 255
4 10 13700 919.921 2015.47 13 15876 677.71 1994.82 18 17486 860.724 2008.92 22 16186 738.934 1996.12 
-8.05636 11.928 51.6523
255 255 255
2 10 13702 669.07 2017.16 18 17484 621.947 2005.89 
-6.75582 11.9528 50.9679
255 255 255
2 10 13704 798.661 2021.68 18 17488 740.999 2012.81 
-11.0845 12.3826 53.5588
255 255 255
2 10 13711 381.744 2042.32 18 17495 365.555 2023.86 
-7.55595 12.1705 51.2942
255 255 255
2 10 13713 722.052 2043.7 18 17499 670.234 2033.05 
-7.03566 12.5582 50.9425
255 255 255
2 10 13723 779.031 2083.72 18 17509 722.945 2073.14 
-8.29695 12.8655 51.1893
255 255 255
2 10 13730 660.558 2123.07 18 17516 610.666 2110.54 
-7.96109 12.9309 51.1213
255 255 255
2 10 13734 693.792 2127.42 18 17518 642.284 2113.21 
-7.56988 12.9214 50.9888
255 255 255
2 10 13735 732.075 2125.46 18 17519 678.079 2111.17 
-6.48608 13.1253 50.7275
255 255 255
4 10 13739 839.384 2135.52 13 15921 600.152 2104.52 18 17524 781.684 2124.48 22 16221 660.008 2106.99 
-8.23893 13.089 51.1
255 255 255
2 10 13740 669.344 2146.7 18 17527 618.639 2132.67 
-7.95104 13.4041 51.1565
255 255 255
2 10 13748 699.323 2169 18 17536 649.673 2156.08 
-7.09307 13.4768 50.8288
255 255 255
2 10 13752 784.736 2174.28 18 17537 729.654 2162.24 
-8.34447 13.7444 50.8829
255 255 255
2 10 13765 668.484 2217.65 18 17549 616.823 2201.21 
-8.09657 13.8184 50.7357
255 255 255
2 10 13766 694.249 2225.71 18 17551 640.514 2210.34 
-7.7687 14.0548 50.6144
255 255 255
2 10 13772 729.147 2246 18 17558 674.129 2233.08 
-8.17449 14.108 50.7664
255 255 255
2 10 13774 689.772 2253.59 18 17559 637.119 2235.95 
-8.35012 14.3447 50.5972
255 255 255
2 10 13783 677.23 2284.7 18 17569 623.433 2266.38 
-7.80839 14.5034 50.5049
255 255 255
4 10 13787 730.933 2293.97 13 15967 499.086 2246.19 18 17571 677.362 2277.35 22 16262 554.827 2252.67 
-8.67608 14.742 50.9383
255 255 255
2 10 13792 647.354 2313.91 18 17576 599.476 2293.9 
-8.27023 14.8253 50.679
255 255 255
2 10 13798 689.273 2324.76 18 17581 637.617 2306.32 
-8.88294 15.7401 50.5447
255 255 255
2 10 13822 642.034 2424.7 18 17604 592.342 2403.05 
-13.3546 16.722 53.9213
255 255 255
2 10 13825 219.606 2447.24 18 17606 224.918 2411.83 
-8.72524 16.0991 50.2224
255 255 255
2 10 13832 664.216 2469.54 18 17614 610.844 2445.88 
-4.89226 17.1251 49.9067
255 255 255
2 10 13840 1045.3 2512.03 13 16017 787.412 2482.6 
-12.8827 17.6726 53.0295
255 255 255
2 10 13853 274.213 2561.04 18 17633 270.095 2521.65 
-8.29145 17.2752 50.2781
255 255 255
2 10 13856 718.453 2569.84 18 17640 667.669 2543.52 
-8.61542 17.2722 50.1793
255 255 255
2 10 13857 688.14 2577.66 18 17641 637.143 2553.59 
-8.15854 17.5953 50.2373
255 255 255
4 10 13861 734.797 2598.87 13 16026 508.074 2533.51 18 17645 684.978 2573.61 22 16325 562.007 2542.83 
-6.88646 17.8704 50.2577
255 255 255
2 10 13863 859.092 2600.98 22 16329 681.743 2555.24 
-7.45296 17.83 50.1193
255 255 255
2 10 13868 806.494 2613.15 18 17648 753.811 2589.7 
-7.58308 18.1208 50.1344
255 255 255
2 10 13876 797.061 2641.6 13 16040 564.928 2580.93 
-2.93428 5.64238 52.3723
255 255 255
3 10 13997 1064.03 1341.11 11 12730 729.235 1329.11 22 16528 896.699 1344.93 
-4.57503 5.58411 52.0965
255 255 255
2 10 14005 919.704 1362.74 18 17845 858.642 1366.48 
-3.07774 5.86299 52.1606
255 255 255
2 10 14008 1056.62 1366.77 22 16535 885.776 1370.3 
-3.52698 5.93903 52.1574
255 255 255
4 10 14013 1017.06 1379.47 11 12746 676.352 1368.34 13 16278 784.661 1384.39 22 16538 846.944 1382.27 
-2.59866 6.08937 52.4187
255 255 255
4 10 14014 1097.57 1378.69 11 12745 765.758 1365.96 13 16276 870.54 1382.47 22 16537 933.485 1377.8 
-3.75971 6.31934 52.0292
255 255 255
3 10 14029 1001.87 1422.76 11 12755 658.157 1406.64 18 17856 941.939 1423.64 
-3.95882 6.30132 51.9993
255 255 255
3 10 14032 984.284 1424.62 11 12759 640.201 1408.04 22 16546 812.049 1422.4 
-3.43866 6.61575 52.0268
255 255 255
5 10 14035 1034.15 1445.37 11 12765 689.434 1432.04 13 16294 799.684 1446.67 18 17861 974.554 1446.37 22 16548 862.044 1445.06 
-3.59109 7.19548 51.8998
255 255 255
5 10 14043 1027.4 1503.47 11 12778 680.361 1490.25 13 16310 792.688 1504.13 18 17867 969.452 1504.36 22 16554 855.355 1502.5 
-4.92381 8.78746 51.3158
255 255 255
3 10 14080 932.06 1682.82 18 17891 868.163 1685.49 22 16578 751.265 1678.71 
-5.21643 9.1258 51.9485
255 255 255
2 10 14084 899.717 1706.2 18 17894 845.407 1701.8 
-5.57117 9.31057 51.7542
255 255 255
2 10 14088 871.598 1733.43 18 17899 815.721 1729.19 
-3.55427 9.6318 51.4861
255 255 255
4 10 14091 1064.04 1739.59 13 16343 823.731 1735.9 18 17902 1004.65 1738.05 22 16587 886.423 1734.24 
2.24722 15.7419 64.6458
255 255 255
2 10 14100 1353.45 1843.42 18 17911 1436.9 1826.23 
-4.81859 10.8035 51.2687
255 255 255
4 10 14106 963.139 1874.9 13 16353 724.986 1860.37 18 17915 905.518 1870.65 22 16597 785.38 1861.29 
-10.5425 11.1178 53.5722
255 255 255
2 10 14112 418.291 1919.82 13 15834 292.615 1874.14 
-5.67286 11.211 51.1096
255 255 255
2 10 14115 890.491 1930.38 18 17930 831.661 1925.16 
-11.1062 12.3787 53.6667
255 255 255
2 10 14140 379.268 2038.04 18 17954 364.527 2021.24 
-7.52275 12.2102 51.2609
255 255 255
2 10 14143 725.938 2047.98 18 17957 673.755 2037.36 
-7.0402 12.5972 51.001
255 255 255
2 10 14151 778.375 2085.68 18 17963 723.069 2074.56 
-7.10869 13.0299 50.8719
255 255 255
2 10 14166 777.931 2130.99 18 17975 722.361 2120.3 
-7.89131 13.3841 50.9969
255 255 255
2 10 14175 706.478 2172.85 18 17985 654.446 2158.1 
-7.72322 13.3989 50.7241
255 255 255
2 10 14179 725.253 2180.26 18 17991 669.805 2168.02 
-8.39234 14.4188 50.7109
255 255 255
2 10 14198 672.828 2287.23 18 18012 620.906 2270.18 
-8.83003 14.7174 50.8322
255 255 255
2 10 14202 633.343 2317.93 18 18016 584.482 2297.96 
-8.28182 14.9171 50.7391
255 255 255
4 10 14204 688.846 2331.28 13 16450 469.029 2277.67 18 18019 637.432 2313.32 22 16684 522.154 2284.86 
-5.57287 5.08625 52.8388
255 255 255
2 10 14231 815.118 1317.22 17 17753 1237.45 1309.42 
-7.13505 3.72287 54.3113
255 255 255
2 10 14250 648.356 1189.7 17 18046 1043.65 1190.7 
-9.00649 4.56076 55.1996
255 255 255
4 10 14256 485.804 1274.43 14 13899 1227.57 1298.31 16 12398 1320.12 1268.42 21 11230 1225.91 1275.22 
-3.93424 5.07432 51.8477
255 255 255
2 18 18091 910.667 1315.1 22 16776 796.902 1315.3 
-2.91572 5.47051 52.2672
255 255 255
3 10 14264 1065.4 1325.31 11 13052 724.469 1316.7 13 16546 832.632 1333.09 
-2.54596 5.87218 52.5699
255 255 255
2 10 14266 1097.33 1353.79 22 16778 935.914 1355.81 
-4.14202 5.7241 52.144
255 255 255
4 10 14268 959.327 1368.53 13 16548 727.89 1372.49 18 18093 899.934 1371.84 22 16779 789.516 1370.87 
-3.4094 6.08106 52.1648
255 255 255
5 10 14270 1028.49 1389.17 11 13061 688.513 1380.62 13 16550 796.871 1396.44 18 18095 970.324 1393.93 22 16781 859.229 1394.56 
-3.37625 6.41125 52.0828
255 255 255
5 10 14272 1036.63 1425.04 11 13064 693.57 1410.71 13 16552 802.942 1425.74 18 18096 977.603 1426.03 22 16782 865.552 1424.59 
-3.70732 9.63576 51.4893
255 255 255
4 10 14285 1049.45 1741.33 13 16566 809.987 1738.21 18 18108 991.529 1740.61 22 16791 872.741 1736.57 
-6.33774 11.2741 51.1603
255 255 255
4 10 14293 828.049 1944.89 13 16570 594.601 1921.62 18 18113 770.958 1938.33 22 16795 655.501 1923.86 
-6.87564 11.8644 50.9966
255 255 255
2 10 14299 786.017 2013.71 18 18117 728.815 2006.02 
-5.81353 12.123 50.8923
255 255 255
4 10 14300 889.986 2024.54 13 16576 648.778 2002.42 18 18118 830.711 2017.84 22 16801 709.294 2003.84 
-7.45278 12.3217 51.222
255 255 255
2 10 14301 734.172 2059.06 18 18120 681.547 2047.41 
-6.90139 12.8239 50.9826
255 255 255
3 10 14303 794.144 2106.08 18 18123 738.892 2094.27 22 16804 621.648 2074.19 
-6.99314 13.6273 50.8681
255 255 255
2 10 14308 795.366 2185.61 18 18129 740.936 2172.9 
-8.28599 13.8666 50.7912
255 255 255
2 10 14312 676.253 2231.59 18 18133 623.609 2214.83 
-4.93374 16.9457 49.981
255 255 255
4 10 14321 1038.18 2493.93 13 16595 782.094 2464.04 18 18147 979.369 2479.32 22 16820 845.509 2465.27 
-4.48946 5.03976 52.9131
255 255 255
2 10 14328 910.916 1297.41 18 18161 858.06 1299.11 
-4.23668 5.82704 52.1444
255 255 255
4 10 14329 951.674 1379.23 13 16610 720.973 1383.13 18 18163 892.854 1382.22 22 16840 782.601 1381.44 
-3.29074 6.19873 52.1478
255 255 255
4 10 14331 1040.92 1401.06 13 16611 808.573 1405.22 18 18164 982.472 1403.63 22 16841 870.843 1403.5 
-3.75965 7.1637 51.9283
255 255 255
4 10 14333 1011.7 1501.3 13 16612 777.406 1502.92 18 18165 953.773 1503.35 22 16842 839.713 1501.12 
-3.30963 7.82292 51.8878
255 255 255
3 10 14334 1059.84 1557.43 18 18166 1003.4 1557.99 22 16843 887.564 1557.28 
-3.49961 8.70876 51.7887
255 255 255
2 10 14336 1054.06 1644.55 18 18168 996.735 1645.48 
-4.67664 10.5175 51.3485
255 255 255
2 10 14339 972.31 1844.01 22 16847 795.899 1830.46 
-6.05544 12.1732 50.9632
255 255 255
3 10 14342 866.967 2031.03 18 18172 808.663 2023.46 22 16850 689.175 2008.86 
-8.84419 12.2814 51.7288
255 255 255
2 10 14357 598.384 2059.98 18 18196 554.567 2045.29 
-9.08096 17.806 50.5178
255 255 255
2 10 15003 646.332 2620.65 18 19625 601.738 2592.41 
-12.054 13.0522 53.8263
255 255 255
2 10 15110 299.397 2107.44 18 19110 290.847 2085.2 
-6.15983 14.4256 50.4003
255 255 255
2 10 15996 888.79 2263.87 18 20209 829.423 2251.22 
-3.1763 3.2554 52.8689
255 255 255
2 10 16377 1010.07 1117.4 13 17851 789.364 1127.06 
-2.95793 7.94996 51.9464
255 255 255
3 10 16449 1092.7 1563.47 13 18525 859.515 1563.88 22 18933 921.387 1562.65 
-1.54247 1.92858 53.256
255 255 255
2 11 627 817.966 961.628 19 1074 583.628 957.981 
-3.03576 11.9698 51.2388
255 255 255
2 11 2014 780.028 1952.47 19 1997 522.125 1912.91 
-3.25842 12.0323 51.032
255 255 255
2 11 2041 754.607 1966.3 19 2010 495.849 1924.11 
-3.2108 12.0684 51.0831
255 255 255
2 11 2051 761.08 1967.81 19 2018 502.688 1926.1 
-3.29795 12.7246 51.0426
255 255 255
2 11 2196 762.625 2031.84 19 2096 505.088 1987.49 
-3.24932 12.7419 51.0735
255 255 255
2 11 2197 768.169 2031.85 19 2100 510.446 1988.6 
-3.51621 12.7288 50.8163
255 255 255
2 11 2218 735.83 2040.62 19 2108 476.899 1994.17 
-2.1317 4.09653 52.718
255 255 255
4 11 4090 784.198 1172.66 13 5934 888.341 1191.85 18 6792 1056 1186.56 22 6172 950.761 1189.89 
-3.05079 11.8868 51.2539
255 255 255
2 11 4823 777.921 1944.42 19 4588 520.731 1904.72 
-5.22185 11.758 50.9174
255 255 255
2 11 4852 577.569 1956.7 19 4586 359.145 1903.24 
-3.2163 12.0024 51.09
255 255 255
2 11 4866 759.796 1961.54 19 4613 501.695 1919.68 
-3.07165 12.1208 51.221
255 255 255
2 11 4881 778.715 1967.46 19 4628 521.118 1927.38 
-3.12901 12.1645 51.1574
255 255 255
2 11 4895 772.248 1973.68 19 4633 514.161 1933.36 
-3.3156 12.5585 50.9822
255 255 255
2 11 4981 756.355 2018.31 19 4689 497.524 1973.65 
-3.28304 12.674 51.0601
255 255 255
2 11 4994 763.7 2026.26 19 4703 506.317 1982.52 
-4.18217 13.0249 50.7632
255 255 255
4 11 5109 680.718 2074.76 13 7125 805.211 2072.79 18 8168 994.307 2081.49 22 7380 868.569 2072.7 
-4.23016 14.2509 50.556
255 255 255
2 11 5371 688.991 2197.42 19 4946 438.98 2140.07 
-4.10854 14.4515 50.5911
255 255 255
2 11 5410 704.033 2214.04 19 4976 452.292 2158.18 
-4.29978 15.2866 50.4195
255 255 255
2 11 5572 694.781 2299.83 19 5071 442.819 2239.04 
-2.16374 1.92276 53.1083
255 255 255
4 11 6753 761.901 969.888 13 9477 861.344 993.716 18 10702 1024.08 986.369 22 9710 922.914 991.295 
-2.0384 1.98624 53.1217
255 255 255
4 11 6758 773.585 974.037 13 9483 873.013 997.297 18 10706 1035.75 990.219 22 9719 934.764 995.332 
-2.52011 2.70957 52.9594
255 255 255
3 11 6808 739.204 1048.07 13 9571 839.425 1068.99 22 9828 900.995 1067.07 
-2.69753 2.74706 52.9338
255 255 255
4 11 6811 724.628 1053.27 13 9584 823.958 1075.37 18 10823 988.462 1069.49 22 9841 885.69 1073.09 
-2.68486 2.8783 52.9146
255 255 255
3 11 6830 726.982 1066.04 13 9611 826.325 1086.58 18 10848 991.342 1081.08 
-2.57694 2.98236 52.8726
255 255 255
3 11 6841 735.685 1074.69 18 10868 1002.02 1089.49 22 9878 898.771 1093.11 
-3.58247 3.22582 52.9041
255 255 255
4 11 6871 658.305 1109.69 13 9662 753.91 1127.8 18 10918 916.745 1124.36 22 9927 814.723 1126.04 
-2.68984 3.5159 52.7444
255 255 255
2 11 6892 729.961 1126.69 18 10956 999.284 1140.31 
-2.56282 3.54263 52.7635
255 255 255
4 11 6893 741.612 1127.01 13 9702 844.217 1146.41 18 10961 1010.95 1141.78 22 9973 905.992 1144.58 
-2.42956 3.67388 52.7338
255 255 255
4 11 6902 753.632 1137.83 13 9724 857.018 1157.05 18 10980 1024.49 1152.2 22 9992 919.129 1155.18 
-1.98227 3.82287 52.8129
255 255 255
4 11 6913 795.6 1145.1 13 9739 898.853 1163.91 18 10996 1065.31 1158.01 22 10007 960.837 1161.9 
-1.99657 3.94046 52.7869
255 255 255
4 11 6928 795.31 1156.05 13 9754 899.064 1175.14 18 11022 1065.67 1169.31 22 10024 960.779 1173.12 
-2.2554 3.95228 52.7089
255 255 255
5 7 3118 661.032 1169.85 11 6933 772.15 1160.43 13 9762 875.845 1180.23 18 11030 1042.99 1175.04 22 10029 937.85 1177.95 
-2.14029 4.06683 52.7455
255 255 255
4 11 6940 783.908 1170.15 13 9776 887.555 1188.86 18 11039 1054.72 1182.9 22 10043 949.851 1186.98 
-2.00539 4.12888 52.7597
255 255 255
4 11 6942 796.746 1174.64 13 9780 900.159 1191.67 18 11045 1067.77 1187.15 22 10049 962.065 1190.23 
-1.97748 4.28525 52.7581
255 255 255
2 11 6946 801.246 1187.85 18 11061 1071.89 1200.59 
-2.11576 4.28328 52.7167
255 255 255
5 11 6948 789.077 1189.78 12 4918 524.34 1183.36 13 9800 892.404 1208.46 18 11065 1059.57 1203.17 22 10070 954.173 1206.26 
-2.05135 4.37649 52.744
255 255 255
4 11 6957 795.986 1197.11 13 9816 899.61 1215.54 18 11077 1066.52 1210.32 22 10083 961.484 1213.37 
-1.93819 4.55709 52.7036
255 255 255
2 11 6969 806.979 1212.55 13 9836 911.345 1231.51 
-2.16342 4.63073 52.63
255 255 255
5 11 6976 786.476 1224.74 12 4945 521.469 1217.12 13 9845 892.221 1240.78 18 11122 1060.3 1236.41 22 10115 954.159 1238.6 
-2.08537 4.71465 52.653
255 255 255
3 11 6978 795.392 1229.4 18 11131 1068.43 1243.36 22 10128 961.977 1245.88 
-3.86333 4.58769 52.4841
255 255 255
2 11 6987 640.001 1241.73 22 10139 803.362 1257.74 
-3.09075 7.62935 51.8935
255 255 255
4 11 7275 729.608 1526.67 13 10185 842.317 1537.85 18 11493 1019.5 1537.45 22 10454 905.08 1536.12 
-3.19053 7.72999 51.8438
255 255 255
4 11 7287 720.883 1537.75 13 10206 834.354 1549.64 18 11506 1011.8 1549.15 22 10471 897.229 1547.74 
-3.05584 7.74756 51.8774
255 255 255
4 11 7288 733.848 1537.58 13 10205 846.77 1548.67 18 11504 1024.22 1548.24 22 10469 909.68 1546.88 
-3.22265 8.06193 51.7872
255 255 255
4 11 7341 721.402 1570.85 13 10256 835.183 1581.23 18 11559 1013.57 1581.79 22 10521 898.149 1579.18 
-3.28939 9.05247 51.6059
255 255 255
4 11 7475 724.733 1668.9 13 10367 840.688 1676.51 18 11666 1021.1 1678.21 22 10636 903.628 1674.99 
-3.38201 9.16177 51.5605
255 255 255
4 11 7488 716.916 1681 13 10382 833.299 1688.56 18 11679 1014.18 1691.06 22 10648 896.562 1687.14 
-3.47262 9.29488 51.524
255 255 255
3 11 7499 709.941 1695.09 13 10397 826.89 1703.06 22 10660 889.555 1701.3 
-6.97971 9.28091 51.9929
255 255 255
4 11 7523 435.629 1711.08 14 8155 1495.55 1709.88 16 7088 1564.67 1673.2 21 6316 1488.13 1679.02 
-3.13246 10.2051 51.3831
255 255 255
3 11 7599 748.451 1782.35 13 10476 867.952 1785.97 22 10748 931.177 1784.43 
-8.33997 10.8752 52.0297
255 255 255
2 11 7711 351.088 1863.68 21 6450 1450.88 1849.68 
-3.06852 11.8846 51.2636
255 255 255
3 11 7846 776.76 1944.14 12 5701 489.427 1913.66 19 7261 519.649 1904.39 
-3.22318 11.9954 51.1109
255 255 255
2 11 7881 759.8 1960.24 19 7283 502.416 1918.53 
-3.15082 12.1588 51.1845
255 255 255
2 11 7903 771.169 1972.2 19 7305 514.3 1932.4 
-3.35994 12.1292 50.9773
255 255 255
2 11 7913 745.399 1977.23 19 7308 487.397 1935.15 
-3.26384 12.1735 51.0354
255 255 255
2 11 7916 756.472 1979.04 19 7315 497.967 1937.62 
-3.43049 12.2557 50.9513
255 255 255
2 11 7941 740.426 1991.15 19 7324 483.226 1946.81 
-3.30677 12.5505 50.9866
255 255 255
2 11 7980 757.145 2017.34 19 7355 498.242 1972.82 
-3.36691 12.8931 50.9881
255 255 255
2 11 8045 757.416 2049.42 19 7400 499.936 2005 
-4.22527 14.2452 50.5668
255 255 255
2 11 8314 689.708 2196.44 19 7588 439.876 2139.29 
-8.34228 12.3378 51.5416
255 255 255
4 11 8812 352.416 2010.23 14 8596 1482.9 2015.8 16 7444 1567.94 1977.39 21 6703 1479.53 1981.53 
0.042552 0.670619 54.0372
255 255 255
4 11 9063 954.111 819.192 13 12242 1042.52 845.628 18 13706 1193.96 837.223 22 12562 1101.16 845.666 
-2.65953 2.05026 53.1047
255 255 255
4 11 9141 723.159 988.844 13 12390 820.328 1010.39 18 13863 982.47 1004.33 22 12708 881.723 1008.18 
-2.40525 2.12912 53.1142
255 255 255
4 11 9142 745.372 991.808 13 12395 843.477 1014.57 18 13868 1005.55 1007.72 22 12714 904.708 1012.49 
-2.70779 3.33124 52.8135
255 255 255
4 11 9191 728.142 1108.98 13 12477 829.578 1128.67 18 13965 995.228 1123.87 22 12801 891.177 1126.44 
-2.40808 3.63708 52.7344
255 255 255
4 11 9212 754.776 1134.07 13 12512 858.49 1153.64 18 13992 1025.75 1148.53 22 12835 920.7 1151.68 
-2.36109 3.80009 52.6943
255 255 255
5 7 4829 649.985 1157.35 11 9223 761.055 1147.85 13 12529 864.221 1168.26 18 14011 1032.08 1162.91 22 12852 926.174 1166.15 
-2.5772 3.80972 52.7027
255 255 255
4 11 9225 742.368 1151.93 13 12532 845.707 1171.98 18 14016 1013.17 1166.78 22 12855 907.834 1169.74 
-2.15496 4.27453 52.692
255 255 255
6 7 4850 672.514 1196.83 11 9243 784.963 1189.37 12 6624 520.763 1182.94 13 12563 888.737 1208.53 18 14041 1056.17 1203.22 22 12886 950.517 1206.31 
-1.9852 4.31894 52.7475
255 255 255
2 11 9244 800.775 1191.07 18 14044 1071.69 1204.04 
-1.69428 4.88536 52.7473
255 255 255
4 11 9269 833.532 1240.7 13 12600 938.127 1256.45 18 14087 1104.35 1250.82 22 12929 999.299 1254.48 
-1.57578 5.00362 52.8026
255 255 255
4 11 9276 846.194 1248.66 13 12610 950.721 1264.48 19 8490 602.17 1238.46 22 12940 1011.85 1262.62 
-1.23742 5.15089 53.1215
255 255 255
2 11 9278 888.047 1253.3 19 8496 644.5 1242.68 
-2.1421 4.95214 52.572
255 255 255
5 11 9280 791.727 1254.3 12 6669 523.499 1246.08 13 12620 897.958 1270.92 18 14102 1066.02 1266.52 22 12948 959.899 1268.87 
-1.76228 5.0332 52.7348
255 255 255
4 11 9281 828.608 1254.98 12 6670 558.814 1247.24 13 12622 934.299 1270.73 22 12950 995.469 1268.76 
-1.97158 4.98412 52.5814
255 255 255
6 11 9283 804.61 1256.01 12 6672 535.281 1248.12 13 12621 914.554 1270.61 18 14103 1081 1266.38 19 8499 562.964 1244.08 22 12949 976.317 1268.56 
-2.99476 5.10379 53.0133
255 255 255
2 11 9294 737.532 1266.45 22 12979 890.154 1288.63 
-1.68105 5.31367 52.7215
255 255 255
2 11 9304 840.64 1279.31 19 8525 594.877 1268.48 
-1.38148 5.48421 53.0146
255 255 255
2 11 9313 877.752 1287.55 19 8531 634.074 1275.48 
-4.15592 5.25913 52.328
255 255 255
2 11 9333 620.247 1308.67 18 14175 891.809 1326.28 
-3.40465 5.31985 52.2346
255 255 255
2 11 9335 680.052 1308.25 18 14171 960.281 1322.91 
-6.51547 5.84 53.0924
255 255 255
3 11 9393 465.936 1372.09 14 10207 1442.62 1390.82 21 7980 1432.78 1364.92 
-2.39028 6.78261 52.258
255 255 255
2 11 9447 788.23 1432.77 22 13122 959.25 1442.94 
-3.16197 7.37587 51.9005
255 255 255
4 11 9490 719.733 1503.29 13 12825 832.857 1515.6 18 14329 1009.51 1515.24 22 13160 895.679 1513.61 
-3.18096 7.7825 51.8301
255 255 255
4 11 9523 721.91 1542.61 13 12859 835.857 1554.69 18 14343 1013.2 1554.22 22 13187 898.856 1552.9 
-3.12274 7.9805 51.8145
255 255 255
3 11 9542 729.579 1561.66 13 12878 843.139 1572.12 22 13209 906.407 1570.03 
-3.57596 8.36688 51.6789
255 255 255
4 11 9584 692.227 1606.73 13 12911 806.514 1614.71 18 14399 985.779 1616.88 22 13240 869.893 1613.47 
-3.44438 9.29428 51.495
255 255 255
3 11 9655 711.514 1695.21 18 14445 1010.66 1705.73 22 13292 891.981 1701.96 
-7.16164 9.14145 52.1384
255 255 255
3 11 9656 424.578 1696.12 14 10441 1481.63 1700.16 21 8211 1474.68 1669.64 
-7.39712 9.18184 52.2367
255 255 255
5 6 2070 1473.25 1701.91 11 9657 410.323 1698.29 14 10448 1468.39 1708.89 16 9147 1542.51 1672.16 21 8221 1462.13 1678.32 
-3.5135 9.82424 51.3884
255 255 255
2 11 9695 710.027 1749.12 13 12995 828.345 1754.99 
-6.87341 9.71711 51.7741
255 255 255
3 11 9704 442.389 1754.16 14 10474 1512.07 1748.01 21 8250 1504.3 1716.49 
-7.42114 9.95466 51.9583
255 255 255
3 11 9719 408.579 1775.72 14 10487 1485.27 1779.32 21 8261 1478.76 1748.06 
-7.31152 10.1727 51.8283
255 255 255
3 11 9736 415.574 1797.86 14 10494 1496.29 1797.07 21 8267 1489.25 1765.61 
-8.4437 10.9137 52.203
255 255 255
3 11 9786 350.473 1862.57 14 10561 1437.64 1886.35 21 8333 1433.85 1854.16 
-7.76182 11.0085 51.732
255 255 255
4 11 9809 387.57 1879.98 14 10554 1488.31 1882.47 16 9256 1567.62 1844.21 21 8322 1484.08 1849.35 
-8.40693 11.209 52.0619
255 255 255
2 11 9828 351.924 1893.19 14 10610 1447.12 1913.08 
-8.11093 11.5191 51.729
255 255 255
3 11 9865 366.665 1929.2 14 10638 1477.92 1935.42 21 8393 1474.21 1903.19 
-3.22159 11.9669 51.124
255 255 255
2 11 9900 759.929 1957.08 19 8879 502.866 1915.63 
-3.24477 12.2067 51.0265
255 255 255
2 11 9940 758.356 1982.3 19 8895 499.205 1940.95 
-3.44185 12.2807 50.997
255 255 255
2 11 9952 741.442 1992.39 19 8900 485.715 1947.68 
-2.34122 1.74226 53.1824
255 255 255
3 11 10725 747.072 955.583 18 15734 1005.94 971.807 22 14527 905.995 976.249 
-2.7528 2.9618 52.8595
255 255 255
3 11 10751 720.47 1076.59 18 15788 986.533 1088.89 22 14580 882.857 1093.39 
-2.87647 3.1339 52.8585
255 255 255
2 11 10754 712.817 1091.27 18 15797 977.501 1108 
-2.67331 3.30566 52.8219
255 255 255
4 11 10760 730.94 1105.98 13 14226 832.212 1126.03 18 15808 997.934 1120.83 22 14595 893.956 1123.74 
-1.53516 4.86456 52.868
255 255 255
4 11 10814 850.728 1234.81 13 14305 952.886 1250.58 18 15884 1117.74 1244.67 22 14678 1013.32 1248.75 
-1.63313 4.94436 52.8174
255 255 255
4 11 10823 841.624 1244.06 12 7605 570.326 1236.38 18 15890 1110.68 1254.29 22 14687 1005.55 1258.05 
-2.22457 4.86174 52.5816
255 255 255
6 7 6084 669.994 1249.17 11 10825 786.288 1246.55 12 7607 518.008 1238.36 13 14318 889.343 1264.2 18 15893 1057.37 1259.97 22 14691 951.318 1262.13 
-1.80583 5.06413 52.8381
255 255 255
3 11 10836 830.091 1256.99 12 7619 562.9 1248.19 19 9687 589.661 1244.64 
-1.29819 5.16176 52.9956
255 255 255
3 11 10837 878.972 1255.49 12 7621 604.203 1251.31 19 9688 634.509 1247.2 
-2.26238 5.03962 52.5237
255 255 255
4 11 10843 781.878 1264.23 13 14337 885.532 1282.11 18 15912 1057.69 1276.72 22 14711 950.902 1278.73 
-3.10976 5.26084 53.0419
255 255 255
2 11 10866 731.493 1282.09 13 14371 825.027 1304.45 
-3.8555 5.19322 52.3891
255 255 255
3 11 10886 646.288 1297.81 18 15961 917.831 1315.67 22 14755 810.603 1314.17 
-3.54525 5.20995 52.2174
255 255 255
3 11 10887 665.968 1300.38 13 14390 774.087 1316.93 22 14756 836.443 1314.97 
-3.56359 5.60139 52.3054
255 255 255
2 11 10951 673.541 1333.71 22 14818 840.768 1349.72 
-3.34168 5.71489 52.257
255 255 255
3 11 10965 692.8 1342.45 13 14465 797.703 1360.33 18 16028 971.472 1358.42 
-3.12505 5.75481 52.2306
255 255 255
2 11 10968 709.796 1345.13 22 14829 880.777 1359.35 
-3.4448 5.73468 52.152
255 255 255
2 11 10972 680.021 1348.55 22 14834 851.607 1362.35 
-6.19591 5.6632 52.9717
255 255 255
4 6 2436 1456.6 1360.81 11 10977 484.372 1354.66 14 11817 1460.15 1370.09 21 9393 1448.28 1346.92 
-6.17205 6.00447 52.8897
255 255 255
2 11 11005 488.372 1383.96 14 11838 1464.1 1404.19 
-3.73412 6.17618 52.0416
255 255 255
2 11 11013 658.672 1393.57 22 14872 830.602 1408.96 
-3.77433 6.58406 51.9471
255 255 255
3 11 11047 658.138 1434.08 13 14542 767.921 1447.24 22 14908 831.837 1450.58 
-3.47995 7.91553 51.7686
255 255 255
4 11 11131 696.57 1559.52 13 14641 810.63 1570.81 18 16167 988.419 1571.75 22 14977 872.742 1570.75 
-3.1033 8.01714 51.8025
255 255 255
4 11 11137 731.425 1564.95 13 14648 845.234 1575.59 18 16170 1023.77 1575.54 22 14980 908.353 1573.58 
-7.0288 9.28154 52.0288
255 255 255
3 11 11258 432.829 1711.49 14 12048 1492.18 1709.48 21 9602 1484.01 1679.47 
-3.43109 9.61844 51.4739
255 255 255
4 11 11270 716.775 1726.17 13 14777 834.154 1733.25 18 16296 1015.85 1735.66 22 15090 897.631 1732.4 
-6.85912 9.80674 51.7394
255 255 255
3 11 11294 443.595 1762.82 14 12087 1514.51 1756.27 21 9634 1506.57 1723.95 
-7.35983 9.94627 51.9259
255 255 255
3 11 11302 412.094 1775.51 14 12096 1489 1777.39 21 9645 1482.55 1746.11 
-7.74973 11.0013 51.7149
255 255 255
4 11 11406 387.709 1880.03 14 12171 1489.84 1881.8 16 10754 1569.46 1843.49 21 9723 1485.66 1848.31 
-5.97717 11.664 51.1806
255 255 255
4 11 11485 522.315 1944.54 13 14911 633.404 1952.8 18 16438 809.052 1968.53 22 15217 692.365 1954.29 
-5.73084 11.8897 51.2577
255 255 255
5 10 12841 889.361 1988.83 11 11503 548.519 1962.8 13 14937 659.609 1968.85 18 16459 834.58 1982.68 22 15238 720.209 1970.58 
-5.75847 11.8157 50.9404
255 255 255
2 11 11506 534.02 1964.07 22 15243 710.881 1973.75 
-5.81775 11.9542 51.0521
255 255 255
2 11 11517 535.384 1974.69 22 15253 708.702 1982.77 
-1.8908 4.93373 53.2141
255 255 255
2 11 12162 832.984 1237.98 13 15661 927.734 1255.88 
-1.97543 5.00391 52.5776
255 255 255
2 11 12168 806.464 1257.17 13 15667 912.724 1273.38 
-2.50523 4.98237 52.3482
255 255 255
2 11 12172 753.982 1265.5 13 15670 863.084 1281.45 
-2.38505 5.25952 52.9007
255 255 255
2 11 12181 786.797 1277.49 13 15679 885.24 1297.48 
-3.78442 5.12408 52.4343
255 255 255
4 11 12188 652.93 1289.45 13 15688 754.948 1308.51 18 17283 923.167 1308.2 22 16003 816.863 1306.02 
-3.2834 5.43117 52.3771
255 255 255
3 11 12208 697.189 1312.96 18 17292 972.737 1329.77 22 16021 862.796 1329.89 
-2.56737 6.12919 52.2722
255 255 255
2 11 12230 763.665 1373.76 13 15728 872.653 1387.33 
-6.16159 6.02093 52.8851
255 255 255
2 11 12233 489.175 1386.12 14 13046 1464.46 1404.69 
-3.64639 6.37295 52.0583
255 255 255
2 11 12241 669.486 1411.29 22 16047 841.077 1424.75 
-3.48295 6.69428 51.9986
255 255 255
4 11 12252 685.907 1440.71 13 15747 796.503 1455.09 18 17329 971.648 1454.94 22 16052 858.87 1453.56 
-3.22363 7.48512 51.8538
255 255 255
4 11 12266 715.625 1514.17 13 15772 827.109 1528.29 18 17343 1006.84 1526.34 22 16065 890.023 1526.19 
-3.5164 8.43755 51.7168
255 255 255
4 11 12290 699.676 1611.29 13 15793 813.643 1619.83 18 17369 991.965 1622.03 22 16094 876.242 1618.19 
-3.59411 8.78876 51.5975
255 255 255
4 11 12300 694.438 1643.49 13 15801 809.843 1656.17 18 17376 989.533 1659.39 22 16101 873.291 1657.09 
-3.56809 8.90452 51.5757
255 255 255
3 11 12305 697.614 1655.22 13 15803 813.791 1668.59 18 17382 993.56 1670.42 
-7.6775 10.9869 51.7416
255 255 255
4 11 12377 394.235 1877.33 14 13187 1489.84 1877.5 16 11703 1566.12 1840.48 21 10597 1485.16 1844.77 
-3.57487 5.34822 52.6135
255 255 255
2 11 12715 679.659 1304.23 13 16253 779.595 1323.95 
-3.08154 5.66696 52.2102
255 255 255
2 11 12731 711.366 1337.27 13 16266 820.356 1353 
-2.99783 5.89531 52.6972
255 255 255
2 11 12735 738.657 1345.58 13 16271 838.143 1365.85 
-2.60212 6.82098 52.1325
255 255 255
2 11 12768 766.607 1441.67 13 16297 877.354 1452.93 
-3.42511 7.65411 51.796
255 255 255
4 11 12793 697.451 1535.34 13 16318 813.274 1544.47 18 17871 989.401 1546.42 22 16560 874.588 1545.42 
-3.63749 10.2541 51.2591
255 255 255
2 11 12860 701.534 1794.52 13 16345 821.474 1798.79 
-5.89985 11.2943 51.5734
255 255 255
2 13 16362 642.409 1905.8 22 16605 698.983 1908.9 
-5.46722 18.1697 49.8889
255 255 255
4 11 13019 621.201 2596.65 13 16488 749.981 2581.07 18 18050 946.359 2601.69 22 16723 811.447 2585.06 
-2.98727 4.72758 52.5994
255 255 255
2 11 13044 718.516 1241.6 22 16768 882.81 1259.29 
-2.63882 6.76106 52.3157
255 255 255
2 11 13066 768.951 1430.74 13 16554 875.82 1445.99 
-3.69638 7.17987 51.8596
255 255 255
4 11 13072 670.58 1490.41 13 16558 782.171 1505.03 18 18100 959.106 1505.53 22 16785 844.928 1503.36 
-2.10085 4.67507 52.6644
255 255 255
3 12 872 528.077 1218.89 18 2361 1066.23 1239.52 22 2219 960.545 1242.16 
-7.21226 15.699 50.7494
255 255 255
2 12 1880 272.225 2265.33 19 2349 287.459 2255.47 
-9.83657 17.9601 51.2606
255 255 255
2 12 1972 197.513 2433.32 19 5294 198.909 2422.52 
-5.26436 17.3943 50.0194
255 255 255
2 12 1990 361.561 2451.63 19 2469 390.151 2438.2 
-7.53787 17.9875 50.5294
255 255 255
2 12 2005 274.571 2473.15 19 2493 289.875 2461.07 
-2.10373 4.28006 52.7161
255 255 255
4 12 2829 525.265 1182.91 13 5964 893.701 1208.05 18 6824 1060.6 1202.83 22 6204 955.402 1205.84 
-1.97146 4.45691 52.7461
255 255 255
2 12 2844 537.789 1197.8 22 6232 969.39 1219.03 
-2.1515 4.62162 52.6405
255 255 255
4 12 2861 522.638 1216.35 13 6007 893.138 1240.08 18 6887 1061.16 1235.47 22 6256 955.118 1237.61 
-4.87685 11.7693 51.1101
255 255 255
2 12 3541 369.269 1908.01 19 4578 392.892 1899.1 
-6.61389 15.5544 50.8007
255 255 255
2 12 3984 307.07 2254.24 19 5075 324.908 2242.79 
-7.83487 16.0034 50.7866
255 255 255
2 12 4042 244.847 2288.1 19 5137 257.034 2278.82 
-1.36659 3.57901 52.8239
255 255 255
2 12 4853 565.846 1110.93 19 6446 594.676 1108.13 
-2.13003 4.45706 52.6739
255 255 255
4 12 4934 523.622 1200.57 13 9822 893.17 1224.61 18 11094 1060.79 1219.44 22 10095 955.127 1222.54 
-1.77882 5.25037 52.7268
255 255 255
2 12 4998 560.101 1267.08 18 11193 1101.86 1285.73 
-3.5248 5.75285 52.2819
255 255 255
3 12 5076 435.816 1332.05 18 11314 955.441 1364.78 22 10295 845.209 1363.79 
-3.71375 6.70767 52.2291
255 255 255
2 13 12794 780.554 1457.32 22 14904 840.621 1449.07 
-9.64202 17.4212 71.9306
255 255 255
2 12 5692 1267.71 1908.34 19 7228 1185.87 1879.08 
-10.0472 17.8234 72.2073
255 255 255
2 12 5723 1263.32 1930.14 19 7254 1179.71 1901.27 
-5.84049 13.5111 50.8772
255 255 255
2 12 5904 324.849 2070.07 19 7493 345.335 2062.04 
-0.134393 1.17039 53.8254
255 255 255
3 12 6500 667.014 868.404 13 12297 1032.73 893.914 22 12613 1092.11 893.418 
-2.20497 4.88857 52.5953
255 255 255
4 12 6662 520.718 1240.25 13 12611 891.27 1265.78 18 14099 1060.52 1261.32 22 12941 953.291 1263.74 
-2.422 4.93321 52.4414
255 255 255
2 12 6671 498.454 1249.17 13 12627 870.932 1274.79 
-1.96369 5.05545 52.6375
255 255 255
2 12 6677 540.284 1252.58 18 14109 1083.56 1272.22 
-9.72983 17.4224 71.9867
255 255 255
2 12 7022 1265.47 1907.4 19 8848 1183.3 1878.29 
-5.52434 13.582 50.8202
255 255 255
2 12 7137 340.248 2078.79 19 8985 362.561 2070.17 
-5.86638 13.6838 50.8593
255 255 255
2 12 7144 324.787 2086.37 19 8989 345.334 2077.6 
-6.07128 13.9697 50.8963
255 255 255
2 12 7163 319.947 2110.89 19 9008 339.44 2101.51 
-4.57243 16.3006 50.7208
255 255 255
2 12 7258 432.825 2332.97 19 9117 460.48 2320.76 
-1.16555 4.73332 52.6663
255 255 255
2 12 7590 585.464 1215.79 19 9655 616.258 1211.76 
-1.89147 4.91529 52.7461
255 255 255
4 12 7604 549.953 1236.49 13 14315 920.128 1262.36 18 15891 1088.93 1256.41 22 14689 981.513 1260.42 
-2.62581 4.92247 52.3028
255 255 255
3 12 7626 477.068 1253.68 18 15908 1024.13 1274.28 22 14707 915.401 1276.14 
-1.25197 5.49086 52.6713
255 255 255
2 12 7677 592.17 1285.74 19 9739 622.678 1280.67 
-2.02019 6.74362 52.3409
255 255 255
2 12 7766 543.366 1411.72 19 9823 572.467 1406.16 
-2.23787 6.96273 52.211
255 255 255
2 12 7781 525.129 1435.4 19 9836 553.974 1430.18 
-1.81943 7.89006 52.7938
255 255 255
2 12 7816 602.607 1507.22 19 9869 630.172 1499.58 
-3.24342 7.81679 51.9015
255 255 255
2 12 7829 457.714 1525.54 19 9879 483.909 1519.42 
-2.85619 9.62187 51.4277
255 255 255
2 12 7947 477.145 1699.5 19 9971 508.004 1692.16 
-3.23452 9.73995 51.492
255 255 255
4 12 7949 460.406 1709.74 13 14779 853.905 1741.87 18 16305 1035.08 1744.3 22 15093 917.039 1739.91 
-2.07324 3.96008 52.7768
255 255 255
3 12 8493 526.3 1151.84 18 17231 1058.97 1173.59 22 15951 954.64 1176.22 
-1.40156 4.94511 52.6503
255 255 255
2 12 8512 573.326 1237.44 19 10634 603.183 1233.36 
-2.27202 4.92872 52.5472
255 255 255
2 12 8515 514.165 1244.91 22 15983 947.751 1269.47 
-2.01539 5.02026 52.6492
255 255 255
3 12 8518 537.614 1249.43 18 17260 1079.37 1269.3 22 15984 971.089 1272.85 
-1.58298 6.41132 52.5901
255 255 255
2 12 8570 581.22 1371.48 19 10685 610.309 1370.54 
-3.41633 7.68607 51.7267
255 255 255
2 12 8605 433.799 1519.76 19 10716 460.508 1510.28 
-2.22616 9.64713 52.2895
255 255 255
2 12 8655 572.638 1681.75 19 10759 601.593 1671.41 
-3.32226 12.9236 51.2762
255 255 255
2 12 8740 490.996 2010.66 19 10853 521.094 1998.72 
-2.85252 7.46112 51.7032
255 255 255
2 12 9005 462.383 1495.11 19 11129 491.494 1488.46 
-3.49693 8.5338 51.7586
255 255 255
2 12 9035 444.327 1593.22 19 11153 469.891 1590.19 
-2.14724 9.28743 52.2428
255 255 255
2 12 9047 568.858 1648.28 19 11168 598.209 1640.3 
-5.9762 11.7227 51.3675
255 255 255
2 12 9099 322.86 1897.58 19 11221 339.966 1889.8 
-3.63761 9.64132 51.2961
255 255 255
2 12 9238 421.846 1707.03 19 11350 449.896 1699.26 
-3.12369 10.7353 51.5041
255 255 255
2 12 9286 483.667 1800.07 19 11411 512.726 1794.56 
-2.05653 4.40972 52.7226
255 255 255
3 12 9949 530.501 1194.67 13 18257 899.342 1218.46 22 18521 961.217 1216.68 
-1.28915 -6.829 61.4509
255 255 255
2 13 18 928.211 234.685 22 18 946.049 239.063 
-1.10351 -6.75849 61.3097
255 255 255
2 13 19 940.905 237.421 22 19 959.601 241.967 
-2.28815 -6.88501 62.0709
255 255 255
3 13 24 862.768 243.414 18 23 886.448 233.294 22 21 877.217 246.897 
-1.04243 -6.63539 61.3434
255 255 255
3 13 26 947.172 245.826 18 28 983.224 237.271 22 24 965.621 250.541 
-1.20117 -6.57768 61.3955
255 255 255
3 13 29 936.764 252.093 18 39 971.77 243.412 22 27 955.118 256.541 
-2.50411 -6.68303 61.8465
255 255 255
2 13 36 847.115 260.708 22 35 861.58 263.571 
6.19864 -4.15547 57.6958
255 255 255
2 13 140 1506.73 344.165 22 110 1544.73 355.015 
6.82782 -3.90293 58.1793
255 255 255
2 13 177 1561.52 355.813 22 142 1595.58 367.774 
-4.14375 -5.55856 60.8254
255 255 255
2 13 190 727.539 363.059 22 128 744.895 364.057 
7.31835 -3.61336 58.7106
255 255 255
3 13 211 1605.22 372.17 18 198 1673.12 376.117 22 174 1634.85 384.823 
6.99291 -3.58197 58.4344
255 255 255
2 13 223 1579.5 379.025 22 182 1611.37 391.151 
-5.61129 -5.51147 61.7452
255 255 255
2 13 228 636.884 382.889 22 4413 647.245 383.442 
5.84311 -3.55725 57.6863
255 255 255
2 13 255 1486.57 396.799 22 204 1524.14 407.118 
2.93292 -4.04465 56.3607
255 255 255
2 13 257 1238.6 397.579 22 194 1286.6 402.915 
5.90618 -3.52794 57.7444
255 255 255
2 13 258 1492.2 398.309 22 208 1529.3 408.617 
3.91384 -3.82234 56.1285
255 255 255
2 13 273 1320.01 402.932 22 211 1369.28 409.888 
5.93748 -3.45194 57.8496
255 255 255
2 13 280 1496.04 403.732 18 260 1581 405.321 
5.12186 -3.4317 57.3085
255 255 255
3 13 312 1429.17 417.068 18 294 1524.65 416.48 22 246 1469.37 426.019 
5.19586 -3.41595 57.388
255 255 255
2 13 313 1435.61 417.304 22 247 1475.31 426.154 
5.02271 -3.35561 57.2741
255 255 255
2 13 331 1422.06 424.447 22 259 1462.57 433.407 
5.06279 -3.28649 57.4259
255 255 255
3 13 340 1426.75 429.193 18 318 1520.13 429.052 22 267 1466.35 438.012 
4.88321 -3.27286 57.2984
255 255 255
3 13 346 1412.12 432.936 18 322 1507.87 432.2 22 272 1452.3 441.54 
4.80925 -3.24843 57.2502
255 255 255
3 13 351 1406.43 436.032 18 334 1503.02 434.953 22 277 1446.61 444.527 
4.82253 -3.19734 57.319
255 255 255
2 13 357 1408.34 439.969 22 285 1448.41 448.258 
4.71133 -3.17849 57.3381
255 255 255
2 13 365 1399.72 442.784 22 293 1439.71 451.162 
4.77014 -3.15148 57.3083
255 255 255
2 13 368 1404.71 444.322 22 298 1444.83 452.655 
-2.44444 -4.20351 57.2232
255 255 255
2 13 385 818.634 452.446 22 295 858.222 452.337 
4.28647 -3.07212 57.0922
255 255 255
2 13 399 1365.87 457.665 22 327 1407.5 465.029 
3.68923 -3.1513 56.5841
255 255 255
2 13 405 1313.71 460.149 22 332 1359.06 466.764 
-2.072 -4.02953 57.3413
255 255 255
2 13 407 851.458 461.183 22 315 890.494 461.855 
4.24191 -3.02048 57.0651
255 255 255
2 13 411 1362.85 462.428 22 339 1404.63 469.874 
7.90048 -2.36843 58.9816
255 255 255
2 13 417 1668.92 463.101 22 361 1694.81 475.335 
3.9327 -3.01766 56.9183
255 255 255
3 13 426 1337.3 467.181 18 400 1440.27 464.305 22 354 1379.8 473.903 
-8.42896 -4.77222 62.5643
255 255 255
2 13 427 461.069 468.309 22 329 461.801 465.779 
5.58547 -2.71968 57.3602
255 255 255
2 13 429 1476.72 468.668 22 371 1515.52 477.829 
3.8608 -2.98362 56.8978
255 255 255
3 13 433 1331.64 470.854 18 409 1435.06 468.075 22 367 1374.8 477.52 
3.63855 -2.95802 56.7681
255 255 255
2 13 445 1313.36 476.187 22 382 1357.22 482.665 
4.3522 -2.83852 57.0944
255 255 255
2 13 446 1374.43 475.781 22 383 1415.74 483.203 
3.48136 -2.98154 56.6368
255 255 255
2 13 451 1299.52 476.678 22 381 1344.33 482.908 
8.14892 -2.12755 59.2198
255 255 255
2 13 454 1691.81 478.142 22 398 1715.68 491.138 
3.69022 -2.90383 56.804
255 255 255
3 13 462 1318.51 479.853 18 434 1423.55 476.618 22 388 1362.02 486.348 
5.20637 -2.62659 57.2017
255 255 255
2 13 468 1446.89 481.737 22 392 1486.82 490.023 
3.59465 -2.88363 56.714
255 255 255
3 13 471 1310.52 483.126 18 439 1417.17 479.421 22 390 1354.67 489.381 
3.29097 -2.91799 56.5727
255 255 255
2 13 477 1284.56 484.535 22 391 1329.76 490.513 
5.13998 -2.60331 57.1189
255 255 255
2 13 478 1441.55 484.691 22 408 1482.05 492.941 
3.4223 -2.87561 56.6869
255 255 255
2 13 483 1296.51 486.02 22 403 1340.85 492.078 
3.48348 -2.84847 56.6984
255 255 255
2 13 486 1301.91 487.409 22 412 1346.13 493.546 
5.06074 -2.51246 57.094
255 255 255
2 13 506 1436.32 493.222 22 435 1476.91 501.29 
-1.38865 -3.53829 56.4681
255 255 255
2 13 514 899.648 494.482 22 416 944.537 495.43 
3.26729 -2.78644 56.5953
255 255 255
2 13 516 1284.6 495.555 22 434 1329.49 501.489 
-4.47214 -3.89423 58.416
255 255 255
3 13 519 684.806 498.522 18 468 753.994 486.804 22 424 714.602 497.646 
-4.91878 -3.94555 58.7458
255 255 255
2 13 523 656.14 499.01 22 423 682.902 497.989 
-4.352 -3.8677 58.1349
255 255 255
2 13 529 689.898 500.679 22 429 720.971 498.562 
4.82432 -2.42579 57.1209
255 255 255
2 13 538 1418.48 503.199 22 472 1458.91 511.089 
-1.30988 -3.26663 56.0754
255 255 255
2 13 575 904.258 517.022 22 487 951.557 517.708 
-5.10012 -3.70515 57.8428
255 255 255
2 13 594 629.886 523.313 22 494 661.578 520.972 
-3.96192 -3.51548 57.5781
255 255 255
3 13 602 714.828 524.709 18 544 798.761 513.742 22 502 749.864 524.007 
-3.89752 -3.47888 57.5106
255 255 255
2 13 610 719.244 527.27 22 512 754.531 526.477 
-4.33078 -3.52955 57.662
255 255 255
2 13 615 687.761 528.165 22 4754 721.544 526.841 
-5.3924 -3.65044 58.4902
255 255 255
2 13 619 619.61 528.558 22 519 646.897 526.975 
-3.84377 -3.41365 57.3566
255 255 255
2 13 635 721.743 532.555 22 533 757.972 531.344 
-4.17334 -3.44056 57.4757
255 255 255
2 13 639 697.868 533.816 22 541 732.976 532.843 
-3.92339 -3.355 57.3141
255 255 255
2 13 649 715.595 538.201 22 548 751.962 537.263 
-3.6193 -3.2882 57.0459
255 255 255
2 13 656 735.738 540.851 22 555 774.141 539.937 
-1.7613 -3.03792 56.0965
255 255 255
2 13 658 871.376 541.385 22 562 917.881 541.809 
-1.50035 -2.99739 55.9955
255 255 255
2 13 662 891.429 541.969 22 563 938.781 542.211 
-2.20817 -3.05971 56.3432
255 255 255
2 13 666 838.972 544.399 22 567 883.374 544.341 
-1.70974 -3.00107 56.0855
255 255 255
2 13 668 875.825 543.846 22 568 922.402 544.208 
-2.40172 -2.97676 56.2933
255 255 255
2 13 695 823.937 553.824 22 587 868.378 553.559 
-2.35402 -2.90663 56.1988
255 255 255
2 13 713 827.261 559.499 22 606 872.281 558.929 
-6.71383 -3.42275 58.7489
255 255 255
2 13 719 527.869 561.272 22 604 551.188 558.528 
-2.30845 -2.8593 56.2536
255 255 255
2 13 723 832.28 562.544 22 614 876.929 562.071 
1.14354 -2.18568 54.9245
255 255 255
2 13 770 1105.28 580.11 22 656 1160.89 582.279 
-1.60891 -2.53213 55.6502
255 255 255
2 13 778 884.026 583.044 22 661 933.168 583.421 
0.529153 -2.09389 55.0293
255 255 255
2 13 815 1056.8 595.399 22 697 1111.28 596.913 
-6.18047 -2.87992 57.5404
255 255 255
2 13 839 551.658 602.733 22 701 582.642 600.04 
-6.12247 -2.83867 57.5379
255 255 255
2 13 842 556.512 605.164 22 709 587.597 602.827 
-1.26348 -2.09804 55.325
255 255 255
2 13 863 913.336 616.444 22 740 964.548 616.844 
-6.05044 -2.67892 57.2381
255 255 255
2 13 867 558.283 618.546 22 737 591.182 616.09 
8.63413 -0.107553 60.3279
255 255 255
2 13 888 1756.79 626.941 22 793 1770.62 638.648 
-0.107404 -1.70327 54.8355
255 255 255
2 13 916 1007.35 637.591 22 788 1062.43 638.58 
0.0520237 -1.69341 54.8323
255 255 255
3 13 917 1020.63 636.786 18 819 1158.97 627.589 22 789 1075.85 637.589 
1.90397 -1.3641 55.2719
255 255 255
2 13 924 1182.84 637.609 22 795 1235.19 640.738 
-4.40439 -2.19 56.1838
255 255 255
3 13 941 673.409 643.689 18 833 777.789 633.172 22 798 715.236 641.793 
-5.93429 -2.32183 56.7967
255 255 255
2 13 949 563.154 648.083 22 808 598.676 645.769 
-3.57158 -1.97258 55.7666
255 255 255
3 13 961 735.116 653.608 18 865 849.336 643.705 22 826 781.133 652.085 
-0.0301131 -1.46753 54.7121
255 255 255
2 13 971 1015.53 657.426 22 838 1071.25 658.18 
-1.14381 -1.59721 55.026
255 255 255
2 13 974 925.801 658.64 22 843 978.652 658.995 
-1.04778 -1.56317 54.9267
255 255 255
2 13 980 932.859 661.063 22 848 986.424 661.116 
-0.000315885 -1.16955 54.5438
255 255 255
2 13 1013 1020.15 683.682 22 896 1076.72 683.955 
-1.21243 -1.30465 54.8675
255 255 255
2 13 1018 921.993 685.398 22 900 975.541 685.254 
-0.112237 -1.16369 54.6047
255 255 255
2 13 1019 1011.6 684.972 22 906 1067.7 685.666 
1.45827 -0.478565 54.899
255 255 255
2 13 1132 1154.92 721.306 22 1010 1208.7 722.785 
-2.0964 -0.782013 54.6867
255 255 255
2 13 1201 853.687 742.217 22 1065 907.077 741.289 
-2.2466 -0.787666 54.7462
255 255 255
2 13 1204 842.136 743.217 22 1067 894.94 742.124 
-5.81595 -1.16237 55.7269
255 255 255
2 13 1217 566.064 748.664 22 1079 607.414 745.528 
0.4125 -0.328314 54.2781
255 255 255
2 13 1229 1063.29 752.264 22 1101 1121.06 752.888 
-5.96076 -1.01513 55.796
255 255 255
2 13 1251 557.72 761.882 22 1114 598.224 759.029 
-4.67328 -0.715965 54.7481
255 255 255
2 13 1286 644.909 779.686 22 1154 694.339 776.902 
-3.80974 -0.51014 54.4293
255 255 255
3 13 1306 712.325 788.949 18 1254 848.17 780.359 22 1183 765.215 786.715 
-4.66291 -0.555783 54.6802
255 255 255
2 13 1313 646.552 793.702 22 1187 696.284 790.836 
-4.43595 -0.41081 54.6162
255 255 255
3 13 1337 665.829 803.512 18 1298 795.876 795.191 22 1210 715.914 801.094 
-0.465179 0.133712 54.182
255 255 255
2 13 1341 994.889 804.276 22 1219 1052.26 803.834 
0.500618 0.297901 54.1853
255 255 255
2 13 1346 1078.43 805.914 22 1223 1136.18 806.499 
-4.56007 -0.369595 54.6402
255 255 255
3 13 1353 656.586 808.777 18 1313 785.696 799.606 22 1222 706.515 805.901 
-4.66787 -0.362758 54.5722
255 255 255
2 13 1358 646.622 810.941 22 1227 696.905 808.273 
-3.47454 -0.140696 54.0622
255 255 255
2 13 1379 738.575 819.647 22 1259 794.028 817.518 
-4.57991 -0.111559 54.5129
255 255 255
2 13 1405 655.939 831.819 22 1288 706.476 828.995 
0.45186 0.603199 54.0946
255 255 255
2 13 1409 1077.64 834.005 22 1302 1135.63 834.065 
0.232968 0.584735 54.1279
255 255 255
3 13 1415 1059.15 834.672 18 1371 1207.72 826.939 22 1307 1117.07 834.778 
-3.35931 0.153397 53.9169
255 255 255
3 13 1438 749.559 844.88 18 1402 895.65 836.93 22 1318 805.919 842.645 
-6.62567 -0.0694462 55.5407
255 255 255
2 13 1453 511.497 850.277 22 1331 551.415 847.29 
-0.0612711 0.753485 53.9212
255 255 255
3 13 1469 1034.35 854.992 18 1427 1186.37 847.313 22 1354 1093.36 854.977 
-0.634301 0.674658 53.8379
255 255 255
2 13 1470 983.873 856.43 22 1357 1043.05 855.905 
0.00725512 0.782304 53.9681
255 255 255
2 13 1471 1041.16 856.441 22 1358 1099.64 856.136 
-0.541831 0.77871 53.9238
255 255 255
2 13 1487 994.187 863.521 22 1376 1052.65 862.892 
-0.253182 0.825762 53.8922
255 255 255
2 13 1488 1018.85 864.209 22 1381 1077.7 863.87 
-6.69537 0.115935 55.4808
255 255 255
3 13 1498 506.942 866.827 18 1471 611.567 860.684 22 1378 547.068 864.185 
0.935983 1.17011 54.8131
255 255 255
2 13 1500 1133.43 869.215 22 1406 1185.75 870.615 
-6.56982 0.164643 55.4536
255 255 255
3 13 1502 516.886 869.75 18 1477 622.554 863.375 22 1391 557.606 867.146 
-0.448523 0.870481 53.8274
255 255 255
2 13 1507 1002.19 871.432 22 1403 1061.3 870.56 
-0.227039 0.896401 53.8378
255 255 255
3 13 1508 1021.51 870.612 18 1474 1174.68 862.401 22 1404 1080.43 870.302 
-0.741095 0.867696 53.8583
255 255 255
2 13 1519 977.788 874.715 18 1485 1129.96 866.102 
-3.45854 0.547806 53.7181
255 255 255
2 13 1534 743.195 882.338 22 1429 800.357 879.872 
-3.67185 0.54468 53.8122
255 255 255
2 13 1536 726.974 883.765 22 1435 783.146 881.172 
-5.74932 0.557285 55.2441
255 255 255
2 13 1556 583.333 894.945 22 1460 626.179 892.509 
-5.92012 0.571347 55.2225
255 255 255
2 13 1558 569.373 898.306 22 1466 612.058 895.954 
-7.28727 0.429356 55.5036
255 255 255
2 13 1564 464.297 899.635 22 1470 502.636 897.015 
-6.12638 0.669256 55.144
255 255 255
2 13 1584 552.492 909.763 22 1494 595.224 907.39 
-3.40423 0.886526 53.6112
255 255 255
2 13 1590 750.416 912.024 22 1502 808.082 909.917 
-5.86976 0.813176 55.1804
255 255 255
2 13 1598 575.622 918.464 22 1511 618.406 916.098 
-9.99605 0.845014 57.8605
255 255 255
2 13 1628 312 939.376 22 1549 329.435 937.228 
-8.04266 1.0023 55.752
255 255 255
3 13 1657 416.73 953.194 18 1662 509.02 949.845 22 1583 451.714 950.595 
-1.46841 1.59702 53.2545
255 255 255
3 13 1662 918.079 953.905 18 1657 1079.89 947.086 22 1587 980.094 952.484 
-7.85938 1.06261 55.7081
255 255 255
3 13 1666 430.695 956.66 18 6220 524.738 953.26 22 1591 466.936 953.892 
0.235782 2.12103 54.7786
255 255 255
2 13 1680 1087.71 960.087 22 1611 1138.81 960.541 
-8.45826 1.11092 55.8224
255 255 255
2 13 1693 387.117 966.081 22 1621 420.137 963.593 
-3.52298 1.50578 53.4023
255 255 255
2 13 1699 745.191 969.978 22 1626 803.497 967.612 
-2.02768 1.70571 53.1813
255 255 255
3 13 1704 871.133 971.576 18 1707 1032.98 964.616 22 1632 932.332 969.769 
0.14698 2.29364 54.7636
255 255 255
2 13 1715 1082.51 976.18 22 1654 1133.47 976.587 
-7.79101 1.30091 55.5563
255 255 255
3 13 1717 435.992 976.87 18 1735 532.662 974.795 22 1646 472.278 974.852 
-7.86757 1.31521 55.5526
255 255 255
2 13 1722 430.144 979.31 22 1651 465.989 977.043 
-3.73372 1.69738 53.373
255 255 255
2 13 1742 729.519 989.68 22 1679 787.516 987.243 
0.107541 2.46132 54.7207
255 255 255
2 13 1748 1081.08 991.603 22 1689 1132.13 991.978 
-4.41114 1.893 53.5377
255 255 255
2 13 1785 678.216 1012.9 22 1728 733.742 1010.33 
-6.21377 2.02483 54.6276
255 255 255
2 13 1818 552.206 1031.77 22 1763 596.681 1028.68 
-7.88427 2.08549 55.2987
255 255 255
2 13 1848 432.654 1046.74 22 1790 469.288 1044.87 
-0.0136877 3.11343 54.4598
255 255 255
2 13 1854 1077.21 1052.84 22 1801 1129.29 1052.9 
-9.37199 2.18006 56.0063
255 255 255
2 13 1863 332.574 1061.93 22 1814 361.198 1060.26 
-6.27627 2.38228 54.4829
255 255 255
2 13 1867 548.696 1064.39 22 1821 593.734 1062.26 
-6.17983 2.4212 54.408
255 255 255
2 13 1878 555.569 1067.79 22 1829 601.228 1065.31 
-4.35258 2.50436 53.2946
255 255 255
2 13 1882 686.805 1068.71 22 1833 743.534 1066.52 
-6.30565 2.43986 54.3911
255 255 255
3 13 1886 545.186 1070.94 18 1957 668.524 1068.79 22 1841 590.711 1068.9 
-9.36584 2.31551 55.9855
255 255 255
2 13 1889 334.192 1073.38 22 1848 362.795 1071.57 
-6.52419 2.45797 54.4939
255 255 255
2 13 1893 529.694 1073.56 22 1846 574.088 1071.42 
-4.26263 2.59276 53.2303
255 255 255
3 13 1897 694.483 1076.27 18 1965 847.805 1072.22 22 1854 751.503 1074.11 
-4.14667 2.58817 53.1622
255 255 255
3 13 1898 702.823 1075.8 18 1961 857.923 1071 22 1851 760.977 1073.18 
-9.06991 2.37712 55.8065
255 255 255
2 13 1899 353.919 1077.42 22 1859 384.311 1075.94 
-2.60953 2.77784 52.9437
255 255 255
3 13 1902 832.612 1076.94 18 1962 996.347 1070.89 22 1858 893.707 1074.61 
-0.153908 3.40684 54.2346
255 255 255
2 13 1915 1067.05 1083.19 22 1875 1120.34 1083.04 
-8.03292 2.5027 55.2191
255 255 255
2 13 1918 424.193 1084.49 22 1873 460.543 1082.56 
-8.12967 2.58293 55.2965
255 255 255
2 13 1931 419.202 1091.42 22 1890 454.708 1089.15 
-6.27246 2.66582 54.3084
255 255 255
2 13 1932 549.109 1091.13 22 1891 595.009 1088.75 
-8.0233 2.59637 55.1997
255 255 255
2 13 1933 425.692 1092.59 22 1894 462.069 1090.51 
-6.00997 2.73005 54.2384
255 255 255
3 13 1935 569.697 1094.32 18 2019 696.979 1092.9 22 1896 617.352 1092.34 
-8.21478 2.62462 55.276
255 255 255
2 13 1940 412.465 1095.9 22 1900 447.915 1094.12 
-0.220016 3.53796 54.1439
255 255 255
2 13 1942 1062.31 1096.87 22 1904 1116.04 1096.36 
-4.33253 2.87248 53.1663
255 255 255
2 13 1946 691.099 1102.78 22 1909 748.35 1100.32 
-4.04628 3.05786 52.9612
255 255 255
2 13 1967 714.138 1118.63 22 1930 773.171 1116.44 
-6.03499 3.03502 54.002
255 255 255
2 13 1973 567.17 1124.51 22 1942 615.248 1122.24 
-6.07673 3.08826 53.9715
255 255 255
2 13 1985 563.81 1130.09 22 1954 611.951 1127.72 
-0.329936 3.88811 54.0498
255 255 255
2 13 1986 1056.86 1130.32 22 1960 1110.76 1129.4 
-5.94529 3.11508 53.9529
255 255 255
2 13 1987 574.601 1130.91 22 1958 623.143 1129.06 
-0.385476 3.9518 54.0502
255 255 255
2 13 1995 1053.02 1136.39 22 1974 1106.84 1135.77 
-8.18426 3.09728 55.0886
255 255 255
2 13 1997 416.505 1137.53 22 1976 452.791 1136.58 
-5.83461 3.26574 53.8845
255 255 255
2 13 2018 584.342 1143.72 22 1993 633.396 1141.83 
-0.498774 4.03837 54.0193
255 255 255
2 13 2023 1044.28 1146.01 22 2006 1098.11 1144.92 
-8.21236 3.19972 55.0522
255 255 255
2 13 2024 414.725 1147.12 22 2008 451.048 1145.95 
-1.69409 3.68618 52.9105
255 255 255
2 13 2026 923.17 1146.86 22 2005 984.785 1144.93 
-2.51606 3.62846 52.7429
255 255 255
2 13 2041 849.122 1154.11 22 2028 911.249 1152.44 
-0.425721 4.14602 54.0661
255 255 255
2 13 2042 1052.51 1153.75 22 2033 1105.92 1152.81 
-8.20812 3.29933 55.0095
255 255 255
3 13 2052 415.179 1155.93 18 2176 517.06 1159.23 22 2037 452.11 1154.78 
-2.74453 3.61213 52.6729
255 255 255
3 13 2057 828.165 1156.69 18 2162 995.925 1151.98 22 2039 890.545 1154.51 
-8.34301 3.32549 55.1048
255 255 255
2 13 2059 407.007 1158.27 22 2042 442.567 1157.32 
-5.78008 3.51083 53.7153
255 255 255
3 13 2084 588.611 1167.03 18 2202 725.661 1166.37 22 2072 638.939 1165.12 
-0.4854 4.31827 54.0525
255 255 255
3 13 2095 1049.67 1169.45 18 2193 1193.41 1163.26 22 2082 1102.99 1168.64 
-2.5285 3.79402 52.6762
255 255 255
3 13 2096 849.267 1170.2 18 2199 1017.3 1165.46 22 2081 911.866 1168.17 
-2.26672 3.85892 52.7525
255 255 255
2 13 2102 873.961 1171.64 22 2084 935.996 1169.74 
-6.04148 3.57228 53.7327
255 255 255
2 13 2110 568.138 1174.71 22 2089 617.582 1173.46 
-2.00814 3.99658 52.8183
255 255 255
2 13 2120 899.141 1179.79 22 2094 960.773 1177.82 
-2.0972 4.03313 52.7852
255 255 255
2 13 2135 891.481 1184.55 22 2105 953.253 1182.8 
-5.99404 3.70949 53.7983
255 255 255
2 13 2138 575.163 1184.97 22 2107 624.088 1183.87 
-0.568391 4.52928 54.017
255 255 255
2 13 2145 1045.18 1189.64 22 2115 1098.42 1188.86 
-2.00059 4.17567 52.7302
255 255 255
2 13 2164 901.036 1197.14 18 2254 1068.62 1191.71 
-2.08042 4.21074 52.749
255 255 255
3 13 2171 894.856 1200.79 18 2263 1061.87 1195.81 22 2138 956.799 1198.89 
-8.01261 3.78947 54.5655
255 255 255
2 13 2174 427.28 1202.39 22 2142 466.593 1201.15 
-8.10459 3.88207 54.6302
255 255 255
2 13 2189 422.432 1209.99 22 2159 461.05 1209.28 
-8.38411 3.89962 54.8424
255 255 255
2 13 2191 404.906 1210.95 22 6214 441.496 1210.64 
-5.17963 3.99775 53.1766
255 255 255
3 13 2192 634.877 1211.19 18 2298 784.12 1210.76 22 2161 689.302 1209.6 
-8.93986 4.19534 55.0072
255 255 255
2 13 2241 367.885 1239.44 22 2214 401.72 1238.88 
-0.770959 5.04113 53.8959
255 255 255
2 13 2242 1033.73 1239.1 22 2212 1087.07 1237.88 
-1.12509 4.94841 53.1359
255 255 255
2 13 2256 992.939 1248.52 22 2229 1051.81 1246.83 
-3.76165 4.61123 52.5166
255 255 255
2 13 2279 751.847 1260.55 22 2258 812.867 1258.84 
-0.88422 5.48549 53.8345
255 255 255
2 13 2318 1029.57 1280.44 22 2299 1082.76 1279.36 
-4.84402 4.80902 52.6246
255 255 255
3 13 2332 663.783 1288.91 18 2480 824.162 1289.16 22 2314 721.888 1287.14 
-4.62761 4.94645 52.5884
255 255 255
2 13 2355 683.419 1299.2 22 2340 742.133 1297.67 
-1.5927 7.14851 53.2777
255 255 255
2 13 2546 985.399 1446.57 22 2563 1040.12 1445.18 
-1.79508 7.19897 52.9732
255 255 255
2 13 2558 964.692 1459.83 22 2578 1021.49 1458.6 
-1.74618 7.22153 53.0315
255 255 255
2 13 2559 970.024 1460.19 22 2580 1026.36 1458.62 
-1.68067 7.50589 53.1459
255 255 255
2 13 2578 981.198 1482.41 22 2606 1036.34 1480.55 
-1.627 7.52822 53.0897
255 255 255
2 13 2583 985.422 1484.83 22 2608 1041.05 1483.36 
-2.20815 7.82355 52.3662
255 255 255
2 13 2632 929.412 1534.41 18 2878 1098.64 1531.89 
-2.30269 7.86441 52.275
255 255 255
2 13 2636 920.443 1541.48 22 2667 981.174 1539.47 
-2.20626 7.89986 52.3135
255 255 255
3 13 2639 930.011 1542.67 18 2887 1100.16 1539.94 22 2670 990.322 1540.66 
-2.37 7.86681 52.2121
255 255 255
3 13 2641 913.757 1543.68 18 2888 1085.71 1541.9 22 2673 974.694 1541.89 
-2.54359 7.85367 52.0414
255 255 255
3 13 2647 896.029 1548.98 18 2895 1071.04 1546.57 22 2679 957.657 1546.84 
-3.23708 7.74303 51.8672
255 255 255
3 13 2649 830.651 1550.17 18 2903 1007.81 1550.9 22 2681 893.337 1549.01 
-2.51484 7.92347 52.2
255 255 255
2 13 2651 901.61 1550.96 22 2682 962.615 1549.01 
-3.14893 7.88098 51.9264
255 255 255
2 13 2661 841.209 1560.67 22 2694 903.627 1558.96 
-3.0587 7.88133 51.8622
255 255 255
2 13 2663 848.178 1561.62 22 2695 911.136 1559.11 
-3.24148 7.95335 51.8404
255 255 255
2 13 2671 832.737 1570.27 22 2705 895.626 1568.72 
-1.95242 8.54586 52.7591
255 255 255
3 13 2697 967.406 1586.84 18 2939 1128.03 1584.48 22 2725 1023.78 1585.25 
-3.50821 8.2369 51.7729
255 255 255
2 13 2709 812.25 1600.8 22 2743 874.904 1599 
-5.5836 8.02668 51.8485
255 255 255
2 13 2712 629.368 1602.26 22 2746 688.221 1601.36 
-2.12584 9.1375 52.5267
255 255 255
2 13 2746 957.561 1647.8 22 2790 1014.95 1646.12 
-3.21287 9.209 51.6571
255 255 255
2 13 2785 850.373 1688.95 22 2832 913.103 1687.05 
-2.81828 9.75963 51.7675
255 255 255
2 13 2817 894.875 1731.52 22 2873 956.582 1729.96 
-3.05354 9.96267 51.5611
255 255 255
2 13 2838 873.871 1758.32 22 2904 936.617 1756.6 
-3.36623 10.0222 51.5098
255 255 255
2 13 2849 846.197 1768.56 22 2913 908.842 1766.87 
-3.20311 10.0767 51.425
255 255 255
3 13 2855 860.075 1774.04 18 3155 1043.05 1776.26 22 2919 923.724 1772.26 
-3.21425 10.2332 51.4091
255 255 255
2 13 2865 861.168 1788.93 22 2928 924.558 1787.35 
-3.39033 10.4624 51.3236
255 255 255
2 13 2887 847.469 1814.03 22 2948 911.021 1812.77 
-3.33354 10.4684 51.314
255 255 255
2 13 2889 852.477 1814.38 22 2949 916.15 1812.85 
-3.4174 10.5752 51.2841
255 255 255
2 13 2900 846.072 1825.75 22 2964 909.753 1824.52 
-3.50122 10.5836 51.2837
255 255 255
3 13 2904 838.75 1827.31 18 3236 1023.09 1831.1 22 2966 902.229 1826.16 
-3.34853 10.6381 51.2982
255 255 255
3 13 2907 853.335 1830.26 18 3239 1037.71 1833.43 22 2970 916.947 1829.08 
-3.32148 10.7563 51.303
255 255 255
2 13 2920 857.565 1840.83 22 2983 920.968 1839.33 
-3.34943 10.7992 51.2646
255 255 255
2 13 2925 855.096 1846.17 22 2990 918.707 1844.67 
-3.2137 10.8833 51.3117
255 255 255
2 13 2931 869.167 1851.09 22 2997 932.464 1849.39 
-3.25381 10.933 51.2624
255 255 255
2 13 2936 865.525 1857.26 22 3003 929.146 1856.08 
-3.21663 10.9884 51.3078
255 255 255
2 13 2941 870.348 1860.54 22 3008 933.592 1859.4 
-4.43827 10.9228 51.162
255 255 255
3 13 2950 758.321 1871.5 18 3299 941.805 1879.11 22 3017 820.792 1871.12 
-3.35619 11.0801 51.213
255 255 255
2 13 2953 857.772 1873.34 22 3021 921.429 1872 
-4.38145 10.9871 51.1612
255 255 255
3 13 2956 764.237 1876.71 18 3308 947.854 1884.47 22 3026 826.86 1876.26 
-3.38252 11.1157 51.1771
255 255 255
2 13 2960 855.343 1877.61 22 3028 919.271 1876.95 
-10.7665 11.2254 53.6353
255 255 255
2 13 2962 277.358 1883.02 22 3041 307.735 1889.8 
-11.1698 11.3508 53.7748
255 255 255
2 13 2974 249.815 1892.95 22 3057 278.029 1900.36 
-4.49159 11.1744 51.1069
255 255 255
3 13 2977 756.289 1896.34 18 3345 940.371 1905.09 22 3051 818.72 1896.21 
-4.65053 11.2461 51.0624
255 255 255
3 13 2984 742.291 1906.18 18 3359 926.674 1914.97 22 3065 805.033 1905.85 
-4.57587 11.2921 51.068
255 255 255
3 13 2986 749.833 1909.15 18 3367 934.255 1918.21 22 3070 812.235 1909.11 
-4.70777 11.33 51.0649
255 255 255
3 13 2994 738.527 1913.96 18 3381 922.523 1923.72 22 3077 800.881 1914.07 
-4.3412 11.4281 50.9875
255 255 255
2 13 3003 771.206 1921.99 22 3086 834.709 1921.32 
-3.06135 11.9414 51.5584
255 255 255
2 13 3022 901.818 1937.72 22 3103 962.044 1936.68 
-4.79626 11.7095 50.9673
255 255 255
3 13 3041 734.413 1952.47 18 3446 919.569 1962.91 22 3133 796.909 1952.72 
-4.23243 11.7955 50.9097
255 255 255
3 13 3047 784.953 1956.82 18 3449 973.106 1964.43 22 3138 848.741 1956.33 
-4.16707 11.8251 50.9482
255 255 255
2 13 3048 791.858 1957.47 22 3140 855.479 1957.17 
-4.58291 11.8086 50.9783
255 255 255
3 13 3052 755.167 1958.8 18 3459 940.665 1968.79 22 3144 817.515 1959.23 
-6.01459 11.7467 51.0895
255 255 255
2 13 3059 629.358 1963.5 22 3155 688.647 1965.09 
-4.34355 11.8868 50.933
255 255 255
2 13 3064 776.74 1965.42 22 3159 840.095 1965.06 
-4.41468 11.9173 50.8986
255 255 255
3 13 3074 770.351 1970 18 3476 957.921 1978.5 22 3174 833.508 1969.97 
-3.24476 12.2251 51.2392
255 255 255
2 13 3093 884.866 1975.62 22 3182 946.941 1974.2 
-4.2416 12.0344 50.9263
255 255 255
2 13 3097 787.89 1978.03 22 3194 851.28 1977.71 
-5.32833 11.9877 50.9961
255 255 255
2 13 3102 691.689 1981.84 22 3204 752.737 1982.83 
-5.24254 12.0283 50.9922
255 255 255
2 13 3107 699.818 1984.85 22 3208 761.001 1985.74 
-5.29936 12.0313 50.9622
255 255 255
2 13 3112 694.256 1986.63 22 3213 755.562 1987.56 
-3.85913 12.2721 51.002
255 255 255
2 13 3117 826.842 1993.41 22 3218 889.921 1992.92 
-3.44493 12.3774 51.1082
255 255 255
3 13 3119 867.254 1995.37 18 3535 1052.52 2000.24 22 3224 929.693 1994.52 
-3.78148 12.2826 50.9238
255 255 255
2 13 3122 832.716 1996.47 22 3223 896.449 1995.26 
-11.5795 12.5058 53.6283
255 255 255
2 13 3124 228.315 1997.93 22 3240 255.04 2007.02 
-3.7664 12.3464 50.984
255 255 255
2 13 3131 835.953 1999.93 22 3229 899.194 1999.19 
-3.4367 12.4133 51.0427
255 255 255
2 13 3133 867.412 2000.83 22 3230 930.568 1999.86 
-3.96643 12.3483 50.9458
255 255 255
2 13 3136 817.437 2003.26 22 3234 880.691 2002.79 
-11.6428 12.5789 53.6602
255 255 255
2 13 3140 225.013 2003.71 22 3248 251.256 2012.74 
-3.73401 12.3806 50.9553
255 255 255
2 13 3141 838.9 2003.7 22 3235 902.364 2002.87 
-3.78405 12.4031 50.9614
255 255 255
2 13 3143 834.845 2006.07 22 3238 898.151 2005.22 
-3.42222 12.5705 51.1468
255 255 255
2 13 3154 872.637 2011.7 22 3244 934.75 2010.48 
-3.53424 12.5365 51.0147
255 255 255
2 13 3158 860.039 2013.92 22 3249 923.117 2013.03 
-3.72399 12.5823 50.8987
255 255 255
2 13 3168 841.847 2023.75 22 3262 905.521 2023.07 
-3.54864 12.6908 51.0425
255 255 255
2 13 3173 861.436 2027.03 22 3272 924.095 2026.44 
-3.67526 12.6671 50.9568
255 255 255
2 13 3177 848.398 2029.1 22 3278 911.561 2028.33 
-3.98966 12.6507 50.8489
255 255 255
2 13 3185 818.174 2033.94 22 3288 881.814 2034.05 
-3.89083 12.7348 50.8414
255 255 255
2 13 3202 828.176 2041.08 22 3298 891.874 2040.73 
-3.9144 12.8057 50.8707
255 255 255
2 13 3209 827.6 2046.96 22 3305 890.898 2046.28 
-4.92877 12.793 50.8177
255 255 255
2 13 3221 735.708 2057.03 22 3326 797.824 2057.72 
-4.16531 12.9298 50.7642
255 255 255
3 13 3230 805.119 2063.93 18 3656 994.778 2072.82 22 3332 868.778 2063.99 
-4.19592 13.091 50.7585
255 255 255
2 13 3245 804.662 2079.22 22 3350 868.073 2079.19 
-4.36937 13.1116 50.7546
255 255 255
3 13 3249 789.414 2083.1 18 3687 978.283 2092.61 22 3359 852.356 2082.8 
-4.57737 13.1451 50.7788
255 255 255
2 13 3256 771.602 2086.99 22 3368 834.17 2087.44 
-4.26534 13.1601 50.7423
255 255 255
2 13 3257 799.191 2086.87 22 3369 862.497 2086.61 
-4.34133 13.1484 50.653
255 255 255
2 13 3259 790.709 2089.93 22 3373 854.548 2089.05 
-4.41712 13.2709 50.7332
255 255 255
2 13 3266 787.041 2098.58 22 3386 850.045 2098.67 
-6.02942 13.1715 50.7298
255 255 255
2 13 3275 641.596 2103.95 22 3397 701.874 2106.67 
-5.65007 13.3217 50.6643
255 255 255
3 13 3295 676.398 2116.32 18 3762 862.172 2133.52 22 3417 737.391 2118.77 
-5.51441 13.3744 50.6894
255 255 255
2 13 3300 689.617 2119.24 22 3422 750.942 2121.15 
-5.12337 13.5717 50.6541
255 255 255
2 13 3325 726.779 2134.73 22 3443 788.868 2136.41 
-5.06127 13.6441 50.647
255 255 255
2 13 3332 733.288 2141.12 22 3459 795.42 2142.45 
-4.9576 13.6771 50.6339
255 255 255
2 13 3336 742.813 2143.56 22 3462 805.206 2144.94 
-5.14536 13.6533 50.6034
255 255 255
3 13 3338 725.115 2144.35 18 3813 913.668 2158.68 22 3464 787.387 2145.72 
-5.84956 13.8268 50.5883
255 255 255
2 13 3354 664.473 2166.71 22 3484 725.33 2169.06 
-5.69389 13.9361 50.5504
255 255 255
2 13 3364 679.23 2176.44 22 3499 740.575 2178.9 
-5.88976 13.9543 50.5668
255 255 255
2 13 3365 662.363 2179.45 22 3504 723.119 2181.67 
-6.27527 14.1716 50.4639
255 255 255
2 13 3389 629.152 2205.7 22 3540 689.7 2209.23 
-6.1883 14.4239 50.4687
255 255 255
2 13 3411 640.745 2227.68 22 3563 701.085 2230.91 
-6.04935 14.4386 50.4511
255 255 255
2 13 3412 652.992 2228.29 22 3567 713.774 2231.72 
-11.305 14.8883 52.5115
255 255 255
2 13 3415 254.753 2233.74 22 3587 286.916 2245.28 
-8.03898 14.4147 50.6777
255 255 255
2 13 3418 481.488 2234.06 22 3579 536.004 2240.15 
-6.19898 14.5207 50.4392
255 255 255
3 13 3423 640.665 2238.17 18 3961 826.996 2258.86 22 3582 701.025 2240.7 
-6.11706 14.5226 50.4151
255 255 255
3 13 3424 647.565 2238.16 18 3962 834.766 2259 22 3583 708.171 2241.13 
-11.3419 14.9649 52.4846
255 255 255
2 13 3426 252.061 2241.27 22 3602 284.234 2253.28 
-6.11681 14.5835 50.3829
255 255 255
3 13 3436 647.731 2244.98 18 3974 835.559 2265.78 22 3595 708.833 2247.71 
-6.03262 14.6464 50.4406
255 255 255
3 13 3440 657.525 2247.29 18 3976 844.351 2268.41 22 3597 717.731 2250.66 
-6.96553 14.6493 50.4913
255 255 255
2 13 3451 575.432 2253.11 22 3619 633.688 2258.31 
-7.0386 14.6336 50.4668
255 255 255
2 13 3454 568.232 2253.5 22 3618 626.472 2258.2 
-7.05759 14.7039 50.448
255 255 255
2 13 3467 567.217 2260.93 22 3636 625.416 2265.15 
-5.90009 14.8672 50.3669
255 255 255
3 13 3480 671.082 2269.2 18 4021 859.722 2289.1 22 3648 732.19 2272.13 
-9.02833 14.8124 50.8356
255 255 255
2 13 3483 404.767 2271.02 22 3672 455.05 2278.97 
-5.97767 14.9634 50.3405
255 255 255
3 13 3504 665.031 2279.44 18 4050 853.763 2299.99 22 3687 726.13 2282.67 
-7.38711 14.8806 50.4238
255 255 255
3 13 3506 540.156 2280.29 18 4085 720.516 2309.02 22 3692 597.478 2285.39 
-5.97884 15.0485 50.314
255 255 255
2 13 3516 665.712 2288.17 22 3706 726.836 2290.98 
-8.44253 15.0229 50.6248
255 255 255
2 13 3521 453.883 2292.95 22 3721 507.056 2300.56 
-5.86286 15.152 50.3535
255 255 255
3 13 3527 678.411 2295.07 18 4103 867.032 2315.05 22 3717 739.287 2298.03 
-8.58023 15.1005 50.6002
255 255 255
2 13 3533 442.457 2302.27 22 3735 495.269 2309.19 
-5.70965 15.4188 50.3756
255 255 255
2 13 3548 696.508 2316.74 22 3745 757.233 2319.67 
-6.12599 15.4147 50.3344
255 255 255
2 13 3550 658.388 2321.37 22 3747 718.606 2324.89 
-5.22816 15.6386 50.5006
255 255 255
3 13 3558 745.278 2327.9 18 4164 932.451 2344.4 22 3757 805.539 2330.1 
-6.86929 15.5739 50.2822
255 255 255
3 13 3573 593.504 2343.29 18 4204 778.417 2370.68 22 3779 651.98 2348.75 
-5.03515 15.8365 50.4857
255 255 255
2 13 3575 765.262 2344.5 22 3774 825.79 2346.41 
-4.98161 15.8948 50.5371
255 255 255
3 13 3578 771.787 2347.4 18 4195 958.64 2362.79 22 3780 832.052 2349.08 
-4.88847 15.915 50.5482
255 255 255
2 13 3579 780.687 2347.83 22 3782 840.879 2349.64 
-8.68759 15.5833 50.4772
255 255 255
2 13 3580 437.305 2350.36 22 3792 490.188 2358.21 
-4.95222 16.0685 50.5366
255 255 255
2 13 3591 777.028 2362.39 22 3803 837.033 2364.7 
-9.01393 15.7956 50.6399
255 255 255
2 13 3595 415.805 2365.03 22 3821 466.387 2373.9 
-7.19091 15.8321 50.1912
255 255 255
2 13 3601 566.667 2372.37 22 3826 625.181 2378.43 
-7.14204 15.8668 50.2616
255 255 255
2 13 3602 573.01 2372.16 22 3828 631.089 2378.53 
-9.06194 15.848 50.5735
255 255 255
2 13 3603 410.837 2372.87 22 3830 461.655 2381.25 
-4.94186 16.188 50.4219
255 255 255
2 13 3608 777.794 2377.94 22 3829 838.472 2379.43 
-4.93338 16.2497 50.4454
255 255 255
2 13 3613 779.86 2382.22 22 3835 840.334 2384.21 
-4.97847 16.2836 50.4614
255 255 255
3 13 3616 776.525 2385.17 18 4245 964.334 2400.74 22 3840 836.908 2387.14 
-9.21278 16.0588 50.637
255 255 255
2 13 3619 402.339 2389.86 22 3850 452.06 2399.02 
-5.10709 16.3064 50.4156
255 255 255
3 13 3620 764.563 2389.69 18 4250 952.857 2407.03 22 3843 824.906 2392.13 
-9.08326 16.0709 50.5849
255 255 255
2 13 3624 412.542 2392.1 22 3853 462.976 2400.98 
-7.33563 16.2608 50.1296
255 255 255
2 13 3656 558.896 2414.73 18 4310 743.684 2445.74 
-4.42548 16.524 50.1477
255 255 255
2 13 3657 824.848 2414.66 22 3872 888.121 2415.74 
-5.26168 16.548 50.296
255 255 255
3 13 3659 752.313 2417.79 18 4292 942.108 2435.59 22 3880 812.557 2420.12 
-7.32497 16.3318 50.1449
255 255 255
2 13 3661 561.237 2420.34 18 4318 745.655 2451.44 
-5.31642 16.5627 50.2366
255 255 255
3 13 3663 746.219 2422.17 18 4298 937.167 2440.1 22 3884 807.658 2424.22 
-12.3234 17.2661 52.8974
255 255 255
2 13 3665 214.589 2426.51 22 3900 238.675 2442.23 
-5.35128 16.6652 50.1722
255 255 255
2 13 3674 743.613 2433.82 22 3896 804.943 2436.62 
-4.47267 16.6844 50.019
255 255 255
2 13 3676 820.857 2434.96 22 3895 884.821 2435.72 
-5.28641 16.7311 50.1133
255 255 255
2 13 3679 749.424 2441.91 22 3905 811.191 2444.05 
-8.37264 16.7504 50.2716
255 255 255
2 13 3686 477.543 2459.36 22 3918 531.418 2468.33 
-4.52224 16.9285 49.9815
255 255 255
2 13 3687 819.383 2458.76 22 3914 883.263 2459.98 
-4.5332 17.0102 49.9432
255 255 255
3 13 3693 818.916 2467.68 18 4347 1017.98 2481.79 22 3919 883.138 2469.04 
-4.67204 17.0287 49.9821
255 255 255
2 13 3694 807.269 2468.91 22 3923 870.777 2470.55 
-4.8409 17.1345 49.9243
255 255 255
3 13 3705 792.632 2482.19 18 4367 990.844 2498.33 22 3938 855.906 2484.11 
-4.69669 17.1549 49.9571
255 255 255
3 13 3706 806.521 2481.57 18 4366 1004.48 2496.52 22 3936 869.976 2483.24 
-5.10709 17.1554 49.9521
255 255 255
3 13 3710 769.134 2485.04 18 4375 965.857 2502.86 22 3940 832.019 2487.49 
-5.00519 17.2083 49.9381
255 255 255
4 10 3741 1035.08 2520.6 13 3716 779.009 2489.27 18 4381 976.121 2506.84 22 3945 841.984 2491.99 
-5.94805 17.1383 49.9553
255 255 255
2 13 3719 692.886 2489.67 18 4390 886.402 2513.52 
-4.80873 17.2156 49.8628
255 255 255
2 13 3723 795.622 2491.81 22 3954 859.605 2493.78 
-5.45513 17.2196 49.931
255 255 255
3 13 3727 738.151 2494.51 18 4391 933.979 2514.42 22 3959 800.565 2497.67 
-11.3838 17.8206 52.1216
255 255 255
3 13 3728 279.757 2497.46 18 9051 398.693 2554.31 22 8194 311.648 2512.32 
-5.57141 17.2689 49.9651
255 255 255
2 13 3735 729.032 2498.07 22 3968 790.813 2501.85 
-5.71385 17.3345 49.9396
255 255 255
3 13 3742 716.707 2506.33 18 4416 911.15 2528.18 22 3977 778.241 2510.3 
-5.85168 17.4281 49.942
255 255 255
3 13 3751 705.682 2516.06 18 4430 899.369 2538.14 22 3988 766.875 2519.94 
-5.90434 17.476 50.0031
255 255 255
3 13 3752 702.902 2517.79 18 4434 894.964 2541.11 22 3992 763.218 2522.01 
-11.2286 18.0206 51.9388
255 255 255
2 13 3755 291.188 2520.63 22 4015 323.933 2535.65 
-5.74731 17.5031 49.9586
255 255 255
3 13 3756 716.687 2520.65 18 4439 910.269 2543.54 22 3995 777.518 2524.79 
-8.5434 17.496 50.3837
255 255 255
2 13 3757 476.227 2521.8 22 8233 527.917 2531.7 
-6.60085 17.5113 50.0071
255 255 255
2 13 3762 640.803 2525.74 22 4004 699.858 2531.43 
-8.40438 17.5165 50.2594
255 255 255
2 13 3764 485.937 2527.91 22 4018 538.873 2537.49 
-8.34836 17.5468 50.2905
255 255 255
2 13 3767 492.053 2529.22 22 4020 544.807 2538.09 
-6.02432 17.6053 50.0327
255 255 255
3 13 3768 694.37 2528.9 18 4456 885.186 2553.5 22 4010 754.663 2533.33 
-5.75832 17.6103 50.0009
255 255 255
3 13 3769 717.917 2528.61 18 4451 910.43 2551.5 22 4011 778.705 2532.73 
-6.20929 17.6304 50.0698
255 255 255
3 13 3774 678.932 2530.77 18 4461 868.12 2556.8 22 4017 738.245 2535.88 
-5.8581 17.6314 49.9755
255 255 255
3 13 3777 708.743 2532.28 18 4459 901.38 2556.01 22 4019 769.562 2536.64 
-6.0119 17.6489 50.0102
255 255 255
3 13 3780 695.868 2533.51 18 4463 887.093 2558.23 22 4022 755.905 2538.25 
-6.66848 17.5926 49.999
255 255 255
2 13 3781 635.797 2533.75 22 4026 694.678 2539.77 
-5.95104 17.6608 50.012
255 255 255
2 13 3782 701.556 2534.14 22 4024 761.7 2538.63 
-8.26885 17.7109 50.2112
255 255 255
2 13 3802 499.698 2546.04 22 4048 553.129 2555.86 
-6.69633 17.789 50.034
255 255 255
2 13 3804 636.962 2550.03 22 4049 695.248 2556.12 
-7.97666 17.8616 50.2268
255 255 255
3 13 3818 528.039 2556.98 18 4518 705.12 2595.64 22 4061 582.113 2565.76 
-6.84257 17.8572 50.0294
255 255 255
2 13 3819 624.796 2557.24 22 4057 682.731 2563.85 
-7.2319 17.8857 50.124
255 255 255
3 13 3821 592.483 2558.58 18 9114 775.43 2591.78 22 4063 648.577 2565.82 
-8.02797 17.8909 50.1998
255 255 255
2 13 3824 523.451 2561.18 22 4067 577.284 2570 
-8.43748 17.933 50.3364
255 255 255
2 13 3826 491.041 2562.22 22 4069 542.707 2571.06 
-7.88891 17.9232 50.2179
255 255 255
3 13 3827 536.579 2562.2 18 4527 714.212 2600.21 22 4071 590.714 2571.05 
-7.51583 17.9747 50.2156
255 255 255
3 13 3830 570.144 2564.9 18 9135 749.75 2599.38 22 4073 625.68 2572.32 
-7.86059 17.9725 50.209
255 255 255
2 13 3832 539.686 2566.87 22 4081 593.758 2575.45 
-7.77822 17.9877 50.2105
255 255 255
3 13 3833 547.211 2567.48 18 4537 725.478 2604.81 22 4082 601.52 2576.15 
-7.72234 18.0101 50.2269
255 255 255
2 13 3836 552.881 2568.54 22 4083 607.097 2576.81 
-8.16062 18.0058 50.2175
255 255 255
2 13 3839 513.835 2571.39 22 4091 567.078 2580.71 
-7.76129 18.1299 50.1581
255 255 255
2 13 3852 549.741 2582.26 22 4097 604.248 2590.88 
-7.96177 18.1871 50.1427
255 255 255
2 13 3860 532.504 2589.41 22 4107 586.554 2598.29 
-8.98144 18.4389 50.5561
255 255 255
2 13 3868 455.896 2600.19 22 4114 504.036 2611.69 
-9.43591 18.604 50.7981
255 255 255
2 13 3870 424.491 2607.27 22 4120 469.451 2619.42 
-10.1206 18.6421 50.9571
255 255 255
2 13 3871 369.811 2607.86 22 4121 411.725 2621.54 
-9.79536 18.6538 50.8997
255 255 255
2 13 3872 396.576 2609.3 22 4122 439.801 2622.49 
-2.13397 -6.83061 61.8913
255 255 255
2 13 3914 872.496 245.17 22 4156 887.25 249.172 
-1.19391 -6.6646 61.2764
255 255 255
2 13 3918 935.072 245.562 22 4165 953.768 249.698 
-1.48578 -6.69696 61.4877
255 255 255
2 13 3921 915.936 246.815 22 4170 933.288 251.041 
-0.96649 -6.57748 61.3657
255 255 255
3 13 3928 953.423 249.243 18 4655 989.261 240.908 22 4179 972.284 253.917 
-2.01783 -6.74316 61.8095
255 255 255
2 13 3932 880.866 250.282 22 4177 896.037 253.952 
-1.61987 -6.66614 61.6228
255 255 255
2 13 3934 908.196 250.915 22 4183 924.641 254.948 
-2.22141 -6.74749 61.8634
255 255 255
2 13 3936 866.854 252.462 22 4185 881.565 255.956 
-1.40575 -6.61165 61.4884
255 255 255
3 13 3937 922.552 252.127 18 4662 955.918 243.276 22 4186 940.37 256.377 
-1.10952 -6.56901 61.4152
255 255 255
3 13 3938 943.799 251.712 18 4663 978.63 243.02 22 4187 961.966 256.249 
-2.391 -6.73826 62.13
255 255 255
3 13 3946 857.963 255.509 18 4667 880.345 245.001 22 4191 871.527 258.976 
-1.2954 -6.52893 61.3434
255 255 255
3 13 3947 929.852 256.793 18 4673 965.416 248.028 22 4193 948.494 261.004 
0.276085 -5.83817 59.5691
255 255 255
2 13 3995 1035.49 287.989 22 4234 1064.23 293.074 
0.400552 -5.80557 59.5356
255 255 255
2 13 3997 1044.94 288.775 22 4235 1073.93 294.254 
-2.04887 -5.90713 60.392
255 255 255
2 13 4027 870.705 311.631 22 4258 893.093 314.811 
-3.42779 -6.05224 61.3654
255 255 255
3 13 4040 781.285 317.974 18 4753 811.338 306.016 22 4264 797.459 319.487 
6.04814 -4.33576 57.7977
255 255 255
2 13 4074 1492.38 331.608 22 4302 1530.05 342.449 
-3.42893 -5.83428 60.9265
255 255 255
2 13 4075 777.758 333.931 22 4295 795.631 335.639 
6.23261 -4.15966 57.8009
255 255 255
2 13 4088 1509.62 343.194 22 4328 1546.94 354.426 
6.04406 -4.17736 57.7172
255 255 255
2 13 4090 1494.05 344.19 22 4332 1532.09 355.317 
6.08481 -4.00673 57.5968
255 255 255
3 13 4141 1499.53 357.513 18 4873 1589.41 359.588 22 4375 1537.84 368.314 
-0.604266 -5.04854 58.3107
255 255 255
2 13 4146 964.578 360.186 22 4363 999.79 363.721 
6.90506 -3.83328 58.2627
255 255 255
2 13 4150 1568.77 360.297 22 4382 1602.14 372.379 
6.68522 -3.81649 58.0916
255 255 255
3 13 4158 1551.21 364.417 18 4898 1631.22 368.049 22 4392 1585.86 376.175 
-0.412525 -4.92831 58.1028
255 255 255
2 13 4164 978.483 367.392 22 4377 1015 370.951 
7.24937 -3.6919 58.6319
255 255 255
3 13 4165 1598.6 366.599 18 4905 1668.12 371.142 22 4399 1628.85 379.433 
6.73326 -3.7467 58.1762
255 255 255
3 13 4173 1556.22 369.592 18 4908 1634.55 372.28 22 4408 1590.05 381.514 
7.22025 -3.6222 58.6636
255 255 255
2 13 4184 1597.2 372.718 22 4416 1627.45 385.16 
-1.55267 -4.98743 58.6176
255 255 255
2 13 4193 896.47 376.796 22 4398 928.947 379.093 
7.37262 -3.53935 58.722
255 255 255
3 13 4194 1610.37 377.136 18 4924 1677.88 381.625 22 4424 1640.3 389.862 
5.77789 -3.76359 57.5575
255 255 255
2 13 4203 1478.09 381.298 22 4428 1516.79 391.353 
7.2576 -3.49545 58.7314
255 255 255
3 13 4205 1601.96 382.091 18 4932 1669.51 386.103 22 4437 1631.65 394.842 
-1.93927 -4.89116 58.7559
255 255 255
2 13 4219 870.025 388.965 22 4426 901.203 390.89 
2.93085 -4.14704 56.4729
255 255 255
2 13 4220 1237.82 388.942 22 4436 1285.2 394.646 
5.86573 -3.62612 57.5934
255 255 255
2 13 4227 1487.19 391.254 22 4449 1525.41 401.247 
7.18053 -3.3151 58.6558
255 255 255
2 13 4246 1598.38 397.748 22 4468 1628.29 409.657 
5.72181 -3.5456 57.6801
255 255 255
2 13 4253 1477.01 399.598 22 4466 1514.63 409.198 
6.56569 -3.38246 58.2715
255 255 255
2 13 4255 1548.07 400.677 22 4476 1581.08 411.995 
-1.31815 -4.55528 57.7934
255 255 255
2 13 4278 909.42 409.094 18 4963 997.61 399.077 
5.88379 -3.38169 57.8677
255 255 255
3 13 4284 1492.87 410.205 18 4996 1577.46 411.242 22 4501 1528.74 420.411 
2.39792 -3.9547 56.2098
255 255 255
2 13 4290 1195.27 411.786 22 4491 1244.27 417.251 
5.66447 -3.379 57.7801
255 255 255
2 13 4293 1475.01 413.384 22 4513 1511.84 423.289 
6.00667 -3.32765 57.8708
255 255 255
2 13 4294 1503.38 412.92 22 4514 1539.33 423.298 
3.7238 -3.71575 56.0446
255 255 255
2 13 4295 1305.47 414.504 22 4503 1355.21 420.897 
3.87168 -3.67011 56.0807
255 255 255
2 13 4299 1318.43 416.257 22 4512 1367.83 422.823 
2.24144 -3.91723 56.0343
255 255 255
2 13 4304 1181.67 417.408 22 4507 1231.79 422.224 
5.45666 -3.35176 57.6455
255 255 255
2 13 4309 1458.33 418.564 22 4522 1496.12 428.001 
5.27905 -3.3657 57.4764
255 255 255
3 13 4311 1443.42 420.057 18 5015 1535.65 419.679 22 4523 1482.15 429.359 
5.16642 -3.37037 57.4787
255 255 255
3 13 4313 1434.14 420.623 18 5016 1526.62 421.386 22 4526 1473.32 430.025 
3.89407 -3.5572 56.21
255 255 255
2 13 4324 1322.57 424.872 22 4529 1370.96 431.82 
4.93142 -3.35312 57.3265
255 255 255
2 13 4325 1414.94 425.69 22 4536 1455.15 434.653 
2.25585 -3.75674 55.9398
255 255 255
2 13 4336 1184.28 430.827 22 4535 1234.83 435.166 
1.99426 -3.7707 55.9098
255 255 255
3 13 4337 1162.37 433.036 18 5035 1285.32 427.223 22 4544 1213.52 437.155 
4.9718 -3.20971 57.4629
255 255 255
2 13 4349 1420.74 436.679 22 4559 1459.81 445.324 
4.74249 -3.2228 57.2557
255 255 255
2 13 4351 1401.28 439.124 22 4564 1441.83 447.206 
3.75127 -3.30026 56.5468
255 255 255
2 13 4368 1316.47 447.293 22 4577 1362.23 453.866 
6.82713 -2.68953 57.9741
255 255 255
3 13 4383 1578.4 453.377 18 5102 1657.8 455.591 22 4598 1612.21 464.353 
-2.43111 -4.14991 57.7657
255 255 255
3 13 4389 827.939 455 18 5074 913.77 444.467 22 4582 864.253 455.661 
1.87872 -3.52092 55.7843
255 255 255
2 13 4393 1155.44 455.71 22 4590 1206.72 459.316 
3.83803 -3.13118 56.7574
255 255 255
2 13 4398 1327.04 459.375 22 4601 1371.16 466.333 
-0.357599 -3.80341 56.3004
255 255 255
3 13 4404 976.444 460.583 18 5089 1090.6 450.704 22 4592 1023.21 462.099 
4.1732 -3.05696 56.982
255 255 255
3 13 4405 1356.47 460.776 18 5107 1458.16 457.881 22 4608 1398.66 467.994 
3.58975 -3.13474 56.6132
255 255 255
2 13 4407 1306.05 462.829 22 4610 1351.18 469.131 
1.70112 -3.44835 55.7121
255 255 255
2 13 4409 1141.29 464.246 22 4607 1192.95 467.586 
3.99522 -3.04515 56.9862
255 255 255
2 13 4410 1342.19 463.796 22 4615 1384.61 470.966 
3.74521 -3.06652 56.8385
255 255 255
3 13 4416 1320.89 465.918 18 5117 1425.55 462.368 22 4618 1364.4 472.544 
8.36855 -2.24927 59.2708
255 255 255
2 13 4418 1707.44 465.912 22 4643 1730.84 478.664 
-3.03108 -4.08823 57.9257
255 255 255
2 13 4420 784.909 467.095 22 4603 819.263 467.092 
4.08193 -2.98972 56.9597
255 255 255
3 13 4421 1349.98 467.324 18 5129 1452.03 464.623 22 4628 1392.08 474.548 
5.66214 -2.7169 57.3613
255 255 255
2 13 4425 1482.96 467.904 22 4633 1521.7 477.147 
-3.43607 -4.0998 58.2712
255 255 255
2 13 4429 758.914 469.947 22 4612 790.723 470.485 
8.45861 -2.18491 59.2421
255 255 255
2 13 4430 1715.49 469.651 22 4652 1738.93 483.025 
3.56481 -3.02214 56.6479
255 255 255
2 13 4435 1305.8 472.338 22 4640 1350.55 478.482 
3.9274 -2.96057 56.8784
255 255 255
3 13 4436 1337.5 471.71 18 5141 1441.07 468.817 22 4641 1380.04 479.262 
8.06301 -2.2312 59.1624
255 255 255
2 13 4438 1683.63 471.527 22 4656 1708.02 483.775 
3.75605 -2.96464 56.805
255 255 255
3 13 4444 1323.13 474.006 18 5150 1428.15 470.83 22 4648 1366.35 480.72 
-1.21725 -3.74089 56.5192
255 255 255
2 13 4448 911.338 475.797 22 4632 956.233 476.711 
8.52952 -2.0337 59.395
255 255 255
2 13 4459 1723.04 480.408 22 4687 1745.23 493.575 
3.51582 -2.92436 56.7562
255 255 255
2 13 4464 1303.85 480.833 22 4662 1347.72 486.611 
-1.13158 -3.63818 56.4838
255 255 255
2 13 4469 919.003 483.114 22 4655 964.097 484.156 
-8.49901 -4.54078 62.3705
255 255 255
2 13 4473 454.985 486.074 22 4653 456.397 483.928 
7.83627 -2.06664 59.604
255 255 255
2 13 4475 1667.75 485.94 22 4698 1689.5 498.369 
-4.51316 -4.02724 58.5172
255 255 255
2 13 4481 681.984 488.867 18 9780 749.474 475.856 
-6.11621 -4.16096 59.464
255 255 255
2 13 4498 576.842 494.482 22 4676 597.82 493.214 
-2.39967 -3.68745 56.9234
255 255 255
2 13 4500 824.257 493.984 22 4683 865.294 493.919 
-5.98186 -4.12976 59.4111
255 255 255
2 13 4505 586.207 495.625 22 4681 607.632 494.033 
4.88499 -2.49417 57.1994
255 255 255
2 13 4509 1422.73 496.546 22 4714 1462.7 504.66 
1.21241 -3.09958 55.5098
255 255 255
3 13 4515 1104.23 500.389 18 5213 1233.05 492.77 22 4708 1156.65 502.76 
-1.34378 -3.43127 56.2319
255 255 255
2 13 4524 901.512 503.677 22 4710 947.858 503.957 
-4.45128 -3.73712 58.0195
255 255 255
2 13 4538 681.969 512.206 22 4723 713.542 510.59 
4.62468 -2.36036 56.9922
255 255 255
2 13 4539 1402.71 511.663 22 4737 1443.99 519.012 
-3.9534 -3.64129 58.0165
255 255 255
2 13 4542 721.058 513.476 22 4724 753.241 512.648 
-6.21909 -3.90046 59.2736
255 255 255
2 13 4548 568.809 516.328 22 4728 590.439 514.746 
-4.04523 -3.62271 57.6865
255 255 255
2 13 4549 708.983 517.317 22 4730 743.071 515.969 
-4.41299 -3.626 57.931
255 255 255
2 13 4556 684.716 520.356 22 4738 716.855 519.594 
-4.57632 -3.62534 57.9501
255 255 255
3 13 4560 672.703 522.489 18 5243 748.585 510.246 22 4741 704.155 521.619 
-2.31134 -3.32542 56.473
255 255 255
2 13 4567 829.306 523.774 22 4744 872.991 523.301 
-5.49491 -3.67898 58.5567
255 255 255
3 13 4571 612.483 527.37 18 5257 675.574 514.967 22 4749 639.863 525.662 
-2.25174 -3.24962 56.5337
255 255 255
2 13 4575 835.816 528.617 22 4761 879.139 528.909 
-4.55556 -3.51371 57.8331
255 255 255
2 13 4583 673.553 531.461 22 4764 705.954 530.237 
-7.04452 -3.79244 59.5702
255 255 255
2 13 4588 514.609 533.426 22 4765 533.014 531.242 
4.00088 -2.2162 56.6003
255 255 255
2 13 4590 1352.21 533.147 22 4782 1396.16 539.205 
-2.26476 -3.14972 56.396
255 255 255
2 13 4597 834.075 537.39 22 4777 878.201 537.673 
-1.55737 -3.04588 56.0096
255 255 255
2 13 4599 886.395 538.394 22 4781 933.706 539.12 
-1.61984 -2.94837 55.9071
255 255 255
2 13 4621 881.294 548.012 22 4799 929.062 547.841 
-1.69649 -2.83566 55.8714
255 255 255
2 13 4640 876.108 558.41 22 4824 923.924 558.174 
-2.42586 -2.86111 56.1844
255 255 255
2 13 4654 821.916 564.221 22 4834 866.9 563.526 
8.13918 -0.961027 60.2567
255 255 255
2 13 4658 1706.35 566.576 22 4864 1722.35 578.532 
-4.32631 -3.04105 56.8313
255 255 255
2 13 4665 680.169 570.555 22 4847 718.709 568.64 
2.84171 -1.98117 55.7639
255 255 255
2 13 4666 1255.46 570.945 22 4858 1305.16 575.738 
0.896476 -2.27952 54.9934
255 255 255
3 13 4676 1084.26 574.928 18 5373 1221.2 567.587 22 4859 1139.29 576.933 
0.759265 -2.25585 55.0101
255 255 255
2 13 4684 1073.39 578.871 22 4869 1128.3 580.575 
0.705672 -2.16523 54.9694
255 255 255
2 13 4703 1069.78 587.47 22 4890 1124.84 588.964 
-6.30988 -3.06113 57.9238
255 255 255
2 13 4706 546.934 588.479 22 4878 575.472 585.214 
0.641811 -2.13103 54.9988
255 255 255
3 13 4715 1065.26 591.015 18 5419 1201.7 582.928 22 4898 1120.09 592.501 
1.12414 -2.04087 54.8019
255 255 255
2 13 4717 1104.47 593.357 22 4906 1160.76 595.143 
-1.17026 -2.20284 55.3584
255 255 255
3 13 4756 919.98 606.558 18 5456 1047.59 596.973 22 4933 971.179 606.833 
-1.00198 -2.17577 55.3336
255 255 255
2 13 4757 933.717 606.526 22 4934 985.181 607.218 
1.90803 -1.71785 54.7827
255 255 255
2 13 4766 1174.09 610.519 22 4947 1230.36 613.166 
-6.12473 -2.74955 57.3281
255 255 255
2 13 4772 553.453 613.473 22 4942 585.714 610.753 
1.92468 -1.60383 54.9485
255 255 255
2 13 4783 1178.52 619.292 22 4965 1233.41 621.573 
-1.17954 -2.0593 55.2347
255 255 255
2 13 4786 919.542 619.549 22 4958 971.327 619.072 
-9.96034 -2.92587 61.535
255 255 255
2 13 4791 353.118 623.057 22 4962 354.479 620.928 
-0.925691 -1.98391 55.1446
255 255 255
2 13 4793 940.084 622.842 22 4971 992.679 623.064 
-0.0481695 -1.75703 54.8771
255 255 255
3 13 4816 1012.02 632.03 18 5526 1149.52 623.911 22 4997 1066.85 632.851 
0.125866 -1.69642 54.8758
255 255 255
2 13 4825 1027.21 635.076 22 5005 1082.1 635.976 
-1.02468 -1.79384 54.9973
255 255 255
2 13 4842 932.581 640.726 22 5019 985.962 641.185 
-0.00796289 -1.6596 54.7785
255 255 255
2 13 4843 1015.54 640.642 22 5020 1070.98 641.075 
-6.49276 -2.37681 57.0873
255 255 255
2 13 4865 524.946 648.898 22 5037 557.68 646.084 
-4.07923 -2.06598 55.8982
255 255 255
2 13 4876 695.871 651.563 22 5045 739.86 649.679 
-3.88922 -1.9579 55.785
255 255 255
2 13 4892 710.459 658.824 22 5063 755.347 656.943 
-4.01393 -1.96985 55.7234
255 255 255
2 13 4894 699.319 659.756 22 5065 744.464 657.775 
-3.60924 -1.91052 55.6098
255 255 255
2 13 4895 730.544 660.373 22 5066 776.936 658.49 
-5.74672 -2.12105 56.6281
255 255 255
3 13 4899 576.804 663.285 18 5609 668.459 652.415 22 5073 613.956 660.534 
-4.20731 -1.95327 55.8849
255 255 255
2 13 4900 686.868 662.529 22 5074 730.635 660.522 
-5.88763 -2.1326 56.6931
255 255 255
3 13 4903 567.069 663.69 18 5612 657.002 652.801 22 5072 603.198 660.808 
-3.67979 -1.83766 55.6257
255 255 255
2 13 4910 726.055 667.009 22 5079 772.199 665.453 
0.0591752 -1.21817 54.6214
255 255 255
2 13 4933 1025.33 678.295 22 5097 1081.42 678.577 
-2.90941 -1.60326 55.3103
255 255 255
2 13 4934 786.009 678.862 22 5096 835.037 677.704 
-2.90502 -1.51105 55.2955
255 255 255
3 13 4943 787.281 686.849 18 5649 911.214 676.894 22 5105 836.437 685.429 
-2.68658 -1.41296 55.2379
255 255 255
2 13 4949 805.405 692.465 22 5118 854.981 691.407 
8.64334 0.803984 60.5737
255 255 255
2 13 4952 1769.68 696.182 22 5143 1780.93 708.229 
0.0580593 -0.984733 54.5564
255 255 255
2 13 4956 1027.71 698.833 22 5130 1083.96 698.688 
-2.72477 -1.32759 55.1766
255 255 255
2 13 4959 802.481 700.564 22 5129 852.333 699.354 
-0.0334768 -0.641131 54.3305
255 255 255
3 13 4996 1022.16 730.714 18 5722 1168.35 722.352 22 5179 1079.66 731.067 
-6.62135 -1.35385 56.2498
255 255 255
2 13 5011 510.602 738.608 22 5188 547.306 735.543 
-6.4546 -1.25864 56.0201
255 255 255
2 13 5026 520.211 745.972 22 5204 558.635 743.167 
-2.36017 -0.780876 54.6675
255 255 255
2 13 5028 831.74 745.978 22 5209 884.944 744.492 
-0.881964 -0.5795 54.3189
255 255 255
3 13 5037 951.759 747.498 18 5764 1096.99 738.075 22 5219 1009.29 746.459 
-0.555467 -0.470921 54.3719
255 255 255
3 13 5048 981.316 751.688 18 5777 1125.85 743.285 22 5239 1038.08 751.612 
-7.19559 -1.242 56.2978
255 255 255
2 13 5052 468.109 754.452 22 5233 503.228 750.724 
-6.60457 -1.1731 56.1006
255 255 255
3 13 5053 510.898 754.227 18 5783 606.689 745.308 22 5234 548.91 751.132 
-7.49274 -1.24835 56.5046
255 255 255
2 13 5055 449.241 755.796 22 5237 482.478 752.212 
-4.44906 -0.943834 54.8583
255 255 255
2 13 5060 662.22 756.98 22 5242 711.458 753.994 
-0.356811 -0.374697 54.3349
255 255 255
3 13 5062 998.877 757.92 18 5792 1144.19 749.223 22 5250 1055.69 757.675 
-4.11502 -0.775262 54.7051
255 255 255
2 13 5076 688.788 768.111 22 5264 739.446 765.607 
-4.61847 -0.803434 54.8658
255 255 255
2 13 5081 650.389 770.693 22 5268 699.182 767.919 
-4.05361 -0.690517 54.7601
255 255 255
2 13 5085 695.853 774.243 22 5271 746.085 771.432 
-3.77888 -0.597224 54.4759
255 255 255
2 13 5090 714.566 780.73 22 5279 767.164 778.705 
-4.51714 -0.662143 54.7586
255 255 255
2 13 5091 658.452 782.071 22 5280 708.023 779.656 
-4.68377 -0.625193 54.786
255 255 255
2 13 5096 645.89 787.034 22 5288 694.962 784.51 
-3.71245 -0.515693 54.4134
255 255 255
3 13 5097 720.01 787.39 18 5835 856.46 778.911 22 5290 773.046 785.096 
-4.16953 -0.487968 54.6003
255 255 255
3 13 5106 686.192 793.922 18 5844 817.605 785.109 22 5299 737.167 791.645 
-6.83261 -0.683855 55.9719
255 255 255
3 13 5109 496.228 797.857 18 5854 592.659 790.483 22 5302 534.22 794.958 
-3.61321 -0.313238 54.2573
255 255 255
2 13 5120 728.165 804.919 22 5315 782.202 802.605 
-4.52715 -0.395138 54.6657
255 255 255
2 13 5123 659.362 805.52 22 5314 709.274 803.177 
-3.9955 -0.294334 54.4288
255 255 255
2 13 5128 699.914 809.669 22 5322 752.176 807.395 
-3.64644 -0.220638 54.1725
255 255 255
3 13 5134 725.318 813.692 18 5883 866.087 805.925 22 5330 779.458 811.539 
-6.64813 -0.474848 55.7756
255 255 255
2 13 5136 509.557 814.946 22 5331 548.315 811.75 
0.524189 0.4279 54.1897
255 255 255
2 13 5141 1082.27 816.72 22 5346 1139.86 817.481 
-4.30215 -0.238958 54.3787
255 255 255
2 13 5146 674.616 818.794 22 5342 726.677 816.041 
-6.72927 -0.382112 55.6632
255 255 255
2 13 5154 501.964 824.411 22 5349 541.231 821.484 
-3.25159 -0.0815809 53.8969
255 255 255
3 13 5157 754.982 823.712 18 5904 902.087 814.827 22 5352 812.179 821.396 
-3.149 -0.0548906 53.9306
255 255 255
3 13 5158 764.425 824.424 18 5911 911.162 815.636 22 5355 821.479 822.062 
0.488263 0.510654 54.1397
255 255 255
3 13 5162 1079.93 825.074 18 5915 1228.52 816.807 22 5364 1137.63 825.363 
-2.98873 0.0252562 53.9895
255 255 255
3 13 5165 780.114 828.343 18 5920 926 820.419 22 5368 835.93 826.572 
0.236388 0.502567 54.1188
255 255 255
3 13 5166 1058.1 827.822 18 5921 1206.99 819.672 22 5370 1116.45 827.677 
0.54371 0.588874 54.1262
255 255 255
3 13 5174 1085.57 831.068 18 5927 1234.35 823.284 22 5377 1143.28 831.502 
-4.38802 -0.083942 54.4253
255 255 255
2 13 5179 670.419 832.726 22 5374 721.823 829.76 
0.123742 0.544071 54.0393
255 255 255
3 13 5180 1048.49 833.494 18 5933 1198.68 825.14 22 5383 1106.78 833.759 
-3.08353 0.0887518 53.9277
255 255 255
3 13 5184 771.834 835.758 18 5941 918.619 827.639 22 5382 828.528 833.68 
-3.2899 0.0891892 53.8816
255 255 255
3 13 5188 753.893 838.602 18 5947 900.956 831.135 22 5386 810.677 836.431 
0.220268 0.624195 54.0568
255 255 255
3 13 5189 1057.99 838.892 18 5948 1207.81 830.656 22 5395 1116 839.579 
0.491066 0.677542 54.0727
255 255 255
3 13 5193 1081.76 840.17 18 5952 1231.4 831.704 22 5396 1139.85 840.514 
-6.72735 -0.178258 55.5279
255 255 255
2 13 5195 501.805 842.28 22 5393 541.787 839.816 
0.313714 0.681637 54.0728
255 255 255
3 13 5196 1066.93 842.286 18 5957 1216.42 835.423 22 5404 1124.62 842.393 
0.439694 0.720129 54.1179
255 255 255
3 13 5203 1078.36 843.595 18 5962 1227.11 836.15 22 5412 1136.35 844.363 
-4.41315 0.0575997 54.3831
255 255 255
2 13 5205 669.413 845.393 22 5407 720.936 842.615 
-3.18016 0.192608 53.8528
255 255 255
2 13 5208 763.954 846.795 22 5411 820.915 844.467 
0.190715 0.716128 53.9828
255 255 255
3 13 5212 1056.13 848.082 18 5975 1207.14 840.128 22 5418 1114.13 848.07 
0.244559 0.733318 54.0417
255 255 255
2 13 5213 1061.37 848.502 22 5419 1119.48 848.261 
0.45819 0.821187 54.0954
255 255 255
2 13 5219 1081.23 852.782 22 5429 1138.96 852.873 
-6.34306 0.0217622 55.5481
255 255 255
3 13 5221 535.138 854.087 18 5985 640.346 847.725 22 5426 575.638 851.7 
-4.50845 0.140077 54.3681
255 255 255
2 13 5222 662.382 853.662 22 5424 713.784 851.004 
-3.28872 0.279967 53.8213
255 255 255
2 13 5225 755.534 855.929 22 5432 812.496 853.7 
-6.65867 0.00671785 55.4807
255 255 255
2 13 5227 508.558 857.314 22 5434 548.774 854.815 
0.181645 0.818195 53.9568
255 255 255
3 13 5229 1056.42 857.372 18 5992 1207.8 849.2 22 5438 1114.7 857.418 
-0.0923801 0.778744 53.8965
255 255 255
3 13 5230 1031.86 858.163 18 5996 1184.24 849.947 22 5441 1090.83 857.658 
-6.50083 0.0555143 55.4817
255 255 255
3 13 5233 521.493 859.544 18 6001 627.152 853.185 22 5437 562.574 856.788 
0.163477 0.88737 53.9437
255 255 255
3 13 5244 1055.69 863.265 18 6009 1207.24 856.222 22 5455 1113.98 863.619 
-0.290454 0.797472 53.7345
255 255 255
2 13 5246 1013.43 863.768 22 5452 1073.48 863.473 
-6.81582 0.0824467 55.5451
255 255 255
2 13 5248 498.343 865.035 22 5449 537.707 862.143 
0.0381031 0.901246 53.8968
255 255 255
3 13 5251 1044.67 866.97 18 6020 1196.99 859.094 22 5457 1103.43 866.778 
-0.0577017 0.897453 53.8208
255 255 255
2 13 5254 1035.61 868.983 22 5462 1094.97 868.159 
-6.40947 0.209327 55.4102
255 255 255
3 13 5258 529.406 872.248 18 6029 636.485 865.635 22 5463 570.493 869.181 
0.0552622 0.992218 53.8984
255 255 255
4 12 2500 680.476 849.48 13 5264 1047.01 875.021 18 6033 1200.06 866.891 22 5477 1105.86 874.685 
-6.63898 0.223286 55.4198
255 255 255
2 13 5265 511.545 875.793 22 5469 551.944 873.126 
-0.0944617 1.0183 53.7861
255 255 255
3 13 5276 1033.87 880.066 18 6046 1188 872.401 22 5486 1093.07 879.325 
-0.252143 1.00264 53.7814
255 255 255
3 13 5280 1020.11 880.823 18 6048 1174.22 872.781 22 5489 1079.55 880.167 
-3.39706 0.557015 53.7219
255 255 255
2 13 5283 748.506 882.163 18 6053 897.703 874.714 
-6.72508 0.305047 55.3957
255 255 255
2 13 5288 505.211 883.966 22 5491 545.491 881.075 
-3.30293 0.603083 53.7332
255 255 255
3 13 5291 757.195 884.84 18 6063 906.401 877.509 22 5496 814.336 882.643 
-6.02736 0.423006 55.2916
255 255 255
2 13 5293 560.277 886.423 22 5498 602.474 884.09 
-5.93264 0.496378 55.2921
255 255 255
2 13 5302 568.793 891.483 22 5508 611.066 889.087 
-0.281838 1.14737 53.8428
255 255 255
2 13 5311 1020.37 893.591 22 5516 1079.08 892.151 
-0.14461 1.15105 53.7433
255 255 255
3 13 5312 1030.96 892.929 18 6080 1185.67 884.708 22 5517 1090.33 892.153 
-5.83051 0.530281 55.214
255 255 255
2 13 5314 575.874 893.746 22 5514 618.851 891.695 
-3.6246 0.670252 53.7709
255 255 255
2 13 5315 731.843 894.294 22 5515 788.275 892.078 
-3.50615 0.816183 53.6509
255 255 255
2 13 5339 741.668 907.194 22 5541 798.892 904.151 
-3.61558 0.830912 53.6816
255 255 255
2 13 5343 733.218 909.283 22 5549 790.087 906.621 
-9.94493 0.953993 57.6416
255 255 255
2 13 5404 312.101 949.877 22 5614 330.794 947.554 
-6.20701 1.18011 54.9332
255 255 255
3 13 5414 548.102 955.424 18 6218 663.553 952.266 22 5628 591.745 953.443 
-7.90796 1.06521 55.6855
255 255 255
2 13 5422 426.831 957.601 22 5631 461.986 955.092 
-8.01201 1.08945 55.6076
255 255 255
2 13 5427 417.226 961.814 22 5639 452.604 959.018 
-7.91139 1.20032 55.6675
255 255 255
2 13 5446 427.789 968.928 22 5659 462.927 966.68 
-7.7101 1.22164 55.5935
255 255 255
3 13 5447 442.202 969.197 18 6252 538.739 966.283 22 5660 478.607 966.954 
-7.99955 1.22262 55.5998
255 255 255
2 13 5455 419.634 972.699 22 5666 454.966 970.163 
-6.33452 1.3677 54.8699
255 255 255
2 13 5459 538.977 974.031 22 5672 582.401 971.778 
-2.1001 1.71668 53.1487
255 255 255
3 13 5460 864.558 973.827 18 6257 1026.9 966.809 22 5673 926.102 972.151 
-3.24752 1.59747 53.2929
255 255 255
2 13 5463 767.835 976.235 22 5677 827.17 973.367 
-2.52298 1.69282 53.1985
255 255 255
3 13 5464 828.898 976.18 18 6271 989.326 969.756 22 5681 889.906 974.608 
-6.41287 1.39404 54.8069
255 255 255
2 13 5469 531.712 977.979 22 5683 575.372 975.588 
-1.76548 1.81596 53.2173
255 255 255
2 13 5471 895.35 977.52 22 5684 956.844 976.132 
-1.62627 1.83347 53.1955
255 255 255
2 13 5472 907.168 977.683 22 5685 968.927 976.173 
-3.70808 1.62716 53.3821
255 255 255
3 13 5484 730.807 983.031 18 6291 884.291 977.244 22 5698 789.087 980.486 
-7.85486 1.36153 55.4959
255 255 255
2 13 5487 430.488 983.795 22 5696 466.655 981.305 
-8.73588 1.35661 55.9338
255 255 255
2 13 5497 370.792 987.997 22 5709 402.247 985.968 
-2.0739 1.86943 53.1098
255 255 255
3 13 5499 868.244 987.584 18 6301 1031.23 980.556 22 5712 930.13 985.642 
-3.81926 1.67096 53.3647
255 255 255
2 13 5501 721.832 988.553 22 5710 779.788 986.019 
-1.97565 1.89761 53.1087
255 255 255
3 13 5502 877.007 988.93 18 6305 1040.19 981.773 22 5715 938.956 986.907 
-1.4443 1.98986 53.2467
255 255 255
3 13 5503 925.656 988.638 18 6302 1087.04 981.24 22 5716 986.811 987.044 
-2.14417 1.93558 53.1098
255 255 255
2 13 5509 863.161 994.301 18 6315 1025.9 987.342 
-1.89806 1.97276 53.074
255 255 255
3 13 5512 884.225 995.196 18 6317 1048.13 987.746 22 5727 946.282 993.021 
-2.03648 1.97904 53.1258
255 255 255
4 11 3855 773.63 973.258 13 5519 873.509 996.58 18 6318 1035.74 989.5 22 5735 934.703 994.685 
-1.46561 2.2034 53.2968
255 255 255
2 13 5540 927.4 1006.85 18 1808 1087.51 1000.06 
-6.3929 1.75869 54.6645
255 255 255
2 13 5545 535.011 1010.34 22 5757 579.277 1008.06 
-3.76549 1.94159 53.374
255 255 255
2 13 5547 730.12 1011.37 22 5760 787.79 1009.04 
-7.73348 1.71626 55.3708
255 255 255
2 13 5553 441.687 1013.17 22 5768 478.602 1011.4 
-1.48557 2.30887 53.3466
255 255 255
3 13 5562 927.84 1016.19 18 6361 1086.76 1008.6 22 5776 988.037 1014.4 
-7.64302 1.82812 55.3214
255 255 255
2 13 5570 449.193 1022.18 22 5787 486.485 1020.28 
-4.28756 2.0257 53.4709
255 255 255
2 13 5578 689.112 1023.88 22 5793 745.162 1021.27 
-4.13595 2.05475 53.3474
255 255 255
2 13 5583 700.006 1026.16 22 5798 757.175 1023.66 
-6.27367 2.08293 54.5381
255 255 255
2 13 5599 546.232 1038.18 22 5821 591.219 1035.86 
-4.14184 2.24452 53.2237
255 255 255
2 13 5608 699.85 1044.72 22 5833 757.663 1041.81 
-0.0585226 3.00854 54.3804
255 255 255
2 13 5609 1071.11 1045.25 22 5837 1123.9 1045.53 
-7.835 2.16596 55.3291
255 255 255
2 13 5619 438.231 1052.6 22 5845 474.669 1050.6 
-4.18995 2.36862 53.2762
255 255 255
2 13 5622 698.355 1055.11 22 5848 755.633 1052.93 
-0.770226 2.91021 53.3309
255 255 255
2 13 5632 997.177 1060.26 22 5859 1057.36 1059.12 
-7.79642 2.31367 55.2816
255 255 255
2 13 5641 442.064 1064.99 22 5866 478.765 1063.35 
-6.54662 2.3677 54.5543
255 255 255
2 13 5642 527.948 1065.13 22 5867 572.021 1063.33 
-5.99105 2.43438 54.2979
255 255 255
2 13 5647 568.945 1067.95 22 5872 615.764 1066.03 
-2.52801 2.70595 52.9392
255 255 255
3 13 5651 838.421 1069.36 18 6460 1002.6 1063.74 22 5880 899.995 1067.28 
-6.40863 2.42144 54.3839
255 255 255
2 13 5655 536.384 1070.5 22 5884 581.824 1068.57 
-6.12302 2.4681 54.3729
255 255 255
3 13 5661 560.027 1070.83 18 6480 684.559 1070.14 22 5885 606.147 1069.14 
-6.22962 2.48672 54.3888
255 255 255
3 13 5666 551.869 1074.16 18 6488 675.568 1072.28 22 5895 597.709 1071.67 
-0.196301 3.33831 54.2531
255 255 255
2 13 5674 1062.72 1077.6 22 5906 1115.91 1077.21 
-8.99999 2.41025 55.8258
255 255 255
2 13 5675 360.239 1079.12 22 5908 390.641 1077.68 
-8.00919 2.45168 55.3051
255 255 255
3 13 5677 427.332 1078.52 18 6508 525.959 1079 22 5904 463.257 1077.05 
-6.34872 2.54042 54.4277
255 255 255
3 13 5678 543.741 1079.46 18 6507 666.09 1077.8 22 5905 588.692 1077.39 
-4.19606 2.68014 53.2172
255 255 255
3 13 5692 700.845 1083.49 18 6509 854.614 1079.13 22 5922 758.452 1081.24 
-0.208879 3.5055 54.1794
255 255 255
2 13 5712 1063.17 1093.22 22 5946 1116.72 1093.07 
-8.02331 2.64873 55.1758
255 255 255
2 13 5719 425.804 1097.27 22 5951 462.288 1095.29 
-6.19941 2.73568 54.2362
255 255 255
2 13 5720 554.484 1096.91 22 5952 601.023 1095.31 
-4.13469 2.85743 53.147
255 255 255
2 13 5724 707.269 1099.42 22 5958 764.982 1096.89 
-6.00673 2.84675 54.161
255 255 255
2 13 5734 570.222 1105.34 18 6582 698.704 1104.16 
-5.9288 3.00119 54.0847
255 255 255
2 13 5754 577.081 1118.7 22 5985 624.908 1117.34 
-3.50308 3.1438 52.8567
255 255 255
2 13 5758 759.714 1121.18 22 5989 820.26 1119.29 
-4.13828 3.09803 52.9857
255 255 255
3 13 5767 707.028 1122.77 18 6612 865.09 1119.73 22 5992 766.421 1120.48 
-4.22473 3.13984 53.0191
255 255 255
3 13 5772 701.185 1127.23 18 6620 858.104 1123.63 22 6004 759.295 1124.95 
-1.33035 3.57777 53.2321
255 255 255
2 13 5776 957.24 1127.63 22 6008 1016.91 1126.23 
-5.98394 3.10973 53.9801
255 255 255
2 13 5782 571.94 1131.03 22 6013 620.116 1128.1 
-4.06435 3.18152 52.8717
255 255 255
2 13 5784 712.712 1131.43 22 6016 772.185 1128.67 
-2.7527 3.35093 52.8221
255 255 255
2 13 5785 826.201 1131.22 22 6018 887.727 1129.11 
-0.460544 3.89412 54.0482
255 255 255
3 13 5789 1045.79 1132.28 18 6625 1190.28 1125.46 22 6027 1099.72 1131.61 
-3.97096 3.21168 52.8946
255 255 255
3 13 5791 721.449 1132.55 18 6635 881.615 1128.43 22 6020 780.896 1130.28 
-2.92572 3.36046 52.786
255 255 255
3 13 5800 811.059 1134.84 18 6639 976.343 1129.89 22 6026 872.282 1132.39 
-3.05865 3.38154 52.7771
255 255 255
3 13 5806 799.725 1138.36 18 6653 964.828 1133.64 22 6035 861.033 1136.15 
-2.97082 3.45416 52.7439
255 255 255
3 13 5828 807.68 1144.68 18 6669 973.587 1139.23 22 6053 869.399 1141.98 
-1.39164 3.73906 53.0382
255 255 255
2 13 5833 951.681 1145.77 22 6059 1012.56 1144.15 
-2.56278 3.54305 52.7414
255 255 255
3 13 5837 844.052 1146.96 18 6675 1010.96 1142.48 22 6061 905.825 1145.14 
-8.31207 3.21372 55.093
255 255 255
2 13 5840 407.872 1149.06 22 6063 443.634 1147.37 
-5.75832 3.32658 53.7976
255 255 255
2 13 5842 589.716 1149.25 22 6066 639.494 1147.73 
-0.566392 4.07216 54.0042
255 255 255
2 13 5845 1038.83 1149.95 22 6070 1092.7 1148.96 
-2.81919 3.5425 52.6979
255 255 255
3 13 5847 821.048 1151.11 18 6688 988.242 1146.15 22 6069 883.56 1148.83 
-6.79796 3.29396 54.1879
255 255 255
2 13 5849 511.624 1152.48 22 6073 556.656 1150.78 
-5.65978 3.3713 53.7687
255 255 255
2 13 5850 597.891 1152.33 22 6074 648.027 1151.03 
-2.44367 3.68546 52.7108
255 255 255
3 13 5869 855.748 1158.79 18 6706 1023.39 1154.04 22 6090 917.902 1156.98 
-5.54504 3.46561 53.7126
255 255 255
3 13 5873 607.54 1159.71 18 6726 745.724 1160.27 22 6094 658.224 1158.29 
-2.25121 3.73874 52.7598
255 255 255
3 13 5876 873.82 1160.64 18 6712 1040.84 1155.21 22 6097 935.727 1158.72 
-2.35318 3.75813 52.7762
255 255 255
2 13 5881 865.454 1163.24 22 6103 927.346 1161.47 
-5.64458 3.49659 53.686
255 255 255
2 13 5886 599.229 1164.87 22 6107 649.727 1162.48 
-1.97884 3.83754 52.8158
255 255 255
3 13 5888 899.422 1165.29 18 6725 1065.8 1159.4 22 6117 961.255 1163.51 
-2.06349 3.82547 52.7929
255 255 255
3 13 5892 891.757 1165.66 18 6727 1058.38 1159.9 22 6116 953.351 1163.67 
-2.19027 3.8336 52.7847
255 255 255
2 13 5894 880.674 1167.96 22 6121 942.573 1166.03 
-2.00225 3.92984 52.7871
255 255 255
3 13 5906 898.296 1174.2 18 6753 1065.07 1168.71 22 6135 960.176 1172.32 
-5.71335 3.672 53.5796
255 255 255
2 13 5919 593.677 1182.28 22 6154 644.672 1180.57 
-7.8025 3.61889 54.5245
255 255 255
2 13 5922 441.233 1186.34 22 6160 481.457 1184.76 
-7.69883 3.65826 54.5063
255 255 255
2 13 5927 449.711 1188.71 22 6165 490.266 1187.37 
-5.70198 3.74317 53.5451
255 255 255
2 13 5928 594.863 1188.76 22 6163 646.073 1187.35 
-2.02114 4.13547 52.7552
255 255 255
4 11 4091 795.256 1175.38 13 5936 898.993 1192.84 18 6793 1066.29 1187.43 22 6177 960.891 1191.49 
-6.21026 3.75606 53.6545
255 255 255
2 13 5937 554.971 1194.06 22 6175 604.387 1192.42 
-6.06576 3.76397 53.6147
255 255 255
2 13 5938 566.264 1193.77 22 6176 616.231 1192.07 
-7.92305 3.71607 54.5893
255 255 255
2 13 5941 434.117 1194.71 22 6179 473.57 1193.59 
-2.15523 4.17542 52.6809
255 255 255
3 13 5949 886.898 1200.2 18 2261 1055.14 1194.77 22 2135 949.391 1197.24 
-5.4195 3.95397 53.2897
255 255 255
3 13 5963 616.509 1208.13 18 6835 762.57 1208.04 22 6208 669.205 1206.82 
-6.63543 3.89771 53.7987
255 255 255
2 13 5965 524.583 1208.7 22 6206 571.992 1207.37 
-2.06327 4.36864 52.7163
255 255 255
4 12 2838 529.088 1191.38 13 5978 898.05 1215.1 18 6840 1065.61 1210.02 22 6221 960.065 1212.98 
-5.22468 4.07142 53.1572
255 255 255
3 13 5982 631.646 1218.5 18 6857 781.011 1218.4 22 6229 686.167 1216.84 
-2.12274 4.45677 52.6843
255 255 255
2 13 5988 893.771 1224.69 22 6235 955.721 1222.38 
-1.94981 4.5612 52.7435
255 255 255
2 13 6000 911.042 1230.96 22 6247 972.587 1228.63 
-2.09171 4.55228 52.667
255 255 255
3 13 6003 897.502 1232.82 18 6875 1065.66 1228.26 22 6251 959.599 1230.91 
-5.00162 4.32752 52.9554
255 255 255
2 13 6012 650.089 1242.1 22 6258 706.128 1240.25 
-0.813916 5.31152 53.8632
255 255 255
2 13 6034 1033.44 1263.58 22 6287 1086.73 1263 
-3.76728 4.68599 52.4333
255 255 255
2 13 6039 750.975 1268.98 22 6292 812.498 1266.93 
-10.2616 4.6234 55.9426
255 255 255
2 13 6047 290.855 1272.96 18 11186 363.477 1283.19 
-4.81718 4.73778 52.6627
255 255 255
2 13 6057 665.784 1281.56 22 6310 723.837 1279.75 
-4.87361 4.83978 52.5631
255 255 255
2 13 6067 660.515 1293.53 22 6318 719.014 1290.92 
-4.04391 4.96742 52.3383
255 255 255
2 13 6076 729.316 1298.9 22 6327 790.866 1297.48 
-4.73526 4.99476 52.5302
255 255 255
2 13 6088 673.815 1306.13 22 6339 732.666 1304.02 
-4.88489 5.07344 52.6228
255 255 255
2 13 6098 663.849 1313.34 22 6345 721.61 1310.83 
-5.22987 5.2492 52.6219
255 255 255
3 13 6123 636.697 1332.25 18 7032 795.102 1334.49 22 6369 693.818 1331.02 
-5.13903 5.3304 52.4615
255 255 255
2 13 6132 642.507 1341.87 22 6384 700.794 1340.16 
-1.48397 6.86967 53.3497
255 255 255
2 13 6189 991.73 1418.93 22 6448 1046.38 1417.84 
-1.55003 6.94549 53.319
255 255 255
2 13 6193 986.736 1427.18 22 6453 1041.44 1425.83 
-1.60028 7.02352 53.2292
255 255 255
3 13 6198 982.372 1437.09 18 7133 1136.56 1431.9 22 6458 1037.62 1435.06 
-1.71752 7.16382 53.1177
255 255 255
2 13 6216 972.811 1452.92 22 6474 1028.58 1451.24 
-1.60623 7.29252 53.2834
255 255 255
2 13 6223 986.307 1459.11 22 6480 1040.85 1458.26 
-1.70382 7.28185 53.2266
255 255 255
2 13 6224 977.051 1460.83 22 6482 1031.88 1459.32 
-1.66573 7.35662 53.2041
255 255 255
2 13 6234 981.11 1467.57 22 6490 1036.04 1465.97 
6.35584 11.4867 63.3983
255 255 255
2 13 6267 1732.33 1507.35 22 6533 1716.43 1511.03 
-1.6368 7.84409 53.0391
255 255 255
2 13 6273 988.426 1514.41 22 6535 1043.99 1512.54 
6.25829 11.5517 63.3572
255 255 255
2 13 6275 1725.92 1514.26 22 6539 1710.2 1517.46 
6.19335 11.7659 63.3869
255 255 255
2 13 6288 1723.71 1530.33 22 6554 1707.66 1533.71 
-2.44921 7.86134 52.1435
255 255 255
3 13 6301 905.946 1545.88 18 7237 1079.06 1543.92 22 6562 966.802 1543.95 
-3.17709 7.72641 51.8731
255 255 255
2 13 6303 835.696 1548.37 18 7245 1012.92 1548.09 
-3.06819 7.75063 51.8638
255 255 255
3 13 6306 845.54 1549.43 18 7248 1023.19 1549.07 22 6567 908.515 1547.71 
-2.6879 7.84052 52.016
255 255 255
2 13 6307 882.533 1549.86 22 6568 944.852 1547.73 
-2.36781 7.95402 52.2071
255 255 255
2 13 6314 915.048 1551.91 22 6574 976.122 1549.91 
-2.60678 7.90519 52.0378
255 255 255
2 13 6315 890.901 1554.19 22 6577 953.086 1552.25 
-2.2985 8.02403 52.2825
255 255 255
2 13 6317 923.195 1555.65 22 6581 983.673 1553.67 
6.18165 12.0895 63.3176
255 255 255
2 13 6318 1727 1556.02 22 6592 1710.95 1559.49 
-2.65668 8.00151 52.047
255 255 255
2 13 6331 888.021 1562.96 18 7268 1062.57 1562.11 
-2.83673 7.96886 51.9133
255 255 255
3 13 6333 869.91 1565.33 18 7270 1046.76 1564.9 22 6601 932.2 1563.55 
-3.00991 7.94579 51.8739
255 255 255
3 13 6335 853.688 1566.15 18 7271 1030.97 1566.3 22 6600 916.221 1564.23 
-1.7996 8.36925 52.7846
255 255 255
2 13 6339 978.453 1568.74 22 6610 1035.21 1567.5 
-2.13235 8.32851 52.5636
255 255 255
2 13 6345 945.963 1574.49 22 6614 1004.06 1572.5 
-1.98144 8.47416 52.8276
255 255 255
2 13 6351 964.667 1579.04 22 6624 1020.81 1578 
-3.43384 8.02691 51.7649
255 255 255
2 13 6355 815.649 1580.92 22 6626 878.771 1579.43 
-2.05509 8.56024 52.7879
255 255 255
2 13 6365 958.968 1588.62 22 6640 1015.21 1587.37 
-3.33619 8.24577 51.7981
255 255 255
2 13 6379 827.896 1598.84 22 6655 890.633 1597.48 
-5.41688 8.02893 51.6806
255 255 255
2 13 6389 640.584 1604.84 22 6667 701.033 1603.84 
-5.67544 8.07902 51.7919
255 255 255
2 13 6396 621.011 1609.37 22 6672 680.046 1608.48 
-2.17624 8.95283 52.5978
255 255 255
2 13 6419 951.467 1629.93 22 6701 1008.51 1628.4 
-3.69204 7.44349 47.5534
255 255 255
2 13 6433 707.42 1638.82 18 7390 980.479 1641.48 
-2.23096 9.16647 52.5801
255 255 255
2 13 6447 949.499 1650.17 22 6726 1006.34 1648.57 
-3.31191 9.07178 51.6443
255 255 255
2 13 6480 839.426 1677.72 22 6757 902.33 1676.16 
-2.27833 9.49663 52.5061
255 255 255
2 13 6489 949.026 1681.78 22 6761 1006.05 1681.02 
-3.18266 9.27869 51.608
255 255 255
2 13 6507 853.255 1696.01 22 6779 916.376 1694.62 
-3.30977 9.29202 51.5946
255 255 255
2 13 6513 842.006 1699.16 22 6783 905.001 1697.41 
-2.40004 9.76602 52.366
255 255 255
2 13 6529 940.334 1711.27 22 6800 997.898 1709.95 
-2.88143 9.77877 51.686
255 255 255
2 13 6562 888.358 1736.27 22 6829 950.582 1734.53 
-3.0315 9.80192 51.5787
255 255 255
2 13 6569 873.769 1742.95 22 6835 936.615 1741.24 
-2.97671 9.97218 51.5741
255 255 255
2 13 6585 881.031 1758.04 22 6853 943.752 1756.21 
-3.26719 10.0338 51.434
255 255 255
3 13 6599 853.921 1770.93 18 7592 1036.58 1772.58 22 6863 917.411 1768.85 
-3.29276 10.1157 51.4106
255 255 255
3 13 6606 852.48 1778.69 18 7605 1035.47 1781.27 22 6873 915.952 1777.77 
5.32347 14.8861 62.935
255 255 255
2 13 6610 1697.92 1784.21 22 6882 1681 1784.86 
-3.14716 10.214 51.4433
255 255 255
2 13 6612 867.397 1785.61 22 6880 930.606 1783.76 
-3.31385 10.2102 51.3614
255 255 255
2 13 6619 851.217 1789.17 22 6886 914.895 1787.78 
5.22573 14.9839 62.9627
255 255 255
2 13 6620 1691.73 1791.83 22 6891 1674.64 1792.58 
-3.18822 10.3151 51.4056
255 255 255
2 13 6626 864.602 1796.06 22 6893 927.98 1794.78 
-3.35593 10.2998 51.3771
255 255 255
3 13 6628 848.951 1797.38 18 7630 1032.19 1800.06 22 6896 912.518 1795.9 
-3.3525 10.3693 51.3659
255 255 255
3 13 6637 850.12 1804.22 18 7641 1033.47 1806.68 22 6902 913.618 1802.37 
-3.2417 10.4927 51.3451
255 255 255
3 13 6653 861.577 1814.75 18 7658 1045.42 1817.12 22 6919 924.896 1813.07 
5.2101 15.2745 62.8431
255 255 255
2 13 6654 1694.25 1816.82 22 6923 1677.41 1817.12 
-3.35235 10.5314 51.3445
255 255 255
3 13 6657 852.239 1819.12 18 7664 1035.78 1822.25 22 6925 915.437 1818.19 
-3.30612 10.5839 51.373
255 255 255
2 13 6662 857.518 1822.88 22 6932 920.618 1821.41 
-3.39111 10.717 51.29
255 255 255
2 13 6680 850.581 1838.34 22 6955 914.044 1836.89 
-3.3543 10.9064 51.2679
255 255 255
3 13 6702 856.228 1855.59 18 7724 1040.81 1859.17 22 6976 919.784 1854.49 
-3.38424 11.0075 51.2353
255 255 255
2 13 6716 854.57 1866.46 22 6992 918.082 1864.89 
-12.021 11.2488 54.4883
255 255 255
2 13 6722 198.561 1871.56 22 7015 219.943 1879.28 
-3.28038 11.0956 51.2323
255 255 255
3 13 6726 865.083 1873.09 18 7756 1050.28 1877.06 22 7001 928.65 1871.54 
-11.108 11.2099 53.905
255 255 255
2 13 6734 256.23 1876.64 22 7027 283.99 1884.32 
-4.48297 10.9775 51.1594
255 255 255
3 13 6735 755.025 1877.18 18 7768 938.346 1884.85 22 7012 817.574 1876.51 
-2.89843 11.3772 51.6229
255 255 255
2 13 6743 909.054 1883.07 22 7020 969.711 1881.83 
-4.55379 11.0421 51.1075
255 255 255
3 13 6748 748.616 1884.79 18 7787 932.764 1893.9 22 7029 811.731 1884.8 
-4.41374 11.1174 51.1431
255 255 255
3 13 6757 762.999 1889.68 18 7792 946.662 1896.83 22 7036 825.376 1889.45 
-4.51587 11.1455 51.1156
255 255 255
3 13 6765 753.827 1893.63 18 7807 937.705 1902.58 22 7045 816.286 1893.57 
-4.69717 11.2442 51.039
255 255 255
3 13 6784 737.607 1906.93 18 7835 922.365 1916.5 22 7068 800.691 1906.83 
-4.58123 11.2694 51.069
255 255 255
3 13 6785 749.011 1907.34 18 7833 933.428 1916.02 22 7069 811.516 1906.99 
-4.39363 11.3244 51.0899
255 255 255
3 13 6789 766.894 1909.64 18 7838 951.428 1917.89 22 7071 829.396 1909.4 
-4.31218 11.3867 51.1073
255 255 255
2 13 6793 775.248 1914.08 22 7079 837.936 1913.66 
-4.62615 11.3617 51.0745
255 255 255
3 13 6797 746.427 1916.01 18 7852 930.443 1925.02 22 7084 808.774 1915.68 
-4.31436 11.4711 51.0267
255 255 255
3 13 6809 774.862 1924.19 18 7866 960.811 1932.22 22 7096 838.152 1923.9 
-12.026 11.9137 54.267
255 255 255
2 13 6823 201.103 1933.02 22 7127 223.166 1941.88 
-4.73514 11.6755 50.9904
255 255 255
3 13 6855 739.856 1947.86 18 7910 924.776 1958.4 22 7139 802.104 1948.2 
-4.45686 11.6854 50.9477
255 255 255
3 13 6856 763.903 1948.28 18 7906 950.679 1956.03 22 7136 827.313 1947.26 
-4.24645 11.7435 50.9949
255 255 255
2 13 6860 784.366 1949.3 22 7143 847.607 1949.14 
-4.66228 11.7348 50.961
255 255 255
3 13 6869 746.638 1953.37 18 7921 932.367 1963.74 22 7153 809.277 1953.89 
-5.03518 11.7254 50.9854
255 255 255
3 13 6873 713.721 1955.44 18 7930 897.604 1967.3 22 7159 775.653 1956.22 
-12.1555 12.1721 54.225
255 255 255
2 13 6875 193.064 1956.53 22 7180 214.77 1966.27 
-4.46042 11.8319 50.939
255 255 255
3 13 6886 765.697 1961.38 18 7936 952.399 1970.2 22 7168 828.647 1961.13 
-4.67659 11.8317 50.978
255 255 255
3 13 6890 746.951 1962.25 18 7938 932.147 1972.03 22 7172 809.65 1962.16 
-3.4319 12.0497 51.1559
255 255 255
2 13 6892 864.28 1964.16 22 7175 927.008 1962.97 
-4.55346 11.8903 50.9
255 255 255
2 13 6906 757.474 1968.87 22 7188 820.732 1968.64 
-3.1974 12.2192 51.3501
255 255 255
2 13 6913 890.673 1971 22 7190 951.953 1969.66 
-4.37524 11.9648 50.9596
255 255 255
3 13 6915 775.593 1972.32 18 7964 961.924 1980.21 22 7196 838.368 1971.7 
-3.30395 12.2013 51.15
255 255 255
3 13 6925 877.973 1976.84 18 7966 1062.98 1980.62 22 7202 940.425 1975.5 
-3.41024 12.1849 51.0887
255 255 255
3 13 6927 867.156 1978.42 18 7970 1053.26 1982.55 22 7206 930.268 1977.21 
-5.4054 11.989 50.9742
255 255 255
2 13 6933 684.462 1983.4 22 7216 745.531 1984.44 
-3.47569 12.2841 51.0901
255 255 255
2 13 6941 862.774 1988.08 22 7222 925.642 1986.84 
-11.6947 12.4638 53.6108
255 255 255
2 13 6956 217.964 1995.73 22 7250 244.511 2005.02 
-3.51588 12.371 51.0657
255 255 255
2 13 6959 860.072 1997.21 22 7238 922.954 1995.93 
-11.5034 12.5444 53.6696
255 255 255
2 13 6964 236.071 1999.51 22 7262 262.695 2008.27 
-11.5233 12.5831 53.5012
255 255 255
2 13 6978 230.626 2007.86 22 7277 258.236 2016.97 
-3.59815 12.4846 51.0672
255 255 255
2 13 6980 854.406 2008.44 22 7260 916.98 2006.95 
4.29486 17.4789 62.1509
255 255 255
2 13 6987 1652.18 2009.97 22 7265 1636.92 2008.53 
-9.6963 12.4259 52.2509
255 255 255
2 13 6996 347.933 2018.85 22 7293 389.139 2025.37 
-3.58351 12.601 51.0258
255 255 255
2 13 6998 856.751 2019.98 22 7282 919.569 2018.98 
4.1879 17.6001 62.0284
255 255 255
2 13 7015 1645.51 2023.74 22 7291 1630.78 2021.78 
-3.82549 12.6223 50.9323
255 255 255
3 13 7022 833.886 2027.13 18 8068 1021.47 2034.01 22 7294 897.053 2026.66 
-3.73942 12.6734 50.9341
255 255 255
3 13 7030 842.207 2030.94 18 8075 1029.97 2037.55 22 7298 905.895 2030.11 
4.19133 17.74 62.0672
255 255 255
2 13 7038 1647.45 2032.78 22 7302 1632.43 2031.55 
-3.90887 12.6942 50.9432
255 255 255
2 13 7041 827.62 2034.16 22 7309 890.539 2033.85 
-3.63171 12.7619 50.9668
255 255 255
2 13 7045 853.856 2036.96 22 7313 916.876 2036.17 
-4.07011 12.6975 50.8537
255 255 255
2 13 7051 811.732 2038.89 22 7319 875.134 2038.94 
-3.81121 12.7747 50.9298
255 255 255
2 13 7056 837.361 2041.18 22 7322 900.382 2040.39 
-7.77009 12.5227 51.1803
255 255 255
2 13 7070 488.817 2045.79 22 7338 542.555 2050.07 
-4.14956 12.7552 50.821
255 255 255
2 13 7071 804.927 2046.14 18 8112 993.701 2054.51 
-3.99661 12.8394 50.8884
255 255 255
2 13 7077 821.036 2050.47 22 7337 883.974 2049.38 
-4.1039 12.8515 50.8268
255 255 255
3 13 7082 810.607 2054.38 18 8126 999.208 2062.27 22 7343 873.741 2054.15 
-4.20389 12.8592 50.816
255 255 255
3 13 7086 801.561 2056.13 18 8133 990.089 2065.16 22 7350 864.65 2056.18 
3.84273 18.0944 62.0807
255 255 255
2 13 7101 1625.16 2062.3 22 7358 1609.9 2061.35 
-4.10864 12.9859 50.8279
255 255 255
2 13 7109 812.096 2066.38 22 7369 875.253 2066.45 
-4.2717 12.9719 50.7652
255 255 255
3 13 7113 796.232 2069.01 18 8163 985.447 2077.98 22 7371 859.596 2068.85 
-6.38025 12.8268 50.8215
255 255 255
3 13 7124 607.313 2073.38 18 8190 787.342 2092.42 22 7386 666.634 2075.7 
-4.28448 13.083 50.7568
255 255 255
2 13 7140 796.572 2079.45 22 7388 859.854 2079.38 
-4.50201 13.091 50.7738
255 255 255
3 13 7142 777.563 2081.3 18 8191 965.65 2092.2 22 7394 840.117 2081.94 
3.59238 18.3389 62.0314
255 255 255
2 13 7148 1609.02 2084.55 22 7399 1593.86 2083.42 
-6.25881 13.012 50.791
255 255 255
3 13 7158 620.146 2089.77 18 8222 801.115 2108.94 22 7414 679.704 2092.4 
-6.16713 13.0354 50.8201
255 255 255
3 13 7159 629.311 2089.89 18 8223 810.017 2109 22 7415 688.489 2092.57 
-4.59467 13.1518 50.7274
255 255 255
2 13 7160 769.265 2089.61 22 7407 832.183 2089.9 
-4.68926 13.2034 50.7045
255 255 255
3 13 7174 761.15 2095.81 18 8216 949.918 2107.29 22 7423 823.999 2096.64 
-6.14601 13.0791 50.6992
255 255 255
2 13 7178 629.274 2097.57 22 7433 689.688 2100.62 
-6.04363 13.1101 50.7269
255 255 255
3 13 7180 639.376 2098.55 18 8241 822.518 2117.61 22 7434 699.74 2101.21 
3.34845 18.4296 61.8553
255 255 255
2 13 7181 1591.38 2099.21 22 7424 1577.09 2097.16 
-5.96935 13.1405 50.7169
255 255 255
3 13 7182 646.233 2101.04 18 8246 829.858 2119.69 22 7439 706.753 2103.53 
-6.26159 13.1088 50.6918
255 255 255
3 13 7184 619.263 2101.63 18 8249 802.179 2121.64 22 7442 679.575 2104.6 
-4.51635 13.2918 50.7175
255 255 255
3 13 7185 778.375 2101.78 18 8231 967.233 2112.43 22 7437 840.784 2102.44 
3.46363 18.533 61.9772
255 255 255
2 13 7186 1601.51 2101.87 22 7436 1586.49 2100.78 
-6.18328 13.1875 50.7186
255 255 255
3 13 7197 627.965 2107.48 18 8259 810.522 2126.68 22 7452 687.979 2109.82 
-5.91763 13.2136 50.7073
255 255 255
3 13 7198 651.833 2107.48 18 8257 835.734 2125.92 22 7453 712.11 2110.1 
-4.79305 13.3445 50.6525
255 255 255
3 13 7208 752.772 2111.81 18 8254 942.118 2123.69 22 7456 816.319 2111.8 
-6.06826 13.2646 50.6998
255 255 255
3 13 7215 638.956 2114.34 18 8270 822.287 2132.36 22 7467 699.166 2116.47 
-4.61438 13.4058 50.6839
255 255 255
2 13 7216 770.49 2114.42 22 7463 833.369 2114.65 
-12.0995 13.8048 53.4484
255 255 255
2 13 7219 199.146 2116.76 22 7486 224.041 2127.49 
-4.70002 13.4154 50.6576
255 255 255
2 13 7220 762.482 2116.91 22 7468 825.429 2117.41 
-4.91282 13.4521 50.6771
255 255 255
3 13 7233 744.292 2121.05 18 8274 932.475 2134.75 22 7475 806.693 2122.35 
3.85715 18.7358 61.6065
255 255 255
2 13 7240 1633.97 2124.77 22 7476 1620.3 2121.94 
2.62697 19.2518 63.1898
255 255 255
2 13 7245 1548.64 2128.13 22 7490 1526.79 2127.91 
-4.84226 13.5253 50.6477
255 255 255
3 13 7248 751.249 2128.7 18 8283 940.128 2140.94 22 7492 813.69 2129.23 
-5.0227 13.5589 50.6788
255 255 255
2 13 7254 736.057 2131.93 22 7497 798.122 2133.21 
-12.2241 14.1104 53.4788
255 255 255
2 13 7271 194.028 2142 22 7529 218.079 2153.74 
-5.02016 13.748 50.6215
255 255 255
2 13 7289 738.046 2150.7 18 8323 926.55 2165.42 
-5.19904 13.8295 50.5056
255 255 255
3 13 7309 721.037 2164.52 18 8350 911.198 2179.1 22 7553 783.965 2165.54 
-5.05944 13.8976 50.5519
255 255 255
3 13 7317 735.468 2167.5 18 8353 925.049 2181.69 22 7556 798.029 2168.89 
-5.14734 13.9389 50.5362
255 255 255
3 13 7328 727.947 2172.68 18 8364 917.452 2187.27 22 7569 790.329 2174.04 
-5.36171 13.9215 50.5066
255 255 255
2 13 7330 707.906 2173.88 18 8369 897.269 2190.04 
-5.28563 13.9501 50.5192
255 255 255
3 13 7334 715.353 2175.27 18 8372 904.711 2191.12 22 7577 777.745 2177.13 
-5.64945 13.9486 50.5571
255 255 255
3 13 7340 683.599 2176.73 18 8380 870.689 2194.98 22 7580 744.738 2179.34 
-11.3806 14.335 52.7822
255 255 255
2 13 7341 247.76 2178.21 22 7601 278.503 2188.84 
-5.19225 14.0147 50.5071
255 255 255
3 13 7350 724.514 2181.03 18 8384 914.344 2195.92 22 7588 786.937 2182.4 
-5.81262 13.9945 50.5137
255 255 255
3 13 7355 668.833 2184.31 18 8398 856.085 2202.71 22 7597 730.031 2186.63 
-5.42147 14.0341 50.501
255 255 255
3 13 7356 704.132 2185.16 18 8393 893.181 2201.1 22 7598 766.189 2186.69 
-5.57429 14.0581 50.5505
255 255 255
3 13 7361 691.699 2186.75 18 8402 879.078 2203.77 22 7604 753.177 2188.62 
-4.29865 14.2893 50.6997
255 255 255
3 13 7369 812.237 2191 18 8394 1000.53 2200.94 22 7610 874.119 2191.2 
-4.18113 14.3514 50.7409
255 255 255
3 13 7377 824.402 2193.95 18 8399 1012.07 2203.43 22 7616 886.043 2194.17 
-11.0364 14.4399 52.4188
255 255 255
2 13 7382 268.339 2196.97 22 7637 302.373 2207.4 
-4.33496 14.3793 50.6954
255 255 255
2 13 7386 810.139 2199.39 22 7628 872.124 2199.92 
-6.18756 14.1905 50.5281
255 255 255
3 13 7396 638.522 2204.3 18 8448 823.586 2225.68 22 7642 698.751 2207.69 
-6.19493 14.2888 50.4962
255 255 255
3 13 7409 638.794 2214.51 18 8464 824.303 2235.64 22 7656 698.825 2218.02 
-6.29784 14.2717 50.4675
255 255 255
3 13 7411 628.753 2215 18 8465 814.438 2236.69 22 7655 688.943 2218.33 
-6.10622 14.3198 50.5115
255 255 255
3 13 7413 647.497 2216.28 18 8466 832.999 2236.7 22 7658 707.477 2219.07 
-8.25274 14.3121 50.8323
255 255 255
2 13 7420 464.834 2221.07 22 7671 517.771 2227.24 
-8.13325 14.2941 50.7319
255 255 255
2 13 7422 472.681 2221.85 22 7675 526.744 2228.45 
-6.24687 14.4594 50.4307
255 255 255
3 13 7440 635.294 2232.98 18 8499 821.709 2254.44 22 7686 695.75 2236.12 
-6.15853 14.5342 50.3596
255 255 255
2 13 7455 642.852 2241.21 22 7696 703.994 2244.81 
-6.03593 14.6026 50.4287
255 255 255
3 13 7459 656.201 2243.79 18 8517 843.384 2265.07 22 7701 716.942 2247.03 
-11.6238 15.1623 52.7358
255 255 255
2 13 7470 238.092 2251.21 22 7729 267.573 2263.73 
-6.16182 14.6805 50.3908
255 255 255
2 13 7475 645.357 2253.99 18 8531 832.647 2274.65 
-7.14072 14.6291 50.4151
255 255 255
2 13 7478 558.027 2255.99 22 7725 616.402 2260.52 
-5.93689 14.745 50.4188
255 255 255
2 13 7479 666.969 2256.33 18 8536 854.56 2276.82 
-8.22907 14.7169 50.6815
255 255 255
2 13 7490 469.36 2262.1 22 7737 523.029 2269.06 
-7.91697 14.7501 50.6039
255 255 255
2 13 7496 495.446 2265.55 22 7742 550.437 2272.02 
-6.02673 14.8403 50.3513
255 255 255
3 13 7502 659.049 2268.48 18 8552 847.518 2289.06 22 7739 720.058 2271.46 
-7.28227 14.8415 50.4834
255 255 255
2 13 7521 550.095 2273.43 22 7760 607.384 2278.65 
-12.7083 15.615 53.3614
255 255 255
2 13 7523 172.5 2274.44 22 7787 194.261 2289.04 
-7.45971 14.8372 50.4547
255 255 255
2 13 7525 533.718 2275.44 22 7767 590.821 2281.05 
-5.85315 15.0734 50.3756
255 255 255
2 13 7552 678.511 2286.84 22 7794 739.412 2289.88 
-8.49917 15.0034 50.5422
255 255 255
2 13 7569 446.742 2295.05 22 7811 500.344 2302.1 
-5.40046 15.4821 50.472
255 255 255
3 13 7603 726.962 2315.98 18 4137 914.387 2334.4 22 7849 787.416 2318.58 
-4.5364 15.6156 50.5986
255 255 255
2 13 7604 808.749 2316.16 22 7847 869.504 2317.16 
-6.25783 15.3921 50.3229
255 255 255
3 13 7612 645.971 2320.6 18 8676 833.214 2344.13 22 7862 706.205 2324.74 
-4.62586 15.6508 50.5799
255 255 255
3 13 7613 800.859 2320.85 18 8654 988.396 2333.73 22 7855 861.7 2322.12 
-6.45744 15.4216 50.3119
255 255 255
2 13 7621 628.413 2325.29 22 7868 688.144 2329.75 
-8.51583 15.3613 50.5639
255 255 255
2 13 7622 451.07 2326.01 22 7879 504.056 2333.62 
-6.56061 15.4239 50.3166
255 255 255
3 13 7623 619.391 2326.18 18 8704 805.302 2351.53 22 7871 678.727 2330.69 
-4.17836 15.7426 50.4896
255 255 255
2 13 7628 841.147 2328.95 22 7867 903.093 2328.94 
-4.99806 15.7394 50.5813
255 255 255
3 13 7636 768.844 2331.67 18 8685 954.956 2347.35 22 7881 828.747 2333.68 
-6.69412 15.4618 50.2694
255 255 255
3 13 7639 607.091 2332.58 18 8720 793.306 2358.48 22 7885 666.424 2337.32 
-6.48584 15.5046 50.2868
255 255 255
3 13 7646 626.568 2333.98 18 8721 813.363 2359.06 22 7887 686.438 2338.35 
-6.58937 15.5226 50.2752
255 255 255
3 13 7648 617.412 2336.92 18 8733 803.924 2362.51 22 7893 676.985 2341.46 
-4.89643 15.8197 50.5689
255 255 255
3 13 7651 778.923 2338.29 18 8712 965.521 2353.81 22 7892 839.043 2340.4 
-6.71698 15.5478 50.2273
255 255 255
3 13 7661 605.343 2342.63 18 8741 792.234 2367.92 22 7908 665.161 2346.84 
-6.39483 15.6039 50.2746
255 255 255
3 13 7662 636.127 2342.98 18 8737 823.353 2366.97 22 7909 695.645 2346.91 
-4.80438 15.8546 50.5156
255 255 255
3 13 7663 786.738 2343.08 18 8719 974.717 2357.32 22 7901 847.53 2344.74 
-6.6398 15.589 50.2648
255 255 255
3 13 7665 613.673 2343.73 18 8744 800.071 2369.62 22 7913 673.18 2348.33 
-6.82183 15.6489 50.4089
255 255 255
2 13 7666 601.306 2344.58 22 7914 659.242 2350.12 
-4.7085 15.9317 50.5939
255 255 255
3 13 7668 798.063 2346.09 18 8724 984.472 2359.94 22 7910 857.703 2347.57 
-6.5598 15.6336 50.2491
255 255 255
3 13 7670 621.236 2347.94 18 8747 808.231 2373.03 22 7916 680.784 2352.15 
-6.9005 15.65 50.2423
255 255 255
3 13 7677 590.733 2351.86 18 8755 776.329 2379.85 22 7924 650.131 2357.29 
-4.84724 16.0167 50.5626
255 255 255
2 13 7684 786.16 2356.13 22 7927 846.152 2357.72 
-4.72572 16.0803 50.5686
255 255 255
3 13 7691 798.188 2360.38 18 8748 984.866 2374.86 22 7930 858.093 2361.98 
-4.97045 16.1198 50.4831
255 255 255
2 13 7709 775.244 2369.41 22 7940 835.532 2371.4 
-7.22059 15.8279 50.215
255 255 255
3 13 7713 564.522 2371.49 18 8789 748.744 2401.51 22 7951 622.658 2377.27 
-9.00306 15.8835 50.629
255 255 255
2 13 7716 417.809 2373.37 22 7962 468.353 2381.82 
-4.89134 16.205 50.5112
255 255 255
2 13 7721 784.113 2375.33 22 7952 844.19 2377.13 
-5.00326 16.2379 50.4636
255 255 255
2 13 7732 773.718 2381.04 22 7964 833.942 2383.1 
-5.11476 16.2424 50.4568
255 255 255
3 13 7733 763.586 2382.49 18 8785 951.106 2399.57 22 7969 823.824 2384.85 
-9.03418 15.9989 50.6025
255 255 255
2 13 7741 416.159 2384.58 22 7986 466.712 2393.62 
-9.27454 16.0217 50.6131
255 255 255
2 13 7744 395.841 2387.88 22 7992 445.62 2397.25 
-9.13924 16.0195 50.5861
255 255 255
2 13 7745 406.954 2388.15 22 7993 457.246 2396.61 
-5.03479 16.334 50.4322
255 255 255
3 13 7753 771.826 2391.18 18 8797 959.935 2407.54 22 7983 831.965 2393.25 
-9.87379 16.2126 50.9885
255 255 255
2 13 7760 356.053 2394.36 22 8011 401.192 2404.39 
-8.57695 16.0508 50.3675
255 255 255
2 13 7763 451.36 2395.03 22 8012 504.827 2403.6 
-5.11859 16.4071 50.4096
255 255 255
3 13 7767 764.94 2399.39 18 8810 953.127 2416.11 22 8007 825.126 2401.6 
-4.33834 16.4028 50.222
255 255 255
2 13 7769 832.161 2400.05 22 8004 895.137 2400.9 
-5.27792 16.3681 50.3121
255 255 255
3 13 7772 748.147 2401.13 18 8818 937.963 2418.98 22 8009 809.27 2403.38 
-7.16938 16.2002 50.1986
255 255 255
2 13 7780 574.259 2404.97 22 8025 632.27 2410.93 
-4.40074 16.4407 50.1845
255 255 255
3 13 7783 826.438 2405.53 18 8817 1021.7 2418.08 22 8016 889.613 2406.35 
-9.36375 16.319 50.7353
255 255 255
2 13 7792 395.446 2409.89 22 8046 443.737 2419.6 
-7.27393 16.2362 50.1765
255 255 255
2 13 7794 565.024 2410.01 18 8867 749.187 2440.88 
-5.35709 16.4882 50.2971
255 255 255
3 13 7797 742.686 2412.61 18 8844 932.301 2432.03 22 8034 803.274 2415.65 
-5.26609 16.5166 50.2984
255 255 255
3 13 7803 751.405 2415.01 18 8845 941.216 2432.53 22 8038 811.875 2417.33 
-10.6476 16.6833 51.6057
255 255 255
2 13 7804 312.328 2416.1 22 8058 350.466 2428.37 
-7.25262 16.3317 50.1655
255 255 255
3 13 7808 568.15 2418.73 18 8880 752.501 2449.68 22 8055 625.963 2424.95 
-5.27303 16.6206 50.2466
255 255 255
3 13 7819 751.381 2426.35 18 8872 942.11 2444.28 22 8060 812.188 2428.87 
-5.43559 16.6019 50.1763
255 255 255
3 13 7824 735.05 2428.72 18 8875 926.77 2448.04 22 8062 796.508 2431.52 
-12.2888 17.3413 52.8215
255 255 255
2 13 7830 216.483 2435.35 22 8092 241.086 2451.3 
-4.50947 16.7955 49.9856
255 255 255
2 13 7846 818.613 2446.52 22 8087 882.659 2447.63 
-12.1223 17.4183 52.6622
255 255 255
2 13 7847 227.046 2446.67 22 8106 253.11 2462.82 
-8.41859 16.628 50.301
255 255 255
2 13 7848 472.358 2447.84 22 8098 526.01 2456.4 
-8.27807 16.671 50.223
255 255 255
2 13 7854 483.593 2453.74 22 8105 538.153 2462.27 
-8.44127 16.7196 50.2838
255 255 255
2 13 7860 471.345 2456.93 22 8108 524.932 2465.36 
-4.59226 16.9667 49.9649
255 255 255
3 13 7867 813.287 2463.43 18 8921 1011.76 2477.57 22 8109 877.185 2464.93 
-11.8513 17.6315 52.4446
255 255 255
2 13 7878 246.759 2471.47 22 8142 274.781 2487.15 
-4.82718 17.0713 49.9815
255 255 255
3 13 7883 793.867 2473.94 18 8938 991.021 2489.93 22 8126 856.894 2476.01 
-5.8016 17.0471 49.9639
255 255 255
2 13 7896 704.889 2480.13 22 8136 766.508 2483.94 
-5.4057 17.1077 49.9317
255 255 255
3 13 7903 740.997 2483.83 18 8962 937.179 2503.81 22 8145 803.543 2487.01 
-5.23265 17.1367 49.963
255 255 255
2 13 7904 757.708 2484.19 22 8141 820.2 2486.25 
-4.75151 17.1885 49.9071
255 255 255
3 13 7910 801.175 2486.94 18 8960 999.997 2502.72 22 8149 864.948 2488.89 
-5.78372 17.1444 49.9656
255 255 255
3 13 7914 708.078 2488.68 18 8975 901.99 2511.03 22 8158 769.379 2492.59 
-5.12925 17.2052 49.9753
255 255 255
3 13 7915 768.23 2488.71 18 8967 964.309 2506.72 22 8153 830.962 2491.24 
-5.54506 17.1862 49.9333
255 255 255
3 13 7917 729.65 2491.98 18 8980 925.116 2512.78 22 8162 791.671 2495.37 
-5.23632 17.2974 50.0409
255 255 255
2 13 7925 761.151 2495.08 22 8166 822.862 2497.82 
-4.89428 17.2482 49.8801
255 255 255
3 13 7926 788.634 2494.62 18 8976 987.463 2511.38 22 8164 852.275 2496.79 
-5.74507 17.2657 49.9856
255 255 255
3 13 7932 713.749 2498.14 18 8995 907.196 2520.85 22 8178 774.859 2502.34 
-5.30778 17.2592 49.9057
255 255 255
2 13 7933 751.675 2497.66 22 8177 814.424 2500.94 
-5.07941 17.3139 49.9193
255 255 255
3 13 7934 773.455 2500.22 18 8988 970.711 2518.5 22 8179 836.45 2502.86 
-11.0825 17.8047 51.8925
255 255 255
2 13 7938 299.127 2503 22 8202 332.89 2518.04 
-8.36018 17.2503 50.261
255 255 255
2 13 7941 485.872 2503.9 22 8197 539.256 2513.39 
-5.60585 17.3685 49.9829
255 255 255
3 13 7944 727.785 2506.41 18 9005 921.662 2528.34 22 8193 789.137 2510.3 
-5.27644 17.3957 49.9845
255 255 255
3 13 7945 757.99 2506.2 18 9000 953.009 2526.08 22 8191 819.97 2509.44 
-11.3573 17.915 52.0675
255 255 255
2 13 7947 282.19 2507.55 22 8210 313.782 2522.17 
-5.87928 17.347 49.9693
255 255 255
3 13 7948 702.49 2507.46 18 9009 895.629 2530.61 22 8195 763.532 2511.53 
-5.77948 17.3638 49.9716
255 255 255
3 13 7950 711.942 2507.94 18 9010 905.349 2530.74 22 8196 772.75 2512.03 
-5.70516 17.3829 49.9636
255 255 255
4 10 7102 970.064 2547.63 13 7953 718.526 2509.72 18 9011 912.615 2531.49 22 8198 780.114 2513.54 
-5.97033 17.4608 49.9719
255 255 255
3 13 7963 696.023 2518.34 18 9027 888.552 2541.91 22 8213 756.759 2522.62 
-5.74013 17.5074 49.9983
255 255 255
3 13 7969 717.943 2519.39 18 9028 910.764 2542.04 22 8215 778.974 2523.4 
-5.6289 17.5327 49.9918
255 255 255
3 13 7971 728.342 2520.98 18 9032 921.654 2543.08 22 8219 789.349 2524.92 
-6.06956 17.5266 50.0065
255 255 255
2 13 7973 688.758 2523.24 22 8224 748.891 2527.91 
-6.20719 17.5391 50.0474
255 255 255
2 13 7976 677.356 2523.57 18 9045 867.164 2549.54 
-5.82947 17.5964 50.0165
255 255 255
3 13 7981 711.6 2527.22 18 9048 903.519 2550.58 22 8234 772.099 2531.51 
-11.0759 18.1129 51.8304
255 255 255
2 13 7986 302.592 2531.93 22 8254 336.402 2546.78 
-8.78601 17.6152 50.3754
255 255 255
2 13 7989 456.542 2534.34 22 8251 507.499 2544.62 
-6.58083 17.6198 50.0301
255 255 255
3 13 7990 644.627 2534.24 18 9069 833.072 2562.9 22 8242 703.574 2539.99 
-5.84389 17.6668 49.9766
255 255 255
2 13 7993 710.65 2535.47 22 8243 771.255 2539.59 
-6.20818 17.6856 50.0285
255 255 255
3 13 7997 679.093 2537.44 18 9072 869.061 2563.62 22 8249 738.599 2542.53 
-9.03113 17.7159 50.4339
255 255 255
2 13 8007 437.947 2542.26 22 8266 487.716 2553.25 
-11.0007 18.1635 51.6485
255 255 255
2 13 8008 305.073 2543.13 22 8273 340.267 2557.99 
-7.08356 17.724 50.1146
255 255 255
3 13 8011 602.96 2543.63 18 9086 787.115 2575.61 22 8260 659.993 2550.28 
-8.36537 17.7374 50.2683
255 255 255
3 13 8016 492.867 2546.73 18 9107 667.089 2588.19 22 8272 545.638 2556.13 
-8.46643 17.7994 50.3173
255 255 255
2 13 8023 486.036 2551.05 22 8280 538.002 2560.6 
-9.23526 17.8473 50.5111
255 255 255
2 13 8024 423.917 2551.96 22 8284 472.4 2563.27 
-7.25579 17.8087 50.1368
255 255 255
3 13 8025 589.161 2551.46 18 9099 771.948 2584.75 22 8274 646.013 2558.36 
-7.14331 17.8038 50.0803
255 255 255
3 13 8026 598.073 2552.46 18 9100 782.558 2585.33 22 8278 655.271 2559.4 
-6.81532 17.8359 50.106
255 255 255
3 13 8027 628.5 2551.77 18 9096 813.9 2582.61 22 8275 685.838 2558.23 
-8.90176 17.8364 50.3606
255 255 255
2 13 8030 449.37 2555.3 22 8292 499.839 2565.75 
-7.02383 17.883 50.1453
255 255 255
3 13 8033 611.278 2555.61 18 9108 794.849 2588.2 22 8286 668.095 2562.64 
-9.18849 17.9336 50.5336
255 255 255
2 13 8034 429.803 2558.23 22 8300 478.156 2569.63 
-8.37764 17.9059 50.355
255 255 255
2 13 8035 496.301 2558.44 22 8296 548.051 2567.55 
-8.02881 17.9331 50.2258
255 255 255
3 13 8044 524.548 2564.3 18 9141 701.218 2602.36 22 8305 578.208 2572.51 
-7.71158 17.9293 50.1593
255 255 255
3 13 8045 550.895 2564.03 18 9139 730.745 2601.29 22 8302 606.497 2572.18 
-9.17641 18.0749 50.6173
255 255 255
2 13 8053 434.911 2566.88 22 8311 482.544 2578.62 
-8.30652 17.9455 50.2227
255 255 255
3 13 8054 500.107 2567.15 18 9145 675.316 2607.32 22 8308 553.163 2576.45 
-8.18321 17.9378 50.1534
255 255 255
2 13 8055 509.372 2567.99 22 8310 563.172 2577.85 
-9.31355 18.1447 50.6663
255 255 255
2 13 8060 425.197 2572.06 22 8321 471.975 2583.56 
-7.63417 18.0499 50.1747
255 255 255
2 13 8062 560.174 2573.63 22 8320 614.953 2581.88 
-10.5975 18.4145 51.3272
255 255 255
2 13 8063 334.813 2575.31 22 8330 373.1 2590.02 
-10.4898 18.4572 51.4023
255 255 255
2 13 8064 346.451 2575.36 22 8331 384.463 2589.62 
-9.49743 18.1873 50.6556
255 255 255
2 13 8067 409.604 2577.22 22 8328 455.934 2589.43 
-7.83222 18.1209 50.1972
255 255 255
2 13 8069 544.167 2580.32 22 8329 598.209 2588.94 
-7.71295 18.1392 50.2243
255 255 255
2 13 8070 555.603 2580.14 22 8326 609.674 2588.22 
-8.03181 18.1658 50.1713
255 255 255
2 13 8078 526.609 2586.74 22 8337 580.303 2595.78 
-10.3465 18.5089 51.1184
255 255 255
2 13 8081 352.435 2590.74 22 8350 392.761 2604.97 
-9.73967 18.4459 50.9008
255 255 255
2 13 8083 398.358 2591.17 22 8347 441.921 2603.46 
-10.2508 18.5958 51.106
255 255 255
2 13 8093 361.638 2598.71 22 8361 402.135 2611.82 
-9.55098 18.6076 50.9423
255 255 255
2 13 8098 417.975 2601.97 22 8367 461.629 2614.7 
-9.72746 18.6072 50.9346
255 255 255
2 13 8100 402.572 2603.35 22 8369 445.796 2616.39 
-10.0449 18.6373 50.9822
255 255 255
2 13 8105 376.851 2605.83 22 8375 418.826 2619.55 
-9.95947 18.6422 50.9599
255 255 255
3 13 8106 383.727 2606.35 18 9216 533.24 2659.65 22 8376 426.115 2620.03 
-9.63827 18.6687 50.9233
255 255 255
2 13 8112 410.92 2608.87 22 8378 454.353 2621.31 
-7.02767 18.6139 50.0504
255 255 255
2 13 8122 620.061 2624.96 22 8384 676.443 2632.32 
-4.69457 -3.8899 58.6173
255 255 255
2 13 8166 671.536 501.025 22 8427 699.326 500.095 
-0.986158 -6.70218 61.3373
255 255 255
3 13 8206 950.34 240.146 18 9309 986.687 231.877 22 8466 969.103 244.839 
1.77248 -6.2451 61.4365
255 255 255
2 13 8207 1158.68 240.134 22 8472 1177.32 248.715 
2.01516 -6.2008 61.3019
255 255 255
2 13 8208 1176.07 240.284 22 8473 1195.47 249.071 
-2.0171 -6.73397 61.7939
255 255 255
2 13 8221 880.839 250.982 22 8480 896.078 254.537 
-1.10795 -6.55549 61.4322
255 255 255
3 13 8223 944.286 252.603 18 9328 978.851 244.168 22 8481 962.279 257.235 
-1.40067 -6.58844 61.3378
255 255 255
2 13 8225 921.637 253.689 22 8482 939.772 257.789 
-2.34728 -6.71119 61.9551
255 255 255
2 13 8228 859.39 256.695 22 8485 873.45 260.147 
-2.59456 -6.6668 61.6739
255 255 255
2 13 8233 838.618 263.107 22 8491 853.895 265.211 
0.469079 -6.12169 60.1189
255 255 255
2 13 8234 1051.97 264.478 22 8494 1077.77 269.942 
-2.42382 -6.57599 61.6723
255 255 255
2 13 8239 851.897 267.432 22 8493 867.29 270.283 
0.150802 -5.7968 59.5568
255 255 255
2 13 8270 1026.42 292.661 22 8517 1055.14 297.697 
-3.63963 -5.80933 60.8749
255 255 255
2 13 8308 762.004 338.331 22 8551 779.917 339.806 
-3.48 -5.66954 60.6659
255 255 255
2 13 8321 772.251 346.94 22 8554 791.379 348.42 
-2.11327 -5.42391 59.7554
255 255 255
3 13 8329 863.401 349.393 18 9425 919.833 339.049 22 8560 889.284 351.624 
1.25867 -4.86271 57.783
255 255 255
2 13 8336 1106.02 351.636 22 8586 1145.28 356.635 
-4.26851 -5.61266 60.9989
255 255 255
2 13 8363 720.477 360.418 22 8597 736.758 361.361 
6.90701 -3.84358 58.2487
255 255 255
2 13 8369 1568.77 359.519 22 8628 1602.23 371.486 
-3.46968 -5.48115 60.3498
255 255 255
2 13 8370 770.687 361.276 22 8599 791.418 362.289 
-0.62334 -5.04307 58.2903
255 255 255
2 13 8372 962.939 360.842 22 8609 998.267 364.4 
-2.99549 -5.37042 59.7713
255 255 255
2 13 8378 798.735 363.958 22 8615 823.311 365.82 
6.69042 -3.79175 58.1734
255 255 255
2 13 8380 1552.11 366.476 22 8640 1586.18 378.192 
3.01908 -4.38342 56.8169
255 255 255
2 13 8388 1244.12 367.897 22 8635 1289.49 374.518 
-3.00883 -5.30294 59.8206
255 255 255
2 13 8390 799.246 369.333 22 8624 823.419 370.963 
-3.78047 -5.41308 60.2905
255 255 255
2 13 8392 747.789 369.985 22 8623 768.484 371.085 
7.23503 -3.65826 58.6408
255 255 255
3 13 8393 1597.96 369.636 18 9536 1667.29 373.6 22 8655 1628.09 382.37 
-1.81965 -5.09045 58.9357
255 255 255
2 13 8400 879.014 371.955 22 8632 909.386 373.903 
0.309351 -4.76682 57.0714
255 255 255
2 13 8401 1025.5 372.279 22 8634 1068.9 375.316 
6.87153 -3.68018 58.188
255 255 255
2 13 8402 1568.16 372.976 22 8660 1601.85 384.972 
7.3879 -3.55027 58.7033
255 255 255
2 13 8411 1611.51 375.956 22 8668 1641.31 389.129 
-4.6361 -5.41871 61.1934
255 255 255
2 13 8415 699.06 378.807 22 8643 713.635 379.929 
3.25669 -4.21677 56.4977
255 255 255
2 13 8417 1263.36 378.602 22 8659 1310.7 385.4 
5.78006 -3.79105 57.5982
255 255 255
2 13 8418 1477.98 378.884 22 8666 1516.47 389.233 
-3.22973 -5.20113 59.8019
255 255 255
2 13 8420 783.806 379.866 22 8649 807.73 381.093 
2.98752 -4.24256 56.663
255 255 255
2 13 8422 1242.42 379.949 22 8661 1288.66 386.325 
5.90417 -3.76657 57.5272
255 255 255
2 13 8423 1488.15 379.707 22 8667 1526.92 389.383 
-1.79959 -4.95921 58.8476
255 255 255
3 13 8427 880.996 382.174 18 9528 951.644 371.699 22 8656 911.809 383.884 
-0.593802 -4.77101 57.8951
255 255 255
3 13 8429 964.026 382.791 18 9531 1052.03 373.229 22 8658 1001.65 385.559 
7.23897 -3.48641 58.7148
255 255 255
2 13 8430 1600.62 383.103 22 8686 1630.37 395.68 
7.81476 -3.36438 59.2473
255 255 255
2 13 8434 1647.93 384.482 22 8695 1673.68 398.504 
2.949 -4.16154 56.4758
255 255 255
3 13 8439 1239.14 387.775 18 9557 1352.43 382.891 22 8680 1286.46 393.359 
5.96007 -3.65451 57.6689
255 255 255
2 13 8440 1494.56 387.575 22 8694 1532.27 397.876 
-1.97862 -4.89342 58.7988
255 255 255
3 13 8442 867.462 389.148 18 9545 938.506 379.293 22 8671 898.631 391.029 
-1.78938 -4.85489 58.785
255 255 255
3 13 8443 882.222 389.301 18 9551 953.818 380.822 22 8676 913.283 391.77 
1.40544 -4.35758 56.7688
255 255 255
3 13 8447 1114.84 390.78 18 9565 1223.34 385.64 22 8682 1160.23 395.351 
-2.13158 -4.84822 58.8059
255 255 255
2 13 8456 856.613 394.572 22 8688 887.271 396.426 
7.17415 -3.33673 58.6841
255 255 255
3 13 8461 1597.52 396.364 18 9594 1665.71 399.003 22 8712 1627.49 408.221 
3.11426 -4.02155 56.1454
255 255 255
2 13 8464 1252.11 397.252 22 8704 1301.59 402.963 
3.49804 -3.92181 56.1699
255 255 255
2 13 8470 1284.91 400.144 22 8709 1334.1 406.716 
5.70647 -3.54125 57.6634
255 255 255
2 13 8471 1475.8 400.242 22 8718 1513.52 409.67 
-1.1198 -4.60803 57.6216
255 255 255
2 13 8476 922.013 402.842 22 8705 960.649 404.085 
5.82173 -3.48617 57.7274
255 255 255
2 13 8477 1485.98 402.916 22 8724 1523.17 412.835 
6.89185 -3.30051 58.3491
255 255 255
3 13 8478 1575.45 402.938 18 9611 1649.68 405.83 22 8731 1607.27 414.582 
-2.02552 -4.70951 58.4813
255 255 255
2 13 8479 862.049 404.489 22 8708 894.666 406.271 
6.45109 -3.33364 58.0898
255 255 255
3 13 8485 1539.51 406.349 18 9616 1619.08 408.386 22 8736 1573.19 417.422 
3.17331 -3.89467 56.099
255 255 255
3 13 8487 1258.29 407.014 18 9601 1377.76 402.796 22 8722 1308.11 412.683 
3.3201 -3.86514 56.0411
255 255 255
2 13 8491 1270.37 407.718 22 8723 1320.34 413.277 
5.65778 -3.39857 57.7793
255 255 255
2 13 8502 1474.2 411.918 22 8749 1511.06 421.783 
6.00403 -3.32554 57.9064
255 255 255
3 13 8503 1503.31 413.128 18 9630 1586.93 414.244 22 8753 1538.96 423.461 
2.39849 -3.93898 56.1158
255 255 255
2 13 8506 1194.81 413.541 18 9613 1314.28 408.166 
3.71849 -3.70234 56.084
255 255 255
2 13 8511 1305.45 415.511 22 8748 1354.92 422.117 
5.77555 -3.31584 57.7994
255 255 255
2 13 8515 1484.85 417.008 22 8759 1521.4 427 
3.85928 -3.65228 56.1025
255 255 255
3 13 8518 1317.8 417.789 18 9632 1436.28 414.789 22 8755 1367 424.394 
5.29338 -3.37835 57.4646
255 255 255
3 13 8520 1444.35 419.005 18 9635 1536.77 418.393 22 8761 1483.19 428.178 
5.56384 -3.3034 57.6968
255 255 255
3 13 8525 1467.73 420.9 18 9639 1555.69 421.239 22 8764 1505.14 430.716 
-1.29469 -4.36838 57.7604
255 255 255
2 13 8526 913.174 423.665 22 8756 950.54 425.116 
4.744 -3.23124 57.2587
255 255 255
3 13 8548 1401.29 438.331 18 9673 1497.85 437.177 22 8785 1441.84 446.486 
-2.65385 -4.34203 58.0011
255 255 255
2 13 8551 811.867 442.255 22 8781 846.427 442.593 
8.01901 -2.60948 58.926
255 255 255
2 13 8553 1674.91 442.268 22 8808 1701.4 455.458 
-2.16293 -4.25084 57.6953
255 255 255
2 13 8555 846.522 443.89 22 8784 883.436 444.701 
-2.29631 -4.23059 57.7441
255 255 255
2 13 8562 837.113 446.824 22 8793 873.608 448.002 
3.8429 -3.27181 56.6129
255 255 255
2 13 8567 1324.69 448.336 22 8807 1369.93 454.916 
-2.71015 -4.24689 57.847
255 255 255
2 13 8572 806.497 450.817 22 8800 841.864 450.974 
-1.99955 -4.12334 57.4672
255 255 255
2 13 8573 857.624 452.227 22 8804 896.069 453.568 
-3.17834 -4.26301 58.3387
255 255 255
2 13 8580 777.628 454.201 22 8803 809.419 454.259 
1.90111 -3.51715 55.7997
255 255 255
2 13 8586 1157.45 455.648 22 8817 1208.63 459.371 
3.85891 -3.13821 56.7458
255 255 255
2 13 8592 1328.57 458.567 22 8836 1372.77 465.527 
-0.356232 -3.80362 56.4486
255 255 255
2 13 8595 978.162 459.746 22 8821 1024.26 461.679 
7.59303 -2.45301 59.0387
255 255 255
2 13 8597 1643.34 460.164 22 8856 1669.31 472.086 
-2.31041 -4.04852 57.7784
255 255 255
3 13 8599 838.755 460.886 18 9702 924.545 451.911 22 8820 874.775 462.158 
3.58689 -3.15267 56.6051
255 255 255
2 13 8600 1305.52 461.407 22 8840 1350.73 467.73 
3.99164 -3.05585 56.989
255 255 255
2 13 8602 1341.77 462.99 22 8848 1384.18 470.108 
6.18348 -2.68484 57.5283
255 255 255
2 13 8606 1525.98 463.677 22 8861 1563.14 472.897 
7.86337 -2.35638 59.0194
255 255 255
2 13 8607 1666.09 464.08 22 8876 1691.84 476.986 
1.70684 -3.43097 55.6995
255 255 255
2 13 8610 1141.87 465.537 22 8844 1193.62 469.09 
3.72088 -3.08169 56.7351
255 255 255
3 13 8611 1318.1 465.272 18 9737 1424.61 461.743 22 8854 1362.39 471.699 
-3.01035 -4.09835 57.9464
255 255 255
2 13 8612 786.674 465.909 22 8834 820.947 466.093 
-2.59983 -4.01788 58.007
255 255 255
2 13 8619 820.038 466.763 22 8839 854.326 467.844 
4.08631 -2.98636 56.9312
255 255 255
3 13 8622 1350.25 467.706 18 9748 1452.77 464.772 22 8870 1392.5 474.874 
-2.89068 -4.03569 58.0317
255 255 255
3 13 8623 797.278 469.066 18 9723 877.649 458.718 22 8842 832.625 469.112 
-2.67476 -4.00326 57.6953
255 255 255
2 13 8626 810.02 469.904 22 8847 846.144 470.244 
8.06804 -2.2551 58.992
255 255 255
2 13 8627 1683.81 469.837 22 8892 1709.32 482.408 
-2.54227 -3.96016 57.8675
255 255 255
2 13 8628 823.198 470.918 22 8853 858.374 472.07 
-2.40415 -3.93446 57.665
255 255 255
2 13 8632 831.337 471.874 22 8859 867.895 472.829 
3.92212 -2.95405 56.8758
255 255 255
3 13 8634 1337.21 472.438 18 9762 1440.79 469.507 22 8887 1379.61 479.646 
-2.90432 -3.9812 58.0964
255 255 255
2 13 8635 798.397 473.135 22 8866 831.771 474.099 
5.39075 -2.70427 57.1296
255 255 255
2 13 8640 1460.53 473.557 22 8890 1500.87 481.394 
-1.412 -3.76484 56.6192
255 255 255
2 13 8647 896.904 476.112 22 8873 940.982 476.794 
-1.23568 -3.73638 56.522
255 255 255
2 13 8648 909.965 476.344 22 8874 954.83 477.336 
-3.13819 -3.96359 57.8221
255 255 255
2 13 8651 776.634 478.287 22 8879 811.434 478.637 
3.48768 -2.95213 56.6759
255 255 255
2 13 8653 1300.68 478.927 22 8898 1345.18 485.105 
-3.4917 -3.98834 58.0217
255 255 255
2 13 8654 752.258 480.425 22 8885 785.364 480.035 
-1.53536 -3.73113 56.5509
255 255 255
2 13 8655 886.679 480.808 22 8889 931.03 480.936 
8.02003 -2.10975 59.4041
255 255 255
2 13 8656 1681.74 480.849 22 8922 1704.56 493.367 
-1.11135 -3.64814 56.475
255 255 255
2 13 8657 920.377 482.13 22 8893 965.546 483.07 
1.46932 -3.20395 55.516
255 255 255
3 13 8668 1123.92 488.304 18 9789 1252.89 480.764 22 8913 1176.46 491.21 
-4.46198 -4.02561 58.1119
255 255 255
2 13 8671 679.264 489.624 22 8902 710.516 487.549 
-1.55182 -3.61416 56.5955
255 255 255
2 13 8672 887.439 490.111 22 8911 931.396 490.769 
1.13977 -3.2346 55.4879
255 255 255
3 13 8675 1096.06 489.743 18 9800 1225.53 482.599 22 8921 1149.19 492.725 
-2.1495 -3.67344 56.8789
255 255 255
2 13 8678 843.437 492.096 22 8915 885.005 492.229 
5.09908 -2.52541 57.0007
255 255 255
3 13 8679 1439.08 492.267 18 9815 1538.15 489.963 22 8934 1479.88 500.219 
-4.3708 -3.93949 58.3185
255 255 255
2 13 8684 690.545 494.158 22 8919 720.648 493.258 
-2.41739 -3.68325 57.1423
255 255 255
2 13 8685 826.066 493.947 22 8925 865.634 493.843 
-0.803913 -3.46792 56.1691
255 255 255
3 13 8686 943.29 493.673 18 9807 1058.74 484.593 22 8928 990.772 494.83 
-4.92613 -3.99836 58.8039
255 255 255
2 13 8688 655.936 494.79 22 8924 682.402 493.871 
-2.5231 -3.63601 57.0218
255 255 255
2 13 8694 816.657 499.422 22 8930 856.852 499.191 
1.16005 -3.10388 55.2842
255 255 255
2 13 8698 1097.62 501.388 22 8943 1151.72 503.677 
-5.89365 -4.02066 59.1743
255 255 255
2 13 8704 589.823 503.745 22 8936 612.638 501.92 
4.81361 -2.41324 57.1509
255 255 255
2 13 8708 1417.9 504.202 22 8955 1458.13 512.208 
-1.3579 -3.41077 56.3365
255 255 255
3 13 8710 901.868 505.431 18 9828 1013.32 494.815 22 8948 947.913 505.662 
-5.47471 -3.91959 59.0701
255 255 255
2 13 8711 620.324 506.566 18 9825 675.701 494.414 
4.51145 -2.38349 57.0373
255 255 255
2 13 8718 1393.4 511.043 22 8971 1434.46 518.364 
-6.3372 -3.97977 59.2707
255 255 255
2 13 8720 559.121 511.781 22 8951 580.637 509.852 
-6.24016 -3.89624 59.4296
255 255 255
3 13 8727 569.769 516.066 18 9843 616.797 504.386 22 8959 591.285 514.513 
-2.35182 -3.40744 56.757
255 255 255
3 13 8729 829.026 516.253 18 9849 931.088 506.031 22 8966 871.188 516.577 
-4.06897 -3.62332 57.7598
255 255 255
2 13 8730 708.332 517.273 22 8964 741.935 516.021 
4.43884 -2.30315 56.9799
255 255 255
2 13 8732 1388.39 518.766 22 8986 1429.76 525.902 
-4.40517 -3.63491 57.906
255 255 255
2 13 8733 684.804 519.732 22 8970 717.102 518.786 
-5.6183 -3.75577 58.6091
255 255 255
2 13 8738 603.478 522.754 22 8974 629.799 520.876 
-4.75819 -3.65099 57.9748
255 255 255
2 13 8739 658.848 522.838 22 8975 690.185 521.056 
4.08626 -2.29351 56.6582
255 255 255
3 13 8748 1358.55 525.769 18 9888 1464.57 521.619 22 9003 1401.74 531.84 
4.19669 -2.25923 56.6399
255 255 255
2 13 8751 1367.77 527.029 22 9005 1411.42 533.13 
-5.49097 -3.67008 58.4544
255 255 255
2 13 8753 611.331 528.372 22 8989 638.7 526.633 
8.22096 -1.42236 59.8992
255 255 255
2 13 8762 1706.71 530.811 22 9023 1725.38 543.212 
-6.16924 -3.70753 58.9901
255 255 255
2 13 8763 569.632 531.752 22 8998 592.762 529.68 
-4.04977 -3.44056 57.5552
255 255 255
3 13 8764 708.705 531.982 18 9887 792.598 520.952 22 9001 743.423 530.816 
-4.90717 -3.53046 58.0818
255 255 255
2 13 8766 650.721 533.472 22 9002 681.106 532.2 
3.99345 -2.21913 56.5282
255 255 255
3 13 8768 1351.26 533.733 18 9901 1459.56 529.048 22 9017 1395.56 539.467 
-6.39581 -3.67786 59.1081
255 255 255
2 13 8771 555.262 536.229 22 9008 577.312 534.22 
-2.28777 -3.14222 56.4278
255 255 255
3 13 8772 832.719 537.798 18 9899 940.295 528.725 22 9013 876.792 538.099 
3.84736 -2.15398 56.6261
255 255 255
2 13 8780 1340.72 540.198 22 9028 1384.45 545.974 
-6.81209 -3.63224 59.2427
255 255 255
2 13 8787 527.41 544.057 22 9019 547.949 542.055 
-2.5146 -3.10682 56.3276
255 255 255
3 13 8788 813.884 544.35 18 9914 922.518 534.381 22 9026 857.97 543.862 
-6.71952 -3.59636 59.1539
255 255 255
3 13 8791 532.655 546.429 18 9909 581.512 533.293 22 9024 554.802 543.875 
3.54784 -2.12267 56.5908
255 255 255
2 13 8793 1316.59 546.79 22 9043 1360.59 552.187 
-6.6921 -3.54259 59.0307
255 255 255
3 13 8800 532.988 550.952 18 9919 583.774 537.418 22 9030 555.911 548.108 
-2.76769 -3.05174 56.1531
255 255 255
2 13 8805 791.843 553.041 22 9042 836.88 552.116 
-2.6046 -2.88549 56.3255
255 255 255
2 13 8823 809.441 563.477 22 9060 853.387 563.493 
-6.95491 -3.30477 58.7224
255 255 255
2 13 8840 510.686 572.962 22 9074 533.696 570.908 
8.22534 -0.861984 60.2616
255 255 255
2 13 8843 1714.42 573.035 22 9099 1730.2 585.403 
0.828885 -2.15038 54.8734
255 255 255
2 13 8864 1079.17 587.474 22 9108 1134.98 589.266 
-6.54339 -2.98907 58.028
255 255 255
2 13 8885 532.01 596.01 22 9118 559.521 593.559 
-5.51448 -2.74543 56.9482
255 255 255
2 13 8905 593.447 608.122 22 9136 629.157 605.988 
1.90609 -1.73552 54.7627
255 255 255
2 13 8907 1173.5 609.082 22 9150 1229.95 611.857 
-6.25582 -2.81328 57.423
255 255 255
2 13 8910 544.448 609.428 22 9141 575.975 606.812 
8.43236 -0.318066 60.3137
255 255 255
2 13 8913 1738.03 612.216 22 9176 1752.64 625.485 
-5.81778 -2.6972 57.0184
255 255 255
2 13 8918 571.861 615.279 22 9152 606.58 613.089 
1.81189 -1.64755 54.7429
255 255 255
2 13 8923 1166.7 618.005 22 9164 1223.15 620.456 
0.27349 -1.85348 54.9111
255 255 255
2 13 8927 1037.68 619.754 22 9166 1092.57 620.689 
-1.05958 -2.02935 55.2087
255 255 255
3 13 8929 929.341 620.808 18 10066 1059.62 610.734 22 9163 981.514 620.629 
-1.18111 -2.04078 55.1694
255 255 255
2 13 8932 918.837 621.839 22 9165 970.988 620.603 
1.89247 -1.4762 54.9176
255 255 255
2 13 8951 1177.39 631.028 22 9191 1232.28 632.595 
-5.97583 -2.51755 56.7879
255 255 255
2 13 8957 557.46 633.176 22 9183 593.117 630.174 
-5.60295 -2.44319 56.8057
255 255 255
2 13 8959 587.582 634.207 22 9188 623.74 632.116 
-0.22242 -1.71647 54.8279
255 255 255
2 13 8964 997.603 638.254 22 9203 1052.63 638.64 
-4.27777 -2.23778 56.0877
255 255 255
2 13 8965 681.187 638.629 22 9198 723.855 637.077 
0.093022 -1.5924 54.7794
255 255 255
2 13 8982 1024.81 644.846 22 9224 1080.26 645.72 
-0.125277 -1.60764 54.8504
255 255 255
3 13 8985 1007.32 646.322 18 10128 1145 637.22 22 9223 1062.27 646.529 
-4.51659 -2.16657 56.0784
255 255 255
2 13 8987 663.05 647.836 22 9219 705.28 645.4 
-3.75237 -1.97193 55.7128
255 255 255
2 13 9000 719.999 656.311 22 9237 765.595 654.66 
-3.62103 -1.90398 55.6441
255 255 255
2 13 9008 730.237 660.775 22 9245 776.388 659.055 
8.64362 0.554819 60.5223
255 255 255
2 13 9028 1766.39 677.537 22 9284 1778.17 688.746 
-3.73339 -1.71217 55.6204
255 255 255
2 13 9030 723.267 678.164 22 9269 769.223 676.464 
-2.66929 -1.41986 55.2145
255 255 255
2 13 9045 806.366 691.85 22 9286 856.128 690.748 
8.64395 0.816758 60.6312
255 255 255
2 13 9049 1769.81 697.122 22 9302 1780.64 708.537 
-1.36588 -0.977882 54.8383
255 255 255
2 13 9066 913.383 715.68 22 9309 966.533 714.432 
-1.07614 -0.839791 54.5367
255 255 255
2 13 9074 935.11 725.32 22 9318 990.641 725.394 
-0.0518189 -0.649488 54.3281
255 255 255
3 13 9079 1020.51 730.217 18 10255 1166.73 721.912 22 9324 1077.95 730.591 
-6.60606 -1.35028 56.2277
255 255 255
2 13 9091 511.395 738.861 22 9332 548.27 735.83 
-6.80345 -1.30748 56.1546
255 255 255
2 13 9097 494.977 745.182 22 9337 531.916 742.203 
-0.621722 -0.554621 54.3866
255 255 255
3 13 9100 974.992 744.946 18 10279 1119.23 737.017 22 9344 1031.25 745.205 
-6.44671 -1.2515 56.0106
255 255 255
2 13 9104 520.733 746.577 22 9340 559.217 743.686 
-0.891218 -0.568224 54.3476
255 255 255
3 13 9112 951.697 748.449 18 10288 1096.28 738.935 22 9350 1008.51 747.242 
-7.47153 -1.2374 56.4793
255 255 255
2 13 9122 450.482 756.609 22 9359 483.913 753.059 
-6.7893 -1.15526 56.0407
255 255 255
2 13 9127 495.628 758.675 22 9362 533.097 755.008 
-4.38076 -0.838615 54.7075
255 255 255
2 13 9136 666.42 766.354 22 9373 716.668 763.073 
-6.99803 -1.00136 56.1657
255 255 255
3 13 9144 483.09 772.47 18 19497 575.874 764.198 22 9382 520.709 769.054 
-4.10859 -0.552151 54.6333
255 255 255
2 13 9157 690.896 787.299 22 9395 741.858 785.208 
-7.09573 -0.808378 55.946
255 255 255
2 13 9161 473.749 791.109 22 9399 510.936 788.225 
-3.25575 -0.389129 54.3049
255 255 255
2 13 9163 757.427 793.387 22 9404 811.727 791.599 
-6.80029 -0.696516 55.9101
255 255 255
2 13 9166 497.591 797.167 22 9405 535.455 794.252 
-4.22137 -0.376009 54.4923
255 255 255
2 13 9175 681.509 805.316 22 9412 733.006 802.228 
-4.51836 -0.385609 54.6055
255 255 255
3 13 9179 659.272 806.986 18 10365 789.158 798.071 22 9416 709.203 804.495 
-3.72692 -0.292465 54.2783
255 255 255
3 13 9182 719.409 808.025 18 10368 858.052 799.16 22 9418 773.156 805.643 
-2.97109 -0.143879 54.0501
255 255 255
3 13 9188 780.546 812.865 18 10376 925.465 805.071 22 9424 835.524 811.237 
-3.63713 -0.214973 54.1974
255 255 255
3 13 9189 726.622 813.717 18 10377 866.941 806.135 22 9425 780.484 811.758 
-4.89026 -0.32928 54.6884
255 255 255
2 13 9191 631.078 815.375 22 9427 680.17 812.834 
0.343744 0.382454 54.1579
255 255 255
3 13 9192 1066.12 815.363 18 10380 1214.47 807.602 22 9432 1123.8 815.927 
-4.32019 -0.23698 54.4077
255 255 255
2 13 9198 673.694 819.053 22 9430 725.494 816.039 
-3.39287 -0.0960113 54.1201
255 255 255
2 13 9205 746.919 822.178 22 9438 801.965 819.611 
-4.43001 -0.191501 54.5441
255 255 255
2 13 9207 667.705 822.712 22 9437 718.385 820.328 
-3.11924 -0.0734771 53.8659
255 255 255
2 13 9208 765.718 822.936 22 9439 822.971 820.65 
-3.25061 -0.0809239 53.8111
255 255 255
2 13 9210 753.764 824.357 22 9442 811.27 822.179 
0.47052 0.505077 54.2036
255 255 255
4 7 2759 878.651 814.968 13 9211 1078.19 824.05 18 10399 1227.03 816.236 22 9448 1136.1 824.616 
0.227326 0.49545 54.1133
255 255 255
3 13 9215 1057.26 827.182 18 10404 1206.24 819.34 22 9452 1115.42 827.291 
-3.55806 0.0032636 54.1211
255 255 255
2 13 9224 734.551 832.578 22 9456 789.283 830.268 
0.131348 0.538125 54.0541
255 255 255
2 13 9225 1049.2 832.707 22 9459 1107.43 832.808 
-3.28772 0.0674887 53.8621
255 255 255
2 13 9231 753.488 837.194 22 9463 810.393 834.928 
0.0348897 0.639489 54.0076
255 255 255
2 13 9238 1041.92 842.974 22 9475 1100.36 843.379 
0.306127 0.70423 54.0881
255 255 255
3 13 9240 1066.68 844.2 18 10434 1215.87 837.217 22 9476 1124.46 844.413 
-4.40016 0.0629661 54.397
255 255 255
2 13 9243 670.789 845.479 22 9474 722.243 842.867 
8.65544 2.95911 61.7862
255 255 255
2 13 9252 1797.43 854.174 22 9509 1798.79 864.348 
-6.6766 0.00352815 55.4859
255 255 255
3 13 9253 507.153 857.108 18 10451 611.905 850.948 22 9488 547.425 854.532 
-0.107914 0.767005 53.9131
255 255 255
3 13 9254 1030.65 857.04 18 10448 1182.69 849.075 22 9495 1089.29 856.683 
9.17767 3.04023 61.3866
255 255 255
2 13 9258 1839.94 857.681 22 9514 1842.78 868.562 
-6.52126 0.0579999 55.4971
255 255 255
3 13 9259 520.336 860.025 18 10457 625.571 853.327 22 9493 560.953 857.086 
-0.42267 0.747652 53.8034
255 255 255
2 13 9261 1002.34 860.233 22 9499 1061.88 860.235 
-0.291564 0.814612 53.8167
255 255 255
3 13 9271 1014.46 864.293 18 10465 1168.17 856.583 22 9507 1074.1 864.116 
-6.80845 0.0768068 55.5224
255 255 255
2 13 9272 498.387 864.666 22 9502 537.928 861.836 
-0.456952 0.905914 53.7968
255 255 255
3 13 9282 1001.61 874.959 18 10478 1155.3 866.664 22 9521 1060.87 874.064 
0.0562439 1.00596 53.8345
255 255 255
3 13 9286 1046.92 876.621 18 10485 1200.32 868.523 22 9522 1106.17 876.271 
-0.256729 0.994134 53.774
255 255 255
3 13 9292 1019.64 880.145 18 10491 1173.86 872.271 22 9528 1078.81 879.528 
-0.0984437 1.01535 53.7832
255 255 255
3 13 9293 1033.41 879.965 18 10492 1187.61 872.023 22 9526 1092.76 879.271 
-0.562156 0.964052 53.8038
255 255 255
3 13 9295 993.481 881.597 18 10493 1146.84 872.789 22 9527 1052.86 880.255 
-3.41645 0.565353 53.7251
255 255 255
3 13 9297 747.041 883.164 18 10501 896.106 875.704 22 9533 804.236 880.748 
-3.28885 0.595955 53.7387
255 255 255
3 13 9300 758.332 883.944 18 10502 907.5 876.694 22 9535 815.551 881.797 
-6.72029 0.311505 55.383
255 255 255
2 13 9302 505.411 884.57 22 9534 545.778 881.688 
-0.408658 1.02204 53.7466
255 255 255
3 13 9303 1006.66 884.967 18 10503 1161.24 876.625 22 9538 1066.32 884.227 
-6.03986 0.425179 55.3062
255 255 255
2 13 9305 559.589 886.605 22 9537 601.663 884.273 
-0.138977 1.1546 53.7362
255 255 255
3 13 9321 1031.4 893.093 18 10516 1186.26 885.123 22 9559 1090.83 892.516 
-0.289239 1.13589 53.6988
255 255 255
3 13 9328 1017.78 894.348 18 10515 1173.25 885.292 22 9558 1077.86 893.025 
-6.05127 0.736817 55.1895
255 255 255
3 13 9353 560.251 914.143 18 10562 672.259 908.537 22 9583 602.773 911.679 
-3.32327 0.946711 53.5267
255 255 255
2 13 9358 756.605 917.349 22 9587 814.904 914.941 
0.314034 1.91406 54.8611
255 255 255
2 13 9386 1092.22 940.26 22 9623 1143.04 941.089 
-8.90452 0.99748 56.1164
255 255 255
2 13 9411 357.518 958.359 22 9644 387.816 956.101 
-2.11843 1.70784 53.1518
255 255 255
3 13 9436 862.868 973.366 18 10658 1025.13 966.153 22 9674 924.527 971.501 
-2.53639 1.69154 53.217
255 255 255
3 13 9441 828.066 976.176 18 10664 988.074 969.51 22 9678 888.832 974.347 
-1.63324 1.81617 53.1953
255 255 255
3 13 9442 906.358 976.394 18 10665 1068.65 968.699 22 9680 968.067 974.799 
-1.77688 1.80856 53.2234
255 255 255
2 13 9444 894.364 976.953 22 9682 955.806 975.526 
-1.40699 1.87341 53.2449
255 255 255
3 13 9445 927.234 977.403 18 10670 1088.9 971.258 22 9683 988.47 976.05 
-2.41844 1.76612 53.2414
255 255 255
3 13 9452 839.653 981.049 18 10673 999.31 974.28 22 9687 899.823 979.128 
-2.29277 1.80149 53.106
255 255 255
3 13 9459 848.463 983.915 18 10682 1011.18 977.709 22 9695 910.531 982.497 
-2.1685 1.82461 53.121
255 255 255
3 13 9460 859.699 984.311 18 10683 1022.34 977.858 22 9696 921.499 982.856 
-1.96352 1.87226 53.0934
255 255 255
2 13 9466 877.493 986.99 22 9700 939.556 984.518 
-1.43474 1.98985 53.2524
255 255 255
3 13 9468 926.565 988.435 18 10692 1087.85 981.073 22 9702 987.647 986.84 
-6.26201 1.56533 54.8697
255 255 255
3 13 9470 547.159 989.727 18 10700 663.085 986.251 22 9704 590.876 987.778 
-2.65697 1.90678 53.0939
255 255 255
3 13 9484 818.762 998.27 18 10714 980.622 991.706 22 9722 880.248 996.253 
-2.33568 1.93845 53.0641
255 255 255
3 13 9485 846.259 997.628 18 10711 1009.41 990.535 22 9723 907.911 995.535 
-1.56739 2.16279 53.242
255 255 255
2 13 9494 917.4 1005.41 22 9733 978.47 1003.9 
-1.36718 2.21882 53.3897
255 255 255
2 13 9495 937.289 1006.15 22 9734 997.32 1004.35 
-3.75925 1.94776 53.3795
255 255 255
2 13 9504 730.817 1011.71 22 9741 788.459 1009.49 
-2.4431 2.1027 53.1017
255 255 255
3 13 9506 839.919 1013.04 18 10736 1001.85 1006.02 22 9743 900.995 1010.89 
-1.31011 2.41047 53.3003
255 255 255
2 13 9518 943.636 1023.61 22 9762 1004.14 1021.57 
-6.32138 1.92589 54.6123
255 255 255
2 13 9519 541.882 1024.56 22 9760 586.417 1021.93 
-4.18651 2.37801 53.3207
255 255 255
3 13 9550 699.414 1055.36 18 10789 851.594 1050.72 22 9802 756.759 1053.1 
-5.89335 2.4557 54.3732
255 255 255
2 13 9567 578.675 1067.35 22 9825 625.181 1065.98 
-6.11309 2.45298 54.3851
255 255 255
2 13 9576 560.929 1069.69 22 9831 606.908 1067.93 
-4.23552 2.54113 53.2668
255 255 255
2 13 9578 696.68 1071.22 22 9833 753.696 1068.45 
-6.33231 2.55331 54.454
255 255 255
3 13 9591 545.83 1080.36 18 10839 667.723 1078.14 22 9850 590.49 1077.81 
-0.217648 3.50002 54.1785
255 255 255
2 13 9618 1062.35 1092.95 22 9879 1115.89 1092.62 
-8.01573 2.65098 55.1899
255 255 255
2 13 9624 426.744 1097.16 22 9882 463.154 1095.22 
-4.12882 2.84687 53.1418
255 255 255
2 13 9627 707.528 1098.46 22 9885 765.308 1096 
-6.15701 2.81349 54.1561
255 255 255
2 13 9634 557.353 1104.34 22 9895 604.424 1102.56 
-0.224255 3.62178 54.07
255 255 255
2 13 9636 1062.33 1105.46 22 9898 1116.47 1104.63 
-4.07761 2.96973 53.0317
255 255 255
2 13 9638 711.528 1110.02 22 9900 770.119 1108.12 
-0.330562 3.68968 54.0597
255 255 255
2 13 9640 1054.12 1112.65 22 9903 1108.23 1112.14 
-2.69899 3.18343 52.8303
255 255 255
3 13 9644 828.67 1116.07 18 10898 993.915 1109.92 22 9904 890.312 1113.21 
-2.92523 3.18214 52.7893
255 255 255
3 13 9647 808.53 1118.9 18 10900 974.045 1113.65 22 9909 870.383 1116.62 
-3.50215 3.13246 52.8436
255 255 255
3 13 9649 759.432 1120.22 18 10904 922.256 1116.53 22 9912 820.052 1118.21 
-2.99427 3.26892 52.7685
255 255 255
3 13 9663 803.496 1127.59 18 10916 969.124 1122.86 22 9926 865.243 1125.5 
-2.74286 3.34556 52.8272
255 255 255
2 13 9669 827.051 1130.54 22 9931 888.557 1128.44 
-4.08307 3.19177 52.8806
255 255 255
2 13 9671 711.413 1132.38 22 9935 770.787 1129.71 
-3.95959 3.22423 52.9302
255 255 255
2 13 9673 723.236 1133.1 22 9937 782.374 1130.29 
-5.84193 3.15725 53.9366
255 255 255
2 13 9675 583.356 1133.6 22 9939 632.16 1131.77 
-2.90428 3.36075 52.7761
255 255 255
2 13 9678 812.62 1134.75 22 9940 874.27 1132.38 
-1.54669 3.58118 52.9787
255 255 255
2 13 9679 935.344 1134.77 22 9943 996.681 1132.66 
-0.468869 4.00988 54.0696
255 255 255
2 13 9691 1046.96 1142.1 22 9965 1100.53 1141.6 
-2.69043 3.50815 52.7792
255 255 255
2 13 9699 833.023 1144.9 22 9969 894.811 1143.25 
-2.97867 3.46809 52.7531
255 255 255
3 13 9701 807.422 1145.82 18 10955 973.081 1140.47 22 9968 868.84 1143.2 
-5.77486 3.33881 53.8039
255 255 255
3 13 9710 588.554 1150.04 18 10977 724.193 1150.4 22 9981 638.427 1148.63 
-1.58824 3.74194 52.9315
255 255 255
2 13 9711 933.356 1150.16 22 9979 994.854 1148.35 
-2.82574 3.55159 52.7018
255 255 255
3 13 9715 820.817 1151.99 18 10973 987.847 1146.97 22 9983 882.904 1149.63 
8.72222 6.97222 62.5897
255 255 255
2 13 9716 1854.28 1152.09 22 10003 1845.85 1159.95 
-2.56074 3.66036 52.7222
255 255 255
2 13 9727 845.423 1158.03 22 9994 907.575 1155.94 
-1.75137 3.80605 52.841
255 255 255
3 13 9731 919.05 1159.41 18 10984 1085.38 1153.18 22 9998 980.724 1157.42 
-5.8583 3.47306 53.6824
255 255 255
2 13 9740 581.055 1164.97 22 10009 631.282 1163.32 
-7.6774 3.51322 54.4851
255 255 255
2 13 9758 449.18 1176.68 22 10026 490.042 1174.83 
-5.71509 3.6949 53.5384
255 255 255
2 13 9769 593.008 1184.84 22 10036 644.291 1183.36 
-7.86727 3.71552 54.5202
255 255 255
2 13 9782 437.079 1195.02 22 10051 477.143 1194.13 
-6.06262 3.77819 53.5892
255 255 255
2 13 9783 566.19 1195.33 22 10052 616.339 1193.74 
-5.31049 3.99017 53.329
255 255 255
2 13 9803 626.66 1209.43 22 10072 679.849 1207.95 
-5.43676 3.97245 53.2905
255 255 255
3 13 9804 615.154 1210.2 18 11075 761.154 1209.8 22 10074 668.242 1208.48 
-8.8752 3.91186 55.0992
255 255 255
2 13 9810 371.669 1213.44 22 10081 405.373 1212.72 
-5.58384 4.01626 53.3707
255 255 255
3 13 9813 605.09 1214.16 18 11083 748.852 1214.41 22 10082 656.953 1212.82 
-5.23903 4.0821 53.1662
255 255 255
3 13 9818 630.798 1219.67 18 11093 779.889 1219.2 22 10091 685.106 1217.78 
-6.08467 4.05015 53.5153
255 255 255
2 13 9821 566.415 1220.48 22 10092 616.736 1218.96 
-9.13165 4.08197 55.2558
255 255 255
2 13 9826 356.936 1227.45 22 10103 388.929 1227.83 
-5.09737 4.22291 53.1251
255 255 255
3 13 9835 643.728 1231.33 18 11109 794.051 1230.32 22 10105 698.699 1229.39 
-2.08661 4.55631 52.682
255 255 255
3 13 9837 898.314 1233.2 18 11106 1066.12 1227.95 22 10107 960.05 1230.96 
-1.2339 4.77567 52.937
255 255 255
2 13 9840 978.585 1237.97 22 10113 1039.09 1236.15 
-5.01124 4.34242 52.9706
255 255 255
3 13 9849 649.733 1243.28 18 11130 803.249 1243 22 10123 705.7 1241.46 
-1.95246 4.97529 52.6584
255 255 255
2 13 9879 915.417 1269.41 22 10151 977.143 1267.4 
-4.83366 4.74723 52.6616
255 255 255
3 13 9897 664.472 1282.52 18 11187 824.261 1282.87 22 10172 722.525 1280.8 
-4.6808 4.82575 52.566
255 255 255
2 13 9904 676.859 1289.95 22 10176 735.696 1287.43 
-1.95862 5.30808 52.7445
255 255 255
2 13 9920 920.771 1297.64 22 10190 981.434 1295.77 
-1.83476 5.30054 52.6179
255 255 255
2 13 9921 929.679 1298.14 22 10191 991.393 1295.71 
-4.87294 4.94231 52.583
255 255 255
2 13 9926 662.296 1301.84 22 10196 720.616 1300.15 
-4.7285 5.00336 52.5889
255 255 255
3 13 9934 675.484 1305.71 18 11217 836.826 1305.75 22 10203 734.204 1303.8 
-4.8888 5.06743 52.6068
255 255 255
2 13 9946 663.138 1313.21 22 10208 721.007 1310.58 
7.89924 9.0779 62.8979
255 255 255
2 13 9957 1818.72 1317.86 22 10232 1806.77 1322.52 
-5.26039 5.36483 52.5781
255 255 255
3 13 9995 634.843 1344.17 18 11292 793.812 1345.87 22 10266 692.037 1342.48 
-4.95741 5.4511 52.5726
255 255 255
2 13 10008 661.785 1348.22 22 10273 719.461 1346.91 
-1.5672 6.12149 52.8625
255 255 255
2 13 10025 967.785 1363.56 22 10292 1026.91 1361.68 
-1.61852 7.02136 53.2443
255 255 255
2 13 10083 980.983 1436.53 22 10352 1036.04 1434.65 
-1.52185 7.07927 53.3058
255 255 255
2 13 10086 990.848 1438.66 22 10357 1045.58 1437.99 
-1.71578 7.15923 53.1642
255 255 255
2 13 10095 973.488 1451.41 22 10365 1028.93 1449.9 
-1.59555 7.2798 53.2783
255 255 255
2 13 10104 987.023 1458.35 22 10375 1041.55 1456.74 
-1.71147 7.29184 53.2233
255 255 255
2 13 10108 976.493 1461.91 22 10379 1031.32 1460.33 
-1.65568 7.47785 53.1799
255 255 255
2 13 10124 983.355 1478.49 22 10399 1038.38 1477.42 
6.41948 11.2639 63.3963
255 255 255
2 13 10134 1734.24 1489.66 22 10412 1718.64 1494.07 
-3.1108 7.26447 51.9904
255 255 255
2 13 10151 836.799 1502.79 18 11462 1012.46 1502.32 
-1.6357 7.83988 53.0454
255 255 255
2 13 10163 988.555 1514.01 22 10430 1044.05 1511.88 
6.29151 11.6814 63.3681
255 255 255
2 13 10174 1730.01 1523.19 22 10445 1714.1 1526.87 
-2.45848 7.86712 52.1918
255 255 255
2 13 10199 905.632 1545.44 22 10462 966.833 1543.45 
6.12983 11.9809 63.3576
255 255 255
2 13 10201 1721.69 1547.62 22 10477 1705.61 1551.1 
-2.69549 7.82066 51.9548
255 255 255
2 13 10207 880.661 1549.55 22 10472 943.484 1547.51 
-2.36686 7.9558 52.2198
255 255 255
2 13 10210 915.339 1551.78 22 10475 976.309 1549.74 
-1.91968 8.28729 52.9364
255 255 255
2 13 10216 968.815 1559.16 22 10488 1024.41 1557.96 
-2.4603 8.00032 52.0711
255 255 255
2 13 10219 905.637 1560.44 22 10487 967.596 1558.33 
-2.83811 7.98574 51.96
255 255 255
2 13 10232 870.539 1565.88 22 10498 932.965 1564.13 
-3.02596 7.95581 51.89
255 255 255
3 13 10234 852.538 1566.85 18 11532 1029.48 1567.02 22 10502 915.256 1564.97 
-3.15069 7.95558 51.8481
255 255 255
2 13 10236 840.896 1569.47 22 10505 903.804 1567.51 
-1.80758 8.38013 52.8093
255 255 255
2 13 10238 978.241 1569.3 22 10508 1034.77 1567.89 
6.13255 12.3175 63.3302
255 255 255
2 13 10241 1726.17 1573.36 22 10517 1709.83 1576.85 
-2.06769 8.40346 52.8291
255 255 255
2 13 10243 956.194 1573.75 22 10513 1012.31 1572.52 
-1.97933 8.47575 52.8305
255 255 255
2 13 10252 964.913 1579.11 22 10520 1021.03 1578.03 
-2.06288 8.55661 52.7871
255 255 255
2 13 10271 958.223 1588.34 22 10537 1014.48 1587.21 
-3.32359 8.12871 51.7576
255 255 255
2 13 10273 826.708 1589.32 22 10536 889.874 1587.43 
-3.43547 8.15177 51.7972
255 255 255
3 13 10279 817.848 1590.98 18 11577 995.344 1593.11 22 10543 880.453 1590.06 
-2.04429 8.67244 52.7683
255 255 255
2 13 10286 961.237 1598.94 22 10553 1017.51 1597.82 
-3.43065 8.25407 51.7415
255 255 255
3 13 10290 818.86 1602.31 18 11589 997.322 1603.24 22 10557 881.713 1600.56 
-2.09201 8.85537 52.6606
255 255 255
2 13 10310 958.266 1618.64 22 10576 1015.05 1617.22 
-2.2642 9.11208 52.6056
255 255 255
2 13 10333 946.163 1644.99 22 10596 1002.85 1643.45 
-2.24285 9.15967 52.5816
255 255 255
2 13 10337 948.374 1649.56 22 10599 1005.22 1648.15 
-3.65445 8.78181 51.6638
255 255 255
2 13 10341 805.356 1654.6 22 10606 867.981 1653.05 
-3.3971 9.03292 51.6278
255 255 255
2 13 10363 831.068 1675.45 22 10635 894.052 1674.1 
-2.26903 9.47155 52.4673
255 255 255
2 13 10370 949.013 1680.99 22 10639 1006.26 1679.12 
-2.32935 9.67108 52.4196
255 255 255
2 13 10395 945.904 1700.52 22 10659 1003.26 1699.25 
-2.88205 9.76706 51.6839
255 255 255
2 13 10424 888.112 1735.37 22 10703 950.346 1733.43 
-3.07977 9.89418 51.521
255 255 255
2 13 10443 869.933 1753.29 18 11759 1051.48 1754.89 
-3.04319 10.0201 51.4586
255 255 255
3 13 10455 874.168 1766.13 18 11773 1056.87 1767.77 22 10731 937.375 1764.52 
-3.28967 10.0741 51.4383
255 255 255
2 13 10465 852.603 1774.02 18 11785 1035.08 1776.93 
-3.15139 10.0895 51.4374
255 255 255
3 13 10466 865.227 1774.29 18 11784 1047.99 1776.28 22 10738 928.371 1772.59 
-3.2921 10.2105 51.3501
255 255 255
2 13 10479 852.975 1789.24 22 10755 916.782 1787.94 
5.21903 14.9826 62.9604
255 255 255
2 13 10481 1691.2 1791.77 22 10761 1674.15 1792.69 
-3.18277 10.3193 51.4187
255 255 255
2 13 10483 865.331 1795.82 22 10764 928.648 1794.93 
-3.3638 10.3227 51.3765
255 255 255
3 13 10488 848.6 1799.48 18 11813 1031.79 1802.35 22 10767 912.059 1798.13 
-3.26202 10.4036 51.4335
255 255 255
2 13 10492 859.736 1803.93 22 10773 922.716 1803.04 
5.16396 15.1716 62.901
255 255 255
2 13 10498 1689.45 1808.16 22 10777 1672.47 1808.53 
-3.22922 10.4888 51.3497
255 255 255
3 13 10503 862.687 1814.08 18 11832 1046.48 1816.39 22 10782 926.03 1812.54 
-3.35545 10.6554 51.3445
255 255 255
2 13 10519 853.714 1830.69 22 10802 916.889 1829.35 
-3.33115 10.6992 51.2963
255 255 255
2 13 10524 855.762 1836.02 18 11855 1040.1 1838.57 
-3.2235 10.7517 51.3225
255 255 255
2 13 10527 866.532 1838.94 18 11860 1050.51 1841.04 
-3.26532 10.8405 51.2864
255 255 255
2 13 10538 863.536 1848.44 18 11876 1048.03 1850.97 
-3.28364 10.9851 51.2684
255 255 255
2 13 10552 863.713 1862.12 22 10831 927.183 1861.01 
-11.8135 11.1652 54.323
255 255 255
2 13 10557 209.685 1867.13 22 10849 232.83 1875.23 
-3.26954 11.1067 51.2237
255 255 255
3 13 10567 866.096 1874.42 18 11914 1051.47 1877.98 22 10845 929.69 1872.73 
-11.5477 11.3014 54.2622
255 255 255
2 13 10572 231.157 1878.01 22 10866 255.32 1886.13 
-4.56862 11.0247 51.0961
255 255 255
3 13 10576 746.839 1883.41 18 11929 931.216 1893.14 22 10863 810.048 1883.71 
-11.5642 11.3648 54.2355
255 255 255
2 13 10578 229.978 1884.16 22 10875 254.197 1892.42 
-4.40752 11.1239 51.143
255 255 255
3 13 10586 763.631 1890.02 18 11934 947.322 1897.51 22 10871 826.043 1890 
-4.60643 11.1487 51.0961
255 255 255
3 13 10588 745.432 1895.21 18 11947 929.428 1904.89 22 10879 808.014 1895.51 
-4.40311 11.2326 51.1454
255 255 255
3 13 10594 765.704 1899.67 18 11953 949.175 1907.75 22 10885 827.813 1899.53 
-4.7194 11.2451 51.073
255 255 255
3 13 10601 736.228 1906.27 18 11965 920.197 1915.8 22 10892 799.084 1906.06 
-4.57808 11.2595 51.0582
255 255 255
3 13 10604 748.918 1906.62 18 11962 933.609 1915.46 22 10893 811.624 1906.46 
-4.39841 11.3278 51.0838
255 255 255
3 13 10608 766.4 1910.21 18 11967 951.044 1918.39 22 10900 828.971 1910 
-11.7321 11.6288 54.1188
255 255 255
2 13 10609 217.024 1911.26 22 10912 241.134 1919.23 
-4.29452 11.3836 51.0818
255 255 255
2 13 10612 776.341 1914.45 22 10905 839.254 1913.94 
-4.57756 11.3666 51.0088
255 255 255
3 13 10620 749.587 1917.83 18 11984 935.182 1926.92 22 10910 812.69 1917.76 
-4.46115 11.4446 51.0374
255 255 255
3 13 10622 761.703 1923.17 18 11987 946.919 1931.31 22 10916 824.39 1922.67 
-12.1629 11.8474 54.4428
255 255 255
2 13 10623 193.922 1923.82 22 10925 214.534 1932.22 
-4.32076 11.4707 51.0256
255 255 255
3 13 10625 774.214 1924.15 18 11989 960.194 1932.21 22 10917 837.628 1924.17 
-4.46639 11.5433 50.9871
255 255 255
3 13 10637 761.691 1933.82 18 11998 947.836 1941.93 22 10926 824.893 1933.41 
-4.34344 11.6302 51.0883
255 255 255
2 13 10642 775.695 1937.26 22 10934 838.14 1936.66 
-3.13426 11.9248 51.4214
255 255 255
2 13 10648 893.074 1941.41 22 10937 954.27 1940.07 
-12.0427 12.0659 54.1933
255 255 255
2 13 10659 199.861 1948.04 22 10966 222.154 1956.94 
-4.23066 11.7293 50.9777
255 255 255
3 13 10660 785.338 1948.37 18 12012 972.163 1956.35 22 10947 848.596 1948.14 
-4.47365 11.7036 50.937
255 255 255
3 13 10662 762.536 1949.82 18 12018 949.467 1958.59 22 10950 825.829 1949.76 
-4.674 11.7588 50.9644
255 255 255
3 13 10673 746.015 1955.34 18 12032 931.597 1966.46 22 10964 808.558 1955.83 
-3.27675 12.0313 51.2956
255 255 255
2 13 10676 880.024 1956.51 22 10961 941.877 1955.18 
4.66417 16.9612 62.3593
255 255 255
2 13 10687 1673.9 1961.39 22 10975 1657.98 1960.88 
-4.44654 11.8387 50.9412
255 255 255
3 13 10688 767.016 1961.75 18 12039 953.733 1970.59 22 10977 830.111 1961.56 
-5.94266 11.8043 51.2539
255 255 255
2 13 10689 639.804 1963.08 22 10980 697.861 1964.15 
-3.34639 12.0835 51.1961
255 255 255
2 13 10693 873.044 1965.11 22 10982 935.523 1963.84 
-9.89583 11.9154 52.5713
255 255 255
2 13 10695 332.01 1966.24 22 11005 371.063 1972.61 
-4.80488 11.8859 50.9267
255 255 255
3 13 10708 735.448 1970.28 18 12064 921.156 1980.1 22 10997 798.109 1970.29 
-4.56077 11.9028 50.9154
255 255 255
3 13 10709 757.277 1969.57 18 12061 944.06 1978.85 22 10991 820.376 1969.51 
-4.36482 11.9608 50.9083
255 255 255
2 13 10714 775.492 1973.13 22 11006 838.918 1972.87 
-3.42767 12.1712 51.1376
255 255 255
2 13 10722 866.188 1976.11 22 11008 928.831 1974.21 
-5.47772 11.9366 51.0559
255 255 255
2 13 10723 678.855 1976.77 22 11014 739.211 1977.78 
-3.30237 12.2215 51.1827
255 255 255
2 13 10725 878.802 1977.69 22 11009 941.251 1976.29 
-9.85851 12.0484 52.5237
255 255 255
2 13 10727 335.785 1978.85 22 11026 375.123 1985.39 
-5.41133 11.9923 50.9895
255 255 255
2 13 10733 684.275 1983.27 22 11024 745.209 1984.31 
-3.3645 12.3022 51.1113
255 255 255
3 13 10742 873.425 1988.11 18 12089 1058.92 1991.69 22 11031 935.995 1986.63 
-3.48019 12.2895 51.0963
255 255 255
2 13 10743 862.534 1988.28 22 11030 925.368 1987.32 
-5.28402 12.0775 50.9552
255 255 255
2 13 10745 696.163 1990.94 22 11037 757.485 1991.79 
-3.94407 12.2351 50.9552
255 255 255
2 13 10747 817.938 1992.47 22 11038 881.293 1991.89 
4.29051 17.4744 62.1538
255 255 255
2 13 10771 1651.79 2009.57 22 11061 1636.53 2008.19 
4.18516 17.6071 62.0721
255 255 255
2 13 10791 1645.38 2022.96 22 11081 1630.44 2021.28 
-3.62275 12.6602 50.9915
255 255 255
3 13 10794 853.662 2026.49 18 12149 1040.46 2032.69 22 11088 916.352 2025.99 
-3.71346 12.6549 50.8784
255 255 255
2 13 10799 843.543 2031.01 22 11093 907.282 2030.18 
4.1917 17.7458 62.0563
255 255 255
2 13 10804 1647.54 2033.45 22 11095 1632.59 2032.36 
-3.94299 12.7097 50.9833
255 255 255
2 13 10808 825.458 2034.7 22 11096 887.961 2034.16 
-4.06212 12.7081 50.8663
255 255 255
2 13 10815 812.81 2039.31 22 11107 876.121 2039.46 
-3.80196 12.7775 50.9102
255 255 255
3 13 10820 837.998 2041.73 18 12175 1025.83 2048.68 22 11110 900.967 2041.22 
-4.16485 12.7652 50.8205
255 255 255
3 13 10832 803.654 2047.37 18 12187 992.383 2055.46 22 11117 867.153 2047.1 
-3.97138 12.8259 50.8263
255 255 255
3 13 10836 822.231 2051.07 18 12188 1011.22 2057.95 22 11120 885.311 2050.23 
-4.09542 12.853 50.8246
255 255 255
3 13 10840 811.35 2054.53 18 12195 1000.02 2062.32 22 11127 874.522 2054.29 
-4.21402 12.8453 50.8181
255 255 255
3 13 10842 800.465 2054.85 18 12199 988.948 2064.03 22 11131 863.591 2054.92 
3.83776 18.0781 62.0566
255 255 255
2 13 10854 1624.59 2061.98 22 11138 1609.44 2060.68 
-4.08461 12.9725 50.7932
255 255 255
3 13 10861 813.545 2066.21 18 12220 1002.73 2074.41 22 11145 876.86 2066.04 
-4.28524 12.968 50.7637
255 255 255
3 13 10866 794.951 2068.88 18 12226 984.153 2077.77 22 11151 858.263 2068.74 
-6.26336 12.8217 50.8303
255 255 255
2 13 10869 617.798 2071.34 22 11161 677.198 2073.56 
-11.0368 13.1913 52.9681
255 255 255
2 13 10872 264.948 2071.89 22 11172 296.822 2081.91 
3.70103 18.2187 62.0218
255 255 255
2 13 10878 1615.85 2074.85 22 11157 1600.8 2073.53 
-4.29539 13.0995 50.7784
255 255 255
2 13 10885 796.205 2080.35 22 11167 859.271 2080.24 
3.74192 18.2961 61.8711
255 255 255
2 13 10891 1619.81 2084.46 22 11175 1605.48 2083.24 
3.58242 18.3388 62.0375
255 255 255
2 13 10893 1608.28 2084.6 22 11174 1593.06 2083.21 
-6.25774 13.0159 50.7787
255 255 255
2 13 10901 620.074 2090.41 22 11193 679.667 2093.02 
-4.58156 13.1604 50.7244
255 255 255
2 13 10902 770.51 2090.34 22 11191 833.468 2090.67 
-4.38867 13.167 50.7078
255 255 255
2 13 10903 787.631 2089.8 22 11184 851.012 2089.75 
-4.69842 13.2042 50.7043
255 255 255
3 13 10914 760.297 2096.05 18 12272 949.046 2107.61 22 11199 823.246 2096.63 
3.33205 18.445 61.9089
255 255 255
2 13 10920 1590.36 2098.86 22 11200 1575.8 2097.08 
-5.9904 13.122 50.7204
255 255 255
2 13 10922 644.158 2099.55 22 11210 704.633 2102.01 
-4.50642 13.2915 50.7038
255 255 255
3 13 10927 778.982 2102.34 18 12283 968.171 2112.58 22 11212 841.628 2102.75 
-6.16376 13.1755 50.7107
255 255 255
3 13 10936 629.363 2106.66 18 12305 812.183 2125.41 22 11224 689.488 2108.81 
-5.13492 13.2952 50.7219
255 255 255
2 13 10940 722.926 2107.57 22 11225 784.797 2108.91 
-4.7936 13.3326 50.6506
255 255 255
3 13 10945 752.512 2110.87 18 12300 941.912 2122.72 22 11229 816.094 2110.67 
-4.60307 13.3973 50.6857
255 255 255
3 13 10951 771.414 2113.44 18 12303 960.548 2124.45 22 11236 834.289 2113.9 
-6.05382 13.2579 50.6443
255 255 255
2 13 10952 639.025 2115.23 22 11240 699.745 2117.4 
-4.70995 13.4176 50.6677
255 255 255
3 13 10955 761.845 2116.85 18 12311 950.954 2128.56 22 11241 824.574 2117.44 
-5.18825 13.3989 50.6579
255 255 255
2 13 10959 718.488 2119.41 22 11249 780.68 2121.36 
-4.91538 13.4404 50.6748
255 255 255
3 13 10963 743.839 2120.09 18 12319 932.084 2133.78 22 11250 806.298 2121.42 
-4.72981 13.5283 50.6581
255 255 255
3 13 10974 761.619 2127.36 18 12327 950.653 2139.34 22 11262 824.008 2128.08 
-5.00169 13.5501 50.6286
255 255 255
3 13 10985 736.938 2132.7 18 12336 925.648 2146.43 22 11270 799.351 2133.93 
-12.2215 14.1137 53.5238
255 255 255
2 13 10995 195.481 2140.97 22 11296 219.231 2152.38 
-12.036 14.024 53.2113
255 255 255
2 13 10999 201.021 2141.99 22 11300 227.43 2153.71 
-5.13186 13.6756 50.5747
255 255 255
3 13 11004 725.989 2146.72 18 12362 915.244 2161.98 22 11293 788.843 2148.74 
-4.90994 13.7216 50.6475
255 255 255
3 13 11006 747.846 2147.81 18 12357 936.231 2158.9 22 11291 810.502 2148.08 
-5.02542 13.7466 50.6059
255 255 255
2 13 11014 737.264 2151.49 22 11299 799.657 2152.89 
-5.07757 13.7885 50.5749
255 255 255
3 13 11020 732.634 2157.19 18 12372 921.827 2171.16 22 11310 795.17 2158.09 
-5.99192 13.7304 50.6159
255 255 255
2 13 11021 650.918 2158.33 22 11314 711.384 2160.68 
-5.21881 13.8336 50.5315
255 255 255
3 13 11029 719.846 2163.74 18 12386 909.378 2179.15 22 11319 782.417 2165.26 
-5.04641 13.9013 50.5514
255 255 255
3 13 11036 736.683 2167.76 18 12389 926.315 2181.9 22 11323 799.265 2169.06 
-5.64312 13.9283 50.5387
255 255 255
3 13 11048 683.457 2175.62 18 12409 871.008 2193.64 22 11341 744.925 2178.03 
-5.32355 13.9542 50.5343
255 255 255
2 13 11049 712.321 2175.59 18 12406 901.19 2191.39 
-5.51376 13.9593 50.5167
255 255 255
2 13 11051 695.04 2178.5 18 12410 883.522 2195.07 
-5.82396 13.9994 50.5077
255 255 255
3 13 11059 667.758 2185.09 18 12428 855.088 2203.53 22 11356 729.022 2187.4 
-5.56941 14.0528 50.5449
255 255 255
3 13 11062 691.94 2186.23 18 12431 879.476 2203.67 22 11361 753.514 2188.23 
-5.42278 14.0457 50.5005
255 255 255
3 13 11063 704.156 2186.25 18 12425 893.199 2202.12 22 11362 766.25 2187.82 
-4.2859 14.2798 50.6992
255 255 255
3 13 11070 813.205 2189.91 18 12422 1001.58 2200.03 22 11367 875.201 2190.23 
-6.18023 14.1909 50.5382
255 255 255
3 13 11089 639.41 2203.98 18 12467 824.281 2225.18 22 11387 699.502 2207.29 
-4.17865 14.4753 50.6668
255 255 255
2 13 11093 825.128 2207.49 22 11388 887.495 2208.26 
-6.15379 14.554 50.4026
255 255 255
2 13 11131 644.437 2241.7 18 12510 831.719 2262.9 
-6.02329 14.5998 50.4289
255 255 255
3 13 11132 657.305 2243.47 18 12515 844.536 2264.59 22 11434 718.041 2246.63 
-11.2444 15.0053 52.4678
255 255 255
2 13 11135 260.269 2244.58 22 11447 292.809 2256.61 
-6.16047 14.692 50.383
255 255 255
3 13 11149 645.47 2255.02 18 12525 832.935 2276.1 22 11448 706.258 2258.25 
-5.92633 14.738 50.4069
255 255 255
3 13 11151 667.616 2255.94 18 12526 855.504 2276.59 22 11451 728.473 2259.09 
-8.23307 14.7061 50.6841
255 255 255
2 13 11160 468.918 2261.15 22 11461 522.556 2267.95 
-8.05399 14.6839 50.5919
255 255 255
2 13 11161 482.19 2261.36 22 11462 536.968 2267.56 
-8.87115 14.8183 50.905
255 255 255
2 13 11170 420.135 2267.78 22 11480 470.342 2275.6 
-7.10018 14.7898 50.4605
255 255 255
2 13 11172 564.937 2268 22 11470 622.929 2273.34 
-8.62357 14.8253 50.7885
255 255 255
2 13 11181 438.99 2270.63 22 11485 490.734 2278.5 
-7.27965 14.8512 50.492
255 255 255
3 13 11186 550.76 2273.88 18 12562 730.299 2302.51 22 11486 607.7 2279.26 
-5.83709 15.0664 50.369
255 255 255
3 13 11203 679.759 2286.3 18 12573 868.298 2306.64 22 11504 740.643 2289.35 
-6.00189 15.0786 50.3326
255 255 255
3 13 11210 664.429 2290.6 18 12580 853.031 2310.85 22 11514 725.369 2293.64 
-14.3036 16.2965 54.6296
255 255 255
2 13 11219 89.4293 2296.58 22 11544 97.9831 2313.9 
-10.8318 15.4434 51.8884
255 255 255
2 13 11224 286.06 2299.71 22 11540 323.211 2311.94 
-5.71926 15.2572 50.3734
255 255 255
3 13 11228 693.232 2302.61 18 12602 881.848 2321.75 22 11530 754.065 2305.43 
-5.58339 15.3672 50.4409
255 255 255
3 13 11234 707.844 2308.6 18 12609 895.576 2327.14 22 11541 769.477 2311.65 
-5.81943 15.4252 50.3846
255 255 255
2 13 11243 686.938 2317.76 18 12629 874.664 2338.48 
-5.30097 15.5259 50.489
255 255 255
2 13 11245 736.827 2318.88 18 12622 924.179 2335.74 
-6.26388 15.3778 50.3191
255 255 255
3 13 11248 645.166 2319.51 18 12635 832.475 2343.16 22 11558 705.378 2323.57 
-4.63218 15.64 50.5676
255 255 255
3 13 11249 799.924 2320.46 18 12618 987.72 2333.19 22 11555 860.854 2321.77 
-8.52239 15.3821 50.6168
255 255 255
2 13 11256 452.038 2325.67 18 12676 621.414 2362.94 
-6.56039 15.4183 50.3217
255 255 255
3 13 11257 619.361 2325.55 18 12654 805.198 2350.78 22 11562 678.846 2329.96 
-4.46508 15.7298 50.5369
255 255 255
2 13 11259 815.81 2327.86 22 11561 877.074 2329.41 
-6.33917 15.4629 50.2865
255 255 255
3 13 11261 639.075 2329.26 18 12658 826.591 2352.78 22 11572 699.207 2333.46 
-6.20995 15.4888 50.3141
255 255 255
2 13 11262 651.574 2329.34 22 11573 711.707 2333.3 
-4.73058 15.7764 50.578
255 255 255
3 13 11272 793.262 2332.64 18 12646 980.314 2347.12 22 11577 853.83 2334.53 
-6.82717 15.4775 50.2836
255 255 255
2 13 11276 595.71 2334.39 22 11581 654.764 2339.3 
-6.47975 15.5282 50.2922
255 255 255
2 13 11277 627.626 2335.74 18 12674 814.282 2360.98 
-5.37721 15.7191 50.4796
255 255 255
3 13 11279 732.691 2336.95 18 12662 919.648 2355.08 22 11582 792.866 2339.41 
-4.89487 15.8038 50.569
255 255 255
3 13 11280 778.847 2336.95 18 12656 965.462 2352.29 22 11583 838.945 2338.89 
-5.16056 15.7685 50.5156
255 255 255
3 13 11281 753.539 2338.33 18 12663 940.419 2354.8 22 11585 813.646 2340.39 
-4.81906 15.8759 50.5216
255 255 255
3 13 11289 785.927 2344.9 18 12670 973.661 2359.09 22 11594 846.379 2346.7 
-6.55828 15.6417 50.2486
255 255 255
3 13 11293 621.433 2348.54 18 12685 808.458 2373.84 22 11601 681.108 2352.95 
-7.33364 15.641 50.3231
255 255 255
2 13 11294 553.966 2351.32 22 11606 611.362 2357.29 
-4.9633 15.9758 50.5245
255 255 255
3 13 11300 774.402 2355.22 18 12683 961.44 2370.25 22 11607 834.733 2356.56 
-7.12844 15.7074 50.2614
255 255 255
3 13 11304 571.859 2357.99 18 12697 755.778 2387.57 22 11613 630.128 2363.77 
-10.9142 16.1661 51.7842
255 255 255
2 13 11313 286.879 2366.4 22 11634 323.639 2378.99 
-4.98323 16.1146 50.4928
255 255 255
3 13 11316 774.197 2368.71 18 12694 961.596 2384.3 22 11621 834.356 2370.87 
-8.85901 15.9065 50.5783
255 255 255
2 13 11327 429.513 2376.46 22 11646 480.772 2384.5 
-4.98488 16.2404 50.4644
255 255 255
3 13 11332 775.356 2381.08 18 12707 963.16 2397.08 22 11643 835.772 2383.08 
-5.12454 16.234 50.4599
255 255 255
3 13 11334 762.647 2381.69 18 12711 950.077 2398.84 22 11645 822.826 2384.04 
-5.03153 16.346 50.4257
255 255 255
3 13 11348 772.126 2392.41 18 12722 960.388 2408.87 22 11659 832.46 2394.58 
-5.1906 16.3367 50.3958
255 255 255
3 13 11350 757.069 2393.98 18 12725 945.468 2411.6 22 11660 817.603 2396.52 
-5.10274 16.4079 50.397
255 255 255
3 13 11357 766.18 2399.86 18 12732 954.679 2416.42 22 11671 826.428 2402.04 
-5.28648 16.3799 50.3269
255 255 255
3 13 11360 747.92 2401.32 18 12738 937.349 2419.71 22 11674 808.625 2404.13 
-8.3547 16.1531 50.3473
255 255 255
2 13 11363 471.951 2403.4 22 11682 526.013 2411.54 
-10.6087 16.5235 51.5544
255 255 255
2 13 11365 312.018 2404.13 22 11688 350.788 2416.06 
-5.3686 16.4803 50.2892
255 255 255
3 13 11374 741.386 2412.41 18 12758 931.138 2431.67 22 11685 802.028 2415.4 
-5.24097 16.5073 50.2926
255 255 255
3 13 11377 753.465 2414.09 18 12759 943.496 2431.67 22 11691 813.934 2416.51 
-4.49054 16.5265 50.1856
255 255 255
2 13 11378 819.599 2413.79 22 11687 882.484 2415.18 
-5.26572 16.6345 50.2745
255 255 255
3 13 11385 752.926 2426.48 18 12780 942.991 2444.22 22 11703 813.034 2428.9 
-5.45044 16.6026 50.1754
255 255 255
3 13 11389 733.761 2428.86 18 12786 925.427 2448.45 22 11705 795.054 2431.75 
-8.32633 16.4563 50.3522
255 255 255
3 13 11390 479.048 2429.73 18 12807 653.555 2468.35 22 11712 532.872 2438.14 
-5.38987 16.6726 50.0839
255 255 255
3 13 11395 738.601 2438.56 18 12800 932.329 2457.47 22 11716 800.654 2441.29 
-4.44333 16.7351 50.0493
255 255 255
2 13 11396 824.778 2437.89 22 11713 888.508 2438.94 
-8.35089 16.549 50.3103
255 255 255
2 13 11399 477.347 2439.95 22 11720 531.209 2448.41 
-8.48185 16.5389 50.3008
255 255 255
3 13 11400 465.471 2440.76 18 12816 639.983 2479.38 22 11723 519.013 2449.1 
-8.27007 16.6472 50.3728
255 255 255
3 13 11402 487.322 2445.66 18 12822 661.458 2483.67 22 11730 540.868 2453.93 
-12.1349 17.4282 52.6814
255 255 255
2 13 11403 226.658 2446.94 22 11735 252.535 2462.92 
-4.51763 16.7995 49.9913
255 255 255
2 13 11405 818.025 2446.7 22 11721 882.01 2447.86 
-4.50354 16.908 49.9922
255 255 255
2 13 11412 820.944 2456.22 22 11733 884.817 2457.6 
-8.44877 16.7343 50.2886
255 255 255
2 13 11413 471.023 2458.18 22 11740 524.52 2466.45 
-4.60638 16.9562 49.9604
255 255 255
3 13 11418 811.757 2462.95 18 12813 1010.3 2476.88 22 11737 875.709 2464.28 
-4.72304 17.077 49.9819
255 255 255
3 13 11428 803.323 2473.61 18 12826 1000.83 2488.83 22 11747 866.767 2475.54 
-5.22015 17.1174 49.9625
255 255 255
3 13 11439 758.508 2482.15 18 12838 954.674 2500.33 22 11759 821.11 2484.96 
-5.41657 17.1019 49.9426
255 255 255
3 13 11440 740.115 2482.85 18 12843 936.039 2503.08 22 11760 802.587 2486.12 
-4.75604 17.1857 49.9134
255 255 255
3 13 11444 800.878 2486.31 18 12841 999.542 2502.39 22 11765 864.467 2488.43 
-5.32638 17.154 49.9413
255 255 255
2 13 11446 749.041 2486.86 22 11769 811.616 2490.13 
-5.77334 17.1555 49.9802
255 255 255
3 13 11450 709.469 2488.98 18 12854 903.085 2511.27 22 11772 770.62 2492.86 
-4.90199 17.2316 49.918
255 255 255
3 13 11451 788.372 2491.4 18 12851 986.381 2508.5 22 11773 851.624 2493.83 
-5.53244 17.1944 49.9277
255 255 255
3 13 11452 730.767 2492.97 18 12857 926.399 2513.49 22 11776 792.966 2496.2 
-5.85913 17.2056 49.9388
255 255 255
3 13 11455 701.566 2495.71 18 12865 895.701 2518.86 22 11781 763.169 2500.03 
-5.37221 17.2582 49.9098
255 255 255
3 13 11459 746.022 2497.98 18 12861 942.494 2517.93 22 11784 808.291 2501.2 
-5.59182 17.371 49.9706
255 255 255
3 13 11470 728.864 2507.13 18 12878 923.051 2528.77 22 11797 790.332 2510.94 
-5.14483 17.3766 49.8949
255 255 255
2 13 11472 768.058 2507.64 22 11794 830.977 2510.19 
-8.3765 17.444 50.287
255 255 255
3 13 11486 487.913 2520.59 18 12916 662.094 2560.36 22 11819 540.844 2529.55 
-5.51428 17.5424 49.9895
255 255 255
3 13 11488 738.804 2521.15 18 12893 932.576 2542.31 22 11812 800.023 2524.82 
-6.19556 17.5299 50.0551
255 255 255
3 13 11489 678.503 2522.38 18 12903 868.176 2548.15 22 11815 737.75 2527.33 
-6.08272 17.5284 50.0407
255 255 255
2 13 11490 688.25 2522.03 22 11816 748.093 2526.78 
-5.4705 17.6094 50.0675
255 255 255
2 13 11492 745.134 2523.51 22 11817 805.831 2527.19 
-6.61897 17.4812 49.9444
255 255 255
2 13 11495 637.483 2525.97 22 11821 696.999 2531.41 
-6.70811 17.5924 50.0754
255 255 255
2 13 11498 633.75 2530.5 22 11824 692.01 2537.16 
-8.80361 17.6281 50.4189
255 255 255
2 13 11502 456.197 2533.75 22 11834 506.775 2544.1 
-6.30863 17.6522 50.0404
255 255 255
3 13 11504 669.55 2534.79 18 12918 858.987 2561.32 22 11829 729.432 2540.08 
-8.59289 17.5815 50.2045
255 255 255
2 13 11507 469.076 2537.47 22 11838 521.805 2546.94 
-8.27918 17.6346 50.2753
255 255 255
2 13 11508 499.089 2536.77 22 11837 552.093 2546.35 
-6.10532 17.7134 50.0263
255 255 255
2 13 11510 688.732 2539.39 22 11835 748.386 2544.16 
-9.04145 17.7144 50.4475
255 255 255
3 13 11513 437.455 2541.18 18 12947 604.041 2587.74 22 11843 486.857 2552.27 
-8.90075 17.7261 50.3921
255 255 255
2 13 11515 448.556 2544.42 22 11846 498.903 2554.46 
-8.58647 17.6884 50.2773
255 255 255
2 13 11516 472.89 2543.54 22 11847 525.013 2553.61 
-7.26165 17.7951 50.1311
255 255 255
3 13 11526 588.481 2550.46 18 12943 771.324 2583.74 22 11849 644.936 2557.63 
-9.25268 17.8497 50.5212
255 255 255
2 13 11527 422.682 2551.97 22 11856 471.022 2563.09 
-7.02374 17.8806 50.1691
255 255 255
3 13 11532 611.807 2554.32 18 12946 794.857 2587.03 22 11854 668.27 2561.37 
-9.07298 17.9642 50.5139
255 255 255
2 13 11541 439.887 2561.24 22 11873 488.615 2571.98 
-8.03796 17.9474 50.2212
255 255 255
3 13 11544 523.812 2565.53 18 12973 700.527 2604.4 22 11877 577.599 2573.93 
-7.72268 17.946 50.1843
255 255 255
4 10 10077 781.195 2624.81 13 11545 550.874 2564.6 18 12972 729.936 2601.8 22 11875 605.827 2573.04 
-8.18477 17.9621 50.2216
255 255 255
3 13 11548 511.014 2567.35 18 12977 686.94 2607.68 22 11879 564.547 2576.97 
-9.41526 18.1093 50.661
255 255 255
2 13 11551 415.702 2569.65 22 11885 462.315 2581.67 
-7.44719 18.0095 50.0544
255 255 255
2 13 11556 573.647 2574.13 22 11886 629.793 2581.61 
-10.4831 18.4539 51.4066
255 255 255
2 13 11557 347.1 2575.08 22 11890 385.069 2588.89 
-7.83486 18.1149 50.2399
255 255 255
2 13 11561 544.776 2578.08 22 11888 598.48 2586.5 
-9.45307 18.2836 50.7525
255 255 255
2 13 11563 417.186 2581.36 22 11895 462.812 2593.35 
-9.65888 18.3317 50.8273
255 255 255
2 13 11568 401.871 2583.65 22 11898 446.347 2596.1 
-10.1182 18.5139 51.1658
255 255 255
2 13 11573 373.208 2588.02 22 11904 413.815 2601.42 
-9.96756 18.5358 51.0708
255 255 255
2 13 11579 384.165 2593.25 22 11911 425.784 2605.88 
-9.75093 18.4665 50.9094
255 255 255
2 13 11580 397.912 2592.86 22 11908 441.325 2604.8 
-8.14507 18.2779 50.2736
255 255 255
3 13 11581 520.458 2592.91 18 13004 695.041 2633.41 22 11906 573.175 2602.15 
-9.54663 18.6067 50.9587
255 255 255
3 13 11587 418.721 2600.79 18 13026 570.906 2651.38 22 11921 462.336 2613.44 
-10.0117 18.6089 50.9278
255 255 255
2 13 11589 377.96 2605.42 22 11926 420.453 2619.18 
-9.8719 18.6817 50.9038
255 255 255
2 13 11597 390.51 2612.26 22 11931 433.418 2625.13 
0.0191524 -6.97057 61.4752
255 255 255
3 13 11652 1022.06 208.212 18 13089 1057.99 201.864 22 11980 1040.21 214.161 
1.10413 -6.56743 61.2376
255 255 255
2 13 11656 1103.9 224.013 22 11985 1123.93 231.979 
-0.921989 -6.71881 61.3444
255 255 255
3 13 11659 954.68 238.15 18 13098 991.121 230.105 22 11986 974.018 242.788 
1.75836 -6.28654 61.579
255 255 255
3 13 11660 1158.04 237.774 18 13099 1192.79 234.24 22 11990 1176.49 246.092 
-1.0557 -6.53382 61.3753
255 255 255
2 13 11668 947.775 253.447 22 11998 965.895 258.208 
-2.27779 -6.69127 61.8537
255 255 255
2 13 11672 863.348 257.368 22 11999 877.981 260.538 
-2.63422 -6.64375 61.67
255 255 255
2 13 11676 835.941 264.892 22 12005 851.252 267.708 
-2.1681 -6.04339 60.6068
255 255 255
2 13 11701 863.089 303.128 22 12020 884.227 305.853 
-0.699757 -5.6354 59.2773
255 255 255
2 13 11708 961.171 315.649 22 12025 990.929 319.442 
-3.05998 -5.65336 60.4997
255 255 255
2 13 11722 800.821 343.121 22 12039 821.335 344.992 
1.98576 -4.8253 57.9527
255 255 255
2 13 11726 1164.92 345.043 22 12046 1203.23 351.264 
-3.49706 -5.66706 60.6359
255 255 255
2 13 11727 770.598 347.268 22 12041 789.892 348.868 
-1.92576 -5.42416 59.7976
255 255 255
3 13 11728 877.901 347.027 18 13158 934.077 337.128 22 12042 903.733 349.395 
1.32119 -4.87246 57.5405
255 255 255
3 13 11732 1108.62 349.978 18 13172 1204.6 344.149 22 12052 1149.28 355.355 
-2.14322 -5.39926 59.7737
255 255 255
3 13 11734 861.655 351.705 18 13163 917.721 341.335 22 12049 887.506 353.7 
-0.450321 -5.05744 58.2694
255 255 255
2 13 11745 975.832 357.493 22 12065 1011.43 361.335 
-4.29536 -5.65329 60.9674
255 255 255
2 13 11749 717.611 357.847 22 12058 734.06 358.532 
6.49912 -3.91301 58.0396
255 255 255
2 13 11750 1534.9 359.338 22 12084 1570.15 370.886 
-3.44244 -5.47959 60.3557
255 255 255
2 13 11751 772.765 360.829 22 12066 793.534 362.334 
7.10955 -3.78919 58.5549
255 255 255
2 13 11755 1585.99 361.123 22 12089 1617.22 373.207 
-2.8369 -5.36383 59.9074
255 255 255
2 13 11756 812.469 362.406 22 12069 836.396 364.536 
-3.78242 -5.41961 60.2088
255 255 255
2 13 11767 746.4 369.921 22 12079 767.509 370.303 
-1.8607 -5.12141 59.0414
255 255 255
3 13 11769 877.118 369.964 18 13200 944.707 359.828 22 12086 906.258 371.982 
6.66891 -3.75282 58.2523
255 255 255
2 13 11770 1551.06 369.788 22 12097 1584.59 381.495 
-4.43812 -5.48937 60.8306
255 255 255
2 13 11771 707.06 371.84 22 12085 723.936 372.338 
6.89626 -3.68967 58.317
255 255 255
2 13 11772 1570.17 371.936 22 12105 1602.99 383.701 
1.53011 -4.54709 57.1739
255 255 255
3 13 11774 1125.96 374.633 18 13206 1227.74 366.968 22 12091 1169.01 378.893 
5.76239 -3.84759 57.556
255 255 255
3 13 11776 1475.73 374.719 18 13221 1566.64 375.868 22 12104 1514.37 384.772 
-3.4082 -5.24512 60.0304
255 255 255
2 13 11779 773.353 378.394 22 12095 795.8 379.723 
-3.64492 -5.25817 59.9799
255 255 255
2 13 11782 755.038 380.766 22 12094 777.447 380.956 
-1.61357 -4.94132 58.4694
255 255 255
2 13 11784 890.51 381.423 22 12100 923.789 383.331 
3.1863 -4.20121 56.4972
255 255 255
3 13 11785 1257.96 380.492 18 13225 1370.88 377.78 22 12108 1305.04 387.316 
6.04462 -3.73357 57.6099
255 255 255
2 13 11786 1500.09 380.125 22 12114 1538.24 390.646 
7.79703 -3.38196 59.2459
255 255 255
2 13 11790 1646.27 383.174 22 12123 1672.1 397.492 
3.02197 -4.19158 56.3992
255 255 255
2 13 11792 1244.05 384.124 22 12113 1292 390.05 
0.372523 -4.51848 57.2919
255 255 255
2 13 11798 1036.03 390.797 22 12120 1077.78 394.652 
1.37161 -4.37339 56.8279
255 255 255
2 13 11799 1112.46 390.128 22 12121 1157.54 394.906 
-4.31155 -5.20526 60.1215
255 255 255
3 13 11800 708.47 392.748 18 13224 753.326 379.288 22 12116 729.838 392.698 
7.16412 -3.39108 58.692
255 255 255
3 13 11802 1596.01 392.161 18 13249 1664.19 394.789 22 12133 1625.89 404.133 
3.26975 -4.02495 56.3119
255 255 255
3 13 11805 1265.73 394.87 18 13240 1381.59 390.276 22 12127 1314.38 401.041 
-4.91083 -5.2335 60.716
255 255 255
2 13 11806 673.893 396.602 22 12122 690.559 396.766 
-0.78854 -4.63186 57.6414
255 255 255
2 13 11808 947.692 396.443 22 12126 986.526 398.605 
3.50573 -3.97453 56.2516
255 255 255
3 13 11809 1285.42 395.97 18 13244 1402.04 391.959 22 12132 1333.89 402.145 
-4.52545 -5.04398 60.0536
255 255 255
2 13 11814 693.765 407.196 22 12134 714.51 407.23 
3.34288 -3.86507 56.069
255 255 255
2 13 11817 1272.37 406.933 22 12142 1322.23 413.428 
5.64197 -3.43968 57.8122
255 255 255
3 13 11821 1472.35 408.623 18 13265 1558.52 409.686 22 12145 1509.32 418.558 
1.27707 -4.13429 56.4704
255 255 255
2 13 11823 1104.72 411.475 22 12141 1151.88 415.533 
-2.71054 -4.62453 58.7591
255 255 255
2 13 11830 814.872 419.688 22 12147 844.909 419.874 
3.81677 -3.61659 56.1678
255 255 255
2 13 11831 1315.19 421.195 22 12155 1363.94 427.811 
5.15313 -3.27144 57.5174
255 255 255
2 13 11838 1434.66 429.316 22 12163 1473.34 438.073 
-2.95775 -4.44399 58.6859
255 255 255
2 13 11842 797.22 436.26 22 12160 827.374 437.437 
4.73108 -3.23895 57.3267
255 255 255
3 13 11844 1400.46 437.595 18 13295 1495.89 436.81 22 12175 1440.48 445.828 
-4.22822 -4.56382 59.2084
255 255 255
2 13 11847 708.142 442.054 22 12165 733.656 441.178 
-2.89114 -4.35311 58.1177
255 255 255
3 13 11851 795.068 444.277 18 13288 874.24 432.563 22 12169 829.08 444.292 
-2.54592 -4.30125 57.6854
255 255 255
2 13 11852 816.17 444.822 22 12170 852.799 445.05 
8.01978 -2.57284 58.9322
255 255 255
2 13 11854 1675.51 445.364 22 12186 1701.87 458.105 
8.23599 -2.51426 58.9539
255 255 255
2 13 11857 1693.49 447.115 22 12191 1719.41 460.283 
-2.04766 -4.12732 57.4638
255 255 255
2 13 11862 853.786 452.5 22 12183 892.216 453.839 
4.43231 -3.13485 56.934
255 255 255
3 13 11864 1376.28 451.738 18 13307 1478.52 447.953 22 12188 1418.39 458.867 
-3.1632 -4.25415 58.275
255 255 255
2 13 11866 777.914 454.545 22 12182 810.169 455.201 
6.82137 -2.66165 57.9874
255 255 255
3 13 11868 1578.39 455.441 18 13329 1657.53 457.891 22 12203 1611.95 466.798 
-4.76029 -4.45262 59.3801
255 255 255
2 13 11869 672.485 456.091 22 12185 696.268 455.967 
7.66129 -2.48436 58.671
255 255 255
3 13 11870 1647.86 457.333 18 13334 1713.4 461.241 22 12208 1677.44 469.485 
3.92913 -3.12415 56.7316
255 255 255
3 13 11871 1334.37 458.682 18 13322 1440.84 456.125 22 12202 1378.64 465.962 
4.32978 -3.02466 57.0144
255 255 255
3 13 11874 1369.97 461.054 18 13328 1470.79 458.603 22 12207 1411.2 468.962 
-2.97401 -4.10423 57.9686
255 255 255
2 13 11880 789.715 464.904 22 12197 823.901 465.203 
3.70942 -3.1033 56.736
255 255 255
2 13 11881 1316.9 463.482 22 12212 1361.14 470.065 
-5.05532 -4.35888 59.5656
255 255 255
2 13 11882 654.709 466.235 22 12200 676.92 466.231 
-0.36744 -3.70469 56.3285
255 255 255
3 13 11886 977.138 468.129 18 13332 1090.74 459.569 22 12211 1023.92 470.087 
1.72617 -3.39214 55.5942
255 255 255
2 13 11887 1143.04 468.894 22 12217 1195.47 472.195 
-2.49913 -3.97217 57.4327
255 255 255
2 13 11888 820.238 470.893 22 12210 858.191 471.2 
7.74697 -2.24785 59.7391
255 255 255
2 13 11896 1658.1 471.974 22 12245 1679.46 485.473 
-1.61963 -3.80131 56.4398
255 255 255
2 13 11905 877.616 476.599 22 12228 922.696 476.387 
-3.44805 -4.00699 58.147
255 255 255
3 13 11906 757.078 478.154 18 13349 833.865 466.712 22 12229 790.005 477.652 
-1.28086 -3.72567 56.5875
255 255 255
3 13 11907 907.272 477.689 18 13354 1014.92 467.806 22 12230 951.912 478.513 
-1.53482 -3.74201 56.3785
255 255 255
2 13 11908 884.283 480.537 22 12236 929.78 480.316 
-1.08445 -3.67109 56.5555
255 255 255
3 13 11909 923.021 479.718 18 13358 1031.55 470.276 22 12237 968.293 480.464 
3.46242 -2.93717 56.6916
255 255 255
2 13 11910 1298.93 480.378 22 12249 1343.32 486.642 
-5.21569 -4.18756 59.3295
255 255 255
2 13 11911 640.903 482.155 22 12235 664.038 481.354 
-2.15794 -3.6847 56.7585
255 255 255
2 13 11925 840.937 491.684 22 12259 883.3 491.695 
-0.795461 -3.49143 56.2082
255 255 255
3 13 11926 944.166 491.601 18 13383 1058.96 482.41 22 12260 991.375 492.672 
-0.238028 -3.42291 55.8069
255 255 255
2 13 11927 985.101 491.517 22 12261 1035.18 492.576 
-1.59365 -3.57545 56.4626
255 255 255
3 13 11929 882.716 494.906 18 13382 991.694 483.192 22 12264 927.851 494.931 
-1.03729 -3.49105 56.318
255 255 255
3 13 11930 926.197 494.737 18 13389 1038.65 484.623 22 12265 972.593 495.335 
-3.68885 -3.8088 58.0382
255 255 255
3 13 11932 739.555 496.591 18 13390 817.137 485.684 22 12266 772.216 496.533 
-1.37616 -3.52294 56.3648
255 255 255
2 13 11933 899.497 496.091 22 12267 945.037 496.601 
-5.90804 -4.00606 59.2492
255 255 255
3 13 11943 590.016 505.086 18 13398 641.13 491.497 22 12273 612.969 503.111 
-4.18881 -3.78892 58.269
255 255 255
2 13 11944 705.322 503.522 22 12279 735.876 503.461 
-2.17295 -3.52109 56.8054
255 255 255
3 13 11945 842.478 504.968 18 13403 944.211 494.206 22 12281 884.343 505.158 
-2.50509 -3.55172 56.7964
255 255 255
3 13 11947 815.82 506.768 18 13405 916.957 495.592 22 12283 857.509 506.545 
-7.24506 -4.04646 60.1639
255 255 255
2 13 11950 508.205 514.243 22 12286 523.22 512.717 
-5.63399 -3.8527 59.0347
255 255 255
3 13 11951 608.296 513.566 18 13411 663.673 502.006 22 12287 632.999 512.192 
-4.08687 -3.61735 58.0319
255 255 255
2 13 11954 711.357 516.612 22 12293 743.311 516.349 
-3.80845 -3.56224 57.5969
255 255 255
2 13 11959 726.469 519.195 22 12297 761.423 518.611 
-4.24784 -3.56201 57.7684
255 255 255
3 13 11966 695.156 524.324 18 13421 775.161 512.403 22 12303 729.279 522.887 
-5.82713 -3.70307 58.6212
255 255 255
2 13 11970 588.626 529.288 22 12305 614.497 527.325 
-4.69941 -3.53857 57.858
255 255 255
2 13 11972 662.698 531.365 22 12312 694.729 529.641 
-4.01263 -3.43263 57.4554
255 255 255
2 13 11976 710.057 532.784 22 12313 745.452 531.445 
-2.80363 -3.08625 56.262
255 255 255
2 13 11995 790.223 550.406 22 12330 834.491 549.15 
-6.63624 -3.51121 58.7487
255 255 255
2 13 11998 532.657 553.629 22 12333 556.179 550.658 
-6.6465 -3.29947 58.7516
255 255 255
3 13 12014 534.012 570.362 18 13475 588.993 556.998 22 12348 558.224 567.543 
-1.49411 -2.62425 55.7657
255 255 255
3 13 12020 893.53 573.798 18 13480 1013.79 563.607 22 12351 942.439 573.972 
2.8646 -1.94274 55.6003
255 255 255
2 13 12022 1256.78 575 22 12357 1307.51 578.96 
2.6606 -1.82887 55.5084
255 255 255
2 13 12037 1240.9 588.027 22 12370 1292.07 590.925 
2.02158 -1.70164 54.9847
255 255 255
2 13 12059 1185.54 609.654 22 12393 1240.28 611.849 
-6.30581 -2.78507 57.4287
255 255 255
2 13 12060 541.051 612.139 22 12392 572.446 609.712 
-6.07264 -2.69008 57.3123
255 255 255
2 13 12062 557.858 617.68 22 12394 590.24 614.968 
1.81794 -1.64841 54.8065
255 255 255
3 13 12066 1167.57 618.135 18 13525 1307.38 609.566 22 12400 1224.08 620.178 
-0.890111 -1.99847 55.1927
255 255 255
2 13 12068 943.411 620.859 22 12398 995.719 621.218 
-0.098734 -1.85463 54.8378
255 255 255
2 13 12071 1006.04 624.639 22 12403 1061.29 625.699 
1.84517 -1.45876 54.979
255 255 255
3 13 12079 1174.23 632.929 18 13538 1310.44 624.743 22 12411 1228.63 634.685 
0.15098 -1.61139 54.742
255 255 255
2 13 12093 1028.96 642.991 22 12423 1084.68 643.335 
8.69273 0.5488 60.3865
255 255 255
2 13 12121 1770.42 677.068 22 12455 1782.99 688.747 
8.63433 0.828977 60.6341
255 255 255
2 13 12132 1769.23 698.217 22 12468 1780.03 709.526 
-2.60083 -1.19612 55.0998
255 255 255
2 13 12137 813.141 711 22 12463 863.44 708.995 
-0.227631 -0.48444 54.3424
255 255 255
3 13 12163 1008.07 746.719 18 13630 1153.63 738.285 22 12490 1065.55 746.517 
0.0646579 -0.432935 54.2411
255 255 255
3 13 12165 1032.23 748.459 18 13631 1179.9 739.292 22 12492 1090.22 748.428 
-0.699592 -0.467702 54.2794
255 255 255
2 13 12173 968.206 754.456 22 12502 1025.45 754.427 
-4.44405 -0.805319 54.7433
255 255 255
3 13 12181 662.211 769.173 18 13648 790.431 760.324 22 12506 712.38 766.707 
-6.78648 -0.926625 56.0728
255 255 255
3 13 12186 499.027 777.146 18 13654 594.163 767.944 22 12511 536.638 773.828 
-4.2466 -0.695472 54.7066
255 255 255
2 13 12187 679.116 776.457 22 12512 729.481 773.929 
-4.07886 -0.508302 54.6253
255 255 255
2 13 12195 693.78 791.031 22 12517 744.73 788.322 
-6.76677 -0.713271 55.8908
255 255 255
2 13 12201 499.636 795.563 22 12521 537.706 792.627 
-4.05285 -0.360226 54.5086
255 255 255
3 13 12208 695.761 803.602 18 13676 829.151 796.159 22 12529 747.404 801.675 
-3.33944 -0.254996 53.8579
255 255 255
2 13 12211 744.874 810.214 22 12531 802.08 807.629 
-4.35154 -0.260561 54.3563
255 255 255
3 13 12218 669.934 818.329 18 13683 804.877 808.47 22 12535 722.009 815.264 
-3.93734 -0.2 54.3205
255 255 255
2 13 12219 704.043 818.101 22 12537 757.026 815.557 
0.421159 0.501107 54.1512
255 255 255
3 13 12223 1074.23 824.747 18 13690 1222.59 816.999 22 12544 1131.87 825.221 
0.185662 0.485659 54.1175
255 255 255
3 13 12225 1053.69 826.74 18 13691 1202.56 819.014 22 12550 1111.71 826.962 
-3.28491 -0.0387251 53.8275
255 255 255
3 13 12227 751.48 827.986 18 13693 899.833 819.998 22 12548 809.431 826.235 
-2.96078 0.0270033 53.9923
255 255 255
3 13 12228 782.444 827.943 18 13694 928.388 820.352 22 12549 838.426 826.373 
0.282921 0.726326 54.0608
255 255 255
3 13 12243 1064.75 847.111 18 13708 1214.38 839.019 22 12563 1122.67 847.103 
-0.155342 0.711631 53.9283
255 255 255
3 13 12249 1026.04 852.803 18 13714 1177.81 844.478 22 12569 1084.62 852.408 
-6.71812 -0.00958587 55.4853
255 255 255
3 13 12250 503.678 856.525 18 13716 608.256 850.481 22 12570 543.896 853.78 
-0.422029 0.71699 53.7929
255 255 255
2 13 12254 1001.85 857.739 22 12575 1061.49 857.587 
0.137962 0.868421 53.9658
255 255 255
3 13 12257 1053.53 862.076 18 13723 1204.63 854.24 22 12576 1111.63 862.151 
-0.283499 0.836869 53.8439
255 255 255
3 13 12262 1015.78 865.969 18 13728 1168.93 858.156 22 12582 1075.19 865.568 
-3.23216 0.427357 53.7743
255 255 255
3 13 12265 761.418 868.429 18 13730 910.272 860.464 22 12580 818.654 866.337 
-0.610967 0.802051 53.7696
255 255 255
2 13 12266 986.757 867.857 22 12581 1046.32 867.419 
-0.10496 0.998752 53.7966
255 255 255
3 13 12276 1032.78 878.437 18 13741 1186.74 870.392 22 12597 1092.04 877.922 
0.0683775 1.03172 53.8051
255 255 255
3 13 12277 1048.09 879.051 18 13742 1201.99 870.825 22 12598 1107.25 878.717 
-6.49832 0.279011 55.3593
255 255 255
2 13 12279 522.239 879.654 22 12596 563.194 876.465 
-3.25665 0.583067 53.7538
255 255 255
3 13 12281 761.085 882.229 18 13745 910.085 875.105 22 12599 818.293 880.068 
-6.32323 0.404554 55.244
255 255 255
2 13 12283 535.439 889.071 22 12602 577.388 886.24 
-0.457987 1.04328 53.714
255 255 255
3 13 12288 1002.39 887.884 18 13748 1157.5 879.348 22 12606 1062.21 887.019 
-0.310816 1.15734 53.7149
255 255 255
3 13 12298 1016.49 896.034 18 13762 1171.59 887.483 22 12614 1076.25 895.077 
-3.20487 0.759206 53.6128
255 255 255
2 13 12299 765.434 898.354 22 12615 823.529 896.551 
-3.49362 0.881205 53.7037
255 255 255
2 13 12310 744.471 912.106 22 12625 801.25 909.079 
-3.29291 1.01237 53.4364
255 255 255
2 13 12319 758.515 923.611 22 12633 817.466 921.385 
-6.17069 1.05768 54.9899
255 255 255
2 13 12332 550.702 944.484 22 12648 593.987 942.412 
-1.38279 1.63025 53.2725
255 255 255
3 13 12342 926.209 955.787 18 13812 1087.72 948.124 22 12660 987.819 954.498 
-8.71916 1.07297 56.1012
255 255 255
2 13 12347 372.509 962.641 22 12665 403.244 960.405 
-3.44778 1.50586 53.4273
255 255 255
2 13 12352 751.933 968.674 22 12672 810.176 966.504 
-1.65204 1.78239 53.1979
255 255 255
3 13 12356 904.301 973.59 18 13830 1066.56 965.958 22 12675 966.07 971.999 
-3.74723 1.60243 53.3361
255 255 255
2 13 12366 726.476 982 22 12685 784.836 979.543 
-1.92425 1.83612 53.1034
255 255 255
2 13 12367 880.453 982.796 22 12686 942.603 981.119 
-3.41707 1.69956 53.3775
255 255 255
2 13 12368 756.286 985.935 22 12688 814.698 983.597 
-1.40265 1.96751 53.2495
255 255 255
3 13 12369 928.936 986.184 18 13844 1090.37 978.592 22 12689 990.151 984.553 
-1.58157 1.97316 53.2402
255 255 255
2 13 12372 913.54 988.894 22 12691 974.835 987.38 
-6.22411 1.57806 54.8486
255 255 255
2 13 12373 550.111 990.807 22 12693 593.647 988.542 
-2.02913 2.00468 53.1466
255 255 255
3 13 12380 874.488 998.687 18 13852 1036.65 991.348 22 12698 935.933 996.599 
-2.49216 1.95428 53.1123
255 255 255
3 13 12382 833.724 1000.44 18 13856 995.568 993.524 22 12701 895.232 997.994 
-1.7063 2.08244 53.2106
255 255 255
2 13 12383 904.009 1000.6 22 12702 965.247 998.739 
-1.63001 2.16086 53.2905
255 255 255
2 13 12385 912.721 1005.81 18 13861 1072.66 997.943 
-6.25725 2.02764 54.5778
255 255 255
2 13 12404 547.663 1032.71 22 12724 592.482 1030.5 
-2.48602 2.69688 52.9484
255 255 255
3 13 12427 842.083 1067.88 18 13898 1006.18 1062.13 22 12747 903.5 1065.99 
-2.73772 2.74757 52.8953
255 255 255
3 13 12433 820.316 1076.39 18 13909 984.786 1070.63 22 12754 882.063 1074.21 
-0.236444 3.48075 54.1853
255 255 255
2 13 12451 1060.58 1091.56 22 12772 1114.05 1090.91 
-2.55717 2.99758 52.8814
255 255 255
3 13 12455 839.061 1096.61 18 13935 1003.92 1090.78 22 12778 900.672 1094.49 
-6.20563 2.75976 54.1534
255 255 255
2 13 12459 552.602 1100.14 22 12783 599.695 1098.71 
-2.70508 3.04082 52.8613
255 255 255
3 13 12460 826.729 1102.43 18 13940 991.539 1097.11 22 12785 888.109 1100.33 
-2.88424 3.15094 52.7949
255 255 255
3 13 12465 811.757 1115.72 18 13951 977.283 1109.99 22 12792 873.525 1113.32 
-3.06367 3.19486 52.7289
255 255 255
3 13 12473 795.776 1122.28 18 13960 962.145 1117.95 22 12797 858.1 1120.27 
-1.55463 3.55824 53.0061
255 255 255
2 13 12480 934.705 1132.33 22 12804 995.868 1130.37 
-4.09759 3.21696 52.8633
255 255 255
2 13 12484 710.205 1135.01 22 12808 769.665 1132.42 
-3.93994 3.23455 52.9584
255 255 255
2 13 12485 725.546 1133.4 22 12803 784.48 1130.49 
-3.43235 3.40932 52.7836
255 255 255
2 13 12499 768.189 1145.42 22 12824 828.995 1142.77 
-2.97794 3.51005 52.7855
255 255 255
4 11 9207 707.676 1128.57 13 12506 808.257 1148.83 18 13989 973.763 1143.51 22 12827 869.642 1146.3 
-1.5933 3.78662 52.9489
255 255 255
3 13 12513 933.789 1153.77 18 13993 1098.34 1147.82 22 12836 995.074 1152.17 
-2.60119 3.65938 52.6985
255 255 255
2 13 12517 841.569 1158.88 22 12841 903.841 1156.64 
-1.72023 3.83221 52.8328
255 255 255
2 13 12520 921.885 1161.51 18 14002 1088.44 1155.24 
-5.74611 3.65619 53.507
255 255 255
3 13 12540 589.466 1182.38 18 14027 730.344 1182.55 22 12863 640.515 1180.52 
-0.738954 4.40836 53.9311
255 255 255
2 13 12542 1028.01 1182.59 22 12865 1081.9 1181.55 
-0.727506 4.55131 53.9295
255 255 255
2 13 12551 1030.95 1194.88 22 12875 1084.71 1194.08 
-7.86372 3.72947 54.5158
255 255 255
2 13 12553 437.464 1196.43 22 12876 477.512 1195.16 
-6.09151 3.81978 53.6443
255 255 255
2 13 12557 565.452 1198.44 22 12877 615.094 1196.75 
-5.46016 4.00515 53.2982
255 255 255
3 13 12567 613.713 1213.39 18 14049 759.441 1212.76 22 12892 666.834 1211.46 
-0.801448 4.74627 53.8634
255 255 255
2 13 12569 1026.58 1213.67 22 12893 1080.6 1213.4 
-5.26402 4.1108 53.1785
255 255 255
2 13 12574 629.291 1222.18 22 12900 683.484 1220.36 
-5.08239 4.19764 53.1346
255 255 255
2 13 12579 644.93 1228.59 22 12906 699.641 1226.54 
-0.884313 4.97594 53.874
255 255 255
2 13 12580 1022.86 1234.69 22 12910 1076.45 1234.27 
-9.12095 4.23593 55.211
255 255 255
2 13 12586 358.69 1241.5 22 12914 390.722 1240.87 
-5.03044 4.36856 52.9673
255 255 255
3 13 12592 648.345 1245.81 18 14083 801.841 1245.66 22 12922 704.401 1244.12 
-1.51692 4.86836 52.9022
255 255 255
3 13 12594 954.966 1250.19 18 14078 1119.02 1244.53 22 12924 1015.35 1248.42 
-1.42052 4.95086 53.1882
255 255 255
2 13 12595 968.134 1250.9 22 12927 1026.45 1250.05 
-1.57612 4.91901 52.7548
255 255 255
2 13 12604 948.591 1258.24 22 12932 1009.99 1256.08 
-1.13163 5.09639 53.1504
255 255 255
2 13 12607 994.614 1261.2 22 12938 1053.25 1260.11 
-1.88048 4.9161 52.7066
255 255 255
2 13 12608 921.5 1262.4 22 12937 982.996 1260.36 
-1.76113 4.94548 52.6878
255 255 255
3 13 12609 931.965 1264.13 18 14097 1099.78 1258.31 22 12939 993.786 1262.01 
-1.2164 5.14416 53.1605
255 255 255
2 13 12612 988.105 1266.31 22 12942 1046.53 1265.14 
-0.746551 5.32311 53.733
255 255 255
2 13 12613 1037.93 1266.83 22 12943 1092.07 1264.81 
-4.86839 4.61488 52.8206
255 255 255
2 13 12615 662.722 1268.39 22 12944 719.653 1266.56 
-2.08005 4.95184 52.6399
255 255 255
2 13 12616 903.764 1269.16 22 12945 965.528 1267.14 
-1.94825 5.05292 52.6396
255 255 255
2 13 12630 916.61 1276.64 22 12957 978.394 1274.67 
-2.26987 5.05029 52.6194
255 255 255
4 11 9290 784.261 1262.99 13 12635 887.766 1280.74 18 14113 1056.81 1276.71 22 12963 949.834 1278.72 
-4.87365 4.76882 52.6682
255 255 255
3 13 12639 661.476 1284.8 18 14122 820.952 1285.26 22 12968 719.391 1283.03 
-2.23931 5.10162 52.5412
255 255 255
3 13 12642 890.57 1286.3 18 14119 1060.18 1281.91 22 12971 952.903 1284.22 
-4.67654 4.83926 52.6061
255 255 255
2 13 12647 678.125 1290.1 22 12978 736.706 1288.12 
-1.7084 5.31574 52.7522
255 255 255
2 13 12655 942.664 1295.15 22 12984 1003.52 1293.44 
-9.06065 4.90854 54.7791
255 255 255
2 13 12665 361.797 1305.04 22 13004 395.979 1304.27 
-5.23404 5.21633 52.6302
255 255 255
3 13 12700 636.214 1329.46 18 14180 794.405 1331.13 22 13035 692.901 1328.01 
7.36825 9.4981 62.8938
255 255 255
2 13 12738 1784.03 1355.76 22 13073 1772.16 1359.74 
-1.09073 6.29635 53.641
255 255 255
2 13 12739 1020.97 1357.54 22 13067 1074.52 1357.06 
7.58754 9.63713 62.9168
255 255 255
3 13 12742 1802.7 1362.69 18 14203 1780.15 1349.19 22 13076 1789.36 1368.14 
-1.81008 6.18758 52.6746
255 255 255
2 13 12749 945.125 1376.06 22 13080 1005.39 1374.21 
-1.45996 6.84953 53.3187
255 255 255
2 13 12770 993.143 1417.66 22 13107 1048.04 1416.27 
-1.59834 6.95305 53.2704
255 255 255
2 13 12777 982.079 1429.55 22 13114 1037.07 1427.94 
-2.11679 6.76341 52.379
255 255 255
3 13 12784 922.36 1437.57 18 14277 1093.14 1434.43 22 13117 984.215 1435.35 
-1.33019 7.11394 53.3497
255 255 255
2 13 12785 1008.46 1439.16 22 13119 1062.86 1437.39 
7.24693 10.6126 63.0785
255 255 255
2 13 12786 1788.79 1437.83 22 13123 1774.77 1442.28 
-1.72257 7.32038 53.174
255 255 255
2 13 12797 975.282 1465.43 22 13133 1030.48 1464.27 
-1.64806 7.48208 53.1829
255 255 255
2 13 12807 984.133 1478.94 22 13143 1039.09 1477.42 
-3.35135 7.52089 51.8405
255 255 255
3 13 12836 817.234 1532.18 18 14333 994.852 1532.51 22 13170 879.697 1530.75 
-2.46684 7.82627 52.1336
255 255 255
2 13 12844 903.487 1543.35 22 13175 965.154 1541.08 
-3.48336 7.68492 51.8142
255 255 255
5 1 13131 694.441 1641.03 11 9520 693.84 1536.31 13 12854 807.198 1549.99 18 14342 985.121 1550.59 22 13183 870.27 1547.87 
-2.60158 7.91823 52.0331
255 255 255
2 13 12860 891.468 1555.35 22 13190 953.695 1553.56 
-2.92041 7.91547 51.9773
255 255 255
2 13 12864 862.567 1560.02 22 13196 924.841 1558.27 
-2.46084 8.02865 52.0579
255 255 255
2 13 12868 905.803 1563.33 22 13197 967.829 1561.22 
-2.04746 8.31864 52.6694
255 255 255
2 13 12877 954.645 1570.02 22 13206 1012.05 1568.23 
-2.17982 8.62787 52.727
255 255 255
2 13 12896 948.278 1597.74 22 13228 1004.73 1596.09 
-3.63188 8.21726 51.7307
255 255 255
3 13 12899 800.431 1601.55 18 14388 978.587 1602.73 22 13230 863.169 1599.89 
-3.63913 8.31837 51.7391
255 255 255
2 13 12907 801.325 1610.17 18 14394 979.182 1612.45 
-2.22851 8.87624 52.6512
255 255 255
2 13 12914 946.521 1622.17 22 13244 1003.23 1620.94 
-12.374 8.95037 56.4284
255 255 255
2 13 12925 191.708 1636.5 22 15024 203.132 1643.44 
-3.65077 8.80253 51.7049
255 255 255
2 13 12938 806.688 1655.72 22 13260 868.902 1653.5 
-3.53372 8.91976 51.5992
255 255 255
2 13 12943 816.917 1667.22 18 14427 997.11 1669.87 
-3.58793 8.9872 51.5921
255 255 255
2 13 12948 812.981 1674.35 18 14429 993.055 1676.8 
-3.56043 9.08884 51.5866
255 255 255
2 13 12954 816.78 1683.53 18 14434 996.892 1685.81 
-3.26755 9.50322 51.5657
255 255 255
3 13 12977 848.369 1718.49 18 14456 1029.09 1720.46 22 13302 911.273 1717.04 
-2.90693 9.8909 51.6539
255 255 255
2 13 12991 887.263 1747.86 22 13324 949.512 1745.65 
-3.18215 9.95218 51.4551
255 255 255
2 13 12996 860.663 1761.69 22 13329 924.093 1760.04 
-3.0081 10.0277 51.4805
255 255 255
3 13 12999 877.667 1765.79 18 14494 1060.01 1767.41 22 13331 940.908 1764.18 
5.45671 14.7097 63.0216
255 255 255
2 13 13000 1705.68 1767.32 22 13332 1688.47 1768.58 
-3.68438 10.0063 51.4341
255 255 255
3 13 13002 816.582 1772.04 18 14496 998.144 1776.53 22 13333 879.262 1771.23 
-3.48189 10.0498 51.4823
255 255 255
3 13 13003 835.981 1772.33 18 14497 1017.04 1776.24 22 13334 898.411 1771.79 
-3.31872 10.0755 51.4138
255 255 255
3 13 13005 849.532 1775.31 18 14498 1032.48 1778.18 22 13335 913.294 1773.86 
-3.12807 10.2487 51.4107
255 255 255
3 13 13011 869.098 1789.23 18 14505 1052.27 1791.44 22 13339 932.546 1787.58 
-3.28883 10.2297 51.3905
255 255 255
3 13 13012 854.163 1789.7 18 14507 1037.4 1792.48 22 13338 917.677 1788.38 
-3.40099 10.3529 51.3654
255 255 255
3 13 13018 845.616 1803.14 18 14515 1028.86 1805.77 22 13346 908.912 1801.64 
-3.35198 10.563 51.3402
255 255 255
3 13 13028 852.616 1822.6 18 14523 1036.19 1824.86 22 13354 915.937 1821.13 
-3.40142 10.7933 51.2372
255 255 255
3 13 13039 849.847 1846.49 18 14534 1035.16 1850.6 22 13363 913.849 1845.56 
-11.1949 10.8957 53.8738
255 255 255
2 13 13043 244.296 1852.07 22 13370 272.267 1858.73 
-11.648 11.0018 54.2322
255 255 255
2 13 13045 218.434 1854.65 22 13375 242.783 1862.31 
-4.79848 11.0679 51.1447
255 255 255
3 13 13059 728.077 1889.09 18 14568 910.454 1897.96 22 13388 790.092 1888.65 
-9.51926 11.162 52.8056
255 255 255
2 13 13061 358.803 1890.94 22 13391 398.125 1896.15 
-4.3782 11.1958 51.1328
255 255 255
3 13 13065 767.128 1896.34 18 14573 951.021 1904.58 22 13392 829.528 1896.24 
-11.5947 11.5065 54.1193
255 255 255
2 13 13067 226.43 1899.68 22 13402 251.106 1907.83 
-4.42044 11.3948 51.0582
255 255 255
3 13 13077 764.944 1917.64 18 14588 949.941 1925.56 22 13407 827.665 1916.93 
-4.59941 11.3962 51.0296
255 255 255
3 13 13079 748.513 1920.37 18 14591 933.508 1929.01 22 13411 811.195 1920.06 
-4.30994 11.5811 51.0114
255 255 255
3 13 13088 776.684 1934.78 18 14600 962.759 1942.67 22 13422 839.728 1934.31 
-4.20439 11.7183 51.0088
255 255 255
2 13 13098 787.996 1946.22 22 13430 851.213 1945.88 
-12.0152 12.0881 54.1139
255 255 255
2 13 13101 200.296 1952.08 22 13443 223.116 1960.77 
-3.27428 12.0026 51.3131
255 255 255
2 13 13102 880.093 1953.33 22 13436 941.849 1952 
-4.4011 11.8208 50.9503
255 255 255
2 13 13111 770.931 1959.37 22 13442 834.152 1959.15 
-5.20798 11.7701 51.0012
255 255 255
3 13 13113 699.314 1960.85 18 14625 882.132 1973.23 22 13447 760.777 1961.56 
-5.64815 11.7728 51.063
255 255 255
3 13 13116 661.475 1963.29 18 14638 841.252 1977.65 22 13449 721.844 1964.52 
-5.06871 11.8003 50.9319
255 255 255
4 10 11282 955.606 1981.68 13 13117 710.656 1964.78 18 14630 895.517 1976.24 22 13450 773.336 1965.09 
-5.4149 11.8335 50.9612
255 255 255
3 13 13124 681.181 1969.61 18 14650 863.911 1983.61 22 13462 742.359 1970.7 
-3.6008 12.0549 51.0547
255 255 255
2 13 13125 847.642 1969.48 22 13457 910.948 1968.58 
-4.91077 11.9523 51.0602
255 255 255
2 13 13130 729.432 1972.85 22 13469 790.736 1972.95 
-5.89705 11.9037 51.1212
255 255 255
3 13 13134 643.251 1975.96 18 14658 820.288 1991.01 22 13473 700.668 1977.02 
-5.61162 11.9167 50.8339
255 255 255
2 13 13141 662.388 1982.97 22 13481 724.307 1984.83 
-5.06455 12.0092 50.9532
255 255 255
3 13 13142 714.819 1982.81 18 14668 898.762 1994.76 22 13478 776.15 1983.23 
-3.9476 12.195 50.7857
255 255 255
2 13 13158 814.232 1994.39 22 13491 878.978 1993.75 
2.53703 17.7701 63.8636
255 255 255
2 13 13164 1525.55 2001.71 22 13499 1502.07 2002.48 
4.27959 17.4161 62.0142
255 255 255
2 13 13171 1650.3 2009.72 22 13504 1635.72 2007.07 
-3.72411 12.5174 50.986
255 255 255
3 13 13175 842.089 2014.77 18 14694 1029.07 2021.45 22 13506 905.674 2013.99 
4.1885 17.5974 62.1403
255 255 255
2 13 13180 1645.5 2020.08 22 13513 1630.26 2018.9 
2.63841 18.0929 63.7094
255 255 255
2 13 13189 1536.6 2028.56 22 13523 1513.47 2029.04 
-3.97303 12.6518 50.7426
255 255 255
2 13 13195 817.982 2037.98 22 13528 882.378 2036.96 
-3.79467 12.8128 50.942
255 255 255
3 13 13202 839.694 2043.6 18 14722 1026.82 2050.99 22 13535 902.347 2043.25 
-4.23885 12.8211 50.8328
255 255 255
3 13 13214 798.14 2052.43 18 14733 986.27 2061.33 22 13539 861.104 2052.77 
-3.94166 12.8476 50.8285
255 255 255
3 13 13215 825.168 2052.57 18 14730 1014.2 2059.47 22 13540 888.471 2051.89 
-6.19991 12.6694 50.7857
255 255 255
2 13 13222 620.284 2058.49 22 13549 680.36 2060.63 
3.83289 18.0345 62.0107
255 255 255
2 13 13224 1623.69 2060.3 22 13548 1608.78 2058.48 
-4.05328 12.9854 50.7973
255 255 255
3 13 13227 816.659 2066.83 18 14746 1005.82 2075.06 22 13555 879.859 2066.81 
-4.32609 12.9575 50.7542
255 255 255
2 13 13231 790.963 2068.7 22 13558 854.331 2068.31 
-6.23537 12.88 50.8633
255 255 255
2 13 13236 621.781 2075.15 22 13563 680.93 2077.54 
-4.46612 13.0555 50.7816
255 255 255
3 13 13239 780.244 2077.69 18 14760 968.383 2088.17 22 13566 843.24 2077.85 
3.5482 18.2669 61.8426
255 255 255
2 13 13247 1604.67 2085.51 22 13572 1590.51 2083.24 
-4.36258 13.1473 50.6791
255 255 255
2 13 13250 789.204 2088.87 22 13576 852.855 2088.53 
-4.57092 13.1725 50.7199
255 255 255
2 13 13251 771.57 2091.56 22 13584 834.553 2091.76 
-6.42103 12.985 50.7083
255 255 255
2 13 13254 603.736 2091.55 22 13585 663.545 2094.16 
-6.0016 13.0801 50.7239
255 255 255
3 13 13257 642.63 2095.66 18 14784 826.051 2114.35 22 13590 703.088 2098.1 
3.29786 18.4637 62.0126
255 255 255
2 13 13258 1588.08 2097.47 22 13587 1572.99 2096.02 
-7.92018 13.1006 51.064
255 255 255
2 13 13264 481.468 2102.44 22 13597 535.006 2107.38 
3.53225 18.5165 61.8999
255 255 255
2 13 13265 1606.5 2102.35 22 13593 1591.84 2100.9 
-6.15104 13.1639 50.7198
255 255 255
3 13 13266 630.525 2105.08 18 14794 813.226 2123.91 22 13598 690.563 2107.36 
-4.49608 13.3137 50.6885
255 255 255
3 13 13267 779.96 2104.93 18 14785 969.469 2114.87 22 13596 842.749 2105.18 
-5.75299 13.2346 50.7155
255 255 255
3 13 13271 666.967 2107.8 18 14795 851.346 2125.15 22 13604 727.416 2109.95 
-4.90634 13.3989 50.6711
255 255 255
3 13 13276 744.065 2116.41 18 14802 932.451 2129.87 22 13607 806.367 2117.75 
-5.92425 13.3707 50.6504
255 255 255
2 13 13287 652.317 2123.96 22 13613 713.132 2126.25 
-5.01159 13.5723 50.6297
255 255 255
3 13 13298 736.383 2134.9 18 14813 924.997 2148.47 22 13625 798.783 2135.97 
-4.87544 13.69 50.635
255 255 255
3 13 13302 750.427 2144.54 18 14819 939.204 2156.86 22 13632 812.837 2144.92 
-5.04437 13.7667 50.607
255 255 255
3 13 13308 735.839 2153.38 18 14831 924.537 2167.9 22 13639 798.288 2154.64 
-5.96753 13.7056 50.6216
255 255 255
3 13 13314 652.88 2155.77 18 14835 837.63 2174.49 22 13646 713.266 2158.09 
-6.07961 13.8336 50.524
255 255 255
2 13 13323 642.799 2171.49 22 13661 703.702 2174.37 
-5.88009 13.865 50.5411
255 255 255
2 13 13327 661.385 2171.99 22 13662 722.521 2174.62 
-5.65329 13.8977 50.5707
255 255 255
2 13 13328 682.68 2171.92 22 13663 743.989 2174.25 
-5.33738 13.9357 50.51
255 255 255
3 13 13331 710.308 2174.72 18 14855 899.695 2190.98 22 13665 772.761 2176.61 
-11.9501 14.4103 53.0928
255 255 255
2 13 13335 210.224 2177.89 22 13677 237.225 2189.81 
-5.55131 14.0283 50.529
255 255 255
3 13 13337 692.839 2184.5 18 14865 880.838 2201.86 22 13674 754.756 2186.22 
-11.7341 14.5321 53.0858
255 255 255
2 13 13338 229.347 2186.84 22 13684 256.931 2198.76 
-5.4151 14.0802 50.512
255 255 255
3 13 13340 705.535 2188.73 18 14868 894.33 2204.93 22 13679 767.606 2190.45 
-4.22517 14.2888 50.7491
255 255 255
2 13 13341 819.559 2188.32 22 13675 881.405 2188.63 
-4.33877 14.3933 50.7499
255 255 255
2 13 13349 810.924 2198.84 22 13685 872.428 2199.13 
-4.48461 14.3773 50.6085
255 255 255
3 13 13352 795.206 2203.57 18 14878 984.76 2215.25 22 13692 857.611 2204.53 
-11.0901 14.7674 52.4473
255 255 255
2 13 13366 269.224 2224.35 22 13709 302.55 2235.14 
-8.8592 14.8278 50.9643
255 255 255
3 13 13394 422.44 2266.18 18 14948 583.601 2303.81 22 13737 472.963 2274.06 
-9.09376 14.823 50.9344
255 255 255
2 13 13398 401.623 2268.76 22 13741 451.008 2276.91 
-5.91287 14.9025 50.3535
255 255 255
3 13 13404 670.361 2273.11 18 20414 859.104 2293.38 22 13739 731.115 2275.47 
-7.27185 14.8412 50.4511
255 255 255
3 13 13407 550.313 2274.66 18 14943 730.791 2302.8 22 13747 607.868 2279.88 
-4.24632 15.2053 50.6469
255 255 255
3 13 13410 829.423 2275.57 18 14925 1017.47 2284.91 22 13742 891.149 2275.4 
-5.80193 15.0594 50.3749
255 255 255
3 13 13413 682.927 2285.18 18 14949 871.491 2305.31 22 13758 743.821 2288.09 
-5.90589 15.1863 50.3277
255 255 255
3 13 13421 674.602 2299.21 18 14965 863.533 2320.26 22 13770 735.487 2302.36 
-5.70402 15.2515 50.4128
255 255 255
2 13 13426 695.218 2300.18 22 13771 755.894 2303.14 
-4.48146 15.5869 50.6593
255 255 255
3 13 13429 814.185 2310.4 18 14968 1000.63 2323.35 22 13775 874.819 2311.72 
-11.0331 15.6298 52.0092
255 255 255
2 13 13431 274.997 2313.29 22 13785 310.429 2324.74 
-5.30769 15.526 50.5303
255 255 255
3 13 13432 736.783 2317.12 18 14974 923.319 2334.28 22 13781 797.407 2319.68 
-5.84304 15.4289 50.3774
255 255 255
3 13 13435 684.708 2318.85 18 14979 872.483 2339.23 22 13783 745.243 2321.78 
-5.51231 15.4903 50.4238
255 255 255
3 13 13436 716.283 2319.43 18 14980 904.252 2338.55 22 13784 776.595 2322.43 
-6.54166 15.3947 50.3303
255 255 255
3 13 13440 620.845 2323.07 18 14989 806.623 2347.86 22 13786 680.354 2327.36 
-4.74876 15.7327 50.5617
255 255 255
3 13 13442 790.776 2329.43 18 14986 978.167 2344.08 22 13791 851.305 2331.48 
-5.22294 15.6817 50.5412
255 255 255
2 13 13444 747.079 2329.92 22 13795 807.07 2332.27 
-5.38745 15.7252 50.457
255 255 255
3 13 13453 731.416 2338.44 18 14996 918.817 2356.65 22 13800 791.836 2340.96 
-6.31982 15.649 50.3258
255 255 255
2 13 13455 644.376 2344.41 18 15010 830.844 2367.97 
-4.21988 15.9327 50.4659
255 255 255
2 13 13457 839.835 2347.21 22 13805 901.672 2347.55 
-4.81843 15.9117 50.5174
255 255 255
3 13 13458 786.306 2347.84 18 15006 974.14 2362.88 22 13807 847.112 2350.09 
-5.00308 16.0786 50.5122
255 255 255
3 13 13466 772.181 2364.26 18 15017 959.2 2381.38 22 13815 832.314 2366.85 
-7.14626 15.8142 50.2483
255 255 255
3 13 13467 571.567 2368.34 18 15026 755.518 2397.89 22 13821 629.813 2374.1 
-8.81075 15.9025 50.5311
255 255 255
2 13 13474 432.529 2377.3 22 13828 484.32 2385.84 
-5.14562 16.2162 50.4731
255 255 255
3 13 13475 760.726 2379.65 18 15022 947.836 2397.1 22 13826 820.776 2382.13 
-4.96358 16.2353 50.4727
255 255 255
3 13 13476 777.325 2380.18 18 15023 965.034 2395.93 22 13827 837.757 2382.05 
-4.42095 16.2891 50.3067
255 255 255
2 13 13480 824.378 2387.27 22 13831 886.677 2387.94 
-9.16286 16.064 50.5758
255 255 255
2 13 13486 405.293 2392.43 22 13840 455.577 2401.37 
-8.91698 16.1105 50.6423
255 255 255
2 13 13487 428.995 2392.45 22 13841 479.371 2400.59 
-5.0366 16.3893 50.4153
255 255 255
3 13 13491 772.095 2396.82 18 15034 960.497 2413.25 22 13838 832.547 2398.89 
-8.57393 16.152 50.2778
255 255 255
2 13 13494 451.048 2407.61 22 13853 505.052 2416.11 
-8.30593 16.4137 50.3523
255 255 255
2 13 13504 480.236 2425.9 22 13863 534.079 2434.3 
-4.4742 16.6078 50.0587
255 255 255
2 13 13505 820.205 2426.21 22 13858 884.002 2427.43 
-5.21384 16.6382 50.2412
255 255 255
3 13 13506 756.92 2427.64 18 15054 947.932 2445.24 22 13860 817.757 2430.12 
-4.6322 16.9318 49.9574
255 255 255
3 13 13519 808.977 2461.17 18 15069 1007.55 2475.07 22 13876 872.978 2462.48 
-5.6297 17.0653 50.0018
255 255 255
3 13 13527 721.45 2478.76 18 15086 915.333 2500.26 22 13885 782.909 2482.43 
-5.11621 17.1974 49.9821
255 255 255
2 13 13534 769.474 2487.49 22 13890 832.025 2490.24 
-4.88938 17.2348 49.9507
255 255 255
3 13 13535 789.906 2490.14 18 15090 987.33 2507.34 22 13891 853.505 2492.57 
-5.52966 17.2017 49.9349
255 255 255
3 13 13538 731.279 2493.1 18 15096 926.756 2513.95 22 13894 793.37 2496.58 
-5.35263 17.3577 50.0047
255 255 255
2 13 13544 750.887 2502.87 22 13898 812.601 2505.91 
-5.93624 17.3432 49.9532
255 255 255
3 13 13548 696.995 2508.6 18 15105 890.241 2531.27 22 13904 758.027 2512.55 
-8.4609 17.3014 50.2445
255 255 255
2 13 13550 477.409 2509.99 22 13909 530.556 2519.3 
-5.56412 17.4009 49.9584
255 255 255
3 13 13551 731.51 2510.57 18 15107 926.027 2531.14 22 13906 793.291 2513.91 
-5.43668 17.4509 50.0132
255 255 255
3 13 13552 744.833 2511.43 18 15108 938.547 2532.22 22 13907 806.249 2514.43 
-8.36784 17.4553 50.2739
255 255 255
2 13 13559 488.584 2521.85 22 13917 541.545 2530.91 
-9.05631 17.7 50.5128
255 255 255
2 13 13567 437.353 2537.63 22 13932 486.517 2548.85 
-8.24944 17.6254 50.2639
255 255 255
3 13 13569 501.251 2536.04 18 15132 676.41 2576.63 22 13930 554.622 2545.62 
-8.38379 17.7896 50.2768
255 255 255
2 13 13579 492.246 2551.32 22 13939 544.74 2560.76 
-7.86246 17.8398 50.23
255 255 255
3 13 13584 538.056 2554.24 18 15146 715.647 2591.85 22 13943 591.957 2562.7 
-8.78143 17.9003 50.4289
255 255 255
2 13 13585 462.451 2557.37 22 13949 512.642 2567.44 
-7.51212 17.8644 50.1802
255 255 255
2 13 13587 568.352 2556.27 22 13946 623.585 2563.87 
-8.15734 17.9731 50.256
255 255 255
3 13 13593 514.444 2566.91 18 15156 689.756 2606.61 22 13957 567.559 2576.14 
-8.33152 17.9496 50.1896
255 255 255
2 13 13595 497.296 2568.91 22 13959 550.357 2578.19 
-7.89135 18.0398 50.1578
255 255 255
3 13 13597 537.017 2575.27 18 15161 715.622 2613.35 22 13963 590.896 2583.95 
-10.3776 18.5176 51.11
255 255 255
3 13 13607 349.602 2591.47 18 15177 493.649 2647.56 22 13973 390.198 2606.04 
-9.51714 18.5714 50.9783
255 255 255
2 13 13609 421.226 2597.32 22 13975 464.719 2609.49 
-10.2081 18.5814 51.0732
255 255 255
3 13 13611 364.317 2597.99 18 15184 510.042 2652.4 22 13977 405.095 2611.65 
-9.77038 18.5234 50.8815
255 255 255
3 13 13612 396.371 2598.79 18 15181 548.76 2649.8 22 13976 439.966 2611.23 
-9.99141 18.5455 50.8393
255 255 255
3 13 13616 376.159 2603.82 18 15185 528.114 2656.37 22 13980 420.617 2616.94 
-9.63989 18.6801 50.9169
255 255 255
3 13 13621 410.781 2609.71 18 15186 563.112 2660.64 22 13983 454.305 2622.57 
-9.87872 18.7086 50.8809
255 255 255
3 13 13622 389.69 2615.11 18 15190 541.205 2668.03 22 13985 432.949 2628.49 
-10.2055 19.1922 50.5373
255 255 255
2 13 13626 360.347 2674.79 22 13987 404.254 2688.44 
1.69863 -4.72723 57.7554
255 255 255
2 13 13629 1142.02 356.602 22 12067 1181.45 362.4 
-5.76762 3.94126 53.4567
255 255 255
2 13 13642 590.266 1208.82 18 15858 731.712 1208.41 
-3.6207 8.86838 51.6022
255 255 255
2 13 13652 808.545 1663.17 18 15220 988.514 1666.53 
-1.99409 -7.47787 62.3894
255 255 255
2 13 13659 881.16 197.46 22 14015 893.917 201.426 
-2.30755 -7.46036 62.4976
255 255 255
3 13 13661 860.302 202.496 18 15235 878.575 192.202 22 14017 872.491 206.335 
-0.347082 -7.09251 61.2938
255 255 255
3 13 13662 991.639 202.74 18 15238 1030.16 196.538 22 14019 1011.77 209.027 
0.0376653 -6.96625 61.4474
255 255 255
3 13 13663 1023.17 208.221 18 15239 1059.53 201.946 22 14021 1041.51 214.222 
-2.71945 -7.30218 62.7864
255 255 255
3 13 13666 836.574 219.262 18 15240 849.73 208.44 22 14024 846.723 223.056 
1.07426 -6.57775 61.433
255 255 255
3 13 13668 1102.97 223.903 18 15246 1140.08 219.957 22 14029 1122.72 231.803 
0.863402 -6.42536 60.8156
255 255 255
2 13 13671 1084.12 237.112 22 14031 1106.35 244.255 
1.76172 -6.31486 61.4776
255 255 255
2 13 13672 1157.39 235.514 22 14032 1175.8 243.377 
-2.48336 -6.83573 61.7977
255 255 255
2 13 13676 846.21 249.1 22 14036 861.156 252.244 
-1.03452 -6.52766 61.4524
255 255 255
3 13 13678 950.09 253.571 18 15256 984.482 245.742 22 14039 968.193 258.495 
-2.0214 -6.6497 61.8174
255 255 255
2 13 13682 881.787 257.167 22 14040 896.812 260.85 
-2.22249 -6.65312 61.8509
255 255 255
2 13 13685 867.727 259.527 22 14042 882.374 262.685 
-1.36823 -5.4692 59.3743
255 255 255
2 13 13712 913.974 336.848 22 14065 942.459 339.681 
1.34517 -4.92658 57.6738
255 255 255
2 13 13715 1110.94 345.371 22 14071 1151.04 350.703 
1.68843 -4.80632 57.8415
255 255 255
2 13 13721 1140.94 350.494 22 14079 1179.88 356.153 
1.02087 -4.8685 57.9697
255 255 255
2 13 13727 1089.14 354.249 22 14084 1127.09 358.794 
-3.33973 -5.50279 59.9821
255 255 255
2 13 13730 774.762 358.728 22 14080 797.725 358.838 
-2.87812 -5.36348 59.8786
255 255 255
2 13 13734 809.028 363.03 22 14089 833.069 364.954 
-1.34802 -5.106 58.6747
255 255 255
2 13 13737 911.314 364.893 22 14096 943.745 367.59 
1.32961 -4.65978 57.2646
255 255 255
3 13 13739 1109.48 367.207 18 15326 1209.83 360.948 22 14102 1151.8 372.295 
-3.825 -5.42004 60.305
255 255 255
3 13 13741 744.242 370.574 18 15323 788.13 357.83 22 14097 765.946 370.592 
-2.476 -5.2179 59.2043
255 255 255
2 13 13744 831.59 370.534 22 14098 859.762 370.927 
-4.45556 -5.48394 60.8423
255 255 255
2 13 13745 706.024 372.319 22 14099 722.83 373.054 
6.10505 -3.78166 57.5389
255 255 255
2 13 13747 1504.13 375.773 22 14118 1542.72 385.884 
7.40825 -3.57475 58.7314
255 255 255
2 13 13748 1612.81 373.905 22 14119 1642.41 386.772 
1.56553 -4.52366 57.1671
255 255 255
2 13 13750 1129.06 375.66 22 14110 1171.99 379.779 
-4.45028 -5.38507 61.0862
255 255 255
2 13 13753 711.205 379.092 22 14107 726.594 380.551 
-2.19384 -5.04251 59.1119
255 255 255
2 13 13754 853.626 379.992 22 14114 882.558 381.909 
-4.06478 -5.29971 59.9911
255 255 255
2 13 13756 723.757 382.594 22 14112 745.672 382.585 
-3.685 -5.23655 60.1147
255 255 255
3 13 13757 754.064 383.001 18 15335 800.906 370.002 22 14113 776.3 383.292 
-0.504824 -4.75329 57.8643
255 255 255
2 13 13758 970.842 382.976 22 14117 1008.56 385.526 
-1.69513 -4.92156 58.5577
255 255 255
3 13 13759 885.549 383.79 18 15341 961.067 373.908 22 14116 918.479 385.808 
0.0636898 -4.6348 57.3918
255 255 255
2 13 13761 1011.37 385.669 22 14123 1052.37 388.588 
6.67806 -3.53128 58.2993
255 255 255
3 13 13762 1555.2 387.559 18 15360 1631.16 389.888 22 14131 1587.56 398.852 
-4.4804 -5.2835 60.3186
255 255 255
2 13 13764 698.47 388.434 22 14121 717.963 388.283 
1.34029 -4.38423 56.8901
255 255 255
2 13 13766 1110.4 389.553 22 14127 1155.07 394.384 
7.14436 -3.42027 58.6982
255 255 255
2 13 13767 1594.05 389.718 22 14137 1623.88 401.85 
-4.29339 -5.18341 60.177
255 255 255
3 13 13770 710.865 394.243 18 15348 754.927 380.71 22 14125 732.036 394.009 
-1.07803 -4.69845 57.6685
255 255 255
2 13 13771 924.681 394.85 22 14130 963.191 396.622 
6.24786 -3.50903 57.9699
255 255 255
3 13 13772 1520.44 395.254 18 15368 1602.81 396.727 22 14140 1555.61 405.982 
3.26869 -4.0063 56.2186
255 255 255
2 13 13775 1265.39 396.325 22 14136 1314.34 402.333 
-2.36815 -4.76768 58.8597
255 255 255
2 13 13778 840.37 403.435 22 14139 870.432 405.549 
-0.189388 -4.4043 57.239
255 255 255
2 13 13780 992.717 407.205 22 14144 1034.38 410.417 
7.83584 -3.07338 59.2575
255 255 255
2 13 13781 1653.73 407.574 22 14156 1678.92 420.473 
-4.59026 -5.0355 60.081
255 255 255
2 13 13782 689.547 408.708 22 14141 710.015 408.433 
-2.61616 -4.71084 58.9612
255 255 255
2 13 13786 823.703 410.738 22 14146 852.839 412.671 
-1.67858 -4.58141 58.0051
255 255 255
2 13 13787 884.017 411.575 22 14147 919.674 412.13 
-1.04918 -4.43827 57.4183
255 255 255
3 13 13789 926.992 415.909 18 15374 1021.79 405.376 22 14151 967.166 417.372 
-2.67449 -4.61541 58.7987
255 255 255
3 13 13795 817.841 419.68 18 15377 887.033 408.62 22 14155 848.764 420.416 
-2.14989 -4.46679 58.0485
255 255 255
2 13 13797 849.731 426.287 22 14157 884.586 426.673 
0.480122 -4.0642 56.3057
255 255 255
2 13 13799 1040.09 428.468 22 14159 1087.85 430.313 
5.12363 -3.27365 57.4004
255 255 255
3 13 13800 1431.82 429.802 18 15390 1525.46 428.856 22 14162 1471.33 438.622 
-3.00401 -4.4783 58.7974
255 255 255
3 13 13801 795.047 434.35 18 15388 863.081 423.037 22 14160 824.17 434.866 
0.00721857 -4.01115 56.2974
255 255 255
2 13 13802 1002.76 438.643 22 14163 1050.32 440.586 
0.91742 -3.87737 55.9769
255 255 255
2 13 13803 1074.38 438.875 22 14164 1124.36 440.737 
-2.81799 -4.36792 57.9923
255 255 255
2 13 13804 798.806 442.065 22 14166 833.317 442.67 
-2.66352 -4.29987 57.7094
255 255 255
2 13 13807 807.456 446.377 22 14168 843.802 446.454 
7.813 -2.58446 59.3469
255 255 255
2 13 13808 1658.77 446.154 22 14180 1682.8 458.811 
7.95456 -2.57965 58.8167
255 255 255
2 13 13809 1670.29 445.662 18 15408 1732.64 450.012 
-2.09987 -4.13354 57.3942
255 255 255
2 13 13814 848.698 452.903 22 14175 887.52 453.994 
7.65267 -2.54666 58.66
255 255 255
3 13 13816 1646.91 453.113 18 15415 1712.52 455.621 22 14190 1675.06 464.911 
3.97953 -3.14856 56.6316
255 255 255
2 13 13820 1337.59 456.482 22 14183 1382.54 463.434 
4.66055 -2.99257 56.9979
255 255 255
3 13 13825 1396.76 460.177 18 15414 1497.44 457.239 22 14193 1438.89 467.108 
-3.28909 -4.0621 58.1168
255 255 255
3 13 13841 767.907 471.917 18 15419 845.77 460.812 22 14198 801.783 471.351 
0.478653 -3.54403 55.8775
255 255 255
2 13 13842 1042.23 471.749 22 14208 1092.42 474.123 
-2.6622 -3.9492 57.4557
255 255 255
2 13 13846 808.207 474.773 22 14206 845.801 474.802 
4.15776 -2.87841 56.9577
255 255 255
2 13 13847 1357.49 475.351 22 14218 1399.85 482.651 
-1.06306 -3.68936 56.5464
255 255 255
3 13 13852 924.404 478.13 18 15432 1033.13 468.321 22 14213 969.694 478.835 
-0.62451 -3.59371 56.3198
255 255 255
2 13 13855 957.922 480.556 22 14217 1004.49 482.322 
-2.9613 -3.85788 57.9444
255 255 255
3 13 13857 792.723 484.076 18 15440 874.138 473.973 22 14221 828.425 484.214 
-2.43114 -3.80009 57.2366
255 255 255
2 13 13858 824.875 484.415 22 14222 863.958 484.485 
-1.72334 -3.71461 56.407
255 255 255
2 13 13859 870.038 484.987 22 14223 915.161 484.81 
-0.218087 -3.46009 56.1237
255 255 255
2 13 13861 989.926 487.105 22 14230 1037.9 488.617 
-5.95879 -4.21882 59.5977
255 255 255
2 13 13862 590.193 488.2 22 14225 610.628 486.344 
-0.785285 -3.50521 56.242
255 255 255
3 13 13865 945.196 490.241 18 15453 1059.44 481.009 22 14232 992.264 491.402 
8.33928 -1.93332 59.2236
255 255 255
2 13 13866 1709.59 490.683 22 14249 1733.04 504.606 
-2.09975 -3.61715 56.7417
255 255 255
2 13 13873 846.139 496.484 22 14237 888.59 496.484 
-1.60197 -3.54978 56.3704
255 255 255
2 13 13874 881.285 496.932 22 14238 926.586 496.907 
-1.03677 -3.46667 56.2316
255 255 255
2 13 13875 925.588 497.064 22 14239 972.189 497.218 
-0.546827 -3.37648 56.0834
255 255 255
2 13 13877 964.155 498.536 22 14243 1012.05 499.27 
-4.13843 -3.81921 58.2944
255 255 255
2 13 13879 709.203 500.519 22 14244 739.686 500.384 
-2.55225 -3.62083 56.9584
255 255 255
2 13 13881 813.62 500.981 22 14245 854.227 501.148 
-5.61684 -3.88624 58.941
255 255 255
2 13 13890 607.88 511.411 22 14256 632.38 509.918 
-2.54879 -3.51647 56.729
255 255 255
3 13 13891 811.816 510.704 18 15474 913.944 498.786 22 14258 853.958 510.168 
4.10628 -2.39739 57.0992
255 255 255
2 13 13896 1360.71 514.694 22 14278 1401.56 522.021 
-3.46328 -3.53305 57.0651
255 255 255
2 13 13903 745.17 519.091 22 14270 783.933 518.506 
4.29417 -2.35106 56.5804
255 255 255
2 13 13904 1374.15 518.513 22 14280 1418.27 524.56 
-3.8126 -3.53915 57.3969
255 255 255
2 13 13908 723.281 522.11 22 14274 759.412 520.756 
4.11378 -2.28868 57.246
255 255 255
2 13 13909 1363.53 522.779 22 14287 1403.29 530.437 
-5.26288 -3.6838 58.5641
255 255 255
2 13 13911 630.302 524.631 22 14276 657.277 522.199 
-6.17887 -3.6863 59.1343
255 255 255
2 13 13917 571.749 532.913 22 14286 594.007 531.063 
-2.11229 -3.18038 56.4222
255 255 255
2 13 13918 846.146 532.832 22 14289 890.292 533.329 
-6.32361 -3.66266 59.0784
255 255 255
2 13 13920 560.262 536.7 22 14290 582.579 534.629 
-6.06083 -3.59733 58.9425
255 255 255
2 13 13923 578.123 539.172 22 14294 601.585 537.108 
3.93362 -2.15554 56.8043
255 255 255
2 13 13924 1348.6 537.788 22 14299 1391.19 544.683 
3.61607 -2.16343 56.614
255 255 255
3 13 13927 1321.86 542.344 18 15522 1428.95 538.357 22 14304 1365.32 548.103 
-4.45511 -3.33474 57.3761
255 255 255
2 13 13929 675.753 546.001 22 14298 711.007 544.94 
3.32939 -2.03798 56.4662
255 255 255
2 13 13936 1299.21 556.788 22 14315 1344.06 562.493 
8.66596 -0.880137 60.0004
255 255 255
2 13 13944 1749.01 566.944 22 14328 1765.91 580.444 
2.88945 -1.91248 55.5646
255 255 255
3 13 13949 1259.13 577.759 18 15540 1385.02 570.945 22 14329 1309.78 581.728 
2.62828 -1.78783 55.685
255 255 255
2 13 13956 1240 590.12 22 14334 1290.05 594.858 
2.01788 -1.75036 55.0001
255 255 255
2 13 13965 1184.69 605.579 22 14341 1239.36 607.621 
-6.00483 -2.70466 57.1897
255 255 255
2 13 13970 560.581 616.25 22 14345 593.877 613.668 
1.80255 -1.43119 54.9981
255 255 255
2 13 13980 1171.2 635.34 22 14355 1225.48 637.271 
0.186797 -1.58332 54.7544
255 255 255
2 13 13986 1032.42 644.521 22 14359 1088.1 645.527 
-0.990133 -1.47875 54.8578
255 255 255
2 13 14003 937.858 668.122 22 14376 991.819 667.719 
1.51211 -1.00321 54.7061
255 255 255
2 13 14007 1150.35 677.286 22 14384 1206.17 678.766 
8.9235 0.699411 60.6269
255 255 255
2 13 14014 1789.97 684.752 22 14392 1800.59 696.251 
1.37702 -0.622077 54.917
255 255 255
2 13 14025 1146.32 710.113 22 14396 1200.1 711.342 
0.302747 -0.383529 54.2539
255 255 255
3 13 14043 1053.08 749.665 18 15623 1200.64 740.498 22 14414 1110.97 749.55 
-4.02703 -0.430146 54.5661
255 255 255
2 13 14068 698.006 797.67 22 14434 749.332 794.687 
-4.30743 -0.425542 54.5814
255 255 255
3 13 14070 675.513 801.771 18 15647 806.631 791.516 22 14438 726.082 798.933 
-3.94746 -0.167887 54.4127
255 255 255
3 13 14077 705.315 820.014 18 15653 840.551 811.28 22 14445 757.346 818.192 
0.194644 0.439844 54.1458
255 255 255
3 13 14079 1054.2 822.302 18 15655 1202.58 814.675 22 14446 1111.86 822.728 
-3.32807 -0.0256504 53.8611
255 255 255
3 13 14084 748.856 829.813 18 15661 896.305 821.176 22 14448 805.903 827.316 
-0.184531 0.674348 53.9393
255 255 255
2 13 14094 1023.1 849.68 22 14456 1081.83 849.476 
-6.48357 0.0603166 55.5047
255 255 255
2 13 14098 523.689 860.114 22 14458 563.896 856.391 
-6.91736 0.21132 55.4648
255 255 255
2 13 14110 490.196 877.74 22 14467 529.744 874.8 
-6.50409 0.312013 55.3759
255 255 255
2 13 14111 522.531 882.398 22 14468 563.31 879.039 
-6.77684 0.404476 55.4119
255 255 255
2 13 14119 502.629 892.568 22 14477 542.616 889.944 
-3.07475 1.07775 53.4644
255 255 255
2 13 14141 778.275 926.973 22 14494 837.098 923.48 
-6.15931 1.03682 54.9863
255 255 255
2 13 14149 551.277 942.541 22 14502 594.649 940.651 
-1.67235 1.74337 53.2019
255 255 255
3 13 14163 902.122 970.352 18 15725 1064.3 962.751 22 14521 963.791 968.717 
-1.58454 1.96053 53.2322
255 255 255
3 13 14173 912.994 987.848 18 15738 1074.48 980.78 22 14532 974.379 986.339 
-2.47019 1.94095 53.1233
255 255 255
3 13 14178 835.598 998.495 18 15743 997.314 992.087 22 14536 896.997 996.592 
-2.20442 1.9532 53.0398
255 255 255
3 13 14179 856.692 998.569 18 15742 1020.78 990.04 22 14535 920.301 995.006 
-2.0188 2.01814 53.1002
255 255 255
3 13 14180 874.859 1000.15 18 15744 1037.96 993.187 22 14537 936.681 998.244 
-3.10584 3.18167 52.8446
255 255 255
4 11 10758 694.577 1100.13 13 14221 793.257 1119.4 18 15803 958.46 1115.2 22 14591 854.855 1117.4 
-2.89204 3.34482 52.7667
255 255 255
3 13 14228 813.263 1133.28 18 15812 979.107 1128.29 22 14599 875.113 1130.99 
-0.687291 4.04944 53.9829
255 255 255
2 13 14242 1028.03 1150.07 22 14613 1081.94 1148.4 
-2.3496 3.8171 52.6933
255 255 255
2 13 14253 865.361 1170.07 18 15837 1033.4 1164.58 
-7.85151 3.74867 54.5113
255 255 255
2 13 14268 438.595 1198.03 22 14645 478.674 1196.71 
-6.63413 3.85115 54.0053
255 255 255
2 13 14271 528.383 1201.27 22 14648 574.413 1200.01 
-6.14713 3.86027 53.6508
255 255 255
3 13 14273 561.446 1202.64 18 15853 697.656 1203.15 22 14649 611.016 1200.85 
-8.22911 3.82325 54.7485
255 255 255
2 13 14274 414.29 1204.21 22 14651 451.956 1204.02 
-8.4616 3.92573 54.7971
255 255 255
2 13 14280 398.024 1215.09 22 14657 434.631 1214.07 
-5.47034 4.03961 53.3324
255 255 255
3 13 14284 614.09 1215.95 18 15862 759.041 1215.36 22 14658 666.616 1214.08 
-0.886883 4.97454 53.8173
255 255 255
2 13 14298 1021.98 1235.81 22 14670 1075.94 1234.9 
-1.35433 4.84247 52.9786
255 255 255
2 13 14301 969.652 1244.66 22 14676 1029.65 1242.79 
-5.05899 4.4038 53.0203
255 255 255
3 13 14303 647.309 1248.33 18 15886 799.654 1248.31 22 14677 703.144 1246.61 
-1.25995 5.00171 53.146
255 255 255
2 13 14310 982.161 1254.45 22 14682 1040.83 1253.22 
-1.24705 5.20328 53.1474
255 255 255
2 13 14325 986.116 1272.04 22 14702 1044.57 1271.12 
-0.747254 5.37222 53.7858
255 255 255
2 13 14326 1039.15 1270.05 22 14697 1092.87 1268.37 
-2.44266 5.00296 52.4841
255 255 255
2 13 14335 870.757 1280.93 22 14710 933.252 1278.81 
-4.91464 4.78353 52.6755
255 255 255
3 13 14342 658.346 1286.25 18 15920 817.499 1287.18 22 14715 716.037 1284.7 
-9.19653 4.74447 54.8697
255 255 255
2 13 14348 350.976 1290.76 22 14725 384.47 1290.48 
-3.13667 5.03485 52.3535
255 255 255
2 13 14353 808.975 1294.34 22 14727 871.588 1292.34 
-9.06042 4.93667 54.8337
255 255 255
2 13 14370 363.405 1306.11 22 14745 397.268 1306.03 
-3.20517 5.20854 52.2791
255 255 255
2 13 14381 804.253 1312.21 22 14751 867.131 1310.15 
-9.40878 5.04732 55.0568
255 255 255
3 13 14385 341.415 1315.01 18 17290 434.026 1324.46 22 14754 374.861 1315.51 
-4.62188 5.08675 52.4719
255 255 255
3 13 14386 683.897 1314.03 18 15957 847.748 1314.68 22 14752 742.767 1311.72 
7.68703 9.04657 63.0288
255 255 255
2 13 14387 1801.83 1315.06 22 14767 1789.62 1320.91 
-4.39847 5.26703 52.4877
255 255 255
2 13 14408 705.608 1327.14 22 14778 765.071 1325.54 
-3.38222 5.34264 52.2436
255 255 255
2 13 14409 790.18 1327.07 22 14772 852.918 1324.96 
-3.57278 5.4053 52.3518
255 255 255
2 13 14421 776.323 1332.6 22 14784 837.929 1330.98 
-5.11791 5.31961 52.6871
255 255 255
2 13 14428 648.481 1336.21 22 14789 705.154 1334.71 
-3.70417 5.41539 52.2488
255 255 255
2 13 14430 763.363 1337.24 22 14791 825.514 1335.21 
-4.64228 5.35831 52.354
255 255 255
2 13 14435 683.469 1340.8 22 14795 743.406 1339.01 
-4.06818 5.44283 52.1097
255 255 255
2 13 14448 729.783 1346.75 22 14808 792.394 1344.55 
-4.45646 5.49402 52.2858
255 255 255
3 13 14459 700.226 1352.22 18 16021 867.937 1352.68 22 14817 760.448 1350.39 
7.35528 9.53873 63.004
255 255 255
2 13 14464 1783.3 1356.93 22 14833 1770.85 1361.3 
-3.40208 5.72591 52.2174
255 255 255
2 13 14469 793.371 1362.31 22 14832 855.829 1360.33 
-1.81785 6.19093 52.6653
255 255 255
2 13 14485 944.375 1376.69 22 14843 1004.69 1374.74 
7.30577 9.86995 63.135
255 255 255
2 13 14488 1783.56 1380.39 22 14855 1770.03 1384.46 
-1.91569 6.42752 52.6086
255 255 255
2 13 14504 938.428 1400.07 22 14865 998.822 1398.43 
-2.04395 6.48169 52.6081
255 255 255
2 13 14508 928.01 1406.28 22 14869 988.243 1404.95 
-2.04999 6.75155 52.3949
255 255 255
2 13 14533 928.397 1435.6 22 14891 989.838 1433.32 
7.25345 10.5917 63.0589
255 255 255
2 13 14534 1789.09 1436.8 22 14897 1775.13 1440.72 
-1.29849 7.11593 53.2886
255 255 255
2 13 14535 1010.48 1440.28 22 14893 1065.36 1438.48 
-3.19696 6.61516 52.0633
255 255 255
2 13 14537 821.221 1443.01 18 16100 996.09 1442.86 
-1.57601 7.1969 53.2235
255 255 255
2 13 14545 986.819 1451.65 22 14907 1041.94 1450.62 
7.06968 10.8612 63.016
255 255 255
2 13 14550 1778.84 1460.51 22 14913 1764.84 1463.13 
-3.51588 6.7806 51.9767
255 255 255
3 13 14552 794.43 1463.87 18 16119 969.853 1463.83 22 14912 856.896 1462.26 
7.07614 11.1302 63.0239
255 255 255
2 13 14564 1782.73 1480.36 22 14919 1768.41 1483.46 
-1.83568 7.48621 53.1236
255 255 255
2 13 14566 967.184 1482.43 22 14918 1022.48 1481.54 
-3.58597 7.95515 51.8448
255 255 255
2 13 14646 802.567 1574.11 22 14979 864.945 1572.73 
6.51636 12.8952 63.0182
255 255 255
2 13 14688 1762.96 1620.09 22 15014 1746.97 1621.7 
5.87562 13.0606 63.1977
255 255 255
2 13 14698 1716.46 1635.3 22 15019 1699.97 1637.07 
-3.59091 8.99253 51.6122
255 255 255
4 11 11226 698.301 1667.86 13 14735 812.802 1673.06 18 16250 992.825 1675.34 22 15049 876.206 1673.12 
6.33909 13.6515 62.9085
255 255 255
2 13 14741 1759.36 1681.92 22 15053 1743.05 1682.06 
5.8939 15.1162 62.6412
255 255 255
2 13 14811 1744.38 1803.18 22 15120 1728.1 1802.66 
5.75912 15.3018 62.614
255 255 255
2 13 14818 1736.5 1819.31 22 15122 1720.24 1818.54 
5.74385 15.5919 62.4991
255 255 255
2 13 14830 1739.12 1844.27 22 15132 1723.1 1843.14 
-3.45047 10.8553 51.2502
255 255 255
3 13 14837 846.627 1852.52 18 16354 1031.41 1855.88 22 15134 910.237 1851.87 
-3.26509 10.9361 51.3059
255 255 255
2 13 14841 865.249 1856.47 22 15137 928.484 1855.09 
-4.38437 10.8095 51.232
255 255 255
3 13 14843 762.605 1858.51 18 16361 945.008 1865.94 22 15140 824.988 1858.01 
-11.5246 11.1563 54.3846
255 255 255
2 13 14844 234.236 1862.45 22 15148 257.837 1870.11 
-4.90525 10.9287 51.1671
255 255 255
3 13 14848 717.077 1876.5 18 16373 898.792 1886.15 22 15151 778.731 1876.59 
-10.9659 11.1716 53.6643
255 255 255
2 13 14850 261.153 1879.18 22 15155 290.852 1886.28 
-5.01852 11.136 51.1495
255 255 255
2 13 14864 709.629 1896.57 22 15165 771.185 1897.49 
-4.5706 11.1901 51.0853
255 255 255
3 13 14868 749.032 1899.44 18 16389 933.29 1908.26 22 15167 811.697 1899.03 
-10.6542 11.4042 53.4069
255 255 255
2 13 14871 283.157 1903.55 22 15176 315.177 1910.9 
-5.54064 11.2631 51.0838
255 255 255
3 13 14878 663.872 1915.09 18 16404 844.461 1928.91 22 15183 725.278 1916.43 
-4.39352 11.3973 51.083
255 255 255
2 13 14880 767.738 1916.53 18 16401 952.343 1924.73 
-5.77803 11.3413 51.2695
255 255 255
2 13 14882 647.875 1918.86 22 15186 706.804 1920.44 
-10.0724 11.5605 53.0756
255 255 255
2 13 14886 324.873 1921.74 22 15196 360.513 1928.62 
-4.30601 11.5423 51.006
255 255 255
3 13 14892 776.455 1931.16 18 16410 962.696 1939.66 22 15199 839.4 1930.66 
-5.77211 11.4998 51.1482
255 255 255
2 13 14896 648.304 1936.9 22 15203 707.974 1938.5 
-4.3809 11.8053 50.9548
255 255 255
2 13 14918 772.586 1957.62 22 15218 835.825 1957.38 
-3.61427 12.0593 51.137
255 255 255
3 13 14933 847.745 1967.24 18 16443 1032.54 1972.64 22 15229 910.538 1966.48 
-4.14498 11.9573 50.8892
255 255 255
2 13 14941 794.748 1970.97 22 15239 858.743 1971.11 
-5.63047 11.9425 50.828
255 255 255
2 18 16485 845.494 2000.87 22 15257 722.844 1987.17 
4.24849 17.4555 62.0022
255 255 255
2 13 14979 1648.39 2013.2 22 15279 1633.88 2010.8 
-5.42601 12.3037 50.9094
255 255 255
3 13 14983 686.118 2013.99 18 16508 869.176 2028.25 22 15283 746.887 2015.73 
-3.76538 12.517 50.9909
255 255 255
3 13 14984 838.449 2015.14 18 16502 1025.21 2021.65 22 15281 901.971 2014.27 
-3.55937 12.669 51.0784
255 255 255
2 13 14989 860.727 2024.1 22 15286 923.089 2023.26 
2.65224 18.1471 63.7001
255 255 255
2 13 14995 1538.21 2032.27 22 15296 1515.15 2033.49 
-5.67055 12.5334 50.9134
255 255 255
3 13 14998 667.831 2037.24 18 16526 849.452 2052.74 22 15300 727.878 2038.6 
-4.00271 12.7122 50.849
255 255 255
3 13 15000 817.994 2039.95 18 16524 1006.66 2047.51 22 15303 881.327 2039.47 
-7.23401 12.8089 51.0257
255 255 255
2 13 15021 536.265 2071.6 22 15333 592.144 2076.02 
3.56166 18.5373 61.8378
255 255 255
2 13 15055 1608.95 2105.4 22 15356 1594.59 2103.96 
-4.48898 13.3604 50.7016
255 255 255
2 13 15057 781.372 2108.47 22 15360 844.39 2108.66 
-4.89992 13.3584 50.6778
255 255 255
3 13 15061 744.148 2112.49 18 16581 932.483 2125.82 22 15366 806.501 2113.73 
-5.98167 13.3909 50.6439
255 255 255
3 13 15071 647.446 2126.65 18 16598 832.136 2145 22 15373 707.983 2129 
-5.93528 13.6811 50.62
255 255 255
3 13 15091 655.287 2153.25 18 16616 840.278 2171.88 22 15392 715.964 2155.64 
-5.26925 13.7661 50.5426
255 255 255
3 13 15101 714.491 2157.7 18 16617 903.719 2173.24 22 15394 777.077 2159.27 
-5.49998 13.9528 50.5566
255 255 255
3 13 15111 697.282 2176.13 18 16634 884.865 2192.77 22 15408 757.975 2178.41 
-5.32718 14.051 50.688
255 255 255
3 13 15113 716.437 2178.68 18 16637 901.835 2194.68 22 15411 776.789 2180.72 
-7.06712 14.8337 50.4863
255 255 255
2 13 15160 569.072 2270.8 22 15464 626.87 2275.93 
-12.4136 15.5828 53.191
255 255 255
2 13 15163 191.391 2276.08 22 15472 215.108 2289.71 
-8.58389 14.9475 50.5678
255 255 255
2 13 15170 439.089 2289.55 22 15476 492.381 2297.09 
-5.68008 15.2277 50.4199
255 255 255
3 13 15173 697.219 2297.64 18 16706 885.045 2317.15 22 15478 757.722 2300.34 
-4.35037 15.4317 50.3637
255 255 255
2 13 15176 818.91 2307.28 22 15480 882.015 2307.42 
-5.29725 15.4916 50.5172
255 255 255
3 13 15180 737.112 2314.31 18 16716 923.969 2332 22 15483 797.555 2316.64 
-5.86807 15.4346 50.3602
255 255 255
3 13 15185 682.223 2320.33 18 16719 870.247 2340.54 22 15488 742.825 2323.33 
-5.96701 15.4293 50.3146
255 255 255
2 13 15186 672.443 2321.86 18 16724 861.036 2343.87 
-4.81293 15.9549 50.5239
255 255 255
3 13 15193 787.56 2351.45 18 16733 975.196 2366.4 22 15497 848.251 2353.68 
-5.03177 16.0386 50.5021
255 255 255
3 13 15199 768.837 2362.06 18 16741 956.006 2377.9 22 15502 829.033 2363.89 
-8.74545 16.0301 50.3176
255 255 255
2 13 15217 435.1 2396.44 22 15527 488.496 2405.1 
-4.55337 16.5982 50.0315
255 255 255
2 13 15236 812.422 2427.24 22 15543 876.296 2428.32 
-12.0298 17.3637 52.724
255 255 255
2 13 15240 235.46 2439.08 22 15552 261.494 2455.26 
-11.2494 17.4883 52.1267
255 255 255
2 13 15255 286.564 2468.45 22 15568 318.551 2482.37 
-4.95098 17.0691 50.075
255 255 255
3 13 15256 784.009 2470.48 18 16789 978.832 2488.07 22 15561 846.636 2472.99 
-5.85246 17.0174 49.9785
255 255 255
2 13 15259 700.111 2477.06 22 15566 761.592 2481.32 
-4.62896 17.1294 49.934
255 255 255
3 13 15261 811.9 2479.62 18 16795 1010.63 2493.91 22 15569 875.692 2481.6 
-5.38263 17.3833 49.9681
255 255 255
2 13 15270 747.899 2506.91 22 15583 809.82 2510.08 
-5.59689 17.4357 50.021
255 255 255
3 13 15274 730.379 2510.85 18 16821 923.327 2532.54 22 15587 791.154 2514.67 
-5.46868 17.6369 49.9665
255 255 255
3 13 15282 744.192 2530.23 18 16837 938.368 2551.04 22 15598 804.861 2534.04 
-6.11112 17.8237 50.2723
255 255 255
2 13 15285 694.498 2538.48 22 15603 752.151 2543.99 
-6.53477 17.7615 50.083
255 255 255
2 13 15291 651.991 2544.28 22 15605 710.286 2550.14 
-6.46053 17.8571 50.1791
255 255 255
2 13 15294 661.948 2548.08 22 15608 719.548 2554.02 
-9.34772 17.9086 50.4754
255 255 255
2 13 15303 414.214 2559.94 22 15622 462.506 2570.74 
-6.6765 17.9559 50.0845
255 255 255
2 13 15306 642.251 2562.53 22 15620 699.983 2568.79 
-7.14815 17.9671 50.1287
255 255 255
3 13 15308 601.351 2565.04 18 16865 784.437 2598.13 22 15623 657.304 2571.72 
-10.385 18.3062 51.1528
255 255 255
2 13 15313 347 2571.72 22 15632 387.263 2586.43 
-7.67261 18.2699 50.273
255 255 255
3 13 15322 561.658 2588.92 18 16887 738.928 2626.66 22 15638 616.685 2597.1 
-9.48776 18.561 51.0029
255 255 255
2 13 15326 424.169 2595.04 22 15647 467.608 2607.46 
-9.81251 18.4919 50.8272
255 255 255
2 13 15329 390.982 2598.64 22 15650 434.825 2611.31 
-8.68356 18.2854 50.2628
255 255 255
2 13 15330 472.973 2597.62 22 15648 524.189 2608.03 
-10.1283 18.6315 51.0703
255 255 255
2 13 15332 371.748 2602.19 22 15656 412.865 2615.87 
-9.64923 18.6893 50.9249
255 255 255
3 13 15339 410.277 2610.48 18 16925 562.385 2660.98 22 15661 453.754 2623.11 
-6.79444 18.7049 50.1471
255 255 255
2 13 15350 644.185 2627 22 15670 700.247 2634.29 
-8.64614 19.1457 50.3186
255 255 255
2 13 15362 490.404 2670.84 22 15691 540.224 2681.57 
-2.16326 -7.42593 62.4636
255 255 255
2 13 15375 870.629 203.328 22 15700 882.799 207.247 
-0.862281 -7.19626 61.3244
255 255 255
3 13 15376 952.891 202.571 18 16959 990.427 193.708 22 15701 973.612 206.568 
-0.406913 -7.0561 61.4511
255 255 255
3 13 15377 988.984 206.563 18 16960 1025.2 199.405 22 15702 1009.19 213.5 
0.088703 -6.98399 61.3311
255 255 255
3 13 15378 1025.03 205.5 18 16961 1063.4 200.081 22 15703 1045.31 212.391 
-1.27387 -6.72303 61.4482
255 255 255
3 13 15385 930.283 242.27 18 16965 964.63 233.451 22 15707 948.691 246.734 
0.778352 -6.36035 60.8991
255 255 255
3 13 15386 1078.64 242.232 18 16969 1123.38 238.868 22 15709 1102.19 250.325 
1.10923 -6.09542 60.6125
255 255 255
2 13 15390 1104.59 258.541 22 15715 1127.73 265.907 
-2.11951 -6.62012 61.7143
255 255 255
2 13 15391 873.795 260.338 22 15713 889.301 264.013 
1.61003 -5.91762 61.6726
255 255 255
2 13 15393 1152.69 267.071 22 15717 1169.49 274.627 
7.16129 -4.33521 60.3538
255 255 255
2 13 15397 1584.05 316.964 22 15719 1604.89 330.633 
-0.453485 -5.15 58.2252
255 255 255
2 13 15400 973.94 350.515 22 15724 1009.88 353.911 
-2.19227 -5.35143 59.7189
255 255 255
2 13 15405 858.031 355.783 22 15725 883.639 358.08 
-0.0340534 -5.00835 58.0826
255 255 255
3 13 15406 1006.61 355.967 18 16987 1092.6 349.118 22 15727 1043.3 360.071 
-1.30959 -5.01693 58.7715
255 255 255
3 13 15412 916.623 371.966 18 16991 989.45 361.379 22 15731 948.214 373.951 
0.193597 -4.68353 57.7809
255 255 255
2 13 15414 1025.08 379.26 22 15736 1063.75 383.425 
6.51384 -3.58779 58.5052
255 255 255
2 13 15417 1541.44 384.63 22 15745 1573.27 396.216 
-3.6341 -5.15292 59.5848
255 255 255
2 13 15418 751.238 389.143 22 15740 775.861 388.965 
6.23181 -3.60315 56.9667
255 255 255
2 13 15419 1515.65 389.427 22 15744 1557.7 398.981 
-2.97443 -5.01095 59.4073
255 255 255
2 13 15421 799.505 392.119 22 15742 825.765 392.547 
5.44335 -3.4813 57.6395
255 255 255
3 13 15425 1455.52 407.955 18 17012 1544.96 407.83 22 15753 1493.26 418.888 
6.4387 -3.28368 58.0823
255 255 255
3 13 15428 1539.26 409.916 18 17015 1618.91 412.984 22 15755 1572.75 421.664 
7.87763 -3.03073 59.0184
255 255 255
3 13 15429 1657.72 409.449 18 17017 1718.08 416.056 22 15758 1684.16 424.115 
-1.06229 -4.45751 57.4116
255 255 255
2 13 15430 925.759 414.3 22 15752 965.656 415.696 
-1.70961 -4.5074 57.8989
255 255 255
2 13 15433 881.083 417.301 22 15751 917.438 419.111 
5.7751 -3.27607 57.7857
255 255 255
3 13 15436 1485.12 420.634 18 17020 1571.18 420.554 22 15760 1522.31 430.232 
5.06384 -3.23372 57.3812
255 255 255
3 13 15441 1427.64 433.813 18 17027 1521.58 433.178 22 15767 1466.87 442.192 
-0.774348 -4.12011 57.2637
255 255 255
2 13 15443 950.735 437.597 22 15766 991.486 439.736 
0.863108 -3.90987 56.0388
255 255 255
3 13 15444 1070.63 436.042 18 17024 1190.77 428.319 22 15763 1118.97 439.658 
4.58624 -3.26301 57.4009
255 255 255
2 13 15445 1388.73 437.115 22 15769 1428.52 446.033 
7.236 -2.49751 58.5363
255 255 255
2 13 15453 1614.26 462.271 22 15781 1643.83 473.874 
8.24752 -2.28364 59.1266
255 255 255
2 13 15456 1697.49 464.683 22 15785 1722.05 478.082 
-3.27672 -4.07966 58.1385
255 255 255
3 13 15459 769.216 470.764 18 17035 846.663 458.419 22 15776 802.365 470.164 
0.390373 -3.58046 55.8504
255 255 255
3 13 15460 1034.28 469.991 18 17039 1157.08 462.38 22 15777 1084.72 471.585 
-2.87756 -3.87839 58.0003
255 255 255
2 13 15464 800.333 481.369 22 15787 834.188 481.896 
-0.732061 -3.57585 56.2536
255 255 255
3 13 15465 948.685 483.455 18 17047 1062.92 474.73 22 15789 995.751 485.067 
3.77412 -2.89369 56.8038
255 255 255
2 13 15466 1325.46 479.888 22 15791 1368.91 485.913 
-1.88232 -3.73332 56.5479
255 255 255
2 13 15467 859.149 485.112 22 15788 903.192 484.802 
0.148611 -3.46206 55.3177
255 255 255
2 13 15468 1010.31 484.931 22 15790 1064.06 485.707 
-3.79145 -3.90352 57.9339
255 255 255
2 13 15469 728.985 491.107 22 15794 762.171 490.306 
-2.33379 -3.72331 56.9239
255 255 255
3 13 15470 829.153 490.477 18 17049 928.667 479.055 22 15795 869.859 490.485 
-1.61439 -3.48524 56.3932
255 255 255
2 13 15475 881.462 502.57 22 15798 926.468 501.949 
8.50988 -1.76341 59.3193
255 255 255
2 13 15476 1725.38 501.681 22 15806 1747.81 515.726 
-3.989 -3.58006 58.2172
255 255 255
2 13 15481 722.206 517.651 22 15803 753.107 517.706 
-2.6674 -3.45404 56.5513
255 255 255
2 13 15482 800.699 517.541 22 15804 843.626 516.823 
3.58572 -2.20422 56.5549
255 255 255
2 13 15489 1318.34 539.823 22 15813 1362.66 545.094 
3.9546 -2.12998 56.7361
255 255 255
2 13 15490 1350.33 540.11 22 15814 1393.3 546.533 
2.96293 -2.28415 55.3054
255 255 255
2 13 15494 1258.03 546.056 22 15815 1311.33 550.687 
2.90678 -1.85322 55.6262
255 255 255
2 13 15503 1261.69 581.752 22 15822 1312.14 585.892 
2.02814 -1.86167 54.9343
255 255 255
2 13 15505 1183.45 596.52 22 15824 1238.7 598.246 
1.70487 -1.3869 54.9867
255 255 255
2 13 15517 1163.59 640.422 22 15832 1217.88 642.258 
1.42701 -0.228091 55.0044
255 255 255
3 13 15537 1156.74 741.849 18 17116 1290.59 734.939 22 15848 1209.45 743.825 
-6.49952 0.404058 55.2728
255 255 255
2 13 15567 521.938 891.028 22 15877 563.319 887.746 
-2.33222 1.64011 53.1966
255 255 255
2 13 15582 844.38 969.319 22 15894 905.634 967.77 
-1.59585 1.95766 53.2779
255 255 255
2 13 15587 912.635 987.258 22 15897 973.644 985.695 
-2.46377 1.93204 53.1216
255 255 255
2 13 15590 836.047 997.721 22 15899 897.347 995.872 
-5.54833 3.61291 53.5748
255 255 255
2 13 15635 606.546 1175.17 22 15950 657.975 1173.72 
-6.58104 3.78408 53.9829
255 255 255
2 13 15639 531.403 1195.03 22 15956 577.815 1194.18 
-7.86669 3.8144 54.6576
255 255 255
3 13 15642 441.343 1200.99 18 17240 550.711 1205.57 22 15961 480.523 1199.97 
-9.18725 4.49495 55.146
255 255 255
3 13 15666 355.055 1264.69 18 17261 447.729 1272.58 22 15981 387.147 1264.69 
-4.34737 4.84378 52.4243
255 255 255
2 13 15675 703.033 1289.74 22 15993 763.591 1288.34 
-9.87771 4.84578 55.4866
255 255 255
2 13 15676 312.722 1295.3 22 15997 340.562 1296 
-4.33754 5.20757 52.4524
255 255 255
3 13 15699 709.49 1321.86 18 17288 874.675 1321.96 22 16012 769.14 1319.91 
-4.95018 5.2295 52.5839
255 255 255
3 13 15709 659.589 1328.5 18 17291 819.865 1329.53 22 16018 717.51 1326.46 
-4.03535 5.38136 52.304
255 255 255
2 13 15712 735.191 1336.67 18 17294 904.228 1336.59 
-1.64983 6.39142 52.4323
255 255 255
2 13 15730 958.792 1397.96 22 16040 1020.73 1395.12 
-2.68683 6.95273 52.2646
255 255 255
3 13 15749 873.9 1462.83 18 17331 1045.43 1462.68 22 16054 934.88 1461.72 
-3.61968 8.67146 51.662
255 255 255
2 13 15799 806.812 1644.55 18 17375 985.78 1646.02 
5.74679 13.9884 62.9581
255 255 255
3 13 15810 1718.98 1713.56 18 17386 1692.52 1690.86 22 16115 1701.94 1712.97 
-3.58171 10.2261 51.3486
255 255 255
3 13 15822 827.625 1794.37 18 17421 1010.83 1796.86 22 16131 890.481 1792.47 
-4.11832 10.3303 51.3545
255 255 255
2 13 15825 781.398 1808.61 22 16134 843.815 1807.89 
-4.49532 10.6029 51.278
255 255 255
3 13 15828 750.225 1839.26 18 17430 931.74 1848.01 22 16137 813.323 1838.37 
-4.33468 10.848 51.214
255 255 255
3 13 15830 767.351 1861.39 18 17432 950.243 1869.57 22 16140 829.641 1861.93 
-4.89989 10.8667 51.1903
255 255 255
3 13 15831 717.09 1869.77 18 17433 898.444 1879.93 22 16142 778.625 1870.23 
-9.57817 11.3486 52.9637
255 255 255
2 13 15838 360.234 1902.81 22 16147 398.155 1908.6 
-4.64595 11.506 50.9533
255 255 255
3 13 15849 744.668 1932.8 18 17449 930.937 1942.7 22 16158 807.572 1932.87 
-6.78771 11.6443 51.0563
255 255 255
2 13 15857 559.21 1962 22 16168 617.308 1965.22 
-3.6835 12.0188 51.2277
255 255 255
2 13 15858 842.461 1961.37 22 16165 904.356 1960.8 
-4.56873 12.0039 50.8972
255 255 255
3 13 15866 757.784 1979.23 18 17475 944.753 1989.16 22 16177 820.729 1979.3 
-4.15111 11.9791 50.8135
255 255 255
3 13 15867 793.266 1975.78 18 17471 983.44 1983.24 22 16173 857.747 1975.46 
-3.60748 12.2273 50.9375
255 255 255
2 13 15872 847.709 1989.01 22 16180 911.71 1988.15 
-6.76923 11.9798 51.0596
255 255 255
2 13 15875 565.732 1991.95 22 16183 623.433 1995.33 
2.6978 18.2012 63.8646
255 255 255
2 13 15893 1542.56 2031.64 22 16198 1518.51 2032.34 
-7.03829 12.5854 51.0084
255 255 255
2 13 15899 549.843 2050.92 22 16203 606.487 2054.01 
-3.72304 12.8562 50.7935
255 255 255
2 13 15902 844.284 2052.23 22 16204 908.426 2051.52 
-4.3937 12.8625 50.806
255 255 255
3 13 15905 784.272 2058.93 18 17508 972.441 2068.53 22 16206 847.561 2058.48 
-6.4378 12.8225 50.8601
255 255 255
2 13 15909 602.987 2071.89 18 17512 781.952 2091.81 
-6.07274 12.8565 50.7993
255 255 255
3 13 15910 634.576 2073.61 18 17513 816.423 2091.93 22 16212 694.498 2076.16 
-11.5786 14.6879 52.5735
255 255 255
2 13 15960 230.937 2216.38 22 16255 262.094 2228.16 
-6.18176 14.3934 50.4741
255 255 255
3 13 15962 641.027 2224.87 18 17564 826.902 2246.09 22 16256 701.272 2227.68 
-4.81609 15.6051 50.5659
255 255 255
2 13 15981 782.895 2317.85 18 17591 970.222 2334 
-4.65977 16.8019 49.9419
255 255 255
3 13 16007 804.606 2449.75 18 17621 1003.56 2464.62 22 16308 867.922 2451.91 
-5.58208 17.0094 50.0658
255 255 255
3 13 16013 726.096 2470.34 18 17627 918.897 2492.22 22 16313 787.205 2474.22 
-8.29168 17.3046 50.3004
255 255 255
2 13 16018 493.623 2506.74 22 16319 546.797 2515.88 
-5.14646 17.4798 50.027
255 255 255
3 13 16021 771.835 2510.6 18 17637 966.238 2530.31 22 16318 833.453 2513.95 
-8.61164 17.3035 50.2222
255 255 255
2 13 16022 463.686 2512.49 22 16321 516.536 2521.33 
-6.08585 17.4107 49.9211
255 255 255
2 13 16024 683.944 2516.99 22 16322 744.792 2520.86 
-5.89684 17.6247 49.8455
255 255 255
2 13 16029 702.788 2537.85 22 16326 764.344 2541.71 
-7.45569 17.8275 50.1583
255 255 255
2 13 16033 572.334 2553.36 22 16330 627.944 2561.18 
-7.15004 17.9905 50.1392
255 255 255
3 13 16036 601.693 2566.66 18 17649 784.541 2599.64 22 16333 657.666 2573.58 
-8.41671 18.0652 50.1503
255 255 255
4 10 13878 716.279 2649.37 13 16039 490.34 2581.86 18 17657 666.532 2622.74 22 16338 543.935 2591.19 
-9.29522 18.4217 50.896
255 255 255
2 13 16042 436.238 2586.1 22 16342 481.144 2598.37 
-9.12631 18.6055 50.6953
255 255 255
2 13 16049 449 2610.15 22 16346 495.473 2621.17 
0.855228 -4.84152 57.517
255 255 255
2 13 16098 1072.13 358.901 22 16388 1112.92 362.827 
0.80657 -4.67385 57.4944
255 255 255
2 13 16101 1070.24 372.683 22 16392 1111.01 376.969 
0.138413 -4.61516 57.5528
255 255 255
2 13 16106 1019.19 385.643 22 16397 1059.24 389.628 
-4.21644 -5.03077 60.158
255 255 255
2 13 16109 718.233 404.322 22 16399 738.747 404.715 
6.57611 -3.24999 58.7387
255 255 255
3 13 16110 1551.99 409.576 18 17706 1620.49 413.653 22 16402 1580.39 421.873 
7.94883 -3.0401 59.0727
255 255 255
2 13 16111 1663.16 408.749 22 16403 1689.39 422.297 
-1.83803 -4.43249 57.8032
255 255 255
2 13 16115 870.906 425.748 22 16404 907.531 425.881 
4.32234 -3.18518 56.9249
255 255 255
3 13 16123 1367.07 448.898 18 17712 1469.55 444.927 22 16413 1408.18 456.517 
-1.73109 -3.98427 57.3785
255 255 255
2 13 16126 879.088 460.307 22 16414 918.168 461.534 
-2.73051 -3.87194 57.7919
255 255 255
2 13 16128 808.728 480.75 22 16417 844.03 481.071 
-3.82891 -3.95798 58.1018
255 255 255
2 13 16132 728.076 486.548 22 16419 760.273 486.295 
-1.95267 -3.72701 56.7476
255 255 255
2 13 16133 856.438 485.882 22 16420 899.086 485.713 
7.66804 -2.10811 59.2354
255 255 255
2 13 16134 1654.06 485.725 22 16427 1678.33 498.09 
-1.88946 -3.37625 56.3354
255 255 255
2 13 16143 860.205 515.147 22 16430 905.22 514.232 
-5.6935 -3.49106 58.4261
255 255 255
2 13 16149 597.695 545.226 22 16435 624.662 542.653 
3.32998 -1.80303 56.2489
255 255 255
2 13 16153 1301.22 577.362 22 16438 1347.24 582.516 
2.09553 -1.11655 55.2492
255 255 255
2 13 16161 1202.01 656.354 22 16445 1254.21 659.211 
-1.13067 4.71389 53.6171
255 255 255
2 13 16218 995.142 1219.54 22 16487 1050.66 1217.87 
-5.47717 4.1635 53.2422
255 255 255
3 13 16220 613.477 1229.2 18 17797 759.912 1227.37 22 16488 666.334 1226.49 
-9.1394 4.55733 55.1884
255 255 255
2 13 16230 360.646 1268.94 22 16496 392.441 1268.61 
-2.67127 5.06345 51.878
255 255 255
2 13 16240 842.444 1301.18 22 16505 909.169 1297.51 
-4.47683 5.33047 51.7641
255 255 255
2 13 16264 686.479 1348.71 22 16527 751.109 1345.39 
-4.90732 11.26 51.0406
255 255 255
2 13 16365 719.297 1910.27 22 16606 781.705 1910.74 
4.50326 16.9323 62.3888
255 255 255
2 13 16375 1661.29 1959.98 22 16613 1645.38 1959.62 
-3.73791 13.9413 50.6778
255 255 255
2 13 16426 857.124 2154.82 22 16661 920.75 2154.7 
-3.56458 13.9766 50.6798
255 255 255
2 13 16427 873.309 2156.17 22 16663 937.148 2156.18 
-4.04517 17.1739 50.1169
255 255 255
2 13 16467 868.679 2471.5 18 18035 1065.03 2481.61 
-4.87927 17.0567 49.9814
255 255 255
2 13 16468 788.836 2472.96 22 16707 852 2475.31 
-5.47411 17.2347 50.0023
255 255 255
2 13 16469 737.982 2492.59 22 16708 799.717 2496.39 
-4.39655 17.539 50.1379
255 255 255
3 13 16470 842.188 2505.46 18 18038 1036.6 2520.29 22 16709 905.164 2506.71 
-6.20459 17.4053 49.9252
255 255 255
3 13 16473 673.47 2517 18 18040 866.013 2542.33 22 16711 733.427 2521.83 
-5.07968 17.6663 49.959
255 255 255
3 13 16474 779.305 2530.07 18 18041 975.128 2548.67 22 16713 841.84 2533.08 
-5.89076 17.6393 49.8791
255 255 255
3 13 16476 704.218 2537.63 18 18042 898.724 2561.12 22 16715 765.414 2541.78 
-7.83428 17.9252 50.3689
255 255 255
3 13 16480 544.559 2556.4 18 18048 719.386 2592.5 22 16719 598.069 2563.99 
-8.60746 18.047 50.203
255 255 255
2 13 16485 474.726 2578.61 22 16724 526.882 2588.77 
-7.8978 18.1267 49.9369
255 255 255
2 13 16489 532.781 2592.72 22 16726 588.582 2601.06 
-2.58271 4.80425 52.3855
255 255 255
2 13 16497 854.323 1266.7 18 18054 1026.67 1262.31 
5.04752 -3.15543 57.1696
255 255 255
3 13 16504 1427.19 441.546 18 18063 1524.37 438.671 22 16741 1466.31 449.625 
-3.8602 -4.03585 58.19
255 255 255
2 13 16506 726.16 480.772 22 16743 757.815 480.137 
5.47085 -2.4534 57.2797
255 255 255
2 13 16508 1470.96 491.926 22 16745 1510.05 501.005 
-7.12462 3.70872 53.8549
255 255 255
2 13 16528 483.075 1197.32 22 16761 529.208 1195.25 
-3.70809 5.13291 52.4218
255 255 255
2 13 16540 762.041 1307.87 18 18089 930.124 1307.68 
-5.14656 8.83323 51.5331
255 255 255
2 13 16564 672.642 1678.37 22 16790 733.795 1677.93 
-3.61408 14.5229 50.5896
255 255 255
2 13 16588 875.61 2210.11 22 16811 939.218 2208.91 
-4.38193 17.4316 50.0874
255 255 255
2 13 16596 841.424 2498.2 22 16821 904.034 2499.83 
-5.4146 4.47323 52.7572
255 255 255
3 13 16607 613.334 1263.27 18 18157 769.138 1264.12 22 16837 669.602 1261.31 
-3.49893 8.74375 51.7107
255 255 255
2 13 16616 819.286 1648.24 22 16845 881.817 1646.64 
-5.11053 8.71932 51.6167
255 255 255
2 13 16617 675.812 1665.87 22 16846 736.451 1664.62 
-4.74857 10.5627 51.3521
255 255 255
2 13 16618 728.953 1835.59 18 18170 907.978 1845.32 
-7.91232 12.8001 51.062
255 255 255
2 13 16634 477.763 2075.84 18 18190 644.974 2102.96 
-9.93576 12.6837 52.3784
255 255 255
2 13 16636 334.545 2038.95 22 16865 373.958 2046.31 
-5.09374 17.313 49.7303
255 255 255
2 13 16946 768.857 2508.7 22 17333 833.225 2510.69 
-7.25083 0.536854 55.559
255 255 255
2 13 16947 469.647 907.422 22 17370 507.609 905.135 
-4.26282 -2.18992 56.0855
255 255 255
2 13 16992 682.949 642.595 22 17807 725.558 640.623 
-12.5529 14.9616 53.4476
255 255 255
2 13 17301 178.336 2216.45 22 17270 200.669 2229.38 
-1.77708 -7.02361 62.6286
255 255 255
2 13 17311 904.579 227.536 22 17986 915.806 232.958 
-9.05203 17.7536 50.4008
255 255 255
2 13 17533 435.91 2547.16 22 18061 485.808 2558.1 
-2.50517 -0.959356 54.9135
255 255 255
2 13 17542 821.163 730.512 22 18221 872.725 729.65 
-11.0559 13.0258 53.0709
255 255 255
2 13 17668 263.747 2055.03 22 17881 295.022 2064.25 
-5.59418 -2.51815 56.8075
255 255 255
2 13 17720 587.428 628.363 22 18096 623.609 625.64 
-1.0956 -2.20292 55.2905
255 255 255
2 13 17761 925.173 605.705 22 18260 976.89 606.25 
-4.63683 13.2926 50.6446
255 255 255
2 13 17792 766.1 2106.17 18 19979 956.147 2116.34 
-4.3889 11.5668 50.9916
255 255 255
2 13 17865 769.012 1934.62 22 18301 832.297 1934.73 
-4.71687 13.3862 50.6715
255 255 255
2 13 17888 760.78 2113.88 22 18403 823.637 2114.49 
-0.888688 -0.639407 54.3963
255 255 255
2 13 17894 951.599 741.348 22 18622 1008.02 741.01 
-1.89063 -6.1491 60.8151
255 255 255
2 13 17922 884.8 291.928 22 18549 905.076 295.061 
5.65553 13.9136 63.0411
255 255 255
2 13 17947 1710.74 1705.1 22 18105 1694.22 1706.52 
-6.0959 13.1365 50.6896
255 255 255
3 13 18011 634.219 2102.82 18 20198 817.927 2121.87 22 18493 695.146 2105.5 
-5.58994 14.0109 50.5474
255 255 255
3 13 18017 689.551 2182.55 18 20058 877.013 2199.88 22 18470 751.062 2184.7 
-1.49963 6.29514 52.9144
255 255 255
2 13 18062 976.778 1377.26 22 18317 1035.35 1375.38 
-5.62985 13.9838 50.5191
255 255 255
2 13 18069 685.067 2181.43 18 20146 873 2199.08 
0.0878713 -0.633141 54.3462
255 255 255
3 13 18073 1032.61 729.989 18 20183 1178.6 721.299 22 18681 1090.07 730.013 
-6.60657 17.5402 50.0178
255 255 255
2 13 18083 640.943 2527.96 22 18643 699.855 2533.57 
-5.54354 13.9935 50.5757
255 255 255
2 13 18101 694 2179.52 22 18706 755.342 2181.59 
-1.62744 7.47765 53.1341
255 255 255
2 13 18120 985.248 1479.51 22 18251 1040.57 1477.73 
-2.56062 -1.00116 54.9586
255 255 255
2 13 18127 816.793 727.615 22 18865 867.969 726.199 
-3.09172 7.95381 51.8954
255 255 255
3 13 18150 846.58 1567.45 18 19838 1023.32 1567.53 22 18516 909.782 1565.34 
-1.41039 6.76006 53.3106
255 255 255
2 13 18164 996.047 1409.26 22 18404 1051.17 1407.99 
-6.20681 14.3054 50.4754
255 255 255
2 13 18170 637.473 2216.94 18 20187 823.37 2238.31 
6.85883 -3.75871 58.2604
255 255 255
2 13 18199 1566.13 366.838 22 18732 1599.46 378.829 
5.78774 -3.67455 57.5355
255 255 255
2 13 18207 1480.07 388.357 22 18607 1518.8 398.41 
-5.63727 17.317 49.9579
255 255 255
3 13 18209 723.647 2503.42 18 20063 918.039 2524.99 22 18533 785.366 2506.92 
-6.15412 14.445 50.4298
255 255 255
2 13 18211 643.327 2230.65 22 18644 704.027 2233.99 
-2.1534 9.12947 52.5857
255 255 255
2 13 18229 955.813 1645.75 22 18416 1012.76 1644.35 
-2.3579 9.88724 52.2801
255 255 255
2 13 18234 944.601 1723.55 18 19278 1112.1 1723.52 
-5.58492 13.955 50.5211
255 255 255
3 13 18236 688.782 2178.51 18 20190 876.861 2195.61 22 18785 750.301 2180.46 
-8.56518 -2.43932 59.0055
255 255 255
2 13 18244 406.588 657.181 22 18735 424.013 654.778 
0.0276247 0.754323 53.9708
255 255 255
3 13 18262 1042.43 853.379 18 20140 1193.59 845.695 22 18696 1101.16 853.639 
3.48266 -3.88468 56.0492
255 255 255
2 13 18281 1283.39 403.519 22 18774 1333.39 410.137 
-4.73117 13.4126 50.6412
255 255 255
2 13 18290 759.353 2117.46 22 18766 822.391 2118.1 
-4.33078 14.3588 50.7363
255 255 255
2 13 18299 810.905 2196.14 22 18515 872.576 2196.42 
-7.06634 15.7482 50.2425
255 255 255
3 13 18314 577.881 2362.16 18 20327 762.331 2390.82 22 18807 635.61 2367.71 
6.46942 -4.08583 57.9358
255 255 255
2 13 18378 1529.9 345.952 22 18837 1566.07 357.525 
0.293413 -6.00583 59.9176
255 255 255
2 13 18381 1038.23 275.106 22 18972 1065.07 280.614 
-4.82895 13.4551 50.7163
255 255 255
2 13 18386 752.534 2119.42 22 18835 814.789 2120.53 
-3.19618 10.3452 51.4291
255 255 255
3 13 18415 864.671 1798.67 18 20102 1047.13 1800.09 22 18852 927.886 1796.81 
-5.70261 13.3402 50.6671
255 255 255
3 13 18426 671.964 2118.64 18 20640 857.448 2135.85 22 19054 733.023 2120.63 
-1.46147 6.1884 52.917
255 255 255
2 13 18472 978.596 1367.1 22 18880 1037.34 1365.47 
2.55363 -3.72719 55.9308
255 255 255
2 13 18506 1208.89 429.332 22 19045 1259.5 434.065 
-0.00138192 0.789482 53.9556
255 255 255
3 13 18519 1040.32 856.871 18 20385 1191.69 849.359 22 19079 1099.03 857.185 
-1.09737 -2.33204 55.3603
255 255 255
2 13 18576 924.256 594.799 22 19291 975.588 594.963 
-8.41323 -5.72985 66.4534
255 255 255
3 14 87 448.92 288.969 16 89 496.359 271.371 21 80 439.668 280.686 
-8.59157 -5.12402 68.159
255 255 255
3 14 118 312.968 322.292 16 118 352.972 305.607 21 96 303.949 314.434 
-9.06472 -5.17936 66.9055
255 255 255
3 14 130 388.284 329.675 16 125 440.081 311.919 21 102 381.017 322.447 
-8.5938 -4.99949 68.2112
255 255 255
2 14 133 308.215 331.68 16 126 347.662 315.122 
-8.63054 -5.01525 68.0942
255 255 255
3 14 134 315.235 331.913 16 127 355.89 314.69 21 103 306.57 323.843 
-8.49101 -4.84219 68.2738
255 255 255
3 14 147 305.853 343.713 16 141 343.866 327.433 21 115 296.46 335.743 
-9.04506 -5.0245 66.7141
255 255 255
3 14 149 401.594 344.584 16 138 454.169 326.461 21 116 394.69 336.097 
-7.90996 -4.11342 69.4455
255 255 255
3 14 219 236.852 389.238 16 202 261.794 375.769 21 168 225.594 381.556 
-8.78265 -4.36324 67.0911
255 255 255
3 14 228 377.284 394.013 16 2775 424.37 377.39 21 177 369.309 385.576 
-4.14709 -4.20176 58.9408
255 255 255
2 14 324 1110.43 470.685 16 304 1137.29 457.065 
-9.84471 -3.69167 63.7328
255 255 255
2 14 336 588.263 486.58 16 312 663.905 467.72 
-4.99998 -3.91062 59.198
255 255 255
2 14 350 1069.96 495.091 16 324 1105.35 479.193 
-9.83214 -3.43336 63.1587
255 255 255
3 14 378 630.92 514.706 16 341 708.86 495.085 21 307 627.932 504.135 
-5.45957 -3.68538 58.8577
255 255 255
2 14 383 1083.58 518.125 16 354 1124.88 502.012 
-9.8358 -3.37176 63.1735
255 255 255
3 14 388 628.867 519.87 16 351 706.901 500.098 21 317 626.435 509.181 
-5.32836 -3.63434 58.7722
255 255 255
3 14 393 1093 522.625 16 358 1132.74 506.491 21 319 1078.41 509.393 
-9.53972 -2.02797 60.7884
255 255 255
2 14 503 814.074 658.63 16 428 897.622 638.661 
-5.09519 0.872209 54.5941
255 255 255
2 14 776 1387.14 933.53 16 620 1430.29 910.584 
-8.90169 0.726077 56.6624
255 255 255
2 14 787 1142.12 941.108 16 627 1229.2 916.538 
-4.9182 1.06838 54.2702
255 255 255
2 14 807 1414.51 951.64 16 641 1455.83 928.041 
-10.4419 1.51374 60.6697
255 255 255
3 14 850 765.301 974.96 16 682 859.039 956.789 21 535 765.588 960.134 
-10.5973 1.5988 60.9699
255 255 255
3 14 858 735.207 980.688 16 689 829.741 962.365 21 540 736.434 965.556 
-10.5909 1.64705 60.8012
255 255 255
2 14 872 748.629 987.357 16 699 843.758 968.355 
-8.90487 1.22052 56.4608
255 255 255
2 14 873 1154.47 986.936 16 690 1241.94 961.708 
-10.0904 1.47005 58.1368
255 255 255
2 14 895 983.453 1002.09 16 704 1082 978.267 
-11.1198 1.85074 60.3862
255 255 255
3 14 914 764.301 1017.64 16 3550 868.291 999.311 21 572 767.368 1002.17 
-10.8864 2.03162 60.6904
255 255 255
3 14 927 745.009 1026.61 16 3563 844.291 1007.74 21 581 747.323 1010.83 
-9.79619 2.08821 57.6726
255 255 255
2 14 984 1024.16 1058.3 16 760 1120.16 1034.93 
-9.80964 2.16633 57.6618
255 255 255
2 14 999 1024.01 1065.48 16 764 1120.21 1042.16 
-10.6061 2.41691 58.2766
255 255 255
2 14 1044 949.223 1091.02 16 796 1054.06 1068.03 
-8.9836 2.40999 56.0652
255 255 255
2 14 1056 1175.16 1097.05 16 804 1264.41 1071.11 
-5.16537 3.41006 53.5252
255 255 255
3 14 1157 1451.02 1157.17 16 898 1495.82 1130.81 21 721 1436.97 1134.57 
-10.052 3.07058 56.7995
255 255 255
2 14 1170 1081.98 1161.63 16 907 1183.68 1136.38 
-11.2644 3.35471 58.7642
255 255 255
2 14 1195 881.105 1178.27 16 937 992.8 1156.19 
-11.1627 3.37409 58.5822
255 255 255
2 14 1198 899.143 1180.78 16 942 1010.19 1158.85 
-11.1236 3.43578 58.5699
255 255 255
3 14 1209 900.794 1185.99 16 949 1011.26 1163.8 21 768 904.618 1167.31 
-11.2134 3.44857 58.701
255 255 255
2 14 1211 887.051 1186.86 16 948 998.219 1164.53 
-11.1386 3.48689 58.6086
255 255 255
3 14 1214 896.622 1190.24 16 956 1007.15 1168.22 21 773 900.526 1171.47 
-11.1017 3.56564 58.5745
255 255 255
3 14 1226 900.071 1197.18 16 964 1009.97 1174.94 21 781 903.37 1178.46 
-6.13255 4.13971 53.6115
255 255 255
2 14 1283 1421.11 1233.34 16 1004 1477.51 1204.45 
-11.7459 5.57086 58.3343
255 255 255
3 14 1508 882.827 1393.68 16 1246 1002.02 1372.18 21 1057 889.511 1373.17 
-11.7036 5.57657 58.2337
255 255 255
2 14 1509 892.658 1395.13 16 1247 1011.58 1373.13 
-11.7234 5.71787 58.2755
255 255 255
3 14 1520 887.258 1407.72 16 1258 1006.19 1385.88 21 1072 893.638 1386.52 
-11.8042 5.90725 58.1335
255 255 255
3 14 1537 895.139 1428.61 16 1276 1015.8 1407.01 21 1086 902.074 1407.71 
-11.8298 6.07321 58.0881
255 255 255
3 14 1553 896.756 1445.28 16 1292 1017.81 1423.12 21 1101 903.791 1423.79 
-11.6767 6.3873 57.3778
255 255 255
2 14 1590 959.161 1482.22 16 1320 1080.61 1458.5 
-11.122 6.93349 56.3005
255 255 255
2 14 1631 1061.92 1536.91 16 1350 1178.88 1510.5 
-12.006 7.52405 58.3365
255 255 255
2 14 1663 856.752 1575.65 16 1381 978.709 1556.8 
-12.0735 7.94875 58.1434
255 255 255
2 14 1714 867.299 1619.16 16 1418 990.791 1600.09 
-12.0713 8.05287 58.1286
255 255 255
3 14 1722 867.79 1628.93 16 1431 991.107 1609.49 21 1265 875.975 1606.19 
-9.34877 8.08151 53.8612
255 255 255
3 14 1730 1303.36 1636.26 16 1426 1401.07 1604.57 21 1268 1302.31 1608.53 
-12.099 8.13162 58.0814
255 255 255
2 14 1734 870.21 1637.96 16 1439 994.082 1617.86 
-11.7672 8.39124 56.3224
255 255 255
2 14 1778 1029.28 1684.53 16 1482 1154.92 1658.85 
-12.1616 8.44669 56.9758
255 255 255
2 14 1782 960.961 1688.34 16 1488 1089.97 1664.75 
-12.26 8.53803 57.1355
255 255 255
3 14 1796 943.29 1696.13 16 1497 1073.21 1673.65 21 1336 952.744 1671.57 
-12.2869 8.62056 57.2842
255 255 255
3 14 1803 928.832 1701.48 16 1503 1058.54 1679.92 21 1340 938.312 1677.09 
-12.4569 9.70834 57.5313
255 255 255
3 14 1896 892.194 1800.16 16 1578 1022.72 1780.49 21 1420 902.532 1775.35 
-12.4423 9.72559 57.48
255 255 255
3 14 1897 896.84 1802.27 16 1581 1027.43 1782.55 21 1422 907.28 1777.27 
-11.8667 9.94477 55.5384
255 255 255
2 14 1929 1080.54 1842.24 16 1600 1209.6 1815.03 
-12.6256 10.3585 56.9451
255 255 255
2 14 1972 932.218 1875.57 16 1648 1067.2 1854.17 
-12.6567 10.5846 56.7086
255 255 255
2 14 2027 949.889 1901.46 16 1684 1086.2 1879.77 
-12.6183 10.7662 56.4593
255 255 255
2 14 2061 971.198 1921.82 16 1706 1107.75 1898.91 
-12.646 10.8841 56.569
255 255 255
2 14 2074 959.66 1931.36 16 1717 1096.09 1908.72 
-12.7033 10.9123 56.7186
255 255 255
2 14 2079 944.58 1932.66 16 1721 1081.28 1910.87 
-12.7186 10.9624 56.7026
255 255 255
2 14 2087 945.079 1938.07 16 1731 1082.02 1916.13 
-12.6986 11.0049 56.6603
255 255 255
2 14 2094 948.942 1941.9 16 1736 1085.79 1920.26 
-11.505 10.9852 54.5918
255 255 255
3 14 2097 1163.05 1942.96 16 1723 1289.19 1912.34 21 1577 1170.65 1912.34 
-8.53098 15.6933 69.73
255 255 255
2 14 2111 31.4699 1952.35 16 1827 39.7734 1992.28 
-12.715 11.1371 56.7947
255 255 255
2 14 2112 935.435 1951.84 16 1750 1071.87 1930.64 
-12.7131 11.1253 56.7178
255 255 255
2 14 2113 942.335 1952.13 16 1751 1079.09 1930.82 
-11.7544 11.2547 54.8273
255 255 255
2 14 2137 1133.56 1970.4 16 1759 1262.55 1940.99 
-12.7231 11.3444 56.6908
255 255 255
2 14 2142 942.34 1972.78 16 1772 1079.22 1951.62 
-12.7288 11.4119 56.7246
255 255 255
2 14 2151 938.584 1978.49 16 1778 1075.34 1957.33 
-12.754 11.5045 56.5621
255 255 255
2 14 2167 951.268 1991.1 16 1795 1088.95 1969.05 
-12.7403 11.553 56.5129
255 255 255
2 14 2172 955.501 1995.78 16 1800 1093.21 1974.05 
-11.586 11.6954 54.4128
255 255 255
2 16 1807 1297.42 1979.82 17 3425 741.62 1995.21 
-12.1671 11.5854 54.9377
255 255 255
2 14 2189 1110.04 2011.07 16 1811 1244.79 1983 
-8.58441 12.5785 51.6178
255 255 255
3 14 2237 1469.11 2043.6 16 1844 1559.15 2004.22 21 1684 1466.91 2008.54 
-12.395 11.9234 55.1005
255 255 255
2 14 2238 1086.41 2046.25 16 1865 1223.8 2018.44 
-9.4259 12.4632 52.2666
255 255 255
2 14 2247 1398.27 2049.64 16 1853 1499.01 2011.32 
-8.90671 12.7139 51.7748
255 255 255
3 14 2266 1448.28 2063.09 16 1872 1542.51 2023.33 21 1712 1447.42 2027.94 
-12.899 12.4173 55.6863
255 255 255
2 14 2308 1015.87 2095.91 16 1946 1158.63 2071.72 
-12.9172 12.438 55.7662
255 255 255
2 14 2312 1008.05 2096.75 16 1949 1150.78 2072.97 
-12.4823 12.5888 54.9296
255 255 255
2 14 2335 1092.88 2112.61 16 1966 1231.79 2084.52 
-9.36288 13.6255 51.7794
255 255 255
3 14 2402 1430.7 2156.43 16 2011 1530.94 2116.47 21 1820 1431.04 2120.43 
-9.46746 13.6075 51.8794
255 255 255
3 14 2403 1419.75 2156.59 16 2021 1521.7 2117.32 21 1819 1421.37 2120.46 
-12.3793 13.3472 54.3419
255 255 255
3 14 2431 1140.36 2188.89 16 2085 1279.35 2158.89 21 1847 1151.9 2155.7 
-12.6359 13.8417 54.4623
255 255 255
2 14 2475 1118.36 2240.03 16 2126 1260.44 2210.95 
-12.5933 13.9111 54.4394
255 255 255
3 14 2481 1120.64 2245.15 16 2130 1262.27 2216.09 21 1885 1133.08 2211.45 
-12.6335 13.9293 54.5064
255 255 255
2 14 2484 1113.62 2246.89 16 2132 1255.46 2218 
-12.5286 13.9511 54.3645
255 255 255
3 14 2487 1128.58 2247.88 16 2133 1269.44 2218.34 21 1892 1140.89 2214.15 
-10.3676 14.3792 52.2374
255 255 255
2 14 2490 1363.19 2248.57 16 2125 1476.9 2209.89 
-10.3316 14.3916 52.1754
255 255 255
3 14 2491 1369.12 2249.59 16 2127 1482.54 2210.71 21 1889 1373.55 2212.32 
-10.8424 14.3455 52.6574
255 255 255
3 14 2499 1316.16 2254.41 16 2134 1436.26 2218.02 21 1896 1322.78 2218.49 
-12.6311 14.0178 54.4545
255 255 255
2 14 2502 1117.42 2255.4 16 2142 1259.45 2227.11 
-13.0302 14.3815 54.9267
255 255 255
2 14 2567 1061 2293.06 16 2181 1207.3 2267.43 
-13.0311 14.4575 55.0141
255 255 255
2 14 2571 1052.42 2298.06 16 2184 1198.36 2272.84 
-13.3878 14.5783 55.5353
255 255 255
2 14 2583 994.655 2311.04 16 2194 1144.09 2289.29 
-13.2098 14.6315 55.1768
255 255 255
2 14 2588 1031.26 2317.06 16 2196 1179.2 2292.75 
-13.2323 14.7009 55.3576
255 255 255
2 14 2589 1013.77 2320.06 16 2203 1161.37 2297.06 
-13.2223 14.6867 55.1652
255 255 255
2 14 2592 1031.4 2322.64 16 2204 1179.56 2298.51 
-13.3985 14.8653 55.5027
255 255 255
2 14 2603 994.52 2338.12 16 2218 1143.96 2315.98 
-12.4756 14.9843 53.775
255 255 255
2 14 2616 1172.7 2349.63 16 2220 1313.92 2318.89 
-11.9937 15.6341 53.1299
255 255 255
2 14 2649 1235.67 2401.64 16 2244 1370.98 2367.78 
-12.224 15.7023 53.3607
255 255 255
3 14 2658 1208.82 2411.88 16 2252 1346.95 2379.09 21 1991 1220.12 2375.5 
-12.1597 15.7794 53.2396
255 255 255
2 14 2663 1220.48 2418.77 16 2255 1357.92 2385.46 
-12.338 15.7838 53.4149
255 255 255
3 14 2667 1200.26 2422.69 16 2257 1340.08 2390.39 21 1998 1212.24 2385.49 
-13.4286 15.8046 55.1643
255 255 255
2 14 2674 1014.83 2430.34 16 2268 1165.39 2407.82 
-10.7052 16.3224 51.9211
255 255 255
2 14 2676 1364.62 2434.67 16 2260 1483.36 2396.23 
-13.4363 15.9043 55.0072
255 255 255
2 14 2681 1027.73 2443.03 16 2274 1178.93 2419.76 
-13.4329 15.9997 54.9298
255 255 255
2 14 2690 1033.85 2453.09 16 2283 1185.22 2429.52 
-12.8369 16.1003 53.8583
255 255 255
2 14 2699 1145.04 2461.24 16 2284 1290.83 2431.56 
-13.1325 16.1134 54.228
255 255 255
2 14 2704 1103.96 2466.29 16 2288 1253.14 2439.07 
-13.5875 16.1403 55.1337
255 255 255
3 14 2705 1009.88 2467.39 16 2295 1162.74 2445.37 21 2019 1025.99 2432.85 
-13.2027 16.1204 54.3504
255 255 255
2 14 2707 1090.99 2466.97 16 2291 1240.87 2440.72 
-12.6256 16.302 53.6111
255 255 255
2 14 2719 1170.56 2475.54 16 2297 1313.79 2444.96 
-13.4415 16.3254 54.7685
255 255 255
2 14 2728 1044.9 2485.84 16 2306 1196.8 2462.02 
-13.4462 16.3019 54.6104
255 255 255
2 14 2730 1059.22 2487.36 16 2307 1211.83 2462.94 
-13.4901 16.4176 54.9151
255 255 255
2 14 2732 1029.47 2492.71 16 2311 1181.51 2469.89 
-13.4649 16.4251 54.8448
255 255 255
2 14 2733 1036.42 2493.99 16 2313 1188.31 2470.62 
-12.6193 16.6701 53.5581
255 255 255
2 14 2742 1171.79 2508.73 16 2319 1314.88 2478.28 
-13.5515 16.5746 54.8402
255 255 255
2 14 2744 1032.95 2510.85 16 2323 1186.12 2487.96 
-13.5067 16.6307 54.7459
255 255 255
2 14 2747 1042.12 2516.02 16 2328 1194.92 2492.72 
-13.5179 16.6737 54.7187
255 255 255
2 14 2751 1043.84 2520.97 16 2330 1196.87 2497.48 
-12.6808 17.1573 53.6689
255 255 255
2 14 2775 1155.44 2551.46 16 2349 1298.87 2522.31 
-12.6 17.2598 53.4763
255 255 255
2 14 2786 1173.7 2561.18 16 2360 1316.44 2531.17 
-12.6336 17.2705 53.5316
255 255 255
2 14 2788 1167.8 2562.36 16 2362 1310.87 2532.61 
-10.6401 17.8343 51.6452
255 255 255
2 14 2795 1375.05 2566.96 16 2358 1492.81 2527.7 
-10.6237 18.3732 51.6671
255 255 255
3 14 2836 1367.93 2611.73 16 2383 1485.27 2572.67 21 2100 1374.49 2569.78 
-10.264 18.593 51.2486
255 255 255
2 14 2845 1409.82 2623.76 16 2393 1522.56 2582.6 
-10.284 18.6249 51.2146
255 255 255
2 14 2851 1412.07 2627.86 16 2396 1525.19 2586.84 
-7.91796 -6.17347 67.5715
255 255 255
3 14 2998 387.965 243.523 16 2522 425.022 225.991 21 2245 377.647 236.131 
-1.57074 -6.76345 61.9702
255 255 255
3 14 3000 968.275 245.265 16 2542 963.232 236.067 21 2243 945.679 235.206 
-8.34807 -5.83404 67.9783
255 255 255
2 14 3037 341.065 267.005 16 2561 379.96 249.392 
-8.30874 -5.82333 67.8815
255 255 255
2 14 3039 349.332 268.758 16 2564 388.324 251.091 
-8.30569 -5.8209 66.6655
255 255 255
3 14 3051 437.631 279.814 16 2576 482.993 261.886 21 2275 428.421 271.684 
-8.48052 -5.69124 66.576
255 255 255
2 14 3065 437.15 290.787 16 2588 484.787 273.347 
-8.58879 -5.59783 66.4873
255 255 255
2 14 3075 439.205 299.383 16 2601 488.339 281.517 
-8.47431 -5.59772 66.2069
255 255 255
3 14 3080 462.907 302.223 16 2606 512.809 284.105 21 2297 456.118 293.348 
-8.73762 -5.3946 67.8271
255 255 255
3 14 3085 334.476 303.745 16 2611 377.78 285.93 21 2305 325.404 296.422 
-8.60801 -5.55475 66.3228
255 255 255
3 14 3087 450.368 304.732 16 2612 500.438 286.41 21 2306 441.915 296.076 
-8.79419 -5.28022 67.7843
255 255 255
3 14 3099 334.585 313.531 16 2622 378.602 295.613 21 2316 325.661 305.909 
-8.55152 -4.93726 68.3337
255 255 255
3 14 3146 300.25 335.893 16 2662 338.569 318.95 21 2344 290.902 327.72 
-8.52762 -4.9036 68.1676
255 255 255
3 14 3154 312.887 339.988 16 2668 351.792 323.235 21 2348 303.341 331.87 
-8.59164 -5.23317 65.1796
255 255 255
2 14 3155 532.76 340.93 16 2669 588.139 323.28 
-8.60866 -5.19796 65.012
255 255 255
3 14 3163 544.422 345.258 16 2673 600.747 327.626 21 2351 536.994 337.011 
-8.74174 -5.1377 65.2055
255 255 255
3 14 3166 524.748 348.59 16 2676 581.882 331.015 21 2354 518.311 340.229 
-7.55809 -4.36846 70.6048
255 255 255
3 14 3196 171.041 358.17 16 2703 185.914 344.338 21 2379 158.049 350.761 
-8.17972 -4.43562 68.7269
255 255 255
3 14 3232 281.21 371.236 16 2736 312.931 356.08 21 2406 270.333 363.556 
-9.18474 -4.85684 65.2176
255 255 255
3 14 3242 507.281 373.024 16 2730 568.69 354.155 21 2408 500.826 363.505 
-8.13045 -4.40063 68.6288
255 255 255
3 14 3247 289.435 374.816 16 2742 321.376 359.895 21 2420 278.999 366.966 
-9.32556 -4.75669 65.3158
255 255 255
3 14 3260 494.55 380.625 16 2747 556.771 361.529 21 2426 487.867 371.321 
-9.37997 -4.65608 65.3705
255 255 255
3 14 3272 487.688 388.533 16 2760 550.2 369.545 21 2437 481.149 379.12 
-8.54873 -4.61312 63.3643
255 255 255
3 14 3329 665.21 409.059 16 2815 728.108 391.227 21 2480 659.25 399.403 
-9.50059 -4.30425 65.4913
255 255 255
3 14 3342 471.132 416.259 16 2831 534.365 398.372 21 2497 465.336 407.348 
-4.11956 -4.2156 58.7929
255 255 255
2 14 3433 1122.3 471.57 16 2921 1148.97 456.6 
-4.20658 -4.14961 58.8389
255 255 255
2 14 3443 1116.36 475.908 16 2930 1144.07 462.277 
-6.21408 -4.04616 59.7634
255 255 255
2 14 3455 999.59 483.352 16 2941 1047.33 466.53 
-9.78172 -3.69074 63.6562
255 255 255
2 14 3464 596.248 487.357 16 2943 671.456 468.224 
-6.36769 -3.89013 59.7649
255 255 255
2 14 3489 994.425 496.389 16 2971 1043.93 479.768 
-4.50588 -3.90681 58.7128
255 255 255
3 14 3497 1117.94 497.613 16 2980 1148.68 482.996 21 2630 1101.09 485.077 
-9.92715 -3.47918 63.4863
255 255 255
3 14 3514 602.954 508.017 16 2989 680.452 488.323 21 2647 599.683 497.061 
-5.46123 -3.70495 58.9528
255 255 255
2 14 3532 1076.43 515.586 16 3006 1117.55 499.575 
-9.80434 -3.41936 62.9864
255 255 255
3 14 3535 645.234 517.099 16 3002 723.539 498.047 21 2671 641.939 507.299 
-5.18863 -3.67979 58.7022
255 255 255
3 14 3545 1101.94 518.991 16 3014 1140.18 503.001 21 2669 1086.77 505.942 
-9.92697 -3.31661 63.0625
255 255 255
3 14 3554 634.315 526.085 16 3023 713.864 506.748 21 2683 631.647 514.98 
-9.70222 -3.27467 62.6405
255 255 255
3 14 3559 674.4 532.325 16 3031 752.735 513.515 21 2693 670.452 522.699 
-9.87761 -2.91838 62.4404
255 255 255
3 14 3595 680.848 566.255 16 3059 762.51 547.133 21 2711 678.776 554.716 
-9.81285 -2.72235 62.1122
255 255 255
2 14 3627 707.152 586.181 16 3076 789.099 566.643 
-9.77016 -2.62822 61.9837
255 255 255
2 14 3639 717.731 595.23 16 3083 799.687 575.984 
-9.91779 -2.26899 61.8542
255 255 255
2 14 3677 720.281 628.631 16 3104 804.338 608.655 
-10.1194 -2.15871 62.0562
255 255 255
2 14 3688 697.016 636.82 16 3111 782.745 617.478 
-2.45071 -0.185714 71.2755
255 255 255
3 14 3695 268.585 643.41 16 3138 232.212 644.145 21 2760 245.892 634.754 
-10.1464 -2.06498 62.05
255 255 255
3 14 3700 695.861 645.123 16 3118 781.871 625.81 21 2757 694.39 633.376 
-10.0628 -2.04277 61.8292
255 255 255
3 14 3706 716.024 649.454 16 3124 801.758 629.645 21 2763 713.843 636.56 
-10.252 -1.66731 62.0465
255 255 255
3 14 3743 689.802 680.322 16 3155 776.506 660.908 21 2785 687.476 667.915 
-2.14639 0.555308 71.4739
255 255 255
3 14 3754 259.86 692.282 16 3182 219.559 695.445 21 2796 236.77 683.757 
-10.4792 -0.365567 61.0125
255 255 255
3 14 3873 753.515 807.926 16 3264 847.118 787.621 21 2863 753.229 793.411 
-4.1509 -0.348293 54.5386
255 255 255
3 14 3902 1417.91 824.752 16 3288 1450.07 803.607 21 2881 1400.64 806.283 
-8.89881 -0.259619 57.5446
255 255 255
2 14 3930 1078.03 844.186 16 3309 1163.14 821.308 
-8.94893 -0.0780045 57.4597
255 255 255
2 14 3951 1082.2 861.537 16 3324 1168.13 838.396 
-9.09407 0.239791 57.5762
255 255 255
2 14 3984 1066.27 889.214 16 3344 1153.71 866.016 
-9.1271 0.390494 57.6116
255 255 255
2 14 4005 1061.2 902.074 16 3359 1148.98 879.155 
-4.72525 0.524784 54.2753
255 255 255
3 14 4015 1422.21 904.558 16 3367 1461.03 882.175 21 2948 1405.83 885.245 
-9.10739 0.433032 57.4729
255 255 255
2 14 4019 1072.75 907.453 16 3369 1160.6 884.114 
-10.673 0.696805 60.1938
255 255 255
2 14 4026 804.281 913.293 16 3381 903.496 892.615 
-9.15284 0.500052 57.5394
255 255 255
2 14 4027 1065.58 913.092 16 3375 1153.79 889.505 
-4.84703 0.64796 54.3084
255 255 255
3 14 4034 1415.99 915.213 16 3382 1456.59 893.066 21 2961 1401.07 896.549 
-4.79807 0.787543 54.2631
255 255 255
3 14 4051 1419.69 927.654 16 3394 1459.38 903.913 21 2973 1403.9 907.205 
-8.84182 0.658897 56.6998
255 255 255
2 14 4057 1140.98 933.833 16 3402 1227.26 909.817 
-9.23864 0.756589 56.9486
255 255 255
2 14 4078 1110.13 944.357 16 3423 1200.91 919.547 
-10.0783 0.945198 58.4395
255 255 255
3 14 4091 963.214 951.311 16 3438 1061 928.682 21 3006 963.489 934.457 
-4.94231 1.13935 54.2247
255 255 255
2 14 4108 1417.13 958.176 16 3452 1458.81 934.709 
-8.2684 1.11397 56.071
255 255 255
2 14 4138 1202.03 973.966 16 671 1282.21 949.967 
-8.8383 1.09442 56.407
255 255 255
2 14 4141 1161.52 975.339 16 3484 1248.39 951.069 
-4.98042 1.35283 54.2767
255 255 255
3 14 4147 1410.48 975.753 16 3486 1452.59 951.635 21 3048 1396.21 955.272 
-10.003 1.28349 58.118
255 255 255
3 14 4168 989.383 984.839 16 3506 1086.67 961.341 21 3072 988.35 966.681 
-10.8248 2.06582 60.9291
255 255 255
2 14 4220 727.119 1025.09 16 3561 824.604 1007.27 
-4.79191 1.9494 53.8021
255 255 255
3 14 4225 1446.78 1028.15 16 3557 1487.09 1003.31 21 3107 1432.03 1006.83 
-4.73914 1.96205 53.7061
255 255 255
3 14 4226 1455.21 1030.2 16 3558 1494.95 1004.56 21 3108 1440.39 1008 
-11.0277 2.26512 60.8673
255 255 255
3 14 4242 723.728 1047.1 16 3583 824.161 1028.27 21 3126 727.118 1030.46 
-11.0333 2.35742 60.7981
255 255 255
3 14 4253 728.659 1055.88 16 3595 829.168 1037.21 21 3138 731.472 1040.2 
-9.81665 2.07775 57.7522
255 255 255
2 14 4255 1017.11 1056.62 16 3590 1113.13 1033.26 
-9.91191 2.21156 57.6616
255 255 255
3 14 4270 1021.48 1071.01 16 3605 1118.6 1047.29 21 3147 1020.33 1052.92 
-11.0418 2.28756 59.0206
255 255 255
2 14 4272 875.894 1075.45 16 3610 983.996 1053.44 
-9.98601 2.28028 57.8231
255 255 255
3 14 4274 1004.94 1076.43 16 3611 1102.97 1052.6 21 3149 1005.22 1057.12 
-10.5081 2.41114 58.2141
255 255 255
2 14 4298 957.161 1089.66 16 3638 1060.95 1067.1 
-11.0836 2.48696 58.9202
255 255 255
3 14 4311 881.515 1095.74 16 3649 990.249 1073.04 21 3178 884.367 1077.63 
-8.065 2.54673 55.5023
255 255 255
2 14 4326 1241.17 1102.72 16 3654 1319.51 1076.59 
-10.0439 2.56426 57.5135
255 255 255
3 14 4329 1027.13 1106.07 16 3659 1126.52 1082.49 21 3188 1026.71 1087.6 
-11.1987 2.70595 58.9863
255 255 255
2 14 4348 870.334 1115.66 16 3678 980.567 1093.91 
-11.1567 2.76037 58.89
255 255 255
2 14 4354 879.14 1121.39 16 3683 989.116 1099.28 
-4.67879 3.09645 53.2764
255 255 255
3 14 4365 1482.06 1126.43 16 3686 1520.92 1100.83 21 3203 1465.74 1105.79 
-9.8012 2.73976 56.6105
255 255 255
2 14 4374 1107.11 1131.13 16 3692 1205.94 1105.4 
-10.0937 2.96304 57.0217
255 255 255
3 14 4414 1063.69 1149.4 16 3717 1164.93 1124.46 21 3242 1063.23 1130.26 
-4.76386 3.41963 53.1717
255 255 255
3 14 4430 1486.37 1156.82 16 3729 1526.32 1129.37 21 3251 1470.52 1133.6 
-11.2564 3.27686 58.7542
255 255 255
2 14 4463 882.896 1171.28 16 3775 994.56 1149.19 
-11.2232 3.33578 58.7058
255 255 255
2 14 4477 887.372 1176.65 16 3786 998.761 1154.66 
-11.2064 3.39499 58.6418
255 255 255
2 14 4490 892.701 1182.63 16 3797 1004.08 1160.56 
-11.2473 3.55565 58.7202
255 255 255
3 14 4511 883.282 1196.69 16 3814 994.97 1174.7 21 3327 887.95 1177.88 
-10.2184 4.05019 56.5789
255 255 255
2 14 4586 1087.65 1255.05 16 3886 1191.96 1228.99 
-10.2683 4.29512 56.5622
255 255 255
2 14 4609 1085.58 1278.02 16 3902 1190.57 1251.97 
-10.325 4.5049 56.543
255 255 255
2 14 4627 1083.87 1297.99 16 3917 1189.67 1272.09 
-11.8039 6.07824 58.0125
255 255 255
3 14 4752 903.78 1446.61 16 4044 1024.88 1424.12 21 3534 911.074 1424.63 
-12.0025 7.38874 57.2937
255 255 255
2 14 4856 947.82 1582.17 16 4142 1073.87 1559.17 
-11.5987 7.39528 56.6512
255 255 255
2 14 4858 1014.62 1584.14 16 4143 1137.11 1558.95 
-11.8604 7.43849 57.1046
255 255 255
3 14 4862 967.649 1586.43 16 4144 1092.33 1562.59 21 3619 975.5 1563.25 
-11.9837 7.44119 57.2207
255 255 255
2 14 4866 954.174 1587.7 16 4146 1080.22 1564.63 
-11.921 7.52983 57.0913
255 255 255
3 14 4872 966.219 1596.74 16 4154 1091.8 1572.68 21 3624 974.339 1572.91 
-11.9744 7.61486 57.1134
255 255 255
2 14 4877 962.1 1605.12 16 4159 1088.34 1581.89 
-11.9325 7.58851 56.9625
255 255 255
3 14 4878 976.817 1605.04 16 4157 1102.77 1580.19 21 3632 984.321 1580.26 
-12.0172 7.90297 58.1211
255 255 255
2 14 4883 871.362 1614.4 16 4167 994.058 1594.4 
-12.0056 7.80095 57.1074
255 255 255
3 14 4895 959.766 1623.17 16 4172 1086.55 1599.77 21 3644 968.485 1598.83 
-12.0421 7.90973 57.1081
255 255 255
2 14 4910 957.91 1634.03 16 4178 1084.93 1610.4 
-12.0679 8.00107 57.0859
255 255 255
2 14 4920 958.224 1643.18 16 4188 1085.72 1619.98 
-12.0118 7.99902 56.9586
255 255 255
3 14 4921 971.05 1643.92 16 4189 1098.07 1620.17 21 3662 978.965 1619.45 
-12.1947 8.09984 57.6641
255 255 255
3 14 4922 903.273 1644.75 16 4194 1030.57 1624.04 21 3665 912.766 1621.37 
-12.155 8.07735 57.4875
255 255 255
3 14 4923 920.165 1645.14 16 4191 1047.37 1623.34 21 3666 928.991 1621.27 
-12.0096 8.09935 56.9031
255 255 255
3 14 4937 974.961 1653.64 16 4206 1102.09 1629.87 21 3680 982.992 1629.92 
-12.1949 8.2144 57.4784
255 255 255
3 14 4946 918.59 1658.95 16 4213 1046.25 1636.94 21 3687 927.431 1634.77 
-11.9408 8.21865 56.717
255 255 255
2 14 4961 991.816 1666.46 16 4218 1118.66 1641.8 
-11.9134 8.27726 56.6149
255 255 255
3 14 4968 1001.22 1672.85 16 4228 1127.76 1647.88 21 3700 1008.57 1647.79 
-12.0716 8.31018 56.8452
255 255 255
2 14 4971 976.157 1675.96 16 4231 1104.39 1651.72 
-12.1585 8.3189 56.9772
255 255 255
3 14 4973 962.185 1676.71 16 4232 1091.18 1653.04 21 3706 970.89 1651.64 
-12.0418 8.32796 56.735
255 255 255
2 14 4977 986.424 1678.84 16 4234 1114.6 1654.13 
-11.8333 8.37126 56.362
255 255 255
3 14 4984 1024.39 1683.64 16 4244 1150.73 1658.08 21 3718 1031.87 1658.52 
-12.006 8.39716 56.6752
255 255 255
2 14 4986 991.958 1685.09 16 4248 1119.84 1660.55 
-11.7807 8.51548 56.2728
255 255 255
2 14 5003 1032.09 1697.16 16 4261 1158.01 1671.16 
-12.4429 9.65823 57.4944
255 255 255
3 14 5082 896.571 1796.39 16 4350 1026.83 1775.97 21 3813 906.203 1770.74 
-12.4162 9.70039 57.3753
255 255 255
2 14 5084 907.062 1801.56 16 4353 1037.57 1780.81 
-12.4982 9.7884 57.4906
255 255 255
3 14 5089 893.954 1809.7 16 4359 1024.99 1789.38 21 3824 904.018 1784.43 
-11.874 9.9956 55.5799
255 255 255
2 14 5111 1076.24 1846.42 16 4377 1205.21 1819.09 
-11.9207 10.0114 55.6842
255 255 255
3 14 5115 1065.2 1847.02 16 4378 1194.87 1820.23 21 3845 1074.92 1819.62 
-11.8679 10.0712 55.5001
255 255 255
3 14 5122 1083.11 1854.76 16 4383 1211.86 1826.81 21 3851 1090.62 1826.25 
-12.2781 10.4065 55.8113
255 255 255
2 14 5178 1041.18 1891.46 16 4424 1175.17 1865.26 
-11.6193 10.5444 55.0322
255 255 255
2 14 5190 1125.74 1898.67 16 4430 1252.37 1869.27 
-12.2611 10.5068 55.7683
255 255 255
2 14 5196 1044.47 1900.79 16 4441 1178.32 1874.6 
-12.6422 10.5688 56.6209
255 255 255
2 14 5198 958.191 1901.55 16 4448 1094.57 1878.99 
-11.7811 10.5674 55.1644
255 255 255
2 14 5200 1109.77 1903.2 16 4439 1238.38 1874.33 
-12.6694 10.6296 56.6886
255 255 255
2 14 5208 950.88 1906.58 16 4453 1087.36 1884.35 
-12.6656 10.6928 56.7006
255 255 255
2 14 5221 949.307 1911.73 16 4463 1085.71 1890.06 
-12.4303 10.651 55.98
255 255 255
2 14 5230 1019.81 1915.07 16 4464 1155.35 1889.73 
-12.4901 10.7028 56.095
255 255 255
2 14 5236 1007.51 1919.29 16 4470 1143.53 1894.67 
-12.6257 10.7888 56.5235
255 255 255
2 14 5247 965.105 1922.68 16 4479 1101.55 1900.36 
-12.6863 10.8251 56.7136
255 255 255
2 14 5249 946.345 1924.34 16 4481 1082.86 1902.4 
-12.6183 10.7744 56.3026
255 255 255
2 14 5254 984.933 1925.71 16 4482 1122.06 1902.05 
-12.6559 10.8343 56.5703
255 255 255
2 14 5255 959.726 1927.05 16 4487 1096.35 1904.53 
-12.6953 10.8984 56.645
255 255 255
3 14 5261 951.201 1932.45 16 4497 1088.27 1910.63 21 3960 963.149 1905.21 
-11.5941 10.8777 54.7437
255 255 255
2 14 5265 1148.56 1933.06 16 4485 1275.59 1903.2 
-11.8541 10.9222 55.0572
255 255 255
2 14 5271 1113.91 1939.09 16 4498 1243.88 1910.75 
-11.5251 10.9408 54.647
255 255 255
3 14 5272 1157.97 1938.51 16 4493 1284.36 1908.02 21 3964 1165.97 1908.23 
-11.3907 11.0041 54.439
255 255 255
2 14 5277 1179.14 1943.26 16 1725 1304.12 1913.35 
-12.0144 10.9486 55.1755
255 255 255
2 14 5279 1099.07 1944.16 16 4506 1231.07 1916.5 
-12.6827 11.0154 56.5594
255 255 255
3 14 5281 958.382 1944.67 16 4521 1095.27 1922.58 21 3977 969.385 1916.24 
-11.5894 11.0118 54.6825
255 255 255
2 14 5285 1152.75 1945.76 16 4507 1279.93 1916.42 
-11.7071 11.0104 54.7729
255 255 255
2 14 5291 1141.86 1947.67 16 4513 1270.51 1918.6 
2.61653 18.1272 63.517
255 255 255
3 14 5294 778.975 1950.17 16 4604 721.844 1966.8 21 4002 753.207 1928.18 
-11.4041 11.0754 54.4792
255 255 255
2 14 5295 1174.66 1949.96 16 4514 1299.51 1918.91 
-12.7268 11.1018 56.6813
255 255 255
2 14 5298 945.348 1951.01 16 4534 1082.51 1929.84 
-11.6508 11.1186 54.7392
255 255 255
3 14 5307 1145.61 1956.32 16 4532 1273.14 1926.92 21 3996 1152.73 1926.37 
2.43084 18.2062 63.5341
255 255 255
2 14 5312 772.424 1958.73 16 4625 717.073 1976.88 
-11.9324 11.1065 54.9963
255 255 255
2 14 5313 1115.52 1959.34 16 4535 1246.76 1930.88 
-11.8102 11.1441 54.9334
255 255 255
2 14 5315 1123.84 1960.17 16 4536 1253.4 1931.2 
-6.38529 16.1713 68.1354
255 255 255
3 14 5320 218.381 1962.03 16 4668 217.998 1994.59 21 4031 210.234 1946.36 
-11.6323 11.2181 54.6488
255 255 255
3 14 5326 1152.59 1966.48 16 4548 1280.41 1936.52 21 4014 1160.81 1936.27 
-6.4631 16.235 68.154
255 255 255
3 14 5327 214.093 1967.86 16 4679 214.087 2001.44 21 4046 205.619 1953.49 
-6.50529 16.311 68.0759
255 255 255
3 14 5346 217.27 1976.04 16 4696 218.168 2009.53 21 4066 209.409 1961.85 
-11.6879 11.3644 54.6898
255 255 255
3 14 5353 1145.66 1979.77 16 4567 1274.62 1951.32 21 4041 1155.23 1950.63 
2.31151 18.5406 63.7507
255 255 255
2 14 5354 753.177 1980.76 16 4677 697.897 2000.14 
-12.7363 11.4437 56.5351
255 255 255
2 14 5364 954.72 1985.48 16 4597 1092.31 1963.44 
-8.64973 11.9527 51.8244
255 255 255
2 14 5370 1456.15 1988.99 16 4564 1546.76 1949.22 
-8.66329 16.081 69.2298
255 255 255
3 14 5382 58.3348 1995.11 16 4755 71.1379 2035.27 21 4106 53.5686 1983.41 
-6.91048 16.46 68.109
255 255 255
3 14 5388 199.893 1996.72 16 4744 203.656 2031.49 21 4109 191.894 1984.81 
-12.7507 11.6055 56.6148
255 255 255
3 14 5393 945.523 1998.98 16 4629 1083.16 1977.85 21 4080 957.896 1970.29 
-12.8595 11.6274 56.8086
255 255 255
3 14 5394 925.571 2000.24 16 4635 1063.62 1980 21 4084 937.3 1972.94 
-12.181 11.511 55.0596
255 255 255
2 14 5401 1099.62 2002.75 16 4620 1234.14 1974.5 
-7.05997 16.5038 68.0873
255 255 255
3 14 5402 195.736 2004.67 16 4765 200.991 2040.02 21 4127 187.964 1991.87 
-8.73554 16.1651 69.1635
255 255 255
2 14 5403 59.7606 2004.74 16 4776 73.4443 2045.05 
-12.1331 11.5206 54.9257
255 255 255
2 14 5404 1112.64 2004.59 16 4624 1246.88 1975.95 
-12.8373 11.677 56.7188
255 255 255
3 14 5406 933.54 2006.29 16 4648 1071.71 1985.54 21 4094 945.405 1977.53 
-8.78468 12.2152 52.0863
255 255 255
2 14 5416 1428.51 2010.72 16 4616 1520.73 1972.54 
-8.68577 16.3043 69.0195
255 255 255
2 14 5430 70.861 2017.02 16 4795 84.9126 2056.84 
-8.5816 16.3314 68.9417
255 255 255
3 14 5435 80.088 2017.65 16 4796 93.7892 2057.28 21 4157 75.2418 2005.64 
-12.1554 11.6826 54.9537
255 255 255
2 14 5441 1108.02 2019.4 16 4660 1242.42 1990.91 
-8.25379 12.4939 51.406
255 255 255
3 14 5465 1494.12 2030.13 16 1820 1579.47 1987.85 21 4138 1490.82 1995.68 
-8.43835 12.4847 51.5593
255 255 255
3 14 5467 1477.71 2032.58 16 4663 1565.64 1991.69 21 4142 1475.03 1997.1 
-12.2536 11.8367 54.9913
255 255 255
2 14 5477 1100.68 2036.11 16 4690 1236.27 2007.27 
-8.58693 12.4985 51.6724
255 255 255
2 14 5480 1465.1 2035.99 16 4674 1555.11 1996.56 
-8.03347 16.6468 68.4041
255 255 255
3 14 5481 136.299 2036.96 16 4827 148.496 2074.7 21 4206 131.305 2023.69 
-8.17962 16.6753 68.4266
255 255 255
2 14 5494 129.376 2042.94 16 4839 142.421 2080.63 
-12.3275 11.9119 55.0353
255 255 255
2 14 5502 1094.1 2044.28 16 4713 1230.68 2016.09 
-9.77066 12.3576 52.5965
255 255 255
3 14 5504 1363.59 2045.86 16 4692 1468.73 2008.31 21 4166 1365.66 2011.37 
-12.1014 11.9631 54.727
255 255 255
2 14 5508 1126.79 2047.12 16 4718 1261 2018.22 
-9.31645 12.4682 52.193
255 255 255
3 14 5512 1406.71 2048.05 16 4693 1506.02 2009.14 21 4171 1407.09 2013.03 
-9.23073 12.4886 52.0923
255 255 255
3 14 5513 1416.78 2048.39 16 4699 1515.21 2009.99 21 4177 1417.08 2013.8 
-8.57104 12.64 51.629
255 255 255
3 14 5515 1467.72 2047.97 16 4695 1557.7 2009.35 21 4173 1465.59 2012.89 
-8.67661 12.6456 51.7533
255 255 255
2 14 5519 1455.06 2049.83 16 4703 1546.24 2010.98 
-9.6618 12.4279 52.4864
255 255 255
3 14 5520 1374.82 2050.64 16 4705 1478.49 2012.46 21 4183 1376.29 2015.6 
-12.201 11.9933 54.815
255 255 255
2 14 5522 1116.16 2051.69 16 4731 1251.51 2022.7 
-8.89013 12.6412 51.8183
255 255 255
3 14 5528 1445.94 2055.23 16 4714 1539.57 2015.83 21 4197 1444.1 2020.92 
-8.56016 12.7096 51.5008
255 255 255
3 14 5532 1478.32 2056.19 16 4715 1568.15 2016.12 21 4198 1476.18 2020.86 
-12.4255 12.0514 55.147
255 255 255
3 14 5539 1080.3 2058.18 16 4745 1217.95 2030.8 21 4215 1091.02 2026.46 
-12.2742 12.0659 54.8475
255 255 255
2 14 5546 1110.72 2060.41 16 4746 1246.93 2030.9 
-9.88859 12.4813 52.5802
255 255 255
3 14 5547 1361.18 2060.34 16 1871 1468.2 2023.22 21 1709 1364.18 2026.52 
-9.01145 12.8049 51.8797
255 255 255
2 14 5579 1436.48 2072.68 16 4751 1531.91 2032.92 
-12.1236 12.2385 54.5989
255 255 255
2 14 5583 1134.97 2075.39 16 4777 1269.7 2045.63 
-12.9881 12.3582 56.5149
255 255 255
2 14 5585 940.471 2076.51 16 4793 1081.4 2056.11 
-12.2051 12.2862 54.6791
255 255 255
3 14 5595 1125.2 2081.16 16 4788 1260.99 2051.69 21 4265 1135.59 2048.78 
-12.2497 12.372 54.6772
255 255 255
2 14 5611 1123.5 2090.18 16 4802 1259.81 2060.77 
-11.3182 12.5464 53.7938
255 255 255
3 14 5612 1222.73 2090.32 16 1920 1347.86 2058.69 21 1740 1230.41 2058.67 
-12.4564 12.4007 55.0067
255 255 255
2 14 5620 1088.51 2093.12 16 4806 1226.91 2065.45 
-12.8737 12.4334 55.8245
255 255 255
2 14 5623 1004.15 2093.76 16 4817 1145.97 2069.96 
-12.5863 12.4471 55.208
255 255 255
2 14 5629 1066.69 2097.65 16 4819 1206.37 2071.05 
-12.7009 12.5341 55.2461
255 255 255
2 14 5641 1059.39 2108.81 16 4843 1200.59 2082.24 
-12.6831 12.5772 55.2171
255 255 255
2 14 5650 1062.03 2112.69 16 4845 1203.03 2085.98 
-12.6141 12.601 55.0993
255 255 255
3 14 5651 1074.04 2115.2 16 4848 1214.51 2087.92 21 4317 1085.97 2082.84 
-12.5328 12.6173 54.9797
255 255 255
2 14 5652 1086.82 2116 16 4849 1226.29 2088 
-12.434 12.6636 54.8846
255 255 255
3 14 5655 1097.1 2119.14 16 4862 1235.64 2090.45 21 4322 1108.94 2086.16 
-8.82098 13.4584 51.4317
255 255 255
3 14 5674 1472.26 2129.85 16 4855 1565.67 2089.09 21 4333 1471.37 2094.13 
-12.1134 12.7982 54.2852
255 255 255
3 14 5675 1156.99 2131.19 16 4880 1292.81 2100.92 21 4342 1168.55 2098.89 
-11.8301 12.8528 54.0317
255 255 255
2 14 5679 1186.72 2131.69 16 4876 1318.34 2099.41 
-12.0365 12.9604 54.2103
255 255 255
2 14 5702 1164.73 2145.08 16 4903 1298.86 2113.43 
-8.72852 13.6699 51.251
255 255 255
3 14 5707 1487.52 2148.03 16 4893 1579.95 2107.41 21 4360 1486.15 2111.08 
-12.2185 13.0958 54.2481
255 255 255
2 14 5730 1155.45 2162.48 16 4931 1292.26 2131.89 
-9.53596 13.6575 51.9312
255 255 255
3 14 5731 1413.64 2162.18 16 4914 1516.35 2123.44 21 4378 1414.99 2126.02 
-12.5635 13.7722 54.4603
255 255 255
2 14 5806 1121.08 2231.08 16 5011 1262.13 2202.1 
-12.5541 13.8114 54.357
255 255 255
2 14 5813 1130.19 2236.38 16 5018 1271.4 2206.95 
-12.5396 13.8719 54.4282
255 255 255
2 14 5820 1123.58 2239.67 16 5025 1264.34 2210.8 
-10.3056 14.3558 52.1764
255 255 255
3 14 5830 1369.9 2245.38 16 5017 1482.92 2206.35 21 4460 1374.32 2208.78 
-12.6605 13.9713 54.5795
255 255 255
2 14 5837 1105.94 2249.92 16 5041 1247.99 2221.83 
-12.5424 13.9765 54.3225
255 255 255
3 14 5839 1132.14 2251.98 16 5042 1273.07 2222.18 21 4469 1143.55 2216.91 
-12.578 14.012 54.4139
255 255 255
3 14 5841 1122.97 2254.33 16 5049 1264.01 2225.69 21 4470 1133.84 2219.37 
-12.4428 14.0275 54.1051
255 255 255
2 14 5844 1153.45 2256.82 16 5050 1293.6 2226.2 
-12.463 14.0623 54.2449
255 255 255
3 14 5847 1140.27 2258.14 16 5053 1280.21 2228.28 21 4477 1151.4 2222.99 
-12.2326 14.095 53.9139
255 255 255
3 14 5849 1175.21 2258.9 16 5052 1312.63 2227.38 21 4479 1185.8 2224.51 
-12.3814 14.0925 54.0349
255 255 255
2 14 5852 1160.61 2261.56 16 5055 1300.06 2231.05 
-11.9062 14.2209 53.5176
255 255 255
2 14 5859 1217.17 2265.78 16 5059 1350.83 2232.93 
-12.7791 14.1571 54.6697
255 255 255
2 14 5862 1092.94 2269.09 16 5076 1236.38 2241.57 
-12.8211 14.1736 54.7509
255 255 255
3 14 5867 1084.14 2270.46 16 5079 1228.12 2243.26 21 4495 1097.67 2237.3 
-12.3412 14.2513 53.9342
255 255 255
2 14 5878 1169.08 2276.48 16 5083 1308.07 2245.17 
-12.2071 14.2918 53.7557
255 255 255
3 14 5885 1188.35 2278.49 16 5088 1325.53 2246.69 21 4510 1198.17 2243.91 
-11.0316 14.8205 52.6761
255 255 255
2 14 5921 1305.95 2302.35 16 2182 1428.45 2266.5 
-13.3477 14.6256 55.501
255 255 255
2 14 5937 998.43 2314.7 16 5140 1147.29 2292.36 
-13.1981 14.6559 55.2739
255 255 255
3 14 5939 1022.29 2316.6 16 5142 1170 2293.19 21 4556 1037.49 2283.63 
-13.2076 14.7027 55.2386
255 255 255
2 14 5947 1025.09 2321.95 16 5147 1172.73 2298.12 
-13.2145 14.6681 55.0861
255 255 255
2 14 5948 1038.87 2322.2 16 5148 1187.27 2298.03 
-13.3947 14.756 55.5346
255 255 255
2 14 5952 992.796 2327.16 16 5159 1142.23 2305.75 
-11.2357 15.0079 52.7019
255 255 255
2 14 5953 1297.37 2326.39 16 5139 1422.6 2289.71 
-11.3879 15.0903 52.8161
255 255 255
2 14 5966 1282.98 2336.76 16 5154 1410.27 2301.29 
-8.91504 15.7267 50.6486
255 255 255
2 14 5972 1516.25 2340.96 16 2202 1611.23 2295.5 
-8.57727 15.9404 50.4515
255 255 255
2 14 5984 1536.9 2349.4 16 5157 1627.59 2304.59 
-8.48482 16.1708 50.4451
255 255 255
2 14 6003 1536.77 2365.84 16 5175 1626.02 2320.05 
-10.8169 15.8228 52.0918
255 255 255
2 14 6026 1352.26 2392.87 16 5204 1472.4 2354.5 
-11.7218 15.7077 52.9678
255 255 255
2 14 6038 1255.77 2401.03 16 2241 1387.27 2365.7 
-12.0814 15.6674 53.2774
255 255 255
3 14 6043 1220 2404.57 16 2247 1356.33 2372.03 21 4623 1230.83 2368.32 
-12.2831 15.6513 53.4313
255 255 255
2 14 6051 1201.61 2408.26 16 5225 1340.5 2376.1 
-12.3544 15.7146 53.4566
255 255 255
3 14 6062 1196.91 2416.3 16 5231 1336.83 2384.21 21 4635 1208.73 2379.4 
-12.077 15.7737 53.1803
255 255 255
2 14 6063 1227.82 2416.31 16 5228 1364.14 2382.48 
-12.423 15.768 53.4932
255 255 255
3 14 6074 1191.21 2422.54 16 5243 1332.23 2391.24 21 4645 1203.74 2386.44 
-13.4378 15.7519 55.1987
255 255 255
3 14 6075 1011.96 2424.94 16 2264 1162.7 2403.4 21 4650 1027.6 2391.2 
-12.2354 15.8408 53.2493
255 255 255
2 14 6077 1217.22 2427.3 16 5246 1355.66 2393.49 
-12.4011 15.8366 53.4186
255 255 255
3 14 6082 1197.64 2429.82 16 5253 1338.56 2397.64 21 4651 1210.35 2392.49 
-12.5191 15.9479 53.5375
255 255 255
2 14 6101 1183.32 2441.4 16 5263 1325.4 2410.5 
-12.5425 16.022 53.5946
255 255 255
2 14 6109 1176.87 2447.61 16 5268 1319.11 2417.15 
-12.6566 16.0486 53.7316
255 255 255
3 14 6113 1161.12 2452.08 16 5271 1304.93 2422.02 21 4671 1174.78 2414.91 
-13.4283 16.0316 54.858
255 255 255
2 14 6118 1040.11 2457.32 16 5282 1191.66 2433.43 
-13.1365 15.9845 54.1606
255 255 255
3 14 6119 1111.5 2456.54 16 5278 1260.79 2428.61 21 4674 1125.42 2421.02 
-12.6641 16.0834 53.651
255 255 255
2 14 6121 1168.22 2457.21 16 5276 1311.99 2426.26 
-13.5525 16.1261 55.0666
255 255 255
2 14 6130 1016.97 2466.04 16 5299 1169.61 2443.73 
-13.4501 16.0859 54.7088
255 255 255
2 14 6131 1052.39 2466.26 16 5294 1204.82 2441.87 
-12.6839 16.1746 53.6432
255 255 255
2 14 6135 1167.52 2466.32 16 5284 1311.54 2435.25 
-13.2361 16.1478 54.4553
255 255 255
2 14 6139 1080.37 2468.25 16 5297 1230.44 2443.02 
-13.3695 16.1357 54.5764
255 255 255
2 14 6142 1066.04 2470.51 16 5300 1217.61 2445 
-13.4225 16.1965 54.6679
255 255 255
3 14 6147 1055.62 2475.75 16 5309 1207.81 2451.52 21 4691 1071.54 2440.76 
-13.3417 16.2282 54.4525
255 255 255
2 14 6151 1077.04 2480.31 16 5314 1228.56 2454.24 
-10.572 16.9329 51.8147
255 255 255
2 14 6157 1370.59 2483.69 16 5301 1487.41 2445.18 
-13.4467 16.4083 54.8838
255 255 255
3 14 6166 1033.38 2490.72 16 5328 1185.08 2468.04 21 4703 1049.65 2455.65 
-13.4396 16.3603 54.6786
255 255 255
2 14 6167 1052.68 2490.76 16 5327 1204.89 2466.72 
-13.4575 16.4054 54.7648
255 255 255
2 14 6173 1044 2493.62 16 5330 1196.12 2470.01 
-10.7457 17.2323 51.9085
255 255 255
2 14 6197 1355.79 2515.14 16 2316 1474.63 2475.74 
-12.1606 17.3972 53.1024
255 255 255
3 14 6244 1216.24 2562.42 16 5384 1353.54 2530.75 21 4757 1228.3 2523.95 
-10.8605 17.8081 51.8784
255 255 255
2 14 6252 1350.18 2569.2 16 5385 1470.68 2530.9 
-10.6274 17.9 51.7282
255 255 255
2 14 6257 1367.35 2570.45 16 5386 1484.7 2531.32 
-10.8626 17.9572 51.8752
255 255 255
2 14 6272 1348.87 2581.67 16 5395 1469.47 2544.24 
-11.2367 18.0222 52.2005
255 255 255
2 14 6290 1311.49 2596.56 16 5420 1436.75 2560.14 
-11.0072 18.0921 52.0036
255 255 255
2 14 6291 1333.14 2596.88 16 5421 1455.45 2559.61 
-10.5493 18.206 51.5553
255 255 255
2 14 6292 1381.07 2596.66 16 5413 1497.53 2556.99 
-10.8967 18.1612 51.9267
255 255 255
2 14 6295 1341.57 2599.59 16 5424 1462.43 2562.18 
-10.9986 18.1941 52.0848
255 255 255
2 14 6299 1325.12 2603.43 16 5430 1447.11 2566.77 
-10.4459 18.3521 51.4615
255 255 255
2 14 6304 1389.88 2606.21 16 5431 1505.09 2566.96 
-10.7711 18.3382 51.7725
255 255 255
3 14 6314 1355.63 2612.5 16 5443 1475.15 2574.18 21 4811 1363.41 2571.45 
-1.6516 -7.55884 62.1062
255 255 255
2 14 6391 963.021 185.294 16 5516 958.711 176.546 
-7.62555 -6.31207 67.5258
255 255 255
3 14 6445 402.506 232.912 16 5551 436.873 216.213 21 4929 391.086 225.241 
-8.66828 -5.64044 67.9291
255 255 255
2 14 6484 331.666 283.23 16 5599 373.933 265.036 
-8.51777 -5.65005 67.8289
255 255 255
3 14 6485 343.848 283.352 16 5600 385.381 264.863 21 4956 335.425 275.927 
-8.24212 -5.5112 68.3918
255 255 255
2 14 6490 312.259 288.962 16 5605 347.527 272.067 
-8.64919 -5.51897 67.9125
255 255 255
3 14 6494 332.544 293.275 16 5611 374.517 274.935 21 4966 323.151 285.439 
-8.72044 -5.4057 67.827
255 255 255
2 14 6505 335.118 302.9 16 5619 378.333 285.193 
-8.58522 -5.54779 66.3181
255 255 255
3 14 6512 451.405 305.202 16 5624 501.274 287.115 21 4980 442.927 296.685 
-8.4146 -5.26298 68.359
255 255 255
3 14 6514 306.641 310.124 16 5627 343.28 291.751 21 4982 295.971 301.323 
-8.80041 -5.15807 67.6789
255 255 255
3 14 6534 340.981 324.555 16 5645 385.627 307.188 21 4996 331.975 315.781 
-8.55995 -4.92759 68.3225
255 255 255
3 14 6549 300.745 336.825 16 5664 339.136 319.775 21 5009 291.262 328.623 
-8.48891 -4.88696 68.1662
255 255 255
3 14 6550 314.129 341.216 16 5667 352.684 324.534 21 5012 304.709 333.266 
-8.59167 -5.20596 65.007
255 255 255
3 14 6556 545.41 344.736 16 5673 601.572 327.006 21 5015 537.937 336.267 
-8.74348 -5.13993 65.2268
255 255 255
3 14 6559 523.255 348.264 16 5677 580.194 330.578 21 5019 516.509 339.864 
-8.68813 -5.11058 65.0809
255 255 255
3 14 6566 535.947 352.194 16 5680 592.755 334.234 21 5024 528.632 343.295 
-8.24102 -4.56257 68.678
255 255 255
3 14 6581 283.465 361.403 16 5702 316.439 347.062 21 5042 272.925 353.614 
-8.55208 -5.0451 64.6946
255 255 255
2 14 6582 568.7 360.989 16 5698 625.722 342.974 
-8.16542 -4.42495 68.6088
255 255 255
3 14 6608 289.855 373.069 16 5730 322.276 358.206 21 5067 279.438 365.305 
-9.39745 -4.71028 66.3234
255 255 255
2 14 6614 415.625 373.614 16 5728 473.984 357.109 
-9.38924 -4.64769 65.383
255 255 255
2 14 6642 485.989 389.036 16 5750 548.785 369.96 
-8.14765 -3.98082 70.2477
255 255 255
3 14 6649 170.683 392.981 16 5774 192.989 379.707 21 5101 159.123 384.709 
-9.31352 -4.58514 65.4862
255 255 255
3 14 6650 479.985 393.132 16 5758 541.666 374.929 21 5095 474.481 383.025 
-9.55454 -4.39921 65.647
255 255 255
3 14 6679 458.763 406.971 16 5797 521.736 389.752 21 5128 452.058 397.504 
-9.3509 -4.39954 65.4608
255 255 255
3 14 6682 479.286 408.493 16 5798 541.073 390.288 21 5131 473.303 399.322 
-8.12992 -3.76651 69.6306
255 255 255
2 14 6697 212.958 415.296 16 5820 238.422 402.107 
-8.22716 -3.67863 69.8726
255 255 255
3 14 6706 191.372 420.643 16 5830 216.329 406.889 21 5153 180.575 412.746 
-8.68819 -4.48827 63.1899
255 255 255
2 14 6709 673.555 421.773 16 5824 738.395 403.151 
-2.28509 -4.31554 58.0289
255 255 255
2 14 6767 1217.17 464.033 16 5883 1225.94 452.016 
-4.22985 -4.13713 58.9595
255 255 255
2 14 6780 1106.7 475.747 16 5897 1134.44 462.282 
-9.70328 -3.77051 63.9163
255 255 255
3 14 6781 579.383 477.563 16 5891 652.54 458.812 21 5221 575.647 467.648 
-3.16608 -4.16135 58.1401
255 255 255
3 14 6783 1190.4 477.963 16 5901 1208.16 464.973 21 5219 1171.3 465.093 
-6.15523 -4.06611 59.7692
255 255 255
2 14 6788 1000.74 481.523 16 5900 1047.78 464.638 
-4.85722 -4.03609 58.9806
255 255 255
2 14 6798 1090.64 486.835 16 5911 1124.91 470.728 
-6.28285 -3.96954 59.8619
255 255 255
2 14 6801 989.686 488.45 16 5914 1038.04 472.37 
-6.07585 -3.92928 59.5769
255 255 255
2 14 6810 1016.2 493.845 16 5920 1062.88 477.597 
-4.84515 -3.92362 58.9499
255 255 255
2 14 6814 1092.29 495.749 16 5924 1126.54 480.14 
-6.38042 -3.88117 59.7654
255 255 255
2 14 6817 994.003 497.199 16 5923 1043.64 480.49 
-5.3688 -3.8183 58.8606
255 255 255
2 14 6830 1086.44 506.685 16 5943 1126.84 491.423 
-9.9337 -3.46935 63.4882
255 255 255
3 14 6834 602.42 508.656 16 5938 680.043 489.155 21 5265 599.358 498.109 
-9.87898 -3.46389 63.09
255 255 255
2 14 6838 634.963 512.16 16 5946 714.028 494.234 
-6.13768 -3.7312 59.3618
255 255 255
2 14 6840 1029.61 512.392 16 5949 1077.45 495.712 
-9.86333 -3.43929 63.2321
255 255 255
3 14 6846 624.579 514.389 16 5945 702.205 493.294 21 5278 621.024 502.876 
-5.47539 -3.69363 58.9611
255 255 255
3 14 6851 1075.47 516.524 16 5954 1116.66 500.413 21 5281 1061.84 503.706 
-9.92691 -3.30174 63.0639
255 255 255
3 14 6868 634.057 527.206 16 5964 713.591 507.93 21 5298 631.446 516.417 
-9.68552 -3.14656 62.4646
255 255 255
2 14 6889 687.187 545.634 16 5981 766.267 526.116 
-8.74232 -3.17444 60.6466
255 255 255
2 14 6894 858.027 558.058 16 5989 932.627 538.232 
-9.79463 -2.95781 62.362
255 255 255
2 14 6898 690.154 563.215 16 5991 770.949 543.884 
-9.8719 -2.91713 62.4607
255 255 255
3 14 6900 679.623 566.32 16 5992 760.919 546.693 21 5325 677.128 554.681 
-8.8253 -3.03955 60.6778
255 255 255
2 14 6901 852.033 569.204 16 5995 927.584 550.009 
-8.77902 -2.90108 60.454
255 255 255
2 14 6920 869.835 583.449 16 6005 945.432 563.411 
-9.92149 -2.67486 62.2681
255 255 255
2 14 6928 691.079 589.156 16 6011 773.666 569.605 
-9.92285 -2.51721 62.1043
255 255 255
3 14 6939 702.391 604.863 16 6018 785.695 584.654 21 5344 700.627 592.677 
-9.91152 -2.3607 61.8708
255 255 255
3 14 6948 720.321 620.93 16 6024 804.032 600.615 21 5349 717.47 608.141 
-10.075 -2.21362 62.049
255 255 255
3 14 6957 699.49 631.379 16 6029 784.7 612.527 21 5355 697.823 620.807 
-9.92542 -2.14748 61.8795
255 255 255
2 14 6962 716.996 639.136 16 6032 800.882 618.552 
-10.0615 -2.02785 61.8228
255 255 255
3 14 6971 716.442 650.8 16 6044 802.172 630.986 21 5364 714.247 637.898 
-10.1662 -1.94059 62.0524
255 255 255
3 14 6979 693.531 655.944 16 13627 780.054 636.892 21 12343 693.019 643.819 
-10.1513 -1.92045 61.9274
255 255 255
3 14 6982 704.426 659.316 16 6051 790.744 639.696 21 5368 702.389 646.695 
-9.54456 -1.91234 60.8263
255 255 255
2 14 6989 809.884 668.135 16 6056 893.295 648.207 
-10.2122 -1.77472 61.9602
255 255 255
3 14 6992 699.102 671.542 16 6059 785.536 652.016 21 5376 696.209 659.922 
-10.464 -0.527703 61.0979
255 255 255
2 14 7067 748.233 791.936 16 6118 841.644 772.525 
-10.4882 -0.356709 61.0089
255 255 255
3 14 7088 753.49 808.768 16 6135 847.181 788.467 21 5431 753.15 794.435 
-10.4186 -0.332096 60.8359
255 255 255
2 14 7094 769.05 812.149 16 6140 862.786 791.901 
-10.1639 -0.331059 59.9356
255 255 255
2 14 7102 849.572 820.766 16 6148 943.64 800.166 
-10.153 -0.186729 59.9666
255 255 255
2 14 7115 846.141 833.459 16 6155 939.718 811.725 
-5.11837 -0.0130323 54.8348
255 255 255
3 14 7139 1375.19 858.13 16 6169 1418.01 836.032 21 5458 1359.77 839.939 
-9.0137 -0.000387485 57.598
255 255 255
2 14 7148 1068.54 867.044 16 6173 1154.98 844.336 
-9.04977 0.241061 57.4666
255 255 255
2 14 7166 1076.38 890.271 16 6184 1163.52 866.88 
-9.14311 0.499555 57.5404
255 255 255
2 14 7191 1065.73 912.85 16 6199 1153.83 889.413 
-4.81997 0.648687 54.2991
255 255 255
3 14 7195 1417.29 915.111 16 6205 1457.52 893.033 21 5484 1402.06 896.287 
-4.76977 0.771735 54.269
255 255 255
2 14 7206 1419.64 926.147 16 6212 1459.07 901.871 
-4.95848 0.814859 54.4327
255 255 255
3 14 7210 1402.89 928.746 16 6216 1444.57 906.148 21 5493 1388.19 910.082 
-8.76842 0.610296 56.6142
255 255 255
2 14 7211 1150.21 929.922 16 6215 1235.71 905.699 
-8.98295 0.691696 56.7492
255 255 255
3 14 7221 1133.67 937.652 16 6221 1221.32 913.257 21 5498 1129.56 920.66 
-10.0793 0.946641 58.4575
255 255 255
2 14 7243 961.791 951.049 16 6244 1059.45 928.599 
-10.0592 1.01938 58.2248
255 255 255
3 14 7261 981.442 960.381 16 6256 1079.19 937.484 21 5523 980.375 943.589 
-9.86606 1.05869 58.192
255 255 255
3 14 7264 988.558 961.679 16 6260 1084.06 938.718 21 5526 987.841 945.292 
-4.90235 1.23306 54.1585
255 255 255
2 14 7274 1422.34 966.144 16 6269 1463.62 942.664 
-10.5585 1.53225 60.9578
255 255 255
3 14 7283 737.334 973.806 16 6289 832.053 956.714 21 5544 739.83 959.591 
-9.91687 1.179 58.1067
255 255 255
2 14 7285 993.161 974.596 16 6281 1089.57 950.791 
-8.84689 1.09247 56.3939
255 255 255
3 14 7287 1162.77 975.569 16 6282 1249.49 950.989 21 5539 1158.39 957.323 
-10.8275 1.92606 60.9589
255 255 255
3 14 7325 725.938 1012.67 16 6328 823.311 994.244 21 5575 727.984 997.356 
-4.78199 1.95749 53.8113
255 255 255
3 14 7334 1446.19 1028.74 16 6336 1486.33 1003.67 21 5580 1431.34 1007.14 
-11.0066 2.27593 60.8866
255 255 255
3 14 7345 722.973 1047.23 16 6352 822.84 1028.66 21 5590 725.728 1031.12 
-9.95508 1.98962 57.9149
255 255 255
3 14 7346 1001.1 1048.46 16 6350 1098.2 1025.2 21 5591 1000.36 1030.96 
-9.86694 2.05548 57.7578
255 255 255
3 14 7355 1015.99 1055.23 16 6357 1112.33 1031.91 21 5596 1014.74 1037.22 
-11.0361 2.36564 60.8019
255 255 255
3 14 7357 728.226 1056.82 16 6361 828.69 1037.75 21 5599 730.999 1040.87 
-9.88376 2.20627 57.6501
255 255 255
2 14 7369 1022.73 1070.45 16 6368 1119.89 1046.67 
-11.0902 2.48886 58.9055
255 255 255
3 14 7404 882.41 1096.16 16 6396 991.375 1073.41 21 5626 885.597 1078.26 
-10.0364 2.55015 57.5059
255 255 255
3 14 7415 1028.05 1104.93 16 6401 1127.38 1081.18 21 5631 1027.68 1086.28 
-11.1371 2.61728 58.9018
255 255 255
3 14 7420 880.132 1108 16 6407 989.809 1086.1 21 5635 883.542 1090.44 
-4.69214 3.08484 53.2785
255 255 255
3 14 7441 1481.79 1125.79 16 6422 1520.76 1099.89 21 5646 1465.48 1105.04 
-10.1074 2.81279 57.4789
255 255 255
2 14 7446 1025.76 1129.72 16 6431 1126.32 1105.86 
-11.2832 2.87188 59.0256
255 255 255
3 14 7447 862.832 1131.06 16 6438 974.188 1109.82 21 5656 867.441 1113.75 
-9.89715 2.88507 56.788
255 255 255
2 14 7465 1088.45 1142.59 16 6447 1188.18 1117.87 
-10.1736 3.05793 57.0712
255 255 255
3 14 7494 1056.09 1159.07 16 6473 1158.64 1133.48 21 5690 1057.12 1138.61 
-5.19847 3.56856 53.4696
255 255 255
3 14 7514 1453.27 1171.87 16 6490 1498.82 1145.15 21 5704 1440.12 1148.19 
-11.226 3.31846 58.7119
255 255 255
2 14 7521 886.954 1175.14 16 6504 998.341 1152.98 
-11.0331 3.39784 58.5313
255 255 255
2 14 7530 906.976 1181.92 16 6511 1016.29 1159.03 
-11.2459 3.54751 58.7154
255 255 255
3 14 7547 883.774 1196 16 6527 995.494 1174.05 21 5732 888.491 1177.17 
-11.3063 3.58622 58.8129
255 255 255
3 14 7552 873.472 1199.12 16 6530 985.614 1177.29 21 5733 878.335 1180.19 
-7.75116 3.68273 54.6581
255 255 255
3 14 7558 1308.15 1206.93 16 6533 1383.56 1179.2 21 5740 1301.34 1185.33 
-11.248 3.68058 58.7379
255 255 255
2 14 7560 880.791 1207.57 16 6538 992.228 1185.68 
-9.99885 3.61607 56.4741
255 255 255
2 14 7566 1105.87 1213.87 16 6540 1207.62 1188.14 
-6.16151 3.99579 53.6736
255 255 255
3 14 7574 1416.94 1220 16 6549 1473.64 1193.02 21 5751 1405.3 1196.96 
-8.14027 3.90883 54.7707
255 255 255
3 14 7584 1288.58 1231.79 16 6561 1369.11 1204 21 5762 1283.5 1209.25 
-10.2536 4.30479 56.5777
255 255 255
3 14 7645 1084.48 1278.51 16 6614 1189.26 1252.31 21 5817 1086.17 1256.8 
-11.1344 4.37816 57.8405
255 255 255
2 14 7647 953.397 1281.9 16 6622 1066.34 1258.59 
-10.3426 4.60196 56.4974
255 255 255
3 14 7676 1086.2 1307.8 16 6646 1192.5 1281.61 21 5848 1088.62 1285.94 
-11.7512 5.89529 58.2088
255 255 255
3 14 7822 890.793 1424.93 16 6776 1010.1 1403.72 21 5988 896.605 1404.44 
-11.7521 5.95859 57.9632
255 255 255
3 14 7834 910.675 1435.18 16 6788 1031.27 1412.88 21 6004 917.625 1413.69 
-11.7826 5.98789 58.0809
255 255 255
3 14 7836 899.601 1436.68 16 6791 1020.03 1414.49 21 6007 906.329 1415.06 
-11.7693 6.47798 58.3448
255 255 255
3 14 7882 872.811 1475.75 16 6835 991.919 1455.58 21 6055 879.801 1454.33 
-11.5443 7.03203 56.7965
255 255 255
3 14 7945 1006.6 1547.07 16 6889 1128.12 1521.95 21 6114 1013.87 1524.51 
-11.8737 7.42413 57.11
255 255 255
3 14 7985 966.825 1585.47 16 6924 1091.78 1561.57 21 6153 974.977 1562.07 
-11.5998 7.40611 56.6599
255 255 255
3 14 7986 1013.73 1585.15 16 6922 1136.24 1560.03 21 6151 1020.48 1560.38 
-11.9931 7.47138 57.3381
255 255 255
3 14 7993 942.913 1588.7 16 6928 1069 1565.61 21 6156 952.256 1565.48 
-11.7458 7.45853 56.8181
255 255 255
3 14 7995 996.029 1590.72 16 6929 1119.7 1566.11 21 6158 1002.16 1566.23 
-11.9312 7.52855 57.0857
255 255 255
2 14 8001 966.568 1597.05 16 6937 1092.22 1572.94 
-11.9891 7.55821 57.206
255 255 255
3 14 8003 953.9 1599.08 16 6940 1080.21 1575.53 21 6168 962.655 1574.98 
-11.9038 7.60333 56.9594
255 255 255
3 14 8011 977.769 1605.43 16 6945 1103.33 1581.03 21 6174 985.118 1581.02 
-11.991 7.71144 57.084
255 255 255
2 14 8021 963.266 1614.77 16 6959 1089.83 1591.65 
-12.039 7.90703 57.118
255 255 255
2 14 8038 957.155 1633.43 16 6989 1084.12 1610.02 
-11.9841 7.89451 57.0038
255 255 255
3 14 8039 968.684 1633.04 16 6988 1095.32 1609.15 21 6202 976.94 1608.5 
-12.0686 8.00614 57.078
255 255 255
2 14 8054 958.866 1644.01 16 7004 1086.34 1620.37 
-11.9991 8.01414 56.9478
255 255 255
3 14 8056 972.288 1645.37 16 7006 1099.1 1621.47 21 6220 979.954 1620.35 
-12.0096 8.08622 56.9014
255 255 255
3 14 8066 975.21 1652.4 16 7019 1102.39 1628.81 21 6233 983.269 1628.74 
-11.9988 8.19734 56.8412
255 255 255
3 14 8088 979.664 1663.5 16 7036 1106.9 1639.69 21 6254 987.801 1639.13 
-12.1423 8.22222 57.0475
255 255 255
2 14 8091 957.374 1666.04 16 7039 1085.96 1642.66 
-11.9463 8.20778 56.7145
255 255 255
3 14 8095 992.548 1666.2 16 7037 1119.01 1640.76 21 6258 999.435 1640.33 
-11.9041 8.26832 56.6199
255 255 255
2 14 8102 1000.81 1671.76 16 7049 1127.44 1646.79 
-12.1797 8.34725 57.107
255 255 255
3 14 8106 949.641 1677.31 16 7057 1078.72 1654.17 21 6278 959.317 1652.81 
-12.1487 8.32336 56.9592
255 255 255
3 14 8107 964.127 1677.15 16 7058 1092.95 1653.5 21 6275 972.488 1652.07 
-12.0832 8.31608 56.8537
255 255 255
2 14 8108 975.039 1676.67 16 7054 1103.4 1652.42 
-12.0338 8.31517 56.7293
255 255 255
2 14 8111 987.256 1677.47 16 7055 1115.37 1652.93 
-11.8278 8.35686 56.3598
255 255 255
3 14 8117 1024.67 1682.36 16 7067 1151.1 1656.72 21 6284 1032.56 1656.91 
-11.6338 8.56105 55.8891
255 255 255
2 14 8146 1069.05 1704.32 16 7094 1194.05 1676.95 
2.5471 14.8801 65.1732
255 255 255
3 14 8149 692.765 1707.2 16 7131 632.629 1724.02 21 6323 667.264 1689.84 
-6.98416 9.37266 51.8718
255 255 255
3 14 8166 1504.93 1719.88 16 7098 1573.76 1683.02 21 6322 1497.79 1689.16 
-9.14221 9.36174 53.2061
255 255 255
2 14 8200 1351.97 1754.64 16 7129 1447.81 1719.98 
-12.4302 9.66542 57.4846
255 255 255
2 14 8217 897.518 1796.93 16 7164 1027.74 1776.13 
-11.8775 9.98786 55.5834
255 255 255
3 14 8254 1075.86 1845.75 16 7188 1204.92 1818.5 21 6399 1084.4 1817.59 
-12.1075 10.1643 55.7721
255 255 255
3 14 8273 1051.32 1864.74 16 7210 1183.22 1838.66 21 6421 1061.06 1837.2 
-8.14336 10.8234 52.1097
255 255 255
3 14 8279 1452.4 1871.3 16 7204 1535.35 1834.05 21 6425 1446.49 1839.02 
-8.32151 10.8114 52.1152
255 255 255
2 14 8285 1447.92 1875.78 16 7209 1533.9 1837.86 
-12.2872 10.374 55.7969
255 255 255
2 14 8321 1042.56 1889.43 16 7246 1176.65 1862.44 
-8.68362 10.9316 52.3938
255 255 255
3 14 8328 1416.35 1891.56 16 7235 1506.73 1854.61 21 6469 1413.78 1859.57 
-11.4581 10.4907 54.7303
255 255 255
2 14 8331 1156.78 1894.1 16 7254 1282.07 1864.55 
-12.4413 10.4521 56.0779
255 255 255
3 14 8332 1012.51 1895.34 16 7265 1148.16 1870.33 21 6484 1023.58 1867.73 
-12.3067 10.4571 55.9023
255 255 255
2 14 8333 1031.89 1895.08 16 7260 1165.99 1869.45 
-11.6299 10.5413 55.0533
255 255 255
2 14 8338 1123.63 1898.15 16 7261 1250.4 1869.15 
-12.6257 10.5649 56.6172
255 255 255
3 14 8346 958.989 1900.55 16 7284 1095.16 1878.08 21 6497 970.235 1873.89 
2.48599 17.4903 63.9954
255 255 255
3 14 8349 748.829 1902.14 16 7340 691.954 1920.82 21 6512 724.108 1882.27 
-11.7906 10.6002 55.1895
255 255 255
2 14 8354 1106.91 1903.78 17 11726 682.316 1881.09 
-11.6472 10.6752 54.9636
255 255 255
3 14 8375 1129.88 1911.21 16 7290 1256.85 1882.32 17 11741 704.862 1890.44 
-12.3713 10.6602 55.9208
255 255 255
2 14 8384 1026.56 1915.16 16 7300 1161.44 1889.68 
2.3824 17.6864 64.0075
255 255 255
3 14 8389 743.979 1918.35 16 7365 687.735 1935.64 21 6541 720.026 1897.97 
-12.4307 10.746 56.235
255 255 255
2 14 8390 996.389 1918.33 16 7305 1131.06 1894.82 
-11.6028 10.7315 54.8336
255 255 255
2 14 8391 1141.82 1918.46 16 7297 1268.79 1888.95 
-12.5877 10.74 56.4196
255 255 255
3 14 8398 975.574 1919.64 16 7309 1112.07 1896.53 21 6529 987.149 1890.97 
-12.4673 10.7194 56.0925
255 255 255
2 14 8399 1008.2 1920.09 16 7307 1143.89 1895.54 
2.53643 17.7689 63.8452
255 255 255
2 14 8402 757.968 1922.79 16 7370 700.764 1939.64 
-12.6863 10.8283 56.7281
255 255 255
3 14 8407 944.794 1924.46 16 7318 1081.45 1902.58 21 6540 956.756 1896.85 
-12.6012 10.8287 56.5479
255 255 255
2 14 8411 963.271 1924.95 16 7319 1099.26 1902.95 
-12.6138 10.7815 56.3045
255 255 255
2 14 8414 984.826 1926.23 16 7314 1121.86 1902.48 
-5.99882 15.9238 68.0902
255 255 255
3 14 8423 237.045 1933.16 16 7412 233.669 1965.79 21 6569 227.639 1919.32 
-12.6862 10.9138 56.637
255 255 255
3 14 8426 952.112 1933.82 16 7329 1088.96 1911.68 21 6552 963.845 1906.54 
-12.0577 10.8734 55.2824
255 255 255
2 14 8430 1089.24 1936.82 16 7326 1221.54 1909.26 
-11.853 10.9174 55.0522
255 255 255
2 14 8431 1114.42 1938.69 16 7327 1244.4 1910.39 
-6.25665 15.9705 68.2199
255 255 255
3 14 8436 218.854 1941.13 16 7434 216.758 1974.12 21 6582 209.599 1927.67 
-8.25495 11.6154 51.7529
255 255 255
3 14 8447 1472.38 1948.93 16 7328 1558.08 1910.34 21 6562 1469.34 1914.13 
-12.6431 11.1059 56.7136
255 255 255
3 14 8449 944.173 1948.6 16 7353 1080.58 1927.5 21 6571 957.158 1919.77 
2.63722 18.1308 63.5288
255 255 255
3 14 8451 778.559 1949.49 16 7414 721.282 1966.16 21 6586 753.051 1928.25 
-11.3116 11.1277 54.5074
255 255 255
3 14 8453 1174.52 1951.23 16 7343 1297.73 1921.77 21 6570 1179.79 1918.81 
-11.7659 11.0829 54.8066
255 255 255
2 14 8461 1136.72 1955.45 16 7351 1266.1 1926.46 
-11.7987 11.1392 54.9441
255 255 255
2 14 8467 1123.25 1959.23 16 7356 1252.59 1930.16 
-11.6359 11.2163 54.6437
255 255 255
3 14 8480 1152.92 1966.82 16 7366 1280.83 1936.51 21 6598 1161.27 1936.09 
-11.8077 11.2255 54.8394
255 255 255
2 14 8486 1131.45 1969.39 16 7371 1261.17 1939.76 
2.80962 18.4032 63.025
255 255 255
3 14 8489 812.842 1970.14 16 7466 756.142 1987.12 21 6619 788.291 1950.33 
-8.23886 11.8848 51.6958
255 255 255
3 14 8494 1474.99 1972.26 16 7360 1560.42 1932.99 21 6600 1472.11 1938.12 
-11.7037 11.305 54.7335
255 255 255
2 14 8500 1142.66 1975.32 16 7378 1271.09 1945.12 
-11.8889 11.3305 54.8995
255 255 255
3 14 8511 1123.42 1980.23 16 7387 1253.91 1951.25 21 6620 1131.43 1949.56 
-12.7875 11.4344 56.7941
255 255 255
3 14 8513 930.55 1980.86 16 7405 1067.87 1960.13 21 6632 942.509 1953.59 
-12.0829 11.3224 55.0303
255 255 255
3 14 8516 1106.26 1983.34 16 7398 1239.73 1954.62 21 6626 1116.5 1952.83 
-12.7281 11.4473 56.5208
255 255 255
2 14 8520 956.166 1985.74 16 7410 1093.71 1963.8 
-8.7808 11.8911 51.805
255 255 255
2 14 8530 1456.11 1988.85 16 7382 1548.33 1947.51 
-8.68397 16.0644 69.2152
255 255 255
2 14 8537 58.8432 1994.49 16 7563 71.8248 2034.77 
-12.7503 11.6187 56.609
255 255 255
3 14 8553 945.943 2000.33 16 7450 1083.57 1979.14 21 6673 958.264 1971.51 
-12.1584 11.5247 55.0765
255 255 255
2 14 8558 1098.52 2002.38 16 7438 1232.79 1975.25 
-8.74093 16.1675 69.1693
255 255 255
2 14 8563 59.135 2005.01 16 7578 72.8141 2045.26 
-12.8218 11.6831 56.7072
255 255 255
3 14 8571 934.853 2006.73 16 7463 1072.95 1985.98 21 6690 946.889 1977.4 
-9.01024 12.1972 52.3036
255 255 255
2 14 8587 1405.68 2012.64 16 7441 1500.64 1974.69 
-9.15311 12.2889 52.3993
255 255 255
3 14 8615 1393.51 2023.37 16 7461 1490.41 1985.26 21 6719 1393.96 1989.39 
-8.40965 12.4744 51.5676
255 255 255
3 14 8626 1477.61 2030.63 16 7473 1565.12 1989.71 21 6730 1474.84 1995.28 
-9.56276 12.2731 52.4914
255 255 255
3 14 8631 1377.94 2033.15 16 7484 1480.23 1995.95 21 6738 1378.83 1999.62 
-9.50872 12.2662 52.3026
255 255 255
3 14 8634 1395.29 2034.2 16 7485 1497.31 1996.55 21 6739 1396.38 2000.41 
-12.2379 11.8339 54.9988
255 255 255
2 14 8636 1100.44 2035.09 16 7499 1235.8 2006.47 
-8.59327 12.5016 51.6867
255 255 255
3 14 8639 1464.01 2036.05 16 7487 1553.86 1996.71 21 6740 1461.29 2001.46 
-12.4189 11.8537 55.2566
255 255 255
3 14 8642 1072.1 2037.68 16 7508 1209.71 2010.3 21 6750 1084.05 2007.43 
-12.1939 11.8938 54.8558
255 255 255
2 14 8649 1113.69 2041.77 16 7516 1248.83 2012.72 
-9.78411 12.3316 52.6133
255 255 255
3 14 8653 1362.26 2043.84 16 7501 1467.44 2006.17 21 6754 1364.04 2009.22 
-12.3271 11.9217 55.0291
255 255 255
2 14 8656 1094.57 2045.31 16 7522 1231.15 2017.04 
-12.3469 11.9714 55.153
255 255 255
2 14 8664 1082.52 2047.61 16 7528 1219.07 2020.62 
-9.23597 12.4858 52.0861
255 255 255
3 14 8665 1417.25 2048.38 16 7509 1515.76 2010.02 21 6765 1417.54 2013.87 
-9.57428 12.4812 52.3351
255 255 255
3 14 8675 1389.09 2054.15 16 7524 1491.99 2017.06 21 6778 1390.44 2020.38 
-8.85018 12.6592 51.8297
255 255 255
3 14 8676 1445.53 2055.29 16 7520 1538.61 2016.06 21 6780 1443.55 2020.81 
-12.4343 12.0523 55.1367
255 255 255
2 14 8682 1080.9 2058.35 16 7552 1218.73 2031.03 
-12.9339 12.1865 56.3655
255 255 255
2 14 8695 956.924 2062.76 16 7571 1097.62 2040.48 
-9.63501 12.5894 52.3419
255 255 255
3 14 8704 1386.07 2065.38 16 7550 1490.04 2028.91 21 6806 1387.98 2030.92 
-9.23777 12.68 52.0111
255 255 255
3 14 8707 1421.73 2067.24 16 7546 1520.39 2027.8 21 6807 1422.36 2031.17 
-12.2802 12.1511 54.832
255 255 255
2 14 8709 1111 2067.56 16 7572 1247.6 2040.09 
-8.77556 12.7991 51.6252
255 255 255
3 14 8711 1462.9 2068.85 16 7551 1555.48 2028.9 21 6812 1461.34 2033.02 
-12.9817 12.3569 56.51
255 255 255
2 14 8723 941.094 2076.27 16 7592 1081.95 2055.86 
-7.97682 13.0823 51.0745
255 255 255
3 14 8726 1521.67 2076.69 16 4763 1604.03 2036.19 21 6826 1517.22 2039.25 
-12.8954 12.3986 56.2003
255 255 255
2 14 8738 970.578 2083.69 16 7600 1111.29 2061.44 
-12.9254 12.3617 55.9288
255 255 255
2 14 8745 994.125 2086.92 16 7604 1136.38 2063.56 
-12.3703 12.3567 54.9373
255 255 255
3 14 8746 1096.99 2087.21 16 7598 1234.63 2059.54 21 6853 1108.66 2056.85 
-8.67997 17.1683 68.7142
255 255 255
3 14 8750 86.4215 2089.55 16 7717 101.733 2130.57 21 6880 82.2449 2075.85 
-8.26728 13.1458 51.1918
255 255 255
3 14 8752 1505.89 2088.9 16 4783 1591.96 2048.01 21 6846 1502.83 2053.77 
-7.76599 13.289 50.9817
255 255 255
3 14 8755 1531.09 2089.75 16 4778 1610.31 2045.89 21 6845 1526.55 2052.61 
-12.2354 12.3801 54.674
255 255 255
2 14 8758 1124.07 2090.52 16 7601 1260.16 2061.02 
-12.4636 12.3922 55.0085
255 255 255
3 14 8763 1088.18 2092.47 16 7606 1226.7 2064.72 21 6860 1099.48 2061.74 
-12.6297 12.6028 55.0955
255 255 255
3 14 8787 1073.87 2116 16 7648 1214.64 2088.68 21 6893 1086.02 2083.63 
-12.4358 12.6765 54.8928
255 255 255
3 14 8793 1096.21 2120.29 16 7657 1234.72 2091.5 21 6899 1108.03 2087.15 
-8.67958 13.4104 51.3964
255 255 255
5 8 11219 1092.33 2174.9 9 11507 928.258 2183.49 14 8796 1478.44 2122.09 16 7634 1569.69 2080.36 21 6898 1477.01 2086.17 
-8.79067 13.4867 51.4271
255 255 255
3 14 8813 1472.91 2131.23 16 7655 1565.92 2090.57 21 6910 1471.97 2095.66 
-12.38 12.7887 54.6644
255 255 255
2 14 8814 1117.24 2132.47 16 7676 1255.32 2103.13 
-13.0459 13.0212 56.0909
255 255 255
2 14 8839 969.955 2146.95 16 7707 1113.04 2125.58 
-9.42449 13.6325 51.8507
255 255 255
3 14 8855 1423.16 2158.33 16 7697 1524.24 2118.25 21 6941 1423.92 2121.24 
-12.2032 13.1007 54.2485
255 255 255
3 14 8859 1155.71 2162.37 16 7721 1292.31 2131.73 21 6955 1166.22 2129.5 
-12.2579 13.3967 54.1841
255 255 255
2 14 8896 1157.27 2192.41 16 7753 1294.62 2161.08 
-12.479 13.5343 54.4205
255 255 255
3 14 8911 1128.71 2207.72 16 7773 1269.03 2178.02 21 6991 1141.23 2174.42 
-12.5375 13.7694 54.4669
255 255 255
3 14 8933 1120.69 2229.93 16 7799 1261.72 2200.89 21 7015 1133.61 2196.16 
-12.4583 13.8469 54.2252
255 255 255
3 14 8940 1144.22 2238.7 16 7805 1284.25 2208.68 21 7023 1155.41 2205.1 
-12.5887 13.8498 54.4013
255 255 255
2 14 8943 1124.94 2240.09 16 7808 1266.54 2211.07 
-12.533 13.9776 54.3263
255 255 255
2 14 8958 1131.86 2251.23 16 7819 1272.71 2221.47 
-12.5993 14.0169 54.413
255 255 255
3 14 8963 1122.06 2255.4 16 7826 1263.71 2226.84 21 7042 1133.91 2220.93 
-10.1766 14.514 52.0852
255 255 255
4 14 8964 1378.21 2255.85 16 7814 1490.7 2216.53 17 12511 984.779 2279.53 21 7041 1383.14 2218.9 
-12.4227 14.0343 54.1056
255 255 255
2 14 8965 1153.84 2256.62 16 7824 1293.69 2226.08 
-12.5053 14.0533 54.2258
255 255 255
3 14 8967 1140.84 2259.35 16 7829 1281.6 2229.38 21 7045 1152.45 2224.13 
-11.1061 14.4351 52.8696
255 255 255
2 14 8977 1291.01 2267.68 16 7834 1414.32 2232.48 
-12.8245 14.1698 54.7636
255 255 255
2 14 8979 1083.21 2269.95 16 7852 1227.02 2242.92 
-12.2209 14.2192 53.8613
255 255 255
3 14 8982 1178.94 2270.76 16 7845 1316.3 2238.9 21 7058 1189.62 2235.77 
-12.7299 14.2187 54.5557
255 255 255
2 14 8988 1103.82 2275.04 16 7856 1246.88 2247.21 
-11.955 14.3129 53.5869
255 255 255
4 6 1588 1228.11 2279.2 14 8989 1208.22 2274.75 16 7848 1342.72 2241.76 21 7065 1219.15 2239.07 
-12.3126 14.2635 53.9495
255 255 255
3 14 8991 1167.74 2276.24 16 7853 1306.71 2245.16 21 7070 1180.09 2241.24 
-12.8262 14.3143 54.8074
255 255 255
2 14 9005 1077.81 2281.69 16 7863 1221.49 2255.59 
-12.9884 14.5534 54.9207
255 255 255
2 14 9036 1060.99 2306.9 16 7884 1206.57 2281.46 
-11.1741 14.88 52.7221
255 255 255
3 14 9043 1298.21 2312.55 16 7881 1422.54 2275.86 21 7104 1305.44 2275.46 
-13.3498 14.6123 55.4942
255 255 255
3 14 9045 999.053 2313.56 16 7894 1147.99 2291.11 21 7108 1014.15 2281.85 
-13.1952 14.6691 55.2649
255 255 255
3 14 9046 1023.07 2317.9 16 7897 1170.75 2294.46 21 7110 1038.21 2284.78 
-11.311 14.9867 52.8343
255 255 255
2 14 9055 1284.14 2324.62 16 7891 1410.23 2288.76 
-11.0375 15.0563 52.4833
255 255 255
3 14 9058 1320.57 2327.55 16 7893 1443.35 2289.8 21 7114 1327.42 2289.94 
-11.1611 15.074 52.5964
255 255 255
3 14 9063 1307.38 2332.29 16 7895 1431.95 2294.38 21 7116 1315.34 2293.17 
-13.3873 14.7954 55.4358
255 255 255
3 14 9065 1001.45 2333.17 16 7916 1151.09 2310.51 21 7123 1016.66 2299.8 
-11.2983 15.1374 52.6968
255 255 255
2 14 9073 1295.05 2339.32 16 7906 1421.42 2304.39 
-12.5213 15.1463 53.8286
255 255 255
2 14 9097 1165.15 2364.7 16 7933 1306.8 2334.23 
-12.2708 15.6458 53.4398
255 255 255
3 14 9126 1201.11 2406.93 16 7958 1339.83 2374.76 21 7157 1212.7 2370.98 
-12.0763 15.7926 53.1793
255 255 255
3 14 9138 1227.65 2418.14 16 7961 1364.03 2384.23 21 7162 1238.51 2380.4 
-12.2328 15.785 53.3411
255 255 255
3 14 9142 1209.68 2421.07 16 7965 1347.77 2386.88 21 7165 1220.75 2382.46 
-12.4973 15.903 53.4939
255 255 255
2 14 9157 1188.2 2437.32 16 7980 1330.15 2406.51 
-12.7074 15.8956 53.7792
255 255 255
3 14 9159 1157.41 2439.56 16 7981 1301.66 2409.43 21 7177 1170.52 2403.05 
-12.5507 16.0372 53.6151
255 255 255
2 14 9167 1174.7 2449.07 16 7988 1316.93 2418.27 
-12.9834 16.0124 54.1013
255 255 255
3 14 9170 1119.31 2454.36 16 7992 1267.37 2425.82 21 7185 1135.52 2417.9 
-13.0346 16.0225 54.1702
255 255 255
2 14 9171 1112.64 2455.53 16 7993 1260.55 2427.76 
-13.4359 16.0184 54.8504
255 255 255
3 14 9174 1040.94 2456.73 16 7994 1192.5 2432.89 21 7187 1056.07 2421.65 
-12.7259 16.1428 53.7562
255 255 255
2 14 9177 1156.59 2462.43 16 7995 1301.03 2432.64 
-13.557 16.1199 55.0643
255 255 255
3 14 9179 1017.29 2466.26 16 8011 1169.92 2443.77 21 7194 1032.99 2430.52 
-13.4432 16.0831 54.7077
255 255 255
2 14 9180 1052.7 2465.75 16 8006 1205.03 2441.35 
-12.9327 16.1396 53.9592
255 255 255
2 14 9182 1133.11 2466.41 16 8001 1280.04 2437.42 
-12.6329 16.2109 53.657
255 255 255
3 14 9183 1166.75 2467.46 16 8002 1310.31 2436.46 21 7193 1180.52 2429.36 
-13.3676 16.1191 54.581
255 255 255
2 14 9187 1065.83 2468.76 16 8009 1217.39 2443.43 
-13.2702 16.1374 54.4497
255 255 255
3 14 9188 1079.86 2469.33 16 8010 1230.58 2443.39 21 7196 1095.49 2433.58 
-13.4285 16.2252 54.9645
255 255 255
3 14 9189 1028.13 2472.41 16 8012 1179.63 2449.67 21 7200 1044.95 2436.46 
-13.4203 16.2066 54.6756
255 255 255
2 14 9191 1055 2476.47 16 8016 1207.01 2452.06 
-13.1629 16.2238 54.24
255 255 255
2 14 9192 1100.98 2477.05 16 8013 1250.52 2450.05 
-13.3643 16.2355 54.4453
255 255 255
2 14 9196 1077.03 2482.25 16 8022 1228.87 2455.8 
-13.3939 16.2782 54.5158
255 255 255
2 14 9199 1069.42 2485.4 16 8025 1221.52 2459.99 
-13.4615 16.4058 54.8796
255 255 255
3 14 9205 1033.33 2491.42 16 8030 1185.3 2468.51 21 7214 1049.75 2455.92 
-12.6208 16.501 53.5905
255 255 255
2 14 9208 1170.53 2493.22 16 8027 1313.65 2462.83 
-13.4486 16.4069 54.7542
255 255 255
3 14 9210 1045.31 2493.95 16 8033 1197.28 2470.3 21 7216 1060.83 2457.86 
-13.5156 16.5527 54.8734
255 255 255
3 14 9223 1031.71 2506.95 16 8045 1183.78 2483.74 21 7225 1046.67 2471.46 
-12.649 16.7854 53.6244
255 255 255
2 14 9230 1163.94 2518.51 16 8046 1307.25 2488.78 
-11.2129 17.4045 52.2645
255 255 255
3 14 9241 1312.64 2540.84 16 8052 1437.7 2505.16 21 7235 1320.57 2501.42 
-12.7287 17.2015 53.6372
255 255 255
2 14 9251 1156.63 2558.05 16 8068 1300.87 2528.85 
-12.1953 17.3685 53.0918
255 255 255
2 14 9255 1216.89 2561.89 16 8069 1354.52 2529.67 
-10.6514 17.907 51.7434
255 255 255
2 14 9265 1365.44 2571.66 16 8071 1483.13 2532.76 
-10.9343 18.009 51.9407
255 255 255
3 14 9279 1340.75 2587.78 16 8082 1462.42 2550.37 21 7265 1348.85 2547.36 
-10.8075 18.0864 51.7414
255 255 255
3 14 9288 1360.13 2592.73 16 8085 1480.42 2554.91 21 7273 1367.95 2552.8 
-10.5441 18.1951 51.5621
255 255 255
3 14 9291 1380.96 2595.06 16 8086 1497.09 2555.46 21 7274 1386.36 2554.27 
-10.8443 18.2665 51.9449
255 255 255
2 14 9305 1340.06 2606.37 16 8096 1459.95 2568.25 
-10.6897 18.2818 51.6739
255 255 255
3 14 9306 1366.88 2606.51 16 8097 1485.22 2567.63 21 7286 1373.63 2564.86 
-11.2155 18.1561 52.197
255 255 255
2 14 9307 1310.93 2607.35 16 8100 1435.78 2570.67 
-10.4553 18.378 51.5602
255 255 255
2 14 9308 1380.8 2607.14 16 8098 1495.84 2567.61 
-8.28429 -5.81829 66.3952
255 255 255
2 14 9425 458.121 282.254 16 8212 504.611 264.561 
-8.43555 -5.53583 66.2754
255 255 255
2 14 9435 459.399 306.226 16 8225 507.897 288.515 
-8.77592 -5.31173 68.1229
255 255 255
3 14 9436 310.849 308.673 16 8224 352.764 289.289 21 7397 302.026 300.369 
-8.15117 -5.16597 68.797
255 255 255
3 14 9439 283.343 312.769 16 8229 315.243 296.361 21 7399 272.869 305.216 
-8.72404 -5.26652 67.9
255 255 255
3 14 9441 328.474 313.619 16 8230 371.203 295.949 21 7400 319.456 305.562 
-8.74547 -5.35175 66.8471
255 255 255
2 14 9446 405.214 315.852 16 8231 454.054 298.688 
-8.6423 -5.0928 68.3133
255 255 255
3 14 9448 299.588 323.734 16 8238 339.245 306.239 21 7403 291.042 315.879 
-8.31357 -4.9586 68.7897
255 255 255
3 14 9450 276.325 328.42 16 8246 309.825 314.257 21 7406 265.844 321.796 
-8.68178 -5.06197 67.9209
255 255 255
3 14 9453 326.646 329.861 16 8243 368.604 312.266 21 7407 317.602 321.853 
-8.97132 -5.19567 66.6494
255 255 255
3 14 9454 410.631 331.429 16 8244 462.71 312.717 21 7408 403.163 322.632 
-6.22613 -5.53501 63.0673
255 255 255
3 14 9456 763.153 332.489 16 8249 801.559 317.518 21 7409 750.782 323.249 
-8.76159 -5.01972 67.321
255 255 255
3 14 9457 367.128 338.746 16 8250 413.225 321.476 21 7413 358.54 330.51 
-9.08031 -5.09372 66.7929
255 255 255
3 14 9458 395.205 338.089 16 8251 447.878 320.649 21 7411 388.13 329.389 
-8.89347 -4.94935 67.6394
255 255 255
3 14 9461 339.055 341.765 16 8253 384.448 324.581 21 7414 329.571 333.241 
-9.10694 -5.02108 66.9776
255 255 255
3 14 9462 380.039 342.531 16 8254 431.808 324.31 21 7416 372.979 334.108 
-8.58252 -5.24051 64.9838
255 255 255
2 14 9463 547.762 342.252 16 8255 603.939 324.349 
-8.99879 -4.9386 66.6683
255 255 255
3 14 9469 405.915 351.624 16 8261 458.179 334.481 21 7420 398.629 343.158 
-8.36029 -5.14701 64.6561
255 255 255
2 14 9471 578.58 352.716 16 8263 633.692 334.841 
-8.8135 -4.96247 64.9734
255 255 255
2 14 9481 538.605 365.441 16 8275 597.246 347.532 
-7.99148 -4.32131 69.4934
255 255 255
3 14 9493 232.322 372.367 16 8284 258.052 359.088 21 7442 221.118 364.836 
-8.07278 -4.0265 70.2766
255 255 255
3 14 9516 171.769 388.246 16 8307 193.388 376.229 21 7456 160.113 380.839 
-9.36125 -4.63478 65.4487
255 255 255
3 14 9517 481.897 389.408 16 8298 544.088 370.824 21 7457 476.006 379.908 
-9.39411 -4.56367 65.6666
255 255 255
3 14 9523 463.817 393.386 16 8302 525.15 374.645 21 7462 457.789 383.74 
-8.07554 -3.82418 70.6787
255 255 255
3 14 9529 142.124 401.402 16 8321 160.618 387.367 21 7470 129.799 393.489 
-8.3309 -3.87021 69.8594
255 255 255
3 14 9535 189.877 405.772 16 8330 216.342 391.947 21 7474 179.79 397.925 
-8.11618 -3.85042 69.6489
255 255 255
3 14 9539 212.536 407.993 16 8337 238.393 396.734 21 7476 201.748 400.025 
-8.20837 -3.64363 69.8944
255 255 255
3 14 9556 190.267 423.191 16 8348 214.82 409.35 21 7492 179.347 415.335 
-9.72509 -3.94992 64.1546
255 255 255
2 14 9590 561.933 459.754 16 8372 634.385 441.628 
-9.70485 -3.81514 63.8845
255 255 255
3 14 9603 582.218 474.171 16 8383 655.542 455.304 21 7536 578.426 464.275 
-6.12247 -4.11787 59.9368
255 255 255
2 14 9604 989.099 475.15 16 8386 1035.46 459.22 
-6.04269 -4.14572 59.7573
255 255 255
2 14 9605 1004.97 474.408 16 8387 1050.89 458.424 
-6.24145 -3.98445 59.9097
255 255 255
2 14 9617 987.152 486.537 16 8399 1034.93 470.666 
-9.80552 -3.64075 64.0113
255 255 255
3 14 9619 567.533 487.453 16 8398 641.493 469.824 21 7550 563.982 477.726 
-5.65173 -3.87994 59.3357
255 255 255
3 14 9629 1044.55 498.636 16 8407 1086.7 482.238 21 7558 1030.87 486.322 
-5.81432 -3.80668 59.0796
255 255 255
2 14 9638 1059.45 507.62 16 8416 1104.32 491.387 
-9.83652 -3.35009 64.0925
255 255 255
2 14 9642 557.778 512.219 16 8418 631.183 492.473 
-9.73833 -3.42941 63.2413
255 255 255
3 14 9644 628.542 513.936 16 8422 704.119 494.095 21 7572 622.832 503.155 
-6.40749 -3.65585 59.6444
255 255 255
2 14 9649 1000.74 516.551 16 8429 1051.02 500.282 
-5.47759 -3.67344 58.9892
255 255 255
3 14 9651 1073.07 517.776 16 8431 1114.25 501.815 21 7576 1059.52 505.101 
-4.69133 -3.67791 58.5946
255 255 255
3 14 9652 1119.91 518.225 16 8432 1153.68 502.525 21 7577 1106.08 504.604 
-9.88967 -3.25994 63.0687
255 255 255
2 14 9664 634.56 530.56 16 8438 713.499 511.069 
-9.80484 -3.12337 63.8688
255 255 255
3 14 9669 573.947 532.479 16 8442 647.958 513.768 21 7600 570.734 523.873 
-10.0115 -2.90956 63.8023
255 255 255
3 14 9680 570.97 551.358 16 8454 647.4 534.738 21 7608 566.823 543.251 
-8.72655 -3.17811 60.619
255 255 255
2 14 9682 860.668 557.967 16 8456 935.17 538.129 
-8.75905 -3.04753 60.5425
255 255 255
2 14 9687 864.61 569.56 16 8459 939.84 550.487 
-8.61728 -2.71274 59.8818
255 255 255
2 14 9702 917.947 604.708 16 8468 993.371 584.4 
-9.95187 -2.49208 62.1268
255 255 255
3 14 9703 699.702 606.569 16 8470 783.135 586.945 21 7621 697.501 594.908 
-10.1003 -2.21208 62.0765
255 255 255
3 14 9711 696.551 631.829 16 8477 781.912 612.458 21 7626 694.858 620.401 
-10.0102 -2.17615 61.8903
255 255 255
2 14 9715 713.725 636.611 16 8479 798.781 616.975 
-8.86316 -2.30133 59.7688
255 255 255
2 14 9717 916.66 641.675 16 8482 995.576 622.561 
-8.73956 -2.3034 59.5656
255 255 255
2 14 9719 936.339 643.922 16 8483 1014.09 622.829 
-10.2041 -2.01113 62.2031
255 255 255
3 14 9721 681.494 648.059 16 8486 767.516 629.403 21 7633 679.971 636.793 
-9.00569 -2.17669 59.9532
255 255 255
3 14 9722 896.746 651.462 16 8487 976.823 631.244 21 7634 893.453 639.134 
-10.1582 -1.95275 61.9587
255 255 255
3 14 9726 701.967 656.337 16 8490 788.275 636.517 21 7636 700.062 643.632 
-9.58566 -1.89891 60.7703
255 255 255
2 14 9732 813.044 670.261 16 8493 897.171 650.195 
-10.4388 -0.542404 61.2457
255 255 255
3 14 9771 737.47 788.329 16 8522 829.76 769.369 21 7663 737.089 775.626 
-10.1072 -0.380677 61.8318
255 255 255
3 14 9776 699.057 792.394 16 8526 784.768 774.026 21 7664 698.341 778.615 
-10.4743 -0.315935 60.8636
255 255 255
2 14 9790 764.948 813.596 16 8537 859.328 793.686 
-10.1771 -0.15182 59.9976
255 255 255
2 14 9801 842.589 836.184 16 8547 936.397 814.833 
-9.04274 0.0623965 57.6342
255 255 255
2 14 9810 1064.33 872.544 16 8554 1150.98 849.442 
-5.30695 0.398596 55.0805
255 255 255
3 14 9817 1348.62 890.908 16 8558 1393.59 868.837 21 7684 1334.42 872.495 
-9.0946 0.27867 57.5679
255 255 255
2 14 9818 1066.59 892.629 16 8559 1154.07 869.555 
-4.8407 0.660988 54.4679
255 255 255
3 14 9828 1403.58 914.364 16 8567 1443.74 892.213 21 7690 1388.12 895.722 
-10.6194 0.740388 60.0919
255 255 255
2 14 9831 813.79 917.61 16 8569 912.754 897.302 
-4.79388 0.706186 54.2827
255 255 255
3 14 9835 1418.76 920.519 16 8571 1458.51 897.339 21 7693 1403.12 900.276 
-10.6377 0.912343 60.0193
255 255 255
2 14 9840 817.655 934.077 16 8577 917.032 913.44 
-8.9885 0.716448 56.9397
255 255 255
2 14 9843 1117.26 938.238 16 8576 1204.67 912.923 
-4.90547 0.914332 54.2468
255 255 255
3 14 9844 1418.09 939.351 16 8580 1459.08 915.554 21 7699 1402.65 919.01 
-9.97314 1.00756 58.2009
255 255 255
3 14 9861 985.572 958.623 16 8595 1082.39 935.423 21 7710 984.855 941.947 
-9.01007 0.947501 56.7611
255 255 255
2 14 9864 1129.44 960.368 16 8596 1217.69 935.907 
-9.77664 1.1713 57.9633
255 255 255
3 14 9874 1008.76 973.753 16 8605 1103.83 950.426 21 7715 1007.95 956.348 
-10.0411 1.31463 58.0753
255 255 255
3 14 9890 991.39 988.89 16 8616 1089.44 964.757 21 7723 991.088 970.565 
-10.2907 1.80704 58.2591
255 255 255
3 14 9906 964.835 1032.6 16 8642 1065.67 1009.66 21 7737 965.702 1014.89 
-10.1091 1.79181 58.0088
255 255 255
3 14 9907 990.598 1031.68 16 8641 1089.91 1009.12 21 7738 991.088 1014.55 
-10.9667 2.33815 60.666
255 255 255
3 14 9915 741.848 1055.9 16 8652 841.96 1036.11 21 7745 744.222 1038.59 
-10.2175 2.0653 58.146
255 255 255
2 14 9916 973.87 1055.82 16 8651 1074.03 1032.92 
-11.0434 2.2899 59.0911
255 255 255
2 14 9923 869.931 1074.66 16 8660 977.784 1052.79 
-10.0068 2.26921 57.8869
255 255 255
3 14 9924 999.176 1074.42 16 8659 1097.27 1050.99 21 7749 999.539 1056.2 
-9.94838 2.34229 57.6629
255 255 255
2 14 9929 1018.79 1083.39 16 8665 1116.69 1059.26 
-10.023 2.42946 57.7877
255 255 255
2 14 9933 1005.57 1089.8 16 8667 1104.24 1067.12 
-10.0923 2.82206 57.5161
255 255 255
2 14 9963 1022.97 1129.9 16 8696 1123.17 1105.84 
-4.89261 3.22923 53.47
255 255 255
3 14 9969 1461.25 1138.79 16 8702 1502.99 1112.35 21 7776 1447.12 1116.7 
-10.0603 2.90056 57.1617
255 255 255
3 14 9972 1052.76 1141.47 16 8704 1153.58 1116.62 21 7780 1053.47 1122.1 
-9.98311 2.93112 56.8526
255 255 255
3 14 9979 1081.21 1147.09 16 8709 1181.31 1122.24 21 7783 1079.89 1127.89 
-10.1867 3.05528 57.0605
255 255 255
3 14 9990 1056.46 1159.09 16 8721 1159.43 1133.79 21 7789 1058.01 1138.67 
-10.1112 3.19302 56.9485
255 255 255
3 14 9999 1066.87 1171.52 16 8733 1168.86 1146.15 21 7801 1067.58 1151.3 
-11.2669 3.27345 58.6971
255 255 255
3 14 10003 887.864 1171.92 16 8739 999.565 1149.82 21 7809 891.131 1153.73 
-5.70626 3.54777 53.6546
255 255 255
3 14 10007 1430.22 1176.4 16 8736 1481.03 1146.94 21 7806 1417.69 1153.53 
-11.3589 3.44156 58.9118
255 255 255
3 14 10013 864.829 1185.5 16 8748 977.399 1163.45 21 7815 870.125 1167.29 
-5.65595 3.71367 53.5832
255 255 255
2 14 10020 1435.32 1189.85 16 8155 1485.99 1162.19 
-11.2511 3.49511 58.7139
255 255 255
3 14 10023 884.319 1191.56 16 8754 996.038 1169.24 21 7819 888.869 1172.68 
-5.53934 3.75665 53.4187
255 255 255
2 14 10025 1450.33 1193.7 16 8753 1499.74 1165.96 
-7.93863 3.64963 54.9045
255 255 255
3 14 10029 1284.16 1203.35 16 8760 1361.45 1175.67 21 7827 1277.94 1183.5 
-7.93786 3.78704 54.7222
255 255 255
3 14 10043 1298.01 1217.63 16 8768 1375.94 1191.09 21 7836 1291.9 1196.45 
-8.21538 3.92483 54.9299
255 255 255
3 14 10055 1273.8 1232.5 16 8776 1354.71 1203.79 21 7843 1268.61 1210.31 
-8.5096 3.94995 55.0788
255 255 255
3 14 10059 1254.75 1236.85 16 8782 1339.58 1210.28 21 7846 1250.53 1215.3 
-11.3084 4.17818 58.3749
255 255 255
3 14 10075 904.605 1258.46 16 8805 1018.41 1236.46 21 7866 910.378 1239.96 
-11.2055 4.16709 58.2569
255 255 255
3 14 10076 918.18 1257.89 16 8802 1030.55 1235.01 21 7865 922.408 1238.4 
-11.179 4.24533 57.9407
255 255 255
2 14 10088 944.844 1269 16 8815 1058.17 1246.32 
-11.0189 4.37767 57.8112
255 255 255
3 14 10100 958.933 1280.18 16 8825 1070.4 1256.3 21 7880 963.299 1260.36 
-11.3558 4.62303 57.9884
255 255 255
2 14 10123 932.312 1305.48 16 8851 1047.83 1283.33 
-10.6183 4.67683 56.7417
255 255 255
3 14 10140 1058.25 1316 16 8857 1167.23 1290.29 21 7908 1060.32 1294.48 
-11.8712 6.03916 58.282
255 255 255
3 14 10248 879.061 1440.08 16 8956 1000.09 1418.09 21 8020 886.718 1418.45 
-11.4948 6.32739 57.0988
255 255 255
2 14 10281 988.751 1477.12 16 8982 1108.69 1453.1 
-11.3918 6.67849 56.7609
255 255 255
3 14 10293 1017.25 1512.04 16 8997 1136.9 1487.73 21 8062 1023.41 1488.82 
-11.183 6.75219 56.482
255 255 255
3 14 10297 1046.23 1519.01 16 8999 1163.63 1492.89 21 8066 1051.72 1495.02 
-11.4381 6.89711 56.7336
255 255 255
3 14 10306 1016.43 1533.19 16 9005 1136.58 1508.55 21 8076 1022.63 1510.59 
-11.5324 7.11073 56.6703
255 255 255
2 14 10322 1017.42 1556.36 16 9019 1139.02 1531.21 
-11.6084 7.21742 56.8651
255 255 255
3 14 10327 997.413 1564.09 16 9027 1119.52 1540.26 21 8091 1004.3 1540.79 
-11.8526 7.39767 56.9565
255 255 255
3 14 10345 981.273 1585.71 16 9044 1106.21 1560.67 21 8112 988.657 1561.44 
-12.0049 7.46315 57.3239
255 255 255
2 14 10347 944.458 1588.61 16 9046 1070.35 1565.45 
-11.7976 7.47093 56.8023
255 255 255
3 14 10353 995.619 1593.49 16 9050 1120.23 1568.53 21 8119 1002.5 1569.09 
2.78834 13.4354 65.3226
255 255 255
3 14 10360 699.335 1602.59 16 9096 637.605 1617.34 21 8136 673.019 1585.24 
-11.9984 7.60303 57.233
255 255 255
3 14 10361 951.077 1602.81 16 9058 1077.24 1579.38 21 8131 959.455 1578.98 
-11.8878 7.62651 56.9369
255 255 255
3 14 10365 979.836 1607.48 16 9060 1105.33 1583.11 21 8135 987.393 1583.08 
-11.9609 7.67782 57.1019
255 255 255
3 14 10369 962.842 1611.29 16 9064 1088.89 1587.3 21 8139 970.995 1586.51 
-9.29909 8.02175 53.8264
255 255 255
3 14 10384 1307.89 1630.56 16 9077 1405.01 1598.54 21 8153 1306.77 1602.44 
-11.9946 8.05253 56.8982
255 255 255
3 14 10395 976.278 1649.15 16 9103 1103.24 1625.46 21 8170 984.156 1625.14 
-9.32175 8.34344 53.7974
255 255 255
3 14 10404 1307.23 1660.98 16 9106 1404.31 1627.04 21 8178 1305.77 1630.98 
-12.0882 8.19439 57.009
255 255 255
3 14 10405 962.338 1662.72 16 9119 1090.47 1639.48 21 8184 971.294 1638.04 
-11.9613 8.20977 56.6311
255 255 255
3 14 10413 998.76 1667.68 16 9120 1126.32 1643.19 21 8187 1006.99 1642.32 
-11.424 8.28687 55.9672
255 255 255
2 14 10417 1070.3 1672.43 16 9123 1192.13 1645.36 
2.68042 14.6663 65.0961
255 255 255
3 14 10434 702.37 1691.27 16 9175 641.818 1708.14 21 8212 676.811 1672.71 
-11.5645 8.44008 55.9714
255 255 255
2 14 10436 1064.82 1689.97 16 9139 1188.61 1662.92 
-7.03114 9.06793 51.9363
255 255 255
2 14 10437 1501.79 1694.64 16 9137 1570.93 1657.68 
-8.55205 8.96485 53.0477
255 255 255
3 14 10446 1380.74 1706.65 16 9146 1468.97 1672.4 21 8217 1378.15 1677.06 
-8.95543 9.10572 53.2115
255 255 255
3 14 10460 1357.76 1727.23 16 9162 1450.91 1692.37 21 8236 1355.89 1697.34 
-12.3792 8.94736 57.3658
255 255 255
2 14 10461 916.046 1732.37 16 9178 1046.5 1710.96 
-12.3414 9.00768 57.1589
255 255 255
2 14 10469 934.579 1740.71 16 9183 1065.26 1718.52 
-9.53392 9.32765 53.6147
255 255 255
3 14 10476 1309.17 1755.04 16 9189 1409.59 1721.73 21 8255 1309.09 1725.89 
-12.4384 9.63872 57.479
255 255 255
2 14 10493 897.991 1794.65 16 9215 1028.43 1774.22 
-12.503 10.0156 57.3544
255 255 255
2 14 10511 903.334 1832.77 16 9233 1035.08 1812.81 
-11.663 9.91461 55.3475
255 255 255
3 14 10514 1102.75 1837.47 16 9230 1229.47 1808.93 21 8287 1110.77 1808.63 
-11.866 10.0618 55.44
255 255 255
3 14 10523 1088.19 1854.82 16 9241 1217.38 1826.84 21 8298 1096.47 1826.58 
-7.79778 10.9162 51.9305
255 255 255
2 14 10536 1472.07 1872.44 16 9246 1551.31 1834.78 
-11.7488 10.2923 55.343
255 255 255
2 14 10537 1097.47 1873.7 16 9258 1225.27 1846.04 
-12.1167 10.2868 55.7237
255 255 255
3 14 10543 1054.09 1877.46 16 9265 1186.26 1850.74 21 8316 1064.09 1848.99 
-9.05457 10.649 52.3949
255 255 255
2 14 10544 1411.71 1878.74 16 9249 1507.28 1840.66 
-12.2464 10.3199 55.8873
255 255 255
3 14 10546 1036.1 1881.05 16 9269 1169.46 1855.25 21 8324 1046.03 1853.21 
2.46633 17.4168 64.0405
255 255 255
3 14 10571 745.505 1896.78 16 9336 689.049 1915.94 21 8361 721.748 1877.06 
-12.207 10.4482 55.6325
255 255 255
2 14 10573 1058.5 1896.77 16 9282 1191.94 1869.34 
-7.88151 11.1675 51.9109
255 255 255
3 14 10575 1468.77 1896.88 16 9275 1550 1858.85 21 8342 1466.75 1862.95 
-12.6323 10.5216 56.5803
255 255 255
2 14 10577 962.464 1897.51 16 9295 1098.95 1875.23 
-11.7146 10.5199 55.0732
255 255 255
4 8 10825 656.622 1888.75 9 11114 504.386 1875.3 14 10578 1120.5 1898.16 16 9284 1247.34 1868.8 
-7.67099 11.2664 51.671
255 255 255
3 14 10585 1492.95 1903.06 16 9279 1570.81 1864.25 21 8351 1488.01 1869.36 
-12.2962 10.5364 55.8358
255 255 255
2 14 10588 1037.29 1903.31 16 9298 1171.4 1877.3 
2.60588 17.5762 63.8
255 255 255
3 14 10592 763.466 1907.29 16 9346 706.498 1926.38 21 8379 739.203 1888.67 
-12.6513 10.6909 56.6529
255 255 255
3 14 10608 953.651 1912.18 16 9309 1090.24 1890.2 21 8373 965.573 1884.89 
-12.5916 10.7092 56.4068
255 255 255
2 14 10613 977.133 1916.93 16 9312 1113.5 1893.59 
-12.5003 10.6923 56.2357
255 255 255
2 14 10614 994.928 1915.89 16 9313 1130.59 1891.84 
-12.4294 10.6658 55.9447
255 255 255
2 14 10615 1022.82 1917.16 16 9314 1158.44 1891.51 
-11.6473 10.7192 54.9894
255 255 255
2 14 10616 1127.1 1915.79 16 9304 1254.27 1886.83 
-12.4526 10.722 56.0695
255 255 255
2 14 10618 1010.63 1920.46 16 9317 1146.14 1895.52 
-11.6261 10.7471 54.7936
255 255 255
2 14 10619 1144.54 1920.76 16 9315 1272.13 1892.27 
-12.6932 10.8377 56.7632
255 255 255
3 14 10625 941.525 1924.88 16 9321 1078.04 1902.99 21 8385 953.299 1897.34 
-12.634 10.8092 56.5264
255 255 255
3 14 10626 964.217 1924.95 16 9322 1100.94 1902.59 21 8386 975.951 1897.05 
2.68985 17.9087 63.8204
255 255 255
2 16 9365 703.858 1945.54 21 8396 737.247 1909 
-12.696 10.9808 56.9119
255 255 255
2 14 10633 927.18 1934.68 16 9335 1062.98 1913.97 
-12.6609 10.889 56.4333
255 255 255
2 14 10634 971.088 1934.61 16 9328 1108.36 1912.12 
-12.7425 10.9392 56.6298
255 255 255
2 14 10640 951.038 1938.45 16 9338 1088.56 1915.63 
-11.6764 10.9358 54.862
255 255 255
2 14 10641 1135.48 1938.28 16 9329 1263.45 1909.54 
-7.86794 11.6282 51.5166
255 255 255
3 14 10645 1499.54 1942.54 16 9323 1579.76 1901.62 21 8398 1494.86 1908.9 
-12.6123 11.0752 56.7083
255 255 255
2 14 10646 946.473 1943.76 16 9344 1082.03 1923.96 
2.43033 18.1608 64.1816
255 255 255
2 14 10649 730.968 1946.57 16 9387 673.26 1964.93 
2.54178 18.061 63.5662
255 255 255
3 14 10650 775.301 1947.79 16 9388 718.007 1963.67 21 8409 747.726 1923.61 
-11.8161 11.1033 54.9717
255 255 255
3 14 10658 1120.66 1956.08 16 9347 1250.19 1926.83 21 8412 1129.35 1926.15 
-11.7224 11.1284 54.7945
255 255 255
3 14 10661 1138.27 1958.33 16 9348 1267.13 1929.25 21 8414 1146.92 1928.59 
2.7775 18.2998 63.2754
255 255 255
3 14 10662 796.451 1960.17 16 9411 739.423 1978.08 21 8426 772.165 1940.29 
-12.7333 11.2549 56.8115
255 255 255
3 14 10665 932.202 1962.54 16 9359 1068.81 1941.48 21 8419 944.19 1935.64 
-11.6261 11.1975 54.6362
255 255 255
3 14 10668 1153.97 1965.04 16 9354 1281.76 1934.44 21 8418 1162.39 1934.35 
2.77695 18.3691 63.0072
255 255 255
3 14 10672 813.212 1969.14 16 9420 757.032 1985.79 21 8439 789.31 1948.89 
-11.9727 11.2264 54.9907
255 255 255
3 14 10679 1113.75 1971.7 16 9362 1245.58 1942.98 21 8430 1123.07 1941.61 
-8.26057 11.8842 51.7266
255 255 255
3 14 10682 1471.99 1972.28 16 9353 1557.67 1933.18 21 8423 1469.14 1938.27 
-12.7638 11.4046 56.8161
255 255 255
3 14 10685 929.599 1977.38 16 9378 1066.47 1956.21 21 8440 941.469 1949.39 
-11.6832 11.3449 54.7515
255 255 255
3 14 10689 1141.09 1977.84 16 9367 1269.34 1948.4 21 8434 1149.39 1946.53 
-11.9563 11.3312 54.8649
255 255 255
3 14 10694 1124.36 1983.45 16 9375 1256.23 1953.93 21 8444 1133.49 1952.22 
-12.7325 11.4778 56.6396
255 255 255
3 14 10700 945.093 1986.39 16 9390 1082.41 1965.09 21 8459 957.344 1957.91 
-12.0682 11.3842 55.028
255 255 255
3 14 10704 1106.17 1988.31 16 9382 1239.43 1959.58 21 8460 1116.59 1958.25 
-11.58 11.4265 54.4089
255 255 255
3 14 10705 1173.34 1988.32 16 9379 1300.75 1957.22 21 8454 1180.81 1957.18 
-12.84 11.5719 56.8293
255 255 255
2 14 10711 924.631 1994.52 16 9404 1062.49 1973.89 
-6.99581 16.4979 68.1505
255 255 255
3 14 10717 193.864 2000.47 16 9482 198.173 2037.71 21 8509 185.395 1988.41 
-11.6345 11.5741 54.5595
255 255 255
2 14 10719 1157.11 2000.2 16 9398 1285 1970.13 
-12.1119 11.545 54.8821
255 255 255
3 14 10731 1117.08 2006.76 16 9413 1250.92 1978.08 21 8491 1126.16 1976.78 
-11.5747 11.6172 54.3223
255 255 255
2 14 10732 1179.13 2006.75 16 9410 1306.76 1975.64 
-9.2411 12.0703 52.2968
255 255 255
2 16 9400 1501.19 1970.93 21 8489 1402.98 1975.02 
-8.78339 12.1844 52.0409
255 255 255
3 14 10739 1432.58 2008.83 16 9401 1524.95 1970.39 21 8490 1431.48 1974.57 
-7.04893 16.6334 67.9039
255 255 255
3 14 10751 207.74 2017.97 16 9496 214.122 2052.7 21 8528 200.717 2004.03 
-12.2257 11.6844 55.1528
255 255 255
2 14 10756 1088.47 2017.52 16 9426 1223.41 1990.73 
-12.177 11.6787 54.9852
255 255 255
2 14 10757 1104.69 2018.99 16 9427 1239.36 1990.93 
-8.51689 12.3865 51.9521
255 255 255
3 14 10758 1443.1 2018.93 16 9416 1532.09 1980.98 21 8506 1441.5 1984.75 
-9.73299 12.1004 52.5783
255 255 255
3 14 10760 1368.59 2022.02 16 9418 1473.22 1985.23 21 8512 1370.03 1988.7 
-9.19979 12.1808 52.0236
255 255 255
3 14 10761 1426.74 2022.26 16 9417 1524.44 1982.86 21 8513 1425.9 1988.14 
-12.2865 11.7858 55.0116
255 255 255
3 8 10987 619.141 2018.56 14 10773 1098.86 2031.7 16 9441 1234.25 2003.28 
-8.22544 16.6027 68.5546
255 255 255
3 14 10777 118.685 2035.99 16 9516 131.728 2074.31 21 8553 114.241 2023.37 
-8.57776 12.5065 51.7198
255 255 255
3 14 10780 1461.65 2035.37 16 9436 1551.06 1996.23 21 8525 1458.3 2000.78 
-9.04556 12.463 51.9406
255 255 255
3 14 10787 1433.78 2043.21 16 9445 1529.71 2003.72 21 8539 1433.29 2008.28 
-8.62824 12.7123 51.634
255 255 255
3 14 10805 1465.61 2056.43 16 9456 1556.2 2016.64 21 8552 1463.68 2020.83 
-12.9251 12.2093 56.3587
255 255 255
2 14 10814 957.574 2064.8 16 9485 1098.11 2042.22 
-9.32263 12.6286 51.9672
255 255 255
3 14 10816 1424.17 2065.24 16 9467 1524.43 2027.4 21 8565 1425.49 2030.83 
-8.84133 12.7736 51.7413
255 255 255
3 14 10821 1451.73 2066.68 16 9468 1545.2 2027.09 21 8566 1450.82 2031.15 
-12.3562 12.1673 54.8554
255 255 255
5 8 11063 623.777 2058 9 11302 465.714 2041.43 14 10827 1107.12 2072.06 16 9487 1243.72 2043.85 21 8575 1118.05 2041.75 
-12.2419 12.2154 54.6896
255 255 255
2 14 10833 1124.11 2075.56 16 9489 1260.35 2046.16 
-12.8936 12.3384 56.1573
255 255 255
2 14 10835 974.989 2078.98 16 9498 1115.91 2056.69 
-9.39206 12.768 52.0884
255 255 255
3 14 10837 1411.37 2077.56 16 9484 1512.04 2039.71 21 8577 1412.09 2042.92 
-12.8493 12.4509 55.7911
255 255 255
2 14 10853 1007.65 2095.38 16 9509 1149.16 2071.04 
-12.5547 12.4611 55.0982
255 255 255
3 14 10861 1076.63 2100.29 16 9514 1216.6 2072.99 21 8600 1089.34 2068.77 
-12.3773 12.5197 54.8706
255 255 255
3 14 10864 1101.56 2104.1 16 9523 1239.14 2075.75 21 8604 1112.38 2071.99 
-12.3002 12.51 54.7022
255 255 255
3 8 11111 636.454 2090.79 14 10865 1118.75 2104.46 16 9518 1255.55 2075.37 
-12.6359 12.613 55.0687
255 255 255
3 14 10876 1075.87 2117.48 16 9539 1216.92 2090.25 21 8621 1088.33 2085.48 
-12.4523 12.6959 54.9197
255 255 255
3 14 10883 1093.34 2121.96 16 9542 1231.91 2093.48 21 8624 1104.9 2088.98 
-12.1417 12.7861 54.2456
255 255 255
3 14 10892 1160.23 2132.04 16 9553 1296.38 2101.54 21 8632 1171.18 2099.33 
-13.1905 13.0699 56.1618
255 255 255
2 14 10919 959.01 2154.8 16 9590 1104.02 2134.29 
-9.86232 13.5529 52.2824
255 255 255
3 14 10925 1377.53 2158.37 16 9573 1484.3 2120.13 21 8658 1380.16 2121.92 
-12.4967 13.6422 54.3845
255 255 255
2 14 10970 1130.87 2218.69 16 9623 1271.18 2189.01 
-10.5836 14.0621 52.618
255 255 255
2 14 10972 1328.22 2220.76 16 9617 1444.64 2184.97 
-10.3969 14.1062 52.4074
255 255 255
3 14 10974 1350.52 2222.83 16 9618 1464.3 2184.79 21 8703 1354.4 2185.91 
-10.1503 14.1681 52.0755
255 255 255
3 14 10976 1383.75 2224.78 16 9620 1494.91 2186.63 21 8705 1387.54 2189.06 
-10.588 14.2497 52.4247
255 255 255
2 14 10985 1343.34 2241.3 16 9631 1460.05 2204.13 
-10.849 14.3369 52.763
255 255 255
3 14 10995 1307.2 2251.87 16 9639 1426.83 2215.75 21 8718 1312.93 2216.13 
-12.624 14.0511 54.3976
255 255 255
3 14 10997 1122.27 2259.46 16 9647 1264.44 2230.88 21 8721 1134.67 2225.63 
-12.2346 14.1158 53.9157
255 255 255
3 14 10999 1174.03 2260.68 16 9645 1311.96 2228.76 21 8722 1186.44 2227.02 
-11.9097 14.194 53.6332
255 255 255
2 14 11000 1207.09 2261.58 16 9646 1340.39 2228.43 
-12.665 14.1151 54.5551
255 255 255
2 14 11002 1106.58 2263.23 16 9654 1248.75 2235.54 
-11.9135 14.2982 53.6329
255 255 255
3 14 11007 1205.73 2270.69 16 9656 1339.34 2238.38 21 8727 1215.95 2235.36 
-12.2502 14.3837 53.7981
255 255 255
3 14 11020 1182.18 2287.86 16 9665 1320.14 2255.84 21 8736 1193.12 2252.31 
-11.184 14.6284 52.7566
255 255 255
3 14 11021 1297.62 2289.65 16 9664 1422 2253.64 21 8737 1304.38 2254.11 
-11.2631 14.6704 52.9252
255 255 255
3 14 11024 1280.12 2293 16 9666 1405.58 2257.87 21 8739 1287.99 2257.21 
-13.3392 14.5745 55.4873
255 255 255
3 14 11031 1000.24 2310.16 16 9685 1149.18 2287.67 21 8752 1015.47 2277.7 
-13.0868 14.5916 55.0987
255 255 255
2 14 11032 1042.01 2310.26 16 9682 1188.43 2285.8 
-11.3623 14.8567 52.8641
255 255 255
4 4 21582 840.817 2567.38 14 11035 1282.01 2315.1 16 9677 1407.86 2278.73 21 8751 1289.78 2276.97 
-13.4061 14.7295 55.5493
255 255 255
3 14 11039 991.592 2325 16 9693 1141 2303.42 21 8757 1006.4 2292.91 
-13.1883 14.8349 55.324
255 255 255
2 14 11040 1016.69 2330.93 16 9695 1163.68 2308.09 
-13.3724 14.8392 55.4176
255 255 255
3 14 11047 1003.23 2336.52 16 9700 1152.57 2314.15 21 8763 1018.06 2303.9 
-10.8139 15.3878 52.3083
255 255 255
4 6 2333 1353.29 2357.57 14 11056 1337.73 2351.09 16 9699 1457.47 2313 21 8767 1343.82 2313.11 
-12.0689 15.6218 53.2268
255 255 255
3 14 11077 1225.49 2401.76 16 9712 1361.56 2368.04 21 8776 1235.81 2364.5 
-12.2134 15.8762 53.2371
255 255 255
3 14 11096 1217.93 2429.98 16 9725 1356.57 2396.56 21 8785 1230.24 2391.44 
-12.5255 15.879 53.7313
255 255 255
2 14 11098 1166.47 2431.52 16 9728 1308.09 2401.37 
-12.5311 15.9378 53.4607
255 255 255
2 14 11102 1190.04 2442.79 16 9732 1332.49 2411.21 
-13.436 15.9751 55.0095
255 255 255
2 14 11108 1026.83 2449.09 16 9740 1178.01 2426.24 
-13.1127 15.9482 54.1488
255 255 255
3 14 11112 1113.89 2452.84 16 9739 1262.62 2424.62 21 8795 1126.94 2416.79 
-13.4347 16.0016 54.8311
255 255 255
3 14 11113 1042.75 2455.61 16 9742 1194.49 2431.78 21 8797 1058.13 2420.4 
-13.3472 16.092 54.6029
255 255 255
2 14 11116 1064.68 2464.98 16 9748 1215.88 2439.82 
-12.6115 16.2548 53.6963
255 255 255
2 14 11119 1163.8 2469.58 16 9746 1306.41 2438.16 
-13.4781 16.2048 54.6889
255 255 255
3 14 11122 1052.64 2478.66 16 9751 1205.23 2454.38 21 8804 1067.59 2442.91 
-12.5804 16.4426 53.4219
255 255 255
2 14 11129 1187.24 2489.89 16 9756 1330.33 2458.94 
-13.4674 16.4078 54.7163
255 255 255
2 14 11131 1048.08 2495.45 16 9764 1200.5 2471.36 
-12.6391 16.5063 53.6269
255 255 255
2 14 11132 1166.78 2493.89 16 9759 1310 2463.23 
-13.4683 16.5622 54.8359
255 255 255
2 14 11138 1035.78 2506.41 16 9769 1187.67 2483.28 
-13.4747 16.64 54.6749
255 255 255
3 14 11142 1049.25 2517.04 16 9773 1201.87 2493.46 21 8816 1065.39 2481.68 
-12.7637 17.0978 53.7442
255 255 255
3 14 11153 1147.63 2547.97 16 9788 1291.8 2519.35 21 8823 1160.24 2510.8 
-12.2234 17.3004 53.0296
255 255 255
3 14 11160 1221.16 2558.87 16 9791 1360.41 2525.99 21 8826 1235.79 2519.32 
-10.8967 17.7252 51.943
255 255 255
2 14 11163 1344.56 2562.36 16 9790 1465.47 2524.2 
-12.1972 17.4282 53.2328
255 255 255
3 14 11164 1203.27 2564.4 16 9796 1340.75 2532.44 21 8829 1215.87 2525.38 
-12.1105 17.4843 52.9519
255 255 255
3 14 11167 1229.2 2571.14 16 9797 1366.72 2538.8 21 8831 1242.86 2532.21 
-10.8594 17.8845 51.8082
255 255 255
2 14 11171 1355.65 2577.28 16 9798 1476.2 2538.38 
-12.2183 17.5558 53.1272
255 255 255
2 14 11172 1211.31 2578.43 16 9801 1349.07 2546.45 
-11.2803 17.8386 52.1961
255 255 255
2 14 11174 1312.78 2582.78 16 9803 1438.77 2546.22 
-11.3553 17.9248 52.4718
255 255 255
3 14 11179 1285.99 2587.82 16 9806 1412.21 2551.93 21 8837 1294.58 2547.48 
-10.9443 18.0075 51.9302
255 255 255
2 14 11180 1341.79 2588.32 16 9805 1463.43 2551.06 
-10.8012 18.0544 51.7289
255 255 255
3 14 11182 1361.89 2590.47 16 9807 1481.97 2552.17 21 8839 1369.23 2549.55 
-10.4616 18.2042 51.6064
255 255 255
2 14 11184 1378.39 2591.89 16 9808 1493.45 2552.2 
-11.0007 18.1609 51.9921
255 255 255
3 14 11188 1333.22 2602.57 16 9813 1455.71 2565.34 21 8841 1341.72 2561.91 
-10.487 18.5783 51.6261
255 255 255
3 14 11197 1371.8 2624.07 16 9824 1487.42 2584.37 21 8846 1379.1 2582.58 
-3.82336 -7.05589 67.0666
255 255 255
3 14 11244 560.275 182.146 16 9862 560.193 170.471 21 8885 540.501 174.327 
-3.9587 -7.11406 65.5814
255 255 255
3 14 11254 659.972 188.846 16 9873 666.541 178.007 21 8894 639.315 180.816 
-0.479308 -6.65983 61.8226
255 255 255
2 14 11290 1002.17 255.173 16 9904 986.773 244.864 
-8.42482 -5.66903 66.4593
255 255 255
2 14 11301 447.348 293.313 16 9909 495.04 276.506 
-8.49021 -5.49437 66.2588
255 255 255
2 14 11307 458.413 309.683 16 9912 507.579 292.118 
-9.11958 -5.05247 67.0097
255 255 255
3 14 11318 377.515 339.763 16 9925 429.238 321.258 21 8944 370.474 331.402 
-8.30794 -4.69237 68.8336
255 255 255
3 14 11320 271.351 349.382 16 9931 304.043 335.23 21 8946 260.239 342.427 
-8.97065 -4.9515 66.6468
255 255 255
3 14 11322 408.564 350.691 16 9930 460.633 333.409 21 8947 401.316 342.492 
-8.93341 -4.71966 67.6479
255 255 255
3 14 11331 334.238 360.176 16 9938 380.297 343.02 21 8956 326.634 352.223 
-7.70249 -4.19966 70.0566
255 255 255
3 14 11345 202.444 376.003 16 9959 221.882 363.708 21 8972 189.87 368.655 
-9.36326 -4.66451 65.4634
255 255 255
2 14 11352 480.936 386.633 16 9963 543.089 367.942 
-8.11935 -4.04321 69.3695
255 255 255
3 14 11360 234.443 396.294 16 9976 261.536 382.707 21 8987 222.638 387.594 
-8.15549 -3.92413 69.6329
255 255 255
3 14 11366 213.165 402.399 16 9985 239.276 390.566 21 8992 201.863 394.942 
-8.20956 -3.612 69.5334
255 255 255
3 14 11386 215.577 428.804 16 10005 242.299 416.071 21 9013 204.411 420.678 
-9.74785 -3.9267 64.3926
255 255 255
3 14 11415 542.698 459.51 16 10025 614.304 441.614 21 9042 538.754 449.735 
-9.70875 -3.8486 63.8597
255 255 255
3 14 11430 584.331 471.634 16 10033 657.795 452.601 21 9053 580.503 461.87 
-9.79135 -3.63976 64.033
255 255 255
3 14 11440 566.36 486.936 16 10046 640.058 469.892 21 9065 562.626 477.604 
-9.81275 -3.60502 63.7198
255 255 255
2 14 11445 589.556 494.103 16 10049 664.764 474.909 
-6.51226 -3.79173 59.6502
255 255 255
2 14 11458 998.911 506.232 16 10055 1050.33 489.196 
-9.84588 -3.33953 64.0854
255 255 255
2 14 11461 557.764 512.039 16 10064 631.636 494.647 
-9.73331 -3.33919 63.8721
255 255 255
3 14 11463 578.029 514.539 16 10060 651.253 495.021 21 9085 574.469 504.975 
-6.43328 -3.65397 59.6594
255 255 255
2 14 11467 998.943 516.667 16 10067 1049.48 500.375 
-7.6234 -3.59101 59.904
255 255 255
2 14 11474 949.835 525.884 16 10072 1013.32 506.113 
-9.81065 -3.14424 63.8778
255 255 255
3 14 11480 573.166 530.413 16 10074 647.301 512.037 21 9106 570.133 522.193 
-8.67352 -3.15498 60.6007
255 255 255
2 14 11496 863.425 560.198 16 10090 937.229 539.675 
-8.83334 -2.34359 59.7964
255 255 255
2 14 11515 915.724 638.307 16 10109 993.986 617.77 
-10.1556 -1.52211 63.3637
255 255 255
2 14 11526 587.26 676.78 16 10119 666.918 658.289 
-5.24948 0.35342 54.7461
255 255 255
2 14 11563 1376.49 891.072 16 10162 1421.24 867.964 
-10.0732 1.18431 58.1992
255 255 255
3 14 11585 981.536 975.883 16 10186 1079.57 952.155 21 9181 981.015 958.346 
-10.6395 1.76935 60.7596
255 255 255
2 14 11591 749.356 998.984 16 10193 845.316 980.582 
-10.1593 1.89575 58.1357
255 255 255
3 14 11596 977.824 1039.87 16 10208 1077.35 1017.59 21 9189 978.33 1022.42 
-4.42431 3.03274 53.3382
255 255 255
3 14 11612 1482.21 1116.32 16 10229 1517.84 1092.14 21 9199 1464.15 1095.68 
-10.041 2.86155 57.1399
255 255 255
2 14 11621 1055.52 1138.26 16 10240 1156.07 1113.06 
-4.63234 3.28836 53.2406
255 255 255
3 14 11625 1484.27 1141.8 16 10243 1522.58 1116.63 21 9206 1467.47 1120.77 
-9.98123 2.89834 56.888
255 255 255
3 14 11626 1078.75 1144.34 16 10245 1178.54 1118.56 21 9210 1077.07 1124.1 
-10.1141 3.23134 56.9657
255 255 255
2 14 11638 1064.97 1174.65 16 10263 1166.96 1149.37 
-5.58008 3.55841 53.6555
255 255 255
3 14 11639 1431.65 1175.42 16 10262 1481.5 1146.56 21 9219 1420.06 1151.54 
-11.2736 3.4959 58.6853
255 255 255
3 14 11650 886.245 1192.33 16 10277 998.253 1170.07 21 9230 890.462 1173.69 
-7.98296 3.7815 54.6948
255 255 255
3 14 11661 1299.37 1219 16 10284 1377.87 1191.17 21 9239 1293.58 1196.99 
-8.24777 3.87983 54.9389
255 255 255
3 14 11667 1272.74 1229.15 16 10290 1354.06 1200.24 21 9245 1267.69 1206.9 
-11.2359 4.00226 58.4627
255 255 255
3 14 11672 900.38 1239.95 16 10299 1013.26 1217.82 21 9249 907.07 1221.96 
-8.49262 3.99119 55.068
255 255 255
3 14 11673 1255.62 1240.18 16 10298 1340.29 1213.81 21 9247 1251.43 1218.69 
-11.244 4.05749 58.2349
255 255 255
3 14 11676 919.403 1248.67 16 10303 1032.91 1226.4 21 9250 924.917 1229.85 
-11.1472 4.18048 58.2635
255 255 255
3 14 11682 919.351 1258.09 16 10306 1030.7 1234.86 21 9256 923.007 1238.42 
-11.1697 4.159 57.844
255 255 255
2 14 11686 954.09 1262.48 16 10311 1067.69 1239.73 
-8.93321 4.19252 55.3415
255 255 255
3 14 11688 1221.23 1262.64 16 10307 1311.03 1234.44 21 9258 1218.71 1240.31 
-11.3021 4.24181 58.0987
255 255 255
3 14 11690 928.713 1268.68 16 10314 1042.68 1246.34 21 9262 931.882 1248.73 
-10.9915 4.27263 57.5482
255 255 255
2 14 11697 983.106 1274.21 16 10319 1095.13 1250.39 
-11.4193 4.48579 58.4981
255 255 255
3 14 11704 888.368 1287.09 16 10333 1002.82 1264.09 21 9279 894.153 1267.42 
-11.1694 4.4622 57.7423
255 255 255
3 14 11709 960.248 1291.14 16 10337 1073.86 1268.46 21 9280 964.05 1271.61 
-11.2401 4.6357 57.985
255 255 255
3 14 11726 936.027 1305.41 16 10345 1049.57 1281.47 21 9293 940.303 1284.42 
-11.5395 4.80381 58.5185
255 255 255
3 14 11744 880.163 1316.64 16 10367 996.331 1296.27 21 9313 886.27 1297.57 
-11.4527 4.79536 58.2349
255 255 255
3 14 11750 906.807 1319.62 16 10368 1022.75 1297.02 21 9314 912.794 1299.1 
-11.4907 4.82267 58.3153
255 255 255
3 14 11754 898.682 1321.23 16 10371 1014.86 1299.5 21 9317 904.608 1301.04 
-10.0714 4.85982 56.133
255 255 255
4 8 12076 712.459 1326.29 14 11772 1120.49 1330.37 16 10382 1226.91 1304.1 21 9330 1122.1 1308.34 
-10.3724 4.91843 56.2524
255 255 255
3 14 11781 1103.87 1340.15 16 10393 1210.92 1313.99 21 9343 1105.46 1318.14 
-9.98404 4.92047 55.7953
255 255 255
2 14 11783 1152.12 1340.12 16 10391 1255.05 1312.33 
-11.4947 5.10263 58.1463
255 255 255
3 14 11794 910.416 1349.68 16 10407 1027 1326.69 21 9358 916.356 1328.86 
-10.1077 5.13276 55.9975
255 255 255
3 14 11805 1130.64 1358.35 16 10415 1234.2 1330.85 21 9369 1130.45 1335.43 
-11.6068 5.51082 58.0558
255 255 255
3 14 11828 911.124 1389.65 16 10449 1029.55 1367.89 21 9407 917.439 1369.17 
-11.8317 6.03126 58.2747
255 255 255
3 14 11864 881.174 1438.45 16 10487 1001.51 1416.71 21 9442 888.124 1417.03 
-11.8229 6.14039 58.5734
255 255 255
3 14 11869 854.58 1443.5 16 10492 973.985 1423.29 21 9446 862.254 1420.36 
-10.7306 6.09302 56.1992
255 255 255
3 14 11877 1088.36 1455.07 16 10495 1200.33 1426.75 21 9448 1092.23 1429.87 
-11.4188 6.66767 56.7835
255 255 255
3 14 11901 1014.8 1511.46 16 10520 1134.62 1486.77 21 9470 1020.81 1488.27 
-11.3436 6.90297 56.5213
255 255 255
3 14 11912 1037.08 1534.85 16 10531 1156.77 1510.22 21 9484 1043.3 1512.16 
-11.0804 7.06722 56.3315
255 255 255
3 14 11917 1059.22 1547.53 16 10536 1175.34 1521.15 21 9489 1063.9 1522.89 
-11.6023 7.19852 56.9002
255 255 255
3 14 11929 994.721 1561.96 16 10546 1116.64 1537.96 21 9500 1001.6 1537.95 
-11.6236 7.28068 56.703
255 255 255
2 14 11940 1010.51 1573.29 16 10554 1133.28 1548.56 
-12.1965 8.26568 58.0101
255 255 255
2 14 12004 872.139 1653.64 16 10615 997.706 1633.99 
-12.0857 8.17877 56.9985
255 255 255
3 14 12011 963.405 1661.3 16 10621 1091.62 1638.25 21 9570 972.483 1636.77 
-12.1324 8.44604 57.7837
255 255 255
3 14 12023 891.665 1672.93 16 10626 1017.18 1651.6 21 9580 900.923 1648.74 
-11.6386 8.60227 56.015
255 255 255
3 14 12042 1057.82 1704.95 16 10644 1182.33 1679.22 21 9604 1064.39 1680.22 
-12.3309 8.74523 57.2157
255 255 255
3 14 12050 932.012 1716.08 16 10657 1062.74 1693.28 21 9608 942.462 1690.21 
2.7199 15.0211 64.8218
255 255 255
2 14 12054 718.67 1717.89 16 10687 658.378 1735.05 
-9.24796 8.98271 53.4259
255 255 255
3 14 12055 1334.57 1720.07 16 10654 1431.62 1687.57 21 9610 1333.34 1690.47 
-8.97138 9.12466 53.2388
255 255 255
3 14 12064 1354.64 1728.88 16 10659 1448.14 1693.87 21 9616 1353.49 1699.11 
-12.3693 9.00634 57.115
255 255 255
2 14 12076 937.583 1741.99 16 10679 1068.9 1720.04 
-9.57671 9.35157 53.6477
255 255 255
3 14 12088 1305.25 1757.74 16 10681 1406.15 1724.49 21 9637 1305.19 1728.64 
-9.26665 9.5943 53.1689
255 255 255
3 14 12097 1350.25 1778.88 16 10692 1448.07 1744.41 21 9646 1350.24 1748.41 
-11.8687 9.33887 55.8302
255 255 255
2 14 12100 1060.65 1782.24 16 10698 1189 1755.33 
-9.78025 9.75699 53.4557
255 255 255
3 14 12111 1313.85 1803.08 16 10703 1417.72 1767.94 21 9660 1314.42 1772.67 
-11.8757 9.79469 55.6554
255 255 255
3 14 12123 1070.97 1825.97 16 10722 1200.19 1799.64 21 9679 1080.47 1800.09 
2.72886 16.548 64.2579
255 255 255
2 14 12126 744.593 1830.43 16 10752 684.984 1845.63 
-12.0225 10.1369 55.6117
255 255 255
3 14 12147 1068.08 1862.96 16 10743 1199.14 1835.84 21 9708 1077.29 1835.03 
2.60727 16.9899 64.1329
255 255 255
2 14 12149 746.446 1863.43 16 10799 688.351 1881.73 
-12.5994 10.3485 57.1575
255 255 255
2 14 12155 914.452 1869.14 16 10760 1048.35 1849.72 
-7.7542 10.9533 51.9874
255 255 255
3 14 12158 1467.47 1873.25 16 10745 1546.23 1836.01 21 9713 1462.88 1840.4 
-11.8095 10.3157 55.3545
255 255 255
3 14 12164 1094.92 1877.77 16 10761 1223.32 1849.55 21 9721 1102.72 1848.83 
-12.2465 10.3061 55.9072
255 255 255
3 14 12168 1034.53 1879.68 16 10768 1167.79 1853.73 21 9724 1044.33 1851.29 
2.58002 17.3635 64.0472
255 255 255
3 14 12180 748.547 1890.12 16 10821 690.809 1908.58 21 9750 723.934 1872.03 
-8.22237 11.1295 52.0865
255 255 255
3 14 12192 1448.07 1900.68 16 10775 1533.63 1862.95 21 9744 1447.01 1866.92 
-12.2828 10.5377 55.8762
255 255 255
2 14 12195 1034.09 1902.33 16 10790 1167.83 1876.27 
2.6497 17.5913 63.7913
255 255 255
2 16 10838 707.689 1926.03 21 9770 740.23 1888.13 
-9.33383 10.9483 52.7797
255 255 255
2 14 12199 1370.05 1905.91 16 10784 1469.01 1869.76 
-7.67085 11.3067 51.6843
255 255 255
3 14 12201 1491.44 1906.14 16 10781 1569.33 1867.72 21 9752 1486.48 1872.38 
-12.7108 10.753 57.228
255 255 255
2 14 12203 901.267 1908.39 16 10801 1036.09 1888.5 
-12.4092 10.695 56.3278
255 255 255
2 14 12210 989.337 1911.39 16 10803 1123.33 1887.89 
-8.10398 11.3098 51.9755
255 255 255
3 14 12215 1459.23 1914.29 16 10793 1542.37 1876.36 21 9761 1455.08 1880.73 
-12.4097 10.7128 56.0164
255 255 255
2 14 12221 1016.56 1919.17 16 10809 1151.67 1894.3 
-6.04088 15.7955 68.2648
255 255 255
2 14 12224 224.742 1920.9 16 10864 220.681 1954.9 
-9.56967 11.1543 52.7759
255 255 255
3 14 12234 1363.97 1931.1 16 10810 1465.94 1894.59 21 9780 1364.17 1898.7 
-12.6333 10.9 56.4402
255 255 255
2 14 12239 971.186 1934.85 16 10828 1107.94 1911.87 
-11.7271 10.9129 54.8496
255 255 255
2 14 12242 1135.54 1938.19 16 10822 1264.27 1909.14 
-8.05024 11.5893 51.7242
255 255 255
3 14 12246 1478.72 1940.32 16 10818 1561.62 1901.95 21 9785 1475.11 1907.41 
-12.7156 10.9968 56.6587
255 255 255
2 14 12250 948.695 1941.95 16 10835 1085.75 1919.89 
2.4636 18.1788 64.1869
255 255 255
2 14 12256 731.322 1946.94 16 10875 673.317 1965.26 
2.56244 18.0422 63.6292
255 255 255
3 14 12257 771.904 1945.38 16 10872 714.211 1961.14 21 9795 744.158 1920.61 
-9.28617 11.5 52.4837
255 255 255
3 14 12262 1391.42 1957.19 16 10837 1490.09 1920.59 21 9800 1391.29 1924.81 
2.78015 18.2672 63.2564
255 255 255
3 14 12263 797.995 1958.22 16 10897 740.996 1975.95 21 9811 773.662 1938.37 
-11.5019 11.2455 54.678
255 255 255
3 14 12268 1153.28 1964.53 16 10848 1278.78 1933.99 21 9806 1160.47 1934.06 
-5.97556 16.2578 67.7317
255 255 255
3 14 12269 260.523 1965.57 16 10914 258.324 1995.07 21 9820 250.816 1949.03 
-11.9733 11.2319 54.9969
255 255 255
2 14 12275 1113.25 1972.24 16 10857 1244.95 1943.23 
-12.0746 11.2856 54.7893
255 255 255
2 14 12287 1128.64 1985.21 16 10867 1262.23 1953.79 
-11.5463 11.4035 54.3927
255 255 255
3 14 12293 1175.33 1985.66 16 10868 1302.64 1954.22 21 9827 1183.78 1954.24 
-11.1738 11.511 53.9148
255 255 255
3 14 12301 1225.01 1992.27 16 10870 1348.29 1959.08 21 9836 1232.97 1960.37 
-9.71714 12.0919 52.3633
255 255 255
3 14 12349 1387.42 2024.73 16 10907 1492.45 1987.29 21 9875 1389.43 1990.99 
-8.63458 12.4557 51.7567
255 255 255
3 14 12352 1457.91 2031.12 16 10915 1548.41 1994.86 21 9881 1454.51 1997.04 
-12.145 11.8426 54.7957
255 255 255
2 14 12357 1120.73 2036.29 16 10929 1255.47 2007.81 
-12.4745 11.9786 55.2229
255 255 255
3 14 12372 1071.76 2052.65 16 10934 1210.76 2024.36 21 9898 1085.37 2019.62 
-12.1776 12.162 54.6809
255 255 255
3 14 12387 1127.21 2068.75 16 10957 1262.43 2039.38 21 9912 1136.88 2037.17 
-9.51787 12.6392 52.2692
255 255 255
3 14 12388 1394.6 2068.02 16 10944 1496.54 2029.49 21 9907 1395.44 2032.72 
-11.1468 12.4611 53.8286
255 255 255
4 6 2951 1240.07 2077.56 14 12397 1224.62 2077.26 16 10961 1347.1 2045.03 21 9919 1230.95 2042.9 
-12.4802 12.3119 54.9993
255 255 255
3 8 12745 606.074 2070.23 14 12404 1089.85 2086.9 16 10971 1227.8 2057.56 
-12.3754 12.5256 54.8835
255 255 255
3 14 12417 1100.36 2104.25 16 10984 1237.89 2075.94 21 9941 1111.29 2072.33 
-9.72507 13.1483 52.3573
255 255 255
3 14 12426 1377.91 2116.63 16 10985 1482.6 2079.54 21 9949 1379.48 2081.84 
-13.008 12.7648 56.287
255 255 255
2 14 12429 956.087 2118.02 16 10997 1098.11 2098.11 
-12.4627 12.7279 54.9543
255 255 255
2 14 12434 1089.89 2124.31 16 10995 1228.24 2095.66 
-9.61953 13.2321 52.0937
255 255 255
3 14 12435 1401.52 2124.05 16 10989 1505.62 2087.01 21 9957 1404.13 2091.34 
-12.4285 12.8047 54.7491
255 255 255
2 14 12442 1108.27 2133.84 16 11003 1246.82 2104.99 
-12.0816 12.8133 54.2095
255 255 255
2 14 12443 1165.12 2133.5 16 11001 1300.01 2101.84 
-13.1372 12.9646 56.3323
255 255 255
2 14 12446 946.443 2139.79 16 11015 1090.04 2120.02 
-10.5632 13.6103 52.7664
255 255 255
3 14 12472 1320.43 2178.98 16 11030 1436.25 2143.56 21 9988 1324.31 2140.82 
-10.2745 13.7051 52.381
255 255 255
3 14 12478 1359.34 2184.47 16 11031 1471.3 2144.86 21 9994 1362.79 2148.45 
-10.2836 14.0089 52.2403
255 255 255
3 14 12497 1368.37 2213.83 16 11052 1480.72 2173.55 21 10010 1372.29 2177.56 
-10.1426 14.1982 52.05
255 255 255
6 4 22553 1001.56 2488.7 8 12915 950.241 2265.07 9 13224 780.513 2267.08 14 12506 1385.73 2227.9 16 11060 1497.3 2190 21 10020 1389.57 2192.24 
-12.436 13.7844 54.1805
255 255 255
3 14 12508 1149.1 2233.55 16 11067 1289.23 2203.26 21 10021 1160.82 2198.95 
-12.5523 13.873 54.3643
255 255 255
2 14 12511 1128.97 2241.61 16 11074 1270.11 2212.36 
-10.2389 14.3707 52.1162
255 255 255
4 4 22562 989.601 2504.85 14 12520 1376.11 2245.97 16 11070 1488.85 2206.59 21 10029 1380.73 2208.97 
-9.51109 14.8394 51.4373
255 255 255
3 14 12537 1444.98 2272.64 16 11090 1548.11 2230.76 21 10045 1447.78 2233.56 
-12.3349 14.2488 54.0486
255 255 255
3 14 12540 1159.01 2273.84 16 11100 1297.56 2242.75 21 10048 1170.27 2239.11 
-11.9127 14.3437 53.4488
255 255 255
2 14 12544 1221.93 2278.19 16 11101 1355.84 2245.29 
-13.3809 14.7317 55.5557
255 255 255
2 14 12559 991.579 2324.41 16 11121 1140.62 2302.23 
-13.5008 15.622 55.194
255 255 255
3 14 12590 1011.72 2415.92 16 11151 1163.66 2394.35 21 10081 1027.88 2382.59 
-12.3519 15.7526 53.3869
255 255 255
2 14 12595 1202.97 2421.45 16 11149 1342.81 2388.02 
-10.721 16.388 51.9704
255 255 255
2 14 12602 1359.4 2440.95 16 11155 1477.95 2400.73 
-12.5051 15.9839 53.4254
255 255 255
2 14 12609 1193.4 2446.62 16 11157 1335.51 2414.76 
-13.4061 16.0029 54.799
255 255 255
2 14 12614 1046.3 2455.12 16 11167 1197.76 2430.97 
-13.3435 16.0575 54.6224
255 255 255
2 14 12618 1063.36 2461.32 16 11171 1214.46 2436.25 
-13.2084 16.0872 54.3427
255 255 255
3 14 12621 1090.98 2464.72 16 11173 1241.64 2438.01 21 10096 1107.88 2428.86 
-12.6912 16.2282 53.7484
255 255 255
3 14 12624 1158 2468.52 16 11174 1301.38 2439 21 10098 1169.5 2432.23 
-13.5212 16.2051 54.7617
255 255 255
3 14 12628 1044.4 2478.93 16 11178 1197.7 2454.64 21 10102 1060.66 2443.48 
-13.442 16.2721 54.4461
255 255 255
2 14 12634 1074.5 2488.75 16 11184 1227.51 2462.34 
-13.2298 16.966 54.3498
255 255 255
3 14 12655 1081.64 2542.94 16 11209 1231.53 2517.07 21 10126 1097.69 2506.91 
-12.6872 17.246 53.6219
255 255 255
3 14 12665 1158.65 2560.56 16 11222 1302.21 2531.06 21 10132 1171.95 2522.87 
-12.1168 17.4638 52.8859
255 255 255
2 14 12672 1236.17 2570.96 16 11227 1373.22 2538.4 
-11.0799 17.8183 52.1213
255 255 255
3 14 12674 1323.6 2574.3 16 11224 1446.94 2536.42 21 10139 1332.29 2534.25 
-10.7166 18.0309 51.7257
255 255 255
2 16 11232 1483.06 2546.58 21 10146 1370.95 2543.96 
-11.2928 17.9224 52.5268
255 255 255
2 14 12679 1282.45 2584.01 16 11234 1407.67 2548.1 
-11.7898 17.8089 52.7562
255 255 255
2 14 12683 1251.92 2590.03 16 11242 1384.12 2556.24 
-11.747 17.9287 52.8357
255 255 255
2 14 12688 1244.68 2597.07 16 11246 1375.9 2563.25 
-11.1624 18.1815 52.2016
255 255 255
2 14 12694 1311.4 2606.95 16 11252 1435.51 2570.71 
-11.28 18.1968 52.444
255 255 255
2 14 12697 1287.29 2608.55 16 11253 1412.44 2572.73 
-10.554 18.5466 51.6396
255 255 255
3 14 12705 1369.57 2624.14 16 11260 1486.13 2584.34 21 10172 1377.05 2582.31 
-6.82745 -6.2785 69.3364
255 255 255
3 14 12770 301.794 220.027 16 11318 318.777 205.895 21 10231 287.024 213.348 
-7.92005 -5.70918 68.8032
255 255 255
3 14 12783 296.102 268.832 16 11331 326.062 253.303 21 10238 284.374 262.534 
-9.16267 -5.11686 67.0975
255 255 255
3 14 12789 370.264 333.539 16 11336 421.951 315.381 21 10245 362.86 325.456 
-8.88723 -4.97798 67.8615
255 255 255
3 14 12791 322.853 336.898 16 11340 367.415 320.637 21 10248 314.271 329.004 
-8.90083 -5.01086 66.5723
255 255 255
3 14 12794 417.153 346.391 16 11343 468.685 328.578 21 10250 409.528 338.902 
-8.90077 -4.77299 66.9823
255 255 255
3 14 12799 385.412 362.756 16 11346 433.986 343.459 21 10256 376.503 354.488 
-9.36805 -4.37482 65.2923
255 255 255
3 14 12817 491.223 412.331 16 11369 553.942 393.571 21 10273 485.37 403.321 
-8.10764 -3.6536 69.5365
255 255 255
3 14 12822 219.21 425.175 16 11378 245.098 412.2 21 10281 208.441 417.388 
-9.75319 -3.99903 64.4529
255 255 255
3 14 12836 538.703 452.58 16 11387 610.059 435.216 21 10294 534.318 443.121 
-6.21292 -3.64625 59.3499
255 255 255
3 14 12864 1028.52 519.349 16 11417 1076.91 503.213 21 10323 1015.75 507.309 
-9.81188 -3.26046 63.7516
255 255 255
3 14 12867 584.355 522.856 16 11418 658.895 503.648 21 10326 580.332 512.657 
-10.0182 -2.83902 63.8208
255 255 255
2 14 12877 567.992 557.867 16 11427 644.907 540.752 
-8.15093 -3.22578 59.8138
255 255 255
3 14 12880 940.323 560.16 16 11426 1010.1 539.038 21 10333 933.259 547.02 
-8.72874 -2.84199 60.3541
255 255 255
3 14 12882 878.674 589.13 16 11432 953.972 569.503 21 10337 873.406 576.382 
-2.20277 -0.881792 70.9474
255 255 255
3 14 12883 303.128 594.84 16 11438 267.169 595.326 21 10339 280.004 586.545 
-8.57914 -2.84621 59.9729
255 255 255
3 14 12884 913.238 592.333 16 11434 987.748 572.345 21 10338 906.99 578.83 
-10.1904 -1.22133 63.3423
255 255 255
2 14 12899 584.908 701.831 16 11445 665.207 685.791 
-10.0499 1.16591 58.2137
255 255 255
2 14 12928 980.892 973.812 16 11467 1078.72 949.917 
-11.2471 3.13207 58.6837
255 255 255
2 14 12949 890.415 1159.1 16 11502 1002.31 1136.99 
-7.58515 3.50191 54.6679
255 255 255
3 14 12957 1312.28 1188.8 16 11509 1385.42 1160.44 21 10387 1304.95 1167.23 
-8.46144 3.81424 55.413
255 255 255
2 14 12964 1228.96 1219.98 16 11515 1312.5 1193.12 
-8.1151 3.82966 54.9945
255 255 255
3 14 12965 1271.32 1221.71 16 11516 1350.78 1192.83 21 10393 1265.93 1199.67 
-6.56494 3.96554 53.752
255 255 255
4 6 3213 1399.77 1211.23 14 12967 1404.28 1223.54 16 10286 1465.34 1192.67 21 10394 1393.03 1201.82 
-8.58336 4.05272 55.0564
255 255 255
3 14 12971 1254.1 1247.1 16 11524 1340.06 1221.21 21 10398 1250.15 1225.65 
-11.0942 4.17877 58.2649
255 255 255
3 14 12973 920.759 1257.11 16 11525 1031.29 1233.3 21 10399 924.307 1237.5 
-10.9306 4.13942 57.892
255 255 255
2 14 12974 956.945 1256.37 16 11526 1066.82 1232.14 
-8.95241 4.16258 55.3702
255 255 255
3 14 12976 1217.61 1260.49 16 11527 1308.56 1232.75 21 10401 1217.35 1236.15 
-11.4103 4.28527 58.4266
255 255 255
3 14 12977 896.492 1268.91 16 11531 1011.46 1248.05 21 10403 902.074 1250.22 
-11.0139 4.27702 57.9206
255 255 255
3 14 12979 951.074 1269.46 16 11529 1061.88 1245.74 21 10404 954.625 1249.57 
-11.5478 4.76967 58.6119
255 255 255
3 14 12994 872.795 1312.94 16 11547 988.359 1292.03 21 10420 877.872 1292.6 
-11.4935 4.844 58.2819
255 255 255
3 14 13003 901.766 1324.42 16 11550 1017.8 1302.53 21 10425 906.443 1302.23 
-10.3031 4.86389 56.1488
255 255 255
2 16 11554 1221.2 1308.82 21 10431 1116.53 1313.33 
-11.4232 5.00626 58.0507
255 255 255
2 14 13012 921.637 1341.02 16 11560 1037.52 1317.88 
-3.40487 5.86904 52.0495
255 255 255
4 6 3250 1562.83 1341.58 14 13018 1575.31 1348.08 16 10397 1601.24 1317.19 21 10438 1559.74 1321.95 
-11.5752 5.21895 58.3483
255 255 255
3 14 13024 890.239 1357.96 16 11570 1006.82 1336.05 21 10449 895.568 1338.45 
-9.80185 5.17352 55.7011
255 255 255
3 14 13028 1163.57 1360.62 16 11569 1263.12 1332.51 21 10452 1160.74 1336.78 
-11.485 5.45099 58.8045
255 255 255
3 14 13030 851.205 1368.6 16 11574 965.602 1350.7 21 10456 858.136 1349.37 
-8.96885 5.42961 54.8359
255 255 255
3 14 13036 1252.06 1378.72 16 11575 1343.38 1350.61 21 10459 1249.91 1355.02 
-11.6635 5.68587 58.0305
255 255 255
3 14 13044 909.603 1406.98 16 11581 1029.14 1385.21 21 10466 917.128 1386.72 
-11.8938 5.96975 58.5799
255 255 255
3 14 13056 853.877 1430.01 16 11589 973.883 1408.26 21 10478 860.985 1407.07 
-10.707 5.88768 56.1704
255 255 255
3 14 13060 1093.5 1437.34 16 11588 1204.93 1407 21 10481 1097 1412.03 
-11.6096 7.16027 56.9898
255 255 255
2 14 13084 987.221 1557.05 16 11610 1108.84 1533.12 
-12.0654 7.68368 58.2811
255 255 255
2 14 13092 858.314 1593.38 16 11621 981.025 1572.82 
-11.2054 7.61331 56.1244
255 255 255
3 14 13095 1068.8 1605.14 16 11623 1186.75 1574.49 21 10519 1074.29 1578.17 
-11.8843 7.61583 56.7983
255 255 255
2 14 13097 992 1608.98 16 11626 1117.95 1583.85 
-12.0948 7.99601 57.8933
255 255 255
3 14 13103 887.945 1629.35 16 11633 1012.38 1607.66 21 10524 896.053 1605.72 
-12.2129 8.28753 58.0489
255 255 255
3 14 13111 868.414 1656.32 16 11639 993.464 1633.95 21 10529 876.935 1633.08 
-12.1435 8.51658 57.7133
255 255 255
3 14 13117 896.756 1680.5 16 11646 1022.69 1659.46 21 10533 906.04 1656.89 
-11.522 8.37848 56.0162
255 255 255
3 14 13119 1062.45 1681.79 16 11647 1185.63 1655.48 21 10534 1069.59 1657.06 
-12.2962 8.76979 57.8515
255 255 255
2 14 13125 878.08 1704.65 16 11655 1005.51 1685.35 
-12.3066 8.7095 57.198
255 255 255
2 14 13129 935.008 1712.09 16 11656 1065.14 1689.45 
-11.8923 8.69344 56.2517
255 255 255
2 14 13133 1029.25 1716.84 16 11657 1156.76 1690.62 
-12.2663 9.07277 57.4911
255 255 255
2 14 13139 907.294 1738.07 16 11670 1035.58 1717.58 
-9.4307 9.17192 53.4137
255 255 255
3 14 13141 1329.95 1741.39 16 11302 1429.74 1709.66 21 10555 1329.6 1711.92 
-11.8642 8.99257 55.9761
255 255 255
2 14 13142 1051.27 1748.12 16 11671 1179.2 1721.37 
-9.65005 9.39442 53.7172
255 255 255
5 8 13488 881.994 1774.96 9 13778 726.355 1767.05 14 13146 1297.68 1762.6 16 11672 1398.51 1729.63 21 10560 1297.62 1733.48 
-11.8997 9.82347 55.7261
255 255 255
3 14 13164 1063.92 1827.51 16 11688 1193.16 1801.56 21 10576 1073.43 1802.91 
-12.4711 10.0792 57.3127
255 255 255
2 14 13168 907.356 1838.88 16 11693 1038.63 1817.81 
-7.20854 10.7818 51.8537
255 255 255
3 14 13172 1489.88 1845.22 16 11690 1561.65 1808.37 21 10584 1483.57 1812.66 
-12.934 10.1496 57.7122
255 255 255
2 14 13173 858.044 1851.71 16 11698 994.251 1831.66 
-12.006 10.1682 55.6092
255 255 255
3 14 13177 1068.2 1864.85 16 11700 1199.23 1838.39 21 10594 1077.88 1837.7 
-11.7931 10.4424 55.2202
255 255 255
2 14 13194 1105.69 1890.2 17 17377 680.046 1865.12 
-12.5926 10.6282 56.9684
255 255 255
2 14 13197 928.656 1899.01 16 11722 1062.76 1877 
-12.4753 10.6949 56.2837
255 255 255
2 14 13204 991.375 1914.42 16 11725 1126.48 1890.53 
-12.734 10.8692 57.1234
255 255 255
2 14 13210 908.59 1921.44 16 11735 1044.19 1901.78 
-8.1422 11.4257 52.0668
255 255 255
3 14 13211 1449.55 1923.4 16 11724 1533.2 1886.18 21 10616 1445.82 1890.36 
-9.12548 11.2215 52.3207
255 255 255
3 14 13214 1411 1931.33 16 11728 1507.9 1893.69 21 10621 1410.96 1898.67 
-9.44748 11.3004 52.7939
255 255 255
3 14 13217 1363.53 1939.61 16 11732 1463.67 1903.19 21 10624 1363.34 1907.56 
2.46568 18.0144 63.6982
255 255 255
3 14 13218 764.658 1942.5 16 11760 707.997 1960.37 21 10633 738.546 1922.71 
-12.5752 10.9877 56.3858
255 255 255
2 14 13221 976.833 1942.36 16 11741 1112.79 1918.57 
-11.8485 10.9316 54.9632
255 255 255
2 14 13222 1122.33 1942.16 16 11739 1252.33 1912.28 
-9.70308 11.3176 53.1862
255 255 255
3 14 13223 1323.89 1941.53 16 11737 1427.08 1906.7 21 10626 1325.12 1910.65 
-11.6733 11.2073 54.7036
255 255 255
4 8 13557 680.171 1958.66 9 13828 526.092 1947.28 14 13232 1147.57 1966.28 16 11748 1274.83 1935.67 
-8.23247 11.9112 51.8796
255 255 255
3 14 13235 1459.21 1970.9 16 11750 1544.36 1932.91 21 10640 1456.12 1936.85 
-11.9627 11.2409 55.0285
255 255 255
2 14 13236 1110.68 1972.44 16 11752 1242.02 1942.86 
-9.27588 11.7239 52.2308
255 255 255
3 14 13239 1411.6 1981.28 16 11753 1510.27 1943.06 21 10643 1411.06 1947.75 
-9.36991 11.8888 52.5725
255 255 255
3 14 13246 1378.37 1992.55 16 11758 1477.9 1955.16 21 10647 1378.72 1959.01 
-7.09484 16.5038 68.2288
255 255 255
3 14 13248 185.01 2002.53 16 11796 189.515 2039.68 21 10665 176.196 1989.96 
-12.1954 11.7971 55.045
255 255 255
2 14 13264 1097.75 2028.92 16 11782 1232.49 2001.49 
-12.1227 11.82 54.73
255 255 255
2 14 13266 1127.35 2034.76 16 11785 1261.98 2006.09 
-12.9809 12.2773 56.6431
255 255 255
2 14 13273 930.193 2066.78 16 11799 1070.42 2045.97 
-11.2765 12.3709 53.9509
255 255 255
2 14 13276 1211.82 2071.44 16 11795 1335.65 2038.59 
-12.3247 12.2428 55.0087
255 255 255
2 14 13280 1093.27 2073.98 16 11800 1229.87 2046.93 
-9.86892 12.7133 52.5895
255 255 255
3 14 13282 1358.74 2079.65 16 11797 1465.22 2042.46 21 10681 1361.31 2045.84 
-9.81982 12.8231 52.2783
255 255 255
3 14 13289 1385.87 2093.26 16 11807 1492.24 2055.58 21 10687 1388.06 2058.54 
-12.3755 12.5445 54.9057
255 255 255
3 14 13295 1098.21 2105.46 16 11813 1235.63 2077.16 21 10691 1109.15 2073.79 
-12.2896 12.4943 54.5974
255 255 255
2 14 13296 1128.39 2104.17 16 11809 1265.48 2074.45 
-13.1404 12.9885 56.3774
255 255 255
3 14 13308 942.701 2140.74 16 11828 1085.78 2121.93 21 10703 955.076 2111.99 
-10.1027 13.304 52.576
255 255 255
3 14 13309 1349.62 2140.54 16 11823 1458.82 2100.48 21 10701 1352.77 2104.61 
-13.3093 14.4164 55.474
255 255 255
2 14 13349 1003.97 2295.18 16 11862 1152.47 2272.26 
-12.2506 14.5382 53.5123
255 255 255
2 14 13353 1206.25 2307.15 16 11863 1344.94 2274.25 
-13.4183 14.7296 55.6013
255 255 255
3 14 13355 986.874 2324.5 16 11865 1135.96 2302.51 21 10736 1001.16 2292.73 
-13.4901 15.5818 55.2056
255 255 255
2 14 13364 1011.52 2411.67 16 11872 1163.15 2390 
-13.5771 15.9246 55.2056
255 255 255
2 14 13371 1005.73 2445.8 16 11880 1158.42 2424.44 
-13.2209 16.0224 54.746
255 255 255
2 14 13375 1055.94 2450.38 16 11881 1204.74 2425.93 
-12.9092 17.0706 54.2334
255 255 255
2 14 13393 1099.94 2541.63 16 11893 1244.91 2514.38 
-12.2352 17.3832 53.3627
255 255 255
2 14 13398 1191.62 2559.13 16 11897 1329.03 2528.01 
-11.1809 18.2064 52.2428
255 255 255
3 14 13410 1306.9 2608.48 16 11913 1431.31 2572.74 21 10774 1315.7 2568.98 
-9.79843 18.6952 51.2221
255 255 255
2 14 13413 1420.22 2613.5 16 11914 1526.26 2571.69 
-10.6399 18.5161 51.7202
255 255 255
3 14 13416 1361.61 2622.88 16 11917 1478.89 2584.36 21 10779 1368.03 2582.26 
-11.7845 18.2999 52.5717
255 255 255
2 14 13419 1263.61 2636.9 16 11922 1395.73 2600.99 
-11.3584 18.7963 51.8759
255 255 255
2 16 11931 1457.24 2637.34 21 10788 1338.83 2633.32 
-10.1289 19.1343 50.8225
255 255 255
2 14 13429 1444.44 2673.21 16 11929 1555.54 2628.66 
-7.85888 -5.80849 68.7498
255 255 255
3 14 13446 302.699 262.459 16 11950 332.535 245.497 21 10807 291.413 254.547 
-5.81062 -5.56653 63.0006
255 255 255
2 14 13450 779.867 330.831 16 11955 813.865 315.021 
-9.35552 -4.18074 65.1223
255 255 255
3 14 13471 503.014 430.129 16 11974 566.043 411.059 21 10830 496.725 421.123 
-10.038 -2.26911 64.0873
255 255 255
2 14 13503 541.605 603.656 16 11997 616.946 586.446 
-10.2197 -1.85991 62.7137
255 255 255
2 14 13509 639.168 655.521 16 12000 723.024 636.921 
-10.6569 -0.767371 61.9919
255 255 255
3 14 13520 672.111 761.373 16 12005 764.619 743.791 21 10869 673.446 749.074 
-10.9739 4.22775 58.1078
255 255 255
3 14 13551 936.835 1261.68 16 12045 1046.36 1237.71 21 10890 940.28 1241.78 
-10.9879 4.27144 57.8724
255 255 255
3 14 13554 955.718 1269.28 16 12046 1066.47 1245.3 21 10891 959.663 1249.33 
-11.3448 4.40438 58.3167
255 255 255
3 14 13557 906.465 1280.27 16 12050 1020.91 1258.72 21 10893 912.215 1261.4 
-11.5205 4.97554 58.1832
255 255 255
2 16 12074 1024.84 1316.51 21 10914 913.322 1316.39 
-9.88406 5.01116 55.8587
255 255 255
2 14 13588 1148.31 1345.33 16 12076 1249.64 1317.45 
-10.3734 5.22015 55.9857
255 255 255
2 14 13596 1123.61 1370.98 16 12083 1231.61 1344.99 
-8.98294 5.52703 54.8628
255 255 255
2 14 13600 1248.63 1387.2 16 12086 1340.05 1359.05 
-8.37602 5.75886 54.183
255 255 255
3 14 13606 1316.94 1406.51 16 12091 1400.98 1374.06 21 10940 1312.94 1381.32 
-11.6642 6.05059 57.813
255 255 255
3 14 13616 925.996 1444.57 16 12102 1045.46 1422.53 21 10951 930.761 1420.73 
-10.8763 6.09652 56.4417
255 255 255
4 8 13931 638.84 1444.14 14 13618 1064.63 1453.85 16 12103 1176.42 1426.08 21 10953 1068.02 1430.23 
-11.1244 7.40919 56.0812
255 255 255
3 14 13636 1076.74 1585.41 16 12123 1193.7 1555.34 21 10971 1081.33 1558.05 
2.50829 14.6826 65.586
255 255 255
3 14 13657 666.795 1688.62 16 12157 605.595 1706.15 21 10995 641.243 1672.05 
-10.5843 8.62338 54.8398
255 255 255
3 14 13662 1186.55 1701 16 12148 1298.82 1669.04 21 10996 1189.14 1672.48 
-9.16805 9.16718 53.4468
255 255 255
3 14 13667 1333.09 1733.21 16 12156 1428.58 1700.66 21 11002 1330.91 1705.06 
-11.8143 9.00838 55.9568
255 255 255
3 14 13669 1053.93 1748.65 16 12159 1181.35 1721.75 21 11004 1062.33 1721.53 
-11.5534 10.173 54.9497
255 255 255
3 14 13705 1138.46 1864.86 16 12191 1264.49 1835.99 21 11035 1145.06 1834.44 
-9.59873 10.7837 52.9057
255 255 255
3 14 13713 1355.97 1896.66 16 12199 1458.05 1861.74 21 11045 1355.32 1865.5 
-9.50724 11.3568 52.8073
255 255 255
3 14 13730 1360.57 1946.75 16 12212 1461.42 1909.06 21 11059 1360.81 1914.04 
-10.9323 11.36 54.2062
255 255 255
3 14 13736 1206.51 1964.98 16 12216 1325.7 1934.09 21 11067 1213.59 1934.22 
-9.37943 11.8419 52.5921
255 255 255
3 14 13741 1376.46 1988.45 16 12218 1476.44 1951.02 21 11070 1377.9 1955.03 
-10.392 11.7482 53.4418
255 255 255
3 14 13744 1282.67 1997.01 16 12223 1395.09 1962.32 21 11075 1286.46 1964.15 
-9.88886 12.1754 53.0038
255 255 255
4 6 3671 1336.85 2024.1 14 13751 1328.25 2026.53 16 12234 1434.11 1990.36 21 11081 1330.65 1993 
-11.4732 12.1213 54.2121
255 255 255
3 14 13755 1187.37 2051.27 16 12245 1312.76 2018.48 21 11086 1193.05 2018.43 
-10.2776 12.3713 52.8631
255 255 255
3 14 13759 1329.57 2058.98 16 12248 1441.39 2021.34 21 11088 1333.65 2025.08 
-13.0099 12.6305 56.3796
255 255 255
2 14 13772 949.238 2105.08 16 12257 1090.73 2083.44 
-9.09957 13.8568 51.5432
255 255 255
3 14 13786 1453.57 2171.75 16 12266 1550.57 2130.31 21 11113 1453.9 2135.33 
-10.2665 13.8193 52.2064
255 255 255
3 14 13789 1373.42 2196.9 16 12270 1485.95 2158.02 21 11118 1377.39 2160.77 
-10.1667 14.3655 52.0066
255 255 255
3 14 13801 1387.28 2244 16 12283 1498.92 2205.39 21 11125 1391.7 2207.44 
-13.4068 14.7297 55.623
255 255 255
3 14 13810 984.946 2323.52 16 12299 1133.96 2301.4 21 11137 999.941 2292.21 
-13.5147 15.4938 55.2298
255 255 255
3 14 13816 1010.54 2404.96 16 12307 1161.81 2383.19 21 11140 1023.99 2369.95 
-13.5735 15.9568 55.251
255 255 255
3 14 13823 1002.85 2447.58 16 12313 1154.34 2427.14 21 11146 1015.78 2413.09 
-12.7583 17.414 53.8041
255 255 255
2 14 13842 1138.85 2574.6 16 12330 1282.77 2545.73 
-9.91262 -2.63909 64.1228
255 255 255
2 14 13880 546.404 571.383 16 12371 620.304 553.775 
-10.8165 3.99359 57.7912
255 255 255
2 14 13895 969.937 1242.85 16 12392 1078.62 1218.26 
-8.97533 5.72111 54.9625
255 255 255
3 14 13908 1238.57 1402.18 16 12408 1329.66 1374.28 21 11243 1236.69 1379.01 
-10.6427 5.67477 56.5883
255 255 255
2 14 13911 1061.3 1408.75 16 12409 1170.89 1381.95 
-11.1899 7.17528 56.4725
255 255 255
3 14 13919 1043.1 1557.86 16 12414 1160.25 1530.94 21 11254 1048.46 1533.11 
-11.5509 8.2831 56.1288
255 255 255
3 14 13927 1053.08 1671.73 16 12421 1176.15 1646 21 11262 1059.62 1647.55 
-11.754 9.03643 55.8512
255 255 255
3 14 13937 1064.35 1750.92 16 12427 1191.37 1724.34 21 11271 1072.87 1724.53 
-10.8705 4.27197 57.3619
255 255 255
2 14 14008 1002.17 1274.48 16 12489 1113.21 1250.86 
-10.8968 5.65073 56.6469
255 255 255
3 14 14011 1048.94 1409.57 16 12493 1162.73 1384.54 21 11341 1055.02 1389.28 
-10.958 6.52387 56.1887
255 255 255
2 14 14013 1079.52 1497.45 16 12497 1194.8 1471.88 
-11.8454 9.01941 55.7138
255 255 255
3 14 14020 1073.75 1754.17 16 12504 1202.96 1727.92 21 11353 1083.38 1727.78 
-10.4453 12.6238 53.3352
255 255 255
3 14 14029 1282.57 2078.65 16 12515 1395.34 2041.43 21 11366 1286.59 2043.75 
-8.85065 12.3722 51.9589
255 255 255
4 6 3888 1447.74 2027.82 14 14049 1435.94 2028.57 16 12532 1529.34 1989.73 21 11385 1435 1993.87 
-11.8736 4.95993 59.6779
255 255 255
2 14 14487 771.035 1319.04 16 12934 886.607 1300.83 
-11.2079 2.79635 58.9492
255 255 255
2 14 14643 872.366 1124.58 16 13241 982.793 1102.53 
-11.6385 11.2228 54.7041
255 255 255
2 14 14797 1147.65 1966.27 16 13297 1275.28 1936.23 
-11.4976 14.5674 53.1363
255 255 255
2 14 14827 1257.25 2288.81 16 13457 1385.59 2254.24 
-6.06928 15.9268 68.1836
255 255 255
3 14 14859 228.173 1933.09 16 13361 224.839 1966.65 21 11898 218.716 1920.19 
-5.24852 0.567242 54.8821
255 255 255
2 14 14949 1363.89 906.73 16 13394 1408.56 884.185 
-11.6939 7.28716 56.8503
255 255 255
2 14 14983 995.784 1573.16 16 13290 1119.02 1548.63 
-4.90867 1.19983 54.2636
255 255 255
2 14 15014 1414.17 962.608 16 13495 1455.32 938.467 
-9.98493 3.66819 56.5146
255 255 255
3 14 15037 1102.52 1217.22 16 13424 1203.87 1192.33 21 12292 1102.55 1197.03 
-12.2953 13.8722 54.1845
255 255 255
3 14 15053 1151.53 2236.1 16 13433 1289.26 2205.09 21 12322 1162.67 2202.13 
-11.4009 14.5027 53.0817
255 255 255
3 14 15054 1265.29 2280.33 16 13542 1392.15 2246.02 21 12367 1272.45 2244.74 
-12.2994 15.7531 53.3765
255 255 255
3 14 15089 1205.02 2419.18 16 13610 1344.3 2386.58 21 12317 1216.71 2382.28 
-10.1684 16.4101 51.3964
255 255 255
3 14 15131 1420.71 2431.84 16 13613 1532.56 2390.5 21 12386 1425.02 2391.73 
-9.75462 -3.36374 63.1333
255 255 255
3 14 15284 635.681 521.249 16 13755 712.012 500.807 21 12495 630.409 509.304 
-11.9997 11.432 54.9679
255 255 255
3 14 15321 1113.1 1990.98 16 13645 1245.45 1963.58 21 12421 1122.46 1960.94 
-11.5086 14.4454 53.465
255 255 255
3 14 15326 1229.16 2272.46 16 13769 1356.61 2237.74 21 12539 1237.39 2236.93 
-11.9036 11.3348 54.9188
255 255 255
3 14 15392 1120.54 1980.42 16 13732 1251.88 1952.48 21 12595 1130.21 1949.68 
-12.853 16.1331 53.9879
255 255 255
2 14 15407 1132.62 2461.71 16 13738 1278.3 2433.26 
-12.1157 15.7483 53.2485
255 255 255
3 14 15472 1221 2414.1 16 13848 1357.84 2381.03 21 12637 1231.88 2376.79 
-12.6531 16.7357 53.5413
255 255 255
2 14 15497 1171.82 2516.44 16 13752 1315.39 2485.64 
-9.0253 0.119869 57.5432
255 255 255
3 14 15564 1071.9 878.155 16 13906 1158.48 855.572 21 12704 1068.18 861.78 
-12.9396 12.3049 56.3152
255 255 255
2 14 15609 960.029 2074.29 16 13818 1101.04 2052.68 
-9.00659 0.0420719 57.5585
255 255 255
2 14 15620 1071.55 870.835 16 13942 1158.08 848.696 
-7.26041 2.79672 55.1195
255 255 255
2 14 15701 1287.29 1116.47 16 14193 1356.16 1091.6 
-22.8602 -4.35609 43.9517
255 255 255
2 15 6773 351.096 940.45 20 6778 354.469 935.07 
-20.5027 -6.71745 45.0286
255 255 255
2 15 1934 521.293 600.082 20 2047 529.447 590.734 
-21.2164 -6.57886 44.8567
255 255 255
2 15 1972 452.275 637.595 20 2093 458.873 629.222 
-20.515 -6.72804 44.9406
255 255 255
2 15 4025 520.979 599.413 20 4165 528.653 589.942 
-21.8701 -6.17788 44.4042
255 255 255
2 15 4098 399.58 702.167 20 4255 403.793 696.439 
-20.3679 -6.64048 44.8782
255 255 255
2 15 5692 539.959 604.02 20 5812 547.673 594.631 
-20.9798 -6.70959 44.8357
255 255 255
2 15 5696 473.848 615.693 20 5815 480.472 607.643 
-21.2135 -6.56945 44.8455
255 255 255
2 15 5704 453.012 638.554 20 5821 459.567 630.124 
-21.0674 -6.15584 44.6363
255 255 255
2 15 5717 483.604 678.653 20 5834 489.933 670.507 
-21.0595 -6.14981 44.7448
255 255 255
2 15 6668 483.11 678.816 20 6699 490.015 670.704 
-20.7506 -7.09667 45.5883
255 255 255
2 15 8156 476.604 569.484 20 8111 486.424 557.004 
-2.2493 -6.98269 62.3598
255 255 255
2 16 36 927.694 216.016 21 28 905.663 216.123 
-2.46223 -6.90496 62.6055
255 255 255
2 16 47 906.199 219.494 21 42 883.216 219.951 
-1.50614 -6.91391 61.9599
255 255 255
2 16 53 966.06 225.422 21 54 948.733 224.349 
-1.40655 -6.73518 61.8431
255 255 255
2 16 66 974.337 239.533 21 59 957.622 238.356 
-8.15692 -5.45887 68.6975
255 255 255
2 16 91 325.697 274.029 21 81 282.038 282.759 
-9.85278 -3.4542 63.3545
255 255 255
2 16 339 692.515 491.468 21 302 612.184 500.744 
-9.9228 -3.41579 63.2135
255 255 255
2 16 346 702.458 496.872 21 311 620.74 505.242 
-9.921 -0.860328 62.1987
255 255 255
2 16 473 762.21 727.016 21 398 678.523 732.096 
-9.93216 1.20894 58.1041
255 255 255
2 16 680 1089.39 954.087 21 537 992.318 959.784 
-10.7095 1.70425 60.9822
255 255 255
2 16 701 825.665 973.186 21 551 731.375 975.963 
-4.87983 1.7693 53.9258
255 255 255
2 16 713 1478.19 988.596 21 563 1422.11 991.654 
-4.79056 1.86577 53.8202
255 255 255
2 16 717 1486.37 996.407 21 569 1431.06 999.689 
-10.9891 2.20775 61.0351
255 255 255
2 16 747 811.101 1020.81 21 595 714.656 1023.08 
-10.0133 2.14518 58.0111
255 255 255
2 16 762 1087.67 1038.84 21 612 990.036 1043.6 
-11.3033 3.049 59.1866
255 255 255
2 16 881 958.043 1123.85 21 705 851.568 1127.39 
-11.2861 3.0456 58.9001
255 255 255
2 16 888 983.499 1126.89 21 711 876.128 1130.87 
-10.1645 2.99991 57.1048
255 255 255
2 16 893 1156.41 1127.94 21 717 1054.92 1133.04 
-6.87977 3.86966 54.0489
255 255 255
2 16 979 1439.06 1188.51 21 797 1364.87 1193.89 
-11.7421 5.63131 58.2911
255 255 255
2 16 1252 1005.35 1378.18 21 1065 892.677 1379.11 
-11.7804 5.99262 58.0505
255 255 255
2 16 1285 1022.74 1415.42 21 1092 908.971 1415.95 
-11.8208 6.02017 58.1494
255 255 255
2 16 1288 1013.01 1417.34 21 1094 899.229 1417.86 
-11.7541 6.04742 57.93
255 255 255
2 16 1290 1033.38 1421.53 21 1099 919.486 1422.17 
-11.82 6.90424 58.3612
255 255 255
2 16 1339 985.507 1495.36 21 1154 873.186 1493.23 
-12.0097 7.51415 57.2167
255 255 255
2 16 1395 1079.55 1572.28 21 1231 961.147 1571.05 
-12.2854 8.74314 57.0598
255 255 255
2 16 1516 1077.7 1694.21 21 1356 956.709 1691.96 
-12.3151 8.84692 57.1387
255 255 255
2 16 1528 1069.08 1703.4 21 1365 948.135 1700.74 
-12.5586 10.0231 57.3728
255 255 255
2 16 1599 1032.47 1814.76 21 1446 910.738 1809.33 
-11.8565 10.1642 55.5345
255 255 255
2 16 1625 1207.88 1834.69 21 1466 1087.49 1833.49 
-12.6272 10.7427 56.5892
255 255 255
2 16 1705 1095.97 1895.17 21 1555 970.939 1889.93 
-11.4293 10.8579 54.5579
255 255 255
2 16 1707 1294.3 1899 21 1563 1176.31 1899.36 
-11.396 11.0176 54.5139
255 255 255
2 16 1724 1297.02 1912.93 21 1579 1179.42 1913.3 
-12.0447 11.4379 55.0187
255 255 255
2 16 1788 1240.14 1964.1 21 1632 1116.89 1962.15 
-9.70532 12.4564 52.5382
255 255 255
2 16 1861 1473.4 2015.84 21 1699 1370.75 2018.71 
-12.0991 12.1225 54.7015
255 255 255
2 16 1889 1261.71 2032.71 21 1716 1137.39 2030.72 
-12.1442 12.3024 54.615
255 255 255
2 16 1912 1267.35 2051.84 21 1734 1142.38 2049.84 
-11.9467 12.9835 54.0871
255 255 255
2 16 2009 1310.87 2114.62 21 1808 1187.11 2112.98 
-12.4781 13.934 54.2871
255 255 255
2 16 2131 1277.4 2216.36 21 1887 1148.79 2212.17 
-11.1541 15.0665 52.6282
255 255 255
2 16 2198 1429.33 2293.14 21 1958 1312.3 2292.52 
-11.6238 15.2642 52.9715
255 255 255
2 16 2223 1392.45 2323.3 21 1969 1271 2320.98 
-12.3818 15.4152 53.5965
255 255 255
2 16 2235 1326.81 2356.45 21 1981 1198.43 2351.74 
-10.4139 16.5611 51.7198
255 255 255
2 16 2269 1500.76 2408.57 21 2005 1390.94 2407.73 
-7.22472 -6.26832 68.9482
255 255 255
2 16 2471 337.906 208.929 21 2203 301.575 216.753 
-1.67324 -6.85178 62.0224
255 255 255
2 16 2531 958.862 229.208 21 2234 940.479 228.448 
-1.1593 -6.84534 61.672
255 255 255
2 16 2538 990.661 233.122 21 2237 975.348 231.629 
-8.41843 -5.74093 68.0617
255 255 255
2 16 2572 370.891 256.353 21 2271 321.83 266.174 
-4.31927 -6.36165 62.7192
255 255 255
2 16 2573 865.978 257.313 21 2265 829.07 259.882 
-5.23653 -6.06956 63.1598
255 255 255
2 16 2594 815.584 274.847 21 2282 772.957 279.814 
-8.39645 -5.66683 66.4325
255 255 255
2 16 2598 497.731 276.651 21 2291 441.422 286.093 
-8.34685 -5.60009 66.1204
255 255 255
2 16 2609 522.686 284.77 21 2300 465.529 294.23 
-8.21891 -5.01436 68.8725
255 255 255
2 16 2644 306.358 308.429 21 2329 263.548 316.308 
-8.52184 -4.63547 63.2585
255 255 255
2 16 2813 737.386 390.17 21 2481 667.891 398.646 
-8.59998 -4.59231 63.1171
255 255 255
2 16 2824 746.966 395.567 21 2487 676.125 403.347 
-9.71473 -3.9 64.9443
255 255 255
2 16 2896 569.786 437.858 21 2554 497.151 446.934 
-9.76213 -3.95341 64.0222
255 255 255
2 16 2900 644.42 442.397 21 2568 567.243 451.715 
-9.88146 -3.48343 63.3861
255 255 255
2 16 2991 689.618 488.749 21 2649 609.125 498.109 
-5.29737 -3.81886 58.806
255 255 255
2 16 2993 1131.88 491.302 21 2644 1078.35 494.539 
-9.85867 -3.16989 62.8059
255 255 255
2 16 3041 735.023 521.678 21 2699 652.475 529.873 
-8.66322 -2.93931 60.2192
255 255 255
2 16 3070 966.926 562.237 21 2720 886.691 569.539 
-8.68589 -2.66386 59.8463
255 255 255
2 16 3095 994.931 589.623 21 2739 913.417 596.472 
-10.0534 -2.22529 62.0406
255 255 255
2 16 3107 785.857 611.211 21 2749 699.289 619.507 
-9.99865 -2.17304 61.8807
255 255 255
2 16 3112 799.751 617.225 21 2752 713.08 625.175 
-10.1674 -1.85016 62.2033
255 255 255
2 16 3139 766.735 643.782 21 363 679.609 649.228 
-9.64304 -1.92946 60.9436
255 255 255
2 16 3143 882.019 646.132 21 2777 795.421 653.419 
-10.3732 -1.78575 61.9371
255 255 255
2 16 3148 784.317 652.035 21 2782 694.656 660.727 
-9.82731 -0.921409 62.3961
255 255 255
2 16 3194 748.159 718.916 21 2814 666.118 723.814 
-10.3883 -0.341249 60.8371
255 255 255
2 16 3270 863.318 790.986 21 2869 770.104 797.119 
-10.1617 -0.213523 59.9555
255 255 255
2 16 3297 940.922 810.5 21 2892 846.652 815.918 
-5.20366 0.0258618 55.0163
255 255 255
2 16 3325 1402.46 838.312 21 2913 1344.32 841.542 
-5.33559 0.500465 54.7548
255 255 255
2 16 3365 1418.85 881.029 21 2946 1359.27 884.516 
-4.92302 0.854789 54.311
255 255 255
2 16 3403 1454.28 910.513 21 2979 1398.01 913.58 
-8.96879 0.852941 56.568
255 255 255
2 16 3440 1235.41 929.246 21 3009 1143.92 936.138 
-10.0824 1.02127 58.249
255 255 255
2 16 3461 1076.65 937.564 21 3026 978.376 943.655 
-8.99957 0.968511 56.6667
255 255 255
2 16 3464 1225.67 938.672 21 3029 1134.11 945.076 
-10.5673 1.50064 61.0014
255 255 255
2 16 3487 828.61 953.451 21 3049 735.577 955.915 
-4.79179 1.58548 53.8624
255 255 255
2 16 3525 1485.2 973.041 21 3083 1429.89 976.637 
-8.79754 1.34998 56.2402
255 255 255
2 16 3527 1260.71 974.45 21 3087 1170.33 980.469 
-4.89049 1.60519 54.077
255 255 255
2 16 3528 1467.27 973.782 21 3082 1411.21 976.631 
-4.71902 1.76318 53.7207
255 255 255
2 16 3540 1495.54 988.1 21 3096 1440.81 991.829 
-10.2119 1.8907 58.1155
255 255 255
2 16 3573 1078.38 1017.78 21 3120 978.833 1022.92 
-9.9248 2.16626 57.764
255 255 255
2 16 3599 1109.92 1042.36 21 3142 1012.49 1047.52 
-10.9989 2.46103 61.0119
255 255 255
2 16 3600 810.465 1043.85 21 3141 714.018 1045.57 
-9.99947 2.22361 57.8714
255 255 255
2 16 3604 1099.21 1047.45 21 3146 1001.27 1051.91 
-6.8905 2.39794 54.9049
255 255 255
2 16 3613 1380.13 1054.58 21 3152 1306.72 1059.65 
-11.1679 2.61763 58.9068
255 255 255
2 16 3664 988.806 1086.18 21 3191 882.48 1091.11 
-11.259 2.8879 59.015
255 255 255
2 16 3699 975.348 1110.77 21 3217 868.583 1114.82 
-10.1452 2.91993 57.1927
255 255 255
2 16 3709 1149.7 1119.29 21 3232 1048.68 1124.64 
-11.2868 2.99011 59.0307
255 255 255
2 16 3711 972.554 1120.23 21 3229 865.626 1124.12 
-11.2713 2.98209 58.8619
255 255 255
2 16 3716 987.708 1121.51 21 3231 880.272 1125.42 
-11.316 3.04473 59.1224
255 255 255
2 16 3719 963.546 1124.62 21 3236 856.64 1127.99 
-6.87934 3.34656 54.2811
255 255 255
2 16 3757 1424.11 1141.57 21 3277 1350.12 1146.99 
-9.99266 3.42082 56.6828
255 255 255
2 16 3806 1191.22 1167.59 21 3322 1090.67 1173.19 
-8.9315 3.85189 55.4856
255 255 255
2 16 3847 1301.74 1203.06 21 3359 1209.48 1208.61 
-10.1087 3.89161 56.5787
255 255 255
2 16 3863 1194.66 1212.8 21 3372 1092.81 1217.94 
-4.37977 5.353 52.3355
255 255 255
2 16 3933 1579.73 1290.75 21 5860 1527.55 1293.81 
-11.7651 5.75614 58.2646
255 255 255
2 16 4019 1006.09 1390.09 21 3511 893.269 1391.53 
-11.8065 5.8973 58.2103
255 255 255
2 16 4029 1008.98 1404.94 21 3518 895.5 1405.6 
-11.8169 5.99694 58.2298
255 255 255
2 16 4036 1006.1 1413.98 21 3528 892.666 1414.46 
-11.7826 5.97789 58.0827
255 255 255
2 16 4037 1019.97 1413.63 21 3526 906.303 1414.22 
-11.7596 5.96927 57.9676
255 255 255
2 16 4038 1030.67 1413.85 21 3529 916.842 1414.84 
-11.8443 6.11507 58.1906
255 255 255
2 16 4047 1008.07 1426.12 21 3535 894.211 1426.07 
-11.8237 6.27259 58.4487
255 255 255
2 16 4057 983.753 1436.21 21 3544 871.338 1435.86 
-11.8357 6.72329 58.4408
255 255 255
2 16 4088 979.905 1477.98 21 3572 867.615 1476.27 
-11.592 7.30381 56.6889
255 255 255
2 16 4133 1134.7 1549.91 21 3606 1019.08 1550.81 
-11.7989 7.43684 56.8143
255 255 255
2 16 4148 1119.47 1565.65 21 3621 1001.96 1565.54 
-11.9437 7.55719 57.1984
255 255 255
2 16 4155 1081.64 1574.54 21 3628 964.043 1573.86 
-12.1833 8.45435 57.138
255 255 255
2 16 4255 1074.89 1663.75 21 3721 955.122 1661.88 
-12.2579 8.54 57.0559
255 255 255
2 16 4269 1080.45 1674.84 21 3743 959.593 1673.01 
-12.2664 8.70321 57.2788
255 255 255
2 16 4279 1058.49 1686.88 21 3756 938.486 1683.96 
-12.4667 9.72941 57.5565
255 255 255
2 16 4354 1020.09 1782.44 21 3817 899.838 1776.9 
2.60547 17.573 63.9929
255 255 255
2 16 4520 693.38 1923.02 21 3923 726.364 1885.45 
-11.5492 11.0804 54.5151
255 255 255
2 16 4526 1294.82 1923.54 21 3992 1175.46 1923.51 
2.71488 17.6453 63.8571
255 255 255
2 16 4531 703.841 1927.12 21 3932 737.095 1889.56 
-11.5445 11.1731 54.573
255 255 255
2 16 4537 1288.73 1931.18 21 4005 1169.57 1930.24 
2.43968 17.7003 64.0098
255 255 255
2 16 4544 688.612 1935.89 21 3949 720.634 1897.24 
-10.6972 11.4198 53.9191
255 255 255
2 16 4546 1353.09 1935.95 21 4016 1242.03 1937.03 
-11.6195 11.2723 54.5524
255 255 255
2 16 4556 1288.8 1942.4 21 4024 1168.92 1942.22 
-12.0094 11.2555 55.0993
255 255 255
2 16 4560 1235 1945.26 21 4028 1112.25 1943.23 
2.97404 18.4014 62.346
255 255 255
2 16 4658 804.758 1990.7 21 4053 835.783 1955.65 
-12.1971 11.6925 55.1168
255 255 255
2 16 4659 1226.87 1990.59 21 4117 1102.41 1988.13 
2.80176 18.5266 63.1874
255 255 255
2 16 4665 744.034 1993.22 21 4052 776.533 1956.21 
-9.10952 12.4968 51.9652
255 255 255
2 16 4694 1526.95 2008.5 21 4172 1429.72 2012.56 
-9.88918 12.3634 52.6928
255 255 255
2 16 4702 1459.44 2011.42 21 4176 1355.03 2014.05 
-9.91115 12.4711 52.6558
255 255 255
2 16 4727 1461.48 2021.79 21 4210 1356.9 2024.96 
-9.43732 12.6216 52.2148
255 255 255
2 16 4736 1501.91 2025.84 21 4225 1401.76 2029.99 
-9.94598 12.6108 52.6515
255 255 255
2 16 4758 1460.29 2035.36 21 4245 1355.34 2038.01 
-12.2365 12.2683 54.846
255 255 255
2 16 4781 1245.48 2048.35 21 4260 1120.14 2045.65 
-7.57821 16.6867 68.2626
255 255 255
2 16 4810 171.926 2066.81 21 4181 156.543 2016.24 
-11.9198 12.7647 54.228
255 255 255
2 16 4865 1300.41 2091.65 21 4328 1177.27 2090.31 
-11.9076 12.9079 54.0836
255 255 255
2 16 4892 1312.34 2106.56 21 4350 1188.95 2104.96 
-11.9161 13.5573 53.7933
255 255 255
2 16 4972 1332.24 2169.56 21 4412 1208.42 2167.86 
-12.4737 13.8546 54.2285
255 255 255
2 16 5024 1283.66 2209.82 21 4454 1154.89 2206.28 
-12.4313 13.9135 54.1151
255 255 255
2 16 5031 1293.95 2215.21 21 4463 1165.41 2212.21 
-10.862 14.363 52.729
255 255 255
2 16 5038 1429.5 2219 21 4472 1315.59 2219.34 
-10.828 14.4258 52.601
255 255 255
2 16 5047 1440.71 2225.42 21 4482 1326.85 2225.6 
-11.8299 14.1937 53.5947
255 255 255
2 16 5051 1344.7 2226.4 21 4478 1221.79 2224.1 
-11.8084 14.2471 53.4092
255 255 255
2 16 5060 1361.34 2233.18 21 4487 1238.21 2231.5 
-11.2147 14.5257 52.9605
255 255 255
2 16 5080 1404.26 2242.78 21 4507 1286.99 2242 
-11.2543 14.5875 52.9079
255 255 255
2 16 5093 1408.11 2250.54 21 4521 1290.28 2249.74 
-11.2138 14.5847 52.8052
255 255 255
2 16 5094 1417.81 2250.5 21 4522 1300.14 2249.76 
-11.9794 14.4716 53.5593
255 255 255
2 16 5100 1343.78 2257.48 21 4524 1219.19 2254.43 
-13.0394 14.4735 55.0895
255 255 255
2 16 5120 1191.1 2273.48 21 4538 1059.11 2265.31 
-11.1201 14.8948 52.6108
255 255 255
2 16 5124 1432.92 2277.04 21 4549 1316.12 2276.79 
-10.7981 15.346 52.2788
255 255 255
2 16 5166 1460.59 2309.68 21 4578 1346.9 2309.19 
-10.8239 15.9664 52.0622
255 255 255
2 16 5216 1473.48 2367.35 21 4624 1359.59 2367.69 
-10.8184 15.9838 51.9754
255 255 255
2 16 5218 1481.19 2370.02 21 4629 1367.16 2370.52 
-10.8837 16.0025 52.1399
255 255 255
2 16 5219 1465.72 2371.74 21 4628 1351.32 2371.54 
-12.0189 15.7925 53.0838
255 255 255
2 16 5232 1373.38 2383.71 21 4638 1248.06 2380.07 
-12.2311 15.7862 53.3361
255 255 255
2 16 5235 1348.33 2387.46 21 4641 1221.3 2383.28 
-12.6472 15.9526 53.6895
255 255 255
2 16 5264 1310 2413.55 21 4662 1179.25 2407.45 
-12.9548 16.1404 54.0586
255 255 255
2 16 5286 1270.62 2437.2 21 4680 1137.53 2428.78 
-12.5683 16.2306 53.5624
255 255 255
2 16 5288 1319.66 2437.32 21 4683 1189.64 2430.79 
-10.5987 17.0019 51.8785
255 255 255
2 16 5308 1480.71 2450.77 21 4698 1369.65 2449.93 
-12.0734 17.3681 53.0171
255 255 255
2 16 5381 1362.49 2525.8 21 4752 1237.67 2519.47 
-12.1537 17.5105 53.0619
255 255 255
2 16 5394 1356.16 2540.92 21 4765 1230.68 2534.28 
-11.2515 18.0487 52.2881
255 255 255
2 16 5422 1428.38 2561.4 21 4791 1311.72 2557.55 
-8.30973 -5.77913 66.3986
255 255 255
2 16 5603 503.39 267.678 21 4958 447.613 277.515 
-8.37193 -5.67283 66.4457
255 255 255
2 16 5612 497.311 276.033 21 4969 441.271 285.509 
-8.26222 -4.71688 68.6105
255 255 255
2 16 5684 322.569 334.999 21 5023 278.405 342.028 
-8.23799 -4.63349 68.8753
255 255 255
2 16 5689 301.876 338.756 21 5032 259.526 346.854 
-7.87068 -4.38003 69.4021
255 255 255
2 16 5723 268.754 354.598 21 5057 232.031 361.077 
-9.19985 -4.84626 65.2098
255 255 255
2 16 5724 568.872 355.292 21 5069 501.07 364.811 
-8.93611 -4.4742 67.55
255 255 255
2 16 5741 385.518 363.708 21 5081 331.412 373.498 
-7.61404 -3.76398 71.682
255 255 255
2 16 5782 97.6799 382.251 21 5112 75.7703 388.955 
-8.04846 -3.74095 70.2783
255 255 255
2 16 5817 191.089 398.458 21 5139 158.214 403.416 
-9.74906 -3.8415 64.0522
255 255 255
2 16 5882 641.255 452.115 21 5212 564.236 460.138 
-9.84587 -3.69614 63.6276
255 255 255
2 16 5904 672.503 468.023 21 5236 593.208 477.788 
-9.80094 -3.53776 63.6876
255 255 255
2 16 5925 667.08 481.409 21 5254 588.379 489.601 
-9.80691 -3.43255 62.9764
255 255 255
2 16 5950 724.404 497.022 21 5282 642.93 506.097 
-9.8334 -2.89757 62.2445
255 255 255
2 16 5994 779.368 550.219 21 5329 695.171 558.928 
-9.84046 -2.73257 62.0884
255 255 255
2 16 6006 790.647 566.031 21 5337 705.894 574.536 
-10.2487 -2.00232 62.1594
255 255 255
2 16 6043 770.149 630.51 21 5365 682.29 638.416 
-4.25909 -0.596489 54.5098
255 255 255
2 16 6132 1453.63 784.619 21 5428 1403.42 788.196 
-4.95602 0.876066 54.2823
255 255 255
2 16 6222 1456.25 912.965 21 5496 1399.62 915.952 
-10.0933 1.01881 58.3667
255 255 255
2 16 6254 1066.41 936.213 21 5519 968.355 941.953 
-7.72636 1.01384 55.8586
255 255 255
2 16 6257 1305.72 936.952 21 5521 1225.3 942.818 
-9.01429 0.98226 56.6686
255 255 255
2 16 6264 1225.21 939.927 21 5531 1133.54 946.516 
-4.97716 1.21457 54.2948
255 255 255
2 16 6265 1452.29 940.069 21 5525 1395.77 944.032 
-8.95512 1.03624 56.5198
255 255 255
2 16 6274 1238.06 945.752 21 5534 1146.62 952.159 
-10.1541 1.25823 58.3066
255 255 255
2 16 6293 1068.56 958.903 21 5547 969.792 964.277 
-10.054 1.28401 58.1026
255 255 255
2 16 6302 1087.25 962.351 21 5556 988.902 967.832 
-10.2082 1.88812 58.1135
255 255 255
2 16 6344 1078.65 1017.67 21 5586 979.086 1022.52 
-9.98468 2.26387 57.8502
255 255 255
2 16 6371 1100.82 1050.83 21 5607 1003.07 1055.71 
-11.1781 2.60222 59.0561
255 255 255
2 16 6403 975.754 1083.24 21 5632 869.807 1087.67 
-10.0533 2.5874 57.6424
255 255 255
2 16 6404 1114.91 1083.01 21 5633 1015.98 1087.75 
-10.0939 2.69409 57.6079
255 255 255
2 16 6419 1116.41 1093.58 21 5643 1016.98 1098.09 
-4.57028 3.17128 53.1557
255 255 255
2 16 6434 1530.42 1106.8 21 5652 1476.84 1110.55 
-11.2221 2.86413 58.9029
255 255 255
2 16 6437 985.967 1109.38 21 5657 879.191 1113.77 
-4.80652 3.2176 53.3094
255 255 255
2 16 6440 1516.51 1111.83 21 5660 1461.03 1116.29 
-10.1242 2.91814 57.1795
255 255 255
2 16 6448 1151.11 1118.89 21 5668 1050.3 1124.4 
-11.2961 3.03779 59.1442
255 255 255
2 16 6456 961.996 1123.3 21 5672 855.415 1126.84 
-11.2747 3.13083 59.5699
255 255 255
2 16 6461 924.179 1126.03 21 5675 819.519 1128.63 
-11.2864 3.44242 58.6799
255 255 255
2 16 6518 998.986 1165.27 21 5726 891.182 1169.54 
-10.0095 3.42769 56.6873
255 255 255
2 16 6522 1190.58 1168.47 21 5727 1089.85 1173.97 
-7.84001 3.57073 54.75
255 255 255
2 16 6523 1375.98 1169.54 21 5730 1293.41 1175.99 
-6.20114 4.08489 53.6831
255 255 255
2 16 6558 1471.69 1200.26 21 5758 1403.62 1204.93 
-8.54167 3.93534 55.2352
255 255 255
2 16 6568 1325.97 1207.31 21 5766 1237.1 1211.92 
-9.18441 3.99599 55.609
255 255 255
2 16 6580 1287.48 1218.45 21 5781 1192.92 1223.88 
-11.2607 4.10713 58.2946
255 255 255
2 16 6595 1027.04 1230.5 21 5787 918.402 1233.17 
-10.282 4.51122 56.5593
255 255 255
2 16 6632 1188.63 1271.4 21 5833 1085.22 1275.96 
-11.2561 4.64476 57.7999
255 255 255
2 16 6651 1065.73 1285.85 21 5850 955.682 1288.02 
-9.3102 4.73916 55.3772
255 255 255
2 16 6654 1299.75 1289.44 21 5859 1203.5 1293.58 
-11.8125 5.96106 58.4176
255 255 255
2 16 6783 989.817 1408.34 21 5993 877.026 1407.85 
-11.8302 6.07047 58.3638
255 255 255
2 16 6798 993.232 1419.22 21 6015 880.202 1419.13 
-11.7747 6.10236 58.0133
255 255 255
2 16 6807 1025.07 1425.73 21 6023 911.343 1426.35 
-11.8307 6.21877 58.2545
255 255 255
2 16 6816 1001.51 1434.14 21 6032 888.218 1434.31 
-11.8299 6.2783 58.4416
255 255 255
2 16 6820 984.229 1436.96 21 6038 871.725 1436.63 
-12.0996 8.14161 57.1409
255 255 255
2 16 7027 1078.88 1632.71 21 6243 959.844 1631.58 
-12.2076 8.45329 57.1523
255 255 255
2 16 7077 1073.26 1664.07 21 6293 953.277 1662.22 
-12.2488 8.5457 57.0795
255 255 255
2 16 7091 1078.37 1674.72 21 6308 957.726 1672.92 
-12.2881 8.78093 57.2959
255 255 255
2 16 7106 1055.87 1694.45 21 6324 935.722 1691.15 
-11.5473 10.3576 54.9985
255 255 255
2 16 7227 1258.11 1851.08 21 6451 1139.66 1850.64 
2.69628 17.6324 63.846
255 255 255
2 16 7352 704.384 1926.8 21 6526 737.487 1889.31 
-9.43114 11.5517 52.5827
255 255 255
2 16 7354 1479.86 1927.36 21 6594 1379.97 1932.1 
-11.9766 11.1495 55.121
255 255 255
2 16 7363 1234.51 1934.66 21 6593 1112 1931.92 
-11.9473 11.2226 54.9885
255 255 255
2 16 7374 1246.14 1941.95 21 6603 1123.73 1940.31 
-11.597 11.2778 54.5427
255 255 255
2 16 7375 1289.87 1942.47 21 6608 1170.18 1942.02 
-12.0169 11.264 55.1136
255 255 255
2 16 7381 1233.51 1946.01 21 6610 1110.74 1944.01 
-5.8974 16.0283 67.8266
255 255 255
2 16 7437 255.216 1974.55 21 6588 248.187 1929.04 
-12.1866 11.5193 54.9076
255 255 255
2 16 7442 1247.87 1977.25 21 6691 1122.85 1976.65 
-9.78126 12.0529 52.8189
255 255 255
3 16 7451 1452.16 1978.55 17 12032 964.228 2025.98 21 6702 1348.57 1981.46 
2.78944 18.529 63.1792
255 255 255
2 16 7479 744.4 1993.92 21 6637 776.763 1956.65 
-6.32404 16.225 68.1558
255 255 255
2 16 7486 217.829 1996.94 21 6617 209.78 1948.99 
-12.0823 12.1327 54.6277
255 255 255
2 16 7560 1268.55 2034.17 21 6808 1144.21 2032.45 
-7.17345 16.66 68.1906
255 255 255
2 16 7590 188.834 2054.4 21 6742 175.7 2003.88 
-12.2942 12.3604 54.8195
255 255 255
2 16 7599 1246.32 2058.88 21 6851 1120.36 2056.52 
-8.21675 16.6365 68.5548
255 255 255
2 16 7627 131.803 2076.73 21 6789 113.73 2025.52 
-9.91907 13.0761 52.412
255 255 255
2 16 7631 1477.19 2078.61 21 6891 1372.27 2081.1 
-8.36514 16.7796 68.5775
255 255 255
2 16 7656 124.605 2092.04 21 6827 105.846 2040.33 
-12.023 12.8399 54.2823
255 255 255
2 16 7671 1293.66 2101.29 21 6914 1169.51 2099.44 
-8.45535 17.2016 68.3915
255 255 255
2 16 7718 132.987 2131.25 21 6886 113.034 2078.49 
-10.3389 14.1548 52.3095
255 255 255
2 16 7783 1472.73 2187.38 21 7010 1363.91 2191.06 
-12.5 13.7364 54.2644
255 255 255
2 16 7795 1281.29 2199.54 21 7016 1152.23 2196.15 
-10.856 14.3583 52.7391
255 255 255
2 16 7817 1428.69 2218.28 21 7040 1314.85 2218.47 
-11.7952 14.2387 53.4047
255 255 255
2 16 7833 1361.95 2232.03 21 7051 1238.95 2230.35 
-11.2051 14.5269 52.9773
255 255 255
2 16 7850 1402.79 2242.26 21 7071 1285.68 2241.46 
-11.2327 14.6174 52.9165
255 255 255
2 16 7860 1407.18 2252.19 21 7080 1289.66 2251.43 
-11.1988 14.6052 52.7919
255 255 255
2 16 7861 1418.92 2251.99 21 7081 1301.39 2251.17 
-12.1366 14.4579 53.6673
255 255 255
2 16 7868 1332.55 2260.49 21 7086 1206.43 2257.13 
-11.6232 14.6124 53.2137
255 255 255
2 16 7869 1377.08 2262.01 21 7088 1255.76 2259.79 
-12.2703 14.4932 53.7243
255 255 255
2 16 7875 1325.64 2267.58 21 7093 1198.22 2264.43 
-11.2998 14.8402 52.8696
255 255 255
2 16 7880 1408.72 2275.52 21 7100 1290.32 2273.55 
-12.2961 14.6207 53.7735
255 255 255
2 16 7883 1319.58 2279.48 21 7103 1192.03 2275.37 
-13.0181 16.1512 54.1535
255 255 255
2 16 8004 1260.97 2439.16 21 7195 1127.48 2430.48 
-13.6172 16.1832 55.1177
255 255 255
2 16 8014 1163.46 2451.13 21 7201 1026.34 2438.11 
-10.8502 17.7488 51.9656
255 255 255
2 16 8064 1463.55 2524.28 21 7250 1350.27 2521.13 
-10.7984 18.2085 51.8216
255 255 255
2 16 8090 1472.08 2563.88 21 7282 1359.36 2560.35 
-8.81142 -4.63322 67.9712
255 255 255
2 16 8276 357.418 348.056 21 7430 305.735 355.22 
-9.35127 -4.74776 65.2526
255 255 255
2 16 8292 561.114 363.056 21 7450 492.317 373.02 
-8.66398 -4.52724 63.222
255 255 255
2 16 8344 736.633 399.64 21 7489 665.821 408.34 
-9.69742 -3.61138 63.7941
255 255 255
2 16 8400 660.977 472.568 21 7556 584.056 483.173 
-8.68064 -2.94444 60.176
255 255 255
2 16 8463 970.319 562.55 21 7612 889.694 569.429 
-9.87414 -2.57359 61.9717
255 255 255
2 16 8466 798.233 581.089 21 7618 712.814 589.404 
-10.2812 -1.77209 61.9202
255 255 255
2 16 8495 787.437 653.464 21 7641 698.4 660.722 
-8.93683 0.854874 56.513
255 255 255
2 16 8593 1240.44 929.843 21 7706 1149.09 936.42 
-8.91299 1.27851 56.3217
255 255 255
2 16 8620 1253.25 968.653 21 7726 1161.86 974.91 
-10.0029 2.5218 57.4854
255 255 255
2 16 8676 1129.74 1078.36 21 7758 1030.83 1083.39 
-10.0288 2.69873 57.435
255 255 255
2 16 8688 1132.07 1094.58 21 7767 1032.99 1100.39 
-4.65111 3.04198 53.2885
255 255 255
2 16 8691 1520.35 1095.69 21 7768 1466.21 1099.89 
-11.2681 2.85738 59.0663
255 255 255
2 16 8700 971.034 1107.73 21 7770 864.268 1111.32 
-11.3008 2.99797 59.1566
255 255 255
2 16 8708 961.239 1119.77 21 7779 854.576 1123.06 
-10.0413 3.15009 56.7955
255 255 255
2 16 8727 1183.38 1143.1 21 7799 1082.42 1148.54 
-7.22061 3.47967 54.5491
255 255 255
2 16 8743 1398.33 1155.36 21 7811 1321.3 1159.74 
-10.046 3.37472 56.5511
255 255 255
2 16 8751 1202.61 1166.44 21 7817 1100.95 1171.49 
-9.10742 3.99442 55.6005
255 255 255
2 16 8786 1288.98 1217.31 21 7851 1195.14 1222.26 
-9.27253 4.00145 55.7603
255 255 255
2 16 8788 1273.44 1218.08 21 7852 1178.48 1224.3 
-10.0667 3.95736 56.3104
255 255 255
2 16 8791 1218.02 1221.61 21 7853 1115.81 1226.5 
-11.2659 4.11508 58.4437
255 255 255
2 16 8796 1013.64 1228.8 21 7858 905.682 1232.36 
-5.13497 4.53235 52.9671
255 255 255
2 16 8797 1532.1 1228.46 21 7859 1473.48 1232.88 
-11.3374 4.17734 58.5744
255 255 255
2 16 8801 1000.45 1234.13 21 7862 892.209 1237.18 
-10.1823 4.15415 56.382
255 255 255
2 16 8810 1208.63 1240.05 21 7870 1105.56 1245.15 
-11.8544 4.52476 59.9503
255 255 255
2 16 8827 867.209 1257.47 21 7878 759.029 1256.87 
-11.3813 4.50492 58.5031
255 255 255
2 16 8830 1002.91 1265.5 21 7884 894.188 1268.25 
-11.4129 4.5741 58.3823
255 255 255
2 16 8840 1012.56 1274.6 21 7892 902.888 1276.18 
-11.4358 4.66631 58.4209
255 255 255
2 16 8846 1007.86 1282.63 21 7898 898.237 1284.52 
-9.43462 4.66074 55.5183
255 255 255
2 16 8849 1287 1282.74 21 7902 1189.83 1287.43 
-5.287 5.23846 52.7667
255 255 255
2 16 8859 1542.02 1291.69 21 7912 1481.85 1295.71 
-10.4201 4.8857 56.3692
255 255 255
2 16 8876 1200.31 1310.16 21 7931 1095.01 1314.32 
-10.449 4.94938 56.384
255 255 255
2 16 8884 1198.06 1316.1 21 7938 1092.57 1320.44 
-11.9226 7.5455 57.0852
255 255 255
2 16 9056 1092.22 1574.31 21 8125 974.52 1574.42 
-9.4811 7.95574 54.0376
255 255 255
2 16 9068 1385.49 1593.06 21 8150 1286.31 1598.86 
-12.2451 8.45044 57.1909
255 255 255
2 16 9141 1069.28 1664.38 21 8205 948.973 1662.18 
-11.82 8.41797 56.2455
255 255 255
2 16 9142 1160.97 1663.82 21 8208 1042.08 1663.96 
-9.73435 8.99272 53.9228
255 255 255
2 16 9164 1384.09 1693.61 21 8235 1282.1 1696.51 
-12.3057 8.78827 57.2408
255 255 255
2 16 9166 1060.55 1696.45 21 8230 939.988 1693.22 
-10.161 9.05578 53.9551
255 255 255
2 16 9179 1377.27 1709.85 21 8249 1270.77 1713.34 
-9.27935 9.6063 53.1915
255 255 255
2 16 9202 1445.95 1745.53 21 8262 1347.64 1749.1 
-8.30638 10.8597 52.3342
255 255 255
2 16 9248 1514.54 1838.68 21 8308 1425.71 1842.81 
2.68932 16.6497 64.3322
255 255 255
2 16 9268 678.903 1854.89 21 8292 712.329 1815.43 
-7.75014 11.2472 51.9908
255 255 255
2 16 9277 1543.25 1860.8 21 8343 1459.79 1864.65 
-11.2899 10.7879 54.5291
255 255 255
2 16 9306 1298.97 1888.92 21 8380 1182.41 1889.24 
-9.55792 11.1295 52.8032
255 255 255
2 16 9310 1463.77 1891.68 21 8387 1362.57 1895.53 
2.48365 17.6265 64.5891
255 255 255
2 16 9340 650.496 1921.83 21 8371 684.809 1883.92 
-11.48 11.089 54.4638
255 255 255
2 16 9342 1300.16 1923.39 21 8408 1181.3 1922.5 
-12.0516 11.2728 55.1412
255 255 255
2 16 9366 1230.5 1947.42 21 8431 1107.45 1945.49 
-9.44008 11.812 52.5441
255 255 255
2 16 9371 1480.72 1951.01 21 8451 1380.74 1955.2 
-8.38806 12.2007 51.8055
255 255 255
2 16 9385 1547.28 1963.09 21 8475 1457.31 1967.12 
-8.48734 12.2262 51.9061
255 255 255
2 16 9393 1537.81 1966.84 21 8481 1446.99 1970.79 
-10.5697 11.827 53.4605
255 255 255
2 16 9406 1391.31 1974.9 21 8493 1280.74 1976.34 
-9.85503 12.0412 52.8463
255 255 255
2 16 9415 1449.16 1979.84 21 8502 1345.31 1982.7 
2.82983 18.372 62.6484
255 255 255
2 16 9422 782.241 1988.53 21 8443 813.228 1952.92 
-6.11136 16.2391 68.2431
255 255 255
2 16 9429 216.912 1991.62 21 8428 210.565 1942.14 
2.41114 18.3998 63.4127
255 255 255
2 16 9430 723.587 1992.16 21 8448 754.074 1953.23 
-9.83914 12.1911 52.6737
255 255 255
2 16 9432 1463.11 1994.8 21 8524 1359.19 1998.17 
2.71972 18.5306 63.1378
255 255 255
2 16 9433 746.12 1996.33 21 8458 777.917 1958.98 
-9.61136 12.3804 52.5399
255 255 255
2 16 9447 1474.5 2005.8 21 8538 1372.97 2009.52 
-12.3555 12.0341 55.2441
255 255 255
2 16 9463 1210.01 2025.47 21 8550 1084.26 2020.95 
-9.93762 12.5253 52.5979
255 255 255
2 16 9471 1466 2028.61 21 8564 1360.91 2031.09 
-6.34801 16.6395 67.8647
255 255 255
2 16 9478 235.909 2035.02 21 8504 226.373 1984.49 
-7.32881 16.5776 68.1635
255 255 255
2 16 9495 187.255 2052.49 21 8526 172.905 2002.84 
-11.3694 12.6156 53.8247
255 255 255
2 16 9507 1343.88 2065.78 21 8597 1225.75 2065.4 
-10.3726 13.2141 52.6385
255 255 255
2 16 9555 1452.67 2102.54 21 8639 1343.29 2104.52 
-8.30622 16.8798 68.2313
255 255 255
2 16 9558 152.332 2104.39 21 8585 131.915 2051.93 
-8.53318 17.1745 68.561
255 255 255
2 16 9583 117.938 2129.53 21 8608 98.22 2074.75 
-12.391 13.3581 54.1748
255 255 255
2 16 9610 1294.59 2162.81 21 8692 1166.21 2160.39 
-12.4874 13.7908 54.2122
255 255 255
2 16 9632 1285.78 2205.37 21 8709 1156.58 2200.92 
-12.493 13.8933 54.3793
255 255 255
2 16 9637 1269.18 2212.02 21 8711 1140.59 2207.14 
-12.2955 14.2135 54.0408
255 255 255
2 16 9655 1299.15 2238.81 21 8726 1172.07 2234.43 
-11.8785 14.3722 53.457
255 255 255
2 16 9662 1355.08 2246.35 21 8734 1231.32 2243.99 
-13.5212 15.6433 55.2166
255 255 255
2 16 9724 1161.05 2396.5 21 8784 1024.95 2384.8 
-12.5673 16.044 53.6459
255 255 255
2 16 9736 1313.82 2418.9 21 8791 1184.03 2413.27 
-10.5046 18.4501 51.4413
255 255 255
2 16 9820 1505.36 2577.06 21 8844 1395.55 2576.53 
-9.42247 -4.65631 66.0495
255 255 255
2 16 9956 494.685 363.496 21 8975 428.913 373.103 
-0.882633 -5.38593 58.7244
255 255 255
2 16 9961 1195.65 363.713 21 8968 1177.69 361.772 
-8.25246 -3.88138 69.9433
255 255 255
2 16 9984 212.282 390.02 21 8994 176.122 396.464 
-5.74256 -3.90931 59.3002
255 255 255
2 16 10052 1088.58 480.526 21 9069 1032.29 484.813 
-9.96252 -3.21591 64.2521
255 255 255
2 16 10069 614.287 503.89 21 9092 536.782 511.407 
-2.02065 -0.898924 70.9898
255 255 255
2 16 10105 268.752 592.704 21 9120 282.694 583.719 
-10.2564 -0.513857 61.5564
255 255 255
2 16 10145 806.369 766.184 21 9153 717.338 772.927 
-11.2924 2.94593 59.1485
255 255 255
2 16 10242 962.584 1115.02 21 9204 855.949 1118.45 
-11.126 3.16315 59.9791
255 255 255
2 16 10247 890.742 1121.62 21 9207 789.231 1123.06 
-11.2332 3.134 59.3559
255 255 255
2 16 10253 943.577 1128.58 21 9212 838.457 1131.03 
-11.3364 3.14345 58.9943
255 255 255
2 16 10255 973.389 1134.72 21 9214 866.109 1139.69 
-11.4321 3.33052 59.1092
255 255 255
2 16 10267 960.051 1152.26 21 9221 852.145 1155.75 
-8.0516 3.67287 54.9317
255 255 255
2 16 10280 1357.93 1178.86 21 9234 1273.82 1186.49 
-11.126 4.15057 57.9498
255 255 255
2 16 10308 1058.95 1236.26 21 9257 950.658 1239.83 
-11.3834 4.35036 58.6307
255 255 255
2 16 10316 993.076 1249.68 21 9264 884.75 1252.82 
-11.3781 4.31315 58.1687
255 255 255
2 16 10321 1034.46 1252.89 21 9267 924.258 1255.65 
-11.3531 4.47277 58.4199
255 255 255
2 16 10329 1010.97 1262.98 21 9275 902.279 1266.27 
-11.7587 4.82844 59.7623
255 255 255
2 16 10352 882.521 1285.84 21 9291 774.813 1284.83 
-9.20353 4.81742 55.1247
255 255 255
2 16 10374 1321.93 1297.71 21 9322 1226.2 1301.78 
-10.3395 4.88822 56.0908
255 255 255
2 16 10390 1225.72 1312.65 21 9339 1120.44 1316.87 
4.28285 9.60729 66.6209
255 255 255
2 16 10395 606.526 1316.88 21 9296 650.762 1286.13 
-11.5005 4.99063 58.0944
255 255 255
2 16 10398 1032.92 1318.92 21 9340 921.226 1318.44 
-10.2639 5.00309 55.8978
255 255 255
2 16 10406 1242.47 1324.08 21 9360 1137.51 1328.25 
4.00163 9.39634 54.3159
255 255 255
2 16 10498 1436.93 1431.25 21 10489 1455.1 1422.8 
-11.1013 7.36704 56.1006
255 255 255
2 16 10555 1192.77 1551.76 21 9504 1080.84 1554.15 
-12.0499 7.88369 58.1074
255 255 255
2 16 10590 994.752 1592.41 21 9532 880.222 1592.23 
-11.5241 8.37629 56.0528
255 255 255
2 16 10630 1182.35 1654.81 21 9584 1066.19 1655.68 
-12.1833 8.56517 57.8356
255 255 255
2 16 10635 1010.64 1663.36 21 9589 893.762 1660.15 
-9.72268 9.68004 53.5187
255 255 255
2 16 10701 1413.33 1759.36 21 9655 1310.99 1762.77 
-11.6971 10.0575 55.1804
255 255 255
2 16 10738 1243.06 1826.25 21 9698 1123.05 1824.65 
-9.09509 10.5075 52.3573
255 255 255
2 16 10741 1511.69 1829.87 21 9710 1414.45 1835.79 
-9.31287 10.8705 52.2883
255 255 255
2 16 10780 1513.13 1868.66 21 9754 1413.6 1874.72 
-8.80397 11.1108 52.4676
255 255 255
2 16 10787 1497.89 1872.63 21 9757 1404.16 1876.68 
-9.12007 11.1915 52.4771
255 255 255
2 16 10805 1494.53 1888.74 21 9776 1397.46 1892.91 
-11.2599 11.042 54.3234
255 255 255
2 16 10829 1315.38 1913.93 21 9792 1198.74 1914.33 
-9.5381 11.55 52.721
255 255 255
2 16 10844 1466.97 1928.29 21 9805 1366.26 1933.18 
2.42688 18.0332 64.2952
255 255 255
2 16 10865 666.436 1954.81 21 9793 699.758 1916.57 
-10.0216 11.8189 52.8498
255 255 255
2 16 10880 1450.03 1966.1 21 9843 1344.04 1968.22 
-10.5425 11.812 53.4637
255 255 255
2 16 10891 1391.37 1972.58 21 9854 1281.13 1974.19 
-8.35489 12.3404 51.7494
255 255 255
2 16 10895 1550.96 1974.72 21 9859 1461.33 1978.82 
-9.86486 12.0528 52.8657
255 255 255
2 16 10902 1447.26 1980.92 21 9865 1343.34 1983.65 
2.51467 18.4171 63.4342
255 255 255
2 16 10911 723.531 1989.76 21 9822 754.949 1952.34 
-9.77772 12.2531 52.5957
255 255 255
2 16 10920 1469.82 1999.44 21 9884 1366.43 2002.79 
-9.90246 12.371 52.747
255 255 255
2 16 10931 1454.43 2011.62 21 9891 1350.03 2014.32 
-10.4156 12.4225 52.9437
255 255 255
2 16 10949 1433.09 2030.97 21 9904 1323.11 2031.16 
-9.82887 12.6235 52.5758
255 255 255
2 16 10954 1467.61 2033.6 21 9913 1363.85 2036.7 
-9.83372 12.8932 52.4947
255 255 255
2 16 10972 1472.32 2059.56 21 9931 1368.13 2060.23 
-12.9977 17.1226 53.9187
255 255 255
2 16 11217 1272.8 2528.87 21 10131 1139.71 2519.19 
-11.217 18.7541 51.165
255 255 255
2 16 11293 1523.37 2639.59 21 10204 1404.63 2636.81 
-9.84127 11.8155 53.0246
255 255 255
2 16 11303 1435.54 1956.64 21 10212 1332.25 1960.25 
-4.08097 -7.05386 65.6007
255 255 255
2 16 11311 662.051 181.59 21 10220 635.506 185.209 
-3.71908 -7.12691 65.0049
255 255 255
2 16 11312 712.84 181.444 21 10221 687.064 184.702 
-9.14955 -4.66654 66.0745
255 255 255
2 16 11355 499.089 361.966 21 10260 435.867 371.618 
-9.64994 -3.91151 63.8207
255 255 255
2 16 11392 662.769 447.385 21 10302 585.901 457.023 
-6.38439 -3.6826 59.6877
255 255 255
2 16 11413 1048.13 497.734 21 10319 986.972 501.442 
-10.5503 -0.669444 62.0285
255 255 255
2 16 11448 762.673 750.747 21 10356 672.229 755.877 
-10.5478 1.23312 60.9078
255 255 255
2 16 11464 839.462 930.441 21 10369 746.123 933.995 
-11.003 3.10572 59.9711
255 255 255
2 16 11492 894.029 1114.27 21 10379 793.851 1116.52 
-11.3327 3.12846 59.0019
255 255 255
2 16 11501 973.002 1133.68 21 10382 865.623 1137.71 
-11.0249 4.0172 58.345
255 255 255
2 16 11523 1026.79 1216.78 21 10397 921.064 1220.87 
-11.3471 4.67517 59.4057
255 255 255
2 16 11537 922.291 1268.08 21 10408 817.651 1269.5 
-10.1911 4.94361 55.8761
255 255 255
2 16 11561 1245.69 1317.66 21 10437 1141.42 1321.82 
-11.8977 6.01554 58.2566
255 255 255
2 16 11591 1002.27 1416.97 21 10483 888.094 1417.6 
-11.8605 6.58996 58.3647
255 255 255
2 16 11599 987.438 1466.44 21 10496 874.786 1467.18 
-11.9255 6.91107 58.2923
255 255 255
2 16 11603 989.684 1497.91 21 10500 876.418 1498.99 
-10.1462 6.97794 55.0241
255 255 255
2 16 11606 1302.37 1510.36 21 10503 1197.26 1512.39 
-10.4804 7.37476 55.1823
255 255 255
2 16 11616 1281.41 1551.49 21 10513 1173.29 1553.02 
-10.4553 7.71602 55.1117
255 255 255
2 16 11625 1284.57 1581.76 21 10520 1176.96 1584.35 
-10.2503 8.98958 54.5624
255 255 255
2 16 11661 1322.95 1696.72 21 10550 1217.29 1701.13 
-10.0875 9.09024 54.3415
255 255 255
2 16 11664 1343.06 1704.71 21 10554 1238.6 1708.85 
2.54636 14.702 65.6005
255 255 255
2 16 11665 605.339 1707.46 21 10540 640.757 1671.28 
2.61445 17.5513 63.7568
255 255 255
2 16 11744 709.762 1924.59 21 10614 741.938 1886.7 
-9.97938 11.6837 53.0458
255 255 255
2 16 11757 1434.1 1949.66 21 10646 1329.07 1952.28 
-11.865 11.4695 54.7694
255 255 255
2 16 11764 1264.32 1963.62 21 10653 1142.79 1964.96 
-10.5307 11.7413 53.4278
255 255 255
2 16 11765 1395.33 1966.15 21 10655 1285.19 1968.6 
-8.52132 12.2819 51.8432
255 255 255
2 16 11771 1542.56 1973.35 21 10659 1451.35 1977.74 
-9.87689 12.1005 52.9244
255 255 255
2 16 11777 1441.48 1984.55 21 10663 1337.61 1987.23 
-9.8236 12.4528 52.821
255 255 255
2 16 11787 1447.58 2015.22 21 10670 1344.24 2017.45 
-6.22255 16.5961 67.9013
255 255 255
2 16 11793 236.965 2028.77 21 10656 228.105 1976 
-13.6497 16.8147 54.1926
255 255 255
2 16 11895 1243.41 2525.67 21 10763 1102.93 2513.77 
-9.92723 -2.70205 64.159
255 255 255
2 16 11993 617.453 547.064 21 10857 540.855 556.68 
-9.80442 -2.7321 64.0027
255 255 255
2 16 11994 633.319 546.358 21 10856 556.858 554.291 
-10.0739 -1.99408 63.7554
255 255 255
2 16 11999 640.868 613.655 21 10861 561.394 620.217 
-10.6102 5.88954 56.181
255 255 255
3 16 12098 1205.64 1405.61 17 17785 705.16 1410.08 21 10946 1097.67 1412.17 
-11.9294 6.54754 58.2925
255 255 255
2 16 12109 993.205 1464.96 21 10957 879.534 1466.33 
-10.854 8.04678 55.0245
255 255 255
2 16 12135 1285.31 1622.58 21 10983 1173.25 1625.34 
-11.4095 8.39733 56.0432
255 255 255
2 16 12143 1184.63 1655.34 21 10990 1069.27 1653.14 
2.46921 17.1249 64.1811
255 255 255
2 16 12206 681.899 1894.32 21 11041 713.951 1854.64 
2.40473 18.1466 63.8756
255 255 255
2 16 12225 693.662 1967.98 21 11062 725.708 1931.03 
-10.1798 13.1813 52.5562
255 255 255
2 16 12260 1461.39 2093.03 21 11106 1354.38 2097.87 
-12.2802 17.5713 53.0218
255 255 255
2 16 12334 1358.13 2552.55 21 11168 1231.04 2545.47 
-10.162 -2.17814 63.8289
255 255 255
2 16 12372 634.86 598.385 21 11212 554.426 603.655 
-10.2185 -1.45494 63.7253
255 255 255
2 16 12374 634.907 660.446 21 11216 554.724 667.891 
-11.5215 5.46905 57.7951
255 255 255
2 16 12406 1054.43 1365.84 21 11240 942.12 1367.3 
-14.1384 15.7859 55.5167
255 255 255
2 16 12473 1123.43 2431.99 21 11318 980.707 2414.41 
-10.0382 -2.27908 63.4843
255 255 255
2 16 12482 666.538 590.486 21 11330 586.412 600.246 
-8.8952 12.7059 51.803
255 255 255
2 16 12525 1540.18 2021.84 21 11404 1445.13 2026.25 
-9.91771 -3.54609 63.4616
255 255 255
2 16 12698 683.338 483.191 21 12192 602.617 491.82 
-12.0307 8.21289 56.8427
255 255 255
2 16 13318 1106.15 1641.91 21 12227 986.815 1641.09 
-11.5104 10.8705 54.6657
255 255 255
2 16 13398 1283.6 1901.13 21 12242 1164.98 1901.02 
-12.4047 12.5446 54.9238
255 255 255
2 16 13485 1233.67 2078.09 21 12219 1106.82 2074.42 
-6.66966 16.31 68.16
255 255 255
2 16 13486 207.599 2013.03 21 12162 197.361 1964.61 
-9.34131 -4.84679 65.2753
255 255 255
2 16 13533 560.421 354.294 21 12363 491.812 364.928 
-10.111 3.01513 57.1636
255 255 255
2 16 13707 1151.76 1127.53 21 12509 1051.09 1132.87 
-12.4167 15.2614 53.6939
255 255 255
2 16 13745 1318.98 2342 21 12606 1190.52 2338.35 
-11.9485 13.1678 54.0503
255 255 255
2 16 13783 1312.33 2131.73 21 12569 1188.61 2130.06 
-8.42902 -4.70207 63.4762
255 255 255
2 16 13819 722.277 382.487 21 12648 654.403 390.934 
-12.1476 15.5961 53.4351
255 255 255
2 16 13930 1341.85 2365.13 21 12800 1216.1 2362.09 
-8.20493 5.76342 54.13
255 255 255
2 17 2423 985.008 1394.12 21 1064 1320.18 1378.62 
-5.12258 11.6803 50.9828
255 255 255
2 18 7920 888.901 1964.39 22 7150 767.149 1953.02 
-3.03118 -3.86725 58.8463
255 255 255
2 17 9641 1059.34 472.762 18 9765 867.384 470.341 
-9.03519 8.10712 53.782
255 255 255
2 17 11367 952.147 1628.1 21 3649 1314.77 1604.26 
-10.3061 12.7656 52.958
255 255 255
2 17 12215 920.167 2097.84 21 6858 1320.86 2058.92 
-10.3168 12.8489 52.9646
255 255 255
2 17 12230 919.228 2106.61 21 6864 1319.22 2065.06 
-10.0718 3.66034 56.6083
255 255 255
2 17 13880 716.233 1195.91 21 7837 1093.11 1198.12 
-4.89743 5.08877 52.7404
255 255 255
2 17 13976 1288.72 1300.88 18 14157 822.737 1312.42 
-6.22717 12.8738 50.8752
255 255 255
2 17 14719 1334.6 2059.4 18 14765 802.129 2094.13 
-10.2489 4.51443 56.4669
255 255 255
2 17 15843 713.021 1277.55 21 9287 1093.75 1277.39 
-5.55162 3.63535 53.6875
255 255 255
2 17 17139 1186.14 1167.6 18 17232 747.146 1175.86 
-9.74587 7.45292 54.4528
255 255 255
2 17 17809 862.126 1565.97 21 10972 1250.21 1557.98 
-2.32176 -6.79919 62.0654
255 255 255
2 18 35 885.049 239.961 22 25 875.147 253.461 
-1.20872 -6.50706 61.3386
255 255 255
2 18 42 972.233 248.47 22 32 954.739 261.957 
7.87667 -3.68202 59.1412
255 255 255
2 18 180 1708.06 365.002 22 150 1675.09 372.397 
5.84899 -3.61123 57.5954
255 255 255
2 18 235 1575.72 393.471 22 195 1524.26 402.836 
5.78692 -3.45123 57.7583
255 255 255
2 18 272 1570.52 406.902 22 226 1520.73 416.075 
6.73677 -2.70155 57.9485
255 255 255
2 18 375 1651.01 455.483 22 328 1605 464.507 
-4.90608 -3.71674 58.5706
255 255 255
2 18 520 721.835 505.677 22 480 684.447 515.686 
-1.5336 -2.50177 55.7024
255 255 255
2 18 702 1012.34 574.976 22 667 940.006 584.614 
1.28109 -2.09921 54.8841
255 255 255
2 18 711 1256.4 578.326 22 673 1173.33 588.009 
-6.05246 -2.86353 57.5408
255 255 255
2 18 738 637.712 590.431 22 702 592.828 600.122 
-5.77167 -2.66866 57.0625
255 255 255
2 18 772 661.452 605.685 22 732 611.053 614.148 
-5.73215 -2.60465 56.9998
255 255 255
2 18 787 665.235 610.578 22 746 614.098 619.333 
-0.844804 -1.80169 55.0413
255 255 255
2 18 823 1081.24 628.722 22 787 1001 637.935 
-5.72017 -2.24631 56.7403
255 255 255
2 18 853 669.603 641.387 22 817 615.776 649.3 
-1.05753 -1.50669 54.9517
255 255 255
2 18 905 1067.46 657.06 22 854 986.445 665.644 
-2.81306 -1.60694 55.4208
255 255 255
2 18 931 917.5 667.377 22 873 843.836 675.288 
-0.618545 -0.389583 54.3885
255 255 255
2 18 1177 1121.41 751.053 22 1115 1033.8 759.088 
-3.88619 -0.555393 54.5067
255 255 255
2 18 1244 841.042 776.721 22 1169 759.008 783.087 
-4.61542 -0.327168 54.6231
255 255 255
2 18 1323 781.477 804.651 22 1237 702.252 810.101 
-2.93752 -0.0588736 53.961
255 255 255
2 18 1339 929.32 812.423 22 1263 839.363 818.97 
0.349503 0.703382 54.0798
255 255 255
2 18 1398 1219.59 836.263 22 1321 1128.17 843.898 
-6.42815 0.00882608 55.5345
255 255 255
2 18 1429 633.039 847.799 22 1343 568.286 851.497 
0.0847417 0.834571 53.9356
255 255 255
2 18 1439 1199.8 852.263 22 1368 1106.79 859.986 
-0.0169855 0.819664 53.8846
255 255 255
2 18 1441 1191.31 852.793 22 1367 1097.73 860.371 
-6.41372 0.0778674 55.5081
255 255 255
2 18 1447 634.957 853.879 22 1360 569.881 857.2 
-6.42228 0.156274 55.4612
255 255 255
2 18 1472 634.996 860.544 22 1382 569.422 864.861 
-3.38474 0.444875 53.7645
255 255 255
2 18 1482 897.315 864.105 22 1402 805.818 869.689 
-0.421023 0.983031 53.8543
255 255 255
2 18 1499 1158.92 872.415 22 1430 1065.21 879.879 
-0.251077 1.14858 53.8039
255 255 255
2 18 1530 1175.96 885.064 22 1464 1081.6 892.904 
-3.54642 0.731947 53.7103
255 255 255
2 18 1543 886.891 892.087 22 1473 795.056 896.957 
-4.73849 0.689975 54.2696
255 255 255
2 18 1559 782.874 897.49 22 1485 699.901 902.033 
-9.03769 0.884846 56.4256
255 255 255
2 18 1648 428.476 944.846 22 1570 381.075 944.535 
-1.84143 1.76203 53.1361
255 255 255
2 18 1712 1050.1 967.467 22 1639 949.038 973.139 
-1.99007 1.7578 53.1293
255 255 255
2 18 1720 1037.08 969.245 22 1647 936.102 974.519 
-2.50049 1.72166 53.166
255 255 255
2 18 1729 991.792 972.448 22 1653 891.894 976.874 
-2.06593 1.79744 53.1483
255 255 255
2 18 1734 1030.84 973.605 22 1659 930.188 978.64 
-1.99056 1.83037 53.1214
255 255 255
2 18 1740 1037.98 975.761 22 1665 936.916 981.074 
-2.3375 1.86311 53.1279
255 255 255
2 18 1763 1007.98 983.286 22 1680 907.421 987.936 
-2.16194 1.94991 53.0708
255 255 255
2 18 1777 1024.71 989.115 22 1699 923.241 994.499 
-6.33686 1.61261 54.8243
255 255 255
2 18 1783 657.219 991.722 22 1691 584.394 993.143 
-2.29836 1.97106 53.0779
255 255 255
2 18 1792 1012.98 992.866 22 1705 911.771 997.768 
-2.60599 2.01052 53.1108
255 255 255
2 18 1807 986.352 1000.15 22 1718 885.957 1004.41 
-2.53071 2.14585 53.0526
255 255 255
2 18 1827 994.877 1012.04 22 1735 893.687 1016.14 
-7.72118 1.74473 55.4256
255 255 255
2 18 1830 542.991 1013.16 22 1733 480.736 1012.71 
-2.54293 2.31116 53.0104
255 255 255
2 18 1861 996.037 1027.36 22 1769 894.363 1031.63 
-0.771101 2.83029 53.3027
255 255 255
2 18 1905 1155.83 1046.43 22 1797 1056.12 1052.24 
-2.58014 2.60511 52.9945
255 255 255
2 18 1916 996.486 1054.51 22 1809 894.708 1058.18 
-6.7164 2.29551 54.7795
255 255 255
2 18 1918 632.49 1056.42 22 1805 560.187 1055.98 
-4.25107 2.44093 53.3066
255 255 255
2 18 1922 846.815 1057.5 22 1812 751.585 1059.43 
-2.6051 2.66258 52.9101
255 255 255
2 18 1927 995.368 1060.94 22 1830 892.589 1064.95 
-8.03637 2.25892 55.3895
255 255 255
2 18 1929 521.879 1061.86 22 1816 460.2 1059.65 
-4.14355 2.53271 53.2419
255 255 255
2 18 1943 857.464 1064.91 22 1835 761.243 1067.37 
-2.66805 2.76898 52.9011
255 255 255
2 18 1966 991.181 1071.76 22 1857 888.398 1074.96 
-7.38009 2.42766 55.0245
255 255 255
2 18 1968 578.061 1072.97 22 1849 510.378 1071.45 
-2.57972 2.89126 52.845
255 255 255
2 18 1992 1000.74 1082.07 22 1882 897.155 1085.85 
-0.943462 3.20337 53.2825
255 255 255
2 18 1993 1145.65 1082.14 22 1888 1045.89 1087.55 
-0.842125 3.36787 53.3444
255 255 255
2 18 2022 1156.1 1094.45 22 1910 1057.07 1100.07 
-2.95996 3.12271 52.8139
255 255 255
2 18 2045 970.167 1108.49 22 1925 866.76 1111.35 
-2.77129 3.19348 52.7923
255 255 255
2 18 2052 987.815 1112.74 22 1931 883.883 1115.63 
-3.30094 3.2081 52.8148
255 255 255
2 18 2068 941.067 1120.71 22 1945 838.205 1123 
-2.81013 3.2984 52.7708
255 255 255
2 18 2076 985.779 1122.9 22 1951 881.645 1125.89 
-3.52568 3.33578 52.8304
255 255 255
2 18 2107 922.713 1135.03 22 1977 820.426 1136.73 
-3.37358 3.37202 52.7733
255 255 255
2 18 2112 936.804 1137.05 22 1984 833.562 1139.11 
-8.12507 3.08625 55.0899
255 255 255
2 18 2115 522.223 1138.43 22 1969 457.535 1134.53 
-3.04236 3.46517 52.7385
255 255 255
2 18 2129 967.428 1141.39 22 2000 863.246 1144.16 
-5.80756 3.4433 53.7326
255 255 255
2 18 2181 722.538 1160.47 22 2055 635.865 1159.4 
-2.54655 3.7408 52.6842
255 255 255
2 18 2183 1015.04 1160.69 22 2064 909.541 1163.45 
-2.4625 3.77478 52.644
255 255 255
2 18 2191 1023.11 1163.41 22 2074 917.015 1165.97 
-5.04514 3.53897 53.3923
255 255 255
2 18 2198 790.339 1164.49 22 2068 697.846 1164.05 
-2.29931 3.8847 52.687
255 255 255
2 18 2211 1038.74 1170.46 22 2090 933.002 1173.15 
-4.97463 4.39307 52.9046
255 255 255
2 18 2382 807.172 1248.38 22 2227 708.681 1246.52 
-3.96479 4.63582 52.4862
255 255 255
2 18 2426 900.747 1264.22 22 2269 795.082 1263.69 
-3.88034 4.66705 52.4327
255 255 255
2 18 2431 908.822 1266.92 22 2273 802.341 1266.41 
-5.17715 5.43251 52.5212
255 255 255
2 18 2641 802.141 1352.27 22 2456 699.441 1348.58 
-5.2628 5.43983 52.5737
255 255 255
2 18 2642 794.542 1352.9 22 2455 692.68 1349.36 
-2.03503 8.87231 52.601
255 255 255
2 18 2981 1125.86 1618.68 22 2764 1019.96 1619.24 
-3.15632 10.2083 51.4071
255 255 255
2 18 3171 1049.17 1787.87 22 2926 929.446 1784.55 
-4.68512 11.1112 51.1086
255 255 255
2 18 3340 921.607 1901.81 22 3045 800.54 1892.5 
-4.61616 11.1755 51.1023
255 255 255
2 18 3348 928.833 1906.8 22 3055 807.561 1897.96 
-11.9569 11.3238 54.523
255 255 255
2 18 3355 284.234 1913.14 22 3035 226.84 1884 
-4.50668 11.3297 51.0528
255 255 255
2 18 3374 941.114 1921.11 22 3075 819.038 1912.23 
-4.59184 11.3422 51.028
255 255 255
2 18 3382 933.488 1924.24 22 3078 811.238 1915.08 
-4.49047 11.3944 51.0287
255 255 255
2 18 3389 943.541 1927.33 22 3084 821.117 1918.97 
-4.47015 11.4536 51.0274
255 255 255
2 18 3401 946.193 1932.71 22 3091 823.742 1924.01 
-4.39693 11.4709 51.0183
255 255 255
2 18 3403 953.22 1933.62 22 3092 830.531 1925 
-4.3762 11.5522 51.008
255 255 255
2 18 3413 956.234 1941.23 22 3099 833.401 1932.43 
-4.4065 11.6295 50.9799
255 255 255
2 18 3425 954.543 1949.7 22 3108 831.411 1940.67 
-4.71975 11.7299 50.9635
255 255 255
2 18 3448 926.912 1963.83 22 3134 804.136 1953.85 
-4.91535 11.7277 50.9866
255 255 255
2 18 3454 908.703 1965.66 22 3135 786.6 1955.04 
-4.75795 11.8134 50.9351
255 255 255
2 18 3463 924.553 1972.9 22 3152 801.488 1962.86 
-4.77455 11.8817 50.9383
255 255 255
2 18 3481 923.9 1979.1 22 3170 800.911 1969.39 
-3.49765 12.3322 51.1042
255 255 255
2 18 3527 1047.03 1997.27 22 3216 924.432 1990.67 
-4.35599 13.0393 50.7422
255 255 255
2 18 3679 978.595 2086.25 22 3347 852.613 2076.71 
-4.43636 13.107 50.7369
255 255 255
2 18 3690 972.036 2093.64 22 3362 846.124 2084.07 
-5.52886 13.0867 50.7176
255 255 255
2 18 3719 870.179 2108.28 22 3380 746.079 2094.14 
-6.22159 13.0985 50.7784
255 255 255
2 18 3733 805.747 2116.95 22 3387 684.039 2100.26 
-4.70317 13.3014 50.702
255 255 255
2 18 3735 949.907 2116.79 22 3395 824.057 2105.53 
-6.11194 13.1504 50.7186
255 255 255
2 18 3745 816.695 2122.19 22 3394 693.936 2105.99 
-6.00089 13.2105 50.6844
255 255 255
2 18 3750 827.876 2127.38 22 3406 704.415 2111.47 
-6.12251 13.2143 50.6966
255 255 255
2 18 3755 816.574 2129.03 22 3408 693.566 2112.61 
-4.78783 13.4212 50.6419
255 255 255
2 18 3757 943.811 2131.14 22 3419 817.347 2119.36 
-4.8475 13.482 50.6376
255 255 255
2 18 3768 939.069 2137.48 22 3432 812.656 2125.92 
-4.90728 13.5649 50.5969
255 255 255
2 18 3785 934.723 2147.5 22 3440 807.906 2135.4 
-4.91723 13.7154 50.562
255 255 255
2 18 3820 935.895 2162.6 22 3471 808.668 2150.53 
-6.09307 13.628 50.6095
255 255 255
2 18 3832 824.873 2169.84 22 3474 700.743 2152.7 
-5.11685 13.808 50.5159
255 255 255
2 18 3843 918.625 2175.59 22 3481 791.179 2162.69 
-5.27022 13.873 50.5348
255 255 255
2 18 3851 905.098 2183.36 22 3485 778.245 2169.2 
-5.74627 13.8975 50.5541
255 255 255
2 18 3861 860.912 2191.55 22 3492 735.309 2175.73 
-5.33275 13.9803 50.4984
255 255 255
2 18 3866 900.774 2195.16 22 3502 773.571 2181.15 
-5.66217 14.0764 50.5065
255 255 255
2 18 3883 871.232 2208.38 22 3517 744.85 2192.92 
-5.59304 14.0815 50.4643
255 255 255
2 18 3884 877.853 2209.49 22 3518 750.765 2194.14 
-7.34786 14.5593 50.5296
255 255 255
2 18 3989 719.981 2275.12 22 3599 598.242 2252.41 
-7.84146 14.7656 50.5516
255 255 255
2 18 4049 676.595 2300.2 22 3656 556.681 2274.44 
-4.4136 15.3568 50.5706
255 255 255
2 18 4063 1004.38 2304.45 22 7799 877.009 2293.92 
-5.99053 15.1281 50.3493
255 255 255
2 18 4102 854.754 2314.88 22 3716 727.263 2297.51 
-6.13047 15.3437 50.3163
255 255 255
2 18 4147 844.555 2338 22 3744 717.015 2319.42 
-4.17755 15.8447 50.5308
255 255 255
2 18 4169 1032.94 2346.86 22 3768 904.919 2336.87 
-8.55684 15.2972 50.6235
255 255 255
2 18 4183 617.072 2355.01 22 3751 500.424 2326.25 
-6.65767 15.4707 50.2914
255 255 255
2 18 4187 796.808 2357.98 22 3767 670.239 2336.93 
-4.71475 16.012 50.5984
255 255 255
2 18 4199 984.814 2367.22 22 3789 858.555 2354.64 
-8.8431 15.5207 50.58
255 255 255
2 18 4214 593.21 2380.81 22 3781 476.995 2350.43 
-8.70125 15.5182 50.5253
255 255 255
2 18 4215 606.248 2381.05 22 3784 488.855 2350.88 
-6.88681 15.7299 50.2279
255 255 255
2 18 4223 778.787 2387.25 22 3802 652.016 2365.03 
-4.88124 16.2561 50.4657
255 255 255
2 18 4237 973.071 2396.87 22 3836 845.392 2383.54 
-5.18322 16.4352 50.3367
255 255 255
2 18 4276 947.721 2422.72 22 3861 818.898 2407.7 
-9.3949 15.9999 50.7872
255 255 255
2 18 4277 549.05 2423.51 22 3842 437.532 2389.33 
-7.1582 16.0992 50.1645
255 255 255
2 18 4282 758.237 2427.13 22 3855 631.422 2403.43 
-5.38966 16.5656 50.2447
255 255 255
2 18 4300 930.433 2441.32 22 3885 800.8 2425.1 
-5.38361 16.733 50.1469
255 255 255
2 18 4331 933.546 2460.37 22 3904 802.637 2444.17 
-8.41179 16.3959 50.3454
255 255 255
2 18 4335 644.72 2464.27 22 3894 524.146 2433.58 
-4.63199 17.1489 49.9844
255 255 255
2 18 4361 1010.35 2493.87 22 3934 876.147 2481 
-4.76559 17.119 49.9539
255 255 255
2 18 4362 997.528 2494.53 22 3933 863.107 2480.78 
-5.80825 16.9886 49.9821
255 255 255
2 18 4365 897.503 2496.65 22 3931 765.289 2478.03 
-5.13209 17.384 49.9414
255 255 255
2 18 4409 966.597 2524.38 22 3975 832.711 2508.89 
-5.21094 17.4136 49.9586
255 255 255
2 18 4417 959.498 2527.58 22 3980 826.004 2511.5 
-5.56328 17.551 49.9755
255 255 255
2 18 4440 928.099 2544.37 22 3997 795.528 2526.58 
-5.71343 17.5622 50.0006
255 255 255
2 18 4444 914.039 2546.52 22 3999 782.107 2527.91 
-5.99023 17.5293 49.9744
255 255 255
2 18 4445 887.617 2548.23 22 4000 755.84 2529.13 
-5.9075 17.5427 50.0021
255 255 255
2 18 4446 895.505 2547.74 22 3998 763.997 2527.68 
-5.66372 17.5811 49.9706
255 255 255
2 18 4448 919.059 2548.88 22 4007 786.635 2530.35 
-8.23163 17.8033 50.2967
255 255 255
2 18 4511 680.588 2590.68 22 4052 559.014 2559.75 
-6.95167 17.915 50.1207
255 255 255
2 18 4512 802.111 2590.75 22 4064 674.673 2565.94 
-7.05901 17.9777 50.1669
255 255 255
2 18 4519 792.846 2595.77 22 4072 666.305 2570.61 
-7.26224 18.0143 50.1296
255 255 255
2 18 4535 774.267 2603.61 22 4084 647.766 2577.28 
-7.41637 18.009 50.1335
255 255 255
2 18 4538 759.717 2605.02 22 4085 633.668 2578.1 
-7.46261 18.0404 50.1166
255 255 255
2 18 4544 755.789 2609.39 22 4092 629.663 2581.89 
-7.5572 18.0666 50.1451
255 255 255
2 18 4549 747.269 2611.62 22 4094 621.768 2584.03 
-10.4552 18.4908 51.2421
255 255 255
2 18 4573 486.917 2639.78 22 4106 385.12 2598.42 
-10.176 18.6158 51.0167
255 255 255
2 18 4592 513.142 2657.21 22 4118 407.494 2616.77 
2.36979 -5.8606 61.6849
255 255 255
2 18 4692 1241.77 259.674 22 4208 1226.03 271.19 
-1.90686 -5.79061 60.2855
255 255 255
2 18 4761 930.42 309.026 22 4271 904.208 321.672 
-2.11249 -5.76072 60.4621
255 255 255
2 18 4767 914.718 313.518 22 4278 890.392 326.407 
-1.9892 -5.40746 59.819
255 255 255
2 18 4809 929.439 339.116 22 4313 899.034 351.417 
6.50856 -4.14276 57.8657
255 255 255
2 18 4831 1616.86 343.751 22 4325 1568.76 352.59 
6.41188 -4.11577 57.8535
255 255 255
2 18 4843 1609.84 346.952 22 4339 1561.49 355.887 
-4.41917 -5.57006 61.1091
255 255 255
2 18 4857 742.063 352.786 22 4368 727.159 366.095 
7.37993 -3.8713 58.7855
255 255 255
2 18 4867 1673.5 355.765 22 4359 1636.08 363.477 
7.35161 -3.75566 58.7373
255 255 255
2 18 4889 1673.48 364.598 22 4383 1635.62 373.37 
-0.778014 -4.83497 58.0946
255 255 255
2 18 4903 1035.88 371.108 22 4407 987.534 381.801 
6.8963 -3.30252 58.3836
255 255 255
2 18 4984 1649.4 405.51 22 4482 1607.6 414.385 
7.75601 -3.08169 59.0441
255 255 255
2 18 4999 1707.69 412.228 22 4504 1673.98 421.421 
7.72306 -2.97706 59.0857
255 255 255
2 18 5018 1705.78 420.845 22 4528 1672.48 429.763 
5.16963 -3.261 57.4365
255 255 255
2 18 5041 1528.77 429.455 22 4547 1475.04 438.978 
1.78344 -3.64969 55.8042
255 255 255
2 18 5064 1270.64 439.788 22 4570 1197.37 449.799 
5.77806 -2.74291 57.15
255 255 255
2 18 5131 1587.15 464.742 22 4626 1531.51 473.965 
1.45786 -3.21509 55.506
255 255 255
2 18 5173 1251.87 480.078 22 4673 1175.45 490.581 
-0.791908 -3.45532 56.1364
255 255 255
2 18 5194 1060.08 485.491 22 4691 991.588 495.778 
1.34447 -3.16821 55.4974
255 255 255
2 18 5195 1243.18 485.248 22 4692 1166.69 495.974 
4.0759 -2.29973 56.6092
255 255 255
2 18 5274 1464.18 521.492 22 4769 1401.18 531.942 
7.99754 -1.51261 59.8876
255 255 255
2 18 5286 1731.24 529.385 22 4783 1707.08 538.799 
-6.87872 -3.4203 58.9748
255 255 255
2 18 5334 570.443 549.822 22 4828 541.601 559.894 
1.65544 -1.94544 54.7841
255 255 255
2 18 5434 1290.49 586.96 22 4912 1206.32 597.188 
1.68586 -1.69132 54.7468
255 255 255
2 18 5484 1296.55 608.621 22 4953 1212.04 618.25 
0.0665047 -1.89265 54.9265
255 255 255
2 18 5488 1157.11 610.654 22 4960 1074.94 619.709 
-0.916433 -1.7538 55.0273
255 255 255
2 18 5557 1075.9 633.832 22 5027 995.571 642.799 
-5.67089 -2.31422 56.7752
255 255 255
2 18 5559 672.96 634.888 22 5025 619.371 643.18 
-0.728139 -1.70182 54.9667
255 255 255
2 18 5565 1092.64 636.183 22 5032 1011.48 645.328 
-0.871881 -1.67204 55.0185
255 255 255
2 18 5579 1080.66 640.257 22 5043 1000.21 649.214 
-5.95161 -2.24806 56.7493
255 255 255
2 18 5592 650.655 643.891 22 5052 597.493 651.805 
-0.957745 -1.61286 54.9562
255 255 255
2 18 5596 1074.53 646.308 22 5062 993.454 655.946 
-3.43486 -1.91632 55.687
255 255 255
2 18 5598 861.58 646.931 22 5061 791.812 655.762 
-2.84323 -1.42186 55.2395
255 255 255
2 18 5668 917.613 684.336 22 5121 841.999 692.398 
-1.36918 -0.988022 54.7476
255 255 255
2 18 5697 1048.56 706.239 22 5151 965.603 714.713 
-2.57737 -1.08157 55.0237
255 255 255
2 18 5703 944.547 711.496 22 5158 866.164 719.162 
-1.42279 -0.898135 54.6467
255 255 255
2 18 5710 1045.63 715.466 22 5163 961.588 723.494 
-2.23895 -0.882404 54.7953
255 255 255
2 18 5730 976.213 726.235 22 5181 894.814 733.213 
-0.131843 -0.582508 54.4044
255 255 255
2 18 5737 1160.19 728.415 22 5192 1072.43 736.389 
-2.49958 -0.873576 54.8459
255 255 255
2 18 5739 954.138 729.386 22 5194 873.658 737.186 
-5.84495 -1.23814 55.8784
255 255 255
2 18 5747 668.724 732.065 22 5199 606.156 738.708 
-0.384448 -0.505304 54.3676
255 255 255
2 18 5765 1139.99 738.265 22 5223 1051.96 746.543 
0.201624 -0.422628 54.2833
255 255 255
2 18 5766 1191.35 738.376 22 5224 1102.06 747.473 
-0.629557 -0.539214 54.3476
255 255 255
2 18 5768 1118.91 738.539 22 5222 1030.8 746.758 
0.375604 -0.3952 54.2474
255 255 255
2 18 5770 1206.74 739.135 22 5227 1116.98 747.675 
-0.286308 -0.458832 54.3964
255 255 255
2 18 5773 1148.68 740.969 22 5230 1060.94 748.988 
0.313038 -0.28184 54.2077
255 255 255
2 18 5793 1203.16 749.647 22 5252 1112.98 758.847 
-0.567925 -0.381863 54.3115
255 255 255
2 18 5798 1126.31 751.59 22 5256 1037.77 759.803 
-6.96503 -1.00092 56.1187
255 255 255
2 18 5815 578.795 764.202 22 5269 521.788 768.997 
-4.00964 -0.560042 54.544
255 255 255
2 18 5833 830.425 777.493 22 5289 749.053 783.927 
-4.25711 -0.545507 54.6467
255 255 255
2 18 5837 809.44 780.758 22 5293 729.721 787.522 
-6.90444 -0.788086 56.0246
255 255 255
2 18 5839 585.842 781.492 22 5292 527.653 787.171 
-3.84464 -0.345036 54.3779
255 255 255
2 18 5858 847.23 795.416 22 5312 763.653 801.636 
-3.047 -0.244819 54.0685
255 255 255
2 18 5863 917.375 796.998 22 5316 828.838 802.997 
-3.72154 -0.301544 54.2697
255 255 255
2 18 5865 858.435 798.324 22 5319 773.382 805.037 
-4.21939 -0.227587 54.5267
255 255 255
2 18 5888 816.451 808.959 22 5335 735.309 814.891 
-3.05102 -0.04787 53.9647
255 255 255
2 18 5905 919.675 814.94 22 5353 829.944 821.098 
-4.49525 -0.0664855 54.4561
255 255 255
2 18 5937 794.813 827.104 22 5379 713.441 832.392 
-0.430419 0.769342 53.9087
255 255 255
2 18 6002 1155.06 853.233 22 5446 1061.95 860.995 
-8.33746 -0.0446965 56.3741
255 255 255
2 18 6014 476.33 857.886 22 5448 426.105 861.977 
-6.51489 0.225306 55.4656
255 255 255
2 18 6031 627.983 867.276 22 5467 562.701 871.913 
-3.46863 0.475617 53.7664
255 255 255
2 18 6035 890.421 868.009 22 5470 799.096 873.19 
-6.39238 0.304452 55.3559
255 255 255
2 18 6051 638.907 874.299 22 5481 572.116 877.449 
-0.391457 1.01201 53.7408
255 255 255
2 18 6056 1162.66 875.876 22 5497 1067.59 883.015 
-7.01406 0.412613 55.5233
255 255 255
2 18 6093 588.2 889.476 22 5513 524.951 892.063 
-4.90582 0.793298 54.4253
255 255 255
2 18 6128 769.72 907.263 22 5551 688.903 910.948 
-7.50253 0.685625 55.636
255 255 255
2 18 6145 550.537 917.899 22 5563 489.937 918.952 
-6.21966 0.965489 55.0663
255 255 255
2 18 6169 660.335 931.959 22 5587 589.901 933.893 
-8.14322 1.01978 55.779
255 255 255
2 18 6219 501.004 952.586 22 5627 443.906 952.557 
-1.50085 1.66573 53.2669
255 255 255
2 18 6221 1077.9 952.873 22 5641 978.069 959.024 
-1.40971 1.86868 53.2264
255 255 255
2 18 6275 1088.62 970.504 22 5686 988.256 975.95 
-2.43408 1.75794 53.1884
255 255 255
2 18 6282 997.957 974.397 22 5691 898.244 979.145 
-3.41962 1.66008 53.3654
255 255 255
2 18 6288 909.987 976.157 22 5692 813.88 980.51 
-2.37286 1.80071 53.1457
255 255 255
2 18 6294 1004.03 978.09 22 5701 903.727 982.523 
-2.2783 1.81892 53.1272
255 255 255
2 18 6296 1012.62 978.604 22 5702 911.972 983.307 
-6.42021 1.49685 54.8671
255 255 255
2 18 6303 648.874 982.259 22 5704 576.753 983.743 
-1.73753 2.0222 53.0736
255 255 255
2 18 6321 1062.78 990.269 22 5736 960.891 995.401 
-2.65034 1.90079 53.1164
255 255 255
2 18 6326 981.084 990.858 22 5734 880.805 995.207 
-1.55591 2.15758 53.2558
255 255 255
2 18 6339 1079.3 997.447 22 5751 979.475 1003.11 
-2.60624 2.06135 53.0741
255 255 255
2 18 6352 987.11 1005.12 22 5761 886.273 1009.4 
-2.4592 2.08905 53.0847
255 255 255
2 18 6353 1000.31 1005.33 22 5763 899.404 1010.14 
-7.63074 1.73869 55.4418
255 255 255
2 18 6367 550.648 1011.46 22 5769 488.291 1010.85 
-4.224 2.11792 53.4171
255 255 255
2 18 6394 845.122 1027.17 22 5807 751.153 1029.05 
-2.51775 2.53807 52.9692
255 255 255
2 18 6435 1001.25 1048.2 22 5847 899.074 1051.66 
-2.72347 2.54456 52.9435
255 255 255
2 18 6442 983.333 1051.51 22 5852 881.114 1055.4 
-0.902805 2.89875 53.2623
255 255 255
2 18 6448 1145.51 1054.6 22 5862 1045.4 1060.62 
-2.67189 2.62179 52.9141
255 255 255
2 18 6451 988.959 1058.12 22 5865 886.315 1062.07 
-0.895937 3.12313 53.2902
255 255 255
2 18 6494 1148.73 1074.11 22 5919 1049.01 1079.94 
-0.768656 3.13649 53.2956
255 255 255
2 18 6495 1159.95 1073.81 22 5917 1060.23 1079.24 
-6.06034 2.58615 54.3207
255 255 255
2 18 6514 691.258 1079.86 22 5916 612.029 1079.27 
-2.58221 2.97077 52.8592
255 255 255
2 18 6546 1001.45 1088.97 22 5945 898.052 1092.82 
-2.86607 2.98717 52.8298
255 255 255
2 18 6557 976.715 1094.79 22 5960 873.352 1097.96 
-8.45395 2.63216 55.4227
255 255 255
2 18 6571 490.805 1098.76 22 5950 430.818 1095.09 
-2.87789 3.08043 52.8105
255 255 255
2 18 6579 976.909 1103.5 22 5974 873.332 1106.8 
-6.08062 2.88993 54.1403
255 255 255
2 18 6588 692.773 1109.09 22 5975 611.524 1108.44 
-2.93699 3.18636 52.7904
255 255 255
2 18 6595 973.082 1114.12 22 5986 869.355 1117.23 
-3.97373 3.09937 52.9148
255 255 255
2 18 6600 879.951 1118.39 22 5993 779.477 1119.84 
-3.39823 3.16333 52.8225
255 255 255
2 18 6602 931.878 1118.04 22 5995 829.27 1119.88 
-3.81995 3.12787 52.9369
255 255 255
2 18 6608 893.844 1118.82 22 5994 793.366 1119.97 
-2.98719 3.27082 52.7606
255 255 255
2 18 6616 969.806 1122.98 22 6007 865.798 1125.66 
-3.39933 3.26299 52.8208
255 255 255
2 18 6629 933.024 1126.64 22 6017 830.394 1129.2 
-3.09694 3.31805 52.7837
255 255 255
2 18 6634 960.593 1128.44 22 6022 857.042 1130.74 
-3.43912 3.36594 52.8097
255 255 255
2 18 6662 930.812 1136.72 22 6039 828.123 1138.89 
-2.55207 3.66614 52.6912
255 255 255
2 18 6705 1013.58 1153.99 22 6089 908.167 1156.66 
-2.62233 3.73677 52.6848
255 255 255
2 18 6731 1008.27 1161.24 22 6115 902.874 1164.08 
-2.43389 3.79861 52.6678
255 255 255
2 18 6744 1025.83 1164.71 22 6125 919.997 1167.47 
-6.74513 3.82898 54.0114
255 255 255
2 18 6818 645.833 1201.73 22 6189 564.858 1199.83 
-5.90833 4.16316 53.386
255 255 255
2 18 6881 721.947 1231.92 22 2199 631.462 1228.67 
-5.07549 4.23198 53.0256
255 255 255
2 18 6882 796.199 1233.17 22 6250 699.397 1231.29 
-9.39137 4.14646 55.422
255 255 255
2 18 6898 428.143 1240.46 22 6254 371.236 1232.75 
-2.09133 4.72173 52.6323
255 255 255
2 18 6902 1068.04 1244.03 22 6268 961.538 1246.63 
-3.87706 4.74587 52.4182
255 255 255
2 18 6938 910.14 1274.25 22 6303 803.478 1273.76 
-2.45562 7.98642 52.0615
255 255 255
2 18 7259 1080.4 1557.24 22 6588 967.774 1557.37 
-4.41652 10.7065 51.2155
255 255 255
2 18 7721 940.78 1857.41 22 6971 820.539 1849.5 
-4.612 11.1449 51.0937
255 255 255
2 18 7809 928.842 1904.48 22 7048 807.461 1895.08 
-4.55599 11.3899 51.0484
255 255 255
2 18 7859 937.358 1927.32 22 7087 815.315 1918.58 
-4.45499 11.5404 50.9949
255 255 255
2 18 7882 948.845 1941.33 22 7108 825.948 1932.98 
-4.93359 11.6716 51.0211
255 255 255
2 18 7915 906.187 1959.76 22 7142 784.569 1948.92 
-4.73776 13.4989 50.6146
255 255 255
2 18 8278 949.597 2138.34 22 7487 822.69 2127.04 
-6.1252 13.6917 50.6006
255 255 255
2 18 8343 822.729 2176.26 22 7539 698.555 2159.32 
-5.45806 13.8923 50.5385
255 255 255
2 18 8367 887.799 2187.59 22 7566 761.376 2172.83 
-10.8368 14.3532 52.4002
255 255 255
2 18 8458 404.333 2232.74 22 7625 318.052 2199.1 
-11.223 14.5612 52.6679
255 255 255
2 18 8480 374.263 2246.41 22 7648 292.689 2210.86 
-7.35123 14.4374 50.609
255 255 255
2 18 8507 718.114 2261.23 22 7689 597.426 2238.34 
-11.1276 14.8885 52.3683
255 255 255
2 18 8547 384.87 2285.08 22 7702 299.401 2248.5 
-5.92328 14.8491 50.3657
255 255 255
2 18 8553 857.31 2288.25 22 7740 729.842 2270.57 
-5.8606 14.9229 50.382
255 255 255
2 18 8563 864.134 2293.48 22 7755 736.768 2276 
-7.56548 14.8009 50.5222
255 255 255
2 18 8583 702.839 2300.76 22 7754 581.707 2276.16 
-7.66299 14.8283 50.5048
255 255 255
2 18 8592 694.055 2305.28 22 7762 572.992 2280.16 
-5.91532 15.1323 50.3271
255 255 255
2 18 8618 861.895 2315.38 22 7803 733.966 2297.66 
-5.9643 15.1939 50.2953
255 255 255
2 18 8633 858.18 2322.97 22 7819 729.953 2304.9 
-5.65881 15.5541 50.4483
255 255 255
2 18 8679 891.248 2345.41 22 7866 764.531 2328.52 
-8.593 15.1843 50.6039
255 255 255
2 18 8683 612.108 2346.3 22 7845 495.344 2316.96 
-5.44443 15.6418 50.5198
255 255 255
2 18 8690 912.237 2347.68 22 7872 786.092 2331.36 
-4.73423 15.8097 50.6075
255 255 255
2 18 8692 980.309 2348.92 22 7883 854.125 2336.26 
-5.5315 15.6389 50.4811
255 255 255
2 18 8699 904.182 2349.9 22 7880 777.668 2333.73 
-5.25911 15.7142 50.5342
255 255 255
2 18 8702 930.438 2350.77 22 7882 804.142 2335.72 
-5.15612 15.7493 50.5117
255 255 255
2 18 8708 940.582 2353.22 22 7890 813.801 2338.85 
-5.37764 15.7134 50.4835
255 255 255
2 18 8711 919.527 2354.41 22 7889 792.775 2338.78 
-4.98956 15.7936 50.5107
255 255 255
2 18 8713 956.703 2354.91 22 7895 829.635 2341.18 
-14.319 16.3259 54.6443
255 255 255
2 18 8729 143.962 2362.52 22 7840 97.4423 2314.55 
-8.79999 15.3887 50.5792
255 255 255
2 18 8740 595.451 2368.34 22 7886 479.07 2338.25 
-8.80566 15.5027 50.6012
255 255 255
2 18 8752 596.534 2377.98 22 7912 480.476 2347.53 
-4.80755 16.171 50.5171
255 255 255
2 18 8761 978.606 2386.24 22 7943 851.476 2372.95 
-7.14382 15.8174 50.2521
255 255 255
2 18 8781 755.81 2397.89 22 7944 630.075 2374.29 
-9.26484 15.8577 50.6974
255 255 255
2 18 8801 558.863 2412.25 22 7956 445.682 2379.47 
-5.19792 16.3451 50.4021
255 255 255
2 18 8803 944.922 2412.22 22 7994 816.977 2397.03 
-5.18165 16.5278 50.35
255 255 255
2 18 8842 949.042 2430.62 22 8035 820.439 2415.37 
-10.561 16.8071 51.717
255 255 255
2 18 8914 457.328 2472.65 22 8067 361.755 2433.57 
-8.35398 16.5725 50.3671
255 255 255
2 18 8920 652.587 2478.41 22 8086 532.122 2448.11 
-4.72769 17.0722 49.9516
255 255 255
2 18 8939 1000.49 2489.56 22 8128 865.937 2476.55 
-5.91049 17.0099 49.9901
255 255 255
2 18 8955 888.136 2499.72 22 8134 756.25 2480.6 
-6.82395 17.5873 50.0344
255 255 255
2 18 9068 809.781 2563.15 22 8239 680.773 2539.11 
-6.88858 17.6772 50.0519
255 255 255
2 18 9081 804.897 2571.31 22 8255 676.299 2547.14 
-7.82984 17.9089 50.2827
255 255 255
2 18 9123 719.647 2595.31 22 8294 596.72 2566.23 
-7.30534 17.9427 50.1146
255 255 255
2 18 9132 769.257 2598.26 22 8303 642.634 2572.08 
-2.14669 -6.849 62.0555
255 255 255
2 18 9311 897.443 234.481 22 8468 887.229 247.892 
-0.157945 -5.66842 59.4487
255 255 255
2 18 9381 1068.34 299.339 22 8522 1032.64 310.316 
-1.96797 -5.41453 59.8233
255 255 255
2 18 9421 930.977 338.371 22 8556 900.586 350.612 
1.83159 -4.82135 58.0933
255 255 255
2 18 9439 1240.96 342.856 22 8567 1191.44 352.889 
5.81683 -3.87468 57.5214
255 255 255
2 18 9533 1571.02 373.02 22 8654 1518.61 382.025 
3.2125 -4.15725 56.3598
255 255 255
2 18 9548 1374.93 380.279 22 8674 1307.86 390.937 
6.22028 -3.33345 57.9416
255 255 255
2 18 9620 1603.17 411.048 22 8745 1555.9 420.327 
7.76893 -3.08707 59.0596
255 255 255
2 18 9621 1708.36 411.565 22 8746 1674.82 420.92 
-1.01148 -4.3597 57.3796
255 255 255
2 18 9623 1025.95 411.865 22 8751 970.622 423.141 
1.78186 -3.66407 55.8237
255 255 255
2 18 9677 1270.16 438.543 22 8795 1197.1 448.641 
-0.00415704 -3.79318 56.2439
255 255 255
2 18 9693 1119.76 447.987 22 8816 1051.78 458.745 
4.72212 -3.09085 57.2498
255 255 255
2 18 9696 1497.94 448.547 22 8812 1441.89 458.222 
6.62938 -2.73758 57.9871
255 255 255
2 18 9710 1641.62 453.659 22 8825 1595.8 462.925 
-2.25905 -3.99028 57.727
255 255 255
2 18 9715 929.387 455.796 22 8835 879.086 465.927 
-5.19601 -4.29309 59.3668
255 255 255
2 18 9733 694.021 461.23 22 8858 664.818 472.806 
0.555348 -3.53117 55.8907
255 255 255
2 18 9744 1170.91 463.911 22 8867 1098.87 474.094 
5.80526 -2.74166 57.2979
255 255 255
2 18 9745 1587.18 464.109 22 8868 1533.11 473.559 
-2.88867 -3.92076 57.8228
255 255 255
2 18 9758 879.818 468.073 22 8883 831.38 478.772 
-1.01169 -3.51177 56.3653
255 255 255
2 18 9799 1040.35 482.63 22 8920 974.511 493.423 
-5.0084 -3.79855 58.7289
255 255 255
2 18 9834 713.071 499.919 22 8952 677.424 510.027 
-2.23826 -3.25152 56.5792
255 255 255
2 18 9879 942.66 518.022 22 8993 880.527 528.222 
-1.46981 -3.03885 56.0045
255 255 255
2 18 9898 1010.02 528.177 22 9016 940.829 538.563 
3.36755 -2.06494 56.4629
255 255 255
2 18 9945 1411.79 550.246 22 9052 1346.81 559.353 
1.53609 -1.84347 54.7493
255 255 255
2 18 10040 1282.11 597.348 22 9143 1197.57 607.319 
0.0614235 -1.91184 54.8917
255 255 255
2 18 10060 1156.7 609.065 22 9159 1074.13 618.512 
-5.71952 -2.5066 56.8601
255 255 255
2 18 10084 667.051 619.245 22 9180 614.454 627.678 
-5.76799 -2.1364 56.6913
255 255 255
2 18 10155 666.792 651.137 22 9243 612.574 659.193 
-0.0679537 -0.752985 54.3914
255 255 255
2 18 10242 1163.6 712.549 22 9315 1075.61 721.604 
0.0826474 -0.59753 54.311
255 255 255
2 18 10259 1178.88 724.666 22 9328 1089.92 733.615 
-1.61698 -0.806547 54.6166
255 255 255
2 18 10260 1030.46 725.781 22 9327 946.286 733.991 
-0.389473 -0.519268 54.3651
255 255 255
2 18 10280 1139.41 737.128 22 9345 1051.35 745.441 
0.209778 -0.422493 54.2355
255 255 255
2 18 10289 1192.42 738.782 22 9351 1102.57 747.592 
0.363991 -0.391709 54.2606
255 255 255
2 18 10291 1205.69 739.583 22 9354 1116.09 747.92 
-4.57771 -0.955151 54.9334
255 255 255
2 18 10304 777.392 747.34 22 9361 701.555 754.405 
-0.69751 -0.449358 54.329
255 255 255
2 18 10305 1114.36 747.253 22 9363 1026.1 755.447 
-0.466877 -0.417675 54.3343
255 255 255
2 18 10306 1134.3 746.94 22 9364 1045.95 755.461 
-0.580922 -0.368201 54.3105
255 255 255
2 18 10316 1125.38 752.924 22 9372 1036.84 761.156 
-3.89718 -0.257254 54.3657
255 255 255
2 18 10371 843.791 803.437 22 9423 760.172 810.221 
-3.54029 -0.237519 54.1633
255 255 255
2 18 10372 874.912 802.601 22 9421 788.306 809.179 
-2.98422 0.0248675 53.9569
255 255 255
2 18 10409 926.32 820.573 22 9451 836.399 826.582 
-3.24376 0.0156149 53.8755
255 255 255
2 18 10414 904.066 823.617 22 9457 813.607 829.808 
-3.18172 0.164023 53.8777
255 255 255
2 18 10431 911.195 835.803 22 9472 820.67 841.865 
-3.61629 0.674965 53.7675
255 255 255
2 18 10521 880.035 887.359 22 9556 788.996 892.279 
-7.06312 0.533747 55.5543
255 255 255
2 18 10546 585.531 900.099 22 9567 522.751 902.425 
-2.87117 1.09984 53.448
255 255 255
2 18 10576 950.726 918.765 22 9601 854.693 923.589 
-1.50141 1.65371 53.2518
255 255 255
2 18 10625 1077.79 951.854 22 9651 977.772 958.282 
-2.52654 1.86327 53.1429
255 255 255
2 18 10696 991.36 985.482 22 9707 891.228 990.16 
-1.68903 2.07181 53.2355
255 255 255
2 18 10715 1066.73 991.887 22 9724 966.773 997.343 
-2.52445 1.99098 53.1252
255 255 255
2 18 10719 993.198 997.079 22 9730 892.864 1001.6 
-2.261 2.0259 53.0708
255 255 255
2 18 10720 1016.97 997.268 22 9731 915.634 1002.34 
-6.21693 1.71582 54.7645
255 255 255
2 18 10724 668.524 1000.34 22 9728 594.724 1000.79 
-4.39376 1.95444 53.5605
255 255 255
2 18 10745 828.154 1012.73 22 9753 736.219 1015.22 
-2.55575 2.16283 53.0442
255 255 255
2 18 10746 992.926 1013.8 22 9754 891.664 1018.25 
-4.28913 2.04183 53.5661
255 255 255
2 18 10750 838.328 1018.92 22 9761 746.248 1021.67 
-0.756854 2.89755 53.3025
255 255 255
2 18 10790 1157.92 1051.97 22 9807 1058.21 1058.26 
-0.918719 2.91235 53.2712
255 255 255
2 18 10797 1144.23 1055.8 22 9813 1044.24 1061.99 
-0.816526 3.01814 53.2807
255 255 255
2 18 10810 1154.4 1063.83 22 9837 1054.49 1069.87 
-0.757157 3.1339 53.3035
255 255 255
2 18 10831 1160.86 1073.35 22 9857 1061.23 1078.73 
-2.86472 2.97182 52.8206
255 255 255
2 18 10871 976.68 1093.44 22 9887 873.197 1096.8 
-2.6926 3.05137 52.8533
255 255 255
2 18 10884 992.737 1097.98 22 9892 889.43 1101.18 
-3.82313 3.12481 52.974
255 255 255
2 18 10906 893.441 1117.94 22 9914 793.419 1119.28 
-0.358614 3.81848 54.0222
255 255 255
2 18 10907 1198.32 1117.88 22 9924 1107.33 1124.16 
-3.37522 3.17788 52.826
255 255 255
2 18 10911 934.083 1119.04 22 9918 831.482 1120.8 
-3.67461 3.14984 52.8402
255 255 255
2 18 10913 907.204 1120.26 22 9919 805.282 1121.69 
-3.17356 3.23444 52.8023
255 255 255
2 18 10914 952.705 1121.79 22 9923 849.497 1123.79 
-4.28018 3.22208 53.0234
255 255 255
2 18 10935 854.187 1131.58 22 9942 755.626 1132.97 
-2.84259 3.44024 52.7035
255 255 255
2 18 10946 984.953 1137.36 22 9960 880.055 1139.73 
-3.42805 3.37683 52.8042
255 255 255
2 18 10951 931.944 1137.63 22 9958 829.17 1139.82 
-3.27112 3.39688 52.7839
255 255 255
2 18 10952 946.154 1137.65 22 9959 842.878 1140.05 
-2.35296 3.76994 52.7257
255 255 255
2 18 11004 1032.35 1159.9 22 10011 927.129 1163.24 
-2.41526 3.80527 52.683
255 255 255
2 18 11013 1027.49 1164.78 22 10018 921.823 1167.64 
-6.8019 3.5316 54.0992
255 255 255
2 18 11029 637.625 1175.23 22 10023 557.843 1172.95 
-5.46627 3.72251 53.5244
255 255 255
2 18 11042 755.598 1184.3 22 10037 665.65 1182.92 
-1.94222 4.56093 52.683
255 255 255
2 18 11104 1078.93 1226.61 22 10106 972.879 1229.57 
-9.28484 4.10715 55.3143
255 255 255
2 18 11124 436.074 1237.52 22 10104 377.648 1230.04 
-3.46982 5.68817 52.1925
255 255 255
2 18 11308 959.224 1358.9 22 10286 849.145 1358.06 
-3.51556 7.52269 51.788
255 255 255
2 18 11490 980.006 1536.42 22 10453 865.115 1533.66 
-3.39548 9.61476 51.4805
255 255 255
2 18 11732 1019.24 1734.6 22 10699 900.619 1731.12 
-3.42751 9.72306 51.4657
255 255 255
2 18 11748 1017.78 1745.78 22 10709 899.054 1741.41 
5.96999 14.7667 62.5616
255 255 255
2 18 11761 1722.94 1755.83 22 10742 1730.48 1778.31 
-3.17842 9.94015 51.4321
255 255 255
2 18 11766 1043.54 1763.05 22 10724 924.106 1759.4 
-5.03174 11.7208 50.9644
255 255 255
2 18 12031 897.891 1967.48 22 10963 775.727 1956.27 
-5.19172 11.8686 50.9731
255 255 255
2 18 12070 884.978 1983 22 10999 763.278 1971.24 
-3.62939 12.7653 50.9358
255 255 255
2 18 12167 1041.43 2044.2 22 11102 916.903 2037.24 
-8.07373 12.8183 51.2484
255 255 255
2 18 12259 630.783 2100.36 22 11164 520.382 2077.5 
-5.92519 13.2049 50.6687
255 255 255
2 18 12306 834.88 2126.39 22 11228 711.036 2110.69 
-4.88789 13.6408 50.6283
255 255 255
2 18 12347 937.428 2152.83 22 11283 811.004 2141.23 
-4.32886 14.3838 50.7006
255 255 255
2 18 12439 998.908 2210.15 22 11381 872.79 2200.06 
-4.46872 14.3498 50.6355
255 255 255
2 18 12445 985.743 2211.89 22 11380 858.983 2200.39 
-7.55615 14.7743 50.4881
255 255 255
2 18 12558 703.311 2299.51 22 11476 581.699 2274.96 
-4.4475 15.4104 50.6825
255 255 255
2 18 12569 1001.4 2305.9 22 11515 875.628 2294.43 
-9.2069 14.8536 51.0172
255 255 255
2 18 12574 552.083 2308.36 22 11483 442.718 2277.63 
-5.90924 15.1423 50.3201
255 255 255
2 18 12589 862.612 2316.44 22 11519 734.575 2298.81 
-5.85312 15.2883 50.4164
255 255 255
2 18 12605 869.626 2324.93 22 11532 742.78 2308.04 
-8.47175 15.1794 50.613
255 255 255
2 18 12634 623.408 2343.28 22 11547 506.297 2315.68 
-4.592 15.7644 50.5834
255 255 255
2 18 12636 993.057 2343.49 22 11569 866.295 2331.9 
-5.44267 15.6242 50.5165
255 255 255
2 18 12641 912.175 2346.3 22 11563 785.986 2329.76 
-8.58424 15.185 50.5901
255 255 255
2 18 12645 612.891 2346.8 22 11549 495.921 2317.44 
-8.80707 15.3884 50.5811
255 255 255
2 18 12681 594.794 2368.25 22 11580 478.453 2338.3 
-4.82263 16.0348 50.5744
255 255 255
2 18 12684 975.176 2371.67 22 11609 848.768 2358.82 
-8.81579 15.517 50.5964
255 255 255
2 18 12690 595.768 2379.49 22 11597 479.673 2349.2 
-8.96661 15.7134 50.6082
255 255 255
2 18 12709 584.372 2399.11 22 11616 469.001 2367.26 
-4.3856 16.5509 50.1479
255 255 255
2 18 12755 1024.77 2429.43 22 11692 892.184 2417.63 
-8.3063 16.7211 50.2885
255 255 255
2 18 12830 658.903 2494.31 22 11736 537.257 2464.37 
-4.96527 17.3174 49.8782
255 255 255
2 18 12863 981.693 2518.55 22 11786 846.63 2503.99 
-5.76724 17.3719 49.9816
255 255 255
2 18 12881 906.489 2530.85 22 11800 774.329 2512.16 
-6.32609 17.5412 50.0503
255 255 255
2 18 12908 855.998 2551.05 22 11820 726.001 2529.88 
-7.14749 17.8351 50.131
255 255 255
2 18 12945 782.633 2585.79 22 11850 655.804 2560.16 
-8.44106 17.7986 50.3007
255 255 255
2 18 12957 660.905 2593 22 11852 540.041 2560.89 
-7.13825 17.9722 50.128
255 255 255
2 18 12967 785.343 2598.37 22 11874 658.509 2572.24 
-8.31759 18.3253 50.2968
255 255 255
2 18 13011 679.604 2638.75 22 11913 558.39 2606.93 
-10.2439 18.5984 51.1246
255 255 255
2 18 13025 507.2 2651.59 22 11918 403.13 2611.33 
-9.63946 18.673 50.921
255 255 255
2 18 13036 563.069 2659.55 22 11929 454.279 2621.61 
-1.40113 -5.44615 59.6515
255 255 255
2 18 13151 974.574 329.976 22 12037 941.922 341.575 
0.350629 -5.01838 57.8279
255 255 255
2 18 13166 1124.19 343.342 22 12050 1072.32 354.912 
-4.06245 -5.32097 60.5989
255 255 255
2 18 13207 771.384 368.348 22 12093 751.279 380.541 
7.8968 -2.87235 59.2361
255 255 255
2 18 13282 1717.84 425.955 22 12162 1686.38 436.643 
-2.69267 -4.11307 57.4451
255 255 255
2 18 13309 894.078 450.39 22 12192 841.48 462.695 
4.7309 -3.04071 57.1332
255 255 255
2 18 13312 1500.75 452.701 22 12193 1443.52 462.376 
6.56473 -2.76685 57.7601
255 255 255
2 18 13313 1639.67 452.363 22 12195 1591.44 461.874 
5.01309 -2.98459 57.2351
255 255 255
2 18 13319 1522.46 453.793 22 12194 1466.62 463.394 
7.05985 -2.67745 58.022
255 255 255
2 18 13320 1675.29 453.965 22 12196 1630.58 462.156 
-4.90265 -4.31096 59.3241
255 255 255
2 18 13321 716.602 456.57 22 12204 686.381 468.339 
-4.85181 -4.2243 59.1438
255 255 255
2 18 13335 721.29 463.061 22 12220 689.261 474.884 
5.84715 -2.75893 57.3563
255 255 255
2 18 13337 1589.43 462.013 22 12218 1536.01 471.663 
4.3141 -2.96082 56.8121
255 255 255
2 18 13346 1472.63 464.296 22 12225 1411.67 474.717 
-0.587593 -3.57418 56.3416
255 255 255
2 18 13365 1074.27 472.723 22 12242 1007.8 483.241 
3.90279 -2.92913 56.7982
255 255 255
2 18 13366 1440.31 471.931 22 12243 1378.88 481.927 
-0.576839 -3.36882 56.4007
255 255 255
2 18 13395 1077.22 489.141 22 12270 1011.42 499.934 
8.60547 -1.35337 59.7838
255 255 255
2 18 13449 1780.6 534.494 22 12324 1756.85 545.303 
3.89956 -2.15055 56.721
255 255 255
2 18 13452 1450.48 536.149 22 12323 1388.6 545.088 
3.64603 -2.17574 56.5221
255 255 255
2 18 13456 1432.19 537.146 22 12327 1367.98 547.289 
-0.0916559 -0.678889 54.3277
255 255 255
2 18 13616 1162.97 719.828 22 12475 1074.27 728.516 
-0.396924 -0.562819 54.3277
255 255 255
2 18 13628 1138.5 733.795 22 12487 1050 742.014 
-6.67151 -1.13692 56.098
255 255 255
2 18 13643 601.633 749.108 22 12501 543.58 754.893 
-4.19361 -0.834835 54.8499
255 255 255
2 18 13644 811.332 754.041 22 12503 733.775 760.128 
-3.9984 -0.70171 54.7225
255 255 255
2 18 13651 829.543 763.844 22 12510 750.169 770.246 
-3.03309 -0.139186 54.0558
255 255 255
2 18 13682 919.868 806.605 22 12533 831.177 811.553 
-3.16299 0.156349 53.8867
255 255 255
2 18 13705 912.695 834.759 22 12557 822.243 840.946 
-6.51466 0.0661286 55.5288
255 255 255
2 18 13719 626.39 853.51 22 12573 561.803 857.615 
-6.24882 0.248928 55.447
255 255 255
2 18 13735 650.614 866.846 22 12589 584.428 870.341 
-6.06321 0.294947 55.4836
255 255 255
2 18 13737 666.843 868.398 22 12590 600.575 871.437 
-5.88847 0.500538 55.3931
255 255 255
2 18 13757 683.716 884.93 22 12604 616.024 887.25 
-2.86372 1.07198 53.4559
255 255 255
2 18 13784 951.008 916.126 22 12634 855.056 920.968 
-2.58723 1.71132 53.2021
255 255 255
2 18 13835 983.926 972.01 22 12681 884.578 976.794 
-2.34783 1.76967 53.1472
255 255 255
2 18 13836 1005.83 974.964 22 12684 905.509 979.479 
-2.17691 1.8838 53.1198
255 255 255
2 18 13846 1022.34 982.887 22 12694 921.48 988.163 
-3.7533 1.96635 53.416
255 255 255
2 18 13867 884.439 1007.56 22 12711 789.556 1010.22 
-1.27625 2.3951 53.3798
255 255 255
2 18 13874 1105.87 1013.22 22 12717 1007.35 1019.17 
-6.52436 2.32642 54.6155
255 255 255
2 18 13895 648.887 1059.14 22 12737 574.23 1058.3 
-0.722297 3.15443 53.3294
255 255 255
2 18 13914 1163.96 1074.27 22 12762 1064.63 1079.84 
-3.36221 3.21343 52.8204
255 255 255
2 18 13964 935.693 1122.04 22 12799 833.003 1124 
-3.60321 3.30804 52.805
255 255 255
2 18 13979 915.579 1133.61 22 12815 813.099 1135.92 
-3.1429 3.40239 52.7273
255 255 255
2 18 13980 957.777 1137.42 22 12819 853.606 1139.76 
-2.83922 3.55497 52.6128
255 255 255
2 18 13991 987.063 1149.2 22 12833 881.051 1151.22 
-7.46602 3.48072 54.4136
255 255 255
2 18 14023 580.478 1174.26 22 12853 506.215 1171.3 
-5.28134 3.70536 53.6171
255 255 255
2 18 14025 771.61 1179.49 22 12857 682.344 1177.19 
-5.99432 4.11549 53.4755
255 255 255
2 18 14062 713.915 1226.89 22 12903 624.694 1224.37 
-9.24232 4.80939 55.0787
255 255 255
2 18 14142 446.178 1301.78 22 12982 385.007 1292.78 
-3.91679 5.26138 52.1401
255 255 255
2 18 14176 913.804 1326.65 22 13031 803.751 1326.19 
-4.7567 5.283 52.4567
255 255 255
2 18 14184 838.008 1334.3 22 13041 733.58 1331.52 
-4.32525 5.32953 52.2795
255 255 255
2 18 14187 877.589 1336.14 22 13044 770.077 1334.05 
-4.46794 5.40206 52.2707
255 255 255
2 18 14197 865.692 1344.73 22 13050 758.351 1342.56 
-3.66773 5.83781 52.1095
255 255 255
2 18 14225 943.602 1376.78 22 13083 832.803 1375.75 
-2.13733 6.55552 52.3944
255 255 255
2 18 14261 1088.64 1415.19 22 13106 979.585 1416.78 
-3.29403 6.69861 52.0252
255 255 255
2 18 14291 988.542 1452.26 22 13128 876.218 1451 
-3.09169 7.2199 51.9324
255 255 255
2 18 14321 1013.89 1498.99 22 13151 900.18 1498.27 
-2.28085 9.13234 52.5302
255 255 255
2 18 14415 1107.71 1647.35 22 13256 1001.2 1647.12 
-2.31749 9.65551 52.3213
255 255 255
2 18 14443 1112.47 1700.16 22 13291 1003.5 1700.27 
-4.89774 11.6499 51.0198
255 255 255
2 18 14607 909.223 1957.43 22 13429 787.522 1946.46 
-3.44658 12.1548 51.1714
255 255 255
2 18 14639 1049.06 1977.78 22 13470 927.207 1972.17 
-4.38239 11.9943 50.9494
255 255 255
2 18 14651 961.652 1983.57 22 13471 838.152 1975.01 
-3.61363 12.2264 51.0259
255 255 255
2 18 14664 1035.39 1991.27 22 13482 911.833 1985.39 
-4.44227 15.3498 50.6429
255 255 255
2 18 14942 1001.28 2301.66 22 13760 874.932 2290.63 
-8.50262 15.3928 50.6577
255 255 255
2 18 15005 623.513 2361.89 22 13794 507.165 2332.7 
-8.82843 15.3848 50.5755
255 255 255
2 18 15009 592.731 2368.4 22 13798 476.389 2338.41 
-5.37584 16.6824 50.133
255 255 255
2 18 15063 933.649 2456.22 22 13866 802.517 2440.12 
-5.66944 17.5686 50.0844
255 255 255
2 18 15111 918.009 2542.93 22 13913 787.136 2524.43 
-6.41245 17.7494 50.1079
255 255 255
2 18 15128 850.561 2568.97 22 13931 721.638 2546.5 
-6.79208 17.7574 50.0988
255 255 255
2 18 15130 815.011 2575.16 22 13934 686.832 2551.41 
-5.32994 18.0216 49.9042
255 255 255
2 18 15141 956.589 2586.47 22 13952 822.8 2569.92 
-7.14034 17.9753 50.1131
255 255 255
2 18 15152 785.194 2599.35 22 13954 658.168 2573.17 
-7.4963 18.0941 50.2083
255 255 255
2 18 15160 753.367 2610.87 22 13962 628.589 2582.77 
-8.03592 18.1843 50.242
255 255 255
2 18 15163 704.009 2624.67 22 13968 581.199 2594.35 
-0.740106 -7.25859 61.8961
255 255 255
2 18 15233 997.127 189.129 22 14016 983.98 202.633 
0.350048 -6.81001 61.3539
255 255 255
2 18 15242 1084.66 209.987 22 14025 1066.06 222.134 
0.952489 -6.11185 60.6384
255 255 255
2 18 15264 1141.07 254.725 22 14045 1115.9 265.982 
1.64985 -5.99527 61.4723
255 255 255
2 18 15266 1188.82 256.854 22 14047 1171.14 268.809 
0.341684 -5.03709 57.419
255 255 255
2 18 15294 1125.79 342.145 22 14073 1069.72 353.255 
-0.443488 -5.07646 58.2163
255 255 255
2 18 15308 1058.89 348.359 22 14083 1011.44 358.804 
0.729244 -4.82045 57.3879
255 255 255
2 18 15317 1159.29 355.178 22 14093 1102.78 365.937 
-0.736522 -5.0169 58.2317
255 255 255
2 18 15320 1036.48 356.363 22 14092 989.434 366.821 
-0.800993 -4.61067 57.7224
255 255 255
2 18 15357 1038.3 389.174 22 14133 986.25 400.26 
7.91021 -2.90669 59.172
255 255 255
2 18 15389 1719.48 423.168 22 14161 1687.41 433.952 
-2.65517 -4.06143 57.5813
255 255 255
2 18 15411 897.362 454.171 22 14191 846.109 465.819 
4.15538 -3.07897 57.0231
255 255 255
2 18 15413 1455.93 456.291 22 14192 1397 466.425 
6.82128 -2.65731 57.9705
255 255 255
2 18 15418 1657.79 458.143 22 14195 1612.17 466.863 
-5.16185 -4.17676 59.2952
255 255 255
2 18 15433 697.791 470.458 22 14215 667.849 481.16 
-3.71697 -3.83849 58.0634
255 255 255
2 18 15457 814.57 483.383 22 14236 769.9 494.376 
-2.13295 -3.50307 56.812
255 255 255
2 18 15473 947.638 495.232 22 14251 887.788 506.222 
-4.43949 -3.67016 58.0078
255 255 255
2 18 15480 758.952 505.322 22 14266 715.088 515.939 
-3.95807 -0.714056 54.7547
255 255 255
2 18 15634 832.79 761.863 22 14423 753.7 768.644 
-6.76277 -0.0260696 55.4814
255 255 255
2 18 15669 604.323 849.662 22 14457 539.932 852.673 
-3.23736 0.784485 53.5961
255 255 255
2 18 15696 914.61 893.901 22 14481 820.895 899.04 
-7.29106 0.575945 55.5839
255 255 255
2 18 15700 566.916 905.751 22 14488 505.111 908.7 
0.962513 1.98918 54.8278
255 255 255
2 18 15709 1280.8 932 22 14503 1198.43 939.732 
-1.67999 2.16322 53.1965
255 255 255
2 18 15747 1068.88 1000.49 22 14541 968.457 1005.68 
-2.69076 2.01593 53.0701
255 255 255
2 18 15749 979.145 1002.5 22 14540 878.377 1006.18 
-3.63138 3.3155 52.8107
255 255 255
2 18 15818 913.16 1134.65 22 14604 810.802 1136.75 
-3.18007 3.40711 52.7562
255 255 255
2 18 15822 954.439 1138.01 22 14607 850.686 1140.07 
-5.54231 3.38091 53.7058
255 255 255
2 18 15829 744.938 1152.63 22 14615 657.323 1150.57 
-8.03981 3.60377 54.7793
255 255 255
2 18 15848 533.959 1187.23 22 14636 465.574 1181.91 
-8.83492 3.97765 54.8044
255 255 255
2 18 15873 470.012 1228.79 22 14663 404.517 1222.71 
-1.32689 4.75392 53.1164
255 255 255
2 18 15874 1132.81 1228.16 22 14669 1031.65 1232.14 
-0.210541 5.44215 53.7984
255 255 255
2 18 15895 1233.29 1261.79 22 14698 1140.09 1268.72 
-3.84825 4.87833 52.378
255 255 255
2 18 15921 914.487 1286.53 22 14718 807.278 1286.17 
-0.91254 7.62781 53.0111
255 255 255
2 18 16127 1206.39 1480.73 22 14921 1104.53 1486.36 
-1.95174 9.18594 52.5187
255 255 255
2 18 16235 1137.85 1647.7 22 15032 1030.95 1648.61 
-3.80945 8.7701 51.639
255 255 255
2 18 16239 969.874 1657.88 22 15034 853.697 1655.3 
-11.1599 10.806 54.1862
255 255 255
2 18 16363 344.368 1868.41 22 15130 280.101 1842.05 
-5.65695 11.3432 51.066
255 255 255
2 18 16409 834.88 1937.9 22 15191 715.285 1925.75 
-5.77636 11.4251 51.1672
255 255 255
2 18 16417 824.78 1944.4 22 15198 706.828 1930.82 
-4.16171 11.6897 50.9826
255 255 255
2 18 16424 977.963 1951.43 22 15209 854.467 1943.62 
-3.63665 12.2105 50.9097
255 255 255
2 18 16480 1033.67 1993.92 22 15262 908.591 1987.95 
2.39673 18.4669 63.9172
255 255 255
2 18 16516 1483.15 2037.61 22 15311 1499.15 2053.51 
-4.31494 12.8937 50.7362
255 255 255
2 18 16538 980.532 2072.11 22 15322 854.332 2063.59 
3.73198 18.7635 61.6908
255 255 255
2 18 16559 1611.93 2103.38 22 15370 1610.75 2123.07 
-7.43656 14.6676 50.4884
255 255 255
2 18 16688 713.08 2288.06 22 15455 591.097 2264.28 
-5.55753 15.4846 50.4721
255 255 255
2 18 16718 899.739 2336.25 22 15487 773.076 2320.82 
-4.78325 15.6776 50.497
255 255 255
2 18 16722 974.471 2341.95 22 15492 846.828 2329.22 
-8.66439 15.7415 50.6427
255 255 255
2 18 16749 613.084 2395.76 22 15503 497.075 2366.25 
-5.00008 16.4118 50.4088
255 255 255
2 18 16758 964.255 2415.08 22 15521 836.082 2400.83 
-4.86923 17.1996 49.9332
255 255 255
2 18 16807 988.932 2504.38 22 15574 854.437 2489.81 
-8.51432 17.1177 50.2418
255 255 255
2 18 16824 644.659 2534.8 22 15579 523.112 2503.68 
-5.64772 17.5206 50.0012
255 255 255
2 18 16829 919.668 2541.65 22 15591 787.588 2523.66 
-6.05842 17.8177 50.0375
255 255 255
2 18 16848 884.897 2573.09 22 15606 754.27 2552.42 
-5.29857 18.1147 50.151
255 255 255
2 18 16857 959.815 2584.4 22 15617 829.433 2566.45 
-5.38287 18.2283 49.9435
255 255 255
2 18 16867 954.203 2604.53 22 15633 821.159 2586.95 
-9.23382 18.7294 51.0506
255 255 255
2 18 16918 601.756 2653.88 22 15657 493.272 2617.21 
1.34742 -6.36109 61.5313
255 255 255
2 18 16966 1162.17 233.018 22 15708 1144.94 245.065 
-1.28073 -4.82836 58.5309
255 255 255
2 18 17002 994.675 376.832 22 15741 951.157 388.109 
6.6754 -3.25212 58.3949
255 255 255
2 18 17013 1632.79 411.441 22 15756 1590.78 421.409 
-2.21614 -4.14045 57.6026
255 255 255
2 18 17030 931.474 443.12 22 15771 879.825 454.069 
5.94863 -2.79362 57.4183
255 255 255
2 18 17036 1596.1 457.754 22 15778 1543.44 467.74 
6.33467 -2.63845 57.7788
255 255 255
2 18 17042 1622.98 465.551 22 15780 1574.66 474.439 
-2.05722 -3.40682 56.7335
255 255 255
2 18 17064 955.118 502.051 22 15802 894.358 513.73 
2.5183 -1.71969 55.5686
255 255 255
2 18 17091 1356.81 592.618 22 15825 1281.77 601.655 
1.62937 -0.687293 55.0455
255 255 255
2 18 17106 1301.37 692.364 22 15839 1220.6 702.839 
-4.25912 -0.741339 54.7238
255 255 255
2 18 17122 806.941 763.329 22 15854 728.092 770.306 
-4.01598 -0.413854 54.5512
255 255 255
2 18 17131 831.591 790.219 22 15861 750.321 796.301 
-4.39104 -0.373676 54.5344
255 255 255
2 18 17132 800.095 797.928 22 15862 719.378 804.908 
-3.11299 -0.140013 54.011
255 255 255
2 18 17134 913.115 807.298 22 15863 824.019 813.471 
-6.51241 0.0530298 55.5856
255 255 255
2 18 17141 626.592 851.894 22 15869 562.611 855.919 
-2.99992 1.30499 53.3818
255 255 255
2 18 17164 942.237 938.91 22 15888 845.616 944.263 
-2.78334 1.99234 53.0685
255 255 255
2 18 17179 970.733 1001.58 22 15902 870.074 1005.28 
-3.1241 3.0786 52.8377
255 255 255
2 18 17203 955.019 1106.64 22 15932 852.156 1108.75 
-2.89811 3.32636 52.7903
255 255 255
2 18 17212 978.266 1126.32 22 15936 874.501 1129.12 
-5.43841 4.09777 53.2422
255 255 255
2 18 17245 762.484 1221.63 22 15967 669.103 1220.62 
-1.54437 4.85212 52.9525
255 255 255
2 18 17255 1116.05 1242.5 22 15977 1013.05 1246.49 
-3.15483 5.23988 52.4502
255 255 255
2 18 17285 980.793 1308.97 22 16006 873.428 1308.81 
-3.90479 6.26819 51.9788
255 255 255
2 18 17321 928.077 1422.57 22 16045 816.087 1419.79 
-1.06067 7.47183 53.0856
255 255 255
2 18 17333 1190.76 1467.36 22 16057 1089.83 1472.41 
6.07663 14.0491 62.8456
255 255 255
2 18 17387 1718.8 1695.31 22 16117 1728.45 1716.87 
-5.00185 8.91681 51.426
255 255 255
2 18 17389 863.303 1694.43 22 16107 746.614 1686.99 
3.22781 18.3073 61.847
255 255 255
2 18 17510 1567.54 2071.45 22 16216 1566.71 2090.06 
5.89686 -3.25778 58.0764
255 255 255
2 18 17707 1576.99 420.321 22 16406 1530.67 430.168 
-1.64578 4.65148 52.9054
255 255 255
2 18 17798 1104.89 1226.87 22 16489 1001.35 1230.41 
-4.86396 4.5058 52.7973
255 255 255
2 18 17805 818.468 1258.86 22 16494 718.426 1257.23 
-3.73 5.19743 52.1931
255 255 255
2 18 17827 929.644 1317.39 22 16512 819.933 1317.05 
-4.33976 10.9295 51.2063
255 255 255
2 18 17916 950.772 1877.37 22 16599 830.344 1869.01 
-6.47479 12.8353 50.9594
255 255 255
2 18 17967 778.684 2089.34 22 16640 659.881 2073.6 
-6.60043 18.1671 50.2664
255 255 255
2 18 18049 838.267 2602.58 22 16721 712.061 2578.45 
-3.04159 5.23357 52.5123
255 255 255
2 18 18090 990.565 1305.24 22 16775 883.8 1306.2 
-3.52272 8.71193 51.5734
255 255 255
2 18 18103 995.542 1651.01 22 16788 878.107 1647.58 
-5.74631 8.52387 51.4021
255 255 255
2 18 18104 789.927 1668.6 22 16789 674.562 1660.6 
-10.8784 18.0386 51.6397
255 255 255
2 18 19314 444.414 2587.86 22 18021 349.091 2546.12 
0.159672 2.58305 54.6384
255 255 255
2 18 19343 1222.09 995.285 22 18075 1137.8 1002.75 
-2.19111 9.28162 52.4573
255 255 255
2 18 19477 1118.11 1661.57 22 18462 1010.66 1661.19 
-6.25345 1.49858 54.8698
255 255 255
2 18 19615 663.131 980.411 22 18146 590.596 981.813 
-2.95321 9.88142 51.6411
255 255 255
2 18 19720 1062.16 1748.82 22 18463 945.181 1745.51 
-2.9231 3.23146 52.7083
255 255 255
2 18 19805 975.191 1119.65 22 18334 870.445 1121.88 
-4.01125 12.7461 50.8795
255 255 255
2 18 19813 1006.13 2049.79 22 18294 881.364 2041.58 
-4.92893 11.7729 50.9691
255 255 255
2 18 19833 908.086 1970.39 22 18142 785.776 1960.05 
-8.64739 15.7756 50.543
255 255 255
2 18 19841 614.822 2402.76 22 18126 497.482 2372.89 
-0.840053 3.09376 53.3669
255 255 255
2 18 19913 1152.67 1069.57 22 18998 1053.84 1075.73 
-6.10597 14.6057 50.3911
255 255 255
2 18 19940 836.911 2267.55 22 18382 710.13 2249.44 
-6.09345 13.156 50.6917
255 255 255
2 18 20067 818.517 2123.52 22 18316 695.368 2107.11 
-5.36965 16.553 50.2518
255 255 255
2 18 20085 932.118 2439.59 22 18452 802.538 2423.49 
-5.56487 17.3087 49.9678
255 255 255
2 18 20112 924.747 2522.56 22 18640 791.96 2505.34 
1.71155 -3.49145 55.7142
255 255 255
2 18 20200 1267.49 453.75 22 18760 1193.28 464.054 
-7.11665 15.7788 50.247
255 255 255
2 18 20221 757.84 2394.31 22 18775 631.965 2370.65 
-5.67622 17.2692 50.0088
255 255 255
2 18 20223 913.609 2519.05 22 18819 781.597 2500.92 
-5.84023 17.3134 49.9875
255 255 255
2 18 20259 898.82 2526.23 22 18833 766.855 2507.47 
-6.05609 14.712 50.4184
255 255 255
2 18 20305 842.962 2275.37 22 18853 716.445 2257.72 
-6.72227 15.6157 50.3137
255 255 255
2 18 20956 792.667 2371.58 22 19252 666.629 2349.35 
-9.84711 8.46203 54.8713
255 255 255
2 8 14216 800.244 1668.67 17 18084 836.754 1651.89 
-11.0417 14.5425 52.6295
255 255 255
2 8 11363 851.014 2303.72 9 11625 679.642 2302.8 
