ply
format ascii 1.0
comment Generated by the OpenMVG library
element vertex 8076
property float x
property float y
property float z
property uchar red
property uchar green
property uchar blue
property float confidence
property list uchar int visibility
element face 0
property list uchar int vertex_index
end_header
-11.3564  14.8327   52.858 255 255 255 3.14 3 4 8 14 
-20.7214 -5.38946  41.8917 255 255 255 3.14 2 0 2 
-10.4589 -1.22329  57.3548 255 255 255 3.14 3 0 2 3 
-11.1008  5.30669  59.9697 255 255 255 3.14 4 0 2 3 15 
-13.2723  8.87561  48.8246 255 255 255 3.14 2 0 2 
-12.4551 -6.07911  53.7004 255 255 255 3.14 3 0 2 3 
-10.9711 -4.40566   55.897 255 255 255 3.14 2 0 2 
-19.9561 -5.93205  41.9913 255 255 255 3.14 2 2 3 
-20.1048 -5.81986  41.9601 255 255 255 3.14 2 2 3 
-10.3707 -1.10146  60.4614 255 255 255 3.14 4 0 2 3 15 
-10.4013  -1.1879  57.5024 255 255 255 3.14 3 0 2 3 
-21.8781 -4.23366  41.0779 255 255 255 3.14 2 0 2 
-12.3139  10.2919   58.224 255 255 255 3.14 4 0 2 15 20 
-11.4143  -4.8455  55.1551 255 255 255 3.14 3 0 2 3 
-20.0883 -5.83562  41.9821 255 255 255 3.14 2 2 3 
-20.1412 -5.73421  41.8963 255 255 255 3.14 2 2 3 
-10.2138 -2.75249   58.056 255 255 255 3.14 3 0 2 3 
-20.6496 -5.45103  41.6763 255 255 255 3.14 2 2 3 
-20.7672 -5.43711  41.6978 255 255 255 3.14 2 2 3 
-21.8803 -4.23557  41.0524 255 255 255 3.14 2 0 2 
-22.0909 -3.99022   40.954 255 255 255 3.14 2 0 2 
-10.3637 0.476386  55.0989 255 255 255 3.14 2 0 2 
-22.3789 -3.77421  40.7488 255 255 255 3.14 3 0 2 3 
-22.3926 -3.65093   40.812 255 255 255 3.14 2 0 2 
-22.5448 -3.53629  40.7684 255 255 255 3.14 2 0 2 
-22.6895 -3.23014  40.7998 255 255 255 3.14 3 0 2 3 
-22.7454 -3.09906  40.8179 255 255 255 3.14 2 0 2 
-11.0008  5.63396  58.9689 255 255 255 3.14 4 0 2 3 15 
-11.6809  8.88326  58.0449 255 255 255 3.14 5 0 2 3 15 20 
-11.0743 -5.24186  58.5626 255 255 255 3.14 2 0 2 
-20.1877 -6.10821  42.3534 255 255 255 3.14 2 2 3 
-21.1527 -5.42712  41.5776 255 255 255 3.14 2 2 3 
-21.2506 -5.35741  41.7828 255 255 255 3.14 2 2 3 
-21.5726 -5.19476  41.2851 255 255 255 3.14 2 2 3 
-21.2779 -5.05778  41.2724 255 255 255 3.14 2 2 3 
-21.2475 -5.00372  41.3151 255 255 255 3.14 2 2 3 
 -21.414 -4.75637  41.2575 255 255 255 3.14 3 0 2 3 
-21.8815 -4.22954  41.0609 255 255 255 3.14 2 0 2 
-22.0535 -3.96218  40.9454 255 255 255 3.14 2 0 2 
-22.7565 -3.97344  40.7571 255 255 255 3.14 3 0 2 3 
-22.2637 -3.81162  40.8251 255 255 255 3.14 3 0 2 3 
-22.3744 -3.77836   40.743 255 255 255 3.14 2 0 2 
-22.3973 -3.64966  40.7972 255 255 255 3.14 2 0 2 
-22.8482 -3.72725   40.741 255 255 255 3.14 2 0 2 
-22.5468 -3.53875  40.7395 255 255 255 3.14 3 0 2 3 
-22.9075 -3.57634  40.7014 255 255 255 3.14 2 2 3 
-22.6431 -3.48853  40.7506 255 255 255 3.14 2 0 2 
 -22.625 -3.33313  40.8081 255 255 255 3.14 2 0 2 
-23.0586 -3.41663  40.8626 255 255 255 3.14 2 2 3 
-22.6859 -3.20864  40.8635 255 255 255 3.14 2 2 3 
-10.5954  3.14083  60.5315 255 255 255 3.14 5 0 2 3 15 20 
-11.0824  5.61367  59.3084 255 255 255 3.14 4 2 3 15 20 
-10.9705  5.64913  59.0459 255 255 255 3.14 4 0 2 3 15 
-9.41691  7.90931  54.0642 255 255 255 3.14 3 6 16 21 
-12.5994  11.7305  54.1766 255 255 255 3.14 3 0 2 3 
-20.2603 -6.13626  42.1254 255 255 255 3.14 2 2 3 
-10.4096 -3.62306  57.6415 255 255 255 3.14 3 0 2 3 
-21.3628 -5.21691  41.6056 255 255 255 3.14 2 2 3 
-21.0852  -5.0517  41.3394 255 255 255 3.14 2 2 3 
-21.8816 -4.22561  41.0289 255 255 255 3.14 3 0 2 3 
-22.0382 -4.13917  41.0034 255 255 255 3.14 3 0 2 3 
-22.4692 -4.22781  40.9765 255 255 255 3.14 3 0 2 3 
 -22.093 -3.99165  40.9192 255 255 255 3.14 3 0 2 3 
 -22.556 -4.02844  40.8873 255 255 255 3.14 3 0 2 3 
  -22.36 -3.78235  40.8341 255 255 255 3.14 3 0 2 3 
-22.4043 -3.62809  40.7848 255 255 255 3.14 3 0 2 3 
-22.5721 -3.53853  40.7241 255 255 255 3.14 3 0 2 3 
-22.9027 -3.55634  40.7048 255 255 255 3.14 2 2 3 
-11.7758  4.07968   52.432 255 255 255 3.14 3 0 2 3 
-11.1343  6.76227  56.4273 255 255 255 3.14 3 0 2 3 
-11.6603  5.98218  52.5165 255 255 255 3.14 3 0 2 3 
-11.3538  6.91833  55.9546 255 255 255 3.14 3 0 2 3 
-12.4054  9.69567  53.1972 255 255 255 3.14 3 0 2 3 
-12.2086  10.3268  54.9299 255 255 255 3.14 3 0 2 3 
-21.8993 -4.81631  41.3625 255 255 255 3.14 2 0 2 
-21.9611 -4.56039  41.0901 255 255 255 3.14 2 0 2 
-21.8831 -4.49234   41.091 255 255 255 3.14 2 0 2 
-22.2088 -4.53694   41.098 255 255 255 3.14 2 0 2 
-22.2751 -4.34555  41.0368 255 255 255 3.14 3 0 2 3 
-22.2419  -4.3108  40.8218 255 255 255 3.14 3 0 2 3 
-21.8088 -4.15554  40.9894 255 255 255 3.14 3 0 2 3 
-22.551 -4.2893 40.9818 255 255 255 3.14 3 0 2 3 
-22.5144 -4.25936  40.7646 255 255 255 3.14 3 0 2 3 
-22.3333 -3.98317  40.8675 255 255 255 3.14 3 0 2 3 
-22.5662 -4.01918  40.8601 255 255 255 3.14 2 0 2 
-22.2424 -3.92186  40.8799 255 255 255 3.14 2 0 2 
-22.4049 -3.88549   40.879 255 255 255 3.14 2 0 2 
-22.9309 -3.80396  40.7773 255 255 255 3.14 3 0 2 3 
-22.8419 -3.75632  40.7898 255 255 255 3.14 3 0 2 3 
-22.3294 -3.56061  40.7703 255 255 255 3.14 2 0 2 
-22.6525 -3.59927  40.7358 255 255 255 3.14 2 0 2 
-22.5389 -3.49758  40.9609 255 255 255 3.14 2 2 3 
-22.9085 -3.53937  40.7057 255 255 255 3.14 2 2 3 
  -22.82 -3.50589  40.7019 255 255 255 3.14 2 0 2 
-23.1371 -3.46599  40.7675 255 255 255 3.14 2 2 3 
-23.0335 -3.20842  40.9017 255 255 255 3.14 2 2 3 
-10.9648  6.66621  56.2919 255 255 255 3.14 5 8 9 14 16 21 
-11.8943  7.85898  55.3356 255 255 255 3.14 3 0 2 3 
-22.5357 -3.52304  41.0156 255 255 255 3.14 3 0 2 3 
-10.3883  -1.3017  57.4169 255 255 255 3.14 3 0 2 3 
 5.82938 -3.47865  58.3331 255 255 255 3.14 2 1 5 
 1.81905 -3.44808   55.921 255 255 255 3.14 2 1 5 
-0.446325  -1.67361   55.1181 255 255 255 3.14 2 1 5 
 -1.43607 -0.833135   54.7783 255 255 255 3.14 2 1 5 
0.112113 0.750878  54.1072 255 255 255 3.14 2 1 5 
-0.0477769   0.898934    53.9496 255 255 255 3.14 2 1 5 
-0.219196   1.11599   53.9023 255 255 255 3.14 2 1 5 
-2.57985   1.6648  53.3007 255 255 255 3.14 2 1 5 
-2.02632  1.76658  53.2255 255 255 255 3.14 2 1 5 
-2.49475  2.13707  53.1518 255 255 255 3.14 2 1 5 
-2.46454  2.80308  52.9529 255 255 255 3.14 2 1 5 
-2.74921  3.43655  52.8367 255 255 255 3.14 2 1 5 
-1.27162  3.71722  53.1616 255 255 255 3.14 2 1 5 
-1.62596  3.64914  52.9054 255 255 255 3.14 2 1 5 
-1.6889   3.698 52.9262 255 255 255 3.14 2 1 5 
-1.54644  3.71225  52.9451 255 255 255 3.14 2 1 5 
-2.11151  4.07788  52.7837 255 255 255 3.14 2 1 5 
-1.99132  4.18481  52.7861 255 255 255 3.14 2 1 5 
-1.94742  4.74592  52.6885 255 255 255 3.14 2 1 5 
-2.53112  7.84329  51.9965 255 255 255 3.14 2 1 5 
-2.68047  7.85769  51.9053 255 255 255 3.14 2 1 5 
-2.5656 7.97111 51.9485 255 255 255 3.14 2 1 5 
-3.18783   9.1848  51.5664 255 255 255 3.14 2 1 5 
-3.16045  10.8432  51.1991 255 255 255 3.14 2 1 5 
-3.4593 12.2723 50.9165 255 255 255 3.14 2 1 5 
-3.60977  12.4008  50.7849 255 255 255 3.14 2 1 5 
-3.60357  12.6007  50.7242 255 255 255 3.14 2 1 5 
-4.4908 15.5928 50.4077 255 255 255 3.14 2 1 5 
-1.99451 -4.11091  57.5731 255 255 255 3.14 2 1 7 
-0.962521  -3.46221   56.6059 255 255 255 3.14 2 1 5 
-7.04611 -1.28854  56.7596 255 255 255 3.14 2 1 5 
0.110481 0.520622  54.1587 255 255 255 3.14 2 1 5 
-0.151169   0.86377   53.9557 255 255 255 3.14 5 1 5 13 19 22 
-2.10304    1.713  53.1989 255 255 255 3.14 2 1 5 
-1.93407   1.7913  53.2108 255 255 255 3.14 2 1 5 
-2.07566  1.87864  53.1348 255 255 255 3.14 2 1 5 
-2.54453  2.71305  53.0014 255 255 255 3.14 2 1 5 
-3.64337  3.20613  52.9489 255 255 255 3.14 2 1 5 
-3.13718  3.31276  52.8692 255 255 255 3.14 2 1 5 
-1.41078   3.6172  53.1223 255 255 255 3.14 2 1 5 
-1.54984  3.60742  53.0265 255 255 255 3.14 4 1 5 7 19 
-1.33392   3.6942  53.1161 255 255 255 3.14 2 1 5 
-1.45175  3.67189  53.0266 255 255 255 3.14 2 1 5 
-1.69417  3.63641  52.9668 255 255 255 3.14 2 1 5 
-1.39825  3.73391  53.0603 255 255 255 3.14 2 1 5 
-1.57415  3.71714  52.9498 255 255 255 3.14 2 1 5 
-2.17033  3.84037   52.783 255 255 255 3.14 2 1 5 
-2.00089  3.90808  52.7642 255 255 255 3.14 2 1 5 
-2.10187  3.93599  52.7358 255 255 255 3.14 2 1 5 
-2.00154  3.99505  52.7752 255 255 255 3.14 2 1 5 
-2.15315  4.02003  52.7347 255 255 255 3.14 2 1 5 
-2.04589  4.12202  52.8245 255 255 255 3.14 2 1 5 
-1.9266 4.36951  52.817 255 255 255 3.14 3 1 5 19 
-1.95934  4.56909  52.7622 255 255 255 3.14 2 1 5 
 -2.031 4.63677 52.7307 255 255 255 3.14 2 1 5 
-1.97311  4.69759  52.7625 255 255 255 3.14 3 1 5 19 
-3.10801  7.62976  51.8885 255 255 255 3.14 2 1 5 
-2.61305  7.87892  51.9993 255 255 255 3.14 2 1 5 
-2.29989  8.36292  52.5069 255 255 255 3.14 2 1 5 
-3.1846 9.27468 51.5823 255 255 255 3.14 2 1 5 
-3.28427  10.1777  51.2545 255 255 255 3.14 2 1 5 
-3.26114  10.6635  51.2288 255 255 255 3.14 2 1 5 
-4.42446  10.9202  51.1243 255 255 255 3.14 2 1 5 
-5.28871  11.7821  50.9686 255 255 255 3.14 2 1 5 
-3.05974  12.2173  51.2372 255 255 255 3.14 2 1 5 
-5.30783  12.1363  50.8813 255 255 255 3.14 2 1 5 
-3.47829  12.3362   50.901 255 255 255 3.14 2 1 5 
-3.67777  12.6144   50.726 255 255 255 3.14 2 1 5 
-3.44105  12.6751  50.7903 255 255 255 3.14 2 1 11 
-4.32988  14.1994  50.4555 255 255 255 3.14 2 1 5 
-4.26465  14.2692  50.5362 255 255 255 3.14 2 1 5 
-10.378 15.0209  51.209 255 255 255 3.14 2 1 11 
-4.2683 15.3708 50.4079 255 255 255 3.14 2 1 5 
-5.50946  15.5965  50.4411 255 255 255 3.14 2 1 5 
-5.05431  15.7865  50.5217 255 255 255 3.14 2 1 13 
-4.6658 15.9595 50.4364 255 255 255 3.14 2 1 5 
-5.01645  16.4198  50.1646 255 255 255 3.14 2 1 5 
 3.47151 -3.79412  56.3896 255 255 255 3.14 2 1 5 
-3.08693 -4.71536  60.1571 255 255 255 3.14 2 1 7 
-0.930606  -7.34131   62.6327 255 255 255 3.14 2 1 5 
 6.37598 -4.26705  58.3639 255 255 255 3.14 2 1 5 
 6.11574 -4.11662  57.6129 255 255 255 3.14 3 13 18 22 
 6.39891 -3.94344  57.3879 255 255 255 3.14 2 5 19 
 7.23202 -3.63193  59.1887 255 255 255 3.14 2 1 5 
 7.22448 -3.51647  59.2803 255 255 255 3.14 2 1 5 
 3.42443 -3.86451  56.4046 255 255 255 3.14 2 1 5 
 5.08525 -3.45762  57.7689 255 255 255 3.14 2 1 5 
 3.87705 -3.57994  56.4937 255 255 255 3.14 2 1 5 
-1.01734 -4.67373  57.5086 255 255 255 3.14 2 13 22 
-0.968642  -3.47546   56.6368 255 255 255 3.14 2 1 5 
 -2.39282 -0.730417   55.0263 255 255 255 3.14 2 1 5 
0.501636 0.511677  54.2569 255 255 255 3.14 2 1 5 
0.322387 0.500837  54.2383 255 255 255 3.14 2 1 5 
 0.22845 0.640992  54.1222 255 255 255 3.14 2 1 5 
0.316193 0.725738  54.1423 255 255 255 3.14 2 1 5 
-0.0288684   0.684401    54.0205 255 255 255 3.14 2 1 5 
 0.16973 0.831693  54.1209 255 255 255 3.14 2 1 5 
0.283878 0.894125  54.1511 255 255 255 3.14 2 1 5 
0.166146 0.893851  54.0589 255 255 255 3.14 2 1 5 
0.0552653   1.01095   53.9747 255 255 255 3.14 2 1 5 
-0.110038   1.04699   53.9161 255 255 255 3.14 2 1 5 
-0.283124   1.09817   53.7829 255 255 255 3.14 2 1 5 
-1.93413  1.79165  53.2135 255 255 255 3.14 2 1 5 
-1.34925  3.57532  53.2507 255 255 255 3.14 2 1 5 
-1.4006 3.60721 53.1071 255 255 255 3.14 2 1 5 
-1.53879   3.5945   53.005 255 255 255 3.14 2 1 5 
-1.47899   3.6992  53.0136 255 255 255 3.14 2 1 5 
-1.39986  3.74953    53.07 255 255 255 3.14 2 1 5 
-1.59061  3.73383  52.9602 255 255 255 3.14 2 1 5 
-1.78129  3.81474  52.9284 255 255 255 3.14 2 1 5 
-1.87824  3.82517  52.8475 255 255 255 3.14 2 1 5 
-2.18067  3.83881  52.7665 255 255 255 3.14 2 1 5 
-2.00425   3.9251  52.7837 255 255 255 3.14 2 1 5 
-2.11586   3.9366   52.762 255 255 255 3.14 9 1 5 7 11 12 13 18 19 22 
-2.15251  4.03423  52.7332 255 255 255 3.14 2 1 5 
-2.04189   4.1237  52.8361 255 255 255 3.14 2 1 5 
-2.10023  4.28448  52.6723 255 255 255 3.14 2 1 5 
-2.07098  4.36975  52.7068 255 255 255 3.14 2 1 5 
-1.97424  4.46519  52.7781 255 255 255 3.14 2 1 5 
-1.95858  4.57657  52.7692 255 255 255 3.14 2 1 5 
-1.77459  5.25775  52.7579 255 255 255 3.14 3 1 5 11 
-1.86938   5.3179  52.6954 255 255 255 3.14 3 1 5 11 
-5.28133  5.40159   52.705 255 255 255 3.14 2 1 5 
-3.18726  7.71256  51.8644 255 255 255 3.14 2 1 5 
-2.66463  7.81876  51.9412 255 255 255 3.14 2 1 5 
-2.21777  7.98352  52.3116 255 255 255 3.14 2 1 5 
-2.29671  8.01795  52.2208 255 255 255 3.14 2 1 5 
-2.47657  7.99779  52.1155 255 255 255 3.14 2 1 5 
-3.37775  9.61869   51.471 255 255 255 3.14 2 1 5 
-3.41896  9.72693  51.4496 255 255 255 3.14 2 1 13 
-3.02997  10.0092  51.4459 255 255 255 3.14 2 1 5 
-3.40752  9.99976  51.3162 255 255 255 3.14 2 1 5 
-3.12616  10.2059  51.3817 255 255 255 3.14 2 1 5 
-3.17168  10.3087  51.3571 255 255 255 3.14 2 1 5 
-3.22215  10.4809  51.3163 255 255 255 3.14 2 1 5 
-3.34284  10.5107   51.284 255 255 255 3.14 4 1 13 18 22 
-4.47827  10.9616   51.104 255 255 255 3.14 2 1 5 
-9.54712  11.4093   52.161 255 255 255 3.14 2 1 11 
-5.08313  11.6771  51.0141 255 255 255 3.14 2 1 5 
-5.08864  11.8753   50.956 255 255 255 3.14 2 1 5 
-5.33469  11.8913  50.9188 255 255 255 3.14 2 1 5 
-5.20151  12.1551  50.8974 255 255 255 3.14 2 1 5 
-3.49669  12.4039  50.7909 255 255 255 3.14 3 1 5 11 
-3.57556    12.61  50.8113 255 255 255 3.14 3 1 11 19 
-3.54623  12.6891  50.7251 255 255 255 3.14 2 1 11 
-3.9634  12.828 50.7687 255 255 255 3.14 2 1 5 
-5.45724  13.4174   50.553 255 255 255 3.14 2 1 5 
-5.0331 13.4542 50.3914 255 255 255 3.14 2 1 11 
-4.24949  14.2597  50.5317 255 255 255 3.14 2 1 5 
-5.49103  15.4738  50.4249 255 255 255 3.14 2 1 5 
-6.19457  15.4894  50.2962 255 255 255 3.14 2 1 5 
-5.24527  15.6923   50.549 255 255 255 3.14 4 1 13 18 22 
-6.83428  17.6754  50.2389 255 255 255 3.14 2 1 5 
0.0332955  -4.71666   57.9086 255 255 255 3.14 2 1 7 
-0.717068  -7.14866   62.7935 255 255 255 3.14 2 1 5 
-0.0846208   -6.89712    62.6631 255 255 255 3.14 2 1 5 
0.723597 -6.64759   62.689 255 255 255 3.14 2 1 5 
0.281265 -6.69707  62.4953 255 255 255 3.14 2 1 5 
 7.20187 -3.68739  59.2489 255 255 255 3.14 2 1 5 
 3.55898 -3.20839  56.9142 255 255 255 3.14 2 1 5 
 1.34634 -3.44322   55.844 255 255 255 3.14 2 1 5 
-2.01419 -4.10053  57.4683 255 255 255 3.14 2 1 7 
 -2.34357 -0.762571   54.9782 255 255 255 3.14 2 1 5 
0.387912 0.559041  54.1935 255 255 255 3.14 2 1 5 
0.294067 0.732069  54.1408 255 255 255 3.14 2 1 5 
0.167394 0.861875  54.0635 255 255 255 3.14 2 1 5 
-2.0149 1.60352  53.316 255 255 255 3.14 2 1 5 
-2.17897  1.97696  53.0917 255 255 255 3.14 2 1 5 
 -1.766 3.83666 52.9405 255 255 255 3.14 2 1 5 
-1.87124   3.8765  52.8464 255 255 255 3.14 2 1 5 
-1.99491  3.94338  52.8105 255 255 255 3.14 2 1 5 
-7.83662  3.85372  53.8458 255 255 255 3.14 2 1 11 
-8.27963  3.98771  54.0592 255 255 255 3.14 2 1 11 
-1.95081  4.59176  52.7778 255 255 255 3.14 2 1 5 
-2.09517  4.72411  52.6692 255 255 255 3.14 2 1 5 
-1.37804  4.90232  52.8887 255 255 255 3.14 2 1 5 
-1.89579  4.85537  52.6492 255 255 255 3.14 2 1 5 
-1.79987  4.95736  52.7221 255 255 255 3.14 2 1 5 
-1.94391  4.97539  52.5827 255 255 255 3.14 2 1 5 
-1.77964  5.01358  52.7222 255 255 255 3.14 2 1 5 
-1.96109  5.03541  52.6285 255 255 255 3.14 2 1 5 
-2.26984  5.08792  52.5475 255 255 255 3.14 2 1 5 
-1.69511  5.30889  52.7588 255 255 255 3.14 2 1 5 
-2.34321  5.38541  53.0907 255 255 255 3.14 2 5 7 
-2.59806  6.95617  52.2133 255 255 255 3.14 4 1 5 7 11 
-3.0223 7.72505 51.8691 255 255 255 3.14 5 1 11 13 18 22 
-2.16104  8.07521  52.4478 255 255 255 3.14 3 1 5 19 
-3.35063  7.81795  51.7712 255 255 255 3.14 5 1 11 13 18 22 
-3.51617  7.98486  51.7536 255 255 255 3.14 5 1 11 13 18 22 
-9.42714  8.16015  52.9205 255 255 255 3.14 2 1 11 
-8.44783  8.72789  52.3691 255 255 255 3.14 2 1 11 
-8.6155 8.81033 52.3728 255 255 255 3.14 2 1 11 
-8.85338  9.06937  52.6238 255 255 255 3.14 2 1 11 
-3.41981  9.62058  51.4975 255 255 255 3.14 6 1 5 11 13 18 22 
-4.61984  11.1376  51.0717 255 255 255 3.14 2 1 5 
-4.60351   11.262  51.0234 255 255 255 3.14 2 1 5 
-4.28064   11.575  50.8751 255 255 255 3.14 2 1 5 
-5.25416    11.77   50.991 255 255 255 3.14 2 1 5 
-5.29208  12.0707  50.9049 255 255 255 3.14 2 1 5 
-3.58307  12.2742  50.8214 255 255 255 3.14 2 1 5 
-3.45071  12.4364  50.9645 255 255 255 3.14 2 1 5 
-9.82319  12.6447   51.738 255 255 255 3.14 2 1 11 
-9.81932  12.8694   51.768 255 255 255 3.14 2 1 11 
-3.94469   12.837  50.7556 255 255 255 3.14 2 1 5 
-5.43863  13.2369  50.5202 255 255 255 3.14 2 1 11 
-4.93807  13.3663  50.5476 255 255 255 3.14 2 1 5 
-5.14825  13.4852  50.4802 255 255 255 3.14 3 1 5 11 
-4.40494  14.3184  50.4159 255 255 255 3.14 2 1 5 
-6.66241  15.4715  50.2637 255 255 255 3.14 2 1 5 
-9.05971  16.0536  50.5001 255 255 255 3.14 2 1 11 
0.201236 -6.63181  62.6269 255 255 255 3.14 2 1 5 
 1.40128 -6.34881  62.7428 255 255 255 3.14 2 1 5 
  5.9408 -4.24917  58.0192 255 255 255 3.14 2 1 13 
-0.702615  -3.98215   57.3419 255 255 255 3.14 2 1 7 
 2.71772 -1.59649  53.7325 255 255 255 3.14 2 1 7 
 1.80674 -1.36353   55.388 255 255 255 3.14 2 1 5 
  -2.3645 -0.783547   54.9854 255 255 255 3.14 2 1 5 
-6.27513   3.8046  53.3592 255 255 255 3.14 2 1 11 
-2.07266  4.68956  52.6813 255 255 255 3.14 2 1 5 
-1.97959  4.84262  52.8444 255 255 255 3.14 2 1 5 
-1.59693   4.9195  52.4558 255 255 255 3.14 2 1 5 
-1.98211  4.98446  52.5735 255 255 255 3.14 2 1 5 
-1.79875  5.16023  52.6891 255 255 255 3.14 2 1 5 
-1.9635 5.29316 52.4834 255 255 255 3.14 2 1 5 
-1.7645 5.37666 52.7158 255 255 255 3.14 2 1 5 
-1.98433  5.35805  52.4538 255 255 255 3.14 2 1 5 
-4.95784  5.19234  52.6634 255 255 255 3.14 2 1 5 
-1.56139  6.10126  52.8611 255 255 255 3.14 2 1 5 
-1.72321  6.30236  52.8289 255 255 255 3.14 2 1 5 
-2.4167 6.80011   52.36 255 255 255 3.14 3 1 5 7 
  -3.21 7.42699 51.9434 255 255 255 3.14 7 1 5 7 11 13 18 22 
-3.34559  7.53556  51.8711 255 255 255 3.14 6 1 5 11 13 18 22 
-3.48818  7.69866  51.8272 255 255 255 3.14 6 1 5 11 13 18 22 
-3.1676 7.79029 51.8033 255 255 255 3.14 6 1 5 11 13 18 22 
-2.13336  8.06148  52.4401 255 255 255 3.14 2 1 5 
-3.42774  7.78183  51.7747 255 255 255 3.14 5 1 11 13 18 22 
-3.41085  8.17014  51.7312 255 255 255 3.14 5 1 11 13 18 22 
-3.66716  8.23305  51.7396 255 255 255 3.14 2 1 11 
-3.64398  8.31923  51.7113 255 255 255 3.14 2 1 13 
-9.02935  8.70373   52.698 255 255 255 3.14 2 1 11 
-3.51369  8.89904  51.5908 255 255 255 3.14 5 1 10 11 13 18 
 -3.413 9.61281 51.4669 255 255 255 3.14 2 1 5 
-3.29263  9.77274  51.5333 255 255 255 3.14 2 1 5 
-3.17836  9.94678  51.3907 255 255 255 3.14 4 1 13 18 22 
-7.35956  10.1809  51.8453 255 255 255 3.14 5 1 7 11 14 21 
-7.09566  10.3823  51.5982 255 255 255 3.14 2 1 11 
-4.79371  11.1015  51.0041 255 255 255 3.14 2 1 11 
-4.57255  11.1578  51.0443 255 255 255 3.14 2 1 5 
-9.56626  11.8058  52.0487 255 255 255 3.14 2 1 11 
-4.38365  11.7974  50.8675 255 255 255 3.14 2 1 5 
-10.1732  12.0352  52.1002 255 255 255 3.14 2 1 11 
-5.06444  12.0283  50.9421 255 255 255 3.14 2 1 5 
-3.67601  12.4511  50.6973 255 255 255 3.14 2 1 5 
-8.98801  16.0261  50.4487 255 255 255 3.14 2 1 11 
-8.38287  8.11839  52.4281 255 255 255 3.14 2 1 11 
6.27524 -3.5307 58.2891 255 255 255 3.14 2 1 5 
-2.06028  1.81631  53.2803 255 255 255 3.14 2 1 5 
-1.96095  2.08722  53.0851 255 255 255 3.14 2 1 5 
-5.6382 3.91218 53.2418 255 255 255 3.14 2 1 11 
-1.87874  4.76791  52.8287 255 255 255 3.14 2 1 5 
-1.69841  4.96346  52.9517 255 255 255 3.14 2 1 5 
-1.56532  5.08246  52.8708 255 255 255 3.14 3 1 5 19 
-1.97106  5.13038  52.5628 255 255 255 3.14 2 1 5 
-1.87209  5.38414  52.7443 255 255 255 3.14 3 1 5 11 
-1.39603  5.47953  52.9903 255 255 255 3.14 2 1 5 
-1.7382 6.38213 52.8162 255 255 255 3.14 2 1 5 
-2.21765  6.52652  52.5599 255 255 255 3.14 2 1 5 
-2.00464  6.74621   52.462 255 255 255 3.14 2 1 5 
-3.48961  7.72879   51.807 255 255 255 3.14 4 1 5 11 18 
-3.21068  7.82167   51.879 255 255 255 3.14 2 1 5 
-9.85847  8.34937  53.2733 255 255 255 3.14 2 1 11 
-3.55657    8.464  51.7787 255 255 255 3.14 2 1 5 
-9.11889  8.59057  52.7278 255 255 255 3.14 2 1 11 
-8.53104  9.32032  52.1651 255 255 255 3.14 2 1 11 
-3.51124  9.62696  51.5085 255 255 255 3.14 7 1 5 7 11 13 18 22 
-3.22585   9.7008  51.5718 255 255 255 3.14 2 1 5 
-8.23414    10.73   51.742 255 255 255 3.14 2 1 11 
-6.03625  11.7499  51.4057 255 255 255 3.14 2 1 5 
-3.44786  12.5259  50.7483 255 255 255 3.14 2 1 5 
-3.33507  12.9457  50.8473 255 255 255 3.14 2 1 5 
-4.32194  16.2633  49.7349 255 255 255 3.14 2 1 5 
-1.80357   4.7099  52.8836 255 255 255 3.14 2 1 5 
-1.73337   4.9922  53.1176 255 255 255 3.14 2 1 5 
-1.42051  5.09395  53.0823 255 255 255 3.14 2 1 5 
-6.35529  5.84304  52.7682 255 255 255 3.14 2 1 11 
-3.21643    7.531  51.9059 255 255 255 3.14 3 11 13 22 
-3.69667  8.06568  51.6725 255 255 255 3.14 2 1 5 
-7.7585 8.57501 52.2839 255 255 255 3.14 2 1 11 
-8.4836 9.31564  52.262 255 255 255 3.14 2 1 11 
-3.16225  9.62715  51.5661 255 255 255 3.14 2 1 5 
-3.57875  10.2363   51.209 255 255 255 3.14 2 1 5 
-4.77543  10.7868  51.2039 255 255 255 3.14 2 1 11 
-3.21257  12.3716  51.0122 255 255 255 3.14 2 1 5 
-4.3217 10.9028 51.3544 255 255 255 3.14 2 1 5 
-3.13941  12.8375  51.0812 255 255 255 3.14 2 1 5 
-6.09353   13.158  50.7019 255 255 255 3.14 2 1 5 
 1.61493 -1.90388  54.8734 255 255 255 3.14 2 1 5 
-1.9824 4.19592 52.7598 255 255 255 3.14 4 1 7 11 13 
-12.7491 -1.31578  46.5912 255 255 255 3.14 2 2 3 
-11.126 4.10471 58.5355 255 255 255 3.14 2 2 16 
-11.2302  4.16887  58.5727 255 255 255 3.14 2 8 16 
-20.1229 -5.82153  41.8962 255 255 255 3.14 2 2 3 
-12.7063  -1.3533  46.5804 255 255 255 3.14 2 2 3 
-12.9016 -1.24189    45.87 255 255 255 3.14 2 2 3 
 -12.9503 -0.924307   45.9691 255 255 255 3.14 2 2 3 
 -13.0168 -0.806893   45.8048 255 255 255 3.14 2 2 3 
-12.203 8.14973 57.5419 255 255 255 3.14 3 14 16 21 
-14.2204  6.85365  44.8249 255 255 255 3.14 2 2 3 
-12.6659  10.9386  56.5547 255 255 255 3.14 3 14 16 21 
-20.1494 -5.74264  41.8925 255 255 255 3.14 2 2 3 
-12.8932 -1.09324  45.7978 255 255 255 3.14 2 2 3 
 -12.9196 -0.947563   45.7896 255 255 255 3.14 2 2 3 
-22.4895 -4.19373  40.8891 255 255 255 3.14 2 2 3 
-13.0224 -0.81453  45.8092 255 255 255 3.14 2 2 3 
-22.5271 -3.52097   40.831 255 255 255 3.14 2 2 3 
-11.0512  2.28658  59.0403 255 255 255 3.14 3 14 16 21 
-10.6318  2.58386  55.8087 255 255 255 3.14 4 2 3 15 20 
-10.5824  2.56539  55.2123 255 255 255 3.14 3 2 3 15 
-10.603 2.61462 55.5833 255 255 255 3.14 3 2 3 15 
-10.5564  2.80842   55.136 255 255 255 3.14 2 2 15 
-9.97067  3.71953  56.3923 255 255 255 3.14 6 3 8 9 14 16 21 
-11.6893   5.7873  58.2633 255 255 255 3.14 3 3 16 21 
-11.187 6.92192 56.5796 255 255 255 3.14 3 2 14 16 
-12.2108  8.72206  58.9676 255 255 255 3.14 2 2 15 
-11.5996  8.75568  57.9925 255 255 255 3.14 4 2 3 15 20 
-11.6508  8.72812   57.488 255 255 255 3.14 3 2 3 15 
-12.7772  13.6744  54.0176 255 255 255 3.14 3 2 15 20 
-13.1034  14.6147  55.0576 255 255 255 3.14 2 2 15 
-10.3039 -4.17315   63.617 255 255 255 3.14 2 2 15 
-10.4549  0.43933  61.0989 255 255 255 3.14 2 2 15 
-22.2742 -3.81926  40.7617 255 255 255 3.14 2 2 3 
-10.6343  2.56118  55.7379 255 255 255 3.14 4 2 3 15 20 
-10.7427  3.19816  60.6835 255 255 255 3.14 3 2 15 20 
-10.6041  2.76457  55.7883 255 255 255 3.14 3 2 3 15 
-10.0307   3.4517  56.7077 255 255 255 3.14 4 3 14 16 21 
-13.6482  1.11598  44.5065 255 255 255 3.14 2 2 3 
-10.8599  4.27803  58.7164 255 255 255 3.14 2 2 15 
-10.3796  4.75822  56.4432 255 255 255 3.14 3 3 16 21 
-10.9171  5.13301   59.345 255 255 255 3.14 3 2 3 15 
-10.9589  5.24371  59.3646 255 255 255 3.14 3 2 3 15 
-11.566 5.48566  58.268 255 255 255 3.14 2 3 16 
-11.8816  7.38419  57.1211 255 255 255 3.14 3 14 16 21 
-11.4218  7.57378   56.729 255 255 255 3.14 3 2 3 15 
-11.4088  7.94842  57.8306 255 255 255 3.14 4 2 3 15 20 
-9.42097  7.95645  54.0459 255 255 255 3.14 4 6 14 16 21 
-12.025 7.85926 57.1469 255 255 255 3.14 3 14 16 21 
-12.0501  8.02739  57.0794 255 255 255 3.14 3 14 16 21 
-11.6232  8.65453  58.1349 255 255 255 3.14 3 2 3 15 
-11.5456  8.54003  57.0876 255 255 255 3.14 4 2 3 15 20 
-11.6617  8.75126  57.5178 255 255 255 3.14 4 2 3 15 20 
-11.6348   8.5305  56.2347 255 255 255 3.14 3 2 3 15 
-11.6361  8.59241  55.9702 255 255 255 3.14 3 2 3 15 
-11.9784  9.56194  58.0949 255 255 255 3.14 3 2 3 15 
-11.9329  9.89648   54.541 255 255 255 3.14 3 2 15 20 
-11.9592  10.3209  55.9691 255 255 255 3.14 4 2 3 15 20 
-12.1364  9.70778  53.7131 255 255 255 3.14 2 2 3 
-11.5551  10.5463  54.8712 255 255 255 3.14 4 8 9 14 16 
-12.3714  11.9237  54.7059 255 255 255 3.14 2 2 15 
-21.7844 -4.49196  41.0974 255 255 255 3.14 2 2 3 
-22.1993  -4.5236  41.0839 255 255 255 3.14 2 2 3 
-22.1049 -4.00424  40.8705 255 255 255 3.14 2 2 3 
-22.2466 -3.92763  40.7662 255 255 255 3.14 2 2 3 
-10.5736  2.55909  55.8208 255 255 255 3.14 4 2 3 15 20 
-10.659 2.73176 55.7049 255 255 255 3.14 4 2 3 15 20 
-9.99593  3.13012  56.8015 255 255 255 3.14 3 2 14 16 
-10.493 4.39166  60.151 255 255 255 3.14 3 2 3 15 
-10.7449  4.26049  58.8792 255 255 255 3.14 3 2 3 15 
-10.8418  4.43127  59.5566 255 255 255 3.14 4 2 3 15 20 
-10.8314  4.45756  57.2693 255 255 255 3.14 2 2 15 
-11.0011   4.7661  58.0094 255 255 255 3.14 4 2 14 15 21 
-11.4003  4.75248  58.4664 255 255 255 3.14 3 3 14 16 
-11.046 5.14292 59.6738 255 255 255 3.14 4 2 3 15 20 
-11.0411  5.35787  59.2757 255 255 255 3.14 4 2 3 15 20 
-11.3428  5.19251  58.3725 255 255 255 3.14 4 15 16 20 21 
-10.9296  5.58778  58.9116 255 255 255 3.14 2 2 15 
-11.0979  5.73231  58.8002 255 255 255 3.14 2 2 15 
-11.4349  7.71238   57.735 255 255 255 3.14 2 2 15 
-11.9315  7.55073  57.0859 255 255 255 3.14 3 14 16 21 
-11.6488  8.64222  56.0495 255 255 255 3.14 4 2 3 15 20 
-11.7249  9.29312  55.9165 255 255 255 3.14 3 2 3 15 
-11.5316  9.48628   56.202 255 255 255 3.14 2 2 15 
-12.3556  9.95842  58.3676 255 255 255 3.14 2 2 15 
-11.7981  10.0494  55.3939 255 255 255 3.14 7 2 3 8 9 14 16 21 
-12.1732  11.1584  57.6747 255 255 255 3.14 4 2 3 15 20 
-22.2368 -4.55895  40.9166 255 255 255 3.14 2 2 3 
-22.2526 -3.92482  40.8184 255 255 255 3.14 2 2 3 
-22.6811 -3.33259  40.5359 255 255 255 3.14 2 2 3 
-10.8789  4.38539    58.49 255 255 255 3.14 2 2 15 
-10.7428  4.51303  58.1109 255 255 255 3.14 2 2 15 
-10.9633  5.10842  58.9322 255 255 255 3.14 3 2 15 20 
-10.9825  4.91889   56.434 255 255 255 3.14 3 2 15 20 
-11.0348  5.11525   55.406 255 255 255 3.14 3 2 3 15 
-11.0046  5.80796  58.7329 255 255 255 3.14 3 2 15 20 
-11.7159  9.80932  55.3935 255 255 255 3.14 4 2 3 14 16 
-12.2828  11.0993  56.8003 255 255 255 3.14 3 2 3 15 
-13.4135   16.326  55.4132 255 255 255 3.14 3 2 3 15 
-11.0345  4.85253  57.5184 255 255 255 3.14 3 2 15 20 
-11.7141  8.82387  56.4083 255 255 255 3.14 2 2 15 
-12.0856   10.468  56.3007 255 255 255 3.14 3 2 3 15 
-12.3856  8.36132  60.2366 255 255 255 3.14 3 2 3 15 
-22.2407 -3.99681  40.8507 255 255 255 3.14 2 2 3 
-10.4017  -3.0759  63.9053 255 255 255 3.14 3 2 3 15 
-11.8148  9.54173  55.6827 255 255 255 3.14 2 3 15 
-9.9438  3.6968 56.3526 255 255 255 3.14 3 3 9 16 
-10.3307  4.87018   56.257 255 255 255 3.14 3 3 16 21 
-10.139 4.97342 55.0283 255 255 255 3.14 2 3 16 
-10.4662   4.6267  56.6797 255 255 255 3.14 6 3 8 9 14 16 21 
-11.8745  6.98555  57.3634 255 255 255 3.14 2 14 16 
-12.6591  11.2383  56.5494 255 255 255 3.14 2 14 16 
-12.3995  9.57331  60.2527 255 255 255 3.14 2 3 15 
-11.1321  7.05916  56.1738 255 255 255 3.14 2 4 8 
-6.63166  8.12923  52.0273 255 255 255 3.14 2 4 17 
-12.9794  7.81996  55.7079 255 255 255 3.14 2 4 17 
-4.93238  11.6257  50.9174 255 255 255 3.14 2 4 11 
-10.0741  10.7409  52.8423 255 255 255 3.14 2 4 8 
-10.7594  11.4347  53.8523 255 255 255 3.14 3 4 8 9 
-8.62476  12.8892  52.6937 255 255 255 3.14 2 4 17 
-9.41252  12.5803  52.2549 255 255 255 3.14 3 4 8 9 
-11.1018  15.1659  52.5392 255 255 255 3.14 2 4 9 
-8.2711 16.3939 51.5632 255 255 255 3.14 2 4 17 
-9.30432  17.0081  52.1853 255 255 255 3.14 2 4 17 
-5.95982 -4.48028  50.5406 255 255 255 3.14 2 4 17 
-7.44666 -3.66297  53.6163 255 255 255 3.14 2 4 17 
   -6.181 -0.995953   53.1625 255 255 255 3.14 2 4 17 
-5.52844 -0.38695  51.3396 255 255 255 3.14 2 4 17 
-6.21174 0.667307  52.7787 255 255 255 3.14 2 4 17 
-7.16009  1.99817  54.3036 255 255 255 3.14 2 4 17 
-10.558 2.82938 56.8774 255 255 255 3.14 2 4 17 
-8.93755  5.01611  54.7681 255 255 255 3.14 2 4 9 
-11.0241  6.33484  56.2159 255 255 255 3.14 2 4 17 
-13.0026  6.24925   55.657 255 255 255 3.14 2 4 17 
-12.887 7.33962 55.7509 255 255 255 3.14 2 4 17 
-12.6662  8.06274  55.7602 255 255 255 3.14 2 4 17 
-11.8837  8.34994  55.8919 255 255 255 3.14 2 4 17 
-11.499 11.0344 54.5216 255 255 255 3.14 3 4 8 9 
-11.0782  11.3183  54.9345 255 255 255 3.14 2 8 17 
-7.63235  12.0027  51.2886 255 255 255 3.14 2 4 11 
-8.95778  12.7906  53.8959 255 255 255 3.14 2 4 17 
-9.53345  12.4672  52.3852 255 255 255 3.14 3 4 8 9 
-8.40966  12.5251  51.5855 255 255 255 3.14 3 4 8 9 
-7.83551  12.8008  51.9064 255 255 255 3.14 2 8 17 
-9.31159  12.4853  52.1913 255 255 255 3.14 3 4 8 9 
-8.07931  12.5888  51.3505 255 255 255 3.14 3 4 8 9 
-9.08052  12.5155  51.9976 255 255 255 3.14 4 4 8 9 14 
-9.2108 12.5901 52.0478 255 255 255 3.14 6 4 8 9 14 16 21 
-9.33103  13.6087  51.8599 255 255 255 3.14 3 4 8 9 
-9.32664   13.655  51.8089 255 255 255 3.14 3 4 8 9 
-10.285 15.3012 54.0054 255 255 255 3.14 2 4 17 
-7.55781   14.745   49.214 255 255 255 3.14 2 4 17 
-11.0639  14.9298  52.6858 255 255 255 3.14 3 4 8 9 
-6.56123 -5.41573   51.441 255 255 255 3.14 2 4 17 
-6.11391 -4.80859  49.9206 255 255 255 3.14 2 4 17 
 -5.8558 -4.67398  49.9907 255 255 255 3.14 2 4 17 
-5.42908 0.757184  49.4037 255 255 255 3.14 2 4 17 
-7.68975  3.72206  54.6735 255 255 255 3.14 3 4 16 21 
-13.0686  4.66176  55.7599 255 255 255 3.14 2 4 17 
-4.64383  6.00621  54.0757 255 255 255 3.14 2 4 8 
-6.92099  6.69625  52.8615 255 255 255 3.14 2 4 9 
-8.98798  8.90589  53.3446 255 255 255 3.14 3 4 9 16 
-6.01892  9.20071  51.6909 255 255 255 3.14 2 4 11 
-6.86107  9.58603   51.878 255 255 255 3.14 2 8 9 
-10.4538  11.2177   53.181 255 255 255 3.14 2 4 8 
-9.75453  12.4516  52.5416 255 255 255 3.14 4 4 8 9 14 
-8.07108  12.5972  51.3463 255 255 255 3.14 3 4 8 9 
-4.87435  13.3956  50.5301 255 255 255 3.14 2 4 11 
-4.98522  13.3766  50.5387 255 255 255 3.14 2 4 11 
-9.34569   12.565  52.1811 255 255 255 3.14 3 4 14 21 
-9.58567  12.5853  52.3882 255 255 255 3.14 3 4 8 9 
-9.13367  12.5791  51.9619 255 255 255 3.14 2 4 9 
-4.95189  13.5036  50.5097 255 255 255 3.14 2 4 11 
-8.62674  12.7621  51.5867 255 255 255 3.14 4 4 14 16 21 
-12.0107  13.0514  54.0953 255 255 255 3.14 2 4 14 
-8.71184  13.4612  51.3591 255 255 255 3.14 3 4 14 21 
-9.44204  14.9534  53.2906 255 255 255 3.14 2 4 17 
-10.2631   15.542  54.0549 255 255 255 3.14 2 4 17 
-8.22741  16.1934  51.3223 255 255 255 3.14 2 4 17 
-10.963 15.9088 52.1653 255 255 255 3.14 2 4 16 
-8.7413 12.6459 51.7822 255 255 255 3.14 3 4 8 9 
-6.66151 -5.17056  51.3342 255 255 255 3.14 2 4 17 
-6.67277 -5.01151  51.3384 255 255 255 3.14 2 4 17 
-5.94465  -4.3962  50.4829 255 255 255 3.14 2 4 17 
-5.19569 0.423843  55.0508 255 255 255 3.14 4 4 14 16 21 
-7.30913 0.423905  55.3274 255 255 255 3.14 2 4 17 
-7.54833 0.779315   55.816 255 255 255 3.14 3 4 10 17 
 -8.9981 0.858391  57.2479 255 255 255 3.14 2 4 17 
-8.03795  1.25001  55.8615 255 255 255 3.14 3 4 10 17 
-13.0708  3.18702  56.0411 255 255 255 3.14 2 4 17 
4.27943 7.24198 58.1941 255 255 255 3.14 2 4 8 
-13.7455  3.63658  55.3407 255 255 255 3.14 2 4 17 
-10.3464  4.81533  56.5995 255 255 255 3.14 2 4 17 
-6.35152   3.9262  47.8733 255 255 255 3.14 2 4 17 
-14.0322  5.25867  54.7654 255 255 255 3.14 2 4 17 
-10.9591  6.15503  55.9821 255 255 255 3.14 2 4 8 
-6.73625   6.7033  52.9532 255 255 255 3.14 2 4 8 
-6.26733  6.21452  48.5581 255 255 255 3.14 2 4 17 
-6.33832  6.14479  48.1535 255 255 255 3.14 2 4 17 
-6.17851  6.39516  48.7626 255 255 255 3.14 2 4 17 
-6.25577   6.3338  48.5086 255 255 255 3.14 2 4 17 
-6.32382  6.33532  48.3131 255 255 255 3.14 2 4 17 
-6.35581  6.43008  48.5008 255 255 255 3.14 2 4 17 
-12.9088  7.49682  55.7988 255 255 255 3.14 2 4 17 
-9.25645  8.01789  53.8719 255 255 255 3.14 3 4 14 21 
-12.197 8.09847 55.8124 255 255 255 3.14 2 4 17 
-9.20176  8.33239  53.7055 255 255 255 3.14 2 4 14 
-5.66543  8.99832  51.4898 255 255 255 3.14 2 4 11 
-7.72752  9.00256  52.4837 255 255 255 3.14 2 4 9 
-6.9941 9.27892 51.9739 255 255 255 3.14 3 4 8 9 
-7.04179  10.9691  51.7336 255 255 255 3.14 2 4 8 
-7.41308  10.7274  51.1715 255 255 255 3.14 2 4 8 
-9.47162  11.1634  52.8514 255 255 255 3.14 3 4 8 9 
-11.9972  11.2021  54.9742 255 255 255 3.14 2 4 14 
-5.41012  11.8075  50.9121 255 255 255 3.14 2 4 11 
-9.88764  11.8004  54.2585 255 255 255 3.14 2 4 17 
-8.16312  11.9969  51.5463 255 255 255 3.14 2 8 9 
-8.24677  12.3172  51.5914 255 255 255 3.14 3 4 8 9 
-9.25692  12.2234   52.248 255 255 255 3.14 4 4 14 16 21 
-8.07171  12.3161  51.4029 255 255 255 3.14 3 4 8 9 
-10.4427  12.9248  54.4483 255 255 255 3.14 2 4 17 
-8.11884  13.2888  52.9908 255 255 255 3.14 2 4 17 
-4.95142  13.5206  50.4975 255 255 255 3.14 2 4 11 
-10.7665  13.0264  53.1711 255 255 255 3.14 2 4 14 
-10.952 13.0367 53.2819 255 255 255 3.14 2 4 16 
-9.73304  13.2551  52.2462 255 255 255 3.14 3 4 14 21 
-9.72703  13.7342  52.0387 255 255 255 3.14 3 4 14 21 
-7.92661  13.9752  50.8155 255 255 255 3.14 2 4 11 
-12.0161   13.958  53.7201 255 255 255 3.14 3 4 14 16 
-10.3024  14.2095  52.2062 255 255 255 3.14 4 4 14 16 21 
-12.5162  14.8655  53.9082 255 255 255 3.14 3 4 14 16 
-12.0193  15.8007  53.0722 255 255 255 3.14 4 4 14 16 21 
-9.23199  15.9406  50.8631 255 255 255 3.14 3 4 8 9 
-9.23449  12.1734  52.2965 255 255 255 3.14 2 8 9 
-7.10659 -4.68914  51.9946 255 255 255 3.14 2 4 17 
-5.91099 -4.39295  50.4901 255 255 255 3.14 2 4 17 
-5.94209 -4.08866  50.4531 255 255 255 3.14 2 4 17 
 -4.991 0.32749 54.8174 255 255 255 3.14 2 4 16 
-7.88478  2.55423  55.3621 255 255 255 3.14 3 4 10 17 
0.378966  5.73503  54.9411 255 255 255 3.14 2 4 8 
-6.04986  4.15676  51.8121 255 255 255 3.14 2 4 17 
-13.3802  3.86193  55.6671 255 255 255 3.14 2 4 17 
-5.85564  4.04637  48.9819 255 255 255 3.14 2 4 17 
4.07585 8.26204 58.4371 255 255 255 3.14 2 4 8 
-5.76186  4.94744  50.8925 255 255 255 3.14 2 4 17 
-9.15666  5.18737  55.1614 255 255 255 3.14 4 4 14 16 17 
-10.5884    5.531  55.9263 255 255 255 3.14 2 4 8 
-6.81878  6.03609  53.0114 255 255 255 3.14 2 4 9 
-10.6037  6.17292  56.2259 255 255 255 3.14 3 4 8 17 
-7.90656  6.71049   54.307 255 255 255 3.14 3 4 8 17 
-6.9158   6.647 53.0262 255 255 255 3.14 2 8 9 
-6.83951  6.62244  52.8082 255 255 255 3.14 2 4 8 
-6.20005  7.19893  53.8475 255 255 255 3.14 2 4 8 
-6.18681  6.38461  48.7324 255 255 255 3.14 2 4 17 
-6.35024  6.37477  48.3139 255 255 255 3.14 2 4 17 
-5.21133  7.55994  50.0827 255 255 255 3.14 2 8 17 
-6.48926  7.90472  48.1121 255 255 255 3.14 2 4 17 
-7.51093   9.1026  52.4425 255 255 255 3.14 3 4 8 9 
-8.77694  9.00954  53.1142 255 255 255 3.14 3 4 8 9 
-6.58805  8.33814  48.1925 255 255 255 3.14 2 4 17 
-9.6362 9.12039 53.7397 255 255 255 3.14 2 4 21 
-6.69104  8.52366  48.1925 255 255 255 3.14 2 4 17 
-7.43079  9.94834   51.975 255 255 255 3.14 3 4 8 9 
-9.53289  10.5816  53.2605 255 255 255 3.14 2 4 9 
-9.93496  10.6658  53.2894 255 255 255 3.14 2 4 8 
-5.43409  11.8678  50.8982 255 255 255 3.14 2 4 11 
-7.12798  10.6855  48.7187 255 255 255 3.14 2 4 17 
-5.89271  11.8466  50.9345 255 255 255 3.14 2 4 11 
-8.2956 11.8624 51.7051 255 255 255 3.14 3 4 8 9 
-9.52234  11.9819  52.5774 255 255 255 3.14 2 4 9 
-7.68551   12.435  51.1979 255 255 255 3.14 2 4 11 
-10.9307  12.7903  53.3825 255 255 255 3.14 2 4 14 
-10.4072  12.8065  52.9566 255 255 255 3.14 2 4 21 
-12.0956  12.9874  54.2128 255 255 255 3.14 2 4 14 
-10.3728  13.0698  52.8628 255 255 255 3.14 2 4 21 
-11.0037   13.234  53.2386 255 255 255 3.14 3 4 16 21 
-10.6741  13.3009  52.9262 255 255 255 3.14 4 4 6 14 21 
-9.40622  13.3796   51.919 255 255 255 3.14 4 4 14 16 21 
-10.7642  15.0873  54.7655 255 255 255 3.14 2 4 17 
-8.35602   14.555  50.7265 255 255 255 3.14 2 4 9 
-12.2986  15.7522  53.3752 255 255 255 3.14 3 4 16 21 
-8.12718  12.1654  51.7436 255 255 255 3.14 2 4 9 
-8.47508  12.0649     51.6 255 255 255 3.14 3 4 8 9 
-7.21727 -4.70627  52.0385 255 255 255 3.14 2 4 17 
-5.95699 -4.31316   51.338 255 255 255 3.14 2 4 17 
-6.43722  2.29003   51.198 255 255 255 3.14 2 4 17 
-9.4779 5.20212 55.4721 255 255 255 3.14 4 4 9 16 21 
-9.0286 5.33046 54.8018 255 255 255 3.14 4 4 14 16 21 
-6.53631  6.08656  52.6474 255 255 255 3.14 3 4 8 17 
-4.98515  6.37434  50.2862 255 255 255 3.14 2 8 17 
-7.89188   6.7754  54.3734 255 255 255 3.14 2 4 8 
-6.69853  8.20512  52.2138 255 255 255 3.14 2 4 16 
-9.23151  8.08257  53.7223 255 255 255 3.14 4 4 8 9 14 
-6.15945   8.1493  48.7806 255 255 255 3.14 2 4 17 
-9.6741  9.2784  55.875 255 255 255 3.14 2 4 8 
-9.51106  8.90373  53.7115 255 255 255 3.14 3 4 17 21 
-6.61181  9.59764  51.9987 255 255 255 3.14 2 4 9 
-9.67763  9.70534  53.5206 255 255 255 3.14 2 4 14 
-9.33651  9.83429  53.1322 255 255 255 3.14 4 4 14 16 21 
-7.35528  10.2296  51.8011 255 255 255 3.14 5 4 8 9 10 18 
-4.89555  10.8505  51.1094 255 255 255 3.14 2 4 11 
-7.75614  10.9833  51.7196 255 255 255 3.14 3 4 8 9 
-9.32436  10.9564  52.8461 255 255 255 3.14 2 8 9 
-5.82325  11.6363  51.0629 255 255 255 3.14 2 4 11 
-11.314  11.498 54.2432 255 255 255 3.14 4 4 6 14 21 
-9.24976  11.5557   52.517 255 255 255 3.14 3 4 8 9 
-11.761 11.5511 54.5485 255 255 255 3.14 4 4 14 16 21 
-10.6971  11.5868  53.7237 255 255 255 3.14 3 4 16 21 
-10.101 11.6068 53.1888 255 255 255 3.14 3 4 16 21 
-8.35616  11.8539  51.7535 255 255 255 3.14 4 4 14 16 21 
-10.6724  13.2996  52.9815 255 255 255 3.14 3 4 14 21 
-11.8889  14.2819  53.6972 255 255 255 3.14 3 14 16 21 
-10.3844  14.3493  52.3179 255 255 255 3.14 4 8 14 16 21 
-8.79203  5.22012  54.6951 255 255 255 3.14 3 4 8 9 
-5.04876   5.2702  52.6569 255 255 255 3.14 2 10 17 
-9.01359  4.85569  54.9879 255 255 255 3.14 7 6 8 9 10 14 16 21 
-10.1953   5.0003  55.9188 255 255 255 3.14 2 4 17 
-6.12429  4.79786   49.397 255 255 255 3.14 2 4 17 
-8.68659   5.8224  54.4366 255 255 255 3.14 3 4 14 21 
-8.36575  6.10066  53.9356 255 255 255 3.14 2 4 9 
-8.31148  6.31962   53.947 255 255 255 3.14 3 4 14 21 
-8.37001  6.40435  53.8451 255 255 255 3.14 2 8 9 
-6.13082  5.89205  49.1865 255 255 255 3.14 2 4 17 
-11.5582  6.43146  56.0787 255 255 255 3.14 2 4 17 
-6.32252  5.98839  48.5222 255 255 255 3.14 2 4 17 
-6.35053  7.28217  48.5763 255 255 255 3.14 2 4 17 
-10.1147  7.99592  54.5792 255 255 255 3.14 3 4 6 21 
-10.0991  9.01188  53.6767 255 255 255 3.14 2 4 9 
-9.34402    9.222  53.4085 255 255 255 3.14 2 4 9 
-6.56736  8.60385  48.2338 255 255 255 3.14 2 4 17 
-7.44997  9.62743  52.1135 255 255 255 3.14 3 8 9 10 
-7.21882  9.80467  51.5675 255 255 255 3.14 2 4 9 
-9.50207  10.1203  53.1342 255 255 255 3.14 4 6 14 16 21 
-7.13102  10.8806  51.5257 255 255 255 3.14 2 4 9 
-9.80604   10.762  53.2811 255 255 255 3.14 2 8 9 
-10.5268  11.2019  53.8448 255 255 255 3.14 7 4 6 8 9 14 16 21 
-10.9662  11.3366   54.109 255 255 255 3.14 4 4 14 16 21 
-9.50748  11.4671  52.7804 255 255 255 3.14 4 4 14 16 21 
-9.73159  11.8279   53.596 255 255 255 3.14 2 8 17 
-9.77939  11.8368   52.484 255 255 255 3.14 3 4 8 9 
-10.9386  12.4907   53.559 255 255 255 3.14 3 4 6 21 
-11.0534  12.7949  53.4151 255 255 255 3.14 2 4 21 
-10.5388  12.9754  53.0634 255 255 255 3.14 3 4 14 21 
-10.689 13.3672  53.004 255 255 255 3.14 3 4 14 21 
-9.59555  13.4115  52.0178 255 255 255 3.14 2 4 9 
-10.2061  13.9649  52.2321 255 255 255 3.14 4 4 14 16 21 
-10.4526  7.42862  55.1838 255 255 255 3.14 4 4 14 16 17 
-10.773 7.52066 54.9122 255 255 255 3.14 2 4 8 
-7.7886 10.7132  51.621 255 255 255 3.14 2 4 9 
-10.0834  11.0008  53.6278 255 255 255 3.14 4 8 9 16 21 
-5.54638   11.596  51.0499 255 255 255 3.14 6 4 10 11 13 18 22 
-10.5318  11.1393  53.8569 255 255 255 3.14 5 4 6 14 16 21 
-9.81736  11.6371  53.1198 255 255 255 3.14 3 14 16 21 
-5.15805  5.39273  51.3567 255 255 255 3.14 2 8 17 
-10.5461  11.0819  53.8141 255 255 255 3.14 5 4 6 14 16 21 
-11.0805   11.819   53.973 255 255 255 3.14 3 14 16 21 
-8.88606  12.7183  51.8194 255 255 255 3.14 3 4 8 9 
-8.81293  12.3835  51.9699 255 255 255 3.14 3 4 8 9 
-10.421 2.67658 56.8502 255 255 255 3.14 2 4 17 
 -6.4431 -3.68225  51.5204 255 255 255 3.14 2 4 17 
-7.12601  2.30837  54.3362 255 255 255 3.14 2 4 17 
-10.4694  15.3458  54.3936 255 255 255 3.14 2 4 17 
-9.89441  16.7853  53.4781 255 255 255 3.14 2 4 17 
-8.87804  12.4063  51.8716 255 255 255 3.14 2 4 9 
-5.25423 -4.57547  48.5819 255 255 255 3.14 2 4 17 
-11.2485  14.6971  53.0893 255 255 255 3.14 2 4 8 
-7.74518  1.78075  55.5984 255 255 255 3.14 2 4 17 
-1.63851  2.08683  53.3151 255 255 255 3.14 2 5 19 
-1.55054  2.11021  53.4035 255 255 255 3.14 2 5 19 
-1.67216  2.09349  53.2688 255 255 255 3.14 2 5 19 
-9.88825  10.0766  53.6205 255 255 255 3.14 2 5 7 
-3.14366  11.9773  51.5231 255 255 255 3.14 2 5 19 
-8.30536  14.1739  50.7332 255 255 255 3.14 2 5 11 
 6.50729 -3.66148  57.6321 255 255 255 3.14 2 5 19 
 6.12719 -3.60721  57.4636 255 255 255 3.14 2 5 19 
 5.47677 -3.36983  57.2239 255 255 255 3.14 2 5 19 
0.192672  0.84443  53.8528 255 255 255 3.14 2 5 19 
0.369828 0.881019  53.9829 255 255 255 3.14 2 5 19 
-0.0140237   0.927601    53.8213 255 255 255 3.14 2 5 19 
-3.04095  3.50146  52.9827 255 255 255 3.14 2 5 19 
-2.27261  4.21042  52.8395 255 255 255 3.14 2 5 19 
-2.16193  4.22214  52.8217 255 255 255 3.14 2 5 19 
-3.31701  7.72782  51.8914 255 255 255 3.14 2 5 19 
-2.94024   7.7972  51.8114 255 255 255 3.14 2 5 19 
-3.49217  8.15631  51.7349 255 255 255 3.14 2 5 19 
-9.71557  9.32791  53.7931 255 255 255 3.14 2 5 7 
-7.75572  9.14889  52.6835 255 255 255 3.14 2 5 7 
-3.37581  9.07526  51.5303 255 255 255 3.14 2 5 19 
-7.32236  9.49269  52.3475 255 255 255 3.14 2 5 7 
-9.85248  9.98422  53.5892 255 255 255 3.14 2 5 7 
-2.82805  9.88281  51.4175 255 255 255 3.14 2 5 19 
-4.69886  11.3158  50.9838 255 255 255 3.14 2 5 19 
-3.14887   11.909  51.4926 255 255 255 3.14 2 5 19 
-3.76321  12.8223  50.3165 255 255 255 3.14 2 5 7 
-6.79501   14.807  49.9956 255 255 255 3.14 2 5 19 
-6.45579  15.3951  49.8489 255 255 255 3.14 2 5 19 
-6.33234  15.4063   49.809 255 255 255 3.14 2 5 19 
  6.9953 -3.77177  57.8948 255 255 255 3.14 2 5 19 
 7.47713 -3.25981  58.4612 255 255 255 3.14 2 5 19 
-1.73929 -2.88851  56.4581 255 255 255 3.14 2 5 19 
0.0984328 -0.558945   54.4007 255 255 255 3.14 2 5 19 
-0.441177   1.04129   53.8432 255 255 255 3.14 2 5 19 
-0.379104   1.23747   53.8484 255 255 255 3.14 2 5 19 
-6.56981   2.7152  55.0997 255 255 255 3.14 2 5 19 
-1.07568  5.26381  53.4947 255 255 255 3.14 2 5 19 
-1.74395  5.20484  52.7012 255 255 255 3.14 3 5 11 19 
-3.17314  7.37505  51.8818 255 255 255 3.14 2 5 19 
-5.14885  7.29127  51.8433 255 255 255 3.14 2 5 11 
-3.21206  7.43728  51.7661 255 255 255 3.14 2 5 19 
-2.85916  7.98087  51.9398 255 255 255 3.14 2 5 11 
-9.50114  9.19716  53.7278 255 255 255 3.14 2 5 7 
-7.91978  9.07514  52.7395 255 255 255 3.14 2 5 7 
-7.6348 9.10056 52.5594 255 255 255 3.14 3 5 7 19 
-3.2807 9.69259 51.2698 255 255 255 3.14 2 5 19 
-14.4065  12.1603  62.1136 255 255 255 3.14 2 7 11 
-3.32228  9.77466  51.2203 255 255 255 3.14 2 5 19 
-3.24301  11.0694  51.1263 255 255 255 3.14 2 5 11 
-3.65379  12.6157  50.7188 255 255 255 3.14 2 5 11 
-4.73165  13.5272  50.4526 255 255 255 3.14 2 5 7 
-3.77211  14.4672  50.5588 255 255 255 3.14 3 5 7 11 
-4.48334  15.5505  50.4362 255 255 255 3.14 2 5 19 
 7.17783 -3.82349  58.0966 255 255 255 3.14 2 5 19 
 6.11885 -3.76964  57.2185 255 255 255 3.14 2 5 19 
-3.02482  2.77199  53.2895 255 255 255 3.14 2 5 19 
-1.91129  5.54235  52.7476 255 255 255 3.14 2 5 7 
-3.00211  7.22169  51.8505 255 255 255 3.14 2 5 19 
-9.67576   9.2392  53.8223 255 255 255 3.14 2 5 7 
-7.90372  9.05641  52.7251 255 255 255 3.14 2 5 7 
-9.5617   9.457 53.6695 255 255 255 3.14 2 5 7 
-7.4075  9.7638 52.0517 255 255 255 3.14 3 5 7 19 
-3.28186   9.7817  51.4694 255 255 255 3.14 5 5 11 13 18 22 
-7.48972  9.99353  52.0932 255 255 255 3.14 2 5 7 
-7.13572  10.0902  51.6565 255 255 255 3.14 2 5 19 
-3.12509  10.2403  51.3796 255 255 255 3.14 3 5 11 19 
-8.14653  16.7868   67.481 255 255 255 3.14 2 5 7 
-4.44253  15.4501  50.8449 255 255 255 3.14 2 5 19 
-4.61417  15.8478   50.733 255 255 255 3.14 2 5 19 
-7.26622   9.8917   52.056 255 255 255 3.14 2 5 7 
-6.71899   3.8178  54.1601 255 255 255 3.14 2 5 7 
-1.36256  4.76778  53.2122 255 255 255 3.14 2 5 11 
-1.46411  5.16452  53.4861 255 255 255 3.14 2 5 19 
-4.92999  4.91614  52.6335 255 255 255 3.14 2 5 7 
-5.05118  5.29687  52.7359 255 255 255 3.14 2 5 19 
-6.4161 5.97854 53.1277 255 255 255 3.14 2 5 7 
-1.41301  7.13099  53.0504 255 255 255 3.14 2 5 19 
-1.49416   7.3336  52.9813 255 255 255 3.14 2 5 19 
-3.22907  9.50304  51.5306 255 255 255 3.14 8 5 7 11 12 13 18 19 22 
-7.57173  9.79304  52.2349 255 255 255 3.14 2 5 7 
-7.40244  9.99129  52.0621 255 255 255 3.14 2 5 7 
-7.11436  10.0796  51.6003 255 255 255 3.14 2 5 19 
-7.63589  16.8869  67.8512 255 255 255 3.14 2 5 7 
-3.07975  11.9646  51.5774 255 255 255 3.14 2 5 19 
-3.34054  12.8855  51.2689 255 255 255 3.14 2 5 19 
-3.45675  13.0056  51.0952 255 255 255 3.14 2 5 19 
-5.66851   13.851  50.5808 255 255 255 3.14 2 5 7 
-5.87367  17.3102  50.6415 255 255 255 3.14 2 5 19 
-4.56105  5.25339  52.7227 255 255 255 3.14 2 5 19 
-5.00293  5.27029  52.6589 255 255 255 3.14 2 5 7 
-7.24252  16.6265  67.0844 255 255 255 3.14 2 5 7 
-6.57036  12.9056  50.9249 255 255 255 3.14 2 5 7 
-5.34279  13.7033  50.4159 255 255 255 3.14 2 5 7 
-2.82893  7.30414  51.9616 255 255 255 3.14 2 5 11 
 7.5448 -2.4296 58.2719 255 255 255 3.14 2 5 19 
-5.64799  4.27384  53.4989 255 255 255 3.14 2 5 19 
-5.1426 4.88628 52.8397 255 255 255 3.14 3 5 7 19 
-4.01991  5.37381  52.4892 255 255 255 3.14 2 5 7 
-5.74463  5.72718  53.0258 255 255 255 3.14 2 5 7 
-1.68737  6.10923  52.5392 255 255 255 3.14 2 5 19 
-4.14886  10.2697  51.1376 255 255 255 3.14 2 11 13 
-4.72554  10.7705   51.125 255 255 255 3.14 2 5 7 
-8.27765   16.922  68.3689 255 255 255 3.14 2 5 7 
-5.95716  11.7889  51.5916 255 255 255 3.14 2 7 11 
-5.59448  12.1141  50.9626 255 255 255 3.14 8 5 7 9 10 11 13 18 22 
-6.55167  12.8661  50.8489 255 255 255 3.14 2 5 7 
-4.43275  16.2485  51.2555 255 255 255 3.14 2 5 19 
-4.85427   10.721  51.2237 255 255 255 3.14 3 13 18 22 
-3.01152  13.0589  52.3097 255 255 255 3.14 2 5 19 
-5.39082  13.8666  50.2571 255 255 255 3.14 2 5 19 
-7.14351  14.6911  50.1229 255 255 255 3.14 2 5 19 
-4.72655  4.58837  52.9528 255 255 255 3.14 3 6 14 21 
-7.41766  8.74636  52.4321 255 255 255 3.14 3 6 14 21 
-6.93547  8.84681  52.3093 255 255 255 3.14 2 6 14 
-7.3897 8.99775 52.2882 255 255 255 3.14 2 6 14 
-10.1139  10.9338   53.193 255 255 255 3.14 2 6 14 
-9.54151  12.3827  52.3807 255 255 255 3.14 4 6 14 16 21 
-9.31061  12.4572   52.199 255 255 255 3.14 4 6 14 16 21 
-9.63622  12.4205  52.5019 255 255 255 3.14 4 6 14 16 21 
-9.30282  12.5717  52.1575 255 255 255 3.14 4 6 14 16 21 
-9.66022  12.5357  52.4587 255 255 255 3.14 4 6 14 16 21 
-9.19578  12.6249   52.036 255 255 255 3.14 5 6 8 9 14 16 
-9.39988  12.6393  52.2232 255 255 255 3.14 4 6 14 16 21 
-9.74841  12.6357  52.4949 255 255 255 3.14 4 6 14 16 21 
-9.65431  13.4501  51.9907 255 255 255 3.14 2 6 14 
-7.8067  14.714 50.6398 255 255 255 3.14 2 6 16 
-12.0177  14.1131  53.5789 255 255 255 3.14 3 6 14 21 
-11.0838  14.9058  52.6013 255 255 255 3.14 4 6 14 16 21 
-9.05167  15.7783  50.7548 255 255 255 3.14 2 6 14 
-10.8304  15.3489  52.2831 255 255 255 3.14 4 6 14 16 21 
-11.0097  15.9152  52.1486 255 255 255 3.14 3 6 14 21 
-10.6547  16.9915   51.897 255 255 255 3.14 3 6 16 21 
 -10.72 17.1182 51.8804 255 255 255 3.14 4 6 14 16 21 
-3.1626  -4.172 58.1039 255 255 255 3.14 4 6 14 16 21 
-5.49575  4.05347   53.384 255 255 255 3.14 2 6 21 
-5.22514  4.14311  53.0769 255 255 255 3.14 4 6 14 16 21 
-4.86118  4.59771  52.7889 255 255 255 3.14 3 6 14 21 
-5.08644  4.74393  52.7429 255 255 255 3.14 2 6 21 
-3.79342  5.76049  52.0443 255 255 255 3.14 3 6 14 21 
-8.06243  5.78337  54.2156 255 255 255 3.14 2 6 21 
-9.27879  5.69231   54.242 255 255 255 3.14 2 6 21 
-9.96443  7.37848  54.4831 255 255 255 3.14 2 6 21 
-6.62101  8.19395  52.2187 255 255 255 3.14 3 11 14 21 
-6.84432  8.30001  52.2894 255 255 255 3.14 4 6 8 14 21 
-7.2819 8.99945 52.2947 255 255 255 3.14 4 6 9 14 21 
-7.01103  9.27878  52.0174 255 255 255 3.14 5 6 11 14 16 21 
-7.09729  9.70994  52.0212 255 255 255 3.14 2 6 16 
-7.08319  10.2277   51.838 255 255 255 3.14 2 6 16 
-9.26136  12.2238  52.2399 255 255 255 3.14 4 6 14 16 21 
-9.31041  12.4037  52.2286 255 255 255 3.14 3 6 16 21 
-9.32845  12.5575  52.1539 255 255 255 3.14 4 6 14 16 21 
-9.7124 12.5106 52.4618 255 255 255 3.14 3 6 14 21 
-10.2885  14.3608   52.138 255 255 255 3.14 4 6 14 16 21 
-11.7546  14.2283  53.3815 255 255 255 3.14 3 6 16 21 
-11.4959   14.745  53.0475 255 255 255 3.14 4 6 14 16 21 
-11.2133  14.8393  52.7192 255 255 255 3.14 4 6 14 16 21 
-11.0082  15.0188  52.4681 255 255 255 3.14 4 6 14 16 21 
-11.1123  15.0876  52.5964 255 255 255 3.14 4 6 14 16 21 
-10.9005  15.1734  52.3458 255 255 255 3.14 3 6 14 21 
-10.9237  15.9563  52.1982 255 255 255 3.14 4 6 14 16 21 
-11.0408       16  52.0026 255 255 255 3.14 2 6 14 
-10.7482  16.1458  51.8212 255 255 255 3.14 2 6 14 
-13.0181  16.9137  54.5878 255 255 255 3.14 3 6 14 21 
-5.26321 -3.92644  58.1718 255 255 255 3.14 2 6 21 
-5.24061  4.12593  53.3964 255 255 255 3.14 3 6 14 21 
-4.66386  5.08301  52.7665 255 255 255 3.14 3 6 14 21 
-3.75788  6.05472  52.1855 255 255 255 3.14 2 6 14 
-8.54662  5.94786  54.4405 255 255 255 3.14 2 6 16 
-7.99372  6.10995  53.8893 255 255 255 3.14 2 6 21 
-4.10078  6.85611  51.7888 255 255 255 3.14 2 6 16 
-8.32615  6.41421  53.8675 255 255 255 3.14 2 14 16 
-9.81479  7.66047  54.5776 255 255 255 3.14 2 6 16 
-9.63877  7.76573  54.2878 255 255 255 3.14 2 6 21 
-10.1965  7.86678  54.5945 255 255 255 3.14 2 6 21 
-8.22016  8.54807  52.3586 255 255 255 3.14 3 6 14 21 
-5.34663  9.23129  51.7345 255 255 255 3.14 3 6 14 21 
-8.26204  8.58144  52.4371 255 255 255 3.14 3 6 14 21 
-7.63937  9.00682  52.4488 255 255 255 3.14 5 6 11 14 16 21 
-7.33779   9.1911  52.1929 255 255 255 3.14 4 6 11 14 21 
-7.14782  9.32974  52.0591 255 255 255 3.14 4 6 11 14 21 
-9.76885   8.9465  53.9763 255 255 255 3.14 3 6 16 21 
-9.42773  9.12526  53.5177 255 255 255 3.14 4 6 14 16 21 
-9.85796   9.1619  54.0178 255 255 255 3.14 3 6 16 21 
-6.94315  9.76044  52.0544 255 255 255 3.14 2 6 16 
-7.07634  10.2673  51.8575 255 255 255 3.14 2 6 16 
-10.8194   11.384  54.0136 255 255 255 3.14 3 6 14 21 
-9.41054  11.9684  52.4805 255 255 255 3.14 6 6 8 9 14 16 21 
-9.41909  12.3359  52.2211 255 255 255 3.14 4 6 14 16 21 
-9.05424  12.4157  51.9469 255 255 255 3.14 4 6 14 16 21 
-11.0822  12.7422  53.3663 255 255 255 3.14 3 6 14 21 
-10.7663  14.4373  52.6396 255 255 255 3.14 4 6 14 16 21 
-11.7748  14.1854  53.3456 255 255 255 3.14 2 6 14 
-11.2471  14.4739  53.0305 255 255 255 3.14 3 6 14 16 
-11.2955  14.6525  52.9275 255 255 255 3.14 4 6 14 16 21 
-11.3037  14.9145  52.8993 255 255 255 3.14 3 6 14 16 
-7.8574 18.3882 49.9196 255 255 255 3.14 2 6 14 
-2.83027 -5.38988  60.3953 255 255 255 3.14 2 6 21 
-2.66077 -5.33644  59.9221 255 255 255 3.14 2 6 21 
-2.72295 -5.20016  59.5391 255 255 255 3.14 2 6 21 
-3.8134 -5.0009 59.8772 255 255 255 3.14 2 6 21 
-2.84664 -4.67023  59.3359 255 255 255 3.14 2 6 21 
 -3.4493 -4.38001  58.7429 255 255 255 3.14 2 6 21 
-5.95608  3.92751  53.5752 255 255 255 3.14 3 6 14 21 
-5.69333  4.11954  53.3133 255 255 255 3.14 4 6 14 16 21 
-5.01097  4.82265  52.8303 255 255 255 3.14 3 6 14 21 
-5.36277  5.13192  52.4568 255 255 255 3.14 3 6 14 21 
-5.02953  5.28987  52.9657 255 255 255 3.14 3 6 14 21 
-5.61965  5.55106  52.6374 255 255 255 3.14 3 6 14 21 
-6.51989  5.85882  53.0681 255 255 255 3.14 3 14 16 21 
-3.98006  6.27382  52.0477 255 255 255 3.14 2 6 21 
-4.94499  7.40991   51.921 255 255 255 3.14 3 6 16 21 
-5.67848  7.90454   51.804 255 255 255 3.14 2 6 21 
-5.42311  9.41684  51.6481 255 255 255 3.14 3 6 14 21 
-8.71618  8.91341  53.1175 255 255 255 3.14 4 6 14 16 21 
-9.1901 9.09191 53.3565 255 255 255 3.14 4 6 14 16 21 
-7.60133  9.57629  52.0908 255 255 255 3.14 3 6 14 21 
-9.23667  9.54269  53.1511 255 255 255 3.14 4 6 14 16 21 
-7.40262  9.87692  51.8185 255 255 255 3.14 3 6 14 21 
-9.90659  10.5703  53.3177 255 255 255 3.14 3 6 16 21 
 -8.662 11.1677 52.9705 255 255 255 3.14 3 14 16 21 
-10.2074  11.2939  54.2441 255 255 255 3.14 3 6 14 21 
-10.6516  11.7004   53.803 255 255 255 3.14 4 6 14 16 21 
-11.5527  11.6286  54.1914 255 255 255 3.14 3 6 14 21 
-10.6526  14.4661  52.3505 255 255 255 3.14 4 4 6 16 21 
-11.2914  14.3894  53.0672 255 255 255 3.14 2 6 14 
-11.1749     14.7  52.9361 255 255 255 3.14 2 6 16 
-6.52052  18.0704  50.1004 255 255 255 3.14 3 6 14 21 
-5.27858  3.98366  52.9836 255 255 255 3.14 3 6 16 21 
-6.85196  3.68794  54.4209 255 255 255 3.14 3 6 14 21 
-5.38526  4.72674  52.8308 255 255 255 3.14 2 6 21 
-5.33665  5.20711  52.9888 255 255 255 3.14 3 6 14 21 
-4.52292  5.64524  52.2943 255 255 255 3.14 3 6 14 21 
-5.55198  5.61459   52.584 255 255 255 3.14 3 6 14 21 
-4.1907 6.19356 52.0301 255 255 255 3.14 2 6 21 
-6.76227  6.48884  53.0285 255 255 255 3.14 4 6 11 14 21 
-3.84206  7.25332  52.0657 255 255 255 3.14 3 6 14 21 
-5.3779 7.77347 52.1017 255 255 255 3.14 2 6 14 
-9.49446  7.85982  54.0331 255 255 255 3.14 4 6 14 16 21 
-10.4798  7.98848   54.465 255 255 255 3.14 2 6 21 
-7.18269  9.22986  52.1398 255 255 255 3.14 3 6 14 21 
-8.02889  9.42525  52.1352 255 255 255 3.14 2 6 21 
-9.19179  9.49258  53.1091 255 255 255 3.14 4 6 14 16 21 
-9.49791  9.81438  53.3023 255 255 255 3.14 4 6 14 16 21 
-9.81631  10.6525  53.3169 255 255 255 3.14 3 14 16 21 
-10.5041  11.0804  54.2646 255 255 255 3.14 3 6 14 21 
-11.1122  11.6098  53.7709 255 255 255 3.14 3 6 14 21 
-11.3966  11.6936  54.1283 255 255 255 3.14 6 6 10 14 16 18 21 
-10.8462  12.1453  53.3384 255 255 255 3.14 3 6 14 21 
-7.00742   3.8735  54.4868 255 255 255 3.14 2 6 21 
-5.18036  4.49741  53.3223 255 255 255 3.14 4 6 14 16 21 
-7.02192  5.75756  52.9665 255 255 255 3.14 3 6 14 21 
-9.43071   7.7522  54.0431 255 255 255 3.14 4 6 14 16 21 
-5.80586  9.77902  51.5664 255 255 255 3.14 3 6 14 21 
-10.2149  11.0991  53.2427 255 255 255 3.14 3 6 14 21 
-7.38254  3.90444  54.3696 255 255 255 3.14 2 6 21 
-10.8398   15.886  52.1411 255 255 255 3.14 3 6 16 21 
-1.48052  1.99758  53.3455 255 255 255 3.14 2 7 19 
-2.10816  3.93391  52.7413 255 255 255 3.14 4 7 13 18 22 
-2.15399  4.03358  52.7315 255 255 255 3.14 4 7 13 18 22 
-5.43047  9.19241  51.4188 255 255 255 3.14 2 7 19 
0.277083 -1.84425  54.9786 255 255 255 3.14 2 7 18 
0.173927 0.858043  53.9817 255 255 255 3.14 5 7 11 13 18 22 
0.299862 0.907711  54.1068 255 255 255 3.14 2 7 19 
-1.64775  1.91532   53.022 255 255 255 3.14 2 7 11 
-1.4886 1.98946 53.3704 255 255 255 3.14 2 7 19 
 -2.239 3.73216 52.7803 255 255 255 3.14 3 7 11 18 
-2.05161  3.81374  52.8017 255 255 255 3.14 5 7 11 13 18 22 
-2.19598  3.83115  52.7502 255 255 255 3.14 4 7 13 18 22 
-3.41672  7.66647  51.7441 255 255 255 3.14 2 7 19 
-4.16618  11.9871  50.7407 255 255 255 3.14 2 7 11 
-4.08245  12.1035  50.8051 255 255 255 3.14 2 7 11 
-3.61551  12.6238  50.7309 255 255 255 3.14 2 7 19 
-3.55334  12.7367  50.7673 255 255 255 3.14 2 7 19 
-0.604759 -0.586607   54.4765 255 255 255 3.14 3 7 18 22 
0.296024  0.93483  54.1314 255 255 255 3.14 2 7 19 
-0.323991   0.85131   53.9592 255 255 255 3.14 2 7 11 
-0.382645   1.05017   53.5738 255 255 255 3.14 2 7 11 
-1.62652  1.77419  53.1317 255 255 255 3.14 2 7 11 
-2.5731 2.22518 53.0667 255 255 255 3.14 2 7 13 
-2.49092  2.39998  53.0821 255 255 255 3.14 4 7 11 13 22 
-0.882065   3.08376   53.2324 255 255 255 3.14 2 7 11 
-2.02285  3.77908  52.7865 255 255 255 3.14 5 7 11 13 18 22 
-2.2886 3.98216 52.6929 255 255 255 3.14 6 7 11 12 13 18 22 
-2.13559  4.08507  52.7331 255 255 255 3.14 5 7 11 13 18 22 
-1.96643  4.11684  52.7984 255 255 255 3.14 5 7 11 13 18 22 
-5.14114  4.22093  53.2751 255 255 255 3.14 2 7 11 
-2.07087  4.68794  52.6568 255 255 255 3.14 5 7 11 13 18 22 
-1.91291  4.83468  52.7361 255 255 255 3.14 5 7 12 13 18 22 
-1.18313  5.11858  53.2689 255 255 255 3.14 2 7 11 
-1.22293  5.21379  53.0354 255 255 255 3.14 4 7 11 12 19 
-1.54102  5.80545   52.874 255 255 255 3.14 3 7 11 19 
-2.0423 6.75739 52.2874 255 255 255 3.14 2 7 19 
-2.92546  10.0113   51.381 255 255 255 3.14 2 7 19 
-3.14641  12.1191  51.1491 255 255 255 3.14 3 7 11 19 
-3.38354  12.4421  50.8917 255 255 255 3.14 3 7 11 19 
-3.18903  12.6259  51.0237 255 255 255 3.14 2 7 11 
-3.60845  12.6257  50.8605 255 255 255 3.14 3 7 11 19 
-3.13832  12.8273   51.008 255 255 255 3.14 2 7 11 
-3.19562  12.8878  50.7479 255 255 255 3.14 2 7 11 
-3.71427  14.6923  50.5141 255 255 255 3.14 2 7 11 
-3.85515   14.772  50.4448 255 255 255 3.14 2 7 11 
-3.76263  17.1885  49.7583 255 255 255 3.14 2 7 19 
-0.41972  1.07318   53.551 255 255 255 3.14 2 7 11 
-2.37003  2.15918  53.1399 255 255 255 3.14 5 7 11 13 18 22 
-4.09023  3.27443  52.8206 255 255 255 3.14 2 7 11 
-5.3544 3.61877  53.266 255 255 255 3.14 2 7 11 
-2.31869  4.01005  52.6883 255 255 255 3.14 5 7 11 13 18 22 
-1.98651  4.37151  52.7576 255 255 255 3.14 4 7 11 13 22 
-1.54009  4.75549   52.824 255 255 255 3.14 4 7 13 19 22 
-1.88209   4.8028  52.7537 255 255 255 3.14 5 7 12 13 18 22 
-1.34972  5.01024  53.3573 255 255 255 3.14 2 7 11 
-1.71358  4.94884  52.8314 255 255 255 3.14 2 7 13 
-1.59167  5.03083  52.8187 255 255 255 3.14 3 7 11 19 
-1.13526  5.16925   53.383 255 255 255 3.14 2 7 11 
-2.44537  4.89759  52.4479 255 255 255 3.14 6 7 11 12 13 18 22 
-2.14982  4.94398  52.5497 255 255 255 3.14 6 7 11 12 13 18 22 
-1.97303  5.08856  52.6656 255 255 255 3.14 6 7 11 12 13 18 22 
-1.29508  5.39587  53.1832 255 255 255 3.14 2 7 11 
-1.29742  5.49572  53.3511 255 255 255 3.14 2 7 11 
-1.44669  5.82434   53.176 255 255 255 3.14 2 7 11 
-4.19334  5.49554    52.33 255 255 255 3.14 3 11 18 22 
-6.27445  5.79731  52.6916 255 255 255 3.14 2 7 11 
-3.4093 7.68652 51.7282 255 255 255 3.14 3 7 12 19 
-11.0998  8.24606  54.3608 255 255 255 3.14 2 7 11 
-5.47558  9.13953  51.5441 255 255 255 3.14 2 7 19 
-3.44901  9.28527  51.4931 255 255 255 3.14 5 11 12 13 18 22 
-3.30561  9.59165  51.3311 255 255 255 3.14 3 7 12 19 
-3.17339  9.95718  51.3817 255 255 255 3.14 3 7 11 19 
-3.61522  9.89061  51.3405 255 255 255 3.14 4 11 13 18 22 
-3.37027  10.0302  51.2968 255 255 255 3.14 2 7 19 
-4.59316  11.6941  50.6434 255 255 255 3.14 2 7 11 
-3.07306  12.2609  50.9812 255 255 255 3.14 2 7 11 
-5.40774  12.2178   50.559 255 255 255 3.14 2 7 19 
-3.58161  12.5754  51.1596 255 255 255 3.14 2 7 11 
-3.53939  12.5898  50.8686 255 255 255 3.14 2 7 19 
-3.14401  12.8389  51.0358 255 255 255 3.14 2 7 11 
-3.24424  12.9201  50.7658 255 255 255 3.14 2 7 11 
-3.72667  14.5432  50.6059 255 255 255 3.14 2 7 11 
-4.70989   17.262  49.5157 255 255 255 3.14 2 7 11 
-2.00032  3.96073  52.6401 255 255 255 3.14 2 7 11 
-5.42453  4.13591  53.2495 255 255 255 3.14 2 7 11 
-2.03493  4.50128  52.7191 255 255 255 3.14 2 11 13 
-1.77966  4.71895  52.7645 255 255 255 3.14 5 7 11 13 18 22 
-2.31757   4.8022  52.5527 255 255 255 3.14 6 7 11 12 13 18 22 
-2.06249  5.14907  52.4133 255 255 255 3.14 2 7 11 
-1.47711  5.51266  53.1317 255 255 255 3.14 2 7 11 
-1.36077  5.82598  53.1975 255 255 255 3.14 2 7 11 
-1.74366  5.77953  52.8649 255 255 255 3.14 2 7 11 
-1.64933   5.8631  52.8999 255 255 255 3.14 2 7 11 
-3.16254  7.82648  51.8524 255 255 255 3.14 2 7 19 
-3.15938   9.6434  51.5245 255 255 255 3.14 6 7 12 13 18 19 22 
-2.70171  10.6819  51.6155 255 255 255 3.14 2 7 11 
-3.23834  12.3993  51.0784 255 255 255 3.14 3 7 11 19 
-3.5338 12.5777 50.9059 255 255 255 3.14 2 7 11 
-3.13992  12.8587  51.0798 255 255 255 3.14 2 7 11 
-3.84873  12.9456  50.8046 255 255 255 3.14 2 7 11 
-3.32505   12.936  50.7375 255 255 255 3.14 2 7 11 
-4.23681  16.4013  49.9624 255 255 255 3.14 2 7 11 
-4.47428  16.6696  49.4848 255 255 255 3.14 2 7 11 
-2.09713  5.04087  52.7201 255 255 255 3.14 2 7 13 
-1.44618  5.45264  53.1063 255 255 255 3.14 2 7 11 
-1.48397   5.7527  53.1385 255 255 255 3.14 2 7 11 
-1.65735  5.84293  52.9215 255 255 255 3.14 2 7 11 
-3.91794  10.2063  50.9163 255 255 255 3.14 2 7 19 
-4.04672   12.341  50.6571 255 255 255 3.14 2 7 11 
-3.43278  15.0965  50.7126 255 255 255 3.14 2 7 11 
-4.26592   16.458  49.9968 255 255 255 3.14 2 7 11 
-4.10146   16.509  50.0234 255 255 255 3.14 2 7 11 
-4.56906  16.6602  49.5235 255 255 255 3.14 2 7 11 
-4.76071  17.4737  49.3095 255 255 255 3.14 2 7 11 
-1.5514 5.21062  52.884 255 255 255 3.14 2 7 11 
-5.45905  5.85538  52.7256 255 255 255 3.14 2 7 11 
-3.37423  8.59285  51.6929 255 255 255 3.14 3 7 12 19 
-3.70376  9.66192  51.4606 255 255 255 3.14 2 7 11 
-2.71628  10.8472  51.6349 255 255 255 3.14 2 7 11 
-3.6259 13.9173 50.5178 255 255 255 3.14 2 7 11 
-3.65843  14.5875   50.694 255 255 255 3.14 2 7 11 
-4.71762  16.6903  49.6141 255 255 255 3.14 2 7 11 
-3.85313   9.6833  51.5342 255 255 255 3.14 2 7 11 
-2.98571  3.32994  52.7604 255 255 255 3.14 2 7 11 
-3.90801  2.43714  53.2764 255 255 255 3.14 2 7 11 
-5.80637 -4.54287  55.0089 255 255 255 3.14 2 8 17 
-5.20654 -3.68499  58.7412 255 255 255 3.14 2 8 9 
-7.25589 -3.94369  56.3834 255 255 255 3.14 2 8 17 
-5.16636 0.477334  54.8812 255 255 255 3.14 2 8 9 
-4.83347 0.737293  54.4346 255 255 255 3.14 2 8 9 
-4.93878 0.839158  54.4791 255 255 255 3.14 2 8 9 
-8.87518 0.760908  56.5881 255 255 255 3.14 2 8 9 
-4.83852  1.08942  54.3084 255 255 255 3.14 2 8 9 
-4.91553  1.51735  54.1562 255 255 255 3.14 2 8 9 
-4.76067  1.61373  54.0213 255 255 255 3.14 2 8 9 
-4.60278  1.91467  53.7701 255 255 255 3.14 2 8 9 
-10.0923  1.91903  58.0488 255 255 255 3.14 2 8 9 
-10.306 1.98111  58.158 255 255 255 3.14 2 8 9 
-10.6283  2.40867  58.2108 255 255 255 3.14 2 8 9 
-6.85961  2.43014  54.8354 255 255 255 3.14 2 8 9 
-6.69864  2.47035  54.7722 255 255 255 3.14 2 8 9 
-9.80886  2.57211  56.6576 255 255 255 3.14 2 8 9 
-10.0234  3.01835  56.8176 255 255 255 3.14 4 8 14 16 21 
-10.0082  3.07292  56.7135 255 255 255 3.14 2 8 9 
-2.26196  3.71818  52.7266 255 255 255 3.14 2 8 9 
-11.1862  3.34693   58.533 255 255 255 3.14 2 8 9 
-11.1494  3.42201  58.5411 255 255 255 3.14 2 8 9 
-7.71023  3.62805  54.7083 255 255 255 3.14 4 8 9 14 21 
-5.26727  4.03263  53.3154 255 255 255 3.14 3 8 9 10 
-8.56867   3.9128   55.146 255 255 255 3.14 2 8 9 
-10.0579  3.99509  56.3683 255 255 255 3.14 2 8 9 
-5.02279  4.27607  53.0539 255 255 255 3.14 2 8 9 
-9.62333   4.0685  55.8557 255 255 255 3.14 2 8 9 
-4.95526  4.35175  52.9958 255 255 255 3.14 2 8 9 
-10.2982  4.12707  56.5409 255 255 255 3.14 2 8 9 
-8.92335  4.70626  55.9066 255 255 255 3.14 2 8 17 
-11.5076  6.83234  56.7351 255 255 255 3.14 2 8 9 
-5.12338  6.98386  49.8772 255 255 255 3.14 2 8 17 
-5.23569  7.43018  50.2309 255 255 255 3.14 2 8 17 
-5.27728  7.79295  50.1678 255 255 255 3.14 2 8 17 
 -11.88 8.33631 56.4354 255 255 255 3.14 2 8 16 
-6.83585  9.33626  51.8726 255 255 255 3.14 2 8 9 
-8.72844  9.79856  53.8602 255 255 255 3.14 2 8 17 
-8.85814  10.2975  53.7362 255 255 255 3.14 2 8 17 
-11.8423  10.5217  55.2164 255 255 255 3.14 2 8 14 
-11.5953  10.6847  54.8323 255 255 255 3.14 2 8 9 
-11.5542  10.6982  54.7924 255 255 255 3.14 2 8 9 
-11.563 11.0493 54.6032 255 255 255 3.14 5 8 9 14 16 21 
-8.98303  11.3649  53.2695 255 255 255 3.14 2 8 17 
-12.0095  11.1019  55.0389 255 255 255 3.14 2 8 9 
-12.0468  11.2608  54.9588 255 255 255 3.14 2 8 9 
-11.6107  11.6396  54.3504 255 255 255 3.14 2 8 9 
-12.2914  11.9199  54.9618 255 255 255 3.14 2 8 9 
-7.79989   12.541  51.2589 255 255 255 3.14 2 8 9 
-12.2297  12.4002  54.6458 255 255 255 3.14 2 8 9 
-8.34543  12.5757  51.5174 255 255 255 3.14 2 8 9 
-8.00244  12.8621  52.0029 255 255 255 3.14 2 8 17 
-11.3613  12.5362  53.8129 255 255 255 3.14 2 8 9 
-11.9581  12.9255  54.1249 255 255 255 3.14 2 8 9 
-12.0069   12.966  54.1294 255 255 255 3.14 2 8 9 
-8.41449  13.1253  51.3342 255 255 255 3.14 2 8 9 
-8.24349  13.8068  51.9256 255 255 255 3.14 2 8 17 
-8.24863  13.9641  51.8721 255 255 255 3.14 2 8 17 
-11.9585   13.905  53.6468 255 255 255 3.14 2 8 9 
-11.8974  14.0991    53.55 255 255 255 3.14 2 8 9 
-8.1743 14.3434 50.8174 255 255 255 3.14 2 8 9 
-9.86046  14.6723  52.8913 255 255 255 3.14 2 8 17 
-13.4325  14.6585  55.4879 255 255 255 3.14 2 8 9 
-6.90898  14.4201   48.651 255 255 255 3.14 2 8 17 
-4.91875  16.1448  50.4972 255 255 255 3.14 2 8 9 
-7.17519  14.9905  49.4619 255 255 255 3.14 2 8 17 
-11.117 14.9721 52.6103 255 255 255 3.14 2 8 9 
-8.58546  15.2258  50.6596 255 255 255 3.14 2 8 9 
-11.1655  15.1718  52.5383 255 255 255 3.14 2 8 9 
-8.68066  15.3593  50.6442 255 255 255 3.14 2 8 9 
-8.82461  15.6591  50.6328 255 255 255 3.14 2 8 9 
-8.81355  15.7131  50.5963 255 255 255 3.14 2 8 9 
-8.73105  15.7868  50.5504 255 255 255 3.14 2 8 9 
-10.8262  15.7425  52.1123 255 255 255 3.14 2 8 9 
-8.81975  15.8699  50.5802 255 255 255 3.14 2 8 9 
-11.3839  17.2243   52.407 255 255 255 3.14 2 8 9 
-8.73217  17.8014  50.4691 255 255 255 3.14 2 8 9 
-11.1869  18.1009  52.1507 255 255 255 3.14 2 8 9 
-11.1404  18.2042  52.0751 255 255 255 3.14 2 8 9 
-10.8037  18.2803  51.7619 255 255 255 3.14 2 8 9 
-10.9448  18.3108  51.8445 255 255 255 3.14 2 8 9 
-10.7325  18.3988  51.7125 255 255 255 3.14 2 8 9 
-3.27082 -5.25679  60.2511 255 255 255 3.14 2 8 9 
-3.15517 -5.04577  59.6564 255 255 255 3.14 2 8 9 
-1.33683  -4.5314  57.9439 255 255 255 3.14 2 8 9 
-5.92822 -4.50968   54.982 255 255 255 3.14 2 8 17 
-4.10703 -4.16043  58.8683 255 255 255 3.14 2 8 9 
-5.95788 -4.15064  59.7921 255 255 255 3.14 2 8 9 
-6.30296 -3.98298  59.8068 255 255 255 3.14 2 8 9 
-4.88699  -3.9189   58.865 255 255 255 3.14 2 8 9 
 -4.3896 -3.89557  58.6238 255 255 255 3.14 2 8 9 
-4.76476 -3.82565   58.814 255 255 255 3.14 2 8 9 
-8.76996 -3.03041  60.5526 255 255 255 3.14 2 8 9 
-8.47346 -2.90788  59.8283 255 255 255 3.14 2 8 9 
  -4.95906 -0.0391219    54.8807 255 255 255 3.14 2 8 9 
-5.01744  0.01989  54.9043 255 255 255 3.14 2 8 9 
-9.01161  -0.0172  57.5924 255 255 255 3.14 2 8 16 
-9.03577 0.236648  57.4852 255 255 255 3.14 3 8 14 16 
 -5.1313 0.405835  54.8647 255 255 255 3.14 2 8 9 
-5.09093 0.650651  54.7448 255 255 255 3.14 2 8 9 
-10.6205 0.851755  60.0528 255 255 255 3.14 4 8 14 16 21 
-8.80149 0.611406  56.5818 255 255 255 3.14 2 8 9 
-10.0026  1.27838   58.118 255 255 255 3.14 2 8 9 
-8.76093  1.34621  56.2211 255 255 255 3.14 2 8 9 
-4.82871  1.60602  54.0615 255 255 255 3.14 2 8 9 
-10.1124  1.81753  58.0304 255 255 255 3.14 2 8 9 
-4.28023  2.60122  53.2881 255 255 255 3.14 2 8 9 
-4.43432  2.86816  51.3191 255 255 255 3.14 2 8 17 
-10.0028  2.93477  56.8091 255 255 255 3.14 2 8 9 
-10.0775  3.11782  56.7985 255 255 255 3.14 2 8 9 
-10.1079  3.15003  56.9197 255 255 255 3.14 3 8 14 16 
-8.13898  3.36144  55.2034 255 255 255 3.14 2 8 9 
-11.2073  3.62559  58.6165 255 255 255 3.14 2 8 9 
-11.3543   3.7471  58.7268 255 255 255 3.14 2 8 9 
-11.2486  3.75092  58.6296 255 255 255 3.14 2 8 9 
-7.7882 3.66241 54.7531 255 255 255 3.14 5 8 9 14 16 21 
-10.0103  3.92531  56.3492 255 255 255 3.14 4 8 9 14 16 
-9.59362  3.94776  55.9117 255 255 255 3.14 2 8 9 
-10.1918  4.34768  56.4204 255 255 255 3.14 5 8 9 14 16 21 
-4.92325  4.65065  52.8292 255 255 255 3.14 2 8 9 
-10.3003  4.50474  56.5829 255 255 255 3.14 2 8 17 
-8.30073  5.82087  54.0489 255 255 255 3.14 2 8 9 
-5.08455  6.87752  50.0464 255 255 255 3.14 2 8 17 
-11.5461  7.24353  56.6141 255 255 255 3.14 2 8 14 
-11.5897  7.35648   56.549 255 255 255 3.14 2 8 9 
-5.11961   7.2029  49.9719 255 255 255 3.14 2 8 17 
-12.0241  7.97465  56.8976 255 255 255 3.14 2 8 9 
-8.76668  8.27254  54.5179 255 255 255 3.14 2 8 17 
 -12.06  8.3243 56.7296 255 255 255 3.14 2 8 9 
-8.92775  8.78025  53.3266 255 255 255 3.14 2 8 16 
-5.41824  8.71864  49.5794 255 255 255 3.14 2 8 17 
-9.75092  9.01515  53.9485 255 255 255 3.14 2 8 9 
-9.82615  9.19548  53.8408 255 255 255 3.14 2 8 9 
-8.63498  10.1793  53.5919 255 255 255 3.14 2 8 17 
-11.8832  10.0187  55.5957 255 255 255 3.14 2 8 17 
-9.03505  10.3801   53.773 255 255 255 3.14 2 8 17 
-5.87017  10.3798    49.66 255 255 255 3.14 2 8 17 
-11.6725  10.5311  55.0149 255 255 255 3.14 2 8 9 
-12.6151  10.7806  56.4544 255 255 255 3.14 2 8 9 
-12.6815  10.8058   56.522 255 255 255 3.14 2 8 9 
-7.88426  11.1036  52.3784 255 255 255 3.14 2 8 17 
-8.45157  11.2344  53.2783 255 255 255 3.14 2 8 17 
-11.8993  10.8902  54.9896 255 255 255 3.14 2 8 9 
-7.44593  11.3734  52.0883 255 255 255 3.14 2 8 17 
-9.8522 11.0625 53.2328 255 255 255 3.14 2 8 21 
-11.6186  11.1195  54.6465 255 255 255 3.14 2 8 21 
-12.1373  11.2807  54.9997 255 255 255 3.14 2 8 9 
-9.68035  11.9698  53.6714 255 255 255 3.14 2 8 17 
-6.05031  11.5987  49.0168 255 255 255 3.14 2 8 17 
-10.5613  11.8661  53.4898 255 255 255 3.14 2 8 9 
-8.72008  12.2008  52.6144 255 255 255 3.14 2 8 17 
-12.1155  11.9642  54.7746 255 255 255 3.14 2 8 9 
-8.0965 12.2786  51.935 255 255 255 3.14 2 8 17 
-12.1334   12.243  54.6291 255 255 255 3.14 2 8 9 
-7.73689  12.4194  51.2011 255 255 255 3.14 4 8 9 10 18 
-7.77251  12.6613  51.8418 255 255 255 3.14 2 8 17 
-7.83939   12.716  51.9247 255 255 255 3.14 2 8 17 
-9.26248  12.7197  53.1754 255 255 255 3.14 2 8 17 
-8.98214  12.6902  52.8199 255 255 255 3.14 2 8 17 
-8.02714  12.4952  51.3427 255 255 255 3.14 2 8 9 
-8.21934  12.4901  51.3851 255 255 255 3.14 4 8 9 10 18 
-8.68568  12.8502  52.7008 255 255 255 3.14 2 8 17 
-8.15873  12.8809  52.3306 255 255 255 3.14 2 8 17 
-8.03033  12.8735  52.0957 255 255 255 3.14 2 8 17 
-8.91949  12.5524  51.8894 255 255 255 3.14 2 8 9 
-9.97228  12.5334  52.7124 255 255 255 3.14 2 8 16 
-8.67926  12.5907  51.6942 255 255 255 3.14 2 8 9 
-8.62386   12.925  52.5709 255 255 255 3.14 2 8 17 
-11.3007  12.5571   53.842 255 255 255 3.14 2 8 9 
-8.00585  12.9166  51.9212 255 255 255 3.14 2 8 17 
-8.51455  12.9889  52.5468 255 255 255 3.14 2 8 17 
-8.4668 12.9911 52.4497 255 255 255 3.14 2 8 17 
-8.39949  12.9733  52.3354 255 255 255 3.14 2 8 17 
 -8.498 13.0643 52.4097 255 255 255 3.14 2 8 17 
-8.39539   13.051   52.295 255 255 255 3.14 2 8 17 
-8.14046   13.084   52.109 255 255 255 3.14 2 8 17 
-8.25227  13.1098  52.1696 255 255 255 3.14 2 8 17 
-8.45852  13.1225  52.3363 255 255 255 3.14 2 8 17 
-8.53955  13.1304  52.4061 255 255 255 3.14 2 8 17 
-8.84229  12.8373  51.7364 255 255 255 3.14 2 8 9 
-12.0262  12.9036  54.1769 255 255 255 3.14 2 8 9 
-6.63146  13.2576  49.5533 255 255 255 3.14 2 8 17 
-8.2298 13.7901 51.8573 255 255 255 3.14 2 8 17 
-9.43745  13.4884  51.9403 255 255 255 3.14 2 8 9 
-9.34165  13.8678  52.7908 255 255 255 3.14 2 8 17 
-9.76137   13.573  52.1681 255 255 255 3.14 2 8 9 
-12.0546  13.5168  53.8642 255 255 255 3.14 2 8 9 
-8.21907  13.9827  51.7783 255 255 255 3.14 2 8 17 
-9.04609  13.9834  52.4751 255 255 255 3.14 2 8 17 
-8.35408   14.007  51.8549 255 255 255 3.14 2 8 17 
-6.94344  13.8054  49.8299 255 255 255 3.14 2 8 17 
-11.9439  13.7478  53.7872 255 255 255 3.14 2 8 9 
-6.8564 13.8893 49.6177 255 255 255 3.14 2 8 17 
-6.86646  13.9948  49.5412 255 255 255 3.14 2 8 17 
-12.4028  14.0968  53.9444 255 255 255 3.14 2 8 9 
-8.09344  14.3562  50.7796 255 255 255 3.14 2 8 9 
-8.02329  14.3991  50.7056 255 255 255 3.14 2 8 9 
-8.04767  14.4716   50.679 255 255 255 3.14 2 8 9 
-13.0157  14.4265   54.816 255 255 255 3.14 2 8 9 
-10.8597   14.325  52.6388 255 255 255 3.14 2 8 9 
-12.0043  14.3132  53.5784 255 255 255 3.14 2 8 9 
-10.8033  14.4418  52.6164 255 255 255 3.14 2 8 9 
-11.3592  14.9918  52.8339 255 255 255 3.14 2 8 9 
-11.0709  15.0342  52.6317 255 255 255 3.14 2 8 9 
-8.5534 15.2227 50.6364 255 255 255 3.14 2 8 9 
-11.0111  15.1066  52.5227 255 255 255 3.14 2 8 9 
-12.4503   15.267  53.6274 255 255 255 3.14 2 8 14 
-8.27576  15.9916  51.1012 255 255 255 3.14 2 8 17 
-10.9808  15.5509  52.3195 255 255 255 3.14 2 8 9 
-11.8804  15.5945  53.0792 255 255 255 3.14 3 8 14 16 
-8.67023  15.8083  50.5184 255 255 255 3.14 2 8 9 
-12.7145  15.8964   53.769 255 255 255 3.14 4 8 14 16 21 
-12.5918  15.9945  53.5902 255 255 255 3.14 2 8 9 
-10.5215   16.333  51.7514 255 255 255 3.14 2 8 9 
-8.45054  17.2815  50.2475 255 255 255 3.14 2 8 17 
-8.33735  17.3286  50.1712 255 255 255 3.14 2 8 17 
-8.67272  17.7052  50.1856 255 255 255 3.14 2 8 17 
-11.0057  17.9681  52.0526 255 255 255 3.14 2 8 14 
-11.0157  18.0777  52.0069 255 255 255 3.14 2 8 9 
-10.9404  18.1215  51.8997 255 255 255 3.14 2 8 9 
-9.50709  18.3859  50.7965 255 255 255 3.14 2 8 17 
-10.6294  18.3447  51.6408 255 255 255 3.14 2 8 9 
-10.6042  18.4187  51.5842 255 255 255 3.14 2 8 9 
-10.2976  18.6245   51.218 255 255 255 3.14 2 8 9 
-3.19552 -5.02527  59.6475 255 255 255 3.14 2 8 9 
-5.96824 -5.30466  54.7985 255 255 255 3.14 2 8 17 
-0.757475  -4.67508   57.8001 255 255 255 3.14 2 8 9 
-4.15345  -4.6819  59.8606 255 255 255 3.14 2 8 9 
-1.28694 -4.53276  57.9393 255 255 255 3.14 2 8 9 
 -1.2809 -4.42351  57.7982 255 255 255 3.14 2 8 9 
0.555956 -4.24899  56.6911 255 255 255 3.14 2 8 9 
-5.12223 -4.20741  59.2775 255 255 255 3.14 2 8 9 
-5.91549 -4.50679  54.9681 255 255 255 3.14 2 8 17 
-6.10876 -4.16064  59.8588 255 255 255 3.14 2 8 9 
-6.12573 -4.06221  59.7767 255 255 255 3.14 2 8 9 
-5.79278 -4.03841  59.7802 255 255 255 3.14 2 8 9 
-6.30168 -3.99551  59.8164 255 255 255 3.14 2 8 9 
-1.54984 -3.78615  56.9427 255 255 255 3.14 2 8 9 
-7.10796 -4.17515  55.9783 255 255 255 3.14 2 8 17 
-4.96601 -3.82043  58.9321 255 255 255 3.14 2 8 9 
 -6.8969 -4.13808  55.9516 255 255 255 3.14 2 8 17 
-2.85273 -3.74658  57.8986 255 255 255 3.14 2 8 9 
-6.08586 -3.72369  59.5767 255 255 255 3.14 2 8 9 
   -5.47 -3.70163   58.915 255 255 255 3.14 2 8 9 
-7.06892 -3.99994  56.0802 255 255 255 3.14 2 8 17 
-8.13522 -3.70893  60.8462 255 255 255 3.14 2 8 9 
-7.02975 -3.51224   59.922 255 255 255 3.14 2 8 9 
-8.87024 -3.05648  60.6189 255 255 255 3.14 2 8 9 
-8.66746  -2.9314  60.1795 255 255 255 3.14 2 8 9 
-8.50437 -2.78751   59.784 255 255 255 3.14 2 8 9 
 -10.3186 -0.473996   60.7344 255 255 255 3.14 2 8 21 
 -5.00623 0.0292119   54.8963 255 255 255 3.14 2 8 9 
 -5.16186 0.0322171   55.0192 255 255 255 3.14 2 8 9 
-5.08407 0.535188  54.7761 255 255 255 3.14 6 8 9 10 14 16 21 
-4.80475 0.679901  54.4326 255 255 255 3.14 2 8 9 
-4.89442 0.833881  54.4604 255 255 255 3.14 2 8 9 
-4.79717 0.881791  54.3372 255 255 255 3.14 2 8 9 
-4.95457  1.15218  54.4111 255 255 255 3.14 6 8 9 10 14 16 21 
-4.9016 1.21711 54.3119 255 255 255 3.14 3 8 9 14 
-4.77008  1.27711  54.2175 255 255 255 3.14 2 8 9 
-7.83321  1.21318  55.8702 255 255 255 3.14 2 8 9 
-8.93699  1.17207  56.5087 255 255 255 3.14 4 8 9 14 21 
-8.88954  1.23698  56.3744 255 255 255 3.14 2 8 9 
-4.83988   1.6211  54.0646 255 255 255 3.14 2 8 9 
-4.60791  1.76852  53.9954 255 255 255 3.14 2 10 17 
-10.2233  1.70091  58.1056 255 255 255 3.14 2 8 9 
-4.68945  1.84949   53.843 255 255 255 3.14 2 8 9 
-4.54387   1.9194   53.675 255 255 255 3.14 2 8 9 
-4.69713  1.97311  53.7988 255 255 255 3.14 2 8 9 
-4.35341  2.03324  53.5462 255 255 255 3.14 2 8 9 
-4.43437  2.29372  53.5142 255 255 255 3.14 3 8 9 10 
-6.8898    2.39 54.8933 255 255 255 3.14 2 8 9 
-6.76598  2.39578  54.8169 255 255 255 3.14 3 8 10 17 
-7.96322  2.37166  55.5357 255 255 255 3.14 2 8 9 
-4.38777  2.95009  53.2233 255 255 255 3.14 2 8 9 
-4.54931  3.13921  53.3611 255 255 255 3.14 2 8 9 
-10.1193  3.15749  56.9256 255 255 255 3.14 4 8 14 16 21 
-4.77021  3.44829  53.2831 255 255 255 3.14 2 8 9 
-8.08316  3.26302  55.2288 255 255 255 3.14 2 8 9 
-9.97552  3.20905  56.6354 255 255 255 3.14 4 8 9 14 16 
-11.1276  3.51264  58.5396 255 255 255 3.14 5 8 9 14 16 21 
-10.0567  3.42263  56.6802 255 255 255 3.14 2 8 14 
-11.1973   3.6406  58.6234 255 255 255 3.14 5 8 9 14 16 21 
-11.228 3.75938 58.6344 255 255 255 3.14 5 8 9 14 16 21 
-7.81792  3.65875  54.7297 255 255 255 3.14 3 8 9 10 
-5.33659   3.9973  53.3336 255 255 255 3.14 2 8 9 
-9.58003  3.93677  55.9118 255 255 255 3.14 2 8 9 
-9.20176  4.00055  55.5899 255 255 255 3.14 2 8 9 
-10.2183  4.05421  56.5887 255 255 255 3.14 5 3 8 9 14 16 
-10.1275  4.16061   56.419 255 255 255 3.14 4 8 14 16 21 
-9.28562  4.15883  55.6348 255 255 255 3.14 2 8 9 
-4.9125 4.64052 52.8287 255 255 255 3.14 2 8 9 
-11.3141  4.59248  58.0618 255 255 255 3.14 2 8 21 
-10.3429  4.49148  56.5484 255 255 255 3.14 3 8 9 14 
-11.3004  4.79358  57.8826 255 255 255 3.14 2 8 9 
-11.344 4.80855 57.8962 255 255 255 3.14 4 8 14 16 21 
-10.4171  4.80239    56.45 255 255 255 3.14 2 8 9 
-10.4706  5.67319  56.3581 255 255 255 3.14 2 8 17 
-11.5297  6.86699  56.4722 255 255 255 3.14 2 8 17 
-5.09393  7.10276  50.2671 255 255 255 3.14 2 8 17 
-11.5424  7.24413  56.6016 255 255 255 3.14 2 8 14 
-5.14691  7.32319  50.0792 255 255 255 3.14 2 8 17 
-5.32337  7.90659  50.0832 255 255 255 3.14 2 8 17 
-9.28083  8.00275  53.8906 255 255 255 3.14 2 8 9 
-9.50156  8.17228  53.9086 255 255 255 3.14 2 8 9 
-9.99576  9.13356  54.0852 255 255 255 3.14 2 8 9 
-9.58435  9.43384  54.7164 255 255 255 3.14 2 8 17 
-9.76949  9.16336  53.7817 255 255 255 3.14 2 8 9 
-9.38936  9.45039  54.3739 255 255 255 3.14 2 8 17 
-11.9311  9.91445  55.5564 255 255 255 3.14 2 8 9 
-11.8653  10.0665  55.4454 255 255 255 3.14 2 8 9 
-11.6647  10.3435  55.5425 255 255 255 3.14 2 8 17 
-12.1773   10.297  55.6676 255 255 255 3.14 2 8 9 
-11.6762  10.3716  55.0915 255 255 255 3.14 3 8 14 16 
-9.20539  10.7313  53.8008 255 255 255 3.14 2 8 17 
-11.671 10.5279 55.0676 255 255 255 3.14 2 8 9 
-11.6713  10.6585  54.9953 255 255 255 3.14 2 8 9 
-11.6438  10.7062  54.7983 255 255 255 3.14 2 8 9 
-11.5503  10.7832  54.7536 255 255 255 3.14 4 8 14 16 21 
-7.22417  10.9764  51.5116 255 255 255 3.14 2 8 9 
-8.6839 11.1459 53.3611 255 255 255 3.14 2 8 17 
-11.6064  10.8676  54.8391 255 255 255 3.14 2 14 17 
-8.54732  11.1803  53.1868 255 255 255 3.14 2 8 17 
-7.80448  11.1451  52.3415 255 255 255 3.14 2 8 17 
-11.862 10.9141 55.0346 255 255 255 3.14 2 8 9 
-11.5042  10.8846   54.595 255 255 255 3.14 5 8 9 14 16 21 
-11.6118  11.0101  54.6872 255 255 255 3.14 5 8 9 14 16 21 
-11.9381  11.0897  55.0003 255 255 255 3.14 2 8 9 
-11.8799  11.0816  54.8802 255 255 255 3.14 2 8 9 
-11.0845  11.3265  54.9422 255 255 255 3.14 2 8 17 
-12.1209  11.1094  55.0939 255 255 255 3.14 2 8 9 
-11.5556  11.1688  54.5732 255 255 255 3.14 4 8 14 16 21 
-11.5258  11.3223  54.5497 255 255 255 3.14 2 14 17 
-9.83464  11.7228  53.7958 255 255 255 3.14 2 8 17 
-9.15872  11.5202  52.4536 255 255 255 3.14 2 8 9 
-10.0632  11.8628  54.0062 255 255 255 3.14 2 8 17 
-9.62408  11.5743  52.7576 255 255 255 3.14 2 8 9 
-12.145 11.7457 54.8468 255 255 255 3.14 2 8 9 
-7.85581   12.115  52.0792 255 255 255 3.14 2 8 17 
-7.61219  12.0015  51.3161 255 255 255 3.14 2 8 9 
-8.31991  11.9649  51.7282 255 255 255 3.14 2 8 9 
-9.27527  12.3112  53.5512 255 255 255 3.14 2 8 17 
-8.11646  12.2683  52.2754 255 255 255 3.14 2 8 17 
-7.79202  12.0902  51.4137 255 255 255 3.14 2 8 9 
-7.89848  12.2285  51.8807 255 255 255 3.14 2 8 17 
-12.1182  11.9738  54.7335 255 255 255 3.14 2 8 9 
-7.95877  12.2254  51.7795 255 255 255 3.14 2 8 17 
-7.79874   12.293  51.8099 255 255 255 3.14 2 8 17 
-9.20578   12.294  53.0336 255 255 255 3.14 2 8 17 
-9.47891  11.9964  52.3767 255 255 255 3.14 2 8 9 
-12.1247  12.0155  54.6775 255 255 255 3.14 3 8 14 16 
-9.18006  12.4525   53.342 255 255 255 3.14 2 8 17 
-8.51986     12.1  51.6754 255 255 255 3.14 2 8 9 
-7.79486  12.2286  51.4247 255 255 255 3.14 2 8 9 
-7.91274   12.207  51.3927 255 255 255 3.14 2 8 9 
-7.71501  12.2539  51.3051 255 255 255 3.14 2 8 9 
-9.77477  12.0958  52.6684 255 255 255 3.14 4 4 8 9 16 
-8.13774  12.2235   51.468 255 255 255 3.14 2 8 9 
-12.2354  12.0975  54.7278 255 255 255 3.14 4 8 14 16 21 
-8.04795  12.2256  51.3721 255 255 255 3.14 2 8 9 
-9.86059  12.1428  52.7133 255 255 255 3.14 4 8 9 16 21 
-9.50774  12.1017  52.3016 255 255 255 3.14 2 8 9 
-8.32547  12.4392  52.1587 255 255 255 3.14 2 8 17 
-7.86799  12.5764  52.1618 255 255 255 3.14 2 8 17 
-9.26504  12.5331  53.1971 255 255 255 3.14 2 8 17 
-9.02832  12.5662  53.0866 255 255 255 3.14 2 8 17 
-8.05664  12.5605  52.2068 255 255 255 3.14 2 8 17 
-9.26798  12.2171  52.2202 255 255 255 3.14 2 8 9 
-9.34611  12.2464  52.2677 255 255 255 3.14 2 8 9 
-7.87879  12.5663  51.9148 255 255 255 3.14 2 8 17 
-7.72434  12.4211  51.2033 255 255 255 3.14 4 8 9 10 18 
-7.78055  12.6615  51.8358 255 255 255 3.14 2 8 17 
-9.9027 12.3534 52.7023 255 255 255 3.14 4 8 9 16 21 
-7.66698  12.7022  51.7204 255 255 255 3.14 2 8 17 
-7.97096  12.7835   52.046 255 255 255 3.14 2 8 17 
-7.17715  12.7027  51.0321 255 255 255 3.14 2 8 9 
-7.78668  12.7953  51.8609 255 255 255 3.14 2 8 17 
-8.68887  12.8478  52.6938 255 255 255 3.14 2 8 17 
-8.54285  12.8603  52.5504 255 255 255 3.14 2 8 17 
-8.16844  12.9687  52.5146 255 255 255 3.14 2 8 17 
-8.64834  12.5613  51.6957 255 255 255 3.14 2 8 9 
-8.01948   12.889  52.0758 255 255 255 3.14 2 8 17 
-9.66826  12.5318  52.4463 255 255 255 3.14 6 4 8 9 14 16 21 
-11.3118   12.531  53.8161 255 255 255 3.14 2 8 9 
-8.13345  12.9395  52.1449 255 255 255 3.14 2 8 17 
-7.99855  12.9167  51.9083 255 255 255 3.14 2 8 17 
-8.66961  12.8731  52.3046 255 255 255 3.14 2 8 17 
-8.39806  12.9616  52.3336 255 255 255 3.14 2 8 17 
-6.85765  12.7269  50.1654 255 255 255 3.14 2 8 17 
-8.05632  13.0349   52.003 255 255 255 3.14 2 8 17 
-8.14492  13.0674  52.1216 255 255 255 3.14 2 8 17 
-9.56075  13.0222  53.2154 255 255 255 3.14 2 8 17 
-8.54392  13.1125  52.4077 255 255 255 3.14 2 8 17 
-8.25416  13.1214   52.164 255 255 255 3.14 2 8 17 
-12.4923   12.726  54.7264 255 255 255 3.14 2 8 9 
-8.83835  12.8204  51.7385 255 255 255 3.14 2 8 9 
-8.46378  13.1392  52.3289 255 255 255 3.14 2 8 17 
-8.11785  13.4023  51.0659 255 255 255 3.14 2 8 9 
-9.72317  13.3042  52.2331 255 255 255 3.14 4 8 9 14 21 
-9.01688  13.7302  52.5722 255 255 255 3.14 2 8 17 
-8.60918  13.4501  51.3025 255 255 255 3.14 4 8 9 14 21 
-8.23785  13.7654  51.8611 255 255 255 3.14 2 8 17 
-9.95243  13.4312  52.3482 255 255 255 3.14 2 8 9 
-9.21859   13.767  52.6468 255 255 255 3.14 2 8 17 
-8.32873  13.8019  51.9351 255 255 255 3.14 2 8 17 
-8.63345  13.5303  51.2594 255 255 255 3.14 2 8 9 
-8.37872  13.6155  51.1174 255 255 255 3.14 2 8 9 
-9.94312    13.58  52.2799 255 255 255 3.14 2 8 9 
-9.78007  13.5994  52.1611 255 255 255 3.14 4 8 9 14 21 
-12.066 13.5248 53.8713 255 255 255 3.14 2 8 9 
-8.33529  13.9921  51.8601 255 255 255 3.14 2 8 17 
-8.21665  14.0031  51.7767 255 255 255 3.14 2 8 17 
-6.95828  13.8079  49.8311 255 255 255 3.14 2 8 17 
-8.00125  14.1804  50.8421 255 255 255 3.14 2 8 9 
-10.3332   13.991  52.3555 255 255 255 3.14 2 8 9 
-10.5103  13.9995  52.4752 255 255 255 3.14 2 8 9 
-8.01505  14.2938  50.7448 255 255 255 3.14 2 8 9 
-9.8401 14.5161 52.9317 255 255 255 3.14 2 8 17 
-8.24508  14.3027  50.8397 255 255 255 3.14 2 8 9 
-8.09282  14.3384  50.7912 255 255 255 3.14 2 8 9 
-10.6911  14.1592  52.5757 255 255 255 3.14 2 8 9 
-10.2937    14.24  52.2084 255 255 255 3.14 2 8 9 
-10.7833  14.2844  52.5677 255 255 255 3.14 2 8 9 
-6.90705  14.3782   49.158 255 255 255 3.14 2 8 17 
-10.3356  14.3454  52.1518 255 255 255 3.14 2 8 9 
-6.85763  14.3594  48.6241 255 255 255 3.14 2 8 17 
-8.70061  14.9623  51.8502 255 255 255 3.14 2 8 17 
-11.8971  14.5146  53.4273 255 255 255 3.14 2 8 14 
-7.18227  14.9299  49.6659 255 255 255 3.14 2 8 17 
-11.3122  14.8903  52.7993 255 255 255 3.14 6 4 8 9 14 16 21 
-11.0804   15.044  52.6473 255 255 255 3.14 2 8 9 
-8.54787  15.2218  50.6314 255 255 255 3.14 2 8 9 
-11.5926  15.2331  52.8836 255 255 255 3.14 3 8 14 16 
-7.46639  15.5399  49.9109 255 255 255 3.14 2 8 17 
-7.39555  15.5271  49.8253 255 255 255 3.14 2 8 17 
-8.33582  15.7477   51.097 255 255 255 3.14 2 8 17 
-8.25898  15.9978  51.0932 255 255 255 3.14 2 8 17 
-8.91092  15.7396  50.6271 255 255 255 3.14 2 8 9 
-12.2381  15.6341   53.337 255 255 255 3.14 2 8 9 
-10.8713  15.6788   52.175 255 255 255 3.14 2 8 9 
-8.82436  15.8386  50.5522 255 255 255 3.14 2 8 9 
-8.47459  16.2495  51.1845 255 255 255 3.14 2 8 17 
-12.4157  15.8272  53.4022 255 255 255 3.14 2 8 9 
-8.77058  16.2877  51.3029 255 255 255 3.14 2 8 17 
-12.5413  15.9287  53.5243 255 255 255 3.14 3 8 14 16 
-10.9491  16.0483  52.0524 255 255 255 3.14 2 8 9 
-12.8348   16.101  53.7217 255 255 255 3.14 2 8 9 
-10.6478  16.2788   51.901 255 255 255 3.14 2 8 9 
-10.8459  16.2907  51.9832 255 255 255 3.14 2 8 9 
-10.0904  16.7053  52.2381 255 255 255 3.14 2 8 17 
-9.83465  16.7488  52.1271 255 255 255 3.14 2 8 17 
-13.5449  16.5271  54.8076 255 255 255 3.14 2 8 9 
-10.7377  16.4056  51.8826 255 255 255 3.14 2 8 9 
-9.96416  16.8671  52.0935 255 255 255 3.14 2 8 17 
-10.5465  16.6465  51.7967 255 255 255 3.14 2 8 9 
-13.515 16.7585 54.4098 255 255 255 3.14 2 8 9 
-8.33362  17.3316  50.1616 255 255 255 3.14 2 8 17 
-12.7584  17.1857  53.5965 255 255 255 3.14 2 8 9 
-11.3264  17.2091  52.3492 255 255 255 3.14 2 8 9 
-7.20196  17.9564  50.1416 255 255 255 3.14 2 8 9 
-8.5664 17.5807 50.2108 255 255 255 3.14 2 8 17 
-13.554 17.3478 54.0353 255 255 255 3.14 2 8 9 
-12.1434  17.4854  53.0071 255 255 255 3.14 2 8 9 
-11.2732  17.5328  52.2935 255 255 255 3.14 2 8 9 
-8.67649  17.7185  50.1927 255 255 255 3.14 2 8 17 
-11.3175  18.0104  52.2634 255 255 255 3.14 2 8 9 
-11.1141  18.0549  52.1188 255 255 255 3.14 2 8 9 
-11.0283  18.0906  52.0043 255 255 255 3.14 2 8 9 
-10.9455  18.1343  51.9011 255 255 255 3.14 2 8 9 
-6.00995 -5.69941  63.0825 255 255 255 3.14 2 8 9 
-6.18323 -5.51042  63.0413 255 255 255 3.14 2 8 9 
-3.39413 -5.32691    60.33 255 255 255 3.14 2 8 9 
-0.487554  -5.08729   58.2449 255 255 255 3.14 2 8 9 
 -2.2653 -5.08066  59.3968 255 255 255 3.14 2 8 9 
-1.79427 -5.01333  58.9297 255 255 255 3.14 2 8 9 
-4.88909 -5.02206   60.573 255 255 255 3.14 2 8 9 
-5.90481 -5.30159  54.8367 255 255 255 3.14 2 8 17 
-1.61089 -4.94154  58.7526 255 255 255 3.14 2 8 9 
-6.32622 -4.93768  61.7868 255 255 255 3.14 2 8 9 
-0.809294  -4.64449   57.7573 255 255 255 3.14 2 8 9 
-1.15861   -4.534  57.9081 255 255 255 3.14 2 8 9 
-0.95396 -4.44997  57.6249 255 255 255 3.14 2 8 9 
-2.22853 -4.30224  57.9479 255 255 255 3.14 2 8 9 
-3.23099 -4.28076  58.4855 255 255 255 3.14 2 8 9 
0.487315 -4.17318  56.5973 255 255 255 3.14 2 8 9 
-5.99587  -4.6103  55.1352 255 255 255 3.14 2 8 17 
-5.89135  -4.5098  54.9502 255 255 255 3.14 2 8 17 
-5.95667  -4.1823  59.7816 255 255 255 3.14 2 8 9 
-2.27324 -4.08517  57.8843 255 255 255 3.14 2 8 9 
 -3.4656 -4.05889  58.2653 255 255 255 3.14 2 8 9 
-6.05274 -4.40805  55.0596 255 255 255 3.14 2 8 17 
-5.51804 -4.08554  59.3739 255 255 255 3.14 2 8 9 
-5.84583 -4.04567  59.7353 255 255 255 3.14 2 8 9 
-0.403902  -3.77442   56.3399 255 255 255 3.14 2 8 9 
-1.51461 -3.80089  56.9736 255 255 255 3.14 2 8 9 
-5.60353 -3.87467  59.3268 255 255 255 3.14 2 8 9 
-6.75554 -3.90905  59.7558 255 255 255 3.14 2 8 9 
-7.08412  -3.7815  60.0265 255 255 255 3.14 2 8 9 
-6.42168 -3.73683  59.6338 255 255 255 3.14 2 8 9 
-5.49829 -3.68947  58.9229 255 255 255 3.14 2 8 9 
-0.774833  -3.54662   56.2956 255 255 255 3.14 2 8 9 
-4.60845 -3.63595  58.2559 255 255 255 3.14 2 8 9 
-7.70768  -3.4528  59.8642 255 255 255 3.14 2 8 9 
 -8.7445 -3.13509  60.5515 255 255 255 3.14 2 8 9 
-8.50058  -2.9069  59.8294 255 255 255 3.14 2 8 9 
-5.60086 0.233556  54.2892 255 255 255 3.14 2 8 17 
-4.94434 0.976117  54.4515 255 255 255 3.14 2 8 9 
-8.86232 0.876125  56.5184 255 255 255 3.14 2 8 9 
-9.99857  1.33383  58.1047 255 255 255 3.14 2 8 9 
-10.3631  1.78481  58.1931 255 255 255 3.14 2 8 9 
-10.0841  1.78155  58.0151 255 255 255 3.14 2 8 9 
-9.95314  2.53755   57.495 255 255 255 3.14 2 8 9 
-4.45118  3.21488  53.2062 255 255 255 3.14 2 8 9 
-9.95538  3.17215  56.6266 255 255 255 3.14 4 8 14 16 21 
-8.07171  3.25373  55.2303 255 255 255 3.14 2 8 9 
-10.1384  3.41062  56.6146 255 255 255 3.14 2 8 9 
-11.1844  3.67383  58.5946 255 255 255 3.14 5 8 9 14 16 21 
-8.06303  3.90399  54.7664 255 255 255 3.14 2 8 9 
-6.1045 4.04589 53.6808 255 255 255 3.14 2 8 17 
-10.0001  3.97139  56.3211 255 255 255 3.14 3 8 9 14 
-9.15516  3.98568  55.5797 255 255 255 3.14 2 8 9 
-11.2315  4.15713  58.2605 255 255 255 3.14 2 8 9 
-8.74399  4.05183  55.2167 255 255 255 3.14 2 8 9 
-10.1234  4.17295  56.3922 255 255 255 3.14 2 8 14 
-10.2924  4.58705  56.4917 255 255 255 3.14 3 8 9 14 
-10.4648  4.65448  56.6591 255 255 255 3.14 6 3 8 9 14 16 21 
-10.5209  4.80599   56.617 255 255 255 3.14 3 8 9 14 
-10.3963   4.8001   56.486 255 255 255 3.14 4 8 9 14 16 
-10.5329  4.86409  56.6226 255 255 255 3.14 2 8 14 
-10.3729  4.89474  56.3769 255 255 255 3.14 3 8 9 14 
-9.28043  4.98937  55.3051 255 255 255 3.14 5 8 9 14 16 21 
-5.16333  5.19711  51.6044 255 255 255 3.14 2 8 17 
-9.02232  5.45591  55.8218 255 255 255 3.14 2 8 17 
-9.45581  5.34246  55.3092 255 255 255 3.14 4 8 9 14 21 
-10.3937  5.61788  56.3412 255 255 255 3.14 2 8 17 
-10.5278   5.7731  56.3514 255 255 255 3.14 2 8 17 
-10.7323  5.97929  56.3542 255 255 255 3.14 2 8 17 
-10.6801   6.1175  56.2725 255 255 255 3.14 2 8 17 
-10.7527  6.13405  56.2801 255 255 255 3.14 2 8 17 
-6.81639  6.61764  53.0269 255 255 255 3.14 2 8 9 
-11.2261  6.72745  56.4676 255 255 255 3.14 2 8 9 
-11.3059  6.86118   56.592 255 255 255 3.14 2 8 9 
-5.26516  7.80538  50.0916 255 255 255 3.14 2 8 17 
-6.20097  8.08188  52.0054 255 255 255 3.14 2 8 9 
-6.57443  8.15394   52.205 255 255 255 3.14 5 8 9 14 17 21 
-8.73166      8.3  54.4901 255 255 255 3.14 2 8 17 
-6.35373  8.23501  52.0391 255 255 255 3.14 2 8 9 
-11.8232  8.31631  56.3866 255 255 255 3.14 2 8 9 
-8.9309 8.29925 53.5856 255 255 255 3.14 2 8 9 
-8.60757  8.67636  54.4634 255 255 255 3.14 2 8 17 
-7.15841  8.46611  52.3864 255 255 255 3.14 2 8 14 
-9.64864  9.10023  53.6688 255 255 255 3.14 2 8 9 
-9.75837  9.15971  53.7807 255 255 255 3.14 2 8 9 
-9.78143  9.22874  53.9097 255 255 255 3.14 2 8 9 
-6.86682  9.42398  51.8548 255 255 255 3.14 2 8 9 
-9.13994  9.39324  53.1902 255 255 255 3.14 2 8 9 
-7.2776 9.68029 52.0254 255 255 255 3.14 2 8 9 
-11.7419  9.68246  55.6574 255 255 255 3.14 2 8 17 
-7.47927  9.95566  51.9989 255 255 255 3.14 2 8 9 
-11.8589  10.0121  55.6597 255 255 255 3.14 2 8 17 
-7.25194   10.205   51.827 255 255 255 3.14 2 8 9 
-8.95391  10.4156  53.8075 255 255 255 3.14 2 8 17 
-7.20522  10.3987  51.7147 255 255 255 3.14 2 8 9 
-9.32245  10.5535  54.0079 255 255 255 3.14 2 8 17 
-11.4712  10.3773  54.8813 255 255 255 3.14 3 8 14 17 
-6.07144  10.4251  49.9123 255 255 255 3.14 2 8 17 
-5.94783  10.3939  49.7484 255 255 255 3.14 2 8 17 
-10.9753  10.8861  55.0385 255 255 255 3.14 2 8 17 
-9.21895  10.7968  52.6864 255 255 255 3.14 5 8 9 14 16 21 
-7.63954  11.1362  52.3782 255 255 255 3.14 2 8 17 
-5.85103  10.7185  49.3165 255 255 255 3.14 2 8 17 
-8.45765  10.9268   52.315 255 255 255 3.14 2 8 9 
-11.5949  10.8366  54.7196 255 255 255 3.14 3 8 9 14 
-9.16878  10.7762  52.4301 255 255 255 3.14 2 8 9 
-7.93016  11.1899  52.6612 255 255 255 3.14 2 8 17 
-7.75763  11.1466  52.1065 255 255 255 3.14 2 8 17 
-11.4852   10.911  54.5999 255 255 255 3.14 4 8 14 16 21 
-11.8936  11.0619  54.9263 255 255 255 3.14 2 8 9 
-11.7528  11.1047  54.7987 255 255 255 3.14 2 8 9 
-11.1382  11.3268  54.8679 255 255 255 3.14 2 8 17 
-7.44016  11.3952   51.889 255 255 255 3.14 2 8 17 
-10.6509  11.4178  54.4815 255 255 255 3.14 2 8 17 
-9.08632  11.6046  53.4672 255 255 255 3.14 2 8 17 
-11.7874  11.2965  54.6916 255 255 255 3.14 2 8 9 
-9.81054  11.6445  53.9317 255 255 255 3.14 2 8 17 
-6.40936  11.4165  50.1961 255 255 255 3.14 2 8 17 
-12.1522  11.3247  54.9724 255 255 255 3.14 2 8 9 
-7.69574  11.7351  52.1638 255 255 255 3.14 2 8 17 
-10.0623  11.7778  54.1119 255 255 255 3.14 2 8 17 
-7.66838  11.6346  51.4808 255 255 255 3.14 4 8 9 14 21 
-7.8178 11.8402 52.1487 255 255 255 3.14 2 8 17 
-10.0537  11.8455  54.0678 255 255 255 3.14 2 8 17 
-7.4835 11.9078 51.8972 255 255 255 3.14 2 8 17 
-7.88128  12.1098  52.1067 255 255 255 3.14 2 8 17 
-9.26374  11.8165  52.3269 255 255 255 3.14 5 8 9 14 16 21 
-10.1387  12.1212  53.9821 255 255 255 3.14 2 8 17 
-7.70303  12.0327  51.5373 255 255 255 3.14 2 8 9 
-7.86561  11.9949  51.4808 255 255 255 3.14 2 8 9 
-9.3717 12.2309 53.4958 255 255 255 3.14 2 8 17 
-7.68785  12.1052  51.5276 255 255 255 3.14 2 8 9 
-8.75983  12.1807  52.6852 255 255 255 3.14 2 8 17 
-8.11673  12.2208  52.2093 255 255 255 3.14 2 8 17 
-8.69666  12.2051  52.6398 255 255 255 3.14 2 8 17 
-8.45502  12.2064  52.3709 255 255 255 3.14 2 8 17 
-7.96238  12.0477  51.4395 255 255 255 3.14 2 8 9 
-12.3617  11.9435  55.0045 255 255 255 3.14 4 8 9 14 16 
-8.95217  11.9816  52.1031 255 255 255 3.14 2 8 9 
-7.85867  12.1731  51.6752 255 255 255 3.14 2 8 17 
-7.61571  12.1159  51.2722 255 255 255 3.14 2 8 9 
-7.94279  12.2455  51.8445 255 255 255 3.14 2 8 17 
-8.17125  12.0606  51.3881 255 255 255 3.14 2 8 9 
-8.06472  12.3034  51.9953 255 255 255 3.14 2 8 17 
-8.08675  12.3613  52.1299 255 255 255 3.14 2 8 17 
-7.88373  12.2196  51.4354 255 255 255 3.14 2 8 9 
-9.52497  12.0711  52.4016 255 255 255 3.14 2 8 9 
-8.45195  12.4439  52.5833 255 255 255 3.14 2 8 17 
-8.33691  12.3803  52.2894 255 255 255 3.14 2 8 17 
-7.9428 12.2541 51.5116 255 255 255 3.14 2 8 9 
-7.73263  12.2948  51.3183 255 255 255 3.14 2 8 9 
-7.73855  12.6452  52.2942 255 255 255 3.14 2 8 17 
-8.10556  12.5253  52.1643 255 255 255 3.14 2 8 17 
-7.88639  12.7979  52.7343 255 255 255 3.14 2 8 17 
-8.39098  12.6783  52.7652 255 255 255 3.14 2 8 17 
-8.86356  12.2782  51.9765 255 255 255 3.14 2 8 9 
-6.26322  12.7045  50.8457 255 255 255 3.14 2 8 9 
-7.68833  12.4351  51.2035 255 255 255 3.14 2 8 9 
-7.78693   12.673  51.8406 255 255 255 3.14 2 8 17 
-7.65004   12.665  51.7199 255 255 255 3.14 2 8 17 
-9.91919  12.3521  52.7286 255 255 255 3.14 4 8 9 16 21 
-9.01894  12.7383  52.9865 255 255 255 3.14 2 8 17 
-7.94505  12.7447  52.0578 255 255 255 3.14 2 8 17 
-8.6958 12.8403 52.6649 255 255 255 3.14 2 8 17 
-8.49887  12.8423  52.5375 255 255 255 3.14 2 8 17 
-7.81683  12.5963  51.1887 255 255 255 3.14 4 8 9 10 18 
-7.82063  12.8393  51.8382 255 255 255 3.14 2 8 17 
-7.69241  12.8279  51.6967 255 255 255 3.14 2 8 17 
-8.04135  12.8804  52.0358 255 255 255 3.14 2 8 17 
-9.01599   12.652  51.9721 255 255 255 3.14 2 8 9 
-8.39332  12.9122  52.2265 255 255 255 3.14 2 8 17 
-6.81386  12.7826  50.4042 255 255 255 3.14 2 8 17 
-8.36132  13.0076  52.4229 255 255 255 3.14 2 8 17 
-8.1766 13.0019 52.1343 255 255 255 3.14 2 8 17 
-8.69881  13.0055  52.5594 255 255 255 3.14 2 8 17 
-8.32309  12.7521  51.4326 255 255 255 3.14 2 8 9 
-12.5646  12.6509  54.8397 255 255 255 3.14 2 8 9 
-8.54896  13.0962  52.4356 255 255 255 3.14 2 8 17 
-8.36403  13.0888  52.2582 255 255 255 3.14 2 8 17 
-8.04932  13.0947  51.9799 255 255 255 3.14 2 8 17 
-8.16817   12.846  51.3092 255 255 255 3.14 2 8 9 
-8.25741  13.1512  52.1562 255 255 255 3.14 2 8 17 
-8.47802  13.1759  52.3229 255 255 255 3.14 2 8 17 
-8.10512  13.1284  51.1996 255 255 255 3.14 2 8 9 
-10.356 13.1262 52.8692 255 255 255 3.14 2 8 9 
-8.02413  13.2539  51.0315 255 255 255 3.14 2 8 9 
-9.25607  13.5657  52.7843 255 255 255 3.14 2 8 17 
-10.6822  13.1969  52.9617 255 255 255 3.14 2 8 9 
-8.18551  13.3618  51.1318 255 255 255 3.14 2 8 9 
-9.88363  13.6645  53.2352 255 255 255 3.14 2 8 17 
-9.39411  13.4126  51.9372 255 255 255 3.14 5 8 9 14 16 21 
-10.5739  13.4828   52.815 255 255 255 3.14 2 8 9 
-8.31363  13.9563  51.8799 255 255 255 3.14 2 8 17 
-8.38278  13.6629  51.0764 255 255 255 3.14 2 8 9 
-8.50669  13.7219  51.2081 255 255 255 3.14 2 8 9 
-9.80966  13.6351  52.1549 255 255 255 3.14 4 8 9 14 21 
-8.69474  13.7058  51.2484 255 255 255 3.14 4 8 9 14 21 
-9.53436   13.686  51.9239 255 255 255 3.14 5 8 9 14 16 21 
-10.5158  13.8027  52.5845 255 255 255 3.14 2 8 9 
-10.3646  13.8466  52.4662 255 255 255 3.14 2 8 9 
-10.621 13.9443 52.5997 255 255 255 3.14 2 8 9 
-10.3045  14.0117  52.3842 255 255 255 3.14 2 8 9 
-10.4939  13.9997  52.4718 255 255 255 3.14 2 8 9 
-12.0523  13.9555  53.6994 255 255 255 3.14 2 8 9 
-8.08789  14.2978  50.8215 255 255 255 3.14 2 8 9 
-8.24887   14.331  50.8661 255 255 255 3.14 2 8 9 
-10.2762  14.1967  52.2146 255 255 255 3.14 2 8 9 
-8.15706  14.4719  50.7777 255 255 255 3.14 2 8 9 
-12.0173  14.2399  53.5746 255 255 255 3.14 2 8 9 
-9.39776  14.6353  52.1644 255 255 255 3.14 2 8 17 
-10.3001  14.3576  52.1238 255 255 255 3.14 2 8 9 
-7.9758 14.8138 51.1228 255 255 255 3.14 2 8 17 
-8.22398  15.2414  51.5583 255 255 255 3.14 2 8 17 
-8.29721  15.3985  51.5661 255 255 255 3.14 2 8 17 
-11.2642  15.0052  52.7013 255 255 255 3.14 5 4 8 14 16 21 
-10.2781  15.8064   52.704 255 255 255 3.14 2 8 17 
-11.0332  15.4896  52.2976 255 255 255 3.14 2 8 9 
-8.21387  16.0205  51.0684 255 255 255 3.14 2 8 17 
-12.3193  15.5728  53.4595 255 255 255 3.14 2 8 9 
-8.50931  16.2603  51.1095 255 255 255 3.14 2 8 17 
-10.7569  15.9706  51.9779 255 255 255 3.14 2 8 9 
-8.76848  16.5052  51.4001 255 255 255 3.14 2 8 17 
-8.29692   16.391  50.6959 255 255 255 3.14 2 8 17 
-9.93948  16.2669  51.2188 255 255 255 3.14 2 8 9 
-10.1524   16.787  52.1228 255 255 255 3.14 2 8 17 
-9.95352  16.9071  52.0738 255 255 255 3.14 2 8 17 
-10.572 16.6665 51.8465 255 255 255 3.14 2 8 9 
-13.6051  16.7116  54.5484 255 255 255 3.14 2 8 9 
-12.7831  17.0656  53.6633 255 255 255 3.14 2 8 9 
-12.7591  17.1947  53.5883 255 255 255 3.14 2 8 9 
-12.1908  17.2976  52.9703 255 255 255 3.14 2 8 9 
-12.1072  17.4812  52.9473 255 255 255 3.14 2 8 9 
-9.00153  17.7674  50.5882 255 255 255 3.14 3 8 9 17 
-11.1771  17.7039    52.26 255 255 255 3.14 2 8 9 
-8.75474  17.8728  50.3967 255 255 255 3.14 3 8 9 17 
-10.9972  17.8526  52.0224 255 255 255 3.14 2 8 9 
-10.9639  17.9732  51.9039 255 255 255 3.14 2 8 9 
-10.1713   18.627  51.1166 255 255 255 3.14 2 8 9 
-3.35944 -5.35406  60.2963 255 255 255 3.14 2 8 9 
-1.89605 -5.20377  59.2595 255 255 255 3.14 2 8 9 
-0.736504  -5.00694    58.364 255 255 255 3.14 2 8 9 
  -1.645 -4.94815  58.7987 255 255 255 3.14 2 8 9 
-3.37525 -4.91326  59.5478 255 255 255 3.14 2 8 9 
0.414533 -4.68857  57.4614 255 255 255 3.14 2 8 9 
-4.23842 -4.58273  59.7413 255 255 255 3.14 2 8 9 
-0.944222  -4.49939   57.7158 255 255 255 3.14 2 8 9 
-2.21225 -4.28706  57.9023 255 255 255 3.14 2 8 9 
-3.24347 -4.24309  58.4222 255 255 255 3.14 2 8 9 
-4.25154 -4.21508  59.0406 255 255 255 3.14 2 8 9 
 0.43146 -4.08461  56.5436 255 255 255 3.14 2 8 9 
-2.05966 -4.13846  57.7557 255 255 255 3.14 2 8 9 
-3.40451 -4.09092  58.2749 255 255 255 3.14 2 8 9 
-5.86568 -4.05589  59.6649 255 255 255 3.14 2 8 9 
-4.34874 -4.00006  58.6593 255 255 255 3.14 2 8 9 
-3.69498 -3.87107  58.3346 255 255 255 3.14 2 8 9 
-2.77355 -3.77804   57.993 255 255 255 3.14 2 8 9 
-4.06485 -3.64052  58.0773 255 255 255 3.14 2 8 9 
-1.03926 -3.53656  56.4626 255 255 255 3.14 2 8 9 
-6.38277  -3.5902  59.4176 255 255 255 3.14 2 8 9 
-7.67426 -3.54479  59.9981 255 255 255 3.14 2 8 9 
-7.58909 -3.42954  59.7407 255 255 255 3.14 2 8 9 
-8.78981  -3.1485  60.4779 255 255 255 3.14 2 8 9 
-4.94708 0.943859  54.4368 255 255 255 3.14 2 8 9 
-10.0746  2.28181  57.9006 255 255 255 3.14 4 8 9 14 16 
-4.68111  3.33466  53.3285 255 255 255 3.14 2 8 9 
-7.86812  3.78347  54.7276 255 255 255 3.14 3 8 9 10 
-6.15923  3.89686  53.7947 255 255 255 3.14 4 8 9 10 17 
-5.79135  4.00612  53.5095 255 255 255 3.14 2 8 9 
-8.24782  3.90119  54.8798 255 255 255 3.14 3 8 9 10 
-8.48066  3.96085  55.0628 255 255 255 3.14 3 8 9 10 
-8.98946  4.19909   55.273 255 255 255 3.14 2 8 9 
-11.0978  4.37844    57.73 255 255 255 3.14 4 8 14 16 21 
-9.15636  4.26817  55.2854 255 255 255 3.14 2 8 9 
-11.1803  4.44139  57.9021 255 255 255 3.14 3 8 16 21 
-9.24776  4.50087  55.3839 255 255 255 3.14 2 8 9 
-10.7344  4.58059  56.9574 255 255 255 3.14 3 8 9 14 
-4.89355  4.82016  52.8322 255 255 255 3.14 2 8 9 
-10.6702  4.63476  56.7211 255 255 255 3.14 2 8 9 
-11.0723  4.78801  57.5817 255 255 255 3.14 3 8 14 21 
-5.39602  4.85207  52.2516 255 255 255 3.14 2 8 17 
-10.2435  4.76337  56.3618 255 255 255 3.14 6 8 9 14 16 17 21 
-9.15516   4.7398  55.2048 255 255 255 3.14 6 8 9 10 14 16 21 
-10.5462  4.79329  56.6325 255 255 255 3.14 3 8 9 14 
-10.3933      4.8  56.4734 255 255 255 3.14 6 8 9 14 16 17 21 
-4.90251  5.11561  52.6516 255 255 255 3.14 2 8 9 
-10.1895  4.91774  56.3204 255 255 255 3.14 2 8 9 
-10.1984  4.90779  56.0811 255 255 255 3.14 3 8 14 17 
-9.93572  4.92199  55.8194 255 255 255 3.14 2 8 17 
-10.4297  4.98328  56.3245 255 255 255 3.14 3 8 9 14 
-10.346 5.01427 56.1625 255 255 255 3.14 2 8 17 
-10.1181  5.01936   55.947 255 255 255 3.14 3 8 14 17 
-9.21707  5.03282  55.1978 255 255 255 3.14 3 8 9 21 
-9.07634  5.02218  55.0002 255 255 255 3.14 5 8 9 14 16 21 
-10.9085  4.98428   56.403 255 255 255 3.14 2 8 17 
-9.68183  5.02701  55.6282 255 255 255 3.14 3 10 16 21 
-10.2497  5.07511  55.8667 255 255 255 3.14 2 8 9 
 -4.855 5.40744 52.3434 255 255 255 3.14 2 8 9 
-9.50293  5.20148  55.5569 255 255 255 3.14 3 8 9 17 
-5.23524  5.34468  51.9485 255 255 255 3.14 2 8 17 
-10.7822  5.17175  56.2114 255 255 255 3.14 2 8 17 
-12.1852  5.09804  57.0251 255 255 255 3.14 2 8 17 
-9.36069  5.28933  55.3899 255 255 255 3.14 2 14 17 
-9.46468  5.37112  55.3532 255 255 255 3.14 5 8 9 14 16 21 
-9.36939  5.37716  55.0838 255 255 255 3.14 2 8 9 
-10.4943   5.4304  56.3554 255 255 255 3.14 2 8 17 
-8.4886 5.52257 54.3216 255 255 255 3.14 3 8 9 16 
-7.96643  5.90161  54.6125 255 255 255 3.14 2 8 17 
-10.5517  5.80542  56.3533 255 255 255 3.14 2 8 17 
-6.25164  6.03896  52.9654 255 255 255 3.14 2 8 9 
-10.5789  5.95322  56.2922 255 255 255 3.14 2 8 17 
-8.21587  6.10251  54.8748 255 255 255 3.14 2 8 17 
-6.72578  6.15045  53.3316 255 255 255 3.14 2 8 17 
-13.3863  3.08438  45.4597 255 255 255 3.14 2 8 9 
-8.18554  6.23295  53.8025 255 255 255 3.14 2 8 9 
-10.9155   6.2576  56.2959 255 255 255 3.14 2 8 17 
-7.78218  6.72595  54.1694 255 255 255 3.14 2 8 17 
-5.69267  7.20203  54.4042 255 255 255 3.14 2 14 17 
-11.4555  6.64823  56.7617 255 255 255 3.14 2 8 9 
-6.56182  6.83689  53.0305 255 255 255 3.14 2 8 17 
-11.3051  6.71651  56.2161 255 255 255 3.14 2 8 17 
-11.4121  6.84176  56.4313 255 255 255 3.14 2 8 17 
-5.14631  6.87538  50.2402 255 255 255 3.14 2 8 17 
-11.2128  7.00834  56.2384 255 255 255 3.14 2 8 9 
-10.5405  7.03133  55.2939 255 255 255 3.14 2 16 21 
-9.95716  7.30605   55.497 255 255 255 3.14 2 8 17 
-9.3465 7.55848 55.2547 255 255 255 3.14 2 8 17 
-8.92985   8.2678  54.6419 255 255 255 3.14 2 8 17 
-9.85675  8.20712  55.2372 255 255 255 3.14 2 8 17 
-10.4814  8.42472  55.5458 255 255 255 3.14 2 8 17 
-11.5945  8.30171  55.9511 255 255 255 3.14 2 8 9 
-9.18439  8.32942  53.7282 255 255 255 3.14 4 8 9 14 21 
-7.1173 8.54103 52.4443 255 255 255 3.14 2 8 9 
-8.38787  8.77524  53.7269 255 255 255 3.14 2 8 17 
-9.18231  8.59875  53.5577 255 255 255 3.14 2 8 9 
-7.13363  8.87371  52.7456 255 255 255 3.14 2 8 17 
-10.4313  8.84476  55.3541 255 255 255 3.14 2 8 17 
-10.2972  8.67731  54.5223 255 255 255 3.14 2 8 9 
-10.2157   8.9843  54.8902 255 255 255 3.14 2 8 17 
-9.99898  8.84119  54.0144 255 255 255 3.14 2 8 9 
-8.42701  9.20463    53.93 255 255 255 3.14 2 8 17 
-7.29638  9.20417  52.9059 255 255 255 3.14 2 8 17 
-6.86531  9.08987  51.9016 255 255 255 3.14 2 8 9 
-9.49722  9.08713  54.2312 255 255 255 3.14 2 8 17 
-7.36643  9.20833  52.2153 255 255 255 3.14 2 8 9 
-6.98454  9.28152  51.9995 255 255 255 3.14 2 8 9 
-9.40782  9.13734  53.5272 255 255 255 3.14 5 8 9 14 16 21 
-6.83533  9.44571  51.8172 255 255 255 3.14 2 8 9 
-7.29572  9.68083  52.0461 255 255 255 3.14 2 8 9 
-9.23303  9.85909  53.1055 255 255 255 3.14 3 8 9 16 
-7.27552  10.2273  51.8433 255 255 255 3.14 2 8 9 
-12.0075  10.1023  55.5671 255 255 255 3.14 2 8 9 
-9.45396  10.0959  53.1758 255 255 255 3.14 4 8 9 16 21 
-7.21492  10.4152  51.7051 255 255 255 3.14 2 8 9 
-11.5412  10.2665  54.9272 255 255 255 3.14 5 8 9 14 16 21 
-12.0661  10.3793  55.5532 255 255 255 3.14 2 8 9 
-9.79337  10.3569  53.4344 255 255 255 3.14 2 8 9 
-6.12433  10.4292  49.8761 255 255 255 3.14 2 8 17 
-11.7234  10.5104  55.1015 255 255 255 3.14 3 8 9 14 
-11.5628  10.5533  54.8685 255 255 255 3.14 5 8 9 14 16 21 
-11.7635  10.6922  54.9194 255 255 255 3.14 2 8 9 
-8.02893   10.918  52.1823 255 255 255 3.14 4 8 9 14 17 
-8.09567   10.889  51.9341 255 255 255 3.14 3 8 9 17 
-6.05809  10.7399  49.5588 255 255 255 3.14 2 8 17 
-8.02118  11.1459   52.576 255 255 255 3.14 2 8 17 
-7.03303  11.1152  51.5905 255 255 255 3.14 2 8 17 
-10.7886  11.0914  54.7527 255 255 255 3.14 2 8 17 
-9.09165  11.0116  52.6284 255 255 255 3.14 2 8 9 
-7.78305   11.366  52.5917 255 255 255 3.14 2 8 17 
-7.45671  11.4256  51.8975 255 255 255 3.14 2 8 17 
-6.4187 11.3499 50.6256 255 255 255 3.14 2 8 17 
-7.78703  11.5082  52.3349 255 255 255 3.14 2 8 17 
-6.35614  11.2452  50.1061 255 255 255 3.14 2 8 17 
-6.3089 11.4409 50.4415 255 255 255 3.14 2 8 17 
-6.08014  11.5378  50.4684 255 255 255 3.14 2 8 17 
-6.34018  11.5055  50.5341 255 255 255 3.14 2 8 17 
-10.8799  11.3397  53.9547 255 255 255 3.14 2 8 9 
-9.95545  11.6724  53.9836 255 255 255 3.14 2 8 17 
-6.25116  11.6764  50.6974 255 255 255 3.14 2 8 17 
-9.59552  11.4941  52.8621 255 255 255 3.14 2 8 9 
-7.69837  11.7821  52.1619 255 255 255 3.14 2 8 17 
-11.1047  11.4397  54.0549 255 255 255 3.14 2 8 9 
-10.0582  11.7621  54.1194 255 255 255 3.14 2 8 17 
-11.2367  11.3996  53.9825 255 255 255 3.14 2 8 9 
-11.3119  11.5264  54.3114 255 255 255 3.14 2 8 9 
-7.46319  11.8736  51.8913 255 255 255 3.14 2 8 17 
-11.2487  11.5321  54.1527 255 255 255 3.14 2 8 9 
-10.0482  11.8761  54.0768 255 255 255 3.14 2 8 17 
-11.0661  11.5814  53.9873 255 255 255 3.14 2 8 9 
-9.71385  11.8723  53.6611 255 255 255 3.14 2 8 17 
-10.7428  11.9425  54.6654 255 255 255 3.14 2 8 17 
-11.3058  11.5851  54.0635 255 255 255 3.14 2 8 9 
-7.37789  11.8589  51.2443 255 255 255 3.14 4 8 9 10 18 
-9.24204   11.798  52.2915 255 255 255 3.14 5 8 9 14 16 21 
-10.111  12.116 53.9839 255 255 255 3.14 2 8 17 
-9.42922  12.1768  53.6125 255 255 255 3.14 2 8 17 
-7.63754   11.956  51.2715 255 255 255 3.14 2 8 9 
-7.73004  12.2041  51.9568 255 255 255 3.14 2 8 17 
-7.82281  11.9807  51.3121 255 255 255 3.14 2 8 10 
-9.32707  12.2514   53.441 255 255 255 3.14 2 8 17 
-9.03872  12.3206  53.4104 255 255 255 3.14 2 8 17 
-7.59726  12.1205  51.2544 255 255 255 3.14 4 8 9 10 18 
-8.2759 12.1378 51.7175 255 255 255 3.14 2 8 9 
-8.22172  12.2833  52.0034 255 255 255 3.14 2 8 17 
-8.88831  12.2737  52.4794 255 255 255 3.14 2 8 9 
-7.88711  12.2378  51.4796 255 255 255 3.14 2 8 9 
-8.28526  12.4111   52.328 255 255 255 3.14 2 8 17 
-10.5258  12.1262  53.3451 255 255 255 3.14 3 8 16 21 
-7.93993  12.3327  51.6801 255 255 255 3.14 2 8 17 
-8.01093  12.2651  51.3822 255 255 255 3.14 2 8 9 
-12.377 12.1555 54.8876 255 255 255 3.14 4 8 9 14 16 
-7.76739  12.3261  51.3319 255 255 255 3.14 2 8 9 
-8.2112 12.4401 51.9933 255 255 255 3.14 2 8 17 
-8.72171  12.5451  52.6402 255 255 255 3.14 2 8 17 
-8.65165  12.5289  52.5119 255 255 255 3.14 2 8 17 
-8.57326  12.5368  52.4434 255 255 255 3.14 2 8 17 
-7.98792  12.3984  51.3509 255 255 255 3.14 2 8 9 
-7.68849   12.431  51.1762 255 255 255 3.14 4 8 9 10 18 
-7.88528  12.7207  52.1084 255 255 255 3.14 2 8 17 
-8.09321  12.7902  52.3481 255 255 255 3.14 2 8 17 
-8.3444 12.7201   52.28 255 255 255 3.14 2 8 17 
-8.04172  12.6001  51.3139 255 255 255 3.14 2 8 9 
-7.83936  12.6786  51.2177 255 255 255 3.14 2 8 9 
-8.39098  12.9924  52.4037 255 255 255 3.14 2 8 17 
-7.92078  12.9578  51.8525 255 255 255 3.14 2 8 17 
-11.1258  12.5993  53.5482 255 255 255 3.14 2 8 9 
-8.05886  13.1262  51.9846 255 255 255 3.14 2 8 17 
-8.19393  12.8786  51.2971 255 255 255 3.14 2 8 9 
-10.4799  12.8108  53.0321 255 255 255 3.14 2 8 9 
-10.2605  12.9054  52.8391 255 255 255 3.14 2 8 9 
-7.88913  13.0595  51.1618 255 255 255 3.14 2 8 9 
-11.8548  12.9726  54.0129 255 255 255 3.14 2 8 9 
-8.25057  13.1269  51.1505 255 255 255 3.14 2 8 9 
-9.99807  13.2881  52.4706 255 255 255 3.14 3 8 9 21 
-10.5954   13.336  52.9666 255 255 255 3.14 2 8 9 
-8.24502  13.6825  51.8951 255 255 255 3.14 2 8 17 
-8.22578  13.5324  51.0753 255 255 255 3.14 2 8 9 
-10.5609  13.5008   52.836 255 255 255 3.14 2 8 9 
-8.33752  13.9143  51.8939 255 255 255 3.14 2 8 17 
-8.51948   13.662  51.2256 255 255 255 3.14 2 8 9 
-8.35519  13.7141  51.0524 255 255 255 3.14 2 8 9 
-8.68814  13.7426  51.2539 255 255 255 3.14 2 8 9 
-10.4547  14.0354  52.4167 255 255 255 3.14 2 8 9 
-10.3489  14.0907  52.3929 255 255 255 3.14 2 8 9 
-12.3165  14.0647  53.9052 255 255 255 3.14 2 8 9 
-8.24141  14.3683  50.9313 255 255 255 3.14 2 8 9 
-9.89483  14.2475  51.9041 255 255 255 3.14 2 8 9 
-8.03098  14.4452  50.6439 255 255 255 3.14 2 8 9 
-8.17583  14.4745  50.8054 255 255 255 3.14 2 8 9 
-10.5443   14.314  52.4456 255 255 255 3.14 2 8 9 
-10.2728  14.3609  52.1126 255 255 255 3.14 2 8 9 
-8.82786  14.8978  51.9388 255 255 255 3.14 2 8 17 
-8.87344  14.9806   52.107 255 255 255 3.14 2 8 17 
-8.60625  15.0003    51.94 255 255 255 3.14 2 8 17 
-8.25672  15.1796  51.4718 255 255 255 3.14 2 8 17 
-8.9164 14.9653 50.8681 255 255 255 3.14 2 8 9 
-11.4986  15.1226  52.8948 255 255 255 3.14 3 4 8 14 
-8.52187  16.2969   51.073 255 255 255 3.14 2 8 17 
-12.843 16.9415 53.7068 255 255 255 3.14 2 8 9 
-12.5779   17.215  53.4317 255 255 255 3.14 2 8 9 
-3.60025 -5.31763  60.5873 255 255 255 3.14 2 8 9 
-0.449622  -5.20108   58.3167 255 255 255 3.14 2 8 9 
-1.89933 -5.20995  59.1778 255 255 255 3.14 2 8 9 
-3.55711 -5.01779  59.8736 255 255 255 3.14 2 8 9 
-1.72252  -4.9278  58.8813 255 255 255 3.14 2 8 9 
-4.88297 -4.93383   60.399 255 255 255 3.14 2 8 9 
-2.47956 -4.83079  59.0823 255 255 255 3.14 2 8 9 
-0.949372  -4.56494   57.8722 255 255 255 3.14 2 8 9 
-4.70547 -4.60501  59.9077 255 255 255 3.14 2 8 9 
-4.32185 -4.52089  59.7195 255 255 255 3.14 2 8 9 
 1.17163 -4.32335  56.7276 255 255 255 3.14 2 8 9 
-5.09967 -4.25738  59.4324 255 255 255 3.14 2 8 9 
-2.13752 -4.14797  57.8655 255 255 255 3.14 2 8 9 
-3.26705 -4.15524  58.3414 255 255 255 3.14 2 8 9 
-4.28648 -4.03605  58.7824 255 255 255 3.14 2 8 9 
-1.81111 -3.91394  57.5342 255 255 255 3.14 2 8 9 
-5.58562  -3.9565  59.4411 255 255 255 3.14 2 8 9 
-3.72226 -3.91363   58.432 255 255 255 3.14 2 8 9 
-1.11069 -3.76488  56.5302 255 255 255 3.14 2 8 9 
-8.41354  -3.5468  60.7852 255 255 255 3.14 2 8 9 
 -8.1174 -3.12862  59.8202 255 255 255 3.14 2 8 9 
-7.87189  3.82676  54.7259 255 255 255 3.14 3 8 9 10 
-8.23095  3.83464  54.9173 255 255 255 3.14 3 8 9 10 
-8.52501  4.02497  55.0143 255 255 255 3.14 5 8 9 10 18 22 
-11.0663  4.41338  57.7513 255 255 255 3.14 4 8 14 16 21 
-10.4857  4.54715  56.7584 255 255 255 3.14 4 8 9 14 16 
-9.19372  4.52721  55.3508 255 255 255 3.14 6 8 9 10 14 16 21 
-10.1877  4.73058  56.2626 255 255 255 3.14 5 8 9 14 16 17 
-10.1205  4.89114  56.4204 255 255 255 3.14 2 8 17 
-9.66292  4.97245   56.135 255 255 255 3.14 2 8 17 
-10.6976  4.90342  56.5443 255 255 255 3.14 2 8 17 
-9.05017  4.88356  54.9077 255 255 255 3.14 2 10 17 
-10.6158  4.96506  56.2883 255 255 255 3.14 2 8 17 
-10.0213  4.98067  55.8587 255 255 255 3.14 2 9 14 
-10.0158  5.07726  56.1272 255 255 255 3.14 2 8 17 
-9.27163  5.11363  55.2669 255 255 255 3.14 5 8 9 14 16 21 
-9.55136  5.14725  55.5768 255 255 255 3.14 4 8 14 17 21 
-10.1347  5.22926  56.2756 255 255 255 3.14 2 8 17 
-4.90124  5.43066  52.3841 255 255 255 3.14 2 8 9 
-3.99803  5.59163  52.2215 255 255 255 3.14 5 8 10 13 18 22 
-8.66377  5.37382  54.5636 255 255 255 3.14 2 8 14 
-10.5534  5.45247  56.3967 255 255 255 3.14 2 8 17 
-10.937 6.15853 56.3174 255 255 255 3.14 2 8 17 
-6.6842 6.36535 52.9659 255 255 255 3.14 2 8 9 
-7.92709  6.53782  54.3915 255 255 255 3.14 2 8 17 
-11.4935  6.64857  56.8655 255 255 255 3.14 4 8 14 16 21 
-9.49039  7.43796  55.0434 255 255 255 3.14 2 8 17 
-9.5714  7.7749 55.2248 255 255 255 3.14 2 8 17 
-5.59526  7.86876  51.8938 255 255 255 3.14 4 8 9 10 18 
-6.33504  8.08383  52.1251 255 255 255 3.14 3 8 9 10 
-9.72479  8.17447  55.0915 255 255 255 3.14 2 8 17 
-8.93341  8.21769  54.6838 255 255 255 3.14 2 8 17 
-6.79432  8.47896  52.0324 255 255 255 3.14 2 8 17 
-10.3145  8.57948  54.5306 255 255 255 3.14 2 8 9 
-10.4761  8.75612  55.2895 255 255 255 3.14 2 8 17 
-7.27308  9.17005  52.8176 255 255 255 3.14 2 8 17 
-8.67522  9.32429  54.1117 255 255 255 3.14 2 8 17 
-7.28162  9.20805  52.1137 255 255 255 3.14 2 8 9 
-8.78622  9.54179  54.0643 255 255 255 3.14 2 8 17 
-7.35463  9.67856  52.1142 255 255 255 3.14 2 8 9 
-11.946 9.77427 55.7325 255 255 255 3.14 2 8 17 
-7.09844  10.0482  52.1593 255 255 255 3.14 2 8 17 
-9.52457  10.0572  53.1444 255 255 255 3.14 4 6 14 16 21 
-6.02375  10.2051  50.0704 255 255 255 3.14 2 8 17 
-11.4819  10.2731  54.9201 255 255 255 3.14 4 8 9 14 16 
-6.96531  10.8196  51.7743 255 255 255 3.14 2 8 17 
-11.5748  10.5759  54.8751 255 255 255 3.14 4 8 9 14 16 
-6.23887  10.6153  50.3042 255 255 255 3.14 2 8 17 
-6.06674  10.5769  49.9795 255 255 255 3.14 2 8 17 
-9.3305 10.8747 53.7797 255 255 255 3.14 2 8 17 
-10.8923  10.9513  54.8864 255 255 255 3.14 2 8 17 
-7.16858  10.9566  51.4722 255 255 255 3.14 3 8 9 10 
-7.52893  11.0673  51.9539 255 255 255 3.14 2 8 17 
-7.37347  11.0521  51.7378 255 255 255 3.14 2 8 17 
-9.58519  10.9416  53.0583 255 255 255 3.14 3 8 9 21 
-6.30385  11.3566  51.2482 255 255 255 3.14 5 10 13 17 18 22 
-5.75936  11.6526  51.1604 255 255 255 3.14 5 8 10 13 18 22 
-7.50245  11.4888  51.9353 255 255 255 3.14 2 8 17 
-7.9078 11.5528 52.3676 255 255 255 3.14 2 8 17 
-6.15722  11.3419  49.7469 255 255 255 3.14 2 8 17 
-11.4325  11.3558   54.403 255 255 255 3.14 2 8 9 
-6.6102 11.6622 50.7601 255 255 255 3.14 2 8 17 
-7.48618  11.7652  51.8688 255 255 255 3.14 2 8 17 
-6.3564 11.5751 50.1525 255 255 255 3.14 2 8 17 
-9.94757  11.7946  53.9821 255 255 255 3.14 2 8 17 
-7.74042  11.8415  52.1349 255 255 255 3.14 2 8 17 
-11.5825  11.7194  54.8098 255 255 255 3.14 2 8 17 
-7.45401  11.8481   51.319 255 255 255 3.14 2 8 9 
-7.98317  12.0694  52.2008 255 255 255 3.14 2 8 17 
-7.70576  12.1144  51.9338 255 255 255 3.14 2 8 17 
-8.34782  12.1858  52.5466 255 255 255 3.14 2 8 17 
-7.78085  12.0409  51.5098 255 255 255 3.14 2 8 9 
-7.55308   12.165  51.2423 255 255 255 3.14 2 8 9 
-7.64216   12.571  52.1216 255 255 255 3.14 2 8 17 
-10.5328   12.189    53.34 255 255 255 3.14 5 8 9 14 16 21 
-7.8811 12.3762 51.3806 255 255 255 3.14 2 8 9 
-7.66772  12.4753  51.1739 255 255 255 3.14 2 8 9 
-8.57976  12.7521  52.4642 255 255 255 3.14 2 8 17 
-8.15335  12.8171  52.2786 255 255 255 3.14 2 8 17 
-11.1456  12.6827  53.5865 255 255 255 3.14 4 8 9 16 21 
-6.84736  12.9965  50.4348 255 255 255 3.14 2 8 17 
-8.55184  12.8596   51.481 255 255 255 3.14 2 8 9 
-11.0095  12.7903  53.4126 255 255 255 3.14 2 8 16 
-10.4138  12.8896  52.9736 255 255 255 3.14 2 8 9 
-8.22496  12.9452  51.3137 255 255 255 3.14 2 8 9 
-10.328 12.9138 52.8936 255 255 255 3.14 2 8 9 
-8.19215  13.2034  51.2246 255 255 255 3.14 2 8 9 
-9.93834  13.4855  53.4165 255 255 255 3.14 2 8 17 
-9.86102  13.5316  53.3284 255 255 255 3.14 2 8 17 
-7.99417  13.3015   50.904 255 255 255 3.14 2 8 9 
-9.93698  13.6961  53.2623 255 255 255 3.14 2 8 17 
-8.55539  13.5459   51.264 255 255 255 3.14 2 8 9 
-10.1643  13.9367  53.3236 255 255 255 3.14 2 8 17 
-8.09051  14.1865  50.9352 255 255 255 3.14 2 8 9 
-10.6802  14.0333    52.71 255 255 255 3.14 2 8 9 
-10.4595  14.0398  52.4802 255 255 255 3.14 2 8 9 
-7.99263   14.435   50.619 255 255 255 3.14 2 8 9 
-8.35435  14.4097  50.8076 255 255 255 3.14 2 8 9 
-8.74138    14.88  51.8507 255 255 255 3.14 2 8 17 
-8.17479  15.1808  51.5666 255 255 255 3.14 2 8 17 
-9.08678  14.8701  51.1198 255 255 255 3.14 2 8 9 
-12.8923  16.8206  53.7597 255 255 255 3.14 2 8 9 
-12.3154  17.5208  52.9751 255 255 255 3.14 2 8 9 
-8.08362 -3.08674  59.7619 255 255 255 3.14 2 8 9 
-7.02295  3.57819  54.3377 255 255 255 3.14 3 8 9 10 
-5.46915  4.16376  53.4035 255 255 255 3.14 4 8 9 10 17 
-8.87212  4.06582  55.3709 255 255 255 3.14 2 8 9 
-9.13051  4.55313   55.296 255 255 255 3.14 7 6 8 9 10 14 16 21 
-10.1615  4.68039   56.059 255 255 255 3.14 3 8 9 17 
-10.8376  4.84368  57.3199 255 255 255 3.14 2 8 21 
-10.468 4.86893 56.6319 255 255 255 3.14 2 8 17 
-5.00109  4.75339  50.4738 255 255 255 3.14 2 8 17 
-9.76376  5.09071  56.0429 255 255 255 3.14 2 8 9 
-9.32636  5.02495  55.3733 255 255 255 3.14 5 8 9 14 16 21 
-9.81987  5.18496  55.7423 255 255 255 3.14 3 8 9 16 
-5.05467  5.24125  51.2518 255 255 255 3.14 2 8 17 
-10.0931  5.30284  56.2671 255 255 255 3.14 2 8 17 
-4.69896  5.41252  50.9142 255 255 255 3.14 2 8 17 
-10.6272  5.47541  56.4176 255 255 255 3.14 2 8 21 
-8.02994  5.94858  54.7383 255 255 255 3.14 2 8 17 
-4.94199  5.77157  50.9526 255 255 255 3.14 2 8 17 
-5.03905  5.83343  51.1271 255 255 255 3.14 2 8 17 
-10.4916  5.87978  55.9888 255 255 255 3.14 2 8 17 
-6.3175 6.11757 52.8553 255 255 255 3.14 2 17 21 
-4.78724  5.89864  50.1209 255 255 255 3.14 2 8 17 
-8.0288 6.43968   54.58 255 255 255 3.14 2 8 17 
-5.12252  6.38228  50.3882 255 255 255 3.14 2 8 17 
-11.2413  7.07903   56.382 255 255 255 3.14 3 8 9 14 
-10.1807   7.0291  54.9964 255 255 255 3.14 4 8 9 14 21 
-5.71318  7.61587  52.0422 255 255 255 3.14 3 8 10 18 
-9.77681  7.51228  54.3504 255 255 255 3.14 2 8 9 
-5.55747  7.87233  51.8763 255 255 255 3.14 4 8 9 10 18 
-6.35489  8.05611  52.1391 255 255 255 3.14 3 8 9 10 
-8.91778  8.18255  54.6644 255 255 255 3.14 2 8 17 
-11.5578   8.1078  56.0899 255 255 255 3.14 2 8 17 
-9.70549  8.28571  55.0603 255 255 255 3.14 2 8 17 
-5.72576  8.87612  51.7009 255 255 255 3.14 4 8 9 10 18 
-10.6519  8.61695  54.8203 255 255 255 3.14 3 8 9 17 
-7.58069  8.97329  52.4274 255 255 255 3.14 3 8 9 10 
-8.26187  9.15443  53.6511 255 255 255 3.14 2 8 17 
-10.489 8.89702 54.1973 255 255 255 3.14 2 8 9 
-7.19122  9.22194  52.0961 255 255 255 3.14 2 8 10 
-8.71126   9.4114  54.0096 255 255 255 3.14 2 8 17 
-11.7008  9.71836  55.3641 255 255 255 3.14 3 8 14 16 
-7.17234  9.96056   52.011 255 255 255 3.14 2 9 10 
-7.37661  10.3308  51.8762 255 255 255 3.14 2 8 9 
-11.418 10.2303 55.0376 255 255 255 3.14 2 8 9 
-7.01535   10.526  51.5344 255 255 255 3.14 2 8 9 
-6.46719  10.6703  50.3019 255 255 255 3.14 2 8 17 
-7.4781 10.9877 51.7743 255 255 255 3.14 2 8 9 
-6.66705  11.1315   50.853 255 255 255 3.14 2 8 17 
-6.28139  11.2755  50.5014 255 255 255 3.14 2 8 17 
-10.2178  11.3873  54.2193 255 255 255 3.14 2 8 17 
-7.98145  11.6282  52.4195 255 255 255 3.14 2 8 17 
-7.47899  11.6369  51.8867 255 255 255 3.14 2 8 17 
-6.42088  11.6247  50.2139 255 255 255 3.14 2 8 17 
-7.1971 11.8439 51.4988 255 255 255 3.14 2 8 17 
-8.03608  11.8586  51.5928 255 255 255 3.14 2 8 9 
-12.0212  11.8251  54.7764 255 255 255 3.14 2 8 9 
-10.535 12.2285 53.2623 255 255 255 3.14 2 8 9 
-8.27123   12.592  51.5401 255 255 255 3.14 2 8 9 
-8.28855  12.8594   52.257 255 255 255 3.14 2 8 17 
-10.1997  12.6654  52.8489 255 255 255 3.14 2 8 9 
-7.90567  12.8668   51.146 255 255 255 3.14 2 8 9 
-7.1054 12.9787 50.8227 255 255 255 3.14 2 8 9 
-9.92502   12.786  52.5954 255 255 255 3.14 2 8 9 
-8.81645  13.1641  52.6741 255 255 255 3.14 2 8 17 
-8.55874  12.8516  51.5261 255 255 255 3.14 2 8 9 
-10.5963  12.8894  53.1013 255 255 255 3.14 3 8 9 16 
-8.23798  12.9909  51.3451 255 255 255 3.14 2 8 9 
-9.67565  12.9068  52.2923 255 255 255 3.14 2 8 9 
-10.3944  13.0458  52.9443 255 255 255 3.14 2 8 9 
-8.78015  13.4037  52.4969 255 255 255 3.14 2 8 17 
-9.80576  13.7512  53.1694 255 255 255 3.14 2 8 17 
-9.52891  13.4738  52.1376 255 255 255 3.14 2 8 9 
-8.0954 14.1182 51.0097 255 255 255 3.14 2 8 9 
-10.1516  14.3238  52.0023 255 255 255 3.14 2 8 9 
-9.36336  14.5492  51.6001 255 255 255 3.14 2 8 9 
-8.27991  15.3722  51.8653 255 255 255 3.14 2 8 17 
-9.58608  14.8039  51.2968 255 255 255 3.14 2 8 9 
-13.4005  16.9696  54.0791 255 255 255 3.14 2 8 9 
-13.6078  17.1752  54.3922 255 255 255 3.14 2 8 9 
-7.08334  3.74328  54.4142 255 255 255 3.14 2 8 9 
-5.1648  4.7449 52.9811 255 255 255 3.14 4 8 9 10 18 
-10.2576  4.75686  56.3579 255 255 255 3.14 3 8 9 21 
-9.40606  5.00151  55.6101 255 255 255 3.14 3 8 14 17 
-12.0383  5.29224  57.0003 255 255 255 3.14 2 8 17 
-10.0855  5.44603  56.1202 255 255 255 3.14 2 8 17 
-4.80435  5.46508  50.7522 255 255 255 3.14 2 8 17 
-10.8068  5.59756  56.4935 255 255 255 3.14 2 8 17 
-10.9432    5.833  56.4314 255 255 255 3.14 2 8 17 
-7.93308  6.04222  54.8575 255 255 255 3.14 2 8 17 
-6.15426  8.05443  52.4675 255 255 255 3.14 2 8 17 
-8.89832  8.07671   54.633 255 255 255 3.14 2 8 17 
-11.5151  8.11646  56.0922 255 255 255 3.14 2 8 17 
-5.14628  8.84535  51.5458 255 255 255 3.14 4 8 9 10 18 
-10.6876  8.46239  54.9302 255 255 255 3.14 2 8 21 
-11.1266  8.65838  55.7238 255 255 255 3.14 2 8 17 
-11.6325  9.11568  56.1054 255 255 255 3.14 2 4 9 
-7.1131 9.18512 52.0988 255 255 255 3.14 2 8 9 
-6.47703  9.68774  51.6671 255 255 255 3.14 3 8 9 10 
-7.12462   9.9934  51.8848 255 255 255 3.14 3 8 9 10 
-8.77937  11.0335   53.592 255 255 255 3.14 2 8 17 
-6.79978  11.0803  50.8962 255 255 255 3.14 2 8 17 
-6.15845  11.1908  50.3923 255 255 255 3.14 2 8 17 
-11.2327  11.2001  54.1945 255 255 255 3.14 2 8 9 
-9.9482 11.3668 53.1692 255 255 255 3.14 2 8 9 
-8.35363  11.9433   52.773 255 255 255 3.14 2 8 17 
-8.24315  11.8283  52.4162 255 255 255 3.14 2 8 17 
-7.02874  11.8613  50.9955 255 255 255 3.14 2 8 17 
-11.8399  12.2115  54.2071 255 255 255 3.14 2 8 9 
-6.94435  12.7232  50.7758 255 255 255 3.14 2 8 9 
-8.9606 13.2397 52.7895 255 255 255 3.14 2 8 17 
-9.09803  13.1788  51.7143 255 255 255 3.14 2 8 9 
-10.8942  13.4089  53.0688 255 255 255 3.14 2 8 9 
-8.58163  14.8295  52.1966 255 255 255 3.14 2 8 17 
-7.96342   3.2367  54.9384 255 255 255 3.14 2 8 10 
-5.39127  4.54728  53.2164 255 255 255 3.14 3 8 9 10 
-10.169 5.51399 55.8934 255 255 255 3.14 4 8 9 14 17 
-10.9583   5.6329  56.4882 255 255 255 3.14 2 8 17 
-5.7403   5.797 52.3051 255 255 255 3.14 2 8 17 
-8.8768  5.9098  55.371 255 255 255 3.14 2 8 17 
-5.19353   6.3874  50.5643 255 255 255 3.14 2 8 17 
-10.9739  6.60088  55.9866 255 255 255 3.14 2 8 17 
-9.88461  7.57208  55.3492 255 255 255 3.14 2 8 17 
-7.67623   8.5531  53.3603 255 255 255 3.14 2 8 17 
 -7.783 9.72925 53.2112 255 255 255 3.14 2 8 17 
-8.28536    11.36  51.7799 255 255 255 3.14 2 8 17 
-8.20535  11.8673  52.7031 255 255 255 3.14 2 8 17 
-8.56106 -3.08935  60.1635 255 255 255 3.14 2 8 9 
-9.69324  9.11009  54.4649 255 255 255 3.14 2 8 9 
-4.80037 -3.82029  59.1135 255 255 255 3.14 2 8 9 
-11.6512  11.0641  54.6612 255 255 255 3.14 2 8 9 
-10.7291  18.1851  51.7302 255 255 255 3.14 2 8 9 
-4.81367  1.34256  54.1896 255 255 255 3.14 2 8 9 
-11.9799  13.1582  54.0635 255 255 255 3.14 3 4 8 9 
-4.77697  1.49969  53.9959 255 255 255 3.14 2 8 9 
-8.87216   17.772  50.4776 255 255 255 3.14 2 8 9 
-9.40628 0.901023  57.7233 255 255 255 3.14 3 9 14 16 
-9.55447  1.00321  57.8852 255 255 255 3.14 2 9 21 
-10.545 3.12175 57.9973 255 255 255 3.14 2 9 16 
-9.41826  4.02783  55.7055 255 255 255 3.14 2 9 10 
-5.05215 0.961128  54.6041 255 255 255 3.14 2 9 14 
-9.92269  1.05725  58.1587 255 255 255 3.14 2 9 14 
-8.84633  1.36515  56.3216 255 255 255 3.14 2 9 16 
-9.79563   2.6304  56.6407 255 255 255 3.14 2 9 16 
-11.0823  3.40036  58.5125 255 255 255 3.14 3 9 14 16 
-6.75887  3.39566  54.3093 255 255 255 3.14 2 9 10 
-11.058 3.51767 58.4404 255 255 255 3.14 3 9 14 16 
-10.0676  3.62239  56.5663 255 255 255 3.14 2 9 16 
-5.42054  3.97677  53.4072 255 255 255 3.14 2 9 10 
-5.23272  4.09501  53.2872 255 255 255 3.14 2 9 10 
-10.3354  4.60071  56.5004 255 255 255 3.14 2 9 21 
-4.8179 1.10902 54.2559 255 255 255 3.14 4 9 10 14 16 
-4.92046  1.35796  54.3018 255 255 255 3.14 3 9 14 16 
-4.25072  2.51225  53.3557 255 255 255 3.14 2 9 10 
-9.80113  2.74661  56.5985 255 255 255 3.14 4 9 14 16 21 
-4.16386  3.00392  53.1244 255 255 255 3.14 2 9 10 
-7.97179  3.14268  55.1885 255 255 255 3.14 2 9 10 
-10.008 3.94037 56.3413 255 255 255 3.14 2 9 14 
-9.12017  4.32157  55.3976 255 255 255 3.14 4 9 14 16 21 
-10.519 4.83319 56.5865 255 255 255 3.14 2 9 14 
-6.0582 9.17204 51.6501 255 255 255 3.14 2 9 10 
-6.79816  11.4084  51.1733 255 255 255 3.14 3 9 10 18 
-6.62216  11.4507  51.1165 255 255 255 3.14 3 9 10 18 
-6.95439   11.602  51.1879 255 255 255 3.14 3 9 10 18 
-9.8392 11.9213 52.7309 255 255 255 3.14 2 9 21 
-9.40721  13.6692  51.8303 255 255 255 3.14 4 9 14 16 21 
-6.1859 14.1632 50.4426 255 255 255 3.14 2 9 10 
-8.24821   17.411  50.2413 255 255 255 3.14 5 9 10 13 18 22 
-8.46823  17.6582  50.3081 255 255 255 3.14 5 9 10 13 18 22 
-8.56341  17.7987  50.2634 255 255 255 3.14 2 9 18 
-8.96917  1.19361  56.5368 255 255 255 3.14 3 9 16 21 
 -10.23 1.53048 58.2525 255 255 255 3.14 4 9 14 16 21 
-4.46505  2.30643    53.55 255 255 255 3.14 2 9 10 
-11.2619  4.00563  58.5177 255 255 255 3.14 3 9 14 16 
-6.48488  8.42386  52.3441 255 255 255 3.14 2 16 21 
-5.65516  9.01368  51.6079 255 255 255 3.14 2 9 10 
-6.03617  9.17654  51.6952 255 255 255 3.14 2 9 10 
-5.59122  9.24922   51.433 255 255 255 3.14 2 9 10 
-7.0077 11.6165  51.168 255 255 255 3.14 3 9 10 18 
-7.17902  11.7645  51.1919 255 255 255 3.14 2 9 18 
-7.35212  11.8794  51.2332 255 255 255 3.14 2 9 18 
-7.40865  12.8495  50.9683 255 255 255 3.14 2 9 18 
-8.45269  17.6236  50.2867 255 255 255 3.14 4 9 10 18 22 
-8.33348  17.9428  50.2088 255 255 255 3.14 2 9 18 
-8.68138  3.81071   55.194 255 255 255 3.14 2 9 10 
-10.6197  4.53278  56.9027 255 255 255 3.14 4 9 14 16 21 
-10.551 4.69276 56.7222 255 255 255 3.14 5 9 14 16 17 21 
-9.45413  4.64904   55.525 255 255 255 3.14 3 9 10 14 
-9.21057  4.82954  55.2559 255 255 255 3.14 4 9 14 16 21 
-3.97078  5.49261  52.4082 255 255 255 3.14 4 9 13 18 22 
-10.4652  5.61258  56.0857 255 255 255 3.14 3 9 16 21 
-6.09231  7.16051  54.2924 255 255 255 3.14 2 9 14 
-5.05233   7.1274  51.9359 255 255 255 3.14 2 9 18 
-4.99002  7.36624    51.85 255 255 255 3.14 2 9 18 
-5.40767  7.34358  52.0043 255 255 255 3.14 3 9 10 18 
-5.58749  7.52094  51.9868 255 255 255 3.14 2 9 10 
-5.7353 7.68831 52.0162 255 255 255 3.14 2 9 10 
-6.01342  7.91463   52.076 255 255 255 3.14 2 9 10 
-5.52921  9.16573  51.5034 255 255 255 3.14 3 9 10 18 
-6.26444  9.16976  51.6823 255 255 255 3.14 2 9 10 
-6.20637  9.24064  51.6737 255 255 255 3.14 2 9 10 
-6.92236  11.4186  51.2373 255 255 255 3.14 2 9 10 
-5.42919  11.8064  50.9708 255 255 255 3.14 5 9 10 13 18 22 
-7.02976  11.6038  51.1833 255 255 255 3.14 3 9 10 18 
-6.65957   11.695  51.0668 255 255 255 3.14 2 9 18 
-6.4984 11.7599 51.0101 255 255 255 3.14 3 9 10 18 
-5.37247  12.0825   50.944 255 255 255 3.14 5 9 10 13 18 22 
-7.25616  11.7874  51.1953 255 255 255 3.14 3 9 10 18 
-6.6999 11.9887 51.0059 255 255 255 3.14 3 9 10 18 
-7.33072  12.6659   51.007 255 255 255 3.14 2 9 10 
-7.34769  13.0125  50.9143 255 255 255 3.14 3 9 10 18 
-6.85595   13.234  50.7643 255 255 255 3.14 2 9 18 
-7.48264  13.1174  50.8984 255 255 255 3.14 2 9 18 
-7.62672  13.3804  50.8469 255 255 255 3.14 3 9 10 18 
-11.1228  14.6338  52.7118 255 255 255 3.14 4 6 9 14 16 
-6.60919  3.80338  53.9727 255 255 255 3.14 2 10 17 
-6.24391  3.96174  53.7519 255 255 255 3.14 6 9 10 13 17 18 22 
-5.89455  4.02995    53.64 255 255 255 3.14 3 9 10 17 
-5.00896  4.81454  52.7845 255 255 255 3.14 5 9 10 13 18 22 
-9.04519  4.93121  55.0275 255 255 255 3.14 4 9 14 16 21 
-10.2928  5.17766  56.0583 255 255 255 3.14 4 9 14 16 21 
-10.8962  6.18259  56.3879 255 255 255 3.14 2 9 21 
-11.2779  6.64694  56.4861 255 255 255 3.14 2 9 21 
-11.1789  7.06959  56.3806 255 255 255 3.14 4 8 14 16 21 
-5.64689  8.28305  51.8048 255 255 255 3.14 2 9 10 
-4.99753  8.97752  51.5637 255 255 255 3.14 2 9 10 
-5.68336  8.93963  51.6584 255 255 255 3.14 2 9 10 
-5.35098  9.06615  51.4842 255 255 255 3.14 3 9 18 22 
-6.71285  9.07078  51.9526 255 255 255 3.14 2 9 10 
-9.63229  9.93272  53.4287 255 255 255 3.14 2 9 21 
-12.0887  10.4958  55.5537 255 255 255 3.14 2 9 16 
-4.86976  11.1556  51.0176 255 255 255 3.14 4 11 13 18 22 
-7.31891  12.9664  50.8993 255 255 255 3.14 2 9 10 
-7.23105  13.1809  50.9876 255 255 255 3.14 3 10 18 22 
-4.87715   4.5278  52.9445 255 255 255 3.14 2 9 10 
-4.96631  5.20999  52.6393 255 255 255 3.14 2 9 10 
-4.28619  5.34069  52.4653 255 255 255 3.14 2 9 10 
-4.74236  5.47933  52.4894 255 255 255 3.14 2 9 10 
-10.0135   5.3239  55.7214 255 255 255 3.14 2 9 14 
-10.6514  5.46864  56.4163 255 255 255 3.14 3 9 14 16 
-6.65232  6.46586  53.0189 255 255 255 3.14 3 9 10 17 
-10.5811  7.57123  55.1867 255 255 255 3.14 2 9 14 
-5.70083  8.37966  51.7957 255 255 255 3.14 3 9 10 18 
-6.70497  10.4533  51.4466 255 255 255 3.14 2 9 10 
-6.30415  11.9298  51.0023 255 255 255 3.14 4 9 10 18 22 
-6.83059  11.8222  51.0862 255 255 255 3.14 3 9 10 18 
-7.06402  13.4913   50.714 255 255 255 3.14 4 9 10 18 22 
-5.42532  4.34145  53.3641 255 255 255 3.14 4 9 10 17 18 
-10.2317  5.39816  55.9229 255 255 255 3.14 3 9 14 16 
-5.51875  5.78897   52.668 255 255 255 3.14 4 8 9 10 17 
-10.9284  6.66413   56.176 255 255 255 3.14 4 4 8 17 21 
-10.7864  7.13644  55.7142 255 255 255 3.14 3 9 14 21 
-6.41042  7.96583  52.1723 255 255 255 3.14 2 9 10 
-5.79766  8.62217  51.7482 255 255 255 3.14 2 9 10 
-10.6947  8.49747  54.8764 255 255 255 3.14 2 9 14 
-5.48514  5.91219  52.6202 255 255 255 3.14 2 9 10 
-6.34892  11.3197  51.4035 255 255 255 3.14 3 9 10 18 
-10.9064  15.8587  52.1383 255 255 255 3.14 2 9 14 
-6.05284  8.79459   51.784 255 255 255 3.14 2 9 10 
-6.32084  2.04234  54.8194 255 255 255 3.14 2 10 17 
-5.00821  4.29787   53.143 255 255 255 3.14 2 10 17 
-4.93482  4.38505  53.0899 255 255 255 3.14 2 10 17 
-4.74552  11.6861  50.9732 255 255 255 3.14 2 10 22 
-4.42237  11.8593  50.8936 255 255 255 3.14 4 10 13 18 22 
-5.32553  12.1531  50.9725 255 255 255 3.14 2 10 18 
-5.27261  12.1433  50.9118 255 255 255 3.14 4 10 13 18 22 
-8.25398   12.686  51.2753 255 255 255 3.14 2 10 18 
-8.05618  12.7223  51.1733 255 255 255 3.14 2 10 18 
-7.95049  13.1098  51.0082 255 255 255 3.14 2 10 18 
-8.50224  14.2203  50.8041 255 255 255 3.14 2 10 18 
-7.42427  14.4049  50.5304 255 255 255 3.14 2 10 18 
-7.52008  14.7867  50.4412 255 255 255 3.14 2 10 18 
-8.32631  14.9789  50.6123 255 255 255 3.14 2 10 18 
-11.0437  16.0113  51.9319 255 255 255 3.14 2 10 18 
-10.8519  16.1488  51.8195 255 255 255 3.14 2 10 18 
-8.5989 15.9163 50.4129 255 255 255 3.14 2 10 18 
-8.82738  15.9396  50.5252 255 255 255 3.14 2 10 18 
-8.53057  15.9355  50.4033 255 255 255 3.14 2 10 18 
-9.5151 16.2362  50.776 255 255 255 3.14 2 10 18 
-9.67244  16.2792  50.8484 255 255 255 3.14 4 10 13 18 22 
-8.37408  16.7565  50.2696 255 255 255 3.14 2 10 18 
-12.2005  17.4461  52.8057 255 255 255 3.14 2 10 18 
-8.36743  16.9972  50.2765 255 255 255 3.14 2 10 18 
-5.95219  17.5939  50.0172 255 255 255 3.14 4 10 13 18 22 
-8.51096  17.4705  50.3017 255 255 255 3.14 2 10 18 
-11.5763  17.8355  52.2202 255 255 255 3.14 2 10 18 
-8.81632  17.6456  50.4016 255 255 255 3.14 2 10 18 
-8.57543  17.6352  50.2864 255 255 255 3.14 2 10 18 
-11.2335  18.0302  51.9458 255 255 255 3.14 2 10 18 
-8.81144  17.7415  50.3822 255 255 255 3.14 4 10 13 18 22 
-7.20737  17.9506  50.1117 255 255 255 3.14 2 10 18 
-8.44095  17.8398   50.283 255 255 255 3.14 3 10 18 22 
-7.60993   18.011   50.249 255 255 255 3.14 2 10 18 
-7.51889  18.0189   50.154 255 255 255 3.14 3 10 18 22 
-7.82981  18.0137  50.2004 255 255 255 3.14 4 10 13 18 22 
-7.68361  18.0478  50.2251 255 255 255 3.14 2 10 22 
-8.04563  17.9898  50.2363 255 255 255 3.14 3 10 13 18 
-10.3988  18.5181  51.3176 255 255 255 3.14 4 10 13 18 22 
-5.17902 0.376951  54.9457 255 255 255 3.14 2 10 16 
-0.91922  2.99879   53.233 255 255 255 3.14 3 10 18 22 
-7.74356  3.71544  54.6675 255 255 255 3.14 2 10 14 
-5.33206  4.02141   53.416 255 255 255 3.14 2 10 17 
-4.99658   4.3631  53.1268 255 255 255 3.14 2 10 17 
-4.62238   4.9865  52.7156 255 255 255 3.14 2 10 17 
-5.54288  8.09248   51.802 255 255 255 3.14 2 10 18 
-4.71838  8.61142  51.4958 255 255 255 3.14 2 10 13 
-4.90347  8.95535  51.4091 255 255 255 3.14 2 10 22 
-7.42471  9.81618  51.9669 255 255 255 3.14 2 10 18 
-11.6613  11.6093  54.1212 255 255 255 3.14 2 10 18 
-8.09115  11.4138  51.7175 255 255 255 3.14 2 10 18 
-7.72711  12.2033  51.2565 255 255 255 3.14 2 10 18 
-11.5984  12.5318  53.6966 255 255 255 3.14 2 10 18 
-7.74117  12.3046  51.2303 255 255 255 3.14 2 10 18 
-11.5706  12.6403  53.6704 255 255 255 3.14 2 10 18 
-7.9569 12.4382 51.2359 255 255 255 3.14 2 10 18 
-8.42913  12.4674  51.4779 255 255 255 3.14 2 10 18 
-8.05632  12.4806  51.3102 255 255 255 3.14 3 10 18 22 
-7.85758  12.4727  51.1909 255 255 255 3.14 2 10 18 
-7.76665  12.5221  51.1777 255 255 255 3.14 2 10 18 
-7.97814  12.5384  51.2405 255 255 255 3.14 2 10 18 
-12.0836  13.0128  54.1894 255 255 255 3.14 2 14 16 
-8.10793  12.5815  51.3344 255 255 255 3.14 2 10 18 
-7.88429  12.5672  51.1816 255 255 255 3.14 2 10 18 
-7.99774  12.6589  51.1835 255 255 255 3.14 2 10 18 
-8.38233  12.7743  51.3524 255 255 255 3.14 2 10 18 
-8.08103  12.7938  51.0809 255 255 255 3.14 2 10 18 
-8.06907  12.9093  51.1097 255 255 255 3.14 2 10 18 
-12.1439  13.3009  53.7963 255 255 255 3.14 2 10 18 
-8.01928  13.0357  51.1187 255 255 255 3.14 2 10 18 
-8.3965 13.0981 51.2886 255 255 255 3.14 2 10 18 
-12.1265  13.4217  53.6492 255 255 255 3.14 3 10 18 22 
-4.8868 13.5899 50.5894 255 255 255 3.14 4 10 13 18 22 
-8.30754  13.5446   51.045 255 255 255 3.14 2 10 18 
-8.45694     13.7  51.0927 255 255 255 3.14 3 10 18 22 
-8.30607  13.6723  50.9539 255 255 255 3.14 2 10 18 
-8.54618  13.7601  51.0859 255 255 255 3.14 2 10 18 
-11.9712  14.1078  53.3474 255 255 255 3.14 2 10 18 
-11.1729  14.4581  52.6252 255 255 255 3.14 2 10 18 
-8.59657  14.2045   50.886 255 255 255 3.14 2 10 18 
-8.40733  14.2259  50.8398 255 255 255 3.14 3 10 18 22 
-11.1326  14.5408  52.5756 255 255 255 3.14 2 10 18 
-12.6122   14.746  53.6499 255 255 255 3.14 2 10 18 
-11.2005  14.6424  52.5951 255 255 255 3.14 2 10 18 
-6.98725  14.6104  50.4844 255 255 255 3.14 2 10 18 
-7.37013  14.7609  50.4244 255 255 255 3.14 2 10 18 
-11.3623  15.0192   52.579 255 255 255 3.14 2 10 18 
-13.503 15.8517 54.5708 255 255 255 3.14 2 10 18 
-12.3966  15.4787  53.2708 255 255 255 3.14 2 10 18 
-6.26653  15.5354  50.2433 255 255 255 3.14 3 10 13 22 
-7.13975  15.7247  50.2621 255 255 255 3.14 4 10 13 18 22 
-8.85501  15.6518  50.5724 255 255 255 3.14 2 10 18 
-7.04794   15.837  50.2419 255 255 255 3.14 4 10 13 18 22 
-8.71488  15.6961  50.5834 255 255 255 3.14 3 10 18 22 
-9.12088  15.7609  50.6928 255 255 255 3.14 2 10 18 
-9.16799  15.8502  50.7086 255 255 255 3.14 2 10 18 
-8.57347  15.8717  50.4567 255 255 255 3.14 2 10 18 
-9.16685  15.9443  50.7303 255 255 255 3.14 3 10 18 22 
-10.9023  16.1929  51.8117 255 255 255 3.14 2 10 18 
-8.93513  16.0042  50.5645 255 255 255 3.14 4 10 13 18 22 
-9.15893  16.0232  50.6744 255 255 255 3.14 2 10 18 
-9.30208  16.0513  50.7182 255 255 255 3.14 2 10 18 
-9.66714  16.0662  50.8884 255 255 255 3.14 2 10 18 
-9.77593  16.1399  50.9337 255 255 255 3.14 2 10 18 
-8.55438  16.1429  50.3569 255 255 255 3.14 2 10 18 
-9.33767  16.1982  50.7018 255 255 255 3.14 4 10 13 18 22 
 -5.408 16.6602 50.0581 255 255 255 3.14 4 10 13 18 22 
-9.59115  16.3036  50.8342 255 255 255 3.14 2 10 18 
-9.43616  16.2715  50.6891 255 255 255 3.14 2 10 18 
-9.34961  16.2893  50.6854 255 255 255 3.14 2 10 18 
-8.47097  16.5369  50.3018 255 255 255 3.14 4 10 13 18 22 
-8.42147  16.6352  50.3249 255 255 255 3.14 2 10 18 
-5.86649  17.0071  50.0559 255 255 255 3.14 2 10 18 
-5.67147  17.2366  49.9426 255 255 255 3.14 4 10 13 18 22 
-5.84676   17.485  50.0008 255 255 255 3.14 3 10 18 22 
-6.70652   17.563   49.996 255 255 255 3.14 3 10 13 22 
-8.47864  17.3862  50.2868 255 255 255 3.14 2 10 18 
-8.38587  17.4332  50.2954 255 255 255 3.14 3 10 18 22 
-8.41471  17.5293  50.2524 255 255 255 3.14 2 10 18 
-8.67128  17.5467  50.3323 255 255 255 3.14 3 10 18 22 
-8.68561  17.6527  50.3848 255 255 255 3.14 2 10 18 
-8.48415  17.6884  50.3471 255 255 255 3.14 4 10 13 18 22 
-8.42758  17.6935  50.3029 255 255 255 3.14 2 10 22 
-7.4627 17.8888  50.182 255 255 255 3.14 4 10 13 18 22 
-7.60254  17.9198  50.2238 255 255 255 3.14 4 10 13 18 22 
-8.0772 17.8446 50.2276 255 255 255 3.14 4 10 13 18 22 
-8.55647  17.8025  50.2848 255 255 255 3.14 2 10 18 
-7.37172  17.9847  50.1882 255 255 255 3.14 3 10 18 22 
-11.1764  18.1107  51.8566 255 255 255 3.14 2 10 18 
-8.88292  17.8081  50.3581 255 255 255 3.14 2 10 18 
-9.23644  17.8619    50.55 255 255 255 3.14 2 10 18 
-7.9409 17.9977 50.1991 255 255 255 3.14 4 10 13 18 22 
-10.1243  18.5303  51.2013 255 255 255 3.14 3 10 18 22 
-10.2506  18.5515  51.2101 255 255 255 3.14 3 10 13 22 
-9.65283   18.548  50.9632 255 255 255 3.14 3 10 18 22 
-10.2263  18.5507   50.955 255 255 255 3.14 2 10 18 
-2.14465 -4.86827  58.7664 255 255 255 3.14 2 10 18 
  -5.1608 0.0445622   55.0379 255 255 255 3.14 4 10 14 16 21 
-5.41329 0.470516  55.1852 255 255 255 3.14 3 10 14 21 
-7.26356 0.704748  55.7065 255 255 255 3.14 2 10 17 
-7.67174  1.13608  55.7583 255 255 255 3.14 2 10 17 
-4.82885  1.64107  54.0955 255 255 255 3.14 2 10 14 
-6.90181  2.36494  54.8663 255 255 255 3.14 2 10 17 
-7.8426 2.33686 55.4308 255 255 255 3.14 2 10 17 
-7.97891  2.33693  55.4757 255 255 255 3.14 2 10 17 
-6.77837  2.52251  54.7861 255 255 255 3.14 2 10 17 
-6.29465  2.55711  54.5552 255 255 255 3.14 2 10 17 
-9.33369  2.48276  56.2586 255 255 255 3.14 2 10 14 
-7.50831  2.55838  55.1916 255 255 255 3.14 2 10 17 
-4.37061  2.86095  53.4257 255 255 255 3.14 2 10 17 
-4.16798   3.1426  53.2372 255 255 255 3.14 2 10 17 
-2.98955  3.28354  52.8025 255 255 255 3.14 2 10 11 
-3.08385  3.37633  52.8099 255 255 255 3.14 3 10 18 22 
-5.67247  3.41145  53.8991 255 255 255 3.14 2 10 17 
-5.43237  4.00128  53.4624 255 255 255 3.14 2 10 17 
-8.4814 3.87298 55.0013 255 255 255 3.14 2 10 17 
-4.89329  4.66425   52.917 255 255 255 3.14 2 10 17 
-3.4283 8.00709 51.7158 255 255 255 3.14 4 10 11 13 22 
-4.71912  8.61233  51.4988 255 255 255 3.14 3 10 13 22 
-6.76286  9.29586  51.8548 255 255 255 3.14 2 10 18 
-7.29818  10.0014  51.8573 255 255 255 3.14 2 10 18 
-4.47564  10.9768  51.1646 255 255 255 3.14 4 10 13 18 22 
-7.02552   10.737  51.4412 255 255 255 3.14 2 10 18 
-11.0199   11.055   53.797 255 255 255 3.14 2 10 18 
-11.8279  11.1857  54.3718 255 255 255 3.14 2 10 18 
-6.57835  11.4431  51.1175 255 255 255 3.14 2 10 18 
-5.07315  11.8533  51.0074 255 255 255 3.14 4 10 13 18 22 
-6.04007  11.7653  51.0295 255 255 255 3.14 3 10 13 18 
-5.31963  11.9791  50.9682 255 255 255 3.14 2 10 22 
-5.2827 12.0801 50.9643 255 255 255 3.14 2 10 18 
-3.69423  12.4299  50.9456 255 255 255 3.14 2 10 13 
-5.36298   12.142  50.9305 255 255 255 3.14 3 10 18 22 
-7.61579  11.9104  51.1803 255 255 255 3.14 2 10 18 
-7.50997  11.9472  51.2129 255 255 255 3.14 2 10 18 
-7.89837  11.9568  51.1547 255 255 255 3.14 2 10 18 
-3.82467  12.6066  50.9195 255 255 255 3.14 4 10 13 18 22 
-7.73876  12.2153   51.248 255 255 255 3.14 2 10 18 
-7.74538   12.294  51.2243 255 255 255 3.14 2 10 18 
-8.19005  12.3883  51.3565 255 255 255 3.14 2 10 18 
-8.04638  12.4724  51.3365 255 255 255 3.14 3 10 18 22 
-8.22783  12.4966  51.3494 255 255 255 3.14 2 10 18 
-7.78034  12.5395  51.1785 255 255 255 3.14 2 10 18 
-7.97919  12.5406  51.2263 255 255 255 3.14 2 10 18 
-8.09655  12.6063   51.368 255 255 255 3.14 2 10 18 
-7.87635  12.5702  51.1688 255 255 255 3.14 2 10 18 
-11.0968  12.8432  53.2566 255 255 255 3.14 2 10 18 
-8.42012   12.623   51.419 255 255 255 3.14 2 10 18 
-8.20768  12.6185  51.3224 255 255 255 3.14 2 10 18 
-7.99078   12.677  51.2117 255 255 255 3.14 2 10 18 
-8.15962  12.6952  51.1388 255 255 255 3.14 2 10 18 
-8.37118  12.7581  51.3571 255 255 255 3.14 2 10 18 
-6.15127  13.0286  50.8063 255 255 255 3.14 3 10 18 22 
-11.139 13.0804 53.0509 255 255 255 3.14 2 10 18 
-7.82254  12.9029  51.1082 255 255 255 3.14 2 10 18 
-12.019 13.2776 53.8486 255 255 255 3.14 2 10 18 
-8.06839  12.9073  51.1257 255 255 255 3.14 2 10 18 
-6.27712   13.103  50.6986 255 255 255 3.14 4 10 13 18 22 
-8.01375  13.0225  51.1021 255 255 255 3.14 2 10 18 
-8.06194  13.1098  51.0445 255 255 255 3.14 2 10 18 
-4.83752  13.5207  50.6363 255 255 255 3.14 4 10 13 18 22 
-8.1866 13.2648 51.1038 255 255 255 3.14 2 10 18 
-8.49471  13.6016  51.1042 255 255 255 3.14 2 10 18 
-8.21505  13.6105  50.9908 255 255 255 3.14 2 10 18 
-8.3901 13.6458 51.0474 255 255 255 3.14 2 10 18 
-5.1939 14.0195 50.5104 255 255 255 3.14 4 10 13 18 22 
-8.30905  13.6903  50.9606 255 255 255 3.14 2 10 18 
-8.54885   13.745  51.0967 255 255 255 3.14 2 10 18 
-10.7657  13.9538  52.4135 255 255 255 3.14 2 10 18 
-12.1753  14.2085  53.4296 255 255 255 3.14 2 10 18 
-12.0329  14.3441  53.2965 255 255 255 3.14 2 10 18 
-6.3056 14.2629 50.4448 255 255 255 3.14 2 10 18 
-8.47986  14.1655  50.9228 255 255 255 3.14 2 10 18 
-6.2524  14.455 50.4195 255 255 255 3.14 4 10 13 18 22 
-8.29142  14.1942  50.6443 255 255 255 3.14 2 10 18 
-8.13507  14.2845  50.7227 255 255 255 3.14 2 10 18 
-8.01185   14.329  50.7337 255 255 255 3.14 2 10 18 
-7.32122  14.4979  50.5148 255 255 255 3.14 2 10 18 
-11.4273  14.7231  52.6626 255 255 255 3.14 2 10 18 
-6.99095  14.6121   50.473 255 255 255 3.14 2 10 18 
-6.0361  14.836 50.3349 255 255 255 3.14 4 10 13 18 22 
-8.25115  14.6521  50.7234 255 255 255 3.14 2 10 18 
-7.36729  14.7695  50.4731 255 255 255 3.14 3 10 18 22 
-7.90348  14.7399  50.5944 255 255 255 3.14 2 10 18 
-7.46897  14.8556  50.4849 255 255 255 3.14 2 10 18 
 -7.715 14.8751 50.5426 255 255 255 3.14 2 10 18 
-8.4484 14.8885 50.6006 255 255 255 3.14 3 10 13 22 
-8.40522  15.0059  50.6008 255 255 255 3.14 2 10 18 
-6.68305  15.4605    50.27 255 255 255 3.14 4 10 13 18 22 
-8.71115  15.3259   50.591 255 255 255 3.14 2 10 18 
-8.70625  15.6986  50.5934 255 255 255 3.14 3 10 18 22 
-7.13964  15.8134  50.2307 255 255 255 3.14 4 10 13 18 22 
-7.03354  15.8427  50.2385 255 255 255 3.14 4 10 13 18 22 
-7.2383 15.8248 50.2014 255 255 255 3.14 4 10 13 18 22 
-8.66788  15.7841  50.5233 255 255 255 3.14 3 10 18 22 
-9.15359   15.869  50.7041 255 255 255 3.14 2 10 18 
-8.85071  15.8903  50.6085 255 255 255 3.14 2 10 18 
-8.56851  15.8629  50.4569 255 255 255 3.14 2 10 18 
-9.27868  15.8496  50.6878 255 255 255 3.14 2 10 18 
-8.99145  15.8686  50.6039 255 255 255 3.14 4 10 13 18 22 
-9.45195  15.9618  50.8019 255 255 255 3.14 2 10 18 
-9.02314  15.9892  50.5812 255 255 255 3.14 4 10 13 18 22 
-9.16693  16.0346  50.6776 255 255 255 3.14 2 10 18 
-9.66537  16.0572  50.8696 255 255 255 3.14 2 10 18 
-9.55028  16.0769  50.8541 255 255 255 3.14 2 10 18 
-9.7797 16.1342 50.9514 255 255 255 3.14 2 10 18 
-9.31521  16.2022  50.7598 255 255 255 3.14 2 10 18 
-8.56039  16.1516  50.3532 255 255 255 3.14 2 10 18 
-9.51664  16.2159  50.8373 255 255 255 3.14 2 10 18 
-10.5215  16.4741   51.582 255 255 255 3.14 2 10 18 
-9.58474  16.3016  50.8226 255 255 255 3.14 2 10 18 
-10.5384  16.8088  51.6691 255 255 255 3.14 2 10 18 
 -5.123 17.1914 49.9496 255 255 255 3.14 4 10 13 18 22 
-11.2653  17.1617  52.1986 255 255 255 3.14 2 10 18 
 -5.074 17.3014 49.9032 255 255 255 3.14 4 10 13 18 22 
-12.3187  17.3945  52.9017 255 255 255 3.14 2 10 18 
-5.72405  17.2504  49.9784 255 255 255 3.14 4 10 13 18 22 
-5.27663  17.3564  49.9459 255 255 255 3.14 3 10 13 22 
-12.1766  17.5089  52.8357 255 255 255 3.14 2 10 18 
-5.88788  17.3225  49.9266 255 255 255 3.14 4 10 13 18 22 
-5.7113 17.3691 49.9528 255 255 255 3.14 4 10 13 18 22 
-8.25584  17.0958  50.2791 255 255 255 3.14 2 10 22 
-5.85823  17.4742  49.9782 255 255 255 3.14 4 10 13 18 22 
-5.73544  17.5035  49.9929 255 255 255 3.14 4 10 13 18 22 
-8.4284 17.3275 50.2815 255 255 255 3.14 2 10 18 
-6.70067  17.5811  50.0295 255 255 255 3.14 2 10 18 
-6.82613  17.5613  50.0112 255 255 255 3.14 4 10 13 18 22 
-6.57631  17.6429  50.0657 255 255 255 3.14 4 10 13 18 22 
-6.77099  17.6826  49.9747 255 255 255 3.14 2 10 18 
-8.43156  17.5321   50.219 255 255 255 3.14 2 10 18 
-11.4922  17.9287  52.1836 255 255 255 3.14 2 10 18 
-11.3752  17.9323  52.1163 255 255 255 3.14 2 10 18 
-11.1764  17.9151   51.887 255 255 255 3.14 2 10 18 
-11.3412  18.0288  52.0176 255 255 255 3.14 2 10 18 
-7.46229  17.8774  50.1815 255 255 255 3.14 4 10 13 18 22 
-8.18261  17.8004  50.2534 255 255 255 3.14 3 10 18 22 
-7.81461  17.8581  50.1999 255 255 255 3.14 4 10 13 18 22 
-7.60063   17.906  50.2245 255 255 255 3.14 4 10 13 18 22 
-8.08473  17.8194   50.202 255 255 255 3.14 4 10 13 18 22 
-10.8888  18.1255  51.6989 255 255 255 3.14 2 10 18 
-7.94472  18.0178  50.2102 255 255 255 3.14 4 10 13 18 22 
-9.73751  18.5934  50.9157 255 255 255 3.14 4 10 13 18 22 
-2.98436 -4.11737  58.0077 255 255 255 3.14 2 10 18 
-5.19818  0.54969  54.9188 255 255 255 3.14 3 10 16 21 
-7.05195 0.529219  55.6664 255 255 255 3.14 2 10 17 
 -7.6857 0.990549  55.8043 255 255 255 3.14 2 10 17 
-4.76303  1.22721  54.1841 255 255 255 3.14 4 8 9 10 14 
-7.88606  1.03407  55.8633 255 255 255 3.14 2 10 17 
-8.14529  1.12042  55.9127 255 255 255 3.14 2 10 17 
-7.65965  1.16326  55.7462 255 255 255 3.14 2 10 17 
-7.85412  1.19234   55.803 255 255 255 3.14 2 10 17 
 -4.803 1.48529 54.3314 255 255 255 3.14 2 10 17 
-3.73807  1.62976  53.4442 255 255 255 3.14 2 10 11 
-10.2646   1.8576  58.1012 255 255 255 3.14 2 10 14 
-6.91266  2.32665  54.8759 255 255 255 3.14 2 10 17 
-6.09392  2.47575  54.5403 255 255 255 3.14 2 10 17 
-8.16326  2.39493  55.5127 255 255 255 3.14 2 10 17 
-4.45534  2.65404  53.5483 255 255 255 3.14 2 10 17 
-4.19134  2.68949  53.3804 255 255 255 3.14 2 10 17 
-6.46985  2.59683  54.6118 255 255 255 3.14 2 10 17 
-7.52243  2.59874   55.179 255 255 255 3.14 2 10 17 
-4.12206  2.87046  53.3057 255 255 255 3.14 2 10 17 
-8.1707  2.6812 55.4255 255 255 255 3.14 2 10 17 
-2.88904  3.35753  52.7651 255 255 255 3.14 4 10 13 18 22 
-7.64719  3.62879  54.6472 255 255 255 3.14 4 10 14 16 21 
-5.45595  4.03588  53.4671 255 255 255 3.14 2 10 17 
-5.03144  4.39614  53.1269 255 255 255 3.14 2 10 17 
-4.86736  4.64201  52.9231 255 255 255 3.14 2 10 17 
-4.8728 4.81142 52.8729 255 255 255 3.14 2 10 17 
-4.6979 4.88049 52.7511 255 255 255 3.14 2 10 17 
-1.75209  5.39269   52.647 255 255 255 3.14 2 11 19 
-11.7255  5.23542  57.9373 255 255 255 3.14 2 10 18 
-8.90134  5.08049  54.7732 255 255 255 3.14 2 10 14 
-3.47829  5.74638  52.2434 255 255 255 3.14 2 10 13 
-3.40668  8.16635  51.7017 255 255 255 3.14 4 10 13 18 22 
-4.70498  8.42023  51.5225 255 255 255 3.14 2 10 22 
-4.7953 8.78422 51.4527 255 255 255 3.14 3 10 18 22 
-5.11696  9.13503  51.5721 255 255 255 3.14 2 10 18 
-5.27807  9.17031   51.429 255 255 255 3.14 2 10 18 
-7.46394  9.99378  52.1301 255 255 255 3.14 2 10 18 
-7.28039  10.1852  51.8123 255 255 255 3.14 2 10 18 
-4.57336  10.7264  51.2382 255 255 255 3.14 4 10 13 18 22 
-4.39334  10.7909  51.2126 255 255 255 3.14 3 10 18 22 
-6.96409  10.5747  51.4755 255 255 255 3.14 2 10 18 
-4.61397  10.9963   51.144 255 255 255 3.14 4 10 13 18 22 
-7.89313  10.8257  51.7597 255 255 255 3.14 2 10 17 
-4.56903  11.1711  51.0707 255 255 255 3.14 4 10 13 18 22 
-7.72252  11.1896  51.4749 255 255 255 3.14 2 10 18 
-4.48882  11.5591  50.9683 255 255 255 3.14 4 10 13 18 22 
-4.49968  11.6816  50.9378 255 255 255 3.14 4 10 13 18 22 
-8.10586  11.4844  51.7077 255 255 255 3.14 2 10 18 
-4.70311   11.784  50.9695 255 255 255 3.14 4 10 13 18 22 
-4.57114  11.9201  50.9194 255 255 255 3.14 4 10 13 18 22 
-7.70641  11.5644  51.3439 255 255 255 3.14 3 10 18 22 
-4.37513  11.9774  50.8996 255 255 255 3.14 2 10 13 
-5.72761  11.8027   51.022 255 255 255 3.14 2 10 18 
-5.85229  11.8356  51.0971 255 255 255 3.14 4 10 13 18 22 
-6.03569  11.8259  51.0784 255 255 255 3.14 2 10 22 
-5.47713  11.9244    51.05 255 255 255 3.14 4 10 13 18 22 
-5.61584  11.9125  51.0093 255 255 255 3.14 5 10 11 13 18 22 
-5.32731  12.0786  50.9429 255 255 255 3.14 4 10 13 18 22 
-7.47561  11.9162  51.1907 255 255 255 3.14 2 10 18 
-7.6257 12.1111 51.2966 255 255 255 3.14 2 10 18 
-11.1029  12.3572  53.4776 255 255 255 3.14 2 10 18 
-5.67104  12.3348  50.9141 255 255 255 3.14 2 10 13 
-7.76516  12.2513   51.237 255 255 255 3.14 2 10 18 
-7.69735  12.4317  51.2253 255 255 255 3.14 2 10 18 
-8.07101   12.596  51.3135 255 255 255 3.14 2 10 18 
-7.2244 12.6564 50.9133 255 255 255 3.14 2 10 18 
-10.8209  12.9427  52.9404 255 255 255 3.14 2 10 18 
-8.03271   12.748  51.1172 255 255 255 3.14 2 10 18 
-8.22104  12.7786  51.1841 255 255 255 3.14 2 10 18 
-7.82546  12.8705  51.1182 255 255 255 3.14 2 10 18 
-8.14305  13.0688  51.0617 255 255 255 3.14 2 10 18 
-7.9169 13.0887 51.0457 255 255 255 3.14 2 10 18 
-8.02376  13.2652  51.0705 255 255 255 3.14 2 10 18 
-8.20825   13.313  51.0922 255 255 255 3.14 2 10 18 
-7.60824  13.3799  50.8882 255 255 255 3.14 2 10 18 
-5.24501   13.806  50.5402 255 255 255 3.14 4 10 13 18 22 
-8.23627  13.5708   51.011 255 255 255 3.14 2 10 18 
-5.64836  13.8796  50.5108 255 255 255 3.14 2 10 18 
-8.39322  13.7059  51.1212 255 255 255 3.14 2 10 18 
-8.55759   13.712  51.1203 255 255 255 3.14 2 10 18 
-7.94117  13.9578  50.7125 255 255 255 3.14 2 10 18 
  -7.94 14.0681 50.6984 255 255 255 3.14 2 10 18 
-8.1386 14.2392 50.7335 255 255 255 3.14 2 10 18 
-8.31627  14.2596  50.7765 255 255 255 3.14 3 10 18 22 
-7.95944  14.3017  50.7215 255 255 255 3.14 2 10 18 
-5.99173  14.5841  50.4213 255 255 255 3.14 4 10 13 18 22 
-8.19416  14.4384  50.6951 255 255 255 3.14 3 10 18 22 
-7.01148  14.6053  50.4549 255 255 255 3.14 2 10 18 
-8.01114  14.5534  50.6524 255 255 255 3.14 4 10 13 18 22 
-8.32909  14.5645  50.7156 255 255 255 3.14 3 10 18 22 
-6.06597  14.8543  50.3382 255 255 255 3.14 4 10 13 18 22 
-8.21456  14.6549   50.601 255 255 255 3.14 4 10 13 18 22 
-7.88201   14.714  50.6124 255 255 255 3.14 3 10 18 22 
-8.54023  14.6665    50.74 255 255 255 3.14 3 10 13 22 
-8.03351  14.7091  50.5817 255 255 255 3.14 4 10 13 18 22 
-6.02996  15.0502  50.3287 255 255 255 3.14 4 10 13 18 22 
-8.51931  14.7986  50.6427 255 255 255 3.14 4 10 13 18 22 
-8.5666 15.0278 50.6144 255 255 255 3.14 2 10 18 
-6.44791  15.5333  50.2959 255 255 255 3.14 3 10 18 22 
-14.2667  16.4624  54.5404 255 255 255 3.14 3 10 13 18 
-8.68612  15.6925   50.578 255 255 255 3.14 2 10 18 
-9.31219   15.821  50.6439 255 255 255 3.14 2 10 18 
-9.14686  15.8765  50.6625 255 255 255 3.14 2 10 18 
-8.82635  15.8868  50.5672 255 255 255 3.14 2 10 18 
-13.3618  16.7012  54.0671 255 255 255 3.14 2 10 18 
-9.33799  16.0032  50.6265 255 255 255 3.14 2 10 18 
-8.90425  16.0474  50.5711 255 255 255 3.14 2 10 18 
-9.16924  16.0427   50.596 255 255 255 3.14 2 10 18 
-8.71698  16.0283  50.3906 255 255 255 3.14 2 10 18 
-8.58162  16.1679  50.3351 255 255 255 3.14 2 10 18 
-9.23864   16.264  50.6017 255 255 255 3.14 2 10 18 
-11.2407   17.215  52.2176 255 255 255 3.14 2 10 18 
-5.7136 17.1915 49.9559 255 255 255 3.14 4 10 13 18 22 
-5.75256  17.3496  49.9224 255 255 255 3.14 4 10 13 18 22 
-6.03715  17.4708   50.007 255 255 255 3.14 3 10 18 22 
-8.46085  17.3091  50.2684 255 255 255 3.14 2 10 18 
-6.64895  17.5338  50.0094 255 255 255 3.14 3 10 13 22 
-6.84255  17.5257  50.0103 255 255 255 3.14 4 10 13 18 22 
-11.5028  17.9236  52.1548 255 255 255 3.14 2 10 18 
-11.3567  18.0533  52.0285 255 255 255 3.14 2 10 18 
-8.15513  17.7893  50.2479 255 255 255 3.14 3 10 18 22 
-8.3894  17.793 50.2858 255 255 255 3.14 2 10 18 
-8.58646  17.8457  50.2982 255 255 255 3.14 2 10 22 
-8.0234 18.1669 50.2048 255 255 255 3.14 2 10 13 
-8.2506 18.1453 50.1983 255 255 255 3.14 2 10 22 
-9.6652 18.3509 50.8544 255 255 255 3.14 3 10 13 22 
-3.22323 0.828168  53.9208 255 255 255 3.14 2 10 17 
-4.21547  2.06794  53.6372 255 255 255 3.14 2 10 17 
-4.2703 2.28776 53.5919 255 255 255 3.14 2 10 17 
-4.10959  2.81498  53.3211 255 255 255 3.14 2 10 17 
-5.83341    3.584  53.9164 255 255 255 3.14 2 10 17 
-5.96064  4.10368  53.6098 255 255 255 3.14 3 10 17 18 
-5.05325  4.18749  53.2251 255 255 255 3.14 2 10 17 
-9.44742  4.34737  55.6503 255 255 255 3.14 3 10 16 21 
-4.65552    4.867  52.7404 255 255 255 3.14 3 10 17 18 
-2.32801  5.28711  52.6158 255 255 255 3.14 2 10 13 
-2.1487 5.39514 52.5283 255 255 255 3.14 2 10 13 
-4.89887  5.13408  52.7286 255 255 255 3.14 4 10 17 18 22 
-2.34454  5.44729  52.4561 255 255 255 3.14 2 11 13 
-5.09508   5.1852  52.7274 255 255 255 3.14 2 10 17 
-4.80076  5.25552  52.4018 255 255 255 3.14 3 10 18 22 
-4.4556 5.40667 52.3026 255 255 255 3.14 2 10 18 
-4.76918  5.45653  52.5147 255 255 255 3.14 3 10 17 18 
-3.28522  5.63921  52.3491 255 255 255 3.14 3 10 11 22 
-3.41719  5.87066  52.3748 255 255 255 3.14 2 10 13 
-3.63964  5.86485  52.1511 255 255 255 3.14 5 10 11 13 18 22 
-3.85936  6.02947  52.0739 255 255 255 3.14 5 10 11 13 18 22 
-3.7456 6.12557 52.0692 255 255 255 3.14 4 10 13 18 22 
-3.56316  6.28954  52.0655 255 255 255 3.14 3 10 13 22 
-3.66094  6.28603  52.0563 255 255 255 3.14 4 10 13 18 22 
-4.93345   7.4859  51.7764 255 255 255 3.14 2 10 18 
-9.26247  8.02104  53.6783 255 255 255 3.14 2 10 13 
-3.56475  8.41989  51.7423 255 255 255 3.14 5 10 11 13 18 22 
-6.35664  8.13713  52.1173 255 255 255 3.14 2 10 18 
-3.78228  8.90373  51.5853 255 255 255 3.14 4 10 13 18 22 
-4.80691   8.7919  51.4529 255 255 255 3.14 3 10 18 22 
-4.96154  8.95231  51.4583 255 255 255 3.14 3 10 18 22 
-7.31433  10.1813  51.7652 255 255 255 3.14 2 10 18 
-11.3174  10.6156  54.3554 255 255 255 3.14 2 10 18 
-4.80205  11.0918  51.0821 255 255 255 3.14 4 10 13 18 22 
-7.74826  11.2184  51.4837 255 255 255 3.14 2 10 18 
-4.5247 11.6168 50.9905 255 255 255 3.14 4 10 13 18 22 
-8.11711  11.5284  51.6824 255 255 255 3.14 2 10 18 
-5.64874  11.7952  51.2029 255 255 255 3.14 2 10 22 
-4.5722 11.9397 50.9147 255 255 255 3.14 4 10 13 18 22 
 -7.789 11.6391 51.5259 255 255 255 3.14 2 10 18 
-5.87375  11.7953  51.0071 255 255 255 3.14 3 10 18 22 
-5.46127  11.8966  50.9694 255 255 255 3.14 4 10 13 18 22 
-5.62482  11.8987  50.9789 255 255 255 3.14 4 10 13 18 22 
-5.91625  11.8737  50.9864 255 255 255 3.14 3 10 18 22 
-5.06181  12.0052  50.9144 255 255 255 3.14 4 10 13 18 22 
-9.97205  11.9773  52.7338 255 255 255 3.14 2 10 22 
-7.48881  11.9209  51.2084 255 255 255 3.14 2 10 18 
 -8.095 11.9955 51.6383 255 255 255 3.14 2 10 18 
-7.95389  12.1735  51.3471 255 255 255 3.14 2 10 18 
-7.79966  12.2644  51.2259 255 255 255 3.14 2 10 18 
-11.1494  12.5303   53.374 255 255 255 3.14 2 10 18 
-7.08875  12.6192  51.0699 255 255 255 3.14 2 10 18 
-8.06104  12.5776  51.2894 255 255 255 3.14 2 10 18 
-7.85316  12.6203  51.1452 255 255 255 3.14 2 10 18 
-8.29064  12.6164  51.3073 255 255 255 3.14 2 10 18 
-6.1819 12.8714 50.8388 255 255 255 3.14 4 10 13 18 22 
-8.24324  12.7972  51.1611 255 255 255 3.14 2 10 18 
-7.43353  12.8548  50.9933 255 255 255 3.14 2 10 18 
-6.71954  13.0207  50.8572 255 255 255 3.14 2 10 18 
-6.4454 13.0344  50.755 255 255 255 3.14 4 10 13 18 22 
-7.27409  13.0412  50.8199 255 255 255 3.14 2 10 18 
-7.93265  13.0446  51.0734 255 255 255 3.14 2 10 18 
-8.1803 13.0395 51.0049 255 255 255 3.14 2 10 18 
-7.57582  13.1135  50.9455 255 255 255 3.14 2 10 18 
-7.9996 13.3178 51.0934 255 255 255 3.14 2 10 18 
-8.23493  13.4022  51.1593 255 255 255 3.14 2 10 18 
-7.6316 13.5342  50.839 255 255 255 3.14 2 10 18 
-8.2407 13.5488 51.0701 255 255 255 3.14 2 10 18 
-7.74354  13.6027  50.8152 255 255 255 3.14 2 10 18 
-7.40852  13.7828  50.8024 255 255 255 3.14 2 10 18 
-8.37302  13.7486  51.0894 255 255 255 3.14 2 10 18 
-5.62065  14.0454  50.5278 255 255 255 3.14 4 10 13 18 22 
-7.93969  13.9465  50.7207 255 255 255 3.14 2 10 18 
-8.36921  13.8766  50.3766 255 255 255 3.14 2 10 18 
-7.91886    14.26  50.7038 255 255 255 3.14 2 10 18 
-8.33466   14.248  50.7206 255 255 255 3.14 2 10 18 
-8.22148  14.4263    50.68 255 255 255 3.14 2 10 18 
-7.97271  14.5328  50.6356 255 255 255 3.14 4 10 13 18 22 
-8.2244 14.6785 50.5837 255 255 255 3.14 4 10 13 18 22 
-7.76098  14.8579  50.5656 255 255 255 3.14 3 10 18 22 
-9.18248  14.8436  51.1161 255 255 255 3.14 2 10 18 
-8.57922  14.8466  50.6744 255 255 255 3.14 4 10 13 18 22 
-8.64267  15.4279   50.527 255 255 255 3.14 2 10 18 
-5.62345  17.0624  50.0299 255 255 255 3.14 4 10 13 18 22 
-4.85226  17.1606  49.8603 255 255 255 3.14 2 10 13 
-12.0816  17.4798  52.9295 255 255 255 3.14 2 10 18 
-8.22374  17.6055   50.222 255 255 255 3.14 4 10 13 18 22 
-8.16529  17.7799  50.3121 255 255 255 3.14 4 10 13 18 22 
-8.14159   17.966  50.2302 255 255 255 3.14 4 10 13 18 22 
-7.90573  18.0189  50.1382 255 255 255 3.14 2 10 18 
-8.02186   18.171  50.2111 255 255 255 3.14 2 10 22 
-5.44174   4.1293  53.4734 255 255 255 3.14 2 10 17 
-9.00202  4.14268  55.3284 255 255 255 3.14 2 10 18 
-9.5286 4.38392 55.7088 255 255 255 3.14 3 10 14 16 
-2.39548  5.45252  52.8967 255 255 255 3.14 2 10 13 
-2.99952    5.392  52.5802 255 255 255 3.14 2 10 11 
-3.22533  5.60407  52.3629 255 255 255 3.14 2 10 13 
-2.99926  5.60045  52.1471 255 255 255 3.14 2 10 13 
-3.94413  5.55089  52.2394 255 255 255 3.14 4 10 13 18 22 
-3.59184  5.90018  52.1556 255 255 255 3.14 5 10 11 13 18 22 
-3.93299  6.14979  52.0435 255 255 255 3.14 2 10 22 
-4.9024 8.87158 51.5533 255 255 255 3.14 2 10 18 
-7.61333   9.0093    52.53 255 255 255 3.14 2 10 18 
-5.87923  11.6678  51.2012 255 255 255 3.14 4 10 13 18 22 
-5.45991  11.7054  50.9231 255 255 255 3.14 4 10 13 18 22 
-7.78844    11.57  51.5476 255 255 255 3.14 2 10 18 
-11.3605  11.9447  53.8458 255 255 255 3.14 2 10 18 
-5.75118  11.8068   50.824 255 255 255 3.14 2 10 18 
-5.03584  12.0477  50.9043 255 255 255 3.14 4 10 13 18 22 
-5.48541  12.0859  50.9183 255 255 255 3.14 4 10 13 18 22 
-8.05636   11.928  51.6523 255 255 255 3.14 2 10 18 
-6.75582  11.9528  50.9679 255 255 255 3.14 2 10 18 
-11.0845  12.3826  53.5588 255 255 255 3.14 2 10 18 
-7.55595  12.1705  51.2942 255 255 255 3.14 2 10 18 
-7.03566  12.5582  50.9425 255 255 255 3.14 2 10 18 
-8.29695  12.8655  51.1893 255 255 255 3.14 2 10 18 
-7.96109  12.9309  51.1213 255 255 255 3.14 2 10 18 
-7.56988  12.9214  50.9888 255 255 255 3.14 2 10 18 
-6.48608  13.1253  50.7275 255 255 255 3.14 4 10 13 18 22 
-8.23893   13.089     51.1 255 255 255 3.14 2 10 18 
-7.95104  13.4041  51.1565 255 255 255 3.14 2 10 18 
-7.09307  13.4768  50.8288 255 255 255 3.14 2 10 18 
-8.34447  13.7444  50.8829 255 255 255 3.14 2 10 18 
-8.09657  13.8184  50.7357 255 255 255 3.14 2 10 18 
-7.7687 14.0548 50.6144 255 255 255 3.14 2 10 18 
-8.17449   14.108  50.7664 255 255 255 3.14 2 10 18 
-8.35012  14.3447  50.5972 255 255 255 3.14 2 10 18 
-7.80839  14.5034  50.5049 255 255 255 3.14 4 10 13 18 22 
-8.67608   14.742  50.9383 255 255 255 3.14 2 10 18 
-8.27023  14.8253   50.679 255 255 255 3.14 2 10 18 
-8.88294  15.7401  50.5447 255 255 255 3.14 2 10 18 
-13.3546   16.722  53.9213 255 255 255 3.14 2 10 18 
-8.72524  16.0991  50.2224 255 255 255 3.14 2 10 18 
-4.89226  17.1251  49.9067 255 255 255 3.14 2 10 13 
-12.8827  17.6726  53.0295 255 255 255 3.14 2 10 18 
-8.29145  17.2752  50.2781 255 255 255 3.14 2 10 18 
-8.61542  17.2722  50.1793 255 255 255 3.14 2 10 18 
-8.15854  17.5953  50.2373 255 255 255 3.14 4 10 13 18 22 
-6.88646  17.8704  50.2577 255 255 255 3.14 2 10 22 
-7.45296    17.83  50.1193 255 255 255 3.14 2 10 18 
-7.58308  18.1208  50.1344 255 255 255 3.14 2 10 13 
-2.93428  5.64238  52.3723 255 255 255 3.14 3 10 11 22 
-4.57503  5.58411  52.0965 255 255 255 3.14 2 10 18 
-3.07774  5.86299  52.1606 255 255 255 3.14 2 10 22 
-3.52698  5.93903  52.1574 255 255 255 3.14 4 10 11 13 22 
-2.59866  6.08937  52.4187 255 255 255 3.14 4 10 11 13 22 
-3.75971  6.31934  52.0292 255 255 255 3.14 3 10 11 18 
-3.95882  6.30132  51.9993 255 255 255 3.14 3 10 11 22 
-3.43866  6.61575  52.0268 255 255 255 3.14 5 10 11 13 18 22 
-3.59109  7.19548  51.8998 255 255 255 3.14 5 10 11 13 18 22 
-4.92381  8.78746  51.3158 255 255 255 3.14 3 10 18 22 
-5.21643   9.1258  51.9485 255 255 255 3.14 2 10 18 
-5.57117  9.31057  51.7542 255 255 255 3.14 2 10 18 
-3.55427   9.6318  51.4861 255 255 255 3.14 4 10 13 18 22 
2.24722 15.7419 64.6458 255 255 255 3.14 2 10 18 
-4.81859  10.8035  51.2687 255 255 255 3.14 4 10 13 18 22 
-10.5425  11.1178  53.5722 255 255 255 3.14 2 10 13 
-5.67286   11.211  51.1096 255 255 255 3.14 2 10 18 
-11.1062  12.3787  53.6667 255 255 255 3.14 2 10 18 
-7.52275  12.2102  51.2609 255 255 255 3.14 2 10 18 
-7.0402 12.5972  51.001 255 255 255 3.14 2 10 18 
-7.10869  13.0299  50.8719 255 255 255 3.14 2 10 18 
-7.89131  13.3841  50.9969 255 255 255 3.14 2 10 18 
-7.72322  13.3989  50.7241 255 255 255 3.14 2 10 18 
-8.39234  14.4188  50.7109 255 255 255 3.14 2 10 18 
-8.83003  14.7174  50.8322 255 255 255 3.14 2 10 18 
-8.28182  14.9171  50.7391 255 255 255 3.14 4 10 13 18 22 
-5.57287  5.08625  52.8388 255 255 255 3.14 2 10 17 
-7.13505  3.72287  54.3113 255 255 255 3.14 2 10 17 
-9.00649  4.56076  55.1996 255 255 255 3.14 4 10 14 16 21 
-3.93424  5.07432  51.8477 255 255 255 3.14 2 18 22 
-2.91572  5.47051  52.2672 255 255 255 3.14 3 10 11 13 
-2.54596  5.87218  52.5699 255 255 255 3.14 2 10 22 
-4.14202   5.7241   52.144 255 255 255 3.14 4 10 13 18 22 
-3.4094 6.08106 52.1648 255 255 255 3.14 5 10 11 13 18 22 
-3.37625  6.41125  52.0828 255 255 255 3.14 5 10 11 13 18 22 
-3.70732  9.63576  51.4893 255 255 255 3.14 4 10 13 18 22 
-6.33774  11.2741  51.1603 255 255 255 3.14 4 10 13 18 22 
-6.87564  11.8644  50.9966 255 255 255 3.14 2 10 18 
-5.81353   12.123  50.8923 255 255 255 3.14 4 10 13 18 22 
-7.45278  12.3217   51.222 255 255 255 3.14 2 10 18 
-6.90139  12.8239  50.9826 255 255 255 3.14 3 10 18 22 
-6.99314  13.6273  50.8681 255 255 255 3.14 2 10 18 
-8.28599  13.8666  50.7912 255 255 255 3.14 2 10 18 
-4.93374  16.9457   49.981 255 255 255 3.14 4 10 13 18 22 
-4.48946  5.03976  52.9131 255 255 255 3.14 2 10 18 
-4.23668  5.82704  52.1444 255 255 255 3.14 4 10 13 18 22 
-3.29074  6.19873  52.1478 255 255 255 3.14 4 10 13 18 22 
-3.75965   7.1637  51.9283 255 255 255 3.14 4 10 13 18 22 
-3.30963  7.82292  51.8878 255 255 255 3.14 3 10 18 22 
-3.49961  8.70876  51.7887 255 255 255 3.14 2 10 18 
-4.67664  10.5175  51.3485 255 255 255 3.14 2 10 22 
-6.05544  12.1732  50.9632 255 255 255 3.14 3 10 18 22 
-8.84419  12.2814  51.7288 255 255 255 3.14 2 10 18 
-9.08096   17.806  50.5178 255 255 255 3.14 2 10 18 
-12.054 13.0522 53.8263 255 255 255 3.14 2 10 18 
-6.15983  14.4256  50.4003 255 255 255 3.14 2 10 18 
-3.1763  3.2554 52.8689 255 255 255 3.14 2 10 13 
-2.95793  7.94996  51.9464 255 255 255 3.14 3 10 13 22 
-1.54247  1.92858   53.256 255 255 255 3.14 2 11 19 
-3.03576  11.9698  51.2388 255 255 255 3.14 2 11 19 
-3.25842  12.0323   51.032 255 255 255 3.14 2 11 19 
-3.2108 12.0684 51.0831 255 255 255 3.14 2 11 19 
-3.29795  12.7246  51.0426 255 255 255 3.14 2 11 19 
-3.24932  12.7419  51.0735 255 255 255 3.14 2 11 19 
-3.51621  12.7288  50.8163 255 255 255 3.14 2 11 19 
-2.1317 4.09653  52.718 255 255 255 3.14 4 11 13 18 22 
-3.05079  11.8868  51.2539 255 255 255 3.14 2 11 19 
-5.22185   11.758  50.9174 255 255 255 3.14 2 11 19 
-3.2163 12.0024   51.09 255 255 255 3.14 2 11 19 
-3.07165  12.1208   51.221 255 255 255 3.14 2 11 19 
-3.12901  12.1645  51.1574 255 255 255 3.14 2 11 19 
-3.3156 12.5585 50.9822 255 255 255 3.14 2 11 19 
-3.28304   12.674  51.0601 255 255 255 3.14 2 11 19 
-4.18217  13.0249  50.7632 255 255 255 3.14 4 11 13 18 22 
-4.23016  14.2509   50.556 255 255 255 3.14 2 11 19 
-4.10854  14.4515  50.5911 255 255 255 3.14 2 11 19 
-4.29978  15.2866  50.4195 255 255 255 3.14 2 11 19 
-2.16374  1.92276  53.1083 255 255 255 3.14 4 11 13 18 22 
-2.0384 1.98624 53.1217 255 255 255 3.14 4 11 13 18 22 
-2.52011  2.70957  52.9594 255 255 255 3.14 3 11 13 22 
-2.69753  2.74706  52.9338 255 255 255 3.14 4 11 13 18 22 
-2.68486   2.8783  52.9146 255 255 255 3.14 3 11 13 18 
-2.57694  2.98236  52.8726 255 255 255 3.14 3 11 18 22 
-3.58247  3.22582  52.9041 255 255 255 3.14 4 11 13 18 22 
-2.68984   3.5159  52.7444 255 255 255 3.14 2 11 18 
-2.56282  3.54263  52.7635 255 255 255 3.14 4 11 13 18 22 
-2.42956  3.67388  52.7338 255 255 255 3.14 4 11 13 18 22 
-1.98227  3.82287  52.8129 255 255 255 3.14 4 11 13 18 22 
-1.99657  3.94046  52.7869 255 255 255 3.14 4 11 13 18 22 
-2.2554 3.95228 52.7089 255 255 255 3.14 5 7 11 13 18 22 
-2.14029  4.06683  52.7455 255 255 255 3.14 4 11 13 18 22 
-2.00539  4.12888  52.7597 255 255 255 3.14 4 11 13 18 22 
-1.97748  4.28525  52.7581 255 255 255 3.14 2 11 18 
-2.11576  4.28328  52.7167 255 255 255 3.14 5 11 12 13 18 22 
-2.05135  4.37649   52.744 255 255 255 3.14 4 11 13 18 22 
-1.93819  4.55709  52.7036 255 255 255 3.14 2 11 13 
-2.16342  4.63073    52.63 255 255 255 3.14 5 11 12 13 18 22 
-2.08537  4.71465   52.653 255 255 255 3.14 3 11 18 22 
-3.86333  4.58769  52.4841 255 255 255 3.14 2 11 22 
-3.09075  7.62935  51.8935 255 255 255 3.14 4 11 13 18 22 
-3.19053  7.72999  51.8438 255 255 255 3.14 4 11 13 18 22 
-3.05584  7.74756  51.8774 255 255 255 3.14 4 11 13 18 22 
-3.22265  8.06193  51.7872 255 255 255 3.14 4 11 13 18 22 
-3.28939  9.05247  51.6059 255 255 255 3.14 4 11 13 18 22 
-3.38201  9.16177  51.5605 255 255 255 3.14 4 11 13 18 22 
-3.47262  9.29488   51.524 255 255 255 3.14 3 11 13 22 
-6.97971  9.28091  51.9929 255 255 255 3.14 4 11 14 16 21 
-3.13246  10.2051  51.3831 255 255 255 3.14 3 11 13 22 
-8.33997  10.8752  52.0297 255 255 255 3.14 2 11 21 
-3.06852  11.8846  51.2636 255 255 255 3.14 3 11 12 19 
-3.22318  11.9954  51.1109 255 255 255 3.14 2 11 19 
-3.15082  12.1588  51.1845 255 255 255 3.14 2 11 19 
-3.35994  12.1292  50.9773 255 255 255 3.14 2 11 19 
-3.26384  12.1735  51.0354 255 255 255 3.14 2 11 19 
-3.43049  12.2557  50.9513 255 255 255 3.14 2 11 19 
-3.30677  12.5505  50.9866 255 255 255 3.14 2 11 19 
-3.36691  12.8931  50.9881 255 255 255 3.14 2 11 19 
-4.22527  14.2452  50.5668 255 255 255 3.14 2 11 19 
-8.34228  12.3378  51.5416 255 255 255 3.14 4 11 14 16 21 
0.042552 0.670619  54.0372 255 255 255 3.14 4 11 13 18 22 
-2.65953  2.05026  53.1047 255 255 255 3.14 4 11 13 18 22 
-2.40525  2.12912  53.1142 255 255 255 3.14 4 11 13 18 22 
-2.70779  3.33124  52.8135 255 255 255 3.14 4 11 13 18 22 
-2.40808  3.63708  52.7344 255 255 255 3.14 4 11 13 18 22 
-2.36109  3.80009  52.6943 255 255 255 3.14 5 7 11 13 18 22 
-2.5772 3.80972 52.7027 255 255 255 3.14 4 11 13 18 22 
-2.15496  4.27453   52.692 255 255 255 3.14 6 7 11 12 13 18 22 
-1.9852 4.31894 52.7475 255 255 255 3.14 2 11 18 
-1.69428  4.88536  52.7473 255 255 255 3.14 4 11 13 18 22 
-1.57578  5.00362  52.8026 255 255 255 3.14 4 11 13 19 22 
-1.23742  5.15089  53.1215 255 255 255 3.14 2 11 19 
-2.1421 4.95214  52.572 255 255 255 3.14 5 11 12 13 18 22 
-1.76228   5.0332  52.7348 255 255 255 3.14 4 11 12 13 22 
-1.97158  4.98412  52.5814 255 255 255 3.14 6 11 12 13 18 19 22 
-2.99476  5.10379  53.0133 255 255 255 3.14 2 11 22 
-1.68105  5.31367  52.7215 255 255 255 3.14 2 11 19 
-1.38148  5.48421  53.0146 255 255 255 3.14 2 11 19 
-4.15592  5.25913   52.328 255 255 255 3.14 2 11 18 
-3.40465  5.31985  52.2346 255 255 255 3.14 2 11 18 
-6.51547     5.84  53.0924 255 255 255 3.14 3 11 14 21 
-2.39028  6.78261   52.258 255 255 255 3.14 2 11 22 
-3.16197  7.37587  51.9005 255 255 255 3.14 4 11 13 18 22 
-3.18096   7.7825  51.8301 255 255 255 3.14 4 11 13 18 22 
-3.12274   7.9805  51.8145 255 255 255 3.14 3 11 13 22 
-3.57596  8.36688  51.6789 255 255 255 3.14 4 11 13 18 22 
-3.44438  9.29428   51.495 255 255 255 3.14 3 11 18 22 
-7.16164  9.14145  52.1384 255 255 255 3.14 3 11 14 21 
-7.39712  9.18184  52.2367 255 255 255 3.14 5 6 11 14 16 21 
-3.5135 9.82424 51.3884 255 255 255 3.14 2 11 13 
-6.87341  9.71711  51.7741 255 255 255 3.14 3 11 14 21 
-7.42114  9.95466  51.9583 255 255 255 3.14 3 11 14 21 
-7.31152  10.1727  51.8283 255 255 255 3.14 3 11 14 21 
-8.4437 10.9137  52.203 255 255 255 3.14 3 11 14 21 
-7.76182  11.0085   51.732 255 255 255 3.14 4 11 14 16 21 
-8.40693   11.209  52.0619 255 255 255 3.14 2 11 14 
-8.11093  11.5191   51.729 255 255 255 3.14 3 11 14 21 
-3.22159  11.9669   51.124 255 255 255 3.14 2 11 19 
-3.24477  12.2067  51.0265 255 255 255 3.14 2 11 19 
-3.44185  12.2807   50.997 255 255 255 3.14 2 11 19 
-2.34122  1.74226  53.1824 255 255 255 3.14 3 11 18 22 
-2.7528  2.9618 52.8595 255 255 255 3.14 3 11 18 22 
-2.87647   3.1339  52.8585 255 255 255 3.14 2 11 18 
-2.67331  3.30566  52.8219 255 255 255 3.14 4 11 13 18 22 
-1.53516  4.86456   52.868 255 255 255 3.14 4 11 13 18 22 
-1.63313  4.94436  52.8174 255 255 255 3.14 4 11 12 18 22 
-2.22457  4.86174  52.5816 255 255 255 3.14 6 7 11 12 13 18 22 
-1.80583  5.06413  52.8381 255 255 255 3.14 3 11 12 19 
-1.29819  5.16176  52.9956 255 255 255 3.14 3 11 12 19 
-2.26238  5.03962  52.5237 255 255 255 3.14 4 11 13 18 22 
-3.10976  5.26084  53.0419 255 255 255 3.14 2 11 13 
-3.8555 5.19322 52.3891 255 255 255 3.14 3 11 18 22 
-3.54525  5.20995  52.2174 255 255 255 3.14 3 11 13 22 
-3.56359  5.60139  52.3054 255 255 255 3.14 2 11 22 
-3.34168  5.71489   52.257 255 255 255 3.14 3 11 13 18 
-3.12505  5.75481  52.2306 255 255 255 3.14 2 11 22 
-3.4448 5.73468  52.152 255 255 255 3.14 2 11 22 
-6.19591   5.6632  52.9717 255 255 255 3.14 4 6 11 14 21 
-6.17205  6.00447  52.8897 255 255 255 3.14 2 11 14 
-3.73412  6.17618  52.0416 255 255 255 3.14 2 11 22 
-3.77433  6.58406  51.9471 255 255 255 3.14 3 11 13 22 
-3.47995  7.91553  51.7686 255 255 255 3.14 4 11 13 18 22 
-3.1033 8.01714 51.8025 255 255 255 3.14 4 11 13 18 22 
-7.0288 9.28154 52.0288 255 255 255 3.14 3 11 14 21 
-3.43109  9.61844  51.4739 255 255 255 3.14 4 11 13 18 22 
-6.85912  9.80674  51.7394 255 255 255 3.14 3 11 14 21 
-7.35983  9.94627  51.9259 255 255 255 3.14 3 11 14 21 
-7.74973  11.0013  51.7149 255 255 255 3.14 4 11 14 16 21 
-5.97717   11.664  51.1806 255 255 255 3.14 4 11 13 18 22 
-5.73084  11.8897  51.2577 255 255 255 3.14 5 10 11 13 18 22 
-5.75847  11.8157  50.9404 255 255 255 3.14 2 11 22 
-5.81775  11.9542  51.0521 255 255 255 3.14 2 11 22 
-1.8908 4.93373 53.2141 255 255 255 3.14 2 11 13 
-1.97543  5.00391  52.5776 255 255 255 3.14 2 11 13 
-2.50523  4.98237  52.3482 255 255 255 3.14 2 11 13 
-2.38505  5.25952  52.9007 255 255 255 3.14 2 11 13 
-3.78442  5.12408  52.4343 255 255 255 3.14 4 11 13 18 22 
-3.2834 5.43117 52.3771 255 255 255 3.14 3 11 18 22 
-2.56737  6.12919  52.2722 255 255 255 3.14 2 11 13 
-6.16159  6.02093  52.8851 255 255 255 3.14 2 11 14 
-3.64639  6.37295  52.0583 255 255 255 3.14 2 11 22 
-3.48295  6.69428  51.9986 255 255 255 3.14 4 11 13 18 22 
-3.22363  7.48512  51.8538 255 255 255 3.14 4 11 13 18 22 
-3.5164 8.43755 51.7168 255 255 255 3.14 4 11 13 18 22 
-3.59411  8.78876  51.5975 255 255 255 3.14 4 11 13 18 22 
-3.56809  8.90452  51.5757 255 255 255 3.14 3 11 13 18 
-7.6775 10.9869 51.7416 255 255 255 3.14 4 11 14 16 21 
-3.57487  5.34822  52.6135 255 255 255 3.14 2 11 13 
-3.08154  5.66696  52.2102 255 255 255 3.14 2 11 13 
-2.99783  5.89531  52.6972 255 255 255 3.14 2 11 13 
-2.60212  6.82098  52.1325 255 255 255 3.14 2 11 13 
-3.42511  7.65411   51.796 255 255 255 3.14 4 11 13 18 22 
-3.63749  10.2541  51.2591 255 255 255 3.14 2 11 13 
-5.89985  11.2943  51.5734 255 255 255 3.14 2 13 22 
-5.46722  18.1697  49.8889 255 255 255 3.14 4 11 13 18 22 
-2.98727  4.72758  52.5994 255 255 255 3.14 2 11 22 
-2.63882  6.76106  52.3157 255 255 255 3.14 2 11 13 
-3.69638  7.17987  51.8596 255 255 255 3.14 4 11 13 18 22 
-2.10085  4.67507  52.6644 255 255 255 3.14 3 12 18 22 
-7.21226   15.699  50.7494 255 255 255 3.14 2 12 19 
-9.83657  17.9601  51.2606 255 255 255 3.14 2 12 19 
-5.26436  17.3943  50.0194 255 255 255 3.14 2 12 19 
-7.53787  17.9875  50.5294 255 255 255 3.14 2 12 19 
-2.10373  4.28006  52.7161 255 255 255 3.14 4 12 13 18 22 
-1.97146  4.45691  52.7461 255 255 255 3.14 2 12 22 
-2.1515 4.62162 52.6405 255 255 255 3.14 4 12 13 18 22 
-4.87685  11.7693  51.1101 255 255 255 3.14 2 12 19 
-6.61389  15.5544  50.8007 255 255 255 3.14 2 12 19 
-7.83487  16.0034  50.7866 255 255 255 3.14 2 12 19 
-1.36659  3.57901  52.8239 255 255 255 3.14 2 12 19 
-2.13003  4.45706  52.6739 255 255 255 3.14 4 12 13 18 22 
-1.77882  5.25037  52.7268 255 255 255 3.14 2 12 18 
-3.5248 5.75285 52.2819 255 255 255 3.14 3 12 18 22 
-3.71375  6.70767  52.2291 255 255 255 3.14 2 13 22 
-9.64202  17.4212  71.9306 255 255 255 3.14 2 12 19 
-10.0472  17.8234  72.2073 255 255 255 3.14 2 12 19 
-5.84049  13.5111  50.8772 255 255 255 3.14 2 12 19 
-0.134393   1.17039   53.8254 255 255 255 3.14 3 12 13 22 
-2.20497  4.88857  52.5953 255 255 255 3.14 4 12 13 18 22 
 -2.422 4.93321 52.4414 255 255 255 3.14 2 12 13 
-1.96369  5.05545  52.6375 255 255 255 3.14 2 12 18 
-9.72983  17.4224  71.9867 255 255 255 3.14 2 12 19 
-5.52434   13.582  50.8202 255 255 255 3.14 2 12 19 
-5.86638  13.6838  50.8593 255 255 255 3.14 2 12 19 
-6.07128  13.9697  50.8963 255 255 255 3.14 2 12 19 
-4.57243  16.3006  50.7208 255 255 255 3.14 2 12 19 
-1.16555  4.73332  52.6663 255 255 255 3.14 2 12 19 
-1.89147  4.91529  52.7461 255 255 255 3.14 4 12 13 18 22 
-2.62581  4.92247  52.3028 255 255 255 3.14 3 12 18 22 
-1.25197  5.49086  52.6713 255 255 255 3.14 2 12 19 
-2.02019  6.74362  52.3409 255 255 255 3.14 2 12 19 
-2.23787  6.96273   52.211 255 255 255 3.14 2 12 19 
-1.81943  7.89006  52.7938 255 255 255 3.14 2 12 19 
-3.24342  7.81679  51.9015 255 255 255 3.14 2 12 19 
-2.85619  9.62187  51.4277 255 255 255 3.14 2 12 19 
-3.23452  9.73995   51.492 255 255 255 3.14 4 12 13 18 22 
-2.07324  3.96008  52.7768 255 255 255 3.14 3 12 18 22 
-1.40156  4.94511  52.6503 255 255 255 3.14 2 12 19 
-2.27202  4.92872  52.5472 255 255 255 3.14 2 12 22 
-2.01539  5.02026  52.6492 255 255 255 3.14 3 12 18 22 
-1.58298  6.41132  52.5901 255 255 255 3.14 2 12 19 
-3.41633  7.68607  51.7267 255 255 255 3.14 2 12 19 
-2.22616  9.64713  52.2895 255 255 255 3.14 2 12 19 
-3.32226  12.9236  51.2762 255 255 255 3.14 2 12 19 
-2.85252  7.46112  51.7032 255 255 255 3.14 2 12 19 
-3.49693   8.5338  51.7586 255 255 255 3.14 2 12 19 
-2.14724  9.28743  52.2428 255 255 255 3.14 2 12 19 
-5.9762 11.7227 51.3675 255 255 255 3.14 2 12 19 
-3.63761  9.64132  51.2961 255 255 255 3.14 2 12 19 
-3.12369  10.7353  51.5041 255 255 255 3.14 2 12 19 
-2.05653  4.40972  52.7226 255 255 255 3.14 3 12 13 22 
-1.28915   -6.829  61.4509 255 255 255 3.14 2 13 22 
-1.10351 -6.75849  61.3097 255 255 255 3.14 2 13 22 
-2.28815 -6.88501  62.0709 255 255 255 3.14 3 13 18 22 
-1.04243 -6.63539  61.3434 255 255 255 3.14 3 13 18 22 
-1.20117 -6.57768  61.3955 255 255 255 3.14 3 13 18 22 
-2.50411 -6.68303  61.8465 255 255 255 3.14 2 13 22 
 6.19864 -4.15547  57.6958 255 255 255 3.14 2 13 22 
 6.82782 -3.90293  58.1793 255 255 255 3.14 2 13 22 
-4.14375 -5.55856  60.8254 255 255 255 3.14 2 13 22 
 7.31835 -3.61336  58.7106 255 255 255 3.14 3 13 18 22 
 6.99291 -3.58197  58.4344 255 255 255 3.14 2 13 22 
-5.61129 -5.51147  61.7452 255 255 255 3.14 2 13 22 
 5.84311 -3.55725  57.6863 255 255 255 3.14 2 13 22 
 2.93292 -4.04465  56.3607 255 255 255 3.14 2 13 22 
 5.90618 -3.52794  57.7444 255 255 255 3.14 2 13 22 
 3.91384 -3.82234  56.1285 255 255 255 3.14 2 13 22 
 5.93748 -3.45194  57.8496 255 255 255 3.14 2 13 18 
5.12186 -3.4317 57.3085 255 255 255 3.14 3 13 18 22 
 5.19586 -3.41595   57.388 255 255 255 3.14 2 13 22 
 5.02271 -3.35561  57.2741 255 255 255 3.14 2 13 22 
 5.06279 -3.28649  57.4259 255 255 255 3.14 3 13 18 22 
 4.88321 -3.27286  57.2984 255 255 255 3.14 3 13 18 22 
 4.80925 -3.24843  57.2502 255 255 255 3.14 3 13 18 22 
 4.82253 -3.19734   57.319 255 255 255 3.14 2 13 22 
 4.71133 -3.17849  57.3381 255 255 255 3.14 2 13 22 
 4.77014 -3.15148  57.3083 255 255 255 3.14 2 13 22 
-2.44444 -4.20351  57.2232 255 255 255 3.14 2 13 22 
 4.28647 -3.07212  57.0922 255 255 255 3.14 2 13 22 
3.68923 -3.1513 56.5841 255 255 255 3.14 2 13 22 
  -2.072 -4.02953  57.3413 255 255 255 3.14 2 13 22 
 4.24191 -3.02048  57.0651 255 255 255 3.14 2 13 22 
 7.90048 -2.36843  58.9816 255 255 255 3.14 2 13 22 
  3.9327 -3.01766  56.9183 255 255 255 3.14 3 13 18 22 
-8.42896 -4.77222  62.5643 255 255 255 3.14 2 13 22 
 5.58547 -2.71968  57.3602 255 255 255 3.14 2 13 22 
  3.8608 -2.98362  56.8978 255 255 255 3.14 3 13 18 22 
 3.63855 -2.95802  56.7681 255 255 255 3.14 2 13 22 
  4.3522 -2.83852  57.0944 255 255 255 3.14 2 13 22 
 3.48136 -2.98154  56.6368 255 255 255 3.14 2 13 22 
 8.14892 -2.12755  59.2198 255 255 255 3.14 2 13 22 
 3.69022 -2.90383   56.804 255 255 255 3.14 3 13 18 22 
 5.20637 -2.62659  57.2017 255 255 255 3.14 2 13 22 
 3.59465 -2.88363   56.714 255 255 255 3.14 3 13 18 22 
 3.29097 -2.91799  56.5727 255 255 255 3.14 2 13 22 
 5.13998 -2.60331  57.1189 255 255 255 3.14 2 13 22 
  3.4223 -2.87561  56.6869 255 255 255 3.14 2 13 22 
 3.48348 -2.84847  56.6984 255 255 255 3.14 2 13 22 
 5.06074 -2.51246   57.094 255 255 255 3.14 2 13 22 
-1.38865 -3.53829  56.4681 255 255 255 3.14 2 13 22 
 3.26729 -2.78644  56.5953 255 255 255 3.14 2 13 22 
-4.47214 -3.89423   58.416 255 255 255 3.14 3 13 18 22 
-4.91878 -3.94555  58.7458 255 255 255 3.14 2 13 22 
 -4.352 -3.8677 58.1349 255 255 255 3.14 2 13 22 
 4.82432 -2.42579  57.1209 255 255 255 3.14 2 13 22 
-1.30988 -3.26663  56.0754 255 255 255 3.14 2 13 22 
-5.10012 -3.70515  57.8428 255 255 255 3.14 2 13 22 
-3.96192 -3.51548  57.5781 255 255 255 3.14 3 13 18 22 
-3.89752 -3.47888  57.5106 255 255 255 3.14 2 13 22 
-4.33078 -3.52955   57.662 255 255 255 3.14 2 13 22 
 -5.3924 -3.65044  58.4902 255 255 255 3.14 2 13 22 
-3.84377 -3.41365  57.3566 255 255 255 3.14 2 13 22 
-4.17334 -3.44056  57.4757 255 255 255 3.14 2 13 22 
-3.92339   -3.355  57.3141 255 255 255 3.14 2 13 22 
-3.6193 -3.2882 57.0459 255 255 255 3.14 2 13 22 
 -1.7613 -3.03792  56.0965 255 255 255 3.14 2 13 22 
-1.50035 -2.99739  55.9955 255 255 255 3.14 2 13 22 
-2.20817 -3.05971  56.3432 255 255 255 3.14 2 13 22 
-1.70974 -3.00107  56.0855 255 255 255 3.14 2 13 22 
-2.40172 -2.97676  56.2933 255 255 255 3.14 2 13 22 
-2.35402 -2.90663  56.1988 255 255 255 3.14 2 13 22 
-6.71383 -3.42275  58.7489 255 255 255 3.14 2 13 22 
-2.30845  -2.8593  56.2536 255 255 255 3.14 2 13 22 
 1.14354 -2.18568  54.9245 255 255 255 3.14 2 13 22 
-1.60891 -2.53213  55.6502 255 255 255 3.14 2 13 22 
0.529153 -2.09389  55.0293 255 255 255 3.14 2 13 22 
-6.18047 -2.87992  57.5404 255 255 255 3.14 2 13 22 
-6.12247 -2.83867  57.5379 255 255 255 3.14 2 13 22 
-1.26348 -2.09804   55.325 255 255 255 3.14 2 13 22 
-6.05044 -2.67892  57.2381 255 255 255 3.14 2 13 22 
  8.63413 -0.107553   60.3279 255 255 255 3.14 2 13 22 
-0.107404  -1.70327   54.8355 255 255 255 3.14 2 13 22 
0.0520237  -1.69341   54.8323 255 255 255 3.14 3 13 18 22 
1.90397 -1.3641 55.2719 255 255 255 3.14 2 13 22 
-4.40439    -2.19  56.1838 255 255 255 3.14 3 13 18 22 
-5.93429 -2.32183  56.7967 255 255 255 3.14 2 13 22 
-3.57158 -1.97258  55.7666 255 255 255 3.14 3 13 18 22 
-0.0301131   -1.46753    54.7121 255 255 255 3.14 2 13 22 
-1.14381 -1.59721   55.026 255 255 255 3.14 2 13 22 
-1.04778 -1.56317  54.9267 255 255 255 3.14 2 13 22 
-0.000315885     -1.16955      54.5438 255 255 255 3.14 2 13 22 
-1.21243 -1.30465  54.8675 255 255 255 3.14 2 13 22 
-0.112237  -1.16369   54.6047 255 255 255 3.14 2 13 22 
  1.45827 -0.478565    54.899 255 255 255 3.14 2 13 22 
  -2.0964 -0.782013   54.6867 255 255 255 3.14 2 13 22 
  -2.2466 -0.787666   54.7462 255 255 255 3.14 2 13 22 
-5.81595 -1.16237  55.7269 255 255 255 3.14 2 13 22 
   0.4125 -0.328314   54.2781 255 255 255 3.14 2 13 22 
-5.96076 -1.01513   55.796 255 255 255 3.14 2 13 22 
 -4.67328 -0.715965   54.7481 255 255 255 3.14 2 13 22 
-3.80974 -0.51014  54.4293 255 255 255 3.14 3 13 18 22 
 -4.66291 -0.555783   54.6802 255 255 255 3.14 2 13 22 
-4.43595 -0.41081  54.6162 255 255 255 3.14 3 13 18 22 
-0.465179  0.133712    54.182 255 255 255 3.14 2 13 22 
0.500618 0.297901  54.1853 255 255 255 3.14 2 13 22 
 -4.56007 -0.369595   54.6402 255 255 255 3.14 3 13 18 22 
 -4.66787 -0.362758   54.5722 255 255 255 3.14 2 13 22 
 -3.47454 -0.140696   54.0622 255 255 255 3.14 2 13 22 
 -4.57991 -0.111559   54.5129 255 255 255 3.14 2 13 22 
 0.45186 0.603199  54.0946 255 255 255 3.14 2 13 22 
0.232968 0.584735  54.1279 255 255 255 3.14 3 13 18 22 
-3.35931 0.153397  53.9169 255 255 255 3.14 3 13 18 22 
  -6.62567 -0.0694462    55.5407 255 255 255 3.14 2 13 22 
-0.0612711   0.753485    53.9212 255 255 255 3.14 3 13 18 22 
-0.634301  0.674658   53.8379 255 255 255 3.14 2 13 22 
0.00725512   0.782304    53.9681 255 255 255 3.14 2 13 22 
-0.541831   0.77871   53.9238 255 255 255 3.14 2 13 22 
-0.253182  0.825762   53.8922 255 255 255 3.14 2 13 22 
-6.69537 0.115935  55.4808 255 255 255 3.14 3 13 18 22 
0.935983  1.17011  54.8131 255 255 255 3.14 2 13 22 
-6.56982 0.164643  55.4536 255 255 255 3.14 3 13 18 22 
-0.448523  0.870481   53.8274 255 255 255 3.14 2 13 22 
-0.227039  0.896401   53.8378 255 255 255 3.14 3 13 18 22 
-0.741095  0.867696   53.8583 255 255 255 3.14 2 13 18 
-3.45854 0.547806  53.7181 255 255 255 3.14 2 13 22 
-3.67185  0.54468  53.8122 255 255 255 3.14 2 13 22 
-5.74932 0.557285  55.2441 255 255 255 3.14 2 13 22 
-5.92012 0.571347  55.2225 255 255 255 3.14 2 13 22 
-7.28727 0.429356  55.5036 255 255 255 3.14 2 13 22 
-6.12638 0.669256   55.144 255 255 255 3.14 2 13 22 
-3.40423 0.886526  53.6112 255 255 255 3.14 2 13 22 
-5.86976 0.813176  55.1804 255 255 255 3.14 2 13 22 
-9.99605 0.845014  57.8605 255 255 255 3.14 2 13 22 
-8.04266   1.0023   55.752 255 255 255 3.14 3 13 18 22 
-1.46841  1.59702  53.2545 255 255 255 3.14 3 13 18 22 
-7.85938  1.06261  55.7081 255 255 255 3.14 3 13 18 22 
0.235782  2.12103  54.7786 255 255 255 3.14 2 13 22 
-8.45826  1.11092  55.8224 255 255 255 3.14 2 13 22 
-3.52298  1.50578  53.4023 255 255 255 3.14 2 13 22 
-2.02768  1.70571  53.1813 255 255 255 3.14 3 13 18 22 
0.14698 2.29364 54.7636 255 255 255 3.14 2 13 22 
-7.79101  1.30091  55.5563 255 255 255 3.14 3 13 18 22 
-7.86757  1.31521  55.5526 255 255 255 3.14 2 13 22 
-3.73372  1.69738   53.373 255 255 255 3.14 2 13 22 
0.107541  2.46132  54.7207 255 255 255 3.14 2 13 22 
-4.41114    1.893  53.5377 255 255 255 3.14 2 13 22 
-6.21377  2.02483  54.6276 255 255 255 3.14 2 13 22 
-7.88427  2.08549  55.2987 255 255 255 3.14 2 13 22 
-0.0136877    3.11343    54.4598 255 255 255 3.14 2 13 22 
-9.37199  2.18006  56.0063 255 255 255 3.14 2 13 22 
-6.27627  2.38228  54.4829 255 255 255 3.14 2 13 22 
-6.17983   2.4212   54.408 255 255 255 3.14 2 13 22 
-4.35258  2.50436  53.2946 255 255 255 3.14 2 13 22 
-6.30565  2.43986  54.3911 255 255 255 3.14 3 13 18 22 
-9.36584  2.31551  55.9855 255 255 255 3.14 2 13 22 
-6.52419  2.45797  54.4939 255 255 255 3.14 2 13 22 
-4.26263  2.59276  53.2303 255 255 255 3.14 3 13 18 22 
-4.14667  2.58817  53.1622 255 255 255 3.14 3 13 18 22 
-9.06991  2.37712  55.8065 255 255 255 3.14 2 13 22 
-2.60953  2.77784  52.9437 255 255 255 3.14 3 13 18 22 
-0.153908   3.40684   54.2346 255 255 255 3.14 2 13 22 
-8.03292   2.5027  55.2191 255 255 255 3.14 2 13 22 
-8.12967  2.58293  55.2965 255 255 255 3.14 2 13 22 
-6.27246  2.66582  54.3084 255 255 255 3.14 2 13 22 
-8.0233 2.59637 55.1997 255 255 255 3.14 2 13 22 
-6.00997  2.73005  54.2384 255 255 255 3.14 3 13 18 22 
-8.21478  2.62462   55.276 255 255 255 3.14 2 13 22 
-0.220016   3.53796   54.1439 255 255 255 3.14 2 13 22 
-4.33253  2.87248  53.1663 255 255 255 3.14 2 13 22 
-4.04628  3.05786  52.9612 255 255 255 3.14 2 13 22 
-6.03499  3.03502   54.002 255 255 255 3.14 2 13 22 
-6.07673  3.08826  53.9715 255 255 255 3.14 2 13 22 
-0.329936   3.88811   54.0498 255 255 255 3.14 2 13 22 
-5.94529  3.11508  53.9529 255 255 255 3.14 2 13 22 
-0.385476    3.9518   54.0502 255 255 255 3.14 2 13 22 
-8.18426  3.09728  55.0886 255 255 255 3.14 2 13 22 
-5.83461  3.26574  53.8845 255 255 255 3.14 2 13 22 
-0.498774   4.03837   54.0193 255 255 255 3.14 2 13 22 
-8.21236  3.19972  55.0522 255 255 255 3.14 2 13 22 
-1.69409  3.68618  52.9105 255 255 255 3.14 2 13 22 
-2.51606  3.62846  52.7429 255 255 255 3.14 2 13 22 
-0.425721   4.14602   54.0661 255 255 255 3.14 2 13 22 
-8.20812  3.29933  55.0095 255 255 255 3.14 3 13 18 22 
-2.74453  3.61213  52.6729 255 255 255 3.14 3 13 18 22 
-8.34301  3.32549  55.1048 255 255 255 3.14 2 13 22 
-5.78008  3.51083  53.7153 255 255 255 3.14 3 13 18 22 
-0.4854 4.31827 54.0525 255 255 255 3.14 3 13 18 22 
-2.5285 3.79402 52.6762 255 255 255 3.14 3 13 18 22 
-2.26672  3.85892  52.7525 255 255 255 3.14 2 13 22 
-6.04148  3.57228  53.7327 255 255 255 3.14 2 13 22 
-2.00814  3.99658  52.8183 255 255 255 3.14 2 13 22 
-2.0972 4.03313 52.7852 255 255 255 3.14 2 13 22 
-5.99404  3.70949  53.7983 255 255 255 3.14 2 13 22 
-0.568391   4.52928    54.017 255 255 255 3.14 2 13 22 
-2.00059  4.17567  52.7302 255 255 255 3.14 2 13 18 
-2.08042  4.21074   52.749 255 255 255 3.14 3 13 18 22 
-8.01261  3.78947  54.5655 255 255 255 3.14 2 13 22 
-8.10459  3.88207  54.6302 255 255 255 3.14 2 13 22 
-8.38411  3.89962  54.8424 255 255 255 3.14 2 13 22 
-5.17963  3.99775  53.1766 255 255 255 3.14 3 13 18 22 
-8.93986  4.19534  55.0072 255 255 255 3.14 2 13 22 
-0.770959   5.04113   53.8959 255 255 255 3.14 2 13 22 
-1.12509  4.94841  53.1359 255 255 255 3.14 2 13 22 
-3.76165  4.61123  52.5166 255 255 255 3.14 2 13 22 
-0.88422  5.48549  53.8345 255 255 255 3.14 2 13 22 
-4.84402  4.80902  52.6246 255 255 255 3.14 3 13 18 22 
-4.62761  4.94645  52.5884 255 255 255 3.14 2 13 22 
-1.5927 7.14851 53.2777 255 255 255 3.14 2 13 22 
-1.79508  7.19897  52.9732 255 255 255 3.14 2 13 22 
-1.74618  7.22153  53.0315 255 255 255 3.14 2 13 22 
-1.68067  7.50589  53.1459 255 255 255 3.14 2 13 22 
 -1.627 7.52822 53.0897 255 255 255 3.14 2 13 22 
-2.20815  7.82355  52.3662 255 255 255 3.14 2 13 18 
-2.30269  7.86441   52.275 255 255 255 3.14 2 13 22 
-2.20626  7.89986  52.3135 255 255 255 3.14 3 13 18 22 
  -2.37 7.86681 52.2121 255 255 255 3.14 3 13 18 22 
-2.54359  7.85367  52.0414 255 255 255 3.14 3 13 18 22 
-3.23708  7.74303  51.8672 255 255 255 3.14 3 13 18 22 
-2.51484  7.92347     52.2 255 255 255 3.14 2 13 22 
-3.14893  7.88098  51.9264 255 255 255 3.14 2 13 22 
-3.0587 7.88133 51.8622 255 255 255 3.14 2 13 22 
-3.24148  7.95335  51.8404 255 255 255 3.14 2 13 22 
-1.95242  8.54586  52.7591 255 255 255 3.14 3 13 18 22 
-3.50821   8.2369  51.7729 255 255 255 3.14 2 13 22 
-5.5836 8.02668 51.8485 255 255 255 3.14 2 13 22 
-2.12584   9.1375  52.5267 255 255 255 3.14 2 13 22 
-3.21287    9.209  51.6571 255 255 255 3.14 2 13 22 
-2.81828  9.75963  51.7675 255 255 255 3.14 2 13 22 
-3.05354  9.96267  51.5611 255 255 255 3.14 2 13 22 
-3.36623  10.0222  51.5098 255 255 255 3.14 2 13 22 
-3.20311  10.0767   51.425 255 255 255 3.14 3 13 18 22 
-3.21425  10.2332  51.4091 255 255 255 3.14 2 13 22 
-3.39033  10.4624  51.3236 255 255 255 3.14 2 13 22 
-3.33354  10.4684   51.314 255 255 255 3.14 2 13 22 
-3.4174 10.5752 51.2841 255 255 255 3.14 2 13 22 
-3.50122  10.5836  51.2837 255 255 255 3.14 3 13 18 22 
-3.34853  10.6381  51.2982 255 255 255 3.14 3 13 18 22 
-3.32148  10.7563   51.303 255 255 255 3.14 2 13 22 
-3.34943  10.7992  51.2646 255 255 255 3.14 2 13 22 
-3.2137 10.8833 51.3117 255 255 255 3.14 2 13 22 
-3.25381   10.933  51.2624 255 255 255 3.14 2 13 22 
-3.21663  10.9884  51.3078 255 255 255 3.14 2 13 22 
-4.43827  10.9228   51.162 255 255 255 3.14 3 13 18 22 
-3.35619  11.0801   51.213 255 255 255 3.14 2 13 22 
-4.38145  10.9871  51.1612 255 255 255 3.14 3 13 18 22 
-3.38252  11.1157  51.1771 255 255 255 3.14 2 13 22 
-10.7665  11.2254  53.6353 255 255 255 3.14 2 13 22 
-11.1698  11.3508  53.7748 255 255 255 3.14 2 13 22 
-4.49159  11.1744  51.1069 255 255 255 3.14 3 13 18 22 
-4.65053  11.2461  51.0624 255 255 255 3.14 3 13 18 22 
-4.57587  11.2921   51.068 255 255 255 3.14 3 13 18 22 
-4.70777    11.33  51.0649 255 255 255 3.14 3 13 18 22 
-4.3412 11.4281 50.9875 255 255 255 3.14 2 13 22 
-3.06135  11.9414  51.5584 255 255 255 3.14 2 13 22 
-4.79626  11.7095  50.9673 255 255 255 3.14 3 13 18 22 
-4.23243  11.7955  50.9097 255 255 255 3.14 3 13 18 22 
-4.16707  11.8251  50.9482 255 255 255 3.14 2 13 22 
-4.58291  11.8086  50.9783 255 255 255 3.14 3 13 18 22 
-6.01459  11.7467  51.0895 255 255 255 3.14 2 13 22 
-4.34355  11.8868   50.933 255 255 255 3.14 2 13 22 
-4.41468  11.9173  50.8986 255 255 255 3.14 3 13 18 22 
-3.24476  12.2251  51.2392 255 255 255 3.14 2 13 22 
-4.2416 12.0344 50.9263 255 255 255 3.14 2 13 22 
-5.32833  11.9877  50.9961 255 255 255 3.14 2 13 22 
-5.24254  12.0283  50.9922 255 255 255 3.14 2 13 22 
-5.29936  12.0313  50.9622 255 255 255 3.14 2 13 22 
-3.85913  12.2721   51.002 255 255 255 3.14 2 13 22 
-3.44493  12.3774  51.1082 255 255 255 3.14 3 13 18 22 
-3.78148  12.2826  50.9238 255 255 255 3.14 2 13 22 
-11.5795  12.5058  53.6283 255 255 255 3.14 2 13 22 
-3.7664 12.3464  50.984 255 255 255 3.14 2 13 22 
-3.4367 12.4133 51.0427 255 255 255 3.14 2 13 22 
-3.96643  12.3483  50.9458 255 255 255 3.14 2 13 22 
-11.6428  12.5789  53.6602 255 255 255 3.14 2 13 22 
-3.73401  12.3806  50.9553 255 255 255 3.14 2 13 22 
-3.78405  12.4031  50.9614 255 255 255 3.14 2 13 22 
-3.42222  12.5705  51.1468 255 255 255 3.14 2 13 22 
-3.53424  12.5365  51.0147 255 255 255 3.14 2 13 22 
-3.72399  12.5823  50.8987 255 255 255 3.14 2 13 22 
-3.54864  12.6908  51.0425 255 255 255 3.14 2 13 22 
-3.67526  12.6671  50.9568 255 255 255 3.14 2 13 22 
-3.98966  12.6507  50.8489 255 255 255 3.14 2 13 22 
-3.89083  12.7348  50.8414 255 255 255 3.14 2 13 22 
-3.9144 12.8057 50.8707 255 255 255 3.14 2 13 22 
-4.92877   12.793  50.8177 255 255 255 3.14 2 13 22 
-4.16531  12.9298  50.7642 255 255 255 3.14 3 13 18 22 
-4.19592   13.091  50.7585 255 255 255 3.14 2 13 22 
-4.36937  13.1116  50.7546 255 255 255 3.14 3 13 18 22 
-4.57737  13.1451  50.7788 255 255 255 3.14 2 13 22 
-4.26534  13.1601  50.7423 255 255 255 3.14 2 13 22 
-4.34133  13.1484   50.653 255 255 255 3.14 2 13 22 
-4.41712  13.2709  50.7332 255 255 255 3.14 2 13 22 
-6.02942  13.1715  50.7298 255 255 255 3.14 2 13 22 
-5.65007  13.3217  50.6643 255 255 255 3.14 3 13 18 22 
-5.51441  13.3744  50.6894 255 255 255 3.14 2 13 22 
-5.12337  13.5717  50.6541 255 255 255 3.14 2 13 22 
-5.06127  13.6441   50.647 255 255 255 3.14 2 13 22 
-4.9576 13.6771 50.6339 255 255 255 3.14 2 13 22 
-5.14536  13.6533  50.6034 255 255 255 3.14 3 13 18 22 
-5.84956  13.8268  50.5883 255 255 255 3.14 2 13 22 
-5.69389  13.9361  50.5504 255 255 255 3.14 2 13 22 
-5.88976  13.9543  50.5668 255 255 255 3.14 2 13 22 
-6.27527  14.1716  50.4639 255 255 255 3.14 2 13 22 
-6.1883 14.4239 50.4687 255 255 255 3.14 2 13 22 
-6.04935  14.4386  50.4511 255 255 255 3.14 2 13 22 
-11.305 14.8883 52.5115 255 255 255 3.14 2 13 22 
-8.03898  14.4147  50.6777 255 255 255 3.14 2 13 22 
-6.19898  14.5207  50.4392 255 255 255 3.14 3 13 18 22 
-6.11706  14.5226  50.4151 255 255 255 3.14 3 13 18 22 
-11.3419  14.9649  52.4846 255 255 255 3.14 2 13 22 
-6.11681  14.5835  50.3829 255 255 255 3.14 3 13 18 22 
-6.03262  14.6464  50.4406 255 255 255 3.14 3 13 18 22 
-6.96553  14.6493  50.4913 255 255 255 3.14 2 13 22 
-7.0386 14.6336 50.4668 255 255 255 3.14 2 13 22 
-7.05759  14.7039   50.448 255 255 255 3.14 2 13 22 
-5.90009  14.8672  50.3669 255 255 255 3.14 3 13 18 22 
-9.02833  14.8124  50.8356 255 255 255 3.14 2 13 22 
-5.97767  14.9634  50.3405 255 255 255 3.14 3 13 18 22 
-7.38711  14.8806  50.4238 255 255 255 3.14 3 13 18 22 
-5.97884  15.0485   50.314 255 255 255 3.14 2 13 22 
-8.44253  15.0229  50.6248 255 255 255 3.14 2 13 22 
-5.86286   15.152  50.3535 255 255 255 3.14 3 13 18 22 
-8.58023  15.1005  50.6002 255 255 255 3.14 2 13 22 
-5.70965  15.4188  50.3756 255 255 255 3.14 2 13 22 
-6.12599  15.4147  50.3344 255 255 255 3.14 2 13 22 
-5.22816  15.6386  50.5006 255 255 255 3.14 3 13 18 22 
-6.86929  15.5739  50.2822 255 255 255 3.14 3 13 18 22 
-5.03515  15.8365  50.4857 255 255 255 3.14 2 13 22 
-4.98161  15.8948  50.5371 255 255 255 3.14 3 13 18 22 
-4.88847   15.915  50.5482 255 255 255 3.14 2 13 22 
-8.68759  15.5833  50.4772 255 255 255 3.14 2 13 22 
-4.95222  16.0685  50.5366 255 255 255 3.14 2 13 22 
-9.01393  15.7956  50.6399 255 255 255 3.14 2 13 22 
-7.19091  15.8321  50.1912 255 255 255 3.14 2 13 22 
-7.14204  15.8668  50.2616 255 255 255 3.14 2 13 22 
-9.06194   15.848  50.5735 255 255 255 3.14 2 13 22 
-4.94186   16.188  50.4219 255 255 255 3.14 2 13 22 
-4.93338  16.2497  50.4454 255 255 255 3.14 2 13 22 
-4.97847  16.2836  50.4614 255 255 255 3.14 3 13 18 22 
-9.21278  16.0588   50.637 255 255 255 3.14 2 13 22 
-5.10709  16.3064  50.4156 255 255 255 3.14 3 13 18 22 
-9.08326  16.0709  50.5849 255 255 255 3.14 2 13 22 
-7.33563  16.2608  50.1296 255 255 255 3.14 2 13 18 
-4.42548   16.524  50.1477 255 255 255 3.14 2 13 22 
-5.26168   16.548   50.296 255 255 255 3.14 3 13 18 22 
-7.32497  16.3318  50.1449 255 255 255 3.14 2 13 18 
-5.31642  16.5627  50.2366 255 255 255 3.14 3 13 18 22 
-12.3234  17.2661  52.8974 255 255 255 3.14 2 13 22 
-5.35128  16.6652  50.1722 255 255 255 3.14 2 13 22 
-4.47267  16.6844   50.019 255 255 255 3.14 2 13 22 
-5.28641  16.7311  50.1133 255 255 255 3.14 2 13 22 
-8.37264  16.7504  50.2716 255 255 255 3.14 2 13 22 
-4.52224  16.9285  49.9815 255 255 255 3.14 2 13 22 
-4.5332 17.0102 49.9432 255 255 255 3.14 3 13 18 22 
-4.67204  17.0287  49.9821 255 255 255 3.14 2 13 22 
-4.8409 17.1345 49.9243 255 255 255 3.14 3 13 18 22 
-4.69669  17.1549  49.9571 255 255 255 3.14 3 13 18 22 
-5.10709  17.1554  49.9521 255 255 255 3.14 3 13 18 22 
-5.00519  17.2083  49.9381 255 255 255 3.14 4 10 13 18 22 
-5.94805  17.1383  49.9553 255 255 255 3.14 2 13 18 
-4.80873  17.2156  49.8628 255 255 255 3.14 2 13 22 
-5.45513  17.2196   49.931 255 255 255 3.14 3 13 18 22 
-11.3838  17.8206  52.1216 255 255 255 3.14 3 13 18 22 
-5.57141  17.2689  49.9651 255 255 255 3.14 2 13 22 
-5.71385  17.3345  49.9396 255 255 255 3.14 3 13 18 22 
-5.85168  17.4281   49.942 255 255 255 3.14 3 13 18 22 
-5.90434   17.476  50.0031 255 255 255 3.14 3 13 18 22 
-11.2286  18.0206  51.9388 255 255 255 3.14 2 13 22 
-5.74731  17.5031  49.9586 255 255 255 3.14 3 13 18 22 
-8.5434  17.496 50.3837 255 255 255 3.14 2 13 22 
-6.60085  17.5113  50.0071 255 255 255 3.14 2 13 22 
-8.40438  17.5165  50.2594 255 255 255 3.14 2 13 22 
-8.34836  17.5468  50.2905 255 255 255 3.14 2 13 22 
-6.02432  17.6053  50.0327 255 255 255 3.14 3 13 18 22 
-5.75832  17.6103  50.0009 255 255 255 3.14 3 13 18 22 
-6.20929  17.6304  50.0698 255 255 255 3.14 3 13 18 22 
-5.8581 17.6314 49.9755 255 255 255 3.14 3 13 18 22 
-6.0119 17.6489 50.0102 255 255 255 3.14 3 13 18 22 
-6.66848  17.5926   49.999 255 255 255 3.14 2 13 22 
-5.95104  17.6608   50.012 255 255 255 3.14 2 13 22 
-8.26885  17.7109  50.2112 255 255 255 3.14 2 13 22 
-6.69633   17.789   50.034 255 255 255 3.14 2 13 22 
-7.97666  17.8616  50.2268 255 255 255 3.14 3 13 18 22 
-6.84257  17.8572  50.0294 255 255 255 3.14 2 13 22 
-7.2319 17.8857  50.124 255 255 255 3.14 3 13 18 22 
-8.02797  17.8909  50.1998 255 255 255 3.14 2 13 22 
-8.43748   17.933  50.3364 255 255 255 3.14 2 13 22 
-7.88891  17.9232  50.2179 255 255 255 3.14 3 13 18 22 
-7.51583  17.9747  50.2156 255 255 255 3.14 3 13 18 22 
-7.86059  17.9725   50.209 255 255 255 3.14 2 13 22 
-7.77822  17.9877  50.2105 255 255 255 3.14 3 13 18 22 
-7.72234  18.0101  50.2269 255 255 255 3.14 2 13 22 
-8.16062  18.0058  50.2175 255 255 255 3.14 2 13 22 
-7.76129  18.1299  50.1581 255 255 255 3.14 2 13 22 
-7.96177  18.1871  50.1427 255 255 255 3.14 2 13 22 
-8.98144  18.4389  50.5561 255 255 255 3.14 2 13 22 
-9.43591   18.604  50.7981 255 255 255 3.14 2 13 22 
-10.1206  18.6421  50.9571 255 255 255 3.14 2 13 22 
-9.79536  18.6538  50.8997 255 255 255 3.14 2 13 22 
-2.13397 -6.83061  61.8913 255 255 255 3.14 2 13 22 
-1.19391  -6.6646  61.2764 255 255 255 3.14 2 13 22 
-1.48578 -6.69696  61.4877 255 255 255 3.14 2 13 22 
-0.96649 -6.57748  61.3657 255 255 255 3.14 3 13 18 22 
-2.01783 -6.74316  61.8095 255 255 255 3.14 2 13 22 
-1.61987 -6.66614  61.6228 255 255 255 3.14 2 13 22 
-2.22141 -6.74749  61.8634 255 255 255 3.14 2 13 22 
-1.40575 -6.61165  61.4884 255 255 255 3.14 3 13 18 22 
-1.10952 -6.56901  61.4152 255 255 255 3.14 3 13 18 22 
  -2.391 -6.73826    62.13 255 255 255 3.14 3 13 18 22 
 -1.2954 -6.52893  61.3434 255 255 255 3.14 3 13 18 22 
0.276085 -5.83817  59.5691 255 255 255 3.14 2 13 22 
0.400552 -5.80557  59.5356 255 255 255 3.14 2 13 22 
-2.04887 -5.90713   60.392 255 255 255 3.14 2 13 22 
-3.42779 -6.05224  61.3654 255 255 255 3.14 3 13 18 22 
 6.04814 -4.33576  57.7977 255 255 255 3.14 2 13 22 
-3.42893 -5.83428  60.9265 255 255 255 3.14 2 13 22 
 6.23261 -4.15966  57.8009 255 255 255 3.14 2 13 22 
 6.04406 -4.17736  57.7172 255 255 255 3.14 2 13 22 
 6.08481 -4.00673  57.5968 255 255 255 3.14 3 13 18 22 
-0.604266  -5.04854   58.3107 255 255 255 3.14 2 13 22 
 6.90506 -3.83328  58.2627 255 255 255 3.14 2 13 22 
 6.68522 -3.81649  58.0916 255 255 255 3.14 3 13 18 22 
-0.412525  -4.92831   58.1028 255 255 255 3.14 2 13 22 
7.24937 -3.6919 58.6319 255 255 255 3.14 3 13 18 22 
6.73326 -3.7467 58.1762 255 255 255 3.14 3 13 18 22 
7.22025 -3.6222 58.6636 255 255 255 3.14 2 13 22 
-1.55267 -4.98743  58.6176 255 255 255 3.14 2 13 22 
 7.37262 -3.53935   58.722 255 255 255 3.14 3 13 18 22 
 5.77789 -3.76359  57.5575 255 255 255 3.14 2 13 22 
  7.2576 -3.49545  58.7314 255 255 255 3.14 3 13 18 22 
-1.93927 -4.89116  58.7559 255 255 255 3.14 2 13 22 
 2.93085 -4.14704  56.4729 255 255 255 3.14 2 13 22 
 5.86573 -3.62612  57.5934 255 255 255 3.14 2 13 22 
7.18053 -3.3151 58.6558 255 255 255 3.14 2 13 22 
5.72181 -3.5456 57.6801 255 255 255 3.14 2 13 22 
 6.56569 -3.38246  58.2715 255 255 255 3.14 2 13 22 
-1.31815 -4.55528  57.7934 255 255 255 3.14 2 13 18 
 5.88379 -3.38169  57.8677 255 255 255 3.14 3 13 18 22 
2.39792 -3.9547 56.2098 255 255 255 3.14 2 13 22 
5.66447  -3.379 57.7801 255 255 255 3.14 2 13 22 
 6.00667 -3.32765  57.8708 255 255 255 3.14 2 13 22 
  3.7238 -3.71575  56.0446 255 255 255 3.14 2 13 22 
 3.87168 -3.67011  56.0807 255 255 255 3.14 2 13 22 
 2.24144 -3.91723  56.0343 255 255 255 3.14 2 13 22 
 5.45666 -3.35176  57.6455 255 255 255 3.14 2 13 22 
5.27905 -3.3657 57.4764 255 255 255 3.14 3 13 18 22 
 5.16642 -3.37037  57.4787 255 255 255 3.14 3 13 18 22 
3.89407 -3.5572   56.21 255 255 255 3.14 2 13 22 
 4.93142 -3.35312  57.3265 255 255 255 3.14 2 13 22 
 2.25585 -3.75674  55.9398 255 255 255 3.14 2 13 22 
1.99426 -3.7707 55.9098 255 255 255 3.14 3 13 18 22 
  4.9718 -3.20971  57.4629 255 255 255 3.14 2 13 22 
4.74249 -3.2228 57.2557 255 255 255 3.14 2 13 22 
 3.75127 -3.30026  56.5468 255 255 255 3.14 2 13 22 
 6.82713 -2.68953  57.9741 255 255 255 3.14 3 13 18 22 
-2.43111 -4.14991  57.7657 255 255 255 3.14 3 13 18 22 
 1.87872 -3.52092  55.7843 255 255 255 3.14 2 13 22 
 3.83803 -3.13118  56.7574 255 255 255 3.14 2 13 22 
-0.357599  -3.80341   56.3004 255 255 255 3.14 3 13 18 22 
  4.1732 -3.05696   56.982 255 255 255 3.14 3 13 18 22 
 3.58975 -3.13474  56.6132 255 255 255 3.14 2 13 22 
 1.70112 -3.44835  55.7121 255 255 255 3.14 2 13 22 
 3.99522 -3.04515  56.9862 255 255 255 3.14 2 13 22 
 3.74521 -3.06652  56.8385 255 255 255 3.14 3 13 18 22 
 8.36855 -2.24927  59.2708 255 255 255 3.14 2 13 22 
-3.03108 -4.08823  57.9257 255 255 255 3.14 2 13 22 
 4.08193 -2.98972  56.9597 255 255 255 3.14 3 13 18 22 
5.66214 -2.7169 57.3613 255 255 255 3.14 2 13 22 
-3.43607  -4.0998  58.2712 255 255 255 3.14 2 13 22 
 8.45861 -2.18491  59.2421 255 255 255 3.14 2 13 22 
 3.56481 -3.02214  56.6479 255 255 255 3.14 2 13 22 
  3.9274 -2.96057  56.8784 255 255 255 3.14 3 13 18 22 
8.06301 -2.2312 59.1624 255 255 255 3.14 2 13 22 
 3.75605 -2.96464   56.805 255 255 255 3.14 3 13 18 22 
-1.21725 -3.74089  56.5192 255 255 255 3.14 2 13 22 
8.52952 -2.0337  59.395 255 255 255 3.14 2 13 22 
 3.51582 -2.92436  56.7562 255 255 255 3.14 2 13 22 
-1.13158 -3.63818  56.4838 255 255 255 3.14 2 13 22 
-8.49901 -4.54078  62.3705 255 255 255 3.14 2 13 22 
 7.83627 -2.06664   59.604 255 255 255 3.14 2 13 22 
-4.51316 -4.02724  58.5172 255 255 255 3.14 2 13 18 
-6.11621 -4.16096   59.464 255 255 255 3.14 2 13 22 
-2.39967 -3.68745  56.9234 255 255 255 3.14 2 13 22 
-5.98186 -4.12976  59.4111 255 255 255 3.14 2 13 22 
 4.88499 -2.49417  57.1994 255 255 255 3.14 2 13 22 
 1.21241 -3.09958  55.5098 255 255 255 3.14 3 13 18 22 
-1.34378 -3.43127  56.2319 255 255 255 3.14 2 13 22 
-4.45128 -3.73712  58.0195 255 255 255 3.14 2 13 22 
 4.62468 -2.36036  56.9922 255 255 255 3.14 2 13 22 
 -3.9534 -3.64129  58.0165 255 255 255 3.14 2 13 22 
-6.21909 -3.90046  59.2736 255 255 255 3.14 2 13 22 
-4.04523 -3.62271  57.6865 255 255 255 3.14 2 13 22 
-4.41299   -3.626   57.931 255 255 255 3.14 2 13 22 
-4.57632 -3.62534  57.9501 255 255 255 3.14 3 13 18 22 
-2.31134 -3.32542   56.473 255 255 255 3.14 2 13 22 
-5.49491 -3.67898  58.5567 255 255 255 3.14 3 13 18 22 
-2.25174 -3.24962  56.5337 255 255 255 3.14 2 13 22 
-4.55556 -3.51371  57.8331 255 255 255 3.14 2 13 22 
-7.04452 -3.79244  59.5702 255 255 255 3.14 2 13 22 
4.00088 -2.2162 56.6003 255 255 255 3.14 2 13 22 
-2.26476 -3.14972   56.396 255 255 255 3.14 2 13 22 
-1.55737 -3.04588  56.0096 255 255 255 3.14 2 13 22 
-1.61984 -2.94837  55.9071 255 255 255 3.14 2 13 22 
-1.69649 -2.83566  55.8714 255 255 255 3.14 2 13 22 
-2.42586 -2.86111  56.1844 255 255 255 3.14 2 13 22 
  8.13918 -0.961027   60.2567 255 255 255 3.14 2 13 22 
-4.32631 -3.04105  56.8313 255 255 255 3.14 2 13 22 
 2.84171 -1.98117  55.7639 255 255 255 3.14 2 13 22 
0.896476 -2.27952  54.9934 255 255 255 3.14 3 13 18 22 
0.759265 -2.25585  55.0101 255 255 255 3.14 2 13 22 
0.705672 -2.16523  54.9694 255 255 255 3.14 2 13 22 
-6.30988 -3.06113  57.9238 255 255 255 3.14 2 13 22 
0.641811 -2.13103  54.9988 255 255 255 3.14 3 13 18 22 
 1.12414 -2.04087  54.8019 255 255 255 3.14 2 13 22 
-1.17026 -2.20284  55.3584 255 255 255 3.14 3 13 18 22 
-1.00198 -2.17577  55.3336 255 255 255 3.14 2 13 22 
 1.90803 -1.71785  54.7827 255 255 255 3.14 2 13 22 
-6.12473 -2.74955  57.3281 255 255 255 3.14 2 13 22 
 1.92468 -1.60383  54.9485 255 255 255 3.14 2 13 22 
-1.17954  -2.0593  55.2347 255 255 255 3.14 2 13 22 
-9.96034 -2.92587   61.535 255 255 255 3.14 2 13 22 
-0.925691  -1.98391   55.1446 255 255 255 3.14 2 13 22 
-0.0481695   -1.75703    54.8771 255 255 255 3.14 3 13 18 22 
0.125866 -1.69642  54.8758 255 255 255 3.14 2 13 22 
-1.02468 -1.79384  54.9973 255 255 255 3.14 2 13 22 
-0.00796289     -1.6596     54.7785 255 255 255 3.14 2 13 22 
-6.49276 -2.37681  57.0873 255 255 255 3.14 2 13 22 
-4.07923 -2.06598  55.8982 255 255 255 3.14 2 13 22 
-3.88922  -1.9579   55.785 255 255 255 3.14 2 13 22 
-4.01393 -1.96985  55.7234 255 255 255 3.14 2 13 22 
-3.60924 -1.91052  55.6098 255 255 255 3.14 2 13 22 
-5.74672 -2.12105  56.6281 255 255 255 3.14 3 13 18 22 
-4.20731 -1.95327  55.8849 255 255 255 3.14 2 13 22 
-5.88763  -2.1326  56.6931 255 255 255 3.14 3 13 18 22 
-3.67979 -1.83766  55.6257 255 255 255 3.14 2 13 22 
0.0591752  -1.21817   54.6214 255 255 255 3.14 2 13 22 
-2.90941 -1.60326  55.3103 255 255 255 3.14 2 13 22 
-2.90502 -1.51105  55.2955 255 255 255 3.14 3 13 18 22 
-2.68658 -1.41296  55.2379 255 255 255 3.14 2 13 22 
 8.64334 0.803984  60.5737 255 255 255 3.14 2 13 22 
0.0580593 -0.984733   54.5564 255 255 255 3.14 2 13 22 
-2.72477 -1.32759  55.1766 255 255 255 3.14 2 13 22 
-0.0334768  -0.641131    54.3305 255 255 255 3.14 3 13 18 22 
-6.62135 -1.35385  56.2498 255 255 255 3.14 2 13 22 
 -6.4546 -1.25864  56.0201 255 255 255 3.14 2 13 22 
 -2.36017 -0.780876   54.6675 255 255 255 3.14 2 13 22 
-0.881964   -0.5795   54.3189 255 255 255 3.14 3 13 18 22 
-0.555467 -0.470921   54.3719 255 255 255 3.14 3 13 18 22 
-7.19559   -1.242  56.2978 255 255 255 3.14 2 13 22 
-6.60457  -1.1731  56.1006 255 255 255 3.14 3 13 18 22 
-7.49274 -1.24835  56.5046 255 255 255 3.14 2 13 22 
 -4.44906 -0.943834   54.8583 255 255 255 3.14 2 13 22 
-0.356811 -0.374697   54.3349 255 255 255 3.14 3 13 18 22 
 -4.11502 -0.775262   54.7051 255 255 255 3.14 2 13 22 
 -4.61847 -0.803434   54.8658 255 255 255 3.14 2 13 22 
 -4.05361 -0.690517   54.7601 255 255 255 3.14 2 13 22 
 -3.77888 -0.597224   54.4759 255 255 255 3.14 2 13 22 
 -4.51714 -0.662143   54.7586 255 255 255 3.14 2 13 22 
 -4.68377 -0.625193    54.786 255 255 255 3.14 2 13 22 
 -3.71245 -0.515693   54.4134 255 255 255 3.14 3 13 18 22 
 -4.16953 -0.487968   54.6003 255 255 255 3.14 3 13 18 22 
 -6.83261 -0.683855   55.9719 255 255 255 3.14 3 13 18 22 
 -3.61321 -0.313238   54.2573 255 255 255 3.14 2 13 22 
 -4.52715 -0.395138   54.6657 255 255 255 3.14 2 13 22 
  -3.9955 -0.294334   54.4288 255 255 255 3.14 2 13 22 
 -3.64644 -0.220638   54.1725 255 255 255 3.14 3 13 18 22 
 -6.64813 -0.474848   55.7756 255 255 255 3.14 2 13 22 
0.524189   0.4279  54.1897 255 255 255 3.14 2 13 22 
 -4.30215 -0.238958   54.3787 255 255 255 3.14 2 13 22 
 -6.72927 -0.382112   55.6632 255 255 255 3.14 2 13 22 
  -3.25159 -0.0815809    53.8969 255 255 255 3.14 3 13 18 22 
    -3.149 -0.0548906    53.9306 255 255 255 3.14 3 13 18 22 
0.488263 0.510654  54.1397 255 255 255 3.14 3 13 18 22 
 -2.98873 0.0252562   53.9895 255 255 255 3.14 3 13 18 22 
0.236388 0.502567  54.1188 255 255 255 3.14 3 13 18 22 
 0.54371 0.588874  54.1262 255 255 255 3.14 3 13 18 22 
 -4.38802 -0.083942   54.4253 255 255 255 3.14 2 13 22 
0.123742 0.544071  54.0393 255 255 255 3.14 3 13 18 22 
 -3.08353 0.0887518   53.9277 255 255 255 3.14 3 13 18 22 
  -3.2899 0.0891892   53.8816 255 255 255 3.14 3 13 18 22 
0.220268 0.624195  54.0568 255 255 255 3.14 3 13 18 22 
0.491066 0.677542  54.0727 255 255 255 3.14 3 13 18 22 
 -6.72735 -0.178258   55.5279 255 255 255 3.14 2 13 22 
0.313714 0.681637  54.0728 255 255 255 3.14 3 13 18 22 
0.439694 0.720129  54.1179 255 255 255 3.14 3 13 18 22 
 -4.41315 0.0575997   54.3831 255 255 255 3.14 2 13 22 
-3.18016 0.192608  53.8528 255 255 255 3.14 2 13 22 
0.190715 0.716128  53.9828 255 255 255 3.14 3 13 18 22 
0.244559 0.733318  54.0417 255 255 255 3.14 2 13 22 
 0.45819 0.821187  54.0954 255 255 255 3.14 2 13 22 
 -6.34306 0.0217622   55.5481 255 255 255 3.14 3 13 18 22 
-4.50845 0.140077  54.3681 255 255 255 3.14 2 13 22 
-3.28872 0.279967  53.8213 255 255 255 3.14 2 13 22 
  -6.65867 0.00671785    55.4807 255 255 255 3.14 2 13 22 
0.181645 0.818195  53.9568 255 255 255 3.14 3 13 18 22 
-0.0923801   0.778744    53.8965 255 255 255 3.14 3 13 18 22 
 -6.50083 0.0555143   55.4817 255 255 255 3.14 3 13 18 22 
0.163477  0.88737  53.9437 255 255 255 3.14 3 13 18 22 
-0.290454  0.797472   53.7345 255 255 255 3.14 2 13 22 
 -6.81582 0.0824467   55.5451 255 255 255 3.14 2 13 22 
0.0381031  0.901246   53.8968 255 255 255 3.14 3 13 18 22 
-0.0577017   0.897453    53.8208 255 255 255 3.14 2 13 22 
-6.40947 0.209327  55.4102 255 255 255 3.14 3 13 18 22 
0.0552622  0.992218   53.8984 255 255 255 3.14 4 12 13 18 22 
-6.63898 0.223286  55.4198 255 255 255 3.14 2 13 22 
-0.0944617     1.0183    53.7861 255 255 255 3.14 3 13 18 22 
-0.252143   1.00264   53.7814 255 255 255 3.14 3 13 18 22 
-3.39706 0.557015  53.7219 255 255 255 3.14 2 13 18 
-6.72508 0.305047  55.3957 255 255 255 3.14 2 13 22 
-3.30293 0.603083  53.7332 255 255 255 3.14 3 13 18 22 
-6.02736 0.423006  55.2916 255 255 255 3.14 2 13 22 
-5.93264 0.496378  55.2921 255 255 255 3.14 2 13 22 
-0.281838   1.14737   53.8428 255 255 255 3.14 2 13 22 
-0.14461  1.15105  53.7433 255 255 255 3.14 3 13 18 22 
-5.83051 0.530281   55.214 255 255 255 3.14 2 13 22 
 -3.6246 0.670252  53.7709 255 255 255 3.14 2 13 22 
-3.50615 0.816183  53.6509 255 255 255 3.14 2 13 22 
-3.61558 0.830912  53.6816 255 255 255 3.14 2 13 22 
-9.94493 0.953993  57.6416 255 255 255 3.14 2 13 22 
-6.20701  1.18011  54.9332 255 255 255 3.14 3 13 18 22 
-7.90796  1.06521  55.6855 255 255 255 3.14 2 13 22 
-8.01201  1.08945  55.6076 255 255 255 3.14 2 13 22 
-7.91139  1.20032  55.6675 255 255 255 3.14 2 13 22 
-7.7101 1.22164 55.5935 255 255 255 3.14 3 13 18 22 
-7.99955  1.22262  55.5998 255 255 255 3.14 2 13 22 
-6.33452   1.3677  54.8699 255 255 255 3.14 2 13 22 
-2.1001 1.71668 53.1487 255 255 255 3.14 3 13 18 22 
-3.24752  1.59747  53.2929 255 255 255 3.14 2 13 22 
-2.52298  1.69282  53.1985 255 255 255 3.14 3 13 18 22 
-6.41287  1.39404  54.8069 255 255 255 3.14 2 13 22 
-1.76548  1.81596  53.2173 255 255 255 3.14 2 13 22 
-1.62627  1.83347  53.1955 255 255 255 3.14 2 13 22 
-3.70808  1.62716  53.3821 255 255 255 3.14 3 13 18 22 
-7.85486  1.36153  55.4959 255 255 255 3.14 2 13 22 
-8.73588  1.35661  55.9338 255 255 255 3.14 2 13 22 
-2.0739 1.86943 53.1098 255 255 255 3.14 3 13 18 22 
-3.81926  1.67096  53.3647 255 255 255 3.14 2 13 22 
-1.97565  1.89761  53.1087 255 255 255 3.14 3 13 18 22 
-1.4443 1.98986 53.2467 255 255 255 3.14 3 13 18 22 
-2.14417  1.93558  53.1098 255 255 255 3.14 2 13 18 
-1.89806  1.97276   53.074 255 255 255 3.14 3 13 18 22 
-2.03648  1.97904  53.1258 255 255 255 3.14 4 11 13 18 22 
-1.46561   2.2034  53.2968 255 255 255 3.14 2 13 18 
-6.3929 1.75869 54.6645 255 255 255 3.14 2 13 22 
-3.76549  1.94159   53.374 255 255 255 3.14 2 13 22 
-7.73348  1.71626  55.3708 255 255 255 3.14 2 13 22 
-1.48557  2.30887  53.3466 255 255 255 3.14 3 13 18 22 
-7.64302  1.82812  55.3214 255 255 255 3.14 2 13 22 
-4.28756   2.0257  53.4709 255 255 255 3.14 2 13 22 
-4.13595  2.05475  53.3474 255 255 255 3.14 2 13 22 
-6.27367  2.08293  54.5381 255 255 255 3.14 2 13 22 
-4.14184  2.24452  53.2237 255 255 255 3.14 2 13 22 
-0.0585226    3.00854    54.3804 255 255 255 3.14 2 13 22 
 -7.835 2.16596 55.3291 255 255 255 3.14 2 13 22 
-4.18995  2.36862  53.2762 255 255 255 3.14 2 13 22 
-0.770226   2.91021   53.3309 255 255 255 3.14 2 13 22 
-7.79642  2.31367  55.2816 255 255 255 3.14 2 13 22 
-6.54662   2.3677  54.5543 255 255 255 3.14 2 13 22 
-5.99105  2.43438  54.2979 255 255 255 3.14 2 13 22 
-2.52801  2.70595  52.9392 255 255 255 3.14 3 13 18 22 
-6.40863  2.42144  54.3839 255 255 255 3.14 2 13 22 
-6.12302   2.4681  54.3729 255 255 255 3.14 3 13 18 22 
-6.22962  2.48672  54.3888 255 255 255 3.14 3 13 18 22 
-0.196301   3.33831   54.2531 255 255 255 3.14 2 13 22 
-8.99999  2.41025  55.8258 255 255 255 3.14 2 13 22 
-8.00919  2.45168  55.3051 255 255 255 3.14 3 13 18 22 
-6.34872  2.54042  54.4277 255 255 255 3.14 3 13 18 22 
-4.19606  2.68014  53.2172 255 255 255 3.14 3 13 18 22 
-0.208879    3.5055   54.1794 255 255 255 3.14 2 13 22 
-8.02331  2.64873  55.1758 255 255 255 3.14 2 13 22 
-6.19941  2.73568  54.2362 255 255 255 3.14 2 13 22 
-4.13469  2.85743   53.147 255 255 255 3.14 2 13 22 
-6.00673  2.84675   54.161 255 255 255 3.14 2 13 18 
-5.9288 3.00119 54.0847 255 255 255 3.14 2 13 22 
-3.50308   3.1438  52.8567 255 255 255 3.14 2 13 22 
-4.13828  3.09803  52.9857 255 255 255 3.14 3 13 18 22 
-4.22473  3.13984  53.0191 255 255 255 3.14 3 13 18 22 
-1.33035  3.57777  53.2321 255 255 255 3.14 2 13 22 
-5.98394  3.10973  53.9801 255 255 255 3.14 2 13 22 
-4.06435  3.18152  52.8717 255 255 255 3.14 2 13 22 
-2.7527 3.35093 52.8221 255 255 255 3.14 2 13 22 
-0.460544   3.89412   54.0482 255 255 255 3.14 3 13 18 22 
-3.97096  3.21168  52.8946 255 255 255 3.14 3 13 18 22 
-2.92572  3.36046   52.786 255 255 255 3.14 3 13 18 22 
-3.05865  3.38154  52.7771 255 255 255 3.14 3 13 18 22 
-2.97082  3.45416  52.7439 255 255 255 3.14 3 13 18 22 
-1.39164  3.73906  53.0382 255 255 255 3.14 2 13 22 
-2.56278  3.54305  52.7414 255 255 255 3.14 3 13 18 22 
-8.31207  3.21372   55.093 255 255 255 3.14 2 13 22 
-5.75832  3.32658  53.7976 255 255 255 3.14 2 13 22 
-0.566392   4.07216   54.0042 255 255 255 3.14 2 13 22 
-2.81919   3.5425  52.6979 255 255 255 3.14 3 13 18 22 
-6.79796  3.29396  54.1879 255 255 255 3.14 2 13 22 
-5.65978   3.3713  53.7687 255 255 255 3.14 2 13 22 
-2.44367  3.68546  52.7108 255 255 255 3.14 3 13 18 22 
-5.54504  3.46561  53.7126 255 255 255 3.14 3 13 18 22 
-2.25121  3.73874  52.7598 255 255 255 3.14 3 13 18 22 
-2.35318  3.75813  52.7762 255 255 255 3.14 2 13 22 
-5.64458  3.49659   53.686 255 255 255 3.14 2 13 22 
-1.97884  3.83754  52.8158 255 255 255 3.14 3 13 18 22 
-2.06349  3.82547  52.7929 255 255 255 3.14 3 13 18 22 
-2.19027   3.8336  52.7847 255 255 255 3.14 2 13 22 
-2.00225  3.92984  52.7871 255 255 255 3.14 3 13 18 22 
-5.71335    3.672  53.5796 255 255 255 3.14 2 13 22 
-7.8025 3.61889 54.5245 255 255 255 3.14 2 13 22 
-7.69883  3.65826  54.5063 255 255 255 3.14 2 13 22 
-5.70198  3.74317  53.5451 255 255 255 3.14 2 13 22 
-2.02114  4.13547  52.7552 255 255 255 3.14 4 11 13 18 22 
-6.21026  3.75606  53.6545 255 255 255 3.14 2 13 22 
-6.06576  3.76397  53.6147 255 255 255 3.14 2 13 22 
-7.92305  3.71607  54.5893 255 255 255 3.14 2 13 22 
-2.15523  4.17542  52.6809 255 255 255 3.14 3 13 18 22 
-5.4195 3.95397 53.2897 255 255 255 3.14 3 13 18 22 
-6.63543  3.89771  53.7987 255 255 255 3.14 2 13 22 
-2.06327  4.36864  52.7163 255 255 255 3.14 4 12 13 18 22 
-5.22468  4.07142  53.1572 255 255 255 3.14 3 13 18 22 
-2.12274  4.45677  52.6843 255 255 255 3.14 2 13 22 
-1.94981   4.5612  52.7435 255 255 255 3.14 2 13 22 
-2.09171  4.55228   52.667 255 255 255 3.14 3 13 18 22 
-5.00162  4.32752  52.9554 255 255 255 3.14 2 13 22 
-0.813916   5.31152   53.8632 255 255 255 3.14 2 13 22 
-3.76728  4.68599  52.4333 255 255 255 3.14 2 13 22 
-10.2616   4.6234  55.9426 255 255 255 3.14 2 13 18 
-4.81718  4.73778  52.6627 255 255 255 3.14 2 13 22 
-4.87361  4.83978  52.5631 255 255 255 3.14 2 13 22 
-4.04391  4.96742  52.3383 255 255 255 3.14 2 13 22 
-4.73526  4.99476  52.5302 255 255 255 3.14 2 13 22 
-4.88489  5.07344  52.6228 255 255 255 3.14 2 13 22 
-5.22987   5.2492  52.6219 255 255 255 3.14 3 13 18 22 
-5.13903   5.3304  52.4615 255 255 255 3.14 2 13 22 
-1.48397  6.86967  53.3497 255 255 255 3.14 2 13 22 
-1.55003  6.94549   53.319 255 255 255 3.14 2 13 22 
-1.60028  7.02352  53.2292 255 255 255 3.14 3 13 18 22 
-1.71752  7.16382  53.1177 255 255 255 3.14 2 13 22 
-1.60623  7.29252  53.2834 255 255 255 3.14 2 13 22 
-1.70382  7.28185  53.2266 255 255 255 3.14 2 13 22 
-1.66573  7.35662  53.2041 255 255 255 3.14 2 13 22 
6.35584 11.4867 63.3983 255 255 255 3.14 2 13 22 
-1.6368 7.84409 53.0391 255 255 255 3.14 2 13 22 
6.25829 11.5517 63.3572 255 255 255 3.14 2 13 22 
6.19335 11.7659 63.3869 255 255 255 3.14 2 13 22 
-2.44921  7.86134  52.1435 255 255 255 3.14 3 13 18 22 
-3.17709  7.72641  51.8731 255 255 255 3.14 2 13 18 
-3.06819  7.75063  51.8638 255 255 255 3.14 3 13 18 22 
-2.6879 7.84052  52.016 255 255 255 3.14 2 13 22 
-2.36781  7.95402  52.2071 255 255 255 3.14 2 13 22 
-2.60678  7.90519  52.0378 255 255 255 3.14 2 13 22 
-2.2985 8.02403 52.2825 255 255 255 3.14 2 13 22 
6.18165 12.0895 63.3176 255 255 255 3.14 2 13 22 
-2.65668  8.00151   52.047 255 255 255 3.14 2 13 18 
-2.83673  7.96886  51.9133 255 255 255 3.14 3 13 18 22 
-3.00991  7.94579  51.8739 255 255 255 3.14 3 13 18 22 
-1.7996 8.36925 52.7846 255 255 255 3.14 2 13 22 
-2.13235  8.32851  52.5636 255 255 255 3.14 2 13 22 
-1.98144  8.47416  52.8276 255 255 255 3.14 2 13 22 
-3.43384  8.02691  51.7649 255 255 255 3.14 2 13 22 
-2.05509  8.56024  52.7879 255 255 255 3.14 2 13 22 
-3.33619  8.24577  51.7981 255 255 255 3.14 2 13 22 
-5.41688  8.02893  51.6806 255 255 255 3.14 2 13 22 
-5.67544  8.07902  51.7919 255 255 255 3.14 2 13 22 
-2.17624  8.95283  52.5978 255 255 255 3.14 2 13 22 
-3.69204  7.44349  47.5534 255 255 255 3.14 2 13 18 
-2.23096  9.16647  52.5801 255 255 255 3.14 2 13 22 
-3.31191  9.07178  51.6443 255 255 255 3.14 2 13 22 
-2.27833  9.49663  52.5061 255 255 255 3.14 2 13 22 
-3.18266  9.27869   51.608 255 255 255 3.14 2 13 22 
-3.30977  9.29202  51.5946 255 255 255 3.14 2 13 22 
-2.40004  9.76602   52.366 255 255 255 3.14 2 13 22 
-2.88143  9.77877   51.686 255 255 255 3.14 2 13 22 
-3.0315 9.80192 51.5787 255 255 255 3.14 2 13 22 
-2.97671  9.97218  51.5741 255 255 255 3.14 2 13 22 
-3.26719  10.0338   51.434 255 255 255 3.14 3 13 18 22 
-3.29276  10.1157  51.4106 255 255 255 3.14 3 13 18 22 
5.32347 14.8861  62.935 255 255 255 3.14 2 13 22 
-3.14716   10.214  51.4433 255 255 255 3.14 2 13 22 
-3.31385  10.2102  51.3614 255 255 255 3.14 2 13 22 
5.22573 14.9839 62.9627 255 255 255 3.14 2 13 22 
-3.18822  10.3151  51.4056 255 255 255 3.14 2 13 22 
-3.35593  10.2998  51.3771 255 255 255 3.14 3 13 18 22 
-3.3525 10.3693 51.3659 255 255 255 3.14 3 13 18 22 
-3.2417 10.4927 51.3451 255 255 255 3.14 3 13 18 22 
 5.2101 15.2745 62.8431 255 255 255 3.14 2 13 22 
-3.35235  10.5314  51.3445 255 255 255 3.14 3 13 18 22 
-3.30612  10.5839   51.373 255 255 255 3.14 2 13 22 
-3.39111   10.717    51.29 255 255 255 3.14 2 13 22 
-3.3543 10.9064 51.2679 255 255 255 3.14 3 13 18 22 
-3.38424  11.0075  51.2353 255 255 255 3.14 2 13 22 
-12.021 11.2488 54.4883 255 255 255 3.14 2 13 22 
-3.28038  11.0956  51.2323 255 255 255 3.14 3 13 18 22 
-11.108 11.2099  53.905 255 255 255 3.14 2 13 22 
-4.48297  10.9775  51.1594 255 255 255 3.14 3 13 18 22 
-2.89843  11.3772  51.6229 255 255 255 3.14 2 13 22 
-4.55379  11.0421  51.1075 255 255 255 3.14 3 13 18 22 
-4.41374  11.1174  51.1431 255 255 255 3.14 3 13 18 22 
-4.51587  11.1455  51.1156 255 255 255 3.14 3 13 18 22 
-4.69717  11.2442   51.039 255 255 255 3.14 3 13 18 22 
-4.58123  11.2694   51.069 255 255 255 3.14 3 13 18 22 
-4.39363  11.3244  51.0899 255 255 255 3.14 3 13 18 22 
-4.31218  11.3867  51.1073 255 255 255 3.14 2 13 22 
-4.62615  11.3617  51.0745 255 255 255 3.14 3 13 18 22 
-4.31436  11.4711  51.0267 255 255 255 3.14 3 13 18 22 
-12.026 11.9137  54.267 255 255 255 3.14 2 13 22 
-4.73514  11.6755  50.9904 255 255 255 3.14 3 13 18 22 
-4.45686  11.6854  50.9477 255 255 255 3.14 3 13 18 22 
-4.24645  11.7435  50.9949 255 255 255 3.14 2 13 22 
-4.66228  11.7348   50.961 255 255 255 3.14 3 13 18 22 
-5.03518  11.7254  50.9854 255 255 255 3.14 3 13 18 22 
-12.1555  12.1721   54.225 255 255 255 3.14 2 13 22 
-4.46042  11.8319   50.939 255 255 255 3.14 3 13 18 22 
-4.67659  11.8317   50.978 255 255 255 3.14 3 13 18 22 
-3.4319 12.0497 51.1559 255 255 255 3.14 2 13 22 
-4.55346  11.8903     50.9 255 255 255 3.14 2 13 22 
-3.1974 12.2192 51.3501 255 255 255 3.14 2 13 22 
-4.37524  11.9648  50.9596 255 255 255 3.14 3 13 18 22 
-3.30395  12.2013    51.15 255 255 255 3.14 3 13 18 22 
-3.41024  12.1849  51.0887 255 255 255 3.14 3 13 18 22 
-5.4054  11.989 50.9742 255 255 255 3.14 2 13 22 
-3.47569  12.2841  51.0901 255 255 255 3.14 2 13 22 
-11.6947  12.4638  53.6108 255 255 255 3.14 2 13 22 
-3.51588   12.371  51.0657 255 255 255 3.14 2 13 22 
-11.5034  12.5444  53.6696 255 255 255 3.14 2 13 22 
-11.5233  12.5831  53.5012 255 255 255 3.14 2 13 22 
-3.59815  12.4846  51.0672 255 255 255 3.14 2 13 22 
4.29486 17.4789 62.1509 255 255 255 3.14 2 13 22 
-9.6963 12.4259 52.2509 255 255 255 3.14 2 13 22 
-3.58351   12.601  51.0258 255 255 255 3.14 2 13 22 
 4.1879 17.6001 62.0284 255 255 255 3.14 2 13 22 
-3.82549  12.6223  50.9323 255 255 255 3.14 3 13 18 22 
-3.73942  12.6734  50.9341 255 255 255 3.14 3 13 18 22 
4.19133   17.74 62.0672 255 255 255 3.14 2 13 22 
-3.90887  12.6942  50.9432 255 255 255 3.14 2 13 22 
-3.63171  12.7619  50.9668 255 255 255 3.14 2 13 22 
-4.07011  12.6975  50.8537 255 255 255 3.14 2 13 22 
-3.81121  12.7747  50.9298 255 255 255 3.14 2 13 22 
-7.77009  12.5227  51.1803 255 255 255 3.14 2 13 22 
-4.14956  12.7552   50.821 255 255 255 3.14 2 13 18 
-3.99661  12.8394  50.8884 255 255 255 3.14 2 13 22 
-4.1039 12.8515 50.8268 255 255 255 3.14 3 13 18 22 
-4.20389  12.8592   50.816 255 255 255 3.14 3 13 18 22 
3.84273 18.0944 62.0807 255 255 255 3.14 2 13 22 
-4.10864  12.9859  50.8279 255 255 255 3.14 2 13 22 
-4.2717 12.9719 50.7652 255 255 255 3.14 3 13 18 22 
-6.38025  12.8268  50.8215 255 255 255 3.14 3 13 18 22 
-4.28448   13.083  50.7568 255 255 255 3.14 2 13 22 
-4.50201   13.091  50.7738 255 255 255 3.14 3 13 18 22 
3.59238 18.3389 62.0314 255 255 255 3.14 2 13 22 
-6.25881   13.012   50.791 255 255 255 3.14 3 13 18 22 
-6.16713  13.0354  50.8201 255 255 255 3.14 3 13 18 22 
-4.59467  13.1518  50.7274 255 255 255 3.14 2 13 22 
-4.68926  13.2034  50.7045 255 255 255 3.14 3 13 18 22 
-6.14601  13.0791  50.6992 255 255 255 3.14 2 13 22 
-6.04363  13.1101  50.7269 255 255 255 3.14 3 13 18 22 
3.34845 18.4296 61.8553 255 255 255 3.14 2 13 22 
-5.96935  13.1405  50.7169 255 255 255 3.14 3 13 18 22 
-6.26159  13.1088  50.6918 255 255 255 3.14 3 13 18 22 
-4.51635  13.2918  50.7175 255 255 255 3.14 3 13 18 22 
3.46363  18.533 61.9772 255 255 255 3.14 2 13 22 
-6.18328  13.1875  50.7186 255 255 255 3.14 3 13 18 22 
-5.91763  13.2136  50.7073 255 255 255 3.14 3 13 18 22 
-4.79305  13.3445  50.6525 255 255 255 3.14 3 13 18 22 
-6.06826  13.2646  50.6998 255 255 255 3.14 3 13 18 22 
-4.61438  13.4058  50.6839 255 255 255 3.14 2 13 22 
-12.0995  13.8048  53.4484 255 255 255 3.14 2 13 22 
-4.70002  13.4154  50.6576 255 255 255 3.14 2 13 22 
-4.91282  13.4521  50.6771 255 255 255 3.14 3 13 18 22 
3.85715 18.7358 61.6065 255 255 255 3.14 2 13 22 
2.62697 19.2518 63.1898 255 255 255 3.14 2 13 22 
-4.84226  13.5253  50.6477 255 255 255 3.14 3 13 18 22 
-5.0227 13.5589 50.6788 255 255 255 3.14 2 13 22 
-12.2241  14.1104  53.4788 255 255 255 3.14 2 13 22 
-5.02016   13.748  50.6215 255 255 255 3.14 2 13 18 
-5.19904  13.8295  50.5056 255 255 255 3.14 3 13 18 22 
-5.05944  13.8976  50.5519 255 255 255 3.14 3 13 18 22 
-5.14734  13.9389  50.5362 255 255 255 3.14 3 13 18 22 
-5.36171  13.9215  50.5066 255 255 255 3.14 2 13 18 
-5.28563  13.9501  50.5192 255 255 255 3.14 3 13 18 22 
-5.64945  13.9486  50.5571 255 255 255 3.14 3 13 18 22 
-11.3806   14.335  52.7822 255 255 255 3.14 2 13 22 
-5.19225  14.0147  50.5071 255 255 255 3.14 3 13 18 22 
-5.81262  13.9945  50.5137 255 255 255 3.14 3 13 18 22 
-5.42147  14.0341   50.501 255 255 255 3.14 3 13 18 22 
-5.57429  14.0581  50.5505 255 255 255 3.14 3 13 18 22 
-4.29865  14.2893  50.6997 255 255 255 3.14 3 13 18 22 
-4.18113  14.3514  50.7409 255 255 255 3.14 3 13 18 22 
-11.0364  14.4399  52.4188 255 255 255 3.14 2 13 22 
-4.33496  14.3793  50.6954 255 255 255 3.14 2 13 22 
-6.18756  14.1905  50.5281 255 255 255 3.14 3 13 18 22 
-6.19493  14.2888  50.4962 255 255 255 3.14 3 13 18 22 
-6.29784  14.2717  50.4675 255 255 255 3.14 3 13 18 22 
-6.10622  14.3198  50.5115 255 255 255 3.14 3 13 18 22 
-8.25274  14.3121  50.8323 255 255 255 3.14 2 13 22 
-8.13325  14.2941  50.7319 255 255 255 3.14 2 13 22 
-6.24687  14.4594  50.4307 255 255 255 3.14 3 13 18 22 
-6.15853  14.5342  50.3596 255 255 255 3.14 2 13 22 
-6.03593  14.6026  50.4287 255 255 255 3.14 3 13 18 22 
-11.6238  15.1623  52.7358 255 255 255 3.14 2 13 22 
-6.16182  14.6805  50.3908 255 255 255 3.14 2 13 18 
-7.14072  14.6291  50.4151 255 255 255 3.14 2 13 22 
-5.93689   14.745  50.4188 255 255 255 3.14 2 13 18 
-8.22907  14.7169  50.6815 255 255 255 3.14 2 13 22 
-7.91697  14.7501  50.6039 255 255 255 3.14 2 13 22 
-6.02673  14.8403  50.3513 255 255 255 3.14 3 13 18 22 
-7.28227  14.8415  50.4834 255 255 255 3.14 2 13 22 
-12.7083   15.615  53.3614 255 255 255 3.14 2 13 22 
-7.45971  14.8372  50.4547 255 255 255 3.14 2 13 22 
-5.85315  15.0734  50.3756 255 255 255 3.14 2 13 22 
-8.49917  15.0034  50.5422 255 255 255 3.14 2 13 22 
-5.40046  15.4821   50.472 255 255 255 3.14 3 13 18 22 
-4.5364 15.6156 50.5986 255 255 255 3.14 2 13 22 
-6.25783  15.3921  50.3229 255 255 255 3.14 3 13 18 22 
-4.62586  15.6508  50.5799 255 255 255 3.14 3 13 18 22 
-6.45744  15.4216  50.3119 255 255 255 3.14 2 13 22 
-8.51583  15.3613  50.5639 255 255 255 3.14 2 13 22 
-6.56061  15.4239  50.3166 255 255 255 3.14 3 13 18 22 
-4.17836  15.7426  50.4896 255 255 255 3.14 2 13 22 
-4.99806  15.7394  50.5813 255 255 255 3.14 3 13 18 22 
-6.69412  15.4618  50.2694 255 255 255 3.14 3 13 18 22 
-6.48584  15.5046  50.2868 255 255 255 3.14 3 13 18 22 
-6.58937  15.5226  50.2752 255 255 255 3.14 3 13 18 22 
-4.89643  15.8197  50.5689 255 255 255 3.14 3 13 18 22 
-6.71698  15.5478  50.2273 255 255 255 3.14 3 13 18 22 
-6.39483  15.6039  50.2746 255 255 255 3.14 3 13 18 22 
-4.80438  15.8546  50.5156 255 255 255 3.14 3 13 18 22 
-6.6398  15.589 50.2648 255 255 255 3.14 3 13 18 22 
-6.82183  15.6489  50.4089 255 255 255 3.14 2 13 22 
-4.7085 15.9317 50.5939 255 255 255 3.14 3 13 18 22 
-6.5598 15.6336 50.2491 255 255 255 3.14 3 13 18 22 
-6.9005   15.65 50.2423 255 255 255 3.14 3 13 18 22 
-4.84724  16.0167  50.5626 255 255 255 3.14 2 13 22 
-4.72572  16.0803  50.5686 255 255 255 3.14 3 13 18 22 
-4.97045  16.1198  50.4831 255 255 255 3.14 2 13 22 
-7.22059  15.8279   50.215 255 255 255 3.14 3 13 18 22 
-9.00306  15.8835   50.629 255 255 255 3.14 2 13 22 
-4.89134   16.205  50.5112 255 255 255 3.14 2 13 22 
-5.00326  16.2379  50.4636 255 255 255 3.14 2 13 22 
-5.11476  16.2424  50.4568 255 255 255 3.14 3 13 18 22 
-9.03418  15.9989  50.6025 255 255 255 3.14 2 13 22 
-9.27454  16.0217  50.6131 255 255 255 3.14 2 13 22 
-9.13924  16.0195  50.5861 255 255 255 3.14 2 13 22 
-5.03479   16.334  50.4322 255 255 255 3.14 3 13 18 22 
-9.87379  16.2126  50.9885 255 255 255 3.14 2 13 22 
-8.57695  16.0508  50.3675 255 255 255 3.14 2 13 22 
-5.11859  16.4071  50.4096 255 255 255 3.14 3 13 18 22 
-4.33834  16.4028   50.222 255 255 255 3.14 2 13 22 
-5.27792  16.3681  50.3121 255 255 255 3.14 3 13 18 22 
-7.16938  16.2002  50.1986 255 255 255 3.14 2 13 22 
-4.40074  16.4407  50.1845 255 255 255 3.14 3 13 18 22 
-9.36375   16.319  50.7353 255 255 255 3.14 2 13 22 
-7.27393  16.2362  50.1765 255 255 255 3.14 2 13 18 
-5.35709  16.4882  50.2971 255 255 255 3.14 3 13 18 22 
-5.26609  16.5166  50.2984 255 255 255 3.14 3 13 18 22 
-10.6476  16.6833  51.6057 255 255 255 3.14 2 13 22 
-7.25262  16.3317  50.1655 255 255 255 3.14 3 13 18 22 
-5.27303  16.6206  50.2466 255 255 255 3.14 3 13 18 22 
-5.43559  16.6019  50.1763 255 255 255 3.14 3 13 18 22 
-12.2888  17.3413  52.8215 255 255 255 3.14 2 13 22 
-4.50947  16.7955  49.9856 255 255 255 3.14 2 13 22 
-12.1223  17.4183  52.6622 255 255 255 3.14 2 13 22 
-8.41859   16.628   50.301 255 255 255 3.14 2 13 22 
-8.27807   16.671   50.223 255 255 255 3.14 2 13 22 
-8.44127  16.7196  50.2838 255 255 255 3.14 2 13 22 
-4.59226  16.9667  49.9649 255 255 255 3.14 3 13 18 22 
-11.8513  17.6315  52.4446 255 255 255 3.14 2 13 22 
-4.82718  17.0713  49.9815 255 255 255 3.14 3 13 18 22 
-5.8016 17.0471 49.9639 255 255 255 3.14 2 13 22 
-5.4057 17.1077 49.9317 255 255 255 3.14 3 13 18 22 
-5.23265  17.1367   49.963 255 255 255 3.14 2 13 22 
-4.75151  17.1885  49.9071 255 255 255 3.14 3 13 18 22 
-5.78372  17.1444  49.9656 255 255 255 3.14 3 13 18 22 
-5.12925  17.2052  49.9753 255 255 255 3.14 3 13 18 22 
-5.54506  17.1862  49.9333 255 255 255 3.14 3 13 18 22 
-5.23632  17.2974  50.0409 255 255 255 3.14 2 13 22 
-4.89428  17.2482  49.8801 255 255 255 3.14 3 13 18 22 
-5.74507  17.2657  49.9856 255 255 255 3.14 3 13 18 22 
-5.30778  17.2592  49.9057 255 255 255 3.14 2 13 22 
-5.07941  17.3139  49.9193 255 255 255 3.14 3 13 18 22 
-11.0825  17.8047  51.8925 255 255 255 3.14 2 13 22 
-8.36018  17.2503   50.261 255 255 255 3.14 2 13 22 
-5.60585  17.3685  49.9829 255 255 255 3.14 3 13 18 22 
-5.27644  17.3957  49.9845 255 255 255 3.14 3 13 18 22 
-11.3573   17.915  52.0675 255 255 255 3.14 2 13 22 
-5.87928   17.347  49.9693 255 255 255 3.14 3 13 18 22 
-5.77948  17.3638  49.9716 255 255 255 3.14 3 13 18 22 
-5.70516  17.3829  49.9636 255 255 255 3.14 4 10 13 18 22 
-5.97033  17.4608  49.9719 255 255 255 3.14 3 13 18 22 
-5.74013  17.5074  49.9983 255 255 255 3.14 3 13 18 22 
-5.6289 17.5327 49.9918 255 255 255 3.14 3 13 18 22 
-6.06956  17.5266  50.0065 255 255 255 3.14 2 13 22 
-6.20719  17.5391  50.0474 255 255 255 3.14 2 13 18 
-5.82947  17.5964  50.0165 255 255 255 3.14 3 13 18 22 
-11.0759  18.1129  51.8304 255 255 255 3.14 2 13 22 
-8.78601  17.6152  50.3754 255 255 255 3.14 2 13 22 
-6.58083  17.6198  50.0301 255 255 255 3.14 3 13 18 22 
-5.84389  17.6668  49.9766 255 255 255 3.14 2 13 22 
-6.20818  17.6856  50.0285 255 255 255 3.14 3 13 18 22 
-9.03113  17.7159  50.4339 255 255 255 3.14 2 13 22 
-11.0007  18.1635  51.6485 255 255 255 3.14 2 13 22 
-7.08356   17.724  50.1146 255 255 255 3.14 3 13 18 22 
-8.36537  17.7374  50.2683 255 255 255 3.14 3 13 18 22 
-8.46643  17.7994  50.3173 255 255 255 3.14 2 13 22 
-9.23526  17.8473  50.5111 255 255 255 3.14 2 13 22 
-7.25579  17.8087  50.1368 255 255 255 3.14 3 13 18 22 
-7.14331  17.8038  50.0803 255 255 255 3.14 3 13 18 22 
-6.81532  17.8359   50.106 255 255 255 3.14 3 13 18 22 
-8.90176  17.8364  50.3606 255 255 255 3.14 2 13 22 
-7.02383   17.883  50.1453 255 255 255 3.14 3 13 18 22 
-9.18849  17.9336  50.5336 255 255 255 3.14 2 13 22 
-8.37764  17.9059   50.355 255 255 255 3.14 2 13 22 
-8.02881  17.9331  50.2258 255 255 255 3.14 3 13 18 22 
-7.71158  17.9293  50.1593 255 255 255 3.14 3 13 18 22 
-9.17641  18.0749  50.6173 255 255 255 3.14 2 13 22 
-8.30652  17.9455  50.2227 255 255 255 3.14 3 13 18 22 
-8.18321  17.9378  50.1534 255 255 255 3.14 2 13 22 
-9.31355  18.1447  50.6663 255 255 255 3.14 2 13 22 
-7.63417  18.0499  50.1747 255 255 255 3.14 2 13 22 
-10.5975  18.4145  51.3272 255 255 255 3.14 2 13 22 
-10.4898  18.4572  51.4023 255 255 255 3.14 2 13 22 
-9.49743  18.1873  50.6556 255 255 255 3.14 2 13 22 
-7.83222  18.1209  50.1972 255 255 255 3.14 2 13 22 
-7.71295  18.1392  50.2243 255 255 255 3.14 2 13 22 
-8.03181  18.1658  50.1713 255 255 255 3.14 2 13 22 
-10.3465  18.5089  51.1184 255 255 255 3.14 2 13 22 
-9.73967  18.4459  50.9008 255 255 255 3.14 2 13 22 
-10.2508  18.5958   51.106 255 255 255 3.14 2 13 22 
-9.55098  18.6076  50.9423 255 255 255 3.14 2 13 22 
-9.72746  18.6072  50.9346 255 255 255 3.14 2 13 22 
-10.0449  18.6373  50.9822 255 255 255 3.14 2 13 22 
-9.95947  18.6422  50.9599 255 255 255 3.14 3 13 18 22 
-9.63827  18.6687  50.9233 255 255 255 3.14 2 13 22 
-7.02767  18.6139  50.0504 255 255 255 3.14 2 13 22 
-4.69457  -3.8899  58.6173 255 255 255 3.14 2 13 22 
-0.986158  -6.70218   61.3373 255 255 255 3.14 3 13 18 22 
1.77248 -6.2451 61.4365 255 255 255 3.14 2 13 22 
2.01516 -6.2008 61.3019 255 255 255 3.14 2 13 22 
 -2.0171 -6.73397  61.7939 255 255 255 3.14 2 13 22 
-1.10795 -6.55549  61.4322 255 255 255 3.14 3 13 18 22 
-1.40067 -6.58844  61.3378 255 255 255 3.14 2 13 22 
-2.34728 -6.71119  61.9551 255 255 255 3.14 2 13 22 
-2.59456  -6.6668  61.6739 255 255 255 3.14 2 13 22 
0.469079 -6.12169  60.1189 255 255 255 3.14 2 13 22 
-2.42382 -6.57599  61.6723 255 255 255 3.14 2 13 22 
0.150802  -5.7968  59.5568 255 255 255 3.14 2 13 22 
-3.63963 -5.80933  60.8749 255 255 255 3.14 2 13 22 
   -3.48 -5.66954  60.6659 255 255 255 3.14 2 13 22 
-2.11327 -5.42391  59.7554 255 255 255 3.14 3 13 18 22 
 1.25867 -4.86271   57.783 255 255 255 3.14 2 13 22 
-4.26851 -5.61266  60.9989 255 255 255 3.14 2 13 22 
 6.90701 -3.84358  58.2487 255 255 255 3.14 2 13 22 
-3.46968 -5.48115  60.3498 255 255 255 3.14 2 13 22 
-0.62334 -5.04307  58.2903 255 255 255 3.14 2 13 22 
-2.99549 -5.37042  59.7713 255 255 255 3.14 2 13 22 
 6.69042 -3.79175  58.1734 255 255 255 3.14 2 13 22 
 3.01908 -4.38342  56.8169 255 255 255 3.14 2 13 22 
-3.00883 -5.30294  59.8206 255 255 255 3.14 2 13 22 
-3.78047 -5.41308  60.2905 255 255 255 3.14 2 13 22 
 7.23503 -3.65826  58.6408 255 255 255 3.14 3 13 18 22 
-1.81965 -5.09045  58.9357 255 255 255 3.14 2 13 22 
0.309351 -4.76682  57.0714 255 255 255 3.14 2 13 22 
 6.87153 -3.68018   58.188 255 255 255 3.14 2 13 22 
  7.3879 -3.55027  58.7033 255 255 255 3.14 2 13 22 
 -4.6361 -5.41871  61.1934 255 255 255 3.14 2 13 22 
 3.25669 -4.21677  56.4977 255 255 255 3.14 2 13 22 
 5.78006 -3.79105  57.5982 255 255 255 3.14 2 13 22 
-3.22973 -5.20113  59.8019 255 255 255 3.14 2 13 22 
 2.98752 -4.24256   56.663 255 255 255 3.14 2 13 22 
 5.90417 -3.76657  57.5272 255 255 255 3.14 2 13 22 
-1.79959 -4.95921  58.8476 255 255 255 3.14 3 13 18 22 
-0.593802  -4.77101   57.8951 255 255 255 3.14 3 13 18 22 
 7.23897 -3.48641  58.7148 255 255 255 3.14 2 13 22 
 7.81476 -3.36438  59.2473 255 255 255 3.14 2 13 22 
   2.949 -4.16154  56.4758 255 255 255 3.14 3 13 18 22 
 5.96007 -3.65451  57.6689 255 255 255 3.14 2 13 22 
-1.97862 -4.89342  58.7988 255 255 255 3.14 3 13 18 22 
-1.78938 -4.85489   58.785 255 255 255 3.14 3 13 18 22 
 1.40544 -4.35758  56.7688 255 255 255 3.14 3 13 18 22 
-2.13158 -4.84822  58.8059 255 255 255 3.14 2 13 22 
 7.17415 -3.33673  58.6841 255 255 255 3.14 3 13 18 22 
 3.11426 -4.02155  56.1454 255 255 255 3.14 2 13 22 
 3.49804 -3.92181  56.1699 255 255 255 3.14 2 13 22 
 5.70647 -3.54125  57.6634 255 255 255 3.14 2 13 22 
 -1.1198 -4.60803  57.6216 255 255 255 3.14 2 13 22 
 5.82173 -3.48617  57.7274 255 255 255 3.14 2 13 22 
 6.89185 -3.30051  58.3491 255 255 255 3.14 3 13 18 22 
-2.02552 -4.70951  58.4813 255 255 255 3.14 2 13 22 
 6.45109 -3.33364  58.0898 255 255 255 3.14 3 13 18 22 
 3.17331 -3.89467   56.099 255 255 255 3.14 3 13 18 22 
  3.3201 -3.86514  56.0411 255 255 255 3.14 2 13 22 
 5.65778 -3.39857  57.7793 255 255 255 3.14 2 13 22 
 6.00403 -3.32554  57.9064 255 255 255 3.14 3 13 18 22 
 2.39849 -3.93898  56.1158 255 255 255 3.14 2 13 18 
 3.71849 -3.70234   56.084 255 255 255 3.14 2 13 22 
 5.77555 -3.31584  57.7994 255 255 255 3.14 2 13 22 
 3.85928 -3.65228  56.1025 255 255 255 3.14 3 13 18 22 
 5.29338 -3.37835  57.4646 255 255 255 3.14 3 13 18 22 
5.56384 -3.3034 57.6968 255 255 255 3.14 3 13 18 22 
-1.29469 -4.36838  57.7604 255 255 255 3.14 2 13 22 
   4.744 -3.23124  57.2587 255 255 255 3.14 3 13 18 22 
-2.65385 -4.34203  58.0011 255 255 255 3.14 2 13 22 
 8.01901 -2.60948   58.926 255 255 255 3.14 2 13 22 
-2.16293 -4.25084  57.6953 255 255 255 3.14 2 13 22 
-2.29631 -4.23059  57.7441 255 255 255 3.14 2 13 22 
  3.8429 -3.27181  56.6129 255 255 255 3.14 2 13 22 
-2.71015 -4.24689   57.847 255 255 255 3.14 2 13 22 
-1.99955 -4.12334  57.4672 255 255 255 3.14 2 13 22 
-3.17834 -4.26301  58.3387 255 255 255 3.14 2 13 22 
 1.90111 -3.51715  55.7997 255 255 255 3.14 2 13 22 
 3.85891 -3.13821  56.7458 255 255 255 3.14 2 13 22 
-0.356232  -3.80362   56.4486 255 255 255 3.14 2 13 22 
 7.59303 -2.45301  59.0387 255 255 255 3.14 2 13 22 
-2.31041 -4.04852  57.7784 255 255 255 3.14 3 13 18 22 
 3.58689 -3.15267  56.6051 255 255 255 3.14 2 13 22 
 3.99164 -3.05585   56.989 255 255 255 3.14 2 13 22 
 6.18348 -2.68484  57.5283 255 255 255 3.14 2 13 22 
 7.86337 -2.35638  59.0194 255 255 255 3.14 2 13 22 
 1.70684 -3.43097  55.6995 255 255 255 3.14 2 13 22 
 3.72088 -3.08169  56.7351 255 255 255 3.14 3 13 18 22 
-3.01035 -4.09835  57.9464 255 255 255 3.14 2 13 22 
-2.59983 -4.01788   58.007 255 255 255 3.14 2 13 22 
 4.08631 -2.98636  56.9312 255 255 255 3.14 3 13 18 22 
-2.89068 -4.03569  58.0317 255 255 255 3.14 3 13 18 22 
-2.67476 -4.00326  57.6953 255 255 255 3.14 2 13 22 
8.06804 -2.2551  58.992 255 255 255 3.14 2 13 22 
-2.54227 -3.96016  57.8675 255 255 255 3.14 2 13 22 
-2.40415 -3.93446   57.665 255 255 255 3.14 2 13 22 
 3.92212 -2.95405  56.8758 255 255 255 3.14 3 13 18 22 
-2.90432  -3.9812  58.0964 255 255 255 3.14 2 13 22 
 5.39075 -2.70427  57.1296 255 255 255 3.14 2 13 22 
  -1.412 -3.76484  56.6192 255 255 255 3.14 2 13 22 
-1.23568 -3.73638   56.522 255 255 255 3.14 2 13 22 
-3.13819 -3.96359  57.8221 255 255 255 3.14 2 13 22 
 3.48768 -2.95213  56.6759 255 255 255 3.14 2 13 22 
 -3.4917 -3.98834  58.0217 255 255 255 3.14 2 13 22 
-1.53536 -3.73113  56.5509 255 255 255 3.14 2 13 22 
 8.02003 -2.10975  59.4041 255 255 255 3.14 2 13 22 
-1.11135 -3.64814   56.475 255 255 255 3.14 2 13 22 
 1.46932 -3.20395   55.516 255 255 255 3.14 3 13 18 22 
-4.46198 -4.02561  58.1119 255 255 255 3.14 2 13 22 
-1.55182 -3.61416  56.5955 255 255 255 3.14 2 13 22 
1.13977 -3.2346 55.4879 255 255 255 3.14 3 13 18 22 
 -2.1495 -3.67344  56.8789 255 255 255 3.14 2 13 22 
 5.09908 -2.52541  57.0007 255 255 255 3.14 3 13 18 22 
 -4.3708 -3.93949  58.3185 255 255 255 3.14 2 13 22 
-2.41739 -3.68325  57.1423 255 255 255 3.14 2 13 22 
-0.803913  -3.46792   56.1691 255 255 255 3.14 3 13 18 22 
-4.92613 -3.99836  58.8039 255 255 255 3.14 2 13 22 
 -2.5231 -3.63601  57.0218 255 255 255 3.14 2 13 22 
 1.16005 -3.10388  55.2842 255 255 255 3.14 2 13 22 
-5.89365 -4.02066  59.1743 255 255 255 3.14 2 13 22 
 4.81361 -2.41324  57.1509 255 255 255 3.14 2 13 22 
 -1.3579 -3.41077  56.3365 255 255 255 3.14 3 13 18 22 
-5.47471 -3.91959  59.0701 255 255 255 3.14 2 13 18 
 4.51145 -2.38349  57.0373 255 255 255 3.14 2 13 22 
 -6.3372 -3.97977  59.2707 255 255 255 3.14 2 13 22 
-6.24016 -3.89624  59.4296 255 255 255 3.14 3 13 18 22 
-2.35182 -3.40744   56.757 255 255 255 3.14 3 13 18 22 
-4.06897 -3.62332  57.7598 255 255 255 3.14 2 13 22 
 4.43884 -2.30315  56.9799 255 255 255 3.14 2 13 22 
-4.40517 -3.63491   57.906 255 255 255 3.14 2 13 22 
 -5.6183 -3.75577  58.6091 255 255 255 3.14 2 13 22 
-4.75819 -3.65099  57.9748 255 255 255 3.14 2 13 22 
 4.08626 -2.29351  56.6582 255 255 255 3.14 3 13 18 22 
 4.19669 -2.25923  56.6399 255 255 255 3.14 2 13 22 
-5.49097 -3.67008  58.4544 255 255 255 3.14 2 13 22 
 8.22096 -1.42236  59.8992 255 255 255 3.14 2 13 22 
-6.16924 -3.70753  58.9901 255 255 255 3.14 2 13 22 
-4.04977 -3.44056  57.5552 255 255 255 3.14 3 13 18 22 
-4.90717 -3.53046  58.0818 255 255 255 3.14 2 13 22 
 3.99345 -2.21913  56.5282 255 255 255 3.14 3 13 18 22 
-6.39581 -3.67786  59.1081 255 255 255 3.14 2 13 22 
-2.28777 -3.14222  56.4278 255 255 255 3.14 3 13 18 22 
 3.84736 -2.15398  56.6261 255 255 255 3.14 2 13 22 
-6.81209 -3.63224  59.2427 255 255 255 3.14 2 13 22 
 -2.5146 -3.10682  56.3276 255 255 255 3.14 3 13 18 22 
-6.71952 -3.59636  59.1539 255 255 255 3.14 3 13 18 22 
 3.54784 -2.12267  56.5908 255 255 255 3.14 2 13 22 
 -6.6921 -3.54259  59.0307 255 255 255 3.14 3 13 18 22 
-2.76769 -3.05174  56.1531 255 255 255 3.14 2 13 22 
 -2.6046 -2.88549  56.3255 255 255 255 3.14 2 13 22 
-6.95491 -3.30477  58.7224 255 255 255 3.14 2 13 22 
  8.22534 -0.861984   60.2616 255 255 255 3.14 2 13 22 
0.828885 -2.15038  54.8734 255 255 255 3.14 2 13 22 
-6.54339 -2.98907   58.028 255 255 255 3.14 2 13 22 
-5.51448 -2.74543  56.9482 255 255 255 3.14 2 13 22 
 1.90609 -1.73552  54.7627 255 255 255 3.14 2 13 22 
-6.25582 -2.81328   57.423 255 255 255 3.14 2 13 22 
  8.43236 -0.318066   60.3137 255 255 255 3.14 2 13 22 
-5.81778  -2.6972  57.0184 255 255 255 3.14 2 13 22 
 1.81189 -1.64755  54.7429 255 255 255 3.14 2 13 22 
 0.27349 -1.85348  54.9111 255 255 255 3.14 2 13 22 
-1.05958 -2.02935  55.2087 255 255 255 3.14 3 13 18 22 
-1.18111 -2.04078  55.1694 255 255 255 3.14 2 13 22 
1.89247 -1.4762 54.9176 255 255 255 3.14 2 13 22 
-5.97583 -2.51755  56.7879 255 255 255 3.14 2 13 22 
-5.60295 -2.44319  56.8057 255 255 255 3.14 2 13 22 
-0.22242 -1.71647  54.8279 255 255 255 3.14 2 13 22 
-4.27777 -2.23778  56.0877 255 255 255 3.14 2 13 22 
0.093022  -1.5924  54.7794 255 255 255 3.14 2 13 22 
-0.125277  -1.60764   54.8504 255 255 255 3.14 3 13 18 22 
-4.51659 -2.16657  56.0784 255 255 255 3.14 2 13 22 
-3.75237 -1.97193  55.7128 255 255 255 3.14 2 13 22 
-3.62103 -1.90398  55.6441 255 255 255 3.14 2 13 22 
 8.64362 0.554819  60.5223 255 255 255 3.14 2 13 22 
-3.73339 -1.71217  55.6204 255 255 255 3.14 2 13 22 
-2.66929 -1.41986  55.2145 255 255 255 3.14 2 13 22 
 8.64395 0.816758  60.6312 255 255 255 3.14 2 13 22 
 -1.36588 -0.977882   54.8383 255 255 255 3.14 2 13 22 
 -1.07614 -0.839791   54.5367 255 255 255 3.14 2 13 22 
-0.0518189  -0.649488    54.3281 255 255 255 3.14 3 13 18 22 
-6.60606 -1.35028  56.2277 255 255 255 3.14 2 13 22 
-6.80345 -1.30748  56.1546 255 255 255 3.14 2 13 22 
-0.621722 -0.554621   54.3866 255 255 255 3.14 3 13 18 22 
-6.44671  -1.2515  56.0106 255 255 255 3.14 2 13 22 
-0.891218 -0.568224   54.3476 255 255 255 3.14 3 13 18 22 
-7.47153  -1.2374  56.4793 255 255 255 3.14 2 13 22 
 -6.7893 -1.15526  56.0407 255 255 255 3.14 2 13 22 
 -4.38076 -0.838615   54.7075 255 255 255 3.14 2 13 22 
-6.99803 -1.00136  56.1657 255 255 255 3.14 3 13 18 22 
 -4.10859 -0.552151   54.6333 255 255 255 3.14 2 13 22 
 -7.09573 -0.808378    55.946 255 255 255 3.14 2 13 22 
 -3.25575 -0.389129   54.3049 255 255 255 3.14 2 13 22 
 -6.80029 -0.696516   55.9101 255 255 255 3.14 2 13 22 
 -4.22137 -0.376009   54.4923 255 255 255 3.14 2 13 22 
 -4.51836 -0.385609   54.6055 255 255 255 3.14 3 13 18 22 
 -3.72692 -0.292465   54.2783 255 255 255 3.14 3 13 18 22 
 -2.97109 -0.143879   54.0501 255 255 255 3.14 3 13 18 22 
 -3.63713 -0.214973   54.1974 255 255 255 3.14 3 13 18 22 
-4.89026 -0.32928  54.6884 255 255 255 3.14 2 13 22 
0.343744 0.382454  54.1579 255 255 255 3.14 3 13 18 22 
-4.32019 -0.23698  54.4077 255 255 255 3.14 2 13 22 
  -3.39287 -0.0960113    54.1201 255 255 255 3.14 2 13 22 
 -4.43001 -0.191501   54.5441 255 255 255 3.14 2 13 22 
  -3.11924 -0.0734771    53.8659 255 255 255 3.14 2 13 22 
  -3.25061 -0.0809239    53.8111 255 255 255 3.14 2 13 22 
 0.47052 0.505077  54.2036 255 255 255 3.14 4 7 13 18 22 
0.227326  0.49545  54.1133 255 255 255 3.14 3 13 18 22 
 -3.55806 0.0032636   54.1211 255 255 255 3.14 2 13 22 
0.131348 0.538125  54.0541 255 255 255 3.14 2 13 22 
 -3.28772 0.0674887   53.8621 255 255 255 3.14 2 13 22 
0.0348897  0.639489   54.0076 255 255 255 3.14 2 13 22 
0.306127  0.70423  54.0881 255 255 255 3.14 3 13 18 22 
 -4.40016 0.0629661    54.397 255 255 255 3.14 2 13 22 
8.65544 2.95911 61.7862 255 255 255 3.14 2 13 22 
   -6.6766 0.00352815    55.4859 255 255 255 3.14 3 13 18 22 
-0.107914  0.767005   53.9131 255 255 255 3.14 3 13 18 22 
9.17767 3.04023 61.3866 255 255 255 3.14 2 13 22 
 -6.52126 0.0579999   55.4971 255 255 255 3.14 3 13 18 22 
-0.42267 0.747652  53.8034 255 255 255 3.14 2 13 22 
-0.291564  0.814612   53.8167 255 255 255 3.14 3 13 18 22 
 -6.80845 0.0768068   55.5224 255 255 255 3.14 2 13 22 
-0.456952  0.905914   53.7968 255 255 255 3.14 3 13 18 22 
0.0562439   1.00596   53.8345 255 255 255 3.14 3 13 18 22 
-0.256729  0.994134    53.774 255 255 255 3.14 3 13 18 22 
-0.0984437    1.01535    53.7832 255 255 255 3.14 3 13 18 22 
-0.562156  0.964052   53.8038 255 255 255 3.14 3 13 18 22 
-3.41645 0.565353  53.7251 255 255 255 3.14 3 13 18 22 
-3.28885 0.595955  53.7387 255 255 255 3.14 3 13 18 22 
-6.72029 0.311505   55.383 255 255 255 3.14 2 13 22 
-0.408658   1.02204   53.7466 255 255 255 3.14 3 13 18 22 
-6.03986 0.425179  55.3062 255 255 255 3.14 2 13 22 
-0.138977    1.1546   53.7362 255 255 255 3.14 3 13 18 22 
-0.289239   1.13589   53.6988 255 255 255 3.14 3 13 18 22 
-6.05127 0.736817  55.1895 255 255 255 3.14 3 13 18 22 
-3.32327 0.946711  53.5267 255 255 255 3.14 2 13 22 
0.314034  1.91406  54.8611 255 255 255 3.14 2 13 22 
-8.90452  0.99748  56.1164 255 255 255 3.14 2 13 22 
-2.11843  1.70784  53.1518 255 255 255 3.14 3 13 18 22 
-2.53639  1.69154   53.217 255 255 255 3.14 3 13 18 22 
-1.63324  1.81617  53.1953 255 255 255 3.14 3 13 18 22 
-1.77688  1.80856  53.2234 255 255 255 3.14 2 13 22 
-1.40699  1.87341  53.2449 255 255 255 3.14 3 13 18 22 
-2.41844  1.76612  53.2414 255 255 255 3.14 3 13 18 22 
-2.29277  1.80149   53.106 255 255 255 3.14 3 13 18 22 
-2.1685 1.82461  53.121 255 255 255 3.14 3 13 18 22 
-1.96352  1.87226  53.0934 255 255 255 3.14 2 13 22 
-1.43474  1.98985  53.2524 255 255 255 3.14 3 13 18 22 
-6.26201  1.56533  54.8697 255 255 255 3.14 3 13 18 22 
-2.65697  1.90678  53.0939 255 255 255 3.14 3 13 18 22 
-2.33568  1.93845  53.0641 255 255 255 3.14 3 13 18 22 
-1.56739  2.16279   53.242 255 255 255 3.14 2 13 22 
-1.36718  2.21882  53.3897 255 255 255 3.14 2 13 22 
-3.75925  1.94776  53.3795 255 255 255 3.14 2 13 22 
-2.4431  2.1027 53.1017 255 255 255 3.14 3 13 18 22 
-1.31011  2.41047  53.3003 255 255 255 3.14 2 13 22 
-6.32138  1.92589  54.6123 255 255 255 3.14 2 13 22 
-4.18651  2.37801  53.3207 255 255 255 3.14 3 13 18 22 
-5.89335   2.4557  54.3732 255 255 255 3.14 2 13 22 
-6.11309  2.45298  54.3851 255 255 255 3.14 2 13 22 
-4.23552  2.54113  53.2668 255 255 255 3.14 2 13 22 
-6.33231  2.55331   54.454 255 255 255 3.14 3 13 18 22 
-0.217648   3.50002   54.1785 255 255 255 3.14 2 13 22 
-8.01573  2.65098  55.1899 255 255 255 3.14 2 13 22 
-4.12882  2.84687  53.1418 255 255 255 3.14 2 13 22 
-6.15701  2.81349  54.1561 255 255 255 3.14 2 13 22 
-0.224255   3.62178     54.07 255 255 255 3.14 2 13 22 
-4.07761  2.96973  53.0317 255 255 255 3.14 2 13 22 
-0.330562   3.68968   54.0597 255 255 255 3.14 2 13 22 
-2.69899  3.18343  52.8303 255 255 255 3.14 3 13 18 22 
-2.92523  3.18214  52.7893 255 255 255 3.14 3 13 18 22 
-3.50215  3.13246  52.8436 255 255 255 3.14 3 13 18 22 
-2.99427  3.26892  52.7685 255 255 255 3.14 3 13 18 22 
-2.74286  3.34556  52.8272 255 255 255 3.14 2 13 22 
-4.08307  3.19177  52.8806 255 255 255 3.14 2 13 22 
-3.95959  3.22423  52.9302 255 255 255 3.14 2 13 22 
-5.84193  3.15725  53.9366 255 255 255 3.14 2 13 22 
-2.90428  3.36075  52.7761 255 255 255 3.14 2 13 22 
-1.54669  3.58118  52.9787 255 255 255 3.14 2 13 22 
-0.468869   4.00988   54.0696 255 255 255 3.14 2 13 22 
-2.69043  3.50815  52.7792 255 255 255 3.14 2 13 22 
-2.97867  3.46809  52.7531 255 255 255 3.14 3 13 18 22 
-5.77486  3.33881  53.8039 255 255 255 3.14 3 13 18 22 
-1.58824  3.74194  52.9315 255 255 255 3.14 2 13 22 
-2.82574  3.55159  52.7018 255 255 255 3.14 3 13 18 22 
8.72222 6.97222 62.5897 255 255 255 3.14 2 13 22 
-2.56074  3.66036  52.7222 255 255 255 3.14 2 13 22 
-1.75137  3.80605   52.841 255 255 255 3.14 3 13 18 22 
-5.8583 3.47306 53.6824 255 255 255 3.14 2 13 22 
-7.6774 3.51322 54.4851 255 255 255 3.14 2 13 22 
-5.71509   3.6949  53.5384 255 255 255 3.14 2 13 22 
-7.86727  3.71552  54.5202 255 255 255 3.14 2 13 22 
-6.06262  3.77819  53.5892 255 255 255 3.14 2 13 22 
-5.31049  3.99017   53.329 255 255 255 3.14 2 13 22 
-5.43676  3.97245  53.2905 255 255 255 3.14 3 13 18 22 
-8.8752 3.91186 55.0992 255 255 255 3.14 2 13 22 
-5.58384  4.01626  53.3707 255 255 255 3.14 3 13 18 22 
-5.23903   4.0821  53.1662 255 255 255 3.14 3 13 18 22 
-6.08467  4.05015  53.5153 255 255 255 3.14 2 13 22 
-9.13165  4.08197  55.2558 255 255 255 3.14 2 13 22 
-5.09737  4.22291  53.1251 255 255 255 3.14 3 13 18 22 
-2.08661  4.55631   52.682 255 255 255 3.14 3 13 18 22 
-1.2339 4.77567  52.937 255 255 255 3.14 2 13 22 
-5.01124  4.34242  52.9706 255 255 255 3.14 3 13 18 22 
-1.95246  4.97529  52.6584 255 255 255 3.14 2 13 22 
-4.83366  4.74723  52.6616 255 255 255 3.14 3 13 18 22 
-4.6808 4.82575  52.566 255 255 255 3.14 2 13 22 
-1.95862  5.30808  52.7445 255 255 255 3.14 2 13 22 
-1.83476  5.30054  52.6179 255 255 255 3.14 2 13 22 
-4.87294  4.94231   52.583 255 255 255 3.14 2 13 22 
-4.7285 5.00336 52.5889 255 255 255 3.14 3 13 18 22 
-4.8888 5.06743 52.6068 255 255 255 3.14 2 13 22 
7.89924  9.0779 62.8979 255 255 255 3.14 2 13 22 
-5.26039  5.36483  52.5781 255 255 255 3.14 3 13 18 22 
-4.95741   5.4511  52.5726 255 255 255 3.14 2 13 22 
-1.5672 6.12149 52.8625 255 255 255 3.14 2 13 22 
-1.61852  7.02136  53.2443 255 255 255 3.14 2 13 22 
-1.52185  7.07927  53.3058 255 255 255 3.14 2 13 22 
-1.71578  7.15923  53.1642 255 255 255 3.14 2 13 22 
-1.59555   7.2798  53.2783 255 255 255 3.14 2 13 22 
-1.71147  7.29184  53.2233 255 255 255 3.14 2 13 22 
-1.65568  7.47785  53.1799 255 255 255 3.14 2 13 22 
6.41948 11.2639 63.3963 255 255 255 3.14 2 13 22 
-3.1108 7.26447 51.9904 255 255 255 3.14 2 13 18 
-1.6357 7.83988 53.0454 255 255 255 3.14 2 13 22 
6.29151 11.6814 63.3681 255 255 255 3.14 2 13 22 
-2.45848  7.86712  52.1918 255 255 255 3.14 2 13 22 
6.12983 11.9809 63.3576 255 255 255 3.14 2 13 22 
-2.69549  7.82066  51.9548 255 255 255 3.14 2 13 22 
-2.36686   7.9558  52.2198 255 255 255 3.14 2 13 22 
-1.91968  8.28729  52.9364 255 255 255 3.14 2 13 22 
-2.4603 8.00032 52.0711 255 255 255 3.14 2 13 22 
-2.83811  7.98574    51.96 255 255 255 3.14 2 13 22 
-3.02596  7.95581    51.89 255 255 255 3.14 3 13 18 22 
-3.15069  7.95558  51.8481 255 255 255 3.14 2 13 22 
-1.80758  8.38013  52.8093 255 255 255 3.14 2 13 22 
6.13255 12.3175 63.3302 255 255 255 3.14 2 13 22 
-2.06769  8.40346  52.8291 255 255 255 3.14 2 13 22 
-1.97933  8.47575  52.8305 255 255 255 3.14 2 13 22 
-2.06288  8.55661  52.7871 255 255 255 3.14 2 13 22 
-3.32359  8.12871  51.7576 255 255 255 3.14 2 13 22 
-3.43547  8.15177  51.7972 255 255 255 3.14 3 13 18 22 
-2.04429  8.67244  52.7683 255 255 255 3.14 2 13 22 
-3.43065  8.25407  51.7415 255 255 255 3.14 3 13 18 22 
-2.09201  8.85537  52.6606 255 255 255 3.14 2 13 22 
-2.2642 9.11208 52.6056 255 255 255 3.14 2 13 22 
-2.24285  9.15967  52.5816 255 255 255 3.14 2 13 22 
-3.65445  8.78181  51.6638 255 255 255 3.14 2 13 22 
-3.3971 9.03292 51.6278 255 255 255 3.14 2 13 22 
-2.26903  9.47155  52.4673 255 255 255 3.14 2 13 22 
-2.32935  9.67108  52.4196 255 255 255 3.14 2 13 22 
-2.88205  9.76706  51.6839 255 255 255 3.14 2 13 22 
-3.07977  9.89418   51.521 255 255 255 3.14 2 13 18 
-3.04319  10.0201  51.4586 255 255 255 3.14 3 13 18 22 
-3.28967  10.0741  51.4383 255 255 255 3.14 2 13 18 
-3.15139  10.0895  51.4374 255 255 255 3.14 3 13 18 22 
-3.2921 10.2105 51.3501 255 255 255 3.14 2 13 22 
5.21903 14.9826 62.9604 255 255 255 3.14 2 13 22 
-3.18277  10.3193  51.4187 255 255 255 3.14 2 13 22 
-3.3638 10.3227 51.3765 255 255 255 3.14 3 13 18 22 
-3.26202  10.4036  51.4335 255 255 255 3.14 2 13 22 
5.16396 15.1716  62.901 255 255 255 3.14 2 13 22 
-3.22922  10.4888  51.3497 255 255 255 3.14 3 13 18 22 
-3.35545  10.6554  51.3445 255 255 255 3.14 2 13 22 
-3.33115  10.6992  51.2963 255 255 255 3.14 2 13 18 
-3.2235 10.7517 51.3225 255 255 255 3.14 2 13 18 
-3.26532  10.8405  51.2864 255 255 255 3.14 2 13 18 
-3.28364  10.9851  51.2684 255 255 255 3.14 2 13 22 
-11.8135  11.1652   54.323 255 255 255 3.14 2 13 22 
-3.26954  11.1067  51.2237 255 255 255 3.14 3 13 18 22 
-11.5477  11.3014  54.2622 255 255 255 3.14 2 13 22 
-4.56862  11.0247  51.0961 255 255 255 3.14 3 13 18 22 
-11.5642  11.3648  54.2355 255 255 255 3.14 2 13 22 
-4.40752  11.1239   51.143 255 255 255 3.14 3 13 18 22 
-4.60643  11.1487  51.0961 255 255 255 3.14 3 13 18 22 
-4.40311  11.2326  51.1454 255 255 255 3.14 3 13 18 22 
-4.7194 11.2451  51.073 255 255 255 3.14 3 13 18 22 
-4.57808  11.2595  51.0582 255 255 255 3.14 3 13 18 22 
-4.39841  11.3278  51.0838 255 255 255 3.14 3 13 18 22 
-11.7321  11.6288  54.1188 255 255 255 3.14 2 13 22 
-4.29452  11.3836  51.0818 255 255 255 3.14 2 13 22 
-4.57756  11.3666  51.0088 255 255 255 3.14 3 13 18 22 
-4.46115  11.4446  51.0374 255 255 255 3.14 3 13 18 22 
-12.1629  11.8474  54.4428 255 255 255 3.14 2 13 22 
-4.32076  11.4707  51.0256 255 255 255 3.14 3 13 18 22 
-4.46639  11.5433  50.9871 255 255 255 3.14 3 13 18 22 
-4.34344  11.6302  51.0883 255 255 255 3.14 2 13 22 
-3.13426  11.9248  51.4214 255 255 255 3.14 2 13 22 
-12.0427  12.0659  54.1933 255 255 255 3.14 2 13 22 
-4.23066  11.7293  50.9777 255 255 255 3.14 3 13 18 22 
-4.47365  11.7036   50.937 255 255 255 3.14 3 13 18 22 
 -4.674 11.7588 50.9644 255 255 255 3.14 3 13 18 22 
-3.27675  12.0313  51.2956 255 255 255 3.14 2 13 22 
4.66417 16.9612 62.3593 255 255 255 3.14 2 13 22 
-4.44654  11.8387  50.9412 255 255 255 3.14 3 13 18 22 
-5.94266  11.8043  51.2539 255 255 255 3.14 2 13 22 
-3.34639  12.0835  51.1961 255 255 255 3.14 2 13 22 
-9.89583  11.9154  52.5713 255 255 255 3.14 2 13 22 
-4.80488  11.8859  50.9267 255 255 255 3.14 3 13 18 22 
-4.56077  11.9028  50.9154 255 255 255 3.14 3 13 18 22 
-4.36482  11.9608  50.9083 255 255 255 3.14 2 13 22 
-3.42767  12.1712  51.1376 255 255 255 3.14 2 13 22 
-5.47772  11.9366  51.0559 255 255 255 3.14 2 13 22 
-3.30237  12.2215  51.1827 255 255 255 3.14 2 13 22 
-9.85851  12.0484  52.5237 255 255 255 3.14 2 13 22 
-5.41133  11.9923  50.9895 255 255 255 3.14 2 13 22 
-3.3645 12.3022 51.1113 255 255 255 3.14 3 13 18 22 
-3.48019  12.2895  51.0963 255 255 255 3.14 2 13 22 
-5.28402  12.0775  50.9552 255 255 255 3.14 2 13 22 
-3.94407  12.2351  50.9552 255 255 255 3.14 2 13 22 
4.29051 17.4744 62.1538 255 255 255 3.14 2 13 22 
4.18516 17.6071 62.0721 255 255 255 3.14 2 13 22 
-3.62275  12.6602  50.9915 255 255 255 3.14 3 13 18 22 
-3.71346  12.6549  50.8784 255 255 255 3.14 2 13 22 
 4.1917 17.7458 62.0563 255 255 255 3.14 2 13 22 
-3.94299  12.7097  50.9833 255 255 255 3.14 2 13 22 
-4.06212  12.7081  50.8663 255 255 255 3.14 2 13 22 
-3.80196  12.7775  50.9102 255 255 255 3.14 3 13 18 22 
-4.16485  12.7652  50.8205 255 255 255 3.14 3 13 18 22 
-3.97138  12.8259  50.8263 255 255 255 3.14 3 13 18 22 
-4.09542   12.853  50.8246 255 255 255 3.14 3 13 18 22 
-4.21402  12.8453  50.8181 255 255 255 3.14 3 13 18 22 
3.83776 18.0781 62.0566 255 255 255 3.14 2 13 22 
-4.08461  12.9725  50.7932 255 255 255 3.14 3 13 18 22 
-4.28524   12.968  50.7637 255 255 255 3.14 3 13 18 22 
-6.26336  12.8217  50.8303 255 255 255 3.14 2 13 22 
-11.0368  13.1913  52.9681 255 255 255 3.14 2 13 22 
3.70103 18.2187 62.0218 255 255 255 3.14 2 13 22 
-4.29539  13.0995  50.7784 255 255 255 3.14 2 13 22 
3.74192 18.2961 61.8711 255 255 255 3.14 2 13 22 
3.58242 18.3388 62.0375 255 255 255 3.14 2 13 22 
-6.25774  13.0159  50.7787 255 255 255 3.14 2 13 22 
-4.58156  13.1604  50.7244 255 255 255 3.14 2 13 22 
-4.38867   13.167  50.7078 255 255 255 3.14 2 13 22 
-4.69842  13.2042  50.7043 255 255 255 3.14 3 13 18 22 
3.33205  18.445 61.9089 255 255 255 3.14 2 13 22 
-5.9904  13.122 50.7204 255 255 255 3.14 2 13 22 
-4.50642  13.2915  50.7038 255 255 255 3.14 3 13 18 22 
-6.16376  13.1755  50.7107 255 255 255 3.14 3 13 18 22 
-5.13492  13.2952  50.7219 255 255 255 3.14 2 13 22 
-4.7936 13.3326 50.6506 255 255 255 3.14 3 13 18 22 
-4.60307  13.3973  50.6857 255 255 255 3.14 3 13 18 22 
-6.05382  13.2579  50.6443 255 255 255 3.14 2 13 22 
-4.70995  13.4176  50.6677 255 255 255 3.14 3 13 18 22 
-5.18825  13.3989  50.6579 255 255 255 3.14 2 13 22 
-4.91538  13.4404  50.6748 255 255 255 3.14 3 13 18 22 
-4.72981  13.5283  50.6581 255 255 255 3.14 3 13 18 22 
-5.00169  13.5501  50.6286 255 255 255 3.14 3 13 18 22 
-12.2215  14.1137  53.5238 255 255 255 3.14 2 13 22 
-12.036  14.024 53.2113 255 255 255 3.14 2 13 22 
-5.13186  13.6756  50.5747 255 255 255 3.14 3 13 18 22 
-4.90994  13.7216  50.6475 255 255 255 3.14 3 13 18 22 
-5.02542  13.7466  50.6059 255 255 255 3.14 2 13 22 
-5.07757  13.7885  50.5749 255 255 255 3.14 3 13 18 22 
-5.99192  13.7304  50.6159 255 255 255 3.14 2 13 22 
-5.21881  13.8336  50.5315 255 255 255 3.14 3 13 18 22 
-5.04641  13.9013  50.5514 255 255 255 3.14 3 13 18 22 
-5.64312  13.9283  50.5387 255 255 255 3.14 3 13 18 22 
-5.32355  13.9542  50.5343 255 255 255 3.14 2 13 18 
-5.51376  13.9593  50.5167 255 255 255 3.14 2 13 18 
-5.82396  13.9994  50.5077 255 255 255 3.14 3 13 18 22 
-5.56941  14.0528  50.5449 255 255 255 3.14 3 13 18 22 
-5.42278  14.0457  50.5005 255 255 255 3.14 3 13 18 22 
-4.2859 14.2798 50.6992 255 255 255 3.14 3 13 18 22 
-6.18023  14.1909  50.5382 255 255 255 3.14 3 13 18 22 
-4.17865  14.4753  50.6668 255 255 255 3.14 2 13 22 
-6.15379   14.554  50.4026 255 255 255 3.14 2 13 18 
-6.02329  14.5998  50.4289 255 255 255 3.14 3 13 18 22 
-11.2444  15.0053  52.4678 255 255 255 3.14 2 13 22 
-6.16047   14.692   50.383 255 255 255 3.14 3 13 18 22 
-5.92633   14.738  50.4069 255 255 255 3.14 3 13 18 22 
-8.23307  14.7061  50.6841 255 255 255 3.14 2 13 22 
-8.05399  14.6839  50.5919 255 255 255 3.14 2 13 22 
-8.87115  14.8183   50.905 255 255 255 3.14 2 13 22 
-7.10018  14.7898  50.4605 255 255 255 3.14 2 13 22 
-8.62357  14.8253  50.7885 255 255 255 3.14 2 13 22 
-7.27965  14.8512   50.492 255 255 255 3.14 3 13 18 22 
-5.83709  15.0664   50.369 255 255 255 3.14 3 13 18 22 
-6.00189  15.0786  50.3326 255 255 255 3.14 3 13 18 22 
-14.3036  16.2965  54.6296 255 255 255 3.14 2 13 22 
-10.8318  15.4434  51.8884 255 255 255 3.14 2 13 22 
-5.71926  15.2572  50.3734 255 255 255 3.14 3 13 18 22 
-5.58339  15.3672  50.4409 255 255 255 3.14 3 13 18 22 
-5.81943  15.4252  50.3846 255 255 255 3.14 2 13 18 
-5.30097  15.5259   50.489 255 255 255 3.14 2 13 18 
-6.26388  15.3778  50.3191 255 255 255 3.14 3 13 18 22 
-4.63218    15.64  50.5676 255 255 255 3.14 3 13 18 22 
-8.52239  15.3821  50.6168 255 255 255 3.14 2 13 18 
-6.56039  15.4183  50.3217 255 255 255 3.14 3 13 18 22 
-4.46508  15.7298  50.5369 255 255 255 3.14 2 13 22 
-6.33917  15.4629  50.2865 255 255 255 3.14 3 13 18 22 
-6.20995  15.4888  50.3141 255 255 255 3.14 2 13 22 
-4.73058  15.7764   50.578 255 255 255 3.14 3 13 18 22 
-6.82717  15.4775  50.2836 255 255 255 3.14 2 13 22 
-6.47975  15.5282  50.2922 255 255 255 3.14 2 13 18 
-5.37721  15.7191  50.4796 255 255 255 3.14 3 13 18 22 
-4.89487  15.8038   50.569 255 255 255 3.14 3 13 18 22 
-5.16056  15.7685  50.5156 255 255 255 3.14 3 13 18 22 
-4.81906  15.8759  50.5216 255 255 255 3.14 3 13 18 22 
-6.55828  15.6417  50.2486 255 255 255 3.14 3 13 18 22 
-7.33364   15.641  50.3231 255 255 255 3.14 2 13 22 
-4.9633 15.9758 50.5245 255 255 255 3.14 3 13 18 22 
-7.12844  15.7074  50.2614 255 255 255 3.14 3 13 18 22 
-10.9142  16.1661  51.7842 255 255 255 3.14 2 13 22 
-4.98323  16.1146  50.4928 255 255 255 3.14 3 13 18 22 
-8.85901  15.9065  50.5783 255 255 255 3.14 2 13 22 
-4.98488  16.2404  50.4644 255 255 255 3.14 3 13 18 22 
-5.12454   16.234  50.4599 255 255 255 3.14 3 13 18 22 
-5.03153   16.346  50.4257 255 255 255 3.14 3 13 18 22 
-5.1906 16.3367 50.3958 255 255 255 3.14 3 13 18 22 
-5.10274  16.4079   50.397 255 255 255 3.14 3 13 18 22 
-5.28648  16.3799  50.3269 255 255 255 3.14 3 13 18 22 
-8.3547 16.1531 50.3473 255 255 255 3.14 2 13 22 
-10.6087  16.5235  51.5544 255 255 255 3.14 2 13 22 
-5.3686 16.4803 50.2892 255 255 255 3.14 3 13 18 22 
-5.24097  16.5073  50.2926 255 255 255 3.14 3 13 18 22 
-4.49054  16.5265  50.1856 255 255 255 3.14 2 13 22 
-5.26572  16.6345  50.2745 255 255 255 3.14 3 13 18 22 
-5.45044  16.6026  50.1754 255 255 255 3.14 3 13 18 22 
-8.32633  16.4563  50.3522 255 255 255 3.14 3 13 18 22 
-5.38987  16.6726  50.0839 255 255 255 3.14 3 13 18 22 
-4.44333  16.7351  50.0493 255 255 255 3.14 2 13 22 
-8.35089   16.549  50.3103 255 255 255 3.14 2 13 22 
-8.48185  16.5389  50.3008 255 255 255 3.14 3 13 18 22 
-8.27007  16.6472  50.3728 255 255 255 3.14 3 13 18 22 
-12.1349  17.4282  52.6814 255 255 255 3.14 2 13 22 
-4.51763  16.7995  49.9913 255 255 255 3.14 2 13 22 
-4.50354   16.908  49.9922 255 255 255 3.14 2 13 22 
-8.44877  16.7343  50.2886 255 255 255 3.14 2 13 22 
-4.60638  16.9562  49.9604 255 255 255 3.14 3 13 18 22 
-4.72304   17.077  49.9819 255 255 255 3.14 3 13 18 22 
-5.22015  17.1174  49.9625 255 255 255 3.14 3 13 18 22 
-5.41657  17.1019  49.9426 255 255 255 3.14 3 13 18 22 
-4.75604  17.1857  49.9134 255 255 255 3.14 3 13 18 22 
-5.32638   17.154  49.9413 255 255 255 3.14 2 13 22 
-5.77334  17.1555  49.9802 255 255 255 3.14 3 13 18 22 
-4.90199  17.2316   49.918 255 255 255 3.14 3 13 18 22 
-5.53244  17.1944  49.9277 255 255 255 3.14 3 13 18 22 
-5.85913  17.2056  49.9388 255 255 255 3.14 3 13 18 22 
-5.37221  17.2582  49.9098 255 255 255 3.14 3 13 18 22 
-5.59182   17.371  49.9706 255 255 255 3.14 3 13 18 22 
-5.14483  17.3766  49.8949 255 255 255 3.14 2 13 22 
-8.3765  17.444  50.287 255 255 255 3.14 3 13 18 22 
-5.51428  17.5424  49.9895 255 255 255 3.14 3 13 18 22 
-6.19556  17.5299  50.0551 255 255 255 3.14 3 13 18 22 
-6.08272  17.5284  50.0407 255 255 255 3.14 2 13 22 
-5.4705 17.6094 50.0675 255 255 255 3.14 2 13 22 
-6.61897  17.4812  49.9444 255 255 255 3.14 2 13 22 
-6.70811  17.5924  50.0754 255 255 255 3.14 2 13 22 
-8.80361  17.6281  50.4189 255 255 255 3.14 2 13 22 
-6.30863  17.6522  50.0404 255 255 255 3.14 3 13 18 22 
-8.59289  17.5815  50.2045 255 255 255 3.14 2 13 22 
-8.27918  17.6346  50.2753 255 255 255 3.14 2 13 22 
-6.10532  17.7134  50.0263 255 255 255 3.14 2 13 22 
-9.04145  17.7144  50.4475 255 255 255 3.14 3 13 18 22 
-8.90075  17.7261  50.3921 255 255 255 3.14 2 13 22 
-8.58647  17.6884  50.2773 255 255 255 3.14 2 13 22 
-7.26165  17.7951  50.1311 255 255 255 3.14 3 13 18 22 
-9.25268  17.8497  50.5212 255 255 255 3.14 2 13 22 
-7.02374  17.8806  50.1691 255 255 255 3.14 3 13 18 22 
-9.07298  17.9642  50.5139 255 255 255 3.14 2 13 22 
-8.03796  17.9474  50.2212 255 255 255 3.14 3 13 18 22 
-7.72268   17.946  50.1843 255 255 255 3.14 4 10 13 18 22 
-8.18477  17.9621  50.2216 255 255 255 3.14 3 13 18 22 
-9.41526  18.1093   50.661 255 255 255 3.14 2 13 22 
-7.44719  18.0095  50.0544 255 255 255 3.14 2 13 22 
-10.4831  18.4539  51.4066 255 255 255 3.14 2 13 22 
-7.83486  18.1149  50.2399 255 255 255 3.14 2 13 22 
-9.45307  18.2836  50.7525 255 255 255 3.14 2 13 22 
-9.65888  18.3317  50.8273 255 255 255 3.14 2 13 22 
-10.1182  18.5139  51.1658 255 255 255 3.14 2 13 22 
-9.96756  18.5358  51.0708 255 255 255 3.14 2 13 22 
-9.75093  18.4665  50.9094 255 255 255 3.14 2 13 22 
-8.14507  18.2779  50.2736 255 255 255 3.14 3 13 18 22 
-9.54663  18.6067  50.9587 255 255 255 3.14 3 13 18 22 
-10.0117  18.6089  50.9278 255 255 255 3.14 2 13 22 
-9.8719 18.6817 50.9038 255 255 255 3.14 2 13 22 
0.0191524  -6.97057   61.4752 255 255 255 3.14 3 13 18 22 
 1.10413 -6.56743  61.2376 255 255 255 3.14 2 13 22 
-0.921989  -6.71881   61.3444 255 255 255 3.14 3 13 18 22 
 1.75836 -6.28654   61.579 255 255 255 3.14 3 13 18 22 
 -1.0557 -6.53382  61.3753 255 255 255 3.14 2 13 22 
-2.27779 -6.69127  61.8537 255 255 255 3.14 2 13 22 
-2.63422 -6.64375    61.67 255 255 255 3.14 2 13 22 
 -2.1681 -6.04339  60.6068 255 255 255 3.14 2 13 22 
-0.699757   -5.6354   59.2773 255 255 255 3.14 2 13 22 
-3.05998 -5.65336  60.4997 255 255 255 3.14 2 13 22 
1.98576 -4.8253 57.9527 255 255 255 3.14 2 13 22 
-3.49706 -5.66706  60.6359 255 255 255 3.14 2 13 22 
-1.92576 -5.42416  59.7976 255 255 255 3.14 3 13 18 22 
 1.32119 -4.87246  57.5405 255 255 255 3.14 3 13 18 22 
-2.14322 -5.39926  59.7737 255 255 255 3.14 3 13 18 22 
-0.450321  -5.05744   58.2694 255 255 255 3.14 2 13 22 
-4.29536 -5.65329  60.9674 255 255 255 3.14 2 13 22 
 6.49912 -3.91301  58.0396 255 255 255 3.14 2 13 22 
-3.44244 -5.47959  60.3557 255 255 255 3.14 2 13 22 
 7.10955 -3.78919  58.5549 255 255 255 3.14 2 13 22 
 -2.8369 -5.36383  59.9074 255 255 255 3.14 2 13 22 
-3.78242 -5.41961  60.2088 255 255 255 3.14 2 13 22 
 -1.8607 -5.12141  59.0414 255 255 255 3.14 3 13 18 22 
 6.66891 -3.75282  58.2523 255 255 255 3.14 2 13 22 
-4.43812 -5.48937  60.8306 255 255 255 3.14 2 13 22 
 6.89626 -3.68967   58.317 255 255 255 3.14 2 13 22 
 1.53011 -4.54709  57.1739 255 255 255 3.14 3 13 18 22 
 5.76239 -3.84759   57.556 255 255 255 3.14 3 13 18 22 
 -3.4082 -5.24512  60.0304 255 255 255 3.14 2 13 22 
-3.64492 -5.25817  59.9799 255 255 255 3.14 2 13 22 
-1.61357 -4.94132  58.4694 255 255 255 3.14 2 13 22 
  3.1863 -4.20121  56.4972 255 255 255 3.14 3 13 18 22 
 6.04462 -3.73357  57.6099 255 255 255 3.14 2 13 22 
 7.79703 -3.38196  59.2459 255 255 255 3.14 2 13 22 
 3.02197 -4.19158  56.3992 255 255 255 3.14 2 13 22 
0.372523 -4.51848  57.2919 255 255 255 3.14 2 13 22 
 1.37161 -4.37339  56.8279 255 255 255 3.14 2 13 22 
-4.31155 -5.20526  60.1215 255 255 255 3.14 3 13 18 22 
 7.16412 -3.39108   58.692 255 255 255 3.14 3 13 18 22 
 3.26975 -4.02495  56.3119 255 255 255 3.14 3 13 18 22 
-4.91083  -5.2335   60.716 255 255 255 3.14 2 13 22 
-0.78854 -4.63186  57.6414 255 255 255 3.14 2 13 22 
 3.50573 -3.97453  56.2516 255 255 255 3.14 3 13 18 22 
-4.52545 -5.04398  60.0536 255 255 255 3.14 2 13 22 
 3.34288 -3.86507   56.069 255 255 255 3.14 2 13 22 
 5.64197 -3.43968  57.8122 255 255 255 3.14 3 13 18 22 
 1.27707 -4.13429  56.4704 255 255 255 3.14 2 13 22 
-2.71054 -4.62453  58.7591 255 255 255 3.14 2 13 22 
 3.81677 -3.61659  56.1678 255 255 255 3.14 2 13 22 
 5.15313 -3.27144  57.5174 255 255 255 3.14 2 13 22 
-2.95775 -4.44399  58.6859 255 255 255 3.14 2 13 22 
 4.73108 -3.23895  57.3267 255 255 255 3.14 3 13 18 22 
-4.22822 -4.56382  59.2084 255 255 255 3.14 2 13 22 
-2.89114 -4.35311  58.1177 255 255 255 3.14 3 13 18 22 
-2.54592 -4.30125  57.6854 255 255 255 3.14 2 13 22 
 8.01978 -2.57284  58.9322 255 255 255 3.14 2 13 22 
 8.23599 -2.51426  58.9539 255 255 255 3.14 2 13 22 
-2.04766 -4.12732  57.4638 255 255 255 3.14 2 13 22 
 4.43231 -3.13485   56.934 255 255 255 3.14 3 13 18 22 
 -3.1632 -4.25415   58.275 255 255 255 3.14 2 13 22 
 6.82137 -2.66165  57.9874 255 255 255 3.14 3 13 18 22 
-4.76029 -4.45262  59.3801 255 255 255 3.14 2 13 22 
 7.66129 -2.48436   58.671 255 255 255 3.14 3 13 18 22 
 3.92913 -3.12415  56.7316 255 255 255 3.14 3 13 18 22 
 4.32978 -3.02466  57.0144 255 255 255 3.14 3 13 18 22 
-2.97401 -4.10423  57.9686 255 255 255 3.14 2 13 22 
3.70942 -3.1033  56.736 255 255 255 3.14 2 13 22 
-5.05532 -4.35888  59.5656 255 255 255 3.14 2 13 22 
-0.36744 -3.70469  56.3285 255 255 255 3.14 3 13 18 22 
 1.72617 -3.39214  55.5942 255 255 255 3.14 2 13 22 
-2.49913 -3.97217  57.4327 255 255 255 3.14 2 13 22 
 7.74697 -2.24785  59.7391 255 255 255 3.14 2 13 22 
-1.61963 -3.80131  56.4398 255 255 255 3.14 2 13 22 
-3.44805 -4.00699   58.147 255 255 255 3.14 3 13 18 22 
-1.28086 -3.72567  56.5875 255 255 255 3.14 3 13 18 22 
-1.53482 -3.74201  56.3785 255 255 255 3.14 2 13 22 
-1.08445 -3.67109  56.5555 255 255 255 3.14 3 13 18 22 
 3.46242 -2.93717  56.6916 255 255 255 3.14 2 13 22 
-5.21569 -4.18756  59.3295 255 255 255 3.14 2 13 22 
-2.15794  -3.6847  56.7585 255 255 255 3.14 2 13 22 
-0.795461  -3.49143   56.2082 255 255 255 3.14 3 13 18 22 
-0.238028  -3.42291   55.8069 255 255 255 3.14 2 13 22 
-1.59365 -3.57545  56.4626 255 255 255 3.14 3 13 18 22 
-1.03729 -3.49105   56.318 255 255 255 3.14 3 13 18 22 
-3.68885  -3.8088  58.0382 255 255 255 3.14 3 13 18 22 
-1.37616 -3.52294  56.3648 255 255 255 3.14 2 13 22 
-5.90804 -4.00606  59.2492 255 255 255 3.14 3 13 18 22 
-4.18881 -3.78892   58.269 255 255 255 3.14 2 13 22 
-2.17295 -3.52109  56.8054 255 255 255 3.14 3 13 18 22 
-2.50509 -3.55172  56.7964 255 255 255 3.14 3 13 18 22 
-7.24506 -4.04646  60.1639 255 255 255 3.14 2 13 22 
-5.63399  -3.8527  59.0347 255 255 255 3.14 3 13 18 22 
-4.08687 -3.61735  58.0319 255 255 255 3.14 2 13 22 
-3.80845 -3.56224  57.5969 255 255 255 3.14 2 13 22 
-4.24784 -3.56201  57.7684 255 255 255 3.14 3 13 18 22 
-5.82713 -3.70307  58.6212 255 255 255 3.14 2 13 22 
-4.69941 -3.53857   57.858 255 255 255 3.14 2 13 22 
-4.01263 -3.43263  57.4554 255 255 255 3.14 2 13 22 
-2.80363 -3.08625   56.262 255 255 255 3.14 2 13 22 
-6.63624 -3.51121  58.7487 255 255 255 3.14 2 13 22 
 -6.6465 -3.29947  58.7516 255 255 255 3.14 3 13 18 22 
-1.49411 -2.62425  55.7657 255 255 255 3.14 3 13 18 22 
  2.8646 -1.94274  55.6003 255 255 255 3.14 2 13 22 
  2.6606 -1.82887  55.5084 255 255 255 3.14 2 13 22 
 2.02158 -1.70164  54.9847 255 255 255 3.14 2 13 22 
-6.30581 -2.78507  57.4287 255 255 255 3.14 2 13 22 
-6.07264 -2.69008  57.3123 255 255 255 3.14 2 13 22 
 1.81794 -1.64841  54.8065 255 255 255 3.14 3 13 18 22 
-0.890111  -1.99847   55.1927 255 255 255 3.14 2 13 22 
-0.098734  -1.85463   54.8378 255 255 255 3.14 2 13 22 
 1.84517 -1.45876   54.979 255 255 255 3.14 3 13 18 22 
 0.15098 -1.61139   54.742 255 255 255 3.14 2 13 22 
8.69273  0.5488 60.3865 255 255 255 3.14 2 13 22 
 8.63433 0.828977  60.6341 255 255 255 3.14 2 13 22 
-2.60083 -1.19612  55.0998 255 255 255 3.14 2 13 22 
-0.227631  -0.48444   54.3424 255 255 255 3.14 3 13 18 22 
0.0646579 -0.432935   54.2411 255 255 255 3.14 3 13 18 22 
-0.699592 -0.467702   54.2794 255 255 255 3.14 2 13 22 
 -4.44405 -0.805319   54.7433 255 255 255 3.14 3 13 18 22 
 -6.78648 -0.926625   56.0728 255 255 255 3.14 3 13 18 22 
  -4.2466 -0.695472   54.7066 255 255 255 3.14 2 13 22 
 -4.07886 -0.508302   54.6253 255 255 255 3.14 2 13 22 
 -6.76677 -0.713271   55.8908 255 255 255 3.14 2 13 22 
 -4.05285 -0.360226   54.5086 255 255 255 3.14 3 13 18 22 
 -3.33944 -0.254996   53.8579 255 255 255 3.14 2 13 22 
 -4.35154 -0.260561   54.3563 255 255 255 3.14 3 13 18 22 
-3.93734     -0.2  54.3205 255 255 255 3.14 2 13 22 
0.421159 0.501107  54.1512 255 255 255 3.14 3 13 18 22 
0.185662 0.485659  54.1175 255 255 255 3.14 3 13 18 22 
  -3.28491 -0.0387251    53.8275 255 255 255 3.14 3 13 18 22 
 -2.96078 0.0270033   53.9923 255 255 255 3.14 3 13 18 22 
0.282921 0.726326  54.0608 255 255 255 3.14 3 13 18 22 
-0.155342  0.711631   53.9283 255 255 255 3.14 3 13 18 22 
   -6.71812 -0.00958587     55.4853 255 255 255 3.14 3 13 18 22 
-0.422029   0.71699   53.7929 255 255 255 3.14 2 13 22 
0.137962 0.868421  53.9658 255 255 255 3.14 3 13 18 22 
-0.283499  0.836869   53.8439 255 255 255 3.14 3 13 18 22 
-3.23216 0.427357  53.7743 255 255 255 3.14 3 13 18 22 
-0.610967  0.802051   53.7696 255 255 255 3.14 2 13 22 
-0.10496 0.998752  53.7966 255 255 255 3.14 3 13 18 22 
0.0683775   1.03172   53.8051 255 255 255 3.14 3 13 18 22 
-6.49832 0.279011  55.3593 255 255 255 3.14 2 13 22 
-3.25665 0.583067  53.7538 255 255 255 3.14 3 13 18 22 
-6.32323 0.404554   55.244 255 255 255 3.14 2 13 22 
-0.457987   1.04328    53.714 255 255 255 3.14 3 13 18 22 
-0.310816   1.15734   53.7149 255 255 255 3.14 3 13 18 22 
-3.20487 0.759206  53.6128 255 255 255 3.14 2 13 22 
-3.49362 0.881205  53.7037 255 255 255 3.14 2 13 22 
-3.29291  1.01237  53.4364 255 255 255 3.14 2 13 22 
-6.17069  1.05768  54.9899 255 255 255 3.14 2 13 22 
-1.38279  1.63025  53.2725 255 255 255 3.14 3 13 18 22 
-8.71916  1.07297  56.1012 255 255 255 3.14 2 13 22 
-3.44778  1.50586  53.4273 255 255 255 3.14 2 13 22 
-1.65204  1.78239  53.1979 255 255 255 3.14 3 13 18 22 
-3.74723  1.60243  53.3361 255 255 255 3.14 2 13 22 
-1.92425  1.83612  53.1034 255 255 255 3.14 2 13 22 
-3.41707  1.69956  53.3775 255 255 255 3.14 2 13 22 
-1.40265  1.96751  53.2495 255 255 255 3.14 3 13 18 22 
-1.58157  1.97316  53.2402 255 255 255 3.14 2 13 22 
-6.22411  1.57806  54.8486 255 255 255 3.14 2 13 22 
-2.02913  2.00468  53.1466 255 255 255 3.14 3 13 18 22 
-2.49216  1.95428  53.1123 255 255 255 3.14 3 13 18 22 
-1.7063 2.08244 53.2106 255 255 255 3.14 2 13 22 
-1.63001  2.16086  53.2905 255 255 255 3.14 2 13 18 
-6.25725  2.02764  54.5778 255 255 255 3.14 2 13 22 
-2.48602  2.69688  52.9484 255 255 255 3.14 3 13 18 22 
-2.73772  2.74757  52.8953 255 255 255 3.14 3 13 18 22 
-0.236444   3.48075   54.1853 255 255 255 3.14 2 13 22 
-2.55717  2.99758  52.8814 255 255 255 3.14 3 13 18 22 
-6.20563  2.75976  54.1534 255 255 255 3.14 2 13 22 
-2.70508  3.04082  52.8613 255 255 255 3.14 3 13 18 22 
-2.88424  3.15094  52.7949 255 255 255 3.14 3 13 18 22 
-3.06367  3.19486  52.7289 255 255 255 3.14 3 13 18 22 
-1.55463  3.55824  53.0061 255 255 255 3.14 2 13 22 
-4.09759  3.21696  52.8633 255 255 255 3.14 2 13 22 
-3.93994  3.23455  52.9584 255 255 255 3.14 2 13 22 
-3.43235  3.40932  52.7836 255 255 255 3.14 2 13 22 
-2.97794  3.51005  52.7855 255 255 255 3.14 4 11 13 18 22 
-1.5933 3.78662 52.9489 255 255 255 3.14 3 13 18 22 
-2.60119  3.65938  52.6985 255 255 255 3.14 2 13 22 
-1.72023  3.83221  52.8328 255 255 255 3.14 2 13 18 
-5.74611  3.65619   53.507 255 255 255 3.14 3 13 18 22 
-0.738954   4.40836   53.9311 255 255 255 3.14 2 13 22 
-0.727506   4.55131   53.9295 255 255 255 3.14 2 13 22 
-7.86372  3.72947  54.5158 255 255 255 3.14 2 13 22 
-6.09151  3.81978  53.6443 255 255 255 3.14 2 13 22 
-5.46016  4.00515  53.2982 255 255 255 3.14 3 13 18 22 
-0.801448   4.74627   53.8634 255 255 255 3.14 2 13 22 
-5.26402   4.1108  53.1785 255 255 255 3.14 2 13 22 
-5.08239  4.19764  53.1346 255 255 255 3.14 2 13 22 
-0.884313   4.97594    53.874 255 255 255 3.14 2 13 22 
-9.12095  4.23593   55.211 255 255 255 3.14 2 13 22 
-5.03044  4.36856  52.9673 255 255 255 3.14 3 13 18 22 
-1.51692  4.86836  52.9022 255 255 255 3.14 3 13 18 22 
-1.42052  4.95086  53.1882 255 255 255 3.14 2 13 22 
-1.57612  4.91901  52.7548 255 255 255 3.14 2 13 22 
-1.13163  5.09639  53.1504 255 255 255 3.14 2 13 22 
-1.88048   4.9161  52.7066 255 255 255 3.14 2 13 22 
-1.76113  4.94548  52.6878 255 255 255 3.14 3 13 18 22 
-1.2164 5.14416 53.1605 255 255 255 3.14 2 13 22 
-0.746551   5.32311    53.733 255 255 255 3.14 2 13 22 
-4.86839  4.61488  52.8206 255 255 255 3.14 2 13 22 
-2.08005  4.95184  52.6399 255 255 255 3.14 2 13 22 
-1.94825  5.05292  52.6396 255 255 255 3.14 2 13 22 
-2.26987  5.05029  52.6194 255 255 255 3.14 4 11 13 18 22 
-4.87365  4.76882  52.6682 255 255 255 3.14 3 13 18 22 
-2.23931  5.10162  52.5412 255 255 255 3.14 3 13 18 22 
-4.67654  4.83926  52.6061 255 255 255 3.14 2 13 22 
-1.7084 5.31574 52.7522 255 255 255 3.14 2 13 22 
-9.06065  4.90854  54.7791 255 255 255 3.14 2 13 22 
-5.23404  5.21633  52.6302 255 255 255 3.14 3 13 18 22 
7.36825  9.4981 62.8938 255 255 255 3.14 2 13 22 
-1.09073  6.29635   53.641 255 255 255 3.14 2 13 22 
7.58754 9.63713 62.9168 255 255 255 3.14 3 13 18 22 
-1.81008  6.18758  52.6746 255 255 255 3.14 2 13 22 
-1.45996  6.84953  53.3187 255 255 255 3.14 2 13 22 
-1.59834  6.95305  53.2704 255 255 255 3.14 2 13 22 
-2.11679  6.76341   52.379 255 255 255 3.14 3 13 18 22 
-1.33019  7.11394  53.3497 255 255 255 3.14 2 13 22 
7.24693 10.6126 63.0785 255 255 255 3.14 2 13 22 
-1.72257  7.32038   53.174 255 255 255 3.14 2 13 22 
-1.64806  7.48208  53.1829 255 255 255 3.14 2 13 22 
-3.35135  7.52089  51.8405 255 255 255 3.14 3 13 18 22 
-2.46684  7.82627  52.1336 255 255 255 3.14 2 13 22 
-3.48336  7.68492  51.8142 255 255 255 3.14 5 1 11 13 18 22 
-2.60158  7.91823  52.0331 255 255 255 3.14 2 13 22 
-2.92041  7.91547  51.9773 255 255 255 3.14 2 13 22 
-2.46084  8.02865  52.0579 255 255 255 3.14 2 13 22 
-2.04746  8.31864  52.6694 255 255 255 3.14 2 13 22 
-2.17982  8.62787   52.727 255 255 255 3.14 2 13 22 
-3.63188  8.21726  51.7307 255 255 255 3.14 3 13 18 22 
-3.63913  8.31837  51.7391 255 255 255 3.14 2 13 18 
-2.22851  8.87624  52.6512 255 255 255 3.14 2 13 22 
-12.374 8.95037 56.4284 255 255 255 3.14 2 13 22 
-3.65077  8.80253  51.7049 255 255 255 3.14 2 13 22 
-3.53372  8.91976  51.5992 255 255 255 3.14 2 13 18 
-3.58793   8.9872  51.5921 255 255 255 3.14 2 13 18 
-3.56043  9.08884  51.5866 255 255 255 3.14 2 13 18 
-3.26755  9.50322  51.5657 255 255 255 3.14 3 13 18 22 
-2.90693   9.8909  51.6539 255 255 255 3.14 2 13 22 
-3.18215  9.95218  51.4551 255 255 255 3.14 2 13 22 
-3.0081 10.0277 51.4805 255 255 255 3.14 3 13 18 22 
5.45671 14.7097 63.0216 255 255 255 3.14 2 13 22 
-3.68438  10.0063  51.4341 255 255 255 3.14 3 13 18 22 
-3.48189  10.0498  51.4823 255 255 255 3.14 3 13 18 22 
-3.31872  10.0755  51.4138 255 255 255 3.14 3 13 18 22 
-3.12807  10.2487  51.4107 255 255 255 3.14 3 13 18 22 
-3.28883  10.2297  51.3905 255 255 255 3.14 3 13 18 22 
-3.40099  10.3529  51.3654 255 255 255 3.14 3 13 18 22 
-3.35198   10.563  51.3402 255 255 255 3.14 3 13 18 22 
-3.40142  10.7933  51.2372 255 255 255 3.14 3 13 18 22 
-11.1949  10.8957  53.8738 255 255 255 3.14 2 13 22 
-11.648 11.0018 54.2322 255 255 255 3.14 2 13 22 
-4.79848  11.0679  51.1447 255 255 255 3.14 3 13 18 22 
-9.51926   11.162  52.8056 255 255 255 3.14 2 13 22 
-4.3782 11.1958 51.1328 255 255 255 3.14 3 13 18 22 
-11.5947  11.5065  54.1193 255 255 255 3.14 2 13 22 
-4.42044  11.3948  51.0582 255 255 255 3.14 3 13 18 22 
-4.59941  11.3962  51.0296 255 255 255 3.14 3 13 18 22 
-4.30994  11.5811  51.0114 255 255 255 3.14 3 13 18 22 
-4.20439  11.7183  51.0088 255 255 255 3.14 2 13 22 
-12.0152  12.0881  54.1139 255 255 255 3.14 2 13 22 
-3.27428  12.0026  51.3131 255 255 255 3.14 2 13 22 
-4.4011 11.8208 50.9503 255 255 255 3.14 2 13 22 
-5.20798  11.7701  51.0012 255 255 255 3.14 3 13 18 22 
-5.64815  11.7728   51.063 255 255 255 3.14 3 13 18 22 
-5.06871  11.8003  50.9319 255 255 255 3.14 4 10 13 18 22 
-5.4149 11.8335 50.9612 255 255 255 3.14 3 13 18 22 
-3.6008 12.0549 51.0547 255 255 255 3.14 2 13 22 
-4.91077  11.9523  51.0602 255 255 255 3.14 2 13 22 
-5.89705  11.9037  51.1212 255 255 255 3.14 3 13 18 22 
-5.61162  11.9167  50.8339 255 255 255 3.14 2 13 22 
-5.06455  12.0092  50.9532 255 255 255 3.14 3 13 18 22 
-3.9476  12.195 50.7857 255 255 255 3.14 2 13 22 
2.53703 17.7701 63.8636 255 255 255 3.14 2 13 22 
4.27959 17.4161 62.0142 255 255 255 3.14 2 13 22 
-3.72411  12.5174   50.986 255 255 255 3.14 3 13 18 22 
 4.1885 17.5974 62.1403 255 255 255 3.14 2 13 22 
2.63841 18.0929 63.7094 255 255 255 3.14 2 13 22 
-3.97303  12.6518  50.7426 255 255 255 3.14 2 13 22 
-3.79467  12.8128   50.942 255 255 255 3.14 3 13 18 22 
-4.23885  12.8211  50.8328 255 255 255 3.14 3 13 18 22 
-3.94166  12.8476  50.8285 255 255 255 3.14 3 13 18 22 
-6.19991  12.6694  50.7857 255 255 255 3.14 2 13 22 
3.83289 18.0345 62.0107 255 255 255 3.14 2 13 22 
-4.05328  12.9854  50.7973 255 255 255 3.14 3 13 18 22 
-4.32609  12.9575  50.7542 255 255 255 3.14 2 13 22 
-6.23537    12.88  50.8633 255 255 255 3.14 2 13 22 
-4.46612  13.0555  50.7816 255 255 255 3.14 3 13 18 22 
 3.5482 18.2669 61.8426 255 255 255 3.14 2 13 22 
-4.36258  13.1473  50.6791 255 255 255 3.14 2 13 22 
-4.57092  13.1725  50.7199 255 255 255 3.14 2 13 22 
-6.42103   12.985  50.7083 255 255 255 3.14 2 13 22 
-6.0016 13.0801 50.7239 255 255 255 3.14 3 13 18 22 
3.29786 18.4637 62.0126 255 255 255 3.14 2 13 22 
-7.92018  13.1006   51.064 255 255 255 3.14 2 13 22 
3.53225 18.5165 61.8999 255 255 255 3.14 2 13 22 
-6.15104  13.1639  50.7198 255 255 255 3.14 3 13 18 22 
-4.49608  13.3137  50.6885 255 255 255 3.14 3 13 18 22 
-5.75299  13.2346  50.7155 255 255 255 3.14 3 13 18 22 
-4.90634  13.3989  50.6711 255 255 255 3.14 3 13 18 22 
-5.92425  13.3707  50.6504 255 255 255 3.14 2 13 22 
-5.01159  13.5723  50.6297 255 255 255 3.14 3 13 18 22 
-4.87544    13.69   50.635 255 255 255 3.14 3 13 18 22 
-5.04437  13.7667   50.607 255 255 255 3.14 3 13 18 22 
-5.96753  13.7056  50.6216 255 255 255 3.14 3 13 18 22 
-6.07961  13.8336   50.524 255 255 255 3.14 2 13 22 
-5.88009   13.865  50.5411 255 255 255 3.14 2 13 22 
-5.65329  13.8977  50.5707 255 255 255 3.14 2 13 22 
-5.33738  13.9357    50.51 255 255 255 3.14 3 13 18 22 
-11.9501  14.4103  53.0928 255 255 255 3.14 2 13 22 
-5.55131  14.0283   50.529 255 255 255 3.14 3 13 18 22 
-11.7341  14.5321  53.0858 255 255 255 3.14 2 13 22 
-5.4151 14.0802  50.512 255 255 255 3.14 3 13 18 22 
-4.22517  14.2888  50.7491 255 255 255 3.14 2 13 22 
-4.33877  14.3933  50.7499 255 255 255 3.14 2 13 22 
-4.48461  14.3773  50.6085 255 255 255 3.14 3 13 18 22 
-11.0901  14.7674  52.4473 255 255 255 3.14 2 13 22 
-8.8592 14.8278 50.9643 255 255 255 3.14 3 13 18 22 
-9.09376   14.823  50.9344 255 255 255 3.14 2 13 22 
-5.91287  14.9025  50.3535 255 255 255 3.14 3 13 18 22 
-7.27185  14.8412  50.4511 255 255 255 3.14 3 13 18 22 
-4.24632  15.2053  50.6469 255 255 255 3.14 3 13 18 22 
-5.80193  15.0594  50.3749 255 255 255 3.14 3 13 18 22 
-5.90589  15.1863  50.3277 255 255 255 3.14 3 13 18 22 
-5.70402  15.2515  50.4128 255 255 255 3.14 2 13 22 
-4.48146  15.5869  50.6593 255 255 255 3.14 3 13 18 22 
-11.0331  15.6298  52.0092 255 255 255 3.14 2 13 22 
-5.30769   15.526  50.5303 255 255 255 3.14 3 13 18 22 
-5.84304  15.4289  50.3774 255 255 255 3.14 3 13 18 22 
-5.51231  15.4903  50.4238 255 255 255 3.14 3 13 18 22 
-6.54166  15.3947  50.3303 255 255 255 3.14 3 13 18 22 
-4.74876  15.7327  50.5617 255 255 255 3.14 3 13 18 22 
-5.22294  15.6817  50.5412 255 255 255 3.14 2 13 22 
-5.38745  15.7252   50.457 255 255 255 3.14 3 13 18 22 
-6.31982   15.649  50.3258 255 255 255 3.14 2 13 18 
-4.21988  15.9327  50.4659 255 255 255 3.14 2 13 22 
-4.81843  15.9117  50.5174 255 255 255 3.14 3 13 18 22 
-5.00308  16.0786  50.5122 255 255 255 3.14 3 13 18 22 
-7.14626  15.8142  50.2483 255 255 255 3.14 3 13 18 22 
-8.81075  15.9025  50.5311 255 255 255 3.14 2 13 22 
-5.14562  16.2162  50.4731 255 255 255 3.14 3 13 18 22 
-4.96358  16.2353  50.4727 255 255 255 3.14 3 13 18 22 
-4.42095  16.2891  50.3067 255 255 255 3.14 2 13 22 
-9.16286   16.064  50.5758 255 255 255 3.14 2 13 22 
-8.91698  16.1105  50.6423 255 255 255 3.14 2 13 22 
-5.0366 16.3893 50.4153 255 255 255 3.14 3 13 18 22 
-8.57393   16.152  50.2778 255 255 255 3.14 2 13 22 
-8.30593  16.4137  50.3523 255 255 255 3.14 2 13 22 
-4.4742 16.6078 50.0587 255 255 255 3.14 2 13 22 
-5.21384  16.6382  50.2412 255 255 255 3.14 3 13 18 22 
-4.6322 16.9318 49.9574 255 255 255 3.14 3 13 18 22 
-5.6297 17.0653 50.0018 255 255 255 3.14 3 13 18 22 
-5.11621  17.1974  49.9821 255 255 255 3.14 2 13 22 
-4.88938  17.2348  49.9507 255 255 255 3.14 3 13 18 22 
-5.52966  17.2017  49.9349 255 255 255 3.14 3 13 18 22 
-5.35263  17.3577  50.0047 255 255 255 3.14 2 13 22 
-5.93624  17.3432  49.9532 255 255 255 3.14 3 13 18 22 
-8.4609 17.3014 50.2445 255 255 255 3.14 2 13 22 
-5.56412  17.4009  49.9584 255 255 255 3.14 3 13 18 22 
-5.43668  17.4509  50.0132 255 255 255 3.14 3 13 18 22 
-8.36784  17.4553  50.2739 255 255 255 3.14 2 13 22 
-9.05631     17.7  50.5128 255 255 255 3.14 2 13 22 
-8.24944  17.6254  50.2639 255 255 255 3.14 3 13 18 22 
-8.38379  17.7896  50.2768 255 255 255 3.14 2 13 22 
-7.86246  17.8398    50.23 255 255 255 3.14 3 13 18 22 
-8.78143  17.9003  50.4289 255 255 255 3.14 2 13 22 
-7.51212  17.8644  50.1802 255 255 255 3.14 2 13 22 
-8.15734  17.9731   50.256 255 255 255 3.14 3 13 18 22 
-8.33152  17.9496  50.1896 255 255 255 3.14 2 13 22 
-7.89135  18.0398  50.1578 255 255 255 3.14 3 13 18 22 
-10.3776  18.5176    51.11 255 255 255 3.14 3 13 18 22 
-9.51714  18.5714  50.9783 255 255 255 3.14 2 13 22 
-10.2081  18.5814  51.0732 255 255 255 3.14 3 13 18 22 
-9.77038  18.5234  50.8815 255 255 255 3.14 3 13 18 22 
-9.99141  18.5455  50.8393 255 255 255 3.14 3 13 18 22 
-9.63989  18.6801  50.9169 255 255 255 3.14 3 13 18 22 
-9.87872  18.7086  50.8809 255 255 255 3.14 3 13 18 22 
-10.2055  19.1922  50.5373 255 255 255 3.14 2 13 22 
 1.69863 -4.72723  57.7554 255 255 255 3.14 2 13 22 
-5.76762  3.94126  53.4567 255 255 255 3.14 2 13 18 
-3.6207 8.86838 51.6022 255 255 255 3.14 2 13 18 
-1.99409 -7.47787  62.3894 255 255 255 3.14 2 13 22 
-2.30755 -7.46036  62.4976 255 255 255 3.14 3 13 18 22 
-0.347082  -7.09251   61.2938 255 255 255 3.14 3 13 18 22 
0.0376653  -6.96625   61.4474 255 255 255 3.14 3 13 18 22 
-2.71945 -7.30218  62.7864 255 255 255 3.14 3 13 18 22 
 1.07426 -6.57775   61.433 255 255 255 3.14 3 13 18 22 
0.863402 -6.42536  60.8156 255 255 255 3.14 2 13 22 
 1.76172 -6.31486  61.4776 255 255 255 3.14 2 13 22 
-2.48336 -6.83573  61.7977 255 255 255 3.14 2 13 22 
-1.03452 -6.52766  61.4524 255 255 255 3.14 3 13 18 22 
-2.0214 -6.6497 61.8174 255 255 255 3.14 2 13 22 
-2.22249 -6.65312  61.8509 255 255 255 3.14 2 13 22 
-1.36823  -5.4692  59.3743 255 255 255 3.14 2 13 22 
 1.34517 -4.92658  57.6738 255 255 255 3.14 2 13 22 
 1.68843 -4.80632  57.8415 255 255 255 3.14 2 13 22 
1.02087 -4.8685 57.9697 255 255 255 3.14 2 13 22 
-3.33973 -5.50279  59.9821 255 255 255 3.14 2 13 22 
-2.87812 -5.36348  59.8786 255 255 255 3.14 2 13 22 
-1.34802   -5.106  58.6747 255 255 255 3.14 2 13 22 
 1.32961 -4.65978  57.2646 255 255 255 3.14 3 13 18 22 
  -3.825 -5.42004   60.305 255 255 255 3.14 3 13 18 22 
 -2.476 -5.2179 59.2043 255 255 255 3.14 2 13 22 
-4.45556 -5.48394  60.8423 255 255 255 3.14 2 13 22 
 6.10505 -3.78166  57.5389 255 255 255 3.14 2 13 22 
 7.40825 -3.57475  58.7314 255 255 255 3.14 2 13 22 
 1.56553 -4.52366  57.1671 255 255 255 3.14 2 13 22 
-4.45028 -5.38507  61.0862 255 255 255 3.14 2 13 22 
-2.19384 -5.04251  59.1119 255 255 255 3.14 2 13 22 
-4.06478 -5.29971  59.9911 255 255 255 3.14 2 13 22 
  -3.685 -5.23655  60.1147 255 255 255 3.14 3 13 18 22 
-0.504824  -4.75329   57.8643 255 255 255 3.14 2 13 22 
-1.69513 -4.92156  58.5577 255 255 255 3.14 3 13 18 22 
0.0636898   -4.6348   57.3918 255 255 255 3.14 2 13 22 
 6.67806 -3.53128  58.2993 255 255 255 3.14 3 13 18 22 
-4.4804 -5.2835 60.3186 255 255 255 3.14 2 13 22 
 1.34029 -4.38423  56.8901 255 255 255 3.14 2 13 22 
 7.14436 -3.42027  58.6982 255 255 255 3.14 2 13 22 
-4.29339 -5.18341   60.177 255 255 255 3.14 3 13 18 22 
-1.07803 -4.69845  57.6685 255 255 255 3.14 2 13 22 
 6.24786 -3.50903  57.9699 255 255 255 3.14 3 13 18 22 
3.26869 -4.0063 56.2186 255 255 255 3.14 2 13 22 
-2.36815 -4.76768  58.8597 255 255 255 3.14 2 13 22 
-0.189388   -4.4043    57.239 255 255 255 3.14 2 13 22 
 7.83584 -3.07338  59.2575 255 255 255 3.14 2 13 22 
-4.59026  -5.0355   60.081 255 255 255 3.14 2 13 22 
-2.61616 -4.71084  58.9612 255 255 255 3.14 2 13 22 
-1.67858 -4.58141  58.0051 255 255 255 3.14 2 13 22 
-1.04918 -4.43827  57.4183 255 255 255 3.14 3 13 18 22 
-2.67449 -4.61541  58.7987 255 255 255 3.14 3 13 18 22 
-2.14989 -4.46679  58.0485 255 255 255 3.14 2 13 22 
0.480122  -4.0642  56.3057 255 255 255 3.14 2 13 22 
 5.12363 -3.27365  57.4004 255 255 255 3.14 3 13 18 22 
-3.00401  -4.4783  58.7974 255 255 255 3.14 3 13 18 22 
0.00721857   -4.01115    56.2974 255 255 255 3.14 2 13 22 
 0.91742 -3.87737  55.9769 255 255 255 3.14 2 13 22 
-2.81799 -4.36792  57.9923 255 255 255 3.14 2 13 22 
-2.66352 -4.29987  57.7094 255 255 255 3.14 2 13 22 
   7.813 -2.58446  59.3469 255 255 255 3.14 2 13 22 
 7.95456 -2.57965  58.8167 255 255 255 3.14 2 13 18 
-2.09987 -4.13354  57.3942 255 255 255 3.14 2 13 22 
 7.65267 -2.54666    58.66 255 255 255 3.14 3 13 18 22 
 3.97953 -3.14856  56.6316 255 255 255 3.14 2 13 22 
 4.66055 -2.99257  56.9979 255 255 255 3.14 3 13 18 22 
-3.28909  -4.0621  58.1168 255 255 255 3.14 3 13 18 22 
0.478653 -3.54403  55.8775 255 255 255 3.14 2 13 22 
-2.6622 -3.9492 57.4557 255 255 255 3.14 2 13 22 
 4.15776 -2.87841  56.9577 255 255 255 3.14 2 13 22 
-1.06306 -3.68936  56.5464 255 255 255 3.14 3 13 18 22 
-0.62451 -3.59371  56.3198 255 255 255 3.14 2 13 22 
 -2.9613 -3.85788  57.9444 255 255 255 3.14 3 13 18 22 
-2.43114 -3.80009  57.2366 255 255 255 3.14 2 13 22 
-1.72334 -3.71461   56.407 255 255 255 3.14 2 13 22 
-0.218087  -3.46009   56.1237 255 255 255 3.14 2 13 22 
-5.95879 -4.21882  59.5977 255 255 255 3.14 2 13 22 
-0.785285  -3.50521    56.242 255 255 255 3.14 3 13 18 22 
 8.33928 -1.93332  59.2236 255 255 255 3.14 2 13 22 
-2.09975 -3.61715  56.7417 255 255 255 3.14 2 13 22 
-1.60197 -3.54978  56.3704 255 255 255 3.14 2 13 22 
-1.03677 -3.46667  56.2316 255 255 255 3.14 2 13 22 
-0.546827  -3.37648   56.0834 255 255 255 3.14 2 13 22 
-4.13843 -3.81921  58.2944 255 255 255 3.14 2 13 22 
-2.55225 -3.62083  56.9584 255 255 255 3.14 2 13 22 
-5.61684 -3.88624   58.941 255 255 255 3.14 2 13 22 
-2.54879 -3.51647   56.729 255 255 255 3.14 3 13 18 22 
 4.10628 -2.39739  57.0992 255 255 255 3.14 2 13 22 
-3.46328 -3.53305  57.0651 255 255 255 3.14 2 13 22 
 4.29417 -2.35106  56.5804 255 255 255 3.14 2 13 22 
 -3.8126 -3.53915  57.3969 255 255 255 3.14 2 13 22 
 4.11378 -2.28868   57.246 255 255 255 3.14 2 13 22 
-5.26288  -3.6838  58.5641 255 255 255 3.14 2 13 22 
-6.17887  -3.6863  59.1343 255 255 255 3.14 2 13 22 
-2.11229 -3.18038  56.4222 255 255 255 3.14 2 13 22 
-6.32361 -3.66266  59.0784 255 255 255 3.14 2 13 22 
-6.06083 -3.59733  58.9425 255 255 255 3.14 2 13 22 
 3.93362 -2.15554  56.8043 255 255 255 3.14 2 13 22 
 3.61607 -2.16343   56.614 255 255 255 3.14 3 13 18 22 
-4.45511 -3.33474  57.3761 255 255 255 3.14 2 13 22 
 3.32939 -2.03798  56.4662 255 255 255 3.14 2 13 22 
  8.66596 -0.880137   60.0004 255 255 255 3.14 2 13 22 
 2.88945 -1.91248  55.5646 255 255 255 3.14 3 13 18 22 
 2.62828 -1.78783   55.685 255 255 255 3.14 2 13 22 
 2.01788 -1.75036  55.0001 255 255 255 3.14 2 13 22 
-6.00483 -2.70466  57.1897 255 255 255 3.14 2 13 22 
 1.80255 -1.43119  54.9981 255 255 255 3.14 2 13 22 
0.186797 -1.58332  54.7544 255 255 255 3.14 2 13 22 
-0.990133  -1.47875   54.8578 255 255 255 3.14 2 13 22 
 1.51211 -1.00321  54.7061 255 255 255 3.14 2 13 22 
  8.9235 0.699411  60.6269 255 255 255 3.14 2 13 22 
  1.37702 -0.622077    54.917 255 255 255 3.14 2 13 22 
 0.302747 -0.383529   54.2539 255 255 255 3.14 3 13 18 22 
 -4.02703 -0.430146   54.5661 255 255 255 3.14 2 13 22 
 -4.30743 -0.425542   54.5814 255 255 255 3.14 3 13 18 22 
 -3.94746 -0.167887   54.4127 255 255 255 3.14 3 13 18 22 
0.194644 0.439844  54.1458 255 255 255 3.14 3 13 18 22 
  -3.32807 -0.0256504    53.8611 255 255 255 3.14 3 13 18 22 
-0.184531  0.674348   53.9393 255 255 255 3.14 2 13 22 
 -6.48357 0.0603166   55.5047 255 255 255 3.14 2 13 22 
-6.91736  0.21132  55.4648 255 255 255 3.14 2 13 22 
-6.50409 0.312013  55.3759 255 255 255 3.14 2 13 22 
-6.77684 0.404476  55.4119 255 255 255 3.14 2 13 22 
-3.07475  1.07775  53.4644 255 255 255 3.14 2 13 22 
-6.15931  1.03682  54.9863 255 255 255 3.14 2 13 22 
-1.67235  1.74337  53.2019 255 255 255 3.14 3 13 18 22 
-1.58454  1.96053  53.2322 255 255 255 3.14 3 13 18 22 
-2.47019  1.94095  53.1233 255 255 255 3.14 3 13 18 22 
-2.20442   1.9532  53.0398 255 255 255 3.14 3 13 18 22 
-2.0188 2.01814 53.1002 255 255 255 3.14 3 13 18 22 
-3.10584  3.18167  52.8446 255 255 255 3.14 4 11 13 18 22 
-2.89204  3.34482  52.7667 255 255 255 3.14 3 13 18 22 
-0.687291   4.04944   53.9829 255 255 255 3.14 2 13 22 
-2.3496  3.8171 52.6933 255 255 255 3.14 2 13 18 
-7.85151  3.74867  54.5113 255 255 255 3.14 2 13 22 
-6.63413  3.85115  54.0053 255 255 255 3.14 2 13 22 
-6.14713  3.86027  53.6508 255 255 255 3.14 3 13 18 22 
-8.22911  3.82325  54.7485 255 255 255 3.14 2 13 22 
-8.4616 3.92573 54.7971 255 255 255 3.14 2 13 22 
-5.47034  4.03961  53.3324 255 255 255 3.14 3 13 18 22 
-0.886883   4.97454   53.8173 255 255 255 3.14 2 13 22 
-1.35433  4.84247  52.9786 255 255 255 3.14 2 13 22 
-5.05899   4.4038  53.0203 255 255 255 3.14 3 13 18 22 
-1.25995  5.00171   53.146 255 255 255 3.14 2 13 22 
-1.24705  5.20328  53.1474 255 255 255 3.14 2 13 22 
-0.747254   5.37222   53.7858 255 255 255 3.14 2 13 22 
-2.44266  5.00296  52.4841 255 255 255 3.14 2 13 22 
-4.91464  4.78353  52.6755 255 255 255 3.14 3 13 18 22 
-9.19653  4.74447  54.8697 255 255 255 3.14 2 13 22 
-3.13667  5.03485  52.3535 255 255 255 3.14 2 13 22 
-9.06042  4.93667  54.8337 255 255 255 3.14 2 13 22 
-3.20517  5.20854  52.2791 255 255 255 3.14 2 13 22 
-9.40878  5.04732  55.0568 255 255 255 3.14 3 13 18 22 
-4.62188  5.08675  52.4719 255 255 255 3.14 3 13 18 22 
7.68703 9.04657 63.0288 255 255 255 3.14 2 13 22 
-4.39847  5.26703  52.4877 255 255 255 3.14 2 13 22 
-3.38222  5.34264  52.2436 255 255 255 3.14 2 13 22 
-3.57278   5.4053  52.3518 255 255 255 3.14 2 13 22 
-5.11791  5.31961  52.6871 255 255 255 3.14 2 13 22 
-3.70417  5.41539  52.2488 255 255 255 3.14 2 13 22 
-4.64228  5.35831   52.354 255 255 255 3.14 2 13 22 
-4.06818  5.44283  52.1097 255 255 255 3.14 2 13 22 
-4.45646  5.49402  52.2858 255 255 255 3.14 3 13 18 22 
7.35528 9.53873  63.004 255 255 255 3.14 2 13 22 
-3.40208  5.72591  52.2174 255 255 255 3.14 2 13 22 
-1.81785  6.19093  52.6653 255 255 255 3.14 2 13 22 
7.30577 9.86995  63.135 255 255 255 3.14 2 13 22 
-1.91569  6.42752  52.6086 255 255 255 3.14 2 13 22 
-2.04395  6.48169  52.6081 255 255 255 3.14 2 13 22 
-2.04999  6.75155  52.3949 255 255 255 3.14 2 13 22 
7.25345 10.5917 63.0589 255 255 255 3.14 2 13 22 
-1.29849  7.11593  53.2886 255 255 255 3.14 2 13 22 
-3.19696  6.61516  52.0633 255 255 255 3.14 2 13 18 
-1.57601   7.1969  53.2235 255 255 255 3.14 2 13 22 
7.06968 10.8612  63.016 255 255 255 3.14 2 13 22 
-3.51588   6.7806  51.9767 255 255 255 3.14 3 13 18 22 
7.07614 11.1302 63.0239 255 255 255 3.14 2 13 22 
-1.83568  7.48621  53.1236 255 255 255 3.14 2 13 22 
-3.58597  7.95515  51.8448 255 255 255 3.14 2 13 22 
6.51636 12.8952 63.0182 255 255 255 3.14 2 13 22 
5.87562 13.0606 63.1977 255 255 255 3.14 2 13 22 
-3.59091  8.99253  51.6122 255 255 255 3.14 4 11 13 18 22 
6.33909 13.6515 62.9085 255 255 255 3.14 2 13 22 
 5.8939 15.1162 62.6412 255 255 255 3.14 2 13 22 
5.75912 15.3018  62.614 255 255 255 3.14 2 13 22 
5.74385 15.5919 62.4991 255 255 255 3.14 2 13 22 
-3.45047  10.8553  51.2502 255 255 255 3.14 3 13 18 22 
-3.26509  10.9361  51.3059 255 255 255 3.14 2 13 22 
-4.38437  10.8095   51.232 255 255 255 3.14 3 13 18 22 
-11.5246  11.1563  54.3846 255 255 255 3.14 2 13 22 
-4.90525  10.9287  51.1671 255 255 255 3.14 3 13 18 22 
-10.9659  11.1716  53.6643 255 255 255 3.14 2 13 22 
-5.01852   11.136  51.1495 255 255 255 3.14 2 13 22 
-4.5706 11.1901 51.0853 255 255 255 3.14 3 13 18 22 
-10.6542  11.4042  53.4069 255 255 255 3.14 2 13 22 
-5.54064  11.2631  51.0838 255 255 255 3.14 3 13 18 22 
-4.39352  11.3973   51.083 255 255 255 3.14 2 13 18 
-5.77803  11.3413  51.2695 255 255 255 3.14 2 13 22 
-10.0724  11.5605  53.0756 255 255 255 3.14 2 13 22 
-4.30601  11.5423   51.006 255 255 255 3.14 3 13 18 22 
-5.77211  11.4998  51.1482 255 255 255 3.14 2 13 22 
-4.3809 11.8053 50.9548 255 255 255 3.14 2 13 22 
-3.61427  12.0593   51.137 255 255 255 3.14 3 13 18 22 
-4.14498  11.9573  50.8892 255 255 255 3.14 2 13 22 
-5.63047  11.9425   50.828 255 255 255 3.14 2 18 22 
4.24849 17.4555 62.0022 255 255 255 3.14 2 13 22 
-5.42601  12.3037  50.9094 255 255 255 3.14 3 13 18 22 
-3.76538   12.517  50.9909 255 255 255 3.14 3 13 18 22 
-3.55937   12.669  51.0784 255 255 255 3.14 2 13 22 
2.65224 18.1471 63.7001 255 255 255 3.14 2 13 22 
-5.67055  12.5334  50.9134 255 255 255 3.14 3 13 18 22 
-4.00271  12.7122   50.849 255 255 255 3.14 3 13 18 22 
-7.23401  12.8089  51.0257 255 255 255 3.14 2 13 22 
3.56166 18.5373 61.8378 255 255 255 3.14 2 13 22 
-4.48898  13.3604  50.7016 255 255 255 3.14 2 13 22 
-4.89992  13.3584  50.6778 255 255 255 3.14 3 13 18 22 
-5.98167  13.3909  50.6439 255 255 255 3.14 3 13 18 22 
-5.93528  13.6811    50.62 255 255 255 3.14 3 13 18 22 
-5.26925  13.7661  50.5426 255 255 255 3.14 3 13 18 22 
-5.49998  13.9528  50.5566 255 255 255 3.14 3 13 18 22 
-5.32718   14.051   50.688 255 255 255 3.14 3 13 18 22 
-7.06712  14.8337  50.4863 255 255 255 3.14 2 13 22 
-12.4136  15.5828   53.191 255 255 255 3.14 2 13 22 
-8.58389  14.9475  50.5678 255 255 255 3.14 2 13 22 
-5.68008  15.2277  50.4199 255 255 255 3.14 3 13 18 22 
-4.35037  15.4317  50.3637 255 255 255 3.14 2 13 22 
-5.29725  15.4916  50.5172 255 255 255 3.14 3 13 18 22 
-5.86807  15.4346  50.3602 255 255 255 3.14 3 13 18 22 
-5.96701  15.4293  50.3146 255 255 255 3.14 2 13 18 
-4.81293  15.9549  50.5239 255 255 255 3.14 3 13 18 22 
-5.03177  16.0386  50.5021 255 255 255 3.14 3 13 18 22 
-8.74545  16.0301  50.3176 255 255 255 3.14 2 13 22 
-4.55337  16.5982  50.0315 255 255 255 3.14 2 13 22 
-12.0298  17.3637   52.724 255 255 255 3.14 2 13 22 
-11.2494  17.4883  52.1267 255 255 255 3.14 2 13 22 
-4.95098  17.0691   50.075 255 255 255 3.14 3 13 18 22 
-5.85246  17.0174  49.9785 255 255 255 3.14 2 13 22 
-4.62896  17.1294   49.934 255 255 255 3.14 3 13 18 22 
-5.38263  17.3833  49.9681 255 255 255 3.14 2 13 22 
-5.59689  17.4357   50.021 255 255 255 3.14 3 13 18 22 
-5.46868  17.6369  49.9665 255 255 255 3.14 3 13 18 22 
-6.11112  17.8237  50.2723 255 255 255 3.14 2 13 22 
-6.53477  17.7615   50.083 255 255 255 3.14 2 13 22 
-6.46053  17.8571  50.1791 255 255 255 3.14 2 13 22 
-9.34772  17.9086  50.4754 255 255 255 3.14 2 13 22 
-6.6765 17.9559 50.0845 255 255 255 3.14 2 13 22 
-7.14815  17.9671  50.1287 255 255 255 3.14 3 13 18 22 
-10.385 18.3062 51.1528 255 255 255 3.14 2 13 22 
-7.67261  18.2699   50.273 255 255 255 3.14 3 13 18 22 
-9.48776   18.561  51.0029 255 255 255 3.14 2 13 22 
-9.81251  18.4919  50.8272 255 255 255 3.14 2 13 22 
-8.68356  18.2854  50.2628 255 255 255 3.14 2 13 22 
-10.1283  18.6315  51.0703 255 255 255 3.14 2 13 22 
-9.64923  18.6893  50.9249 255 255 255 3.14 3 13 18 22 
-6.79444  18.7049  50.1471 255 255 255 3.14 2 13 22 
-8.64614  19.1457  50.3186 255 255 255 3.14 2 13 22 
-2.16326 -7.42593  62.4636 255 255 255 3.14 2 13 22 
-0.862281  -7.19626   61.3244 255 255 255 3.14 3 13 18 22 
-0.406913   -7.0561   61.4511 255 255 255 3.14 3 13 18 22 
0.088703 -6.98399  61.3311 255 255 255 3.14 3 13 18 22 
-1.27387 -6.72303  61.4482 255 255 255 3.14 3 13 18 22 
0.778352 -6.36035  60.8991 255 255 255 3.14 3 13 18 22 
 1.10923 -6.09542  60.6125 255 255 255 3.14 2 13 22 
-2.11951 -6.62012  61.7143 255 255 255 3.14 2 13 22 
 1.61003 -5.91762  61.6726 255 255 255 3.14 2 13 22 
 7.16129 -4.33521  60.3538 255 255 255 3.14 2 13 22 
-0.453485     -5.15   58.2252 255 255 255 3.14 2 13 22 
-2.19227 -5.35143  59.7189 255 255 255 3.14 2 13 22 
-0.0340534   -5.00835    58.0826 255 255 255 3.14 3 13 18 22 
-1.30959 -5.01693  58.7715 255 255 255 3.14 3 13 18 22 
0.193597 -4.68353  57.7809 255 255 255 3.14 2 13 22 
 6.51384 -3.58779  58.5052 255 255 255 3.14 2 13 22 
 -3.6341 -5.15292  59.5848 255 255 255 3.14 2 13 22 
 6.23181 -3.60315  56.9667 255 255 255 3.14 2 13 22 
-2.97443 -5.01095  59.4073 255 255 255 3.14 2 13 22 
5.44335 -3.4813 57.6395 255 255 255 3.14 3 13 18 22 
  6.4387 -3.28368  58.0823 255 255 255 3.14 3 13 18 22 
 7.87763 -3.03073  59.0184 255 255 255 3.14 3 13 18 22 
-1.06229 -4.45751  57.4116 255 255 255 3.14 2 13 22 
-1.70961  -4.5074  57.8989 255 255 255 3.14 2 13 22 
  5.7751 -3.27607  57.7857 255 255 255 3.14 3 13 18 22 
 5.06384 -3.23372  57.3812 255 255 255 3.14 3 13 18 22 
-0.774348  -4.12011   57.2637 255 255 255 3.14 2 13 22 
0.863108 -3.90987  56.0388 255 255 255 3.14 3 13 18 22 
 4.58624 -3.26301  57.4009 255 255 255 3.14 2 13 22 
   7.236 -2.49751  58.5363 255 255 255 3.14 2 13 22 
 8.24752 -2.28364  59.1266 255 255 255 3.14 2 13 22 
-3.27672 -4.07966  58.1385 255 255 255 3.14 3 13 18 22 
0.390373 -3.58046  55.8504 255 255 255 3.14 3 13 18 22 
-2.87756 -3.87839  58.0003 255 255 255 3.14 2 13 22 
-0.732061  -3.57585   56.2536 255 255 255 3.14 3 13 18 22 
 3.77412 -2.89369  56.8038 255 255 255 3.14 2 13 22 
-1.88232 -3.73332  56.5479 255 255 255 3.14 2 13 22 
0.148611 -3.46206  55.3177 255 255 255 3.14 2 13 22 
-3.79145 -3.90352  57.9339 255 255 255 3.14 2 13 22 
-2.33379 -3.72331  56.9239 255 255 255 3.14 3 13 18 22 
-1.61439 -3.48524  56.3932 255 255 255 3.14 2 13 22 
 8.50988 -1.76341  59.3193 255 255 255 3.14 2 13 22 
  -3.989 -3.58006  58.2172 255 255 255 3.14 2 13 22 
 -2.6674 -3.45404  56.5513 255 255 255 3.14 2 13 22 
 3.58572 -2.20422  56.5549 255 255 255 3.14 2 13 22 
  3.9546 -2.12998  56.7361 255 255 255 3.14 2 13 22 
 2.96293 -2.28415  55.3054 255 255 255 3.14 2 13 22 
 2.90678 -1.85322  55.6262 255 255 255 3.14 2 13 22 
 2.02814 -1.86167  54.9343 255 255 255 3.14 2 13 22 
1.70487 -1.3869 54.9867 255 255 255 3.14 2 13 22 
  1.42701 -0.228091   55.0044 255 255 255 3.14 3 13 18 22 
-6.49952 0.404058  55.2728 255 255 255 3.14 2 13 22 
-2.33222  1.64011  53.1966 255 255 255 3.14 2 13 22 
-1.59585  1.95766  53.2779 255 255 255 3.14 2 13 22 
-2.46377  1.93204  53.1216 255 255 255 3.14 2 13 22 
-5.54833  3.61291  53.5748 255 255 255 3.14 2 13 22 
-6.58104  3.78408  53.9829 255 255 255 3.14 2 13 22 
-7.86669   3.8144  54.6576 255 255 255 3.14 3 13 18 22 
-9.18725  4.49495   55.146 255 255 255 3.14 3 13 18 22 
-4.34737  4.84378  52.4243 255 255 255 3.14 2 13 22 
-9.87771  4.84578  55.4866 255 255 255 3.14 2 13 22 
-4.33754  5.20757  52.4524 255 255 255 3.14 3 13 18 22 
-4.95018   5.2295  52.5839 255 255 255 3.14 3 13 18 22 
-4.03535  5.38136   52.304 255 255 255 3.14 2 13 18 
-1.64983  6.39142  52.4323 255 255 255 3.14 2 13 22 
-2.68683  6.95273  52.2646 255 255 255 3.14 3 13 18 22 
-3.61968  8.67146   51.662 255 255 255 3.14 2 13 18 
5.74679 13.9884 62.9581 255 255 255 3.14 3 13 18 22 
-3.58171  10.2261  51.3486 255 255 255 3.14 3 13 18 22 
-4.11832  10.3303  51.3545 255 255 255 3.14 2 13 22 
-4.49532  10.6029   51.278 255 255 255 3.14 3 13 18 22 
-4.33468   10.848   51.214 255 255 255 3.14 3 13 18 22 
-4.89989  10.8667  51.1903 255 255 255 3.14 3 13 18 22 
-9.57817  11.3486  52.9637 255 255 255 3.14 2 13 22 
-4.64595   11.506  50.9533 255 255 255 3.14 3 13 18 22 
-6.78771  11.6443  51.0563 255 255 255 3.14 2 13 22 
-3.6835 12.0188 51.2277 255 255 255 3.14 2 13 22 
-4.56873  12.0039  50.8972 255 255 255 3.14 3 13 18 22 
-4.15111  11.9791  50.8135 255 255 255 3.14 3 13 18 22 
-3.60748  12.2273  50.9375 255 255 255 3.14 2 13 22 
-6.76923  11.9798  51.0596 255 255 255 3.14 2 13 22 
 2.6978 18.2012 63.8646 255 255 255 3.14 2 13 22 
-7.03829  12.5854  51.0084 255 255 255 3.14 2 13 22 
-3.72304  12.8562  50.7935 255 255 255 3.14 2 13 22 
-4.3937 12.8625  50.806 255 255 255 3.14 3 13 18 22 
-6.4378 12.8225 50.8601 255 255 255 3.14 2 13 18 
-6.07274  12.8565  50.7993 255 255 255 3.14 3 13 18 22 
-11.5786  14.6879  52.5735 255 255 255 3.14 2 13 22 
-6.18176  14.3934  50.4741 255 255 255 3.14 3 13 18 22 
-4.81609  15.6051  50.5659 255 255 255 3.14 2 13 18 
-4.65977  16.8019  49.9419 255 255 255 3.14 3 13 18 22 
-5.58208  17.0094  50.0658 255 255 255 3.14 3 13 18 22 
-8.29168  17.3046  50.3004 255 255 255 3.14 2 13 22 
-5.14646  17.4798   50.027 255 255 255 3.14 3 13 18 22 
-8.61164  17.3035  50.2222 255 255 255 3.14 2 13 22 
-6.08585  17.4107  49.9211 255 255 255 3.14 2 13 22 
-5.89684  17.6247  49.8455 255 255 255 3.14 2 13 22 
-7.45569  17.8275  50.1583 255 255 255 3.14 2 13 22 
-7.15004  17.9905  50.1392 255 255 255 3.14 3 13 18 22 
-8.41671  18.0652  50.1503 255 255 255 3.14 4 10 13 18 22 
-9.29522  18.4217   50.896 255 255 255 3.14 2 13 22 
-9.12631  18.6055  50.6953 255 255 255 3.14 2 13 22 
0.855228 -4.84152   57.517 255 255 255 3.14 2 13 22 
 0.80657 -4.67385  57.4944 255 255 255 3.14 2 13 22 
0.138413 -4.61516  57.5528 255 255 255 3.14 2 13 22 
-4.21644 -5.03077   60.158 255 255 255 3.14 2 13 22 
 6.57611 -3.24999  58.7387 255 255 255 3.14 3 13 18 22 
7.94883 -3.0401 59.0727 255 255 255 3.14 2 13 22 
-1.83803 -4.43249  57.8032 255 255 255 3.14 2 13 22 
 4.32234 -3.18518  56.9249 255 255 255 3.14 3 13 18 22 
-1.73109 -3.98427  57.3785 255 255 255 3.14 2 13 22 
-2.73051 -3.87194  57.7919 255 255 255 3.14 2 13 22 
-3.82891 -3.95798  58.1018 255 255 255 3.14 2 13 22 
-1.95267 -3.72701  56.7476 255 255 255 3.14 2 13 22 
 7.66804 -2.10811  59.2354 255 255 255 3.14 2 13 22 
-1.88946 -3.37625  56.3354 255 255 255 3.14 2 13 22 
 -5.6935 -3.49106  58.4261 255 255 255 3.14 2 13 22 
 3.32998 -1.80303  56.2489 255 255 255 3.14 2 13 22 
 2.09553 -1.11655  55.2492 255 255 255 3.14 2 13 22 
-1.13067  4.71389  53.6171 255 255 255 3.14 2 13 22 
-5.47717   4.1635  53.2422 255 255 255 3.14 3 13 18 22 
-9.1394 4.55733 55.1884 255 255 255 3.14 2 13 22 
-2.67127  5.06345   51.878 255 255 255 3.14 2 13 22 
-4.47683  5.33047  51.7641 255 255 255 3.14 2 13 22 
-4.90732    11.26  51.0406 255 255 255 3.14 2 13 22 
4.50326 16.9323 62.3888 255 255 255 3.14 2 13 22 
-3.73791  13.9413  50.6778 255 255 255 3.14 2 13 22 
-3.56458  13.9766  50.6798 255 255 255 3.14 2 13 22 
-4.04517  17.1739  50.1169 255 255 255 3.14 2 13 18 
-4.87927  17.0567  49.9814 255 255 255 3.14 2 13 22 
-5.47411  17.2347  50.0023 255 255 255 3.14 2 13 22 
-4.39655   17.539  50.1379 255 255 255 3.14 3 13 18 22 
-6.20459  17.4053  49.9252 255 255 255 3.14 3 13 18 22 
-5.07968  17.6663   49.959 255 255 255 3.14 3 13 18 22 
-5.89076  17.6393  49.8791 255 255 255 3.14 3 13 18 22 
-7.83428  17.9252  50.3689 255 255 255 3.14 3 13 18 22 
-8.60746   18.047   50.203 255 255 255 3.14 2 13 22 
-7.8978 18.1267 49.9369 255 255 255 3.14 2 13 22 
-2.58271  4.80425  52.3855 255 255 255 3.14 2 13 18 
 5.04752 -3.15543  57.1696 255 255 255 3.14 3 13 18 22 
 -3.8602 -4.03585    58.19 255 255 255 3.14 2 13 22 
5.47085 -2.4534 57.2797 255 255 255 3.14 2 13 22 
-7.12462  3.70872  53.8549 255 255 255 3.14 2 13 22 
-3.70809  5.13291  52.4218 255 255 255 3.14 2 13 18 
-5.14656  8.83323  51.5331 255 255 255 3.14 2 13 22 
-3.61408  14.5229  50.5896 255 255 255 3.14 2 13 22 
-4.38193  17.4316  50.0874 255 255 255 3.14 2 13 22 
-5.4146 4.47323 52.7572 255 255 255 3.14 3 13 18 22 
-3.49893  8.74375  51.7107 255 255 255 3.14 2 13 22 
-5.11053  8.71932  51.6167 255 255 255 3.14 2 13 22 
-4.74857  10.5627  51.3521 255 255 255 3.14 2 13 18 
-7.91232  12.8001   51.062 255 255 255 3.14 2 13 18 
-9.93576  12.6837  52.3784 255 255 255 3.14 2 13 22 
-5.09374   17.313  49.7303 255 255 255 3.14 2 13 22 
-7.25083 0.536854   55.559 255 255 255 3.14 2 13 22 
-4.26282 -2.18992  56.0855 255 255 255 3.14 2 13 22 
-12.5529  14.9616  53.4476 255 255 255 3.14 2 13 22 
-1.77708 -7.02361  62.6286 255 255 255 3.14 2 13 22 
-9.05203  17.7536  50.4008 255 255 255 3.14 2 13 22 
 -2.50517 -0.959356   54.9135 255 255 255 3.14 2 13 22 
-11.0559  13.0258  53.0709 255 255 255 3.14 2 13 22 
-5.59418 -2.51815  56.8075 255 255 255 3.14 2 13 22 
 -1.0956 -2.20292  55.2905 255 255 255 3.14 2 13 22 
-4.63683  13.2926  50.6446 255 255 255 3.14 2 13 18 
-4.3889 11.5668 50.9916 255 255 255 3.14 2 13 22 
-4.71687  13.3862  50.6715 255 255 255 3.14 2 13 22 
-0.888688 -0.639407   54.3963 255 255 255 3.14 2 13 22 
-1.89063  -6.1491  60.8151 255 255 255 3.14 2 13 22 
5.65553 13.9136 63.0411 255 255 255 3.14 2 13 22 
-6.0959 13.1365 50.6896 255 255 255 3.14 3 13 18 22 
-5.58994  14.0109  50.5474 255 255 255 3.14 3 13 18 22 
-1.49963  6.29514  52.9144 255 255 255 3.14 2 13 22 
-5.62985  13.9838  50.5191 255 255 255 3.14 2 13 18 
0.0878713 -0.633141   54.3462 255 255 255 3.14 3 13 18 22 
-6.60657  17.5402  50.0178 255 255 255 3.14 2 13 22 
-5.54354  13.9935  50.5757 255 255 255 3.14 2 13 22 
-1.62744  7.47765  53.1341 255 255 255 3.14 2 13 22 
-2.56062 -1.00116  54.9586 255 255 255 3.14 2 13 22 
-3.09172  7.95381  51.8954 255 255 255 3.14 3 13 18 22 
-1.41039  6.76006  53.3106 255 255 255 3.14 2 13 22 
-6.20681  14.3054  50.4754 255 255 255 3.14 2 13 18 
 6.85883 -3.75871  58.2604 255 255 255 3.14 2 13 22 
 5.78774 -3.67455  57.5355 255 255 255 3.14 2 13 22 
-5.63727   17.317  49.9579 255 255 255 3.14 3 13 18 22 
-6.15412   14.445  50.4298 255 255 255 3.14 2 13 22 
-2.1534 9.12947 52.5857 255 255 255 3.14 2 13 22 
-2.3579 9.88724 52.2801 255 255 255 3.14 2 13 18 
-5.58492   13.955  50.5211 255 255 255 3.14 3 13 18 22 
-8.56518 -2.43932  59.0055 255 255 255 3.14 2 13 22 
0.0276247  0.754323   53.9708 255 255 255 3.14 3 13 18 22 
 3.48266 -3.88468  56.0492 255 255 255 3.14 2 13 22 
-4.73117  13.4126  50.6412 255 255 255 3.14 2 13 22 
-4.33078  14.3588  50.7363 255 255 255 3.14 2 13 22 
-7.06634  15.7482  50.2425 255 255 255 3.14 3 13 18 22 
 6.46942 -4.08583  57.9358 255 255 255 3.14 2 13 22 
0.293413 -6.00583  59.9176 255 255 255 3.14 2 13 22 
-4.82895  13.4551  50.7163 255 255 255 3.14 2 13 22 
-3.19618  10.3452  51.4291 255 255 255 3.14 3 13 18 22 
-5.70261  13.3402  50.6671 255 255 255 3.14 3 13 18 22 
-1.46147   6.1884   52.917 255 255 255 3.14 2 13 22 
 2.55363 -3.72719  55.9308 255 255 255 3.14 2 13 22 
-0.00138192    0.789482     53.9556 255 255 255 3.14 3 13 18 22 
-1.09737 -2.33204  55.3603 255 255 255 3.14 2 13 22 
-8.41323 -5.72985  66.4534 255 255 255 3.14 3 14 16 21 
-8.59157 -5.12402   68.159 255 255 255 3.14 3 14 16 21 
-9.06472 -5.17936  66.9055 255 255 255 3.14 3 14 16 21 
 -8.5938 -4.99949  68.2112 255 255 255 3.14 2 14 16 
-8.63054 -5.01525  68.0942 255 255 255 3.14 3 14 16 21 
-8.49101 -4.84219  68.2738 255 255 255 3.14 3 14 16 21 
-9.04506  -5.0245  66.7141 255 255 255 3.14 3 14 16 21 
-7.90996 -4.11342  69.4455 255 255 255 3.14 3 14 16 21 
-8.78265 -4.36324  67.0911 255 255 255 3.14 3 14 16 21 
-4.14709 -4.20176  58.9408 255 255 255 3.14 2 14 16 
-9.84471 -3.69167  63.7328 255 255 255 3.14 2 14 16 
-4.99998 -3.91062   59.198 255 255 255 3.14 2 14 16 
-9.83214 -3.43336  63.1587 255 255 255 3.14 3 14 16 21 
-5.45957 -3.68538  58.8577 255 255 255 3.14 2 14 16 
 -9.8358 -3.37176  63.1735 255 255 255 3.14 3 14 16 21 
-5.32836 -3.63434  58.7722 255 255 255 3.14 3 14 16 21 
-9.53972 -2.02797  60.7884 255 255 255 3.14 2 14 16 
-5.09519 0.872209  54.5941 255 255 255 3.14 2 14 16 
-8.90169 0.726077  56.6624 255 255 255 3.14 2 14 16 
-4.9182 1.06838 54.2702 255 255 255 3.14 2 14 16 
-10.4419  1.51374  60.6697 255 255 255 3.14 3 14 16 21 
-10.5973   1.5988  60.9699 255 255 255 3.14 3 14 16 21 
-10.5909  1.64705  60.8012 255 255 255 3.14 2 14 16 
-8.90487  1.22052  56.4608 255 255 255 3.14 2 14 16 
-10.0904  1.47005  58.1368 255 255 255 3.14 2 14 16 
-11.1198  1.85074  60.3862 255 255 255 3.14 3 14 16 21 
-10.8864  2.03162  60.6904 255 255 255 3.14 3 14 16 21 
-9.79619  2.08821  57.6726 255 255 255 3.14 2 14 16 
-9.80964  2.16633  57.6618 255 255 255 3.14 2 14 16 
-10.6061  2.41691  58.2766 255 255 255 3.14 2 14 16 
-8.9836 2.40999 56.0652 255 255 255 3.14 2 14 16 
-5.16537  3.41006  53.5252 255 255 255 3.14 3 14 16 21 
-10.052 3.07058 56.7995 255 255 255 3.14 2 14 16 
-11.2644  3.35471  58.7642 255 255 255 3.14 2 14 16 
-11.1627  3.37409  58.5822 255 255 255 3.14 2 14 16 
-11.1236  3.43578  58.5699 255 255 255 3.14 3 14 16 21 
-11.2134  3.44857   58.701 255 255 255 3.14 2 14 16 
-11.1386  3.48689  58.6086 255 255 255 3.14 3 14 16 21 
-11.1017  3.56564  58.5745 255 255 255 3.14 3 14 16 21 
-6.13255  4.13971  53.6115 255 255 255 3.14 2 14 16 
-11.7459  5.57086  58.3343 255 255 255 3.14 3 14 16 21 
-11.7036  5.57657  58.2337 255 255 255 3.14 2 14 16 
-11.7234  5.71787  58.2755 255 255 255 3.14 3 14 16 21 
-11.8042  5.90725  58.1335 255 255 255 3.14 3 14 16 21 
-11.8298  6.07321  58.0881 255 255 255 3.14 3 14 16 21 
-11.6767   6.3873  57.3778 255 255 255 3.14 2 14 16 
-11.122 6.93349 56.3005 255 255 255 3.14 2 14 16 
-12.006 7.52405 58.3365 255 255 255 3.14 2 14 16 
-12.0735  7.94875  58.1434 255 255 255 3.14 2 14 16 
-12.0713  8.05287  58.1286 255 255 255 3.14 3 14 16 21 
-9.34877  8.08151  53.8612 255 255 255 3.14 3 14 16 21 
-12.099 8.13162 58.0814 255 255 255 3.14 2 14 16 
-11.7672  8.39124  56.3224 255 255 255 3.14 2 14 16 
-12.1616  8.44669  56.9758 255 255 255 3.14 2 14 16 
 -12.26 8.53803 57.1355 255 255 255 3.14 3 14 16 21 
-12.2869  8.62056  57.2842 255 255 255 3.14 3 14 16 21 
-12.4569  9.70834  57.5313 255 255 255 3.14 3 14 16 21 
-12.4423  9.72559    57.48 255 255 255 3.14 3 14 16 21 
-11.8667  9.94477  55.5384 255 255 255 3.14 2 14 16 
-12.6256  10.3585  56.9451 255 255 255 3.14 2 14 16 
-12.6567  10.5846  56.7086 255 255 255 3.14 2 14 16 
-12.6183  10.7662  56.4593 255 255 255 3.14 2 14 16 
-12.646 10.8841  56.569 255 255 255 3.14 2 14 16 
-12.7033  10.9123  56.7186 255 255 255 3.14 2 14 16 
-12.7186  10.9624  56.7026 255 255 255 3.14 2 14 16 
-12.6986  11.0049  56.6603 255 255 255 3.14 2 14 16 
-11.505 10.9852 54.5918 255 255 255 3.14 3 14 16 21 
-8.53098  15.6933    69.73 255 255 255 3.14 2 14 16 
-12.715 11.1371 56.7947 255 255 255 3.14 2 14 16 
-12.7131  11.1253  56.7178 255 255 255 3.14 2 14 16 
-11.7544  11.2547  54.8273 255 255 255 3.14 2 14 16 
-12.7231  11.3444  56.6908 255 255 255 3.14 2 14 16 
-12.7288  11.4119  56.7246 255 255 255 3.14 2 14 16 
-12.754 11.5045 56.5621 255 255 255 3.14 2 14 16 
-12.7403   11.553  56.5129 255 255 255 3.14 2 14 16 
-11.586 11.6954 54.4128 255 255 255 3.14 2 16 17 
-12.1671  11.5854  54.9377 255 255 255 3.14 2 14 16 
-8.58441  12.5785  51.6178 255 255 255 3.14 3 14 16 21 
-12.395 11.9234 55.1005 255 255 255 3.14 2 14 16 
-9.4259 12.4632 52.2666 255 255 255 3.14 2 14 16 
-8.90671  12.7139  51.7748 255 255 255 3.14 3 14 16 21 
-12.899 12.4173 55.6863 255 255 255 3.14 2 14 16 
-12.9172   12.438  55.7662 255 255 255 3.14 2 14 16 
-12.4823  12.5888  54.9296 255 255 255 3.14 2 14 16 
-9.36288  13.6255  51.7794 255 255 255 3.14 3 14 16 21 
-9.46746  13.6075  51.8794 255 255 255 3.14 3 14 16 21 
-12.3793  13.3472  54.3419 255 255 255 3.14 3 14 16 21 
-12.6359  13.8417  54.4623 255 255 255 3.14 2 14 16 
-12.5933  13.9111  54.4394 255 255 255 3.14 3 14 16 21 
-12.6335  13.9293  54.5064 255 255 255 3.14 2 14 16 
-12.5286  13.9511  54.3645 255 255 255 3.14 3 14 16 21 
-10.3676  14.3792  52.2374 255 255 255 3.14 2 14 16 
-10.3316  14.3916  52.1754 255 255 255 3.14 3 14 16 21 
-10.8424  14.3455  52.6574 255 255 255 3.14 3 14 16 21 
-12.6311  14.0178  54.4545 255 255 255 3.14 2 14 16 
-13.0302  14.3815  54.9267 255 255 255 3.14 2 14 16 
-13.0311  14.4575  55.0141 255 255 255 3.14 2 14 16 
-13.3878  14.5783  55.5353 255 255 255 3.14 2 14 16 
-13.2098  14.6315  55.1768 255 255 255 3.14 2 14 16 
-13.2323  14.7009  55.3576 255 255 255 3.14 2 14 16 
-13.2223  14.6867  55.1652 255 255 255 3.14 2 14 16 
-13.3985  14.8653  55.5027 255 255 255 3.14 2 14 16 
-12.4756  14.9843   53.775 255 255 255 3.14 2 14 16 
-11.9937  15.6341  53.1299 255 255 255 3.14 2 14 16 
-12.224 15.7023 53.3607 255 255 255 3.14 3 14 16 21 
-12.1597  15.7794  53.2396 255 255 255 3.14 2 14 16 
-12.338 15.7838 53.4149 255 255 255 3.14 3 14 16 21 
-13.4286  15.8046  55.1643 255 255 255 3.14 2 14 16 
-10.7052  16.3224  51.9211 255 255 255 3.14 2 14 16 
-13.4363  15.9043  55.0072 255 255 255 3.14 2 14 16 
-13.4329  15.9997  54.9298 255 255 255 3.14 2 14 16 
-12.8369  16.1003  53.8583 255 255 255 3.14 2 14 16 
-13.1325  16.1134   54.228 255 255 255 3.14 2 14 16 
-13.5875  16.1403  55.1337 255 255 255 3.14 3 14 16 21 
-13.2027  16.1204  54.3504 255 255 255 3.14 2 14 16 
-12.6256   16.302  53.6111 255 255 255 3.14 2 14 16 
-13.4415  16.3254  54.7685 255 255 255 3.14 2 14 16 
-13.4462  16.3019  54.6104 255 255 255 3.14 2 14 16 
-13.4901  16.4176  54.9151 255 255 255 3.14 2 14 16 
-13.4649  16.4251  54.8448 255 255 255 3.14 2 14 16 
-12.6193  16.6701  53.5581 255 255 255 3.14 2 14 16 
-13.5515  16.5746  54.8402 255 255 255 3.14 2 14 16 
-13.5067  16.6307  54.7459 255 255 255 3.14 2 14 16 
-13.5179  16.6737  54.7187 255 255 255 3.14 2 14 16 
-12.6808  17.1573  53.6689 255 255 255 3.14 2 14 16 
  -12.6 17.2598 53.4763 255 255 255 3.14 2 14 16 
-12.6336  17.2705  53.5316 255 255 255 3.14 2 14 16 
-10.6401  17.8343  51.6452 255 255 255 3.14 2 14 16 
-10.6237  18.3732  51.6671 255 255 255 3.14 3 14 16 21 
-10.264  18.593 51.2486 255 255 255 3.14 2 14 16 
-10.284 18.6249 51.2146 255 255 255 3.14 2 14 16 
-7.91796 -6.17347  67.5715 255 255 255 3.14 3 14 16 21 
-1.57074 -6.76345  61.9702 255 255 255 3.14 3 14 16 21 
-8.34807 -5.83404  67.9783 255 255 255 3.14 2 14 16 
-8.30874 -5.82333  67.8815 255 255 255 3.14 2 14 16 
-8.30569  -5.8209  66.6655 255 255 255 3.14 3 14 16 21 
-8.48052 -5.69124   66.576 255 255 255 3.14 2 14 16 
-8.58879 -5.59783  66.4873 255 255 255 3.14 2 14 16 
-8.47431 -5.59772  66.2069 255 255 255 3.14 3 14 16 21 
-8.73762  -5.3946  67.8271 255 255 255 3.14 3 14 16 21 
-8.60801 -5.55475  66.3228 255 255 255 3.14 3 14 16 21 
-8.79419 -5.28022  67.7843 255 255 255 3.14 3 14 16 21 
-8.55152 -4.93726  68.3337 255 255 255 3.14 3 14 16 21 
-8.52762  -4.9036  68.1676 255 255 255 3.14 3 14 16 21 
-8.59164 -5.23317  65.1796 255 255 255 3.14 2 14 16 
-8.60866 -5.19796   65.012 255 255 255 3.14 3 14 16 21 
-8.74174  -5.1377  65.2055 255 255 255 3.14 3 14 16 21 
-7.55809 -4.36846  70.6048 255 255 255 3.14 3 14 16 21 
-8.17972 -4.43562  68.7269 255 255 255 3.14 3 14 16 21 
-9.18474 -4.85684  65.2176 255 255 255 3.14 3 14 16 21 
-8.13045 -4.40063  68.6288 255 255 255 3.14 3 14 16 21 
-9.32556 -4.75669  65.3158 255 255 255 3.14 3 14 16 21 
-9.37997 -4.65608  65.3705 255 255 255 3.14 3 14 16 21 
-8.54873 -4.61312  63.3643 255 255 255 3.14 3 14 16 21 
-9.50059 -4.30425  65.4913 255 255 255 3.14 3 14 16 21 
-4.11956  -4.2156  58.7929 255 255 255 3.14 2 14 16 
-4.20658 -4.14961  58.8389 255 255 255 3.14 2 14 16 
-6.21408 -4.04616  59.7634 255 255 255 3.14 2 14 16 
-9.78172 -3.69074  63.6562 255 255 255 3.14 2 14 16 
-6.36769 -3.89013  59.7649 255 255 255 3.14 2 14 16 
-4.50588 -3.90681  58.7128 255 255 255 3.14 3 14 16 21 
-9.92715 -3.47918  63.4863 255 255 255 3.14 3 14 16 21 
-5.46123 -3.70495  58.9528 255 255 255 3.14 2 14 16 
-9.80434 -3.41936  62.9864 255 255 255 3.14 3 14 16 21 
-5.18863 -3.67979  58.7022 255 255 255 3.14 3 14 16 21 
-9.92697 -3.31661  63.0625 255 255 255 3.14 3 14 16 21 
-9.70222 -3.27467  62.6405 255 255 255 3.14 3 14 16 21 
-9.87761 -2.91838  62.4404 255 255 255 3.14 3 14 16 21 
-9.81285 -2.72235  62.1122 255 255 255 3.14 2 14 16 
-9.77016 -2.62822  61.9837 255 255 255 3.14 2 14 16 
-9.91779 -2.26899  61.8542 255 255 255 3.14 2 14 16 
-10.1194 -2.15871  62.0562 255 255 255 3.14 2 14 16 
 -2.45071 -0.185714   71.2755 255 255 255 3.14 3 14 16 21 
-10.1464 -2.06498    62.05 255 255 255 3.14 3 14 16 21 
-10.0628 -2.04277  61.8292 255 255 255 3.14 3 14 16 21 
 -10.252 -1.66731  62.0465 255 255 255 3.14 3 14 16 21 
-2.14639 0.555308  71.4739 255 255 255 3.14 3 14 16 21 
 -10.4792 -0.365567   61.0125 255 255 255 3.14 3 14 16 21 
  -4.1509 -0.348293   54.5386 255 255 255 3.14 3 14 16 21 
 -8.89881 -0.259619   57.5446 255 255 255 3.14 2 14 16 
  -8.94893 -0.0780045    57.4597 255 255 255 3.14 2 14 16 
-9.09407 0.239791  57.5762 255 255 255 3.14 2 14 16 
 -9.1271 0.390494  57.6116 255 255 255 3.14 2 14 16 
-4.72525 0.524784  54.2753 255 255 255 3.14 3 14 16 21 
-9.10739 0.433032  57.4729 255 255 255 3.14 2 14 16 
 -10.673 0.696805  60.1938 255 255 255 3.14 2 14 16 
-9.15284 0.500052  57.5394 255 255 255 3.14 2 14 16 
-4.84703  0.64796  54.3084 255 255 255 3.14 3 14 16 21 
-4.79807 0.787543  54.2631 255 255 255 3.14 3 14 16 21 
-8.84182 0.658897  56.6998 255 255 255 3.14 2 14 16 
-9.23864 0.756589  56.9486 255 255 255 3.14 2 14 16 
-10.0783 0.945198  58.4395 255 255 255 3.14 3 14 16 21 
-4.94231  1.13935  54.2247 255 255 255 3.14 2 14 16 
-8.2684 1.11397  56.071 255 255 255 3.14 2 14 16 
-8.8383 1.09442  56.407 255 255 255 3.14 2 14 16 
-4.98042  1.35283  54.2767 255 255 255 3.14 3 14 16 21 
-10.003 1.28349  58.118 255 255 255 3.14 3 14 16 21 
-10.8248  2.06582  60.9291 255 255 255 3.14 2 14 16 
-4.79191   1.9494  53.8021 255 255 255 3.14 3 14 16 21 
-4.73914  1.96205  53.7061 255 255 255 3.14 3 14 16 21 
-11.0277  2.26512  60.8673 255 255 255 3.14 3 14 16 21 
-11.0333  2.35742  60.7981 255 255 255 3.14 3 14 16 21 
-9.81665  2.07775  57.7522 255 255 255 3.14 2 14 16 
-9.91191  2.21156  57.6616 255 255 255 3.14 3 14 16 21 
-11.0418  2.28756  59.0206 255 255 255 3.14 2 14 16 
-9.98601  2.28028  57.8231 255 255 255 3.14 3 14 16 21 
-10.5081  2.41114  58.2141 255 255 255 3.14 2 14 16 
-11.0836  2.48696  58.9202 255 255 255 3.14 3 14 16 21 
 -8.065 2.54673 55.5023 255 255 255 3.14 2 14 16 
-10.0439  2.56426  57.5135 255 255 255 3.14 3 14 16 21 
-11.1987  2.70595  58.9863 255 255 255 3.14 2 14 16 
-11.1567  2.76037    58.89 255 255 255 3.14 2 14 16 
-4.67879  3.09645  53.2764 255 255 255 3.14 3 14 16 21 
-9.8012 2.73976 56.6105 255 255 255 3.14 2 14 16 
-10.0937  2.96304  57.0217 255 255 255 3.14 3 14 16 21 
-4.76386  3.41963  53.1717 255 255 255 3.14 3 14 16 21 
-11.2564  3.27686  58.7542 255 255 255 3.14 2 14 16 
-11.2232  3.33578  58.7058 255 255 255 3.14 2 14 16 
-11.2064  3.39499  58.6418 255 255 255 3.14 2 14 16 
-11.2473  3.55565  58.7202 255 255 255 3.14 3 14 16 21 
-10.2184  4.05019  56.5789 255 255 255 3.14 2 14 16 
-10.2683  4.29512  56.5622 255 255 255 3.14 2 14 16 
-10.325  4.5049  56.543 255 255 255 3.14 2 14 16 
-11.8039  6.07824  58.0125 255 255 255 3.14 3 14 16 21 
-12.0025  7.38874  57.2937 255 255 255 3.14 2 14 16 
-11.5987  7.39528  56.6512 255 255 255 3.14 2 14 16 
-11.8604  7.43849  57.1046 255 255 255 3.14 3 14 16 21 
-11.9837  7.44119  57.2207 255 255 255 3.14 2 14 16 
-11.921 7.52983 57.0913 255 255 255 3.14 3 14 16 21 
-11.9744  7.61486  57.1134 255 255 255 3.14 2 14 16 
-11.9325  7.58851  56.9625 255 255 255 3.14 3 14 16 21 
-12.0172  7.90297  58.1211 255 255 255 3.14 2 14 16 
-12.0056  7.80095  57.1074 255 255 255 3.14 3 14 16 21 
-12.0421  7.90973  57.1081 255 255 255 3.14 2 14 16 
-12.0679  8.00107  57.0859 255 255 255 3.14 2 14 16 
-12.0118  7.99902  56.9586 255 255 255 3.14 3 14 16 21 
-12.1947  8.09984  57.6641 255 255 255 3.14 3 14 16 21 
-12.155 8.07735 57.4875 255 255 255 3.14 3 14 16 21 
-12.0096  8.09935  56.9031 255 255 255 3.14 3 14 16 21 
-12.1949   8.2144  57.4784 255 255 255 3.14 3 14 16 21 
-11.9408  8.21865   56.717 255 255 255 3.14 2 14 16 
-11.9134  8.27726  56.6149 255 255 255 3.14 3 14 16 21 
-12.0716  8.31018  56.8452 255 255 255 3.14 2 14 16 
-12.1585   8.3189  56.9772 255 255 255 3.14 3 14 16 21 
-12.0418  8.32796   56.735 255 255 255 3.14 2 14 16 
-11.8333  8.37126   56.362 255 255 255 3.14 3 14 16 21 
-12.006 8.39716 56.6752 255 255 255 3.14 2 14 16 
-11.7807  8.51548  56.2728 255 255 255 3.14 2 14 16 
-12.4429  9.65823  57.4944 255 255 255 3.14 3 14 16 21 
-12.4162  9.70039  57.3753 255 255 255 3.14 2 14 16 
-12.4982   9.7884  57.4906 255 255 255 3.14 3 14 16 21 
-11.874  9.9956 55.5799 255 255 255 3.14 2 14 16 
-11.9207  10.0114  55.6842 255 255 255 3.14 3 14 16 21 
-11.8679  10.0712  55.5001 255 255 255 3.14 3 14 16 21 
-12.2781  10.4065  55.8113 255 255 255 3.14 2 14 16 
-11.6193  10.5444  55.0322 255 255 255 3.14 2 14 16 
-12.2611  10.5068  55.7683 255 255 255 3.14 2 14 16 
-12.6422  10.5688  56.6209 255 255 255 3.14 2 14 16 
-11.7811  10.5674  55.1644 255 255 255 3.14 2 14 16 
-12.6694  10.6296  56.6886 255 255 255 3.14 2 14 16 
-12.6656  10.6928  56.7006 255 255 255 3.14 2 14 16 
-12.4303   10.651    55.98 255 255 255 3.14 2 14 16 
-12.4901  10.7028   56.095 255 255 255 3.14 2 14 16 
-12.6257  10.7888  56.5235 255 255 255 3.14 2 14 16 
-12.6863  10.8251  56.7136 255 255 255 3.14 2 14 16 
-12.6183  10.7744  56.3026 255 255 255 3.14 2 14 16 
-12.6559  10.8343  56.5703 255 255 255 3.14 2 14 16 
-12.6953  10.8984   56.645 255 255 255 3.14 3 14 16 21 
-11.5941  10.8777  54.7437 255 255 255 3.14 2 14 16 
-11.8541  10.9222  55.0572 255 255 255 3.14 2 14 16 
-11.5251  10.9408   54.647 255 255 255 3.14 3 14 16 21 
-11.3907  11.0041   54.439 255 255 255 3.14 2 14 16 
-12.0144  10.9486  55.1755 255 255 255 3.14 2 14 16 
-12.6827  11.0154  56.5594 255 255 255 3.14 3 14 16 21 
-11.5894  11.0118  54.6825 255 255 255 3.14 2 14 16 
-11.7071  11.0104  54.7729 255 255 255 3.14 2 14 16 
2.61653 18.1272  63.517 255 255 255 3.14 3 14 16 21 
-11.4041  11.0754  54.4792 255 255 255 3.14 2 14 16 
-12.7268  11.1018  56.6813 255 255 255 3.14 2 14 16 
-11.6508  11.1186  54.7392 255 255 255 3.14 3 14 16 21 
2.43084 18.2062 63.5341 255 255 255 3.14 2 14 16 
-11.9324  11.1065  54.9963 255 255 255 3.14 2 14 16 
-11.8102  11.1441  54.9334 255 255 255 3.14 2 14 16 
-6.38529  16.1713  68.1354 255 255 255 3.14 3 14 16 21 
-11.6323  11.2181  54.6488 255 255 255 3.14 3 14 16 21 
-6.4631  16.235  68.154 255 255 255 3.14 3 14 16 21 
-6.50529   16.311  68.0759 255 255 255 3.14 3 14 16 21 
-11.6879  11.3644  54.6898 255 255 255 3.14 3 14 16 21 
2.31151 18.5406 63.7507 255 255 255 3.14 2 14 16 
-12.7363  11.4437  56.5351 255 255 255 3.14 2 14 16 
-8.64973  11.9527  51.8244 255 255 255 3.14 2 14 16 
-8.66329   16.081  69.2298 255 255 255 3.14 3 14 16 21 
-6.91048    16.46   68.109 255 255 255 3.14 3 14 16 21 
-12.7507  11.6055  56.6148 255 255 255 3.14 3 14 16 21 
-12.8595  11.6274  56.8086 255 255 255 3.14 3 14 16 21 
-12.181  11.511 55.0596 255 255 255 3.14 2 14 16 
-7.05997  16.5038  68.0873 255 255 255 3.14 3 14 16 21 
-8.73554  16.1651  69.1635 255 255 255 3.14 2 14 16 
-12.1331  11.5206  54.9257 255 255 255 3.14 2 14 16 
-12.8373   11.677  56.7188 255 255 255 3.14 3 14 16 21 
-8.78468  12.2152  52.0863 255 255 255 3.14 2 14 16 
-8.68577  16.3043  69.0195 255 255 255 3.14 2 14 16 
-8.5816 16.3314 68.9417 255 255 255 3.14 3 14 16 21 
-12.1554  11.6826  54.9537 255 255 255 3.14 2 14 16 
-8.25379  12.4939   51.406 255 255 255 3.14 3 14 16 21 
-8.43835  12.4847  51.5593 255 255 255 3.14 3 14 16 21 
-12.2536  11.8367  54.9913 255 255 255 3.14 2 14 16 
-8.58693  12.4985  51.6724 255 255 255 3.14 2 14 16 
-8.03347  16.6468  68.4041 255 255 255 3.14 3 14 16 21 
-8.17962  16.6753  68.4266 255 255 255 3.14 2 14 16 
-12.3275  11.9119  55.0353 255 255 255 3.14 2 14 16 
-9.77066  12.3576  52.5965 255 255 255 3.14 3 14 16 21 
-12.1014  11.9631   54.727 255 255 255 3.14 2 14 16 
-9.31645  12.4682   52.193 255 255 255 3.14 3 14 16 21 
-9.23073  12.4886  52.0923 255 255 255 3.14 3 14 16 21 
-8.57104    12.64   51.629 255 255 255 3.14 3 14 16 21 
-8.67661  12.6456  51.7533 255 255 255 3.14 2 14 16 
-9.6618 12.4279 52.4864 255 255 255 3.14 3 14 16 21 
-12.201 11.9933  54.815 255 255 255 3.14 2 14 16 
-8.89013  12.6412  51.8183 255 255 255 3.14 3 14 16 21 
-8.56016  12.7096  51.5008 255 255 255 3.14 3 14 16 21 
-12.4255  12.0514   55.147 255 255 255 3.14 3 14 16 21 
-12.2742  12.0659  54.8475 255 255 255 3.14 2 14 16 
-9.88859  12.4813  52.5802 255 255 255 3.14 3 14 16 21 
-9.01145  12.8049  51.8797 255 255 255 3.14 2 14 16 
-12.1236  12.2385  54.5989 255 255 255 3.14 2 14 16 
-12.9881  12.3582  56.5149 255 255 255 3.14 2 14 16 
-12.2051  12.2862  54.6791 255 255 255 3.14 3 14 16 21 
-12.2497   12.372  54.6772 255 255 255 3.14 2 14 16 
-11.3182  12.5464  53.7938 255 255 255 3.14 3 14 16 21 
-12.4564  12.4007  55.0067 255 255 255 3.14 2 14 16 
-12.8737  12.4334  55.8245 255 255 255 3.14 2 14 16 
-12.5863  12.4471   55.208 255 255 255 3.14 2 14 16 
-12.7009  12.5341  55.2461 255 255 255 3.14 2 14 16 
-12.6831  12.5772  55.2171 255 255 255 3.14 2 14 16 
-12.6141   12.601  55.0993 255 255 255 3.14 3 14 16 21 
-12.5328  12.6173  54.9797 255 255 255 3.14 2 14 16 
-12.434 12.6636 54.8846 255 255 255 3.14 3 14 16 21 
-8.82098  13.4584  51.4317 255 255 255 3.14 3 14 16 21 
-12.1134  12.7982  54.2852 255 255 255 3.14 3 14 16 21 
-11.8301  12.8528  54.0317 255 255 255 3.14 2 14 16 
-12.0365  12.9604  54.2103 255 255 255 3.14 2 14 16 
-8.72852  13.6699   51.251 255 255 255 3.14 3 14 16 21 
-12.2185  13.0958  54.2481 255 255 255 3.14 2 14 16 
-9.53596  13.6575  51.9312 255 255 255 3.14 3 14 16 21 
-12.5635  13.7722  54.4603 255 255 255 3.14 2 14 16 
-12.5541  13.8114   54.357 255 255 255 3.14 2 14 16 
-12.5396  13.8719  54.4282 255 255 255 3.14 2 14 16 
-10.3056  14.3558  52.1764 255 255 255 3.14 3 14 16 21 
-12.6605  13.9713  54.5795 255 255 255 3.14 2 14 16 
-12.5424  13.9765  54.3225 255 255 255 3.14 3 14 16 21 
-12.578  14.012 54.4139 255 255 255 3.14 3 14 16 21 
-12.4428  14.0275  54.1051 255 255 255 3.14 2 14 16 
-12.463 14.0623 54.2449 255 255 255 3.14 3 14 16 21 
-12.2326   14.095  53.9139 255 255 255 3.14 3 14 16 21 
-12.3814  14.0925  54.0349 255 255 255 3.14 2 14 16 
-11.9062  14.2209  53.5176 255 255 255 3.14 2 14 16 
-12.7791  14.1571  54.6697 255 255 255 3.14 2 14 16 
-12.8211  14.1736  54.7509 255 255 255 3.14 3 14 16 21 
-12.3412  14.2513  53.9342 255 255 255 3.14 2 14 16 
-12.2071  14.2918  53.7557 255 255 255 3.14 3 14 16 21 
-11.0316  14.8205  52.6761 255 255 255 3.14 2 14 16 
-13.3477  14.6256   55.501 255 255 255 3.14 2 14 16 
-13.1981  14.6559  55.2739 255 255 255 3.14 3 14 16 21 
-13.2076  14.7027  55.2386 255 255 255 3.14 2 14 16 
-13.2145  14.6681  55.0861 255 255 255 3.14 2 14 16 
-13.3947   14.756  55.5346 255 255 255 3.14 2 14 16 
-11.2357  15.0079  52.7019 255 255 255 3.14 2 14 16 
-11.3879  15.0903  52.8161 255 255 255 3.14 2 14 16 
-8.91504  15.7267  50.6486 255 255 255 3.14 2 14 16 
-8.57727  15.9404  50.4515 255 255 255 3.14 2 14 16 
-8.48482  16.1708  50.4451 255 255 255 3.14 2 14 16 
-10.8169  15.8228  52.0918 255 255 255 3.14 2 14 16 
-11.7218  15.7077  52.9678 255 255 255 3.14 2 14 16 
-12.0814  15.6674  53.2774 255 255 255 3.14 3 14 16 21 
-12.2831  15.6513  53.4313 255 255 255 3.14 2 14 16 
-12.3544  15.7146  53.4566 255 255 255 3.14 3 14 16 21 
-12.077 15.7737 53.1803 255 255 255 3.14 2 14 16 
-12.423  15.768 53.4932 255 255 255 3.14 3 14 16 21 
-13.4378  15.7519  55.1987 255 255 255 3.14 3 14 16 21 
-12.2354  15.8408  53.2493 255 255 255 3.14 2 14 16 
-12.4011  15.8366  53.4186 255 255 255 3.14 3 14 16 21 
-12.5191  15.9479  53.5375 255 255 255 3.14 2 14 16 
-12.5425   16.022  53.5946 255 255 255 3.14 2 14 16 
-12.6566  16.0486  53.7316 255 255 255 3.14 3 14 16 21 
-13.4283  16.0316   54.858 255 255 255 3.14 2 14 16 
-13.1365  15.9845  54.1606 255 255 255 3.14 3 14 16 21 
-12.6641  16.0834   53.651 255 255 255 3.14 2 14 16 
-13.5525  16.1261  55.0666 255 255 255 3.14 2 14 16 
-13.4501  16.0859  54.7088 255 255 255 3.14 2 14 16 
-12.6839  16.1746  53.6432 255 255 255 3.14 2 14 16 
-13.2361  16.1478  54.4553 255 255 255 3.14 2 14 16 
-13.3695  16.1357  54.5764 255 255 255 3.14 2 14 16 
-13.4225  16.1965  54.6679 255 255 255 3.14 3 14 16 21 
-13.3417  16.2282  54.4525 255 255 255 3.14 2 14 16 
-10.572 16.9329 51.8147 255 255 255 3.14 2 14 16 
-13.4467  16.4083  54.8838 255 255 255 3.14 3 14 16 21 
-13.4396  16.3603  54.6786 255 255 255 3.14 2 14 16 
-13.4575  16.4054  54.7648 255 255 255 3.14 2 14 16 
-10.7457  17.2323  51.9085 255 255 255 3.14 2 14 16 
-12.1606  17.3972  53.1024 255 255 255 3.14 3 14 16 21 
-10.8605  17.8081  51.8784 255 255 255 3.14 2 14 16 
-10.6274     17.9  51.7282 255 255 255 3.14 2 14 16 
-10.8626  17.9572  51.8752 255 255 255 3.14 2 14 16 
-11.2367  18.0222  52.2005 255 255 255 3.14 2 14 16 
-11.0072  18.0921  52.0036 255 255 255 3.14 2 14 16 
-10.5493   18.206  51.5553 255 255 255 3.14 2 14 16 
-10.8967  18.1612  51.9267 255 255 255 3.14 2 14 16 
-10.9986  18.1941  52.0848 255 255 255 3.14 2 14 16 
-10.4459  18.3521  51.4615 255 255 255 3.14 2 14 16 
-10.7711  18.3382  51.7725 255 255 255 3.14 3 14 16 21 
 -1.6516 -7.55884  62.1062 255 255 255 3.14 2 14 16 
-7.62555 -6.31207  67.5258 255 255 255 3.14 3 14 16 21 
-8.66828 -5.64044  67.9291 255 255 255 3.14 2 14 16 
-8.51777 -5.65005  67.8289 255 255 255 3.14 3 14 16 21 
-8.24212  -5.5112  68.3918 255 255 255 3.14 2 14 16 
-8.64919 -5.51897  67.9125 255 255 255 3.14 3 14 16 21 
-8.72044  -5.4057   67.827 255 255 255 3.14 2 14 16 
-8.58522 -5.54779  66.3181 255 255 255 3.14 3 14 16 21 
 -8.4146 -5.26298   68.359 255 255 255 3.14 3 14 16 21 
-8.80041 -5.15807  67.6789 255 255 255 3.14 3 14 16 21 
-8.55995 -4.92759  68.3225 255 255 255 3.14 3 14 16 21 
-8.48891 -4.88696  68.1662 255 255 255 3.14 3 14 16 21 
-8.59167 -5.20596   65.007 255 255 255 3.14 3 14 16 21 
-8.74348 -5.13993  65.2268 255 255 255 3.14 3 14 16 21 
-8.68813 -5.11058  65.0809 255 255 255 3.14 3 14 16 21 
-8.24102 -4.56257   68.678 255 255 255 3.14 3 14 16 21 
-8.55208  -5.0451  64.6946 255 255 255 3.14 2 14 16 
-8.16542 -4.42495  68.6088 255 255 255 3.14 3 14 16 21 
-9.39745 -4.71028  66.3234 255 255 255 3.14 2 14 16 
-9.38924 -4.64769   65.383 255 255 255 3.14 2 14 16 
-8.14765 -3.98082  70.2477 255 255 255 3.14 3 14 16 21 
-9.31352 -4.58514  65.4862 255 255 255 3.14 3 14 16 21 
-9.55454 -4.39921   65.647 255 255 255 3.14 3 14 16 21 
 -9.3509 -4.39954  65.4608 255 255 255 3.14 3 14 16 21 
-8.12992 -3.76651  69.6306 255 255 255 3.14 2 14 16 
-8.22716 -3.67863  69.8726 255 255 255 3.14 3 14 16 21 
-8.68819 -4.48827  63.1899 255 255 255 3.14 2 14 16 
-2.28509 -4.31554  58.0289 255 255 255 3.14 2 14 16 
-4.22985 -4.13713  58.9595 255 255 255 3.14 2 14 16 
-9.70328 -3.77051  63.9163 255 255 255 3.14 3 14 16 21 
-3.16608 -4.16135  58.1401 255 255 255 3.14 3 14 16 21 
-6.15523 -4.06611  59.7692 255 255 255 3.14 2 14 16 
-4.85722 -4.03609  58.9806 255 255 255 3.14 2 14 16 
-6.28285 -3.96954  59.8619 255 255 255 3.14 2 14 16 
-6.07585 -3.92928  59.5769 255 255 255 3.14 2 14 16 
-4.84515 -3.92362  58.9499 255 255 255 3.14 2 14 16 
-6.38042 -3.88117  59.7654 255 255 255 3.14 2 14 16 
-5.3688 -3.8183 58.8606 255 255 255 3.14 2 14 16 
 -9.9337 -3.46935  63.4882 255 255 255 3.14 3 14 16 21 
-9.87898 -3.46389    63.09 255 255 255 3.14 2 14 16 
-6.13768  -3.7312  59.3618 255 255 255 3.14 2 14 16 
-9.86333 -3.43929  63.2321 255 255 255 3.14 3 14 16 21 
-5.47539 -3.69363  58.9611 255 255 255 3.14 3 14 16 21 
-9.92691 -3.30174  63.0639 255 255 255 3.14 3 14 16 21 
-9.68552 -3.14656  62.4646 255 255 255 3.14 2 14 16 
-8.74232 -3.17444  60.6466 255 255 255 3.14 2 14 16 
-9.79463 -2.95781   62.362 255 255 255 3.14 2 14 16 
 -9.8719 -2.91713  62.4607 255 255 255 3.14 3 14 16 21 
 -8.8253 -3.03955  60.6778 255 255 255 3.14 2 14 16 
-8.77902 -2.90108   60.454 255 255 255 3.14 2 14 16 
-9.92149 -2.67486  62.2681 255 255 255 3.14 2 14 16 
-9.92285 -2.51721  62.1043 255 255 255 3.14 3 14 16 21 
-9.91152  -2.3607  61.8708 255 255 255 3.14 3 14 16 21 
 -10.075 -2.21362   62.049 255 255 255 3.14 3 14 16 21 
-9.92542 -2.14748  61.8795 255 255 255 3.14 2 14 16 
-10.0615 -2.02785  61.8228 255 255 255 3.14 3 14 16 21 
-10.1662 -1.94059  62.0524 255 255 255 3.14 3 14 16 21 
-10.1513 -1.92045  61.9274 255 255 255 3.14 3 14 16 21 
-9.54456 -1.91234  60.8263 255 255 255 3.14 2 14 16 
-10.2122 -1.77472  61.9602 255 255 255 3.14 3 14 16 21 
  -10.464 -0.527703   61.0979 255 255 255 3.14 2 14 16 
 -10.4882 -0.356709   61.0089 255 255 255 3.14 3 14 16 21 
 -10.4186 -0.332096   60.8359 255 255 255 3.14 2 14 16 
 -10.1639 -0.331059   59.9356 255 255 255 3.14 2 14 16 
  -10.153 -0.186729   59.9666 255 255 255 3.14 2 14 16 
  -5.11837 -0.0130323    54.8348 255 255 255 3.14 3 14 16 21 
     -9.0137 -0.000387485       57.598 255 255 255 3.14 2 14 16 
-9.04977 0.241061  57.4666 255 255 255 3.14 2 14 16 
-9.14311 0.499555  57.5404 255 255 255 3.14 2 14 16 
-4.81997 0.648687  54.2991 255 255 255 3.14 3 14 16 21 
-4.76977 0.771735   54.269 255 255 255 3.14 2 14 16 
-4.95848 0.814859  54.4327 255 255 255 3.14 3 14 16 21 
-8.76842 0.610296  56.6142 255 255 255 3.14 2 14 16 
-8.98295 0.691696  56.7492 255 255 255 3.14 3 14 16 21 
-10.0793 0.946641  58.4575 255 255 255 3.14 2 14 16 
-10.0592  1.01938  58.2248 255 255 255 3.14 3 14 16 21 
-9.86606  1.05869   58.192 255 255 255 3.14 3 14 16 21 
-4.90235  1.23306  54.1585 255 255 255 3.14 2 14 16 
-10.5585  1.53225  60.9578 255 255 255 3.14 3 14 16 21 
-9.91687    1.179  58.1067 255 255 255 3.14 2 14 16 
-8.84689  1.09247  56.3939 255 255 255 3.14 3 14 16 21 
-10.8275  1.92606  60.9589 255 255 255 3.14 3 14 16 21 
-4.78199  1.95749  53.8113 255 255 255 3.14 3 14 16 21 
-11.0066  2.27593  60.8866 255 255 255 3.14 3 14 16 21 
-9.95508  1.98962  57.9149 255 255 255 3.14 3 14 16 21 
-9.86694  2.05548  57.7578 255 255 255 3.14 3 14 16 21 
-11.0361  2.36564  60.8019 255 255 255 3.14 3 14 16 21 
-9.88376  2.20627  57.6501 255 255 255 3.14 2 14 16 
-11.0902  2.48886  58.9055 255 255 255 3.14 3 14 16 21 
-10.0364  2.55015  57.5059 255 255 255 3.14 3 14 16 21 
-11.1371  2.61728  58.9018 255 255 255 3.14 3 14 16 21 
-4.69214  3.08484  53.2785 255 255 255 3.14 3 14 16 21 
-10.1074  2.81279  57.4789 255 255 255 3.14 2 14 16 
-11.2832  2.87188  59.0256 255 255 255 3.14 3 14 16 21 
-9.89715  2.88507   56.788 255 255 255 3.14 2 14 16 
-10.1736  3.05793  57.0712 255 255 255 3.14 3 14 16 21 
-5.19847  3.56856  53.4696 255 255 255 3.14 3 14 16 21 
-11.226 3.31846 58.7119 255 255 255 3.14 2 14 16 
-11.0331  3.39784  58.5313 255 255 255 3.14 2 14 16 
-11.2459  3.54751  58.7154 255 255 255 3.14 3 14 16 21 
-11.3063  3.58622  58.8129 255 255 255 3.14 3 14 16 21 
-7.75116  3.68273  54.6581 255 255 255 3.14 3 14 16 21 
-11.248 3.68058 58.7379 255 255 255 3.14 2 14 16 
-9.99885  3.61607  56.4741 255 255 255 3.14 2 14 16 
-6.16151  3.99579  53.6736 255 255 255 3.14 3 14 16 21 
-8.14027  3.90883  54.7707 255 255 255 3.14 3 14 16 21 
-10.2536  4.30479  56.5777 255 255 255 3.14 3 14 16 21 
-11.1344  4.37816  57.8405 255 255 255 3.14 2 14 16 
-10.3426  4.60196  56.4974 255 255 255 3.14 3 14 16 21 
-11.7512  5.89529  58.2088 255 255 255 3.14 3 14 16 21 
-11.7521  5.95859  57.9632 255 255 255 3.14 3 14 16 21 
-11.7826  5.98789  58.0809 255 255 255 3.14 3 14 16 21 
-11.7693  6.47798  58.3448 255 255 255 3.14 3 14 16 21 
-11.5443  7.03203  56.7965 255 255 255 3.14 3 14 16 21 
-11.8737  7.42413    57.11 255 255 255 3.14 3 14 16 21 
-11.5998  7.40611  56.6599 255 255 255 3.14 3 14 16 21 
-11.9931  7.47138  57.3381 255 255 255 3.14 3 14 16 21 
-11.7458  7.45853  56.8181 255 255 255 3.14 3 14 16 21 
-11.9312  7.52855  57.0857 255 255 255 3.14 2 14 16 
-11.9891  7.55821   57.206 255 255 255 3.14 3 14 16 21 
-11.9038  7.60333  56.9594 255 255 255 3.14 3 14 16 21 
-11.991 7.71144  57.084 255 255 255 3.14 2 14 16 
-12.039 7.90703  57.118 255 255 255 3.14 2 14 16 
-11.9841  7.89451  57.0038 255 255 255 3.14 3 14 16 21 
-12.0686  8.00614   57.078 255 255 255 3.14 2 14 16 
-11.9991  8.01414  56.9478 255 255 255 3.14 3 14 16 21 
-12.0096  8.08622  56.9014 255 255 255 3.14 3 14 16 21 
-11.9988  8.19734  56.8412 255 255 255 3.14 3 14 16 21 
-12.1423  8.22222  57.0475 255 255 255 3.14 2 14 16 
-11.9463  8.20778  56.7145 255 255 255 3.14 3 14 16 21 
-11.9041  8.26832  56.6199 255 255 255 3.14 2 14 16 
-12.1797  8.34725   57.107 255 255 255 3.14 3 14 16 21 
-12.1487  8.32336  56.9592 255 255 255 3.14 3 14 16 21 
-12.0832  8.31608  56.8537 255 255 255 3.14 2 14 16 
-12.0338  8.31517  56.7293 255 255 255 3.14 2 14 16 
-11.8278  8.35686  56.3598 255 255 255 3.14 3 14 16 21 
-11.6338  8.56105  55.8891 255 255 255 3.14 2 14 16 
 2.5471 14.8801 65.1732 255 255 255 3.14 3 14 16 21 
-6.98416  9.37266  51.8718 255 255 255 3.14 3 14 16 21 
-9.14221  9.36174  53.2061 255 255 255 3.14 2 14 16 
-12.4302  9.66542  57.4846 255 255 255 3.14 2 14 16 
-11.8775  9.98786  55.5834 255 255 255 3.14 3 14 16 21 
-12.1075  10.1643  55.7721 255 255 255 3.14 3 14 16 21 
-8.14336  10.8234  52.1097 255 255 255 3.14 3 14 16 21 
-8.32151  10.8114  52.1152 255 255 255 3.14 2 14 16 
-12.2872   10.374  55.7969 255 255 255 3.14 2 14 16 
-8.68362  10.9316  52.3938 255 255 255 3.14 3 14 16 21 
-11.4581  10.4907  54.7303 255 255 255 3.14 2 14 16 
-12.4413  10.4521  56.0779 255 255 255 3.14 3 14 16 21 
-12.3067  10.4571  55.9023 255 255 255 3.14 2 14 16 
-11.6299  10.5413  55.0533 255 255 255 3.14 2 14 16 
-12.6257  10.5649  56.6172 255 255 255 3.14 3 14 16 21 
2.48599 17.4903 63.9954 255 255 255 3.14 3 14 16 21 
-11.7906  10.6002  55.1895 255 255 255 3.14 2 14 17 
-11.6472  10.6752  54.9636 255 255 255 3.14 3 14 16 17 
-12.3713  10.6602  55.9208 255 255 255 3.14 2 14 16 
 2.3824 17.6864 64.0075 255 255 255 3.14 3 14 16 21 
-12.4307   10.746   56.235 255 255 255 3.14 2 14 16 
-11.6028  10.7315  54.8336 255 255 255 3.14 2 14 16 
-12.5877    10.74  56.4196 255 255 255 3.14 3 14 16 21 
-12.4673  10.7194  56.0925 255 255 255 3.14 2 14 16 
2.53643 17.7689 63.8452 255 255 255 3.14 2 14 16 
-12.6863  10.8283  56.7281 255 255 255 3.14 3 14 16 21 
-12.6012  10.8287  56.5479 255 255 255 3.14 2 14 16 
-12.6138  10.7815  56.3045 255 255 255 3.14 2 14 16 
-5.99882  15.9238  68.0902 255 255 255 3.14 3 14 16 21 
-12.6862  10.9138   56.637 255 255 255 3.14 3 14 16 21 
-12.0577  10.8734  55.2824 255 255 255 3.14 2 14 16 
-11.853 10.9174 55.0522 255 255 255 3.14 2 14 16 
-6.25665  15.9705  68.2199 255 255 255 3.14 3 14 16 21 
-8.25495  11.6154  51.7529 255 255 255 3.14 3 14 16 21 
-12.6431  11.1059  56.7136 255 255 255 3.14 3 14 16 21 
2.63722 18.1308 63.5288 255 255 255 3.14 3 14 16 21 
-11.3116  11.1277  54.5074 255 255 255 3.14 3 14 16 21 
-11.7659  11.0829  54.8066 255 255 255 3.14 2 14 16 
-11.7987  11.1392  54.9441 255 255 255 3.14 2 14 16 
-11.6359  11.2163  54.6437 255 255 255 3.14 3 14 16 21 
-11.8077  11.2255  54.8394 255 255 255 3.14 2 14 16 
2.80962 18.4032  63.025 255 255 255 3.14 3 14 16 21 
-8.23886  11.8848  51.6958 255 255 255 3.14 3 14 16 21 
-11.7037   11.305  54.7335 255 255 255 3.14 2 14 16 
-11.8889  11.3305  54.8995 255 255 255 3.14 3 14 16 21 
-12.7875  11.4344  56.7941 255 255 255 3.14 3 14 16 21 
-12.0829  11.3224  55.0303 255 255 255 3.14 3 14 16 21 
-12.7281  11.4473  56.5208 255 255 255 3.14 2 14 16 
-8.7808 11.8911  51.805 255 255 255 3.14 2 14 16 
-8.68397  16.0644  69.2152 255 255 255 3.14 2 14 16 
-12.7503  11.6187   56.609 255 255 255 3.14 3 14 16 21 
-12.1584  11.5247  55.0765 255 255 255 3.14 2 14 16 
-8.74093  16.1675  69.1693 255 255 255 3.14 2 14 16 
-12.8218  11.6831  56.7072 255 255 255 3.14 3 14 16 21 
-9.01024  12.1972  52.3036 255 255 255 3.14 2 14 16 
-9.15311  12.2889  52.3993 255 255 255 3.14 3 14 16 21 
-8.40965  12.4744  51.5676 255 255 255 3.14 3 14 16 21 
-9.56276  12.2731  52.4914 255 255 255 3.14 3 14 16 21 
-9.50872  12.2662  52.3026 255 255 255 3.14 3 14 16 21 
-12.2379  11.8339  54.9988 255 255 255 3.14 2 14 16 
-8.59327  12.5016  51.6867 255 255 255 3.14 3 14 16 21 
-12.4189  11.8537  55.2566 255 255 255 3.14 3 14 16 21 
-12.1939  11.8938  54.8558 255 255 255 3.14 2 14 16 
-9.78411  12.3316  52.6133 255 255 255 3.14 3 14 16 21 
-12.3271  11.9217  55.0291 255 255 255 3.14 2 14 16 
-12.3469  11.9714   55.153 255 255 255 3.14 2 14 16 
-9.23597  12.4858  52.0861 255 255 255 3.14 3 14 16 21 
-9.57428  12.4812  52.3351 255 255 255 3.14 3 14 16 21 
-8.85018  12.6592  51.8297 255 255 255 3.14 3 14 16 21 
-12.4343  12.0523  55.1367 255 255 255 3.14 2 14 16 
-12.9339  12.1865  56.3655 255 255 255 3.14 2 14 16 
-9.63501  12.5894  52.3419 255 255 255 3.14 3 14 16 21 
-9.23777    12.68  52.0111 255 255 255 3.14 3 14 16 21 
-12.2802  12.1511   54.832 255 255 255 3.14 2 14 16 
-8.77556  12.7991  51.6252 255 255 255 3.14 3 14 16 21 
-12.9817  12.3569    56.51 255 255 255 3.14 2 14 16 
-7.97682  13.0823  51.0745 255 255 255 3.14 3 14 16 21 
-12.8954  12.3986  56.2003 255 255 255 3.14 2 14 16 
-12.9254  12.3617  55.9288 255 255 255 3.14 2 14 16 
-12.3703  12.3567  54.9373 255 255 255 3.14 3 14 16 21 
-8.67997  17.1683  68.7142 255 255 255 3.14 3 14 16 21 
-8.26728  13.1458  51.1918 255 255 255 3.14 3 14 16 21 
-7.76599   13.289  50.9817 255 255 255 3.14 3 14 16 21 
-12.2354  12.3801   54.674 255 255 255 3.14 2 14 16 
-12.4636  12.3922  55.0085 255 255 255 3.14 3 14 16 21 
-12.6297  12.6028  55.0955 255 255 255 3.14 3 14 16 21 
-12.4358  12.6765  54.8928 255 255 255 3.14 3 14 16 21 
-8.67958  13.4104  51.3964 255 255 255 3.14 5 8 9 14 16 21 
-8.79067  13.4867  51.4271 255 255 255 3.14 3 14 16 21 
 -12.38 12.7887 54.6644 255 255 255 3.14 2 14 16 
-13.0459  13.0212  56.0909 255 255 255 3.14 2 14 16 
-9.42449  13.6325  51.8507 255 255 255 3.14 3 14 16 21 
-12.2032  13.1007  54.2485 255 255 255 3.14 3 14 16 21 
-12.2579  13.3967  54.1841 255 255 255 3.14 2 14 16 
-12.479 13.5343 54.4205 255 255 255 3.14 3 14 16 21 
-12.5375  13.7694  54.4669 255 255 255 3.14 3 14 16 21 
-12.4583  13.8469  54.2252 255 255 255 3.14 3 14 16 21 
-12.5887  13.8498  54.4013 255 255 255 3.14 2 14 16 
-12.533 13.9776 54.3263 255 255 255 3.14 2 14 16 
-12.5993  14.0169   54.413 255 255 255 3.14 3 14 16 21 
-10.1766   14.514  52.0852 255 255 255 3.14 4 14 16 17 21 
-12.4227  14.0343  54.1056 255 255 255 3.14 2 14 16 
-12.5053  14.0533  54.2258 255 255 255 3.14 3 14 16 21 
-11.1061  14.4351  52.8696 255 255 255 3.14 2 14 16 
-12.8245  14.1698  54.7636 255 255 255 3.14 2 14 16 
-12.2209  14.2192  53.8613 255 255 255 3.14 3 14 16 21 
-12.7299  14.2187  54.5557 255 255 255 3.14 2 14 16 
-11.955 14.3129 53.5869 255 255 255 3.14 4 6 14 16 21 
-12.3126  14.2635  53.9495 255 255 255 3.14 3 14 16 21 
-12.8262  14.3143  54.8074 255 255 255 3.14 2 14 16 
-12.9884  14.5534  54.9207 255 255 255 3.14 2 14 16 
-11.1741    14.88  52.7221 255 255 255 3.14 3 14 16 21 
-13.3498  14.6123  55.4942 255 255 255 3.14 3 14 16 21 
-13.1952  14.6691  55.2649 255 255 255 3.14 3 14 16 21 
-11.311 14.9867 52.8343 255 255 255 3.14 2 14 16 
-11.0375  15.0563  52.4833 255 255 255 3.14 3 14 16 21 
-11.1611   15.074  52.5964 255 255 255 3.14 3 14 16 21 
-13.3873  14.7954  55.4358 255 255 255 3.14 3 14 16 21 
-11.2983  15.1374  52.6968 255 255 255 3.14 2 14 16 
-12.5213  15.1463  53.8286 255 255 255 3.14 2 14 16 
-12.2708  15.6458  53.4398 255 255 255 3.14 3 14 16 21 
-12.0763  15.7926  53.1793 255 255 255 3.14 3 14 16 21 
-12.2328   15.785  53.3411 255 255 255 3.14 3 14 16 21 
-12.4973   15.903  53.4939 255 255 255 3.14 2 14 16 
-12.7074  15.8956  53.7792 255 255 255 3.14 3 14 16 21 
-12.5507  16.0372  53.6151 255 255 255 3.14 2 14 16 
-12.9834  16.0124  54.1013 255 255 255 3.14 3 14 16 21 
-13.0346  16.0225  54.1702 255 255 255 3.14 2 14 16 
-13.4359  16.0184  54.8504 255 255 255 3.14 3 14 16 21 
-12.7259  16.1428  53.7562 255 255 255 3.14 2 14 16 
-13.557 16.1199 55.0643 255 255 255 3.14 3 14 16 21 
-13.4432  16.0831  54.7077 255 255 255 3.14 2 14 16 
-12.9327  16.1396  53.9592 255 255 255 3.14 2 14 16 
-12.6329  16.2109   53.657 255 255 255 3.14 3 14 16 21 
-13.3676  16.1191   54.581 255 255 255 3.14 2 14 16 
-13.2702  16.1374  54.4497 255 255 255 3.14 3 14 16 21 
-13.4285  16.2252  54.9645 255 255 255 3.14 3 14 16 21 
-13.4203  16.2066  54.6756 255 255 255 3.14 2 14 16 
-13.1629  16.2238    54.24 255 255 255 3.14 2 14 16 
-13.3643  16.2355  54.4453 255 255 255 3.14 2 14 16 
-13.3939  16.2782  54.5158 255 255 255 3.14 2 14 16 
-13.4615  16.4058  54.8796 255 255 255 3.14 3 14 16 21 
-12.6208   16.501  53.5905 255 255 255 3.14 2 14 16 
-13.4486  16.4069  54.7542 255 255 255 3.14 3 14 16 21 
-13.5156  16.5527  54.8734 255 255 255 3.14 3 14 16 21 
-12.649 16.7854 53.6244 255 255 255 3.14 2 14 16 
-11.2129  17.4045  52.2645 255 255 255 3.14 3 14 16 21 
-12.7287  17.2015  53.6372 255 255 255 3.14 2 14 16 
-12.1953  17.3685  53.0918 255 255 255 3.14 2 14 16 
-10.6514   17.907  51.7434 255 255 255 3.14 2 14 16 
-10.9343   18.009  51.9407 255 255 255 3.14 3 14 16 21 
-10.8075  18.0864  51.7414 255 255 255 3.14 3 14 16 21 
-10.5441  18.1951  51.5621 255 255 255 3.14 3 14 16 21 
-10.8443  18.2665  51.9449 255 255 255 3.14 2 14 16 
-10.6897  18.2818  51.6739 255 255 255 3.14 3 14 16 21 
-11.2155  18.1561   52.197 255 255 255 3.14 2 14 16 
-10.4553   18.378  51.5602 255 255 255 3.14 2 14 16 
-8.28429 -5.81829  66.3952 255 255 255 3.14 2 14 16 
-8.43555 -5.53583  66.2754 255 255 255 3.14 2 14 16 
-8.77592 -5.31173  68.1229 255 255 255 3.14 3 14 16 21 
-8.15117 -5.16597   68.797 255 255 255 3.14 3 14 16 21 
-8.72404 -5.26652     67.9 255 255 255 3.14 3 14 16 21 
-8.74547 -5.35175  66.8471 255 255 255 3.14 2 14 16 
-8.6423 -5.0928 68.3133 255 255 255 3.14 3 14 16 21 
-8.31357  -4.9586  68.7897 255 255 255 3.14 3 14 16 21 
-8.68178 -5.06197  67.9209 255 255 255 3.14 3 14 16 21 
-8.97132 -5.19567  66.6494 255 255 255 3.14 3 14 16 21 
-6.22613 -5.53501  63.0673 255 255 255 3.14 3 14 16 21 
-8.76159 -5.01972   67.321 255 255 255 3.14 3 14 16 21 
-9.08031 -5.09372  66.7929 255 255 255 3.14 3 14 16 21 
-8.89347 -4.94935  67.6394 255 255 255 3.14 3 14 16 21 
-9.10694 -5.02108  66.9776 255 255 255 3.14 3 14 16 21 
-8.58252 -5.24051  64.9838 255 255 255 3.14 2 14 16 
-8.99879  -4.9386  66.6683 255 255 255 3.14 3 14 16 21 
-8.36029 -5.14701  64.6561 255 255 255 3.14 2 14 16 
 -8.8135 -4.96247  64.9734 255 255 255 3.14 2 14 16 
-7.99148 -4.32131  69.4934 255 255 255 3.14 3 14 16 21 
-8.07278  -4.0265  70.2766 255 255 255 3.14 3 14 16 21 
-9.36125 -4.63478  65.4487 255 255 255 3.14 3 14 16 21 
-9.39411 -4.56367  65.6666 255 255 255 3.14 3 14 16 21 
-8.07554 -3.82418  70.6787 255 255 255 3.14 3 14 16 21 
 -8.3309 -3.87021  69.8594 255 255 255 3.14 3 14 16 21 
-8.11618 -3.85042  69.6489 255 255 255 3.14 3 14 16 21 
-8.20837 -3.64363  69.8944 255 255 255 3.14 3 14 16 21 
-9.72509 -3.94992  64.1546 255 255 255 3.14 2 14 16 
-9.70485 -3.81514  63.8845 255 255 255 3.14 3 14 16 21 
-6.12247 -4.11787  59.9368 255 255 255 3.14 2 14 16 
-6.04269 -4.14572  59.7573 255 255 255 3.14 2 14 16 
-6.24145 -3.98445  59.9097 255 255 255 3.14 2 14 16 
-9.80552 -3.64075  64.0113 255 255 255 3.14 3 14 16 21 
-5.65173 -3.87994  59.3357 255 255 255 3.14 3 14 16 21 
-5.81432 -3.80668  59.0796 255 255 255 3.14 2 14 16 
-9.83652 -3.35009  64.0925 255 255 255 3.14 2 14 16 
-9.73833 -3.42941  63.2413 255 255 255 3.14 3 14 16 21 
-6.40749 -3.65585  59.6444 255 255 255 3.14 2 14 16 
-5.47759 -3.67344  58.9892 255 255 255 3.14 3 14 16 21 
-4.69133 -3.67791  58.5946 255 255 255 3.14 3 14 16 21 
-9.88967 -3.25994  63.0687 255 255 255 3.14 2 14 16 
-9.80484 -3.12337  63.8688 255 255 255 3.14 3 14 16 21 
-10.0115 -2.90956  63.8023 255 255 255 3.14 3 14 16 21 
-8.72655 -3.17811   60.619 255 255 255 3.14 2 14 16 
-8.75905 -3.04753  60.5425 255 255 255 3.14 2 14 16 
-8.61728 -2.71274  59.8818 255 255 255 3.14 2 14 16 
-9.95187 -2.49208  62.1268 255 255 255 3.14 3 14 16 21 
-10.1003 -2.21208  62.0765 255 255 255 3.14 3 14 16 21 
-10.0102 -2.17615  61.8903 255 255 255 3.14 2 14 16 
-8.86316 -2.30133  59.7688 255 255 255 3.14 2 14 16 
-8.73956  -2.3034  59.5656 255 255 255 3.14 2 14 16 
-10.2041 -2.01113  62.2031 255 255 255 3.14 3 14 16 21 
-9.00569 -2.17669  59.9532 255 255 255 3.14 3 14 16 21 
-10.1582 -1.95275  61.9587 255 255 255 3.14 3 14 16 21 
-9.58566 -1.89891  60.7703 255 255 255 3.14 2 14 16 
 -10.4388 -0.542404   61.2457 255 255 255 3.14 3 14 16 21 
 -10.1072 -0.380677   61.8318 255 255 255 3.14 3 14 16 21 
 -10.4743 -0.315935   60.8636 255 255 255 3.14 2 14 16 
-10.1771 -0.15182  59.9976 255 255 255 3.14 2 14 16 
 -9.04274 0.0623965   57.6342 255 255 255 3.14 2 14 16 
-5.30695 0.398596  55.0805 255 255 255 3.14 3 14 16 21 
-9.0946 0.27867 57.5679 255 255 255 3.14 2 14 16 
 -4.8407 0.660988  54.4679 255 255 255 3.14 3 14 16 21 
-10.6194 0.740388  60.0919 255 255 255 3.14 2 14 16 
-4.79388 0.706186  54.2827 255 255 255 3.14 3 14 16 21 
-10.6377 0.912343  60.0193 255 255 255 3.14 2 14 16 
 -8.9885 0.716448  56.9397 255 255 255 3.14 2 14 16 
-4.90547 0.914332  54.2468 255 255 255 3.14 3 14 16 21 
-9.97314  1.00756  58.2009 255 255 255 3.14 3 14 16 21 
-9.01007 0.947501  56.7611 255 255 255 3.14 2 14 16 
-9.77664   1.1713  57.9633 255 255 255 3.14 3 14 16 21 
-10.0411  1.31463  58.0753 255 255 255 3.14 3 14 16 21 
-10.2907  1.80704  58.2591 255 255 255 3.14 3 14 16 21 
-10.1091  1.79181  58.0088 255 255 255 3.14 3 14 16 21 
-10.9667  2.33815   60.666 255 255 255 3.14 3 14 16 21 
-10.2175   2.0653   58.146 255 255 255 3.14 2 14 16 
-11.0434   2.2899  59.0911 255 255 255 3.14 2 14 16 
-10.0068  2.26921  57.8869 255 255 255 3.14 3 14 16 21 
-9.94838  2.34229  57.6629 255 255 255 3.14 2 14 16 
-10.023 2.42946 57.7877 255 255 255 3.14 2 14 16 
-10.0923  2.82206  57.5161 255 255 255 3.14 2 14 16 
-4.89261  3.22923    53.47 255 255 255 3.14 3 14 16 21 
-10.0603  2.90056  57.1617 255 255 255 3.14 3 14 16 21 
-9.98311  2.93112  56.8526 255 255 255 3.14 3 14 16 21 
-10.1867  3.05528  57.0605 255 255 255 3.14 3 14 16 21 
-10.1112  3.19302  56.9485 255 255 255 3.14 3 14 16 21 
-11.2669  3.27345  58.6971 255 255 255 3.14 3 14 16 21 
-5.70626  3.54777  53.6546 255 255 255 3.14 3 14 16 21 
-11.3589  3.44156  58.9118 255 255 255 3.14 3 14 16 21 
-5.65595  3.71367  53.5832 255 255 255 3.14 2 14 16 
-11.2511  3.49511  58.7139 255 255 255 3.14 3 14 16 21 
-5.53934  3.75665  53.4187 255 255 255 3.14 2 14 16 
-7.93863  3.64963  54.9045 255 255 255 3.14 3 14 16 21 
-7.93786  3.78704  54.7222 255 255 255 3.14 3 14 16 21 
-8.21538  3.92483  54.9299 255 255 255 3.14 3 14 16 21 
-8.5096 3.94995 55.0788 255 255 255 3.14 3 14 16 21 
-11.3084  4.17818  58.3749 255 255 255 3.14 3 14 16 21 
-11.2055  4.16709  58.2569 255 255 255 3.14 3 14 16 21 
-11.179 4.24533 57.9407 255 255 255 3.14 2 14 16 
-11.0189  4.37767  57.8112 255 255 255 3.14 3 14 16 21 
-11.3558  4.62303  57.9884 255 255 255 3.14 2 14 16 
-10.6183  4.67683  56.7417 255 255 255 3.14 3 14 16 21 
-11.8712  6.03916   58.282 255 255 255 3.14 3 14 16 21 
-11.4948  6.32739  57.0988 255 255 255 3.14 2 14 16 
-11.3918  6.67849  56.7609 255 255 255 3.14 3 14 16 21 
-11.183 6.75219  56.482 255 255 255 3.14 3 14 16 21 
-11.4381  6.89711  56.7336 255 255 255 3.14 3 14 16 21 
-11.5324  7.11073  56.6703 255 255 255 3.14 2 14 16 
-11.6084  7.21742  56.8651 255 255 255 3.14 3 14 16 21 
-11.8526  7.39767  56.9565 255 255 255 3.14 3 14 16 21 
-12.0049  7.46315  57.3239 255 255 255 3.14 2 14 16 
-11.7976  7.47093  56.8023 255 255 255 3.14 3 14 16 21 
2.78834 13.4354 65.3226 255 255 255 3.14 3 14 16 21 
-11.9984  7.60303   57.233 255 255 255 3.14 3 14 16 21 
-11.8878  7.62651  56.9369 255 255 255 3.14 3 14 16 21 
-11.9609  7.67782  57.1019 255 255 255 3.14 3 14 16 21 
-9.29909  8.02175  53.8264 255 255 255 3.14 3 14 16 21 
-11.9946  8.05253  56.8982 255 255 255 3.14 3 14 16 21 
-9.32175  8.34344  53.7974 255 255 255 3.14 3 14 16 21 
-12.0882  8.19439   57.009 255 255 255 3.14 3 14 16 21 
-11.9613  8.20977  56.6311 255 255 255 3.14 3 14 16 21 
-11.424 8.28687 55.9672 255 255 255 3.14 2 14 16 
2.68042 14.6663 65.0961 255 255 255 3.14 3 14 16 21 
-11.5645  8.44008  55.9714 255 255 255 3.14 2 14 16 
-7.03114  9.06793  51.9363 255 255 255 3.14 2 14 16 
-8.55205  8.96485  53.0477 255 255 255 3.14 3 14 16 21 
-8.95543  9.10572  53.2115 255 255 255 3.14 3 14 16 21 
-12.3792  8.94736  57.3658 255 255 255 3.14 2 14 16 
-12.3414  9.00768  57.1589 255 255 255 3.14 2 14 16 
-9.53392  9.32765  53.6147 255 255 255 3.14 3 14 16 21 
-12.4384  9.63872   57.479 255 255 255 3.14 2 14 16 
-12.503 10.0156 57.3544 255 255 255 3.14 2 14 16 
-11.663 9.91461 55.3475 255 255 255 3.14 3 14 16 21 
-11.866 10.0618   55.44 255 255 255 3.14 3 14 16 21 
-7.79778  10.9162  51.9305 255 255 255 3.14 2 14 16 
-11.7488  10.2923   55.343 255 255 255 3.14 2 14 16 
-12.1167  10.2868  55.7237 255 255 255 3.14 3 14 16 21 
-9.05457   10.649  52.3949 255 255 255 3.14 2 14 16 
-12.2464  10.3199  55.8873 255 255 255 3.14 3 14 16 21 
2.46633 17.4168 64.0405 255 255 255 3.14 3 14 16 21 
-12.207 10.4482 55.6325 255 255 255 3.14 2 14 16 
-7.88151  11.1675  51.9109 255 255 255 3.14 3 14 16 21 
-12.6323  10.5216  56.5803 255 255 255 3.14 2 14 16 
-11.7146  10.5199  55.0732 255 255 255 3.14 4 8 9 14 16 
-7.67099  11.2664   51.671 255 255 255 3.14 3 14 16 21 
-12.2962  10.5364  55.8358 255 255 255 3.14 2 14 16 
2.60588 17.5762    63.8 255 255 255 3.14 3 14 16 21 
-12.6513  10.6909  56.6529 255 255 255 3.14 3 14 16 21 
-12.5916  10.7092  56.4068 255 255 255 3.14 2 14 16 
-12.5003  10.6923  56.2357 255 255 255 3.14 2 14 16 
-12.4294  10.6658  55.9447 255 255 255 3.14 2 14 16 
-11.6473  10.7192  54.9894 255 255 255 3.14 2 14 16 
-12.4526   10.722  56.0695 255 255 255 3.14 2 14 16 
-11.6261  10.7471  54.7936 255 255 255 3.14 2 14 16 
-12.6932  10.8377  56.7632 255 255 255 3.14 3 14 16 21 
-12.634 10.8092 56.5264 255 255 255 3.14 3 14 16 21 
2.68985 17.9087 63.8204 255 255 255 3.14 2 16 21 
-12.696 10.9808 56.9119 255 255 255 3.14 2 14 16 
-12.6609   10.889  56.4333 255 255 255 3.14 2 14 16 
-12.7425  10.9392  56.6298 255 255 255 3.14 2 14 16 
-11.6764  10.9358   54.862 255 255 255 3.14 2 14 16 
-7.86794  11.6282  51.5166 255 255 255 3.14 3 14 16 21 
-12.6123  11.0752  56.7083 255 255 255 3.14 2 14 16 
2.43033 18.1608 64.1816 255 255 255 3.14 2 14 16 
2.54178  18.061 63.5662 255 255 255 3.14 3 14 16 21 
-11.8161  11.1033  54.9717 255 255 255 3.14 3 14 16 21 
-11.7224  11.1284  54.7945 255 255 255 3.14 3 14 16 21 
 2.7775 18.2998 63.2754 255 255 255 3.14 3 14 16 21 
-12.7333  11.2549  56.8115 255 255 255 3.14 3 14 16 21 
-11.6261  11.1975  54.6362 255 255 255 3.14 3 14 16 21 
2.77695 18.3691 63.0072 255 255 255 3.14 3 14 16 21 
-11.9727  11.2264  54.9907 255 255 255 3.14 3 14 16 21 
-8.26057  11.8842  51.7266 255 255 255 3.14 3 14 16 21 
-12.7638  11.4046  56.8161 255 255 255 3.14 3 14 16 21 
-11.6832  11.3449  54.7515 255 255 255 3.14 3 14 16 21 
-11.9563  11.3312  54.8649 255 255 255 3.14 3 14 16 21 
-12.7325  11.4778  56.6396 255 255 255 3.14 3 14 16 21 
-12.0682  11.3842   55.028 255 255 255 3.14 3 14 16 21 
 -11.58 11.4265 54.4089 255 255 255 3.14 3 14 16 21 
 -12.84 11.5719 56.8293 255 255 255 3.14 2 14 16 
-6.99581  16.4979  68.1505 255 255 255 3.14 3 14 16 21 
-11.6345  11.5741  54.5595 255 255 255 3.14 2 14 16 
-12.1119   11.545  54.8821 255 255 255 3.14 3 14 16 21 
-11.5747  11.6172  54.3223 255 255 255 3.14 2 14 16 
-9.2411 12.0703 52.2968 255 255 255 3.14 2 16 21 
-8.78339  12.1844  52.0409 255 255 255 3.14 3 14 16 21 
-7.04893  16.6334  67.9039 255 255 255 3.14 3 14 16 21 
-12.2257  11.6844  55.1528 255 255 255 3.14 2 14 16 
-12.177 11.6787 54.9852 255 255 255 3.14 2 14 16 
-8.51689  12.3865  51.9521 255 255 255 3.14 3 14 16 21 
-9.73299  12.1004  52.5783 255 255 255 3.14 3 14 16 21 
-9.19979  12.1808  52.0236 255 255 255 3.14 3 14 16 21 
-12.2865  11.7858  55.0116 255 255 255 3.14 3 8 14 16 
-8.22544  16.6027  68.5546 255 255 255 3.14 3 14 16 21 
-8.57776  12.5065  51.7198 255 255 255 3.14 3 14 16 21 
-9.04556   12.463  51.9406 255 255 255 3.14 3 14 16 21 
-8.62824  12.7123   51.634 255 255 255 3.14 3 14 16 21 
-12.9251  12.2093  56.3587 255 255 255 3.14 2 14 16 
-9.32263  12.6286  51.9672 255 255 255 3.14 3 14 16 21 
-8.84133  12.7736  51.7413 255 255 255 3.14 3 14 16 21 
-12.3562  12.1673  54.8554 255 255 255 3.14 5 8 9 14 16 21 
-12.2419  12.2154  54.6896 255 255 255 3.14 2 14 16 
-12.8936  12.3384  56.1573 255 255 255 3.14 2 14 16 
-9.39206   12.768  52.0884 255 255 255 3.14 3 14 16 21 
-12.8493  12.4509  55.7911 255 255 255 3.14 2 14 16 
-12.5547  12.4611  55.0982 255 255 255 3.14 3 14 16 21 
-12.3773  12.5197  54.8706 255 255 255 3.14 3 14 16 21 
-12.3002    12.51  54.7022 255 255 255 3.14 3 8 14 16 
-12.6359   12.613  55.0687 255 255 255 3.14 3 14 16 21 
-12.4523  12.6959  54.9197 255 255 255 3.14 3 14 16 21 
-12.1417  12.7861  54.2456 255 255 255 3.14 3 14 16 21 
-13.1905  13.0699  56.1618 255 255 255 3.14 2 14 16 
-9.86232  13.5529  52.2824 255 255 255 3.14 3 14 16 21 
-12.4967  13.6422  54.3845 255 255 255 3.14 2 14 16 
-10.5836  14.0621   52.618 255 255 255 3.14 2 14 16 
-10.3969  14.1062  52.4074 255 255 255 3.14 3 14 16 21 
-10.1503  14.1681  52.0755 255 255 255 3.14 3 14 16 21 
-10.588 14.2497 52.4247 255 255 255 3.14 2 14 16 
-10.849 14.3369  52.763 255 255 255 3.14 3 14 16 21 
-12.624 14.0511 54.3976 255 255 255 3.14 3 14 16 21 
-12.2346  14.1158  53.9157 255 255 255 3.14 3 14 16 21 
-11.9097   14.194  53.6332 255 255 255 3.14 2 14 16 
-12.665 14.1151 54.5551 255 255 255 3.14 2 14 16 
-11.9135  14.2982  53.6329 255 255 255 3.14 3 14 16 21 
-12.2502  14.3837  53.7981 255 255 255 3.14 3 14 16 21 
-11.184 14.6284 52.7566 255 255 255 3.14 3 14 16 21 
-11.2631  14.6704  52.9252 255 255 255 3.14 3 14 16 21 
-13.3392  14.5745  55.4873 255 255 255 3.14 3 14 16 21 
-13.0868  14.5916  55.0987 255 255 255 3.14 2 14 16 
-11.3623  14.8567  52.8641 255 255 255 3.14 4 4 14 16 21 
-13.4061  14.7295  55.5493 255 255 255 3.14 3 14 16 21 
-13.1883  14.8349   55.324 255 255 255 3.14 2 14 16 
-13.3724  14.8392  55.4176 255 255 255 3.14 3 14 16 21 
-10.8139  15.3878  52.3083 255 255 255 3.14 4 6 14 16 21 
-12.0689  15.6218  53.2268 255 255 255 3.14 3 14 16 21 
-12.2134  15.8762  53.2371 255 255 255 3.14 3 14 16 21 
-12.5255   15.879  53.7313 255 255 255 3.14 2 14 16 
-12.5311  15.9378  53.4607 255 255 255 3.14 2 14 16 
-13.436 15.9751 55.0095 255 255 255 3.14 2 14 16 
-13.1127  15.9482  54.1488 255 255 255 3.14 3 14 16 21 
-13.4347  16.0016  54.8311 255 255 255 3.14 3 14 16 21 
-13.3472   16.092  54.6029 255 255 255 3.14 2 14 16 
-12.6115  16.2548  53.6963 255 255 255 3.14 2 14 16 
-13.4781  16.2048  54.6889 255 255 255 3.14 3 14 16 21 
-12.5804  16.4426  53.4219 255 255 255 3.14 2 14 16 
-13.4674  16.4078  54.7163 255 255 255 3.14 2 14 16 
-12.6391  16.5063  53.6269 255 255 255 3.14 2 14 16 
-13.4683  16.5622  54.8359 255 255 255 3.14 2 14 16 
-13.4747    16.64  54.6749 255 255 255 3.14 3 14 16 21 
-12.7637  17.0978  53.7442 255 255 255 3.14 3 14 16 21 
-12.2234  17.3004  53.0296 255 255 255 3.14 3 14 16 21 
-10.8967  17.7252   51.943 255 255 255 3.14 2 14 16 
-12.1972  17.4282  53.2328 255 255 255 3.14 3 14 16 21 
-12.1105  17.4843  52.9519 255 255 255 3.14 3 14 16 21 
-10.8594  17.8845  51.8082 255 255 255 3.14 2 14 16 
-12.2183  17.5558  53.1272 255 255 255 3.14 2 14 16 
-11.2803  17.8386  52.1961 255 255 255 3.14 2 14 16 
-11.3553  17.9248  52.4718 255 255 255 3.14 3 14 16 21 
-10.9443  18.0075  51.9302 255 255 255 3.14 2 14 16 
-10.8012  18.0544  51.7289 255 255 255 3.14 3 14 16 21 
-10.4616  18.2042  51.6064 255 255 255 3.14 2 14 16 
-11.0007  18.1609  51.9921 255 255 255 3.14 3 14 16 21 
-10.487 18.5783 51.6261 255 255 255 3.14 3 14 16 21 
-3.82336 -7.05589  67.0666 255 255 255 3.14 3 14 16 21 
 -3.9587 -7.11406  65.5814 255 255 255 3.14 3 14 16 21 
-0.479308  -6.65983   61.8226 255 255 255 3.14 2 14 16 
-8.42482 -5.66903  66.4593 255 255 255 3.14 2 14 16 
-8.49021 -5.49437  66.2588 255 255 255 3.14 2 14 16 
-9.11958 -5.05247  67.0097 255 255 255 3.14 3 14 16 21 
-8.30794 -4.69237  68.8336 255 255 255 3.14 3 14 16 21 
-8.97065  -4.9515  66.6468 255 255 255 3.14 3 14 16 21 
-8.93341 -4.71966  67.6479 255 255 255 3.14 3 14 16 21 
-7.70249 -4.19966  70.0566 255 255 255 3.14 3 14 16 21 
-9.36326 -4.66451  65.4634 255 255 255 3.14 2 14 16 
-8.11935 -4.04321  69.3695 255 255 255 3.14 3 14 16 21 
-8.15549 -3.92413  69.6329 255 255 255 3.14 3 14 16 21 
-8.20956   -3.612  69.5334 255 255 255 3.14 3 14 16 21 
-9.74785  -3.9267  64.3926 255 255 255 3.14 3 14 16 21 
-9.70875  -3.8486  63.8597 255 255 255 3.14 3 14 16 21 
-9.79135 -3.63976   64.033 255 255 255 3.14 3 14 16 21 
-9.81275 -3.60502  63.7198 255 255 255 3.14 2 14 16 
-6.51226 -3.79173  59.6502 255 255 255 3.14 2 14 16 
-9.84588 -3.33953  64.0854 255 255 255 3.14 2 14 16 
-9.73331 -3.33919  63.8721 255 255 255 3.14 3 14 16 21 
-6.43328 -3.65397  59.6594 255 255 255 3.14 2 14 16 
 -7.6234 -3.59101   59.904 255 255 255 3.14 2 14 16 
-9.81065 -3.14424  63.8778 255 255 255 3.14 3 14 16 21 
-8.67352 -3.15498  60.6007 255 255 255 3.14 2 14 16 
-8.83334 -2.34359  59.7964 255 255 255 3.14 2 14 16 
-10.1556 -1.52211  63.3637 255 255 255 3.14 2 14 16 
-5.24948  0.35342  54.7461 255 255 255 3.14 2 14 16 
-10.0732  1.18431  58.1992 255 255 255 3.14 3 14 16 21 
-10.6395  1.76935  60.7596 255 255 255 3.14 2 14 16 
-10.1593  1.89575  58.1357 255 255 255 3.14 3 14 16 21 
-4.42431  3.03274  53.3382 255 255 255 3.14 3 14 16 21 
-10.041 2.86155 57.1399 255 255 255 3.14 2 14 16 
-4.63234  3.28836  53.2406 255 255 255 3.14 3 14 16 21 
-9.98123  2.89834   56.888 255 255 255 3.14 3 14 16 21 
-10.1141  3.23134  56.9657 255 255 255 3.14 2 14 16 
-5.58008  3.55841  53.6555 255 255 255 3.14 3 14 16 21 
-11.2736   3.4959  58.6853 255 255 255 3.14 3 14 16 21 
-7.98296   3.7815  54.6948 255 255 255 3.14 3 14 16 21 
-8.24777  3.87983  54.9389 255 255 255 3.14 3 14 16 21 
-11.2359  4.00226  58.4627 255 255 255 3.14 3 14 16 21 
-8.49262  3.99119   55.068 255 255 255 3.14 3 14 16 21 
-11.244 4.05749 58.2349 255 255 255 3.14 3 14 16 21 
-11.1472  4.18048  58.2635 255 255 255 3.14 3 14 16 21 
-11.1697    4.159   57.844 255 255 255 3.14 2 14 16 
-8.93321  4.19252  55.3415 255 255 255 3.14 3 14 16 21 
-11.3021  4.24181  58.0987 255 255 255 3.14 3 14 16 21 
-10.9915  4.27263  57.5482 255 255 255 3.14 2 14 16 
-11.4193  4.48579  58.4981 255 255 255 3.14 3 14 16 21 
-11.1694   4.4622  57.7423 255 255 255 3.14 3 14 16 21 
-11.2401   4.6357   57.985 255 255 255 3.14 3 14 16 21 
-11.5395  4.80381  58.5185 255 255 255 3.14 3 14 16 21 
-11.4527  4.79536  58.2349 255 255 255 3.14 3 14 16 21 
-11.4907  4.82267  58.3153 255 255 255 3.14 3 14 16 21 
-10.0714  4.85982   56.133 255 255 255 3.14 4 8 14 16 21 
-10.3724  4.91843  56.2524 255 255 255 3.14 3 14 16 21 
-9.98404  4.92047  55.7953 255 255 255 3.14 2 14 16 
-11.4947  5.10263  58.1463 255 255 255 3.14 3 14 16 21 
-10.1077  5.13276  55.9975 255 255 255 3.14 3 14 16 21 
-11.6068  5.51082  58.0558 255 255 255 3.14 3 14 16 21 
-11.8317  6.03126  58.2747 255 255 255 3.14 3 14 16 21 
-11.8229  6.14039  58.5734 255 255 255 3.14 3 14 16 21 
-10.7306  6.09302  56.1992 255 255 255 3.14 3 14 16 21 
-11.4188  6.66767  56.7835 255 255 255 3.14 3 14 16 21 
-11.3436  6.90297  56.5213 255 255 255 3.14 3 14 16 21 
-11.0804  7.06722  56.3315 255 255 255 3.14 3 14 16 21 
-11.6023  7.19852  56.9002 255 255 255 3.14 3 14 16 21 
-11.6236  7.28068   56.703 255 255 255 3.14 2 14 16 
-12.1965  8.26568  58.0101 255 255 255 3.14 2 14 16 
-12.0857  8.17877  56.9985 255 255 255 3.14 3 14 16 21 
-12.1324  8.44604  57.7837 255 255 255 3.14 3 14 16 21 
-11.6386  8.60227   56.015 255 255 255 3.14 3 14 16 21 
-12.3309  8.74523  57.2157 255 255 255 3.14 3 14 16 21 
 2.7199 15.0211 64.8218 255 255 255 3.14 2 14 16 
-9.24796  8.98271  53.4259 255 255 255 3.14 3 14 16 21 
-8.97138  9.12466  53.2388 255 255 255 3.14 3 14 16 21 
-12.3693  9.00634   57.115 255 255 255 3.14 2 14 16 
-9.57671  9.35157  53.6477 255 255 255 3.14 3 14 16 21 
-9.26665   9.5943  53.1689 255 255 255 3.14 3 14 16 21 
-11.8687  9.33887  55.8302 255 255 255 3.14 2 14 16 
-9.78025  9.75699  53.4557 255 255 255 3.14 3 14 16 21 
-11.8757  9.79469  55.6554 255 255 255 3.14 3 14 16 21 
2.72886  16.548 64.2579 255 255 255 3.14 2 14 16 
-12.0225  10.1369  55.6117 255 255 255 3.14 3 14 16 21 
2.60727 16.9899 64.1329 255 255 255 3.14 2 14 16 
-12.5994  10.3485  57.1575 255 255 255 3.14 2 14 16 
-7.7542 10.9533 51.9874 255 255 255 3.14 3 14 16 21 
-11.8095  10.3157  55.3545 255 255 255 3.14 3 14 16 21 
-12.2465  10.3061  55.9072 255 255 255 3.14 3 14 16 21 
2.58002 17.3635 64.0472 255 255 255 3.14 3 14 16 21 
-8.22237  11.1295  52.0865 255 255 255 3.14 3 14 16 21 
-12.2828  10.5377  55.8762 255 255 255 3.14 2 14 16 
 2.6497 17.5913 63.7913 255 255 255 3.14 2 16 21 
-9.33383  10.9483  52.7797 255 255 255 3.14 2 14 16 
-7.67085  11.3067  51.6843 255 255 255 3.14 3 14 16 21 
-12.7108   10.753   57.228 255 255 255 3.14 2 14 16 
-12.4092   10.695  56.3278 255 255 255 3.14 2 14 16 
-8.10398  11.3098  51.9755 255 255 255 3.14 3 14 16 21 
-12.4097  10.7128  56.0164 255 255 255 3.14 2 14 16 
-6.04088  15.7955  68.2648 255 255 255 3.14 2 14 16 
-9.56967  11.1543  52.7759 255 255 255 3.14 3 14 16 21 
-12.6333     10.9  56.4402 255 255 255 3.14 2 14 16 
-11.7271  10.9129  54.8496 255 255 255 3.14 2 14 16 
-8.05024  11.5893  51.7242 255 255 255 3.14 3 14 16 21 
-12.7156  10.9968  56.6587 255 255 255 3.14 2 14 16 
 2.4636 18.1788 64.1869 255 255 255 3.14 2 14 16 
2.56244 18.0422 63.6292 255 255 255 3.14 3 14 16 21 
-9.28617     11.5  52.4837 255 255 255 3.14 3 14 16 21 
2.78015 18.2672 63.2564 255 255 255 3.14 3 14 16 21 
-11.5019  11.2455   54.678 255 255 255 3.14 3 14 16 21 
-5.97556  16.2578  67.7317 255 255 255 3.14 3 14 16 21 
-11.9733  11.2319  54.9969 255 255 255 3.14 2 14 16 
-12.0746  11.2856  54.7893 255 255 255 3.14 2 14 16 
-11.5463  11.4035  54.3927 255 255 255 3.14 3 14 16 21 
-11.1738   11.511  53.9148 255 255 255 3.14 3 14 16 21 
-9.71714  12.0919  52.3633 255 255 255 3.14 3 14 16 21 
-8.63458  12.4557  51.7567 255 255 255 3.14 3 14 16 21 
-12.145 11.8426 54.7957 255 255 255 3.14 2 14 16 
-12.4745  11.9786  55.2229 255 255 255 3.14 3 14 16 21 
-12.1776   12.162  54.6809 255 255 255 3.14 3 14 16 21 
-9.51787  12.6392  52.2692 255 255 255 3.14 3 14 16 21 
-11.1468  12.4611  53.8286 255 255 255 3.14 4 6 14 16 21 
-12.4802  12.3119  54.9993 255 255 255 3.14 3 8 14 16 
-12.3754  12.5256  54.8835 255 255 255 3.14 3 14 16 21 
-9.72507  13.1483  52.3573 255 255 255 3.14 3 14 16 21 
-13.008 12.7648  56.287 255 255 255 3.14 2 14 16 
-12.4627  12.7279  54.9543 255 255 255 3.14 2 14 16 
-9.61953  13.2321  52.0937 255 255 255 3.14 3 14 16 21 
-12.4285  12.8047  54.7491 255 255 255 3.14 2 14 16 
-12.0816  12.8133  54.2095 255 255 255 3.14 2 14 16 
-13.1372  12.9646  56.3323 255 255 255 3.14 2 14 16 
-10.5632  13.6103  52.7664 255 255 255 3.14 3 14 16 21 
-10.2745  13.7051   52.381 255 255 255 3.14 3 14 16 21 
-10.2836  14.0089  52.2403 255 255 255 3.14 3 14 16 21 
-10.1426  14.1982    52.05 255 255 255 3.14 6 4 8 9 14 16 21 
-12.436 13.7844 54.1805 255 255 255 3.14 3 14 16 21 
-12.5523   13.873  54.3643 255 255 255 3.14 2 14 16 
-10.2389  14.3707  52.1162 255 255 255 3.14 4 4 14 16 21 
-9.51109  14.8394  51.4373 255 255 255 3.14 3 14 16 21 
-12.3349  14.2488  54.0486 255 255 255 3.14 3 14 16 21 
-11.9127  14.3437  53.4488 255 255 255 3.14 2 14 16 
-13.3809  14.7317  55.5557 255 255 255 3.14 2 14 16 
-13.5008   15.622   55.194 255 255 255 3.14 3 14 16 21 
-12.3519  15.7526  53.3869 255 255 255 3.14 2 14 16 
-10.721  16.388 51.9704 255 255 255 3.14 2 14 16 
-12.5051  15.9839  53.4254 255 255 255 3.14 2 14 16 
-13.4061  16.0029   54.799 255 255 255 3.14 2 14 16 
-13.3435  16.0575  54.6224 255 255 255 3.14 2 14 16 
-13.2084  16.0872  54.3427 255 255 255 3.14 3 14 16 21 
-12.6912  16.2282  53.7484 255 255 255 3.14 3 14 16 21 
-13.5212  16.2051  54.7617 255 255 255 3.14 3 14 16 21 
-13.442 16.2721 54.4461 255 255 255 3.14 2 14 16 
-13.2298   16.966  54.3498 255 255 255 3.14 3 14 16 21 
-12.6872   17.246  53.6219 255 255 255 3.14 3 14 16 21 
-12.1168  17.4638  52.8859 255 255 255 3.14 2 14 16 
-11.0799  17.8183  52.1213 255 255 255 3.14 3 14 16 21 
-10.7166  18.0309  51.7257 255 255 255 3.14 2 16 21 
-11.2928  17.9224  52.5268 255 255 255 3.14 2 14 16 
-11.7898  17.8089  52.7562 255 255 255 3.14 2 14 16 
-11.747 17.9287 52.8357 255 255 255 3.14 2 14 16 
-11.1624  18.1815  52.2016 255 255 255 3.14 2 14 16 
 -11.28 18.1968  52.444 255 255 255 3.14 2 14 16 
-10.554 18.5466 51.6396 255 255 255 3.14 3 14 16 21 
-6.82745  -6.2785  69.3364 255 255 255 3.14 3 14 16 21 
-7.92005 -5.70918  68.8032 255 255 255 3.14 3 14 16 21 
-9.16267 -5.11686  67.0975 255 255 255 3.14 3 14 16 21 
-8.88723 -4.97798  67.8615 255 255 255 3.14 3 14 16 21 
-8.90083 -5.01086  66.5723 255 255 255 3.14 3 14 16 21 
-8.90077 -4.77299  66.9823 255 255 255 3.14 3 14 16 21 
-9.36805 -4.37482  65.2923 255 255 255 3.14 3 14 16 21 
-8.10764  -3.6536  69.5365 255 255 255 3.14 3 14 16 21 
-9.75319 -3.99903  64.4529 255 255 255 3.14 3 14 16 21 
-6.21292 -3.64625  59.3499 255 255 255 3.14 3 14 16 21 
-9.81188 -3.26046  63.7516 255 255 255 3.14 3 14 16 21 
-10.0182 -2.83902  63.8208 255 255 255 3.14 2 14 16 
-8.15093 -3.22578  59.8138 255 255 255 3.14 3 14 16 21 
-8.72874 -2.84199  60.3541 255 255 255 3.14 3 14 16 21 
 -2.20277 -0.881792   70.9474 255 255 255 3.14 3 14 16 21 
-8.57914 -2.84621  59.9729 255 255 255 3.14 3 14 16 21 
-10.1904 -1.22133  63.3423 255 255 255 3.14 2 14 16 
-10.0499  1.16591  58.2137 255 255 255 3.14 2 14 16 
-11.2471  3.13207  58.6837 255 255 255 3.14 2 14 16 
-7.58515  3.50191  54.6679 255 255 255 3.14 3 14 16 21 
-8.46144  3.81424   55.413 255 255 255 3.14 2 14 16 
-8.1151 3.82966 54.9945 255 255 255 3.14 3 14 16 21 
-6.56494  3.96554   53.752 255 255 255 3.14 4 6 14 16 21 
-8.58336  4.05272  55.0564 255 255 255 3.14 3 14 16 21 
-11.0942  4.17877  58.2649 255 255 255 3.14 3 14 16 21 
-10.9306  4.13942   57.892 255 255 255 3.14 2 14 16 
-8.95241  4.16258  55.3702 255 255 255 3.14 3 14 16 21 
-11.4103  4.28527  58.4266 255 255 255 3.14 3 14 16 21 
-11.0139  4.27702  57.9206 255 255 255 3.14 3 14 16 21 
-11.5478  4.76967  58.6119 255 255 255 3.14 3 14 16 21 
-11.4935    4.844  58.2819 255 255 255 3.14 3 14 16 21 
-10.3031  4.86389  56.1488 255 255 255 3.14 2 16 21 
-11.4232  5.00626  58.0507 255 255 255 3.14 2 14 16 
-3.40487  5.86904  52.0495 255 255 255 3.14 4 6 14 16 21 
-11.5752  5.21895  58.3483 255 255 255 3.14 3 14 16 21 
-9.80185  5.17352  55.7011 255 255 255 3.14 3 14 16 21 
-11.485 5.45099 58.8045 255 255 255 3.14 3 14 16 21 
-8.96885  5.42961  54.8359 255 255 255 3.14 3 14 16 21 
-11.6635  5.68587  58.0305 255 255 255 3.14 3 14 16 21 
-11.8938  5.96975  58.5799 255 255 255 3.14 3 14 16 21 
-10.707 5.88768 56.1704 255 255 255 3.14 3 14 16 21 
-11.6096  7.16027  56.9898 255 255 255 3.14 2 14 16 
-12.0654  7.68368  58.2811 255 255 255 3.14 2 14 16 
-11.2054  7.61331  56.1244 255 255 255 3.14 3 14 16 21 
-11.8843  7.61583  56.7983 255 255 255 3.14 2 14 16 
-12.0948  7.99601  57.8933 255 255 255 3.14 3 14 16 21 
-12.2129  8.28753  58.0489 255 255 255 3.14 3 14 16 21 
-12.1435  8.51658  57.7133 255 255 255 3.14 3 14 16 21 
-11.522 8.37848 56.0162 255 255 255 3.14 3 14 16 21 
-12.2962  8.76979  57.8515 255 255 255 3.14 2 14 16 
-12.3066   8.7095   57.198 255 255 255 3.14 2 14 16 
-11.8923  8.69344  56.2517 255 255 255 3.14 2 14 16 
-12.2663  9.07277  57.4911 255 255 255 3.14 2 14 16 
-9.4307 9.17192 53.4137 255 255 255 3.14 3 14 16 21 
-11.8642  8.99257  55.9761 255 255 255 3.14 2 14 16 
-9.65005  9.39442  53.7172 255 255 255 3.14 5 8 9 14 16 21 
-11.8997  9.82347  55.7261 255 255 255 3.14 3 14 16 21 
-12.4711  10.0792  57.3127 255 255 255 3.14 2 14 16 
-7.20854  10.7818  51.8537 255 255 255 3.14 3 14 16 21 
-12.934 10.1496 57.7122 255 255 255 3.14 2 14 16 
-12.006 10.1682 55.6092 255 255 255 3.14 3 14 16 21 
-11.7931  10.4424  55.2202 255 255 255 3.14 2 14 17 
-12.5926  10.6282  56.9684 255 255 255 3.14 2 14 16 
-12.4753  10.6949  56.2837 255 255 255 3.14 2 14 16 
-12.734 10.8692 57.1234 255 255 255 3.14 2 14 16 
-8.1422 11.4257 52.0668 255 255 255 3.14 3 14 16 21 
-9.12548  11.2215  52.3207 255 255 255 3.14 3 14 16 21 
-9.44748  11.3004  52.7939 255 255 255 3.14 3 14 16 21 
2.46568 18.0144 63.6982 255 255 255 3.14 3 14 16 21 
-12.5752  10.9877  56.3858 255 255 255 3.14 2 14 16 
-11.8485  10.9316  54.9632 255 255 255 3.14 2 14 16 
-9.70308  11.3176  53.1862 255 255 255 3.14 3 14 16 21 
-11.6733  11.2073  54.7036 255 255 255 3.14 4 8 9 14 16 
-8.23247  11.9112  51.8796 255 255 255 3.14 3 14 16 21 
-11.9627  11.2409  55.0285 255 255 255 3.14 2 14 16 
-9.27588  11.7239  52.2308 255 255 255 3.14 3 14 16 21 
-9.36991  11.8888  52.5725 255 255 255 3.14 3 14 16 21 
-7.09484  16.5038  68.2288 255 255 255 3.14 3 14 16 21 
-12.1954  11.7971   55.045 255 255 255 3.14 2 14 16 
-12.1227    11.82    54.73 255 255 255 3.14 2 14 16 
-12.9809  12.2773  56.6431 255 255 255 3.14 2 14 16 
-11.2765  12.3709  53.9509 255 255 255 3.14 2 14 16 
-12.3247  12.2428  55.0087 255 255 255 3.14 2 14 16 
-9.86892  12.7133  52.5895 255 255 255 3.14 3 14 16 21 
-9.81982  12.8231  52.2783 255 255 255 3.14 3 14 16 21 
-12.3755  12.5445  54.9057 255 255 255 3.14 3 14 16 21 
-12.2896  12.4943  54.5974 255 255 255 3.14 2 14 16 
-13.1404  12.9885  56.3774 255 255 255 3.14 3 14 16 21 
-10.1027   13.304   52.576 255 255 255 3.14 3 14 16 21 
-13.3093  14.4164   55.474 255 255 255 3.14 2 14 16 
-12.2506  14.5382  53.5123 255 255 255 3.14 2 14 16 
-13.4183  14.7296  55.6013 255 255 255 3.14 3 14 16 21 
-13.4901  15.5818  55.2056 255 255 255 3.14 2 14 16 
-13.5771  15.9246  55.2056 255 255 255 3.14 2 14 16 
-13.2209  16.0224   54.746 255 255 255 3.14 2 14 16 
-12.9092  17.0706  54.2334 255 255 255 3.14 2 14 16 
-12.2352  17.3832  53.3627 255 255 255 3.14 2 14 16 
-11.1809  18.2064  52.2428 255 255 255 3.14 3 14 16 21 
-9.79843  18.6952  51.2221 255 255 255 3.14 2 14 16 
-10.6399  18.5161  51.7202 255 255 255 3.14 3 14 16 21 
-11.7845  18.2999  52.5717 255 255 255 3.14 2 14 16 
-11.3584  18.7963  51.8759 255 255 255 3.14 2 16 21 
-10.1289  19.1343  50.8225 255 255 255 3.14 2 14 16 
-7.85888 -5.80849  68.7498 255 255 255 3.14 3 14 16 21 
-5.81062 -5.56653  63.0006 255 255 255 3.14 2 14 16 
-9.35552 -4.18074  65.1223 255 255 255 3.14 3 14 16 21 
 -10.038 -2.26911  64.0873 255 255 255 3.14 2 14 16 
-10.2197 -1.85991  62.7137 255 255 255 3.14 2 14 16 
 -10.6569 -0.767371   61.9919 255 255 255 3.14 3 14 16 21 
-10.9739  4.22775  58.1078 255 255 255 3.14 3 14 16 21 
-10.9879  4.27144  57.8724 255 255 255 3.14 3 14 16 21 
-11.3448  4.40438  58.3167 255 255 255 3.14 3 14 16 21 
-11.5205  4.97554  58.1832 255 255 255 3.14 2 16 21 
-9.88406  5.01116  55.8587 255 255 255 3.14 2 14 16 
-10.3734  5.22015  55.9857 255 255 255 3.14 2 14 16 
-8.98294  5.52703  54.8628 255 255 255 3.14 2 14 16 
-8.37602  5.75886   54.183 255 255 255 3.14 3 14 16 21 
-11.6642  6.05059   57.813 255 255 255 3.14 3 14 16 21 
-10.8763  6.09652  56.4417 255 255 255 3.14 4 8 14 16 21 
-11.1244  7.40919  56.0812 255 255 255 3.14 3 14 16 21 
2.50829 14.6826  65.586 255 255 255 3.14 3 14 16 21 
-10.5843  8.62338  54.8398 255 255 255 3.14 3 14 16 21 
-9.16805  9.16718  53.4468 255 255 255 3.14 3 14 16 21 
-11.8143  9.00838  55.9568 255 255 255 3.14 3 14 16 21 
-11.5534   10.173  54.9497 255 255 255 3.14 3 14 16 21 
-9.59873  10.7837  52.9057 255 255 255 3.14 3 14 16 21 
-9.50724  11.3568  52.8073 255 255 255 3.14 3 14 16 21 
-10.9323    11.36  54.2062 255 255 255 3.14 3 14 16 21 
-9.37943  11.8419  52.5921 255 255 255 3.14 3 14 16 21 
-10.392 11.7482 53.4418 255 255 255 3.14 3 14 16 21 
-9.88886  12.1754  53.0038 255 255 255 3.14 4 6 14 16 21 
-11.4732  12.1213  54.2121 255 255 255 3.14 3 14 16 21 
-10.2776  12.3713  52.8631 255 255 255 3.14 3 14 16 21 
-13.0099  12.6305  56.3796 255 255 255 3.14 2 14 16 
-9.09957  13.8568  51.5432 255 255 255 3.14 3 14 16 21 
-10.2665  13.8193  52.2064 255 255 255 3.14 3 14 16 21 
-10.1667  14.3655  52.0066 255 255 255 3.14 3 14 16 21 
-13.4068  14.7297   55.623 255 255 255 3.14 3 14 16 21 
-13.5147  15.4938  55.2298 255 255 255 3.14 3 14 16 21 
-13.5735  15.9568   55.251 255 255 255 3.14 3 14 16 21 
-12.7583   17.414  53.8041 255 255 255 3.14 2 14 16 
-9.91262 -2.63909  64.1228 255 255 255 3.14 2 14 16 
-10.8165  3.99359  57.7912 255 255 255 3.14 2 14 16 
-8.97533  5.72111  54.9625 255 255 255 3.14 3 14 16 21 
-10.6427  5.67477  56.5883 255 255 255 3.14 2 14 16 
-11.1899  7.17528  56.4725 255 255 255 3.14 3 14 16 21 
-11.5509   8.2831  56.1288 255 255 255 3.14 3 14 16 21 
-11.754 9.03643 55.8512 255 255 255 3.14 3 14 16 21 
-10.8705  4.27197  57.3619 255 255 255 3.14 2 14 16 
-10.8968  5.65073  56.6469 255 255 255 3.14 3 14 16 21 
-10.958 6.52387 56.1887 255 255 255 3.14 2 14 16 
-11.8454  9.01941  55.7138 255 255 255 3.14 3 14 16 21 
-10.4453  12.6238  53.3352 255 255 255 3.14 3 14 16 21 
-8.85065  12.3722  51.9589 255 255 255 3.14 4 6 14 16 21 
-11.8736  4.95993  59.6779 255 255 255 3.14 2 14 16 
-11.2079  2.79635  58.9492 255 255 255 3.14 2 14 16 
-11.6385  11.2228  54.7041 255 255 255 3.14 2 14 16 
-11.4976  14.5674  53.1363 255 255 255 3.14 2 14 16 
-6.06928  15.9268  68.1836 255 255 255 3.14 3 14 16 21 
-5.24852 0.567242  54.8821 255 255 255 3.14 2 14 16 
-11.6939  7.28716  56.8503 255 255 255 3.14 2 14 16 
-4.90867  1.19983  54.2636 255 255 255 3.14 2 14 16 
-9.98493  3.66819  56.5146 255 255 255 3.14 3 14 16 21 
-12.2953  13.8722  54.1845 255 255 255 3.14 3 14 16 21 
-11.4009  14.5027  53.0817 255 255 255 3.14 3 14 16 21 
-12.2994  15.7531  53.3765 255 255 255 3.14 3 14 16 21 
-10.1684  16.4101  51.3964 255 255 255 3.14 3 14 16 21 
-9.75462 -3.36374  63.1333 255 255 255 3.14 3 14 16 21 
-11.9997   11.432  54.9679 255 255 255 3.14 3 14 16 21 
-11.5086  14.4454   53.465 255 255 255 3.14 3 14 16 21 
-11.9036  11.3348  54.9188 255 255 255 3.14 3 14 16 21 
-12.853 16.1331 53.9879 255 255 255 3.14 2 14 16 
-12.1157  15.7483  53.2485 255 255 255 3.14 3 14 16 21 
-12.6531  16.7357  53.5413 255 255 255 3.14 2 14 16 
 -9.0253 0.119869  57.5432 255 255 255 3.14 3 14 16 21 
-12.9396  12.3049  56.3152 255 255 255 3.14 2 14 16 
 -9.00659 0.0420719   57.5585 255 255 255 3.14 2 14 16 
-7.26041  2.79672  55.1195 255 255 255 3.14 2 14 16 
-22.8602 -4.35609  43.9517 255 255 255 3.14 2 15 20 
-20.5027 -6.71745  45.0286 255 255 255 3.14 2 15 20 
-21.2164 -6.57886  44.8567 255 255 255 3.14 2 15 20 
 -20.515 -6.72804  44.9406 255 255 255 3.14 2 15 20 
-21.8701 -6.17788  44.4042 255 255 255 3.14 2 15 20 
-20.3679 -6.64048  44.8782 255 255 255 3.14 2 15 20 
-20.9798 -6.70959  44.8357 255 255 255 3.14 2 15 20 
-21.2135 -6.56945  44.8455 255 255 255 3.14 2 15 20 
-21.0674 -6.15584  44.6363 255 255 255 3.14 2 15 20 
-21.0595 -6.14981  44.7448 255 255 255 3.14 2 15 20 
-20.7506 -7.09667  45.5883 255 255 255 3.14 2 15 20 
 -2.2493 -6.98269  62.3598 255 255 255 3.14 2 16 21 
-2.46223 -6.90496  62.6055 255 255 255 3.14 2 16 21 
-1.50614 -6.91391  61.9599 255 255 255 3.14 2 16 21 
-1.40655 -6.73518  61.8431 255 255 255 3.14 2 16 21 
-8.15692 -5.45887  68.6975 255 255 255 3.14 2 16 21 
-9.85278  -3.4542  63.3545 255 255 255 3.14 2 16 21 
 -9.9228 -3.41579  63.2135 255 255 255 3.14 2 16 21 
   -9.921 -0.860328   62.1987 255 255 255 3.14 2 16 21 
-9.93216  1.20894  58.1041 255 255 255 3.14 2 16 21 
-10.7095  1.70425  60.9822 255 255 255 3.14 2 16 21 
-4.87983   1.7693  53.9258 255 255 255 3.14 2 16 21 
-4.79056  1.86577  53.8202 255 255 255 3.14 2 16 21 
-10.9891  2.20775  61.0351 255 255 255 3.14 2 16 21 
-10.0133  2.14518  58.0111 255 255 255 3.14 2 16 21 
-11.3033    3.049  59.1866 255 255 255 3.14 2 16 21 
-11.2861   3.0456  58.9001 255 255 255 3.14 2 16 21 
-10.1645  2.99991  57.1048 255 255 255 3.14 2 16 21 
-6.87977  3.86966  54.0489 255 255 255 3.14 2 16 21 
-11.7421  5.63131  58.2911 255 255 255 3.14 2 16 21 
-11.7804  5.99262  58.0505 255 255 255 3.14 2 16 21 
-11.8208  6.02017  58.1494 255 255 255 3.14 2 16 21 
-11.7541  6.04742    57.93 255 255 255 3.14 2 16 21 
 -11.82 6.90424 58.3612 255 255 255 3.14 2 16 21 
-12.0097  7.51415  57.2167 255 255 255 3.14 2 16 21 
-12.2854  8.74314  57.0598 255 255 255 3.14 2 16 21 
-12.3151  8.84692  57.1387 255 255 255 3.14 2 16 21 
-12.5586  10.0231  57.3728 255 255 255 3.14 2 16 21 
-11.8565  10.1642  55.5345 255 255 255 3.14 2 16 21 
-12.6272  10.7427  56.5892 255 255 255 3.14 2 16 21 
-11.4293  10.8579  54.5579 255 255 255 3.14 2 16 21 
-11.396 11.0176 54.5139 255 255 255 3.14 2 16 21 
-12.0447  11.4379  55.0187 255 255 255 3.14 2 16 21 
-9.70532  12.4564  52.5382 255 255 255 3.14 2 16 21 
-12.0991  12.1225  54.7015 255 255 255 3.14 2 16 21 
-12.1442  12.3024   54.615 255 255 255 3.14 2 16 21 
-11.9467  12.9835  54.0871 255 255 255 3.14 2 16 21 
-12.4781   13.934  54.2871 255 255 255 3.14 2 16 21 
-11.1541  15.0665  52.6282 255 255 255 3.14 2 16 21 
-11.6238  15.2642  52.9715 255 255 255 3.14 2 16 21 
-12.3818  15.4152  53.5965 255 255 255 3.14 2 16 21 
-10.4139  16.5611  51.7198 255 255 255 3.14 2 16 21 
-7.22472 -6.26832  68.9482 255 255 255 3.14 2 16 21 
-1.67324 -6.85178  62.0224 255 255 255 3.14 2 16 21 
 -1.1593 -6.84534   61.672 255 255 255 3.14 2 16 21 
-8.41843 -5.74093  68.0617 255 255 255 3.14 2 16 21 
-4.31927 -6.36165  62.7192 255 255 255 3.14 2 16 21 
-5.23653 -6.06956  63.1598 255 255 255 3.14 2 16 21 
-8.39645 -5.66683  66.4325 255 255 255 3.14 2 16 21 
-8.34685 -5.60009  66.1204 255 255 255 3.14 2 16 21 
-8.21891 -5.01436  68.8725 255 255 255 3.14 2 16 21 
-8.52184 -4.63547  63.2585 255 255 255 3.14 2 16 21 
-8.59998 -4.59231  63.1171 255 255 255 3.14 2 16 21 
-9.71473     -3.9  64.9443 255 255 255 3.14 2 16 21 
-9.76213 -3.95341  64.0222 255 255 255 3.14 2 16 21 
-9.88146 -3.48343  63.3861 255 255 255 3.14 2 16 21 
-5.29737 -3.81886   58.806 255 255 255 3.14 2 16 21 
-9.85867 -3.16989  62.8059 255 255 255 3.14 2 16 21 
-8.66322 -2.93931  60.2192 255 255 255 3.14 2 16 21 
-8.68589 -2.66386  59.8463 255 255 255 3.14 2 16 21 
-10.0534 -2.22529  62.0406 255 255 255 3.14 2 16 21 
-9.99865 -2.17304  61.8807 255 255 255 3.14 2 16 21 
-10.1674 -1.85016  62.2033 255 255 255 3.14 2 16 21 
-9.64304 -1.92946  60.9436 255 255 255 3.14 2 16 21 
-10.3732 -1.78575  61.9371 255 255 255 3.14 2 16 21 
 -9.82731 -0.921409   62.3961 255 255 255 3.14 2 16 21 
 -10.3883 -0.341249   60.8371 255 255 255 3.14 2 16 21 
 -10.1617 -0.213523   59.9555 255 255 255 3.14 2 16 21 
 -5.20366 0.0258618   55.0163 255 255 255 3.14 2 16 21 
-5.33559 0.500465  54.7548 255 255 255 3.14 2 16 21 
-4.92302 0.854789   54.311 255 255 255 3.14 2 16 21 
-8.96879 0.852941   56.568 255 255 255 3.14 2 16 21 
-10.0824  1.02127   58.249 255 255 255 3.14 2 16 21 
-8.99957 0.968511  56.6667 255 255 255 3.14 2 16 21 
-10.5673  1.50064  61.0014 255 255 255 3.14 2 16 21 
-4.79179  1.58548  53.8624 255 255 255 3.14 2 16 21 
-8.79754  1.34998  56.2402 255 255 255 3.14 2 16 21 
-4.89049  1.60519   54.077 255 255 255 3.14 2 16 21 
-4.71902  1.76318  53.7207 255 255 255 3.14 2 16 21 
-10.2119   1.8907  58.1155 255 255 255 3.14 2 16 21 
-9.9248 2.16626  57.764 255 255 255 3.14 2 16 21 
-10.9989  2.46103  61.0119 255 255 255 3.14 2 16 21 
-9.99947  2.22361  57.8714 255 255 255 3.14 2 16 21 
-6.8905 2.39794 54.9049 255 255 255 3.14 2 16 21 
-11.1679  2.61763  58.9068 255 255 255 3.14 2 16 21 
-11.259  2.8879  59.015 255 255 255 3.14 2 16 21 
-10.1452  2.91993  57.1927 255 255 255 3.14 2 16 21 
-11.2868  2.99011  59.0307 255 255 255 3.14 2 16 21 
-11.2713  2.98209  58.8619 255 255 255 3.14 2 16 21 
-11.316 3.04473 59.1224 255 255 255 3.14 2 16 21 
-6.87934  3.34656  54.2811 255 255 255 3.14 2 16 21 
-9.99266  3.42082  56.6828 255 255 255 3.14 2 16 21 
-8.9315 3.85189 55.4856 255 255 255 3.14 2 16 21 
-10.1087  3.89161  56.5787 255 255 255 3.14 2 16 21 
-4.37977    5.353  52.3355 255 255 255 3.14 2 16 21 
-11.7651  5.75614  58.2646 255 255 255 3.14 2 16 21 
-11.8065   5.8973  58.2103 255 255 255 3.14 2 16 21 
-11.8169  5.99694  58.2298 255 255 255 3.14 2 16 21 
-11.7826  5.97789  58.0827 255 255 255 3.14 2 16 21 
-11.7596  5.96927  57.9676 255 255 255 3.14 2 16 21 
-11.8443  6.11507  58.1906 255 255 255 3.14 2 16 21 
-11.8237  6.27259  58.4487 255 255 255 3.14 2 16 21 
-11.8357  6.72329  58.4408 255 255 255 3.14 2 16 21 
-11.592 7.30381 56.6889 255 255 255 3.14 2 16 21 
-11.7989  7.43684  56.8143 255 255 255 3.14 2 16 21 
-11.9437  7.55719  57.1984 255 255 255 3.14 2 16 21 
-12.1833  8.45435   57.138 255 255 255 3.14 2 16 21 
-12.2579     8.54  57.0559 255 255 255 3.14 2 16 21 
-12.2664  8.70321  57.2788 255 255 255 3.14 2 16 21 
-12.4667  9.72941  57.5565 255 255 255 3.14 2 16 21 
2.60547  17.573 63.9929 255 255 255 3.14 2 16 21 
-11.5492  11.0804  54.5151 255 255 255 3.14 2 16 21 
2.71488 17.6453 63.8571 255 255 255 3.14 2 16 21 
-11.5445  11.1731   54.573 255 255 255 3.14 2 16 21 
2.43968 17.7003 64.0098 255 255 255 3.14 2 16 21 
-10.6972  11.4198  53.9191 255 255 255 3.14 2 16 21 
-11.6195  11.2723  54.5524 255 255 255 3.14 2 16 21 
-12.0094  11.2555  55.0993 255 255 255 3.14 2 16 21 
2.97404 18.4014  62.346 255 255 255 3.14 2 16 21 
-12.1971  11.6925  55.1168 255 255 255 3.14 2 16 21 
2.80176 18.5266 63.1874 255 255 255 3.14 2 16 21 
-9.10952  12.4968  51.9652 255 255 255 3.14 2 16 21 
-9.88918  12.3634  52.6928 255 255 255 3.14 2 16 21 
-9.91115  12.4711  52.6558 255 255 255 3.14 2 16 21 
-9.43732  12.6216  52.2148 255 255 255 3.14 2 16 21 
-9.94598  12.6108  52.6515 255 255 255 3.14 2 16 21 
-12.2365  12.2683   54.846 255 255 255 3.14 2 16 21 
-7.57821  16.6867  68.2626 255 255 255 3.14 2 16 21 
-11.9198  12.7647   54.228 255 255 255 3.14 2 16 21 
-11.9076  12.9079  54.0836 255 255 255 3.14 2 16 21 
-11.9161  13.5573  53.7933 255 255 255 3.14 2 16 21 
-12.4737  13.8546  54.2285 255 255 255 3.14 2 16 21 
-12.4313  13.9135  54.1151 255 255 255 3.14 2 16 21 
-10.862  14.363  52.729 255 255 255 3.14 2 16 21 
-10.828 14.4258  52.601 255 255 255 3.14 2 16 21 
-11.8299  14.1937  53.5947 255 255 255 3.14 2 16 21 
-11.8084  14.2471  53.4092 255 255 255 3.14 2 16 21 
-11.2147  14.5257  52.9605 255 255 255 3.14 2 16 21 
-11.2543  14.5875  52.9079 255 255 255 3.14 2 16 21 
-11.2138  14.5847  52.8052 255 255 255 3.14 2 16 21 
-11.9794  14.4716  53.5593 255 255 255 3.14 2 16 21 
-13.0394  14.4735  55.0895 255 255 255 3.14 2 16 21 
-11.1201  14.8948  52.6108 255 255 255 3.14 2 16 21 
-10.7981   15.346  52.2788 255 255 255 3.14 2 16 21 
-10.8239  15.9664  52.0622 255 255 255 3.14 2 16 21 
-10.8184  15.9838  51.9754 255 255 255 3.14 2 16 21 
-10.8837  16.0025  52.1399 255 255 255 3.14 2 16 21 
-12.0189  15.7925  53.0838 255 255 255 3.14 2 16 21 
-12.2311  15.7862  53.3361 255 255 255 3.14 2 16 21 
-12.6472  15.9526  53.6895 255 255 255 3.14 2 16 21 
-12.9548  16.1404  54.0586 255 255 255 3.14 2 16 21 
-12.5683  16.2306  53.5624 255 255 255 3.14 2 16 21 
-10.5987  17.0019  51.8785 255 255 255 3.14 2 16 21 
-12.0734  17.3681  53.0171 255 255 255 3.14 2 16 21 
-12.1537  17.5105  53.0619 255 255 255 3.14 2 16 21 
-11.2515  18.0487  52.2881 255 255 255 3.14 2 16 21 
-8.30973 -5.77913  66.3986 255 255 255 3.14 2 16 21 
-8.37193 -5.67283  66.4457 255 255 255 3.14 2 16 21 
-8.26222 -4.71688  68.6105 255 255 255 3.14 2 16 21 
-8.23799 -4.63349  68.8753 255 255 255 3.14 2 16 21 
-7.87068 -4.38003  69.4021 255 255 255 3.14 2 16 21 
-9.19985 -4.84626  65.2098 255 255 255 3.14 2 16 21 
-8.93611  -4.4742    67.55 255 255 255 3.14 2 16 21 
-7.61404 -3.76398   71.682 255 255 255 3.14 2 16 21 
-8.04846 -3.74095  70.2783 255 255 255 3.14 2 16 21 
-9.74906  -3.8415  64.0522 255 255 255 3.14 2 16 21 
-9.84587 -3.69614  63.6276 255 255 255 3.14 2 16 21 
-9.80094 -3.53776  63.6876 255 255 255 3.14 2 16 21 
-9.80691 -3.43255  62.9764 255 255 255 3.14 2 16 21 
 -9.8334 -2.89757  62.2445 255 255 255 3.14 2 16 21 
-9.84046 -2.73257  62.0884 255 255 255 3.14 2 16 21 
-10.2487 -2.00232  62.1594 255 255 255 3.14 2 16 21 
 -4.25909 -0.596489   54.5098 255 255 255 3.14 2 16 21 
-4.95602 0.876066  54.2823 255 255 255 3.14 2 16 21 
-10.0933  1.01881  58.3667 255 255 255 3.14 2 16 21 
-7.72636  1.01384  55.8586 255 255 255 3.14 2 16 21 
-9.01429  0.98226  56.6686 255 255 255 3.14 2 16 21 
-4.97716  1.21457  54.2948 255 255 255 3.14 2 16 21 
-8.95512  1.03624  56.5198 255 255 255 3.14 2 16 21 
-10.1541  1.25823  58.3066 255 255 255 3.14 2 16 21 
-10.054 1.28401 58.1026 255 255 255 3.14 2 16 21 
-10.2082  1.88812  58.1135 255 255 255 3.14 2 16 21 
-9.98468  2.26387  57.8502 255 255 255 3.14 2 16 21 
-11.1781  2.60222  59.0561 255 255 255 3.14 2 16 21 
-10.0533   2.5874  57.6424 255 255 255 3.14 2 16 21 
-10.0939  2.69409  57.6079 255 255 255 3.14 2 16 21 
-4.57028  3.17128  53.1557 255 255 255 3.14 2 16 21 
-11.2221  2.86413  58.9029 255 255 255 3.14 2 16 21 
-4.80652   3.2176  53.3094 255 255 255 3.14 2 16 21 
-10.1242  2.91814  57.1795 255 255 255 3.14 2 16 21 
-11.2961  3.03779  59.1442 255 255 255 3.14 2 16 21 
-11.2747  3.13083  59.5699 255 255 255 3.14 2 16 21 
-11.2864  3.44242  58.6799 255 255 255 3.14 2 16 21 
-10.0095  3.42769  56.6873 255 255 255 3.14 2 16 21 
-7.84001  3.57073    54.75 255 255 255 3.14 2 16 21 
-6.20114  4.08489  53.6831 255 255 255 3.14 2 16 21 
-8.54167  3.93534  55.2352 255 255 255 3.14 2 16 21 
-9.18441  3.99599   55.609 255 255 255 3.14 2 16 21 
-11.2607  4.10713  58.2946 255 255 255 3.14 2 16 21 
-10.282 4.51122 56.5593 255 255 255 3.14 2 16 21 
-11.2561  4.64476  57.7999 255 255 255 3.14 2 16 21 
-9.3102 4.73916 55.3772 255 255 255 3.14 2 16 21 
-11.8125  5.96106  58.4176 255 255 255 3.14 2 16 21 
-11.8302  6.07047  58.3638 255 255 255 3.14 2 16 21 
-11.7747  6.10236  58.0133 255 255 255 3.14 2 16 21 
-11.8307  6.21877  58.2545 255 255 255 3.14 2 16 21 
-11.8299   6.2783  58.4416 255 255 255 3.14 2 16 21 
-12.0996  8.14161  57.1409 255 255 255 3.14 2 16 21 
-12.2076  8.45329  57.1523 255 255 255 3.14 2 16 21 
-12.2488   8.5457  57.0795 255 255 255 3.14 2 16 21 
-12.2881  8.78093  57.2959 255 255 255 3.14 2 16 21 
-11.5473  10.3576  54.9985 255 255 255 3.14 2 16 21 
2.69628 17.6324  63.846 255 255 255 3.14 2 16 21 
-9.43114  11.5517  52.5827 255 255 255 3.14 2 16 21 
-11.9766  11.1495   55.121 255 255 255 3.14 2 16 21 
-11.9473  11.2226  54.9885 255 255 255 3.14 2 16 21 
-11.597 11.2778 54.5427 255 255 255 3.14 2 16 21 
-12.0169   11.264  55.1136 255 255 255 3.14 2 16 21 
-5.8974 16.0283 67.8266 255 255 255 3.14 2 16 21 
-12.1866  11.5193  54.9076 255 255 255 3.14 2 16 21 
-9.78126  12.0529  52.8189 255 255 255 3.14 3 16 17 21 
2.78944  18.529 63.1792 255 255 255 3.14 2 16 21 
-6.32404   16.225  68.1558 255 255 255 3.14 2 16 21 
-12.0823  12.1327  54.6277 255 255 255 3.14 2 16 21 
-7.17345    16.66  68.1906 255 255 255 3.14 2 16 21 
-12.2942  12.3604  54.8195 255 255 255 3.14 2 16 21 
-8.21675  16.6365  68.5548 255 255 255 3.14 2 16 21 
-9.91907  13.0761   52.412 255 255 255 3.14 2 16 21 
-8.36514  16.7796  68.5775 255 255 255 3.14 2 16 21 
-12.023 12.8399 54.2823 255 255 255 3.14 2 16 21 
-8.45535  17.2016  68.3915 255 255 255 3.14 2 16 21 
-10.3389  14.1548  52.3095 255 255 255 3.14 2 16 21 
  -12.5 13.7364 54.2644 255 255 255 3.14 2 16 21 
-10.856 14.3583 52.7391 255 255 255 3.14 2 16 21 
-11.7952  14.2387  53.4047 255 255 255 3.14 2 16 21 
-11.2051  14.5269  52.9773 255 255 255 3.14 2 16 21 
-11.2327  14.6174  52.9165 255 255 255 3.14 2 16 21 
-11.1988  14.6052  52.7919 255 255 255 3.14 2 16 21 
-12.1366  14.4579  53.6673 255 255 255 3.14 2 16 21 
-11.6232  14.6124  53.2137 255 255 255 3.14 2 16 21 
-12.2703  14.4932  53.7243 255 255 255 3.14 2 16 21 
-11.2998  14.8402  52.8696 255 255 255 3.14 2 16 21 
-12.2961  14.6207  53.7735 255 255 255 3.14 2 16 21 
-13.0181  16.1512  54.1535 255 255 255 3.14 2 16 21 
-13.6172  16.1832  55.1177 255 255 255 3.14 2 16 21 
-10.8502  17.7488  51.9656 255 255 255 3.14 2 16 21 
-10.7984  18.2085  51.8216 255 255 255 3.14 2 16 21 
-8.81142 -4.63322  67.9712 255 255 255 3.14 2 16 21 
-9.35127 -4.74776  65.2526 255 255 255 3.14 2 16 21 
-8.66398 -4.52724   63.222 255 255 255 3.14 2 16 21 
-9.69742 -3.61138  63.7941 255 255 255 3.14 2 16 21 
-8.68064 -2.94444   60.176 255 255 255 3.14 2 16 21 
-9.87414 -2.57359  61.9717 255 255 255 3.14 2 16 21 
-10.2812 -1.77209  61.9202 255 255 255 3.14 2 16 21 
-8.93683 0.854874   56.513 255 255 255 3.14 2 16 21 
-8.91299  1.27851  56.3217 255 255 255 3.14 2 16 21 
-10.0029   2.5218  57.4854 255 255 255 3.14 2 16 21 
-10.0288  2.69873   57.435 255 255 255 3.14 2 16 21 
-4.65111  3.04198  53.2885 255 255 255 3.14 2 16 21 
-11.2681  2.85738  59.0663 255 255 255 3.14 2 16 21 
-11.3008  2.99797  59.1566 255 255 255 3.14 2 16 21 
-10.0413  3.15009  56.7955 255 255 255 3.14 2 16 21 
-7.22061  3.47967  54.5491 255 255 255 3.14 2 16 21 
-10.046 3.37472 56.5511 255 255 255 3.14 2 16 21 
-9.10742  3.99442  55.6005 255 255 255 3.14 2 16 21 
-9.27253  4.00145  55.7603 255 255 255 3.14 2 16 21 
-10.0667  3.95736  56.3104 255 255 255 3.14 2 16 21 
-11.2659  4.11508  58.4437 255 255 255 3.14 2 16 21 
-5.13497  4.53235  52.9671 255 255 255 3.14 2 16 21 
-11.3374  4.17734  58.5744 255 255 255 3.14 2 16 21 
-10.1823  4.15415   56.382 255 255 255 3.14 2 16 21 
-11.8544  4.52476  59.9503 255 255 255 3.14 2 16 21 
-11.3813  4.50492  58.5031 255 255 255 3.14 2 16 21 
-11.4129   4.5741  58.3823 255 255 255 3.14 2 16 21 
-11.4358  4.66631  58.4209 255 255 255 3.14 2 16 21 
-9.43462  4.66074  55.5183 255 255 255 3.14 2 16 21 
 -5.287 5.23846 52.7667 255 255 255 3.14 2 16 21 
-10.4201   4.8857  56.3692 255 255 255 3.14 2 16 21 
-10.449 4.94938  56.384 255 255 255 3.14 2 16 21 
-11.9226   7.5455  57.0852 255 255 255 3.14 2 16 21 
-9.4811 7.95574 54.0376 255 255 255 3.14 2 16 21 
-12.2451  8.45044  57.1909 255 255 255 3.14 2 16 21 
 -11.82 8.41797 56.2455 255 255 255 3.14 2 16 21 
-9.73435  8.99272  53.9228 255 255 255 3.14 2 16 21 
-12.3057  8.78827  57.2408 255 255 255 3.14 2 16 21 
-10.161 9.05578 53.9551 255 255 255 3.14 2 16 21 
-9.27935   9.6063  53.1915 255 255 255 3.14 2 16 21 
-8.30638  10.8597  52.3342 255 255 255 3.14 2 16 21 
2.68932 16.6497 64.3322 255 255 255 3.14 2 16 21 
-7.75014  11.2472  51.9908 255 255 255 3.14 2 16 21 
-11.2899  10.7879  54.5291 255 255 255 3.14 2 16 21 
-9.55792  11.1295  52.8032 255 255 255 3.14 2 16 21 
2.48365 17.6265 64.5891 255 255 255 3.14 2 16 21 
 -11.48  11.089 54.4638 255 255 255 3.14 2 16 21 
-12.0516  11.2728  55.1412 255 255 255 3.14 2 16 21 
-9.44008   11.812  52.5441 255 255 255 3.14 2 16 21 
-8.38806  12.2007  51.8055 255 255 255 3.14 2 16 21 
-8.48734  12.2262  51.9061 255 255 255 3.14 2 16 21 
-10.5697   11.827  53.4605 255 255 255 3.14 2 16 21 
-9.85503  12.0412  52.8463 255 255 255 3.14 2 16 21 
2.82983  18.372 62.6484 255 255 255 3.14 2 16 21 
-6.11136  16.2391  68.2431 255 255 255 3.14 2 16 21 
2.41114 18.3998 63.4127 255 255 255 3.14 2 16 21 
-9.83914  12.1911  52.6737 255 255 255 3.14 2 16 21 
2.71972 18.5306 63.1378 255 255 255 3.14 2 16 21 
-9.61136  12.3804  52.5399 255 255 255 3.14 2 16 21 
-12.3555  12.0341  55.2441 255 255 255 3.14 2 16 21 
-9.93762  12.5253  52.5979 255 255 255 3.14 2 16 21 
-6.34801  16.6395  67.8647 255 255 255 3.14 2 16 21 
-7.32881  16.5776  68.1635 255 255 255 3.14 2 16 21 
-11.3694  12.6156  53.8247 255 255 255 3.14 2 16 21 
-10.3726  13.2141  52.6385 255 255 255 3.14 2 16 21 
-8.30622  16.8798  68.2313 255 255 255 3.14 2 16 21 
-8.53318  17.1745   68.561 255 255 255 3.14 2 16 21 
-12.391 13.3581 54.1748 255 255 255 3.14 2 16 21 
-12.4874  13.7908  54.2122 255 255 255 3.14 2 16 21 
-12.493 13.8933 54.3793 255 255 255 3.14 2 16 21 
-12.2955  14.2135  54.0408 255 255 255 3.14 2 16 21 
-11.8785  14.3722   53.457 255 255 255 3.14 2 16 21 
-13.5212  15.6433  55.2166 255 255 255 3.14 2 16 21 
-12.5673   16.044  53.6459 255 255 255 3.14 2 16 21 
-10.5046  18.4501  51.4413 255 255 255 3.14 2 16 21 
-9.42247 -4.65631  66.0495 255 255 255 3.14 2 16 21 
-0.882633  -5.38593   58.7244 255 255 255 3.14 2 16 21 
-8.25246 -3.88138  69.9433 255 255 255 3.14 2 16 21 
-5.74256 -3.90931  59.3002 255 255 255 3.14 2 16 21 
-9.96252 -3.21591  64.2521 255 255 255 3.14 2 16 21 
 -2.02065 -0.898924   70.9898 255 255 255 3.14 2 16 21 
 -10.2564 -0.513857   61.5564 255 255 255 3.14 2 16 21 
-11.2924  2.94593  59.1485 255 255 255 3.14 2 16 21 
-11.126 3.16315 59.9791 255 255 255 3.14 2 16 21 
-11.2332    3.134  59.3559 255 255 255 3.14 2 16 21 
-11.3364  3.14345  58.9943 255 255 255 3.14 2 16 21 
-11.4321  3.33052  59.1092 255 255 255 3.14 2 16 21 
-8.0516 3.67287 54.9317 255 255 255 3.14 2 16 21 
-11.126 4.15057 57.9498 255 255 255 3.14 2 16 21 
-11.3834  4.35036  58.6307 255 255 255 3.14 2 16 21 
-11.3781  4.31315  58.1687 255 255 255 3.14 2 16 21 
-11.3531  4.47277  58.4199 255 255 255 3.14 2 16 21 
-11.7587  4.82844  59.7623 255 255 255 3.14 2 16 21 
-9.20353  4.81742  55.1247 255 255 255 3.14 2 16 21 
-10.3395  4.88822  56.0908 255 255 255 3.14 2 16 21 
4.28285 9.60729 66.6209 255 255 255 3.14 2 16 21 
-11.5005  4.99063  58.0944 255 255 255 3.14 2 16 21 
-10.2639  5.00309  55.8978 255 255 255 3.14 2 16 21 
4.00163 9.39634 54.3159 255 255 255 3.14 2 16 21 
-11.1013  7.36704  56.1006 255 255 255 3.14 2 16 21 
-12.0499  7.88369  58.1074 255 255 255 3.14 2 16 21 
-11.5241  8.37629  56.0528 255 255 255 3.14 2 16 21 
-12.1833  8.56517  57.8356 255 255 255 3.14 2 16 21 
-9.72268  9.68004  53.5187 255 255 255 3.14 2 16 21 
-11.6971  10.0575  55.1804 255 255 255 3.14 2 16 21 
-9.09509  10.5075  52.3573 255 255 255 3.14 2 16 21 
-9.31287  10.8705  52.2883 255 255 255 3.14 2 16 21 
-8.80397  11.1108  52.4676 255 255 255 3.14 2 16 21 
-9.12007  11.1915  52.4771 255 255 255 3.14 2 16 21 
-11.2599   11.042  54.3234 255 255 255 3.14 2 16 21 
-9.5381   11.55  52.721 255 255 255 3.14 2 16 21 
2.42688 18.0332 64.2952 255 255 255 3.14 2 16 21 
-10.0216  11.8189  52.8498 255 255 255 3.14 2 16 21 
-10.5425   11.812  53.4637 255 255 255 3.14 2 16 21 
-8.35489  12.3404  51.7494 255 255 255 3.14 2 16 21 
-9.86486  12.0528  52.8657 255 255 255 3.14 2 16 21 
2.51467 18.4171 63.4342 255 255 255 3.14 2 16 21 
-9.77772  12.2531  52.5957 255 255 255 3.14 2 16 21 
-9.90246   12.371   52.747 255 255 255 3.14 2 16 21 
-10.4156  12.4225  52.9437 255 255 255 3.14 2 16 21 
-9.82887  12.6235  52.5758 255 255 255 3.14 2 16 21 
-9.83372  12.8932  52.4947 255 255 255 3.14 2 16 21 
-12.9977  17.1226  53.9187 255 255 255 3.14 2 16 21 
-11.217 18.7541  51.165 255 255 255 3.14 2 16 21 
-9.84127  11.8155  53.0246 255 255 255 3.14 2 16 21 
-4.08097 -7.05386  65.6007 255 255 255 3.14 2 16 21 
-3.71908 -7.12691  65.0049 255 255 255 3.14 2 16 21 
-9.14955 -4.66654  66.0745 255 255 255 3.14 2 16 21 
-9.64994 -3.91151  63.8207 255 255 255 3.14 2 16 21 
-6.38439  -3.6826  59.6877 255 255 255 3.14 2 16 21 
 -10.5503 -0.669444   62.0285 255 255 255 3.14 2 16 21 
-10.5478  1.23312  60.9078 255 255 255 3.14 2 16 21 
-11.003 3.10572 59.9711 255 255 255 3.14 2 16 21 
-11.3327  3.12846  59.0019 255 255 255 3.14 2 16 21 
-11.0249   4.0172   58.345 255 255 255 3.14 2 16 21 
-11.3471  4.67517  59.4057 255 255 255 3.14 2 16 21 
-10.1911  4.94361  55.8761 255 255 255 3.14 2 16 21 
-11.8977  6.01554  58.2566 255 255 255 3.14 2 16 21 
-11.8605  6.58996  58.3647 255 255 255 3.14 2 16 21 
-11.9255  6.91107  58.2923 255 255 255 3.14 2 16 21 
-10.1462  6.97794  55.0241 255 255 255 3.14 2 16 21 
-10.4804  7.37476  55.1823 255 255 255 3.14 2 16 21 
-10.4553  7.71602  55.1117 255 255 255 3.14 2 16 21 
-10.2503  8.98958  54.5624 255 255 255 3.14 2 16 21 
-10.0875  9.09024  54.3415 255 255 255 3.14 2 16 21 
2.54636  14.702 65.6005 255 255 255 3.14 2 16 21 
2.61445 17.5513 63.7568 255 255 255 3.14 2 16 21 
-9.97938  11.6837  53.0458 255 255 255 3.14 2 16 21 
-11.865 11.4695 54.7694 255 255 255 3.14 2 16 21 
-10.5307  11.7413  53.4278 255 255 255 3.14 2 16 21 
-8.52132  12.2819  51.8432 255 255 255 3.14 2 16 21 
-9.87689  12.1005  52.9244 255 255 255 3.14 2 16 21 
-9.8236 12.4528  52.821 255 255 255 3.14 2 16 21 
-6.22255  16.5961  67.9013 255 255 255 3.14 2 16 21 
-13.6497  16.8147  54.1926 255 255 255 3.14 2 16 21 
-9.92723 -2.70205   64.159 255 255 255 3.14 2 16 21 
-9.80442  -2.7321  64.0027 255 255 255 3.14 2 16 21 
-10.0739 -1.99408  63.7554 255 255 255 3.14 2 16 21 
-10.6102  5.88954   56.181 255 255 255 3.14 3 16 17 21 
-11.9294  6.54754  58.2925 255 255 255 3.14 2 16 21 
-10.854 8.04678 55.0245 255 255 255 3.14 2 16 21 
-11.4095  8.39733  56.0432 255 255 255 3.14 2 16 21 
2.46921 17.1249 64.1811 255 255 255 3.14 2 16 21 
2.40473 18.1466 63.8756 255 255 255 3.14 2 16 21 
-10.1798  13.1813  52.5562 255 255 255 3.14 2 16 21 
-12.2802  17.5713  53.0218 255 255 255 3.14 2 16 21 
 -10.162 -2.17814  63.8289 255 255 255 3.14 2 16 21 
-10.2185 -1.45494  63.7253 255 255 255 3.14 2 16 21 
-11.5215  5.46905  57.7951 255 255 255 3.14 2 16 21 
-14.1384  15.7859  55.5167 255 255 255 3.14 2 16 21 
-10.0382 -2.27908  63.4843 255 255 255 3.14 2 16 21 
-8.8952 12.7059  51.803 255 255 255 3.14 2 16 21 
-9.91771 -3.54609  63.4616 255 255 255 3.14 2 16 21 
-12.0307  8.21289  56.8427 255 255 255 3.14 2 16 21 
-11.5104  10.8705  54.6657 255 255 255 3.14 2 16 21 
-12.4047  12.5446  54.9238 255 255 255 3.14 2 16 21 
-6.66966    16.31    68.16 255 255 255 3.14 2 16 21 
-9.34131 -4.84679  65.2753 255 255 255 3.14 2 16 21 
-10.111 3.01513 57.1636 255 255 255 3.14 2 16 21 
-12.4167  15.2614  53.6939 255 255 255 3.14 2 16 21 
-11.9485  13.1678  54.0503 255 255 255 3.14 2 16 21 
-8.42902 -4.70207  63.4762 255 255 255 3.14 2 16 21 
-12.1476  15.5961  53.4351 255 255 255 3.14 2 16 21 
-8.20493  5.76342    54.13 255 255 255 3.14 2 17 21 
-5.12258  11.6803  50.9828 255 255 255 3.14 2 18 22 
-3.03118 -3.86725  58.8463 255 255 255 3.14 2 17 18 
-9.03519  8.10712   53.782 255 255 255 3.14 2 17 21 
-10.3061  12.7656   52.958 255 255 255 3.14 2 17 21 
-10.3168  12.8489  52.9646 255 255 255 3.14 2 17 21 
-10.0718  3.66034  56.6083 255 255 255 3.14 2 17 21 
-4.89743  5.08877  52.7404 255 255 255 3.14 2 17 18 
-6.22717  12.8738  50.8752 255 255 255 3.14 2 17 18 
-10.2489  4.51443  56.4669 255 255 255 3.14 2 17 21 
-5.55162  3.63535  53.6875 255 255 255 3.14 2 17 18 
-9.74587  7.45292  54.4528 255 255 255 3.14 2 17 21 
-2.32176 -6.79919  62.0654 255 255 255 3.14 2 18 22 
-1.20872 -6.50706  61.3386 255 255 255 3.14 2 18 22 
 7.87667 -3.68202  59.1412 255 255 255 3.14 2 18 22 
 5.84899 -3.61123  57.5954 255 255 255 3.14 2 18 22 
 5.78692 -3.45123  57.7583 255 255 255 3.14 2 18 22 
 6.73677 -2.70155  57.9485 255 255 255 3.14 2 18 22 
-4.90608 -3.71674  58.5706 255 255 255 3.14 2 18 22 
 -1.5336 -2.50177  55.7024 255 255 255 3.14 2 18 22 
 1.28109 -2.09921  54.8841 255 255 255 3.14 2 18 22 
-6.05246 -2.86353  57.5408 255 255 255 3.14 2 18 22 
-5.77167 -2.66866  57.0625 255 255 255 3.14 2 18 22 
-5.73215 -2.60465  56.9998 255 255 255 3.14 2 18 22 
-0.844804  -1.80169   55.0413 255 255 255 3.14 2 18 22 
-5.72017 -2.24631  56.7403 255 255 255 3.14 2 18 22 
-1.05753 -1.50669  54.9517 255 255 255 3.14 2 18 22 
-2.81306 -1.60694  55.4208 255 255 255 3.14 2 18 22 
-0.618545 -0.389583   54.3885 255 255 255 3.14 2 18 22 
 -3.88619 -0.555393   54.5067 255 255 255 3.14 2 18 22 
 -4.61542 -0.327168   54.6231 255 255 255 3.14 2 18 22 
  -2.93752 -0.0588736     53.961 255 255 255 3.14 2 18 22 
0.349503 0.703382  54.0798 255 255 255 3.14 2 18 22 
  -6.42815 0.00882608    55.5345 255 255 255 3.14 2 18 22 
0.0847417  0.834571   53.9356 255 255 255 3.14 2 18 22 
-0.0169855   0.819664    53.8846 255 255 255 3.14 2 18 22 
 -6.41372 0.0778674   55.5081 255 255 255 3.14 2 18 22 
-6.42228 0.156274  55.4612 255 255 255 3.14 2 18 22 
-3.38474 0.444875  53.7645 255 255 255 3.14 2 18 22 
-0.421023  0.983031   53.8543 255 255 255 3.14 2 18 22 
-0.251077   1.14858   53.8039 255 255 255 3.14 2 18 22 
-3.54642 0.731947  53.7103 255 255 255 3.14 2 18 22 
-4.73849 0.689975  54.2696 255 255 255 3.14 2 18 22 
-9.03769 0.884846  56.4256 255 255 255 3.14 2 18 22 
-1.84143  1.76203  53.1361 255 255 255 3.14 2 18 22 
-1.99007   1.7578  53.1293 255 255 255 3.14 2 18 22 
-2.50049  1.72166   53.166 255 255 255 3.14 2 18 22 
-2.06593  1.79744  53.1483 255 255 255 3.14 2 18 22 
-1.99056  1.83037  53.1214 255 255 255 3.14 2 18 22 
-2.3375 1.86311 53.1279 255 255 255 3.14 2 18 22 
-2.16194  1.94991  53.0708 255 255 255 3.14 2 18 22 
-6.33686  1.61261  54.8243 255 255 255 3.14 2 18 22 
-2.29836  1.97106  53.0779 255 255 255 3.14 2 18 22 
-2.60599  2.01052  53.1108 255 255 255 3.14 2 18 22 
-2.53071  2.14585  53.0526 255 255 255 3.14 2 18 22 
-7.72118  1.74473  55.4256 255 255 255 3.14 2 18 22 
-2.54293  2.31116  53.0104 255 255 255 3.14 2 18 22 
-0.771101   2.83029   53.3027 255 255 255 3.14 2 18 22 
-2.58014  2.60511  52.9945 255 255 255 3.14 2 18 22 
-6.7164 2.29551 54.7795 255 255 255 3.14 2 18 22 
-4.25107  2.44093  53.3066 255 255 255 3.14 2 18 22 
-2.6051 2.66258 52.9101 255 255 255 3.14 2 18 22 
-8.03637  2.25892  55.3895 255 255 255 3.14 2 18 22 
-4.14355  2.53271  53.2419 255 255 255 3.14 2 18 22 
-2.66805  2.76898  52.9011 255 255 255 3.14 2 18 22 
-7.38009  2.42766  55.0245 255 255 255 3.14 2 18 22 
-2.57972  2.89126   52.845 255 255 255 3.14 2 18 22 
-0.943462   3.20337   53.2825 255 255 255 3.14 2 18 22 
-0.842125   3.36787   53.3444 255 255 255 3.14 2 18 22 
-2.95996  3.12271  52.8139 255 255 255 3.14 2 18 22 
-2.77129  3.19348  52.7923 255 255 255 3.14 2 18 22 
-3.30094   3.2081  52.8148 255 255 255 3.14 2 18 22 
-2.81013   3.2984  52.7708 255 255 255 3.14 2 18 22 
-3.52568  3.33578  52.8304 255 255 255 3.14 2 18 22 
-3.37358  3.37202  52.7733 255 255 255 3.14 2 18 22 
-8.12507  3.08625  55.0899 255 255 255 3.14 2 18 22 
-3.04236  3.46517  52.7385 255 255 255 3.14 2 18 22 
-5.80756   3.4433  53.7326 255 255 255 3.14 2 18 22 
-2.54655   3.7408  52.6842 255 255 255 3.14 2 18 22 
-2.4625 3.77478  52.644 255 255 255 3.14 2 18 22 
-5.04514  3.53897  53.3923 255 255 255 3.14 2 18 22 
-2.29931   3.8847   52.687 255 255 255 3.14 2 18 22 
-4.97463  4.39307  52.9046 255 255 255 3.14 2 18 22 
-3.96479  4.63582  52.4862 255 255 255 3.14 2 18 22 
-3.88034  4.66705  52.4327 255 255 255 3.14 2 18 22 
-5.17715  5.43251  52.5212 255 255 255 3.14 2 18 22 
-5.2628 5.43983 52.5737 255 255 255 3.14 2 18 22 
-2.03503  8.87231   52.601 255 255 255 3.14 2 18 22 
-3.15632  10.2083  51.4071 255 255 255 3.14 2 18 22 
-4.68512  11.1112  51.1086 255 255 255 3.14 2 18 22 
-4.61616  11.1755  51.1023 255 255 255 3.14 2 18 22 
-11.9569  11.3238   54.523 255 255 255 3.14 2 18 22 
-4.50668  11.3297  51.0528 255 255 255 3.14 2 18 22 
-4.59184  11.3422   51.028 255 255 255 3.14 2 18 22 
-4.49047  11.3944  51.0287 255 255 255 3.14 2 18 22 
-4.47015  11.4536  51.0274 255 255 255 3.14 2 18 22 
-4.39693  11.4709  51.0183 255 255 255 3.14 2 18 22 
-4.3762 11.5522  51.008 255 255 255 3.14 2 18 22 
-4.4065 11.6295 50.9799 255 255 255 3.14 2 18 22 
-4.71975  11.7299  50.9635 255 255 255 3.14 2 18 22 
-4.91535  11.7277  50.9866 255 255 255 3.14 2 18 22 
-4.75795  11.8134  50.9351 255 255 255 3.14 2 18 22 
-4.77455  11.8817  50.9383 255 255 255 3.14 2 18 22 
-3.49765  12.3322  51.1042 255 255 255 3.14 2 18 22 
-4.35599  13.0393  50.7422 255 255 255 3.14 2 18 22 
-4.43636   13.107  50.7369 255 255 255 3.14 2 18 22 
-5.52886  13.0867  50.7176 255 255 255 3.14 2 18 22 
-6.22159  13.0985  50.7784 255 255 255 3.14 2 18 22 
-4.70317  13.3014   50.702 255 255 255 3.14 2 18 22 
-6.11194  13.1504  50.7186 255 255 255 3.14 2 18 22 
-6.00089  13.2105  50.6844 255 255 255 3.14 2 18 22 
-6.12251  13.2143  50.6966 255 255 255 3.14 2 18 22 
-4.78783  13.4212  50.6419 255 255 255 3.14 2 18 22 
-4.8475  13.482 50.6376 255 255 255 3.14 2 18 22 
-4.90728  13.5649  50.5969 255 255 255 3.14 2 18 22 
-4.91723  13.7154   50.562 255 255 255 3.14 2 18 22 
-6.09307   13.628  50.6095 255 255 255 3.14 2 18 22 
-5.11685   13.808  50.5159 255 255 255 3.14 2 18 22 
-5.27022   13.873  50.5348 255 255 255 3.14 2 18 22 
-5.74627  13.8975  50.5541 255 255 255 3.14 2 18 22 
-5.33275  13.9803  50.4984 255 255 255 3.14 2 18 22 
-5.66217  14.0764  50.5065 255 255 255 3.14 2 18 22 
-5.59304  14.0815  50.4643 255 255 255 3.14 2 18 22 
-7.34786  14.5593  50.5296 255 255 255 3.14 2 18 22 
-7.84146  14.7656  50.5516 255 255 255 3.14 2 18 22 
-4.4136 15.3568 50.5706 255 255 255 3.14 2 18 22 
-5.99053  15.1281  50.3493 255 255 255 3.14 2 18 22 
-6.13047  15.3437  50.3163 255 255 255 3.14 2 18 22 
-4.17755  15.8447  50.5308 255 255 255 3.14 2 18 22 
-8.55684  15.2972  50.6235 255 255 255 3.14 2 18 22 
-6.65767  15.4707  50.2914 255 255 255 3.14 2 18 22 
-4.71475   16.012  50.5984 255 255 255 3.14 2 18 22 
-8.8431 15.5207   50.58 255 255 255 3.14 2 18 22 
-8.70125  15.5182  50.5253 255 255 255 3.14 2 18 22 
-6.88681  15.7299  50.2279 255 255 255 3.14 2 18 22 
-4.88124  16.2561  50.4657 255 255 255 3.14 2 18 22 
-5.18322  16.4352  50.3367 255 255 255 3.14 2 18 22 
-9.3949 15.9999 50.7872 255 255 255 3.14 2 18 22 
-7.1582 16.0992 50.1645 255 255 255 3.14 2 18 22 
-5.38966  16.5656  50.2447 255 255 255 3.14 2 18 22 
-5.38361   16.733  50.1469 255 255 255 3.14 2 18 22 
-8.41179  16.3959  50.3454 255 255 255 3.14 2 18 22 
-4.63199  17.1489  49.9844 255 255 255 3.14 2 18 22 
-4.76559   17.119  49.9539 255 255 255 3.14 2 18 22 
-5.80825  16.9886  49.9821 255 255 255 3.14 2 18 22 
-5.13209   17.384  49.9414 255 255 255 3.14 2 18 22 
-5.21094  17.4136  49.9586 255 255 255 3.14 2 18 22 
-5.56328   17.551  49.9755 255 255 255 3.14 2 18 22 
-5.71343  17.5622  50.0006 255 255 255 3.14 2 18 22 
-5.99023  17.5293  49.9744 255 255 255 3.14 2 18 22 
-5.9075 17.5427 50.0021 255 255 255 3.14 2 18 22 
-5.66372  17.5811  49.9706 255 255 255 3.14 2 18 22 
-8.23163  17.8033  50.2967 255 255 255 3.14 2 18 22 
-6.95167   17.915  50.1207 255 255 255 3.14 2 18 22 
-7.05901  17.9777  50.1669 255 255 255 3.14 2 18 22 
-7.26224  18.0143  50.1296 255 255 255 3.14 2 18 22 
-7.41637   18.009  50.1335 255 255 255 3.14 2 18 22 
-7.46261  18.0404  50.1166 255 255 255 3.14 2 18 22 
-7.5572 18.0666 50.1451 255 255 255 3.14 2 18 22 
-10.4552  18.4908  51.2421 255 255 255 3.14 2 18 22 
-10.176 18.6158 51.0167 255 255 255 3.14 2 18 22 
2.36979 -5.8606 61.6849 255 255 255 3.14 2 18 22 
-1.90686 -5.79061  60.2855 255 255 255 3.14 2 18 22 
-2.11249 -5.76072  60.4621 255 255 255 3.14 2 18 22 
 -1.9892 -5.40746   59.819 255 255 255 3.14 2 18 22 
 6.50856 -4.14276  57.8657 255 255 255 3.14 2 18 22 
 6.41188 -4.11577  57.8535 255 255 255 3.14 2 18 22 
-4.41917 -5.57006  61.1091 255 255 255 3.14 2 18 22 
7.37993 -3.8713 58.7855 255 255 255 3.14 2 18 22 
 7.35161 -3.75566  58.7373 255 255 255 3.14 2 18 22 
-0.778014  -4.83497   58.0946 255 255 255 3.14 2 18 22 
  6.8963 -3.30252  58.3836 255 255 255 3.14 2 18 22 
 7.75601 -3.08169  59.0441 255 255 255 3.14 2 18 22 
 7.72306 -2.97706  59.0857 255 255 255 3.14 2 18 22 
5.16963  -3.261 57.4365 255 255 255 3.14 2 18 22 
 1.78344 -3.64969  55.8042 255 255 255 3.14 2 18 22 
 5.77806 -2.74291    57.15 255 255 255 3.14 2 18 22 
 1.45786 -3.21509   55.506 255 255 255 3.14 2 18 22 
-0.791908  -3.45532   56.1364 255 255 255 3.14 2 18 22 
 1.34447 -3.16821  55.4974 255 255 255 3.14 2 18 22 
  4.0759 -2.29973  56.6092 255 255 255 3.14 2 18 22 
 7.99754 -1.51261  59.8876 255 255 255 3.14 2 18 22 
-6.87872  -3.4203  58.9748 255 255 255 3.14 2 18 22 
 1.65544 -1.94544  54.7841 255 255 255 3.14 2 18 22 
 1.68586 -1.69132  54.7468 255 255 255 3.14 2 18 22 
0.0665047  -1.89265   54.9265 255 255 255 3.14 2 18 22 
-0.916433   -1.7538   55.0273 255 255 255 3.14 2 18 22 
-5.67089 -2.31422  56.7752 255 255 255 3.14 2 18 22 
-0.728139  -1.70182   54.9667 255 255 255 3.14 2 18 22 
-0.871881  -1.67204   55.0185 255 255 255 3.14 2 18 22 
-5.95161 -2.24806  56.7493 255 255 255 3.14 2 18 22 
-0.957745  -1.61286   54.9562 255 255 255 3.14 2 18 22 
-3.43486 -1.91632   55.687 255 255 255 3.14 2 18 22 
-2.84323 -1.42186  55.2395 255 255 255 3.14 2 18 22 
 -1.36918 -0.988022   54.7476 255 255 255 3.14 2 18 22 
-2.57737 -1.08157  55.0237 255 255 255 3.14 2 18 22 
 -1.42279 -0.898135   54.6467 255 255 255 3.14 2 18 22 
 -2.23895 -0.882404   54.7953 255 255 255 3.14 2 18 22 
-0.131843 -0.582508   54.4044 255 255 255 3.14 2 18 22 
 -2.49958 -0.873576   54.8459 255 255 255 3.14 2 18 22 
-5.84495 -1.23814  55.8784 255 255 255 3.14 2 18 22 
-0.384448 -0.505304   54.3676 255 255 255 3.14 2 18 22 
 0.201624 -0.422628   54.2833 255 255 255 3.14 2 18 22 
-0.629557 -0.539214   54.3476 255 255 255 3.14 2 18 22 
0.375604  -0.3952  54.2474 255 255 255 3.14 2 18 22 
-0.286308 -0.458832   54.3964 255 255 255 3.14 2 18 22 
0.313038 -0.28184  54.2077 255 255 255 3.14 2 18 22 
-0.567925 -0.381863   54.3115 255 255 255 3.14 2 18 22 
-6.96503 -1.00092  56.1187 255 255 255 3.14 2 18 22 
 -4.00964 -0.560042    54.544 255 255 255 3.14 2 18 22 
 -4.25711 -0.545507   54.6467 255 255 255 3.14 2 18 22 
 -6.90444 -0.788086   56.0246 255 255 255 3.14 2 18 22 
 -3.84464 -0.345036   54.3779 255 255 255 3.14 2 18 22 
   -3.047 -0.244819   54.0685 255 255 255 3.14 2 18 22 
 -3.72154 -0.301544   54.2697 255 255 255 3.14 2 18 22 
 -4.21939 -0.227587   54.5267 255 255 255 3.14 2 18 22 
-3.05102 -0.04787  53.9647 255 255 255 3.14 2 18 22 
  -4.49525 -0.0664855    54.4561 255 255 255 3.14 2 18 22 
-0.430419  0.769342   53.9087 255 255 255 3.14 2 18 22 
  -8.33746 -0.0446965    56.3741 255 255 255 3.14 2 18 22 
-6.51489 0.225306  55.4656 255 255 255 3.14 2 18 22 
-3.46863 0.475617  53.7664 255 255 255 3.14 2 18 22 
-6.39238 0.304452  55.3559 255 255 255 3.14 2 18 22 
-0.391457   1.01201   53.7408 255 255 255 3.14 2 18 22 
-7.01406 0.412613  55.5233 255 255 255 3.14 2 18 22 
-4.90582 0.793298  54.4253 255 255 255 3.14 2 18 22 
-7.50253 0.685625   55.636 255 255 255 3.14 2 18 22 
-6.21966 0.965489  55.0663 255 255 255 3.14 2 18 22 
-8.14322  1.01978   55.779 255 255 255 3.14 2 18 22 
-1.50085  1.66573  53.2669 255 255 255 3.14 2 18 22 
-1.40971  1.86868  53.2264 255 255 255 3.14 2 18 22 
-2.43408  1.75794  53.1884 255 255 255 3.14 2 18 22 
-3.41962  1.66008  53.3654 255 255 255 3.14 2 18 22 
-2.37286  1.80071  53.1457 255 255 255 3.14 2 18 22 
-2.2783 1.81892 53.1272 255 255 255 3.14 2 18 22 
-6.42021  1.49685  54.8671 255 255 255 3.14 2 18 22 
-1.73753   2.0222  53.0736 255 255 255 3.14 2 18 22 
-2.65034  1.90079  53.1164 255 255 255 3.14 2 18 22 
-1.55591  2.15758  53.2558 255 255 255 3.14 2 18 22 
-2.60624  2.06135  53.0741 255 255 255 3.14 2 18 22 
-2.4592 2.08905 53.0847 255 255 255 3.14 2 18 22 
-7.63074  1.73869  55.4418 255 255 255 3.14 2 18 22 
 -4.224 2.11792 53.4171 255 255 255 3.14 2 18 22 
-2.51775  2.53807  52.9692 255 255 255 3.14 2 18 22 
-2.72347  2.54456  52.9435 255 255 255 3.14 2 18 22 
-0.902805   2.89875   53.2623 255 255 255 3.14 2 18 22 
-2.67189  2.62179  52.9141 255 255 255 3.14 2 18 22 
-0.895937   3.12313   53.2902 255 255 255 3.14 2 18 22 
-0.768656   3.13649   53.2956 255 255 255 3.14 2 18 22 
-6.06034  2.58615  54.3207 255 255 255 3.14 2 18 22 
-2.58221  2.97077  52.8592 255 255 255 3.14 2 18 22 
-2.86607  2.98717  52.8298 255 255 255 3.14 2 18 22 
-8.45395  2.63216  55.4227 255 255 255 3.14 2 18 22 
-2.87789  3.08043  52.8105 255 255 255 3.14 2 18 22 
-6.08062  2.88993  54.1403 255 255 255 3.14 2 18 22 
-2.93699  3.18636  52.7904 255 255 255 3.14 2 18 22 
-3.97373  3.09937  52.9148 255 255 255 3.14 2 18 22 
-3.39823  3.16333  52.8225 255 255 255 3.14 2 18 22 
-3.81995  3.12787  52.9369 255 255 255 3.14 2 18 22 
-2.98719  3.27082  52.7606 255 255 255 3.14 2 18 22 
-3.39933  3.26299  52.8208 255 255 255 3.14 2 18 22 
-3.09694  3.31805  52.7837 255 255 255 3.14 2 18 22 
-3.43912  3.36594  52.8097 255 255 255 3.14 2 18 22 
-2.55207  3.66614  52.6912 255 255 255 3.14 2 18 22 
-2.62233  3.73677  52.6848 255 255 255 3.14 2 18 22 
-2.43389  3.79861  52.6678 255 255 255 3.14 2 18 22 
-6.74513  3.82898  54.0114 255 255 255 3.14 2 18 22 
-5.90833  4.16316   53.386 255 255 255 3.14 2 18 22 
-5.07549  4.23198  53.0256 255 255 255 3.14 2 18 22 
-9.39137  4.14646   55.422 255 255 255 3.14 2 18 22 
-2.09133  4.72173  52.6323 255 255 255 3.14 2 18 22 
-3.87706  4.74587  52.4182 255 255 255 3.14 2 18 22 
-2.45562  7.98642  52.0615 255 255 255 3.14 2 18 22 
-4.41652  10.7065  51.2155 255 255 255 3.14 2 18 22 
 -4.612 11.1449 51.0937 255 255 255 3.14 2 18 22 
-4.55599  11.3899  51.0484 255 255 255 3.14 2 18 22 
-4.45499  11.5404  50.9949 255 255 255 3.14 2 18 22 
-4.93359  11.6716  51.0211 255 255 255 3.14 2 18 22 
-4.73776  13.4989  50.6146 255 255 255 3.14 2 18 22 
-6.1252 13.6917 50.6006 255 255 255 3.14 2 18 22 
-5.45806  13.8923  50.5385 255 255 255 3.14 2 18 22 
-10.8368  14.3532  52.4002 255 255 255 3.14 2 18 22 
-11.223 14.5612 52.6679 255 255 255 3.14 2 18 22 
-7.35123  14.4374   50.609 255 255 255 3.14 2 18 22 
-11.1276  14.8885  52.3683 255 255 255 3.14 2 18 22 
-5.92328  14.8491  50.3657 255 255 255 3.14 2 18 22 
-5.8606 14.9229  50.382 255 255 255 3.14 2 18 22 
-7.56548  14.8009  50.5222 255 255 255 3.14 2 18 22 
-7.66299  14.8283  50.5048 255 255 255 3.14 2 18 22 
-5.91532  15.1323  50.3271 255 255 255 3.14 2 18 22 
-5.9643 15.1939 50.2953 255 255 255 3.14 2 18 22 
-5.65881  15.5541  50.4483 255 255 255 3.14 2 18 22 
 -8.593 15.1843 50.6039 255 255 255 3.14 2 18 22 
-5.44443  15.6418  50.5198 255 255 255 3.14 2 18 22 
-4.73423  15.8097  50.6075 255 255 255 3.14 2 18 22 
-5.5315 15.6389 50.4811 255 255 255 3.14 2 18 22 
-5.25911  15.7142  50.5342 255 255 255 3.14 2 18 22 
-5.15612  15.7493  50.5117 255 255 255 3.14 2 18 22 
-5.37764  15.7134  50.4835 255 255 255 3.14 2 18 22 
-4.98956  15.7936  50.5107 255 255 255 3.14 2 18 22 
-14.319 16.3259 54.6443 255 255 255 3.14 2 18 22 
-8.79999  15.3887  50.5792 255 255 255 3.14 2 18 22 
-8.80566  15.5027  50.6012 255 255 255 3.14 2 18 22 
-4.80755   16.171  50.5171 255 255 255 3.14 2 18 22 
-7.14382  15.8174  50.2521 255 255 255 3.14 2 18 22 
-9.26484  15.8577  50.6974 255 255 255 3.14 2 18 22 
-5.19792  16.3451  50.4021 255 255 255 3.14 2 18 22 
-5.18165  16.5278    50.35 255 255 255 3.14 2 18 22 
-10.561 16.8071  51.717 255 255 255 3.14 2 18 22 
-8.35398  16.5725  50.3671 255 255 255 3.14 2 18 22 
-4.72769  17.0722  49.9516 255 255 255 3.14 2 18 22 
-5.91049  17.0099  49.9901 255 255 255 3.14 2 18 22 
-6.82395  17.5873  50.0344 255 255 255 3.14 2 18 22 
-6.88858  17.6772  50.0519 255 255 255 3.14 2 18 22 
-7.82984  17.9089  50.2827 255 255 255 3.14 2 18 22 
-7.30534  17.9427  50.1146 255 255 255 3.14 2 18 22 
-2.14669   -6.849  62.0555 255 255 255 3.14 2 18 22 
-0.157945  -5.66842   59.4487 255 255 255 3.14 2 18 22 
-1.96797 -5.41453  59.8233 255 255 255 3.14 2 18 22 
 1.83159 -4.82135  58.0933 255 255 255 3.14 2 18 22 
 5.81683 -3.87468  57.5214 255 255 255 3.14 2 18 22 
  3.2125 -4.15725  56.3598 255 255 255 3.14 2 18 22 
 6.22028 -3.33345  57.9416 255 255 255 3.14 2 18 22 
 7.76893 -3.08707  59.0596 255 255 255 3.14 2 18 22 
-1.01148  -4.3597  57.3796 255 255 255 3.14 2 18 22 
 1.78186 -3.66407  55.8237 255 255 255 3.14 2 18 22 
-0.00415704    -3.79318     56.2439 255 255 255 3.14 2 18 22 
 4.72212 -3.09085  57.2498 255 255 255 3.14 2 18 22 
 6.62938 -2.73758  57.9871 255 255 255 3.14 2 18 22 
-2.25905 -3.99028   57.727 255 255 255 3.14 2 18 22 
-5.19601 -4.29309  59.3668 255 255 255 3.14 2 18 22 
0.555348 -3.53117  55.8907 255 255 255 3.14 2 18 22 
 5.80526 -2.74166  57.2979 255 255 255 3.14 2 18 22 
-2.88867 -3.92076  57.8228 255 255 255 3.14 2 18 22 
-1.01169 -3.51177  56.3653 255 255 255 3.14 2 18 22 
 -5.0084 -3.79855  58.7289 255 255 255 3.14 2 18 22 
-2.23826 -3.25152  56.5792 255 255 255 3.14 2 18 22 
-1.46981 -3.03885  56.0045 255 255 255 3.14 2 18 22 
 3.36755 -2.06494  56.4629 255 255 255 3.14 2 18 22 
 1.53609 -1.84347  54.7493 255 255 255 3.14 2 18 22 
0.0614235  -1.91184   54.8917 255 255 255 3.14 2 18 22 
-5.71952  -2.5066  56.8601 255 255 255 3.14 2 18 22 
-5.76799  -2.1364  56.6913 255 255 255 3.14 2 18 22 
-0.0679537  -0.752985    54.3914 255 255 255 3.14 2 18 22 
0.0826474  -0.59753    54.311 255 255 255 3.14 2 18 22 
 -1.61698 -0.806547   54.6166 255 255 255 3.14 2 18 22 
-0.389473 -0.519268   54.3651 255 255 255 3.14 2 18 22 
 0.209778 -0.422493   54.2355 255 255 255 3.14 2 18 22 
 0.363991 -0.391709   54.2606 255 255 255 3.14 2 18 22 
 -4.57771 -0.955151   54.9334 255 255 255 3.14 2 18 22 
 -0.69751 -0.449358    54.329 255 255 255 3.14 2 18 22 
-0.466877 -0.417675   54.3343 255 255 255 3.14 2 18 22 
-0.580922 -0.368201   54.3105 255 255 255 3.14 2 18 22 
 -3.89718 -0.257254   54.3657 255 255 255 3.14 2 18 22 
 -3.54029 -0.237519   54.1633 255 255 255 3.14 2 18 22 
 -2.98422 0.0248675   53.9569 255 255 255 3.14 2 18 22 
 -3.24376 0.0156149   53.8755 255 255 255 3.14 2 18 22 
-3.18172 0.164023  53.8777 255 255 255 3.14 2 18 22 
-3.61629 0.674965  53.7675 255 255 255 3.14 2 18 22 
-7.06312 0.533747  55.5543 255 255 255 3.14 2 18 22 
-2.87117  1.09984   53.448 255 255 255 3.14 2 18 22 
-1.50141  1.65371  53.2518 255 255 255 3.14 2 18 22 
-2.52654  1.86327  53.1429 255 255 255 3.14 2 18 22 
-1.68903  2.07181  53.2355 255 255 255 3.14 2 18 22 
-2.52445  1.99098  53.1252 255 255 255 3.14 2 18 22 
 -2.261  2.0259 53.0708 255 255 255 3.14 2 18 22 
-6.21693  1.71582  54.7645 255 255 255 3.14 2 18 22 
-4.39376  1.95444  53.5605 255 255 255 3.14 2 18 22 
-2.55575  2.16283  53.0442 255 255 255 3.14 2 18 22 
-4.28913  2.04183  53.5661 255 255 255 3.14 2 18 22 
-0.756854   2.89755   53.3025 255 255 255 3.14 2 18 22 
-0.918719   2.91235   53.2712 255 255 255 3.14 2 18 22 
-0.816526   3.01814   53.2807 255 255 255 3.14 2 18 22 
-0.757157    3.1339   53.3035 255 255 255 3.14 2 18 22 
-2.86472  2.97182  52.8206 255 255 255 3.14 2 18 22 
-2.6926 3.05137 52.8533 255 255 255 3.14 2 18 22 
-3.82313  3.12481   52.974 255 255 255 3.14 2 18 22 
-0.358614   3.81848   54.0222 255 255 255 3.14 2 18 22 
-3.37522  3.17788   52.826 255 255 255 3.14 2 18 22 
-3.67461  3.14984  52.8402 255 255 255 3.14 2 18 22 
-3.17356  3.23444  52.8023 255 255 255 3.14 2 18 22 
-4.28018  3.22208  53.0234 255 255 255 3.14 2 18 22 
-2.84259  3.44024  52.7035 255 255 255 3.14 2 18 22 
-3.42805  3.37683  52.8042 255 255 255 3.14 2 18 22 
-3.27112  3.39688  52.7839 255 255 255 3.14 2 18 22 
-2.35296  3.76994  52.7257 255 255 255 3.14 2 18 22 
-2.41526  3.80527   52.683 255 255 255 3.14 2 18 22 
-6.8019  3.5316 54.0992 255 255 255 3.14 2 18 22 
-5.46627  3.72251  53.5244 255 255 255 3.14 2 18 22 
-1.94222  4.56093   52.683 255 255 255 3.14 2 18 22 
-9.28484  4.10715  55.3143 255 255 255 3.14 2 18 22 
-3.46982  5.68817  52.1925 255 255 255 3.14 2 18 22 
-3.51556  7.52269   51.788 255 255 255 3.14 2 18 22 
-3.39548  9.61476  51.4805 255 255 255 3.14 2 18 22 
-3.42751  9.72306  51.4657 255 255 255 3.14 2 18 22 
5.96999 14.7667 62.5616 255 255 255 3.14 2 18 22 
-3.17842  9.94015  51.4321 255 255 255 3.14 2 18 22 
-5.03174  11.7208  50.9644 255 255 255 3.14 2 18 22 
-5.19172  11.8686  50.9731 255 255 255 3.14 2 18 22 
-3.62939  12.7653  50.9358 255 255 255 3.14 2 18 22 
-8.07373  12.8183  51.2484 255 255 255 3.14 2 18 22 
-5.92519  13.2049  50.6687 255 255 255 3.14 2 18 22 
-4.88789  13.6408  50.6283 255 255 255 3.14 2 18 22 
-4.32886  14.3838  50.7006 255 255 255 3.14 2 18 22 
-4.46872  14.3498  50.6355 255 255 255 3.14 2 18 22 
-7.55615  14.7743  50.4881 255 255 255 3.14 2 18 22 
-4.4475 15.4104 50.6825 255 255 255 3.14 2 18 22 
-9.2069 14.8536 51.0172 255 255 255 3.14 2 18 22 
-5.90924  15.1423  50.3201 255 255 255 3.14 2 18 22 
-5.85312  15.2883  50.4164 255 255 255 3.14 2 18 22 
-8.47175  15.1794   50.613 255 255 255 3.14 2 18 22 
 -4.592 15.7644 50.5834 255 255 255 3.14 2 18 22 
-5.44267  15.6242  50.5165 255 255 255 3.14 2 18 22 
-8.58424   15.185  50.5901 255 255 255 3.14 2 18 22 
-8.80707  15.3884  50.5811 255 255 255 3.14 2 18 22 
-4.82263  16.0348  50.5744 255 255 255 3.14 2 18 22 
-8.81579   15.517  50.5964 255 255 255 3.14 2 18 22 
-8.96661  15.7134  50.6082 255 255 255 3.14 2 18 22 
-4.3856 16.5509 50.1479 255 255 255 3.14 2 18 22 
-8.3063 16.7211 50.2885 255 255 255 3.14 2 18 22 
-4.96527  17.3174  49.8782 255 255 255 3.14 2 18 22 
-5.76724  17.3719  49.9816 255 255 255 3.14 2 18 22 
-6.32609  17.5412  50.0503 255 255 255 3.14 2 18 22 
-7.14749  17.8351   50.131 255 255 255 3.14 2 18 22 
-8.44106  17.7986  50.3007 255 255 255 3.14 2 18 22 
-7.13825  17.9722   50.128 255 255 255 3.14 2 18 22 
-8.31759  18.3253  50.2968 255 255 255 3.14 2 18 22 
-10.2439  18.5984  51.1246 255 255 255 3.14 2 18 22 
-9.63946   18.673   50.921 255 255 255 3.14 2 18 22 
-1.40113 -5.44615  59.6515 255 255 255 3.14 2 18 22 
0.350629 -5.01838  57.8279 255 255 255 3.14 2 18 22 
-4.06245 -5.32097  60.5989 255 255 255 3.14 2 18 22 
  7.8968 -2.87235  59.2361 255 255 255 3.14 2 18 22 
-2.69267 -4.11307  57.4451 255 255 255 3.14 2 18 22 
  4.7309 -3.04071  57.1332 255 255 255 3.14 2 18 22 
 6.56473 -2.76685  57.7601 255 255 255 3.14 2 18 22 
 5.01309 -2.98459  57.2351 255 255 255 3.14 2 18 22 
 7.05985 -2.67745   58.022 255 255 255 3.14 2 18 22 
-4.90265 -4.31096  59.3241 255 255 255 3.14 2 18 22 
-4.85181  -4.2243  59.1438 255 255 255 3.14 2 18 22 
 5.84715 -2.75893  57.3563 255 255 255 3.14 2 18 22 
  4.3141 -2.96082  56.8121 255 255 255 3.14 2 18 22 
-0.587593  -3.57418   56.3416 255 255 255 3.14 2 18 22 
 3.90279 -2.92913  56.7982 255 255 255 3.14 2 18 22 
-0.576839  -3.36882   56.4007 255 255 255 3.14 2 18 22 
 8.60547 -1.35337  59.7838 255 255 255 3.14 2 18 22 
 3.89956 -2.15055   56.721 255 255 255 3.14 2 18 22 
 3.64603 -2.17574  56.5221 255 255 255 3.14 2 18 22 
-0.0916559  -0.678889    54.3277 255 255 255 3.14 2 18 22 
-0.396924 -0.562819   54.3277 255 255 255 3.14 2 18 22 
-6.67151 -1.13692   56.098 255 255 255 3.14 2 18 22 
 -4.19361 -0.834835   54.8499 255 255 255 3.14 2 18 22 
 -3.9984 -0.70171  54.7225 255 255 255 3.14 2 18 22 
 -3.03309 -0.139186   54.0558 255 255 255 3.14 2 18 22 
-3.16299 0.156349  53.8867 255 255 255 3.14 2 18 22 
 -6.51466 0.0661286   55.5288 255 255 255 3.14 2 18 22 
-6.24882 0.248928   55.447 255 255 255 3.14 2 18 22 
-6.06321 0.294947  55.4836 255 255 255 3.14 2 18 22 
-5.88847 0.500538  55.3931 255 255 255 3.14 2 18 22 
-2.86372  1.07198  53.4559 255 255 255 3.14 2 18 22 
-2.58723  1.71132  53.2021 255 255 255 3.14 2 18 22 
-2.34783  1.76967  53.1472 255 255 255 3.14 2 18 22 
-2.17691   1.8838  53.1198 255 255 255 3.14 2 18 22 
-3.7533 1.96635  53.416 255 255 255 3.14 2 18 22 
-1.27625   2.3951  53.3798 255 255 255 3.14 2 18 22 
-6.52436  2.32642  54.6155 255 255 255 3.14 2 18 22 
-0.722297   3.15443   53.3294 255 255 255 3.14 2 18 22 
-3.36221  3.21343  52.8204 255 255 255 3.14 2 18 22 
-3.60321  3.30804   52.805 255 255 255 3.14 2 18 22 
-3.1429 3.40239 52.7273 255 255 255 3.14 2 18 22 
-2.83922  3.55497  52.6128 255 255 255 3.14 2 18 22 
-7.46602  3.48072  54.4136 255 255 255 3.14 2 18 22 
-5.28134  3.70536  53.6171 255 255 255 3.14 2 18 22 
-5.99432  4.11549  53.4755 255 255 255 3.14 2 18 22 
-9.24232  4.80939  55.0787 255 255 255 3.14 2 18 22 
-3.91679  5.26138  52.1401 255 255 255 3.14 2 18 22 
-4.7567   5.283 52.4567 255 255 255 3.14 2 18 22 
-4.32525  5.32953  52.2795 255 255 255 3.14 2 18 22 
-4.46794  5.40206  52.2707 255 255 255 3.14 2 18 22 
-3.66773  5.83781  52.1095 255 255 255 3.14 2 18 22 
-2.13733  6.55552  52.3944 255 255 255 3.14 2 18 22 
-3.29403  6.69861  52.0252 255 255 255 3.14 2 18 22 
-3.09169   7.2199  51.9324 255 255 255 3.14 2 18 22 
-2.28085  9.13234  52.5302 255 255 255 3.14 2 18 22 
-2.31749  9.65551  52.3213 255 255 255 3.14 2 18 22 
-4.89774  11.6499  51.0198 255 255 255 3.14 2 18 22 
-3.44658  12.1548  51.1714 255 255 255 3.14 2 18 22 
-4.38239  11.9943  50.9494 255 255 255 3.14 2 18 22 
-3.61363  12.2264  51.0259 255 255 255 3.14 2 18 22 
-4.44227  15.3498  50.6429 255 255 255 3.14 2 18 22 
-8.50262  15.3928  50.6577 255 255 255 3.14 2 18 22 
-8.82843  15.3848  50.5755 255 255 255 3.14 2 18 22 
-5.37584  16.6824   50.133 255 255 255 3.14 2 18 22 
-5.66944  17.5686  50.0844 255 255 255 3.14 2 18 22 
-6.41245  17.7494  50.1079 255 255 255 3.14 2 18 22 
-6.79208  17.7574  50.0988 255 255 255 3.14 2 18 22 
-5.32994  18.0216  49.9042 255 255 255 3.14 2 18 22 
-7.14034  17.9753  50.1131 255 255 255 3.14 2 18 22 
-7.4963 18.0941 50.2083 255 255 255 3.14 2 18 22 
-8.03592  18.1843   50.242 255 255 255 3.14 2 18 22 
-0.740106  -7.25859   61.8961 255 255 255 3.14 2 18 22 
0.350048 -6.81001  61.3539 255 255 255 3.14 2 18 22 
0.952489 -6.11185  60.6384 255 255 255 3.14 2 18 22 
 1.64985 -5.99527  61.4723 255 255 255 3.14 2 18 22 
0.341684 -5.03709   57.419 255 255 255 3.14 2 18 22 
-0.443488  -5.07646   58.2163 255 255 255 3.14 2 18 22 
0.729244 -4.82045  57.3879 255 255 255 3.14 2 18 22 
-0.736522   -5.0169   58.2317 255 255 255 3.14 2 18 22 
-0.800993  -4.61067   57.7224 255 255 255 3.14 2 18 22 
 7.91021 -2.90669   59.172 255 255 255 3.14 2 18 22 
-2.65517 -4.06143  57.5813 255 255 255 3.14 2 18 22 
 4.15538 -3.07897  57.0231 255 255 255 3.14 2 18 22 
 6.82128 -2.65731  57.9705 255 255 255 3.14 2 18 22 
-5.16185 -4.17676  59.2952 255 255 255 3.14 2 18 22 
-3.71697 -3.83849  58.0634 255 255 255 3.14 2 18 22 
-2.13295 -3.50307   56.812 255 255 255 3.14 2 18 22 
-4.43949 -3.67016  58.0078 255 255 255 3.14 2 18 22 
 -3.95807 -0.714056   54.7547 255 255 255 3.14 2 18 22 
  -6.76277 -0.0260696    55.4814 255 255 255 3.14 2 18 22 
-3.23736 0.784485  53.5961 255 255 255 3.14 2 18 22 
-7.29106 0.575945  55.5839 255 255 255 3.14 2 18 22 
0.962513  1.98918  54.8278 255 255 255 3.14 2 18 22 
-1.67999  2.16322  53.1965 255 255 255 3.14 2 18 22 
-2.69076  2.01593  53.0701 255 255 255 3.14 2 18 22 
-3.63138   3.3155  52.8107 255 255 255 3.14 2 18 22 
-3.18007  3.40711  52.7562 255 255 255 3.14 2 18 22 
-5.54231  3.38091  53.7058 255 255 255 3.14 2 18 22 
-8.03981  3.60377  54.7793 255 255 255 3.14 2 18 22 
-8.83492  3.97765  54.8044 255 255 255 3.14 2 18 22 
-1.32689  4.75392  53.1164 255 255 255 3.14 2 18 22 
-0.210541   5.44215   53.7984 255 255 255 3.14 2 18 22 
-3.84825  4.87833   52.378 255 255 255 3.14 2 18 22 
-0.91254  7.62781  53.0111 255 255 255 3.14 2 18 22 
-1.95174  9.18594  52.5187 255 255 255 3.14 2 18 22 
-3.80945   8.7701   51.639 255 255 255 3.14 2 18 22 
-11.1599   10.806  54.1862 255 255 255 3.14 2 18 22 
-5.65695  11.3432   51.066 255 255 255 3.14 2 18 22 
-5.77636  11.4251  51.1672 255 255 255 3.14 2 18 22 
-4.16171  11.6897  50.9826 255 255 255 3.14 2 18 22 
-3.63665  12.2105  50.9097 255 255 255 3.14 2 18 22 
2.39673 18.4669 63.9172 255 255 255 3.14 2 18 22 
-4.31494  12.8937  50.7362 255 255 255 3.14 2 18 22 
3.73198 18.7635 61.6908 255 255 255 3.14 2 18 22 
-7.43656  14.6676  50.4884 255 255 255 3.14 2 18 22 
-5.55753  15.4846  50.4721 255 255 255 3.14 2 18 22 
-4.78325  15.6776   50.497 255 255 255 3.14 2 18 22 
-8.66439  15.7415  50.6427 255 255 255 3.14 2 18 22 
-5.00008  16.4118  50.4088 255 255 255 3.14 2 18 22 
-4.86923  17.1996  49.9332 255 255 255 3.14 2 18 22 
-8.51432  17.1177  50.2418 255 255 255 3.14 2 18 22 
-5.64772  17.5206  50.0012 255 255 255 3.14 2 18 22 
-6.05842  17.8177  50.0375 255 255 255 3.14 2 18 22 
-5.29857  18.1147   50.151 255 255 255 3.14 2 18 22 
-5.38287  18.2283  49.9435 255 255 255 3.14 2 18 22 
-9.23382  18.7294  51.0506 255 255 255 3.14 2 18 22 
 1.34742 -6.36109  61.5313 255 255 255 3.14 2 18 22 
-1.28073 -4.82836  58.5309 255 255 255 3.14 2 18 22 
  6.6754 -3.25212  58.3949 255 255 255 3.14 2 18 22 
-2.21614 -4.14045  57.6026 255 255 255 3.14 2 18 22 
 5.94863 -2.79362  57.4183 255 255 255 3.14 2 18 22 
 6.33467 -2.63845  57.7788 255 255 255 3.14 2 18 22 
-2.05722 -3.40682  56.7335 255 255 255 3.14 2 18 22 
  2.5183 -1.71969  55.5686 255 255 255 3.14 2 18 22 
  1.62937 -0.687293   55.0455 255 255 255 3.14 2 18 22 
 -4.25912 -0.741339   54.7238 255 255 255 3.14 2 18 22 
 -4.01598 -0.413854   54.5512 255 255 255 3.14 2 18 22 
 -4.39104 -0.373676   54.5344 255 255 255 3.14 2 18 22 
 -3.11299 -0.140013    54.011 255 255 255 3.14 2 18 22 
 -6.51241 0.0530298   55.5856 255 255 255 3.14 2 18 22 
-2.99992  1.30499  53.3818 255 255 255 3.14 2 18 22 
-2.78334  1.99234  53.0685 255 255 255 3.14 2 18 22 
-3.1241  3.0786 52.8377 255 255 255 3.14 2 18 22 
-2.89811  3.32636  52.7903 255 255 255 3.14 2 18 22 
-5.43841  4.09777  53.2422 255 255 255 3.14 2 18 22 
-1.54437  4.85212  52.9525 255 255 255 3.14 2 18 22 
-3.15483  5.23988  52.4502 255 255 255 3.14 2 18 22 
-3.90479  6.26819  51.9788 255 255 255 3.14 2 18 22 
-1.06067  7.47183  53.0856 255 255 255 3.14 2 18 22 
6.07663 14.0491 62.8456 255 255 255 3.14 2 18 22 
-5.00185  8.91681   51.426 255 255 255 3.14 2 18 22 
3.22781 18.3073  61.847 255 255 255 3.14 2 18 22 
 5.89686 -3.25778  58.0764 255 255 255 3.14 2 18 22 
-1.64578  4.65148  52.9054 255 255 255 3.14 2 18 22 
-4.86396   4.5058  52.7973 255 255 255 3.14 2 18 22 
  -3.73 5.19743 52.1931 255 255 255 3.14 2 18 22 
-4.33976  10.9295  51.2063 255 255 255 3.14 2 18 22 
-6.47479  12.8353  50.9594 255 255 255 3.14 2 18 22 
-6.60043  18.1671  50.2664 255 255 255 3.14 2 18 22 
-3.04159  5.23357  52.5123 255 255 255 3.14 2 18 22 
-3.52272  8.71193  51.5734 255 255 255 3.14 2 18 22 
-5.74631  8.52387  51.4021 255 255 255 3.14 2 18 22 
-10.8784  18.0386  51.6397 255 255 255 3.14 2 18 22 
0.159672  2.58305  54.6384 255 255 255 3.14 2 18 22 
-2.19111  9.28162  52.4573 255 255 255 3.14 2 18 22 
-6.25345  1.49858  54.8698 255 255 255 3.14 2 18 22 
-2.95321  9.88142  51.6411 255 255 255 3.14 2 18 22 
-2.9231 3.23146 52.7083 255 255 255 3.14 2 18 22 
-4.01125  12.7461  50.8795 255 255 255 3.14 2 18 22 
-4.92893  11.7729  50.9691 255 255 255 3.14 2 18 22 
-8.64739  15.7756   50.543 255 255 255 3.14 2 18 22 
-0.840053   3.09376   53.3669 255 255 255 3.14 2 18 22 
-6.10597  14.6057  50.3911 255 255 255 3.14 2 18 22 
-6.09345   13.156  50.6917 255 255 255 3.14 2 18 22 
-5.36965   16.553  50.2518 255 255 255 3.14 2 18 22 
-5.56487  17.3087  49.9678 255 255 255 3.14 2 18 22 
 1.71155 -3.49145  55.7142 255 255 255 3.14 2 18 22 
-7.11665  15.7788   50.247 255 255 255 3.14 2 18 22 
-5.67622  17.2692  50.0088 255 255 255 3.14 2 18 22 
-5.84023  17.3134  49.9875 255 255 255 3.14 2 18 22 
-6.05609   14.712  50.4184 255 255 255 3.14 2 18 22 
-6.72227  15.6157  50.3137 255 255 255 3.14 2 18 22 
-9.84711  8.46203  54.8713 255 255 255 3.14 2 8 17 
-11.0417  14.5425  52.6295 255 255 255 3.14 2 8 9 
