-11.3564  14.8327   52.858 3 4 19307 8 11400 14 9042 
-20.7214 -5.38946  41.8917 2 0 2628 2 2321 
-10.4589 -1.22329  57.3548 3 0 2718 2 2385 3 2576 
-11.1008  5.30669  59.9697 4 0 3468 2 2931 3 3194 15 783 
-13.2723  8.87561  48.8246 2 0 4113 2 3468 
-12.4551 -6.07911  53.7004 3 0 5265 2 2034 3 4796 
-10.9711 -4.40566   55.897 2 0 5423 2 4521 
-19.9561 -5.93205  41.9913 2 2 4575 3 4971 
-20.1048 -5.81986  41.9601 2 2 4590 3 4991 
-10.3707 -1.10146  60.4614 4 0 5661 2 4711 3 5122 15 2104 
-10.4013  -1.1879  57.5024 3 0 5668 2 4715 3 5126 
-21.8781 -4.23366  41.0779 2 0 5794 2 4816 
-12.3139  10.2919   58.224 4 0 6683 2 5618 15 2925 20 3126 
-11.4143  -4.8455  55.1551 3 0 7799 2 4490 3 6940 
-20.0883 -5.83562  41.9821 2 2 6605 3 7003 
-20.1412 -5.73421  41.8963 2 2 6611 3 7011 
-10.2138 -2.75249   58.056 3 0 7915 2 6629 3 7042 
-20.6496 -5.45103  41.6763 2 2 6645 3 7045 
-20.7672 -5.43711  41.6978 2 2 6648 3 7050 
-21.8803 -4.23557  41.0524 2 0 8065 2 6766 
-22.0909 -3.99022   40.954 2 0 8107 2 6801 
-10.3637 0.476386  55.0989 2 0 8110 2 6789 
-22.3789 -3.77421  40.7488 3 0 8147 2 6829 3 7204 
-22.3926 -3.65093   40.812 2 0 8159 2 6836 
-22.5448 -3.53629  40.7684 2 0 8171 2 6845 
-22.6895 -3.23014  40.7998 3 0 8206 2 6880 3 7247 
-22.7454 -3.09906  40.8179 2 0 8223 2 6897 
-11.0008  5.63396  58.9689 4 0 8420 2 7083 3 7457 15 4642 
-11.6809  8.88326  58.0449 5 0 8598 2 7256 3 7634 15 4863 20 5006 
-11.0743 -5.24186  58.5626 2 0 9377 2 6504 
-20.1877 -6.10821  42.3534 2 2 8000 3 8378 
-21.1527 -5.42712  41.5776 2 2 8045 3 8416 
-21.2506 -5.35741  41.7828 2 2 8050 3 8421 
-21.5726 -5.19476  41.2851 2 2 8060 3 8433 
-21.2779 -5.05778  41.2724 2 2 8064 3 8435 
-21.2475 -5.00372  41.3151 2 2 8068 3 8437 
 -21.414 -4.75637  41.2575 3 0 9515 2 8089 3 8450 
-21.8815 -4.22954  41.0609 2 0 9567 2 8131 
-22.0535 -3.96218  40.9454 2 0 9600 2 8158 
-22.7565 -3.97344  40.7571 3 0 9618 2 8171 3 8524 
-22.2637 -3.81162  40.8251 3 0 9620 2 8175 3 8527 
-22.3744 -3.77836   40.743 2 0 9626 2 8178 
-22.3973 -3.64966  40.7972 2 0 9639 2 8186 
-22.8482 -3.72725   40.741 2 0 9641 2 8191 
-22.5468 -3.53875  40.7395 3 0 9645 2 8196 3 8549 
-22.9075 -3.57634  40.7014 2 2 8202 3 8552 
-22.6431 -3.48853  40.7506 2 0 9650 2 8205 
 -22.625 -3.33313  40.8081 2 0 9654 2 8212 
-23.0586 -3.41663  40.8626 2 2 8215 3 8560 
-22.6859 -3.20864  40.8635 2 2 8222 3 8565 
-10.5954  3.14083  60.5315 5 0 9691 2 8234 3 8596 15 5899 20 5980 
-11.0824  5.61367  59.3084 4 2 8388 3 8741 15 6017 20 6075 
-10.9705  5.64913  59.0459 4 0 9848 2 8392 3 8745 15 6019 
-9.41691  7.90931  54.0642 3 6 3301 16 11627 21 10523 
-12.5994  11.7305  54.1766 3 0 10252 2 8774 3 9152 
-20.2603 -6.13626  42.1254 2 2 9005 3 9409 
-10.4096 -3.62306  57.6415 3 0 10537 2 9008 3 9418 
-21.3628 -5.21691  41.6056 2 2 9036 3 9439 
-21.0852  -5.0517  41.3394 2 2 9039 3 9440 
-21.8816 -4.22561  41.0289 3 0 10600 2 9078 3 9462 
-22.0382 -4.13917  41.0034 3 0 10605 2 9085 3 9465 
-22.4692 -4.22781  40.9765 3 0 10607 2 9089 3 9467 
 -22.093 -3.99165  40.9192 3 0 10620 2 9093 3 9472 
 -22.556 -4.02844  40.8873 3 0 10625 2 9096 3 9476 
  -22.36 -3.78235  40.8341 3 0 10632 2 9106 3 9482 
-22.4043 -3.62809  40.7848 3 0 10639 2 9116 3 9489 
-22.5721 -3.53853  40.7241 3 0 10643 2 9120 3 9491 
-22.9027 -3.55634  40.7048 2 2 9125 3 9492 
-11.7758  4.07968   52.432 3 0 10741 2 9212 3 9578 
-11.1343  6.76227  56.4273 3 0 10770 2 9247 3 9613 
-11.6603  5.98218  52.5165 3 0 10774 2 9251 3 9616 
-11.3538  6.91833  55.9546 3 0 10775 2 9253 3 9618 
-12.4054  9.69567  53.1972 3 0 10871 2 9335 3 9714 
-12.2086  10.3268  54.9299 3 0 10873 2 9337 3 9718 
-21.8993 -4.81631  41.3625 2 0 11109 2 9554 
-21.9611 -4.56039  41.0901 2 0 11117 2 9565 
-21.8831 -4.49234   41.091 2 0 11118 2 9566 
-22.2088 -4.53694   41.098 2 0 11122 2 9571 
-22.2751 -4.34555  41.0368 3 0 11126 2 9574 3 9953 
-22.2419  -4.3108  40.8218 3 0 11128 2 9580 3 9954 
-21.8088 -4.15554  40.9894 3 0 11133 2 9581 3 9957 
-22.551 -4.2893 40.9818 3 0 11138 2 9584 3 9962 
-22.5144 -4.25936  40.7646 3 0 11141 2 9588 3 9964 
-22.3333 -3.98317  40.8675 3 0 11150 2 9596 3 9971 
-22.5662 -4.01918  40.8601 2 0 11151 2 9597 
-22.2424 -3.92186  40.8799 2 0 11152 2 9598 
-22.4049 -3.88549   40.879 2 0 11154 2 9602 
-22.9309 -3.80396  40.7773 3 0 11165 2 9611 3 9984 
-22.8419 -3.75632  40.7898 3 0 11167 2 9614 3 9986 
-22.3294 -3.56061  40.7703 2 0 11169 2 9618 
-22.6525 -3.59927  40.7358 2 0 11171 2 9620 
-22.5389 -3.49758  40.9609 2 2 9621 3 9992 
-22.9085 -3.53937  40.7057 2 2 9624 3 9994 
  -22.82 -3.50589  40.7019 2 0 11176 2 9625 
-23.1371 -3.46599  40.7675 2 2 9628 3 9997 
-23.0335 -3.20842  40.9017 2 2 9633 3 10002 
-10.9648  6.66621  56.2919 5 8 13942 9 14233 14 13626 16 12110 21 10958 
-11.8943  7.85898  55.3356 3 0 11301 2 9731 3 10118 
-22.5357 -3.52304  41.0156 3 0 11513 2 9914 3 10304 
-10.3883  -1.3017  57.4169 3 0 12779 2 11089 3 11507 
 5.82938 -3.47865  58.3331 2 1 257 5 271 
 1.81905 -3.44808   55.921 2 1 511 5 516 
-0.446325  -1.67361   55.1181 2 1 1389 5 1157 
 -1.43607 -0.833135   54.7783 2 1 1994 5 1521 
0.112113 0.750878  54.1072 2 1 2553 5 2078 
-0.0477769   0.898934    53.9496 2 1 2611 5 2130 
-0.219196   1.11599   53.9023 2 1 2668 5 2182 
-2.57985   1.6648  53.3007 2 1 2874 5 2361 
-2.02632  1.76658  53.2255 2 1 2887 5 2372 
-2.49475  2.13707  53.1518 2 1 3023 5 2437 
-2.46454  2.80308  52.9529 2 1 3195 5 2586 
-2.74921  3.43655  52.8367 2 1 3345 5 2711 
-1.27162  3.71722  53.1616 2 1 3350 5 2724 
-1.62596  3.64914  52.9054 2 1 3357 5 2728 
-1.6889   3.698 52.9262 2 1 3369 5 2737 
-1.54644  3.71225  52.9451 2 1 3370 5 2738 
-2.11151  4.07788  52.7837 2 1 3490 5 2817 
-1.99132  4.18481  52.7861 2 1 3508 5 2830 
-1.94742  4.74592  52.6885 2 1 3616 5 2909 
-2.53112  7.84329  51.9965 2 1 3936 5 3153 
-2.68047  7.85769  51.9053 2 1 3946 5 3158 
-2.5656 7.97111 51.9485 2 1 3959 5 3166 
-3.18783   9.1848  51.5664 2 1 4016 5 3211 
-3.16045  10.8432  51.1991 2 1 4102 5 3323 
-3.4593 12.2723 50.9165 2 1 4229 5 3466 
-3.60977  12.4008  50.7849 2 1 4248 5 3487 
-3.60357  12.6007  50.7242 2 1 4264 5 3502 
-4.4908 15.5928 50.4077 2 1 4488 5 3709 
-1.99451 -4.11091  57.5731 2 1 5194 7 395 
-0.962521  -3.46221   56.6059 2 1 5288 5 4352 
-7.04611 -1.28854  56.7596 2 1 5772 5 1642 
0.110481 0.520622  54.1587 2 1 5878 5 4945 
-0.151169   0.86377   53.9557 5 1 5974 5 5028 13 1496 19 890 22 1388 
-2.10304    1.713  53.1989 2 1 6190 5 5213 
-1.93407   1.7913  53.2108 2 1 6202 5 5228 
-2.07566  1.87864  53.1348 2 1 6230 5 5252 
-2.54453  2.71305  53.0014 2 1 6392 5 5388 
-3.64337  3.20613  52.9489 2 1 6521 5 5496 
-3.13718  3.31276  52.8692 2 1 6531 5 5505 
-1.41078   3.6172  53.1223 2 1 6533 5 5518 
-1.54984  3.60742  53.0265 4 1 6543 5 5521 7 1070 19 3815 
-1.33392   3.6942  53.1161 2 1 6551 5 5533 
-1.45175  3.67189  53.0266 2 1 6552 5 5537 
-1.69417  3.63641  52.9668 2 1 6554 5 5536 
-1.39825  3.73391  53.0603 2 1 6561 5 5551 
-1.57415  3.71714  52.9498 2 1 6575 5 5559 
-2.17033  3.84037   52.783 2 1 6634 5 5602 
-2.00089  3.90808  52.7642 2 1 6646 5 5614 
-2.10187  3.93599  52.7358 2 1 6653 5 5616 
-2.00154  3.99505  52.7752 2 1 6661 5 5623 
-2.15315  4.02003  52.7347 2 1 6670 5 5627 
-2.04589  4.12202  52.8245 2 1 6677 5 5636 
-1.9266 4.36951  52.817 3 1 6723 5 5668 19 1373 
-1.95934  4.56909  52.7622 2 1 6749 5 5688 
 -2.031 4.63677 52.7307 2 1 6757 5 5697 
-1.97311  4.69759  52.7625 3 1 6759 5 5700 19 1397 
-3.10801  7.62976  51.8885 2 1 7040 5 5949 
-2.61305  7.87892  51.9993 2 1 7056 5 5967 
-2.29989  8.36292  52.5069 2 1 7090 5 5999 
-3.1846 9.27468 51.5823 2 1 7179 5 6088 
-3.28427  10.1777  51.2545 2 1 7260 5 6171 
-3.26114  10.6635  51.2288 2 1 7301 5 6212 
-4.42446  10.9202  51.1243 2 1 7346 5 6245 
-5.28871  11.7821  50.9686 2 1 7473 5 6350 
-3.05974  12.2173  51.2372 2 1 7526 5 6406 
-5.30783  12.1363  50.8813 2 1 7548 5 6410 
-3.47829  12.3362   50.901 2 1 7559 5 6433 
-3.67777  12.6144   50.726 2 1 7613 5 6482 
-3.44105  12.6751  50.7903 2 1 7622 11 5025 
-4.32988  14.1994  50.4555 2 1 7918 5 6742 
-4.26465  14.2692  50.5362 2 1 7924 5 6745 
-10.378 15.0209  51.209 2 1 8015 11 5516 
-4.2683 15.3708 50.4079 2 1 8105 5 6895 
-5.50946  15.5965  50.4411 2 1 8140 5 6919 
-5.05431  15.7865  50.5217 2 1 8176 13 7653 
-4.6658 15.9595 50.4364 2 1 8219 5 6989 
-5.01645  16.4198  50.1646 2 1 8312 5 3750 
 3.47151 -3.79412  56.3896 2 1 8524 5 7235 
-3.08693 -4.71536  60.1571 2 1 8525 7 2261 
-0.930606  -7.34131   62.6327 2 1 8552 5 7256 
 6.37598 -4.26705  58.3639 2 1 8686 5 7373 
 6.11574 -4.11662  57.6129 3 13 4108 18 154 22 4352 
 6.39891 -3.94344  57.3879 2 5 7404 19 5503 
 7.23202 -3.63193  59.1887 2 1 8759 5 7421 
 7.22448 -3.51647  59.2803 2 1 8785 5 7449 
 3.42443 -3.86451  56.4046 2 1 8895 5 7533 
 5.08525 -3.45762  57.7689 2 1 8904 5 7542 
 3.87705 -3.57994  56.4937 2 1 8937 5 7562 
-1.01734 -4.67373  57.5086 2 13 11807 22 12125 
-0.968642  -3.47546   56.6368 2 1 9134 5 7726 
 -2.39282 -0.730417   55.0263 2 1 9583 5 8141 
0.501636 0.511677  54.2569 2 1 9665 5 8231 
0.322387 0.500837  54.2383 2 1 9667 5 8236 
 0.22845 0.640992  54.1222 2 1 9697 5 8263 
0.316193 0.725738  54.1423 2 1 9709 5 8272 
-0.0288684   0.684401    54.0205 2 1 9715 5 8273 
 0.16973 0.831693  54.1209 2 1 9733 5 8294 
0.283878 0.894125  54.1511 2 1 9741 5 8301 
0.166146 0.893851  54.0589 2 1 9750 5 8305 
0.0552653   1.01095   53.9747 2 1 9760 5 8316 
-0.110038   1.04699   53.9161 2 1 9768 5 8321 
-0.283124   1.09817   53.7829 2 1 9780 5 8340 
-1.93413  1.79165  53.2135 2 1 9926 5 8456 
-1.34925  3.57532  53.2507 2 1 10152 5 8665 
-1.4006 3.60721 53.1071 2 1 10161 5 8677 
-1.53879   3.5945   53.005 2 1 10165 5 8681 
-1.47899   3.6992  53.0136 2 1 10187 5 8701 
-1.39986  3.74953    53.07 2 1 10195 5 8708 
-1.59061  3.73383  52.9602 2 1 10202 5 8711 
-1.78129  3.81474  52.9284 2 1 10222 5 8738 
-1.87824  3.82517  52.8475 2 1 10232 5 8743 
-2.18067  3.83881  52.7665 2 1 10243 5 8748 
-2.00425   3.9251  52.7837 2 1 10253 5 8755 
-2.11586   3.9366   52.762 9 1 10256 5 8757 7 3115 11 6930 12 4898 13 9756 18 11025 19 6506 22 10025 
-2.15251  4.03423  52.7332 2 1 10267 5 8767 
-2.04189   4.1237  52.8361 2 1 10270 5 8772 
-2.10023  4.28448  52.6723 2 1 10292 5 8789 
-2.07098  4.36975  52.7068 2 1 10303 5 8793 
-1.97424  4.46519  52.7781 2 1 10307 5 8799 
-1.95858  4.57657  52.7692 2 1 10320 5 8804 
-1.77459  5.25775  52.7579 3 1 10379 5 8871 11 7012 
-1.86938   5.3179  52.6954 3 1 10390 5 8886 11 7017 
-5.28133  5.40159   52.705 2 1 10443 5 5815 
-3.18726  7.71256  51.8644 2 1 10592 5 9077 
-2.66463  7.81876  51.9412 2 1 10596 5 9083 
-2.21777  7.98352  52.3116 2 1 10598 5 9090 
-2.29671  8.01795  52.2208 2 1 10608 5 9095 
-2.47657  7.99779  52.1155 2 1 10614 5 9099 
-3.37775  9.61869   51.471 2 1 10769 5 9242 
-3.41896  9.72693  51.4496 2 1 10779 13 10434 
-3.02997  10.0092  51.4459 2 1 10799 5 9271 
-3.40752  9.99976  51.3162 2 1 10802 5 9275 
-3.12616  10.2059  51.3817 2 1 10812 5 9284 
-3.17168  10.3087  51.3571 2 1 10821 5 9293 
-3.22215  10.4809  51.3163 2 1 10829 5 9309 
-3.34284  10.5107   51.284 4 1 10832 13 10508 18 11837 22 10788 
-4.47827  10.9616   51.104 2 1 10897 5 9361 
-9.54712  11.4093   52.161 2 1 10944 11 7803 
-5.08313  11.6771  51.0141 2 1 11004 5 9429 
-5.08864  11.8753   50.956 2 1 11037 5 9453 
-5.33469  11.8913  50.9188 2 1 11044 5 9456 
-5.20151  12.1551  50.8974 2 1 11088 5 9493 
-3.49669  12.4039  50.7909 3 1 11111 5 9519 11 7972 
-3.57556    12.61  50.8113 3 1 11140 11 8001 19 7369 
-3.54623  12.6891  50.7251 2 1 11154 11 8030 
-3.9634  12.828 50.7687 2 1 11180 5 9575 
-5.45724  13.4174   50.553 2 1 11304 5 9674 
-5.0331 13.4542 50.3914 2 1 11318 11 8199 
-4.24949  14.2597  50.5317 2 1 11434 5 9785 
-5.49103  15.4738  50.4249 2 1 11595 5 9913 
-6.19457  15.4894  50.2962 2 1 11603 5 9916 
-5.24527  15.6923   50.549 4 1 11614 13 11267 18 12649 22 11574 
-6.83428  17.6754  50.2389 2 1 11868 5 10121 
0.0332955  -4.71666   57.9086 2 1 11889 7 2334 
-0.717068  -7.14866   62.7935 2 1 11897 5 10184 
-0.0846208   -6.89712    62.6631 2 1 11900 5 10187 
0.723597 -6.64759   62.689 2 1 11901 5 10189 
0.281265 -6.69707  62.4953 2 1 11903 5 10190 
 7.20187 -3.68739  59.2489 2 1 11992 5 10266 
 3.55898 -3.20839  56.9142 2 1 12151 5 10382 
 1.34634 -3.44322   55.844 2 1 12170 5 10406 
-2.01419 -4.10053  57.4683 2 1 12172 7 4378 
 -2.34357 -0.762571   54.9782 2 1 12483 5 10671 
0.387912 0.559041  54.1935 2 1 12548 5 10737 
0.294067 0.732069  54.1408 2 1 12568 5 10752 
0.167394 0.861875  54.0635 2 1 12587 5 10771 
-2.0149 1.60352  53.316 2 1 12679 5 10849 
-2.17897  1.97696  53.0917 2 1 12717 5 10880 
 -1.766 3.83666 52.9405 2 1 12874 5 11022 
-1.87124   3.8765  52.8464 2 1 12879 5 11027 
-1.99491  3.94338  52.8105 2 1 12886 5 11034 
-7.83662  3.85372  53.8458 2 1 12914 11 9250 
-8.27963  3.98771  54.0592 2 1 12919 11 9256 
-1.95081  4.59176  52.7778 2 1 12924 5 11067 
-2.09517  4.72411  52.6692 2 1 12934 5 11078 
-1.37804  4.90232  52.8887 2 1 12938 5 11084 
-1.89579  4.85537  52.6492 2 1 12947 5 11086 
-1.79987  4.95736  52.7221 2 1 12952 5 11092 
-1.94391  4.97539  52.5827 2 1 12958 5 11097 
-1.77964  5.01358  52.7222 2 1 12959 5 11098 
-1.96109  5.03541  52.6285 2 1 12963 5 11105 
-2.26984  5.08792  52.5475 2 1 12976 5 11116 
-1.69511  5.30889  52.7588 2 1 12989 5 11124 
-2.34321  5.38541  53.0907 2 5 11132 7 4910 
-2.59806  6.95617  52.2133 4 1 13097 5 11223 7 4978 11 9459 
-3.0223 7.72505 51.8691 5 1 13132 11 9518 13 12850 18 14339 22 13178 
-2.16104  8.07521  52.4478 3 1 13141 5 11262 19 8664 
-3.35063  7.81795  51.7712 5 1 13143 11 9530 13 12863 18 14347 22 13195 
-3.51617  7.98486  51.7536 5 1 13158 11 9549 13 12882 18 14366 22 13213 
-9.42714  8.16015  52.9205 2 1 13171 11 9581 
-8.44783  8.72789  52.3691 2 1 13205 11 9636 
-8.6155 8.81033 52.3728 2 1 13209 11 9641 
-8.85338  9.06937  52.6238 2 1 13216 11 9652 
-3.41981  9.62058  51.4975 6 1 13237 5 11359 11 9686 13 12986 18 14475 22 13318 
-4.61984  11.1376  51.0717 2 1 13350 5 11437 
-4.60351   11.262  51.0234 2 1 13360 5 11445 
-4.28064   11.575  50.8751 2 1 13392 5 11469 
-5.25416    11.77   50.991 2 1 13410 5 11478 
-5.29208  12.0707  50.9049 2 1 13449 5 11506 
-3.58307  12.2742  50.8214 2 1 13462 5 11519 
-3.45071  12.4364  50.9645 2 1 13468 5 11524 
-9.82319  12.6447   51.738 2 1 13477 11 10004 
-9.81932  12.8694   51.768 2 1 13495 11 10028 
-3.94469   12.837  50.7556 2 1 13513 5 11553 
-5.43863  13.2369  50.5202 2 1 13577 11 10083 
-4.93807  13.3663  50.5476 2 1 13587 5 11603 
-5.14825  13.4852  50.4802 3 1 13600 5 11612 11 10110 
-4.40494  14.3184  50.4159 2 1 13676 5 11674 
-6.66241  15.4715  50.2637 2 1 13771 5 11738 
-9.05971  16.0536  50.5001 2 1 13806 11 10324 
0.201236 -6.63181  62.6269 2 1 13972 5 11900 
 1.40128 -6.34881  62.7428 2 1 13973 5 11901 
  5.9408 -4.24917  58.0192 2 1 14022 13 11723 
-0.702615  -3.98215   57.3419 2 1 14159 7 5738 
 2.71772 -1.59649  53.7325 2 1 14266 7 4489 
 1.80674 -1.36353   55.388 2 1 14278 5 12143 
  -2.3645 -0.783547   54.9854 2 1 14346 5 12196 
-6.27513   3.8046  53.3592 2 1 14594 11 10793 
-2.07266  4.68956  52.6813 2 1 14620 5 12463 
-1.97959  4.84262  52.8444 2 1 14631 5 12472 
-1.59693   4.9195  52.4558 2 1 14639 5 12484 
-1.98211  4.98446  52.5735 2 1 14648 5 12492 
-1.79875  5.16023  52.6891 2 1 14667 5 12505 
-1.9635 5.29316 52.4834 2 1 14694 5 12530 
-1.7645 5.37666 52.7158 2 1 14699 5 12533 
-1.98433  5.35805  52.4538 2 1 14708 5 12544 
-4.95784  5.19234  52.6634 2 1 14733 5 11878 
-1.56139  6.10126  52.8611 2 1 14793 5 12590 
-1.72321  6.30236  52.8289 2 1 14807 5 12601 
-2.4167 6.80011   52.36 3 1 14859 5 12648 7 4970 
  -3.21 7.42699 51.9434 7 1 14896 5 12685 7 6259 11 11090 13 14592 18 16142 22 14936 
-3.34559  7.53556  51.8711 6 1 14903 5 12688 11 11099 13 14605 18 16146 22 14945 
-3.48818  7.69866  51.8272 6 1 14914 5 12695 11 11112 13 14624 18 16157 22 14958 
-3.1676 7.79029 51.8033 6 1 14917 5 12698 11 11119 13 14627 18 16158 22 14965 
-2.13336  8.06148  52.4401 2 1 14919 5 12703 
-3.42774  7.78183  51.7747 5 1 14923 11 11121 13 14628 18 16159 22 14964 
-3.41085  8.17014  51.7312 5 1 14947 11 11161 13 14664 18 16189 22 14991 
-3.66716  8.23305  51.7396 2 1 14954 11 11166 
-3.64398  8.31923  51.7113 2 1 14958 13 14681 
-9.02935  8.70373   52.698 2 1 14994 11 11220 
-3.51369  8.89904  51.5908 5 1 15000 10 12627 11 11222 13 14728 18 16246 
 -3.413 9.61281 51.4669 2 1 15027 5 12784 
-3.29263  9.77274  51.5333 2 1 15033 5 12788 
-3.17836  9.94678  51.3907 4 1 15043 13 14790 18 16318 22 15103 
-7.35956  10.1809  51.8453 5 1 15059 7 5118 11 11315 14 12109 21 9658 
-7.09566  10.3823  51.5982 2 1 15071 11 11333 
-4.79371  11.1015  51.0041 2 1 15130 11 11423 
-4.57255  11.1578  51.0443 2 1 15135 5 12848 
-9.56626  11.8058  52.0487 2 1 15184 11 11493 
-4.38365  11.7974  50.8675 2 1 15197 5 12885 
-10.1732  12.0352  52.1002 2 1 15199 11 11519 
-5.06444  12.0283  50.9421 2 1 15217 5 12895 
-3.67601  12.4511  50.6973 2 1 15251 5 12923 
-8.98801  16.0261  50.4487 2 1 15467 11 11817 
-8.38287  8.11839  52.4281 2 1 15560 11 12015 
6.27524 -3.5307 58.2891 2 1 15579 5 13165 
-2.06028  1.81631  53.2803 2 1 15763 5 13348 
-1.96095  2.08722  53.0851 2 1 15776 5 13356 
-5.6382 3.91218 53.2418 2 1 15841 11 12152 
-1.87874  4.76791  52.8287 2 1 15853 5 13418 
-1.69841  4.96346  52.9517 2 1 15860 5 13428 
-1.56532  5.08246  52.8708 3 1 15867 5 13435 19 10417 
-1.97106  5.13038  52.5628 2 1 15874 5 13439 
-1.87209  5.38414  52.7443 3 1 15893 5 13453 11 12190 
-1.39603  5.47953  52.9903 2 1 15894 5 13456 
-1.7382 6.38213 52.8162 2 1 15932 5 13487 
-2.21765  6.52652  52.5599 2 1 15936 5 13492 
-2.00464  6.74621   52.462 2 1 15943 5 13497 
-3.48961  7.72879   51.807 4 1 15971 5 13515 11 12271 18 17350 
-3.21068  7.82167   51.879 2 1 15972 5 13516 
-9.85847  8.34937  53.2733 2 1 15994 11 12297 
-3.55657    8.464  51.7787 2 1 15998 5 13531 
-9.11889  8.59057  52.7278 2 1 16003 11 12303 
-8.53104  9.32032  52.1651 2 1 16020 11 12323 
-3.51124  9.62696  51.5085 7 1 16026 5 13552 7 7301 11 12324 13 15814 18 17409 22 16123 
-3.22585   9.7008  51.5718 2 1 16027 5 13555 
-8.23414    10.73   51.742 2 1 16062 11 12367 
-6.03625  11.7499  51.4057 2 1 16100 5 13604 
-3.44786  12.5259  50.7483 2 1 16133 5 13628 
-3.33507  12.9457  50.8473 2 1 16143 5 13635 
-4.32194  16.2633  49.7349 2 1 16240 5 13092 
-1.80357   4.7099  52.8836 2 1 16411 5 13878 
-1.73337   4.9922  53.1176 2 1 16417 5 13885 
-1.42051  5.09395  53.0823 2 1 16420 5 13887 
-6.35529  5.84304  52.7682 2 1 16476 11 12748 
-3.21643    7.531  51.9059 3 11 12788 13 16312 22 16559 
-3.69667  8.06568  51.6725 2 1 16527 5 13969 
-7.7585 8.57501 52.2839 2 1 16541 11 12823 
-8.4836 9.31564  52.262 2 1 16558 11 12843 
-3.16225  9.62715  51.5661 2 1 16563 5 14000 
-3.57875  10.2363   51.209 2 1 16579 5 14016 
-4.77543  10.7868  51.2039 2 1 16601 11 12878 
-3.21257  12.3716  51.0122 2 1 16639 5 14068 
-4.3217 10.9028 51.3544 2 1 16814 5 14202 
-3.13941  12.8375  51.0812 2 1 16834 5 14218 
-6.09353   13.158  50.7019 2 1 17713 5 14667 
 1.61493 -1.90388  54.8734 2 1 17842 5 14392 
-1.9824 4.19592 52.7598 4 1 18428 7 8584 11 14738 13 18585 
-12.7491 -1.31578  46.5912 2 2 617 3 712 
-11.126 4.10471 58.5355 2 2 945 16 1037 
-11.2302  4.16887  58.5727 2 8 7701 16 1039 
-20.1229 -5.82153  41.8962 2 2 2251 3 2424 
-12.7063  -1.3533  46.5804 2 2 2462 3 2675 
-12.9016 -1.24189    45.87 2 2 2487 3 2709 
 -12.9503 -0.924307   45.9691 2 2 2537 3 2768 
 -13.0168 -0.806893   45.8048 2 2 2557 3 2795 
-12.203 8.14973 57.5419 3 14 1746 16 1449 21 1287 
-14.2204  6.85365  44.8249 2 2 3401 3 6095 
-12.6659  10.9386  56.5547 3 14 2086 16 1730 21 1574 
-20.1494 -5.74264  41.8925 2 2 4598 3 5001 
-12.8932 -1.09324  45.7978 2 2 4829 3 5229 
 -12.9196 -0.947563   45.7896 2 2 4853 3 5255 
-22.4895 -4.19373  40.8891 2 2 4863 3 5218 
-13.0224 -0.81453  45.8092 2 2 4879 3 5281 
-22.5271 -3.52097   40.831 2 2 4942 3 5322 
-11.0512  2.28658  59.0403 3 14 7372 16 6373 21 5608 
-10.6318  2.58386  55.8087 4 2 5017 3 5421 15 2390 20 2539 
-10.5824  2.56539  55.2123 3 2 5021 3 5428 15 2393 
-10.603 2.61462 55.5833 3 2 5025 3 5430 15 2396 
-10.5564  2.80842   55.136 2 2 5053 15 2423 
-9.97067  3.71953  56.3923 6 3 5518 8 7663 9 8025 14 7579 16 6553 21 5756 
-11.6893   5.7873  58.2633 3 3 5697 16 6761 21 5972 
-11.187 6.92192 56.5796 3 2 5376 14 10304 16 9004 
-12.2108  8.72206  58.9676 2 2 5514 15 2822 
-11.5996  8.75568  57.9925 4 2 5517 3 5884 15 2826 20 3008 
-11.6508  8.72812   57.488 3 2 5529 3 5894 15 2836 
-12.7772  13.6744  54.0176 3 2 6089 15 3331 20 1398 
-13.1034  14.6147  55.0576 2 2 6141 15 3395 
-10.3039 -4.17315   63.617 2 2 6570 15 3993 
-10.4549  0.43933  61.0989 2 2 6762 15 4262 
-22.2742 -3.81926  40.7617 2 2 6824 3 7195 
-10.6343  2.56118  55.7379 4 2 6900 3 7290 15 4412 20 4536 
-10.7427  3.19816  60.6835 3 2 6908 15 4420 20 4544 
-10.6041  2.76457  55.7883 3 2 6915 3 7304 15 4428 
-10.0307   3.4517  56.7077 4 3 7334 14 10026 16 8755 21 7823 
-13.6482  1.11598  44.5065 2 2 6972 3 8143 
-10.8599  4.27803  58.7164 2 2 6987 15 4515 
-10.3796  4.75822  56.4432 3 3 7425 16 8863 21 7916 
-10.9171  5.13301   59.345 3 2 7037 3 7427 15 4579 
-10.9589  5.24371  59.3646 3 2 7050 3 7435 15 4597 
-11.566 5.48566  58.268 2 3 7464 16 8916 
-11.8816  7.38419  57.1211 3 14 10341 16 9043 21 8109 
-11.4218  7.57378   56.729 3 2 7183 3 7559 15 4778 
-11.4088  7.94842  57.8306 4 2 7189 3 7565 15 4788 20 4934 
-9.42097  7.95645  54.0459 4 6 2752 14 11980 16 10589 21 9537 
-12.025 7.85926 57.1469 3 14 10382 16 9083 21 8155 
-12.0501  8.02739  57.0794 3 14 10392 16 9102 21 8165 
-11.6232  8.65453  58.1349 3 2 7230 3 7615 15 4838 
-11.5456  8.54003  57.0876 4 2 7243 3 7624 15 4848 20 4995 
-11.6617  8.75126  57.5178 4 2 7257 3 7637 15 4860 20 5004 
-11.6348   8.5305  56.2347 3 2 7261 3 7639 15 4866 
-11.6361  8.59241  55.9702 3 2 7267 3 7649 15 4872 
-11.9784  9.56194  58.0949 3 2 7292 3 7675 15 4906 
-11.9329  9.89648   54.541 3 2 7342 15 4971 20 5135 
-11.9592  10.3209  55.9691 4 2 7346 3 7722 15 4976 20 5137 
-12.1364  9.70778  53.7131 2 2 7352 3 7729 
-11.5551  10.5463  54.8712 4 8 10828 9 11120 14 10581 16 9288 
-12.3714  11.9237  54.7059 2 2 7513 15 5141 
-21.7844 -4.49196  41.0974 2 2 8115 3 8473 
-22.1993  -4.5236  41.0839 2 2 8120 3 8476 
-22.1049 -4.00424  40.8705 2 2 8157 3 8510 
-22.2466 -3.92763  40.7662 2 2 8165 3 8519 
-10.5736  2.55909  55.8208 4 2 8229 3 8593 15 5897 20 5976 
-10.659 2.73176 55.7049 4 2 8242 3 8606 15 5904 20 5984 
-9.99593  3.13012  56.8015 3 2 8247 14 11632 16 10256 
-10.493 4.39166  60.151 3 2 8284 3 8642 15 6848 
-10.7449  4.26049  58.8792 3 2 8288 3 8646 15 5948 
-10.8418  4.43127  59.5566 4 2 8295 3 8655 15 5952 20 6022 
-10.8314  4.45756  57.2693 2 2 8319 15 5965 
-11.0011   4.7661  58.0094 4 2 8338 14 11740 15 5975 21 9306 
-11.4003  4.75248  58.4664 3 3 8698 14 11733 16 10357 
-11.046 5.14292 59.6738 4 2 8348 3 8704 15 5985 20 6052 
-11.0411  5.35787  59.2757 4 2 8371 3 8721 15 6003 20 6061 
-11.3428  5.19251  58.3725 4 15 6006 16 10409 20 6068 21 9357 
-10.9296  5.58778  58.9116 2 2 8387 15 6018 
-11.0979  5.73231  58.8002 2 2 8399 15 6026 
-11.4349  7.71238   57.735 2 2 8494 15 6090 
-11.9315  7.55073  57.0859 3 14 11957 16 10575 21 9516 
-11.6488  8.64222  56.0495 4 2 8580 3 8932 15 6153 20 6223 
-11.7249  9.29312  55.9165 3 2 8613 3 8972 15 7111 
-11.5316  9.48628   56.202 2 2 8615 15 7114 
-12.3556  9.95842  58.3676 2 2 8623 15 6181 
-11.7981  10.0494  55.3939 7 2 8651 3 9013 8 12512 9 12822 14 12140 16 10735 21 9700 
-12.1732  11.1584  57.6747 4 2 8678 3 9049 15 6224 20 6295 
-22.2368 -4.55895  40.9166 2 2 9070 3 9455 
-22.2526 -3.92482  40.8184 2 2 9099 3 9477 
-22.6811 -3.33259  40.5359 2 2 9132 3 9496 
-10.8789  4.38539    58.49 2 2 9179 15 6857 
-10.7428  4.51303  58.1109 2 2 9181 15 6865 
-10.9633  5.10842  58.9322 3 2 9200 15 6891 20 6890 
-10.9825  4.91889   56.434 3 2 9205 15 6903 20 6897 
-11.0348  5.11525   55.406 3 2 9218 3 9587 15 6921 
-11.0046  5.80796  58.7329 3 2 9221 15 6926 20 6922 
-11.7159  9.80932  55.3935 4 2 9313 3 9687 14 13165 16 11689 
-12.2828  11.0993  56.8003 3 2 9345 3 9728 15 7169 
-13.4135   16.326  55.4132 3 2 9441 3 9835 15 7364 
-11.0345  4.85253  57.5184 3 2 9668 15 7593 20 7574 
-11.7141  8.82387  56.4083 2 2 9745 15 7671 
-12.0856   10.468  56.3007 3 2 9774 3 10168 15 7700 
-12.3856  8.36132  60.2366 3 2 10060 3 10417 15 8207 
-22.2407 -3.99681  40.8507 2 2 10230 3 10810 
-10.4017  -3.0759  63.9053 3 2 10848 3 11284 15 9185 
-11.8148  9.54173  55.6827 2 3 3581 15 1045 
-9.9438  3.6968 56.3526 3 3 7348 9 10576 16 8773 
-10.3307  4.87018   56.257 3 3 7432 16 8874 21 7929 
-10.139 4.97342 55.0283 2 3 7450 16 8901 
-10.4662   4.6267  56.6797 6 3 8689 8 12043 9 12348 14 11735 16 10350 21 9300 
-11.8745  6.98555  57.3634 2 14 11914 16 10533 
-12.6591  11.2383  56.5494 2 14 12267 16 10856 
-12.3995  9.57331  60.2527 2 3 10420 15 8212 
-11.1321  7.05916  56.1738 2 4 3872 8 1434 
-6.63166  8.12923  52.0273 2 4 4035 17 2748 
-12.9794  7.81996  55.7079 2 4 4074 17 2797 
-4.93238  11.6257  50.9174 2 4 4672 11 1997 
-10.0741  10.7409  52.8423 2 4 4677 8 2090 
-10.7594  11.4347  53.8523 3 4 4832 8 2210 9 2307 
-8.62476  12.8892  52.6937 2 4 5099 17 3591 
-9.41252  12.5803  52.2549 3 4 5122 8 2432 9 2644 
-11.1018  15.1659  52.5392 2 4 5766 9 3279 
-8.2711 16.3939 51.5632 2 4 5841 17 4217 
-9.30432  17.0081  52.1853 2 4 5942 17 4342 
-5.95982 -4.48028  50.5406 2 4 6732 17 5179 
-7.44666 -3.66297  53.6163 2 4 6989 17 482 
   -6.181 -0.995953   53.1625 2 4 7726 17 884 
-5.52844 -0.38695  51.3396 2 4 7948 17 1055 
-6.21174 0.667307  52.7787 2 4 8228 17 1337 
-7.16009  1.99817  54.3036 2 4 8527 17 1617 
-10.558 2.82938 56.8774 2 4 8776 17 1771 
-8.93755  5.01611  54.7681 2 4 9239 9 5154 
-11.0241  6.33484  56.2159 2 4 9423 17 2521 
-13.0026  6.24925   55.657 2 4 9467 17 2574 
-12.887 7.33962 55.7509 2 4 9601 17 2719 
-12.6662  8.06274  55.7602 2 4 9732 17 2828 
-11.8837  8.34994  55.8919 2 4 9757 17 2843 
-11.499 11.0344 54.5216 3 4 10296 8 2132 9 2212 
-11.0782  11.3183  54.9345 2 8 5533 17 7890 
-7.63235  12.0027  51.2886 2 4 10487 11 2092 
-8.95778  12.7906  53.8959 2 4 10571 17 8111 
-9.53345  12.4672  52.3852 3 4 10684 8 5835 9 6133 
-8.40966  12.5251  51.5855 3 4 10685 8 5827 9 6146 
-7.83551  12.8008  51.9064 2 8 2408 17 3577 
-9.31159  12.4853  52.1913 3 4 10694 8 5836 9 6142 
-8.07931  12.5888  51.3505 3 4 10695 8 5840 9 6166 
-9.08052  12.5155  51.9976 4 4 10706 8 5846 9 6151 14 2243 
-9.2108 12.5901 52.0478 6 4 10736 8 5878 9 6177 14 5541 16 4722 21 4209 
-9.33103  13.6087  51.8599 3 4 11001 8 2648 9 2895 
-9.32664   13.655  51.8089 3 4 11015 8 2658 9 2905 
-10.285 15.3012 54.0054 2 4 11301 17 4012 
-7.55781   14.745   49.214 2 4 11370 17 4093 
-11.0639  14.9298  52.6858 3 4 11383 8 6310 9 6619 
-6.56123 -5.41573   51.441 2 4 12207 17 9447 
-6.11391 -4.80859  49.9206 2 4 12361 17 9566 
 -5.8558 -4.67398  49.9907 2 4 12382 17 9596 
-5.42908 0.757184  49.4037 2 4 13605 17 6313 
-7.68975  3.72206  54.6735 3 4 14110 16 3821 21 3336 
-13.0686  4.66176  55.7599 2 4 14339 17 11027 
-4.64383  6.00621  54.0757 2 4 14350 8 7881 
-6.92099  6.69625  52.8615 2 4 14539 9 8416 
-8.98798  8.90589  53.3446 3 4 14866 9 5539 16 1500 
-6.01892  9.20071  51.6909 2 4 14868 11 7506 
-6.86107  9.58603   51.878 2 8 8403 9 8726 
-10.4538  11.2177   53.181 2 4 15296 8 8718 
-9.75453  12.4516  52.5416 4 4 15608 8 8963 9 9202 14 5526 
-8.07108  12.5972  51.3463 3 4 15620 8 8970 9 9231 
-4.87435  13.3956  50.5301 2 4 15638 11 8180 
-4.98522  13.3766  50.5387 2 4 15643 11 8179 
-9.34569   12.565  52.1811 3 4 15647 14 2258 21 1703 
-9.58567  12.5853  52.3882 3 4 15654 8 8995 9 9233 
-9.13367  12.5791  51.9619 2 4 15655 9 7281 
-4.95189  13.5036  50.5097 2 4 15679 11 8195 
-8.62674  12.7621  51.5867 4 4 15705 14 5549 16 4725 21 4212 
-12.0107  13.0514  54.0953 2 4 15788 14 5719 
-8.71184  13.4612  51.3591 3 4 15857 14 2361 21 1778 
-9.44204  14.9534  53.2906 2 4 16045 17 12457 
-10.2631   15.542  54.0549 2 4 16162 17 12552 
-8.22741  16.1934  51.3223 2 4 16284 17 9214 
-10.963 15.9088 52.1653 2 4 16353 16 5215 
-8.7413 12.6459 51.7822 3 4 16491 8 8996 9 9243 
-6.66151 -5.17056  51.3342 2 4 16750 17 13130 
-6.67277 -5.01151  51.3384 2 4 16775 17 13146 
-5.94465  -4.3962  50.4829 2 4 16872 17 13218 
-5.19569 0.423843  55.0508 4 4 17428 14 7171 16 6188 21 5470 
-7.30913 0.423905  55.3274 2 4 17470 17 10307 
-7.54833 0.779315   55.816 3 4 17507 10 7850 17 10364 
 -8.9981 0.858391  57.2479 2 4 17520 17 13637 
-8.03795  1.25001  55.8615 3 4 17581 10 10493 17 13672 
-13.0708  3.18702  56.0411 2 4 17896 17 13889 
4.27943 7.24198 58.1941 2 4 17947 8 7734 
-13.7455  3.63658  55.3407 2 4 17967 17 13953 
-10.3464  4.81533  56.5995 2 4 17994 17 13981 
-6.35152   3.9262  47.8733 2 4 17999 17 10953 
-14.0322  5.25867  54.7654 2 4 18174 17 14148 
-10.9591  6.15503  55.9821 2 4 18175 8 10496 
-6.73625   6.7033  52.9532 2 4 18201 8 10514 
-6.26733  6.21452  48.5581 2 4 18228 17 11234 
-6.33832  6.14479  48.1535 2 4 18231 17 11239 
-6.17851  6.39516  48.7626 2 4 18235 17 11246 
-6.25577   6.3338  48.5086 2 4 18236 17 11248 
-6.32382  6.33532  48.3131 2 4 18242 17 11255 
-6.35581  6.43008  48.5008 2 4 18246 17 11262 
-12.9088  7.49682  55.7988 2 4 18307 17 14250 
-9.25645  8.01789  53.8719 3 4 18320 14 8031 21 6193 
-12.197 8.09847 55.8124 2 4 18353 17 14288 
-9.20176  8.33239  53.7055 2 4 18360 14 8077 
-5.66543  8.99832  51.4898 2 4 18395 11 9650 
-7.72752  9.00256  52.4837 2 4 18420 9 11007 
-6.9941 9.27892 51.9739 3 4 18462 8 10732 9 11048 
-7.04179  10.9691  51.7336 2 4 18607 8 10840 
-7.41308  10.7274  51.1715 2 4 18615 8 10844 
-9.47162  11.1634  52.8514 3 4 18690 8 10905 9 11191 
-11.9972  11.2021  54.9742 2 4 18698 14 8490 
-5.41012  11.8075  50.9121 2 4 18701 11 9903 
-9.88764  11.8004  54.2585 2 4 18735 17 11902 
-8.16312  11.9969  51.5463 2 8 11006 9 11296 
-8.24677  12.3172  51.5914 3 4 18883 8 11069 9 11361 
-9.25692  12.2234   52.248 4 4 18886 14 8616 16 7464 21 6720 
-8.07171  12.3161  51.4029 3 4 18889 8 9847 9 10148 
-10.4427  12.9248  54.4483 2 4 18928 17 14741 
-8.11884  13.2888  52.9908 2 4 18956 17 12952 
-4.95142  13.5206  50.4975 2 4 18970 11 10113 
-10.7665  13.0264  53.1711 2 4 19027 14 8803 
-10.952 13.0367 53.2819 2 4 19030 16 7666 
-9.73304  13.2551  52.2462 3 4 19061 14 8807 21 6906 
-9.72703  13.7342  52.0387 3 4 19134 14 8876 21 6962 
-7.92661  13.9752  50.8155 2 4 19143 11 8282 
-12.0161   13.958  53.7201 3 4 19169 14 8947 16 7806 
-10.3024  14.2095  52.2062 4 4 19205 14 8936 16 7790 21 7017 
-12.5162  14.8655  53.9082 3 4 19318 14 11048 16 9694 
-12.0193  15.8007  53.0722 4 4 19394 14 9139 16 7964 21 7164 
-9.23199  15.9406  50.8631 3 4 19399 8 11455 9 11758 
-9.23449  12.1734  52.2965 2 8 11053 9 11339 
-7.10659 -4.68914  51.9946 2 4 19698 17 15371 
-5.91099 -4.39295  50.4901 2 4 19736 17 15400 
-5.94209 -4.08866  50.4531 2 4 19797 17 15443 
 -4.991 0.32749 54.8174 2 4 20082 16 8557 
-7.88478  2.55423  55.3621 3 4 20282 10 10562 17 13763 
0.378966  5.73503  54.9411 2 4 20416 8 10294 
-6.04986  4.15676  51.8121 2 4 20427 17 13934 
-13.3802  3.86193  55.6671 2 4 20457 17 15847 
-5.85564  4.04637  48.9819 2 4 20463 17 13965 
4.07585 8.26204 58.4371 2 4 20535 8 10383 
-5.76186  4.94744  50.8925 2 4 20544 17 15923 
-9.15666  5.18737  55.1614 4 4 20554 14 11802 16 10412 17 15928 
-10.5884    5.531  55.9263 2 4 20600 8 12168 
-6.81878  6.03609  53.0114 2 4 20649 9 12545 
-10.6037  6.17292  56.2259 3 4 20673 8 12216 17 16023 
-7.90656  6.71049   54.307 3 4 20704 8 12247 17 16049 
-6.9158   6.647 53.0262 2 8 12249 9 12598 
-6.83951  6.62244  52.8082 2 4 20707 8 12250 
-6.20005  7.19893  53.8475 2 4 20716 8 12257 
-6.18681  6.38461  48.7324 2 4 20735 17 14190 
-6.35024  6.37477  48.3139 2 4 20747 17 14196 
-5.21133  7.55994  50.0827 2 8 10579 17 14231 
-6.48926  7.90472  48.1121 2 4 20877 17 14327 
-7.51093   9.1026  52.4425 3 4 20898 8 10705 9 11022 
-8.77694  9.00954  53.1142 3 4 20909 8 10717 9 11017 
-6.58805  8.33814  48.1925 2 4 20928 17 14376 
-9.6362 9.12039 53.7397 2 4 20938 21 8245 
-6.69104  8.52366  48.1925 2 4 20955 17 14388 
-7.43079  9.94834   51.975 3 4 20985 8 12503 9 12819 
-9.53289  10.5816  53.2605 2 4 21056 9 12858 
-9.93496  10.6658  53.2894 2 4 21077 8 12554 
-5.43409  11.8678  50.8982 2 4 21139 11 11509 
-7.12798  10.6855  48.7187 2 4 21140 17 14553 
-5.89271  11.8466  50.9345 2 4 21145 11 11508 
-8.2956 11.8624 51.7051 3 4 21200 8 12674 9 12983 
-9.52234  11.9819  52.5774 2 4 21221 9 11939 
-7.68551   12.435  51.1979 2 4 21287 11 9990 
-10.9307  12.7903  53.3825 2 4 21365 14 10868 
-10.4072  12.8065  52.9566 2 4 21366 21 8598 
-12.0956  12.9874  54.2128 2 4 21387 14 10914 
-10.3728  13.0698  52.8628 2 4 21396 21 8623 
-11.0037   13.234  53.2386 3 4 21412 16 9572 21 8651 
-10.6741  13.3009  52.9262 4 4 21418 6 2259 14 10916 21 8652 
-9.40622  13.3796   51.919 4 4 21427 14 10897 16 9543 21 8633 
-10.7642  15.0873  54.7655 2 4 21519 17 16696 
-8.35602   14.555  50.7265 2 4 21535 9 13256 
-12.2986  15.7522  53.3752 3 4 21618 16 9722 21 8782 
-8.12718  12.1654  51.7436 2 4 21661 9 13003 
-8.47508  12.0649     51.6 3 4 21662 8 12704 9 13008 
-7.21727 -4.70627  52.0385 2 4 21745 17 16969 
-5.95699 -4.31316   51.338 2 4 21766 17 16986 
-6.43722  2.29003   51.198 2 4 22013 17 17116 
-9.4779 5.20212 55.4721 4 4 22133 9 12460 16 10417 21 9375 
-9.0286 5.33046 54.8018 4 4 22141 14 11816 16 10427 21 9394 
-6.53631  6.08656  52.6474 3 4 22173 8 13376 17 17234 
-4.98515  6.37434  50.2862 2 8 12243 17 16046 
-7.89188   6.7754  54.3734 2 4 22192 8 13388 
-6.69853  8.20512  52.2138 2 4 22248 16 9054 
-9.23151  8.08257  53.7223 4 4 22254 8 13435 9 13739 14 13108 
-6.15945   8.1493  48.7806 2 4 22276 17 16213 
-9.6741  9.2784  55.875 2 4 22278 8 13458 
-9.51106  8.90373  53.7115 3 4 22286 17 17327 21 9607 
-6.61181  9.59764  51.9987 2 4 22307 9 13779 
-9.67763  9.70534  53.5206 2 4 22320 14 12105 
-9.33651  9.83429  53.1322 4 4 22325 14 12112 16 10705 21 9661 
-7.35528  10.2296  51.8011 5 4 22330 8 13513 9 13800 10 13644 18 17429 
-4.89555  10.8505  51.1094 2 4 22335 11 12371 
-7.75614  10.9833  51.7196 3 4 22365 8 12585 9 12896 
-9.32436  10.9564  52.8461 2 8 12588 9 12894 
-5.82325  11.6363  51.0629 2 4 22378 11 12405 
-11.314  11.498 54.2432 4 4 22404 6 2897 14 12298 21 9831 
-9.24976  11.5557   52.517 3 4 22405 8 13584 9 13852 
-11.761 11.5511 54.5485 4 4 22409 14 12316 16 10888 21 9847 
-10.6971  11.5868  53.7237 3 4 22410 16 10863 21 9828 
-10.101 11.6068 53.1888 3 4 22411 16 10858 21 9817 
-8.35616  11.8539  51.7535 4 4 22416 14 12276 16 10849 21 9812 
-10.6724  13.2996  52.9815 3 4 22512 14 12452 21 9971 
-11.8889  14.2819  53.6972 3 14 12532 16 11095 21 10040 
-10.3844  14.3493  52.3179 4 8 12930 14 12518 16 11068 21 10028 
-8.79203  5.22012  54.6951 3 4 22615 8 13773 9 14054 
-5.04876   5.2702  52.6569 2 10 13460 17 17190 
-9.01359  4.85569  54.9879 7 6 3553 8 13886 9 14170 10 13973 14 13575 16 12066 21 10909 
-10.1953   5.0003  55.9188 2 4 22838 17 17763 
-6.12429  4.79786   49.397 2 4 22858 17 17213 
-8.68659   5.8224  54.4366 3 4 22878 14 13049 21 10468 
-8.36575  6.10066  53.9356 2 4 22889 9 14224 
-8.31148  6.31962   53.947 3 4 22898 14 13069 21 10490 
-8.37001  6.40435  53.8451 2 8 13937 9 14227 
-6.13082  5.89205  49.1865 2 4 22903 17 17243 
-11.5582  6.43146  56.0787 2 4 22908 17 17798 
-6.32252  5.98839  48.5222 2 4 22909 17 17248 
-6.35053  7.28217  48.5763 2 4 22941 17 17291 
-10.1147  7.99592  54.5792 3 4 22943 6 3306 21 10526 
-10.0991  9.01188  53.6767 2 4 22985 9 14283 
-9.34402    9.222  53.4085 2 4 22989 9 14057 
-6.56736  8.60385  48.2338 2 4 22991 17 17344 
-7.44997  9.62743  52.1135 3 8 14007 9 14292 10 14095 
-7.21882  9.80467  51.5675 2 4 23007 9 14302 
-9.50207  10.1203  53.1342 4 6 3337 14 13167 16 11687 21 10577 
-7.13102  10.8806  51.5257 2 4 23039 9 14321 
-9.80604   10.762  53.2811 2 8 14033 9 14319 
-10.5268  11.2019  53.8448 7 4 23053 6 3362 8 13556 9 13829 14 13224 16 11740 21 10628 
-10.9662  11.3366   54.109 4 4 23058 14 13233 16 11749 21 10637 
-9.50748  11.4671  52.7804 4 4 23065 14 13229 16 11742 21 10634 
-9.73159  11.8279   53.596 2 8 13586 17 17433 
-9.77939  11.8368   52.484 3 4 23087 8 13784 9 14059 
-10.9386  12.4907   53.559 3 4 23105 6 3402 21 10680 
-11.0534  12.7949  53.4151 2 4 23119 21 10693 
-10.5388  12.9754  53.0634 3 4 23125 14 13299 21 10696 
-10.689 13.3672  53.004 3 4 23132 14 13312 21 10707 
-9.59555  13.4115  52.0178 2 4 23133 9 14061 
-10.2061  13.9649  52.2321 4 4 23146 14 13325 16 11836 21 10717 
-10.4526  7.42862  55.1838 4 4 23190 14 13637 16 12124 17 17808 
-10.773 7.52066 54.9122 2 4 23255 8 14155 
-7.7886 10.7132  51.621 2 4 23286 9 14520 
-10.0834  11.0008  53.6278 4 8 14039 9 14326 16 12203 21 11048 
-5.54638   11.596  51.0499 6 4 23290 10 14295 11 13113 13 16572 18 18115 22 16797 
-10.5318  11.1393  53.8569 5 4 23292 6 3652 14 13729 16 12210 21 11058 
-9.81736  11.6371  53.1198 3 14 13738 16 12217 21 11068 
-5.15805  5.39273  51.3567 2 8 14192 17 18058 
-10.5461  11.0819  53.8141 5 4 23365 6 3808 14 13955 16 12440 21 11288 
-11.0805   11.819   53.973 3 14 13961 16 12450 21 11296 
-8.88606  12.7183  51.8194 3 4 23403 8 14328 9 14602 
-8.81293  12.3835  51.9699 3 4 23406 8 14325 9 14605 
-10.421 2.67658 56.8502 2 4 23939 17 18726 
 -6.4431 -3.68225  51.5204 2 4 25194 17 20265 
-7.12601  2.30837  54.3362 2 4 25426 17 20252 
-10.4694  15.3458  54.3936 2 4 25434 17 20038 
-9.89441  16.7853  53.4781 2 4 25503 17 20212 
-8.87804  12.4063  51.8716 2 4 25505 9 16253 
-5.25423 -4.57547  48.5819 2 4 25651 17 20547 
-11.2485  14.6971  53.0893 2 4 25678 8 15709 
-7.74518  1.78075  55.5984 2 4 26084 17 20583 
-1.63851  2.08683  53.3151 2 5 2411 19 1098 
-1.55054  2.11021  53.4035 2 5 2412 19 1099 
-1.67216  2.09349  53.2688 2 5 2415 19 1101 
-9.88825  10.0766  53.6205 2 5 3236 7 154 
-3.14366  11.9773  51.5231 2 5 3419 19 1992 
-8.30536  14.1739  50.7332 2 5 3629 11 5382 
 6.50729 -3.66148  57.6321 2 5 4060 19 113 
 6.12719 -3.60721  57.4636 2 5 4086 19 2695 
 5.47677 -3.36983  57.2239 2 5 4156 19 2748 
0.192672  0.84443  53.8528 2 5 5020 19 878 
0.369828 0.881019  53.9829 2 5 5021 19 876 
-0.0140237   0.927601    53.8213 2 5 5033 19 902 
-3.04095  3.50146  52.9827 2 5 5543 19 1292 
-2.27261  4.21042  52.8395 2 5 5652 19 1362 
-2.16193  4.22214  52.8217 2 5 5653 19 1363 
-3.31701  7.72782  51.8914 2 5 5954 19 1697 
-2.94024   7.7972  51.8114 2 5 5963 19 1701 
-3.49217  8.15631  51.7349 2 5 6002 19 1720 
-9.71557  9.32791  53.7931 2 5 6066 7 1418 
-7.75572  9.14889  52.6835 2 5 6070 7 1419 
-3.37581  9.07526  51.5303 2 5 6074 19 1770 
-7.32236  9.49269  52.3475 2 5 6109 7 1452 
-9.85248  9.98422  53.5892 2 5 6122 7 1460 
-2.82805  9.88281  51.4175 2 5 6142 19 1821 
-4.69886  11.3158  50.9838 2 5 6294 19 1937 
-3.14887   11.909  51.4926 2 5 6343 19 4581 
-3.76321  12.8223  50.3165 2 5 6540 7 1745 
-6.79501   14.807  49.9956 2 5 6845 19 2310 
-6.45579  15.3951  49.8489 2 5 6914 19 2353 
-6.33234  15.4063   49.809 2 5 6918 19 2358 
  6.9953 -3.77177  57.8948 2 5 7408 19 5504 
 7.47713 -3.25981  58.4612 2 5 7494 19 5552 
-1.73929 -2.88851  56.4581 2 5 7828 19 3007 
0.0984328 -0.558945   54.4007 2 5 8117 19 3240 
-0.441177   1.04129   53.8432 2 5 8333 19 3462 
-0.379104   1.23747   53.8484 2 5 8359 19 3491 
-6.56981   2.7152  55.0997 2 5 8603 19 3741 
-1.07568  5.26381  53.4947 2 5 8848 19 6593 
-1.74395  5.20484  52.7012 3 5 8865 11 7008 19 6610 
-3.17314  7.37505  51.8818 2 5 9064 19 6821 
-5.14885  7.29127  51.8433 2 5 9066 11 7258 
-3.21206  7.43728  51.7661 2 5 9067 19 6828 
-2.85916  7.98087  51.9398 2 5 9102 11 4370 
-9.50114  9.19716  53.7278 2 5 9183 7 3448 
-7.91978  9.07514  52.7395 2 5 9187 7 3453 
-7.6348 9.10056 52.5594 3 5 9192 7 3458 19 4322 
-3.2807 9.69259 51.2698 2 5 9250 19 7074 
-14.4065  12.1603  62.1136 2 7 3507 11 7582 
-3.32228  9.77466  51.2203 2 5 9257 19 7084 
-3.24301  11.0694  51.1263 2 5 9368 11 7724 
-3.65379  12.6157  50.7188 2 5 9551 11 8012 
-4.73165  13.5272  50.4526 2 5 9696 7 3856 
-3.77211  14.4672  50.5588 3 5 9813 7 5429 11 10198 
-4.48334  15.5505  50.4362 2 5 9926 19 7708 
 7.17783 -3.82349  58.0966 2 5 10257 19 7924 
 6.11885 -3.76964  57.2185 2 5 10276 19 7937 
-3.02482  2.77199  53.2895 2 5 10940 19 6366 
-1.91129  5.54235  52.7476 2 5 11150 7 3229 
-3.00211  7.22169  51.8505 2 5 11238 19 8629 
-9.67576   9.2392  53.8223 2 5 11315 7 5069 
-7.90372  9.05641  52.7251 2 5 11317 7 5070 
-9.5617   9.457 53.6695 2 5 11323 7 5080 
-7.4075  9.7638 52.0517 3 5 11365 7 5098 19 7075 
-3.28186   9.7817  51.4694 5 5 11366 11 9692 13 12990 18 14483 22 13323 
-7.48972  9.99353  52.0932 2 5 11372 7 5106 
-7.13572  10.0902  51.6565 2 5 11382 19 7107 
-3.12509  10.2403  51.3796 3 5 11386 11 9728 19 8779 
-8.14653  16.7868   67.481 2 5 11467 7 5205 
-4.44253  15.4501  50.8449 2 5 11727 19 9081 
-4.61417  15.8478   50.733 2 5 11756 19 9103 
-7.26622   9.8917   52.056 2 5 11885 7 5101 
-6.71899   3.8178  54.1601 2 5 12438 7 6057 
-1.36256  4.76778  53.2122 2 5 12459 11 10804 
-1.46411  5.16452  53.4861 2 5 12487 19 9681 
-4.92999  4.91614  52.6335 2 5 12516 7 6114 
-5.05118  5.29687  52.7359 2 5 12563 19 8547 
-6.4161 5.97854 53.1277 2 5 12600 7 6197 
-1.41301  7.13099  53.0504 2 5 12657 19 8614 
-1.49416   7.3336  52.9813 2 5 12669 19 8621 
-3.22907  9.50304  51.5306 8 5 12781 7 6390 11 11259 12 7938 13 14769 18 16276 19 9965 22 15077 
-7.57173  9.79304  52.2349 2 5 12787 7 6405 
-7.40244  9.99129  52.0621 2 5 12795 7 6418 
-7.11436  10.0796  51.6003 2 5 12803 19 8771 
-7.63589  16.8869  67.8512 2 5 12865 7 6538 
-3.07975  11.9646  51.5774 2 5 12883 19 8863 
-3.34054  12.8855  51.2689 2 5 12935 19 8932 
-3.45675  13.0056  51.0952 2 5 12943 19 10159 
-5.66851   13.851  50.5808 2 5 12989 7 6718 
-5.87367  17.3102  50.6415 2 5 13113 19 10349 
-4.56105  5.25339  52.7227 2 5 13463 19 9743 
-5.00293  5.27029  52.6589 2 5 13466 7 7210 
-7.24252  16.6265  67.0844 2 5 13602 7 7350 
-6.57036  12.9056  50.9249 2 5 13632 7 7391 
-5.34279  13.7033  50.4159 2 5 13656 7 7427 
-2.82893  7.30414  51.9616 2 5 13732 11 12258 
 7.5448 -2.4296 58.2719 2 5 13769 19 10997 
-5.64799  4.27384  53.4989 2 5 13876 19 10625 
-5.1426 4.88628 52.8397 3 5 13895 7 7673 19 10640 
-4.01991  5.37381  52.4892 2 5 13911 7 7687 
-5.74463  5.72718  53.0258 2 5 13923 7 7698 
-1.68737  6.10923  52.5392 2 5 13926 19 10965 
-4.14886  10.2697  51.1376 2 11 12865 13 16349 
-4.72554  10.7705   51.125 2 5 14029 7 7823 
-8.27765   16.922  68.3689 2 5 14046 7 7840 
-5.95716  11.7889  51.5916 2 7 7845 11 12906 
-5.59448  12.1141  50.9626 8 5 14062 7 7858 9 14347 10 14135 11 12916 13 16383 18 17952 22 16624 
-6.55167  12.8661  50.8489 2 5 14077 7 7876 
-4.43275  16.2485  51.2555 2 5 14112 19 11269 
-4.85427   10.721  51.2237 3 13 16567 18 18112 22 16793 
-3.01152  13.0589  52.3097 2 5 14286 19 11416 
-5.39082  13.8666  50.2571 2 5 14655 19 11597 
-7.14351  14.6911  50.1229 2 5 15389 19 12551 
-4.72655  4.58837  52.9528 3 6 1027 14 7617 21 5785 
-7.41766  8.74636  52.4321 3 6 1213 14 8099 21 6256 
-6.93547  8.84681  52.3093 2 6 1214 14 8096 
-7.3897 8.99775 52.2882 2 6 1234 14 8135 
-10.1139  10.9338   53.193 2 6 1336 14 5248 
-9.54151  12.3827  52.3807 4 6 1430 14 8654 16 7502 21 6755 
-9.31061  12.4572   52.199 4 6 1432 14 8661 16 7505 21 6757 
-9.63622  12.4205  52.5019 4 6 1434 14 8667 16 7512 21 6764 
-9.30282  12.5717  52.1575 4 6 1440 14 8679 16 7525 21 6782 
-9.66022  12.5357  52.4587 4 6 1442 14 8689 16 7532 21 6791 
-9.19578  12.6249   52.036 5 6 1445 8 9001 9 9242 14 8690 16 7533 
-9.39988  12.6393  52.2232 4 6 1450 14 8705 16 7543 21 6804 
-9.74841  12.6357  52.4949 4 6 1456 14 8716 16 7555 21 6820 
-9.65431  13.4501  51.9907 2 6 1513 14 8843 
-7.8067  14.714 50.6398 2 6 1553 16 4973 
-12.0177  14.1131  53.5789 3 6 1580 14 8969 21 7046 
-11.0838  14.9058  52.6013 4 6 1616 14 9044 16 7882 21 7106 
-9.05167  15.7783  50.7548 2 6 1631 14 9081 
-10.8304  15.3489  52.2831 4 6 1632 14 9082 16 7917 21 7128 
-11.0097  15.9152  52.1486 3 6 1654 14 9128 21 7156 
-10.6547  16.9915   51.897 3 6 1682 16 8017 21 7210 
 -10.72 17.1182 51.8804 4 6 1685 14 9219 16 8029 21 7220 
-3.1626  -4.172 58.1039 4 6 1850 14 9610 16 8392 21 7538 
-5.49575  4.05347   53.384 2 6 1914 21 7834 
-5.22514  4.14311  53.0769 4 6 1915 14 10047 16 8774 21 7841 
-4.86118  4.59771  52.7889 3 6 1926 14 10081 21 7863 
-5.08644  4.74393  52.7429 2 6 1930 21 7877 
-3.79342  5.76049  52.0443 3 6 1959 14 10172 21 7941 
-8.06243  5.78337  54.2156 2 6 1973 21 7986 
-9.27879  5.69231   54.242 2 6 1977 21 8000 
-9.96443  7.37848  54.4831 2 6 2015 21 8106 
-6.62101  8.19395  52.2187 3 11 9578 14 10367 21 8129 
-6.84432  8.30001  52.2894 4 6 2035 8 12363 14 10375 21 8140 
-7.2819 8.99945 52.2947 4 6 2057 9 12741 14 10432 21 8199 
-7.01103  9.27878  52.0174 5 6 2072 11 9672 14 10450 16 9148 21 8222 
-7.09729  9.70994  52.0212 2 6 2087 16 9182 
-7.08319  10.2277   51.838 2 6 2097 16 9208 
-9.26136  12.2238  52.2399 4 6 2184 14 10765 16 9421 21 8518 
-9.31041  12.4037  52.2286 3 6 2193 16 9442 21 8535 
-9.32845  12.5575  52.1539 4 6 2203 14 10803 16 9458 21 8554 
-9.7124 12.5106 52.4618 3 6 2204 14 10809 21 8556 
-10.2885  14.3608   52.138 4 6 2296 14 10990 16 9633 21 8713 
-11.7546  14.2283  53.3815 3 6 2301 16 9648 21 8724 
-11.4959   14.745  53.0475 4 6 2321 14 11030 16 9674 21 8745 
-11.2133  14.8393  52.7192 4 6 2322 14 11034 16 9676 21 8747 
-11.0082  15.0188  52.4681 4 6 2324 14 11038 16 9683 21 8753 
-11.1123  15.0876  52.5964 4 6 2326 14 11042 16 9687 21 8758 
-10.9005  15.1734  52.3458 3 6 2329 14 11046 21 8760 
-10.9237  15.9563  52.1982 4 6 2346 14 11081 16 9713 21 8778 
-11.0408       16  52.0026 2 6 2350 14 11090 
-10.7482  16.1458  51.8212 2 6 2351 14 11093 
-13.0181  16.9137  54.5878 3 6 2376 14 11145 21 8818 
-5.26321 -3.92644  58.1718 2 6 2511 21 9077 
-5.24061  4.12593  53.3964 3 6 2542 14 11662 21 9241 
-4.66386  5.08301  52.7665 3 6 2573 14 11718 21 9284 
-3.75788  6.05472  52.1855 2 6 2631 14 11814 
-8.54662  5.94786  54.4405 2 6 2650 16 10464 
-7.99372  6.10995  53.8893 2 6 2656 21 9432 
-4.10078  6.85611  51.7888 2 6 2668 16 8955 
-8.32615  6.41421  53.8675 2 14 10276 16 8974 
-9.81479  7.66047  54.5776 2 6 2733 16 10568 
-9.63877  7.76573  54.2878 2 6 2740 21 9522 
-10.1965  7.86678  54.5945 2 6 2751 21 9543 
-8.22016  8.54807  52.3586 3 6 2780 14 12024 21 9578 
-5.34663  9.23129  51.7345 3 6 2782 14 12019 21 9577 
-8.26204  8.58144  52.4371 3 6 2783 14 12026 21 9579 
-7.63937  9.00682  52.4488 5 6 2790 11 11234 14 12038 16 10633 21 9593 
-7.33779   9.1911  52.1929 4 6 2797 11 11249 14 12047 21 9601 
-7.14782  9.32974  52.0591 4 6 2800 11 11261 14 12053 21 9606 
-9.76885   8.9465  53.9763 3 6 2802 16 10653 21 9612 
-9.42773  9.12526  53.5177 4 6 2808 14 12073 16 10662 21 9621 
-9.85796   9.1619  54.0178 3 6 2810 16 10670 21 9626 
-6.94315  9.76044  52.0544 2 6 2814 16 10674 
-7.07634  10.2673  51.8575 2 6 2822 16 10702 
-10.8194   11.384  54.0136 3 6 2877 14 12270 21 9809 
-9.41054  11.9684  52.4805 6 6 2907 8 12692 9 12993 14 12317 16 10878 21 9844 
-9.41909  12.3359  52.2211 4 6 2928 14 12359 16 10921 21 9886 
-9.05424  12.4157  51.9469 4 6 2929 14 12360 16 10922 21 9887 
-11.0822  12.7422  53.3663 3 6 2969 14 12420 21 9943 
-10.7663  14.4373  52.6396 4 6 3037 14 12530 16 11084 21 10038 
-11.7748  14.1854  53.3456 2 6 3038 14 12529 
-11.2471  14.4739  53.0305 3 6 3043 14 12535 16 11098 
-11.2955  14.6525  52.9275 4 6 3052 14 12551 16 11108 21 10055 
-11.3037  14.9145  52.8993 3 6 3054 14 12557 16 11118 
-7.8574 18.3882 49.9196 2 6 3104 14 12650 
-2.83027 -5.38988  60.3953 2 6 3158 21 10254 
-2.66077 -5.33644  59.9221 2 6 3159 21 10259 
-2.72295 -5.20016  59.5391 2 6 3162 21 10264 
-3.8134 -5.0009 59.8772 2 6 3165 21 10270 
-2.84664 -4.67023  59.3359 2 6 3172 21 10280 
 -3.4493 -4.38001  58.7429 2 6 3181 21 10296 
-5.95608  3.92751  53.5752 3 6 3210 14 12963 21 10391 
-5.69333  4.11954  53.3133 4 6 3214 14 12968 16 11521 21 10395 
-5.01097  4.82265  52.8303 3 6 3222 14 12981 21 10406 
-5.36277  5.13192  52.4568 3 6 3231 14 12998 21 10423 
-5.02953  5.28987  52.9657 3 6 3233 14 12997 21 10422 
-5.61965  5.55106  52.6374 3 6 3252 14 13021 21 10446 
-6.51989  5.85882  53.0681 3 14 13042 16 11577 21 10463 
-3.98006  6.27382  52.0477 2 6 3258 21 10462 
-4.94499  7.40991   51.921 3 6 3278 16 10513 21 10795 
-5.67848  7.90454   51.804 2 6 3289 21 10509 
-5.42311  9.41684  51.6481 3 6 3316 14 13120 21 10535 
-8.71618  8.91341  53.1175 4 6 3320 14 13127 16 11649 21 10544 
-9.1901 9.09191 53.3565 4 6 3326 14 13135 16 11662 21 10551 
-7.60133  9.57629  52.0908 3 6 3329 14 13143 21 10557 
-9.23667  9.54269  53.1511 4 6 3331 14 13148 16 11674 21 10565 
-7.40262  9.87692  51.8185 3 6 3333 14 13149 21 10562 
-9.90659  10.5703  53.3177 3 6 3344 16 11705 21 10601 
 -8.662 11.1677 52.9705 3 14 13199 16 11715 21 10607 
-10.2074  11.2939  54.2441 3 6 3359 14 13216 21 10623 
-10.6516  11.7004   53.803 4 6 3376 14 13245 16 11762 21 10649 
-11.5527  11.6286  54.1914 3 6 3384 14 13255 21 10658 
-10.6526  14.4661  52.3505 4 4 23159 6 3442 16 11854 21 10727 
-11.2914  14.3894  53.0672 2 6 3443 14 13340 
-11.1749     14.7  52.9361 2 6 3446 16 11860 
-6.52052  18.0704  50.1004 3 6 3461 14 13377 21 10747 
-5.27858  3.98366  52.9836 3 6 3498 16 11936 21 10791 
-6.85196  3.68794  54.4209 3 6 3530 14 13546 21 10887 
-5.38526  4.72674  52.8308 2 6 3539 21 10892 
-5.33665  5.20711  52.9888 3 6 3550 14 13571 21 10904 
-4.52292  5.64524  52.2943 3 6 3562 14 13589 21 10920 
-5.55198  5.61459   52.584 3 6 3565 14 13593 21 10926 
-4.1907 6.19356 52.0301 2 6 3575 21 10935 
-6.76227  6.48884  53.0285 4 6 3586 11 12764 14 13619 21 10952 
-3.84206  7.25332  52.0657 3 6 3589 14 13622 21 10955 
-5.3779 7.77347 52.1017 2 6 3596 14 13628 
-9.49446  7.85982  54.0331 4 6 3609 14 13644 16 12129 21 10978 
-10.4798  7.98848   54.465 2 6 3614 21 10982 
-7.18269  9.22986  52.1398 3 6 3621 14 13664 21 10997 
-8.02889  9.42525  52.1352 2 6 3627 21 11003 
-9.19179  9.49258  53.1091 4 6 3630 14 13674 16 12161 21 11008 
-9.49791  9.81438  53.3023 4 6 3632 14 13683 16 12169 21 11013 
-9.81631  10.6525  53.3169 3 14 13711 16 12194 21 11044 
-10.5041  11.0804  54.2646 3 6 3649 14 13723 21 11053 
-11.1122  11.6098  53.7709 3 6 3664 14 13746 21 11076 
-11.3966  11.6936  54.1283 6 6 3668 10 14121 14 13750 16 12231 18 17934 21 11079 
-10.8462  12.1453  53.3384 3 6 3675 14 13756 21 11087 
-7.00742   3.8735  54.4868 2 6 3768 21 11225 
-5.18036  4.49741  53.3223 4 6 3769 14 13897 16 12393 21 11227 
-7.02192  5.75756  52.9665 3 6 3779 14 13907 21 11242 
-9.43071   7.7522  54.0431 4 6 3789 14 13924 16 12418 21 11259 
-5.80586  9.77902  51.5664 3 6 3798 14 13934 21 11269 
-10.2149  11.0991  53.2427 3 6 3809 14 13956 21 11289 
-7.38254  3.90444  54.3696 2 6 3844 21 11336 
-10.8398   15.886  52.1411 3 6 4050 16 13556 21 12331 
-1.48052  1.99758  53.3455 2 7 912 19 3596 
-2.10816  3.93391  52.7413 4 7 1132 13 5912 18 6759 22 6143 
-2.15399  4.03358  52.7315 4 7 1137 13 5924 18 6779 22 6159 
-5.43047  9.19241  51.4188 2 7 1436 19 7038 
0.277083 -1.84425  54.9786 2 7 2591 18 10067 
0.173927 0.858043  53.9817 5 7 2793 11 6630 13 9262 18 10455 22 9501 
0.299862 0.907711  54.1068 2 7 2794 19 6132 
-1.64775  1.91532   53.022 2 7 2918 11 6745 
-1.4886 1.98946 53.3704 2 7 2919 19 6270 
 -2.239 3.73216 52.7803 3 7 3090 11 6907 18 10988 
-2.05161  3.81374  52.8017 5 7 3098 11 6912 13 9738 18 11002 22 10006 
-2.19598  3.83115  52.7502 4 7 3105 13 9746 18 11008 22 10015 
-3.41672  7.66647  51.7441 2 7 3368 19 6847 
-4.16618  11.9871  50.7407 2 7 3688 11 7912 
-4.08245  12.1035  50.8051 2 7 3698 11 7927 
-3.61551  12.6238  50.7309 2 7 3733 19 7375 
-3.55334  12.7367  50.7673 2 7 3746 19 7384 
-0.604759 -0.586607   54.4765 3 7 4552 18 13625 22 12484 
0.296024  0.93483  54.1314 2 7 4635 19 8254 
-0.323991   0.85131   53.9592 2 7 4636 11 9071 
-0.382645   1.05017   53.5738 2 7 4652 11 9079 
-1.62652  1.77419  53.1317 2 7 4702 11 9117 
-2.5731 2.22518 53.0667 2 7 4735 13 12402 
-2.49092  2.39998  53.0821 4 7 4740 11 9150 13 12407 22 12727 
-0.882065   3.08376   53.2324 2 7 4763 11 9164 
-2.02285  3.77908  52.7865 5 7 4822 11 9218 13 12519 18 14001 22 12842 
-2.2886 3.98216 52.6929 6 7 4837 11 9232 12 6613 13 12541 18 14026 22 12864 
-2.13559  4.08507  52.7331 5 7 4842 11 9235 13 12546 18 14029 22 12871 
-1.96643  4.11684  52.7984 5 7 4843 11 9236 13 12547 18 14030 22 12872 
-5.14114  4.22093  53.2751 2 7 4855 11 9255 
-2.07087  4.68794  52.6568 5 7 4860 11 9260 13 12593 18 14075 22 12917 
-1.91291  4.83468  52.7361 5 7 4865 12 6653 13 12599 18 14086 22 12928 
-1.18313  5.11858  53.2689 2 7 4876 11 9274 
-1.22293  5.21379  53.0354 4 7 4887 11 9287 12 6680 19 8508 
-1.54102  5.80545   52.874 3 7 4927 11 9353 19 8553 
-2.0423 6.75739 52.2874 2 7 4968 19 8607 
-2.92546  10.0113   51.381 2 7 5105 19 8768 
-3.14641  12.1191  51.1491 3 7 5233 11 9916 19 8887 
-3.38354  12.4421  50.8917 3 7 5258 11 9975 19 8912 
-3.18903  12.6259  51.0237 2 7 5264 11 9991 
-3.60845  12.6257  50.8605 3 7 5271 11 9995 19 8924 
-3.13832  12.8273   51.008 2 7 5279 11 10012 
-3.19562  12.8878  50.7479 2 7 5291 11 10026 
-3.71427  14.6923  50.5141 2 7 5445 11 10218 
-3.85515   14.772  50.4448 2 7 5453 11 10227 
-3.76263  17.1885  49.7583 2 7 5589 19 9167 
-0.41972  1.07318   53.551 2 7 5947 11 10708 
-2.37003  2.15918  53.1399 5 7 5995 11 10732 13 14185 18 15751 22 14543 
-4.09023  3.27443  52.8206 2 7 6037 11 10765 
-5.3544 3.61877  53.266 2 7 6053 11 10785 
-2.31869  4.01005  52.6883 5 7 6059 11 10788 13 14262 18 15847 22 14638 
-1.98651  4.37151  52.7576 4 7 6065 11 10797 13 14282 22 14656 
-1.54009  4.75549   52.824 4 7 6072 13 14299 19 9657 22 14675 
-1.88209   4.8028  52.7537 5 7 6075 12 7594 13 14306 18 15885 22 14680 
-1.34972  5.01024  53.3573 2 7 6079 11 10818 
-1.71358  4.94884  52.8314 2 7 6085 13 14316 
-1.59167  5.03083  52.8187 3 7 6091 11 10829 19 9680 
-1.13526  5.16925   53.383 2 7 6092 11 10830 
-2.44537  4.89759  52.4479 6 7 6093 11 10834 12 7615 13 14328 18 15905 22 14700 
-2.14982  4.94398  52.5497 6 7 6094 11 10833 12 7616 13 14324 18 15900 22 14696 
-1.97303  5.08856  52.6656 6 7 6100 11 10840 12 7627 13 14336 18 15909 22 14712 
-1.29508  5.39587  53.1832 2 7 6120 11 10859 
-1.29742  5.49572  53.3511 2 7 6127 11 10867 
-1.44669  5.82434   53.176 2 7 6171 11 10921 
-4.19334  5.49554    52.33 3 11 10944 18 16017 22 14809 
-6.27445  5.79731  52.6916 2 7 6195 11 12228 
-3.4093 7.68652 51.7282 3 7 6279 12 7824 19 9877 
-11.0998  8.24606  54.3608 2 7 6310 11 12285 
-5.47558  9.13953  51.5441 2 7 6371 19 9951 
-3.44901  9.28527  51.4931 5 11 11245 12 7931 13 14757 18 16266 22 15064 
-3.30561  9.59165  51.3311 3 7 6399 12 7946 19 9972 
-3.17339  9.95718  51.3817 3 7 6413 11 11291 19 9993 
-3.61522  9.89061  51.3405 4 11 11290 13 14792 18 16320 22 15104 
-3.37027  10.0302  51.2968 2 7 6424 19 9996 
-4.59316  11.6941  50.6434 2 7 6552 11 11495 
-3.07306  12.2609  50.9812 2 7 6581 11 11531 
-5.40774  12.2178   50.559 2 7 6591 19 10124 
-3.58161  12.5754  51.1596 2 7 6597 11 11556 
-3.53939  12.5898  50.8686 2 7 6603 19 10137 
-3.14401  12.8389  51.0358 2 7 6616 11 11584 
-3.24424  12.9201  50.7658 2 7 6631 11 11595 
-3.72667  14.5432  50.6059 2 7 6759 11 11739 
-4.70989   17.262  49.5157 2 7 6885 11 11920 
-2.00032  3.96073  52.6401 2 7 7164 11 12147 
-5.42453  4.13591  53.2495 2 7 7169 11 12155 
-2.03493  4.50128  52.7191 2 11 12157 13 15654 
-1.77966  4.71895  52.7645 5 7 7175 11 12160 13 15656 18 17253 22 15974 
-2.31757   4.8022  52.5527 6 7 7179 11 12163 12 8510 13 15662 18 17258 22 15978 
-2.06249  5.14907  52.4133 2 7 7191 11 12178 
-1.47711  5.51266  53.1317 2 7 7200 11 12191 
-1.36077  5.82598  53.1975 2 7 7215 11 12210 
-1.74366  5.77953  52.8649 2 7 7216 11 12212 
-1.64933   5.8631  52.8999 2 7 7220 11 12213 
-3.16254  7.82648  51.8524 2 7 7255 19 10720 
-3.15938   9.6434  51.5245 6 7 7302 12 8662 13 15815 18 17407 19 10765 22 16122 
-2.70171  10.6819  51.6155 2 7 7322 11 12349 
-3.23834  12.3993  51.0784 3 7 7373 11 12429 19 10843 
-3.5338 12.5777 50.9059 2 7 7379 11 12435 
-3.13992  12.8587  51.0798 2 7 7383 11 12440 
-3.84873  12.9456  50.8046 2 7 7395 11 12446 
-3.32505   12.936  50.7375 2 7 7396 11 12447 
-4.23681  16.4013  49.9624 2 7 7491 11 12541 
-4.47428  16.6696  49.4848 2 7 7497 11 12548 
-2.09713  5.04087  52.7201 2 7 7667 13 16234 
-1.44618  5.45264  53.1063 2 7 7677 11 12702 
-1.48397   5.7527  53.1385 2 7 7688 11 12719 
-1.65735  5.84293  52.9215 2 7 7692 11 12724 
-3.91794  10.2063  50.9163 2 7 7808 19 11190 
-4.04672   12.341  50.6571 2 7 7865 11 12925 
-3.43278  15.0965  50.7126 2 7 7918 11 12974 
-4.26592   16.458  49.9968 2 7 7934 11 12993 
-4.10146   16.509  50.0234 2 7 7935 11 12994 
-4.56906  16.6602  49.5235 2 7 7940 11 13000 
-4.76071  17.4737  49.3095 2 7 7948 11 13009 
-1.5514 5.21062  52.884 2 7 8009 11 13046 
-5.45905  5.85538  52.7256 2 7 8022 11 13060 
-3.37423  8.59285  51.6929 3 7 8045 12 9226 19 11344 
-3.70376  9.66192  51.4606 2 7 8059 11 13096 
-2.71628  10.8472  51.6349 2 7 8068 11 13102 
-3.6259 13.9173 50.5178 2 7 8097 11 13136 
-3.65843  14.5875   50.694 2 7 8100 11 13137 
-4.71762  16.6903  49.6141 2 7 8108 11 13144 
-3.85313   9.6833  51.5342 2 7 8156 11 13179 
-2.98571  3.32994  52.7604 2 7 8433 11 14322 
-3.90801  2.43714  53.2764 2 7 8704 11 14924 
-5.80637 -4.54287  55.0089 2 8 34 17 307 
-5.20654 -3.68499  58.7412 2 8 67 9 67 
-7.25589 -3.94369  56.3834 2 8 69 17 423 
-5.16636 0.477334  54.8812 2 8 269 9 237 
-4.83347 0.737293  54.4346 2 8 302 9 274 
-4.93878 0.839158  54.4791 2 8 315 9 288 
-8.87518 0.760908  56.5881 2 8 327 9 311 
-4.83852  1.08942  54.3084 2 8 348 9 327 
-4.91553  1.51735  54.1562 2 8 423 9 386 
-4.76067  1.61373  54.0213 2 8 431 9 400 
-4.60278  1.91467  53.7701 2 8 472 9 434 
-10.0923  1.91903  58.0488 2 8 488 9 446 
-10.306 1.98111  58.158 2 8 502 9 462 
-10.6283  2.40867  58.2108 2 8 555 9 515 
-6.85961  2.43014  54.8354 2 8 558 9 521 
-6.69864  2.47035  54.7722 2 8 562 9 524 
-9.80886  2.57211  56.6576 2 8 606 9 566 
-10.0234  3.01835  56.8176 4 8 676 14 1156 16 897 21 723 
-10.0082  3.07292  56.7135 2 8 688 9 646 
-2.26196  3.71818  52.7266 2 8 699 9 4906 
-11.1862  3.34693   58.533 2 8 710 9 671 
-11.1494  3.42201  58.5411 2 8 716 9 682 
-7.71023  3.62805  54.7083 4 8 756 9 746 14 1235 21 779 
-5.26727  4.03263  53.3154 3 8 786 9 795 10 1083 
-8.56867   3.9128   55.146 2 8 820 9 815 
-10.0579  3.99509  56.3683 2 8 859 9 848 
-5.02279  4.27607  53.0539 2 8 864 9 881 
-9.62333   4.0685  55.8557 2 8 882 9 879 
-4.95526  4.35175  52.9958 2 8 887 9 903 
-10.2982  4.12707  56.5409 2 8 896 9 895 
-8.92335  4.70626  55.9066 2 8 995 17 6935 
-11.5076  6.83234  56.7351 2 8 1392 9 1427 
-5.12338  6.98386  49.8772 2 8 1450 17 2624 
-5.23569  7.43018  50.2309 2 8 1502 17 2681 
-5.27728  7.79295  50.1678 2 8 1544 17 2724 
 -11.88 8.33631 56.4354 2 8 1617 16 1479 
-6.83585  9.33626  51.8726 2 8 1773 9 1863 
-8.72844  9.79856  53.8602 2 8 1825 17 3032 
-8.85814  10.2975  53.7362 2 8 1895 17 3088 
-11.8423  10.5217  55.2164 2 8 2002 14 2024 
-11.5953  10.6847  54.8323 2 8 2035 9 2090 
-11.5542  10.6982  54.7924 2 8 2039 9 2092 
-11.563 11.0493 54.6032 5 8 2135 9 2211 14 2106 16 1737 21 1589 
-8.98303  11.3649  53.2695 2 8 2139 17 3299 
-12.0095  11.1019  55.0389 2 8 2142 9 2214 
-12.0468  11.2608  54.9588 2 8 2177 9 2259 
-11.6107  11.6396  54.3504 2 8 2268 9 2395 
-12.2914  11.9199  54.9618 2 8 2303 9 2448 
-7.79989   12.541  51.2589 2 8 2393 9 2615 
-12.2297  12.4002  54.6458 2 8 2403 9 2563 
-8.34543  12.5757  51.5174 2 8 2415 9 2637 
-8.00244  12.8621  52.0029 2 8 2421 17 3599 
-11.3613  12.5362  53.8129 2 8 2438 9 2613 
-11.9581  12.9255  54.1249 2 8 2525 9 2710 
-12.0069   12.966  54.1294 2 8 2533 9 2720 
-8.41449  13.1253  51.3342 2 8 2536 9 2767 
-8.24349  13.8068  51.9256 2 8 2614 17 3775 
-8.24863  13.9641  51.8721 2 8 2649 17 3804 
-11.9585   13.905  53.6468 2 8 2715 9 2948 
-11.8974  14.0991    53.55 2 8 2744 9 2985 
-8.1743 14.3434 50.8174 2 8 2752 9 3040 
-9.86046  14.6723  52.8913 2 8 2778 17 3918 
-13.4325  14.6585  55.4879 2 8 2825 9 3016 
-6.90898  14.4201   48.651 2 8 2881 17 3993 
-4.91875  16.1448  50.4972 2 8 2981 9 3286 
-7.17519  14.9905  49.4619 2 8 2994 17 4097 
-11.117 14.9721 52.6103 2 8 3016 9 3233 
-8.58546  15.2258  50.6596 2 8 3027 9 3301 
-11.1655  15.1718  52.5383 2 8 3046 9 3287 
-8.68066  15.3593  50.6442 2 8 3056 9 3326 
-8.82461  15.6591  50.6328 2 8 3104 9 3385 
-8.81355  15.7131  50.5963 2 8 3115 9 3405 
-8.73105  15.7868  50.5504 2 8 3124 9 3418 
-10.8262  15.7425  52.1123 2 8 3144 9 3401 
-8.81975  15.8699  50.5802 2 8 3153 9 3433 
-11.3839  17.2243   52.407 2 8 3395 9 3693 
-8.73217  17.8014  50.4691 2 8 3465 9 3827 
-11.1869  18.1009  52.1507 2 8 3545 9 3886 
-11.1404  18.2042  52.0751 2 8 3565 9 3898 
-10.8037  18.2803  51.7619 2 8 3574 9 3922 
-10.9448  18.3108  51.8445 2 8 3583 9 3928 
-10.7325  18.3988  51.7125 2 8 3593 9 3946 
-3.27082 -5.25679  60.2511 2 8 3683 9 4071 
-3.15517 -5.04577  59.6564 2 8 3698 9 4086 
-1.33683  -4.5314  57.9439 2 8 3734 9 4116 
-5.92822 -4.50968   54.982 2 8 3780 17 5127 
-4.10703 -4.16043  58.8683 2 8 3782 9 4169 
-5.95788 -4.15064  59.7921 2 8 3793 9 4184 
-6.30296 -3.98298  59.8068 2 8 3817 9 4214 
-4.88699  -3.9189   58.865 2 8 3820 9 4215 
 -4.3896 -3.89557  58.6238 2 8 3821 9 4212 
-4.76476 -3.82565   58.814 2 8 3837 9 4224 
-8.76996 -3.03041  60.5526 2 8 3920 9 4312 
-8.47346 -2.90788  59.8283 2 8 3935 9 4327 
  -4.95906 -0.0391219    54.8807 2 8 4136 9 4489 
-5.01744  0.01989  54.9043 2 8 4143 9 4495 
-9.01161  -0.0172  57.5924 2 8 4152 16 3328 
-9.03577 0.236648  57.4852 3 8 4180 14 3986 16 3345 
 -5.1313 0.405835  54.8647 2 8 4183 9 4528 
-5.09093 0.650651  54.7448 2 8 4211 9 4551 
-10.6205 0.851755  60.0528 4 8 4224 14 4048 16 3398 21 2975 
-8.80149 0.611406  56.5818 2 8 4227 9 4571 
-10.0026  1.27838   58.118 2 8 4309 9 4668 
-8.76093  1.34621  56.2211 2 8 4328 9 4682 
-4.82871  1.60602  54.0615 2 8 4334 9 4689 
-10.1124  1.81753  58.0304 2 8 4361 9 4709 
-4.28023  2.60122  53.2881 2 8 4414 9 4768 
-4.43432  2.86816  51.3191 2 8 4478 17 6621 
-10.0028  2.93477  56.8091 2 8 4483 9 4860 
-10.0775  3.11782  56.7985 2 8 4511 9 4891 
-10.1079  3.15003  56.9197 3 8 4515 14 4454 16 3754 
-8.13898  3.36144  55.2034 2 8 4543 9 4930 
-11.2073  3.62559  58.6165 2 8 4563 9 4955 
-11.3543   3.7471  58.7268 2 8 4571 9 4968 
-11.2486  3.75092  58.6296 2 8 4572 9 4969 
-7.7882 3.66241 54.7531 5 8 4577 9 4978 14 4520 16 3816 21 3331 
-10.0103  3.92531  56.3492 4 8 4619 9 5024 14 4569 16 3869 
-9.59362  3.94776  55.9117 2 8 4624 9 5033 
-10.1918  4.34768  56.4204 5 8 4665 9 5076 14 4612 16 3905 21 3415 
-4.92325  4.65065  52.8292 2 8 4671 9 5089 
-10.3003  4.50474  56.5829 2 8 4678 17 6927 
-8.30073  5.82087  54.0489 2 8 4829 9 5239 
-5.08455  6.87752  50.0464 2 8 4933 17 7210 
-11.5461  7.24353  56.6141 2 8 4950 14 4844 
-11.5897  7.35648   56.549 2 8 4965 9 5356 
-5.11961   7.2029  49.9719 2 8 4969 17 7248 
-12.0241  7.97465  56.8976 2 8 5020 9 5402 
-8.76668  8.27254  54.5179 2 8 5034 17 7343 
 -12.06  8.3243 56.7296 2 8 5068 9 5439 
-8.92775  8.78025  53.3266 2 8 5163 16 1486 
-5.41824  8.71864  49.5794 2 8 5177 17 7496 
-9.75092  9.01515  53.9485 2 8 5210 9 5564 
-9.82615  9.19548  53.8408 2 8 5237 9 5587 
-8.63498  10.1793  53.5919 2 8 5298 17 7646 
-11.8832  10.0187  55.5957 2 8 5307 17 7662 
-9.03505  10.3801   53.773 2 8 5327 17 7679 
-5.87017  10.3798    49.66 2 8 5383 17 7724 
-11.6725  10.5311  55.0149 2 8 5405 9 5708 
-12.6151  10.7806  56.4544 2 8 5414 9 5710 
-12.6815  10.8058   56.522 2 8 5421 9 5715 
-7.88426  11.1036  52.3784 2 8 5465 17 7812 
-8.45157  11.2344  53.2783 2 8 5467 17 7813 
-11.8993  10.8902  54.9896 2 8 5485 9 5769 
-7.44593  11.3734  52.0883 2 8 5521 17 7859 
-9.8522 11.0625 53.2328 2 8 5524 21 3938 
-11.6186  11.1195  54.6465 2 8 5552 21 3997 
-12.1373  11.2807  54.9997 2 8 5590 9 5842 
-9.68035  11.9698  53.6714 2 8 5661 17 8015 
-6.05031  11.5987  49.0168 2 8 5670 17 8017 
-10.5613  11.8661  53.4898 2 8 5695 9 5978 
-8.72008  12.2008  52.6144 2 8 5713 17 8061 
-12.1155  11.9642  54.7746 2 8 5723 9 5988 
-8.0965 12.2786  51.935 2 8 5733 17 8084 
-12.1334   12.243  54.6291 2 8 5792 9 6060 
-7.73689  12.4194  51.2011 4 8 5795 9 6115 10 6281 18 8122 
-7.77251  12.6613  51.8418 2 8 5806 17 8149 
-7.83939   12.716  51.9247 2 8 5813 17 8159 
-9.26248  12.7197  53.1754 2 8 5816 17 8168 
-8.98214  12.6902  52.8199 2 8 5818 17 8169 
-8.02714  12.4952  51.3427 2 8 5819 9 6137 
-8.21934  12.4901  51.3851 4 8 5825 9 6147 10 6297 18 8137 
-8.68568  12.8502  52.7008 2 8 5839 17 8197 
-8.15873  12.8809  52.3306 2 8 5844 17 8193 
-8.03033  12.8735  52.0957 2 8 5851 17 8203 
-8.91949  12.5524  51.8894 2 8 5854 9 6165 
-9.97228  12.5334  52.7124 2 8 5863 16 4741 
-8.67926  12.5907  51.6942 2 8 5864 9 7282 
-8.62386   12.925  52.5709 2 8 5870 17 8223 
-11.3007  12.5571   53.842 2 8 5872 9 6139 
-8.00585  12.9166  51.9212 2 8 5879 17 8229 
-8.51455  12.9889  52.5468 2 8 5883 17 8232 
-8.4668 12.9911 52.4497 2 8 5889 17 8239 
-8.39949  12.9733  52.3354 2 8 5890 17 8240 
 -8.498 13.0643 52.4097 2 8 5905 17 8257 
-8.39539   13.051   52.295 2 8 5906 17 8258 
-8.14046   13.084   52.109 2 8 5909 17 8263 
-8.25227  13.1098  52.1696 2 8 5912 17 8270 
-8.45852  13.1225  52.3363 2 8 5918 17 8273 
-8.53955  13.1304  52.4061 2 8 5920 17 8275 
-8.84229  12.8373  51.7364 2 8 5924 9 6235 
-12.0262  12.9036  54.1769 2 8 5943 9 6234 
-6.63146  13.2576  49.5533 2 8 5978 17 8341 
-8.2298 13.7901 51.8573 2 8 6010 17 8385 
-9.43745  13.4884  51.9403 2 8 6017 9 6347 
-9.34165  13.8678  52.7908 2 8 6023 17 8407 
-9.76137   13.573  52.1681 2 8 6033 9 6363 
-12.0546  13.5168  53.8642 2 8 6041 9 6345 
-8.21907  13.9827  51.7783 2 8 6042 17 8416 
-9.04609  13.9834  52.4751 2 8 6043 17 8423 
-8.35408   14.007  51.8549 2 8 6049 17 8426 
-6.94344  13.8054  49.8299 2 8 6057 17 8434 
-11.9439  13.7478  53.7872 2 8 6069 9 6383 
-6.8564 13.8893 49.6177 2 8 6070 17 8450 
-6.86646  13.9948  49.5412 2 8 6090 17 8467 
-12.4028  14.0968  53.9444 2 8 6140 9 6437 
-8.09344  14.3562  50.7796 2 8 6143 9 6499 
-8.02329  14.3991  50.7056 2 8 6154 9 6517 
-8.04767  14.4716   50.679 2 8 6173 9 6533 
-13.0157  14.4265   54.816 2 8 6187 9 6465 
-10.8597   14.325  52.6388 2 8 6191 9 6504 
-12.0043  14.3132  53.5784 2 8 6196 9 6483 
-10.8033  14.4418  52.6164 2 8 6220 9 6530 
-11.3592  14.9918  52.8339 2 8 6320 9 6628 
-11.0709  15.0342  52.6317 2 8 6324 9 6634 
-8.5534 15.2227 50.6364 2 8 6331 9 6678 
-11.0111  15.1066  52.5227 2 8 6335 9 6650 
-12.4503   15.267  53.6274 2 8 6359 14 6012 
-8.27576  15.9916  51.1012 2 8 6378 17 8756 
-10.9808  15.5509  52.3195 2 8 6384 9 6720 
-11.8804  15.5945  53.0792 3 8 6389 14 6028 16 5208 
-8.67023  15.8083  50.5184 2 8 6401 9 6777 
-12.7145  15.8964   53.769 4 8 6436 14 6099 16 5262 21 4661 
-12.5918  15.9945  53.5902 2 8 6471 9 6783 
-10.5215   16.333  51.7514 2 8 6538 9 6869 
-8.45054  17.2815  50.2475 2 8 6630 17 8994 
-8.33735  17.3286  50.1712 2 8 6634 17 8996 
-8.67272  17.7052  50.1856 2 8 6698 17 9058 
-11.0057  17.9681  52.0526 2 8 6750 14 6274 
-11.0157  18.0777  52.0069 2 8 6767 9 7134 
-10.9404  18.1215  51.8997 2 8 6775 9 7142 
-9.50709  18.3859  50.7965 2 8 6796 17 9143 
-10.6294  18.3447  51.6408 2 8 6804 9 7178 
-10.6042  18.4187  51.5842 2 8 6813 9 7190 
-10.2976  18.6245   51.218 2 8 6837 9 7218 
-3.19552 -5.02527  59.6475 2 8 6924 9 7320 
-5.96824 -5.30466  54.7985 2 8 6929 17 9455 
-0.757475  -4.67508   57.8001 2 8 6947 9 7334 
-4.15345  -4.6819  59.8606 2 8 6952 9 7346 
-1.28694 -4.53276  57.9393 2 8 6955 9 7348 
 -1.2809 -4.42351  57.7982 2 8 6963 9 7353 
0.555956 -4.24899  56.6911 2 8 6972 9 7359 
-5.12223 -4.20741  59.2775 2 8 6994 9 7393 
-5.91549 -4.50679  54.9681 2 8 6995 17 9589 
-6.10876 -4.16064  59.8588 2 8 7002 9 7403 
-6.12573 -4.06221  59.7767 2 8 7016 9 7417 
-5.79278 -4.03841  59.7802 2 8 7018 9 7418 
-6.30168 -3.99551  59.8164 2 8 7023 9 7428 
-1.54984 -3.78615  56.9427 2 8 7034 9 7423 
-7.10796 -4.17515  55.9783 2 8 7041 17 9680 
-4.96601 -3.82043  58.9321 2 8 7046 9 7445 
 -6.8969 -4.13808  55.9516 2 8 7047 17 9683 
-2.85273 -3.74658  57.8986 2 8 7049 9 7438 
-6.08586 -3.72369  59.5767 2 8 7067 9 7473 
   -5.47 -3.70163   58.915 2 8 7072 9 7476 
-7.06892 -3.99994  56.0802 2 8 7073 17 9723 
-8.13522 -3.70893  60.8462 2 8 7079 9 7492 
-7.02975 -3.51224   59.922 2 8 7097 9 7499 
-8.87024 -3.05648  60.6189 2 8 7125 9 7531 
-8.66746  -2.9314  60.1795 2 8 7136 9 7539 
-8.50437 -2.78751   59.784 2 8 7146 9 7545 
 -10.3186 -0.473996   60.7344 2 8 7251 21 5426 
 -5.00623 0.0292119   54.8963 2 8 7297 9 7651 
 -5.16186 0.0322171   55.0192 2 8 7298 9 7653 
-5.08407 0.535188  54.7761 6 8 7332 9 7692 10 7813 14 7181 16 6194 21 5475 
-4.80475 0.679901  54.4326 2 8 7342 9 7704 
-4.89442 0.833881  54.4604 2 8 7352 9 7714 
-4.79717 0.881791  54.3372 2 8 7359 9 7723 
-4.95457  1.15218  54.4111 6 8 7389 9 7759 10 7861 14 7255 16 6252 21 5514 
-4.9016 1.21711 54.3119 3 8 7401 9 7769 14 7270 
-4.77008  1.27711  54.2175 2 8 7409 9 7777 
-7.83321  1.21318  55.8702 2 8 7416 9 7786 
-8.93699  1.17207  56.5087 4 8 7417 9 7788 14 7297 21 5548 
-8.88954  1.23698  56.3744 2 8 7424 9 7796 
-4.83988   1.6211  54.0646 2 8 7442 9 7807 
-4.60791  1.76852  53.9954 2 10 7931 17 10487 
-10.2233  1.70091  58.1056 2 8 7455 9 7816 
-4.68945  1.84949   53.843 2 8 7457 9 7818 
-4.54387   1.9194   53.675 2 8 7460 9 7823 
-4.69713  1.97311  53.7988 2 8 7467 9 7826 
-4.35341  2.03324  53.5462 2 8 7469 9 7830 
-4.43437  2.29372  53.5142 3 8 7490 9 7847 10 7970 
-6.8898    2.39 54.8933 2 8 7508 9 7860 
-6.76598  2.39578  54.8169 3 8 7509 10 7983 17 10569 
-7.96322  2.37166  55.5357 2 8 7514 9 7865 
-4.38777  2.95009  53.2233 2 8 7545 9 7910 
-4.54931  3.13921  53.3611 2 8 7572 9 7924 
-10.1193  3.15749  56.9256 4 8 7605 14 7509 16 6487 21 5702 
-4.77021  3.44829  53.2831 2 8 7612 9 7971 
-8.08316  3.26302  55.2288 2 8 7614 9 7968 
-9.97552  3.20905  56.6354 4 8 7615 9 7966 14 7522 16 6499 
-11.1276  3.51264  58.5396 5 8 7627 9 7985 14 7543 16 6524 21 5729 
-10.0567  3.42263  56.6802 2 8 7637 14 7546 
-11.1973   3.6406  58.6234 5 8 7640 9 8001 14 7557 16 6536 21 5739 
-11.228 3.75938 58.6344 5 8 7647 9 8011 14 7568 16 6550 21 5750 
-7.81792  3.65875  54.7297 3 8 7652 9 8017 10 8145 
-5.33659   3.9973  53.3336 2 8 7667 9 8043 
-9.58003  3.93677  55.9118 2 8 7694 9 8064 
-9.20176  4.00055  55.5899 2 8 7702 9 8075 
-10.2183  4.05421  56.5887 5 3 5558 8 7707 9 8076 14 7614 16 6593 
-10.1275  4.16061   56.419 4 8 7717 14 7633 16 6606 21 5801 
-9.28562  4.15883  55.6348 2 8 7718 9 8091 
-4.9125 4.64052 52.8287 2 8 7739 9 8119 
-11.3141  4.59248  58.0618 2 8 7744 21 5839 
-10.3429  4.49148  56.5484 3 8 7748 9 8121 14 7660 
-11.3004  4.79358  57.8826 2 8 7768 9 8143 
-11.344 4.80855 57.8962 4 8 7772 14 7695 16 6666 21 5871 
-10.4171  4.80239    56.45 2 8 7786 9 8165 
-10.4706  5.67319  56.3581 2 8 7919 17 11080 
-11.5297  6.86699  56.4722 2 8 8060 17 11233 
-5.09393  7.10276  50.2671 2 8 8096 17 11259 
-11.5424  7.24413  56.6016 2 8 8099 14 7968 
-5.14691  7.32319  50.0792 2 8 8127 17 11286 
-5.32337  7.90659  50.0832 2 8 8188 17 11347 
-9.28083  8.00275  53.8906 2 8 8193 9 8544 
-9.50156  8.17228  53.9086 2 8 8221 9 8570 
-9.99576  9.13356  54.0852 2 8 8381 9 8692 
-9.58435  9.43384  54.7164 2 8 8382 17 11566 
-9.76949  9.16336  53.7817 2 8 8388 9 8702 
-9.38936  9.45039  54.3739 2 8 8390 17 11576 
-11.9311  9.91445  55.5564 2 8 8448 9 8743 
-11.8653  10.0665  55.4454 2 8 8464 9 8753 
-11.6647  10.3435  55.5425 2 8 8476 17 11672 
-12.1773   10.297  55.6676 2 8 8484 9 8775 
-11.6762  10.3716  55.0915 3 8 8505 14 8306 16 7233 
-9.20539  10.7313  53.8008 2 8 8515 17 11708 
-11.671 10.5279 55.0676 2 8 8528 9 8803 
-11.6713  10.6585  54.9953 2 8 8554 9 8819 
-11.6438  10.7062  54.7983 2 8 8568 9 8832 
-11.5503  10.7832  54.7536 4 8 8579 14 8403 16 7303 21 6535 
-7.22417  10.9764  51.5116 2 8 8581 9 8876 
-8.6839 11.1459 53.3611 2 8 8583 17 11765 
-11.6064  10.8676  54.8391 2 14 8418 17 11786 
-8.54732  11.1803  53.1868 2 8 8596 17 11776 
-7.80448  11.1451  52.3415 2 8 8604 17 11780 
-11.862 10.9141 55.0346 2 8 8611 9 8854 
-11.5042  10.8846   54.595 5 8 8615 9 8860 14 8427 16 7320 21 6546 
-11.6118  11.0101  54.6872 5 8 8636 9 8886 14 8441 16 7335 21 6567 
-11.9381  11.0897  55.0003 2 8 8653 9 8890 
-11.8799  11.0816  54.8802 2 8 8654 9 8895 
-11.0845  11.3265  54.9422 2 8 8655 17 11835 
-12.1209  11.1094  55.0939 2 8 8664 9 8897 
-11.5556  11.1688  54.5732 4 8 8675 14 8473 16 7357 21 6590 
-11.5258  11.3223  54.5497 2 14 8495 17 11885 
-9.83464  11.7228  53.7958 2 8 8738 17 11914 
-9.15872  11.5202  52.4536 2 8 8749 9 8990 
-10.0632  11.8628  54.0062 2 8 8767 17 11941 
-9.62408  11.5743  52.7576 2 8 8768 9 9002 
-12.145 11.7457 54.8468 2 8 8794 9 9013 
-7.85581   12.115  52.0792 2 8 8797 17 11963 
-7.61219  12.0015  51.3161 2 8 8808 9 9071 
-8.31991  11.9649  51.7282 2 8 8813 9 9069 
-9.27527  12.3112  53.5512 2 8 8818 17 11988 
-8.11646  12.2683  52.2754 2 8 8828 17 12000 
-7.79202  12.0902  51.4137 2 8 8829 9 9098 
-7.89848  12.2285  51.8807 2 8 8836 17 12009 
-12.1182  11.9738  54.7335 2 8 8845 9 9052 
-7.95877  12.2254  51.7795 2 8 8849 17 12026 
-7.79874   12.293  51.8099 2 8 8854 17 12027 
-9.20578   12.294  53.0336 2 8 8856 17 12033 
-9.47891  11.9964  52.3767 2 8 8857 9 9097 
-12.1247  12.0155  54.6775 3 8 8867 14 8674 16 7538 
-9.18006  12.4525   53.342 2 8 8869 17 12046 
-8.51986     12.1  51.6754 2 8 8871 9 9128 
-7.79486  12.2286  51.4247 2 8 8872 9 9137 
-7.91274   12.207  51.3927 2 8 8875 9 9142 
-7.71501  12.2539  51.3051 2 8 8884 9 9150 
-9.77477  12.0958  52.6684 4 4 15500 8 8886 9 9115 16 4644 
-8.13774  12.2235   51.468 2 8 8889 9 9154 
-12.2354  12.0975  54.7278 4 8 8890 14 8697 16 7559 21 6811 
-8.04795  12.2256  51.3721 2 8 8892 9 9157 
-9.86059  12.1428  52.7133 4 8 8895 9 9132 16 7475 21 6729 
-9.50774  12.1017  52.3016 2 8 8896 9 9139 
-8.32547  12.4392  52.1587 2 8 8905 17 12081 
-7.86799  12.5764  52.1618 2 8 8906 17 12079 
-9.26504  12.5331  53.1971 2 8 8911 17 12090 
-9.02832  12.5662  53.0866 2 8 8912 17 12091 
-8.05664  12.5605  52.2068 2 8 8914 17 12087 
-9.26798  12.2171  52.2202 2 8 8916 9 9159 
-9.34611  12.2464  52.2677 2 8 8923 9 9166 
-7.87879  12.5663  51.9148 2 8 8925 17 12098 
-7.72434  12.4211  51.2033 4 8 8932 9 9191 10 9284 18 12191 
-7.78055  12.6615  51.8358 2 8 8940 17 12115 
-9.9027 12.3534 52.7023 4 8 8945 9 9184 16 7511 21 6763 
-7.66698  12.7022  51.7204 2 8 8946 17 12124 
-7.97096  12.7835   52.046 2 8 8957 17 12138 
-7.17715  12.7027  51.0321 2 8 8959 9 9227 
-7.78668  12.7953  51.8609 2 8 8960 17 12143 
-8.68887  12.8478  52.6938 2 8 8966 17 12156 
-8.54285  12.8603  52.5504 2 8 8973 17 12158 
-8.16844  12.9687  52.5146 2 8 8976 17 12159 
-8.64834  12.5613  51.6957 2 8 8977 9 9226 
-8.01948   12.889  52.0758 2 8 8980 17 12163 
-9.66826  12.5318  52.4463 6 4 15640 8 8983 9 9220 14 5548 16 4728 21 4211 
-11.3118   12.531  53.8161 2 8 8989 9 9206 
-8.13345  12.9395  52.1449 2 8 8993 17 12177 
-7.99855  12.9167  51.9083 2 8 8998 17 12181 
-8.66961  12.8731  52.3046 2 8 9003 17 12186 
-8.39806  12.9616  52.3336 2 8 9004 17 12187 
-6.85765  12.7269  50.1654 2 8 9010 17 12189 
-8.05632  13.0349   52.003 2 8 9015 17 12200 
-8.14492  13.0674  52.1216 2 8 9021 17 12204 
-9.56075  13.0222  53.2154 2 8 9024 17 12211 
-8.54392  13.1125  52.4077 2 8 9033 17 12219 
-8.25416  13.1214   52.164 2 8 9034 17 12220 
-12.4923   12.726  54.7264 2 8 9035 9 9239 
-8.83835  12.8204  51.7385 2 8 9036 9 9289 
-8.46378  13.1392  52.3289 2 8 9039 17 12224 
-8.11785  13.4023  51.0659 2 8 9115 9 9374 
-9.72317  13.3042  52.2331 4 8 9120 9 9354 14 5680 21 4340 
-9.01688  13.7302  52.5722 2 8 9134 17 12320 
-8.60918  13.4501  51.3025 4 8 9138 9 9395 14 5665 21 4327 
-8.23785  13.7654  51.8611 2 8 9139 17 12326 
-9.95243  13.4312  52.3482 2 8 9145 9 9379 
-9.21859   13.767  52.6468 2 8 9146 17 12330 
-8.32873  13.8019  51.9351 2 8 9150 17 12331 
-8.63345  13.5303  51.2594 2 8 9158 9 9408 
-8.37872  13.6155  51.1174 2 8 9167 9 9420 
-9.94312    13.58  52.2799 2 8 9172 9 9412 
-9.78007  13.5994  52.1611 4 8 9173 9 9413 14 5735 21 4377 
-12.066 13.5248 53.8713 2 8 9178 9 9396 
-8.33529  13.9921  51.8601 2 8 9179 17 12362 
-8.21665  14.0031  51.7767 2 8 9181 17 12363 
-6.95828  13.8079  49.8311 2 8 9193 17 12369 
-8.00125  14.1804  50.8421 2 8 9236 9 9488 
-10.3332   13.991  52.3555 2 8 9241 9 9470 
-10.5103  13.9995  52.4752 2 8 9245 9 9472 
-8.01505  14.2938  50.7448 2 8 9257 9 9515 
-9.8401 14.5161 52.9317 2 8 9262 17 12429 
-8.24508  14.3027  50.8397 2 8 9269 9 9523 
-8.09282  14.3384  50.7912 2 8 9270 9 9528 
-10.6911  14.1592  52.5757 2 8 9276 9 9501 
-10.2937    14.24  52.2084 2 8 9290 9 9517 
-10.7833  14.2844  52.5677 2 8 9301 9 9527 
-6.90705  14.3782   49.158 2 8 9311 17 12470 
-10.3356  14.3454  52.1518 2 8 9313 9 9543 
-6.85763  14.3594  48.6241 2 8 9351 17 12504 
-8.70061  14.9623  51.8502 2 8 9360 17 12515 
-11.8971  14.5146  53.4273 2 8 9364 14 9020 
-7.18227  14.9299  49.6659 2 8 9402 17 12551 
-11.3122  14.8903  52.7993 6 4 16189 8 9418 9 9628 14 5941 16 5127 21 4553 
-11.0804   15.044  52.6473 2 8 9425 9 9649 
-8.54787  15.2218  50.6314 2 8 9431 9 9675 
-11.5926  15.2331  52.8836 3 8 9449 14 9089 16 7924 
-7.46639  15.5399  49.9109 2 8 9451 17 12612 
-7.39555  15.5271  49.8253 2 8 9452 17 12611 
-8.33582  15.7477   51.097 2 8 9456 17 12615 
-8.25898  15.9978  51.0932 2 8 9469 17 12629 
-8.91092  15.7396  50.6271 2 8 9479 9 9745 
-12.2381  15.6341   53.337 2 8 9480 9 9710 
-10.8713  15.6788   52.175 2 8 9483 9 9725 
-8.82436  15.8386  50.5522 2 8 9489 9 9761 
-8.47459  16.2495  51.1845 2 8 9494 17 12654 
-12.4157  15.8272  53.4022 2 8 9505 9 9735 
-8.77058  16.2877  51.3029 2 8 9509 17 12664 
-12.5413  15.9287  53.5243 3 8 9518 14 9161 16 7982 
-10.9491  16.0483  52.0524 2 8 9548 9 9793 
-12.8348   16.101  53.7217 2 8 9554 9 9778 
-10.6478  16.2788   51.901 2 8 9577 9 9816 
-10.8459  16.2907  51.9832 2 8 9583 9 9821 
-10.0904  16.7053  52.2381 2 8 9586 17 12737 
-9.83465  16.7488  52.1271 2 8 9587 17 12738 
-13.5449  16.5271  54.8076 2 8 9589 9 9797 
-10.7377  16.4056  51.8826 2 8 9600 9 9841 
-9.96416  16.8671  52.0935 2 8 9610 17 12754 
-10.5465  16.6465  51.7967 2 8 9621 9 9866 
-13.515 16.7585 54.4098 2 8 9628 9 9848 
-8.33362  17.3316  50.1616 2 8 9655 17 12785 
-12.7584  17.1857  53.5965 2 8 9661 9 9897 
-11.3264  17.2091  52.3492 2 8 9665 9 9914 
-7.20196  17.9564  50.1416 2 8 9673 9 9961 
-8.5664 17.5807 50.2108 2 8 9682 17 12808 
-13.554 17.3478 54.0353 2 8 9683 9 9918 
-12.1434  17.4854  53.0071 2 8 9689 9 9944 
-11.2732  17.5328  52.2935 2 8 9693 9 9955 
-8.67649  17.7185  50.1927 2 8 9701 17 12828 
-11.3175  18.0104  52.2634 2 8 9745 9 10019 
-11.1141  18.0549  52.1188 2 8 9748 9 10025 
-11.0283  18.0906  52.0043 2 8 9752 9 10032 
-10.9455  18.1343  51.9011 2 8 9759 9 10037 
-6.00995 -5.69941  63.0825 2 8 9852 9 10154 
-6.18323 -5.51042  63.0413 2 8 9856 9 10161 
-3.39413 -5.32691    60.33 2 8 9861 9 10163 
-0.487554  -5.08729   58.2449 2 8 9868 9 10167 
 -2.2653 -5.08066  59.3968 2 8 9870 9 10172 
-1.79427 -5.01333  58.9297 2 8 9875 9 10176 
-4.88909 -5.02206   60.573 2 8 9877 9 10183 
-5.90481 -5.30159  54.8367 2 8 9879 17 13098 
-1.61089 -4.94154  58.7526 2 8 9880 9 10178 
-6.32622 -4.93768  61.7868 2 8 9883 9 10190 
-0.809294  -4.64449   57.7573 2 8 9901 9 10194 
-1.15861   -4.534  57.9081 2 8 9905 9 10203 
-0.95396 -4.44997  57.6249 2 8 9908 9 10207 
-2.22853 -4.30224  57.9479 2 8 9918 9 10218 
-3.23099 -4.28076  58.4855 2 8 9920 9 10223 
0.487315 -4.17318  56.5973 2 8 9921 9 10219 
-5.99587  -4.6103  55.1352 2 8 9923 17 13167 
-5.89135  -4.5098  54.9502 2 8 9930 17 13180 
-5.95667  -4.1823  59.7816 2 8 9936 9 10243 
-2.27324 -4.08517  57.8843 2 8 9937 9 10235 
 -3.4656 -4.05889  58.2653 2 8 9939 9 10244 
-6.05274 -4.40805  55.0596 2 8 9940 17 13194 
-5.51804 -4.08554  59.3739 2 8 9944 9 10250 
-5.84583 -4.04567  59.7353 2 8 9947 9 10255 
-0.403902  -3.77442   56.3399 2 8 9954 9 10258 
-1.51461 -3.80089  56.9736 2 8 9955 9 10261 
-5.60353 -3.87467  59.3268 2 8 9956 9 10271 
-6.75554 -3.90905  59.7558 2 8 9958 9 10277 
-7.08412  -3.7815  60.0265 2 8 9970 9 10293 
-6.42168 -3.73683  59.6338 2 8 9974 9 10297 
-5.49829 -3.68947  58.9229 2 8 9979 9 10299 
-0.774833  -3.54662   56.2956 2 8 9981 9 10287 
-4.60845 -3.63595  58.2559 2 8 9983 9 10304 
-7.70768  -3.4528  59.8642 2 8 9998 9 10329 
 -8.7445 -3.13509  60.5515 2 8 10006 9 10339 
-8.50058  -2.9069  59.8294 2 8 10017 9 10348 
-5.60086 0.233556  54.2892 2 8 10096 17 13571 
-4.94434 0.976117  54.4515 2 8 10123 9 10435 
-8.86232 0.876125  56.5184 2 8 10128 9 10441 
-9.99857  1.33383  58.1047 2 8 10145 9 10458 
-10.3631  1.78481  58.1931 2 8 10159 9 10472 
-10.0841  1.78155  58.0151 2 8 10160 9 10471 
-9.95314  2.53755   57.495 2 8 10190 9 10503 
-4.45118  3.21488  53.2062 2 8 10217 9 10528 
-9.95538  3.17215  56.6266 4 8 10232 14 10004 16 8734 21 7804 
-8.07171  3.25373  55.2303 2 8 10233 9 10543 
-10.1384  3.41062  56.6146 2 8 10243 9 10561 
-11.1844  3.67383  58.5946 5 8 10245 9 10563 14 10031 16 8765 21 7829 
-8.06303  3.90399  54.7664 2 8 10266 9 10594 
-6.1045 4.04589 53.6808 2 8 10268 17 13896 
-10.0001  3.97139  56.3211 3 8 10279 9 10602 14 10067 
-9.15516  3.98568  55.5797 2 8 10280 9 10604 
-11.2315  4.15713  58.2605 2 8 10282 9 10603 
-8.74399  4.05183  55.2167 2 8 10284 9 10610 
-10.1234  4.17295  56.3922 2 8 10291 14 10085 
-10.2924  4.58705  56.4917 3 8 10324 9 10650 14 10125 
-10.4648  4.65448  56.6591 6 3 7418 8 10326 9 10653 14 10134 16 8854 21 7905 
-10.5209  4.80599   56.617 3 8 10340 9 10671 14 10151 
-10.3963   4.8001   56.486 4 8 10341 9 10672 14 10152 16 8869 
-10.5329  4.86409  56.6226 2 8 10349 14 10157 
-10.3729  4.89474  56.3769 3 8 10355 9 10682 14 10161 
-9.28043  4.98937  55.3051 5 8 10372 9 10705 14 10165 16 8879 21 7933 
-5.16333  5.19711  51.6044 2 8 10394 17 14024 
-9.02232  5.45591  55.8218 2 8 10408 17 14043 
-9.45581  5.34246  55.3092 4 8 10413 9 10752 14 10197 21 7968 
-10.3937  5.61788  56.3412 2 8 10432 17 14066 
-10.5278   5.7731  56.3514 2 8 10450 17 14087 
-10.7323  5.97929  56.3542 2 8 10473 17 14113 
-10.6801   6.1175  56.2725 2 8 10488 17 14129 
-10.7527  6.13405  56.2801 2 8 10490 17 14132 
-6.81639  6.61764  53.0269 2 8 10511 9 10840 
-11.2261  6.72745  56.4676 2 8 10519 9 10845 
-11.3059  6.86118   56.592 2 8 10522 9 10851 
-5.26516  7.80538  50.0916 2 8 10595 17 14248 
-6.20097  8.08188  52.0054 2 8 10599 9 10929 
-6.57443  8.15394   52.205 5 8 10606 9 10937 14 8007 17 14256 21 6163 
-8.73166      8.3  54.4901 2 8 10609 17 14264 
-6.35373  8.23501  52.0391 2 8 10610 9 10942 
-11.8232  8.31631  56.3866 2 8 10632 9 10946 
-8.9309 8.29925 53.5856 2 8 10635 9 10957 
-8.60757  8.67636  54.4634 2 8 10644 17 14298 
-7.15841  8.46611  52.3864 2 8 10645 14 8046 
-9.64864  9.10023  53.6688 2 8 10737 9 11035 
-9.75837  9.15971  53.7807 2 8 10741 9 11040 
-9.78143  9.22874  53.9097 2 8 10744 9 11047 
-6.86682  9.42398  51.8548 2 8 10745 9 11058 
-9.13994  9.39324  53.1902 2 8 10752 9 11059 
-7.2776 9.68029 52.0254 2 8 10759 9 11068 
-11.7419  9.68246  55.6574 2 8 10764 17 14403 
-7.47927  9.95566  51.9989 2 8 10772 9 11079 
-11.8589  10.0121  55.6597 2 8 10775 17 14423 
-7.25194   10.205   51.827 2 8 10778 9 11087 
-8.95391  10.4156  53.8075 2 8 10785 17 14432 
-7.20522  10.3987  51.7147 2 8 10795 9 11106 
-9.32245  10.5535  54.0079 2 8 10799 17 14443 
-11.4712  10.3773  54.8813 3 8 10809 14 10547 17 14455 
-6.07144  10.4251  49.9123 2 8 10817 17 14461 
-5.94783  10.3939  49.7484 2 8 10818 17 14457 
-10.9753  10.8861  55.0385 2 8 10838 17 14483 
-9.21895  10.7968  52.6864 5 8 10852 9 11154 14 10563 16 9271 21 8336 
-7.63954  11.1362  52.3782 2 8 10853 17 14492 
-5.85103  10.7185  49.3165 2 8 10855 17 14494 
-8.45765  10.9268   52.315 2 8 10857 9 11162 
-11.5949  10.8366  54.7196 3 8 10861 9 11151 14 10631 
-9.16878  10.7762  52.4301 2 8 10862 9 11158 
-7.93016  11.1899  52.6612 2 8 10864 17 14499 
-7.75763  11.1466  52.1065 2 8 10870 17 14508 
-11.4852   10.911  54.5999 4 8 10876 14 10637 16 9326 21 8394 
-11.8936  11.0619  54.9263 2 8 10895 9 11168 
-11.7528  11.1047  54.7987 2 8 10901 9 11174 
-11.1382  11.3268  54.8679 2 8 10902 17 14539 
-7.44016  11.3952   51.889 2 8 10903 17 14533 
-10.6509  11.4178  54.4815 2 8 10911 17 14547 
-9.08632  11.6046  53.4672 2 8 10924 17 14556 
-11.7874  11.2965  54.6916 2 8 10929 9 11203 
-9.81054  11.6445  53.9317 2 8 10930 17 14567 
-6.40936  11.4165  50.1961 2 8 10931 17 14559 
-12.1522  11.3247  54.9724 2 8 10932 9 11202 
-7.69574  11.7351  52.1638 2 8 10943 17 14569 
-10.0623  11.7778  54.1119 2 8 10952 17 14586 
-7.66838  11.6346  51.4808 4 8 10953 9 11248 14 8433 21 6550 
-7.8178 11.8402 52.1487 2 8 10959 17 14588 
-10.0537  11.8455  54.0678 2 8 10961 17 14596 
-7.4835 11.9078 51.8972 2 8 10970 17 14598 
-7.88128  12.1098  52.1067 2 8 10988 17 14619 
-9.26374  11.8165  52.3269 5 8 10991 9 11271 14 10701 16 9372 21 8452 
-10.1387  12.1212  53.9821 2 8 10993 17 14629 
-7.70303  12.0327  51.5373 2 8 10994 9 11284 
-7.86561  11.9949  51.4808 2 8 10996 9 11288 
-9.3717 12.2309 53.4958 2 8 10998 17 14634 
-7.68785  12.1052  51.5276 2 8 11002 9 11297 
-8.75983  12.1807  52.6852 2 8 11004 17 14639 
-8.11673  12.2208  52.2093 2 8 11005 17 14640 
-8.69666  12.2051  52.6398 2 8 11011 17 14643 
-8.45502  12.2064  52.3709 2 8 11012 17 14644 
-7.96238  12.0477  51.4395 2 8 11013 9 11305 
-12.3617  11.9435  55.0045 4 8 11014 9 11270 14 10796 16 9459 
-8.95217  11.9816  52.1031 2 8 11017 9 11292 
-7.85867  12.1731  51.6752 2 8 11018 17 14650 
-7.61571  12.1159  51.2722 2 8 11019 9 11315 
-7.94279  12.2455  51.8445 2 8 11027 17 14657 
-8.17125  12.0606  51.3881 2 8 11034 9 11324 
-8.06472  12.3034  51.9953 2 8 11036 17 14666 
-8.08675  12.3613  52.1299 2 8 11038 17 14672 
-7.88373  12.2196  51.4354 2 8 11044 9 11340 
-9.52497  12.0711  52.4016 2 8 11046 9 11322 
-8.45195  12.4439  52.5833 2 8 11047 17 14683 
-8.33691  12.3803  52.2894 2 8 11048 17 14684 
-7.9428 12.2541 51.5116 2 8 11049 9 11343 
-7.73263  12.2948  51.3183 2 8 11055 9 11348 
-7.73855  12.6452  52.2942 2 8 11061 17 14692 
-8.10556  12.5253  52.1643 2 8 11065 17 14696 
-7.88639  12.7979  52.7343 2 8 11068 17 14703 
-8.39098  12.6783  52.7652 2 8 11071 17 14705 
-8.86356  12.2782  51.9765 2 8 11072 9 11356 
-6.26322  12.7045  50.8457 2 8 11073 9 11375 
-7.68833  12.4351  51.2035 2 8 11076 9 11373 
-7.78693   12.673  51.8406 2 8 11084 17 14718 
-7.65004   12.665  51.7199 2 8 11085 17 14717 
-9.91919  12.3521  52.7286 4 8 11086 9 11365 16 9452 21 8543 
-9.01894  12.7383  52.9865 2 8 11090 17 14726 
-7.94505  12.7447  52.0578 2 8 11091 17 14723 
-8.6958 12.8403 52.6649 2 8 11100 17 14742 
-8.49887  12.8423  52.5375 2 8 11101 17 14736 
-7.81683  12.5963  51.1887 4 8 11102 9 11391 10 11386 18 14755 
-7.82063  12.8393  51.8382 2 8 11106 17 14743 
-7.69241  12.8279  51.6967 2 8 11107 17 14737 
-8.04135  12.8804  52.0358 2 8 11115 17 14747 
-9.01599   12.652  51.9721 2 8 11121 9 11403 
-8.39332  12.9122  52.2265 2 8 11122 17 14759 
-6.81386  12.7826  50.4042 2 8 11123 17 14757 
-8.36132  13.0076  52.4229 2 8 11126 17 14762 
-8.1766 13.0019 52.1343 2 8 11131 17 14764 
-8.69881  13.0055  52.5594 2 8 11133 17 14767 
-8.32309  12.7521  51.4326 2 8 11134 9 11419 
-12.5646  12.6509  54.8397 2 8 11136 9 11386 
-8.54896  13.0962  52.4356 2 8 11145 17 14782 
-8.36403  13.0888  52.2582 2 8 11146 17 14783 
-8.04932  13.0947  51.9799 2 8 11147 17 14784 
-8.16817   12.846  51.3092 2 8 11148 9 11432 
-8.25741  13.1512  52.1562 2 8 11158 17 14790 
-8.47802  13.1759  52.3229 2 8 11160 17 14793 
-8.10512  13.1284  51.1996 2 8 11177 9 11466 
-10.356 13.1262 52.8692 2 8 11185 9 11465 
-8.02413  13.2539  51.0315 2 8 11192 9 11483 
-9.25607  13.5657  52.7843 2 8 11199 17 14833 
-10.6822  13.1969  52.9617 2 8 11200 9 11477 
-8.18551  13.3618  51.1318 2 8 11204 9 11497 
-9.88363  13.6645  53.2352 2 8 11218 17 14851 
-9.39411  13.4126  51.9372 5 8 11223 9 11503 14 8822 16 7660 21 6918 
-10.5739  13.4828   52.815 2 8 11232 9 11512 
-8.31363  13.9563  51.8799 2 8 11244 17 14872 
-8.38278  13.6629  51.0764 2 8 11245 9 11533 
-8.50669  13.7219  51.2081 2 8 11247 9 11540 
-9.80966  13.6351  52.1549 4 8 11249 9 11529 14 8865 21 6956 
-8.69474  13.7058  51.2484 4 8 11252 9 11543 14 8846 21 6934 
-9.53436   13.686  51.9239 5 8 11256 9 11538 14 8864 16 7711 21 6952 
-10.5158  13.8027  52.5845 2 8 11270 9 11549 
-10.3646  13.8466  52.4662 2 8 11274 9 11550 
-10.621 13.9443 52.5997 2 8 11283 9 11563 
-10.3045  14.0117  52.3842 2 8 11287 9 11568 
-10.4939  13.9997  52.4718 2 8 11288 9 11567 
-12.0523  13.9555  53.6994 2 8 11291 9 11560 
-8.08789  14.2978  50.8215 2 8 11299 9 11589 
-8.24887   14.331  50.8661 2 8 11307 9 11596 
-10.2762  14.1967  52.2146 2 8 11313 9 11587 
-8.15706  14.4719  50.7777 2 8 11321 9 11612 
-12.0173  14.2399  53.5746 2 8 11326 9 11583 
-9.39776  14.6353  52.1644 2 8 11333 17 14946 
-10.3001  14.3576  52.1238 2 8 11336 9 11603 
-7.9758 14.8138 51.1228 2 8 11342 17 14956 
-8.22398  15.2414  51.5583 2 8 11380 17 14984 
-8.29721  15.3985  51.5661 2 8 11402 17 15002 
-11.2642  15.0052  52.7013 5 4 19331 8 11409 14 9057 16 7892 21 7112 
-10.2781  15.8064   52.704 2 8 11426 17 15027 
-11.0332  15.4896  52.2976 2 8 11431 9 11709 
-8.21387  16.0205  51.0684 2 8 11432 17 15031 
-12.3193  15.5728  53.4595 2 8 11436 9 11707 
-8.50931  16.2603  51.1095 2 8 11454 17 15045 
-10.7569  15.9706  51.9779 2 8 11469 9 11752 
-8.76848  16.5052  51.4001 2 8 11474 17 15068 
-8.29692   16.391  50.6959 2 8 11475 17 15064 
-9.93948  16.2669  51.2188 2 8 11499 9 11785 
-10.1524   16.787  52.1228 2 8 11511 17 15092 
-9.95352  16.9071  52.0738 2 8 11514 17 15095 
-10.572 16.6665 51.8465 2 8 11519 9 11807 
-13.6051  16.7116  54.5484 2 8 11521 9 11790 
-12.7831  17.0656  53.6633 2 8 11537 9 11819 
-12.7591  17.1947  53.5883 2 8 11543 9 11823 
-12.1908  17.2976  52.9703 2 8 11547 9 11834 
-12.1072  17.4812  52.9473 2 8 11558 9 11839 
-9.00153  17.7674  50.5882 3 8 11562 9 11856 17 15131 
-11.1771  17.7039    52.26 2 8 11568 9 11846 
-8.75474  17.8728  50.3967 3 8 11571 9 11864 17 15138 
-10.9972  17.8526  52.0224 2 8 11577 9 11859 
-10.9639  17.9732  51.9039 2 8 11585 9 11871 
-10.1713   18.627  51.1166 2 8 11604 9 11911 
-3.35944 -5.35406  60.2963 2 8 11666 9 11959 
-1.89605 -5.20377  59.2595 2 8 11672 9 11964 
-0.736504  -5.00694    58.364 2 8 11680 9 11974 
  -1.645 -4.94815  58.7987 2 8 11684 9 11979 
-3.37525 -4.91326  59.5478 2 8 11687 9 11987 
0.414533 -4.68857  57.4614 2 8 11694 9 11990 
-4.23842 -4.58273  59.7413 2 8 11704 9 11999 
-0.944222  -4.49939   57.7158 2 8 11706 9 11998 
-2.21225 -4.28706  57.9023 2 8 11715 9 12009 
-3.24347 -4.24309  58.4222 2 8 11717 9 12015 
-4.25154 -4.21508  59.0406 2 8 11721 9 12018 
 0.43146 -4.08461  56.5436 2 8 11722 9 12014 
-2.05966 -4.13846  57.7557 2 8 11724 9 12017 
-3.40451 -4.09092  58.2749 2 8 11730 9 12027 
-5.86568 -4.05589  59.6649 2 8 11734 9 12035 
-4.34874 -4.00006  58.6593 2 8 11737 9 12036 
-3.69498 -3.87107  58.3346 2 8 11741 9 12038 
-2.77355 -3.77804   57.993 2 8 11746 9 12049 
-4.06485 -3.64052  58.0773 2 8 11759 9 12067 
-1.03926 -3.53656  56.4626 2 8 11760 9 12061 
-6.38277  -3.5902  59.4176 2 8 11766 9 12082 
-7.67426 -3.54479  59.9981 2 8 11770 9 12088 
-7.58909 -3.42954  59.7407 2 8 11775 9 12099 
-8.78981  -3.1485  60.4779 2 8 11786 9 12110 
-4.94708 0.943859  54.4368 2 8 11885 9 12181 
-10.0746  2.28181  57.9006 4 8 11933 9 12216 14 11603 16 10217 
-4.68111  3.33466  53.3285 2 8 11956 9 12246 
-7.86812  3.78347  54.7276 3 8 11978 9 12275 10 12166 
-6.15923  3.89686  53.7947 4 8 11979 9 12278 10 12168 17 15774 
-5.79135  4.00612  53.5095 2 8 11982 9 12286 
-8.24782  3.90119  54.8798 3 8 11985 9 12289 10 12174 
-8.48066  3.96085  55.0628 3 8 11990 9 12295 10 12176 
-8.98946  4.19909   55.273 2 8 12008 9 12312 
-11.0978  4.37844    57.73 4 8 12013 14 11701 16 10328 21 9271 
-9.15636  4.26817  55.2854 2 8 12016 9 12320 
-11.1803  4.44139  57.9021 3 8 12017 16 10330 21 9276 
-9.24776  4.50087  55.3839 2 8 12032 9 12341 
-10.7344  4.58059  56.9574 3 8 12037 9 12340 14 11731 
-4.89355  4.82016  52.8322 2 8 12038 9 12351 
-10.6702  4.63476  56.7211 2 8 12049 9 12350 
-11.0723  4.78801  57.5817 3 8 12053 14 11755 21 9318 
-5.39602  4.85207  52.2516 2 8 12058 17 15868 
-10.2435  4.76337  56.3618 6 8 12060 9 12369 14 11757 16 10369 17 15871 21 9319 
-9.15516   4.7398  55.2048 6 8 12061 9 12375 10 12243 14 11748 16 10356 21 9307 
-10.5462  4.79329  56.6325 3 8 12062 9 12368 14 11765 
-10.3933      4.8  56.4734 6 8 12063 9 12374 14 11766 16 10377 17 15875 21 9324 
-4.90251  5.11561  52.6516 2 8 12073 9 12402 
-10.1895  4.91774  56.3204 2 8 12078 9 12392 
-10.1984  4.90779  56.0811 3 8 12085 14 11782 17 15894 
-9.93572  4.92199  55.8194 2 8 12092 17 15898 
-10.4297  4.98328  56.3245 3 8 12094 9 12409 14 11787 
-10.346 5.01427 56.1625 2 8 12104 17 15910 
-10.1181  5.01936   55.947 3 8 12105 14 11797 17 15916 
-9.21707  5.03282  55.1978 3 8 12106 9 12423 21 9345 
-9.07634  5.02218  55.0002 5 8 12107 9 12430 14 11786 16 10394 21 9346 
-10.9085  4.98428   56.403 2 8 12108 17 15920 
-9.68183  5.02701  55.6282 3 10 12284 16 10400 21 9350 
-10.2497  5.07511  55.8667 2 8 12119 9 12435 
 -4.855 5.40744 52.3434 2 8 12124 9 12467 
-9.50293  5.20148  55.5569 3 8 12125 9 12453 17 15927 
-5.23524  5.34468  51.9485 2 8 12130 17 15932 
-10.7822  5.17175  56.2114 2 8 12134 17 15935 
-12.1852  5.09804  57.0251 2 8 12136 17 15940 
-9.36069  5.28933  55.3899 2 14 11813 17 15938 
-9.46468  5.37112  55.3532 5 8 12142 9 12483 14 11823 16 10431 21 9399 
-9.36939  5.37716  55.0838 2 8 12147 9 12487 
-10.4943   5.4304  56.3554 2 8 12151 17 15951 
-8.4886 5.52257 54.3216 3 8 12158 9 12501 16 8912 
-7.96643  5.90161  54.6125 2 8 12178 17 15977 
-10.5517  5.80542  56.3533 2 8 12183 17 15984 
-6.25164  6.03896  52.9654 2 8 12194 9 12540 
-10.5789  5.95322  56.2922 2 8 12197 17 16001 
-8.21587  6.10251  54.8748 2 8 12198 17 15999 
-6.72578  6.15045  53.3316 2 8 12200 17 16007 
-13.3863  3.08438  45.4597 2 8 12207 9 12534 
-8.18554  6.23295  53.8025 2 8 12223 9 12577 
-10.9155   6.2576  56.2959 2 8 12227 17 16033 
-7.78218  6.72595  54.1694 2 8 12248 17 16052 
-5.69267  7.20203  54.4042 2 14 11887 17 16053 
-11.4555  6.64823  56.7617 2 8 12254 9 12597 
-6.56182  6.83689  53.0305 2 8 12255 17 16058 
-11.3051  6.71651  56.2161 2 8 12260 17 16066 
-11.4121  6.84176  56.4313 2 8 12261 17 16071 
-5.14631  6.87538  50.2402 2 8 12268 17 16077 
-11.2128  7.00834  56.2384 2 8 12270 9 12608 
-10.5405  7.03133  55.2939 2 16 10534 21 9490 
-9.95716  7.30605   55.497 2 8 12281 17 16087 
-9.3465 7.55848 55.2547 2 8 12291 17 16095 
-8.92985   8.2678  54.6419 2 8 12344 17 16145 
-9.85675  8.20712  55.2372 2 8 12347 17 16144 
-10.4814  8.42472  55.5458 2 8 12374 17 16171 
-11.5945  8.30171  55.9511 2 8 12376 9 12687 
-9.18439  8.32942  53.7282 4 8 12379 9 12698 14 12007 21 9561 
-7.1173 8.54103 52.4443 2 8 12386 9 12705 
-8.38787  8.77524  53.7269 2 8 12400 17 16196 
-9.18231  8.59875  53.5577 2 8 12403 9 12717 
-7.13363  8.87371  52.7456 2 8 12404 17 16202 
-10.4313  8.84476  55.3541 2 8 12406 17 16215 
-10.2972  8.67731  54.5223 2 8 12407 9 12719 
-10.2157   8.9843  54.8902 2 8 12419 17 16223 
-9.99898  8.84119  54.0144 2 8 12423 9 12729 
-8.42701  9.20463    53.93 2 8 12424 17 16228 
-7.29638  9.20417  52.9059 2 8 12426 17 16226 
-6.86531  9.08987  51.9016 2 8 12430 9 12754 
-9.49722  9.08713  54.2312 2 8 12433 17 16234 
-7.36643  9.20833  52.2153 2 8 12449 9 12773 
-6.98454  9.28152  51.9995 2 8 12452 9 12783 
-9.40782  9.13734  53.5272 5 8 12463 9 12772 14 10465 16 9171 21 8243 
-6.83533  9.44571  51.8172 2 8 12469 9 12796 
-7.29572  9.68083  52.0461 2 8 12483 9 12803 
-9.23303  9.85909  53.1055 3 8 12506 9 12816 16 9214 
-7.27552  10.2273  51.8433 2 8 12514 9 12834 
-12.0075  10.1023  55.5671 2 8 12515 9 12823 
-9.45396  10.0959  53.1758 4 8 12517 9 12832 16 9221 21 8280 
-7.21492  10.4152  51.7051 2 8 12528 9 12847 
-11.5412  10.2665  54.9272 5 8 12530 9 12836 14 12159 16 10753 21 9717 
-12.0661  10.3793  55.5532 2 8 12535 9 12839 
-9.79337  10.3569  53.4344 2 8 12537 9 12845 
-6.12433  10.4292  49.8761 2 8 12543 17 16344 
-11.7234  10.5104  55.1015 3 8 12544 9 12848 14 12187 
-11.5628  10.5533  54.8685 5 8 12547 9 12854 14 12191 16 10786 21 9747 
-11.7635  10.6922  54.9194 2 8 12556 9 12861 
-8.02893   10.918  52.1823 4 8 12563 9 12882 14 12161 17 16366 
-8.09567   10.889  51.9341 3 8 12571 9 12889 17 16375 
-6.05809  10.7399  49.5588 2 8 12572 17 16373 
-8.02118  11.1459   52.576 2 8 12577 17 16380 
-7.03303  11.1152  51.5905 2 8 12578 17 16377 
-10.7886  11.0914  54.7527 2 8 12581 17 16387 
-9.09165  11.0116  52.6284 2 8 12593 9 12899 
-7.78305   11.366  52.5917 2 8 12594 17 16392 
-7.45671  11.4256  51.8975 2 8 12612 17 16402 
-6.4187 11.3499 50.6256 2 8 12614 17 16403 
-7.78703  11.5082  52.3349 2 8 12615 17 16404 
-6.35614  11.2452  50.1061 2 8 12620 17 16405 
-6.3089 11.4409 50.4415 2 8 12626 17 16412 
-6.08014  11.5378  50.4684 2 8 12627 17 16414 
-6.34018  11.5055  50.5341 2 8 12629 17 16418 
-10.8799  11.3397  53.9547 2 8 12631 9 12919 
-9.95545  11.6724  53.9836 2 8 12637 17 16432 
-6.25116  11.6764  50.6974 2 8 12639 17 16427 
-9.59552  11.4941  52.8621 2 8 12644 9 12944 
-7.69837  11.7821  52.1619 2 8 12645 17 16433 
-11.1047  11.4397  54.0549 2 8 12648 9 12931 
-10.0582  11.7621  54.1194 2 8 12649 17 16441 
-11.2367  11.3996  53.9825 2 8 12650 9 12935 
-11.3119  11.5264  54.3114 2 8 12653 9 12937 
-7.46319  11.8736  51.8913 2 8 12657 17 16446 
-11.2487  11.5321  54.1527 2 8 12658 9 12942 
-10.0482  11.8761  54.0768 2 8 12659 17 16453 
-11.0661  11.5814  53.9873 2 8 12663 9 12958 
-9.71385  11.8723  53.6611 2 8 12664 17 16458 
-10.7428  11.9425  54.6654 2 8 12665 17 16462 
-11.3058  11.5851  54.0635 2 8 12667 9 12964 
-7.37789  11.8589  51.2443 4 8 12668 9 12978 10 13284 18 16955 
-9.24204   11.798  52.2915 5 8 12676 9 12982 14 12290 16 10860 21 9824 
-10.111  12.116 53.9839 2 8 12677 17 16478 
-9.42922  12.1768  53.6125 2 8 12678 17 16479 
-7.63754   11.956  51.2715 2 8 12680 9 12990 
-7.73004  12.2041  51.9568 2 8 12682 17 16481 
-7.82281  11.9807  51.3121 2 8 12683 10 12879 
-9.32707  12.2514   53.441 2 8 12684 17 16484 
-9.03872  12.3206  53.4104 2 8 12685 17 16485 
-7.59726  12.1205  51.2544 4 8 12694 9 13005 10 12884 18 16509 
-8.2759 12.1378 51.7175 2 8 12700 9 13006 
-8.22172  12.2833  52.0034 2 8 12707 17 16500 
-8.88831  12.2737  52.4794 2 8 12710 9 13012 
-7.88711  12.2378  51.4796 2 8 12711 9 13018 
-8.28526  12.4111   52.328 2 8 12713 17 16502 
-10.5258  12.1262  53.3451 3 8 12714 16 10919 21 9883 
-7.93993  12.3327  51.6801 2 8 12716 17 16505 
-8.01093  12.2651  51.3822 2 8 12721 9 13032 
-12.377 12.1555 54.8876 4 8 12723 9 12998 14 12392 16 10959 
-7.76739  12.3261  51.3319 2 8 12726 9 13035 
-8.2112 12.4401 51.9933 2 8 12729 17 16515 
-8.72171  12.5451  52.6402 2 8 12733 17 16519 
-8.65165  12.5289  52.5119 2 8 12734 17 16520 
-8.57326  12.5368  52.4434 2 8 12735 17 16524 
-7.98792  12.3984  51.3509 2 8 12742 9 13050 
-7.68849   12.431  51.1762 4 8 12744 9 13051 10 12905 18 16530 
-7.88528  12.7207  52.1084 2 8 12749 17 16529 
-8.09321  12.7902  52.3481 2 8 12755 17 16538 
-8.3444 12.7201   52.28 2 8 12757 17 16540 
-8.04172  12.6001  51.3139 2 8 12764 9 13070 
-7.83936  12.6786  51.2177 2 8 12770 9 13077 
-8.39098  12.9924  52.4037 2 8 12774 17 16563 
-7.92078  12.9578  51.8525 2 8 12775 17 16564 
-11.1258  12.5993  53.5482 2 8 12778 9 13069 
-8.05886  13.1262  51.9846 2 8 12791 17 16579 
-8.19393  12.8786  51.2971 2 8 12795 9 13105 
-10.4799  12.8108  53.0321 2 8 12800 9 13092 
-10.2605  12.9054  52.8391 2 8 12803 9 13104 
-7.88913  13.0595  51.1618 2 8 12804 9 13114 
-11.8548  12.9726  54.0129 2 8 12813 9 13108 
-8.25057  13.1269  51.1505 2 8 12818 9 13126 
-9.99807  13.2881  52.4706 3 8 12835 9 13134 21 8635 
-10.5954   13.336  52.9666 2 8 12839 9 13141 
-8.24502  13.6825  51.8951 2 8 12842 17 16624 
-8.22578  13.5324  51.0753 2 8 12850 9 13159 
-10.5609  13.5008   52.836 2 8 12858 9 13157 
-8.33752  13.9143  51.8939 2 8 12860 17 16644 
-8.51948   13.662  51.2256 2 8 12864 9 13175 
-8.35519  13.7141  51.0524 2 8 12870 9 13182 
-8.68814  13.7426  51.2539 2 8 12875 9 13188 
-10.4547  14.0354  52.4167 2 8 12904 9 13212 
-10.3489  14.0907  52.3929 2 8 12905 9 13215 
-12.3165  14.0647  53.9052 2 8 12910 9 13210 
-8.24141  14.3683  50.9313 2 8 12912 9 13233 
-9.89483  14.2475  51.9041 2 8 12918 9 13229 
-8.03098  14.4452  50.6439 2 8 12920 9 13242 
-8.17583  14.4745  50.8054 2 8 12922 9 13241 
-10.5443   14.314  52.4456 2 8 12925 9 13232 
-10.2728  14.3609  52.1126 2 8 12932 9 13235 
-8.82786  14.8978  51.9388 2 8 12940 17 16709 
-8.87344  14.9806   52.107 2 8 12943 17 16712 
-8.60625  15.0003    51.94 2 8 12944 17 16711 
-8.25672  15.1796  51.4718 2 8 12957 17 16722 
-8.9164 14.9653 50.8681 2 8 12971 9 13284 
-11.4986  15.1226  52.8948 3 4 21592 8 12980 14 12564 
-8.52187  16.2969   51.073 2 8 13001 17 16757 
-12.843 16.9415 53.7068 2 8 13033 9 13346 
-12.5779   17.215  53.4317 2 8 13037 9 13351 
-3.60025 -5.31763  60.5873 2 8 13138 9 13447 
-0.449622  -5.20108   58.3167 2 8 13139 9 13448 
-1.89933 -5.20995  59.1778 2 8 13140 9 13450 
-3.55711 -5.01779  59.8736 2 8 13143 9 13456 
-1.72252  -4.9278  58.8813 2 8 13146 9 13457 
-4.88297 -4.93383   60.399 2 8 13149 9 13461 
-2.47956 -4.83079  59.0823 2 8 13150 9 13462 
-0.949372  -4.56494   57.8722 2 8 13155 9 13465 
-4.70547 -4.60501  59.9077 2 8 13158 9 13468 
-4.32185 -4.52089  59.7195 2 8 13160 9 13470 
 1.17163 -4.32335  56.7276 2 8 13162 9 13469 
-5.09967 -4.25738  59.4324 2 8 13167 9 13479 
-2.13752 -4.14797  57.8655 2 8 13169 9 13477 
-3.26705 -4.15524  58.3414 2 8 13171 9 13480 
-4.28648 -4.03605  58.7824 2 8 13175 9 13488 
-1.81111 -3.91394  57.5342 2 8 13176 9 13485 
-5.58562  -3.9565  59.4411 2 8 13177 9 13493 
-3.72226 -3.91363   58.432 2 8 13178 9 13489 
-1.11069 -3.76488  56.5302 2 8 13182 9 13492 
-8.41354  -3.5468  60.7852 2 8 13193 9 13511 
 -8.1174 -3.12862  59.8202 2 8 13199 9 13517 
-7.87189  3.82676  54.7259 3 8 13272 9 13563 10 13398 
-8.23095  3.83464  54.9173 3 8 13275 9 13565 10 13397 
-8.52501  4.02497  55.0143 5 8 13283 9 13576 10 13403 18 17247 22 15966 
-11.0663  4.41338  57.7513 4 8 13290 14 12982 16 11536 21 10407 
-10.4857  4.54715  56.7584 4 8 13295 9 13589 14 12991 16 11541 
-9.19372  4.52721  55.3508 6 8 13297 9 13592 10 13417 14 12988 16 11539 21 10411 
-10.1877  4.73058  56.2626 5 8 13305 9 13598 14 13002 16 11548 17 17179 
-10.1205  4.89114  56.4204 2 8 13312 17 17185 
-9.66292  4.97245   56.135 2 8 13315 17 17186 
-10.6976  4.90342  56.5443 2 8 13316 17 17188 
-9.05017  4.88356  54.9077 2 10 13437 17 17189 
-10.6158  4.96506  56.2883 2 8 13323 17 17192 
-10.0213  4.98067  55.8587 2 9 13615 14 13014 
-10.0158  5.07726  56.1272 2 8 13330 17 17197 
-9.27163  5.11363  55.2669 5 8 13336 9 13627 14 13017 16 11564 21 10442 
-9.55136  5.14725  55.5768 4 8 13337 14 13020 17 17201 21 10445 
-10.1347  5.22926  56.2756 2 8 13340 17 17205 
-4.90124  5.43066  52.3841 2 8 13341 9 13641 
-3.99803  5.59163  52.2215 5 8 13342 10 14002 13 16268 18 17843 22 16530 
-8.66377  5.37382  54.5636 2 8 13350 14 12747 
-10.5534  5.45247  56.3967 2 8 13352 17 17217 
-10.937 6.15853 56.3174 2 8 13380 17 17236 
-6.6842 6.36535 52.9659 2 8 13381 9 13688 
-7.92709  6.53782  54.3915 2 8 13385 17 17241 
-11.4935  6.64857  56.8655 4 8 13389 14 13076 16 11600 21 10497 
-9.49039  7.43796  55.0434 2 8 13403 17 17261 
-9.5714  7.7749 55.2248 2 8 13415 17 17273 
-5.59526  7.86876  51.8938 4 8 13416 9 13725 10 13566 18 17360 
-6.33504  8.08383  52.1251 3 8 13425 9 13734 10 13577 
-9.72479  8.17447  55.0915 2 8 13429 17 17289 
-8.93341  8.21769  54.6838 2 8 13430 17 17290 
-6.79432  8.47896  52.0324 2 8 13443 17 17304 
-10.3145  8.57948  54.5306 2 8 13451 9 13750 
-10.4761  8.75612  55.2895 2 8 13454 17 17316 
-7.27308  9.17005  52.8176 2 8 13465 17 17325 
-8.67522  9.32429  54.1117 2 8 13472 17 17332 
-7.28162  9.20805  52.1137 2 8 13477 9 13774 
-8.78622  9.54179  54.0643 2 8 13483 17 17340 
-7.35463  9.67856  52.1142 2 8 13492 9 13783 
-11.946 9.77427 55.7325 2 8 13499 17 17355 
-7.09844  10.0482  52.1593 2 8 13505 17 17356 
-9.52457  10.0572  53.1444 4 6 2826 14 12124 16 10717 21 9675 
-6.02375  10.2051  50.0704 2 8 13518 17 17371 
-11.4819  10.2731  54.9201 4 8 13520 9 13798 14 13183 16 11702 
-6.96531  10.8196  51.7743 2 8 13525 17 17379 
-11.5748  10.5759  54.8751 4 8 13527 9 13807 14 13198 16 11719 
-6.23887  10.6153  50.3042 2 8 13528 17 17382 
-6.06674  10.5769  49.9795 2 8 13529 17 17380 
-9.3305 10.8747 53.7797 2 8 13531 17 17384 
-10.8923  10.9513  54.8864 2 8 13532 17 17387 
-7.16858  10.9566  51.4722 3 8 13533 9 13820 10 13660 
-7.52893  11.0673  51.9539 2 8 13540 17 17391 
-7.37347  11.0521  51.7378 2 8 13541 17 17393 
-9.58519  10.9416  53.0583 3 8 13544 9 13821 21 10210 
-6.30385  11.3566  51.2482 5 10 14118 13 16367 17 17397 18 17931 22 16609 
-5.75936  11.6526  51.1604 5 8 13554 10 14125 13 16370 18 17938 22 16610 
-7.50245  11.4888  51.9353 2 8 13558 17 17406 
-7.9078 11.5528 52.3676 2 8 13562 17 17410 
-6.15722  11.3419  49.7469 2 8 13568 17 17416 
-11.4325  11.3558   54.403 2 8 13570 9 13836 
-6.6102 11.6622 50.7601 2 8 13572 17 17422 
-7.48618  11.7652  51.8688 2 8 13574 17 17421 
-6.3564 11.5751 50.1525 2 8 13575 17 17423 
-9.94757  11.7946  53.9821 2 8 13578 17 17426 
-7.74042  11.8415  52.1349 2 8 13580 17 17428 
-11.5825  11.7194  54.8098 2 8 13585 17 17434 
-7.45401  11.8481   51.319 2 8 13588 9 13863 
-7.98317  12.0694  52.2008 2 8 13591 17 17441 
-7.70576  12.1144  51.9338 2 8 13594 17 17444 
-8.34782  12.1858  52.5466 2 8 13597 17 17448 
-7.78085  12.0409  51.5098 2 8 13598 9 13871 
-7.55308   12.165  51.2423 2 8 13600 9 13877 
-7.64216   12.571  52.1216 2 8 13602 17 17454 
-10.5328   12.189    53.34 5 8 13606 9 13876 14 13268 16 11786 21 10669 
-7.8811 12.3762 51.3806 2 8 13609 9 13883 
-7.66772  12.4753  51.1739 2 8 13612 9 13889 
-8.57976  12.7521  52.4642 2 8 13617 17 17471 
-8.15335  12.8171  52.2786 2 8 13618 17 17472 
-11.1456  12.6827  53.5865 4 8 13625 9 13898 16 10977 21 10213 
-6.84736  12.9965  50.4348 2 8 13634 17 17488 
-8.55184  12.8596   51.481 2 8 13635 9 13912 
-11.0095  12.7903  53.4126 2 8 13637 16 10981 
-10.4138  12.8896  52.9736 2 8 13638 9 13906 
-8.22496  12.9452  51.3137 2 8 13642 9 13914 
-10.328 12.9138 52.8936 2 8 13643 9 13910 
-8.19215  13.2034  51.2246 2 8 13650 9 13923 
-9.93834  13.4855  53.4165 2 8 13652 17 17505 
-9.86102  13.5316  53.3284 2 8 13654 17 17508 
-7.99417  13.3015   50.904 2 8 13656 9 13931 
-9.93698  13.6961  53.2623 2 8 13658 17 17515 
-8.55539  13.5459   51.264 2 8 13662 9 13935 
-10.1643  13.9367  53.3236 2 8 13667 17 17522 
-8.09051  14.1865  50.9352 2 8 13680 9 13960 
-10.6802  14.0333    52.71 2 8 13681 9 13953 
-10.4595  14.0398  52.4802 2 8 13682 9 13955 
-7.99263   14.435   50.619 2 8 13686 9 13970 
-8.35435  14.4097  50.8076 2 8 13690 9 13969 
-8.74138    14.88  51.8507 2 8 13696 17 17541 
-8.17479  15.1808  51.5666 2 8 13704 17 17546 
-9.08678  14.8701  51.1198 2 8 13712 9 13988 
-12.8923  16.8206  53.7597 2 8 13734 9 14016 
-12.3154  17.5208  52.9751 2 8 13752 9 14029 
-8.08362 -3.08674  59.7619 2 8 13813 9 14100 
-7.02295  3.57819  54.3377 3 8 13855 9 14134 10 13948 
-5.46915  4.16376  53.4035 4 8 13862 9 14143 10 13951 17 17732 
-8.87212  4.06582  55.3709 2 8 13864 9 14144 
-9.13051  4.55313   55.296 7 6 3543 8 13875 9 14156 10 13960 14 13563 16 12054 21 10897 
-10.1615  4.68039   56.059 3 8 13879 9 14161 17 17751 
-10.8376  4.84368  57.3199 2 8 13881 21 10907 
-10.468 4.86893 56.6319 2 8 13885 17 17752 
-5.00109  4.75339  50.4738 2 8 13887 17 17757 
-9.76376  5.09071  56.0429 2 8 13892 9 14179 
-9.32636  5.02495  55.3733 5 8 13893 9 14180 14 13586 16 12072 21 10917 
-9.81987  5.18496  55.7423 3 8 13897 9 14187 16 12081 
-5.05467  5.24125  51.2518 2 8 13899 17 17767 
-10.0931  5.30284  56.2671 2 8 13903 17 17769 
-4.69896  5.41252  50.9142 2 8 13908 17 17772 
-10.6272  5.47541  56.4176 2 8 13912 21 10936 
-8.02994  5.94858  54.7383 2 8 13918 17 17782 
-4.94199  5.77157  50.9526 2 8 13920 17 17783 
-5.03905  5.83343  51.1271 2 8 13923 17 17784 
-10.4916  5.87978  55.9888 2 8 13927 17 17786 
-6.3175 6.11757 52.8553 2 17 17787 21 10467 
-4.78724  5.89864  50.1209 2 8 13930 17 17788 
-8.0288 6.43968   54.58 2 8 13935 17 17793 
-5.12252  6.38228  50.3882 2 8 13938 17 17797 
-11.2413  7.07903   56.382 3 8 13945 9 14238 14 13631 
-10.1807   7.0291  54.9964 4 8 13947 9 14241 14 13630 21 10963 
-5.71318  7.61587  52.0422 3 8 13955 10 14059 18 17873 
-9.77681  7.51228  54.3504 2 8 13960 9 14248 
-5.55747  7.87233  51.8763 4 8 13962 9 14252 10 14060 18 17877 
-6.35489  8.05611  52.1391 3 8 13966 9 14256 10 14068 
-8.91778  8.18255  54.6644 2 8 13969 17 17821 
-11.5578   8.1078  56.0899 2 8 13971 17 17824 
-9.70549  8.28571  55.0603 2 8 13972 17 17825 
-5.72576  8.87612  51.7009 4 8 13981 9 14269 10 14082 18 17893 
-10.6519  8.61695  54.8203 3 8 13986 9 14268 17 17837 
-7.58069  8.97329  52.4274 3 8 13990 9 14275 10 14085 
-8.26187  9.15443  53.6511 2 8 13991 17 17842 
-10.489 8.89702 54.1973 2 8 13995 9 14277 
-7.19122  9.22194  52.0961 2 8 13997 10 14089 
-8.71126   9.4114  54.0096 2 8 13998 17 17848 
-11.7008  9.71836  55.3641 3 8 14013 14 13689 16 12176 
-7.17234  9.96056   52.011 2 9 14301 10 14097 
-7.37661  10.3308  51.8762 2 8 14024 9 14310 
-11.418 10.2303 55.0376 2 8 14025 9 14308 
-7.01535   10.526  51.5344 2 8 14028 9 14313 
-6.46719  10.6703  50.3019 2 8 14031 17 17873 
-7.4781 10.9877 51.7743 2 8 14035 9 14325 
-6.66705  11.1315   50.853 2 8 14040 17 17880 
-6.28139  11.2755  50.5014 2 8 14043 17 17882 
-10.2178  11.3873  54.2193 2 8 14044 17 17885 
-7.98145  11.6282  52.4195 2 8 14050 17 17892 
-7.47899  11.6369  51.8867 2 8 14051 17 17893 
-6.42088  11.6247  50.2139 2 8 14056 17 17896 
-7.1971 11.8439 51.4988 2 8 14057 17 17898 
-8.03608  11.8586  51.5928 2 8 14064 9 14351 
-12.0212  11.8251  54.7764 2 8 14065 9 14344 
-10.535 12.2285 53.2623 2 8 14075 9 14355 
-8.27123   12.592  51.5401 2 8 14079 9 14366 
-8.28855  12.8594   52.257 2 8 14082 17 17924 
-10.1997  12.6654  52.8489 2 8 14087 9 14369 
-7.90567  12.8668   51.146 2 8 14088 9 14374 
-7.1054 12.9787 50.8227 2 8 14089 9 14377 
-9.92502   12.786  52.5954 2 8 14090 9 14371 
-8.81645  13.1641  52.6741 2 8 14091 17 17935 
-8.55874  12.8516  51.5261 2 8 14092 9 14376 
-10.5963  12.8894  53.1013 3 8 14096 9 14375 16 11815 
-8.23798  12.9909  51.3451 2 8 14098 9 14379 
-9.67565  12.9068  52.2923 2 8 14099 9 14378 
-10.3944  13.0458  52.9443 2 8 14101 9 14381 
-8.78015  13.4037  52.4969 2 8 14102 17 17942 
-9.80576  13.7512  53.1694 2 8 14110 17 17954 
-9.52891  13.4738  52.1376 2 8 14111 9 14390 
-8.0954 14.1182 51.0097 2 8 14116 9 14401 
-10.1516  14.3238  52.0023 2 8 14123 9 14405 
-9.36336  14.5492  51.6001 2 8 14126 9 14410 
-8.27991  15.3722  51.8653 2 8 14131 17 17976 
-9.58608  14.8039  51.2968 2 8 14132 9 14414 
-13.4005  16.9696  54.0791 2 8 14145 9 14428 
-13.6078  17.1752  54.3922 2 8 14147 9 14429 
-7.08334  3.74328  54.4142 2 8 14176 9 14457 
-5.1648  4.7449 52.9811 4 8 14182 9 14464 10 14257 18 18084 
-10.2576  4.75686  56.3579 3 8 14186 9 14466 21 11233 
-9.40606  5.00151  55.6101 3 8 14188 14 13901 17 18056 
-12.0383  5.29224  57.0003 2 8 14190 17 18060 
-10.0855  5.44603  56.1202 2 8 14191 17 18059 
-4.80435  5.46508  50.7522 2 8 14193 17 18062 
-10.8068  5.59756  56.4935 2 8 14194 17 18063 
-10.9432    5.833  56.4314 2 8 14200 17 18069 
-7.93308  6.04222  54.8575 2 8 14201 17 18066 
-6.15426  8.05443  52.4675 2 8 14211 17 18079 
-8.89832  8.07671   54.633 2 8 14213 17 18080 
-11.5151  8.11646  56.0922 2 8 14215 17 18083 
-5.14628  8.84535  51.5458 4 8 14218 9 14501 10 14283 18 18105 
-10.6876  8.46239  54.9302 2 8 14219 21 11263 
-11.1266  8.65838  55.7238 2 8 14220 17 18088 
-11.6325  9.11568  56.1054 2 4 23271 9 14503 
-7.1131 9.18512 52.0988 2 8 14224 9 14507 
-6.47703  9.68774  51.6671 3 8 14227 9 14508 10 14286 
-7.12462   9.9934  51.8848 3 8 14229 9 14514 10 14287 
-8.77937  11.0335   53.592 2 8 14237 17 18105 
-6.79978  11.0803  50.8962 2 8 14240 17 18108 
-6.15845  11.1908  50.3923 2 8 14241 17 18109 
-11.2327  11.2001  54.1945 2 8 14244 9 14525 
-9.9482 11.3668 53.1692 2 8 14245 9 14527 
-8.35363  11.9433   52.773 2 8 14246 17 18116 
-8.24315  11.8283  52.4162 2 8 14247 17 18117 
-7.02874  11.8613  50.9955 2 8 14248 17 18119 
-11.8399  12.2115  54.2071 2 8 14256 9 14535 
-6.94435  12.7232  50.7758 2 8 14258 9 14541 
-8.9606 13.2397 52.7895 2 8 14260 17 18129 
-9.09803  13.1788  51.7143 2 8 14261 9 14543 
-10.8942  13.4089  53.0688 2 8 14263 9 14544 
-8.58163  14.8295  52.1966 2 8 14264 17 18136 
-7.96342   3.2367  54.9384 2 8 14277 10 14323 
-5.39127  4.54728  53.2164 3 8 14280 9 14562 10 14326 
-10.169 5.51399 55.8934 4 8 14283 9 14566 14 14010 17 18157 
-10.9583   5.6329  56.4882 2 8 14285 17 18158 
-5.7403   5.797 52.3051 2 8 14286 17 18159 
-8.8768  5.9098  55.371 2 8 14287 17 18160 
-5.19353   6.3874  50.5643 2 8 14289 17 18161 
-10.9739  6.60088  55.9866 2 8 14290 17 18162 
-9.88461  7.57208  55.3492 2 8 14292 17 18164 
-7.67623   8.5531  53.3603 2 8 14296 17 18166 
 -7.783 9.72925 53.2112 2 8 14298 17 18168 
-8.28536    11.36  51.7799 2 8 14305 17 18176 
-8.20535  11.8673  52.7031 2 8 14306 17 18177 
-8.56106 -3.08935  60.1635 2 8 14359 9 14633 
-9.69324  9.11009  54.4649 2 8 14631 9 8655 
-4.80037 -3.82029  59.1135 2 8 15188 9 15517 
-11.6512  11.0641  54.6612 2 8 15525 9 15629 
-10.7291  18.1851  51.7302 2 8 15722 9 15769 
-4.81367  1.34256  54.1896 2 8 15762 9 15758 
-11.9799  13.1582  54.0635 3 4 25621 8 15819 9 15857 
-4.77697  1.49969  53.9959 2 8 15922 9 15981 
-8.87216   17.772  50.4776 2 8 15954 9 16235 
-9.40628 0.901023  57.7233 3 9 318 14 4084 16 3429 
-9.55447  1.00321  57.8852 2 9 330 21 517 
-10.545 3.12175 57.9973 2 9 622 16 902 
-9.41826  4.02783  55.7055 2 9 867 10 1119 
-5.05215 0.961128  54.6041 2 9 4593 14 4069 
-9.92269  1.05725  58.1587 2 9 4637 14 4119 
-8.84633  1.36515  56.3216 2 9 4683 16 3529 
-9.79563   2.6304  56.6407 2 9 4815 16 3681 
-11.0823  3.40036  58.5125 3 9 4909 14 4491 16 3798 
-6.75887  3.39566  54.3093 2 9 4926 10 5044 
-11.058 3.51767 58.4404 3 9 4937 14 4506 16 3807 
-10.0676  3.62239  56.5663 2 9 4974 16 3829 
-5.42054  3.97677  53.4072 2 9 5003 10 5108 
-5.23272  4.09501  53.2872 2 9 5023 10 5127 
-10.3354  4.60071  56.5004 2 9 5102 21 3433 
-4.8179 1.10902 54.2559 4 9 7754 10 7858 14 7250 16 6247 
-4.92046  1.35796  54.3018 3 9 7783 14 7286 16 6283 
-4.25072  2.51225  53.3557 2 9 7859 10 7982 
-9.80113  2.74661  56.5985 4 9 7913 14 7452 16 6432 21 5653 
-4.16386  3.00392  53.1244 2 9 7914 10 8042 
-7.97179  3.14268  55.1885 2 9 7954 10 8091 
-10.008 3.94037 56.3413 2 9 8059 14 7602 
-9.12017  4.32157  55.3976 4 9 8105 14 7641 16 6613 21 5813 
-10.519 4.83319 56.5865 2 9 8169 14 7704 
-6.0582 9.17204 51.6501 2 9 8669 10 8832 
-6.79816  11.4084  51.1733 3 9 8933 10 9105 18 12014 
-6.62216  11.4507  51.1165 3 9 8941 10 9111 18 12021 
-6.95439   11.602  51.1879 3 9 8984 10 9145 18 12048 
-9.8392 11.9213 52.7309 2 9 9066 21 6681 
-9.40721  13.6692  51.8303 4 9 9428 14 5732 16 4911 21 4374 
-6.1859 14.1632 50.4426 2 9 9444 10 9545 
-8.24821   17.411  50.2413 5 9 9942 10 10013 13 11482 18 12914 22 11818 
-8.46823  17.6582  50.3081 5 9 9963 10 10047 13 11509 18 12940 22 11839 
-8.56341  17.7987  50.2634 2 9 9992 18 12963 
-8.96917  1.19361  56.5368 3 9 10455 16 8610 21 7721 
 -10.23 1.53048 58.2525 4 9 10464 14 9896 16 8629 21 7730 
-4.46505  2.30643    53.55 2 9 10487 10 10531 
-11.2619  4.00563  58.5177 3 9 10585 14 10060 16 8787 
-6.48488  8.42386  52.3441 2 16 5494 21 4863 
-5.65516  9.01368  51.6079 2 9 10988 10 11095 
-6.03617  9.17654  51.6952 2 9 11011 10 11111 
-5.59122  9.24922   51.433 2 9 11019 10 11124 
-7.0077 11.6165  51.168 3 9 11239 10 11293 18 14635 
-7.17902  11.7645  51.1919 2 9 11261 18 14667 
-7.35212  11.8794  51.2332 2 9 11268 18 14680 
-7.40865  12.8495  50.9683 2 9 11420 18 14775 
-8.45269  17.6236  50.2867 4 9 11844 10 11776 18 15134 22 13929 
-8.33348  17.9428  50.2088 2 9 11867 18 15159 
-8.68138  3.81071   55.194 2 9 12284 10 12170 
-10.6197  4.53278  56.9027 4 9 12336 14 11723 16 10342 21 9289 
-10.551 4.69276 56.7222 5 9 12353 14 11747 16 10361 17 15863 21 9311 
-9.45413  4.64904   55.525 3 9 12356 10 12229 14 11736 
-9.21057  4.82954  55.2559 4 9 12387 14 11762 16 10370 21 9320 
-3.97078  5.49261  52.4082 4 9 12456 13 14440 18 16003 22 14799 
-10.4652  5.61258  56.0857 3 9 12510 16 10456 21 9413 
-6.09231  7.16051  54.2924 2 9 12599 14 11890 
-5.05233   7.1274  51.9359 2 9 12606 18 16140 
-4.99002  7.36624    51.85 2 9 12620 18 16154 
-5.40767  7.34358  52.0043 3 9 12621 10 12526 18 16153 
-5.58749  7.52094  51.9868 2 9 12629 10 12540 
-5.7353 7.68831 52.0162 2 9 12641 10 12552 
-6.01342  7.91463   52.076 2 9 12650 10 12568 
-5.52921  9.16573  51.5034 3 9 12742 10 12679 18 16280 
-6.26444  9.16976  51.6823 2 9 12755 10 12687 
-6.20637  9.24064  51.6737 2 9 12760 10 12692 
-6.92236  11.4186  51.2373 2 9 12920 10 12821 
-5.42919  11.8064  50.9708 5 9 12936 10 12842 13 14932 18 16456 22 15227 
-7.02976  11.6038  51.1833 3 9 12949 10 12840 18 16451 
-6.65957   11.695  51.0668 2 9 12962 18 16458 
-6.4984 11.7599 51.0101 3 9 12968 10 12851 18 16473 
-5.37247  12.0825   50.944 5 9 12970 10 12868 13 14966 18 16491 22 15266 
-7.25616  11.7874  51.1953 3 9 12975 10 12864 18 16481 
-6.6999 11.9887 51.0059 3 9 12981 10 12873 18 16496 
-7.33072  12.6659   51.007 2 9 13068 10 12920 
-7.34769  13.0125  50.9143 3 9 13107 10 12942 18 16575 
-6.85595   13.234  50.7643 2 9 13117 18 16594 
-7.48264  13.1174  50.8984 2 9 13120 18 16587 
-7.62672  13.3804  50.8469 3 9 13140 10 12967 18 16610 
-11.1228  14.6338  52.7118 4 6 3050 9 13258 14 12547 16 11105 
-6.60919  3.80338  53.9727 2 10 13396 17 17144 
-6.24391  3.96174  53.7519 6 9 13567 10 13399 13 15648 17 17149 18 17241 22 15963 
-5.89455  4.02995    53.64 3 9 13570 10 13400 17 17150 
-5.00896  4.81454  52.7845 5 9 13594 10 13425 13 15673 18 17266 22 15989 
-9.04519  4.93121  55.0275 4 9 13612 14 13009 16 11553 21 10429 
-10.2928  5.17766  56.0583 4 9 13632 14 13029 16 11571 21 10455 
-10.8962  6.18259  56.3879 2 9 13682 21 10491 
-11.2779  6.64694  56.4861 2 9 13695 21 10499 
-11.1789  7.06959  56.3806 4 8 13397 14 13083 16 11609 21 10506 
-5.64689  8.28305  51.8048 2 9 13740 10 13581 
-4.99753  8.97752  51.5637 2 9 13753 10 13605 
-5.68336  8.93963  51.6584 2 9 13755 10 13606 
-5.35098  9.06615  51.4842 3 9 13757 18 17394 22 16112 
-6.71285  9.07078  51.9526 2 9 13764 10 13613 
-9.63229  9.93272  53.4287 2 9 13794 21 10209 
-12.0887  10.4958  55.5537 2 9 13804 16 11718 
-4.86976  11.1556  51.0176 4 11 12384 13 15839 18 17443 22 16146 
-7.31891  12.9664  50.8993 2 9 13909 10 13737 
-7.23105  13.1809  50.9876 3 10 13741 18 17526 22 16223 
-4.87715   4.5278  52.9445 2 9 14149 10 13956 
-4.96631  5.20999  52.6393 2 9 14181 10 13983 
-4.28619  5.34069  52.4653 2 9 14182 10 13988 
-4.74236  5.47933  52.4894 2 9 14192 10 13999 
-10.0135   5.3239  55.7214 2 9 14193 14 13598 
-10.6514  5.46864  56.4163 3 9 14197 14 13603 16 12089 
-6.65232  6.46586  53.0189 3 9 14228 10 14038 17 17795 
-10.5811  7.57123  55.1867 2 9 14246 14 13641 
-5.70083  8.37966  51.7957 3 9 14263 10 14072 18 17888 
-6.70497  10.4533  51.4466 2 9 14312 10 14105 
-6.30415  11.9298  51.0023 4 9 14343 10 14133 18 17949 22 16622 
-6.83059  11.8222  51.0862 3 9 14346 10 14132 18 17948 
-7.06402  13.4913   50.714 4 9 14386 10 14177 18 17988 22 16660 
-5.42532  4.34145  53.3641 4 9 14461 10 14252 17 18049 18 18081 
-10.2317  5.39816  55.9229 3 9 14471 14 13905 16 12405 
-5.51875  5.78897   52.668 4 8 14195 9 14475 10 14269 17 18061 
-10.9284  6.66413   56.176 4 4 23250 8 14204 17 18072 21 11251 
-10.7864  7.13644  55.7142 3 9 14486 14 13920 21 11255 
-6.41042  7.96583  52.1723 2 9 14494 10 14279 
-5.79766  8.62217  51.7482 2 9 14498 10 14282 
-10.6947  8.49747  54.8764 2 9 14500 14 13928 
-5.48514  5.91219  52.6202 2 9 14569 10 14330 
-6.34892  11.3197  51.4035 3 9 14586 10 14340 18 18171 
-10.9064  15.8587  52.1383 2 9 15467 14 15085 
-6.05284  8.79459   51.784 2 9 15562 10 15088 
-6.32084  2.04234  54.8194 2 10 672 17 1591 
-5.00821  4.29787   53.143 2 10 1144 17 2008 
-4.93482  4.38505  53.0899 2 10 1161 17 2031 
-4.74552  11.6861  50.9732 2 10 2352 22 3124 
-4.42237  11.8593  50.8936 4 10 2399 13 3063 18 3464 22 3158 
-5.32553  12.1531  50.9725 2 10 2517 18 3552 
-5.27261  12.1433  50.9118 4 10 2518 13 3130 18 3553 22 3228 
-8.25398   12.686  51.2753 2 10 2661 18 3682 
-8.05618  12.7223  51.1733 2 10 2672 18 3689 
-7.95049  13.1098  51.0082 2 10 2757 18 3764 
-8.50224  14.2203  50.8041 2 10 3032 18 8490 
-7.42427  14.4049  50.5304 2 10 3060 18 3965 
-7.52008  14.7867  50.4412 2 10 3158 18 4054 
-8.32631  14.9789  50.6123 2 10 3259 18 4119 
-11.0437  16.0113  51.9319 2 10 3471 18 4242 
-10.8519  16.1488  51.8195 2 10 3505 18 4260 
-8.5989 15.9163 50.4129 2 10 3507 18 4269 
-8.82738  15.9396  50.5252 2 10 3511 18 4271 
-8.53057  15.9355  50.4033 2 10 3512 18 4273 
-9.5151 16.2362  50.776 2 10 3617 18 4309 
-9.67244  16.2792  50.8484 4 10 3627 13 3644 18 4316 22 3869 
-8.37408  16.7565  50.2696 2 10 3744 18 4369 
-12.2005  17.4461  52.8057 2 10 3801 18 4373 
-8.36743  16.9972  50.2765 2 10 3811 18 4402 
-5.95219  17.5939  50.0172 4 10 3875 13 3765 18 4452 22 4009 
-8.51096  17.4705  50.3017 2 10 3942 18 4471 
-11.5763  17.8355  52.2202 2 10 3943 18 4453 
-8.81632  17.6456  50.4016 2 10 3984 18 4492 
-8.57543  17.6352  50.2864 2 10 3985 18 4495 
-11.2335  18.0302  51.9458 2 10 4004 18 4488 
-8.81144  17.7415  50.3822 4 10 4008 13 3801 18 4507 22 4047 
-7.20737  17.9506  50.1117 2 10 4020 18 4523 
-8.44095  17.8398   50.283 3 10 4029 18 4522 22 4060 
-7.60993   18.011   50.249 2 10 4044 18 4533 
-7.51889  18.0189   50.154 3 10 4056 18 4540 22 4087 
-7.82981  18.0137  50.2004 4 10 4059 13 3840 18 4543 22 4086 
-7.68361  18.0478  50.2251 2 10 4061 22 4089 
-8.04563  17.9898  50.2363 3 10 4063 13 3834 18 4542 
-10.3988  18.5181  51.3176 4 10 4124 13 3853 18 4570 22 4105 
-5.17902 0.376951  54.9457 2 10 4642 16 3346 
-0.91922  2.99879   53.233 3 10 4887 18 6461 22 5886 
-7.74356  3.71544  54.6675 2 10 5088 14 4525 
-5.33206  4.02141   53.416 2 10 5113 17 6813 
-4.99658   4.3631  53.1268 2 10 5157 17 6872 
-4.62238   4.9865  52.7156 2 10 5207 17 6942 
-5.54288  8.09248   51.802 2 10 5527 18 7354 
-4.71838  8.61142  51.4958 2 10 5597 13 6454 
-4.90347  8.95535  51.4091 2 10 5683 22 6775 
-7.42471  9.81618  51.9669 2 10 5833 18 7623 
-11.6613  11.6093  54.1212 2 10 6073 18 3416 
-8.09115  11.4138  51.7175 2 10 6080 18 7908 
-7.72711  12.2033  51.2565 2 10 6233 18 8077 
-11.5984  12.5318  53.6966 2 10 6249 18 3597 
-7.74117  12.3046  51.2303 2 10 6256 18 8103 
-11.5706  12.6403  53.6704 2 10 6275 18 8101 
-7.9569 12.4382 51.2359 2 10 6290 18 8132 
-8.42913  12.4674  51.4779 2 10 6292 18 8134 
-8.05632  12.4806  51.3102 3 10 6293 18 8139 22 7331 
-7.85758  12.4727  51.1909 2 10 6294 18 8140 
-7.76665  12.5221  51.1777 2 10 6306 18 8142 
-7.97814  12.5384  51.2405 2 10 6311 18 8155 
-12.0836  13.0128  54.1894 2 14 5716 16 4910 
-8.10793  12.5815  51.3344 2 10 6316 18 8159 
-7.88429  12.5672  51.1816 2 10 6317 18 8161 
-7.99774  12.6589  51.1835 2 10 6333 18 8181 
-8.38233  12.7743  51.3524 2 10 6353 18 8199 
-8.08103  12.7938  51.0809 2 10 6363 18 3710 
-8.06907  12.9093  51.1097 2 10 6381 18 8230 
-12.1439  13.3009  53.7963 2 10 6384 18 8219 
-8.01928  13.0357  51.1187 2 10 6396 18 8253 
-8.3965 13.0981 51.2886 2 10 6409 18 8260 
-12.1265  13.4217  53.6492 3 10 6416 18 8251 22 3371 
-4.8868 13.5899 50.5894 4 10 6432 13 7264 18 8297 22 7508 
-8.30754  13.5446   51.045 2 10 6490 18 8346 
-8.45694     13.7  51.0927 3 10 6518 18 8371 22 7550 
-8.30607  13.6723  50.9539 2 10 6519 18 8375 
-8.54618  13.7601  51.0859 2 10 6531 18 8390 
-11.9712  14.1078  53.3474 2 10 6532 18 8374 
-11.1729  14.4581  52.6252 2 10 6606 18 8468 
-8.59657  14.2045   50.886 2 10 6609 18 8482 
-8.40733  14.2259  50.8398 3 10 6612 18 8486 22 3553 
-11.1326  14.5408  52.5756 2 10 6623 18 8483 
-12.6122   14.746  53.6499 2 10 6625 18 3940 
-11.2005  14.6424  52.5951 2 10 6639 18 8500 
-6.98725  14.6104  50.4844 2 10 6660 18 8534 
-7.37013  14.7609  50.4244 2 10 6693 18 8574 
-11.3623  15.0192   52.579 2 10 6703 18 4027 
-13.503 15.8517 54.5708 2 10 6752 18 4104 
-12.3966  15.4787  53.2708 2 10 6754 18 8623 
-6.26653  15.5354  50.2433 3 10 6813 13 7649 22 7894 
-7.13975  15.7247  50.2621 4 10 6864 13 7688 18 8766 22 7933 
-8.85501  15.6518  50.5724 2 10 6870 18 8774 
-7.04794   15.837  50.2419 4 10 6873 13 7708 18 8783 22 7949 
-8.71488  15.6961  50.5834 3 10 6876 18 8777 22 7932 
-9.12088  15.7609  50.6928 2 10 6886 18 8788 
-9.16799  15.8502  50.7086 2 10 6900 18 8799 
-8.57347  15.8717  50.4567 2 10 6905 18 8808 
-9.16685  15.9443  50.7303 3 10 6913 18 8816 22 7971 
-10.9023  16.1929  51.8117 2 10 6923 18 8814 
-8.93513  16.0042  50.5645 4 10 6925 13 3617 18 8830 22 7988 
-9.15893  16.0232  50.6744 2 10 6928 18 8834 
-9.30208  16.0513  50.7182 2 10 6934 18 8838 
-9.66714  16.0662  50.8884 2 10 6938 18 8835 
-9.77593  16.1399  50.9337 2 10 6952 18 8850 
-8.55438  16.1429  50.3569 2 10 6963 18 8868 
-9.33767  16.1982  50.7018 4 10 6967 13 3637 18 8870 22 8021 
 -5.408 16.6602 50.0581 4 10 6976 13 7836 18 8898 22 8080 
-9.59115  16.3036  50.8342 2 10 6986 18 8883 
-9.43616  16.2715  50.6891 2 10 6987 18 8886 
-9.34961  16.2893  50.6854 2 10 6991 18 8888 
-8.47097  16.5369  50.3018 4 10 7021 13 7837 18 8924 22 8089 
-8.42147  16.6352  50.3249 2 10 7031 18 8934 
-5.86649  17.0071  50.0559 2 10 7037 18 8946 
-5.67147  17.2366  49.9426 4 10 7078 13 3731 18 4398 22 8173 
-5.84676   17.485  50.0008 3 10 7118 18 9023 22 8214 
-6.70652   17.563   49.996 3 10 7162 13 7987 22 8237 
-8.47864  17.3862  50.2868 2 10 7163 18 9058 
-8.38587  17.4332  50.2954 3 10 7173 18 9061 22 8223 
-8.41471  17.5293  50.2524 2 10 7187 18 9079 
-8.67128  17.5467  50.3323 3 10 7192 18 9082 22 8238 
-8.68561  17.6527  50.3848 2 10 7204 18 9093 
-8.48415  17.6884  50.3471 4 10 7209 13 8003 18 9095 22 8256 
-8.42758  17.6935  50.3029 2 10 7210 22 4042 
-7.4627 17.8888  50.182 4 10 7228 13 8037 18 9118 22 8295 
-7.60254  17.9198  50.2238 4 10 7233 13 8041 18 9125 22 8297 
-8.0772 17.8446 50.2276 4 10 7235 13 3817 18 9122 22 8290 
-8.55647  17.8025  50.2848 2 10 7238 18 9121 
-7.37172  17.9847  50.1882 3 10 7239 18 9138 22 4077 
-11.1764  18.1107  51.8566 2 10 7240 18 9105 
-8.88292  17.8081  50.3581 2 10 7243 18 9127 
-9.23644  17.8619    50.55 2 10 7249 18 9130 
-7.9409 17.9977 50.1991 4 10 7257 13 8058 18 9149 22 8312 
-10.1243  18.5303  51.2013 3 10 7313 18 9187 22 8345 
-10.2506  18.5515  51.2101 3 10 7317 13 8082 22 8348 
-9.65283   18.548  50.9632 3 10 7318 18 9198 22 8357 
-10.2263  18.5507   50.955 2 10 7328 18 4589 
-2.14465 -4.86827  58.7664 2 10 7439 18 9561 
  -5.1608 0.0445622   55.0379 4 10 7780 14 7143 16 6172 21 5460 
-5.41329 0.470516  55.1852 3 10 7803 14 7173 21 5471 
-7.26356 0.704748  55.7065 2 10 7840 17 10347 
-7.67174  1.13608  55.7583 2 10 7887 17 10427 
-4.82885  1.64107  54.0955 2 10 7923 14 7313 
-6.90181  2.36494  54.8663 2 10 7981 17 10565 
-7.8426 2.33686 55.4308 2 10 7984 17 10571 
-7.97891  2.33693  55.4757 2 10 7985 17 10572 
-6.77837  2.52251  54.7861 2 10 8004 17 10597 
-6.29465  2.55711  54.5552 2 10 8005 17 10594 
-9.33369  2.48276  56.2586 2 10 8016 14 7419 
-7.50831  2.55838  55.1916 2 10 8017 17 10614 
-4.37061  2.86095  53.4257 2 10 8023 17 10621 
-4.16798   3.1426  53.2372 2 10 8051 17 10662 
-2.98955  3.28354  52.8025 2 10 8061 11 6868 
-3.08385  3.37633  52.8099 3 10 8077 18 10939 22 9947 
-5.67247  3.41145  53.8991 2 10 8108 17 10736 
-5.43237  4.00128  53.4624 2 10 8166 17 10818 
-8.4814 3.87298 55.0013 2 10 8172 17 10836 
-4.89329  4.66425   52.917 2 10 8237 17 10896 
-3.4283 8.00709 51.7158 4 10 8634 11 7339 13 10254 22 10519 
-4.71912  8.61233  51.4988 3 10 8740 13 10342 22 10608 
-6.76286  9.29586  51.8548 2 10 8862 18 11742 
-7.29818  10.0014  51.8573 2 10 8922 18 11829 
-4.47564  10.9768  51.1646 4 10 8994 13 10571 18 11921 22 10851 
-7.02552   10.737  51.4412 2 10 9006 18 11926 
-11.0199   11.055   53.797 2 10 9037 18 11938 
-11.8279  11.1857  54.3718 2 10 9044 18 11945 
-6.57835  11.4431  51.1175 2 10 9108 18 12016 
-5.07315  11.8533  51.0074 4 10 9148 13 10702 18 12060 22 10988 
-6.04007  11.7653  51.0295 3 10 9163 13 10701 18 12071 
-5.31963  11.9791  50.9682 2 10 9182 22 11022 
-5.2827 12.0801 50.9643 2 10 9196 18 12110 
-3.69423  12.4299  50.9456 2 10 9203 13 10770 
-5.36298   12.142  50.9305 3 10 9205 18 12119 22 11047 
-7.61579  11.9104  51.1803 2 10 9213 18 12124 
-7.50997  11.9472  51.2129 2 10 9214 18 12126 
-7.89837  11.9568  51.1547 2 10 9228 18 12134 
-3.82467  12.6066  50.9195 4 10 9233 13 10793 18 12148 22 11087 
-7.73876  12.2153   51.248 2 10 9253 18 12161 
-7.74538   12.294  51.2243 2 10 9263 18 12177 
-8.19005  12.3883  51.3565 2 10 9282 18 12189 
-8.04638  12.4724  51.3365 3 10 9293 18 12202 22 11111 
-8.22783  12.4966  51.3494 2 10 9300 18 12205 
-7.78034  12.5395  51.1785 2 10 9306 18 12212 
-7.97919  12.5406  51.2263 2 10 9308 18 12221 
-8.09655  12.6063   51.368 2 10 9312 18 12224 
-7.87635  12.5702  51.1688 2 10 9316 18 12225 
-11.0968  12.8432  53.2566 2 10 9320 18 12217 
-8.42012   12.623   51.419 2 10 9321 18 12230 
-8.20768  12.6185  51.3224 2 10 9322 18 12231 
-7.99078   12.677  51.2117 2 10 9332 18 12239 
-8.15962  12.6952  51.1388 2 10 9340 18 12251 
-8.37118  12.7581  51.3571 2 10 9346 18 12250 
-6.15127  13.0286  50.8063 3 10 9362 18 12271 22 11192 
-11.139 13.0804 53.0509 2 10 9368 18 12264 
-7.82254  12.9029  51.1082 2 10 9369 18 12274 
-12.019 13.2776 53.8486 2 10 9375 18 12266 
-8.06839  12.9073  51.1257 2 10 9376 18 12282 
-6.27712   13.103  50.6986 4 10 9381 13 10925 18 12297 22 11214 
-8.01375  13.0225  51.1021 2 10 9393 18 12302 
-8.06194  13.1098  51.0445 2 10 9409 18 12318 
-4.83752  13.5207  50.6363 4 10 9411 13 10978 18 12329 22 11264 
-8.1866 13.2648 51.1038 2 10 9431 18 12338 
-8.49471  13.6016  51.1042 2 10 9484 18 12391 
-8.21505  13.6105  50.9908 2 10 9486 18 12392 
-8.3901 13.6458 51.0474 2 10 9491 18 12399 
-5.1939 14.0195 50.5104 4 10 9498 13 11056 18 12417 22 11351 
-8.30905  13.6903  50.9606 2 10 9504 18 12407 
-8.54885   13.745  51.0967 2 10 9510 18 12418 
-10.7657  13.9538  52.4135 2 10 9518 18 12415 
-12.1753  14.2085  53.4296 2 10 9524 18 12421 
-12.0329  14.3441  53.2965 2 10 9552 18 12448 
-6.3056 14.2629 50.4448 2 10 9566 18 12481 
-8.47986  14.1655  50.9228 2 10 9577 18 12485 
-6.2524  14.455 50.4195 4 10 9591 13 11120 18 12504 22 11422 
-8.29142  14.1942  50.6443 2 10 9594 18 12495 
-8.13507  14.2845  50.7227 2 10 9596 18 12501 
-8.01185   14.329  50.7337 2 10 9598 18 12505 
-7.32122  14.4979  50.5148 2 10 9613 18 12517 
-11.4273  14.7231  52.6626 2 10 9616 18 12513 
-6.99095  14.6121   50.473 2 10 9621 18 12527 
-6.0361  14.836 50.3349 4 10 9632 13 11175 18 12541 22 11467 
-8.25115  14.6521  50.7234 2 10 9635 18 12538 
-7.36729  14.7695  50.4731 3 10 9643 18 12555 22 11469 
-7.90348  14.7399  50.5944 2 10 9645 18 12554 
-7.46897  14.8556  50.4849 2 10 9660 18 12568 
 -7.715 14.8751 50.5426 2 10 9671 18 12576 
-8.4484 14.8885 50.6006 3 10 9685 13 11197 22 11508 
-8.40522  15.0059  50.6008 2 10 9699 18 12610 
-6.68305  15.4605    50.27 4 10 9741 13 11269 18 12668 22 11578 
-8.71115  15.3259   50.591 2 10 9753 18 12673 
-8.70625  15.6986  50.5934 3 10 9784 18 12704 22 11614 
-7.13964  15.8134  50.2307 4 10 9785 13 11315 18 12708 22 11627 
-7.03354  15.8427  50.2385 4 10 9786 13 11320 18 12710 22 11629 
-7.2383 15.8248 50.2014 4 10 9791 13 11321 18 12715 22 11633 
-8.66788  15.7841  50.5233 3 10 9799 18 12718 22 11625 
-9.15359   15.869  50.7041 2 10 9809 18 12723 
-8.85071  15.8903  50.6085 2 10 9810 18 12729 
-8.56851  15.8629  50.4569 2 10 9811 18 12727 
-9.27868  15.8496  50.6878 2 10 9812 18 12724 
-8.99145  15.8686  50.6039 4 10 9813 13 11324 18 12726 22 11640 
-9.45195  15.9618  50.8019 2 10 9818 18 12737 
-9.02314  15.9892  50.5812 4 10 9825 13 11338 18 12744 22 11658 
-9.16693  16.0346  50.6776 2 10 9830 18 12750 
-9.66537  16.0572  50.8696 2 10 9835 18 12749 
-9.55028  16.0769  50.8541 2 10 9837 18 12754 
-9.7797 16.1342 50.9514 2 10 9844 18 12760 
-9.31521  16.2022  50.7598 2 10 9856 18 12775 
-8.56039  16.1516  50.3532 2 10 9857 18 12779 
-9.51664  16.2159  50.8373 2 10 9859 18 12778 
-10.5215  16.4741   51.582 2 10 9875 18 12785 
-9.58474  16.3016  50.8226 2 10 9877 18 12792 
-10.5384  16.8088  51.6691 2 10 9906 18 12811 
 -5.123 17.1914 49.9496 4 10 9933 13 11448 18 12845 22 11771 
-11.2653  17.1617  52.1986 2 10 9939 18 12829 
 -5.074 17.3014 49.9032 4 10 9949 13 11462 18 12862 22 11785 
-12.3187  17.3945  52.9017 2 10 9950 18 12833 
-5.72405  17.2504  49.9784 4 10 9956 13 11458 18 12866 22 11783 
-5.27663  17.3564  49.9459 3 10 9959 13 11466 22 11791 
-12.1766  17.5089  52.8357 2 10 9967 18 12847 
-5.88788  17.3225  49.9266 4 10 9971 13 11469 18 12879 22 11796 
-5.7113 17.3691 49.9528 4 10 9972 13 11473 18 12882 22 11801 
-8.25584  17.0958  50.2791 2 10 9975 22 11778 
-5.85823  17.4742  49.9782 4 10 9984 13 11484 18 12890 22 11808 
-5.73544  17.5035  49.9929 4 10 9985 13 11485 18 12892 22 11809 
-8.4284 17.3275 50.2815 2 10 10003 18 12907 
-6.70067  17.5811  50.0295 2 10 10011 18 12917 
-6.82613  17.5613  50.0112 4 10 10014 13 11501 18 12920 22 11827 
-6.57631  17.6429  50.0657 4 10 10016 13 11503 18 12921 22 11828 
-6.77099  17.6826  49.9747 2 10 10030 18 12933 
-8.43156  17.5321   50.219 2 10 10035 18 12932 
-11.4922  17.9287  52.1836 2 10 10036 18 12919 
-11.3752  17.9323  52.1163 2 10 10038 18 12922 
-11.1764  17.9151   51.887 2 10 10044 18 12930 
-11.3412  18.0288  52.0176 2 10 10053 18 12934 
-7.46229  17.8774  50.1815 4 10 10058 13 11538 18 12955 22 11867 
-8.18261  17.8004  50.2534 3 10 10064 18 12954 22 11853 
-7.81461  17.8581  50.1999 4 10 10065 13 11537 18 12959 22 11866 
-7.60063   17.906  50.2245 4 10 10066 13 11540 18 12960 22 11869 
-8.08473  17.8194   50.202 4 10 10068 13 11535 18 12961 22 11862 
-10.8888  18.1255  51.6989 2 10 10083 18 12956 
-7.94472  18.0178  50.2102 4 10 10091 13 11553 18 12983 22 11884 
-9.73751  18.5934  50.9157 4 10 10142 13 11588 18 13029 22 11923 
-2.98436 -4.11737  58.0077 2 10 10277 18 13316 
-5.19818  0.54969  54.9188 3 10 10445 16 8560 21 7686 
-7.05195 0.529219  55.6664 2 10 10452 17 13599 
 -7.6857 0.990549  55.8043 2 10 10479 17 13647 
-4.76303  1.22721  54.1841 4 8 10134 9 10448 10 10481 14 9865 
-7.88606  1.03407  55.8633 2 10 10482 17 13653 
-8.14529  1.12042  55.9127 2 10 10486 17 13659 
-7.65965  1.16326  55.7462 2 10 10487 17 13660 
-7.85412  1.19234   55.803 2 10 10490 17 13663 
 -4.803 1.48529 54.3314 2 10 10492 17 13669 
-3.73807  1.62976  53.4442 2 10 10498 11 9123 
-10.2646   1.8576  58.1012 2 10 10520 14 9910 
-6.91266  2.32665  54.8759 2 10 10537 17 13732 
-6.09392  2.47575  54.5403 2 10 10544 17 13738 
-8.16326  2.39493  55.5127 2 10 10549 17 13752 
-4.45534  2.65404  53.5483 2 10 10550 17 13749 
-4.19134  2.68949  53.3804 2 10 10553 17 13750 
-6.46985  2.59683  54.6118 2 10 10559 17 13758 
-7.52243  2.59874   55.179 2 10 10567 17 13766 
-4.12206  2.87046  53.3057 2 10 10570 17 13767 
-8.1707  2.6812 55.4255 2 10 10572 17 13773 
-2.88904  3.35753  52.7651 4 10 10591 13 12486 18 13969 22 12809 
-7.64719  3.62879  54.6472 4 10 10635 14 10030 16 8756 21 7825 
-5.45595  4.03588  53.4671 2 10 10651 17 13888 
-5.03144  4.39614  53.1269 2 10 10675 17 13917 
-4.86736  4.64201  52.9231 2 10 10697 17 13939 
-4.8728 4.81142 52.8729 2 10 10716 17 13950 
-4.6979 4.88049 52.7511 2 10 10724 17 13955 
-1.75209  5.39269   52.647 2 11 10872 19 9734 
-11.7255  5.23542  57.9373 2 10 10767 18 11237 
-8.90134  5.08049  54.7732 2 10 10783 14 10175 
-3.47829  5.74638  52.2434 2 10 10830 13 12745 
-3.40668  8.16635  51.7017 4 10 11014 13 12895 18 14383 22 13225 
-4.70498  8.42023  51.5225 2 10 11050 22 13248 
-4.7953 8.78422 51.4527 3 10 11071 18 14430 22 13270 
-5.11696  9.13503  51.5721 2 10 11096 18 14451 
-5.27807  9.17031   51.429 2 10 11107 18 14457 
-7.46394  9.99378  52.1301 2 10 11165 18 14516 
-7.28039  10.1852  51.8123 2 10 11179 18 14526 
-4.57336  10.7264  51.2382 4 10 11193 13 13044 18 14542 22 13366 
-4.39334  10.7909  51.2126 3 10 11195 18 14545 22 13371 
-6.96409  10.5747  51.4755 2 10 11203 18 14551 
-4.61397  10.9963   51.144 4 10 11213 13 13055 18 14562 22 13383 
-7.89313  10.8257  51.7597 2 10 11227 17 14489 
-4.56903  11.1711  51.0707 4 10 11232 13 13066 18 14575 22 13396 
-7.72252  11.1896  51.4749 2 10 11254 18 14597 
-4.48882  11.5591  50.9683 4 10 11255 13 13089 18 14601 22 13423 
-4.49968  11.6816  50.9378 4 10 11263 13 13100 18 14608 22 13433 
-8.10586  11.4844  51.7077 2 10 11275 18 14616 
-4.70311   11.784  50.9695 4 10 11276 13 13110 18 14619 22 13441 
-4.57114  11.9201  50.9194 4 10 11287 13 13129 18 14640 22 13463 
-7.70641  11.5644  51.3439 3 10 11292 18 14634 22 13440 
-4.37513  11.9774  50.8996 2 10 11294 13 13132 
-5.72761  11.8027   51.022 2 10 11296 18 14646 
-5.85229  11.8356  51.0971 4 10 11300 13 13128 18 14649 22 13460 
-6.03569  11.8259  51.0784 2 10 11302 22 13468 
-5.47713  11.9244    51.05 4 10 11305 13 13136 18 14659 22 13474 
-5.61584  11.9125  51.0093 5 10 11307 11 9918 13 13135 18 14663 22 13476 
-5.32731  12.0786  50.9429 4 10 11322 13 13154 18 14679 22 13489 
-7.47561  11.9162  51.1907 2 10 11329 18 14686 
-7.6257 12.1111 51.2966 2 10 11341 18 14697 
-11.1029  12.3572  53.4776 2 10 11345 18 14696 
-5.67104  12.3348  50.9141 2 10 11346 13 13179 
-7.76516  12.2513   51.237 2 10 11357 18 14713 
-7.69735  12.4317  51.2253 2 10 11369 18 14732 
-8.07101   12.596  51.3135 2 10 11385 18 14754 
-7.2244 12.6564 50.9133 2 10 11390 18 14758 
-10.8209  12.9427  52.9404 2 10 11401 18 14762 
-8.03271   12.748  51.1172 2 10 11403 18 14772 
-8.22104  12.7786  51.1841 2 10 11409 18 14771 
-7.82546  12.8705  51.1182 2 10 11411 18 14777 
-8.14305  13.0688  51.0617 2 10 11438 18 14799 
-7.9169 13.0887 51.0457 2 10 11439 18 14800 
-8.02376  13.2652  51.0705 2 10 11449 18 14812 
-8.20825   13.313  51.0922 2 10 11458 18 14815 
-7.60824  13.3799  50.8882 2 10 11463 18 14818 
-5.24501   13.806  50.5402 4 10 11469 13 13317 18 14839 22 13649 
-8.23627  13.5708   51.011 2 10 11480 18 14841 
-5.64836  13.8796  50.5108 2 10 11487 18 14854 
-8.39322  13.7059  51.1212 2 10 11492 18 14851 
-8.55759   13.712  51.1203 2 10 11494 18 14856 
-7.94117  13.9578  50.7125 2 10 11518 18 14885 
  -7.94 14.0681 50.6984 2 10 11525 18 14890 
-8.1386 14.2392 50.7335 2 10 11542 18 14904 
-8.31627  14.2596  50.7765 3 10 11545 18 14905 22 13706 
-7.95944  14.3017  50.7215 2 10 11548 18 14908 
-5.99173  14.5841  50.4213 4 10 11550 13 13378 18 14913 22 13713 
-8.19416  14.4384  50.6951 3 10 11556 18 14916 22 13712 
-7.01148  14.6053  50.4549 2 10 11557 18 14923 
-8.01114  14.5534  50.6524 4 10 11560 13 13379 18 14922 22 13719 
-8.32909  14.5645  50.7156 3 10 11562 18 14924 22 13720 
-6.06597  14.8543  50.3382 4 10 11563 13 13402 18 14932 22 13738 
-8.21456  14.6549   50.601 4 10 11566 13 13389 18 14931 22 13727 
-7.88201   14.714  50.6124 3 10 11567 18 14934 22 13729 
-8.54023  14.6665    50.74 3 10 11568 13 13387 22 13726 
-8.03351  14.7091  50.5817 4 10 11569 13 13392 18 14937 22 13732 
-6.02996  15.0502  50.3287 4 10 11576 13 13417 18 14954 22 13762 
-8.51931  14.7986  50.6427 4 10 11587 13 13406 18 14952 22 13745 
-8.5666 15.0278 50.6144 2 10 11601 18 14972 
-6.44791  15.5333  50.2959 3 10 11624 18 15003 22 13799 
-14.2667  16.4624  54.5404 3 10 11652 13 13430 18 15013 
-8.68612  15.6925   50.578 2 10 11654 18 15020 
-9.31219   15.821  50.6439 2 10 11661 18 15033 
-9.14686  15.8765  50.6625 2 10 11662 18 15036 
-8.82635  15.8868  50.5672 2 10 11663 18 15037 
-13.3618  16.7012  54.0671 2 10 11665 18 15029 
-9.33799  16.0032  50.6265 2 10 11671 18 15046 
-8.90425  16.0474  50.5711 2 10 11672 18 15041 
-9.16924  16.0427   50.596 2 10 11673 18 15047 
-8.71698  16.0283  50.3906 2 10 11674 18 15048 
-8.58162  16.1679  50.3351 2 10 11687 18 15055 
-9.23864   16.264  50.6017 2 10 11694 18 15058 
-11.2407   17.215  52.2176 2 10 11728 18 15081 
-5.7136 17.1915 49.9559 4 10 11730 13 13537 18 15095 22 13893 
-5.75256  17.3496  49.9224 4 10 11741 13 13549 18 15106 22 13905 
-6.03715  17.4708   50.007 3 10 11748 18 15110 22 13912 
-8.46085  17.3091  50.2684 2 10 11754 18 15118 
-6.64895  17.5338  50.0094 3 10 11756 13 13563 22 13921 
-6.84255  17.5257  50.0103 4 10 11757 13 13562 18 15122 22 13920 
-11.5028  17.9236  52.1548 2 10 11771 18 15123 
-11.3567  18.0533  52.0285 2 10 11787 18 15133 
-8.15513  17.7893  50.2479 3 10 11790 18 15143 22 13940 
-8.3894  17.793 50.2858 2 10 11791 18 15145 
-8.58646  17.8457  50.2982 2 10 11795 22 13950 
-8.0234 18.1669 50.2048 2 10 11813 13 13605 
-8.2506 18.1453 50.1983 2 10 11814 22 13967 
-9.6652 18.3509 50.8544 3 10 11824 13 13603 22 13970 
-3.22323 0.828168  53.9208 2 10 12079 17 15615 
-4.21547  2.06794  53.6372 2 10 12107 17 15677 
-4.2703 2.28776 53.5919 2 10 12109 17 15684 
-4.10959  2.81498  53.3211 2 10 12120 17 15705 
-5.83341    3.584  53.9164 2 10 12151 17 15755 
-5.96064  4.10368  53.6098 3 10 12179 17 15789 18 15867 
-5.05325  4.18749  53.2251 2 10 12180 17 15786 
-9.44742  4.34737  55.6503 3 10 12201 16 10322 21 9270 
-4.65552    4.867  52.7404 3 10 12239 17 15840 18 15925 
-2.32801  5.28711  52.6158 2 10 12254 13 14367 
-2.1487 5.39514 52.5283 2 10 12265 13 14383 
-4.89887  5.13408  52.7286 4 10 12275 17 15878 18 15960 22 14758 
-2.34454  5.44729  52.4561 2 11 10898 13 14398 
-5.09508   5.1852  52.7274 2 10 12296 17 15887 
-4.80076  5.25552  52.4018 3 10 12317 18 15991 22 14782 
-4.4556 5.40667 52.3026 2 10 12336 18 16010 
-4.76918  5.45653  52.5147 3 10 12350 17 15922 18 16016 
-3.28522  5.63921  52.3491 3 10 12351 11 10945 22 14814 
-3.41719  5.87066  52.3748 2 10 12377 13 14478 
-3.63964  5.86485  52.1511 5 10 12388 11 10984 13 14487 18 16044 22 14844 
-3.85936  6.02947  52.0739 5 10 12415 11 11002 13 14503 18 16065 22 14864 
-3.7456 6.12557 52.0692 4 10 12427 13 14506 18 16070 22 14866 
-3.56316  6.28954  52.0655 3 10 12441 13 14517 22 14877 
-3.66094  6.28603  52.0563 4 10 12445 13 14519 18 16083 22 14879 
-4.93345   7.4859  51.7764 2 10 12534 18 16156 
-9.26247  8.02104  53.6783 2 10 12588 13 12892 
-3.56475  8.41989  51.7423 5 10 12591 11 11180 13 14686 18 16213 22 15011 
-6.35664  8.13713  52.1173 2 10 12595 18 16214 
-3.78228  8.90373  51.5853 4 10 12631 13 14731 18 16249 22 15046 
-4.80691   8.7919  51.4529 3 10 12636 18 16251 22 15051 
-4.96154  8.95231  51.4583 3 10 12647 18 16259 22 15059 
-7.31433  10.1813  51.7652 2 10 12747 18 16343 
-11.3174  10.6156  54.3554 2 10 12757 18 16350 
-4.80205  11.0918  51.0821 4 10 12786 13 14861 18 16384 22 15160 
-7.74826  11.2184  51.4837 2 10 12814 18 16414 
-4.5247 11.6168 50.9905 4 10 12817 13 14902 18 16421 22 15205 
-8.11711  11.5284  51.6824 2 10 12834 18 16440 
-5.64874  11.7952  51.2029 2 10 12835 22 15223 
-4.5722 11.9397 50.9147 4 10 12843 13 14942 18 16461 22 15242 
 -7.789 11.6391 51.5259 2 10 12844 18 16450 
-5.87375  11.7953  51.0071 3 10 12846 18 16464 22 15237 
-5.46127  11.8966  50.9694 4 10 12850 13 14943 18 16474 22 15246 
-5.62482  11.8987  50.9789 4 10 12852 13 14948 18 16477 22 15249 
-5.91625  11.8737  50.9864 3 10 12861 18 16476 22 15248 
-5.06181  12.0052  50.9144 4 10 12862 13 14954 18 16482 22 15254 
-9.97205  11.9773  52.7338 2 10 12871 22 13465 
-7.48881  11.9209  51.2084 2 10 12872 18 16494 
 -8.095 11.9955 51.6383 2 10 12875 18 16493 
-7.95389  12.1735  51.3471 2 10 12891 18 16515 
-7.79966  12.2644  51.2259 2 10 12898 18 16522 
-11.1494  12.5303   53.374 2 10 12899 18 16518 
-7.08875  12.6192  51.0699 2 10 12914 18 16540 
-8.06104  12.5776  51.2894 2 10 12917 18 16542 
-7.85316  12.6203  51.1452 2 10 12919 18 16544 
-8.29064  12.6164  51.3073 2 10 12921 18 16545 
-6.1819 12.8714 50.8388 4 10 12922 13 15026 18 16553 22 15334 
-8.24324  12.7972  51.1611 2 10 12930 18 16560 
-7.43353  12.8548  50.9933 2 10 12931 18 16557 
-6.71954  13.0207  50.8572 2 10 12936 18 16569 
-6.4454 13.0344  50.755 4 10 12937 13 15045 18 16570 22 15350 
-7.27409  13.0412  50.8199 2 10 12945 18 16580 
-7.93265  13.0446  51.0734 2 10 12947 18 16578 
-8.1803 13.0395 51.0049 2 10 12950 18 16584 
-7.57582  13.1135  50.9455 2 10 12951 18 16585 
-7.9996 13.3178 51.0934 2 10 12958 18 16601 
-8.23493  13.4022  51.1593 2 10 12966 18 16609 
-7.6316 13.5342  50.839 2 10 12971 18 16622 
-8.2407 13.5488 51.0701 2 10 12974 18 16620 
-7.74354  13.6027  50.8152 2 10 12981 18 16628 
-7.40852  13.7828  50.8024 2 10 12985 18 16636 
-8.37302  13.7486  51.0894 2 10 12988 18 16635 
-5.62065  14.0454  50.5278 4 10 12994 13 15117 18 16646 22 15415 
-7.93969  13.9465  50.7207 2 10 13010 18 16654 
-8.36921  13.8766  50.3766 2 10 13019 18 16662 
-7.91886    14.26  50.7038 2 10 13032 18 16670 
-8.33466   14.248  50.7206 2 10 13037 18 16674 
-8.22148  14.4263    50.68 2 10 13045 18 16681 
-7.97271  14.5328  50.6356 4 10 13047 13 15143 18 16684 22 15448 
-8.2244 14.6785 50.5837 4 10 13056 13 15152 18 16692 22 15458 
-7.76098  14.8579  50.5656 3 10 13062 18 16701 22 15469 
-9.18248  14.8436  51.1161 2 10 13063 18 16696 
-8.57922  14.8466  50.6744 4 10 13068 13 15164 18 16704 22 15470 
-8.64267  15.4279   50.527 2 10 13093 18 16735 
-5.62345  17.0624  50.0299 4 10 13141 13 15260 18 16800 22 15567 
-4.85226  17.1606  49.8603 2 10 13142 13 15265 
-12.0816  17.4798  52.9295 2 10 13154 18 16802 
-8.22374  17.6055   50.222 4 10 13196 13 15284 18 16850 22 15602 
-8.16529  17.7799  50.3121 4 10 13203 13 15292 18 16860 22 15609 
-8.14159   17.966  50.2302 4 10 13214 13 15310 18 16868 22 15626 
-7.90573  18.0189  50.1382 2 10 13216 18 16872 
-8.02186   18.171  50.2111 2 10 13223 22 15637 
-5.44174   4.1293  53.4734 2 10 13401 17 17152 
-9.00202  4.14268  55.3284 2 10 13405 18 17252 
-9.5286 4.38392 55.7088 3 10 13411 14 12983 16 11535 
-2.39548  5.45252  52.8967 2 10 13444 13 15690 
-2.99952    5.392  52.5802 2 10 13452 11 12198 
-3.22533  5.60407  52.3629 2 10 13468 13 15717 
-2.99926  5.60045  52.1471 2 10 13469 13 15718 
-3.94413  5.55089  52.2394 4 10 13471 13 15720 18 17298 22 16028 
-3.59184  5.90018  52.1556 5 10 13487 11 12226 13 15726 18 17308 22 16036 
-3.93299  6.14979  52.0435 2 10 13503 22 16043 
-4.9024 8.87158 51.5533 2 10 13600 18 17383 
-7.61333   9.0093    52.53 2 10 13610 18 17393 
-5.87923  11.6678  51.2012 4 10 13681 13 15853 18 17458 22 16162 
-5.45991  11.7054  50.9231 4 10 13684 13 15854 18 17464 22 16164 
-7.78844    11.57  51.5476 2 10 13687 18 17463 
-11.3605  11.9447  53.8458 2 10 13694 18 17466 
-5.75118  11.8068   50.824 2 10 13695 18 17474 
-5.03584  12.0477  50.9043 4 10 13698 13 15871 18 17480 22 16179 
-5.48541  12.0859  50.9183 4 10 13700 13 15876 18 17486 22 16186 
-8.05636   11.928  51.6523 2 10 13702 18 17484 
-6.75582  11.9528  50.9679 2 10 13704 18 17488 
-11.0845  12.3826  53.5588 2 10 13711 18 17495 
-7.55595  12.1705  51.2942 2 10 13713 18 17499 
-7.03566  12.5582  50.9425 2 10 13723 18 17509 
-8.29695  12.8655  51.1893 2 10 13730 18 17516 
-7.96109  12.9309  51.1213 2 10 13734 18 17518 
-7.56988  12.9214  50.9888 2 10 13735 18 17519 
-6.48608  13.1253  50.7275 4 10 13739 13 15921 18 17524 22 16221 
-8.23893   13.089     51.1 2 10 13740 18 17527 
-7.95104  13.4041  51.1565 2 10 13748 18 17536 
-7.09307  13.4768  50.8288 2 10 13752 18 17537 
-8.34447  13.7444  50.8829 2 10 13765 18 17549 
-8.09657  13.8184  50.7357 2 10 13766 18 17551 
-7.7687 14.0548 50.6144 2 10 13772 18 17558 
-8.17449   14.108  50.7664 2 10 13774 18 17559 
-8.35012  14.3447  50.5972 2 10 13783 18 17569 
-7.80839  14.5034  50.5049 4 10 13787 13 15967 18 17571 22 16262 
-8.67608   14.742  50.9383 2 10 13792 18 17576 
-8.27023  14.8253   50.679 2 10 13798 18 17581 
-8.88294  15.7401  50.5447 2 10 13822 18 17604 
-13.3546   16.722  53.9213 2 10 13825 18 17606 
-8.72524  16.0991  50.2224 2 10 13832 18 17614 
-4.89226  17.1251  49.9067 2 10 13840 13 16017 
-12.8827  17.6726  53.0295 2 10 13853 18 17633 
-8.29145  17.2752  50.2781 2 10 13856 18 17640 
-8.61542  17.2722  50.1793 2 10 13857 18 17641 
-8.15854  17.5953  50.2373 4 10 13861 13 16026 18 17645 22 16325 
-6.88646  17.8704  50.2577 2 10 13863 22 16329 
-7.45296    17.83  50.1193 2 10 13868 18 17648 
-7.58308  18.1208  50.1344 2 10 13876 13 16040 
-2.93428  5.64238  52.3723 3 10 13997 11 12730 22 16528 
-4.57503  5.58411  52.0965 2 10 14005 18 17845 
-3.07774  5.86299  52.1606 2 10 14008 22 16535 
-3.52698  5.93903  52.1574 4 10 14013 11 12746 13 16278 22 16538 
-2.59866  6.08937  52.4187 4 10 14014 11 12745 13 16276 22 16537 
-3.75971  6.31934  52.0292 3 10 14029 11 12755 18 17856 
-3.95882  6.30132  51.9993 3 10 14032 11 12759 22 16546 
-3.43866  6.61575  52.0268 5 10 14035 11 12765 13 16294 18 17861 22 16548 
-3.59109  7.19548  51.8998 5 10 14043 11 12778 13 16310 18 17867 22 16554 
-4.92381  8.78746  51.3158 3 10 14080 18 17891 22 16578 
-5.21643   9.1258  51.9485 2 10 14084 18 17894 
-5.57117  9.31057  51.7542 2 10 14088 18 17899 
-3.55427   9.6318  51.4861 4 10 14091 13 16343 18 17902 22 16587 
2.24722 15.7419 64.6458 2 10 14100 18 17911 
-4.81859  10.8035  51.2687 4 10 14106 13 16353 18 17915 22 16597 
-10.5425  11.1178  53.5722 2 10 14112 13 15834 
-5.67286   11.211  51.1096 2 10 14115 18 17930 
-11.1062  12.3787  53.6667 2 10 14140 18 17954 
-7.52275  12.2102  51.2609 2 10 14143 18 17957 
-7.0402 12.5972  51.001 2 10 14151 18 17963 
-7.10869  13.0299  50.8719 2 10 14166 18 17975 
-7.89131  13.3841  50.9969 2 10 14175 18 17985 
-7.72322  13.3989  50.7241 2 10 14179 18 17991 
-8.39234  14.4188  50.7109 2 10 14198 18 18012 
-8.83003  14.7174  50.8322 2 10 14202 18 18016 
-8.28182  14.9171  50.7391 4 10 14204 13 16450 18 18019 22 16684 
-5.57287  5.08625  52.8388 2 10 14231 17 17753 
-7.13505  3.72287  54.3113 2 10 14250 17 18046 
-9.00649  4.56076  55.1996 4 10 14256 14 13899 16 12398 21 11230 
-3.93424  5.07432  51.8477 2 18 18091 22 16776 
-2.91572  5.47051  52.2672 3 10 14264 11 13052 13 16546 
-2.54596  5.87218  52.5699 2 10 14266 22 16778 
-4.14202   5.7241   52.144 4 10 14268 13 16548 18 18093 22 16779 
-3.4094 6.08106 52.1648 5 10 14270 11 13061 13 16550 18 18095 22 16781 
-3.37625  6.41125  52.0828 5 10 14272 11 13064 13 16552 18 18096 22 16782 
-3.70732  9.63576  51.4893 4 10 14285 13 16566 18 18108 22 16791 
-6.33774  11.2741  51.1603 4 10 14293 13 16570 18 18113 22 16795 
-6.87564  11.8644  50.9966 2 10 14299 18 18117 
-5.81353   12.123  50.8923 4 10 14300 13 16576 18 18118 22 16801 
-7.45278  12.3217   51.222 2 10 14301 18 18120 
-6.90139  12.8239  50.9826 3 10 14303 18 18123 22 16804 
-6.99314  13.6273  50.8681 2 10 14308 18 18129 
-8.28599  13.8666  50.7912 2 10 14312 18 18133 
-4.93374  16.9457   49.981 4 10 14321 13 16595 18 18147 22 16820 
-4.48946  5.03976  52.9131 2 10 14328 18 18161 
-4.23668  5.82704  52.1444 4 10 14329 13 16610 18 18163 22 16840 
-3.29074  6.19873  52.1478 4 10 14331 13 16611 18 18164 22 16841 
-3.75965   7.1637  51.9283 4 10 14333 13 16612 18 18165 22 16842 
-3.30963  7.82292  51.8878 3 10 14334 18 18166 22 16843 
-3.49961  8.70876  51.7887 2 10 14336 18 18168 
-4.67664  10.5175  51.3485 2 10 14339 22 16847 
-6.05544  12.1732  50.9632 3 10 14342 18 18172 22 16850 
-8.84419  12.2814  51.7288 2 10 14357 18 18196 
-9.08096   17.806  50.5178 2 10 15003 18 19625 
-12.054 13.0522 53.8263 2 10 15110 18 19110 
-6.15983  14.4256  50.4003 2 10 15996 18 20209 
-3.1763  3.2554 52.8689 2 10 16377 13 17851 
-2.95793  7.94996  51.9464 3 10 16449 13 18525 22 18933 
-1.54247  1.92858   53.256 2 11 627 19 1074 
-3.03576  11.9698  51.2388 2 11 2014 19 1997 
-3.25842  12.0323   51.032 2 11 2041 19 2010 
-3.2108 12.0684 51.0831 2 11 2051 19 2018 
-3.29795  12.7246  51.0426 2 11 2196 19 2096 
-3.24932  12.7419  51.0735 2 11 2197 19 2100 
-3.51621  12.7288  50.8163 2 11 2218 19 2108 
-2.1317 4.09653  52.718 4 11 4090 13 5934 18 6792 22 6172 
-3.05079  11.8868  51.2539 2 11 4823 19 4588 
-5.22185   11.758  50.9174 2 11 4852 19 4586 
-3.2163 12.0024   51.09 2 11 4866 19 4613 
-3.07165  12.1208   51.221 2 11 4881 19 4628 
-3.12901  12.1645  51.1574 2 11 4895 19 4633 
-3.3156 12.5585 50.9822 2 11 4981 19 4689 
-3.28304   12.674  51.0601 2 11 4994 19 4703 
-4.18217  13.0249  50.7632 4 11 5109 13 7125 18 8168 22 7380 
-4.23016  14.2509   50.556 2 11 5371 19 4946 
-4.10854  14.4515  50.5911 2 11 5410 19 4976 
-4.29978  15.2866  50.4195 2 11 5572 19 5071 
-2.16374  1.92276  53.1083 4 11 6753 13 9477 18 10702 22 9710 
-2.0384 1.98624 53.1217 4 11 6758 13 9483 18 10706 22 9719 
-2.52011  2.70957  52.9594 3 11 6808 13 9571 22 9828 
-2.69753  2.74706  52.9338 4 11 6811 13 9584 18 10823 22 9841 
-2.68486   2.8783  52.9146 3 11 6830 13 9611 18 10848 
-2.57694  2.98236  52.8726 3 11 6841 18 10868 22 9878 
-3.58247  3.22582  52.9041 4 11 6871 13 9662 18 10918 22 9927 
-2.68984   3.5159  52.7444 2 11 6892 18 10956 
-2.56282  3.54263  52.7635 4 11 6893 13 9702 18 10961 22 9973 
-2.42956  3.67388  52.7338 4 11 6902 13 9724 18 10980 22 9992 
-1.98227  3.82287  52.8129 4 11 6913 13 9739 18 10996 22 10007 
-1.99657  3.94046  52.7869 4 11 6928 13 9754 18 11022 22 10024 
-2.2554 3.95228 52.7089 5 7 3118 11 6933 13 9762 18 11030 22 10029 
-2.14029  4.06683  52.7455 4 11 6940 13 9776 18 11039 22 10043 
-2.00539  4.12888  52.7597 4 11 6942 13 9780 18 11045 22 10049 
-1.97748  4.28525  52.7581 2 11 6946 18 11061 
-2.11576  4.28328  52.7167 5 11 6948 12 4918 13 9800 18 11065 22 10070 
-2.05135  4.37649   52.744 4 11 6957 13 9816 18 11077 22 10083 
-1.93819  4.55709  52.7036 2 11 6969 13 9836 
-2.16342  4.63073    52.63 5 11 6976 12 4945 13 9845 18 11122 22 10115 
-2.08537  4.71465   52.653 3 11 6978 18 11131 22 10128 
-3.86333  4.58769  52.4841 2 11 6987 22 10139 
-3.09075  7.62935  51.8935 4 11 7275 13 10185 18 11493 22 10454 
-3.19053  7.72999  51.8438 4 11 7287 13 10206 18 11506 22 10471 
-3.05584  7.74756  51.8774 4 11 7288 13 10205 18 11504 22 10469 
-3.22265  8.06193  51.7872 4 11 7341 13 10256 18 11559 22 10521 
-3.28939  9.05247  51.6059 4 11 7475 13 10367 18 11666 22 10636 
-3.38201  9.16177  51.5605 4 11 7488 13 10382 18 11679 22 10648 
-3.47262  9.29488   51.524 3 11 7499 13 10397 22 10660 
-6.97971  9.28091  51.9929 4 11 7523 14 8155 16 7088 21 6316 
-3.13246  10.2051  51.3831 3 11 7599 13 10476 22 10748 
-8.33997  10.8752  52.0297 2 11 7711 21 6450 
-3.06852  11.8846  51.2636 3 11 7846 12 5701 19 7261 
-3.22318  11.9954  51.1109 2 11 7881 19 7283 
-3.15082  12.1588  51.1845 2 11 7903 19 7305 
-3.35994  12.1292  50.9773 2 11 7913 19 7308 
-3.26384  12.1735  51.0354 2 11 7916 19 7315 
-3.43049  12.2557  50.9513 2 11 7941 19 7324 
-3.30677  12.5505  50.9866 2 11 7980 19 7355 
-3.36691  12.8931  50.9881 2 11 8045 19 7400 
-4.22527  14.2452  50.5668 2 11 8314 19 7588 
-8.34228  12.3378  51.5416 4 11 8812 14 8596 16 7444 21 6703 
0.042552 0.670619  54.0372 4 11 9063 13 12242 18 13706 22 12562 
-2.65953  2.05026  53.1047 4 11 9141 13 12390 18 13863 22 12708 
-2.40525  2.12912  53.1142 4 11 9142 13 12395 18 13868 22 12714 
-2.70779  3.33124  52.8135 4 11 9191 13 12477 18 13965 22 12801 
-2.40808  3.63708  52.7344 4 11 9212 13 12512 18 13992 22 12835 
-2.36109  3.80009  52.6943 5 7 4829 11 9223 13 12529 18 14011 22 12852 
-2.5772 3.80972 52.7027 4 11 9225 13 12532 18 14016 22 12855 
-2.15496  4.27453   52.692 6 7 4850 11 9243 12 6624 13 12563 18 14041 22 12886 
-1.9852 4.31894 52.7475 2 11 9244 18 14044 
-1.69428  4.88536  52.7473 4 11 9269 13 12600 18 14087 22 12929 
-1.57578  5.00362  52.8026 4 11 9276 13 12610 19 8490 22 12940 
-1.23742  5.15089  53.1215 2 11 9278 19 8496 
-2.1421 4.95214  52.572 5 11 9280 12 6669 13 12620 18 14102 22 12948 
-1.76228   5.0332  52.7348 4 11 9281 12 6670 13 12622 22 12950 
-1.97158  4.98412  52.5814 6 11 9283 12 6672 13 12621 18 14103 19 8499 22 12949 
-2.99476  5.10379  53.0133 2 11 9294 22 12979 
-1.68105  5.31367  52.7215 2 11 9304 19 8525 
-1.38148  5.48421  53.0146 2 11 9313 19 8531 
-4.15592  5.25913   52.328 2 11 9333 18 14175 
-3.40465  5.31985  52.2346 2 11 9335 18 14171 
-6.51547     5.84  53.0924 3 11 9393 14 10207 21 7980 
-2.39028  6.78261   52.258 2 11 9447 22 13122 
-3.16197  7.37587  51.9005 4 11 9490 13 12825 18 14329 22 13160 
-3.18096   7.7825  51.8301 4 11 9523 13 12859 18 14343 22 13187 
-3.12274   7.9805  51.8145 3 11 9542 13 12878 22 13209 
-3.57596  8.36688  51.6789 4 11 9584 13 12911 18 14399 22 13240 
-3.44438  9.29428   51.495 3 11 9655 18 14445 22 13292 
-7.16164  9.14145  52.1384 3 11 9656 14 10441 21 8211 
-7.39712  9.18184  52.2367 5 6 2070 11 9657 14 10448 16 9147 21 8221 
-3.5135 9.82424 51.3884 2 11 9695 13 12995 
-6.87341  9.71711  51.7741 3 11 9704 14 10474 21 8250 
-7.42114  9.95466  51.9583 3 11 9719 14 10487 21 8261 
-7.31152  10.1727  51.8283 3 11 9736 14 10494 21 8267 
-8.4437 10.9137  52.203 3 11 9786 14 10561 21 8333 
-7.76182  11.0085   51.732 4 11 9809 14 10554 16 9256 21 8322 
-8.40693   11.209  52.0619 2 11 9828 14 10610 
-8.11093  11.5191   51.729 3 11 9865 14 10638 21 8393 
-3.22159  11.9669   51.124 2 11 9900 19 8879 
-3.24477  12.2067  51.0265 2 11 9940 19 8895 
-3.44185  12.2807   50.997 2 11 9952 19 8900 
-2.34122  1.74226  53.1824 3 11 10725 18 15734 22 14527 
-2.7528  2.9618 52.8595 3 11 10751 18 15788 22 14580 
-2.87647   3.1339  52.8585 2 11 10754 18 15797 
-2.67331  3.30566  52.8219 4 11 10760 13 14226 18 15808 22 14595 
-1.53516  4.86456   52.868 4 11 10814 13 14305 18 15884 22 14678 
-1.63313  4.94436  52.8174 4 11 10823 12 7605 18 15890 22 14687 
-2.22457  4.86174  52.5816 6 7 6084 11 10825 12 7607 13 14318 18 15893 22 14691 
-1.80583  5.06413  52.8381 3 11 10836 12 7619 19 9687 
-1.29819  5.16176  52.9956 3 11 10837 12 7621 19 9688 
-2.26238  5.03962  52.5237 4 11 10843 13 14337 18 15912 22 14711 
-3.10976  5.26084  53.0419 2 11 10866 13 14371 
-3.8555 5.19322 52.3891 3 11 10886 18 15961 22 14755 
-3.54525  5.20995  52.2174 3 11 10887 13 14390 22 14756 
-3.56359  5.60139  52.3054 2 11 10951 22 14818 
-3.34168  5.71489   52.257 3 11 10965 13 14465 18 16028 
-3.12505  5.75481  52.2306 2 11 10968 22 14829 
-3.4448 5.73468  52.152 2 11 10972 22 14834 
-6.19591   5.6632  52.9717 4 6 2436 11 10977 14 11817 21 9393 
-6.17205  6.00447  52.8897 2 11 11005 14 11838 
-3.73412  6.17618  52.0416 2 11 11013 22 14872 
-3.77433  6.58406  51.9471 3 11 11047 13 14542 22 14908 
-3.47995  7.91553  51.7686 4 11 11131 13 14641 18 16167 22 14977 
-3.1033 8.01714 51.8025 4 11 11137 13 14648 18 16170 22 14980 
-7.0288 9.28154 52.0288 3 11 11258 14 12048 21 9602 
-3.43109  9.61844  51.4739 4 11 11270 13 14777 18 16296 22 15090 
-6.85912  9.80674  51.7394 3 11 11294 14 12087 21 9634 
-7.35983  9.94627  51.9259 3 11 11302 14 12096 21 9645 
-7.74973  11.0013  51.7149 4 11 11406 14 12171 16 10754 21 9723 
-5.97717   11.664  51.1806 4 11 11485 13 14911 18 16438 22 15217 
-5.73084  11.8897  51.2577 5 10 12841 11 11503 13 14937 18 16459 22 15238 
-5.75847  11.8157  50.9404 2 11 11506 22 15243 
-5.81775  11.9542  51.0521 2 11 11517 22 15253 
-1.8908 4.93373 53.2141 2 11 12162 13 15661 
-1.97543  5.00391  52.5776 2 11 12168 13 15667 
-2.50523  4.98237  52.3482 2 11 12172 13 15670 
-2.38505  5.25952  52.9007 2 11 12181 13 15679 
-3.78442  5.12408  52.4343 4 11 12188 13 15688 18 17283 22 16003 
-3.2834 5.43117 52.3771 3 11 12208 18 17292 22 16021 
-2.56737  6.12919  52.2722 2 11 12230 13 15728 
-6.16159  6.02093  52.8851 2 11 12233 14 13046 
-3.64639  6.37295  52.0583 2 11 12241 22 16047 
-3.48295  6.69428  51.9986 4 11 12252 13 15747 18 17329 22 16052 
-3.22363  7.48512  51.8538 4 11 12266 13 15772 18 17343 22 16065 
-3.5164 8.43755 51.7168 4 11 12290 13 15793 18 17369 22 16094 
-3.59411  8.78876  51.5975 4 11 12300 13 15801 18 17376 22 16101 
-3.56809  8.90452  51.5757 3 11 12305 13 15803 18 17382 
-7.6775 10.9869 51.7416 4 11 12377 14 13187 16 11703 21 10597 
-3.57487  5.34822  52.6135 2 11 12715 13 16253 
-3.08154  5.66696  52.2102 2 11 12731 13 16266 
-2.99783  5.89531  52.6972 2 11 12735 13 16271 
-2.60212  6.82098  52.1325 2 11 12768 13 16297 
-3.42511  7.65411   51.796 4 11 12793 13 16318 18 17871 22 16560 
-3.63749  10.2541  51.2591 2 11 12860 13 16345 
-5.89985  11.2943  51.5734 2 13 16362 22 16605 
-5.46722  18.1697  49.8889 4 11 13019 13 16488 18 18050 22 16723 
-2.98727  4.72758  52.5994 2 11 13044 22 16768 
-2.63882  6.76106  52.3157 2 11 13066 13 16554 
-3.69638  7.17987  51.8596 4 11 13072 13 16558 18 18100 22 16785 
-2.10085  4.67507  52.6644 3 12 872 18 2361 22 2219 
-7.21226   15.699  50.7494 2 12 1880 19 2349 
-9.83657  17.9601  51.2606 2 12 1972 19 5294 
-5.26436  17.3943  50.0194 2 12 1990 19 2469 
-7.53787  17.9875  50.5294 2 12 2005 19 2493 
-2.10373  4.28006  52.7161 4 12 2829 13 5964 18 6824 22 6204 
-1.97146  4.45691  52.7461 2 12 2844 22 6232 
-2.1515 4.62162 52.6405 4 12 2861 13 6007 18 6887 22 6256 
-4.87685  11.7693  51.1101 2 12 3541 19 4578 
-6.61389  15.5544  50.8007 2 12 3984 19 5075 
-7.83487  16.0034  50.7866 2 12 4042 19 5137 
-1.36659  3.57901  52.8239 2 12 4853 19 6446 
-2.13003  4.45706  52.6739 4 12 4934 13 9822 18 11094 22 10095 
-1.77882  5.25037  52.7268 2 12 4998 18 11193 
-3.5248 5.75285 52.2819 3 12 5076 18 11314 22 10295 
-3.71375  6.70767  52.2291 2 13 12794 22 14904 
-9.64202  17.4212  71.9306 2 12 5692 19 7228 
-10.0472  17.8234  72.2073 2 12 5723 19 7254 
-5.84049  13.5111  50.8772 2 12 5904 19 7493 
-0.134393   1.17039   53.8254 3 12 6500 13 12297 22 12613 
-2.20497  4.88857  52.5953 4 12 6662 13 12611 18 14099 22 12941 
 -2.422 4.93321 52.4414 2 12 6671 13 12627 
-1.96369  5.05545  52.6375 2 12 6677 18 14109 
-9.72983  17.4224  71.9867 2 12 7022 19 8848 
-5.52434   13.582  50.8202 2 12 7137 19 8985 
-5.86638  13.6838  50.8593 2 12 7144 19 8989 
-6.07128  13.9697  50.8963 2 12 7163 19 9008 
-4.57243  16.3006  50.7208 2 12 7258 19 9117 
-1.16555  4.73332  52.6663 2 12 7590 19 9655 
-1.89147  4.91529  52.7461 4 12 7604 13 14315 18 15891 22 14689 
-2.62581  4.92247  52.3028 3 12 7626 18 15908 22 14707 
-1.25197  5.49086  52.6713 2 12 7677 19 9739 
-2.02019  6.74362  52.3409 2 12 7766 19 9823 
-2.23787  6.96273   52.211 2 12 7781 19 9836 
-1.81943  7.89006  52.7938 2 12 7816 19 9869 
-3.24342  7.81679  51.9015 2 12 7829 19 9879 
-2.85619  9.62187  51.4277 2 12 7947 19 9971 
-3.23452  9.73995   51.492 4 12 7949 13 14779 18 16305 22 15093 
-2.07324  3.96008  52.7768 3 12 8493 18 17231 22 15951 
-1.40156  4.94511  52.6503 2 12 8512 19 10634 
-2.27202  4.92872  52.5472 2 12 8515 22 15983 
-2.01539  5.02026  52.6492 3 12 8518 18 17260 22 15984 
-1.58298  6.41132  52.5901 2 12 8570 19 10685 
-3.41633  7.68607  51.7267 2 12 8605 19 10716 
-2.22616  9.64713  52.2895 2 12 8655 19 10759 
-3.32226  12.9236  51.2762 2 12 8740 19 10853 
-2.85252  7.46112  51.7032 2 12 9005 19 11129 
-3.49693   8.5338  51.7586 2 12 9035 19 11153 
-2.14724  9.28743  52.2428 2 12 9047 19 11168 
-5.9762 11.7227 51.3675 2 12 9099 19 11221 
-3.63761  9.64132  51.2961 2 12 9238 19 11350 
-3.12369  10.7353  51.5041 2 12 9286 19 11411 
-2.05653  4.40972  52.7226 3 12 9949 13 18257 22 18521 
-1.28915   -6.829  61.4509 2 13 18 22 18 
-1.10351 -6.75849  61.3097 2 13 19 22 19 
-2.28815 -6.88501  62.0709 3 13 24 18 23 22 21 
-1.04243 -6.63539  61.3434 3 13 26 18 28 22 24 
-1.20117 -6.57768  61.3955 3 13 29 18 39 22 27 
-2.50411 -6.68303  61.8465 2 13 36 22 35 
 6.19864 -4.15547  57.6958 2 13 140 22 110 
 6.82782 -3.90293  58.1793 2 13 177 22 142 
-4.14375 -5.55856  60.8254 2 13 190 22 128 
 7.31835 -3.61336  58.7106 3 13 211 18 198 22 174 
 6.99291 -3.58197  58.4344 2 13 223 22 182 
-5.61129 -5.51147  61.7452 2 13 228 22 4413 
 5.84311 -3.55725  57.6863 2 13 255 22 204 
 2.93292 -4.04465  56.3607 2 13 257 22 194 
 5.90618 -3.52794  57.7444 2 13 258 22 208 
 3.91384 -3.82234  56.1285 2 13 273 22 211 
 5.93748 -3.45194  57.8496 2 13 280 18 260 
5.12186 -3.4317 57.3085 3 13 312 18 294 22 246 
 5.19586 -3.41595   57.388 2 13 313 22 247 
 5.02271 -3.35561  57.2741 2 13 331 22 259 
 5.06279 -3.28649  57.4259 3 13 340 18 318 22 267 
 4.88321 -3.27286  57.2984 3 13 346 18 322 22 272 
 4.80925 -3.24843  57.2502 3 13 351 18 334 22 277 
 4.82253 -3.19734   57.319 2 13 357 22 285 
 4.71133 -3.17849  57.3381 2 13 365 22 293 
 4.77014 -3.15148  57.3083 2 13 368 22 298 
-2.44444 -4.20351  57.2232 2 13 385 22 295 
 4.28647 -3.07212  57.0922 2 13 399 22 327 
3.68923 -3.1513 56.5841 2 13 405 22 332 
  -2.072 -4.02953  57.3413 2 13 407 22 315 
 4.24191 -3.02048  57.0651 2 13 411 22 339 
 7.90048 -2.36843  58.9816 2 13 417 22 361 
  3.9327 -3.01766  56.9183 3 13 426 18 400 22 354 
-8.42896 -4.77222  62.5643 2 13 427 22 329 
 5.58547 -2.71968  57.3602 2 13 429 22 371 
  3.8608 -2.98362  56.8978 3 13 433 18 409 22 367 
 3.63855 -2.95802  56.7681 2 13 445 22 382 
  4.3522 -2.83852  57.0944 2 13 446 22 383 
 3.48136 -2.98154  56.6368 2 13 451 22 381 
 8.14892 -2.12755  59.2198 2 13 454 22 398 
 3.69022 -2.90383   56.804 3 13 462 18 434 22 388 
 5.20637 -2.62659  57.2017 2 13 468 22 392 
 3.59465 -2.88363   56.714 3 13 471 18 439 22 390 
 3.29097 -2.91799  56.5727 2 13 477 22 391 
 5.13998 -2.60331  57.1189 2 13 478 22 408 
  3.4223 -2.87561  56.6869 2 13 483 22 403 
 3.48348 -2.84847  56.6984 2 13 486 22 412 
 5.06074 -2.51246   57.094 2 13 506 22 435 
-1.38865 -3.53829  56.4681 2 13 514 22 416 
 3.26729 -2.78644  56.5953 2 13 516 22 434 
-4.47214 -3.89423   58.416 3 13 519 18 468 22 424 
-4.91878 -3.94555  58.7458 2 13 523 22 423 
 -4.352 -3.8677 58.1349 2 13 529 22 429 
 4.82432 -2.42579  57.1209 2 13 538 22 472 
-1.30988 -3.26663  56.0754 2 13 575 22 487 
-5.10012 -3.70515  57.8428 2 13 594 22 494 
-3.96192 -3.51548  57.5781 3 13 602 18 544 22 502 
-3.89752 -3.47888  57.5106 2 13 610 22 512 
-4.33078 -3.52955   57.662 2 13 615 22 4754 
 -5.3924 -3.65044  58.4902 2 13 619 22 519 
-3.84377 -3.41365  57.3566 2 13 635 22 533 
-4.17334 -3.44056  57.4757 2 13 639 22 541 
-3.92339   -3.355  57.3141 2 13 649 22 548 
-3.6193 -3.2882 57.0459 2 13 656 22 555 
 -1.7613 -3.03792  56.0965 2 13 658 22 562 
-1.50035 -2.99739  55.9955 2 13 662 22 563 
-2.20817 -3.05971  56.3432 2 13 666 22 567 
-1.70974 -3.00107  56.0855 2 13 668 22 568 
-2.40172 -2.97676  56.2933 2 13 695 22 587 
-2.35402 -2.90663  56.1988 2 13 713 22 606 
-6.71383 -3.42275  58.7489 2 13 719 22 604 
-2.30845  -2.8593  56.2536 2 13 723 22 614 
 1.14354 -2.18568  54.9245 2 13 770 22 656 
-1.60891 -2.53213  55.6502 2 13 778 22 661 
0.529153 -2.09389  55.0293 2 13 815 22 697 
-6.18047 -2.87992  57.5404 2 13 839 22 701 
-6.12247 -2.83867  57.5379 2 13 842 22 709 
-1.26348 -2.09804   55.325 2 13 863 22 740 
-6.05044 -2.67892  57.2381 2 13 867 22 737 
  8.63413 -0.107553   60.3279 2 13 888 22 793 
-0.107404  -1.70327   54.8355 2 13 916 22 788 
0.0520237  -1.69341   54.8323 3 13 917 18 819 22 789 
1.90397 -1.3641 55.2719 2 13 924 22 795 
-4.40439    -2.19  56.1838 3 13 941 18 833 22 798 
-5.93429 -2.32183  56.7967 2 13 949 22 808 
-3.57158 -1.97258  55.7666 3 13 961 18 865 22 826 
-0.0301131   -1.46753    54.7121 2 13 971 22 838 
-1.14381 -1.59721   55.026 2 13 974 22 843 
-1.04778 -1.56317  54.9267 2 13 980 22 848 
-0.000315885     -1.16955      54.5438 2 13 1013 22 896 
-1.21243 -1.30465  54.8675 2 13 1018 22 900 
-0.112237  -1.16369   54.6047 2 13 1019 22 906 
  1.45827 -0.478565    54.899 2 13 1132 22 1010 
  -2.0964 -0.782013   54.6867 2 13 1201 22 1065 
  -2.2466 -0.787666   54.7462 2 13 1204 22 1067 
-5.81595 -1.16237  55.7269 2 13 1217 22 1079 
   0.4125 -0.328314   54.2781 2 13 1229 22 1101 
-5.96076 -1.01513   55.796 2 13 1251 22 1114 
 -4.67328 -0.715965   54.7481 2 13 1286 22 1154 
-3.80974 -0.51014  54.4293 3 13 1306 18 1254 22 1183 
 -4.66291 -0.555783   54.6802 2 13 1313 22 1187 
-4.43595 -0.41081  54.6162 3 13 1337 18 1298 22 1210 
-0.465179  0.133712    54.182 2 13 1341 22 1219 
0.500618 0.297901  54.1853 2 13 1346 22 1223 
 -4.56007 -0.369595   54.6402 3 13 1353 18 1313 22 1222 
 -4.66787 -0.362758   54.5722 2 13 1358 22 1227 
 -3.47454 -0.140696   54.0622 2 13 1379 22 1259 
 -4.57991 -0.111559   54.5129 2 13 1405 22 1288 
 0.45186 0.603199  54.0946 2 13 1409 22 1302 
0.232968 0.584735  54.1279 3 13 1415 18 1371 22 1307 
-3.35931 0.153397  53.9169 3 13 1438 18 1402 22 1318 
  -6.62567 -0.0694462    55.5407 2 13 1453 22 1331 
-0.0612711   0.753485    53.9212 3 13 1469 18 1427 22 1354 
-0.634301  0.674658   53.8379 2 13 1470 22 1357 
0.00725512   0.782304    53.9681 2 13 1471 22 1358 
-0.541831   0.77871   53.9238 2 13 1487 22 1376 
-0.253182  0.825762   53.8922 2 13 1488 22 1381 
-6.69537 0.115935  55.4808 3 13 1498 18 1471 22 1378 
0.935983  1.17011  54.8131 2 13 1500 22 1406 
-6.56982 0.164643  55.4536 3 13 1502 18 1477 22 1391 
-0.448523  0.870481   53.8274 2 13 1507 22 1403 
-0.227039  0.896401   53.8378 3 13 1508 18 1474 22 1404 
-0.741095  0.867696   53.8583 2 13 1519 18 1485 
-3.45854 0.547806  53.7181 2 13 1534 22 1429 
-3.67185  0.54468  53.8122 2 13 1536 22 1435 
-5.74932 0.557285  55.2441 2 13 1556 22 1460 
-5.92012 0.571347  55.2225 2 13 1558 22 1466 
-7.28727 0.429356  55.5036 2 13 1564 22 1470 
-6.12638 0.669256   55.144 2 13 1584 22 1494 
-3.40423 0.886526  53.6112 2 13 1590 22 1502 
-5.86976 0.813176  55.1804 2 13 1598 22 1511 
-9.99605 0.845014  57.8605 2 13 1628 22 1549 
-8.04266   1.0023   55.752 3 13 1657 18 1662 22 1583 
-1.46841  1.59702  53.2545 3 13 1662 18 1657 22 1587 
-7.85938  1.06261  55.7081 3 13 1666 18 6220 22 1591 
0.235782  2.12103  54.7786 2 13 1680 22 1611 
-8.45826  1.11092  55.8224 2 13 1693 22 1621 
-3.52298  1.50578  53.4023 2 13 1699 22 1626 
-2.02768  1.70571  53.1813 3 13 1704 18 1707 22 1632 
0.14698 2.29364 54.7636 2 13 1715 22 1654 
-7.79101  1.30091  55.5563 3 13 1717 18 1735 22 1646 
-7.86757  1.31521  55.5526 2 13 1722 22 1651 
-3.73372  1.69738   53.373 2 13 1742 22 1679 
0.107541  2.46132  54.7207 2 13 1748 22 1689 
-4.41114    1.893  53.5377 2 13 1785 22 1728 
-6.21377  2.02483  54.6276 2 13 1818 22 1763 
-7.88427  2.08549  55.2987 2 13 1848 22 1790 
-0.0136877    3.11343    54.4598 2 13 1854 22 1801 
-9.37199  2.18006  56.0063 2 13 1863 22 1814 
-6.27627  2.38228  54.4829 2 13 1867 22 1821 
-6.17983   2.4212   54.408 2 13 1878 22 1829 
-4.35258  2.50436  53.2946 2 13 1882 22 1833 
-6.30565  2.43986  54.3911 3 13 1886 18 1957 22 1841 
-9.36584  2.31551  55.9855 2 13 1889 22 1848 
-6.52419  2.45797  54.4939 2 13 1893 22 1846 
-4.26263  2.59276  53.2303 3 13 1897 18 1965 22 1854 
-4.14667  2.58817  53.1622 3 13 1898 18 1961 22 1851 
-9.06991  2.37712  55.8065 2 13 1899 22 1859 
-2.60953  2.77784  52.9437 3 13 1902 18 1962 22 1858 
-0.153908   3.40684   54.2346 2 13 1915 22 1875 
-8.03292   2.5027  55.2191 2 13 1918 22 1873 
-8.12967  2.58293  55.2965 2 13 1931 22 1890 
-6.27246  2.66582  54.3084 2 13 1932 22 1891 
-8.0233 2.59637 55.1997 2 13 1933 22 1894 
-6.00997  2.73005  54.2384 3 13 1935 18 2019 22 1896 
-8.21478  2.62462   55.276 2 13 1940 22 1900 
-0.220016   3.53796   54.1439 2 13 1942 22 1904 
-4.33253  2.87248  53.1663 2 13 1946 22 1909 
-4.04628  3.05786  52.9612 2 13 1967 22 1930 
-6.03499  3.03502   54.002 2 13 1973 22 1942 
-6.07673  3.08826  53.9715 2 13 1985 22 1954 
-0.329936   3.88811   54.0498 2 13 1986 22 1960 
-5.94529  3.11508  53.9529 2 13 1987 22 1958 
-0.385476    3.9518   54.0502 2 13 1995 22 1974 
-8.18426  3.09728  55.0886 2 13 1997 22 1976 
-5.83461  3.26574  53.8845 2 13 2018 22 1993 
-0.498774   4.03837   54.0193 2 13 2023 22 2006 
-8.21236  3.19972  55.0522 2 13 2024 22 2008 
-1.69409  3.68618  52.9105 2 13 2026 22 2005 
-2.51606  3.62846  52.7429 2 13 2041 22 2028 
-0.425721   4.14602   54.0661 2 13 2042 22 2033 
-8.20812  3.29933  55.0095 3 13 2052 18 2176 22 2037 
-2.74453  3.61213  52.6729 3 13 2057 18 2162 22 2039 
-8.34301  3.32549  55.1048 2 13 2059 22 2042 
-5.78008  3.51083  53.7153 3 13 2084 18 2202 22 2072 
-0.4854 4.31827 54.0525 3 13 2095 18 2193 22 2082 
-2.5285 3.79402 52.6762 3 13 2096 18 2199 22 2081 
-2.26672  3.85892  52.7525 2 13 2102 22 2084 
-6.04148  3.57228  53.7327 2 13 2110 22 2089 
-2.00814  3.99658  52.8183 2 13 2120 22 2094 
-2.0972 4.03313 52.7852 2 13 2135 22 2105 
-5.99404  3.70949  53.7983 2 13 2138 22 2107 
-0.568391   4.52928    54.017 2 13 2145 22 2115 
-2.00059  4.17567  52.7302 2 13 2164 18 2254 
-2.08042  4.21074   52.749 3 13 2171 18 2263 22 2138 
-8.01261  3.78947  54.5655 2 13 2174 22 2142 
-8.10459  3.88207  54.6302 2 13 2189 22 2159 
-8.38411  3.89962  54.8424 2 13 2191 22 6214 
-5.17963  3.99775  53.1766 3 13 2192 18 2298 22 2161 
-8.93986  4.19534  55.0072 2 13 2241 22 2214 
-0.770959   5.04113   53.8959 2 13 2242 22 2212 
-1.12509  4.94841  53.1359 2 13 2256 22 2229 
-3.76165  4.61123  52.5166 2 13 2279 22 2258 
-0.88422  5.48549  53.8345 2 13 2318 22 2299 
-4.84402  4.80902  52.6246 3 13 2332 18 2480 22 2314 
-4.62761  4.94645  52.5884 2 13 2355 22 2340 
-1.5927 7.14851 53.2777 2 13 2546 22 2563 
-1.79508  7.19897  52.9732 2 13 2558 22 2578 
-1.74618  7.22153  53.0315 2 13 2559 22 2580 
-1.68067  7.50589  53.1459 2 13 2578 22 2606 
 -1.627 7.52822 53.0897 2 13 2583 22 2608 
-2.20815  7.82355  52.3662 2 13 2632 18 2878 
-2.30269  7.86441   52.275 2 13 2636 22 2667 
-2.20626  7.89986  52.3135 3 13 2639 18 2887 22 2670 
  -2.37 7.86681 52.2121 3 13 2641 18 2888 22 2673 
-2.54359  7.85367  52.0414 3 13 2647 18 2895 22 2679 
-3.23708  7.74303  51.8672 3 13 2649 18 2903 22 2681 
-2.51484  7.92347     52.2 2 13 2651 22 2682 
-3.14893  7.88098  51.9264 2 13 2661 22 2694 
-3.0587 7.88133 51.8622 2 13 2663 22 2695 
-3.24148  7.95335  51.8404 2 13 2671 22 2705 
-1.95242  8.54586  52.7591 3 13 2697 18 2939 22 2725 
-3.50821   8.2369  51.7729 2 13 2709 22 2743 
-5.5836 8.02668 51.8485 2 13 2712 22 2746 
-2.12584   9.1375  52.5267 2 13 2746 22 2790 
-3.21287    9.209  51.6571 2 13 2785 22 2832 
-2.81828  9.75963  51.7675 2 13 2817 22 2873 
-3.05354  9.96267  51.5611 2 13 2838 22 2904 
-3.36623  10.0222  51.5098 2 13 2849 22 2913 
-3.20311  10.0767   51.425 3 13 2855 18 3155 22 2919 
-3.21425  10.2332  51.4091 2 13 2865 22 2928 
-3.39033  10.4624  51.3236 2 13 2887 22 2948 
-3.33354  10.4684   51.314 2 13 2889 22 2949 
-3.4174 10.5752 51.2841 2 13 2900 22 2964 
-3.50122  10.5836  51.2837 3 13 2904 18 3236 22 2966 
-3.34853  10.6381  51.2982 3 13 2907 18 3239 22 2970 
-3.32148  10.7563   51.303 2 13 2920 22 2983 
-3.34943  10.7992  51.2646 2 13 2925 22 2990 
-3.2137 10.8833 51.3117 2 13 2931 22 2997 
-3.25381   10.933  51.2624 2 13 2936 22 3003 
-3.21663  10.9884  51.3078 2 13 2941 22 3008 
-4.43827  10.9228   51.162 3 13 2950 18 3299 22 3017 
-3.35619  11.0801   51.213 2 13 2953 22 3021 
-4.38145  10.9871  51.1612 3 13 2956 18 3308 22 3026 
-3.38252  11.1157  51.1771 2 13 2960 22 3028 
-10.7665  11.2254  53.6353 2 13 2962 22 3041 
-11.1698  11.3508  53.7748 2 13 2974 22 3057 
-4.49159  11.1744  51.1069 3 13 2977 18 3345 22 3051 
-4.65053  11.2461  51.0624 3 13 2984 18 3359 22 3065 
-4.57587  11.2921   51.068 3 13 2986 18 3367 22 3070 
-4.70777    11.33  51.0649 3 13 2994 18 3381 22 3077 
-4.3412 11.4281 50.9875 2 13 3003 22 3086 
-3.06135  11.9414  51.5584 2 13 3022 22 3103 
-4.79626  11.7095  50.9673 3 13 3041 18 3446 22 3133 
-4.23243  11.7955  50.9097 3 13 3047 18 3449 22 3138 
-4.16707  11.8251  50.9482 2 13 3048 22 3140 
-4.58291  11.8086  50.9783 3 13 3052 18 3459 22 3144 
-6.01459  11.7467  51.0895 2 13 3059 22 3155 
-4.34355  11.8868   50.933 2 13 3064 22 3159 
-4.41468  11.9173  50.8986 3 13 3074 18 3476 22 3174 
-3.24476  12.2251  51.2392 2 13 3093 22 3182 
-4.2416 12.0344 50.9263 2 13 3097 22 3194 
-5.32833  11.9877  50.9961 2 13 3102 22 3204 
-5.24254  12.0283  50.9922 2 13 3107 22 3208 
-5.29936  12.0313  50.9622 2 13 3112 22 3213 
-3.85913  12.2721   51.002 2 13 3117 22 3218 
-3.44493  12.3774  51.1082 3 13 3119 18 3535 22 3224 
-3.78148  12.2826  50.9238 2 13 3122 22 3223 
-11.5795  12.5058  53.6283 2 13 3124 22 3240 
-3.7664 12.3464  50.984 2 13 3131 22 3229 
-3.4367 12.4133 51.0427 2 13 3133 22 3230 
-3.96643  12.3483  50.9458 2 13 3136 22 3234 
-11.6428  12.5789  53.6602 2 13 3140 22 3248 
-3.73401  12.3806  50.9553 2 13 3141 22 3235 
-3.78405  12.4031  50.9614 2 13 3143 22 3238 
-3.42222  12.5705  51.1468 2 13 3154 22 3244 
-3.53424  12.5365  51.0147 2 13 3158 22 3249 
-3.72399  12.5823  50.8987 2 13 3168 22 3262 
-3.54864  12.6908  51.0425 2 13 3173 22 3272 
-3.67526  12.6671  50.9568 2 13 3177 22 3278 
-3.98966  12.6507  50.8489 2 13 3185 22 3288 
-3.89083  12.7348  50.8414 2 13 3202 22 3298 
-3.9144 12.8057 50.8707 2 13 3209 22 3305 
-4.92877   12.793  50.8177 2 13 3221 22 3326 
-4.16531  12.9298  50.7642 3 13 3230 18 3656 22 3332 
-4.19592   13.091  50.7585 2 13 3245 22 3350 
-4.36937  13.1116  50.7546 3 13 3249 18 3687 22 3359 
-4.57737  13.1451  50.7788 2 13 3256 22 3368 
-4.26534  13.1601  50.7423 2 13 3257 22 3369 
-4.34133  13.1484   50.653 2 13 3259 22 3373 
-4.41712  13.2709  50.7332 2 13 3266 22 3386 
-6.02942  13.1715  50.7298 2 13 3275 22 3397 
-5.65007  13.3217  50.6643 3 13 3295 18 3762 22 3417 
-5.51441  13.3744  50.6894 2 13 3300 22 3422 
-5.12337  13.5717  50.6541 2 13 3325 22 3443 
-5.06127  13.6441   50.647 2 13 3332 22 3459 
-4.9576 13.6771 50.6339 2 13 3336 22 3462 
-5.14536  13.6533  50.6034 3 13 3338 18 3813 22 3464 
-5.84956  13.8268  50.5883 2 13 3354 22 3484 
-5.69389  13.9361  50.5504 2 13 3364 22 3499 
-5.88976  13.9543  50.5668 2 13 3365 22 3504 
-6.27527  14.1716  50.4639 2 13 3389 22 3540 
-6.1883 14.4239 50.4687 2 13 3411 22 3563 
-6.04935  14.4386  50.4511 2 13 3412 22 3567 
-11.305 14.8883 52.5115 2 13 3415 22 3587 
-8.03898  14.4147  50.6777 2 13 3418 22 3579 
-6.19898  14.5207  50.4392 3 13 3423 18 3961 22 3582 
-6.11706  14.5226  50.4151 3 13 3424 18 3962 22 3583 
-11.3419  14.9649  52.4846 2 13 3426 22 3602 
-6.11681  14.5835  50.3829 3 13 3436 18 3974 22 3595 
-6.03262  14.6464  50.4406 3 13 3440 18 3976 22 3597 
-6.96553  14.6493  50.4913 2 13 3451 22 3619 
-7.0386 14.6336 50.4668 2 13 3454 22 3618 
-7.05759  14.7039   50.448 2 13 3467 22 3636 
-5.90009  14.8672  50.3669 3 13 3480 18 4021 22 3648 
-9.02833  14.8124  50.8356 2 13 3483 22 3672 
-5.97767  14.9634  50.3405 3 13 3504 18 4050 22 3687 
-7.38711  14.8806  50.4238 3 13 3506 18 4085 22 3692 
-5.97884  15.0485   50.314 2 13 3516 22 3706 
-8.44253  15.0229  50.6248 2 13 3521 22 3721 
-5.86286   15.152  50.3535 3 13 3527 18 4103 22 3717 
-8.58023  15.1005  50.6002 2 13 3533 22 3735 
-5.70965  15.4188  50.3756 2 13 3548 22 3745 
-6.12599  15.4147  50.3344 2 13 3550 22 3747 
-5.22816  15.6386  50.5006 3 13 3558 18 4164 22 3757 
-6.86929  15.5739  50.2822 3 13 3573 18 4204 22 3779 
-5.03515  15.8365  50.4857 2 13 3575 22 3774 
-4.98161  15.8948  50.5371 3 13 3578 18 4195 22 3780 
-4.88847   15.915  50.5482 2 13 3579 22 3782 
-8.68759  15.5833  50.4772 2 13 3580 22 3792 
-4.95222  16.0685  50.5366 2 13 3591 22 3803 
-9.01393  15.7956  50.6399 2 13 3595 22 3821 
-7.19091  15.8321  50.1912 2 13 3601 22 3826 
-7.14204  15.8668  50.2616 2 13 3602 22 3828 
-9.06194   15.848  50.5735 2 13 3603 22 3830 
-4.94186   16.188  50.4219 2 13 3608 22 3829 
-4.93338  16.2497  50.4454 2 13 3613 22 3835 
-4.97847  16.2836  50.4614 3 13 3616 18 4245 22 3840 
-9.21278  16.0588   50.637 2 13 3619 22 3850 
-5.10709  16.3064  50.4156 3 13 3620 18 4250 22 3843 
-9.08326  16.0709  50.5849 2 13 3624 22 3853 
-7.33563  16.2608  50.1296 2 13 3656 18 4310 
-4.42548   16.524  50.1477 2 13 3657 22 3872 
-5.26168   16.548   50.296 3 13 3659 18 4292 22 3880 
-7.32497  16.3318  50.1449 2 13 3661 18 4318 
-5.31642  16.5627  50.2366 3 13 3663 18 4298 22 3884 
-12.3234  17.2661  52.8974 2 13 3665 22 3900 
-5.35128  16.6652  50.1722 2 13 3674 22 3896 
-4.47267  16.6844   50.019 2 13 3676 22 3895 
-5.28641  16.7311  50.1133 2 13 3679 22 3905 
-8.37264  16.7504  50.2716 2 13 3686 22 3918 
-4.52224  16.9285  49.9815 2 13 3687 22 3914 
-4.5332 17.0102 49.9432 3 13 3693 18 4347 22 3919 
-4.67204  17.0287  49.9821 2 13 3694 22 3923 
-4.8409 17.1345 49.9243 3 13 3705 18 4367 22 3938 
-4.69669  17.1549  49.9571 3 13 3706 18 4366 22 3936 
-5.10709  17.1554  49.9521 3 13 3710 18 4375 22 3940 
-5.00519  17.2083  49.9381 4 10 3741 13 3716 18 4381 22 3945 
-5.94805  17.1383  49.9553 2 13 3719 18 4390 
-4.80873  17.2156  49.8628 2 13 3723 22 3954 
-5.45513  17.2196   49.931 3 13 3727 18 4391 22 3959 
-11.3838  17.8206  52.1216 3 13 3728 18 9051 22 8194 
-5.57141  17.2689  49.9651 2 13 3735 22 3968 
-5.71385  17.3345  49.9396 3 13 3742 18 4416 22 3977 
-5.85168  17.4281   49.942 3 13 3751 18 4430 22 3988 
-5.90434   17.476  50.0031 3 13 3752 18 4434 22 3992 
-11.2286  18.0206  51.9388 2 13 3755 22 4015 
-5.74731  17.5031  49.9586 3 13 3756 18 4439 22 3995 
-8.5434  17.496 50.3837 2 13 3757 22 8233 
-6.60085  17.5113  50.0071 2 13 3762 22 4004 
-8.40438  17.5165  50.2594 2 13 3764 22 4018 
-8.34836  17.5468  50.2905 2 13 3767 22 4020 
-6.02432  17.6053  50.0327 3 13 3768 18 4456 22 4010 
-5.75832  17.6103  50.0009 3 13 3769 18 4451 22 4011 
-6.20929  17.6304  50.0698 3 13 3774 18 4461 22 4017 
-5.8581 17.6314 49.9755 3 13 3777 18 4459 22 4019 
-6.0119 17.6489 50.0102 3 13 3780 18 4463 22 4022 
-6.66848  17.5926   49.999 2 13 3781 22 4026 
-5.95104  17.6608   50.012 2 13 3782 22 4024 
-8.26885  17.7109  50.2112 2 13 3802 22 4048 
-6.69633   17.789   50.034 2 13 3804 22 4049 
-7.97666  17.8616  50.2268 3 13 3818 18 4518 22 4061 
-6.84257  17.8572  50.0294 2 13 3819 22 4057 
-7.2319 17.8857  50.124 3 13 3821 18 9114 22 4063 
-8.02797  17.8909  50.1998 2 13 3824 22 4067 
-8.43748   17.933  50.3364 2 13 3826 22 4069 
-7.88891  17.9232  50.2179 3 13 3827 18 4527 22 4071 
-7.51583  17.9747  50.2156 3 13 3830 18 9135 22 4073 
-7.86059  17.9725   50.209 2 13 3832 22 4081 
-7.77822  17.9877  50.2105 3 13 3833 18 4537 22 4082 
-7.72234  18.0101  50.2269 2 13 3836 22 4083 
-8.16062  18.0058  50.2175 2 13 3839 22 4091 
-7.76129  18.1299  50.1581 2 13 3852 22 4097 
-7.96177  18.1871  50.1427 2 13 3860 22 4107 
-8.98144  18.4389  50.5561 2 13 3868 22 4114 
-9.43591   18.604  50.7981 2 13 3870 22 4120 
-10.1206  18.6421  50.9571 2 13 3871 22 4121 
-9.79536  18.6538  50.8997 2 13 3872 22 4122 
-2.13397 -6.83061  61.8913 2 13 3914 22 4156 
-1.19391  -6.6646  61.2764 2 13 3918 22 4165 
-1.48578 -6.69696  61.4877 2 13 3921 22 4170 
-0.96649 -6.57748  61.3657 3 13 3928 18 4655 22 4179 
-2.01783 -6.74316  61.8095 2 13 3932 22 4177 
-1.61987 -6.66614  61.6228 2 13 3934 22 4183 
-2.22141 -6.74749  61.8634 2 13 3936 22 4185 
-1.40575 -6.61165  61.4884 3 13 3937 18 4662 22 4186 
-1.10952 -6.56901  61.4152 3 13 3938 18 4663 22 4187 
  -2.391 -6.73826    62.13 3 13 3946 18 4667 22 4191 
 -1.2954 -6.52893  61.3434 3 13 3947 18 4673 22 4193 
0.276085 -5.83817  59.5691 2 13 3995 22 4234 
0.400552 -5.80557  59.5356 2 13 3997 22 4235 
-2.04887 -5.90713   60.392 2 13 4027 22 4258 
-3.42779 -6.05224  61.3654 3 13 4040 18 4753 22 4264 
 6.04814 -4.33576  57.7977 2 13 4074 22 4302 
-3.42893 -5.83428  60.9265 2 13 4075 22 4295 
 6.23261 -4.15966  57.8009 2 13 4088 22 4328 
 6.04406 -4.17736  57.7172 2 13 4090 22 4332 
 6.08481 -4.00673  57.5968 3 13 4141 18 4873 22 4375 
-0.604266  -5.04854   58.3107 2 13 4146 22 4363 
 6.90506 -3.83328  58.2627 2 13 4150 22 4382 
 6.68522 -3.81649  58.0916 3 13 4158 18 4898 22 4392 
-0.412525  -4.92831   58.1028 2 13 4164 22 4377 
7.24937 -3.6919 58.6319 3 13 4165 18 4905 22 4399 
6.73326 -3.7467 58.1762 3 13 4173 18 4908 22 4408 
7.22025 -3.6222 58.6636 2 13 4184 22 4416 
-1.55267 -4.98743  58.6176 2 13 4193 22 4398 
 7.37262 -3.53935   58.722 3 13 4194 18 4924 22 4424 
 5.77789 -3.76359  57.5575 2 13 4203 22 4428 
  7.2576 -3.49545  58.7314 3 13 4205 18 4932 22 4437 
-1.93927 -4.89116  58.7559 2 13 4219 22 4426 
 2.93085 -4.14704  56.4729 2 13 4220 22 4436 
 5.86573 -3.62612  57.5934 2 13 4227 22 4449 
7.18053 -3.3151 58.6558 2 13 4246 22 4468 
5.72181 -3.5456 57.6801 2 13 4253 22 4466 
 6.56569 -3.38246  58.2715 2 13 4255 22 4476 
-1.31815 -4.55528  57.7934 2 13 4278 18 4963 
 5.88379 -3.38169  57.8677 3 13 4284 18 4996 22 4501 
2.39792 -3.9547 56.2098 2 13 4290 22 4491 
5.66447  -3.379 57.7801 2 13 4293 22 4513 
 6.00667 -3.32765  57.8708 2 13 4294 22 4514 
  3.7238 -3.71575  56.0446 2 13 4295 22 4503 
 3.87168 -3.67011  56.0807 2 13 4299 22 4512 
 2.24144 -3.91723  56.0343 2 13 4304 22 4507 
 5.45666 -3.35176  57.6455 2 13 4309 22 4522 
5.27905 -3.3657 57.4764 3 13 4311 18 5015 22 4523 
 5.16642 -3.37037  57.4787 3 13 4313 18 5016 22 4526 
3.89407 -3.5572   56.21 2 13 4324 22 4529 
 4.93142 -3.35312  57.3265 2 13 4325 22 4536 
 2.25585 -3.75674  55.9398 2 13 4336 22 4535 
1.99426 -3.7707 55.9098 3 13 4337 18 5035 22 4544 
  4.9718 -3.20971  57.4629 2 13 4349 22 4559 
4.74249 -3.2228 57.2557 2 13 4351 22 4564 
 3.75127 -3.30026  56.5468 2 13 4368 22 4577 
 6.82713 -2.68953  57.9741 3 13 4383 18 5102 22 4598 
-2.43111 -4.14991  57.7657 3 13 4389 18 5074 22 4582 
 1.87872 -3.52092  55.7843 2 13 4393 22 4590 
 3.83803 -3.13118  56.7574 2 13 4398 22 4601 
-0.357599  -3.80341   56.3004 3 13 4404 18 5089 22 4592 
  4.1732 -3.05696   56.982 3 13 4405 18 5107 22 4608 
 3.58975 -3.13474  56.6132 2 13 4407 22 4610 
 1.70112 -3.44835  55.7121 2 13 4409 22 4607 
 3.99522 -3.04515  56.9862 2 13 4410 22 4615 
 3.74521 -3.06652  56.8385 3 13 4416 18 5117 22 4618 
 8.36855 -2.24927  59.2708 2 13 4418 22 4643 
-3.03108 -4.08823  57.9257 2 13 4420 22 4603 
 4.08193 -2.98972  56.9597 3 13 4421 18 5129 22 4628 
5.66214 -2.7169 57.3613 2 13 4425 22 4633 
-3.43607  -4.0998  58.2712 2 13 4429 22 4612 
 8.45861 -2.18491  59.2421 2 13 4430 22 4652 
 3.56481 -3.02214  56.6479 2 13 4435 22 4640 
  3.9274 -2.96057  56.8784 3 13 4436 18 5141 22 4641 
8.06301 -2.2312 59.1624 2 13 4438 22 4656 
 3.75605 -2.96464   56.805 3 13 4444 18 5150 22 4648 
-1.21725 -3.74089  56.5192 2 13 4448 22 4632 
8.52952 -2.0337  59.395 2 13 4459 22 4687 
 3.51582 -2.92436  56.7562 2 13 4464 22 4662 
-1.13158 -3.63818  56.4838 2 13 4469 22 4655 
-8.49901 -4.54078  62.3705 2 13 4473 22 4653 
 7.83627 -2.06664   59.604 2 13 4475 22 4698 
-4.51316 -4.02724  58.5172 2 13 4481 18 9780 
-6.11621 -4.16096   59.464 2 13 4498 22 4676 
-2.39967 -3.68745  56.9234 2 13 4500 22 4683 
-5.98186 -4.12976  59.4111 2 13 4505 22 4681 
 4.88499 -2.49417  57.1994 2 13 4509 22 4714 
 1.21241 -3.09958  55.5098 3 13 4515 18 5213 22 4708 
-1.34378 -3.43127  56.2319 2 13 4524 22 4710 
-4.45128 -3.73712  58.0195 2 13 4538 22 4723 
 4.62468 -2.36036  56.9922 2 13 4539 22 4737 
 -3.9534 -3.64129  58.0165 2 13 4542 22 4724 
-6.21909 -3.90046  59.2736 2 13 4548 22 4728 
-4.04523 -3.62271  57.6865 2 13 4549 22 4730 
-4.41299   -3.626   57.931 2 13 4556 22 4738 
-4.57632 -3.62534  57.9501 3 13 4560 18 5243 22 4741 
-2.31134 -3.32542   56.473 2 13 4567 22 4744 
-5.49491 -3.67898  58.5567 3 13 4571 18 5257 22 4749 
-2.25174 -3.24962  56.5337 2 13 4575 22 4761 
-4.55556 -3.51371  57.8331 2 13 4583 22 4764 
-7.04452 -3.79244  59.5702 2 13 4588 22 4765 
4.00088 -2.2162 56.6003 2 13 4590 22 4782 
-2.26476 -3.14972   56.396 2 13 4597 22 4777 
-1.55737 -3.04588  56.0096 2 13 4599 22 4781 
-1.61984 -2.94837  55.9071 2 13 4621 22 4799 
-1.69649 -2.83566  55.8714 2 13 4640 22 4824 
-2.42586 -2.86111  56.1844 2 13 4654 22 4834 
  8.13918 -0.961027   60.2567 2 13 4658 22 4864 
-4.32631 -3.04105  56.8313 2 13 4665 22 4847 
 2.84171 -1.98117  55.7639 2 13 4666 22 4858 
0.896476 -2.27952  54.9934 3 13 4676 18 5373 22 4859 
0.759265 -2.25585  55.0101 2 13 4684 22 4869 
0.705672 -2.16523  54.9694 2 13 4703 22 4890 
-6.30988 -3.06113  57.9238 2 13 4706 22 4878 
0.641811 -2.13103  54.9988 3 13 4715 18 5419 22 4898 
 1.12414 -2.04087  54.8019 2 13 4717 22 4906 
-1.17026 -2.20284  55.3584 3 13 4756 18 5456 22 4933 
-1.00198 -2.17577  55.3336 2 13 4757 22 4934 
 1.90803 -1.71785  54.7827 2 13 4766 22 4947 
-6.12473 -2.74955  57.3281 2 13 4772 22 4942 
 1.92468 -1.60383  54.9485 2 13 4783 22 4965 
-1.17954  -2.0593  55.2347 2 13 4786 22 4958 
-9.96034 -2.92587   61.535 2 13 4791 22 4962 
-0.925691  -1.98391   55.1446 2 13 4793 22 4971 
-0.0481695   -1.75703    54.8771 3 13 4816 18 5526 22 4997 
0.125866 -1.69642  54.8758 2 13 4825 22 5005 
-1.02468 -1.79384  54.9973 2 13 4842 22 5019 
-0.00796289     -1.6596     54.7785 2 13 4843 22 5020 
-6.49276 -2.37681  57.0873 2 13 4865 22 5037 
-4.07923 -2.06598  55.8982 2 13 4876 22 5045 
-3.88922  -1.9579   55.785 2 13 4892 22 5063 
-4.01393 -1.96985  55.7234 2 13 4894 22 5065 
-3.60924 -1.91052  55.6098 2 13 4895 22 5066 
-5.74672 -2.12105  56.6281 3 13 4899 18 5609 22 5073 
-4.20731 -1.95327  55.8849 2 13 4900 22 5074 
-5.88763  -2.1326  56.6931 3 13 4903 18 5612 22 5072 
-3.67979 -1.83766  55.6257 2 13 4910 22 5079 
0.0591752  -1.21817   54.6214 2 13 4933 22 5097 
-2.90941 -1.60326  55.3103 2 13 4934 22 5096 
-2.90502 -1.51105  55.2955 3 13 4943 18 5649 22 5105 
-2.68658 -1.41296  55.2379 2 13 4949 22 5118 
 8.64334 0.803984  60.5737 2 13 4952 22 5143 
0.0580593 -0.984733   54.5564 2 13 4956 22 5130 
-2.72477 -1.32759  55.1766 2 13 4959 22 5129 
-0.0334768  -0.641131    54.3305 3 13 4996 18 5722 22 5179 
-6.62135 -1.35385  56.2498 2 13 5011 22 5188 
 -6.4546 -1.25864  56.0201 2 13 5026 22 5204 
 -2.36017 -0.780876   54.6675 2 13 5028 22 5209 
-0.881964   -0.5795   54.3189 3 13 5037 18 5764 22 5219 
-0.555467 -0.470921   54.3719 3 13 5048 18 5777 22 5239 
-7.19559   -1.242  56.2978 2 13 5052 22 5233 
-6.60457  -1.1731  56.1006 3 13 5053 18 5783 22 5234 
-7.49274 -1.24835  56.5046 2 13 5055 22 5237 
 -4.44906 -0.943834   54.8583 2 13 5060 22 5242 
-0.356811 -0.374697   54.3349 3 13 5062 18 5792 22 5250 
 -4.11502 -0.775262   54.7051 2 13 5076 22 5264 
 -4.61847 -0.803434   54.8658 2 13 5081 22 5268 
 -4.05361 -0.690517   54.7601 2 13 5085 22 5271 
 -3.77888 -0.597224   54.4759 2 13 5090 22 5279 
 -4.51714 -0.662143   54.7586 2 13 5091 22 5280 
 -4.68377 -0.625193    54.786 2 13 5096 22 5288 
 -3.71245 -0.515693   54.4134 3 13 5097 18 5835 22 5290 
 -4.16953 -0.487968   54.6003 3 13 5106 18 5844 22 5299 
 -6.83261 -0.683855   55.9719 3 13 5109 18 5854 22 5302 
 -3.61321 -0.313238   54.2573 2 13 5120 22 5315 
 -4.52715 -0.395138   54.6657 2 13 5123 22 5314 
  -3.9955 -0.294334   54.4288 2 13 5128 22 5322 
 -3.64644 -0.220638   54.1725 3 13 5134 18 5883 22 5330 
 -6.64813 -0.474848   55.7756 2 13 5136 22 5331 
0.524189   0.4279  54.1897 2 13 5141 22 5346 
 -4.30215 -0.238958   54.3787 2 13 5146 22 5342 
 -6.72927 -0.382112   55.6632 2 13 5154 22 5349 
  -3.25159 -0.0815809    53.8969 3 13 5157 18 5904 22 5352 
    -3.149 -0.0548906    53.9306 3 13 5158 18 5911 22 5355 
0.488263 0.510654  54.1397 3 13 5162 18 5915 22 5364 
 -2.98873 0.0252562   53.9895 3 13 5165 18 5920 22 5368 
0.236388 0.502567  54.1188 3 13 5166 18 5921 22 5370 
 0.54371 0.588874  54.1262 3 13 5174 18 5927 22 5377 
 -4.38802 -0.083942   54.4253 2 13 5179 22 5374 
0.123742 0.544071  54.0393 3 13 5180 18 5933 22 5383 
 -3.08353 0.0887518   53.9277 3 13 5184 18 5941 22 5382 
  -3.2899 0.0891892   53.8816 3 13 5188 18 5947 22 5386 
0.220268 0.624195  54.0568 3 13 5189 18 5948 22 5395 
0.491066 0.677542  54.0727 3 13 5193 18 5952 22 5396 
 -6.72735 -0.178258   55.5279 2 13 5195 22 5393 
0.313714 0.681637  54.0728 3 13 5196 18 5957 22 5404 
0.439694 0.720129  54.1179 3 13 5203 18 5962 22 5412 
 -4.41315 0.0575997   54.3831 2 13 5205 22 5407 
-3.18016 0.192608  53.8528 2 13 5208 22 5411 
0.190715 0.716128  53.9828 3 13 5212 18 5975 22 5418 
0.244559 0.733318  54.0417 2 13 5213 22 5419 
 0.45819 0.821187  54.0954 2 13 5219 22 5429 
 -6.34306 0.0217622   55.5481 3 13 5221 18 5985 22 5426 
-4.50845 0.140077  54.3681 2 13 5222 22 5424 
-3.28872 0.279967  53.8213 2 13 5225 22 5432 
  -6.65867 0.00671785    55.4807 2 13 5227 22 5434 
0.181645 0.818195  53.9568 3 13 5229 18 5992 22 5438 
-0.0923801   0.778744    53.8965 3 13 5230 18 5996 22 5441 
 -6.50083 0.0555143   55.4817 3 13 5233 18 6001 22 5437 
0.163477  0.88737  53.9437 3 13 5244 18 6009 22 5455 
-0.290454  0.797472   53.7345 2 13 5246 22 5452 
 -6.81582 0.0824467   55.5451 2 13 5248 22 5449 
0.0381031  0.901246   53.8968 3 13 5251 18 6020 22 5457 
-0.0577017   0.897453    53.8208 2 13 5254 22 5462 
-6.40947 0.209327  55.4102 3 13 5258 18 6029 22 5463 
0.0552622  0.992218   53.8984 4 12 2500 13 5264 18 6033 22 5477 
-6.63898 0.223286  55.4198 2 13 5265 22 5469 
-0.0944617     1.0183    53.7861 3 13 5276 18 6046 22 5486 
-0.252143   1.00264   53.7814 3 13 5280 18 6048 22 5489 
-3.39706 0.557015  53.7219 2 13 5283 18 6053 
-6.72508 0.305047  55.3957 2 13 5288 22 5491 
-3.30293 0.603083  53.7332 3 13 5291 18 6063 22 5496 
-6.02736 0.423006  55.2916 2 13 5293 22 5498 
-5.93264 0.496378  55.2921 2 13 5302 22 5508 
-0.281838   1.14737   53.8428 2 13 5311 22 5516 
-0.14461  1.15105  53.7433 3 13 5312 18 6080 22 5517 
-5.83051 0.530281   55.214 2 13 5314 22 5514 
 -3.6246 0.670252  53.7709 2 13 5315 22 5515 
-3.50615 0.816183  53.6509 2 13 5339 22 5541 
-3.61558 0.830912  53.6816 2 13 5343 22 5549 
-9.94493 0.953993  57.6416 2 13 5404 22 5614 
-6.20701  1.18011  54.9332 3 13 5414 18 6218 22 5628 
-7.90796  1.06521  55.6855 2 13 5422 22 5631 
-8.01201  1.08945  55.6076 2 13 5427 22 5639 
-7.91139  1.20032  55.6675 2 13 5446 22 5659 
-7.7101 1.22164 55.5935 3 13 5447 18 6252 22 5660 
-7.99955  1.22262  55.5998 2 13 5455 22 5666 
-6.33452   1.3677  54.8699 2 13 5459 22 5672 
-2.1001 1.71668 53.1487 3 13 5460 18 6257 22 5673 
-3.24752  1.59747  53.2929 2 13 5463 22 5677 
-2.52298  1.69282  53.1985 3 13 5464 18 6271 22 5681 
-6.41287  1.39404  54.8069 2 13 5469 22 5683 
-1.76548  1.81596  53.2173 2 13 5471 22 5684 
-1.62627  1.83347  53.1955 2 13 5472 22 5685 
-3.70808  1.62716  53.3821 3 13 5484 18 6291 22 5698 
-7.85486  1.36153  55.4959 2 13 5487 22 5696 
-8.73588  1.35661  55.9338 2 13 5497 22 5709 
-2.0739 1.86943 53.1098 3 13 5499 18 6301 22 5712 
-3.81926  1.67096  53.3647 2 13 5501 22 5710 
-1.97565  1.89761  53.1087 3 13 5502 18 6305 22 5715 
-1.4443 1.98986 53.2467 3 13 5503 18 6302 22 5716 
-2.14417  1.93558  53.1098 2 13 5509 18 6315 
-1.89806  1.97276   53.074 3 13 5512 18 6317 22 5727 
-2.03648  1.97904  53.1258 4 11 3855 13 5519 18 6318 22 5735 
-1.46561   2.2034  53.2968 2 13 5540 18 1808 
-6.3929 1.75869 54.6645 2 13 5545 22 5757 
-3.76549  1.94159   53.374 2 13 5547 22 5760 
-7.73348  1.71626  55.3708 2 13 5553 22 5768 
-1.48557  2.30887  53.3466 3 13 5562 18 6361 22 5776 
-7.64302  1.82812  55.3214 2 13 5570 22 5787 
-4.28756   2.0257  53.4709 2 13 5578 22 5793 
-4.13595  2.05475  53.3474 2 13 5583 22 5798 
-6.27367  2.08293  54.5381 2 13 5599 22 5821 
-4.14184  2.24452  53.2237 2 13 5608 22 5833 
-0.0585226    3.00854    54.3804 2 13 5609 22 5837 
 -7.835 2.16596 55.3291 2 13 5619 22 5845 
-4.18995  2.36862  53.2762 2 13 5622 22 5848 
-0.770226   2.91021   53.3309 2 13 5632 22 5859 
-7.79642  2.31367  55.2816 2 13 5641 22 5866 
-6.54662   2.3677  54.5543 2 13 5642 22 5867 
-5.99105  2.43438  54.2979 2 13 5647 22 5872 
-2.52801  2.70595  52.9392 3 13 5651 18 6460 22 5880 
-6.40863  2.42144  54.3839 2 13 5655 22 5884 
-6.12302   2.4681  54.3729 3 13 5661 18 6480 22 5885 
-6.22962  2.48672  54.3888 3 13 5666 18 6488 22 5895 
-0.196301   3.33831   54.2531 2 13 5674 22 5906 
-8.99999  2.41025  55.8258 2 13 5675 22 5908 
-8.00919  2.45168  55.3051 3 13 5677 18 6508 22 5904 
-6.34872  2.54042  54.4277 3 13 5678 18 6507 22 5905 
-4.19606  2.68014  53.2172 3 13 5692 18 6509 22 5922 
-0.208879    3.5055   54.1794 2 13 5712 22 5946 
-8.02331  2.64873  55.1758 2 13 5719 22 5951 
-6.19941  2.73568  54.2362 2 13 5720 22 5952 
-4.13469  2.85743   53.147 2 13 5724 22 5958 
-6.00673  2.84675   54.161 2 13 5734 18 6582 
-5.9288 3.00119 54.0847 2 13 5754 22 5985 
-3.50308   3.1438  52.8567 2 13 5758 22 5989 
-4.13828  3.09803  52.9857 3 13 5767 18 6612 22 5992 
-4.22473  3.13984  53.0191 3 13 5772 18 6620 22 6004 
-1.33035  3.57777  53.2321 2 13 5776 22 6008 
-5.98394  3.10973  53.9801 2 13 5782 22 6013 
-4.06435  3.18152  52.8717 2 13 5784 22 6016 
-2.7527 3.35093 52.8221 2 13 5785 22 6018 
-0.460544   3.89412   54.0482 3 13 5789 18 6625 22 6027 
-3.97096  3.21168  52.8946 3 13 5791 18 6635 22 6020 
-2.92572  3.36046   52.786 3 13 5800 18 6639 22 6026 
-3.05865  3.38154  52.7771 3 13 5806 18 6653 22 6035 
-2.97082  3.45416  52.7439 3 13 5828 18 6669 22 6053 
-1.39164  3.73906  53.0382 2 13 5833 22 6059 
-2.56278  3.54305  52.7414 3 13 5837 18 6675 22 6061 
-8.31207  3.21372   55.093 2 13 5840 22 6063 
-5.75832  3.32658  53.7976 2 13 5842 22 6066 
-0.566392   4.07216   54.0042 2 13 5845 22 6070 
-2.81919   3.5425  52.6979 3 13 5847 18 6688 22 6069 
-6.79796  3.29396  54.1879 2 13 5849 22 6073 
-5.65978   3.3713  53.7687 2 13 5850 22 6074 
-2.44367  3.68546  52.7108 3 13 5869 18 6706 22 6090 
-5.54504  3.46561  53.7126 3 13 5873 18 6726 22 6094 
-2.25121  3.73874  52.7598 3 13 5876 18 6712 22 6097 
-2.35318  3.75813  52.7762 2 13 5881 22 6103 
-5.64458  3.49659   53.686 2 13 5886 22 6107 
-1.97884  3.83754  52.8158 3 13 5888 18 6725 22 6117 
-2.06349  3.82547  52.7929 3 13 5892 18 6727 22 6116 
-2.19027   3.8336  52.7847 2 13 5894 22 6121 
-2.00225  3.92984  52.7871 3 13 5906 18 6753 22 6135 
-5.71335    3.672  53.5796 2 13 5919 22 6154 
-7.8025 3.61889 54.5245 2 13 5922 22 6160 
-7.69883  3.65826  54.5063 2 13 5927 22 6165 
-5.70198  3.74317  53.5451 2 13 5928 22 6163 
-2.02114  4.13547  52.7552 4 11 4091 13 5936 18 6793 22 6177 
-6.21026  3.75606  53.6545 2 13 5937 22 6175 
-6.06576  3.76397  53.6147 2 13 5938 22 6176 
-7.92305  3.71607  54.5893 2 13 5941 22 6179 
-2.15523  4.17542  52.6809 3 13 5949 18 2261 22 2135 
-5.4195 3.95397 53.2897 3 13 5963 18 6835 22 6208 
-6.63543  3.89771  53.7987 2 13 5965 22 6206 
-2.06327  4.36864  52.7163 4 12 2838 13 5978 18 6840 22 6221 
-5.22468  4.07142  53.1572 3 13 5982 18 6857 22 6229 
-2.12274  4.45677  52.6843 2 13 5988 22 6235 
-1.94981   4.5612  52.7435 2 13 6000 22 6247 
-2.09171  4.55228   52.667 3 13 6003 18 6875 22 6251 
-5.00162  4.32752  52.9554 2 13 6012 22 6258 
-0.813916   5.31152   53.8632 2 13 6034 22 6287 
-3.76728  4.68599  52.4333 2 13 6039 22 6292 
-10.2616   4.6234  55.9426 2 13 6047 18 11186 
-4.81718  4.73778  52.6627 2 13 6057 22 6310 
-4.87361  4.83978  52.5631 2 13 6067 22 6318 
-4.04391  4.96742  52.3383 2 13 6076 22 6327 
-4.73526  4.99476  52.5302 2 13 6088 22 6339 
-4.88489  5.07344  52.6228 2 13 6098 22 6345 
-5.22987   5.2492  52.6219 3 13 6123 18 7032 22 6369 
-5.13903   5.3304  52.4615 2 13 6132 22 6384 
-1.48397  6.86967  53.3497 2 13 6189 22 6448 
-1.55003  6.94549   53.319 2 13 6193 22 6453 
-1.60028  7.02352  53.2292 3 13 6198 18 7133 22 6458 
-1.71752  7.16382  53.1177 2 13 6216 22 6474 
-1.60623  7.29252  53.2834 2 13 6223 22 6480 
-1.70382  7.28185  53.2266 2 13 6224 22 6482 
-1.66573  7.35662  53.2041 2 13 6234 22 6490 
6.35584 11.4867 63.3983 2 13 6267 22 6533 
-1.6368 7.84409 53.0391 2 13 6273 22 6535 
6.25829 11.5517 63.3572 2 13 6275 22 6539 
6.19335 11.7659 63.3869 2 13 6288 22 6554 
-2.44921  7.86134  52.1435 3 13 6301 18 7237 22 6562 
-3.17709  7.72641  51.8731 2 13 6303 18 7245 
-3.06819  7.75063  51.8638 3 13 6306 18 7248 22 6567 
-2.6879 7.84052  52.016 2 13 6307 22 6568 
-2.36781  7.95402  52.2071 2 13 6314 22 6574 
-2.60678  7.90519  52.0378 2 13 6315 22 6577 
-2.2985 8.02403 52.2825 2 13 6317 22 6581 
6.18165 12.0895 63.3176 2 13 6318 22 6592 
-2.65668  8.00151   52.047 2 13 6331 18 7268 
-2.83673  7.96886  51.9133 3 13 6333 18 7270 22 6601 
-3.00991  7.94579  51.8739 3 13 6335 18 7271 22 6600 
-1.7996 8.36925 52.7846 2 13 6339 22 6610 
-2.13235  8.32851  52.5636 2 13 6345 22 6614 
-1.98144  8.47416  52.8276 2 13 6351 22 6624 
-3.43384  8.02691  51.7649 2 13 6355 22 6626 
-2.05509  8.56024  52.7879 2 13 6365 22 6640 
-3.33619  8.24577  51.7981 2 13 6379 22 6655 
-5.41688  8.02893  51.6806 2 13 6389 22 6667 
-5.67544  8.07902  51.7919 2 13 6396 22 6672 
-2.17624  8.95283  52.5978 2 13 6419 22 6701 
-3.69204  7.44349  47.5534 2 13 6433 18 7390 
-2.23096  9.16647  52.5801 2 13 6447 22 6726 
-3.31191  9.07178  51.6443 2 13 6480 22 6757 
-2.27833  9.49663  52.5061 2 13 6489 22 6761 
-3.18266  9.27869   51.608 2 13 6507 22 6779 
-3.30977  9.29202  51.5946 2 13 6513 22 6783 
-2.40004  9.76602   52.366 2 13 6529 22 6800 
-2.88143  9.77877   51.686 2 13 6562 22 6829 
-3.0315 9.80192 51.5787 2 13 6569 22 6835 
-2.97671  9.97218  51.5741 2 13 6585 22 6853 
-3.26719  10.0338   51.434 3 13 6599 18 7592 22 6863 
-3.29276  10.1157  51.4106 3 13 6606 18 7605 22 6873 
5.32347 14.8861  62.935 2 13 6610 22 6882 
-3.14716   10.214  51.4433 2 13 6612 22 6880 
-3.31385  10.2102  51.3614 2 13 6619 22 6886 
5.22573 14.9839 62.9627 2 13 6620 22 6891 
-3.18822  10.3151  51.4056 2 13 6626 22 6893 
-3.35593  10.2998  51.3771 3 13 6628 18 7630 22 6896 
-3.3525 10.3693 51.3659 3 13 6637 18 7641 22 6902 
-3.2417 10.4927 51.3451 3 13 6653 18 7658 22 6919 
 5.2101 15.2745 62.8431 2 13 6654 22 6923 
-3.35235  10.5314  51.3445 3 13 6657 18 7664 22 6925 
-3.30612  10.5839   51.373 2 13 6662 22 6932 
-3.39111   10.717    51.29 2 13 6680 22 6955 
-3.3543 10.9064 51.2679 3 13 6702 18 7724 22 6976 
-3.38424  11.0075  51.2353 2 13 6716 22 6992 
-12.021 11.2488 54.4883 2 13 6722 22 7015 
-3.28038  11.0956  51.2323 3 13 6726 18 7756 22 7001 
-11.108 11.2099  53.905 2 13 6734 22 7027 
-4.48297  10.9775  51.1594 3 13 6735 18 7768 22 7012 
-2.89843  11.3772  51.6229 2 13 6743 22 7020 
-4.55379  11.0421  51.1075 3 13 6748 18 7787 22 7029 
-4.41374  11.1174  51.1431 3 13 6757 18 7792 22 7036 
-4.51587  11.1455  51.1156 3 13 6765 18 7807 22 7045 
-4.69717  11.2442   51.039 3 13 6784 18 7835 22 7068 
-4.58123  11.2694   51.069 3 13 6785 18 7833 22 7069 
-4.39363  11.3244  51.0899 3 13 6789 18 7838 22 7071 
-4.31218  11.3867  51.1073 2 13 6793 22 7079 
-4.62615  11.3617  51.0745 3 13 6797 18 7852 22 7084 
-4.31436  11.4711  51.0267 3 13 6809 18 7866 22 7096 
-12.026 11.9137  54.267 2 13 6823 22 7127 
-4.73514  11.6755  50.9904 3 13 6855 18 7910 22 7139 
-4.45686  11.6854  50.9477 3 13 6856 18 7906 22 7136 
-4.24645  11.7435  50.9949 2 13 6860 22 7143 
-4.66228  11.7348   50.961 3 13 6869 18 7921 22 7153 
-5.03518  11.7254  50.9854 3 13 6873 18 7930 22 7159 
-12.1555  12.1721   54.225 2 13 6875 22 7180 
-4.46042  11.8319   50.939 3 13 6886 18 7936 22 7168 
-4.67659  11.8317   50.978 3 13 6890 18 7938 22 7172 
-3.4319 12.0497 51.1559 2 13 6892 22 7175 
-4.55346  11.8903     50.9 2 13 6906 22 7188 
-3.1974 12.2192 51.3501 2 13 6913 22 7190 
-4.37524  11.9648  50.9596 3 13 6915 18 7964 22 7196 
-3.30395  12.2013    51.15 3 13 6925 18 7966 22 7202 
-3.41024  12.1849  51.0887 3 13 6927 18 7970 22 7206 
-5.4054  11.989 50.9742 2 13 6933 22 7216 
-3.47569  12.2841  51.0901 2 13 6941 22 7222 
-11.6947  12.4638  53.6108 2 13 6956 22 7250 
-3.51588   12.371  51.0657 2 13 6959 22 7238 
-11.5034  12.5444  53.6696 2 13 6964 22 7262 
-11.5233  12.5831  53.5012 2 13 6978 22 7277 
-3.59815  12.4846  51.0672 2 13 6980 22 7260 
4.29486 17.4789 62.1509 2 13 6987 22 7265 
-9.6963 12.4259 52.2509 2 13 6996 22 7293 
-3.58351   12.601  51.0258 2 13 6998 22 7282 
 4.1879 17.6001 62.0284 2 13 7015 22 7291 
-3.82549  12.6223  50.9323 3 13 7022 18 8068 22 7294 
-3.73942  12.6734  50.9341 3 13 7030 18 8075 22 7298 
4.19133   17.74 62.0672 2 13 7038 22 7302 
-3.90887  12.6942  50.9432 2 13 7041 22 7309 
-3.63171  12.7619  50.9668 2 13 7045 22 7313 
-4.07011  12.6975  50.8537 2 13 7051 22 7319 
-3.81121  12.7747  50.9298 2 13 7056 22 7322 
-7.77009  12.5227  51.1803 2 13 7070 22 7338 
-4.14956  12.7552   50.821 2 13 7071 18 8112 
-3.99661  12.8394  50.8884 2 13 7077 22 7337 
-4.1039 12.8515 50.8268 3 13 7082 18 8126 22 7343 
-4.20389  12.8592   50.816 3 13 7086 18 8133 22 7350 
3.84273 18.0944 62.0807 2 13 7101 22 7358 
-4.10864  12.9859  50.8279 2 13 7109 22 7369 
-4.2717 12.9719 50.7652 3 13 7113 18 8163 22 7371 
-6.38025  12.8268  50.8215 3 13 7124 18 8190 22 7386 
-4.28448   13.083  50.7568 2 13 7140 22 7388 
-4.50201   13.091  50.7738 3 13 7142 18 8191 22 7394 
3.59238 18.3389 62.0314 2 13 7148 22 7399 
-6.25881   13.012   50.791 3 13 7158 18 8222 22 7414 
-6.16713  13.0354  50.8201 3 13 7159 18 8223 22 7415 
-4.59467  13.1518  50.7274 2 13 7160 22 7407 
-4.68926  13.2034  50.7045 3 13 7174 18 8216 22 7423 
-6.14601  13.0791  50.6992 2 13 7178 22 7433 
-6.04363  13.1101  50.7269 3 13 7180 18 8241 22 7434 
3.34845 18.4296 61.8553 2 13 7181 22 7424 
-5.96935  13.1405  50.7169 3 13 7182 18 8246 22 7439 
-6.26159  13.1088  50.6918 3 13 7184 18 8249 22 7442 
-4.51635  13.2918  50.7175 3 13 7185 18 8231 22 7437 
3.46363  18.533 61.9772 2 13 7186 22 7436 
-6.18328  13.1875  50.7186 3 13 7197 18 8259 22 7452 
-5.91763  13.2136  50.7073 3 13 7198 18 8257 22 7453 
-4.79305  13.3445  50.6525 3 13 7208 18 8254 22 7456 
-6.06826  13.2646  50.6998 3 13 7215 18 8270 22 7467 
-4.61438  13.4058  50.6839 2 13 7216 22 7463 
-12.0995  13.8048  53.4484 2 13 7219 22 7486 
-4.70002  13.4154  50.6576 2 13 7220 22 7468 
-4.91282  13.4521  50.6771 3 13 7233 18 8274 22 7475 
3.85715 18.7358 61.6065 2 13 7240 22 7476 
2.62697 19.2518 63.1898 2 13 7245 22 7490 
-4.84226  13.5253  50.6477 3 13 7248 18 8283 22 7492 
-5.0227 13.5589 50.6788 2 13 7254 22 7497 
-12.2241  14.1104  53.4788 2 13 7271 22 7529 
-5.02016   13.748  50.6215 2 13 7289 18 8323 
-5.19904  13.8295  50.5056 3 13 7309 18 8350 22 7553 
-5.05944  13.8976  50.5519 3 13 7317 18 8353 22 7556 
-5.14734  13.9389  50.5362 3 13 7328 18 8364 22 7569 
-5.36171  13.9215  50.5066 2 13 7330 18 8369 
-5.28563  13.9501  50.5192 3 13 7334 18 8372 22 7577 
-5.64945  13.9486  50.5571 3 13 7340 18 8380 22 7580 
-11.3806   14.335  52.7822 2 13 7341 22 7601 
-5.19225  14.0147  50.5071 3 13 7350 18 8384 22 7588 
-5.81262  13.9945  50.5137 3 13 7355 18 8398 22 7597 
-5.42147  14.0341   50.501 3 13 7356 18 8393 22 7598 
-5.57429  14.0581  50.5505 3 13 7361 18 8402 22 7604 
-4.29865  14.2893  50.6997 3 13 7369 18 8394 22 7610 
-4.18113  14.3514  50.7409 3 13 7377 18 8399 22 7616 
-11.0364  14.4399  52.4188 2 13 7382 22 7637 
-4.33496  14.3793  50.6954 2 13 7386 22 7628 
-6.18756  14.1905  50.5281 3 13 7396 18 8448 22 7642 
-6.19493  14.2888  50.4962 3 13 7409 18 8464 22 7656 
-6.29784  14.2717  50.4675 3 13 7411 18 8465 22 7655 
-6.10622  14.3198  50.5115 3 13 7413 18 8466 22 7658 
-8.25274  14.3121  50.8323 2 13 7420 22 7671 
-8.13325  14.2941  50.7319 2 13 7422 22 7675 
-6.24687  14.4594  50.4307 3 13 7440 18 8499 22 7686 
-6.15853  14.5342  50.3596 2 13 7455 22 7696 
-6.03593  14.6026  50.4287 3 13 7459 18 8517 22 7701 
-11.6238  15.1623  52.7358 2 13 7470 22 7729 
-6.16182  14.6805  50.3908 2 13 7475 18 8531 
-7.14072  14.6291  50.4151 2 13 7478 22 7725 
-5.93689   14.745  50.4188 2 13 7479 18 8536 
-8.22907  14.7169  50.6815 2 13 7490 22 7737 
-7.91697  14.7501  50.6039 2 13 7496 22 7742 
-6.02673  14.8403  50.3513 3 13 7502 18 8552 22 7739 
-7.28227  14.8415  50.4834 2 13 7521 22 7760 
-12.7083   15.615  53.3614 2 13 7523 22 7787 
-7.45971  14.8372  50.4547 2 13 7525 22 7767 
-5.85315  15.0734  50.3756 2 13 7552 22 7794 
-8.49917  15.0034  50.5422 2 13 7569 22 7811 
-5.40046  15.4821   50.472 3 13 7603 18 4137 22 7849 
-4.5364 15.6156 50.5986 2 13 7604 22 7847 
-6.25783  15.3921  50.3229 3 13 7612 18 8676 22 7862 
-4.62586  15.6508  50.5799 3 13 7613 18 8654 22 7855 
-6.45744  15.4216  50.3119 2 13 7621 22 7868 
-8.51583  15.3613  50.5639 2 13 7622 22 7879 
-6.56061  15.4239  50.3166 3 13 7623 18 8704 22 7871 
-4.17836  15.7426  50.4896 2 13 7628 22 7867 
-4.99806  15.7394  50.5813 3 13 7636 18 8685 22 7881 
-6.69412  15.4618  50.2694 3 13 7639 18 8720 22 7885 
-6.48584  15.5046  50.2868 3 13 7646 18 8721 22 7887 
-6.58937  15.5226  50.2752 3 13 7648 18 8733 22 7893 
-4.89643  15.8197  50.5689 3 13 7651 18 8712 22 7892 
-6.71698  15.5478  50.2273 3 13 7661 18 8741 22 7908 
-6.39483  15.6039  50.2746 3 13 7662 18 8737 22 7909 
-4.80438  15.8546  50.5156 3 13 7663 18 8719 22 7901 
-6.6398  15.589 50.2648 3 13 7665 18 8744 22 7913 
-6.82183  15.6489  50.4089 2 13 7666 22 7914 
-4.7085 15.9317 50.5939 3 13 7668 18 8724 22 7910 
-6.5598 15.6336 50.2491 3 13 7670 18 8747 22 7916 
-6.9005   15.65 50.2423 3 13 7677 18 8755 22 7924 
-4.84724  16.0167  50.5626 2 13 7684 22 7927 
-4.72572  16.0803  50.5686 3 13 7691 18 8748 22 7930 
-4.97045  16.1198  50.4831 2 13 7709 22 7940 
-7.22059  15.8279   50.215 3 13 7713 18 8789 22 7951 
-9.00306  15.8835   50.629 2 13 7716 22 7962 
-4.89134   16.205  50.5112 2 13 7721 22 7952 
-5.00326  16.2379  50.4636 2 13 7732 22 7964 
-5.11476  16.2424  50.4568 3 13 7733 18 8785 22 7969 
-9.03418  15.9989  50.6025 2 13 7741 22 7986 
-9.27454  16.0217  50.6131 2 13 7744 22 7992 
-9.13924  16.0195  50.5861 2 13 7745 22 7993 
-5.03479   16.334  50.4322 3 13 7753 18 8797 22 7983 
-9.87379  16.2126  50.9885 2 13 7760 22 8011 
-8.57695  16.0508  50.3675 2 13 7763 22 8012 
-5.11859  16.4071  50.4096 3 13 7767 18 8810 22 8007 
-4.33834  16.4028   50.222 2 13 7769 22 8004 
-5.27792  16.3681  50.3121 3 13 7772 18 8818 22 8009 
-7.16938  16.2002  50.1986 2 13 7780 22 8025 
-4.40074  16.4407  50.1845 3 13 7783 18 8817 22 8016 
-9.36375   16.319  50.7353 2 13 7792 22 8046 
-7.27393  16.2362  50.1765 2 13 7794 18 8867 
-5.35709  16.4882  50.2971 3 13 7797 18 8844 22 8034 
-5.26609  16.5166  50.2984 3 13 7803 18 8845 22 8038 
-10.6476  16.6833  51.6057 2 13 7804 22 8058 
-7.25262  16.3317  50.1655 3 13 7808 18 8880 22 8055 
-5.27303  16.6206  50.2466 3 13 7819 18 8872 22 8060 
-5.43559  16.6019  50.1763 3 13 7824 18 8875 22 8062 
-12.2888  17.3413  52.8215 2 13 7830 22 8092 
-4.50947  16.7955  49.9856 2 13 7846 22 8087 
-12.1223  17.4183  52.6622 2 13 7847 22 8106 
-8.41859   16.628   50.301 2 13 7848 22 8098 
-8.27807   16.671   50.223 2 13 7854 22 8105 
-8.44127  16.7196  50.2838 2 13 7860 22 8108 
-4.59226  16.9667  49.9649 3 13 7867 18 8921 22 8109 
-11.8513  17.6315  52.4446 2 13 7878 22 8142 
-4.82718  17.0713  49.9815 3 13 7883 18 8938 22 8126 
-5.8016 17.0471 49.9639 2 13 7896 22 8136 
-5.4057 17.1077 49.9317 3 13 7903 18 8962 22 8145 
-5.23265  17.1367   49.963 2 13 7904 22 8141 
-4.75151  17.1885  49.9071 3 13 7910 18 8960 22 8149 
-5.78372  17.1444  49.9656 3 13 7914 18 8975 22 8158 
-5.12925  17.2052  49.9753 3 13 7915 18 8967 22 8153 
-5.54506  17.1862  49.9333 3 13 7917 18 8980 22 8162 
-5.23632  17.2974  50.0409 2 13 7925 22 8166 
-4.89428  17.2482  49.8801 3 13 7926 18 8976 22 8164 
-5.74507  17.2657  49.9856 3 13 7932 18 8995 22 8178 
-5.30778  17.2592  49.9057 2 13 7933 22 8177 
-5.07941  17.3139  49.9193 3 13 7934 18 8988 22 8179 
-11.0825  17.8047  51.8925 2 13 7938 22 8202 
-8.36018  17.2503   50.261 2 13 7941 22 8197 
-5.60585  17.3685  49.9829 3 13 7944 18 9005 22 8193 
-5.27644  17.3957  49.9845 3 13 7945 18 9000 22 8191 
-11.3573   17.915  52.0675 2 13 7947 22 8210 
-5.87928   17.347  49.9693 3 13 7948 18 9009 22 8195 
-5.77948  17.3638  49.9716 3 13 7950 18 9010 22 8196 
-5.70516  17.3829  49.9636 4 10 7102 13 7953 18 9011 22 8198 
-5.97033  17.4608  49.9719 3 13 7963 18 9027 22 8213 
-5.74013  17.5074  49.9983 3 13 7969 18 9028 22 8215 
-5.6289 17.5327 49.9918 3 13 7971 18 9032 22 8219 
-6.06956  17.5266  50.0065 2 13 7973 22 8224 
-6.20719  17.5391  50.0474 2 13 7976 18 9045 
-5.82947  17.5964  50.0165 3 13 7981 18 9048 22 8234 
-11.0759  18.1129  51.8304 2 13 7986 22 8254 
-8.78601  17.6152  50.3754 2 13 7989 22 8251 
-6.58083  17.6198  50.0301 3 13 7990 18 9069 22 8242 
-5.84389  17.6668  49.9766 2 13 7993 22 8243 
-6.20818  17.6856  50.0285 3 13 7997 18 9072 22 8249 
-9.03113  17.7159  50.4339 2 13 8007 22 8266 
-11.0007  18.1635  51.6485 2 13 8008 22 8273 
-7.08356   17.724  50.1146 3 13 8011 18 9086 22 8260 
-8.36537  17.7374  50.2683 3 13 8016 18 9107 22 8272 
-8.46643  17.7994  50.3173 2 13 8023 22 8280 
-9.23526  17.8473  50.5111 2 13 8024 22 8284 
-7.25579  17.8087  50.1368 3 13 8025 18 9099 22 8274 
-7.14331  17.8038  50.0803 3 13 8026 18 9100 22 8278 
-6.81532  17.8359   50.106 3 13 8027 18 9096 22 8275 
-8.90176  17.8364  50.3606 2 13 8030 22 8292 
-7.02383   17.883  50.1453 3 13 8033 18 9108 22 8286 
-9.18849  17.9336  50.5336 2 13 8034 22 8300 
-8.37764  17.9059   50.355 2 13 8035 22 8296 
-8.02881  17.9331  50.2258 3 13 8044 18 9141 22 8305 
-7.71158  17.9293  50.1593 3 13 8045 18 9139 22 8302 
-9.17641  18.0749  50.6173 2 13 8053 22 8311 
-8.30652  17.9455  50.2227 3 13 8054 18 9145 22 8308 
-8.18321  17.9378  50.1534 2 13 8055 22 8310 
-9.31355  18.1447  50.6663 2 13 8060 22 8321 
-7.63417  18.0499  50.1747 2 13 8062 22 8320 
-10.5975  18.4145  51.3272 2 13 8063 22 8330 
-10.4898  18.4572  51.4023 2 13 8064 22 8331 
-9.49743  18.1873  50.6556 2 13 8067 22 8328 
-7.83222  18.1209  50.1972 2 13 8069 22 8329 
-7.71295  18.1392  50.2243 2 13 8070 22 8326 
-8.03181  18.1658  50.1713 2 13 8078 22 8337 
-10.3465  18.5089  51.1184 2 13 8081 22 8350 
-9.73967  18.4459  50.9008 2 13 8083 22 8347 
-10.2508  18.5958   51.106 2 13 8093 22 8361 
-9.55098  18.6076  50.9423 2 13 8098 22 8367 
-9.72746  18.6072  50.9346 2 13 8100 22 8369 
-10.0449  18.6373  50.9822 2 13 8105 22 8375 
-9.95947  18.6422  50.9599 3 13 8106 18 9216 22 8376 
-9.63827  18.6687  50.9233 2 13 8112 22 8378 
-7.02767  18.6139  50.0504 2 13 8122 22 8384 
-4.69457  -3.8899  58.6173 2 13 8166 22 8427 
-0.986158  -6.70218   61.3373 3 13 8206 18 9309 22 8466 
1.77248 -6.2451 61.4365 2 13 8207 22 8472 
2.01516 -6.2008 61.3019 2 13 8208 22 8473 
 -2.0171 -6.73397  61.7939 2 13 8221 22 8480 
-1.10795 -6.55549  61.4322 3 13 8223 18 9328 22 8481 
-1.40067 -6.58844  61.3378 2 13 8225 22 8482 
-2.34728 -6.71119  61.9551 2 13 8228 22 8485 
-2.59456  -6.6668  61.6739 2 13 8233 22 8491 
0.469079 -6.12169  60.1189 2 13 8234 22 8494 
-2.42382 -6.57599  61.6723 2 13 8239 22 8493 
0.150802  -5.7968  59.5568 2 13 8270 22 8517 
-3.63963 -5.80933  60.8749 2 13 8308 22 8551 
   -3.48 -5.66954  60.6659 2 13 8321 22 8554 
-2.11327 -5.42391  59.7554 3 13 8329 18 9425 22 8560 
 1.25867 -4.86271   57.783 2 13 8336 22 8586 
-4.26851 -5.61266  60.9989 2 13 8363 22 8597 
 6.90701 -3.84358  58.2487 2 13 8369 22 8628 
-3.46968 -5.48115  60.3498 2 13 8370 22 8599 
-0.62334 -5.04307  58.2903 2 13 8372 22 8609 
-2.99549 -5.37042  59.7713 2 13 8378 22 8615 
 6.69042 -3.79175  58.1734 2 13 8380 22 8640 
 3.01908 -4.38342  56.8169 2 13 8388 22 8635 
-3.00883 -5.30294  59.8206 2 13 8390 22 8624 
-3.78047 -5.41308  60.2905 2 13 8392 22 8623 
 7.23503 -3.65826  58.6408 3 13 8393 18 9536 22 8655 
-1.81965 -5.09045  58.9357 2 13 8400 22 8632 
0.309351 -4.76682  57.0714 2 13 8401 22 8634 
 6.87153 -3.68018   58.188 2 13 8402 22 8660 
  7.3879 -3.55027  58.7033 2 13 8411 22 8668 
 -4.6361 -5.41871  61.1934 2 13 8415 22 8643 
 3.25669 -4.21677  56.4977 2 13 8417 22 8659 
 5.78006 -3.79105  57.5982 2 13 8418 22 8666 
-3.22973 -5.20113  59.8019 2 13 8420 22 8649 
 2.98752 -4.24256   56.663 2 13 8422 22 8661 
 5.90417 -3.76657  57.5272 2 13 8423 22 8667 
-1.79959 -4.95921  58.8476 3 13 8427 18 9528 22 8656 
-0.593802  -4.77101   57.8951 3 13 8429 18 9531 22 8658 
 7.23897 -3.48641  58.7148 2 13 8430 22 8686 
 7.81476 -3.36438  59.2473 2 13 8434 22 8695 
   2.949 -4.16154  56.4758 3 13 8439 18 9557 22 8680 
 5.96007 -3.65451  57.6689 2 13 8440 22 8694 
-1.97862 -4.89342  58.7988 3 13 8442 18 9545 22 8671 
-1.78938 -4.85489   58.785 3 13 8443 18 9551 22 8676 
 1.40544 -4.35758  56.7688 3 13 8447 18 9565 22 8682 
-2.13158 -4.84822  58.8059 2 13 8456 22 8688 
 7.17415 -3.33673  58.6841 3 13 8461 18 9594 22 8712 
 3.11426 -4.02155  56.1454 2 13 8464 22 8704 
 3.49804 -3.92181  56.1699 2 13 8470 22 8709 
 5.70647 -3.54125  57.6634 2 13 8471 22 8718 
 -1.1198 -4.60803  57.6216 2 13 8476 22 8705 
 5.82173 -3.48617  57.7274 2 13 8477 22 8724 
 6.89185 -3.30051  58.3491 3 13 8478 18 9611 22 8731 
-2.02552 -4.70951  58.4813 2 13 8479 22 8708 
 6.45109 -3.33364  58.0898 3 13 8485 18 9616 22 8736 
 3.17331 -3.89467   56.099 3 13 8487 18 9601 22 8722 
  3.3201 -3.86514  56.0411 2 13 8491 22 8723 
 5.65778 -3.39857  57.7793 2 13 8502 22 8749 
 6.00403 -3.32554  57.9064 3 13 8503 18 9630 22 8753 
 2.39849 -3.93898  56.1158 2 13 8506 18 9613 
 3.71849 -3.70234   56.084 2 13 8511 22 8748 
 5.77555 -3.31584  57.7994 2 13 8515 22 8759 
 3.85928 -3.65228  56.1025 3 13 8518 18 9632 22 8755 
 5.29338 -3.37835  57.4646 3 13 8520 18 9635 22 8761 
5.56384 -3.3034 57.6968 3 13 8525 18 9639 22 8764 
-1.29469 -4.36838  57.7604 2 13 8526 22 8756 
   4.744 -3.23124  57.2587 3 13 8548 18 9673 22 8785 
-2.65385 -4.34203  58.0011 2 13 8551 22 8781 
 8.01901 -2.60948   58.926 2 13 8553 22 8808 
-2.16293 -4.25084  57.6953 2 13 8555 22 8784 
-2.29631 -4.23059  57.7441 2 13 8562 22 8793 
  3.8429 -3.27181  56.6129 2 13 8567 22 8807 
-2.71015 -4.24689   57.847 2 13 8572 22 8800 
-1.99955 -4.12334  57.4672 2 13 8573 22 8804 
-3.17834 -4.26301  58.3387 2 13 8580 22 8803 
 1.90111 -3.51715  55.7997 2 13 8586 22 8817 
 3.85891 -3.13821  56.7458 2 13 8592 22 8836 
-0.356232  -3.80362   56.4486 2 13 8595 22 8821 
 7.59303 -2.45301  59.0387 2 13 8597 22 8856 
-2.31041 -4.04852  57.7784 3 13 8599 18 9702 22 8820 
 3.58689 -3.15267  56.6051 2 13 8600 22 8840 
 3.99164 -3.05585   56.989 2 13 8602 22 8848 
 6.18348 -2.68484  57.5283 2 13 8606 22 8861 
 7.86337 -2.35638  59.0194 2 13 8607 22 8876 
 1.70684 -3.43097  55.6995 2 13 8610 22 8844 
 3.72088 -3.08169  56.7351 3 13 8611 18 9737 22 8854 
-3.01035 -4.09835  57.9464 2 13 8612 22 8834 
-2.59983 -4.01788   58.007 2 13 8619 22 8839 
 4.08631 -2.98636  56.9312 3 13 8622 18 9748 22 8870 
-2.89068 -4.03569  58.0317 3 13 8623 18 9723 22 8842 
-2.67476 -4.00326  57.6953 2 13 8626 22 8847 
8.06804 -2.2551  58.992 2 13 8627 22 8892 
-2.54227 -3.96016  57.8675 2 13 8628 22 8853 
-2.40415 -3.93446   57.665 2 13 8632 22 8859 
 3.92212 -2.95405  56.8758 3 13 8634 18 9762 22 8887 
-2.90432  -3.9812  58.0964 2 13 8635 22 8866 
 5.39075 -2.70427  57.1296 2 13 8640 22 8890 
  -1.412 -3.76484  56.6192 2 13 8647 22 8873 
-1.23568 -3.73638   56.522 2 13 8648 22 8874 
-3.13819 -3.96359  57.8221 2 13 8651 22 8879 
 3.48768 -2.95213  56.6759 2 13 8653 22 8898 
 -3.4917 -3.98834  58.0217 2 13 8654 22 8885 
-1.53536 -3.73113  56.5509 2 13 8655 22 8889 
 8.02003 -2.10975  59.4041 2 13 8656 22 8922 
-1.11135 -3.64814   56.475 2 13 8657 22 8893 
 1.46932 -3.20395   55.516 3 13 8668 18 9789 22 8913 
-4.46198 -4.02561  58.1119 2 13 8671 22 8902 
-1.55182 -3.61416  56.5955 2 13 8672 22 8911 
1.13977 -3.2346 55.4879 3 13 8675 18 9800 22 8921 
 -2.1495 -3.67344  56.8789 2 13 8678 22 8915 
 5.09908 -2.52541  57.0007 3 13 8679 18 9815 22 8934 
 -4.3708 -3.93949  58.3185 2 13 8684 22 8919 
-2.41739 -3.68325  57.1423 2 13 8685 22 8925 
-0.803913  -3.46792   56.1691 3 13 8686 18 9807 22 8928 
-4.92613 -3.99836  58.8039 2 13 8688 22 8924 
 -2.5231 -3.63601  57.0218 2 13 8694 22 8930 
 1.16005 -3.10388  55.2842 2 13 8698 22 8943 
-5.89365 -4.02066  59.1743 2 13 8704 22 8936 
 4.81361 -2.41324  57.1509 2 13 8708 22 8955 
 -1.3579 -3.41077  56.3365 3 13 8710 18 9828 22 8948 
-5.47471 -3.91959  59.0701 2 13 8711 18 9825 
 4.51145 -2.38349  57.0373 2 13 8718 22 8971 
 -6.3372 -3.97977  59.2707 2 13 8720 22 8951 
-6.24016 -3.89624  59.4296 3 13 8727 18 9843 22 8959 
-2.35182 -3.40744   56.757 3 13 8729 18 9849 22 8966 
-4.06897 -3.62332  57.7598 2 13 8730 22 8964 
 4.43884 -2.30315  56.9799 2 13 8732 22 8986 
-4.40517 -3.63491   57.906 2 13 8733 22 8970 
 -5.6183 -3.75577  58.6091 2 13 8738 22 8974 
-4.75819 -3.65099  57.9748 2 13 8739 22 8975 
 4.08626 -2.29351  56.6582 3 13 8748 18 9888 22 9003 
 4.19669 -2.25923  56.6399 2 13 8751 22 9005 
-5.49097 -3.67008  58.4544 2 13 8753 22 8989 
 8.22096 -1.42236  59.8992 2 13 8762 22 9023 
-6.16924 -3.70753  58.9901 2 13 8763 22 8998 
-4.04977 -3.44056  57.5552 3 13 8764 18 9887 22 9001 
-4.90717 -3.53046  58.0818 2 13 8766 22 9002 
 3.99345 -2.21913  56.5282 3 13 8768 18 9901 22 9017 
-6.39581 -3.67786  59.1081 2 13 8771 22 9008 
-2.28777 -3.14222  56.4278 3 13 8772 18 9899 22 9013 
 3.84736 -2.15398  56.6261 2 13 8780 22 9028 
-6.81209 -3.63224  59.2427 2 13 8787 22 9019 
 -2.5146 -3.10682  56.3276 3 13 8788 18 9914 22 9026 
-6.71952 -3.59636  59.1539 3 13 8791 18 9909 22 9024 
 3.54784 -2.12267  56.5908 2 13 8793 22 9043 
 -6.6921 -3.54259  59.0307 3 13 8800 18 9919 22 9030 
-2.76769 -3.05174  56.1531 2 13 8805 22 9042 
 -2.6046 -2.88549  56.3255 2 13 8823 22 9060 
-6.95491 -3.30477  58.7224 2 13 8840 22 9074 
  8.22534 -0.861984   60.2616 2 13 8843 22 9099 
0.828885 -2.15038  54.8734 2 13 8864 22 9108 
-6.54339 -2.98907   58.028 2 13 8885 22 9118 
-5.51448 -2.74543  56.9482 2 13 8905 22 9136 
 1.90609 -1.73552  54.7627 2 13 8907 22 9150 
-6.25582 -2.81328   57.423 2 13 8910 22 9141 
  8.43236 -0.318066   60.3137 2 13 8913 22 9176 
-5.81778  -2.6972  57.0184 2 13 8918 22 9152 
 1.81189 -1.64755  54.7429 2 13 8923 22 9164 
 0.27349 -1.85348  54.9111 2 13 8927 22 9166 
-1.05958 -2.02935  55.2087 3 13 8929 18 10066 22 9163 
-1.18111 -2.04078  55.1694 2 13 8932 22 9165 
1.89247 -1.4762 54.9176 2 13 8951 22 9191 
-5.97583 -2.51755  56.7879 2 13 8957 22 9183 
-5.60295 -2.44319  56.8057 2 13 8959 22 9188 
-0.22242 -1.71647  54.8279 2 13 8964 22 9203 
-4.27777 -2.23778  56.0877 2 13 8965 22 9198 
0.093022  -1.5924  54.7794 2 13 8982 22 9224 
-0.125277  -1.60764   54.8504 3 13 8985 18 10128 22 9223 
-4.51659 -2.16657  56.0784 2 13 8987 22 9219 
-3.75237 -1.97193  55.7128 2 13 9000 22 9237 
-3.62103 -1.90398  55.6441 2 13 9008 22 9245 
 8.64362 0.554819  60.5223 2 13 9028 22 9284 
-3.73339 -1.71217  55.6204 2 13 9030 22 9269 
-2.66929 -1.41986  55.2145 2 13 9045 22 9286 
 8.64395 0.816758  60.6312 2 13 9049 22 9302 
 -1.36588 -0.977882   54.8383 2 13 9066 22 9309 
 -1.07614 -0.839791   54.5367 2 13 9074 22 9318 
-0.0518189  -0.649488    54.3281 3 13 9079 18 10255 22 9324 
-6.60606 -1.35028  56.2277 2 13 9091 22 9332 
-6.80345 -1.30748  56.1546 2 13 9097 22 9337 
-0.621722 -0.554621   54.3866 3 13 9100 18 10279 22 9344 
-6.44671  -1.2515  56.0106 2 13 9104 22 9340 
-0.891218 -0.568224   54.3476 3 13 9112 18 10288 22 9350 
-7.47153  -1.2374  56.4793 2 13 9122 22 9359 
 -6.7893 -1.15526  56.0407 2 13 9127 22 9362 
 -4.38076 -0.838615   54.7075 2 13 9136 22 9373 
-6.99803 -1.00136  56.1657 3 13 9144 18 19497 22 9382 
 -4.10859 -0.552151   54.6333 2 13 9157 22 9395 
 -7.09573 -0.808378    55.946 2 13 9161 22 9399 
 -3.25575 -0.389129   54.3049 2 13 9163 22 9404 
 -6.80029 -0.696516   55.9101 2 13 9166 22 9405 
 -4.22137 -0.376009   54.4923 2 13 9175 22 9412 
 -4.51836 -0.385609   54.6055 3 13 9179 18 10365 22 9416 
 -3.72692 -0.292465   54.2783 3 13 9182 18 10368 22 9418 
 -2.97109 -0.143879   54.0501 3 13 9188 18 10376 22 9424 
 -3.63713 -0.214973   54.1974 3 13 9189 18 10377 22 9425 
-4.89026 -0.32928  54.6884 2 13 9191 22 9427 
0.343744 0.382454  54.1579 3 13 9192 18 10380 22 9432 
-4.32019 -0.23698  54.4077 2 13 9198 22 9430 
  -3.39287 -0.0960113    54.1201 2 13 9205 22 9438 
 -4.43001 -0.191501   54.5441 2 13 9207 22 9437 
  -3.11924 -0.0734771    53.8659 2 13 9208 22 9439 
  -3.25061 -0.0809239    53.8111 2 13 9210 22 9442 
 0.47052 0.505077  54.2036 4 7 2759 13 9211 18 10399 22 9448 
0.227326  0.49545  54.1133 3 13 9215 18 10404 22 9452 
 -3.55806 0.0032636   54.1211 2 13 9224 22 9456 
0.131348 0.538125  54.0541 2 13 9225 22 9459 
 -3.28772 0.0674887   53.8621 2 13 9231 22 9463 
0.0348897  0.639489   54.0076 2 13 9238 22 9475 
0.306127  0.70423  54.0881 3 13 9240 18 10434 22 9476 
 -4.40016 0.0629661    54.397 2 13 9243 22 9474 
8.65544 2.95911 61.7862 2 13 9252 22 9509 
   -6.6766 0.00352815    55.4859 3 13 9253 18 10451 22 9488 
-0.107914  0.767005   53.9131 3 13 9254 18 10448 22 9495 
9.17767 3.04023 61.3866 2 13 9258 22 9514 
 -6.52126 0.0579999   55.4971 3 13 9259 18 10457 22 9493 
-0.42267 0.747652  53.8034 2 13 9261 22 9499 
-0.291564  0.814612   53.8167 3 13 9271 18 10465 22 9507 
 -6.80845 0.0768068   55.5224 2 13 9272 22 9502 
-0.456952  0.905914   53.7968 3 13 9282 18 10478 22 9521 
0.0562439   1.00596   53.8345 3 13 9286 18 10485 22 9522 
-0.256729  0.994134    53.774 3 13 9292 18 10491 22 9528 
-0.0984437    1.01535    53.7832 3 13 9293 18 10492 22 9526 
-0.562156  0.964052   53.8038 3 13 9295 18 10493 22 9527 
-3.41645 0.565353  53.7251 3 13 9297 18 10501 22 9533 
-3.28885 0.595955  53.7387 3 13 9300 18 10502 22 9535 
-6.72029 0.311505   55.383 2 13 9302 22 9534 
-0.408658   1.02204   53.7466 3 13 9303 18 10503 22 9538 
-6.03986 0.425179  55.3062 2 13 9305 22 9537 
-0.138977    1.1546   53.7362 3 13 9321 18 10516 22 9559 
-0.289239   1.13589   53.6988 3 13 9328 18 10515 22 9558 
-6.05127 0.736817  55.1895 3 13 9353 18 10562 22 9583 
-3.32327 0.946711  53.5267 2 13 9358 22 9587 
0.314034  1.91406  54.8611 2 13 9386 22 9623 
-8.90452  0.99748  56.1164 2 13 9411 22 9644 
-2.11843  1.70784  53.1518 3 13 9436 18 10658 22 9674 
-2.53639  1.69154   53.217 3 13 9441 18 10664 22 9678 
-1.63324  1.81617  53.1953 3 13 9442 18 10665 22 9680 
-1.77688  1.80856  53.2234 2 13 9444 22 9682 
-1.40699  1.87341  53.2449 3 13 9445 18 10670 22 9683 
-2.41844  1.76612  53.2414 3 13 9452 18 10673 22 9687 
-2.29277  1.80149   53.106 3 13 9459 18 10682 22 9695 
-2.1685 1.82461  53.121 3 13 9460 18 10683 22 9696 
-1.96352  1.87226  53.0934 2 13 9466 22 9700 
-1.43474  1.98985  53.2524 3 13 9468 18 10692 22 9702 
-6.26201  1.56533  54.8697 3 13 9470 18 10700 22 9704 
-2.65697  1.90678  53.0939 3 13 9484 18 10714 22 9722 
-2.33568  1.93845  53.0641 3 13 9485 18 10711 22 9723 
-1.56739  2.16279   53.242 2 13 9494 22 9733 
-1.36718  2.21882  53.3897 2 13 9495 22 9734 
-3.75925  1.94776  53.3795 2 13 9504 22 9741 
-2.4431  2.1027 53.1017 3 13 9506 18 10736 22 9743 
-1.31011  2.41047  53.3003 2 13 9518 22 9762 
-6.32138  1.92589  54.6123 2 13 9519 22 9760 
-4.18651  2.37801  53.3207 3 13 9550 18 10789 22 9802 
-5.89335   2.4557  54.3732 2 13 9567 22 9825 
-6.11309  2.45298  54.3851 2 13 9576 22 9831 
-4.23552  2.54113  53.2668 2 13 9578 22 9833 
-6.33231  2.55331   54.454 3 13 9591 18 10839 22 9850 
-0.217648   3.50002   54.1785 2 13 9618 22 9879 
-8.01573  2.65098  55.1899 2 13 9624 22 9882 
-4.12882  2.84687  53.1418 2 13 9627 22 9885 
-6.15701  2.81349  54.1561 2 13 9634 22 9895 
-0.224255   3.62178     54.07 2 13 9636 22 9898 
-4.07761  2.96973  53.0317 2 13 9638 22 9900 
-0.330562   3.68968   54.0597 2 13 9640 22 9903 
-2.69899  3.18343  52.8303 3 13 9644 18 10898 22 9904 
-2.92523  3.18214  52.7893 3 13 9647 18 10900 22 9909 
-3.50215  3.13246  52.8436 3 13 9649 18 10904 22 9912 
-2.99427  3.26892  52.7685 3 13 9663 18 10916 22 9926 
-2.74286  3.34556  52.8272 2 13 9669 22 9931 
-4.08307  3.19177  52.8806 2 13 9671 22 9935 
-3.95959  3.22423  52.9302 2 13 9673 22 9937 
-5.84193  3.15725  53.9366 2 13 9675 22 9939 
-2.90428  3.36075  52.7761 2 13 9678 22 9940 
-1.54669  3.58118  52.9787 2 13 9679 22 9943 
-0.468869   4.00988   54.0696 2 13 9691 22 9965 
-2.69043  3.50815  52.7792 2 13 9699 22 9969 
-2.97867  3.46809  52.7531 3 13 9701 18 10955 22 9968 
-5.77486  3.33881  53.8039 3 13 9710 18 10977 22 9981 
-1.58824  3.74194  52.9315 2 13 9711 22 9979 
-2.82574  3.55159  52.7018 3 13 9715 18 10973 22 9983 
8.72222 6.97222 62.5897 2 13 9716 22 10003 
-2.56074  3.66036  52.7222 2 13 9727 22 9994 
-1.75137  3.80605   52.841 3 13 9731 18 10984 22 9998 
-5.8583 3.47306 53.6824 2 13 9740 22 10009 
-7.6774 3.51322 54.4851 2 13 9758 22 10026 
-5.71509   3.6949  53.5384 2 13 9769 22 10036 
-7.86727  3.71552  54.5202 2 13 9782 22 10051 
-6.06262  3.77819  53.5892 2 13 9783 22 10052 
-5.31049  3.99017   53.329 2 13 9803 22 10072 
-5.43676  3.97245  53.2905 3 13 9804 18 11075 22 10074 
-8.8752 3.91186 55.0992 2 13 9810 22 10081 
-5.58384  4.01626  53.3707 3 13 9813 18 11083 22 10082 
-5.23903   4.0821  53.1662 3 13 9818 18 11093 22 10091 
-6.08467  4.05015  53.5153 2 13 9821 22 10092 
-9.13165  4.08197  55.2558 2 13 9826 22 10103 
-5.09737  4.22291  53.1251 3 13 9835 18 11109 22 10105 
-2.08661  4.55631   52.682 3 13 9837 18 11106 22 10107 
-1.2339 4.77567  52.937 2 13 9840 22 10113 
-5.01124  4.34242  52.9706 3 13 9849 18 11130 22 10123 
-1.95246  4.97529  52.6584 2 13 9879 22 10151 
-4.83366  4.74723  52.6616 3 13 9897 18 11187 22 10172 
-4.6808 4.82575  52.566 2 13 9904 22 10176 
-1.95862  5.30808  52.7445 2 13 9920 22 10190 
-1.83476  5.30054  52.6179 2 13 9921 22 10191 
-4.87294  4.94231   52.583 2 13 9926 22 10196 
-4.7285 5.00336 52.5889 3 13 9934 18 11217 22 10203 
-4.8888 5.06743 52.6068 2 13 9946 22 10208 
7.89924  9.0779 62.8979 2 13 9957 22 10232 
-5.26039  5.36483  52.5781 3 13 9995 18 11292 22 10266 
-4.95741   5.4511  52.5726 2 13 10008 22 10273 
-1.5672 6.12149 52.8625 2 13 10025 22 10292 
-1.61852  7.02136  53.2443 2 13 10083 22 10352 
-1.52185  7.07927  53.3058 2 13 10086 22 10357 
-1.71578  7.15923  53.1642 2 13 10095 22 10365 
-1.59555   7.2798  53.2783 2 13 10104 22 10375 
-1.71147  7.29184  53.2233 2 13 10108 22 10379 
-1.65568  7.47785  53.1799 2 13 10124 22 10399 
6.41948 11.2639 63.3963 2 13 10134 22 10412 
-3.1108 7.26447 51.9904 2 13 10151 18 11462 
-1.6357 7.83988 53.0454 2 13 10163 22 10430 
6.29151 11.6814 63.3681 2 13 10174 22 10445 
-2.45848  7.86712  52.1918 2 13 10199 22 10462 
6.12983 11.9809 63.3576 2 13 10201 22 10477 
-2.69549  7.82066  51.9548 2 13 10207 22 10472 
-2.36686   7.9558  52.2198 2 13 10210 22 10475 
-1.91968  8.28729  52.9364 2 13 10216 22 10488 
-2.4603 8.00032 52.0711 2 13 10219 22 10487 
-2.83811  7.98574    51.96 2 13 10232 22 10498 
-3.02596  7.95581    51.89 3 13 10234 18 11532 22 10502 
-3.15069  7.95558  51.8481 2 13 10236 22 10505 
-1.80758  8.38013  52.8093 2 13 10238 22 10508 
6.13255 12.3175 63.3302 2 13 10241 22 10517 
-2.06769  8.40346  52.8291 2 13 10243 22 10513 
-1.97933  8.47575  52.8305 2 13 10252 22 10520 
-2.06288  8.55661  52.7871 2 13 10271 22 10537 
-3.32359  8.12871  51.7576 2 13 10273 22 10536 
-3.43547  8.15177  51.7972 3 13 10279 18 11577 22 10543 
-2.04429  8.67244  52.7683 2 13 10286 22 10553 
-3.43065  8.25407  51.7415 3 13 10290 18 11589 22 10557 
-2.09201  8.85537  52.6606 2 13 10310 22 10576 
-2.2642 9.11208 52.6056 2 13 10333 22 10596 
-2.24285  9.15967  52.5816 2 13 10337 22 10599 
-3.65445  8.78181  51.6638 2 13 10341 22 10606 
-3.3971 9.03292 51.6278 2 13 10363 22 10635 
-2.26903  9.47155  52.4673 2 13 10370 22 10639 
-2.32935  9.67108  52.4196 2 13 10395 22 10659 
-2.88205  9.76706  51.6839 2 13 10424 22 10703 
-3.07977  9.89418   51.521 2 13 10443 18 11759 
-3.04319  10.0201  51.4586 3 13 10455 18 11773 22 10731 
-3.28967  10.0741  51.4383 2 13 10465 18 11785 
-3.15139  10.0895  51.4374 3 13 10466 18 11784 22 10738 
-3.2921 10.2105 51.3501 2 13 10479 22 10755 
5.21903 14.9826 62.9604 2 13 10481 22 10761 
-3.18277  10.3193  51.4187 2 13 10483 22 10764 
-3.3638 10.3227 51.3765 3 13 10488 18 11813 22 10767 
-3.26202  10.4036  51.4335 2 13 10492 22 10773 
5.16396 15.1716  62.901 2 13 10498 22 10777 
-3.22922  10.4888  51.3497 3 13 10503 18 11832 22 10782 
-3.35545  10.6554  51.3445 2 13 10519 22 10802 
-3.33115  10.6992  51.2963 2 13 10524 18 11855 
-3.2235 10.7517 51.3225 2 13 10527 18 11860 
-3.26532  10.8405  51.2864 2 13 10538 18 11876 
-3.28364  10.9851  51.2684 2 13 10552 22 10831 
-11.8135  11.1652   54.323 2 13 10557 22 10849 
-3.26954  11.1067  51.2237 3 13 10567 18 11914 22 10845 
-11.5477  11.3014  54.2622 2 13 10572 22 10866 
-4.56862  11.0247  51.0961 3 13 10576 18 11929 22 10863 
-11.5642  11.3648  54.2355 2 13 10578 22 10875 
-4.40752  11.1239   51.143 3 13 10586 18 11934 22 10871 
-4.60643  11.1487  51.0961 3 13 10588 18 11947 22 10879 
-4.40311  11.2326  51.1454 3 13 10594 18 11953 22 10885 
-4.7194 11.2451  51.073 3 13 10601 18 11965 22 10892 
-4.57808  11.2595  51.0582 3 13 10604 18 11962 22 10893 
-4.39841  11.3278  51.0838 3 13 10608 18 11967 22 10900 
-11.7321  11.6288  54.1188 2 13 10609 22 10912 
-4.29452  11.3836  51.0818 2 13 10612 22 10905 
-4.57756  11.3666  51.0088 3 13 10620 18 11984 22 10910 
-4.46115  11.4446  51.0374 3 13 10622 18 11987 22 10916 
-12.1629  11.8474  54.4428 2 13 10623 22 10925 
-4.32076  11.4707  51.0256 3 13 10625 18 11989 22 10917 
-4.46639  11.5433  50.9871 3 13 10637 18 11998 22 10926 
-4.34344  11.6302  51.0883 2 13 10642 22 10934 
-3.13426  11.9248  51.4214 2 13 10648 22 10937 
-12.0427  12.0659  54.1933 2 13 10659 22 10966 
-4.23066  11.7293  50.9777 3 13 10660 18 12012 22 10947 
-4.47365  11.7036   50.937 3 13 10662 18 12018 22 10950 
 -4.674 11.7588 50.9644 3 13 10673 18 12032 22 10964 
-3.27675  12.0313  51.2956 2 13 10676 22 10961 
4.66417 16.9612 62.3593 2 13 10687 22 10975 
-4.44654  11.8387  50.9412 3 13 10688 18 12039 22 10977 
-5.94266  11.8043  51.2539 2 13 10689 22 10980 
-3.34639  12.0835  51.1961 2 13 10693 22 10982 
-9.89583  11.9154  52.5713 2 13 10695 22 11005 
-4.80488  11.8859  50.9267 3 13 10708 18 12064 22 10997 
-4.56077  11.9028  50.9154 3 13 10709 18 12061 22 10991 
-4.36482  11.9608  50.9083 2 13 10714 22 11006 
-3.42767  12.1712  51.1376 2 13 10722 22 11008 
-5.47772  11.9366  51.0559 2 13 10723 22 11014 
-3.30237  12.2215  51.1827 2 13 10725 22 11009 
-9.85851  12.0484  52.5237 2 13 10727 22 11026 
-5.41133  11.9923  50.9895 2 13 10733 22 11024 
-3.3645 12.3022 51.1113 3 13 10742 18 12089 22 11031 
-3.48019  12.2895  51.0963 2 13 10743 22 11030 
-5.28402  12.0775  50.9552 2 13 10745 22 11037 
-3.94407  12.2351  50.9552 2 13 10747 22 11038 
4.29051 17.4744 62.1538 2 13 10771 22 11061 
4.18516 17.6071 62.0721 2 13 10791 22 11081 
-3.62275  12.6602  50.9915 3 13 10794 18 12149 22 11088 
-3.71346  12.6549  50.8784 2 13 10799 22 11093 
 4.1917 17.7458 62.0563 2 13 10804 22 11095 
-3.94299  12.7097  50.9833 2 13 10808 22 11096 
-4.06212  12.7081  50.8663 2 13 10815 22 11107 
-3.80196  12.7775  50.9102 3 13 10820 18 12175 22 11110 
-4.16485  12.7652  50.8205 3 13 10832 18 12187 22 11117 
-3.97138  12.8259  50.8263 3 13 10836 18 12188 22 11120 
-4.09542   12.853  50.8246 3 13 10840 18 12195 22 11127 
-4.21402  12.8453  50.8181 3 13 10842 18 12199 22 11131 
3.83776 18.0781 62.0566 2 13 10854 22 11138 
-4.08461  12.9725  50.7932 3 13 10861 18 12220 22 11145 
-4.28524   12.968  50.7637 3 13 10866 18 12226 22 11151 
-6.26336  12.8217  50.8303 2 13 10869 22 11161 
-11.0368  13.1913  52.9681 2 13 10872 22 11172 
3.70103 18.2187 62.0218 2 13 10878 22 11157 
-4.29539  13.0995  50.7784 2 13 10885 22 11167 
3.74192 18.2961 61.8711 2 13 10891 22 11175 
3.58242 18.3388 62.0375 2 13 10893 22 11174 
-6.25774  13.0159  50.7787 2 13 10901 22 11193 
-4.58156  13.1604  50.7244 2 13 10902 22 11191 
-4.38867   13.167  50.7078 2 13 10903 22 11184 
-4.69842  13.2042  50.7043 3 13 10914 18 12272 22 11199 
3.33205  18.445 61.9089 2 13 10920 22 11200 
-5.9904  13.122 50.7204 2 13 10922 22 11210 
-4.50642  13.2915  50.7038 3 13 10927 18 12283 22 11212 
-6.16376  13.1755  50.7107 3 13 10936 18 12305 22 11224 
-5.13492  13.2952  50.7219 2 13 10940 22 11225 
-4.7936 13.3326 50.6506 3 13 10945 18 12300 22 11229 
-4.60307  13.3973  50.6857 3 13 10951 18 12303 22 11236 
-6.05382  13.2579  50.6443 2 13 10952 22 11240 
-4.70995  13.4176  50.6677 3 13 10955 18 12311 22 11241 
-5.18825  13.3989  50.6579 2 13 10959 22 11249 
-4.91538  13.4404  50.6748 3 13 10963 18 12319 22 11250 
-4.72981  13.5283  50.6581 3 13 10974 18 12327 22 11262 
-5.00169  13.5501  50.6286 3 13 10985 18 12336 22 11270 
-12.2215  14.1137  53.5238 2 13 10995 22 11296 
-12.036  14.024 53.2113 2 13 10999 22 11300 
-5.13186  13.6756  50.5747 3 13 11004 18 12362 22 11293 
-4.90994  13.7216  50.6475 3 13 11006 18 12357 22 11291 
-5.02542  13.7466  50.6059 2 13 11014 22 11299 
-5.07757  13.7885  50.5749 3 13 11020 18 12372 22 11310 
-5.99192  13.7304  50.6159 2 13 11021 22 11314 
-5.21881  13.8336  50.5315 3 13 11029 18 12386 22 11319 
-5.04641  13.9013  50.5514 3 13 11036 18 12389 22 11323 
-5.64312  13.9283  50.5387 3 13 11048 18 12409 22 11341 
-5.32355  13.9542  50.5343 2 13 11049 18 12406 
-5.51376  13.9593  50.5167 2 13 11051 18 12410 
-5.82396  13.9994  50.5077 3 13 11059 18 12428 22 11356 
-5.56941  14.0528  50.5449 3 13 11062 18 12431 22 11361 
-5.42278  14.0457  50.5005 3 13 11063 18 12425 22 11362 
-4.2859 14.2798 50.6992 3 13 11070 18 12422 22 11367 
-6.18023  14.1909  50.5382 3 13 11089 18 12467 22 11387 
-4.17865  14.4753  50.6668 2 13 11093 22 11388 
-6.15379   14.554  50.4026 2 13 11131 18 12510 
-6.02329  14.5998  50.4289 3 13 11132 18 12515 22 11434 
-11.2444  15.0053  52.4678 2 13 11135 22 11447 
-6.16047   14.692   50.383 3 13 11149 18 12525 22 11448 
-5.92633   14.738  50.4069 3 13 11151 18 12526 22 11451 
-8.23307  14.7061  50.6841 2 13 11160 22 11461 
-8.05399  14.6839  50.5919 2 13 11161 22 11462 
-8.87115  14.8183   50.905 2 13 11170 22 11480 
-7.10018  14.7898  50.4605 2 13 11172 22 11470 
-8.62357  14.8253  50.7885 2 13 11181 22 11485 
-7.27965  14.8512   50.492 3 13 11186 18 12562 22 11486 
-5.83709  15.0664   50.369 3 13 11203 18 12573 22 11504 
-6.00189  15.0786  50.3326 3 13 11210 18 12580 22 11514 
-14.3036  16.2965  54.6296 2 13 11219 22 11544 
-10.8318  15.4434  51.8884 2 13 11224 22 11540 
-5.71926  15.2572  50.3734 3 13 11228 18 12602 22 11530 
-5.58339  15.3672  50.4409 3 13 11234 18 12609 22 11541 
-5.81943  15.4252  50.3846 2 13 11243 18 12629 
-5.30097  15.5259   50.489 2 13 11245 18 12622 
-6.26388  15.3778  50.3191 3 13 11248 18 12635 22 11558 
-4.63218    15.64  50.5676 3 13 11249 18 12618 22 11555 
-8.52239  15.3821  50.6168 2 13 11256 18 12676 
-6.56039  15.4183  50.3217 3 13 11257 18 12654 22 11562 
-4.46508  15.7298  50.5369 2 13 11259 22 11561 
-6.33917  15.4629  50.2865 3 13 11261 18 12658 22 11572 
-6.20995  15.4888  50.3141 2 13 11262 22 11573 
-4.73058  15.7764   50.578 3 13 11272 18 12646 22 11577 
-6.82717  15.4775  50.2836 2 13 11276 22 11581 
-6.47975  15.5282  50.2922 2 13 11277 18 12674 
-5.37721  15.7191  50.4796 3 13 11279 18 12662 22 11582 
-4.89487  15.8038   50.569 3 13 11280 18 12656 22 11583 
-5.16056  15.7685  50.5156 3 13 11281 18 12663 22 11585 
-4.81906  15.8759  50.5216 3 13 11289 18 12670 22 11594 
-6.55828  15.6417  50.2486 3 13 11293 18 12685 22 11601 
-7.33364   15.641  50.3231 2 13 11294 22 11606 
-4.9633 15.9758 50.5245 3 13 11300 18 12683 22 11607 
-7.12844  15.7074  50.2614 3 13 11304 18 12697 22 11613 
-10.9142  16.1661  51.7842 2 13 11313 22 11634 
-4.98323  16.1146  50.4928 3 13 11316 18 12694 22 11621 
-8.85901  15.9065  50.5783 2 13 11327 22 11646 
-4.98488  16.2404  50.4644 3 13 11332 18 12707 22 11643 
-5.12454   16.234  50.4599 3 13 11334 18 12711 22 11645 
-5.03153   16.346  50.4257 3 13 11348 18 12722 22 11659 
-5.1906 16.3367 50.3958 3 13 11350 18 12725 22 11660 
-5.10274  16.4079   50.397 3 13 11357 18 12732 22 11671 
-5.28648  16.3799  50.3269 3 13 11360 18 12738 22 11674 
-8.3547 16.1531 50.3473 2 13 11363 22 11682 
-10.6087  16.5235  51.5544 2 13 11365 22 11688 
-5.3686 16.4803 50.2892 3 13 11374 18 12758 22 11685 
-5.24097  16.5073  50.2926 3 13 11377 18 12759 22 11691 
-4.49054  16.5265  50.1856 2 13 11378 22 11687 
-5.26572  16.6345  50.2745 3 13 11385 18 12780 22 11703 
-5.45044  16.6026  50.1754 3 13 11389 18 12786 22 11705 
-8.32633  16.4563  50.3522 3 13 11390 18 12807 22 11712 
-5.38987  16.6726  50.0839 3 13 11395 18 12800 22 11716 
-4.44333  16.7351  50.0493 2 13 11396 22 11713 
-8.35089   16.549  50.3103 2 13 11399 22 11720 
-8.48185  16.5389  50.3008 3 13 11400 18 12816 22 11723 
-8.27007  16.6472  50.3728 3 13 11402 18 12822 22 11730 
-12.1349  17.4282  52.6814 2 13 11403 22 11735 
-4.51763  16.7995  49.9913 2 13 11405 22 11721 
-4.50354   16.908  49.9922 2 13 11412 22 11733 
-8.44877  16.7343  50.2886 2 13 11413 22 11740 
-4.60638  16.9562  49.9604 3 13 11418 18 12813 22 11737 
-4.72304   17.077  49.9819 3 13 11428 18 12826 22 11747 
-5.22015  17.1174  49.9625 3 13 11439 18 12838 22 11759 
-5.41657  17.1019  49.9426 3 13 11440 18 12843 22 11760 
-4.75604  17.1857  49.9134 3 13 11444 18 12841 22 11765 
-5.32638   17.154  49.9413 2 13 11446 22 11769 
-5.77334  17.1555  49.9802 3 13 11450 18 12854 22 11772 
-4.90199  17.2316   49.918 3 13 11451 18 12851 22 11773 
-5.53244  17.1944  49.9277 3 13 11452 18 12857 22 11776 
-5.85913  17.2056  49.9388 3 13 11455 18 12865 22 11781 
-5.37221  17.2582  49.9098 3 13 11459 18 12861 22 11784 
-5.59182   17.371  49.9706 3 13 11470 18 12878 22 11797 
-5.14483  17.3766  49.8949 2 13 11472 22 11794 
-8.3765  17.444  50.287 3 13 11486 18 12916 22 11819 
-5.51428  17.5424  49.9895 3 13 11488 18 12893 22 11812 
-6.19556  17.5299  50.0551 3 13 11489 18 12903 22 11815 
-6.08272  17.5284  50.0407 2 13 11490 22 11816 
-5.4705 17.6094 50.0675 2 13 11492 22 11817 
-6.61897  17.4812  49.9444 2 13 11495 22 11821 
-6.70811  17.5924  50.0754 2 13 11498 22 11824 
-8.80361  17.6281  50.4189 2 13 11502 22 11834 
-6.30863  17.6522  50.0404 3 13 11504 18 12918 22 11829 
-8.59289  17.5815  50.2045 2 13 11507 22 11838 
-8.27918  17.6346  50.2753 2 13 11508 22 11837 
-6.10532  17.7134  50.0263 2 13 11510 22 11835 
-9.04145  17.7144  50.4475 3 13 11513 18 12947 22 11843 
-8.90075  17.7261  50.3921 2 13 11515 22 11846 
-8.58647  17.6884  50.2773 2 13 11516 22 11847 
-7.26165  17.7951  50.1311 3 13 11526 18 12943 22 11849 
-9.25268  17.8497  50.5212 2 13 11527 22 11856 
-7.02374  17.8806  50.1691 3 13 11532 18 12946 22 11854 
-9.07298  17.9642  50.5139 2 13 11541 22 11873 
-8.03796  17.9474  50.2212 3 13 11544 18 12973 22 11877 
-7.72268   17.946  50.1843 4 10 10077 13 11545 18 12972 22 11875 
-8.18477  17.9621  50.2216 3 13 11548 18 12977 22 11879 
-9.41526  18.1093   50.661 2 13 11551 22 11885 
-7.44719  18.0095  50.0544 2 13 11556 22 11886 
-10.4831  18.4539  51.4066 2 13 11557 22 11890 
-7.83486  18.1149  50.2399 2 13 11561 22 11888 
-9.45307  18.2836  50.7525 2 13 11563 22 11895 
-9.65888  18.3317  50.8273 2 13 11568 22 11898 
-10.1182  18.5139  51.1658 2 13 11573 22 11904 
-9.96756  18.5358  51.0708 2 13 11579 22 11911 
-9.75093  18.4665  50.9094 2 13 11580 22 11908 
-8.14507  18.2779  50.2736 3 13 11581 18 13004 22 11906 
-9.54663  18.6067  50.9587 3 13 11587 18 13026 22 11921 
-10.0117  18.6089  50.9278 2 13 11589 22 11926 
-9.8719 18.6817 50.9038 2 13 11597 22 11931 
0.0191524  -6.97057   61.4752 3 13 11652 18 13089 22 11980 
 1.10413 -6.56743  61.2376 2 13 11656 22 11985 
-0.921989  -6.71881   61.3444 3 13 11659 18 13098 22 11986 
 1.75836 -6.28654   61.579 3 13 11660 18 13099 22 11990 
 -1.0557 -6.53382  61.3753 2 13 11668 22 11998 
-2.27779 -6.69127  61.8537 2 13 11672 22 11999 
-2.63422 -6.64375    61.67 2 13 11676 22 12005 
 -2.1681 -6.04339  60.6068 2 13 11701 22 12020 
-0.699757   -5.6354   59.2773 2 13 11708 22 12025 
-3.05998 -5.65336  60.4997 2 13 11722 22 12039 
1.98576 -4.8253 57.9527 2 13 11726 22 12046 
-3.49706 -5.66706  60.6359 2 13 11727 22 12041 
-1.92576 -5.42416  59.7976 3 13 11728 18 13158 22 12042 
 1.32119 -4.87246  57.5405 3 13 11732 18 13172 22 12052 
-2.14322 -5.39926  59.7737 3 13 11734 18 13163 22 12049 
-0.450321  -5.05744   58.2694 2 13 11745 22 12065 
-4.29536 -5.65329  60.9674 2 13 11749 22 12058 
 6.49912 -3.91301  58.0396 2 13 11750 22 12084 
-3.44244 -5.47959  60.3557 2 13 11751 22 12066 
 7.10955 -3.78919  58.5549 2 13 11755 22 12089 
 -2.8369 -5.36383  59.9074 2 13 11756 22 12069 
-3.78242 -5.41961  60.2088 2 13 11767 22 12079 
 -1.8607 -5.12141  59.0414 3 13 11769 18 13200 22 12086 
 6.66891 -3.75282  58.2523 2 13 11770 22 12097 
-4.43812 -5.48937  60.8306 2 13 11771 22 12085 
 6.89626 -3.68967   58.317 2 13 11772 22 12105 
 1.53011 -4.54709  57.1739 3 13 11774 18 13206 22 12091 
 5.76239 -3.84759   57.556 3 13 11776 18 13221 22 12104 
 -3.4082 -5.24512  60.0304 2 13 11779 22 12095 
-3.64492 -5.25817  59.9799 2 13 11782 22 12094 
-1.61357 -4.94132  58.4694 2 13 11784 22 12100 
  3.1863 -4.20121  56.4972 3 13 11785 18 13225 22 12108 
 6.04462 -3.73357  57.6099 2 13 11786 22 12114 
 7.79703 -3.38196  59.2459 2 13 11790 22 12123 
 3.02197 -4.19158  56.3992 2 13 11792 22 12113 
0.372523 -4.51848  57.2919 2 13 11798 22 12120 
 1.37161 -4.37339  56.8279 2 13 11799 22 12121 
-4.31155 -5.20526  60.1215 3 13 11800 18 13224 22 12116 
 7.16412 -3.39108   58.692 3 13 11802 18 13249 22 12133 
 3.26975 -4.02495  56.3119 3 13 11805 18 13240 22 12127 
-4.91083  -5.2335   60.716 2 13 11806 22 12122 
-0.78854 -4.63186  57.6414 2 13 11808 22 12126 
 3.50573 -3.97453  56.2516 3 13 11809 18 13244 22 12132 
-4.52545 -5.04398  60.0536 2 13 11814 22 12134 
 3.34288 -3.86507   56.069 2 13 11817 22 12142 
 5.64197 -3.43968  57.8122 3 13 11821 18 13265 22 12145 
 1.27707 -4.13429  56.4704 2 13 11823 22 12141 
-2.71054 -4.62453  58.7591 2 13 11830 22 12147 
 3.81677 -3.61659  56.1678 2 13 11831 22 12155 
 5.15313 -3.27144  57.5174 2 13 11838 22 12163 
-2.95775 -4.44399  58.6859 2 13 11842 22 12160 
 4.73108 -3.23895  57.3267 3 13 11844 18 13295 22 12175 
-4.22822 -4.56382  59.2084 2 13 11847 22 12165 
-2.89114 -4.35311  58.1177 3 13 11851 18 13288 22 12169 
-2.54592 -4.30125  57.6854 2 13 11852 22 12170 
 8.01978 -2.57284  58.9322 2 13 11854 22 12186 
 8.23599 -2.51426  58.9539 2 13 11857 22 12191 
-2.04766 -4.12732  57.4638 2 13 11862 22 12183 
 4.43231 -3.13485   56.934 3 13 11864 18 13307 22 12188 
 -3.1632 -4.25415   58.275 2 13 11866 22 12182 
 6.82137 -2.66165  57.9874 3 13 11868 18 13329 22 12203 
-4.76029 -4.45262  59.3801 2 13 11869 22 12185 
 7.66129 -2.48436   58.671 3 13 11870 18 13334 22 12208 
 3.92913 -3.12415  56.7316 3 13 11871 18 13322 22 12202 
 4.32978 -3.02466  57.0144 3 13 11874 18 13328 22 12207 
-2.97401 -4.10423  57.9686 2 13 11880 22 12197 
3.70942 -3.1033  56.736 2 13 11881 22 12212 
-5.05532 -4.35888  59.5656 2 13 11882 22 12200 
-0.36744 -3.70469  56.3285 3 13 11886 18 13332 22 12211 
 1.72617 -3.39214  55.5942 2 13 11887 22 12217 
-2.49913 -3.97217  57.4327 2 13 11888 22 12210 
 7.74697 -2.24785  59.7391 2 13 11896 22 12245 
-1.61963 -3.80131  56.4398 2 13 11905 22 12228 
-3.44805 -4.00699   58.147 3 13 11906 18 13349 22 12229 
-1.28086 -3.72567  56.5875 3 13 11907 18 13354 22 12230 
-1.53482 -3.74201  56.3785 2 13 11908 22 12236 
-1.08445 -3.67109  56.5555 3 13 11909 18 13358 22 12237 
 3.46242 -2.93717  56.6916 2 13 11910 22 12249 
-5.21569 -4.18756  59.3295 2 13 11911 22 12235 
-2.15794  -3.6847  56.7585 2 13 11925 22 12259 
-0.795461  -3.49143   56.2082 3 13 11926 18 13383 22 12260 
-0.238028  -3.42291   55.8069 2 13 11927 22 12261 
-1.59365 -3.57545  56.4626 3 13 11929 18 13382 22 12264 
-1.03729 -3.49105   56.318 3 13 11930 18 13389 22 12265 
-3.68885  -3.8088  58.0382 3 13 11932 18 13390 22 12266 
-1.37616 -3.52294  56.3648 2 13 11933 22 12267 
-5.90804 -4.00606  59.2492 3 13 11943 18 13398 22 12273 
-4.18881 -3.78892   58.269 2 13 11944 22 12279 
-2.17295 -3.52109  56.8054 3 13 11945 18 13403 22 12281 
-2.50509 -3.55172  56.7964 3 13 11947 18 13405 22 12283 
-7.24506 -4.04646  60.1639 2 13 11950 22 12286 
-5.63399  -3.8527  59.0347 3 13 11951 18 13411 22 12287 
-4.08687 -3.61735  58.0319 2 13 11954 22 12293 
-3.80845 -3.56224  57.5969 2 13 11959 22 12297 
-4.24784 -3.56201  57.7684 3 13 11966 18 13421 22 12303 
-5.82713 -3.70307  58.6212 2 13 11970 22 12305 
-4.69941 -3.53857   57.858 2 13 11972 22 12312 
-4.01263 -3.43263  57.4554 2 13 11976 22 12313 
-2.80363 -3.08625   56.262 2 13 11995 22 12330 
-6.63624 -3.51121  58.7487 2 13 11998 22 12333 
 -6.6465 -3.29947  58.7516 3 13 12014 18 13475 22 12348 
-1.49411 -2.62425  55.7657 3 13 12020 18 13480 22 12351 
  2.8646 -1.94274  55.6003 2 13 12022 22 12357 
  2.6606 -1.82887  55.5084 2 13 12037 22 12370 
 2.02158 -1.70164  54.9847 2 13 12059 22 12393 
-6.30581 -2.78507  57.4287 2 13 12060 22 12392 
-6.07264 -2.69008  57.3123 2 13 12062 22 12394 
 1.81794 -1.64841  54.8065 3 13 12066 18 13525 22 12400 
-0.890111  -1.99847   55.1927 2 13 12068 22 12398 
-0.098734  -1.85463   54.8378 2 13 12071 22 12403 
 1.84517 -1.45876   54.979 3 13 12079 18 13538 22 12411 
 0.15098 -1.61139   54.742 2 13 12093 22 12423 
8.69273  0.5488 60.3865 2 13 12121 22 12455 
 8.63433 0.828977  60.6341 2 13 12132 22 12468 
-2.60083 -1.19612  55.0998 2 13 12137 22 12463 
-0.227631  -0.48444   54.3424 3 13 12163 18 13630 22 12490 
0.0646579 -0.432935   54.2411 3 13 12165 18 13631 22 12492 
-0.699592 -0.467702   54.2794 2 13 12173 22 12502 
 -4.44405 -0.805319   54.7433 3 13 12181 18 13648 22 12506 
 -6.78648 -0.926625   56.0728 3 13 12186 18 13654 22 12511 
  -4.2466 -0.695472   54.7066 2 13 12187 22 12512 
 -4.07886 -0.508302   54.6253 2 13 12195 22 12517 
 -6.76677 -0.713271   55.8908 2 13 12201 22 12521 
 -4.05285 -0.360226   54.5086 3 13 12208 18 13676 22 12529 
 -3.33944 -0.254996   53.8579 2 13 12211 22 12531 
 -4.35154 -0.260561   54.3563 3 13 12218 18 13683 22 12535 
-3.93734     -0.2  54.3205 2 13 12219 22 12537 
0.421159 0.501107  54.1512 3 13 12223 18 13690 22 12544 
0.185662 0.485659  54.1175 3 13 12225 18 13691 22 12550 
  -3.28491 -0.0387251    53.8275 3 13 12227 18 13693 22 12548 
 -2.96078 0.0270033   53.9923 3 13 12228 18 13694 22 12549 
0.282921 0.726326  54.0608 3 13 12243 18 13708 22 12563 
-0.155342  0.711631   53.9283 3 13 12249 18 13714 22 12569 
   -6.71812 -0.00958587     55.4853 3 13 12250 18 13716 22 12570 
-0.422029   0.71699   53.7929 2 13 12254 22 12575 
0.137962 0.868421  53.9658 3 13 12257 18 13723 22 12576 
-0.283499  0.836869   53.8439 3 13 12262 18 13728 22 12582 
-3.23216 0.427357  53.7743 3 13 12265 18 13730 22 12580 
-0.610967  0.802051   53.7696 2 13 12266 22 12581 
-0.10496 0.998752  53.7966 3 13 12276 18 13741 22 12597 
0.0683775   1.03172   53.8051 3 13 12277 18 13742 22 12598 
-6.49832 0.279011  55.3593 2 13 12279 22 12596 
-3.25665 0.583067  53.7538 3 13 12281 18 13745 22 12599 
-6.32323 0.404554   55.244 2 13 12283 22 12602 
-0.457987   1.04328    53.714 3 13 12288 18 13748 22 12606 
-0.310816   1.15734   53.7149 3 13 12298 18 13762 22 12614 
-3.20487 0.759206  53.6128 2 13 12299 22 12615 
-3.49362 0.881205  53.7037 2 13 12310 22 12625 
-3.29291  1.01237  53.4364 2 13 12319 22 12633 
-6.17069  1.05768  54.9899 2 13 12332 22 12648 
-1.38279  1.63025  53.2725 3 13 12342 18 13812 22 12660 
-8.71916  1.07297  56.1012 2 13 12347 22 12665 
-3.44778  1.50586  53.4273 2 13 12352 22 12672 
-1.65204  1.78239  53.1979 3 13 12356 18 13830 22 12675 
-3.74723  1.60243  53.3361 2 13 12366 22 12685 
-1.92425  1.83612  53.1034 2 13 12367 22 12686 
-3.41707  1.69956  53.3775 2 13 12368 22 12688 
-1.40265  1.96751  53.2495 3 13 12369 18 13844 22 12689 
-1.58157  1.97316  53.2402 2 13 12372 22 12691 
-6.22411  1.57806  54.8486 2 13 12373 22 12693 
-2.02913  2.00468  53.1466 3 13 12380 18 13852 22 12698 
-2.49216  1.95428  53.1123 3 13 12382 18 13856 22 12701 
-1.7063 2.08244 53.2106 2 13 12383 22 12702 
-1.63001  2.16086  53.2905 2 13 12385 18 13861 
-6.25725  2.02764  54.5778 2 13 12404 22 12724 
-2.48602  2.69688  52.9484 3 13 12427 18 13898 22 12747 
-2.73772  2.74757  52.8953 3 13 12433 18 13909 22 12754 
-0.236444   3.48075   54.1853 2 13 12451 22 12772 
-2.55717  2.99758  52.8814 3 13 12455 18 13935 22 12778 
-6.20563  2.75976  54.1534 2 13 12459 22 12783 
-2.70508  3.04082  52.8613 3 13 12460 18 13940 22 12785 
-2.88424  3.15094  52.7949 3 13 12465 18 13951 22 12792 
-3.06367  3.19486  52.7289 3 13 12473 18 13960 22 12797 
-1.55463  3.55824  53.0061 2 13 12480 22 12804 
-4.09759  3.21696  52.8633 2 13 12484 22 12808 
-3.93994  3.23455  52.9584 2 13 12485 22 12803 
-3.43235  3.40932  52.7836 2 13 12499 22 12824 
-2.97794  3.51005  52.7855 4 11 9207 13 12506 18 13989 22 12827 
-1.5933 3.78662 52.9489 3 13 12513 18 13993 22 12836 
-2.60119  3.65938  52.6985 2 13 12517 22 12841 
-1.72023  3.83221  52.8328 2 13 12520 18 14002 
-5.74611  3.65619   53.507 3 13 12540 18 14027 22 12863 
-0.738954   4.40836   53.9311 2 13 12542 22 12865 
-0.727506   4.55131   53.9295 2 13 12551 22 12875 
-7.86372  3.72947  54.5158 2 13 12553 22 12876 
-6.09151  3.81978  53.6443 2 13 12557 22 12877 
-5.46016  4.00515  53.2982 3 13 12567 18 14049 22 12892 
-0.801448   4.74627   53.8634 2 13 12569 22 12893 
-5.26402   4.1108  53.1785 2 13 12574 22 12900 
-5.08239  4.19764  53.1346 2 13 12579 22 12906 
-0.884313   4.97594    53.874 2 13 12580 22 12910 
-9.12095  4.23593   55.211 2 13 12586 22 12914 
-5.03044  4.36856  52.9673 3 13 12592 18 14083 22 12922 
-1.51692  4.86836  52.9022 3 13 12594 18 14078 22 12924 
-1.42052  4.95086  53.1882 2 13 12595 22 12927 
-1.57612  4.91901  52.7548 2 13 12604 22 12932 
-1.13163  5.09639  53.1504 2 13 12607 22 12938 
-1.88048   4.9161  52.7066 2 13 12608 22 12937 
-1.76113  4.94548  52.6878 3 13 12609 18 14097 22 12939 
-1.2164 5.14416 53.1605 2 13 12612 22 12942 
-0.746551   5.32311    53.733 2 13 12613 22 12943 
-4.86839  4.61488  52.8206 2 13 12615 22 12944 
-2.08005  4.95184  52.6399 2 13 12616 22 12945 
-1.94825  5.05292  52.6396 2 13 12630 22 12957 
-2.26987  5.05029  52.6194 4 11 9290 13 12635 18 14113 22 12963 
-4.87365  4.76882  52.6682 3 13 12639 18 14122 22 12968 
-2.23931  5.10162  52.5412 3 13 12642 18 14119 22 12971 
-4.67654  4.83926  52.6061 2 13 12647 22 12978 
-1.7084 5.31574 52.7522 2 13 12655 22 12984 
-9.06065  4.90854  54.7791 2 13 12665 22 13004 
-5.23404  5.21633  52.6302 3 13 12700 18 14180 22 13035 
7.36825  9.4981 62.8938 2 13 12738 22 13073 
-1.09073  6.29635   53.641 2 13 12739 22 13067 
7.58754 9.63713 62.9168 3 13 12742 18 14203 22 13076 
-1.81008  6.18758  52.6746 2 13 12749 22 13080 
-1.45996  6.84953  53.3187 2 13 12770 22 13107 
-1.59834  6.95305  53.2704 2 13 12777 22 13114 
-2.11679  6.76341   52.379 3 13 12784 18 14277 22 13117 
-1.33019  7.11394  53.3497 2 13 12785 22 13119 
7.24693 10.6126 63.0785 2 13 12786 22 13123 
-1.72257  7.32038   53.174 2 13 12797 22 13133 
-1.64806  7.48208  53.1829 2 13 12807 22 13143 
-3.35135  7.52089  51.8405 3 13 12836 18 14333 22 13170 
-2.46684  7.82627  52.1336 2 13 12844 22 13175 
-3.48336  7.68492  51.8142 5 1 13131 11 9520 13 12854 18 14342 22 13183 
-2.60158  7.91823  52.0331 2 13 12860 22 13190 
-2.92041  7.91547  51.9773 2 13 12864 22 13196 
-2.46084  8.02865  52.0579 2 13 12868 22 13197 
-2.04746  8.31864  52.6694 2 13 12877 22 13206 
-2.17982  8.62787   52.727 2 13 12896 22 13228 
-3.63188  8.21726  51.7307 3 13 12899 18 14388 22 13230 
-3.63913  8.31837  51.7391 2 13 12907 18 14394 
-2.22851  8.87624  52.6512 2 13 12914 22 13244 
-12.374 8.95037 56.4284 2 13 12925 22 15024 
-3.65077  8.80253  51.7049 2 13 12938 22 13260 
-3.53372  8.91976  51.5992 2 13 12943 18 14427 
-3.58793   8.9872  51.5921 2 13 12948 18 14429 
-3.56043  9.08884  51.5866 2 13 12954 18 14434 
-3.26755  9.50322  51.5657 3 13 12977 18 14456 22 13302 
-2.90693   9.8909  51.6539 2 13 12991 22 13324 
-3.18215  9.95218  51.4551 2 13 12996 22 13329 
-3.0081 10.0277 51.4805 3 13 12999 18 14494 22 13331 
5.45671 14.7097 63.0216 2 13 13000 22 13332 
-3.68438  10.0063  51.4341 3 13 13002 18 14496 22 13333 
-3.48189  10.0498  51.4823 3 13 13003 18 14497 22 13334 
-3.31872  10.0755  51.4138 3 13 13005 18 14498 22 13335 
-3.12807  10.2487  51.4107 3 13 13011 18 14505 22 13339 
-3.28883  10.2297  51.3905 3 13 13012 18 14507 22 13338 
-3.40099  10.3529  51.3654 3 13 13018 18 14515 22 13346 
-3.35198   10.563  51.3402 3 13 13028 18 14523 22 13354 
-3.40142  10.7933  51.2372 3 13 13039 18 14534 22 13363 
-11.1949  10.8957  53.8738 2 13 13043 22 13370 
-11.648 11.0018 54.2322 2 13 13045 22 13375 
-4.79848  11.0679  51.1447 3 13 13059 18 14568 22 13388 
-9.51926   11.162  52.8056 2 13 13061 22 13391 
-4.3782 11.1958 51.1328 3 13 13065 18 14573 22 13392 
-11.5947  11.5065  54.1193 2 13 13067 22 13402 
-4.42044  11.3948  51.0582 3 13 13077 18 14588 22 13407 
-4.59941  11.3962  51.0296 3 13 13079 18 14591 22 13411 
-4.30994  11.5811  51.0114 3 13 13088 18 14600 22 13422 
-4.20439  11.7183  51.0088 2 13 13098 22 13430 
-12.0152  12.0881  54.1139 2 13 13101 22 13443 
-3.27428  12.0026  51.3131 2 13 13102 22 13436 
-4.4011 11.8208 50.9503 2 13 13111 22 13442 
-5.20798  11.7701  51.0012 3 13 13113 18 14625 22 13447 
-5.64815  11.7728   51.063 3 13 13116 18 14638 22 13449 
-5.06871  11.8003  50.9319 4 10 11282 13 13117 18 14630 22 13450 
-5.4149 11.8335 50.9612 3 13 13124 18 14650 22 13462 
-3.6008 12.0549 51.0547 2 13 13125 22 13457 
-4.91077  11.9523  51.0602 2 13 13130 22 13469 
-5.89705  11.9037  51.1212 3 13 13134 18 14658 22 13473 
-5.61162  11.9167  50.8339 2 13 13141 22 13481 
-5.06455  12.0092  50.9532 3 13 13142 18 14668 22 13478 
-3.9476  12.195 50.7857 2 13 13158 22 13491 
2.53703 17.7701 63.8636 2 13 13164 22 13499 
4.27959 17.4161 62.0142 2 13 13171 22 13504 
-3.72411  12.5174   50.986 3 13 13175 18 14694 22 13506 
 4.1885 17.5974 62.1403 2 13 13180 22 13513 
2.63841 18.0929 63.7094 2 13 13189 22 13523 
-3.97303  12.6518  50.7426 2 13 13195 22 13528 
-3.79467  12.8128   50.942 3 13 13202 18 14722 22 13535 
-4.23885  12.8211  50.8328 3 13 13214 18 14733 22 13539 
-3.94166  12.8476  50.8285 3 13 13215 18 14730 22 13540 
-6.19991  12.6694  50.7857 2 13 13222 22 13549 
3.83289 18.0345 62.0107 2 13 13224 22 13548 
-4.05328  12.9854  50.7973 3 13 13227 18 14746 22 13555 
-4.32609  12.9575  50.7542 2 13 13231 22 13558 
-6.23537    12.88  50.8633 2 13 13236 22 13563 
-4.46612  13.0555  50.7816 3 13 13239 18 14760 22 13566 
 3.5482 18.2669 61.8426 2 13 13247 22 13572 
-4.36258  13.1473  50.6791 2 13 13250 22 13576 
-4.57092  13.1725  50.7199 2 13 13251 22 13584 
-6.42103   12.985  50.7083 2 13 13254 22 13585 
-6.0016 13.0801 50.7239 3 13 13257 18 14784 22 13590 
3.29786 18.4637 62.0126 2 13 13258 22 13587 
-7.92018  13.1006   51.064 2 13 13264 22 13597 
3.53225 18.5165 61.8999 2 13 13265 22 13593 
-6.15104  13.1639  50.7198 3 13 13266 18 14794 22 13598 
-4.49608  13.3137  50.6885 3 13 13267 18 14785 22 13596 
-5.75299  13.2346  50.7155 3 13 13271 18 14795 22 13604 
-4.90634  13.3989  50.6711 3 13 13276 18 14802 22 13607 
-5.92425  13.3707  50.6504 2 13 13287 22 13613 
-5.01159  13.5723  50.6297 3 13 13298 18 14813 22 13625 
-4.87544    13.69   50.635 3 13 13302 18 14819 22 13632 
-5.04437  13.7667   50.607 3 13 13308 18 14831 22 13639 
-5.96753  13.7056  50.6216 3 13 13314 18 14835 22 13646 
-6.07961  13.8336   50.524 2 13 13323 22 13661 
-5.88009   13.865  50.5411 2 13 13327 22 13662 
-5.65329  13.8977  50.5707 2 13 13328 22 13663 
-5.33738  13.9357    50.51 3 13 13331 18 14855 22 13665 
-11.9501  14.4103  53.0928 2 13 13335 22 13677 
-5.55131  14.0283   50.529 3 13 13337 18 14865 22 13674 
-11.7341  14.5321  53.0858 2 13 13338 22 13684 
-5.4151 14.0802  50.512 3 13 13340 18 14868 22 13679 
-4.22517  14.2888  50.7491 2 13 13341 22 13675 
-4.33877  14.3933  50.7499 2 13 13349 22 13685 
-4.48461  14.3773  50.6085 3 13 13352 18 14878 22 13692 
-11.0901  14.7674  52.4473 2 13 13366 22 13709 
-8.8592 14.8278 50.9643 3 13 13394 18 14948 22 13737 
-9.09376   14.823  50.9344 2 13 13398 22 13741 
-5.91287  14.9025  50.3535 3 13 13404 18 20414 22 13739 
-7.27185  14.8412  50.4511 3 13 13407 18 14943 22 13747 
-4.24632  15.2053  50.6469 3 13 13410 18 14925 22 13742 
-5.80193  15.0594  50.3749 3 13 13413 18 14949 22 13758 
-5.90589  15.1863  50.3277 3 13 13421 18 14965 22 13770 
-5.70402  15.2515  50.4128 2 13 13426 22 13771 
-4.48146  15.5869  50.6593 3 13 13429 18 14968 22 13775 
-11.0331  15.6298  52.0092 2 13 13431 22 13785 
-5.30769   15.526  50.5303 3 13 13432 18 14974 22 13781 
-5.84304  15.4289  50.3774 3 13 13435 18 14979 22 13783 
-5.51231  15.4903  50.4238 3 13 13436 18 14980 22 13784 
-6.54166  15.3947  50.3303 3 13 13440 18 14989 22 13786 
-4.74876  15.7327  50.5617 3 13 13442 18 14986 22 13791 
-5.22294  15.6817  50.5412 2 13 13444 22 13795 
-5.38745  15.7252   50.457 3 13 13453 18 14996 22 13800 
-6.31982   15.649  50.3258 2 13 13455 18 15010 
-4.21988  15.9327  50.4659 2 13 13457 22 13805 
-4.81843  15.9117  50.5174 3 13 13458 18 15006 22 13807 
-5.00308  16.0786  50.5122 3 13 13466 18 15017 22 13815 
-7.14626  15.8142  50.2483 3 13 13467 18 15026 22 13821 
-8.81075  15.9025  50.5311 2 13 13474 22 13828 
-5.14562  16.2162  50.4731 3 13 13475 18 15022 22 13826 
-4.96358  16.2353  50.4727 3 13 13476 18 15023 22 13827 
-4.42095  16.2891  50.3067 2 13 13480 22 13831 
-9.16286   16.064  50.5758 2 13 13486 22 13840 
-8.91698  16.1105  50.6423 2 13 13487 22 13841 
-5.0366 16.3893 50.4153 3 13 13491 18 15034 22 13838 
-8.57393   16.152  50.2778 2 13 13494 22 13853 
-8.30593  16.4137  50.3523 2 13 13504 22 13863 
-4.4742 16.6078 50.0587 2 13 13505 22 13858 
-5.21384  16.6382  50.2412 3 13 13506 18 15054 22 13860 
-4.6322 16.9318 49.9574 3 13 13519 18 15069 22 13876 
-5.6297 17.0653 50.0018 3 13 13527 18 15086 22 13885 
-5.11621  17.1974  49.9821 2 13 13534 22 13890 
-4.88938  17.2348  49.9507 3 13 13535 18 15090 22 13891 
-5.52966  17.2017  49.9349 3 13 13538 18 15096 22 13894 
-5.35263  17.3577  50.0047 2 13 13544 22 13898 
-5.93624  17.3432  49.9532 3 13 13548 18 15105 22 13904 
-8.4609 17.3014 50.2445 2 13 13550 22 13909 
-5.56412  17.4009  49.9584 3 13 13551 18 15107 22 13906 
-5.43668  17.4509  50.0132 3 13 13552 18 15108 22 13907 
-8.36784  17.4553  50.2739 2 13 13559 22 13917 
-9.05631     17.7  50.5128 2 13 13567 22 13932 
-8.24944  17.6254  50.2639 3 13 13569 18 15132 22 13930 
-8.38379  17.7896  50.2768 2 13 13579 22 13939 
-7.86246  17.8398    50.23 3 13 13584 18 15146 22 13943 
-8.78143  17.9003  50.4289 2 13 13585 22 13949 
-7.51212  17.8644  50.1802 2 13 13587 22 13946 
-8.15734  17.9731   50.256 3 13 13593 18 15156 22 13957 
-8.33152  17.9496  50.1896 2 13 13595 22 13959 
-7.89135  18.0398  50.1578 3 13 13597 18 15161 22 13963 
-10.3776  18.5176    51.11 3 13 13607 18 15177 22 13973 
-9.51714  18.5714  50.9783 2 13 13609 22 13975 
-10.2081  18.5814  51.0732 3 13 13611 18 15184 22 13977 
-9.77038  18.5234  50.8815 3 13 13612 18 15181 22 13976 
-9.99141  18.5455  50.8393 3 13 13616 18 15185 22 13980 
-9.63989  18.6801  50.9169 3 13 13621 18 15186 22 13983 
-9.87872  18.7086  50.8809 3 13 13622 18 15190 22 13985 
-10.2055  19.1922  50.5373 2 13 13626 22 13987 
 1.69863 -4.72723  57.7554 2 13 13629 22 12067 
-5.76762  3.94126  53.4567 2 13 13642 18 15858 
-3.6207 8.86838 51.6022 2 13 13652 18 15220 
-1.99409 -7.47787  62.3894 2 13 13659 22 14015 
-2.30755 -7.46036  62.4976 3 13 13661 18 15235 22 14017 
-0.347082  -7.09251   61.2938 3 13 13662 18 15238 22 14019 
0.0376653  -6.96625   61.4474 3 13 13663 18 15239 22 14021 
-2.71945 -7.30218  62.7864 3 13 13666 18 15240 22 14024 
 1.07426 -6.57775   61.433 3 13 13668 18 15246 22 14029 
0.863402 -6.42536  60.8156 2 13 13671 22 14031 
 1.76172 -6.31486  61.4776 2 13 13672 22 14032 
-2.48336 -6.83573  61.7977 2 13 13676 22 14036 
-1.03452 -6.52766  61.4524 3 13 13678 18 15256 22 14039 
-2.0214 -6.6497 61.8174 2 13 13682 22 14040 
-2.22249 -6.65312  61.8509 2 13 13685 22 14042 
-1.36823  -5.4692  59.3743 2 13 13712 22 14065 
 1.34517 -4.92658  57.6738 2 13 13715 22 14071 
 1.68843 -4.80632  57.8415 2 13 13721 22 14079 
1.02087 -4.8685 57.9697 2 13 13727 22 14084 
-3.33973 -5.50279  59.9821 2 13 13730 22 14080 
-2.87812 -5.36348  59.8786 2 13 13734 22 14089 
-1.34802   -5.106  58.6747 2 13 13737 22 14096 
 1.32961 -4.65978  57.2646 3 13 13739 18 15326 22 14102 
  -3.825 -5.42004   60.305 3 13 13741 18 15323 22 14097 
 -2.476 -5.2179 59.2043 2 13 13744 22 14098 
-4.45556 -5.48394  60.8423 2 13 13745 22 14099 
 6.10505 -3.78166  57.5389 2 13 13747 22 14118 
 7.40825 -3.57475  58.7314 2 13 13748 22 14119 
 1.56553 -4.52366  57.1671 2 13 13750 22 14110 
-4.45028 -5.38507  61.0862 2 13 13753 22 14107 
-2.19384 -5.04251  59.1119 2 13 13754 22 14114 
-4.06478 -5.29971  59.9911 2 13 13756 22 14112 
  -3.685 -5.23655  60.1147 3 13 13757 18 15335 22 14113 
-0.504824  -4.75329   57.8643 2 13 13758 22 14117 
-1.69513 -4.92156  58.5577 3 13 13759 18 15341 22 14116 
0.0636898   -4.6348   57.3918 2 13 13761 22 14123 
 6.67806 -3.53128  58.2993 3 13 13762 18 15360 22 14131 
-4.4804 -5.2835 60.3186 2 13 13764 22 14121 
 1.34029 -4.38423  56.8901 2 13 13766 22 14127 
 7.14436 -3.42027  58.6982 2 13 13767 22 14137 
-4.29339 -5.18341   60.177 3 13 13770 18 15348 22 14125 
-1.07803 -4.69845  57.6685 2 13 13771 22 14130 
 6.24786 -3.50903  57.9699 3 13 13772 18 15368 22 14140 
3.26869 -4.0063 56.2186 2 13 13775 22 14136 
-2.36815 -4.76768  58.8597 2 13 13778 22 14139 
-0.189388   -4.4043    57.239 2 13 13780 22 14144 
 7.83584 -3.07338  59.2575 2 13 13781 22 14156 
-4.59026  -5.0355   60.081 2 13 13782 22 14141 
-2.61616 -4.71084  58.9612 2 13 13786 22 14146 
-1.67858 -4.58141  58.0051 2 13 13787 22 14147 
-1.04918 -4.43827  57.4183 3 13 13789 18 15374 22 14151 
-2.67449 -4.61541  58.7987 3 13 13795 18 15377 22 14155 
-2.14989 -4.46679  58.0485 2 13 13797 22 14157 
0.480122  -4.0642  56.3057 2 13 13799 22 14159 
 5.12363 -3.27365  57.4004 3 13 13800 18 15390 22 14162 
-3.00401  -4.4783  58.7974 3 13 13801 18 15388 22 14160 
0.00721857   -4.01115    56.2974 2 13 13802 22 14163 
 0.91742 -3.87737  55.9769 2 13 13803 22 14164 
-2.81799 -4.36792  57.9923 2 13 13804 22 14166 
-2.66352 -4.29987  57.7094 2 13 13807 22 14168 
   7.813 -2.58446  59.3469 2 13 13808 22 14180 
 7.95456 -2.57965  58.8167 2 13 13809 18 15408 
-2.09987 -4.13354  57.3942 2 13 13814 22 14175 
 7.65267 -2.54666    58.66 3 13 13816 18 15415 22 14190 
 3.97953 -3.14856  56.6316 2 13 13820 22 14183 
 4.66055 -2.99257  56.9979 3 13 13825 18 15414 22 14193 
-3.28909  -4.0621  58.1168 3 13 13841 18 15419 22 14198 
0.478653 -3.54403  55.8775 2 13 13842 22 14208 
-2.6622 -3.9492 57.4557 2 13 13846 22 14206 
 4.15776 -2.87841  56.9577 2 13 13847 22 14218 
-1.06306 -3.68936  56.5464 3 13 13852 18 15432 22 14213 
-0.62451 -3.59371  56.3198 2 13 13855 22 14217 
 -2.9613 -3.85788  57.9444 3 13 13857 18 15440 22 14221 
-2.43114 -3.80009  57.2366 2 13 13858 22 14222 
-1.72334 -3.71461   56.407 2 13 13859 22 14223 
-0.218087  -3.46009   56.1237 2 13 13861 22 14230 
-5.95879 -4.21882  59.5977 2 13 13862 22 14225 
-0.785285  -3.50521    56.242 3 13 13865 18 15453 22 14232 
 8.33928 -1.93332  59.2236 2 13 13866 22 14249 
-2.09975 -3.61715  56.7417 2 13 13873 22 14237 
-1.60197 -3.54978  56.3704 2 13 13874 22 14238 
-1.03677 -3.46667  56.2316 2 13 13875 22 14239 
-0.546827  -3.37648   56.0834 2 13 13877 22 14243 
-4.13843 -3.81921  58.2944 2 13 13879 22 14244 
-2.55225 -3.62083  56.9584 2 13 13881 22 14245 
-5.61684 -3.88624   58.941 2 13 13890 22 14256 
-2.54879 -3.51647   56.729 3 13 13891 18 15474 22 14258 
 4.10628 -2.39739  57.0992 2 13 13896 22 14278 
-3.46328 -3.53305  57.0651 2 13 13903 22 14270 
 4.29417 -2.35106  56.5804 2 13 13904 22 14280 
 -3.8126 -3.53915  57.3969 2 13 13908 22 14274 
 4.11378 -2.28868   57.246 2 13 13909 22 14287 
-5.26288  -3.6838  58.5641 2 13 13911 22 14276 
-6.17887  -3.6863  59.1343 2 13 13917 22 14286 
-2.11229 -3.18038  56.4222 2 13 13918 22 14289 
-6.32361 -3.66266  59.0784 2 13 13920 22 14290 
-6.06083 -3.59733  58.9425 2 13 13923 22 14294 
 3.93362 -2.15554  56.8043 2 13 13924 22 14299 
 3.61607 -2.16343   56.614 3 13 13927 18 15522 22 14304 
-4.45511 -3.33474  57.3761 2 13 13929 22 14298 
 3.32939 -2.03798  56.4662 2 13 13936 22 14315 
  8.66596 -0.880137   60.0004 2 13 13944 22 14328 
 2.88945 -1.91248  55.5646 3 13 13949 18 15540 22 14329 
 2.62828 -1.78783   55.685 2 13 13956 22 14334 
 2.01788 -1.75036  55.0001 2 13 13965 22 14341 
-6.00483 -2.70466  57.1897 2 13 13970 22 14345 
 1.80255 -1.43119  54.9981 2 13 13980 22 14355 
0.186797 -1.58332  54.7544 2 13 13986 22 14359 
-0.990133  -1.47875   54.8578 2 13 14003 22 14376 
 1.51211 -1.00321  54.7061 2 13 14007 22 14384 
  8.9235 0.699411  60.6269 2 13 14014 22 14392 
  1.37702 -0.622077    54.917 2 13 14025 22 14396 
 0.302747 -0.383529   54.2539 3 13 14043 18 15623 22 14414 
 -4.02703 -0.430146   54.5661 2 13 14068 22 14434 
 -4.30743 -0.425542   54.5814 3 13 14070 18 15647 22 14438 
 -3.94746 -0.167887   54.4127 3 13 14077 18 15653 22 14445 
0.194644 0.439844  54.1458 3 13 14079 18 15655 22 14446 
  -3.32807 -0.0256504    53.8611 3 13 14084 18 15661 22 14448 
-0.184531  0.674348   53.9393 2 13 14094 22 14456 
 -6.48357 0.0603166   55.5047 2 13 14098 22 14458 
-6.91736  0.21132  55.4648 2 13 14110 22 14467 
-6.50409 0.312013  55.3759 2 13 14111 22 14468 
-6.77684 0.404476  55.4119 2 13 14119 22 14477 
-3.07475  1.07775  53.4644 2 13 14141 22 14494 
-6.15931  1.03682  54.9863 2 13 14149 22 14502 
-1.67235  1.74337  53.2019 3 13 14163 18 15725 22 14521 
-1.58454  1.96053  53.2322 3 13 14173 18 15738 22 14532 
-2.47019  1.94095  53.1233 3 13 14178 18 15743 22 14536 
-2.20442   1.9532  53.0398 3 13 14179 18 15742 22 14535 
-2.0188 2.01814 53.1002 3 13 14180 18 15744 22 14537 
-3.10584  3.18167  52.8446 4 11 10758 13 14221 18 15803 22 14591 
-2.89204  3.34482  52.7667 3 13 14228 18 15812 22 14599 
-0.687291   4.04944   53.9829 2 13 14242 22 14613 
-2.3496  3.8171 52.6933 2 13 14253 18 15837 
-7.85151  3.74867  54.5113 2 13 14268 22 14645 
-6.63413  3.85115  54.0053 2 13 14271 22 14648 
-6.14713  3.86027  53.6508 3 13 14273 18 15853 22 14649 
-8.22911  3.82325  54.7485 2 13 14274 22 14651 
-8.4616 3.92573 54.7971 2 13 14280 22 14657 
-5.47034  4.03961  53.3324 3 13 14284 18 15862 22 14658 
-0.886883   4.97454   53.8173 2 13 14298 22 14670 
-1.35433  4.84247  52.9786 2 13 14301 22 14676 
-5.05899   4.4038  53.0203 3 13 14303 18 15886 22 14677 
-1.25995  5.00171   53.146 2 13 14310 22 14682 
-1.24705  5.20328  53.1474 2 13 14325 22 14702 
-0.747254   5.37222   53.7858 2 13 14326 22 14697 
-2.44266  5.00296  52.4841 2 13 14335 22 14710 
-4.91464  4.78353  52.6755 3 13 14342 18 15920 22 14715 
-9.19653  4.74447  54.8697 2 13 14348 22 14725 
-3.13667  5.03485  52.3535 2 13 14353 22 14727 
-9.06042  4.93667  54.8337 2 13 14370 22 14745 
-3.20517  5.20854  52.2791 2 13 14381 22 14751 
-9.40878  5.04732  55.0568 3 13 14385 18 17290 22 14754 
-4.62188  5.08675  52.4719 3 13 14386 18 15957 22 14752 
7.68703 9.04657 63.0288 2 13 14387 22 14767 
-4.39847  5.26703  52.4877 2 13 14408 22 14778 
-3.38222  5.34264  52.2436 2 13 14409 22 14772 
-3.57278   5.4053  52.3518 2 13 14421 22 14784 
-5.11791  5.31961  52.6871 2 13 14428 22 14789 
-3.70417  5.41539  52.2488 2 13 14430 22 14791 
-4.64228  5.35831   52.354 2 13 14435 22 14795 
-4.06818  5.44283  52.1097 2 13 14448 22 14808 
-4.45646  5.49402  52.2858 3 13 14459 18 16021 22 14817 
7.35528 9.53873  63.004 2 13 14464 22 14833 
-3.40208  5.72591  52.2174 2 13 14469 22 14832 
-1.81785  6.19093  52.6653 2 13 14485 22 14843 
7.30577 9.86995  63.135 2 13 14488 22 14855 
-1.91569  6.42752  52.6086 2 13 14504 22 14865 
-2.04395  6.48169  52.6081 2 13 14508 22 14869 
-2.04999  6.75155  52.3949 2 13 14533 22 14891 
7.25345 10.5917 63.0589 2 13 14534 22 14897 
-1.29849  7.11593  53.2886 2 13 14535 22 14893 
-3.19696  6.61516  52.0633 2 13 14537 18 16100 
-1.57601   7.1969  53.2235 2 13 14545 22 14907 
7.06968 10.8612  63.016 2 13 14550 22 14913 
-3.51588   6.7806  51.9767 3 13 14552 18 16119 22 14912 
7.07614 11.1302 63.0239 2 13 14564 22 14919 
-1.83568  7.48621  53.1236 2 13 14566 22 14918 
-3.58597  7.95515  51.8448 2 13 14646 22 14979 
6.51636 12.8952 63.0182 2 13 14688 22 15014 
5.87562 13.0606 63.1977 2 13 14698 22 15019 
-3.59091  8.99253  51.6122 4 11 11226 13 14735 18 16250 22 15049 
6.33909 13.6515 62.9085 2 13 14741 22 15053 
 5.8939 15.1162 62.6412 2 13 14811 22 15120 
5.75912 15.3018  62.614 2 13 14818 22 15122 
5.74385 15.5919 62.4991 2 13 14830 22 15132 
-3.45047  10.8553  51.2502 3 13 14837 18 16354 22 15134 
-3.26509  10.9361  51.3059 2 13 14841 22 15137 
-4.38437  10.8095   51.232 3 13 14843 18 16361 22 15140 
-11.5246  11.1563  54.3846 2 13 14844 22 15148 
-4.90525  10.9287  51.1671 3 13 14848 18 16373 22 15151 
-10.9659  11.1716  53.6643 2 13 14850 22 15155 
-5.01852   11.136  51.1495 2 13 14864 22 15165 
-4.5706 11.1901 51.0853 3 13 14868 18 16389 22 15167 
-10.6542  11.4042  53.4069 2 13 14871 22 15176 
-5.54064  11.2631  51.0838 3 13 14878 18 16404 22 15183 
-4.39352  11.3973   51.083 2 13 14880 18 16401 
-5.77803  11.3413  51.2695 2 13 14882 22 15186 
-10.0724  11.5605  53.0756 2 13 14886 22 15196 
-4.30601  11.5423   51.006 3 13 14892 18 16410 22 15199 
-5.77211  11.4998  51.1482 2 13 14896 22 15203 
-4.3809 11.8053 50.9548 2 13 14918 22 15218 
-3.61427  12.0593   51.137 3 13 14933 18 16443 22 15229 
-4.14498  11.9573  50.8892 2 13 14941 22 15239 
-5.63047  11.9425   50.828 2 18 16485 22 15257 
4.24849 17.4555 62.0022 2 13 14979 22 15279 
-5.42601  12.3037  50.9094 3 13 14983 18 16508 22 15283 
-3.76538   12.517  50.9909 3 13 14984 18 16502 22 15281 
-3.55937   12.669  51.0784 2 13 14989 22 15286 
2.65224 18.1471 63.7001 2 13 14995 22 15296 
-5.67055  12.5334  50.9134 3 13 14998 18 16526 22 15300 
-4.00271  12.7122   50.849 3 13 15000 18 16524 22 15303 
-7.23401  12.8089  51.0257 2 13 15021 22 15333 
3.56166 18.5373 61.8378 2 13 15055 22 15356 
-4.48898  13.3604  50.7016 2 13 15057 22 15360 
-4.89992  13.3584  50.6778 3 13 15061 18 16581 22 15366 
-5.98167  13.3909  50.6439 3 13 15071 18 16598 22 15373 
-5.93528  13.6811    50.62 3 13 15091 18 16616 22 15392 
-5.26925  13.7661  50.5426 3 13 15101 18 16617 22 15394 
-5.49998  13.9528  50.5566 3 13 15111 18 16634 22 15408 
-5.32718   14.051   50.688 3 13 15113 18 16637 22 15411 
-7.06712  14.8337  50.4863 2 13 15160 22 15464 
-12.4136  15.5828   53.191 2 13 15163 22 15472 
-8.58389  14.9475  50.5678 2 13 15170 22 15476 
-5.68008  15.2277  50.4199 3 13 15173 18 16706 22 15478 
-4.35037  15.4317  50.3637 2 13 15176 22 15480 
-5.29725  15.4916  50.5172 3 13 15180 18 16716 22 15483 
-5.86807  15.4346  50.3602 3 13 15185 18 16719 22 15488 
-5.96701  15.4293  50.3146 2 13 15186 18 16724 
-4.81293  15.9549  50.5239 3 13 15193 18 16733 22 15497 
-5.03177  16.0386  50.5021 3 13 15199 18 16741 22 15502 
-8.74545  16.0301  50.3176 2 13 15217 22 15527 
-4.55337  16.5982  50.0315 2 13 15236 22 15543 
-12.0298  17.3637   52.724 2 13 15240 22 15552 
-11.2494  17.4883  52.1267 2 13 15255 22 15568 
-4.95098  17.0691   50.075 3 13 15256 18 16789 22 15561 
-5.85246  17.0174  49.9785 2 13 15259 22 15566 
-4.62896  17.1294   49.934 3 13 15261 18 16795 22 15569 
-5.38263  17.3833  49.9681 2 13 15270 22 15583 
-5.59689  17.4357   50.021 3 13 15274 18 16821 22 15587 
-5.46868  17.6369  49.9665 3 13 15282 18 16837 22 15598 
-6.11112  17.8237  50.2723 2 13 15285 22 15603 
-6.53477  17.7615   50.083 2 13 15291 22 15605 
-6.46053  17.8571  50.1791 2 13 15294 22 15608 
-9.34772  17.9086  50.4754 2 13 15303 22 15622 
-6.6765 17.9559 50.0845 2 13 15306 22 15620 
-7.14815  17.9671  50.1287 3 13 15308 18 16865 22 15623 
-10.385 18.3062 51.1528 2 13 15313 22 15632 
-7.67261  18.2699   50.273 3 13 15322 18 16887 22 15638 
-9.48776   18.561  51.0029 2 13 15326 22 15647 
-9.81251  18.4919  50.8272 2 13 15329 22 15650 
-8.68356  18.2854  50.2628 2 13 15330 22 15648 
-10.1283  18.6315  51.0703 2 13 15332 22 15656 
-9.64923  18.6893  50.9249 3 13 15339 18 16925 22 15661 
-6.79444  18.7049  50.1471 2 13 15350 22 15670 
-8.64614  19.1457  50.3186 2 13 15362 22 15691 
-2.16326 -7.42593  62.4636 2 13 15375 22 15700 
-0.862281  -7.19626   61.3244 3 13 15376 18 16959 22 15701 
-0.406913   -7.0561   61.4511 3 13 15377 18 16960 22 15702 
0.088703 -6.98399  61.3311 3 13 15378 18 16961 22 15703 
-1.27387 -6.72303  61.4482 3 13 15385 18 16965 22 15707 
0.778352 -6.36035  60.8991 3 13 15386 18 16969 22 15709 
 1.10923 -6.09542  60.6125 2 13 15390 22 15715 
-2.11951 -6.62012  61.7143 2 13 15391 22 15713 
 1.61003 -5.91762  61.6726 2 13 15393 22 15717 
 7.16129 -4.33521  60.3538 2 13 15397 22 15719 
-0.453485     -5.15   58.2252 2 13 15400 22 15724 
-2.19227 -5.35143  59.7189 2 13 15405 22 15725 
-0.0340534   -5.00835    58.0826 3 13 15406 18 16987 22 15727 
-1.30959 -5.01693  58.7715 3 13 15412 18 16991 22 15731 
0.193597 -4.68353  57.7809 2 13 15414 22 15736 
 6.51384 -3.58779  58.5052 2 13 15417 22 15745 
 -3.6341 -5.15292  59.5848 2 13 15418 22 15740 
 6.23181 -3.60315  56.9667 2 13 15419 22 15744 
-2.97443 -5.01095  59.4073 2 13 15421 22 15742 
5.44335 -3.4813 57.6395 3 13 15425 18 17012 22 15753 
  6.4387 -3.28368  58.0823 3 13 15428 18 17015 22 15755 
 7.87763 -3.03073  59.0184 3 13 15429 18 17017 22 15758 
-1.06229 -4.45751  57.4116 2 13 15430 22 15752 
-1.70961  -4.5074  57.8989 2 13 15433 22 15751 
  5.7751 -3.27607  57.7857 3 13 15436 18 17020 22 15760 
 5.06384 -3.23372  57.3812 3 13 15441 18 17027 22 15767 
-0.774348  -4.12011   57.2637 2 13 15443 22 15766 
0.863108 -3.90987  56.0388 3 13 15444 18 17024 22 15763 
 4.58624 -3.26301  57.4009 2 13 15445 22 15769 
   7.236 -2.49751  58.5363 2 13 15453 22 15781 
 8.24752 -2.28364  59.1266 2 13 15456 22 15785 
-3.27672 -4.07966  58.1385 3 13 15459 18 17035 22 15776 
0.390373 -3.58046  55.8504 3 13 15460 18 17039 22 15777 
-2.87756 -3.87839  58.0003 2 13 15464 22 15787 
-0.732061  -3.57585   56.2536 3 13 15465 18 17047 22 15789 
 3.77412 -2.89369  56.8038 2 13 15466 22 15791 
-1.88232 -3.73332  56.5479 2 13 15467 22 15788 
0.148611 -3.46206  55.3177 2 13 15468 22 15790 
-3.79145 -3.90352  57.9339 2 13 15469 22 15794 
-2.33379 -3.72331  56.9239 3 13 15470 18 17049 22 15795 
-1.61439 -3.48524  56.3932 2 13 15475 22 15798 
 8.50988 -1.76341  59.3193 2 13 15476 22 15806 
  -3.989 -3.58006  58.2172 2 13 15481 22 15803 
 -2.6674 -3.45404  56.5513 2 13 15482 22 15804 
 3.58572 -2.20422  56.5549 2 13 15489 22 15813 
  3.9546 -2.12998  56.7361 2 13 15490 22 15814 
 2.96293 -2.28415  55.3054 2 13 15494 22 15815 
 2.90678 -1.85322  55.6262 2 13 15503 22 15822 
 2.02814 -1.86167  54.9343 2 13 15505 22 15824 
1.70487 -1.3869 54.9867 2 13 15517 22 15832 
  1.42701 -0.228091   55.0044 3 13 15537 18 17116 22 15848 
-6.49952 0.404058  55.2728 2 13 15567 22 15877 
-2.33222  1.64011  53.1966 2 13 15582 22 15894 
-1.59585  1.95766  53.2779 2 13 15587 22 15897 
-2.46377  1.93204  53.1216 2 13 15590 22 15899 
-5.54833  3.61291  53.5748 2 13 15635 22 15950 
-6.58104  3.78408  53.9829 2 13 15639 22 15956 
-7.86669   3.8144  54.6576 3 13 15642 18 17240 22 15961 
-9.18725  4.49495   55.146 3 13 15666 18 17261 22 15981 
-4.34737  4.84378  52.4243 2 13 15675 22 15993 
-9.87771  4.84578  55.4866 2 13 15676 22 15997 
-4.33754  5.20757  52.4524 3 13 15699 18 17288 22 16012 
-4.95018   5.2295  52.5839 3 13 15709 18 17291 22 16018 
-4.03535  5.38136   52.304 2 13 15712 18 17294 
-1.64983  6.39142  52.4323 2 13 15730 22 16040 
-2.68683  6.95273  52.2646 3 13 15749 18 17331 22 16054 
-3.61968  8.67146   51.662 2 13 15799 18 17375 
5.74679 13.9884 62.9581 3 13 15810 18 17386 22 16115 
-3.58171  10.2261  51.3486 3 13 15822 18 17421 22 16131 
-4.11832  10.3303  51.3545 2 13 15825 22 16134 
-4.49532  10.6029   51.278 3 13 15828 18 17430 22 16137 
-4.33468   10.848   51.214 3 13 15830 18 17432 22 16140 
-4.89989  10.8667  51.1903 3 13 15831 18 17433 22 16142 
-9.57817  11.3486  52.9637 2 13 15838 22 16147 
-4.64595   11.506  50.9533 3 13 15849 18 17449 22 16158 
-6.78771  11.6443  51.0563 2 13 15857 22 16168 
-3.6835 12.0188 51.2277 2 13 15858 22 16165 
-4.56873  12.0039  50.8972 3 13 15866 18 17475 22 16177 
-4.15111  11.9791  50.8135 3 13 15867 18 17471 22 16173 
-3.60748  12.2273  50.9375 2 13 15872 22 16180 
-6.76923  11.9798  51.0596 2 13 15875 22 16183 
 2.6978 18.2012 63.8646 2 13 15893 22 16198 
-7.03829  12.5854  51.0084 2 13 15899 22 16203 
-3.72304  12.8562  50.7935 2 13 15902 22 16204 
-4.3937 12.8625  50.806 3 13 15905 18 17508 22 16206 
-6.4378 12.8225 50.8601 2 13 15909 18 17512 
-6.07274  12.8565  50.7993 3 13 15910 18 17513 22 16212 
-11.5786  14.6879  52.5735 2 13 15960 22 16255 
-6.18176  14.3934  50.4741 3 13 15962 18 17564 22 16256 
-4.81609  15.6051  50.5659 2 13 15981 18 17591 
-4.65977  16.8019  49.9419 3 13 16007 18 17621 22 16308 
-5.58208  17.0094  50.0658 3 13 16013 18 17627 22 16313 
-8.29168  17.3046  50.3004 2 13 16018 22 16319 
-5.14646  17.4798   50.027 3 13 16021 18 17637 22 16318 
-8.61164  17.3035  50.2222 2 13 16022 22 16321 
-6.08585  17.4107  49.9211 2 13 16024 22 16322 
-5.89684  17.6247  49.8455 2 13 16029 22 16326 
-7.45569  17.8275  50.1583 2 13 16033 22 16330 
-7.15004  17.9905  50.1392 3 13 16036 18 17649 22 16333 
-8.41671  18.0652  50.1503 4 10 13878 13 16039 18 17657 22 16338 
-9.29522  18.4217   50.896 2 13 16042 22 16342 
-9.12631  18.6055  50.6953 2 13 16049 22 16346 
0.855228 -4.84152   57.517 2 13 16098 22 16388 
 0.80657 -4.67385  57.4944 2 13 16101 22 16392 
0.138413 -4.61516  57.5528 2 13 16106 22 16397 
-4.21644 -5.03077   60.158 2 13 16109 22 16399 
 6.57611 -3.24999  58.7387 3 13 16110 18 17706 22 16402 
7.94883 -3.0401 59.0727 2 13 16111 22 16403 
-1.83803 -4.43249  57.8032 2 13 16115 22 16404 
 4.32234 -3.18518  56.9249 3 13 16123 18 17712 22 16413 
-1.73109 -3.98427  57.3785 2 13 16126 22 16414 
-2.73051 -3.87194  57.7919 2 13 16128 22 16417 
-3.82891 -3.95798  58.1018 2 13 16132 22 16419 
-1.95267 -3.72701  56.7476 2 13 16133 22 16420 
 7.66804 -2.10811  59.2354 2 13 16134 22 16427 
-1.88946 -3.37625  56.3354 2 13 16143 22 16430 
 -5.6935 -3.49106  58.4261 2 13 16149 22 16435 
 3.32998 -1.80303  56.2489 2 13 16153 22 16438 
 2.09553 -1.11655  55.2492 2 13 16161 22 16445 
-1.13067  4.71389  53.6171 2 13 16218 22 16487 
-5.47717   4.1635  53.2422 3 13 16220 18 17797 22 16488 
-9.1394 4.55733 55.1884 2 13 16230 22 16496 
-2.67127  5.06345   51.878 2 13 16240 22 16505 
-4.47683  5.33047  51.7641 2 13 16264 22 16527 
-4.90732    11.26  51.0406 2 13 16365 22 16606 
4.50326 16.9323 62.3888 2 13 16375 22 16613 
-3.73791  13.9413  50.6778 2 13 16426 22 16661 
-3.56458  13.9766  50.6798 2 13 16427 22 16663 
-4.04517  17.1739  50.1169 2 13 16467 18 18035 
-4.87927  17.0567  49.9814 2 13 16468 22 16707 
-5.47411  17.2347  50.0023 2 13 16469 22 16708 
-4.39655   17.539  50.1379 3 13 16470 18 18038 22 16709 
-6.20459  17.4053  49.9252 3 13 16473 18 18040 22 16711 
-5.07968  17.6663   49.959 3 13 16474 18 18041 22 16713 
-5.89076  17.6393  49.8791 3 13 16476 18 18042 22 16715 
-7.83428  17.9252  50.3689 3 13 16480 18 18048 22 16719 
-8.60746   18.047   50.203 2 13 16485 22 16724 
-7.8978 18.1267 49.9369 2 13 16489 22 16726 
-2.58271  4.80425  52.3855 2 13 16497 18 18054 
 5.04752 -3.15543  57.1696 3 13 16504 18 18063 22 16741 
 -3.8602 -4.03585    58.19 2 13 16506 22 16743 
5.47085 -2.4534 57.2797 2 13 16508 22 16745 
-7.12462  3.70872  53.8549 2 13 16528 22 16761 
-3.70809  5.13291  52.4218 2 13 16540 18 18089 
-5.14656  8.83323  51.5331 2 13 16564 22 16790 
-3.61408  14.5229  50.5896 2 13 16588 22 16811 
-4.38193  17.4316  50.0874 2 13 16596 22 16821 
-5.4146 4.47323 52.7572 3 13 16607 18 18157 22 16837 
-3.49893  8.74375  51.7107 2 13 16616 22 16845 
-5.11053  8.71932  51.6167 2 13 16617 22 16846 
-4.74857  10.5627  51.3521 2 13 16618 18 18170 
-7.91232  12.8001   51.062 2 13 16634 18 18190 
-9.93576  12.6837  52.3784 2 13 16636 22 16865 
-5.09374   17.313  49.7303 2 13 16946 22 17333 
-7.25083 0.536854   55.559 2 13 16947 22 17370 
-4.26282 -2.18992  56.0855 2 13 16992 22 17807 
-12.5529  14.9616  53.4476 2 13 17301 22 17270 
-1.77708 -7.02361  62.6286 2 13 17311 22 17986 
-9.05203  17.7536  50.4008 2 13 17533 22 18061 
 -2.50517 -0.959356   54.9135 2 13 17542 22 18221 
-11.0559  13.0258  53.0709 2 13 17668 22 17881 
-5.59418 -2.51815  56.8075 2 13 17720 22 18096 
 -1.0956 -2.20292  55.2905 2 13 17761 22 18260 
-4.63683  13.2926  50.6446 2 13 17792 18 19979 
-4.3889 11.5668 50.9916 2 13 17865 22 18301 
-4.71687  13.3862  50.6715 2 13 17888 22 18403 
-0.888688 -0.639407   54.3963 2 13 17894 22 18622 
-1.89063  -6.1491  60.8151 2 13 17922 22 18549 
5.65553 13.9136 63.0411 2 13 17947 22 18105 
-6.0959 13.1365 50.6896 3 13 18011 18 20198 22 18493 
-5.58994  14.0109  50.5474 3 13 18017 18 20058 22 18470 
-1.49963  6.29514  52.9144 2 13 18062 22 18317 
-5.62985  13.9838  50.5191 2 13 18069 18 20146 
0.0878713 -0.633141   54.3462 3 13 18073 18 20183 22 18681 
-6.60657  17.5402  50.0178 2 13 18083 22 18643 
-5.54354  13.9935  50.5757 2 13 18101 22 18706 
-1.62744  7.47765  53.1341 2 13 18120 22 18251 
-2.56062 -1.00116  54.9586 2 13 18127 22 18865 
-3.09172  7.95381  51.8954 3 13 18150 18 19838 22 18516 
-1.41039  6.76006  53.3106 2 13 18164 22 18404 
-6.20681  14.3054  50.4754 2 13 18170 18 20187 
 6.85883 -3.75871  58.2604 2 13 18199 22 18732 
 5.78774 -3.67455  57.5355 2 13 18207 22 18607 
-5.63727   17.317  49.9579 3 13 18209 18 20063 22 18533 
-6.15412   14.445  50.4298 2 13 18211 22 18644 
-2.1534 9.12947 52.5857 2 13 18229 22 18416 
-2.3579 9.88724 52.2801 2 13 18234 18 19278 
-5.58492   13.955  50.5211 3 13 18236 18 20190 22 18785 
-8.56518 -2.43932  59.0055 2 13 18244 22 18735 
0.0276247  0.754323   53.9708 3 13 18262 18 20140 22 18696 
 3.48266 -3.88468  56.0492 2 13 18281 22 18774 
-4.73117  13.4126  50.6412 2 13 18290 22 18766 
-4.33078  14.3588  50.7363 2 13 18299 22 18515 
-7.06634  15.7482  50.2425 3 13 18314 18 20327 22 18807 
 6.46942 -4.08583  57.9358 2 13 18378 22 18837 
0.293413 -6.00583  59.9176 2 13 18381 22 18972 
-4.82895  13.4551  50.7163 2 13 18386 22 18835 
-3.19618  10.3452  51.4291 3 13 18415 18 20102 22 18852 
-5.70261  13.3402  50.6671 3 13 18426 18 20640 22 19054 
-1.46147   6.1884   52.917 2 13 18472 22 18880 
 2.55363 -3.72719  55.9308 2 13 18506 22 19045 
-0.00138192    0.789482     53.9556 3 13 18519 18 20385 22 19079 
-1.09737 -2.33204  55.3603 2 13 18576 22 19291 
-8.41323 -5.72985  66.4534 3 14 87 16 89 21 80 
-8.59157 -5.12402   68.159 3 14 118 16 118 21 96 
-9.06472 -5.17936  66.9055 3 14 130 16 125 21 102 
 -8.5938 -4.99949  68.2112 2 14 133 16 126 
-8.63054 -5.01525  68.0942 3 14 134 16 127 21 103 
-8.49101 -4.84219  68.2738 3 14 147 16 141 21 115 
-9.04506  -5.0245  66.7141 3 14 149 16 138 21 116 
-7.90996 -4.11342  69.4455 3 14 219 16 202 21 168 
-8.78265 -4.36324  67.0911 3 14 228 16 2775 21 177 
-4.14709 -4.20176  58.9408 2 14 324 16 304 
-9.84471 -3.69167  63.7328 2 14 336 16 312 
-4.99998 -3.91062   59.198 2 14 350 16 324 
-9.83214 -3.43336  63.1587 3 14 378 16 341 21 307 
-5.45957 -3.68538  58.8577 2 14 383 16 354 
 -9.8358 -3.37176  63.1735 3 14 388 16 351 21 317 
-5.32836 -3.63434  58.7722 3 14 393 16 358 21 319 
-9.53972 -2.02797  60.7884 2 14 503 16 428 
-5.09519 0.872209  54.5941 2 14 776 16 620 
-8.90169 0.726077  56.6624 2 14 787 16 627 
-4.9182 1.06838 54.2702 2 14 807 16 641 
-10.4419  1.51374  60.6697 3 14 850 16 682 21 535 
-10.5973   1.5988  60.9699 3 14 858 16 689 21 540 
-10.5909  1.64705  60.8012 2 14 872 16 699 
-8.90487  1.22052  56.4608 2 14 873 16 690 
-10.0904  1.47005  58.1368 2 14 895 16 704 
-11.1198  1.85074  60.3862 3 14 914 16 3550 21 572 
-10.8864  2.03162  60.6904 3 14 927 16 3563 21 581 
-9.79619  2.08821  57.6726 2 14 984 16 760 
-9.80964  2.16633  57.6618 2 14 999 16 764 
-10.6061  2.41691  58.2766 2 14 1044 16 796 
-8.9836 2.40999 56.0652 2 14 1056 16 804 
-5.16537  3.41006  53.5252 3 14 1157 16 898 21 721 
-10.052 3.07058 56.7995 2 14 1170 16 907 
-11.2644  3.35471  58.7642 2 14 1195 16 937 
-11.1627  3.37409  58.5822 2 14 1198 16 942 
-11.1236  3.43578  58.5699 3 14 1209 16 949 21 768 
-11.2134  3.44857   58.701 2 14 1211 16 948 
-11.1386  3.48689  58.6086 3 14 1214 16 956 21 773 
-11.1017  3.56564  58.5745 3 14 1226 16 964 21 781 
-6.13255  4.13971  53.6115 2 14 1283 16 1004 
-11.7459  5.57086  58.3343 3 14 1508 16 1246 21 1057 
-11.7036  5.57657  58.2337 2 14 1509 16 1247 
-11.7234  5.71787  58.2755 3 14 1520 16 1258 21 1072 
-11.8042  5.90725  58.1335 3 14 1537 16 1276 21 1086 
-11.8298  6.07321  58.0881 3 14 1553 16 1292 21 1101 
-11.6767   6.3873  57.3778 2 14 1590 16 1320 
-11.122 6.93349 56.3005 2 14 1631 16 1350 
-12.006 7.52405 58.3365 2 14 1663 16 1381 
-12.0735  7.94875  58.1434 2 14 1714 16 1418 
-12.0713  8.05287  58.1286 3 14 1722 16 1431 21 1265 
-9.34877  8.08151  53.8612 3 14 1730 16 1426 21 1268 
-12.099 8.13162 58.0814 2 14 1734 16 1439 
-11.7672  8.39124  56.3224 2 14 1778 16 1482 
-12.1616  8.44669  56.9758 2 14 1782 16 1488 
 -12.26 8.53803 57.1355 3 14 1796 16 1497 21 1336 
-12.2869  8.62056  57.2842 3 14 1803 16 1503 21 1340 
-12.4569  9.70834  57.5313 3 14 1896 16 1578 21 1420 
-12.4423  9.72559    57.48 3 14 1897 16 1581 21 1422 
-11.8667  9.94477  55.5384 2 14 1929 16 1600 
-12.6256  10.3585  56.9451 2 14 1972 16 1648 
-12.6567  10.5846  56.7086 2 14 2027 16 1684 
-12.6183  10.7662  56.4593 2 14 2061 16 1706 
-12.646 10.8841  56.569 2 14 2074 16 1717 
-12.7033  10.9123  56.7186 2 14 2079 16 1721 
-12.7186  10.9624  56.7026 2 14 2087 16 1731 
-12.6986  11.0049  56.6603 2 14 2094 16 1736 
-11.505 10.9852 54.5918 3 14 2097 16 1723 21 1577 
-8.53098  15.6933    69.73 2 14 2111 16 1827 
-12.715 11.1371 56.7947 2 14 2112 16 1750 
-12.7131  11.1253  56.7178 2 14 2113 16 1751 
-11.7544  11.2547  54.8273 2 14 2137 16 1759 
-12.7231  11.3444  56.6908 2 14 2142 16 1772 
-12.7288  11.4119  56.7246 2 14 2151 16 1778 
-12.754 11.5045 56.5621 2 14 2167 16 1795 
-12.7403   11.553  56.5129 2 14 2172 16 1800 
-11.586 11.6954 54.4128 2 16 1807 17 3425 
-12.1671  11.5854  54.9377 2 14 2189 16 1811 
-8.58441  12.5785  51.6178 3 14 2237 16 1844 21 1684 
-12.395 11.9234 55.1005 2 14 2238 16 1865 
-9.4259 12.4632 52.2666 2 14 2247 16 1853 
-8.90671  12.7139  51.7748 3 14 2266 16 1872 21 1712 
-12.899 12.4173 55.6863 2 14 2308 16 1946 
-12.9172   12.438  55.7662 2 14 2312 16 1949 
-12.4823  12.5888  54.9296 2 14 2335 16 1966 
-9.36288  13.6255  51.7794 3 14 2402 16 2011 21 1820 
-9.46746  13.6075  51.8794 3 14 2403 16 2021 21 1819 
-12.3793  13.3472  54.3419 3 14 2431 16 2085 21 1847 
-12.6359  13.8417  54.4623 2 14 2475 16 2126 
-12.5933  13.9111  54.4394 3 14 2481 16 2130 21 1885 
-12.6335  13.9293  54.5064 2 14 2484 16 2132 
-12.5286  13.9511  54.3645 3 14 2487 16 2133 21 1892 
-10.3676  14.3792  52.2374 2 14 2490 16 2125 
-10.3316  14.3916  52.1754 3 14 2491 16 2127 21 1889 
-10.8424  14.3455  52.6574 3 14 2499 16 2134 21 1896 
-12.6311  14.0178  54.4545 2 14 2502 16 2142 
-13.0302  14.3815  54.9267 2 14 2567 16 2181 
-13.0311  14.4575  55.0141 2 14 2571 16 2184 
-13.3878  14.5783  55.5353 2 14 2583 16 2194 
-13.2098  14.6315  55.1768 2 14 2588 16 2196 
-13.2323  14.7009  55.3576 2 14 2589 16 2203 
-13.2223  14.6867  55.1652 2 14 2592 16 2204 
-13.3985  14.8653  55.5027 2 14 2603 16 2218 
-12.4756  14.9843   53.775 2 14 2616 16 2220 
-11.9937  15.6341  53.1299 2 14 2649 16 2244 
-12.224 15.7023 53.3607 3 14 2658 16 2252 21 1991 
-12.1597  15.7794  53.2396 2 14 2663 16 2255 
-12.338 15.7838 53.4149 3 14 2667 16 2257 21 1998 
-13.4286  15.8046  55.1643 2 14 2674 16 2268 
-10.7052  16.3224  51.9211 2 14 2676 16 2260 
-13.4363  15.9043  55.0072 2 14 2681 16 2274 
-13.4329  15.9997  54.9298 2 14 2690 16 2283 
-12.8369  16.1003  53.8583 2 14 2699 16 2284 
-13.1325  16.1134   54.228 2 14 2704 16 2288 
-13.5875  16.1403  55.1337 3 14 2705 16 2295 21 2019 
-13.2027  16.1204  54.3504 2 14 2707 16 2291 
-12.6256   16.302  53.6111 2 14 2719 16 2297 
-13.4415  16.3254  54.7685 2 14 2728 16 2306 
-13.4462  16.3019  54.6104 2 14 2730 16 2307 
-13.4901  16.4176  54.9151 2 14 2732 16 2311 
-13.4649  16.4251  54.8448 2 14 2733 16 2313 
-12.6193  16.6701  53.5581 2 14 2742 16 2319 
-13.5515  16.5746  54.8402 2 14 2744 16 2323 
-13.5067  16.6307  54.7459 2 14 2747 16 2328 
-13.5179  16.6737  54.7187 2 14 2751 16 2330 
-12.6808  17.1573  53.6689 2 14 2775 16 2349 
  -12.6 17.2598 53.4763 2 14 2786 16 2360 
-12.6336  17.2705  53.5316 2 14 2788 16 2362 
-10.6401  17.8343  51.6452 2 14 2795 16 2358 
-10.6237  18.3732  51.6671 3 14 2836 16 2383 21 2100 
-10.264  18.593 51.2486 2 14 2845 16 2393 
-10.284 18.6249 51.2146 2 14 2851 16 2396 
-7.91796 -6.17347  67.5715 3 14 2998 16 2522 21 2245 
-1.57074 -6.76345  61.9702 3 14 3000 16 2542 21 2243 
-8.34807 -5.83404  67.9783 2 14 3037 16 2561 
-8.30874 -5.82333  67.8815 2 14 3039 16 2564 
-8.30569  -5.8209  66.6655 3 14 3051 16 2576 21 2275 
-8.48052 -5.69124   66.576 2 14 3065 16 2588 
-8.58879 -5.59783  66.4873 2 14 3075 16 2601 
-8.47431 -5.59772  66.2069 3 14 3080 16 2606 21 2297 
-8.73762  -5.3946  67.8271 3 14 3085 16 2611 21 2305 
-8.60801 -5.55475  66.3228 3 14 3087 16 2612 21 2306 
-8.79419 -5.28022  67.7843 3 14 3099 16 2622 21 2316 
-8.55152 -4.93726  68.3337 3 14 3146 16 2662 21 2344 
-8.52762  -4.9036  68.1676 3 14 3154 16 2668 21 2348 
-8.59164 -5.23317  65.1796 2 14 3155 16 2669 
-8.60866 -5.19796   65.012 3 14 3163 16 2673 21 2351 
-8.74174  -5.1377  65.2055 3 14 3166 16 2676 21 2354 
-7.55809 -4.36846  70.6048 3 14 3196 16 2703 21 2379 
-8.17972 -4.43562  68.7269 3 14 3232 16 2736 21 2406 
-9.18474 -4.85684  65.2176 3 14 3242 16 2730 21 2408 
-8.13045 -4.40063  68.6288 3 14 3247 16 2742 21 2420 
-9.32556 -4.75669  65.3158 3 14 3260 16 2747 21 2426 
-9.37997 -4.65608  65.3705 3 14 3272 16 2760 21 2437 
-8.54873 -4.61312  63.3643 3 14 3329 16 2815 21 2480 
-9.50059 -4.30425  65.4913 3 14 3342 16 2831 21 2497 
-4.11956  -4.2156  58.7929 2 14 3433 16 2921 
-4.20658 -4.14961  58.8389 2 14 3443 16 2930 
-6.21408 -4.04616  59.7634 2 14 3455 16 2941 
-9.78172 -3.69074  63.6562 2 14 3464 16 2943 
-6.36769 -3.89013  59.7649 2 14 3489 16 2971 
-4.50588 -3.90681  58.7128 3 14 3497 16 2980 21 2630 
-9.92715 -3.47918  63.4863 3 14 3514 16 2989 21 2647 
-5.46123 -3.70495  58.9528 2 14 3532 16 3006 
-9.80434 -3.41936  62.9864 3 14 3535 16 3002 21 2671 
-5.18863 -3.67979  58.7022 3 14 3545 16 3014 21 2669 
-9.92697 -3.31661  63.0625 3 14 3554 16 3023 21 2683 
-9.70222 -3.27467  62.6405 3 14 3559 16 3031 21 2693 
-9.87761 -2.91838  62.4404 3 14 3595 16 3059 21 2711 
-9.81285 -2.72235  62.1122 2 14 3627 16 3076 
-9.77016 -2.62822  61.9837 2 14 3639 16 3083 
-9.91779 -2.26899  61.8542 2 14 3677 16 3104 
-10.1194 -2.15871  62.0562 2 14 3688 16 3111 
 -2.45071 -0.185714   71.2755 3 14 3695 16 3138 21 2760 
-10.1464 -2.06498    62.05 3 14 3700 16 3118 21 2757 
-10.0628 -2.04277  61.8292 3 14 3706 16 3124 21 2763 
 -10.252 -1.66731  62.0465 3 14 3743 16 3155 21 2785 
-2.14639 0.555308  71.4739 3 14 3754 16 3182 21 2796 
 -10.4792 -0.365567   61.0125 3 14 3873 16 3264 21 2863 
  -4.1509 -0.348293   54.5386 3 14 3902 16 3288 21 2881 
 -8.89881 -0.259619   57.5446 2 14 3930 16 3309 
  -8.94893 -0.0780045    57.4597 2 14 3951 16 3324 
-9.09407 0.239791  57.5762 2 14 3984 16 3344 
 -9.1271 0.390494  57.6116 2 14 4005 16 3359 
-4.72525 0.524784  54.2753 3 14 4015 16 3367 21 2948 
-9.10739 0.433032  57.4729 2 14 4019 16 3369 
 -10.673 0.696805  60.1938 2 14 4026 16 3381 
-9.15284 0.500052  57.5394 2 14 4027 16 3375 
-4.84703  0.64796  54.3084 3 14 4034 16 3382 21 2961 
-4.79807 0.787543  54.2631 3 14 4051 16 3394 21 2973 
-8.84182 0.658897  56.6998 2 14 4057 16 3402 
-9.23864 0.756589  56.9486 2 14 4078 16 3423 
-10.0783 0.945198  58.4395 3 14 4091 16 3438 21 3006 
-4.94231  1.13935  54.2247 2 14 4108 16 3452 
-8.2684 1.11397  56.071 2 14 4138 16 671 
-8.8383 1.09442  56.407 2 14 4141 16 3484 
-4.98042  1.35283  54.2767 3 14 4147 16 3486 21 3048 
-10.003 1.28349  58.118 3 14 4168 16 3506 21 3072 
-10.8248  2.06582  60.9291 2 14 4220 16 3561 
-4.79191   1.9494  53.8021 3 14 4225 16 3557 21 3107 
-4.73914  1.96205  53.7061 3 14 4226 16 3558 21 3108 
-11.0277  2.26512  60.8673 3 14 4242 16 3583 21 3126 
-11.0333  2.35742  60.7981 3 14 4253 16 3595 21 3138 
-9.81665  2.07775  57.7522 2 14 4255 16 3590 
-9.91191  2.21156  57.6616 3 14 4270 16 3605 21 3147 
-11.0418  2.28756  59.0206 2 14 4272 16 3610 
-9.98601  2.28028  57.8231 3 14 4274 16 3611 21 3149 
-10.5081  2.41114  58.2141 2 14 4298 16 3638 
-11.0836  2.48696  58.9202 3 14 4311 16 3649 21 3178 
 -8.065 2.54673 55.5023 2 14 4326 16 3654 
-10.0439  2.56426  57.5135 3 14 4329 16 3659 21 3188 
-11.1987  2.70595  58.9863 2 14 4348 16 3678 
-11.1567  2.76037    58.89 2 14 4354 16 3683 
-4.67879  3.09645  53.2764 3 14 4365 16 3686 21 3203 
-9.8012 2.73976 56.6105 2 14 4374 16 3692 
-10.0937  2.96304  57.0217 3 14 4414 16 3717 21 3242 
-4.76386  3.41963  53.1717 3 14 4430 16 3729 21 3251 
-11.2564  3.27686  58.7542 2 14 4463 16 3775 
-11.2232  3.33578  58.7058 2 14 4477 16 3786 
-11.2064  3.39499  58.6418 2 14 4490 16 3797 
-11.2473  3.55565  58.7202 3 14 4511 16 3814 21 3327 
-10.2184  4.05019  56.5789 2 14 4586 16 3886 
-10.2683  4.29512  56.5622 2 14 4609 16 3902 
-10.325  4.5049  56.543 2 14 4627 16 3917 
-11.8039  6.07824  58.0125 3 14 4752 16 4044 21 3534 
-12.0025  7.38874  57.2937 2 14 4856 16 4142 
-11.5987  7.39528  56.6512 2 14 4858 16 4143 
-11.8604  7.43849  57.1046 3 14 4862 16 4144 21 3619 
-11.9837  7.44119  57.2207 2 14 4866 16 4146 
-11.921 7.52983 57.0913 3 14 4872 16 4154 21 3624 
-11.9744  7.61486  57.1134 2 14 4877 16 4159 
-11.9325  7.58851  56.9625 3 14 4878 16 4157 21 3632 
-12.0172  7.90297  58.1211 2 14 4883 16 4167 
-12.0056  7.80095  57.1074 3 14 4895 16 4172 21 3644 
-12.0421  7.90973  57.1081 2 14 4910 16 4178 
-12.0679  8.00107  57.0859 2 14 4920 16 4188 
-12.0118  7.99902  56.9586 3 14 4921 16 4189 21 3662 
-12.1947  8.09984  57.6641 3 14 4922 16 4194 21 3665 
-12.155 8.07735 57.4875 3 14 4923 16 4191 21 3666 
-12.0096  8.09935  56.9031 3 14 4937 16 4206 21 3680 
-12.1949   8.2144  57.4784 3 14 4946 16 4213 21 3687 
-11.9408  8.21865   56.717 2 14 4961 16 4218 
-11.9134  8.27726  56.6149 3 14 4968 16 4228 21 3700 
-12.0716  8.31018  56.8452 2 14 4971 16 4231 
-12.1585   8.3189  56.9772 3 14 4973 16 4232 21 3706 
-12.0418  8.32796   56.735 2 14 4977 16 4234 
-11.8333  8.37126   56.362 3 14 4984 16 4244 21 3718 
-12.006 8.39716 56.6752 2 14 4986 16 4248 
-11.7807  8.51548  56.2728 2 14 5003 16 4261 
-12.4429  9.65823  57.4944 3 14 5082 16 4350 21 3813 
-12.4162  9.70039  57.3753 2 14 5084 16 4353 
-12.4982   9.7884  57.4906 3 14 5089 16 4359 21 3824 
-11.874  9.9956 55.5799 2 14 5111 16 4377 
-11.9207  10.0114  55.6842 3 14 5115 16 4378 21 3845 
-11.8679  10.0712  55.5001 3 14 5122 16 4383 21 3851 
-12.2781  10.4065  55.8113 2 14 5178 16 4424 
-11.6193  10.5444  55.0322 2 14 5190 16 4430 
-12.2611  10.5068  55.7683 2 14 5196 16 4441 
-12.6422  10.5688  56.6209 2 14 5198 16 4448 
-11.7811  10.5674  55.1644 2 14 5200 16 4439 
-12.6694  10.6296  56.6886 2 14 5208 16 4453 
-12.6656  10.6928  56.7006 2 14 5221 16 4463 
-12.4303   10.651    55.98 2 14 5230 16 4464 
-12.4901  10.7028   56.095 2 14 5236 16 4470 
-12.6257  10.7888  56.5235 2 14 5247 16 4479 
-12.6863  10.8251  56.7136 2 14 5249 16 4481 
-12.6183  10.7744  56.3026 2 14 5254 16 4482 
-12.6559  10.8343  56.5703 2 14 5255 16 4487 
-12.6953  10.8984   56.645 3 14 5261 16 4497 21 3960 
-11.5941  10.8777  54.7437 2 14 5265 16 4485 
-11.8541  10.9222  55.0572 2 14 5271 16 4498 
-11.5251  10.9408   54.647 3 14 5272 16 4493 21 3964 
-11.3907  11.0041   54.439 2 14 5277 16 1725 
-12.0144  10.9486  55.1755 2 14 5279 16 4506 
-12.6827  11.0154  56.5594 3 14 5281 16 4521 21 3977 
-11.5894  11.0118  54.6825 2 14 5285 16 4507 
-11.7071  11.0104  54.7729 2 14 5291 16 4513 
2.61653 18.1272  63.517 3 14 5294 16 4604 21 4002 
-11.4041  11.0754  54.4792 2 14 5295 16 4514 
-12.7268  11.1018  56.6813 2 14 5298 16 4534 
-11.6508  11.1186  54.7392 3 14 5307 16 4532 21 3996 
2.43084 18.2062 63.5341 2 14 5312 16 4625 
-11.9324  11.1065  54.9963 2 14 5313 16 4535 
-11.8102  11.1441  54.9334 2 14 5315 16 4536 
-6.38529  16.1713  68.1354 3 14 5320 16 4668 21 4031 
-11.6323  11.2181  54.6488 3 14 5326 16 4548 21 4014 
-6.4631  16.235  68.154 3 14 5327 16 4679 21 4046 
-6.50529   16.311  68.0759 3 14 5346 16 4696 21 4066 
-11.6879  11.3644  54.6898 3 14 5353 16 4567 21 4041 
2.31151 18.5406 63.7507 2 14 5354 16 4677 
-12.7363  11.4437  56.5351 2 14 5364 16 4597 
-8.64973  11.9527  51.8244 2 14 5370 16 4564 
-8.66329   16.081  69.2298 3 14 5382 16 4755 21 4106 
-6.91048    16.46   68.109 3 14 5388 16 4744 21 4109 
-12.7507  11.6055  56.6148 3 14 5393 16 4629 21 4080 
-12.8595  11.6274  56.8086 3 14 5394 16 4635 21 4084 
-12.181  11.511 55.0596 2 14 5401 16 4620 
-7.05997  16.5038  68.0873 3 14 5402 16 4765 21 4127 
-8.73554  16.1651  69.1635 2 14 5403 16 4776 
-12.1331  11.5206  54.9257 2 14 5404 16 4624 
-12.8373   11.677  56.7188 3 14 5406 16 4648 21 4094 
-8.78468  12.2152  52.0863 2 14 5416 16 4616 
-8.68577  16.3043  69.0195 2 14 5430 16 4795 
-8.5816 16.3314 68.9417 3 14 5435 16 4796 21 4157 
-12.1554  11.6826  54.9537 2 14 5441 16 4660 
-8.25379  12.4939   51.406 3 14 5465 16 1820 21 4138 
-8.43835  12.4847  51.5593 3 14 5467 16 4663 21 4142 
-12.2536  11.8367  54.9913 2 14 5477 16 4690 
-8.58693  12.4985  51.6724 2 14 5480 16 4674 
-8.03347  16.6468  68.4041 3 14 5481 16 4827 21 4206 
-8.17962  16.6753  68.4266 2 14 5494 16 4839 
-12.3275  11.9119  55.0353 2 14 5502 16 4713 
-9.77066  12.3576  52.5965 3 14 5504 16 4692 21 4166 
-12.1014  11.9631   54.727 2 14 5508 16 4718 
-9.31645  12.4682   52.193 3 14 5512 16 4693 21 4171 
-9.23073  12.4886  52.0923 3 14 5513 16 4699 21 4177 
-8.57104    12.64   51.629 3 14 5515 16 4695 21 4173 
-8.67661  12.6456  51.7533 2 14 5519 16 4703 
-9.6618 12.4279 52.4864 3 14 5520 16 4705 21 4183 
-12.201 11.9933  54.815 2 14 5522 16 4731 
-8.89013  12.6412  51.8183 3 14 5528 16 4714 21 4197 
-8.56016  12.7096  51.5008 3 14 5532 16 4715 21 4198 
-12.4255  12.0514   55.147 3 14 5539 16 4745 21 4215 
-12.2742  12.0659  54.8475 2 14 5546 16 4746 
-9.88859  12.4813  52.5802 3 14 5547 16 1871 21 1709 
-9.01145  12.8049  51.8797 2 14 5579 16 4751 
-12.1236  12.2385  54.5989 2 14 5583 16 4777 
-12.9881  12.3582  56.5149 2 14 5585 16 4793 
-12.2051  12.2862  54.6791 3 14 5595 16 4788 21 4265 
-12.2497   12.372  54.6772 2 14 5611 16 4802 
-11.3182  12.5464  53.7938 3 14 5612 16 1920 21 1740 
-12.4564  12.4007  55.0067 2 14 5620 16 4806 
-12.8737  12.4334  55.8245 2 14 5623 16 4817 
-12.5863  12.4471   55.208 2 14 5629 16 4819 
-12.7009  12.5341  55.2461 2 14 5641 16 4843 
-12.6831  12.5772  55.2171 2 14 5650 16 4845 
-12.6141   12.601  55.0993 3 14 5651 16 4848 21 4317 
-12.5328  12.6173  54.9797 2 14 5652 16 4849 
-12.434 12.6636 54.8846 3 14 5655 16 4862 21 4322 
-8.82098  13.4584  51.4317 3 14 5674 16 4855 21 4333 
-12.1134  12.7982  54.2852 3 14 5675 16 4880 21 4342 
-11.8301  12.8528  54.0317 2 14 5679 16 4876 
-12.0365  12.9604  54.2103 2 14 5702 16 4903 
-8.72852  13.6699   51.251 3 14 5707 16 4893 21 4360 
-12.2185  13.0958  54.2481 2 14 5730 16 4931 
-9.53596  13.6575  51.9312 3 14 5731 16 4914 21 4378 
-12.5635  13.7722  54.4603 2 14 5806 16 5011 
-12.5541  13.8114   54.357 2 14 5813 16 5018 
-12.5396  13.8719  54.4282 2 14 5820 16 5025 
-10.3056  14.3558  52.1764 3 14 5830 16 5017 21 4460 
-12.6605  13.9713  54.5795 2 14 5837 16 5041 
-12.5424  13.9765  54.3225 3 14 5839 16 5042 21 4469 
-12.578  14.012 54.4139 3 14 5841 16 5049 21 4470 
-12.4428  14.0275  54.1051 2 14 5844 16 5050 
-12.463 14.0623 54.2449 3 14 5847 16 5053 21 4477 
-12.2326   14.095  53.9139 3 14 5849 16 5052 21 4479 
-12.3814  14.0925  54.0349 2 14 5852 16 5055 
-11.9062  14.2209  53.5176 2 14 5859 16 5059 
-12.7791  14.1571  54.6697 2 14 5862 16 5076 
-12.8211  14.1736  54.7509 3 14 5867 16 5079 21 4495 
-12.3412  14.2513  53.9342 2 14 5878 16 5083 
-12.2071  14.2918  53.7557 3 14 5885 16 5088 21 4510 
-11.0316  14.8205  52.6761 2 14 5921 16 2182 
-13.3477  14.6256   55.501 2 14 5937 16 5140 
-13.1981  14.6559  55.2739 3 14 5939 16 5142 21 4556 
-13.2076  14.7027  55.2386 2 14 5947 16 5147 
-13.2145  14.6681  55.0861 2 14 5948 16 5148 
-13.3947   14.756  55.5346 2 14 5952 16 5159 
-11.2357  15.0079  52.7019 2 14 5953 16 5139 
-11.3879  15.0903  52.8161 2 14 5966 16 5154 
-8.91504  15.7267  50.6486 2 14 5972 16 2202 
-8.57727  15.9404  50.4515 2 14 5984 16 5157 
-8.48482  16.1708  50.4451 2 14 6003 16 5175 
-10.8169  15.8228  52.0918 2 14 6026 16 5204 
-11.7218  15.7077  52.9678 2 14 6038 16 2241 
-12.0814  15.6674  53.2774 3 14 6043 16 2247 21 4623 
-12.2831  15.6513  53.4313 2 14 6051 16 5225 
-12.3544  15.7146  53.4566 3 14 6062 16 5231 21 4635 
-12.077 15.7737 53.1803 2 14 6063 16 5228 
-12.423  15.768 53.4932 3 14 6074 16 5243 21 4645 
-13.4378  15.7519  55.1987 3 14 6075 16 2264 21 4650 
-12.2354  15.8408  53.2493 2 14 6077 16 5246 
-12.4011  15.8366  53.4186 3 14 6082 16 5253 21 4651 
-12.5191  15.9479  53.5375 2 14 6101 16 5263 
-12.5425   16.022  53.5946 2 14 6109 16 5268 
-12.6566  16.0486  53.7316 3 14 6113 16 5271 21 4671 
-13.4283  16.0316   54.858 2 14 6118 16 5282 
-13.1365  15.9845  54.1606 3 14 6119 16 5278 21 4674 
-12.6641  16.0834   53.651 2 14 6121 16 5276 
-13.5525  16.1261  55.0666 2 14 6130 16 5299 
-13.4501  16.0859  54.7088 2 14 6131 16 5294 
-12.6839  16.1746  53.6432 2 14 6135 16 5284 
-13.2361  16.1478  54.4553 2 14 6139 16 5297 
-13.3695  16.1357  54.5764 2 14 6142 16 5300 
-13.4225  16.1965  54.6679 3 14 6147 16 5309 21 4691 
-13.3417  16.2282  54.4525 2 14 6151 16 5314 
-10.572 16.9329 51.8147 2 14 6157 16 5301 
-13.4467  16.4083  54.8838 3 14 6166 16 5328 21 4703 
-13.4396  16.3603  54.6786 2 14 6167 16 5327 
-13.4575  16.4054  54.7648 2 14 6173 16 5330 
-10.7457  17.2323  51.9085 2 14 6197 16 2316 
-12.1606  17.3972  53.1024 3 14 6244 16 5384 21 4757 
-10.8605  17.8081  51.8784 2 14 6252 16 5385 
-10.6274     17.9  51.7282 2 14 6257 16 5386 
-10.8626  17.9572  51.8752 2 14 6272 16 5395 
-11.2367  18.0222  52.2005 2 14 6290 16 5420 
-11.0072  18.0921  52.0036 2 14 6291 16 5421 
-10.5493   18.206  51.5553 2 14 6292 16 5413 
-10.8967  18.1612  51.9267 2 14 6295 16 5424 
-10.9986  18.1941  52.0848 2 14 6299 16 5430 
-10.4459  18.3521  51.4615 2 14 6304 16 5431 
-10.7711  18.3382  51.7725 3 14 6314 16 5443 21 4811 
 -1.6516 -7.55884  62.1062 2 14 6391 16 5516 
-7.62555 -6.31207  67.5258 3 14 6445 16 5551 21 4929 
-8.66828 -5.64044  67.9291 2 14 6484 16 5599 
-8.51777 -5.65005  67.8289 3 14 6485 16 5600 21 4956 
-8.24212  -5.5112  68.3918 2 14 6490 16 5605 
-8.64919 -5.51897  67.9125 3 14 6494 16 5611 21 4966 
-8.72044  -5.4057   67.827 2 14 6505 16 5619 
-8.58522 -5.54779  66.3181 3 14 6512 16 5624 21 4980 
 -8.4146 -5.26298   68.359 3 14 6514 16 5627 21 4982 
-8.80041 -5.15807  67.6789 3 14 6534 16 5645 21 4996 
-8.55995 -4.92759  68.3225 3 14 6549 16 5664 21 5009 
-8.48891 -4.88696  68.1662 3 14 6550 16 5667 21 5012 
-8.59167 -5.20596   65.007 3 14 6556 16 5673 21 5015 
-8.74348 -5.13993  65.2268 3 14 6559 16 5677 21 5019 
-8.68813 -5.11058  65.0809 3 14 6566 16 5680 21 5024 
-8.24102 -4.56257   68.678 3 14 6581 16 5702 21 5042 
-8.55208  -5.0451  64.6946 2 14 6582 16 5698 
-8.16542 -4.42495  68.6088 3 14 6608 16 5730 21 5067 
-9.39745 -4.71028  66.3234 2 14 6614 16 5728 
-9.38924 -4.64769   65.383 2 14 6642 16 5750 
-8.14765 -3.98082  70.2477 3 14 6649 16 5774 21 5101 
-9.31352 -4.58514  65.4862 3 14 6650 16 5758 21 5095 
-9.55454 -4.39921   65.647 3 14 6679 16 5797 21 5128 
 -9.3509 -4.39954  65.4608 3 14 6682 16 5798 21 5131 
-8.12992 -3.76651  69.6306 2 14 6697 16 5820 
-8.22716 -3.67863  69.8726 3 14 6706 16 5830 21 5153 
-8.68819 -4.48827  63.1899 2 14 6709 16 5824 
-2.28509 -4.31554  58.0289 2 14 6767 16 5883 
-4.22985 -4.13713  58.9595 2 14 6780 16 5897 
-9.70328 -3.77051  63.9163 3 14 6781 16 5891 21 5221 
-3.16608 -4.16135  58.1401 3 14 6783 16 5901 21 5219 
-6.15523 -4.06611  59.7692 2 14 6788 16 5900 
-4.85722 -4.03609  58.9806 2 14 6798 16 5911 
-6.28285 -3.96954  59.8619 2 14 6801 16 5914 
-6.07585 -3.92928  59.5769 2 14 6810 16 5920 
-4.84515 -3.92362  58.9499 2 14 6814 16 5924 
-6.38042 -3.88117  59.7654 2 14 6817 16 5923 
-5.3688 -3.8183 58.8606 2 14 6830 16 5943 
 -9.9337 -3.46935  63.4882 3 14 6834 16 5938 21 5265 
-9.87898 -3.46389    63.09 2 14 6838 16 5946 
-6.13768  -3.7312  59.3618 2 14 6840 16 5949 
-9.86333 -3.43929  63.2321 3 14 6846 16 5945 21 5278 
-5.47539 -3.69363  58.9611 3 14 6851 16 5954 21 5281 
-9.92691 -3.30174  63.0639 3 14 6868 16 5964 21 5298 
-9.68552 -3.14656  62.4646 2 14 6889 16 5981 
-8.74232 -3.17444  60.6466 2 14 6894 16 5989 
-9.79463 -2.95781   62.362 2 14 6898 16 5991 
 -9.8719 -2.91713  62.4607 3 14 6900 16 5992 21 5325 
 -8.8253 -3.03955  60.6778 2 14 6901 16 5995 
-8.77902 -2.90108   60.454 2 14 6920 16 6005 
-9.92149 -2.67486  62.2681 2 14 6928 16 6011 
-9.92285 -2.51721  62.1043 3 14 6939 16 6018 21 5344 
-9.91152  -2.3607  61.8708 3 14 6948 16 6024 21 5349 
 -10.075 -2.21362   62.049 3 14 6957 16 6029 21 5355 
-9.92542 -2.14748  61.8795 2 14 6962 16 6032 
-10.0615 -2.02785  61.8228 3 14 6971 16 6044 21 5364 
-10.1662 -1.94059  62.0524 3 14 6979 16 13627 21 12343 
-10.1513 -1.92045  61.9274 3 14 6982 16 6051 21 5368 
-9.54456 -1.91234  60.8263 2 14 6989 16 6056 
-10.2122 -1.77472  61.9602 3 14 6992 16 6059 21 5376 
  -10.464 -0.527703   61.0979 2 14 7067 16 6118 
 -10.4882 -0.356709   61.0089 3 14 7088 16 6135 21 5431 
 -10.4186 -0.332096   60.8359 2 14 7094 16 6140 
 -10.1639 -0.331059   59.9356 2 14 7102 16 6148 
  -10.153 -0.186729   59.9666 2 14 7115 16 6155 
  -5.11837 -0.0130323    54.8348 3 14 7139 16 6169 21 5458 
     -9.0137 -0.000387485       57.598 2 14 7148 16 6173 
-9.04977 0.241061  57.4666 2 14 7166 16 6184 
-9.14311 0.499555  57.5404 2 14 7191 16 6199 
-4.81997 0.648687  54.2991 3 14 7195 16 6205 21 5484 
-4.76977 0.771735   54.269 2 14 7206 16 6212 
-4.95848 0.814859  54.4327 3 14 7210 16 6216 21 5493 
-8.76842 0.610296  56.6142 2 14 7211 16 6215 
-8.98295 0.691696  56.7492 3 14 7221 16 6221 21 5498 
-10.0793 0.946641  58.4575 2 14 7243 16 6244 
-10.0592  1.01938  58.2248 3 14 7261 16 6256 21 5523 
-9.86606  1.05869   58.192 3 14 7264 16 6260 21 5526 
-4.90235  1.23306  54.1585 2 14 7274 16 6269 
-10.5585  1.53225  60.9578 3 14 7283 16 6289 21 5544 
-9.91687    1.179  58.1067 2 14 7285 16 6281 
-8.84689  1.09247  56.3939 3 14 7287 16 6282 21 5539 
-10.8275  1.92606  60.9589 3 14 7325 16 6328 21 5575 
-4.78199  1.95749  53.8113 3 14 7334 16 6336 21 5580 
-11.0066  2.27593  60.8866 3 14 7345 16 6352 21 5590 
-9.95508  1.98962  57.9149 3 14 7346 16 6350 21 5591 
-9.86694  2.05548  57.7578 3 14 7355 16 6357 21 5596 
-11.0361  2.36564  60.8019 3 14 7357 16 6361 21 5599 
-9.88376  2.20627  57.6501 2 14 7369 16 6368 
-11.0902  2.48886  58.9055 3 14 7404 16 6396 21 5626 
-10.0364  2.55015  57.5059 3 14 7415 16 6401 21 5631 
-11.1371  2.61728  58.9018 3 14 7420 16 6407 21 5635 
-4.69214  3.08484  53.2785 3 14 7441 16 6422 21 5646 
-10.1074  2.81279  57.4789 2 14 7446 16 6431 
-11.2832  2.87188  59.0256 3 14 7447 16 6438 21 5656 
-9.89715  2.88507   56.788 2 14 7465 16 6447 
-10.1736  3.05793  57.0712 3 14 7494 16 6473 21 5690 
-5.19847  3.56856  53.4696 3 14 7514 16 6490 21 5704 
-11.226 3.31846 58.7119 2 14 7521 16 6504 
-11.0331  3.39784  58.5313 2 14 7530 16 6511 
-11.2459  3.54751  58.7154 3 14 7547 16 6527 21 5732 
-11.3063  3.58622  58.8129 3 14 7552 16 6530 21 5733 
-7.75116  3.68273  54.6581 3 14 7558 16 6533 21 5740 
-11.248 3.68058 58.7379 2 14 7560 16 6538 
-9.99885  3.61607  56.4741 2 14 7566 16 6540 
-6.16151  3.99579  53.6736 3 14 7574 16 6549 21 5751 
-8.14027  3.90883  54.7707 3 14 7584 16 6561 21 5762 
-10.2536  4.30479  56.5777 3 14 7645 16 6614 21 5817 
-11.1344  4.37816  57.8405 2 14 7647 16 6622 
-10.3426  4.60196  56.4974 3 14 7676 16 6646 21 5848 
-11.7512  5.89529  58.2088 3 14 7822 16 6776 21 5988 
-11.7521  5.95859  57.9632 3 14 7834 16 6788 21 6004 
-11.7826  5.98789  58.0809 3 14 7836 16 6791 21 6007 
-11.7693  6.47798  58.3448 3 14 7882 16 6835 21 6055 
-11.5443  7.03203  56.7965 3 14 7945 16 6889 21 6114 
-11.8737  7.42413    57.11 3 14 7985 16 6924 21 6153 
-11.5998  7.40611  56.6599 3 14 7986 16 6922 21 6151 
-11.9931  7.47138  57.3381 3 14 7993 16 6928 21 6156 
-11.7458  7.45853  56.8181 3 14 7995 16 6929 21 6158 
-11.9312  7.52855  57.0857 2 14 8001 16 6937 
-11.9891  7.55821   57.206 3 14 8003 16 6940 21 6168 
-11.9038  7.60333  56.9594 3 14 8011 16 6945 21 6174 
-11.991 7.71144  57.084 2 14 8021 16 6959 
-12.039 7.90703  57.118 2 14 8038 16 6989 
-11.9841  7.89451  57.0038 3 14 8039 16 6988 21 6202 
-12.0686  8.00614   57.078 2 14 8054 16 7004 
-11.9991  8.01414  56.9478 3 14 8056 16 7006 21 6220 
-12.0096  8.08622  56.9014 3 14 8066 16 7019 21 6233 
-11.9988  8.19734  56.8412 3 14 8088 16 7036 21 6254 
-12.1423  8.22222  57.0475 2 14 8091 16 7039 
-11.9463  8.20778  56.7145 3 14 8095 16 7037 21 6258 
-11.9041  8.26832  56.6199 2 14 8102 16 7049 
-12.1797  8.34725   57.107 3 14 8106 16 7057 21 6278 
-12.1487  8.32336  56.9592 3 14 8107 16 7058 21 6275 
-12.0832  8.31608  56.8537 2 14 8108 16 7054 
-12.0338  8.31517  56.7293 2 14 8111 16 7055 
-11.8278  8.35686  56.3598 3 14 8117 16 7067 21 6284 
-11.6338  8.56105  55.8891 2 14 8146 16 7094 
 2.5471 14.8801 65.1732 3 14 8149 16 7131 21 6323 
-6.98416  9.37266  51.8718 3 14 8166 16 7098 21 6322 
-9.14221  9.36174  53.2061 2 14 8200 16 7129 
-12.4302  9.66542  57.4846 2 14 8217 16 7164 
-11.8775  9.98786  55.5834 3 14 8254 16 7188 21 6399 
-12.1075  10.1643  55.7721 3 14 8273 16 7210 21 6421 
-8.14336  10.8234  52.1097 3 14 8279 16 7204 21 6425 
-8.32151  10.8114  52.1152 2 14 8285 16 7209 
-12.2872   10.374  55.7969 2 14 8321 16 7246 
-8.68362  10.9316  52.3938 3 14 8328 16 7235 21 6469 
-11.4581  10.4907  54.7303 2 14 8331 16 7254 
-12.4413  10.4521  56.0779 3 14 8332 16 7265 21 6484 
-12.3067  10.4571  55.9023 2 14 8333 16 7260 
-11.6299  10.5413  55.0533 2 14 8338 16 7261 
-12.6257  10.5649  56.6172 3 14 8346 16 7284 21 6497 
2.48599 17.4903 63.9954 3 14 8349 16 7340 21 6512 
-11.7906  10.6002  55.1895 2 14 8354 17 11726 
-11.6472  10.6752  54.9636 3 14 8375 16 7290 17 11741 
-12.3713  10.6602  55.9208 2 14 8384 16 7300 
 2.3824 17.6864 64.0075 3 14 8389 16 7365 21 6541 
-12.4307   10.746   56.235 2 14 8390 16 7305 
-11.6028  10.7315  54.8336 2 14 8391 16 7297 
-12.5877    10.74  56.4196 3 14 8398 16 7309 21 6529 
-12.4673  10.7194  56.0925 2 14 8399 16 7307 
2.53643 17.7689 63.8452 2 14 8402 16 7370 
-12.6863  10.8283  56.7281 3 14 8407 16 7318 21 6540 
-12.6012  10.8287  56.5479 2 14 8411 16 7319 
-12.6138  10.7815  56.3045 2 14 8414 16 7314 
-5.99882  15.9238  68.0902 3 14 8423 16 7412 21 6569 
-12.6862  10.9138   56.637 3 14 8426 16 7329 21 6552 
-12.0577  10.8734  55.2824 2 14 8430 16 7326 
-11.853 10.9174 55.0522 2 14 8431 16 7327 
-6.25665  15.9705  68.2199 3 14 8436 16 7434 21 6582 
-8.25495  11.6154  51.7529 3 14 8447 16 7328 21 6562 
-12.6431  11.1059  56.7136 3 14 8449 16 7353 21 6571 
2.63722 18.1308 63.5288 3 14 8451 16 7414 21 6586 
-11.3116  11.1277  54.5074 3 14 8453 16 7343 21 6570 
-11.7659  11.0829  54.8066 2 14 8461 16 7351 
-11.7987  11.1392  54.9441 2 14 8467 16 7356 
-11.6359  11.2163  54.6437 3 14 8480 16 7366 21 6598 
-11.8077  11.2255  54.8394 2 14 8486 16 7371 
2.80962 18.4032  63.025 3 14 8489 16 7466 21 6619 
-8.23886  11.8848  51.6958 3 14 8494 16 7360 21 6600 
-11.7037   11.305  54.7335 2 14 8500 16 7378 
-11.8889  11.3305  54.8995 3 14 8511 16 7387 21 6620 
-12.7875  11.4344  56.7941 3 14 8513 16 7405 21 6632 
-12.0829  11.3224  55.0303 3 14 8516 16 7398 21 6626 
-12.7281  11.4473  56.5208 2 14 8520 16 7410 
-8.7808 11.8911  51.805 2 14 8530 16 7382 
-8.68397  16.0644  69.2152 2 14 8537 16 7563 
-12.7503  11.6187   56.609 3 14 8553 16 7450 21 6673 
-12.1584  11.5247  55.0765 2 14 8558 16 7438 
-8.74093  16.1675  69.1693 2 14 8563 16 7578 
-12.8218  11.6831  56.7072 3 14 8571 16 7463 21 6690 
-9.01024  12.1972  52.3036 2 14 8587 16 7441 
-9.15311  12.2889  52.3993 3 14 8615 16 7461 21 6719 
-8.40965  12.4744  51.5676 3 14 8626 16 7473 21 6730 
-9.56276  12.2731  52.4914 3 14 8631 16 7484 21 6738 
-9.50872  12.2662  52.3026 3 14 8634 16 7485 21 6739 
-12.2379  11.8339  54.9988 2 14 8636 16 7499 
-8.59327  12.5016  51.6867 3 14 8639 16 7487 21 6740 
-12.4189  11.8537  55.2566 3 14 8642 16 7508 21 6750 
-12.1939  11.8938  54.8558 2 14 8649 16 7516 
-9.78411  12.3316  52.6133 3 14 8653 16 7501 21 6754 
-12.3271  11.9217  55.0291 2 14 8656 16 7522 
-12.3469  11.9714   55.153 2 14 8664 16 7528 
-9.23597  12.4858  52.0861 3 14 8665 16 7509 21 6765 
-9.57428  12.4812  52.3351 3 14 8675 16 7524 21 6778 
-8.85018  12.6592  51.8297 3 14 8676 16 7520 21 6780 
-12.4343  12.0523  55.1367 2 14 8682 16 7552 
-12.9339  12.1865  56.3655 2 14 8695 16 7571 
-9.63501  12.5894  52.3419 3 14 8704 16 7550 21 6806 
-9.23777    12.68  52.0111 3 14 8707 16 7546 21 6807 
-12.2802  12.1511   54.832 2 14 8709 16 7572 
-8.77556  12.7991  51.6252 3 14 8711 16 7551 21 6812 
-12.9817  12.3569    56.51 2 14 8723 16 7592 
-7.97682  13.0823  51.0745 3 14 8726 16 4763 21 6826 
-12.8954  12.3986  56.2003 2 14 8738 16 7600 
-12.9254  12.3617  55.9288 2 14 8745 16 7604 
-12.3703  12.3567  54.9373 3 14 8746 16 7598 21 6853 
-8.67997  17.1683  68.7142 3 14 8750 16 7717 21 6880 
-8.26728  13.1458  51.1918 3 14 8752 16 4783 21 6846 
-7.76599   13.289  50.9817 3 14 8755 16 4778 21 6845 
-12.2354  12.3801   54.674 2 14 8758 16 7601 
-12.4636  12.3922  55.0085 3 14 8763 16 7606 21 6860 
-12.6297  12.6028  55.0955 3 14 8787 16 7648 21 6893 
-12.4358  12.6765  54.8928 3 14 8793 16 7657 21 6899 
-8.67958  13.4104  51.3964 5 8 11219 9 11507 14 8796 16 7634 21 6898 
-8.79067  13.4867  51.4271 3 14 8813 16 7655 21 6910 
 -12.38 12.7887 54.6644 2 14 8814 16 7676 
-13.0459  13.0212  56.0909 2 14 8839 16 7707 
-9.42449  13.6325  51.8507 3 14 8855 16 7697 21 6941 
-12.2032  13.1007  54.2485 3 14 8859 16 7721 21 6955 
-12.2579  13.3967  54.1841 2 14 8896 16 7753 
-12.479 13.5343 54.4205 3 14 8911 16 7773 21 6991 
-12.5375  13.7694  54.4669 3 14 8933 16 7799 21 7015 
-12.4583  13.8469  54.2252 3 14 8940 16 7805 21 7023 
-12.5887  13.8498  54.4013 2 14 8943 16 7808 
-12.533 13.9776 54.3263 2 14 8958 16 7819 
-12.5993  14.0169   54.413 3 14 8963 16 7826 21 7042 
-10.1766   14.514  52.0852 4 14 8964 16 7814 17 12511 21 7041 
-12.4227  14.0343  54.1056 2 14 8965 16 7824 
-12.5053  14.0533  54.2258 3 14 8967 16 7829 21 7045 
-11.1061  14.4351  52.8696 2 14 8977 16 7834 
-12.8245  14.1698  54.7636 2 14 8979 16 7852 
-12.2209  14.2192  53.8613 3 14 8982 16 7845 21 7058 
-12.7299  14.2187  54.5557 2 14 8988 16 7856 
-11.955 14.3129 53.5869 4 6 1588 14 8989 16 7848 21 7065 
-12.3126  14.2635  53.9495 3 14 8991 16 7853 21 7070 
-12.8262  14.3143  54.8074 2 14 9005 16 7863 
-12.9884  14.5534  54.9207 2 14 9036 16 7884 
-11.1741    14.88  52.7221 3 14 9043 16 7881 21 7104 
-13.3498  14.6123  55.4942 3 14 9045 16 7894 21 7108 
-13.1952  14.6691  55.2649 3 14 9046 16 7897 21 7110 
-11.311 14.9867 52.8343 2 14 9055 16 7891 
-11.0375  15.0563  52.4833 3 14 9058 16 7893 21 7114 
-11.1611   15.074  52.5964 3 14 9063 16 7895 21 7116 
-13.3873  14.7954  55.4358 3 14 9065 16 7916 21 7123 
-11.2983  15.1374  52.6968 2 14 9073 16 7906 
-12.5213  15.1463  53.8286 2 14 9097 16 7933 
-12.2708  15.6458  53.4398 3 14 9126 16 7958 21 7157 
-12.0763  15.7926  53.1793 3 14 9138 16 7961 21 7162 
-12.2328   15.785  53.3411 3 14 9142 16 7965 21 7165 
-12.4973   15.903  53.4939 2 14 9157 16 7980 
-12.7074  15.8956  53.7792 3 14 9159 16 7981 21 7177 
-12.5507  16.0372  53.6151 2 14 9167 16 7988 
-12.9834  16.0124  54.1013 3 14 9170 16 7992 21 7185 
-13.0346  16.0225  54.1702 2 14 9171 16 7993 
-13.4359  16.0184  54.8504 3 14 9174 16 7994 21 7187 
-12.7259  16.1428  53.7562 2 14 9177 16 7995 
-13.557 16.1199 55.0643 3 14 9179 16 8011 21 7194 
-13.4432  16.0831  54.7077 2 14 9180 16 8006 
-12.9327  16.1396  53.9592 2 14 9182 16 8001 
-12.6329  16.2109   53.657 3 14 9183 16 8002 21 7193 
-13.3676  16.1191   54.581 2 14 9187 16 8009 
-13.2702  16.1374  54.4497 3 14 9188 16 8010 21 7196 
-13.4285  16.2252  54.9645 3 14 9189 16 8012 21 7200 
-13.4203  16.2066  54.6756 2 14 9191 16 8016 
-13.1629  16.2238    54.24 2 14 9192 16 8013 
-13.3643  16.2355  54.4453 2 14 9196 16 8022 
-13.3939  16.2782  54.5158 2 14 9199 16 8025 
-13.4615  16.4058  54.8796 3 14 9205 16 8030 21 7214 
-12.6208   16.501  53.5905 2 14 9208 16 8027 
-13.4486  16.4069  54.7542 3 14 9210 16 8033 21 7216 
-13.5156  16.5527  54.8734 3 14 9223 16 8045 21 7225 
-12.649 16.7854 53.6244 2 14 9230 16 8046 
-11.2129  17.4045  52.2645 3 14 9241 16 8052 21 7235 
-12.7287  17.2015  53.6372 2 14 9251 16 8068 
-12.1953  17.3685  53.0918 2 14 9255 16 8069 
-10.6514   17.907  51.7434 2 14 9265 16 8071 
-10.9343   18.009  51.9407 3 14 9279 16 8082 21 7265 
-10.8075  18.0864  51.7414 3 14 9288 16 8085 21 7273 
-10.5441  18.1951  51.5621 3 14 9291 16 8086 21 7274 
-10.8443  18.2665  51.9449 2 14 9305 16 8096 
-10.6897  18.2818  51.6739 3 14 9306 16 8097 21 7286 
-11.2155  18.1561   52.197 2 14 9307 16 8100 
-10.4553   18.378  51.5602 2 14 9308 16 8098 
-8.28429 -5.81829  66.3952 2 14 9425 16 8212 
-8.43555 -5.53583  66.2754 2 14 9435 16 8225 
-8.77592 -5.31173  68.1229 3 14 9436 16 8224 21 7397 
-8.15117 -5.16597   68.797 3 14 9439 16 8229 21 7399 
-8.72404 -5.26652     67.9 3 14 9441 16 8230 21 7400 
-8.74547 -5.35175  66.8471 2 14 9446 16 8231 
-8.6423 -5.0928 68.3133 3 14 9448 16 8238 21 7403 
-8.31357  -4.9586  68.7897 3 14 9450 16 8246 21 7406 
-8.68178 -5.06197  67.9209 3 14 9453 16 8243 21 7407 
-8.97132 -5.19567  66.6494 3 14 9454 16 8244 21 7408 
-6.22613 -5.53501  63.0673 3 14 9456 16 8249 21 7409 
-8.76159 -5.01972   67.321 3 14 9457 16 8250 21 7413 
-9.08031 -5.09372  66.7929 3 14 9458 16 8251 21 7411 
-8.89347 -4.94935  67.6394 3 14 9461 16 8253 21 7414 
-9.10694 -5.02108  66.9776 3 14 9462 16 8254 21 7416 
-8.58252 -5.24051  64.9838 2 14 9463 16 8255 
-8.99879  -4.9386  66.6683 3 14 9469 16 8261 21 7420 
-8.36029 -5.14701  64.6561 2 14 9471 16 8263 
 -8.8135 -4.96247  64.9734 2 14 9481 16 8275 
-7.99148 -4.32131  69.4934 3 14 9493 16 8284 21 7442 
-8.07278  -4.0265  70.2766 3 14 9516 16 8307 21 7456 
-9.36125 -4.63478  65.4487 3 14 9517 16 8298 21 7457 
-9.39411 -4.56367  65.6666 3 14 9523 16 8302 21 7462 
-8.07554 -3.82418  70.6787 3 14 9529 16 8321 21 7470 
 -8.3309 -3.87021  69.8594 3 14 9535 16 8330 21 7474 
-8.11618 -3.85042  69.6489 3 14 9539 16 8337 21 7476 
-8.20837 -3.64363  69.8944 3 14 9556 16 8348 21 7492 
-9.72509 -3.94992  64.1546 2 14 9590 16 8372 
-9.70485 -3.81514  63.8845 3 14 9603 16 8383 21 7536 
-6.12247 -4.11787  59.9368 2 14 9604 16 8386 
-6.04269 -4.14572  59.7573 2 14 9605 16 8387 
-6.24145 -3.98445  59.9097 2 14 9617 16 8399 
-9.80552 -3.64075  64.0113 3 14 9619 16 8398 21 7550 
-5.65173 -3.87994  59.3357 3 14 9629 16 8407 21 7558 
-5.81432 -3.80668  59.0796 2 14 9638 16 8416 
-9.83652 -3.35009  64.0925 2 14 9642 16 8418 
-9.73833 -3.42941  63.2413 3 14 9644 16 8422 21 7572 
-6.40749 -3.65585  59.6444 2 14 9649 16 8429 
-5.47759 -3.67344  58.9892 3 14 9651 16 8431 21 7576 
-4.69133 -3.67791  58.5946 3 14 9652 16 8432 21 7577 
-9.88967 -3.25994  63.0687 2 14 9664 16 8438 
-9.80484 -3.12337  63.8688 3 14 9669 16 8442 21 7600 
-10.0115 -2.90956  63.8023 3 14 9680 16 8454 21 7608 
-8.72655 -3.17811   60.619 2 14 9682 16 8456 
-8.75905 -3.04753  60.5425 2 14 9687 16 8459 
-8.61728 -2.71274  59.8818 2 14 9702 16 8468 
-9.95187 -2.49208  62.1268 3 14 9703 16 8470 21 7621 
-10.1003 -2.21208  62.0765 3 14 9711 16 8477 21 7626 
-10.0102 -2.17615  61.8903 2 14 9715 16 8479 
-8.86316 -2.30133  59.7688 2 14 9717 16 8482 
-8.73956  -2.3034  59.5656 2 14 9719 16 8483 
-10.2041 -2.01113  62.2031 3 14 9721 16 8486 21 7633 
-9.00569 -2.17669  59.9532 3 14 9722 16 8487 21 7634 
-10.1582 -1.95275  61.9587 3 14 9726 16 8490 21 7636 
-9.58566 -1.89891  60.7703 2 14 9732 16 8493 
 -10.4388 -0.542404   61.2457 3 14 9771 16 8522 21 7663 
 -10.1072 -0.380677   61.8318 3 14 9776 16 8526 21 7664 
 -10.4743 -0.315935   60.8636 2 14 9790 16 8537 
-10.1771 -0.15182  59.9976 2 14 9801 16 8547 
 -9.04274 0.0623965   57.6342 2 14 9810 16 8554 
-5.30695 0.398596  55.0805 3 14 9817 16 8558 21 7684 
-9.0946 0.27867 57.5679 2 14 9818 16 8559 
 -4.8407 0.660988  54.4679 3 14 9828 16 8567 21 7690 
-10.6194 0.740388  60.0919 2 14 9831 16 8569 
-4.79388 0.706186  54.2827 3 14 9835 16 8571 21 7693 
-10.6377 0.912343  60.0193 2 14 9840 16 8577 
 -8.9885 0.716448  56.9397 2 14 9843 16 8576 
-4.90547 0.914332  54.2468 3 14 9844 16 8580 21 7699 
-9.97314  1.00756  58.2009 3 14 9861 16 8595 21 7710 
-9.01007 0.947501  56.7611 2 14 9864 16 8596 
-9.77664   1.1713  57.9633 3 14 9874 16 8605 21 7715 
-10.0411  1.31463  58.0753 3 14 9890 16 8616 21 7723 
-10.2907  1.80704  58.2591 3 14 9906 16 8642 21 7737 
-10.1091  1.79181  58.0088 3 14 9907 16 8641 21 7738 
-10.9667  2.33815   60.666 3 14 9915 16 8652 21 7745 
-10.2175   2.0653   58.146 2 14 9916 16 8651 
-11.0434   2.2899  59.0911 2 14 9923 16 8660 
-10.0068  2.26921  57.8869 3 14 9924 16 8659 21 7749 
-9.94838  2.34229  57.6629 2 14 9929 16 8665 
-10.023 2.42946 57.7877 2 14 9933 16 8667 
-10.0923  2.82206  57.5161 2 14 9963 16 8696 
-4.89261  3.22923    53.47 3 14 9969 16 8702 21 7776 
-10.0603  2.90056  57.1617 3 14 9972 16 8704 21 7780 
-9.98311  2.93112  56.8526 3 14 9979 16 8709 21 7783 
-10.1867  3.05528  57.0605 3 14 9990 16 8721 21 7789 
-10.1112  3.19302  56.9485 3 14 9999 16 8733 21 7801 
-11.2669  3.27345  58.6971 3 14 10003 16 8739 21 7809 
-5.70626  3.54777  53.6546 3 14 10007 16 8736 21 7806 
-11.3589  3.44156  58.9118 3 14 10013 16 8748 21 7815 
-5.65595  3.71367  53.5832 2 14 10020 16 8155 
-11.2511  3.49511  58.7139 3 14 10023 16 8754 21 7819 
-5.53934  3.75665  53.4187 2 14 10025 16 8753 
-7.93863  3.64963  54.9045 3 14 10029 16 8760 21 7827 
-7.93786  3.78704  54.7222 3 14 10043 16 8768 21 7836 
-8.21538  3.92483  54.9299 3 14 10055 16 8776 21 7843 
-8.5096 3.94995 55.0788 3 14 10059 16 8782 21 7846 
-11.3084  4.17818  58.3749 3 14 10075 16 8805 21 7866 
-11.2055  4.16709  58.2569 3 14 10076 16 8802 21 7865 
-11.179 4.24533 57.9407 2 14 10088 16 8815 
-11.0189  4.37767  57.8112 3 14 10100 16 8825 21 7880 
-11.3558  4.62303  57.9884 2 14 10123 16 8851 
-10.6183  4.67683  56.7417 3 14 10140 16 8857 21 7908 
-11.8712  6.03916   58.282 3 14 10248 16 8956 21 8020 
-11.4948  6.32739  57.0988 2 14 10281 16 8982 
-11.3918  6.67849  56.7609 3 14 10293 16 8997 21 8062 
-11.183 6.75219  56.482 3 14 10297 16 8999 21 8066 
-11.4381  6.89711  56.7336 3 14 10306 16 9005 21 8076 
-11.5324  7.11073  56.6703 2 14 10322 16 9019 
-11.6084  7.21742  56.8651 3 14 10327 16 9027 21 8091 
-11.8526  7.39767  56.9565 3 14 10345 16 9044 21 8112 
-12.0049  7.46315  57.3239 2 14 10347 16 9046 
-11.7976  7.47093  56.8023 3 14 10353 16 9050 21 8119 
2.78834 13.4354 65.3226 3 14 10360 16 9096 21 8136 
-11.9984  7.60303   57.233 3 14 10361 16 9058 21 8131 
-11.8878  7.62651  56.9369 3 14 10365 16 9060 21 8135 
-11.9609  7.67782  57.1019 3 14 10369 16 9064 21 8139 
-9.29909  8.02175  53.8264 3 14 10384 16 9077 21 8153 
-11.9946  8.05253  56.8982 3 14 10395 16 9103 21 8170 
-9.32175  8.34344  53.7974 3 14 10404 16 9106 21 8178 
-12.0882  8.19439   57.009 3 14 10405 16 9119 21 8184 
-11.9613  8.20977  56.6311 3 14 10413 16 9120 21 8187 
-11.424 8.28687 55.9672 2 14 10417 16 9123 
2.68042 14.6663 65.0961 3 14 10434 16 9175 21 8212 
-11.5645  8.44008  55.9714 2 14 10436 16 9139 
-7.03114  9.06793  51.9363 2 14 10437 16 9137 
-8.55205  8.96485  53.0477 3 14 10446 16 9146 21 8217 
-8.95543  9.10572  53.2115 3 14 10460 16 9162 21 8236 
-12.3792  8.94736  57.3658 2 14 10461 16 9178 
-12.3414  9.00768  57.1589 2 14 10469 16 9183 
-9.53392  9.32765  53.6147 3 14 10476 16 9189 21 8255 
-12.4384  9.63872   57.479 2 14 10493 16 9215 
-12.503 10.0156 57.3544 2 14 10511 16 9233 
-11.663 9.91461 55.3475 3 14 10514 16 9230 21 8287 
-11.866 10.0618   55.44 3 14 10523 16 9241 21 8298 
-7.79778  10.9162  51.9305 2 14 10536 16 9246 
-11.7488  10.2923   55.343 2 14 10537 16 9258 
-12.1167  10.2868  55.7237 3 14 10543 16 9265 21 8316 
-9.05457   10.649  52.3949 2 14 10544 16 9249 
-12.2464  10.3199  55.8873 3 14 10546 16 9269 21 8324 
2.46633 17.4168 64.0405 3 14 10571 16 9336 21 8361 
-12.207 10.4482 55.6325 2 14 10573 16 9282 
-7.88151  11.1675  51.9109 3 14 10575 16 9275 21 8342 
-12.6323  10.5216  56.5803 2 14 10577 16 9295 
-11.7146  10.5199  55.0732 4 8 10825 9 11114 14 10578 16 9284 
-7.67099  11.2664   51.671 3 14 10585 16 9279 21 8351 
-12.2962  10.5364  55.8358 2 14 10588 16 9298 
2.60588 17.5762    63.8 3 14 10592 16 9346 21 8379 
-12.6513  10.6909  56.6529 3 14 10608 16 9309 21 8373 
-12.5916  10.7092  56.4068 2 14 10613 16 9312 
-12.5003  10.6923  56.2357 2 14 10614 16 9313 
-12.4294  10.6658  55.9447 2 14 10615 16 9314 
-11.6473  10.7192  54.9894 2 14 10616 16 9304 
-12.4526   10.722  56.0695 2 14 10618 16 9317 
-11.6261  10.7471  54.7936 2 14 10619 16 9315 
-12.6932  10.8377  56.7632 3 14 10625 16 9321 21 8385 
-12.634 10.8092 56.5264 3 14 10626 16 9322 21 8386 
2.68985 17.9087 63.8204 2 16 9365 21 8396 
-12.696 10.9808 56.9119 2 14 10633 16 9335 
-12.6609   10.889  56.4333 2 14 10634 16 9328 
-12.7425  10.9392  56.6298 2 14 10640 16 9338 
-11.6764  10.9358   54.862 2 14 10641 16 9329 
-7.86794  11.6282  51.5166 3 14 10645 16 9323 21 8398 
-12.6123  11.0752  56.7083 2 14 10646 16 9344 
2.43033 18.1608 64.1816 2 14 10649 16 9387 
2.54178  18.061 63.5662 3 14 10650 16 9388 21 8409 
-11.8161  11.1033  54.9717 3 14 10658 16 9347 21 8412 
-11.7224  11.1284  54.7945 3 14 10661 16 9348 21 8414 
 2.7775 18.2998 63.2754 3 14 10662 16 9411 21 8426 
-12.7333  11.2549  56.8115 3 14 10665 16 9359 21 8419 
-11.6261  11.1975  54.6362 3 14 10668 16 9354 21 8418 
2.77695 18.3691 63.0072 3 14 10672 16 9420 21 8439 
-11.9727  11.2264  54.9907 3 14 10679 16 9362 21 8430 
-8.26057  11.8842  51.7266 3 14 10682 16 9353 21 8423 
-12.7638  11.4046  56.8161 3 14 10685 16 9378 21 8440 
-11.6832  11.3449  54.7515 3 14 10689 16 9367 21 8434 
-11.9563  11.3312  54.8649 3 14 10694 16 9375 21 8444 
-12.7325  11.4778  56.6396 3 14 10700 16 9390 21 8459 
-12.0682  11.3842   55.028 3 14 10704 16 9382 21 8460 
 -11.58 11.4265 54.4089 3 14 10705 16 9379 21 8454 
 -12.84 11.5719 56.8293 2 14 10711 16 9404 
-6.99581  16.4979  68.1505 3 14 10717 16 9482 21 8509 
-11.6345  11.5741  54.5595 2 14 10719 16 9398 
-12.1119   11.545  54.8821 3 14 10731 16 9413 21 8491 
-11.5747  11.6172  54.3223 2 14 10732 16 9410 
-9.2411 12.0703 52.2968 2 16 9400 21 8489 
-8.78339  12.1844  52.0409 3 14 10739 16 9401 21 8490 
-7.04893  16.6334  67.9039 3 14 10751 16 9496 21 8528 
-12.2257  11.6844  55.1528 2 14 10756 16 9426 
-12.177 11.6787 54.9852 2 14 10757 16 9427 
-8.51689  12.3865  51.9521 3 14 10758 16 9416 21 8506 
-9.73299  12.1004  52.5783 3 14 10760 16 9418 21 8512 
-9.19979  12.1808  52.0236 3 14 10761 16 9417 21 8513 
-12.2865  11.7858  55.0116 3 8 10987 14 10773 16 9441 
-8.22544  16.6027  68.5546 3 14 10777 16 9516 21 8553 
-8.57776  12.5065  51.7198 3 14 10780 16 9436 21 8525 
-9.04556   12.463  51.9406 3 14 10787 16 9445 21 8539 
-8.62824  12.7123   51.634 3 14 10805 16 9456 21 8552 
-12.9251  12.2093  56.3587 2 14 10814 16 9485 
-9.32263  12.6286  51.9672 3 14 10816 16 9467 21 8565 
-8.84133  12.7736  51.7413 3 14 10821 16 9468 21 8566 
-12.3562  12.1673  54.8554 5 8 11063 9 11302 14 10827 16 9487 21 8575 
-12.2419  12.2154  54.6896 2 14 10833 16 9489 
-12.8936  12.3384  56.1573 2 14 10835 16 9498 
-9.39206   12.768  52.0884 3 14 10837 16 9484 21 8577 
-12.8493  12.4509  55.7911 2 14 10853 16 9509 
-12.5547  12.4611  55.0982 3 14 10861 16 9514 21 8600 
-12.3773  12.5197  54.8706 3 14 10864 16 9523 21 8604 
-12.3002    12.51  54.7022 3 8 11111 14 10865 16 9518 
-12.6359   12.613  55.0687 3 14 10876 16 9539 21 8621 
-12.4523  12.6959  54.9197 3 14 10883 16 9542 21 8624 
-12.1417  12.7861  54.2456 3 14 10892 16 9553 21 8632 
-13.1905  13.0699  56.1618 2 14 10919 16 9590 
-9.86232  13.5529  52.2824 3 14 10925 16 9573 21 8658 
-12.4967  13.6422  54.3845 2 14 10970 16 9623 
-10.5836  14.0621   52.618 2 14 10972 16 9617 
-10.3969  14.1062  52.4074 3 14 10974 16 9618 21 8703 
-10.1503  14.1681  52.0755 3 14 10976 16 9620 21 8705 
-10.588 14.2497 52.4247 2 14 10985 16 9631 
-10.849 14.3369  52.763 3 14 10995 16 9639 21 8718 
-12.624 14.0511 54.3976 3 14 10997 16 9647 21 8721 
-12.2346  14.1158  53.9157 3 14 10999 16 9645 21 8722 
-11.9097   14.194  53.6332 2 14 11000 16 9646 
-12.665 14.1151 54.5551 2 14 11002 16 9654 
-11.9135  14.2982  53.6329 3 14 11007 16 9656 21 8727 
-12.2502  14.3837  53.7981 3 14 11020 16 9665 21 8736 
-11.184 14.6284 52.7566 3 14 11021 16 9664 21 8737 
-11.2631  14.6704  52.9252 3 14 11024 16 9666 21 8739 
-13.3392  14.5745  55.4873 3 14 11031 16 9685 21 8752 
-13.0868  14.5916  55.0987 2 14 11032 16 9682 
-11.3623  14.8567  52.8641 4 4 21582 14 11035 16 9677 21 8751 
-13.4061  14.7295  55.5493 3 14 11039 16 9693 21 8757 
-13.1883  14.8349   55.324 2 14 11040 16 9695 
-13.3724  14.8392  55.4176 3 14 11047 16 9700 21 8763 
-10.8139  15.3878  52.3083 4 6 2333 14 11056 16 9699 21 8767 
-12.0689  15.6218  53.2268 3 14 11077 16 9712 21 8776 
-12.2134  15.8762  53.2371 3 14 11096 16 9725 21 8785 
-12.5255   15.879  53.7313 2 14 11098 16 9728 
-12.5311  15.9378  53.4607 2 14 11102 16 9732 
-13.436 15.9751 55.0095 2 14 11108 16 9740 
-13.1127  15.9482  54.1488 3 14 11112 16 9739 21 8795 
-13.4347  16.0016  54.8311 3 14 11113 16 9742 21 8797 
-13.3472   16.092  54.6029 2 14 11116 16 9748 
-12.6115  16.2548  53.6963 2 14 11119 16 9746 
-13.4781  16.2048  54.6889 3 14 11122 16 9751 21 8804 
-12.5804  16.4426  53.4219 2 14 11129 16 9756 
-13.4674  16.4078  54.7163 2 14 11131 16 9764 
-12.6391  16.5063  53.6269 2 14 11132 16 9759 
-13.4683  16.5622  54.8359 2 14 11138 16 9769 
-13.4747    16.64  54.6749 3 14 11142 16 9773 21 8816 
-12.7637  17.0978  53.7442 3 14 11153 16 9788 21 8823 
-12.2234  17.3004  53.0296 3 14 11160 16 9791 21 8826 
-10.8967  17.7252   51.943 2 14 11163 16 9790 
-12.1972  17.4282  53.2328 3 14 11164 16 9796 21 8829 
-12.1105  17.4843  52.9519 3 14 11167 16 9797 21 8831 
-10.8594  17.8845  51.8082 2 14 11171 16 9798 
-12.2183  17.5558  53.1272 2 14 11172 16 9801 
-11.2803  17.8386  52.1961 2 14 11174 16 9803 
-11.3553  17.9248  52.4718 3 14 11179 16 9806 21 8837 
-10.9443  18.0075  51.9302 2 14 11180 16 9805 
-10.8012  18.0544  51.7289 3 14 11182 16 9807 21 8839 
-10.4616  18.2042  51.6064 2 14 11184 16 9808 
-11.0007  18.1609  51.9921 3 14 11188 16 9813 21 8841 
-10.487 18.5783 51.6261 3 14 11197 16 9824 21 8846 
-3.82336 -7.05589  67.0666 3 14 11244 16 9862 21 8885 
 -3.9587 -7.11406  65.5814 3 14 11254 16 9873 21 8894 
-0.479308  -6.65983   61.8226 2 14 11290 16 9904 
-8.42482 -5.66903  66.4593 2 14 11301 16 9909 
-8.49021 -5.49437  66.2588 2 14 11307 16 9912 
-9.11958 -5.05247  67.0097 3 14 11318 16 9925 21 8944 
-8.30794 -4.69237  68.8336 3 14 11320 16 9931 21 8946 
-8.97065  -4.9515  66.6468 3 14 11322 16 9930 21 8947 
-8.93341 -4.71966  67.6479 3 14 11331 16 9938 21 8956 
-7.70249 -4.19966  70.0566 3 14 11345 16 9959 21 8972 
-9.36326 -4.66451  65.4634 2 14 11352 16 9963 
-8.11935 -4.04321  69.3695 3 14 11360 16 9976 21 8987 
-8.15549 -3.92413  69.6329 3 14 11366 16 9985 21 8992 
-8.20956   -3.612  69.5334 3 14 11386 16 10005 21 9013 
-9.74785  -3.9267  64.3926 3 14 11415 16 10025 21 9042 
-9.70875  -3.8486  63.8597 3 14 11430 16 10033 21 9053 
-9.79135 -3.63976   64.033 3 14 11440 16 10046 21 9065 
-9.81275 -3.60502  63.7198 2 14 11445 16 10049 
-6.51226 -3.79173  59.6502 2 14 11458 16 10055 
-9.84588 -3.33953  64.0854 2 14 11461 16 10064 
-9.73331 -3.33919  63.8721 3 14 11463 16 10060 21 9085 
-6.43328 -3.65397  59.6594 2 14 11467 16 10067 
 -7.6234 -3.59101   59.904 2 14 11474 16 10072 
-9.81065 -3.14424  63.8778 3 14 11480 16 10074 21 9106 
-8.67352 -3.15498  60.6007 2 14 11496 16 10090 
-8.83334 -2.34359  59.7964 2 14 11515 16 10109 
-10.1556 -1.52211  63.3637 2 14 11526 16 10119 
-5.24948  0.35342  54.7461 2 14 11563 16 10162 
-10.0732  1.18431  58.1992 3 14 11585 16 10186 21 9181 
-10.6395  1.76935  60.7596 2 14 11591 16 10193 
-10.1593  1.89575  58.1357 3 14 11596 16 10208 21 9189 
-4.42431  3.03274  53.3382 3 14 11612 16 10229 21 9199 
-10.041 2.86155 57.1399 2 14 11621 16 10240 
-4.63234  3.28836  53.2406 3 14 11625 16 10243 21 9206 
-9.98123  2.89834   56.888 3 14 11626 16 10245 21 9210 
-10.1141  3.23134  56.9657 2 14 11638 16 10263 
-5.58008  3.55841  53.6555 3 14 11639 16 10262 21 9219 
-11.2736   3.4959  58.6853 3 14 11650 16 10277 21 9230 
-7.98296   3.7815  54.6948 3 14 11661 16 10284 21 9239 
-8.24777  3.87983  54.9389 3 14 11667 16 10290 21 9245 
-11.2359  4.00226  58.4627 3 14 11672 16 10299 21 9249 
-8.49262  3.99119   55.068 3 14 11673 16 10298 21 9247 
-11.244 4.05749 58.2349 3 14 11676 16 10303 21 9250 
-11.1472  4.18048  58.2635 3 14 11682 16 10306 21 9256 
-11.1697    4.159   57.844 2 14 11686 16 10311 
-8.93321  4.19252  55.3415 3 14 11688 16 10307 21 9258 
-11.3021  4.24181  58.0987 3 14 11690 16 10314 21 9262 
-10.9915  4.27263  57.5482 2 14 11697 16 10319 
-11.4193  4.48579  58.4981 3 14 11704 16 10333 21 9279 
-11.1694   4.4622  57.7423 3 14 11709 16 10337 21 9280 
-11.2401   4.6357   57.985 3 14 11726 16 10345 21 9293 
-11.5395  4.80381  58.5185 3 14 11744 16 10367 21 9313 
-11.4527  4.79536  58.2349 3 14 11750 16 10368 21 9314 
-11.4907  4.82267  58.3153 3 14 11754 16 10371 21 9317 
-10.0714  4.85982   56.133 4 8 12076 14 11772 16 10382 21 9330 
-10.3724  4.91843  56.2524 3 14 11781 16 10393 21 9343 
-9.98404  4.92047  55.7953 2 14 11783 16 10391 
-11.4947  5.10263  58.1463 3 14 11794 16 10407 21 9358 
-10.1077  5.13276  55.9975 3 14 11805 16 10415 21 9369 
-11.6068  5.51082  58.0558 3 14 11828 16 10449 21 9407 
-11.8317  6.03126  58.2747 3 14 11864 16 10487 21 9442 
-11.8229  6.14039  58.5734 3 14 11869 16 10492 21 9446 
-10.7306  6.09302  56.1992 3 14 11877 16 10495 21 9448 
-11.4188  6.66767  56.7835 3 14 11901 16 10520 21 9470 
-11.3436  6.90297  56.5213 3 14 11912 16 10531 21 9484 
-11.0804  7.06722  56.3315 3 14 11917 16 10536 21 9489 
-11.6023  7.19852  56.9002 3 14 11929 16 10546 21 9500 
-11.6236  7.28068   56.703 2 14 11940 16 10554 
-12.1965  8.26568  58.0101 2 14 12004 16 10615 
-12.0857  8.17877  56.9985 3 14 12011 16 10621 21 9570 
-12.1324  8.44604  57.7837 3 14 12023 16 10626 21 9580 
-11.6386  8.60227   56.015 3 14 12042 16 10644 21 9604 
-12.3309  8.74523  57.2157 3 14 12050 16 10657 21 9608 
 2.7199 15.0211 64.8218 2 14 12054 16 10687 
-9.24796  8.98271  53.4259 3 14 12055 16 10654 21 9610 
-8.97138  9.12466  53.2388 3 14 12064 16 10659 21 9616 
-12.3693  9.00634   57.115 2 14 12076 16 10679 
-9.57671  9.35157  53.6477 3 14 12088 16 10681 21 9637 
-9.26665   9.5943  53.1689 3 14 12097 16 10692 21 9646 
-11.8687  9.33887  55.8302 2 14 12100 16 10698 
-9.78025  9.75699  53.4557 3 14 12111 16 10703 21 9660 
-11.8757  9.79469  55.6554 3 14 12123 16 10722 21 9679 
2.72886  16.548 64.2579 2 14 12126 16 10752 
-12.0225  10.1369  55.6117 3 14 12147 16 10743 21 9708 
2.60727 16.9899 64.1329 2 14 12149 16 10799 
-12.5994  10.3485  57.1575 2 14 12155 16 10760 
-7.7542 10.9533 51.9874 3 14 12158 16 10745 21 9713 
-11.8095  10.3157  55.3545 3 14 12164 16 10761 21 9721 
-12.2465  10.3061  55.9072 3 14 12168 16 10768 21 9724 
2.58002 17.3635 64.0472 3 14 12180 16 10821 21 9750 
-8.22237  11.1295  52.0865 3 14 12192 16 10775 21 9744 
-12.2828  10.5377  55.8762 2 14 12195 16 10790 
 2.6497 17.5913 63.7913 2 16 10838 21 9770 
-9.33383  10.9483  52.7797 2 14 12199 16 10784 
-7.67085  11.3067  51.6843 3 14 12201 16 10781 21 9752 
-12.7108   10.753   57.228 2 14 12203 16 10801 
-12.4092   10.695  56.3278 2 14 12210 16 10803 
-8.10398  11.3098  51.9755 3 14 12215 16 10793 21 9761 
-12.4097  10.7128  56.0164 2 14 12221 16 10809 
-6.04088  15.7955  68.2648 2 14 12224 16 10864 
-9.56967  11.1543  52.7759 3 14 12234 16 10810 21 9780 
-12.6333     10.9  56.4402 2 14 12239 16 10828 
-11.7271  10.9129  54.8496 2 14 12242 16 10822 
-8.05024  11.5893  51.7242 3 14 12246 16 10818 21 9785 
-12.7156  10.9968  56.6587 2 14 12250 16 10835 
 2.4636 18.1788 64.1869 2 14 12256 16 10875 
2.56244 18.0422 63.6292 3 14 12257 16 10872 21 9795 
-9.28617     11.5  52.4837 3 14 12262 16 10837 21 9800 
2.78015 18.2672 63.2564 3 14 12263 16 10897 21 9811 
-11.5019  11.2455   54.678 3 14 12268 16 10848 21 9806 
-5.97556  16.2578  67.7317 3 14 12269 16 10914 21 9820 
-11.9733  11.2319  54.9969 2 14 12275 16 10857 
-12.0746  11.2856  54.7893 2 14 12287 16 10867 
-11.5463  11.4035  54.3927 3 14 12293 16 10868 21 9827 
-11.1738   11.511  53.9148 3 14 12301 16 10870 21 9836 
-9.71714  12.0919  52.3633 3 14 12349 16 10907 21 9875 
-8.63458  12.4557  51.7567 3 14 12352 16 10915 21 9881 
-12.145 11.8426 54.7957 2 14 12357 16 10929 
-12.4745  11.9786  55.2229 3 14 12372 16 10934 21 9898 
-12.1776   12.162  54.6809 3 14 12387 16 10957 21 9912 
-9.51787  12.6392  52.2692 3 14 12388 16 10944 21 9907 
-11.1468  12.4611  53.8286 4 6 2951 14 12397 16 10961 21 9919 
-12.4802  12.3119  54.9993 3 8 12745 14 12404 16 10971 
-12.3754  12.5256  54.8835 3 14 12417 16 10984 21 9941 
-9.72507  13.1483  52.3573 3 14 12426 16 10985 21 9949 
-13.008 12.7648  56.287 2 14 12429 16 10997 
-12.4627  12.7279  54.9543 2 14 12434 16 10995 
-9.61953  13.2321  52.0937 3 14 12435 16 10989 21 9957 
-12.4285  12.8047  54.7491 2 14 12442 16 11003 
-12.0816  12.8133  54.2095 2 14 12443 16 11001 
-13.1372  12.9646  56.3323 2 14 12446 16 11015 
-10.5632  13.6103  52.7664 3 14 12472 16 11030 21 9988 
-10.2745  13.7051   52.381 3 14 12478 16 11031 21 9994 
-10.2836  14.0089  52.2403 3 14 12497 16 11052 21 10010 
-10.1426  14.1982    52.05 6 4 22553 8 12915 9 13224 14 12506 16 11060 21 10020 
-12.436 13.7844 54.1805 3 14 12508 16 11067 21 10021 
-12.5523   13.873  54.3643 2 14 12511 16 11074 
-10.2389  14.3707  52.1162 4 4 22562 14 12520 16 11070 21 10029 
-9.51109  14.8394  51.4373 3 14 12537 16 11090 21 10045 
-12.3349  14.2488  54.0486 3 14 12540 16 11100 21 10048 
-11.9127  14.3437  53.4488 2 14 12544 16 11101 
-13.3809  14.7317  55.5557 2 14 12559 16 11121 
-13.5008   15.622   55.194 3 14 12590 16 11151 21 10081 
-12.3519  15.7526  53.3869 2 14 12595 16 11149 
-10.721  16.388 51.9704 2 14 12602 16 11155 
-12.5051  15.9839  53.4254 2 14 12609 16 11157 
-13.4061  16.0029   54.799 2 14 12614 16 11167 
-13.3435  16.0575  54.6224 2 14 12618 16 11171 
-13.2084  16.0872  54.3427 3 14 12621 16 11173 21 10096 
-12.6912  16.2282  53.7484 3 14 12624 16 11174 21 10098 
-13.5212  16.2051  54.7617 3 14 12628 16 11178 21 10102 
-13.442 16.2721 54.4461 2 14 12634 16 11184 
-13.2298   16.966  54.3498 3 14 12655 16 11209 21 10126 
-12.6872   17.246  53.6219 3 14 12665 16 11222 21 10132 
-12.1168  17.4638  52.8859 2 14 12672 16 11227 
-11.0799  17.8183  52.1213 3 14 12674 16 11224 21 10139 
-10.7166  18.0309  51.7257 2 16 11232 21 10146 
-11.2928  17.9224  52.5268 2 14 12679 16 11234 
-11.7898  17.8089  52.7562 2 14 12683 16 11242 
-11.747 17.9287 52.8357 2 14 12688 16 11246 
-11.1624  18.1815  52.2016 2 14 12694 16 11252 
 -11.28 18.1968  52.444 2 14 12697 16 11253 
-10.554 18.5466 51.6396 3 14 12705 16 11260 21 10172 
-6.82745  -6.2785  69.3364 3 14 12770 16 11318 21 10231 
-7.92005 -5.70918  68.8032 3 14 12783 16 11331 21 10238 
-9.16267 -5.11686  67.0975 3 14 12789 16 11336 21 10245 
-8.88723 -4.97798  67.8615 3 14 12791 16 11340 21 10248 
-8.90083 -5.01086  66.5723 3 14 12794 16 11343 21 10250 
-8.90077 -4.77299  66.9823 3 14 12799 16 11346 21 10256 
-9.36805 -4.37482  65.2923 3 14 12817 16 11369 21 10273 
-8.10764  -3.6536  69.5365 3 14 12822 16 11378 21 10281 
-9.75319 -3.99903  64.4529 3 14 12836 16 11387 21 10294 
-6.21292 -3.64625  59.3499 3 14 12864 16 11417 21 10323 
-9.81188 -3.26046  63.7516 3 14 12867 16 11418 21 10326 
-10.0182 -2.83902  63.8208 2 14 12877 16 11427 
-8.15093 -3.22578  59.8138 3 14 12880 16 11426 21 10333 
-8.72874 -2.84199  60.3541 3 14 12882 16 11432 21 10337 
 -2.20277 -0.881792   70.9474 3 14 12883 16 11438 21 10339 
-8.57914 -2.84621  59.9729 3 14 12884 16 11434 21 10338 
-10.1904 -1.22133  63.3423 2 14 12899 16 11445 
-10.0499  1.16591  58.2137 2 14 12928 16 11467 
-11.2471  3.13207  58.6837 2 14 12949 16 11502 
-7.58515  3.50191  54.6679 3 14 12957 16 11509 21 10387 
-8.46144  3.81424   55.413 2 14 12964 16 11515 
-8.1151 3.82966 54.9945 3 14 12965 16 11516 21 10393 
-6.56494  3.96554   53.752 4 6 3213 14 12967 16 10286 21 10394 
-8.58336  4.05272  55.0564 3 14 12971 16 11524 21 10398 
-11.0942  4.17877  58.2649 3 14 12973 16 11525 21 10399 
-10.9306  4.13942   57.892 2 14 12974 16 11526 
-8.95241  4.16258  55.3702 3 14 12976 16 11527 21 10401 
-11.4103  4.28527  58.4266 3 14 12977 16 11531 21 10403 
-11.0139  4.27702  57.9206 3 14 12979 16 11529 21 10404 
-11.5478  4.76967  58.6119 3 14 12994 16 11547 21 10420 
-11.4935    4.844  58.2819 3 14 13003 16 11550 21 10425 
-10.3031  4.86389  56.1488 2 16 11554 21 10431 
-11.4232  5.00626  58.0507 2 14 13012 16 11560 
-3.40487  5.86904  52.0495 4 6 3250 14 13018 16 10397 21 10438 
-11.5752  5.21895  58.3483 3 14 13024 16 11570 21 10449 
-9.80185  5.17352  55.7011 3 14 13028 16 11569 21 10452 
-11.485 5.45099 58.8045 3 14 13030 16 11574 21 10456 
-8.96885  5.42961  54.8359 3 14 13036 16 11575 21 10459 
-11.6635  5.68587  58.0305 3 14 13044 16 11581 21 10466 
-11.8938  5.96975  58.5799 3 14 13056 16 11589 21 10478 
-10.707 5.88768 56.1704 3 14 13060 16 11588 21 10481 
-11.6096  7.16027  56.9898 2 14 13084 16 11610 
-12.0654  7.68368  58.2811 2 14 13092 16 11621 
-11.2054  7.61331  56.1244 3 14 13095 16 11623 21 10519 
-11.8843  7.61583  56.7983 2 14 13097 16 11626 
-12.0948  7.99601  57.8933 3 14 13103 16 11633 21 10524 
-12.2129  8.28753  58.0489 3 14 13111 16 11639 21 10529 
-12.1435  8.51658  57.7133 3 14 13117 16 11646 21 10533 
-11.522 8.37848 56.0162 3 14 13119 16 11647 21 10534 
-12.2962  8.76979  57.8515 2 14 13125 16 11655 
-12.3066   8.7095   57.198 2 14 13129 16 11656 
-11.8923  8.69344  56.2517 2 14 13133 16 11657 
-12.2663  9.07277  57.4911 2 14 13139 16 11670 
-9.4307 9.17192 53.4137 3 14 13141 16 11302 21 10555 
-11.8642  8.99257  55.9761 2 14 13142 16 11671 
-9.65005  9.39442  53.7172 5 8 13488 9 13778 14 13146 16 11672 21 10560 
-11.8997  9.82347  55.7261 3 14 13164 16 11688 21 10576 
-12.4711  10.0792  57.3127 2 14 13168 16 11693 
-7.20854  10.7818  51.8537 3 14 13172 16 11690 21 10584 
-12.934 10.1496 57.7122 2 14 13173 16 11698 
-12.006 10.1682 55.6092 3 14 13177 16 11700 21 10594 
-11.7931  10.4424  55.2202 2 14 13194 17 17377 
-12.5926  10.6282  56.9684 2 14 13197 16 11722 
-12.4753  10.6949  56.2837 2 14 13204 16 11725 
-12.734 10.8692 57.1234 2 14 13210 16 11735 
-8.1422 11.4257 52.0668 3 14 13211 16 11724 21 10616 
-9.12548  11.2215  52.3207 3 14 13214 16 11728 21 10621 
-9.44748  11.3004  52.7939 3 14 13217 16 11732 21 10624 
2.46568 18.0144 63.6982 3 14 13218 16 11760 21 10633 
-12.5752  10.9877  56.3858 2 14 13221 16 11741 
-11.8485  10.9316  54.9632 2 14 13222 16 11739 
-9.70308  11.3176  53.1862 3 14 13223 16 11737 21 10626 
-11.6733  11.2073  54.7036 4 8 13557 9 13828 14 13232 16 11748 
-8.23247  11.9112  51.8796 3 14 13235 16 11750 21 10640 
-11.9627  11.2409  55.0285 2 14 13236 16 11752 
-9.27588  11.7239  52.2308 3 14 13239 16 11753 21 10643 
-9.36991  11.8888  52.5725 3 14 13246 16 11758 21 10647 
-7.09484  16.5038  68.2288 3 14 13248 16 11796 21 10665 
-12.1954  11.7971   55.045 2 14 13264 16 11782 
-12.1227    11.82    54.73 2 14 13266 16 11785 
-12.9809  12.2773  56.6431 2 14 13273 16 11799 
-11.2765  12.3709  53.9509 2 14 13276 16 11795 
-12.3247  12.2428  55.0087 2 14 13280 16 11800 
-9.86892  12.7133  52.5895 3 14 13282 16 11797 21 10681 
-9.81982  12.8231  52.2783 3 14 13289 16 11807 21 10687 
-12.3755  12.5445  54.9057 3 14 13295 16 11813 21 10691 
-12.2896  12.4943  54.5974 2 14 13296 16 11809 
-13.1404  12.9885  56.3774 3 14 13308 16 11828 21 10703 
-10.1027   13.304   52.576 3 14 13309 16 11823 21 10701 
-13.3093  14.4164   55.474 2 14 13349 16 11862 
-12.2506  14.5382  53.5123 2 14 13353 16 11863 
-13.4183  14.7296  55.6013 3 14 13355 16 11865 21 10736 
-13.4901  15.5818  55.2056 2 14 13364 16 11872 
-13.5771  15.9246  55.2056 2 14 13371 16 11880 
-13.2209  16.0224   54.746 2 14 13375 16 11881 
-12.9092  17.0706  54.2334 2 14 13393 16 11893 
-12.2352  17.3832  53.3627 2 14 13398 16 11897 
-11.1809  18.2064  52.2428 3 14 13410 16 11913 21 10774 
-9.79843  18.6952  51.2221 2 14 13413 16 11914 
-10.6399  18.5161  51.7202 3 14 13416 16 11917 21 10779 
-11.7845  18.2999  52.5717 2 14 13419 16 11922 
-11.3584  18.7963  51.8759 2 16 11931 21 10788 
-10.1289  19.1343  50.8225 2 14 13429 16 11929 
-7.85888 -5.80849  68.7498 3 14 13446 16 11950 21 10807 
-5.81062 -5.56653  63.0006 2 14 13450 16 11955 
-9.35552 -4.18074  65.1223 3 14 13471 16 11974 21 10830 
 -10.038 -2.26911  64.0873 2 14 13503 16 11997 
-10.2197 -1.85991  62.7137 2 14 13509 16 12000 
 -10.6569 -0.767371   61.9919 3 14 13520 16 12005 21 10869 
-10.9739  4.22775  58.1078 3 14 13551 16 12045 21 10890 
-10.9879  4.27144  57.8724 3 14 13554 16 12046 21 10891 
-11.3448  4.40438  58.3167 3 14 13557 16 12050 21 10893 
-11.5205  4.97554  58.1832 2 16 12074 21 10914 
-9.88406  5.01116  55.8587 2 14 13588 16 12076 
-10.3734  5.22015  55.9857 2 14 13596 16 12083 
-8.98294  5.52703  54.8628 2 14 13600 16 12086 
-8.37602  5.75886   54.183 3 14 13606 16 12091 21 10940 
-11.6642  6.05059   57.813 3 14 13616 16 12102 21 10951 
-10.8763  6.09652  56.4417 4 8 13931 14 13618 16 12103 21 10953 
-11.1244  7.40919  56.0812 3 14 13636 16 12123 21 10971 
2.50829 14.6826  65.586 3 14 13657 16 12157 21 10995 
-10.5843  8.62338  54.8398 3 14 13662 16 12148 21 10996 
-9.16805  9.16718  53.4468 3 14 13667 16 12156 21 11002 
-11.8143  9.00838  55.9568 3 14 13669 16 12159 21 11004 
-11.5534   10.173  54.9497 3 14 13705 16 12191 21 11035 
-9.59873  10.7837  52.9057 3 14 13713 16 12199 21 11045 
-9.50724  11.3568  52.8073 3 14 13730 16 12212 21 11059 
-10.9323    11.36  54.2062 3 14 13736 16 12216 21 11067 
-9.37943  11.8419  52.5921 3 14 13741 16 12218 21 11070 
-10.392 11.7482 53.4418 3 14 13744 16 12223 21 11075 
-9.88886  12.1754  53.0038 4 6 3671 14 13751 16 12234 21 11081 
-11.4732  12.1213  54.2121 3 14 13755 16 12245 21 11086 
-10.2776  12.3713  52.8631 3 14 13759 16 12248 21 11088 
-13.0099  12.6305  56.3796 2 14 13772 16 12257 
-9.09957  13.8568  51.5432 3 14 13786 16 12266 21 11113 
-10.2665  13.8193  52.2064 3 14 13789 16 12270 21 11118 
-10.1667  14.3655  52.0066 3 14 13801 16 12283 21 11125 
-13.4068  14.7297   55.623 3 14 13810 16 12299 21 11137 
-13.5147  15.4938  55.2298 3 14 13816 16 12307 21 11140 
-13.5735  15.9568   55.251 3 14 13823 16 12313 21 11146 
-12.7583   17.414  53.8041 2 14 13842 16 12330 
-9.91262 -2.63909  64.1228 2 14 13880 16 12371 
-10.8165  3.99359  57.7912 2 14 13895 16 12392 
-8.97533  5.72111  54.9625 3 14 13908 16 12408 21 11243 
-10.6427  5.67477  56.5883 2 14 13911 16 12409 
-11.1899  7.17528  56.4725 3 14 13919 16 12414 21 11254 
-11.5509   8.2831  56.1288 3 14 13927 16 12421 21 11262 
-11.754 9.03643 55.8512 3 14 13937 16 12427 21 11271 
-10.8705  4.27197  57.3619 2 14 14008 16 12489 
-10.8968  5.65073  56.6469 3 14 14011 16 12493 21 11341 
-10.958 6.52387 56.1887 2 14 14013 16 12497 
-11.8454  9.01941  55.7138 3 14 14020 16 12504 21 11353 
-10.4453  12.6238  53.3352 3 14 14029 16 12515 21 11366 
-8.85065  12.3722  51.9589 4 6 3888 14 14049 16 12532 21 11385 
-11.8736  4.95993  59.6779 2 14 14487 16 12934 
-11.2079  2.79635  58.9492 2 14 14643 16 13241 
-11.6385  11.2228  54.7041 2 14 14797 16 13297 
-11.4976  14.5674  53.1363 2 14 14827 16 13457 
-6.06928  15.9268  68.1836 3 14 14859 16 13361 21 11898 
-5.24852 0.567242  54.8821 2 14 14949 16 13394 
-11.6939  7.28716  56.8503 2 14 14983 16 13290 
-4.90867  1.19983  54.2636 2 14 15014 16 13495 
-9.98493  3.66819  56.5146 3 14 15037 16 13424 21 12292 
-12.2953  13.8722  54.1845 3 14 15053 16 13433 21 12322 
-11.4009  14.5027  53.0817 3 14 15054 16 13542 21 12367 
-12.2994  15.7531  53.3765 3 14 15089 16 13610 21 12317 
-10.1684  16.4101  51.3964 3 14 15131 16 13613 21 12386 
-9.75462 -3.36374  63.1333 3 14 15284 16 13755 21 12495 
-11.9997   11.432  54.9679 3 14 15321 16 13645 21 12421 
-11.5086  14.4454   53.465 3 14 15326 16 13769 21 12539 
-11.9036  11.3348  54.9188 3 14 15392 16 13732 21 12595 
-12.853 16.1331 53.9879 2 14 15407 16 13738 
-12.1157  15.7483  53.2485 3 14 15472 16 13848 21 12637 
-12.6531  16.7357  53.5413 2 14 15497 16 13752 
 -9.0253 0.119869  57.5432 3 14 15564 16 13906 21 12704 
-12.9396  12.3049  56.3152 2 14 15609 16 13818 
 -9.00659 0.0420719   57.5585 2 14 15620 16 13942 
-7.26041  2.79672  55.1195 2 14 15701 16 14193 
-22.8602 -4.35609  43.9517 2 15 6773 20 6778 
-20.5027 -6.71745  45.0286 2 15 1934 20 2047 
-21.2164 -6.57886  44.8567 2 15 1972 20 2093 
 -20.515 -6.72804  44.9406 2 15 4025 20 4165 
-21.8701 -6.17788  44.4042 2 15 4098 20 4255 
-20.3679 -6.64048  44.8782 2 15 5692 20 5812 
-20.9798 -6.70959  44.8357 2 15 5696 20 5815 
-21.2135 -6.56945  44.8455 2 15 5704 20 5821 
-21.0674 -6.15584  44.6363 2 15 5717 20 5834 
-21.0595 -6.14981  44.7448 2 15 6668 20 6699 
-20.7506 -7.09667  45.5883 2 15 8156 20 8111 
 -2.2493 -6.98269  62.3598 2 16 36 21 28 
-2.46223 -6.90496  62.6055 2 16 47 21 42 
-1.50614 -6.91391  61.9599 2 16 53 21 54 
-1.40655 -6.73518  61.8431 2 16 66 21 59 
-8.15692 -5.45887  68.6975 2 16 91 21 81 
-9.85278  -3.4542  63.3545 2 16 339 21 302 
 -9.9228 -3.41579  63.2135 2 16 346 21 311 
   -9.921 -0.860328   62.1987 2 16 473 21 398 
-9.93216  1.20894  58.1041 2 16 680 21 537 
-10.7095  1.70425  60.9822 2 16 701 21 551 
-4.87983   1.7693  53.9258 2 16 713 21 563 
-4.79056  1.86577  53.8202 2 16 717 21 569 
-10.9891  2.20775  61.0351 2 16 747 21 595 
-10.0133  2.14518  58.0111 2 16 762 21 612 
-11.3033    3.049  59.1866 2 16 881 21 705 
-11.2861   3.0456  58.9001 2 16 888 21 711 
-10.1645  2.99991  57.1048 2 16 893 21 717 
-6.87977  3.86966  54.0489 2 16 979 21 797 
-11.7421  5.63131  58.2911 2 16 1252 21 1065 
-11.7804  5.99262  58.0505 2 16 1285 21 1092 
-11.8208  6.02017  58.1494 2 16 1288 21 1094 
-11.7541  6.04742    57.93 2 16 1290 21 1099 
 -11.82 6.90424 58.3612 2 16 1339 21 1154 
-12.0097  7.51415  57.2167 2 16 1395 21 1231 
-12.2854  8.74314  57.0598 2 16 1516 21 1356 
-12.3151  8.84692  57.1387 2 16 1528 21 1365 
-12.5586  10.0231  57.3728 2 16 1599 21 1446 
-11.8565  10.1642  55.5345 2 16 1625 21 1466 
-12.6272  10.7427  56.5892 2 16 1705 21 1555 
-11.4293  10.8579  54.5579 2 16 1707 21 1563 
-11.396 11.0176 54.5139 2 16 1724 21 1579 
-12.0447  11.4379  55.0187 2 16 1788 21 1632 
-9.70532  12.4564  52.5382 2 16 1861 21 1699 
-12.0991  12.1225  54.7015 2 16 1889 21 1716 
-12.1442  12.3024   54.615 2 16 1912 21 1734 
-11.9467  12.9835  54.0871 2 16 2009 21 1808 
-12.4781   13.934  54.2871 2 16 2131 21 1887 
-11.1541  15.0665  52.6282 2 16 2198 21 1958 
-11.6238  15.2642  52.9715 2 16 2223 21 1969 
-12.3818  15.4152  53.5965 2 16 2235 21 1981 
-10.4139  16.5611  51.7198 2 16 2269 21 2005 
-7.22472 -6.26832  68.9482 2 16 2471 21 2203 
-1.67324 -6.85178  62.0224 2 16 2531 21 2234 
 -1.1593 -6.84534   61.672 2 16 2538 21 2237 
-8.41843 -5.74093  68.0617 2 16 2572 21 2271 
-4.31927 -6.36165  62.7192 2 16 2573 21 2265 
-5.23653 -6.06956  63.1598 2 16 2594 21 2282 
-8.39645 -5.66683  66.4325 2 16 2598 21 2291 
-8.34685 -5.60009  66.1204 2 16 2609 21 2300 
-8.21891 -5.01436  68.8725 2 16 2644 21 2329 
-8.52184 -4.63547  63.2585 2 16 2813 21 2481 
-8.59998 -4.59231  63.1171 2 16 2824 21 2487 
-9.71473     -3.9  64.9443 2 16 2896 21 2554 
-9.76213 -3.95341  64.0222 2 16 2900 21 2568 
-9.88146 -3.48343  63.3861 2 16 2991 21 2649 
-5.29737 -3.81886   58.806 2 16 2993 21 2644 
-9.85867 -3.16989  62.8059 2 16 3041 21 2699 
-8.66322 -2.93931  60.2192 2 16 3070 21 2720 
-8.68589 -2.66386  59.8463 2 16 3095 21 2739 
-10.0534 -2.22529  62.0406 2 16 3107 21 2749 
-9.99865 -2.17304  61.8807 2 16 3112 21 2752 
-10.1674 -1.85016  62.2033 2 16 3139 21 363 
-9.64304 -1.92946  60.9436 2 16 3143 21 2777 
-10.3732 -1.78575  61.9371 2 16 3148 21 2782 
 -9.82731 -0.921409   62.3961 2 16 3194 21 2814 
 -10.3883 -0.341249   60.8371 2 16 3270 21 2869 
 -10.1617 -0.213523   59.9555 2 16 3297 21 2892 
 -5.20366 0.0258618   55.0163 2 16 3325 21 2913 
-5.33559 0.500465  54.7548 2 16 3365 21 2946 
-4.92302 0.854789   54.311 2 16 3403 21 2979 
-8.96879 0.852941   56.568 2 16 3440 21 3009 
-10.0824  1.02127   58.249 2 16 3461 21 3026 
-8.99957 0.968511  56.6667 2 16 3464 21 3029 
-10.5673  1.50064  61.0014 2 16 3487 21 3049 
-4.79179  1.58548  53.8624 2 16 3525 21 3083 
-8.79754  1.34998  56.2402 2 16 3527 21 3087 
-4.89049  1.60519   54.077 2 16 3528 21 3082 
-4.71902  1.76318  53.7207 2 16 3540 21 3096 
-10.2119   1.8907  58.1155 2 16 3573 21 3120 
-9.9248 2.16626  57.764 2 16 3599 21 3142 
-10.9989  2.46103  61.0119 2 16 3600 21 3141 
-9.99947  2.22361  57.8714 2 16 3604 21 3146 
-6.8905 2.39794 54.9049 2 16 3613 21 3152 
-11.1679  2.61763  58.9068 2 16 3664 21 3191 
-11.259  2.8879  59.015 2 16 3699 21 3217 
-10.1452  2.91993  57.1927 2 16 3709 21 3232 
-11.2868  2.99011  59.0307 2 16 3711 21 3229 
-11.2713  2.98209  58.8619 2 16 3716 21 3231 
-11.316 3.04473 59.1224 2 16 3719 21 3236 
-6.87934  3.34656  54.2811 2 16 3757 21 3277 
-9.99266  3.42082  56.6828 2 16 3806 21 3322 
-8.9315 3.85189 55.4856 2 16 3847 21 3359 
-10.1087  3.89161  56.5787 2 16 3863 21 3372 
-4.37977    5.353  52.3355 2 16 3933 21 5860 
-11.7651  5.75614  58.2646 2 16 4019 21 3511 
-11.8065   5.8973  58.2103 2 16 4029 21 3518 
-11.8169  5.99694  58.2298 2 16 4036 21 3528 
-11.7826  5.97789  58.0827 2 16 4037 21 3526 
-11.7596  5.96927  57.9676 2 16 4038 21 3529 
-11.8443  6.11507  58.1906 2 16 4047 21 3535 
-11.8237  6.27259  58.4487 2 16 4057 21 3544 
-11.8357  6.72329  58.4408 2 16 4088 21 3572 
-11.592 7.30381 56.6889 2 16 4133 21 3606 
-11.7989  7.43684  56.8143 2 16 4148 21 3621 
-11.9437  7.55719  57.1984 2 16 4155 21 3628 
-12.1833  8.45435   57.138 2 16 4255 21 3721 
-12.2579     8.54  57.0559 2 16 4269 21 3743 
-12.2664  8.70321  57.2788 2 16 4279 21 3756 
-12.4667  9.72941  57.5565 2 16 4354 21 3817 
2.60547  17.573 63.9929 2 16 4520 21 3923 
-11.5492  11.0804  54.5151 2 16 4526 21 3992 
2.71488 17.6453 63.8571 2 16 4531 21 3932 
-11.5445  11.1731   54.573 2 16 4537 21 4005 
2.43968 17.7003 64.0098 2 16 4544 21 3949 
-10.6972  11.4198  53.9191 2 16 4546 21 4016 
-11.6195  11.2723  54.5524 2 16 4556 21 4024 
-12.0094  11.2555  55.0993 2 16 4560 21 4028 
2.97404 18.4014  62.346 2 16 4658 21 4053 
-12.1971  11.6925  55.1168 2 16 4659 21 4117 
2.80176 18.5266 63.1874 2 16 4665 21 4052 
-9.10952  12.4968  51.9652 2 16 4694 21 4172 
-9.88918  12.3634  52.6928 2 16 4702 21 4176 
-9.91115  12.4711  52.6558 2 16 4727 21 4210 
-9.43732  12.6216  52.2148 2 16 4736 21 4225 
-9.94598  12.6108  52.6515 2 16 4758 21 4245 
-12.2365  12.2683   54.846 2 16 4781 21 4260 
-7.57821  16.6867  68.2626 2 16 4810 21 4181 
-11.9198  12.7647   54.228 2 16 4865 21 4328 
-11.9076  12.9079  54.0836 2 16 4892 21 4350 
-11.9161  13.5573  53.7933 2 16 4972 21 4412 
-12.4737  13.8546  54.2285 2 16 5024 21 4454 
-12.4313  13.9135  54.1151 2 16 5031 21 4463 
-10.862  14.363  52.729 2 16 5038 21 4472 
-10.828 14.4258  52.601 2 16 5047 21 4482 
-11.8299  14.1937  53.5947 2 16 5051 21 4478 
-11.8084  14.2471  53.4092 2 16 5060 21 4487 
-11.2147  14.5257  52.9605 2 16 5080 21 4507 
-11.2543  14.5875  52.9079 2 16 5093 21 4521 
-11.2138  14.5847  52.8052 2 16 5094 21 4522 
-11.9794  14.4716  53.5593 2 16 5100 21 4524 
-13.0394  14.4735  55.0895 2 16 5120 21 4538 
-11.1201  14.8948  52.6108 2 16 5124 21 4549 
-10.7981   15.346  52.2788 2 16 5166 21 4578 
-10.8239  15.9664  52.0622 2 16 5216 21 4624 
-10.8184  15.9838  51.9754 2 16 5218 21 4629 
-10.8837  16.0025  52.1399 2 16 5219 21 4628 
-12.0189  15.7925  53.0838 2 16 5232 21 4638 
-12.2311  15.7862  53.3361 2 16 5235 21 4641 
-12.6472  15.9526  53.6895 2 16 5264 21 4662 
-12.9548  16.1404  54.0586 2 16 5286 21 4680 
-12.5683  16.2306  53.5624 2 16 5288 21 4683 
-10.5987  17.0019  51.8785 2 16 5308 21 4698 
-12.0734  17.3681  53.0171 2 16 5381 21 4752 
-12.1537  17.5105  53.0619 2 16 5394 21 4765 
-11.2515  18.0487  52.2881 2 16 5422 21 4791 
-8.30973 -5.77913  66.3986 2 16 5603 21 4958 
-8.37193 -5.67283  66.4457 2 16 5612 21 4969 
-8.26222 -4.71688  68.6105 2 16 5684 21 5023 
-8.23799 -4.63349  68.8753 2 16 5689 21 5032 
-7.87068 -4.38003  69.4021 2 16 5723 21 5057 
-9.19985 -4.84626  65.2098 2 16 5724 21 5069 
-8.93611  -4.4742    67.55 2 16 5741 21 5081 
-7.61404 -3.76398   71.682 2 16 5782 21 5112 
-8.04846 -3.74095  70.2783 2 16 5817 21 5139 
-9.74906  -3.8415  64.0522 2 16 5882 21 5212 
-9.84587 -3.69614  63.6276 2 16 5904 21 5236 
-9.80094 -3.53776  63.6876 2 16 5925 21 5254 
-9.80691 -3.43255  62.9764 2 16 5950 21 5282 
 -9.8334 -2.89757  62.2445 2 16 5994 21 5329 
-9.84046 -2.73257  62.0884 2 16 6006 21 5337 
-10.2487 -2.00232  62.1594 2 16 6043 21 5365 
 -4.25909 -0.596489   54.5098 2 16 6132 21 5428 
-4.95602 0.876066  54.2823 2 16 6222 21 5496 
-10.0933  1.01881  58.3667 2 16 6254 21 5519 
-7.72636  1.01384  55.8586 2 16 6257 21 5521 
-9.01429  0.98226  56.6686 2 16 6264 21 5531 
-4.97716  1.21457  54.2948 2 16 6265 21 5525 
-8.95512  1.03624  56.5198 2 16 6274 21 5534 
-10.1541  1.25823  58.3066 2 16 6293 21 5547 
-10.054 1.28401 58.1026 2 16 6302 21 5556 
-10.2082  1.88812  58.1135 2 16 6344 21 5586 
-9.98468  2.26387  57.8502 2 16 6371 21 5607 
-11.1781  2.60222  59.0561 2 16 6403 21 5632 
-10.0533   2.5874  57.6424 2 16 6404 21 5633 
-10.0939  2.69409  57.6079 2 16 6419 21 5643 
-4.57028  3.17128  53.1557 2 16 6434 21 5652 
-11.2221  2.86413  58.9029 2 16 6437 21 5657 
-4.80652   3.2176  53.3094 2 16 6440 21 5660 
-10.1242  2.91814  57.1795 2 16 6448 21 5668 
-11.2961  3.03779  59.1442 2 16 6456 21 5672 
-11.2747  3.13083  59.5699 2 16 6461 21 5675 
-11.2864  3.44242  58.6799 2 16 6518 21 5726 
-10.0095  3.42769  56.6873 2 16 6522 21 5727 
-7.84001  3.57073    54.75 2 16 6523 21 5730 
-6.20114  4.08489  53.6831 2 16 6558 21 5758 
-8.54167  3.93534  55.2352 2 16 6568 21 5766 
-9.18441  3.99599   55.609 2 16 6580 21 5781 
-11.2607  4.10713  58.2946 2 16 6595 21 5787 
-10.282 4.51122 56.5593 2 16 6632 21 5833 
-11.2561  4.64476  57.7999 2 16 6651 21 5850 
-9.3102 4.73916 55.3772 2 16 6654 21 5859 
-11.8125  5.96106  58.4176 2 16 6783 21 5993 
-11.8302  6.07047  58.3638 2 16 6798 21 6015 
-11.7747  6.10236  58.0133 2 16 6807 21 6023 
-11.8307  6.21877  58.2545 2 16 6816 21 6032 
-11.8299   6.2783  58.4416 2 16 6820 21 6038 
-12.0996  8.14161  57.1409 2 16 7027 21 6243 
-12.2076  8.45329  57.1523 2 16 7077 21 6293 
-12.2488   8.5457  57.0795 2 16 7091 21 6308 
-12.2881  8.78093  57.2959 2 16 7106 21 6324 
-11.5473  10.3576  54.9985 2 16 7227 21 6451 
2.69628 17.6324  63.846 2 16 7352 21 6526 
-9.43114  11.5517  52.5827 2 16 7354 21 6594 
-11.9766  11.1495   55.121 2 16 7363 21 6593 
-11.9473  11.2226  54.9885 2 16 7374 21 6603 
-11.597 11.2778 54.5427 2 16 7375 21 6608 
-12.0169   11.264  55.1136 2 16 7381 21 6610 
-5.8974 16.0283 67.8266 2 16 7437 21 6588 
-12.1866  11.5193  54.9076 2 16 7442 21 6691 
-9.78126  12.0529  52.8189 3 16 7451 17 12032 21 6702 
2.78944  18.529 63.1792 2 16 7479 21 6637 
-6.32404   16.225  68.1558 2 16 7486 21 6617 
-12.0823  12.1327  54.6277 2 16 7560 21 6808 
-7.17345    16.66  68.1906 2 16 7590 21 6742 
-12.2942  12.3604  54.8195 2 16 7599 21 6851 
-8.21675  16.6365  68.5548 2 16 7627 21 6789 
-9.91907  13.0761   52.412 2 16 7631 21 6891 
-8.36514  16.7796  68.5775 2 16 7656 21 6827 
-12.023 12.8399 54.2823 2 16 7671 21 6914 
-8.45535  17.2016  68.3915 2 16 7718 21 6886 
-10.3389  14.1548  52.3095 2 16 7783 21 7010 
  -12.5 13.7364 54.2644 2 16 7795 21 7016 
-10.856 14.3583 52.7391 2 16 7817 21 7040 
-11.7952  14.2387  53.4047 2 16 7833 21 7051 
-11.2051  14.5269  52.9773 2 16 7850 21 7071 
-11.2327  14.6174  52.9165 2 16 7860 21 7080 
-11.1988  14.6052  52.7919 2 16 7861 21 7081 
-12.1366  14.4579  53.6673 2 16 7868 21 7086 
-11.6232  14.6124  53.2137 2 16 7869 21 7088 
-12.2703  14.4932  53.7243 2 16 7875 21 7093 
-11.2998  14.8402  52.8696 2 16 7880 21 7100 
-12.2961  14.6207  53.7735 2 16 7883 21 7103 
-13.0181  16.1512  54.1535 2 16 8004 21 7195 
-13.6172  16.1832  55.1177 2 16 8014 21 7201 
-10.8502  17.7488  51.9656 2 16 8064 21 7250 
-10.7984  18.2085  51.8216 2 16 8090 21 7282 
-8.81142 -4.63322  67.9712 2 16 8276 21 7430 
-9.35127 -4.74776  65.2526 2 16 8292 21 7450 
-8.66398 -4.52724   63.222 2 16 8344 21 7489 
-9.69742 -3.61138  63.7941 2 16 8400 21 7556 
-8.68064 -2.94444   60.176 2 16 8463 21 7612 
-9.87414 -2.57359  61.9717 2 16 8466 21 7618 
-10.2812 -1.77209  61.9202 2 16 8495 21 7641 
-8.93683 0.854874   56.513 2 16 8593 21 7706 
-8.91299  1.27851  56.3217 2 16 8620 21 7726 
-10.0029   2.5218  57.4854 2 16 8676 21 7758 
-10.0288  2.69873   57.435 2 16 8688 21 7767 
-4.65111  3.04198  53.2885 2 16 8691 21 7768 
-11.2681  2.85738  59.0663 2 16 8700 21 7770 
-11.3008  2.99797  59.1566 2 16 8708 21 7779 
-10.0413  3.15009  56.7955 2 16 8727 21 7799 
-7.22061  3.47967  54.5491 2 16 8743 21 7811 
-10.046 3.37472 56.5511 2 16 8751 21 7817 
-9.10742  3.99442  55.6005 2 16 8786 21 7851 
-9.27253  4.00145  55.7603 2 16 8788 21 7852 
-10.0667  3.95736  56.3104 2 16 8791 21 7853 
-11.2659  4.11508  58.4437 2 16 8796 21 7858 
-5.13497  4.53235  52.9671 2 16 8797 21 7859 
-11.3374  4.17734  58.5744 2 16 8801 21 7862 
-10.1823  4.15415   56.382 2 16 8810 21 7870 
-11.8544  4.52476  59.9503 2 16 8827 21 7878 
-11.3813  4.50492  58.5031 2 16 8830 21 7884 
-11.4129   4.5741  58.3823 2 16 8840 21 7892 
-11.4358  4.66631  58.4209 2 16 8846 21 7898 
-9.43462  4.66074  55.5183 2 16 8849 21 7902 
 -5.287 5.23846 52.7667 2 16 8859 21 7912 
-10.4201   4.8857  56.3692 2 16 8876 21 7931 
-10.449 4.94938  56.384 2 16 8884 21 7938 
-11.9226   7.5455  57.0852 2 16 9056 21 8125 
-9.4811 7.95574 54.0376 2 16 9068 21 8150 
-12.2451  8.45044  57.1909 2 16 9141 21 8205 
 -11.82 8.41797 56.2455 2 16 9142 21 8208 
-9.73435  8.99272  53.9228 2 16 9164 21 8235 
-12.3057  8.78827  57.2408 2 16 9166 21 8230 
-10.161 9.05578 53.9551 2 16 9179 21 8249 
-9.27935   9.6063  53.1915 2 16 9202 21 8262 
-8.30638  10.8597  52.3342 2 16 9248 21 8308 
2.68932 16.6497 64.3322 2 16 9268 21 8292 
-7.75014  11.2472  51.9908 2 16 9277 21 8343 
-11.2899  10.7879  54.5291 2 16 9306 21 8380 
-9.55792  11.1295  52.8032 2 16 9310 21 8387 
2.48365 17.6265 64.5891 2 16 9340 21 8371 
 -11.48  11.089 54.4638 2 16 9342 21 8408 
-12.0516  11.2728  55.1412 2 16 9366 21 8431 
-9.44008   11.812  52.5441 2 16 9371 21 8451 
-8.38806  12.2007  51.8055 2 16 9385 21 8475 
-8.48734  12.2262  51.9061 2 16 9393 21 8481 
-10.5697   11.827  53.4605 2 16 9406 21 8493 
-9.85503  12.0412  52.8463 2 16 9415 21 8502 
2.82983  18.372 62.6484 2 16 9422 21 8443 
-6.11136  16.2391  68.2431 2 16 9429 21 8428 
2.41114 18.3998 63.4127 2 16 9430 21 8448 
-9.83914  12.1911  52.6737 2 16 9432 21 8524 
2.71972 18.5306 63.1378 2 16 9433 21 8458 
-9.61136  12.3804  52.5399 2 16 9447 21 8538 
-12.3555  12.0341  55.2441 2 16 9463 21 8550 
-9.93762  12.5253  52.5979 2 16 9471 21 8564 
-6.34801  16.6395  67.8647 2 16 9478 21 8504 
-7.32881  16.5776  68.1635 2 16 9495 21 8526 
-11.3694  12.6156  53.8247 2 16 9507 21 8597 
-10.3726  13.2141  52.6385 2 16 9555 21 8639 
-8.30622  16.8798  68.2313 2 16 9558 21 8585 
-8.53318  17.1745   68.561 2 16 9583 21 8608 
-12.391 13.3581 54.1748 2 16 9610 21 8692 
-12.4874  13.7908  54.2122 2 16 9632 21 8709 
-12.493 13.8933 54.3793 2 16 9637 21 8711 
-12.2955  14.2135  54.0408 2 16 9655 21 8726 
-11.8785  14.3722   53.457 2 16 9662 21 8734 
-13.5212  15.6433  55.2166 2 16 9724 21 8784 
-12.5673   16.044  53.6459 2 16 9736 21 8791 
-10.5046  18.4501  51.4413 2 16 9820 21 8844 
-9.42247 -4.65631  66.0495 2 16 9956 21 8975 
-0.882633  -5.38593   58.7244 2 16 9961 21 8968 
-8.25246 -3.88138  69.9433 2 16 9984 21 8994 
-5.74256 -3.90931  59.3002 2 16 10052 21 9069 
-9.96252 -3.21591  64.2521 2 16 10069 21 9092 
 -2.02065 -0.898924   70.9898 2 16 10105 21 9120 
 -10.2564 -0.513857   61.5564 2 16 10145 21 9153 
-11.2924  2.94593  59.1485 2 16 10242 21 9204 
-11.126 3.16315 59.9791 2 16 10247 21 9207 
-11.2332    3.134  59.3559 2 16 10253 21 9212 
-11.3364  3.14345  58.9943 2 16 10255 21 9214 
-11.4321  3.33052  59.1092 2 16 10267 21 9221 
-8.0516 3.67287 54.9317 2 16 10280 21 9234 
-11.126 4.15057 57.9498 2 16 10308 21 9257 
-11.3834  4.35036  58.6307 2 16 10316 21 9264 
-11.3781  4.31315  58.1687 2 16 10321 21 9267 
-11.3531  4.47277  58.4199 2 16 10329 21 9275 
-11.7587  4.82844  59.7623 2 16 10352 21 9291 
-9.20353  4.81742  55.1247 2 16 10374 21 9322 
-10.3395  4.88822  56.0908 2 16 10390 21 9339 
4.28285 9.60729 66.6209 2 16 10395 21 9296 
-11.5005  4.99063  58.0944 2 16 10398 21 9340 
-10.2639  5.00309  55.8978 2 16 10406 21 9360 
4.00163 9.39634 54.3159 2 16 10498 21 10489 
-11.1013  7.36704  56.1006 2 16 10555 21 9504 
-12.0499  7.88369  58.1074 2 16 10590 21 9532 
-11.5241  8.37629  56.0528 2 16 10630 21 9584 
-12.1833  8.56517  57.8356 2 16 10635 21 9589 
-9.72268  9.68004  53.5187 2 16 10701 21 9655 
-11.6971  10.0575  55.1804 2 16 10738 21 9698 
-9.09509  10.5075  52.3573 2 16 10741 21 9710 
-9.31287  10.8705  52.2883 2 16 10780 21 9754 
-8.80397  11.1108  52.4676 2 16 10787 21 9757 
-9.12007  11.1915  52.4771 2 16 10805 21 9776 
-11.2599   11.042  54.3234 2 16 10829 21 9792 
-9.5381   11.55  52.721 2 16 10844 21 9805 
2.42688 18.0332 64.2952 2 16 10865 21 9793 
-10.0216  11.8189  52.8498 2 16 10880 21 9843 
-10.5425   11.812  53.4637 2 16 10891 21 9854 
-8.35489  12.3404  51.7494 2 16 10895 21 9859 
-9.86486  12.0528  52.8657 2 16 10902 21 9865 
2.51467 18.4171 63.4342 2 16 10911 21 9822 
-9.77772  12.2531  52.5957 2 16 10920 21 9884 
-9.90246   12.371   52.747 2 16 10931 21 9891 
-10.4156  12.4225  52.9437 2 16 10949 21 9904 
-9.82887  12.6235  52.5758 2 16 10954 21 9913 
-9.83372  12.8932  52.4947 2 16 10972 21 9931 
-12.9977  17.1226  53.9187 2 16 11217 21 10131 
-11.217 18.7541  51.165 2 16 11293 21 10204 
-9.84127  11.8155  53.0246 2 16 11303 21 10212 
-4.08097 -7.05386  65.6007 2 16 11311 21 10220 
-3.71908 -7.12691  65.0049 2 16 11312 21 10221 
-9.14955 -4.66654  66.0745 2 16 11355 21 10260 
-9.64994 -3.91151  63.8207 2 16 11392 21 10302 
-6.38439  -3.6826  59.6877 2 16 11413 21 10319 
 -10.5503 -0.669444   62.0285 2 16 11448 21 10356 
-10.5478  1.23312  60.9078 2 16 11464 21 10369 
-11.003 3.10572 59.9711 2 16 11492 21 10379 
-11.3327  3.12846  59.0019 2 16 11501 21 10382 
-11.0249   4.0172   58.345 2 16 11523 21 10397 
-11.3471  4.67517  59.4057 2 16 11537 21 10408 
-10.1911  4.94361  55.8761 2 16 11561 21 10437 
-11.8977  6.01554  58.2566 2 16 11591 21 10483 
-11.8605  6.58996  58.3647 2 16 11599 21 10496 
-11.9255  6.91107  58.2923 2 16 11603 21 10500 
-10.1462  6.97794  55.0241 2 16 11606 21 10503 
-10.4804  7.37476  55.1823 2 16 11616 21 10513 
-10.4553  7.71602  55.1117 2 16 11625 21 10520 
-10.2503  8.98958  54.5624 2 16 11661 21 10550 
-10.0875  9.09024  54.3415 2 16 11664 21 10554 
2.54636  14.702 65.6005 2 16 11665 21 10540 
2.61445 17.5513 63.7568 2 16 11744 21 10614 
-9.97938  11.6837  53.0458 2 16 11757 21 10646 
-11.865 11.4695 54.7694 2 16 11764 21 10653 
-10.5307  11.7413  53.4278 2 16 11765 21 10655 
-8.52132  12.2819  51.8432 2 16 11771 21 10659 
-9.87689  12.1005  52.9244 2 16 11777 21 10663 
-9.8236 12.4528  52.821 2 16 11787 21 10670 
-6.22255  16.5961  67.9013 2 16 11793 21 10656 
-13.6497  16.8147  54.1926 2 16 11895 21 10763 
-9.92723 -2.70205   64.159 2 16 11993 21 10857 
-9.80442  -2.7321  64.0027 2 16 11994 21 10856 
-10.0739 -1.99408  63.7554 2 16 11999 21 10861 
-10.6102  5.88954   56.181 3 16 12098 17 17785 21 10946 
-11.9294  6.54754  58.2925 2 16 12109 21 10957 
-10.854 8.04678 55.0245 2 16 12135 21 10983 
-11.4095  8.39733  56.0432 2 16 12143 21 10990 
2.46921 17.1249 64.1811 2 16 12206 21 11041 
2.40473 18.1466 63.8756 2 16 12225 21 11062 
-10.1798  13.1813  52.5562 2 16 12260 21 11106 
-12.2802  17.5713  53.0218 2 16 12334 21 11168 
 -10.162 -2.17814  63.8289 2 16 12372 21 11212 
-10.2185 -1.45494  63.7253 2 16 12374 21 11216 
-11.5215  5.46905  57.7951 2 16 12406 21 11240 
-14.1384  15.7859  55.5167 2 16 12473 21 11318 
-10.0382 -2.27908  63.4843 2 16 12482 21 11330 
-8.8952 12.7059  51.803 2 16 12525 21 11404 
-9.91771 -3.54609  63.4616 2 16 12698 21 12192 
-12.0307  8.21289  56.8427 2 16 13318 21 12227 
-11.5104  10.8705  54.6657 2 16 13398 21 12242 
-12.4047  12.5446  54.9238 2 16 13485 21 12219 
-6.66966    16.31    68.16 2 16 13486 21 12162 
-9.34131 -4.84679  65.2753 2 16 13533 21 12363 
-10.111 3.01513 57.1636 2 16 13707 21 12509 
-12.4167  15.2614  53.6939 2 16 13745 21 12606 
-11.9485  13.1678  54.0503 2 16 13783 21 12569 
-8.42902 -4.70207  63.4762 2 16 13819 21 12648 
-12.1476  15.5961  53.4351 2 16 13930 21 12800 
-8.20493  5.76342    54.13 2 17 2423 21 1064 
-5.12258  11.6803  50.9828 2 18 7920 22 7150 
-3.03118 -3.86725  58.8463 2 17 9641 18 9765 
-9.03519  8.10712   53.782 2 17 11367 21 3649 
-10.3061  12.7656   52.958 2 17 12215 21 6858 
-10.3168  12.8489  52.9646 2 17 12230 21 6864 
-10.0718  3.66034  56.6083 2 17 13880 21 7837 
-4.89743  5.08877  52.7404 2 17 13976 18 14157 
-6.22717  12.8738  50.8752 2 17 14719 18 14765 
-10.2489  4.51443  56.4669 2 17 15843 21 9287 
-5.55162  3.63535  53.6875 2 17 17139 18 17232 
-9.74587  7.45292  54.4528 2 17 17809 21 10972 
-2.32176 -6.79919  62.0654 2 18 35 22 25 
-1.20872 -6.50706  61.3386 2 18 42 22 32 
 7.87667 -3.68202  59.1412 2 18 180 22 150 
 5.84899 -3.61123  57.5954 2 18 235 22 195 
 5.78692 -3.45123  57.7583 2 18 272 22 226 
 6.73677 -2.70155  57.9485 2 18 375 22 328 
-4.90608 -3.71674  58.5706 2 18 520 22 480 
 -1.5336 -2.50177  55.7024 2 18 702 22 667 
 1.28109 -2.09921  54.8841 2 18 711 22 673 
-6.05246 -2.86353  57.5408 2 18 738 22 702 
-5.77167 -2.66866  57.0625 2 18 772 22 732 
-5.73215 -2.60465  56.9998 2 18 787 22 746 
-0.844804  -1.80169   55.0413 2 18 823 22 787 
-5.72017 -2.24631  56.7403 2 18 853 22 817 
-1.05753 -1.50669  54.9517 2 18 905 22 854 
-2.81306 -1.60694  55.4208 2 18 931 22 873 
-0.618545 -0.389583   54.3885 2 18 1177 22 1115 
 -3.88619 -0.555393   54.5067 2 18 1244 22 1169 
 -4.61542 -0.327168   54.6231 2 18 1323 22 1237 
  -2.93752 -0.0588736     53.961 2 18 1339 22 1263 
0.349503 0.703382  54.0798 2 18 1398 22 1321 
  -6.42815 0.00882608    55.5345 2 18 1429 22 1343 
0.0847417  0.834571   53.9356 2 18 1439 22 1368 
-0.0169855   0.819664    53.8846 2 18 1441 22 1367 
 -6.41372 0.0778674   55.5081 2 18 1447 22 1360 
-6.42228 0.156274  55.4612 2 18 1472 22 1382 
-3.38474 0.444875  53.7645 2 18 1482 22 1402 
-0.421023  0.983031   53.8543 2 18 1499 22 1430 
-0.251077   1.14858   53.8039 2 18 1530 22 1464 
-3.54642 0.731947  53.7103 2 18 1543 22 1473 
-4.73849 0.689975  54.2696 2 18 1559 22 1485 
-9.03769 0.884846  56.4256 2 18 1648 22 1570 
-1.84143  1.76203  53.1361 2 18 1712 22 1639 
-1.99007   1.7578  53.1293 2 18 1720 22 1647 
-2.50049  1.72166   53.166 2 18 1729 22 1653 
-2.06593  1.79744  53.1483 2 18 1734 22 1659 
-1.99056  1.83037  53.1214 2 18 1740 22 1665 
-2.3375 1.86311 53.1279 2 18 1763 22 1680 
-2.16194  1.94991  53.0708 2 18 1777 22 1699 
-6.33686  1.61261  54.8243 2 18 1783 22 1691 
-2.29836  1.97106  53.0779 2 18 1792 22 1705 
-2.60599  2.01052  53.1108 2 18 1807 22 1718 
-2.53071  2.14585  53.0526 2 18 1827 22 1735 
-7.72118  1.74473  55.4256 2 18 1830 22 1733 
-2.54293  2.31116  53.0104 2 18 1861 22 1769 
-0.771101   2.83029   53.3027 2 18 1905 22 1797 
-2.58014  2.60511  52.9945 2 18 1916 22 1809 
-6.7164 2.29551 54.7795 2 18 1918 22 1805 
-4.25107  2.44093  53.3066 2 18 1922 22 1812 
-2.6051 2.66258 52.9101 2 18 1927 22 1830 
-8.03637  2.25892  55.3895 2 18 1929 22 1816 
-4.14355  2.53271  53.2419 2 18 1943 22 1835 
-2.66805  2.76898  52.9011 2 18 1966 22 1857 
-7.38009  2.42766  55.0245 2 18 1968 22 1849 
-2.57972  2.89126   52.845 2 18 1992 22 1882 
-0.943462   3.20337   53.2825 2 18 1993 22 1888 
-0.842125   3.36787   53.3444 2 18 2022 22 1910 
-2.95996  3.12271  52.8139 2 18 2045 22 1925 
-2.77129  3.19348  52.7923 2 18 2052 22 1931 
-3.30094   3.2081  52.8148 2 18 2068 22 1945 
-2.81013   3.2984  52.7708 2 18 2076 22 1951 
-3.52568  3.33578  52.8304 2 18 2107 22 1977 
-3.37358  3.37202  52.7733 2 18 2112 22 1984 
-8.12507  3.08625  55.0899 2 18 2115 22 1969 
-3.04236  3.46517  52.7385 2 18 2129 22 2000 
-5.80756   3.4433  53.7326 2 18 2181 22 2055 
-2.54655   3.7408  52.6842 2 18 2183 22 2064 
-2.4625 3.77478  52.644 2 18 2191 22 2074 
-5.04514  3.53897  53.3923 2 18 2198 22 2068 
-2.29931   3.8847   52.687 2 18 2211 22 2090 
-4.97463  4.39307  52.9046 2 18 2382 22 2227 
-3.96479  4.63582  52.4862 2 18 2426 22 2269 
-3.88034  4.66705  52.4327 2 18 2431 22 2273 
-5.17715  5.43251  52.5212 2 18 2641 22 2456 
-5.2628 5.43983 52.5737 2 18 2642 22 2455 
-2.03503  8.87231   52.601 2 18 2981 22 2764 
-3.15632  10.2083  51.4071 2 18 3171 22 2926 
-4.68512  11.1112  51.1086 2 18 3340 22 3045 
-4.61616  11.1755  51.1023 2 18 3348 22 3055 
-11.9569  11.3238   54.523 2 18 3355 22 3035 
-4.50668  11.3297  51.0528 2 18 3374 22 3075 
-4.59184  11.3422   51.028 2 18 3382 22 3078 
-4.49047  11.3944  51.0287 2 18 3389 22 3084 
-4.47015  11.4536  51.0274 2 18 3401 22 3091 
-4.39693  11.4709  51.0183 2 18 3403 22 3092 
-4.3762 11.5522  51.008 2 18 3413 22 3099 
-4.4065 11.6295 50.9799 2 18 3425 22 3108 
-4.71975  11.7299  50.9635 2 18 3448 22 3134 
-4.91535  11.7277  50.9866 2 18 3454 22 3135 
-4.75795  11.8134  50.9351 2 18 3463 22 3152 
-4.77455  11.8817  50.9383 2 18 3481 22 3170 
-3.49765  12.3322  51.1042 2 18 3527 22 3216 
-4.35599  13.0393  50.7422 2 18 3679 22 3347 
-4.43636   13.107  50.7369 2 18 3690 22 3362 
-5.52886  13.0867  50.7176 2 18 3719 22 3380 
-6.22159  13.0985  50.7784 2 18 3733 22 3387 
-4.70317  13.3014   50.702 2 18 3735 22 3395 
-6.11194  13.1504  50.7186 2 18 3745 22 3394 
-6.00089  13.2105  50.6844 2 18 3750 22 3406 
-6.12251  13.2143  50.6966 2 18 3755 22 3408 
-4.78783  13.4212  50.6419 2 18 3757 22 3419 
-4.8475  13.482 50.6376 2 18 3768 22 3432 
-4.90728  13.5649  50.5969 2 18 3785 22 3440 
-4.91723  13.7154   50.562 2 18 3820 22 3471 
-6.09307   13.628  50.6095 2 18 3832 22 3474 
-5.11685   13.808  50.5159 2 18 3843 22 3481 
-5.27022   13.873  50.5348 2 18 3851 22 3485 
-5.74627  13.8975  50.5541 2 18 3861 22 3492 
-5.33275  13.9803  50.4984 2 18 3866 22 3502 
-5.66217  14.0764  50.5065 2 18 3883 22 3517 
-5.59304  14.0815  50.4643 2 18 3884 22 3518 
-7.34786  14.5593  50.5296 2 18 3989 22 3599 
-7.84146  14.7656  50.5516 2 18 4049 22 3656 
-4.4136 15.3568 50.5706 2 18 4063 22 7799 
-5.99053  15.1281  50.3493 2 18 4102 22 3716 
-6.13047  15.3437  50.3163 2 18 4147 22 3744 
-4.17755  15.8447  50.5308 2 18 4169 22 3768 
-8.55684  15.2972  50.6235 2 18 4183 22 3751 
-6.65767  15.4707  50.2914 2 18 4187 22 3767 
-4.71475   16.012  50.5984 2 18 4199 22 3789 
-8.8431 15.5207   50.58 2 18 4214 22 3781 
-8.70125  15.5182  50.5253 2 18 4215 22 3784 
-6.88681  15.7299  50.2279 2 18 4223 22 3802 
-4.88124  16.2561  50.4657 2 18 4237 22 3836 
-5.18322  16.4352  50.3367 2 18 4276 22 3861 
-9.3949 15.9999 50.7872 2 18 4277 22 3842 
-7.1582 16.0992 50.1645 2 18 4282 22 3855 
-5.38966  16.5656  50.2447 2 18 4300 22 3885 
-5.38361   16.733  50.1469 2 18 4331 22 3904 
-8.41179  16.3959  50.3454 2 18 4335 22 3894 
-4.63199  17.1489  49.9844 2 18 4361 22 3934 
-4.76559   17.119  49.9539 2 18 4362 22 3933 
-5.80825  16.9886  49.9821 2 18 4365 22 3931 
-5.13209   17.384  49.9414 2 18 4409 22 3975 
-5.21094  17.4136  49.9586 2 18 4417 22 3980 
-5.56328   17.551  49.9755 2 18 4440 22 3997 
-5.71343  17.5622  50.0006 2 18 4444 22 3999 
-5.99023  17.5293  49.9744 2 18 4445 22 4000 
-5.9075 17.5427 50.0021 2 18 4446 22 3998 
-5.66372  17.5811  49.9706 2 18 4448 22 4007 
-8.23163  17.8033  50.2967 2 18 4511 22 4052 
-6.95167   17.915  50.1207 2 18 4512 22 4064 
-7.05901  17.9777  50.1669 2 18 4519 22 4072 
-7.26224  18.0143  50.1296 2 18 4535 22 4084 
-7.41637   18.009  50.1335 2 18 4538 22 4085 
-7.46261  18.0404  50.1166 2 18 4544 22 4092 
-7.5572 18.0666 50.1451 2 18 4549 22 4094 
-10.4552  18.4908  51.2421 2 18 4573 22 4106 
-10.176 18.6158 51.0167 2 18 4592 22 4118 
2.36979 -5.8606 61.6849 2 18 4692 22 4208 
-1.90686 -5.79061  60.2855 2 18 4761 22 4271 
-2.11249 -5.76072  60.4621 2 18 4767 22 4278 
 -1.9892 -5.40746   59.819 2 18 4809 22 4313 
 6.50856 -4.14276  57.8657 2 18 4831 22 4325 
 6.41188 -4.11577  57.8535 2 18 4843 22 4339 
-4.41917 -5.57006  61.1091 2 18 4857 22 4368 
7.37993 -3.8713 58.7855 2 18 4867 22 4359 
 7.35161 -3.75566  58.7373 2 18 4889 22 4383 
-0.778014  -4.83497   58.0946 2 18 4903 22 4407 
  6.8963 -3.30252  58.3836 2 18 4984 22 4482 
 7.75601 -3.08169  59.0441 2 18 4999 22 4504 
 7.72306 -2.97706  59.0857 2 18 5018 22 4528 
5.16963  -3.261 57.4365 2 18 5041 22 4547 
 1.78344 -3.64969  55.8042 2 18 5064 22 4570 
 5.77806 -2.74291    57.15 2 18 5131 22 4626 
 1.45786 -3.21509   55.506 2 18 5173 22 4673 
-0.791908  -3.45532   56.1364 2 18 5194 22 4691 
 1.34447 -3.16821  55.4974 2 18 5195 22 4692 
  4.0759 -2.29973  56.6092 2 18 5274 22 4769 
 7.99754 -1.51261  59.8876 2 18 5286 22 4783 
-6.87872  -3.4203  58.9748 2 18 5334 22 4828 
 1.65544 -1.94544  54.7841 2 18 5434 22 4912 
 1.68586 -1.69132  54.7468 2 18 5484 22 4953 
0.0665047  -1.89265   54.9265 2 18 5488 22 4960 
-0.916433   -1.7538   55.0273 2 18 5557 22 5027 
-5.67089 -2.31422  56.7752 2 18 5559 22 5025 
-0.728139  -1.70182   54.9667 2 18 5565 22 5032 
-0.871881  -1.67204   55.0185 2 18 5579 22 5043 
-5.95161 -2.24806  56.7493 2 18 5592 22 5052 
-0.957745  -1.61286   54.9562 2 18 5596 22 5062 
-3.43486 -1.91632   55.687 2 18 5598 22 5061 
-2.84323 -1.42186  55.2395 2 18 5668 22 5121 
 -1.36918 -0.988022   54.7476 2 18 5697 22 5151 
-2.57737 -1.08157  55.0237 2 18 5703 22 5158 
 -1.42279 -0.898135   54.6467 2 18 5710 22 5163 
 -2.23895 -0.882404   54.7953 2 18 5730 22 5181 
-0.131843 -0.582508   54.4044 2 18 5737 22 5192 
 -2.49958 -0.873576   54.8459 2 18 5739 22 5194 
-5.84495 -1.23814  55.8784 2 18 5747 22 5199 
-0.384448 -0.505304   54.3676 2 18 5765 22 5223 
 0.201624 -0.422628   54.2833 2 18 5766 22 5224 
-0.629557 -0.539214   54.3476 2 18 5768 22 5222 
0.375604  -0.3952  54.2474 2 18 5770 22 5227 
-0.286308 -0.458832   54.3964 2 18 5773 22 5230 
0.313038 -0.28184  54.2077 2 18 5793 22 5252 
-0.567925 -0.381863   54.3115 2 18 5798 22 5256 
-6.96503 -1.00092  56.1187 2 18 5815 22 5269 
 -4.00964 -0.560042    54.544 2 18 5833 22 5289 
 -4.25711 -0.545507   54.6467 2 18 5837 22 5293 
 -6.90444 -0.788086   56.0246 2 18 5839 22 5292 
 -3.84464 -0.345036   54.3779 2 18 5858 22 5312 
   -3.047 -0.244819   54.0685 2 18 5863 22 5316 
 -3.72154 -0.301544   54.2697 2 18 5865 22 5319 
 -4.21939 -0.227587   54.5267 2 18 5888 22 5335 
-3.05102 -0.04787  53.9647 2 18 5905 22 5353 
  -4.49525 -0.0664855    54.4561 2 18 5937 22 5379 
-0.430419  0.769342   53.9087 2 18 6002 22 5446 
  -8.33746 -0.0446965    56.3741 2 18 6014 22 5448 
-6.51489 0.225306  55.4656 2 18 6031 22 5467 
-3.46863 0.475617  53.7664 2 18 6035 22 5470 
-6.39238 0.304452  55.3559 2 18 6051 22 5481 
-0.391457   1.01201   53.7408 2 18 6056 22 5497 
-7.01406 0.412613  55.5233 2 18 6093 22 5513 
-4.90582 0.793298  54.4253 2 18 6128 22 5551 
-7.50253 0.685625   55.636 2 18 6145 22 5563 
-6.21966 0.965489  55.0663 2 18 6169 22 5587 
-8.14322  1.01978   55.779 2 18 6219 22 5627 
-1.50085  1.66573  53.2669 2 18 6221 22 5641 
-1.40971  1.86868  53.2264 2 18 6275 22 5686 
-2.43408  1.75794  53.1884 2 18 6282 22 5691 
-3.41962  1.66008  53.3654 2 18 6288 22 5692 
-2.37286  1.80071  53.1457 2 18 6294 22 5701 
-2.2783 1.81892 53.1272 2 18 6296 22 5702 
-6.42021  1.49685  54.8671 2 18 6303 22 5704 
-1.73753   2.0222  53.0736 2 18 6321 22 5736 
-2.65034  1.90079  53.1164 2 18 6326 22 5734 
-1.55591  2.15758  53.2558 2 18 6339 22 5751 
-2.60624  2.06135  53.0741 2 18 6352 22 5761 
-2.4592 2.08905 53.0847 2 18 6353 22 5763 
-7.63074  1.73869  55.4418 2 18 6367 22 5769 
 -4.224 2.11792 53.4171 2 18 6394 22 5807 
-2.51775  2.53807  52.9692 2 18 6435 22 5847 
-2.72347  2.54456  52.9435 2 18 6442 22 5852 
-0.902805   2.89875   53.2623 2 18 6448 22 5862 
-2.67189  2.62179  52.9141 2 18 6451 22 5865 
-0.895937   3.12313   53.2902 2 18 6494 22 5919 
-0.768656   3.13649   53.2956 2 18 6495 22 5917 
-6.06034  2.58615  54.3207 2 18 6514 22 5916 
-2.58221  2.97077  52.8592 2 18 6546 22 5945 
-2.86607  2.98717  52.8298 2 18 6557 22 5960 
-8.45395  2.63216  55.4227 2 18 6571 22 5950 
-2.87789  3.08043  52.8105 2 18 6579 22 5974 
-6.08062  2.88993  54.1403 2 18 6588 22 5975 
-2.93699  3.18636  52.7904 2 18 6595 22 5986 
-3.97373  3.09937  52.9148 2 18 6600 22 5993 
-3.39823  3.16333  52.8225 2 18 6602 22 5995 
-3.81995  3.12787  52.9369 2 18 6608 22 5994 
-2.98719  3.27082  52.7606 2 18 6616 22 6007 
-3.39933  3.26299  52.8208 2 18 6629 22 6017 
-3.09694  3.31805  52.7837 2 18 6634 22 6022 
-3.43912  3.36594  52.8097 2 18 6662 22 6039 
-2.55207  3.66614  52.6912 2 18 6705 22 6089 
-2.62233  3.73677  52.6848 2 18 6731 22 6115 
-2.43389  3.79861  52.6678 2 18 6744 22 6125 
-6.74513  3.82898  54.0114 2 18 6818 22 6189 
-5.90833  4.16316   53.386 2 18 6881 22 2199 
-5.07549  4.23198  53.0256 2 18 6882 22 6250 
-9.39137  4.14646   55.422 2 18 6898 22 6254 
-2.09133  4.72173  52.6323 2 18 6902 22 6268 
-3.87706  4.74587  52.4182 2 18 6938 22 6303 
-2.45562  7.98642  52.0615 2 18 7259 22 6588 
-4.41652  10.7065  51.2155 2 18 7721 22 6971 
 -4.612 11.1449 51.0937 2 18 7809 22 7048 
-4.55599  11.3899  51.0484 2 18 7859 22 7087 
-4.45499  11.5404  50.9949 2 18 7882 22 7108 
-4.93359  11.6716  51.0211 2 18 7915 22 7142 
-4.73776  13.4989  50.6146 2 18 8278 22 7487 
-6.1252 13.6917 50.6006 2 18 8343 22 7539 
-5.45806  13.8923  50.5385 2 18 8367 22 7566 
-10.8368  14.3532  52.4002 2 18 8458 22 7625 
-11.223 14.5612 52.6679 2 18 8480 22 7648 
-7.35123  14.4374   50.609 2 18 8507 22 7689 
-11.1276  14.8885  52.3683 2 18 8547 22 7702 
-5.92328  14.8491  50.3657 2 18 8553 22 7740 
-5.8606 14.9229  50.382 2 18 8563 22 7755 
-7.56548  14.8009  50.5222 2 18 8583 22 7754 
-7.66299  14.8283  50.5048 2 18 8592 22 7762 
-5.91532  15.1323  50.3271 2 18 8618 22 7803 
-5.9643 15.1939 50.2953 2 18 8633 22 7819 
-5.65881  15.5541  50.4483 2 18 8679 22 7866 
 -8.593 15.1843 50.6039 2 18 8683 22 7845 
-5.44443  15.6418  50.5198 2 18 8690 22 7872 
-4.73423  15.8097  50.6075 2 18 8692 22 7883 
-5.5315 15.6389 50.4811 2 18 8699 22 7880 
-5.25911  15.7142  50.5342 2 18 8702 22 7882 
-5.15612  15.7493  50.5117 2 18 8708 22 7890 
-5.37764  15.7134  50.4835 2 18 8711 22 7889 
-4.98956  15.7936  50.5107 2 18 8713 22 7895 
-14.319 16.3259 54.6443 2 18 8729 22 7840 
-8.79999  15.3887  50.5792 2 18 8740 22 7886 
-8.80566  15.5027  50.6012 2 18 8752 22 7912 
-4.80755   16.171  50.5171 2 18 8761 22 7943 
-7.14382  15.8174  50.2521 2 18 8781 22 7944 
-9.26484  15.8577  50.6974 2 18 8801 22 7956 
-5.19792  16.3451  50.4021 2 18 8803 22 7994 
-5.18165  16.5278    50.35 2 18 8842 22 8035 
-10.561 16.8071  51.717 2 18 8914 22 8067 
-8.35398  16.5725  50.3671 2 18 8920 22 8086 
-4.72769  17.0722  49.9516 2 18 8939 22 8128 
-5.91049  17.0099  49.9901 2 18 8955 22 8134 
-6.82395  17.5873  50.0344 2 18 9068 22 8239 
-6.88858  17.6772  50.0519 2 18 9081 22 8255 
-7.82984  17.9089  50.2827 2 18 9123 22 8294 
-7.30534  17.9427  50.1146 2 18 9132 22 8303 
-2.14669   -6.849  62.0555 2 18 9311 22 8468 
-0.157945  -5.66842   59.4487 2 18 9381 22 8522 
-1.96797 -5.41453  59.8233 2 18 9421 22 8556 
 1.83159 -4.82135  58.0933 2 18 9439 22 8567 
 5.81683 -3.87468  57.5214 2 18 9533 22 8654 
  3.2125 -4.15725  56.3598 2 18 9548 22 8674 
 6.22028 -3.33345  57.9416 2 18 9620 22 8745 
 7.76893 -3.08707  59.0596 2 18 9621 22 8746 
-1.01148  -4.3597  57.3796 2 18 9623 22 8751 
 1.78186 -3.66407  55.8237 2 18 9677 22 8795 
-0.00415704    -3.79318     56.2439 2 18 9693 22 8816 
 4.72212 -3.09085  57.2498 2 18 9696 22 8812 
 6.62938 -2.73758  57.9871 2 18 9710 22 8825 
-2.25905 -3.99028   57.727 2 18 9715 22 8835 
-5.19601 -4.29309  59.3668 2 18 9733 22 8858 
0.555348 -3.53117  55.8907 2 18 9744 22 8867 
 5.80526 -2.74166  57.2979 2 18 9745 22 8868 
-2.88867 -3.92076  57.8228 2 18 9758 22 8883 
-1.01169 -3.51177  56.3653 2 18 9799 22 8920 
 -5.0084 -3.79855  58.7289 2 18 9834 22 8952 
-2.23826 -3.25152  56.5792 2 18 9879 22 8993 
-1.46981 -3.03885  56.0045 2 18 9898 22 9016 
 3.36755 -2.06494  56.4629 2 18 9945 22 9052 
 1.53609 -1.84347  54.7493 2 18 10040 22 9143 
0.0614235  -1.91184   54.8917 2 18 10060 22 9159 
-5.71952  -2.5066  56.8601 2 18 10084 22 9180 
-5.76799  -2.1364  56.6913 2 18 10155 22 9243 
-0.0679537  -0.752985    54.3914 2 18 10242 22 9315 
0.0826474  -0.59753    54.311 2 18 10259 22 9328 
 -1.61698 -0.806547   54.6166 2 18 10260 22 9327 
-0.389473 -0.519268   54.3651 2 18 10280 22 9345 
 0.209778 -0.422493   54.2355 2 18 10289 22 9351 
 0.363991 -0.391709   54.2606 2 18 10291 22 9354 
 -4.57771 -0.955151   54.9334 2 18 10304 22 9361 
 -0.69751 -0.449358    54.329 2 18 10305 22 9363 
-0.466877 -0.417675   54.3343 2 18 10306 22 9364 
-0.580922 -0.368201   54.3105 2 18 10316 22 9372 
 -3.89718 -0.257254   54.3657 2 18 10371 22 9423 
 -3.54029 -0.237519   54.1633 2 18 10372 22 9421 
 -2.98422 0.0248675   53.9569 2 18 10409 22 9451 
 -3.24376 0.0156149   53.8755 2 18 10414 22 9457 
-3.18172 0.164023  53.8777 2 18 10431 22 9472 
-3.61629 0.674965  53.7675 2 18 10521 22 9556 
-7.06312 0.533747  55.5543 2 18 10546 22 9567 
-2.87117  1.09984   53.448 2 18 10576 22 9601 
-1.50141  1.65371  53.2518 2 18 10625 22 9651 
-2.52654  1.86327  53.1429 2 18 10696 22 9707 
-1.68903  2.07181  53.2355 2 18 10715 22 9724 
-2.52445  1.99098  53.1252 2 18 10719 22 9730 
 -2.261  2.0259 53.0708 2 18 10720 22 9731 
-6.21693  1.71582  54.7645 2 18 10724 22 9728 
-4.39376  1.95444  53.5605 2 18 10745 22 9753 
-2.55575  2.16283  53.0442 2 18 10746 22 9754 
-4.28913  2.04183  53.5661 2 18 10750 22 9761 
-0.756854   2.89755   53.3025 2 18 10790 22 9807 
-0.918719   2.91235   53.2712 2 18 10797 22 9813 
-0.816526   3.01814   53.2807 2 18 10810 22 9837 
-0.757157    3.1339   53.3035 2 18 10831 22 9857 
-2.86472  2.97182  52.8206 2 18 10871 22 9887 
-2.6926 3.05137 52.8533 2 18 10884 22 9892 
-3.82313  3.12481   52.974 2 18 10906 22 9914 
-0.358614   3.81848   54.0222 2 18 10907 22 9924 
-3.37522  3.17788   52.826 2 18 10911 22 9918 
-3.67461  3.14984  52.8402 2 18 10913 22 9919 
-3.17356  3.23444  52.8023 2 18 10914 22 9923 
-4.28018  3.22208  53.0234 2 18 10935 22 9942 
-2.84259  3.44024  52.7035 2 18 10946 22 9960 
-3.42805  3.37683  52.8042 2 18 10951 22 9958 
-3.27112  3.39688  52.7839 2 18 10952 22 9959 
-2.35296  3.76994  52.7257 2 18 11004 22 10011 
-2.41526  3.80527   52.683 2 18 11013 22 10018 
-6.8019  3.5316 54.0992 2 18 11029 22 10023 
-5.46627  3.72251  53.5244 2 18 11042 22 10037 
-1.94222  4.56093   52.683 2 18 11104 22 10106 
-9.28484  4.10715  55.3143 2 18 11124 22 10104 
-3.46982  5.68817  52.1925 2 18 11308 22 10286 
-3.51556  7.52269   51.788 2 18 11490 22 10453 
-3.39548  9.61476  51.4805 2 18 11732 22 10699 
-3.42751  9.72306  51.4657 2 18 11748 22 10709 
5.96999 14.7667 62.5616 2 18 11761 22 10742 
-3.17842  9.94015  51.4321 2 18 11766 22 10724 
-5.03174  11.7208  50.9644 2 18 12031 22 10963 
-5.19172  11.8686  50.9731 2 18 12070 22 10999 
-3.62939  12.7653  50.9358 2 18 12167 22 11102 
-8.07373  12.8183  51.2484 2 18 12259 22 11164 
-5.92519  13.2049  50.6687 2 18 12306 22 11228 
-4.88789  13.6408  50.6283 2 18 12347 22 11283 
-4.32886  14.3838  50.7006 2 18 12439 22 11381 
-4.46872  14.3498  50.6355 2 18 12445 22 11380 
-7.55615  14.7743  50.4881 2 18 12558 22 11476 
-4.4475 15.4104 50.6825 2 18 12569 22 11515 
-9.2069 14.8536 51.0172 2 18 12574 22 11483 
-5.90924  15.1423  50.3201 2 18 12589 22 11519 
-5.85312  15.2883  50.4164 2 18 12605 22 11532 
-8.47175  15.1794   50.613 2 18 12634 22 11547 
 -4.592 15.7644 50.5834 2 18 12636 22 11569 
-5.44267  15.6242  50.5165 2 18 12641 22 11563 
-8.58424   15.185  50.5901 2 18 12645 22 11549 
-8.80707  15.3884  50.5811 2 18 12681 22 11580 
-4.82263  16.0348  50.5744 2 18 12684 22 11609 
-8.81579   15.517  50.5964 2 18 12690 22 11597 
-8.96661  15.7134  50.6082 2 18 12709 22 11616 
-4.3856 16.5509 50.1479 2 18 12755 22 11692 
-8.3063 16.7211 50.2885 2 18 12830 22 11736 
-4.96527  17.3174  49.8782 2 18 12863 22 11786 
-5.76724  17.3719  49.9816 2 18 12881 22 11800 
-6.32609  17.5412  50.0503 2 18 12908 22 11820 
-7.14749  17.8351   50.131 2 18 12945 22 11850 
-8.44106  17.7986  50.3007 2 18 12957 22 11852 
-7.13825  17.9722   50.128 2 18 12967 22 11874 
-8.31759  18.3253  50.2968 2 18 13011 22 11913 
-10.2439  18.5984  51.1246 2 18 13025 22 11918 
-9.63946   18.673   50.921 2 18 13036 22 11929 
-1.40113 -5.44615  59.6515 2 18 13151 22 12037 
0.350629 -5.01838  57.8279 2 18 13166 22 12050 
-4.06245 -5.32097  60.5989 2 18 13207 22 12093 
  7.8968 -2.87235  59.2361 2 18 13282 22 12162 
-2.69267 -4.11307  57.4451 2 18 13309 22 12192 
  4.7309 -3.04071  57.1332 2 18 13312 22 12193 
 6.56473 -2.76685  57.7601 2 18 13313 22 12195 
 5.01309 -2.98459  57.2351 2 18 13319 22 12194 
 7.05985 -2.67745   58.022 2 18 13320 22 12196 
-4.90265 -4.31096  59.3241 2 18 13321 22 12204 
-4.85181  -4.2243  59.1438 2 18 13335 22 12220 
 5.84715 -2.75893  57.3563 2 18 13337 22 12218 
  4.3141 -2.96082  56.8121 2 18 13346 22 12225 
-0.587593  -3.57418   56.3416 2 18 13365 22 12242 
 3.90279 -2.92913  56.7982 2 18 13366 22 12243 
-0.576839  -3.36882   56.4007 2 18 13395 22 12270 
 8.60547 -1.35337  59.7838 2 18 13449 22 12324 
 3.89956 -2.15055   56.721 2 18 13452 22 12323 
 3.64603 -2.17574  56.5221 2 18 13456 22 12327 
-0.0916559  -0.678889    54.3277 2 18 13616 22 12475 
-0.396924 -0.562819   54.3277 2 18 13628 22 12487 
-6.67151 -1.13692   56.098 2 18 13643 22 12501 
 -4.19361 -0.834835   54.8499 2 18 13644 22 12503 
 -3.9984 -0.70171  54.7225 2 18 13651 22 12510 
 -3.03309 -0.139186   54.0558 2 18 13682 22 12533 
-3.16299 0.156349  53.8867 2 18 13705 22 12557 
 -6.51466 0.0661286   55.5288 2 18 13719 22 12573 
-6.24882 0.248928   55.447 2 18 13735 22 12589 
-6.06321 0.294947  55.4836 2 18 13737 22 12590 
-5.88847 0.500538  55.3931 2 18 13757 22 12604 
-2.86372  1.07198  53.4559 2 18 13784 22 12634 
-2.58723  1.71132  53.2021 2 18 13835 22 12681 
-2.34783  1.76967  53.1472 2 18 13836 22 12684 
-2.17691   1.8838  53.1198 2 18 13846 22 12694 
-3.7533 1.96635  53.416 2 18 13867 22 12711 
-1.27625   2.3951  53.3798 2 18 13874 22 12717 
-6.52436  2.32642  54.6155 2 18 13895 22 12737 
-0.722297   3.15443   53.3294 2 18 13914 22 12762 
-3.36221  3.21343  52.8204 2 18 13964 22 12799 
-3.60321  3.30804   52.805 2 18 13979 22 12815 
-3.1429 3.40239 52.7273 2 18 13980 22 12819 
-2.83922  3.55497  52.6128 2 18 13991 22 12833 
-7.46602  3.48072  54.4136 2 18 14023 22 12853 
-5.28134  3.70536  53.6171 2 18 14025 22 12857 
-5.99432  4.11549  53.4755 2 18 14062 22 12903 
-9.24232  4.80939  55.0787 2 18 14142 22 12982 
-3.91679  5.26138  52.1401 2 18 14176 22 13031 
-4.7567   5.283 52.4567 2 18 14184 22 13041 
-4.32525  5.32953  52.2795 2 18 14187 22 13044 
-4.46794  5.40206  52.2707 2 18 14197 22 13050 
-3.66773  5.83781  52.1095 2 18 14225 22 13083 
-2.13733  6.55552  52.3944 2 18 14261 22 13106 
-3.29403  6.69861  52.0252 2 18 14291 22 13128 
-3.09169   7.2199  51.9324 2 18 14321 22 13151 
-2.28085  9.13234  52.5302 2 18 14415 22 13256 
-2.31749  9.65551  52.3213 2 18 14443 22 13291 
-4.89774  11.6499  51.0198 2 18 14607 22 13429 
-3.44658  12.1548  51.1714 2 18 14639 22 13470 
-4.38239  11.9943  50.9494 2 18 14651 22 13471 
-3.61363  12.2264  51.0259 2 18 14664 22 13482 
-4.44227  15.3498  50.6429 2 18 14942 22 13760 
-8.50262  15.3928  50.6577 2 18 15005 22 13794 
-8.82843  15.3848  50.5755 2 18 15009 22 13798 
-5.37584  16.6824   50.133 2 18 15063 22 13866 
-5.66944  17.5686  50.0844 2 18 15111 22 13913 
-6.41245  17.7494  50.1079 2 18 15128 22 13931 
-6.79208  17.7574  50.0988 2 18 15130 22 13934 
-5.32994  18.0216  49.9042 2 18 15141 22 13952 
-7.14034  17.9753  50.1131 2 18 15152 22 13954 
-7.4963 18.0941 50.2083 2 18 15160 22 13962 
-8.03592  18.1843   50.242 2 18 15163 22 13968 
-0.740106  -7.25859   61.8961 2 18 15233 22 14016 
0.350048 -6.81001  61.3539 2 18 15242 22 14025 
0.952489 -6.11185  60.6384 2 18 15264 22 14045 
 1.64985 -5.99527  61.4723 2 18 15266 22 14047 
0.341684 -5.03709   57.419 2 18 15294 22 14073 
-0.443488  -5.07646   58.2163 2 18 15308 22 14083 
0.729244 -4.82045  57.3879 2 18 15317 22 14093 
-0.736522   -5.0169   58.2317 2 18 15320 22 14092 
-0.800993  -4.61067   57.7224 2 18 15357 22 14133 
 7.91021 -2.90669   59.172 2 18 15389 22 14161 
-2.65517 -4.06143  57.5813 2 18 15411 22 14191 
 4.15538 -3.07897  57.0231 2 18 15413 22 14192 
 6.82128 -2.65731  57.9705 2 18 15418 22 14195 
-5.16185 -4.17676  59.2952 2 18 15433 22 14215 
-3.71697 -3.83849  58.0634 2 18 15457 22 14236 
-2.13295 -3.50307   56.812 2 18 15473 22 14251 
-4.43949 -3.67016  58.0078 2 18 15480 22 14266 
 -3.95807 -0.714056   54.7547 2 18 15634 22 14423 
  -6.76277 -0.0260696    55.4814 2 18 15669 22 14457 
-3.23736 0.784485  53.5961 2 18 15696 22 14481 
-7.29106 0.575945  55.5839 2 18 15700 22 14488 
0.962513  1.98918  54.8278 2 18 15709 22 14503 
-1.67999  2.16322  53.1965 2 18 15747 22 14541 
-2.69076  2.01593  53.0701 2 18 15749 22 14540 
-3.63138   3.3155  52.8107 2 18 15818 22 14604 
-3.18007  3.40711  52.7562 2 18 15822 22 14607 
-5.54231  3.38091  53.7058 2 18 15829 22 14615 
-8.03981  3.60377  54.7793 2 18 15848 22 14636 
-8.83492  3.97765  54.8044 2 18 15873 22 14663 
-1.32689  4.75392  53.1164 2 18 15874 22 14669 
-0.210541   5.44215   53.7984 2 18 15895 22 14698 
-3.84825  4.87833   52.378 2 18 15921 22 14718 
-0.91254  7.62781  53.0111 2 18 16127 22 14921 
-1.95174  9.18594  52.5187 2 18 16235 22 15032 
-3.80945   8.7701   51.639 2 18 16239 22 15034 
-11.1599   10.806  54.1862 2 18 16363 22 15130 
-5.65695  11.3432   51.066 2 18 16409 22 15191 
-5.77636  11.4251  51.1672 2 18 16417 22 15198 
-4.16171  11.6897  50.9826 2 18 16424 22 15209 
-3.63665  12.2105  50.9097 2 18 16480 22 15262 
2.39673 18.4669 63.9172 2 18 16516 22 15311 
-4.31494  12.8937  50.7362 2 18 16538 22 15322 
3.73198 18.7635 61.6908 2 18 16559 22 15370 
-7.43656  14.6676  50.4884 2 18 16688 22 15455 
-5.55753  15.4846  50.4721 2 18 16718 22 15487 
-4.78325  15.6776   50.497 2 18 16722 22 15492 
-8.66439  15.7415  50.6427 2 18 16749 22 15503 
-5.00008  16.4118  50.4088 2 18 16758 22 15521 
-4.86923  17.1996  49.9332 2 18 16807 22 15574 
-8.51432  17.1177  50.2418 2 18 16824 22 15579 
-5.64772  17.5206  50.0012 2 18 16829 22 15591 
-6.05842  17.8177  50.0375 2 18 16848 22 15606 
-5.29857  18.1147   50.151 2 18 16857 22 15617 
-5.38287  18.2283  49.9435 2 18 16867 22 15633 
-9.23382  18.7294  51.0506 2 18 16918 22 15657 
 1.34742 -6.36109  61.5313 2 18 16966 22 15708 
-1.28073 -4.82836  58.5309 2 18 17002 22 15741 
  6.6754 -3.25212  58.3949 2 18 17013 22 15756 
-2.21614 -4.14045  57.6026 2 18 17030 22 15771 
 5.94863 -2.79362  57.4183 2 18 17036 22 15778 
 6.33467 -2.63845  57.7788 2 18 17042 22 15780 
-2.05722 -3.40682  56.7335 2 18 17064 22 15802 
  2.5183 -1.71969  55.5686 2 18 17091 22 15825 
  1.62937 -0.687293   55.0455 2 18 17106 22 15839 
 -4.25912 -0.741339   54.7238 2 18 17122 22 15854 
 -4.01598 -0.413854   54.5512 2 18 17131 22 15861 
 -4.39104 -0.373676   54.5344 2 18 17132 22 15862 
 -3.11299 -0.140013    54.011 2 18 17134 22 15863 
 -6.51241 0.0530298   55.5856 2 18 17141 22 15869 
-2.99992  1.30499  53.3818 2 18 17164 22 15888 
-2.78334  1.99234  53.0685 2 18 17179 22 15902 
-3.1241  3.0786 52.8377 2 18 17203 22 15932 
-2.89811  3.32636  52.7903 2 18 17212 22 15936 
-5.43841  4.09777  53.2422 2 18 17245 22 15967 
-1.54437  4.85212  52.9525 2 18 17255 22 15977 
-3.15483  5.23988  52.4502 2 18 17285 22 16006 
-3.90479  6.26819  51.9788 2 18 17321 22 16045 
-1.06067  7.47183  53.0856 2 18 17333 22 16057 
6.07663 14.0491 62.8456 2 18 17387 22 16117 
-5.00185  8.91681   51.426 2 18 17389 22 16107 
3.22781 18.3073  61.847 2 18 17510 22 16216 
 5.89686 -3.25778  58.0764 2 18 17707 22 16406 
-1.64578  4.65148  52.9054 2 18 17798 22 16489 
-4.86396   4.5058  52.7973 2 18 17805 22 16494 
  -3.73 5.19743 52.1931 2 18 17827 22 16512 
-4.33976  10.9295  51.2063 2 18 17916 22 16599 
-6.47479  12.8353  50.9594 2 18 17967 22 16640 
-6.60043  18.1671  50.2664 2 18 18049 22 16721 
-3.04159  5.23357  52.5123 2 18 18090 22 16775 
-3.52272  8.71193  51.5734 2 18 18103 22 16788 
-5.74631  8.52387  51.4021 2 18 18104 22 16789 
-10.8784  18.0386  51.6397 2 18 19314 22 18021 
0.159672  2.58305  54.6384 2 18 19343 22 18075 
-2.19111  9.28162  52.4573 2 18 19477 22 18462 
-6.25345  1.49858  54.8698 2 18 19615 22 18146 
-2.95321  9.88142  51.6411 2 18 19720 22 18463 
-2.9231 3.23146 52.7083 2 18 19805 22 18334 
-4.01125  12.7461  50.8795 2 18 19813 22 18294 
-4.92893  11.7729  50.9691 2 18 19833 22 18142 
-8.64739  15.7756   50.543 2 18 19841 22 18126 
-0.840053   3.09376   53.3669 2 18 19913 22 18998 
-6.10597  14.6057  50.3911 2 18 19940 22 18382 
-6.09345   13.156  50.6917 2 18 20067 22 18316 
-5.36965   16.553  50.2518 2 18 20085 22 18452 
-5.56487  17.3087  49.9678 2 18 20112 22 18640 
 1.71155 -3.49145  55.7142 2 18 20200 22 18760 
-7.11665  15.7788   50.247 2 18 20221 22 18775 
-5.67622  17.2692  50.0088 2 18 20223 22 18819 
-5.84023  17.3134  49.9875 2 18 20259 22 18833 
-6.05609   14.712  50.4184 2 18 20305 22 18853 
-6.72227  15.6157  50.3137 2 18 20956 22 19252 
-9.84711  8.46203  54.8713 2 8 14216 17 18084 
-11.0417  14.5425  52.6295 2 8 11363 9 11625 
