"Product Type","Product Id","Product Title","Product Version","Product Display Artist","Parent Label","Label","Original Release Date","Release Date","UPC","Catalog #","Product Price Tier","Product Genre","Submission Status","Product C Line","Product P Line","Pre-Order Date","Exclusives","ExplicitLyrics","Product Play Link","Liner Notes","Primary Metadata Language","Compilation","PDF Booklet","Timed Release Date","Timed Release Music Services","Last Process Date","Import Date","Created By","Last Modified","Submitted At","Submitted By","Vevo Channel","TrackType","Track Id","Track Volume","Track Number","Track Name","Track Version","Track Display Artist","Isrc","Track Price Tier","Track Genre","Audio Language","Track C Line","Track P Line","Writers/Composers","Publishers/Collection Societies","Withhold Mechanicals","Pre-Order Type","Instant Gratification Date","Duration","Sample Start Time","Explicit Lyrics","Album Only","Lyrics","Performing Contributors","Non-Performing Contributors","Producers","Full Continuous Mix","Continuously Mixed Individual Song","Track Play Link"
"Audio","67166ed4126997c258b6d865","Riddim Gang","","Megahurtz, AlienPark","EDM Spotlight","Dirtysnatcha Records","7/24/2020","7/24/2020",="198342478288","DSR20","$0.91 ($1.29 SRLP) - T3","Dubstep","QCUnderReview","© 2020 DirtySnatcha Records","℗ 2020 DirtySnatcha Records","","","no",,"","English","False","",,,"","10/21/2024","josh.erickson@ingrooves.com","11/10/2024","11/10/2024","thomas@dirtysnatcha.com",,"AudioTrack","67166ed4126997c258b6d864",="1",="1","Riddim Gang","","Megahurtz, AlienPark","QZ5FN2074245","$0.91 ($1.29 SRLP) - T3","Dubstep","English","© 2020 DirtySnatcha Records","℗ 2020 DirtySnatcha Records","Shahram Fouladger <Writer>, Shahram Fouladger <Composer>, Nicholas Engelhardt <Writer>, Nicholas Engelhardt <Composer>, Martin Perez <Writer>, Martin Perez <Composer>","LAB10 Publishing <BMI>","yes","","","=""00:03:44""","","no","no","mugging off these pricks got the groupies sick. Mugging off these pricks that they're groupies, making the incesion getting nothing but the douzie. crashing through the war black terminator movies broke them to destroy while ill be sweating doobies.  Mugging off these pricks that they're groupies, making the incesion getting nothing but the douzie. crashing through the war black terminator movies broke them to destroy while ill be sweating doobies. 
Riddim gang, riddim gang, riddim gang, riddim gang, riddim riddim riddim gang got goonies. Drop it
aghhhhhhhhh. Finish him
mugging off these pricks got the groupies sick. Mugging off these pricks that they're groupies, making the incesion getting nothing but the douzie. crashing through the war black terminator movies broke them to destroy while ill be sweating doobies.  Mugging off these pricks that they're groupies, making the incesion getting nothing but the douzie. crashing through the war black terminator movies broke them to destroy while ill be sweating doobies. 
Riddim gang, riddim gang, riddim gang, riddim gang, riddim riddim riddim gang got goonies. Drop it Fight, Finish him, fight. 

blast on my face  you never, blast on my face  you never, blast on my face  you never  see the other side. AGHHHH, drop, drop, drop. Pop it. finish him. riddim gang pump, riddim gang pump, riddim gang got goonies","","","Shahram Fouladger,Nicholas Engelhardt,Martin Perez","False","False",
"Audio","671673767056a2b18cfd7714","Wompem","","ZURGLIN","EDM Spotlight","Dirtysnatcha Records","3/3/2023","3/3/2023",="198342492161","DSR88","$0.91 ($1.29 SRLP) - T3","Dubstep","QCUnderReview","© 2023 DirtySnatcha Records","℗ 2023 DirtySnatcha Records","","","no",,"","English","False","",,,"","10/21/2024","josh.erickson@ingrooves.com","11/10/2024","11/10/2024","thomas@dirtysnatcha.com",,"AudioTrack","671673767056a2b18cfd7713",="1",="1","Wompem","","ZURGLIN","USLZJ2318255","$0.91 ($1.29 SRLP) - T3","Dubstep","English","© 2023 DirtySnatcha Records","℗ 2023 DirtySnatcha Records","Michael Delvenne <Writer>, Michael Delvenne <Composer>","LAB10 PUBLISHING <BMI>","yes","","","=""00:04:06""","","no","no","mi  a di budus wompem again ba du cop bi diddi ba du cop wompem now begin","","","Michael Delvenne","False","False",
"Audio","66c50d597f1e6ef6d9805be6","Groupies","","Autokorekt","EDM Spotlight","Dirtysnatcha Records","9/27/2024","9/27/2024",="198704117640","DSR137","$0.70 ($0.99 SRLP) - T2","Trap","Released","© 2024 DirtySnatcha Records","℗ 2024 DirtySnatcha Records","","","no","https://ingrv.es/groupies-sjj-w","","English","False","",,,"9/16/2024","8/21/2024","thomas@dirtysnatcha.com","9/16/2024","8/21/2024",,,"AudioTrack","66c53f59455a4334c0346bee",="1",="1","Groupies","","Autokorekt","USA2P2456452","$0.70 ($0.99 SRLP) - T2","Trap","English","© 2024 DirtySnatcha Records","℗ 2024 DirtySnatcha Records","Anthony Autolino <Writer>, Anthony Autolino <Composer>","DIRTYSNATCHA RECORDS PUBLISHING <ASCAP>","yes","","","=""00:02:38""","","no","no","I'm getting love from the streets from the groupies my fame is spreading wild like a wild fire movie I'm 
Got my homies with me You see we rolling deep we the kings of the block and the lady's wanna creep.

Fame is spreading love from the streets from the groupies movie like.","","","Anthony Autolino","False","False","https://ingrv.es/groupies-697-f"
"Audio","67166ed17056a2b18cfd40e3","Spacecraft","","Whiskers","EDM Spotlight","Dirtysnatcha Records","10/23/2020","10/23/2020",="198342478967","DSR26","$0.91 ($1.29 SRLP) - T3","Dubstep","Released","© 2020 DirtySnatcha Records","℗ 2020 DirtySnatcha Records","","","no",,"","English","False","",,,"11/4/2024","11/4/2024","josh.erickson@ingrooves.com","11/4/2024","11/4/2024",,,"AudioTrack","67166ed17056a2b18cfd40e2",="1",="1","Spacecraft","","Whiskers","USLZJ2046489","$0.91 ($1.29 SRLP) - T3","Dubstep","English","© 2020 DirtySnatcha Records","℗ 2020 DirtySnatcha Records","Nathon Berndt <Writer>, Nathon Berndt <Composer>","LAB10 Publishing <BMI>","yes","","","=""00:01:56""","","no","no","Come to space. Here man from the planet earth came in peace for all mankind. Spacecraft. Spacecraft","","","Nathon Berndt","False","False",
"Audio","67166ed7b57030fe904f1ee0","Loose It","","Eazley, Autokorekt","EDM Spotlight","Dirtysnatcha Records","8/17/2020","8/17/2020",="198342478653","DSR23","$0.91 ($1.29 SRLP) - T3","Dubstep","Released","© 2020 DirtySnatcha Records","℗ 2020 DirtySnatcha Records","","","no",,"","English","False","",,,"10/28/2024","10/28/2024","josh.erickson@ingrooves.com","10/28/2024","10/28/2024",,,"AudioTrack","67166ed7b57030fe904f1edf",="1",="1","Loose It","","Eazley, Autokorekt","QZ5FN2097747","$0.91 ($1.29 SRLP) - T3","Dubstep","English","© 2020 DirtySnatcha Records","℗ 2020 DirtySnatcha Records","Alfred Rice <Writer>, Alfred Rice <Composer>, Anthony Autolino <Writer>, Anthony Autolino <Composer>","LAB10 Publishing <BMI>","yes","","","=""00:02:46""","","yes","no","I'm about to lose my shit

Hope. The fuck.

I don't... oh my God, I get...

I'm about to lose my shit, I'm...

Hold up Fuck. Oh my God, I...

I'm about to lose my shit
Hold up Fuck

I'm about to lose my shit. hold up fuck","","","Alfred Rice,Anthony Autolino","False","False",
"Audio","67166edb126997c258b6d876","Death Match","","Joogornot","EDM Spotlight","Dirtysnatcha Records","5/6/2021","5/6/2021",="198342491553","DSR38","$0.91 ($1.29 SRLP) - T3","Dubstep","Released","© 2021 DirtySnatcha Records","℗ 2021 DirtySnatcha Records","","","no",,"","English","False","",,,"10/30/2024","10/30/2024","josh.erickson@ingrooves.com","10/30/2024","10/30/2024",,,"AudioTrack","67166edb126997c258b6d875",="1",="1","Death Match","","Joogornot","USLZJ2162863","$0.91 ($1.29 SRLP) - T3","Dubstep","English","© 2021 DirtySnatcha Records","℗ 2021 DirtySnatcha Records","William Wilson <Writer>, William Wilson <Composer>","DirtySnatcha Records Publishing <BMI>","yes","","","=""00:03:13""","","no","no","Are you ready.Play with your time
You're no match for me. finish him
you're no match for me. finish him
here we go.","","","William Wilson","False","False",
"Audio","67166edd126997c258b6d87e","Heartbreaker","","Kryture","EDM Spotlight","Dirtysnatcha Records","7/20/2020","7/20/2020",="198342478202","DSR19","$0.91 ($1.29 SRLP) - T3","Dubstep","Released","© 2020 DirtySnatcha Records","℗ 2020 DirtySnatcha Records","","","no",,"","English","False","",,,"11/4/2024","11/4/2024","josh.erickson@ingrooves.com","11/4/2024","11/2/2024",,,"AudioTrack","67166edd126997c258b6d87d",="1",="1","Heartbreaker","","Kryture","QZ5FN2071126","$0.91 ($1.29 SRLP) - T3","Dubstep","English","© 2020 DirtySnatcha Records","℗ 2020 DirtySnatcha Records","Galium Boyles <Writer>, Galium Boyles <Composer>","DirtySnatcha Records Publishing <ASCAP>","yes","","","=""00:03:30""","","no","no","I've been in love several times before. 
I can feel your Heart . I can feel your heart break heart break. heart break. hert break. heart break. heart break. I can feel your heart. ive been in love several times before. I can feel your heart. I can feel your heartbreak. heart break. heart break.","","","Galium Boyles","False","False",
"Audio","67166ee0b57030fe904f20c0","Outta Here","","Recluze feat. Rico Act","EDM Spotlight","Dirtysnatcha Records","7/6/2020","7/6/2020",="198342478196","DSR18","$0.91 ($1.29 SRLP) - T3","Dubstep","Released","© 2020 DirtySnatcha Records","℗ 2020 DirtySnatcha Records","","","no",,"","English","False","",,,"11/5/2024","11/5/2024","josh.erickson@ingrooves.com","11/5/2024","11/5/2024",,,"AudioTrack","67166ee0b57030fe904f20bf",="1",="1","Outta Here","","Recluze feat. Rico Act","QZ5FN2040117","$0.91 ($1.29 SRLP) - T3","Dubstep","English","© 2020 DirtySnatcha Records","℗ 2020 DirtySnatcha Records","Cameron Benzel <Writer>, Cameron Benzel <Composer>, Terrel Koivu <Writer>, Terrel Koivu <Composer>","LAB10 Publishing <BMI>","yes","","","=""00:03:19""","","yes","no","","","","Cameron Benzel","False","False",
"Audio","67166edf7056a2b18cfd4200","Back In The Jeanstalk","","Fixxer","EDM Spotlight","Dirtysnatcha Records","5/15/2020","5/15/2020",="198342476642","DSR11","$0.91 ($1.29 SRLP) - T3","Dubstep","Released","© 2020 DirtySnatcha Records","℗ 2020 DirtySnatcha Records","","","no",,"","English","False","",,,"11/5/2024","11/5/2024","josh.erickson@ingrooves.com","11/5/2024","11/5/2024",,,"AudioTrack","67166edf7056a2b18cfd41ff",="1",="1","Back In The Jeanstalk","","Fixxer","GBWUL2080849","$0.91 ($1.29 SRLP) - T3","Dubstep","English","© 2020 DirtySnatcha Records","℗ 2020 DirtySnatcha Records","Sam Haghbedeh <Writer>, Sam Haghbedeh <Composer>","DirtySnatcha Records Publishing <ASCAP>","yes","","","=""00:03:08""","","no","no","fe fi fo funk","","","Sam Haghbedeh","False","False",
"Audio","67166edc126997c258b6d87a","Tiger Kung Fu","","Neon Tiger","EDM Spotlight","Dirtysnatcha Records","2/26/2021","2/26/2021",="198342491539","DSR37","$0.91 ($1.29 SRLP) - T3","Dubstep","Released","© 2021 DirtySnatcha Records","℗ 2021 DirtySnatcha Records","","","no",,"","English","False","",,,"11/4/2024","11/4/2024","josh.erickson@ingrooves.com","11/4/2024","11/2/2024",,,"AudioTrack","67166edc126997c258b6d879",="1",="1","Tiger Kung Fu","","Neon Tiger","QZ5FN2170480","$0.91 ($1.29 SRLP) - T3","Dubstep","English","© 2021 DirtySnatcha Records","℗ 2021 DirtySnatcha Records","Royal Thomas <Writer>, Royal Thomas <Composer>","DirtySnatcha Records Publishing <ASCAP>","yes","","","=""00:02:08""","","no","no","My tiger kung fu is better than yours. My tiger kung fu. Is better than yours. My tiger kung fu is better than yours. I dont think your good enough to avenge your master. I dont think your good enough to avenge. Admit it. Am i not a 10 to you. Hi ya. My tiger kung fu. Arghh. My tiger kung fu is better than yours","","","","False","False",
"Audio","67166ee6126997c258b6d897","Rudeboy","","Kryture, SEEING\\DOUBLE","EDM Spotlight","Dirtysnatcha Records","3/20/2020","3/20/2020",="198342476352","DSR07","$0.91 ($1.29 SRLP) - T3","Dubstep","Released","© 2020 DirtySnatcha Records","℗ 2020 DirtySnatcha Records","","","no",,"","English","False","",,,"11/4/2024","11/4/2024","josh.erickson@ingrooves.com","11/4/2024","11/2/2024",,,"AudioTrack","67166ee6126997c258b6d896",="1",="1","Rudeboy","","Kryture, SEEING\\DOUBLE","GBWUL2045907","$0.91 ($1.29 SRLP) - T3","Dubstep","English","© 2020 DirtySnatcha Records","℗ 2020 DirtySnatcha Records","Panagiotis Karzis <Writer>, Panagiotis Karzis <Composer>, Galium Boyles <Writer>, Galium Boyles <Composer>","DirtySnatcha Records Publishing <ASCAP>","yes","","","=""00:03:00""","","yes","no","Damn Fucking right 
Pump Me gun
What
Draft the beers
Damn Fucking Right
Pump me gun
Rudeboys
what","","","Panagiotis Karzis,Galium Boyles","False","False",
"Audio","67166ee1126997c258b6d887","Game Time","","Autokorekt, Eazley feat. Rico Act","EDM Spotlight","Dirtysnatcha Records","2/10/2020","2/10/2020",="198342476338","DSR06","$0.91 ($1.29 SRLP) - T3","Dubstep","Released","© 2020 DirtySnatcha Records","℗ 2020 DirtySnatcha Records","","","no",,"","English","False","",,,"10/25/2024","10/25/2024","josh.erickson@ingrooves.com","10/25/2024","10/25/2024",,,"AudioTrack","67166ee1126997c258b6d886",="1",="1","Game Time","","Autokorekt, Eazley feat. Rico Act","GBWUL2023530","$0.91 ($1.29 SRLP) - T3","Dubstep","English","© 2020 DirtySnatcha Records","℗ 2020 DirtySnatcha Records","Anthony Autolino <Writer>, Anthony Autolino <Composer>, Alfred Rice <Writer>, Alfred Rice <Composer>","LAB10 Publishing <BMI>","yes","","","=""00:03:39""","","yes","no","Rico Act
I  just counted 40k on a fat yacht. You disrespect me, I take everything your ass got Fuck a rope, I got duct tape and padlock Plant you in a vault and turn your crib into the crack spot. Infirmity inside my brain, I think I need some guidance The lady said, what's your emergency? I kept it silent Punching on a beautiful pair of cinder blocks Smack you in the mouth with a folding chair and cooking pot No time for the night, who the fuck is this? Foul play, stuck up in my logic, that shit make me sick One way ticket if you talk about us wrong, bitch First you talking crazy, next week you riding on my dick 50 homies in a trap and we paid blind A hundred going slow then we be doing game signs 150,000 felines and canines 200,000 watts banging on the baseline 250 on the bounty, game time 250 on the bounty, game time Game time First you talking crazy, next week you riding on my dick 50 homies in a trap and we paid blind A hundred going slow then we be doing game signs 150,000 felines and canines 200,000 watts banging on the baseline 250 on the bounty, game time You disrespect me, I take everything your ass got Fuck a rope, I got duct tape and padlock Plans you ain't a vault and turn your crib into the crack spot Infirmity inside my brain, I think I need some guidance The lady said, what's your emergency? I kept it silent Punching on a beautiful pair of cinder blocks Smack you in the mouth with a folding chair and cooking pot No time for the night, who the fuck is this? Foul play, stuck up in my logic, that shit make me sick One way ticket if you talk about us wrong, bitch First you talking crazy, next week you riding on my dick 50 homies in a trap and we paid blind A hundred going slow then we be doing game signs 150,000 felines and canines Game time Game time Next week you riding on my dick","","","Anthony Autolino","False","False",
"Audio","67167375b57030fe904f565c","Flatline","","Gomperz","EDM Spotlight","Dirtysnatcha Records","11/21/2023","11/21/2023",="197999449672","DSR111","$0.91 ($1.29 SRLP) - T3","Dubstep","Released","© 2023 DirtySnatcha Records","℗ 2023 DirtySnatcha Records","","","no",,"","English","False","",,,"10/29/2024","10/29/2024","josh.erickson@ingrooves.com","10/29/2024","10/29/2024",,,"AudioTrack","67167375b57030fe904f565b",="1",="1","Flatline","","Gomperz","QZZ8B2311175","$0.91 ($1.29 SRLP) - T3","Dubstep","English","© 2023 DirtySnatcha Records","℗ 2023 DirtySnatcha Records","Tyler Twyford <Writer>, Tyler Twyford <Composer>","DirtySnatcha Records Publishing <ASCAP>","yes","","","=""00:03:40""","","no","no","it's a good day to die. please help me. It's a good day to die. It's a good day to die. please help me","","","Tyler Twyford","False","False",
"Audio","6716737e126997c258b704d8","Take A Trip","DirtySnatcha Remix","HEXED, Labs","EDM Spotlight","Dirtysnatcha Records","1/20/2023","1/20/2023",="198342492369","DSR86","$0.91 ($1.29 SRLP) - T3","Dubstep","Released","© 2023 DirtySnatcha Records","℗ 2023 DirtySnatcha Records","","","no",,"","English","False","",,,"10/30/2024","10/30/2024","josh.erickson@ingrooves.com","10/30/2024","10/30/2024",,,"AudioTrack","6716737e126997c258b704d7",="1",="1","Take A Trip","DirtySnatcha Remix","HEXED, Labs","QZ5FN2303924","$0.91 ($1.29 SRLP) - T3","Dubstep","English","© 2023 DirtySnatcha Records","℗ 2023 DirtySnatcha Records","Jeff Mathews <Writer>, Jeff Mathews <Composer>, Leigh Bray <Writer>, Leigh Bray <Composer>, Michael Gruden <Writer>, Michael Gruden <Composer>","LAB10 Publishing <BMI>","yes","","","=""00:04:03""","","no","no","DirtySnatcha
Going up
Going up, up, up
Just sit back and relax
We about to take a trip
Just sit back and relax
We about to take a trip
Going up, up, up
Bustin′ out the lick
Just sit back and relax
We about to take a trip
Just sit back and relax
We about to take a trip
Yeah
I can tell you feeling lit
I am too high admit
Going up, going, going up
I'm bustin′ out the lick
Taking off I'm headed for the clouds
Hop in my spaceship
Just sit back and relax
We about to take a trip
Going up, going up
Going up, going up
Going, going up
I'm bustin′ out the lick
Going up, up, up
Bustin′ out the lick
Taking off
Hop in my spaceship
Taking off
Hop in my spaceship
Going up, up, up
Bustin' out the lick
Just sit back and relax
We about to take a trip
Just sit back and relax
We about to take a trip","","","Leigh Bray","False","False",
"Audio","6716737eb57030fe904f575a","Keep Moving","Audigy Remix","DirtySnatcha","EDM Spotlight","Dirtysnatcha Records","10/6/2023","10/6/2023",="197999143198","DSR104","$0.91 ($1.29 SRLP) - T3","Dubstep","Released","© 2023 DirtySnatcha Records","℗ 2023 DirtySnatcha Records","","","no",,"","English","False","",,,"10/30/2024","10/30/2024","josh.erickson@ingrooves.com","10/30/2024","10/30/2024",,,"AudioTrack","6716737eb57030fe904f5759",="1",="1","Keep Moving","Audigy Remix","DirtySnatcha","QZWV32320452","$0.91 ($1.29 SRLP) - T3","Dubstep","English","© 2023 DirtySnatcha Records","℗ 2023 DirtySnatcha Records","Ernesto Rizzi <Writer>, Ernesto Rizzi <Composer>, Leigh Bray <Writer>, Leigh Bray <Composer>","LAB10 Publishing <BMI>","yes","","","=""00:03:31""","","no","no","wanna see ya moving,
Moving
wanna see ya moving,
Moving
wanna see ya moving,  
Moving
wanna see ya moving, 
moving
Wanna Sea ya
See ya moving
Wanna Sea ya
See ya moving
Wanna Sea ya
See ya moving
keep keep moving
keep keep moving
bounce bounce
wanna see ya moving
See ya moving
keep keep moving
keep keep moving
bounce bounce
wanna see ya moving
See ya moving
keep keep moving
keep keep moving","","","Ernesto Rizzo","False","False",
"Audio","6716750e126997c258b7161c","Wasting Time With You","","Ennaut","EDM Spotlight","Dirtysnatcha Records","6/7/2024","6/7/2024",="198342816899","DSR135","$0.91 ($1.29 SRLP) - T3","Dubstep","Released","© 2024 DirtySnatcha Records","℗ 2024 DirtySnatcha Records","","","no",,"","English","False","",,,"10/23/2024","10/23/2024","josh.erickson@ingrooves.com","10/23/2024","10/23/2024",,,"AudioTrack","6716750e126997c258b7161b",="1",="1","Wasting Time With You","","Ennaut","QZTV32404283","$0.91 ($1.29 SRLP) - T3","Dubstep","English","© 2024 DirtySnatcha Records","℗ 2024 DirtySnatcha Records","Jason Moss <Writer>, Jason Moss <Composer>","DirtySnatcha Records Publishing <ASCAP>","yes","","","=""00:03:31""","","yes","no","Wasting Time With You

Wasting my time with you,
But I like it, I like it too.
I’m wasting away, it’s true,
But I like wasting time with you.
Wasting Time With You

Wasting my time with you,
But I like it, I like it too.
I’m wasting away, it’s true,
But I like wasting time with you.

Turn it the fuck up!

Turn it the fuck up
Wasting my time with you,
But I like it, I like it too.
I’m wasting away, it’s true,
But I like wasting time with you.
Wasting Time With You

Wasting my time with you,
But I like it, I like it too.
I’m wasting away, it’s true,
But I like wasting time with you.

Turn it the fuck up!","","","Jason Moss","False","False",
"Audio","6716750f7056a2b18cfd8f71","Clean Slate","","Blue feat. JHornz","EDM Spotlight","Dirtysnatcha Records","3/15/2024","3/15/2024",="198342095089","DSR129","$0.91 ($1.29 SRLP) - T3","Dubstep","Released","© 2024 DirtySnatcha Records","℗ 2024 DirtySnatcha Records","","","no",,"","English","False","",,,"10/23/2024","10/23/2024","josh.erickson@ingrooves.com","10/23/2024","10/23/2024",,,"AudioTrack","6716750f7056a2b18cfd8f70",="1",="1","Clean Slate","","Blue feat. JHornz","USLZJ2430079","$0.91 ($1.29 SRLP) - T3","Dubstep","English","© 2024 DirtySnatcha Records","℗ 2024 DirtySnatcha Records","Christopher Harris <Writer>, Christopher Harris <Composer>","LAB10 Publishing <BMI>","yes","","","=""00:02:25""","","no","no","With the pick 6 and a clean slate

You play the game… my team… wins by a landslide

Why you lookin funny 

Yeah
You can play the game, my wins by a landslide

Why you lookin funny tellin stories by the campfire

We living legends, you can talk about us later

We harder then the scales on a thousand pound gater 

And to the haters, ima see you later

We move more in a minute than the particles you’re made of 

The acid takes you up m, but the greatness makes you stay up

Buy yourself a ticket, take a ride up in my space ship

With the pick six and a clean slate,
Real no cap
Clean Slate 
No cap
With the pick 6 and a clean slate 
Real no cap
Clean Slate 
No cap

And to the haters, ima see you later

We move more in a minute than the particles you’re made of 

The acid takes you up but the greatness makes you stay up

Buy yourself a ticket, take a ride up in my space ship 

With the pick six and a clean slate,
Real no cap
Clean Slate 
No cap
With the pick 6 and a clean slate 
Real no cap
Clean Slate 
No cap

Dilated pupils on a mystics grind

Lost in the cosmos where dreams rewind

Poet in the nebula, lyricist in the void

Every verse is super nova, every line brings joy

And to the haters, ima see you later
We move more in a minute than the particles you’re made of 

The acid takes you up but the greatness makes you stay up

Buy yourself a ticket, take a ride up in my space ship

You play the game… my team… wins by a landslide…","","","Christopher Harris","False","False",
"Audio","671673707056a2b18cfd770c","Slacka","","Geeku","EDM Spotlight","Dirtysnatcha Records","12/15/2023","12/15/2023",="197999687128","DSR115","$0.91 ($1.29 SRLP) - T3","Dubstep","Released","© 2023 DirtySnatcha Records","℗ 2023 DirtySnatcha Records","","","no",,"","English","False","",,,"10/29/2024","10/29/2024","josh.erickson@ingrooves.com","10/29/2024","10/29/2024",,,"AudioTrack","671673707056a2b18cfd770b",="1",="1","Slacka","","Geeku","QZZEB2351140","$0.91 ($1.29 SRLP) - T3","Dubstep","English","© 2023 DirtySnatcha Records","℗ 2023 DirtySnatcha Records","Nakeem Richardson <Writer>, Nakeem Richardson <Composer>","LAB10 Publishing <BMI>","yes","","","=""00:03:31""","","yes","no","I aint slapped a bitch slapped a bitch slapped a bitch slapped a bitch slapped a bitch in two weeks.","","","Nakeem Richardson","False","False",
"Audio","67167370126997c258b704b7","The Tundra","","Barooka","EDM Spotlight","Dirtysnatcha Records","2/23/2024","2/23/2024",="197999919410","DSR120","$3.50 ($4.99 SRLP) - S5","Dubstep","Released","© 2024 DirtySnatcha Records","℗ 2024 DirtySnatcha Records","","","no",,"","English","False","",,,"10/25/2024","10/25/2024","josh.erickson@ingrooves.com","10/25/2024","10/24/2024",,,"AudioTrack","67167370126997c258b704b3",="1",="1","iDISTORT","","Barooka","QZ5FN2461919","$0.91 ($1.29 SRLP) - T3","Dubstep","English","© 2024 DirtySnatcha Records","℗ 2024 DirtySnatcha Records","Michael Thomas <Writer>, Michael Thomas <Composer>, Mike Silva <Writer>, Mike Silva <Composer>","DirtySnatcha Records Publishing <ASCAP>","yes","","","=""00:03:12""","","no","no","iDistort
IDistort","","","Michael Thomas,Mike Silva","False","False",
"Audio","67167370126997c258b704b7","The Tundra","","Barooka","EDM Spotlight","Dirtysnatcha Records","2/23/2024","2/23/2024",="197999919410","DSR120","$3.50 ($4.99 SRLP) - S5","Dubstep","Released","© 2024 DirtySnatcha Records","℗ 2024 DirtySnatcha Records","","","no",,"","English","False","",,,"10/25/2024","10/25/2024","josh.erickson@ingrooves.com","10/25/2024","10/24/2024",,,"AudioTrack","67167370126997c258b704b4",="1",="2","Pressure","","Barooka","QZ5FN2461916","$0.91 ($1.29 SRLP) - T3","Dubstep","English","© 2024 DirtySnatcha Records","℗ 2024 DirtySnatcha Records","Michael Thomas <Writer>, Michael Thomas <Composer>, Mike Silva <Writer>, Mike Silva <Composer>","DirtySnatcha Records Publishing <ASCAP>","yes","","","=""00:03:12""","","no","no","Pressure
Pressure","","","Mike Silva,Michael Thomas","False","False",
"Audio","67167370126997c258b704b7","The Tundra","","Barooka","EDM Spotlight","Dirtysnatcha Records","2/23/2024","2/23/2024",="197999919410","DSR120","$3.50 ($4.99 SRLP) - S5","Dubstep","Released","© 2024 DirtySnatcha Records","℗ 2024 DirtySnatcha Records","","","no",,"","English","False","",,,"10/25/2024","10/25/2024","josh.erickson@ingrooves.com","10/25/2024","10/24/2024",,,"AudioTrack","67167370126997c258b704b5",="1",="3","Screechboi","","Barooka","QZ5FN2445584","$0.91 ($1.29 SRLP) - T3","Dubstep","English","© 2024 DirtySnatcha Records","℗ 2024 DirtySnatcha Records","Michael Thomas <Writer>, Michael Thomas <Composer>, Mike Silva <Writer>, Mike Silva <Composer>","DirtySnatcha Records Publishing <ASCAP>","yes","","","=""00:03:12""","","no","no","screechboi","","","Mike Silva,Michael Thomas","False","False",
"Audio","67167370126997c258b704b7","The Tundra","","Barooka","EDM Spotlight","Dirtysnatcha Records","2/23/2024","2/23/2024",="197999919410","DSR120","$3.50 ($4.99 SRLP) - S5","Dubstep","Released","© 2024 DirtySnatcha Records","℗ 2024 DirtySnatcha Records","","","no",,"","English","False","",,,"10/25/2024","10/25/2024","josh.erickson@ingrooves.com","10/25/2024","10/24/2024",,,"AudioTrack","67167370126997c258b704b6",="1",="4","Icepick","","Barooka","QZ5FN2445564","$0.91 ($1.29 SRLP) - T3","Dubstep","No Linguistic Content","© 2024 DirtySnatcha Records","℗ 2024 DirtySnatcha Records","Michael Thomas <Writer>, Michael Thomas <Composer>, Mike Silva <Writer>, Mike Silva <Composer>","DirtySnatcha Records Publishing <ASCAP>","yes","","","=""00:03:18""","","no","no","","","","Mike Silva,Michael Thomas","False","False",
"Audio","67167373126997c258b704c2","Killas","","Bandido, Tmbrwlf","EDM Spotlight","Dirtysnatcha Records","11/24/2023","11/24/2023",="197999456380","DSR112","$0.91 ($1.29 SRLP) - T3","Dubstep","Released","© 2023 DirtySnatcha Records","℗ 2023 DirtySnatcha Records","","","no",,"","English","False","",,,"10/24/2024","10/24/2024","josh.erickson@ingrooves.com","10/24/2024","10/24/2024",,,"AudioTrack","67167373126997c258b704c1",="1",="1","Killas","","Bandido, Tmbrwlf","QZZ8B2315613","$0.91 ($1.29 SRLP) - T3","Dubstep","English","© 2023 DirtySnatcha Records","℗ 2023 DirtySnatcha Records","Andrew Potter <Writer>, Andrew Potter <Composer>, Aaron Lopez <Writer>, Aaron Lopez <Composer>","DirtySnatcha Records Publishing <ASCAP>","yes","","","=""00:02:27""","","yes","no","You're fuckin with some killas
Come on","","","Andrew Potter,Aaron Lopez","False","False",
"Audio","6716737c126997c258b704d4","FTI","","BBX, Meechie Murda, Geeku","EDM Spotlight","Dirtysnatcha Records","5/26/2023","5/26/2023",="198342480038","DSR91","$0.91 ($1.29 SRLP) - T3","Dubstep","Released","© 2023 DirtySnatcha Records","℗ 2023 DirtySnatcha Records","","","no",,"","English","False","",,,"10/24/2024","10/24/2024","josh.erickson@ingrooves.com","10/24/2024","10/24/2024",,,"AudioTrack","6716737c126997c258b704d3",="1",="1","FTI","","BBX, Meechie Murda, Geeku","GBWUL2349330","$0.91 ($1.29 SRLP) - T3","Dubstep","English","© 2023 DirtySnatcha Records","℗ 2023 DirtySnatcha Records","Demetrius Luster <Writer>, Demetrius Luster <Composer>, Nakeem Richardson <Writer>, Nakeem Richardson <Composer>, Jordan Reid <Writer>, Jordan Reid <Composer>","LAB10 Publishing <BMI>","yes","","","=""00:04:11""","","yes","no","Fuck the industry
Industry, Industry, Industry, Industry, Industry, Industry, Industry, Industry, Industry, Industry, Industry, Industry, Industry, Industry, 
Fuck the industry
Industry, Industry, Industry, Industry, Industry, Industry, Industry, Industry, Industry, Industry, Industry, Industry, Industry, Industry, 
Fuck the industry
Industry, Industry, Industry, Industry, Industry, Industry, Industry, Industry, Industry, Industry, Industry, Industry, Industry, Industry, 
Fuck the industry
Industry, Industry, Industry, Industry, Industry, Industry, Industry, Industry, 
Fuck the industry
what, what, what, what, what, what, what, what, what, what, what, what, what, what, what, what, what, what, what, what, what, what, what, what, 
Fuck the industry
Industry, Industry, Industry, Industry, Industry, Industry, Industry, Industry, 
Fuck the industry
what, what, what, what, what, what, what, what, what, what, what, what, what, what, what, what, what, what, what, what, what, what, what, what, 
Fuck the industry
haha
The internet
what, what, what, what, what, what, what, what, what, what, what, what, what, what, what, what, what, what, what, what, what, what, what, what, 
Fuck the industry
Industry, Industry, Industry, Industry, Industry, Industry, Industry, Industry, Industry, Industry, Industry, Industry, Industry, Industry,","","","","False","False",
"Audio","6716750ab57030fe904f6ba0","Whoa","","KirbyBright, Devious","EDM Spotlight","Dirtysnatcha Records","5/3/2024","5/3/2024",="198342485866","DSR133","$0.91 ($1.29 SRLP) - T3","Dubstep","Released","© 2024 DirtySnatcha Records","℗ 2024 DirtySnatcha Records","","","no",,"","English","False","",,,"11/5/2024","11/5/2024","josh.erickson@ingrooves.com","11/5/2024","11/5/2024",,,"AudioTrack","6716750ab57030fe904f6b9f",="1",="1","Whoa","","KirbyBright, Devious","GBWUL2431903","$0.91 ($1.29 SRLP) - T3","Dubstep","English","© 2024 DirtySnatcha Records","℗ 2024 DirtySnatcha Records","Sean Bannard <Writer>, Sean Bannard <Composer>, Kirby Bright <Writer>, Kirby Bright <Composer>","DirtySnatcha Records Publishing <ASCAP>","yes","","","=""00:02:27""","","no","no","Whoa pull up 20 deep the homie belt is snapped, like whoa, put 100 down and and put us on the map,
Like whoa
Yall ain’t even know, the place I had to go, In my soul lost a part of me, but now I lose control like whoa","","","Sean Bannard,Kirby Bright","False","False",
"Audio","6716750ab57030fe904f6ba4","Riddimption","","Nothing X Hurts","EDM Spotlight","Dirtysnatcha Records","8/14/2024","8/14/2024",="198622420181","DSR136","$0.91 ($1.29 SRLP) - T3","Dubstep","Released","© 2024 DirtySnatcha Records","℗ 2024 DirtySnatcha Records","","","no",,"","English","False","",,,"10/23/2024","10/23/2024","josh.erickson@ingrooves.com","10/23/2024","10/22/2024",,,"AudioTrack","6716750ab57030fe904f6ba3",="1",="1","Riddimption","","Nothing X Hurts","QZWV32419969","$0.91 ($1.29 SRLP) - T3","Dubstep","English","© 2024 DirtySnatcha Records","℗ 2024 DirtySnatcha Records","Marti Bara <Writer>, Marti Bara <Composer>","DirtySnatcha Records Publishing <ASCAP>","yes","","","=""00:02:17""","","yes","no","Fuck that we're gonna drink til the morning. Drop it like it's'. Fuck that we're gonna drop it like it's. Haa He Hew. Fuck That we're gonna drink til the morning drop it like eww give it to me. Fuck that we're gonna drink til the morning. Drop it like give it ah. Fuck that we're gonna drop it like it. Fuck that ha hew hee hew. Nothing Hurts. Fuck That we're gonna drink til the morning drop it like eww give it to me.","","","","False","False",
"Audio","67166ed7126997c258b6d871","All In","","TruFeelz","EDM Spotlight","Dirtysnatcha Records","8/28/2020","8/28/2020",="198342478707","DSR21","$0.91 ($1.29 SRLP) - T3","Dubstep","Released","© 2020 DirtySnatcha Records","℗ 2020 DirtySnatcha Records","","","no",,"","English","False","",,,"11/4/2024","11/4/2024","josh.erickson@ingrooves.com","11/4/2024","11/4/2024",,,"AudioTrack","67166ed7126997c258b6d870",="1",="1","All In","","TruFeelz","QZ5FN2075138","$0.91 ($1.29 SRLP) - T3","Dubstep","English","© 2020 DirtySnatcha Records","℗ 2020 DirtySnatcha Records","Matthew Thornton <Writer>, Matthew Thornton <Composer>","LAB10 Publishing <BMI>","yes","","","=""00:03:11""","","yes","no","All in my. All in my. All in my head.. All in my head. All in my head. In my head. hold up. put your fucking. put your fucking yeah yeah. put your fucking. jump. All in my. hey you put your fucking hands. put your fucking. All in my head. All in my head. All in my head. In my head. head head head. head. all in my. all in my. all in my. head. fuck that. All in my. head.","","","Matthew Thornton","False","False",
"Audio","67166eda7056a2b18cfd41f1","Break It","","JAYSYX","EDM Spotlight","Dirtysnatcha Records","8/3/2020","8/3/2020",="198342478639","DSR22","$0.91 ($1.29 SRLP) - T3","Dubstep","Released","© 2020 DirtySnatcha Records","℗ 2020 DirtySnatcha Records","","","no",,"","English","False","",,,"10/25/2024","10/25/2024","josh.erickson@ingrooves.com","10/25/2024","10/25/2024",,,"AudioTrack","67166eda7056a2b18cfd41f0",="1",="1","Break It","","JAYSYX","QZ5FN2082238","$0.91 ($1.29 SRLP) - T3","Dubstep","English","© 2020 DirtySnatcha Records","℗ 2020 DirtySnatcha Records","Jordan McLaughlin <Writer>, Jordan McLaughlin <Composer>","Lab10 Publishing <BMI>","yes","","","=""00:03:12""","","no","no","Break it down","","","Jordan McLaughlin","False","False",
"Audio","67166ed07056a2b18cfd40df","Danger","","JAYSYX, AG","EDM Spotlight","Dirtysnatcha Records","11/1/2020","11/1/2020",="198342478998","DSR27","$0.91 ($1.29 SRLP) - T3","Dubstep","Released","© 2020 DirtySnatcha Records","℗ 2020 DirtySnatcha Records","","","no",,"","English","False","",,,"10/28/2024","10/28/2024","josh.erickson@ingrooves.com","10/28/2024","10/28/2024",,,"AudioTrack","67166ed07056a2b18cfd40de",="1",="1","Danger","","JAYSYX, AG","USLZJ2069438","$0.91 ($1.29 SRLP) - T3","Dubstep","English","© 2020 DirtySnatcha Records","℗ 2020 DirtySnatcha Records","Jordan Mclaughlin <Writer>, Jordan Mclaughlin <Composer>, Andrew Garcia <Writer>, Andrew Garcia <Composer>","LAB10 Publishing <BMI>","yes","","","=""00:02:59""","","no","no","Code invalid
System Failure
wait a second, danger
system failure
wait a second
system failure
wait a second
system failure","","","Jordan Mclaughlin,Andrew Garcia","False","False",
"Audio","67166edab57030fe904f1ee8","The Devil","","Hostyle","EDM Spotlight","Dirtysnatcha Records","2/26/2021","2/26/2021",="198342491515","DSR36","$0.91 ($1.29 SRLP) - T3","Dubstep","Released","© 2021 DirtySnatcha Records","℗ 2021 DirtySnatcha Records","","","no",,"","English","False","",,,"10/30/2024","10/30/2024","josh.erickson@ingrooves.com","10/30/2024","10/30/2024",,,"AudioTrack","67166edab57030fe904f1ee7",="1",="1","The Devil","","Hostyle","QZ5FN2170385","$0.91 ($1.29 SRLP) - T3","Dubstep","English","© 2021 DirtySnatcha Records","℗ 2021 DirtySnatcha Records","Riley Young <Writer>, Riley Young <Composer>","DirtySnatcha Records Publishing <ASCAP>","yes","","","=""00:02:49""","","yes","no","Brace yourself for the darkness.
the devil is inside of him
AGHHHHH
Fuck
Brace yourself for the darkness
Victory is inside of you
AGHHHHH
Brace yourself
Fuck
The darkness
fuck","","","Riley Young","False","False",
"Audio","67166ee3126997c258b6d88b","Deviate","","Paragon, Sqishi","EDM Spotlight","Dirtysnatcha Records","5/1/2020","5/1/2020",="198342476390","DSR09","$0.91 ($1.29 SRLP) - T3","Dubstep","Released","© 2020 DirtySnatcha Records","℗ 2020 DirtySnatcha Records","","","no",,"","English","False","",,,"11/4/2024","11/4/2024","josh.erickson@ingrooves.com","11/4/2024","11/3/2024",,,"AudioTrack","67166ee3126997c258b6d88a",="1",="1","Deviate","","Paragon, Sqishi","GBWUL2080841","$0.91 ($1.29 SRLP) - T3","Dubstep","English","© 2020 DirtySnatcha Records","℗ 2020 DirtySnatcha Records","Trey Brackenridge <Writer>, Trey Brackenridge <Composer>, Sabine Capra <Writer>, Sabine Capra <Composer>","DirtySnatcha Records Publishing <ASCAP>","yes","","","=""00:03:07""","","yes","no","Fuck. Fuck. Fuck. Fuck","","","Trey Brackenridge,Sabine Capra","False","False",
"Audio","6716728ab57030fe904f4bbb","Most Dangerous","","Meechie Murda, Geeku, Sinister Bass","EDM Spotlight","Dirtysnatcha Records","8/5/2022","8/5/2022",="198342503812","DSR71","$0.91 ($1.29 SRLP) - T3","Dubstep","Released","© 2022 DirtySnatcha Records","℗ 2022 DirtySnatcha Records","","","no",,"","English","False","",,,"10/31/2024","10/31/2024","josh.erickson@ingrooves.com","10/31/2024","10/31/2024",,,"AudioTrack","6716728ab57030fe904f4bba",="1",="1","Most Dangerous","","Meechie Murda, Geeku, Sinister Bass","GBWUL2241457","$0.91 ($1.29 SRLP) - T3","Dubstep","English","© 2022 DirtySnatcha Records","℗ 2022 DirtySnatcha Records","Mark Remil Aco Ocampo <Writer>, Mark Remil Aco Ocampo <Composer>, Nakeem Richardson <Writer>, Nakeem Richardson <Composer>, Demetrius Luster <Writer>, Demetrius Luster <Composer>","LAB10 Publishing <BMI>","yes","","","=""00:03:01""","","no","no","danger danger danger good bye
Weapons
Weapons Activated","","","Mark Remil Aco Ocampo,Nakeem Richardson,Demetrius Luster","False","False",
"Audio","6716728a126997c258b6fe04","Fog Horn","","Dennett","EDM Spotlight","Dirtysnatcha Records","9/9/2022","9/9/2022",="198342502969","DSR74","$0.91 ($1.29 SRLP) - T3","Dubstep","Released","© 2022 DirtySnatcha Records","℗ 2022 DirtySnatcha Records","","","no",,"","English","False","",,,"10/29/2024","10/29/2024","josh.erickson@ingrooves.com","10/29/2024","10/29/2024",,,"AudioTrack","6716728a126997c258b6fe03",="1",="1","Fog Horn","","Dennett","QZTRX2237730","$0.91 ($1.29 SRLP) - T3","Dubstep","English","© 2022 DirtySnatcha Records","℗ 2022 DirtySnatcha Records","Denny Kouri <Writer>, Denny Kouri <Composer>","DirtySnatcha Records Publishing <ASCAP>","yes","","","=""00:02:10""","","yes","no","danger danger fuck it danger fuck it danger","","","Denny Kouri","False","False",
"Audio","6716728ab57030fe904f4bbf","Sasori","","BBX, Geeku","EDM Spotlight","Dirtysnatcha Records","6/15/2022","6/15/2022",="198342504765","DSR68","$0.91 ($1.29 SRLP) - T3","Dubstep","Released","© 2022 DirtySnatcha Records","℗ 2022 DirtySnatcha Records","","","no",,"","English","False","",,,"10/28/2024","10/28/2024","josh.erickson@ingrooves.com","10/28/2024","10/28/2024",,,"AudioTrack","6716728ab57030fe904f4bbe",="1",="1","Sasori","","BBX, Geeku","GBRKQ2245736","$0.91 ($1.29 SRLP) - T3","Dubstep","Japanese","© 2022 DirtySnatcha Records","℗ 2022 DirtySnatcha Records","Nakeem Richardson <Writer>, Nakeem Richardson <Composer>, Jordan Reid <Writer>, Jordan Reid <Composer>","LAB10 Publishing <BMI>","yes","","","=""00:03:36""","","no","no","これ以上考える必要が。

若槻に入ったときのいざこざ以来じゃないかと。憂鬱な。

文がの。

3代目の性格のバランスシートは。

これ以上の。

暁に入ったときのいざこざ以来だ。いつだったかな。

自分を支えながら。

これ以上お金を使って見たことも。若槻に入ったときのいざこざ以来やらなかったか？唯一だったな。

早く脇の下。

3代目力加減をバランス。

維持を他の人にて。

暁に入ったときのいざこざ以来だ。いつだったかな。

自分を使うのは。

いつだったかな。

あれは。","","","Nakeem Richardson,Jordan Reid","False","False",
"Audio","6716729f7056a2b18cfd6bee","Boss","","Entravert","EDM Spotlight","Dirtysnatcha Records","12/15/2021","12/15/2021",="198342492949","DSR47","$0.91 ($1.29 SRLP) - T3","Dubstep","Released","© 2021 DirtySnatcha Records","℗ 2021 DirtySnatcha Records","","","no",,"","English","False","",,,"10/29/2024","10/29/2024","josh.erickson@ingrooves.com","10/29/2024","10/29/2024",,,"AudioTrack","6716729f7056a2b18cfd6bed",="1",="1","Boss","","Entravert","GBWUL2192869","$0.91 ($1.29 SRLP) - T3","Dubstep","English","© 2021 DirtySnatcha Records","℗ 2021 DirtySnatcha Records","Branden Bush <Writer>, Branden Bush <Composer>","DirtySnatcha Records Publishing <ASCAP>","yes","","","=""00:04:00""","","no","no","You're messing with the boss","","","Branden Bush","False","False",
"Audio","67167378b57030fe904f5746","Drop","","Ennaut","EDM Spotlight","Dirtysnatcha Records","5/19/2023","5/19/2023",="198342480076","DSR90","$0.91 ($1.29 SRLP) - T3","Dubstep","Released","© 2023 DirtySnatcha Records","℗ 2023 DirtySnatcha Records","","","no",,"","English","False","",,,"10/23/2024","10/23/2024","josh.erickson@ingrooves.com","10/23/2024","10/23/2024",,,"AudioTrack","67167378b57030fe904f5745",="1",="1","Drop","","Ennaut","GBWUL2335001","$0.91 ($1.29 SRLP) - T3","Dubstep","English","© 2023 DirtySnatcha Records","℗ 2023 DirtySnatcha Records","Jason Moss <Writer>, Jason Moss <Composer>","DirtySnatcha Records Publishing <ASCAP>","yes","","","=""00:03:24""","","no","no","Its about to drop","","","Jason Moss","False","False",
"Audio","671673787056a2b18cfd7718","Back Seat","","ZURGLIN","EDM Spotlight","Dirtysnatcha Records","8/4/2023","8/4/2023",="198342479735","DSR99","$0.91 ($1.29 SRLP) - T3","Dubstep","Released","© 2023 DirtySnatcha Records","℗ 2023 DirtySnatcha Records","","","no",,"","English","False","",,,"10/29/2024","10/29/2024","josh.erickson@ingrooves.com","10/29/2024","10/29/2024",,,"AudioTrack","671673787056a2b18cfd7717",="1",="1","Back Seat","","ZURGLIN","QZTV32373987","$0.91 ($1.29 SRLP) - T3","Dubstep","English","© 2023 DirtySnatcha Records","℗ 2023 DirtySnatcha Records","Michael Delvenne <Writer>, Michael Delvenne <Composer>","LAB10 Publishing <BMI>","yes","","","=""00:03:10""","","yes","no","im a die but your momma wanna play it
life in a back seat
back back 
aye rich nigga
blank check","","","Michael Delvenne","False","False",
"Audio","6716737a7056a2b18cfd7a64","Bad Vibes","","Brakkit, Dassim","EDM Spotlight","Dirtysnatcha Records","1/6/2023","1/6/2023",="198342497777","DSR85","$0.91 ($1.29 SRLP) - T3","Dubstep","Released","© 2023 DirtySnatcha Records","℗ 2023 DirtySnatcha Records","","","no",,"","English","False","",,,"10/28/2024","10/28/2024","josh.erickson@ingrooves.com","10/28/2024","10/28/2024",,,"AudioTrack","6716737a7056a2b18cfd7a63",="1",="1","Bad Vibes","","Brakkit, Dassim","QZ5FN2303913","$0.91 ($1.29 SRLP) - T3","Dubstep","English","© 2023 DirtySnatcha Records","℗ 2023 DirtySnatcha Records","Jack Daskal <Writer>, Jack Daskal <Composer>, Bailey Annear <Writer>, Bailey Annear <Composer>","LAB10 Publishing <BMI>","yes","","","=""00:04:10""","","no","no","Yeah. Yeah. When I bring me in. So I'mma have to take them out If you got food, then I'm running in. and trust me with that food I'm running out.  doubt. What is it? Let me see. Now I can't teach the best in court if I got kicked out. Oh. Where the heart is. Brand new day. Ain't no time for a spouse. Don't bring bags back into my house.
Get that right over the counter. No, I...
Stay on top. When I come back.
How you bring in the flow that skip.
Back with a back flip.
Don't bring back bad vibes to my house.
back with a back spinner
Beat on top. When I come about.
back with a back spinner
Don't bring back my house.
back with a back spinner
Stay on top when I come about. I'm fine. Track you down. I don't get your song. Ain't nothing like this in pop. Dominic, you don't No homo I'm coming out of the game. No coming back. See you. Me? When it comes to trash. Trash? One less boom. Damn. I get less than I ask for from reaching fishing. Oh, no.
Talk. When I come about. When you hear this sound. This is palm.
You give me the best.
Don't bring back bad vibes to  house. Back with a back spinner
Ladies and gentlemen, that's the more.
Got. When I come about.","","","Jack Daskal,Bailey Annear","False","False",
"Audio","6716737e7056a2b18cfd7a6e","Keep Moving","Aelius, Voyager, Wilco Beats Remix","DirtySnatcha","EDM Spotlight","Dirtysnatcha Records","12/2/2022","12/2/2022",="198342499863","DSR83","$0.91 ($1.29 SRLP) - T3","Dubstep","Released","© 2022 DirtySnatcha Records","℗ 2022 DirtySnatcha Records","","","no",,"","English","False","",,,"10/22/2024","10/22/2024","josh.erickson@ingrooves.com","10/22/2024","10/21/2024",,,"AudioTrack","6716737e7056a2b18cfd7a6d",="1",="1","Keep Moving","Aelius, Voyager, Wilco Beats Remix","DirtySnatcha, Aelius, Voyager, Wilco Beats","QZWDD2263373","$0.91 ($1.29 SRLP) - T3","Dubstep","English","© 2022 DirtySnatcha Records","℗ 2022 DirtySnatcha Records","Leigh Bray <Writer>, Leigh Bray <Composer>","LAB10 Publishing <BMI>","yes","","","=""00:03:42""","","no","no","wanna see ya moving,
Moving
wanna see ya moving,
Moving
wanna see ya moving,  
Moving
wanna see ya moving, 
moving
Wanna Sea ya
See ya moving
Wanna Sea ya
See ya moving
Wanna Sea ya
See ya moving
keep keep moving
keep keep moving

wanna see ya moving","","","Leigh Bray","False","False",
"Audio","6716737e7056a2b18cfd7a72","Need U","Ennaut Remix","DirtySnatcha, Autokorekt","EDM Spotlight","Dirtysnatcha Records","11/18/2022","11/18/2022",="198342500538","DSR82","$0.91 ($1.29 SRLP) - T3","Dubstep","Released","© 2022 DirtySnatcha Records","℗ 2022 DirtySnatcha Records","","","no",,"","English","False","",,,"10/30/2024","10/30/2024","josh.erickson@ingrooves.com","10/30/2024","10/30/2024",,,"AudioTrack","6716737e7056a2b18cfd7a71",="1",="1","Need U","Ennaut Remix","DirtySnatcha, Autokorekt","QZWDD2263341","$0.91 ($1.29 SRLP) - T3","Dubstep","English","© 2022 DirtySnatcha Records","℗ 2022 DirtySnatcha Records","Anthony Autolino <Writer>, Anthony Autolino <Composer>, Jason Moss <Writer>, Jason Moss <Composer>, Leigh Bray <Writer>, Leigh Bray <Composer>","LAB10 Publishing <BMI>, DirtySnatcha Records Publishing <ASCAP>","yes","","","=""00:03:58""","","no","no","I need all of you. I need you. I need you. you you you. I need all of you. Drop wobbles and rocks before the bass hits. Lets Go. I need you you you. I need you you. Drop the wobbles and rocks before the bass hits. Lets get it. I need all of you. I need you. I need you you you. I need you I need all of you. I need you. I need you. Drop the wobble I need","","","Jason Moss","False","False",
"Audio","6716750e126997c258b71618","Apple Sowce","","Autokorekt","EDM Spotlight","Dirtysnatcha Records","5/24/2024","5/24/2024",="198342768341","DSR134","$0.91 ($1.29 SRLP) - T3","Dubstep","Released","© 2024 DirtySnatcha Records","℗ 2024 DirtySnatcha Records","","","no",,"","English","False","",,,"10/23/2024","10/23/2024","josh.erickson@ingrooves.com","10/23/2024","10/23/2024",,,"AudioTrack","6716750e126997c258b71617",="1",="1","Apple Sowce","","Autokorekt","QZTRX2474922","$0.91 ($1.29 SRLP) - T3","Dubstep","English","© 2024 DirtySnatcha Records","℗ 2024 DirtySnatcha Records","Anthony Autolino <Writer>, Anthony Autolino <Composer>","LAB10 Publishing <BMI>","yes","","","=""00:03:12""","","no","no","Autocorrect or Auto Getting faded, we expected they gon' hate it They ain't wanna see us make it Now they salty cuz we made it We ridin' in that old school Chevy with the top back Butterfly dose, watch him flutter when I stop that Know the way I frost, baby, drippin' diamonds in the cross Wood plane, grippin' with the gauze, know that had to cost See me lane switchin' in the whip, color applesauce See me lane switchin' in the whip, color applesauce Why you tryna ride with the pits if you just a pup? Why the hell you keep rollin' dice when you add a lump? Why the hell would I even care? I done had enough Why you tryna act stand up? You know you a dump Ridin' in that old school Chevy with a tap back Butterfly blues, watch me follow when I stop that Game in my palm, ain't no way I'll ever trap that Big stage, drinkin' on the roll, look at my back Ridin' in that old school Chevy with a tap back Butterfly blues, watch me follow when I stop that Game in my palm, ain't no way I'll ever trap that Big stage, drinkin' on the roll, look at my back Switchin' in the whip, color applesauce Pop, pop, pop, pop, swatchin' on the whip Color applesauce, pop, color only lane Switchin' in the whip, see me lane switchin' in the whip Color applesauce, see me lane switchin' in the whip Pop, pop, pop, pop, switchin' in the whip Color applesauce, pop, color only lane Switchin' in the whip, see me lane switchin' in the whip Color applesauce, see me lane switchin' in the whip Gettin' fettin' faded, we expect that they gon' hate it They ain't wanna see us make it, now they salty cause we made it Ridin' in that old school Chevy with a tap back Butterfly blues, watch me follow when I stop that Game in my palm, ain't no way I'll ever trap that Big stage, drinkin' on the roll, look at my back Game in my palm, ain't no way I'll ever trap that Big stage, drinkin' on the roll, look at my back Why you tryna ride with them pits if you just a pup? Why the hell you keep rollin' dice when you rattle up? Why the hell would I even care, I done had enough Why you tryna act stand up, you know you a thug Switchin' in the whip, color applesauce Pop, pop, pop, pop, switchin' in the whip Color applesauce, pop, color only lane Switchin' in the whip, color applesauce See me lane switchin' in the whip Color applesauce, pop, pop, pop, switchin' in the whip Color applesauce, pop, color only lane Switchin' in the whip, see me lane switchin' in the whip Color applesauce, see me lane switchin' in the whip","","","Anthony Autolino","False","False",
"Audio","6716750fb57030fe904f6bb4","Tartarus","","CRiiOZ","EDM Spotlight","Dirtysnatcha Records","2/16/2024","2/16/2024",="198342042182","DSR127","$4.20 ($5.99 SRLP) - S6","Dubstep","Released","© 2024 DirtySnatcha Records","℗ 2024 DirtySnatcha Records","","","no",,"","English","False","",,,"10/24/2024","10/24/2024","josh.erickson@ingrooves.com","10/24/2024","10/24/2024",,,"AudioTrack","6716750fb57030fe904f6baf",="1",="1","In The Walls","","CRiiOZ","USLZJ2405562","$0.91 ($1.29 SRLP) - T3","Dubstep","English","© 2024 DirtySnatcha Records","℗ 2024 DirtySnatcha Records","Colton Maynard <Writer>, Colton Maynard <Composer>","LAB10 Publishing <BMI>","yes","","","=""00:02:24""","","no","no","I’m in your walls 
Hahaha
Hahaha
Hahaha
Hahaha
I’m in your walls 
Hahaha
Hahaha
Hahaha
Hahaha","","","Colton Maynard","False","False",
"Audio","6716750fb57030fe904f6bb4","Tartarus","","CRiiOZ","EDM Spotlight","Dirtysnatcha Records","2/16/2024","2/16/2024",="198342042182","DSR127","$4.20 ($5.99 SRLP) - S6","Dubstep","Released","© 2024 DirtySnatcha Records","℗ 2024 DirtySnatcha Records","","","no",,"","English","False","",,,"10/24/2024","10/24/2024","josh.erickson@ingrooves.com","10/24/2024","10/24/2024",,,"AudioTrack","6716750fb57030fe904f6bb0",="1",="2","Watch Out","","CRiiOZ","USLZJ2405588","$0.91 ($1.29 SRLP) - T3","Dubstep","English","© 2024 DirtySnatcha Records","℗ 2024 DirtySnatcha Records","Colton Maynard <Writer>, Colton Maynard <Composer>","LAB10 Publishing <BMI>","yes","","","=""00:03:00""","","no","no","Watch out watch out 
you run
Watch out watch out
Watch out watch out 
Watch out watch out 
Watch out watch out 
You pray for your life 
Watch out watch out 
you run
Leech I see the worst 
Hahahaha
You pray for your life
Watch out watch out 
you run","","","Colton Maynard","False","False",
"Audio","6716750fb57030fe904f6bb4","Tartarus","","CRiiOZ","EDM Spotlight","Dirtysnatcha Records","2/16/2024","2/16/2024",="198342042182","DSR127","$4.20 ($5.99 SRLP) - S6","Dubstep","Released","© 2024 DirtySnatcha Records","℗ 2024 DirtySnatcha Records","","","no",,"","English","False","",,,"10/24/2024","10/24/2024","josh.erickson@ingrooves.com","10/24/2024","10/24/2024",,,"AudioTrack","6716750fb57030fe904f6bb1",="1",="3","Psycho","","CRiiOZ, DSTRTN","USLZJ2405590","$0.91 ($1.29 SRLP) - T3","Dubstep","English","© 2024 DirtySnatcha Records","℗ 2024 DirtySnatcha Records","Bryden Turcotte <Writer>, Bryden Turcotte <Composer>, Colton Maynard <Writer>, Colton Maynard <Composer>","LAB10 Publishing <BMI>","yes","","","=""00:02:01""","","yes","no","Hahahaha
Hahuha
Hahahaha
Hahahaha
You’re dead 
Dead 
Dead 
Dead
Fucking dead
I’ll fucking kill you 
Fuck up the party 
Fu-fu-fuck up the party
Fu-fu-fuck up the party
Fu-fu-fuck up the party
Kill
Fu-fu-fuck up the party
Fu-fu-fuck up the party
Fu-fu-fuck up the party
Hahahaha
Hahuha
Hahahaha
Hahahaha
I’ll fucking kill you","","","Colton Maynard,Bryden Turcotte","False","False",
"Audio","6716750fb57030fe904f6bb4","Tartarus","","CRiiOZ","EDM Spotlight","Dirtysnatcha Records","2/16/2024","2/16/2024",="198342042182","DSR127","$4.20 ($5.99 SRLP) - S6","Dubstep","Released","© 2024 DirtySnatcha Records","℗ 2024 DirtySnatcha Records","","","no",,"","English","False","",,,"10/24/2024","10/24/2024","josh.erickson@ingrooves.com","10/24/2024","10/24/2024",,,"AudioTrack","6716750fb57030fe904f6bb2",="1",="4","Trust","","CRiiOZ","USLZJ2405591","$0.91 ($1.29 SRLP) - T3","Dubstep","English","© 2024 DirtySnatcha Records","℗ 2024 DirtySnatcha Records","Colton Maynard <Writer>, Colton Maynard <Composer>","LAB10 Publishing <BMI>","yes","","","=""00:02:54""","","no","no","They are everywhere for you 
They are everywhere for you 
They are everywhere for you 
They are everywhere for you 
CRiiOZ 
Trust is nothing 
CRiiOZ 
They are everywhere for you 
They are everywhere for you","","","Colton Maynard","False","False",
"Audio","6716750fb57030fe904f6bb4","Tartarus","","CRiiOZ","EDM Spotlight","Dirtysnatcha Records","2/16/2024","2/16/2024",="198342042182","DSR127","$4.20 ($5.99 SRLP) - S6","Dubstep","Released","© 2024 DirtySnatcha Records","℗ 2024 DirtySnatcha Records","","","no",,"","English","False","",,,"10/24/2024","10/24/2024","josh.erickson@ingrooves.com","10/24/2024","10/24/2024",,,"AudioTrack","6716750fb57030fe904f6bb3",="1",="5","Let Go","","CRiiOZ","USLZJ2405592","$0.91 ($1.29 SRLP) - T3","Dubstep","English","© 2024 DirtySnatcha Records","℗ 2024 DirtySnatcha Records","Colton Maynard <Writer>, Colton Maynard <Composer>","Lab10 Publishing <BMI>","yes","","","=""00:02:37""","","yes","no","Put your fucking hands up 
Hands up 
Hands up 
Hands up 
Hands up 
Hands up 
Hands up 
Put your fucking hands up 
Let me go 
Let me go 
Go
Let me go 
Go
CRiiOZ","","","Colton Maynard","False","False",
"Audio","67167373b57030fe904f5658","Flashback","","Rest N Piecez","EDM Spotlight","Dirtysnatcha Records","8/1/2023","8/1/2023",="198342479797","DSR97","$0.91 ($1.29 SRLP) - T3","Dubstep","Released","© 2023 DirtySnatcha Records","℗ 2023 DirtySnatcha Records","","","no",,"","English","False","",,,"11/4/2024","11/4/2024","josh.erickson@ingrooves.com","11/4/2024","11/2/2024",,,"AudioTrack","67167373b57030fe904f5657",="1",="1","Flashback","","Rest N Piecez","QZTV32366742","$0.91 ($1.29 SRLP) - T3","Dubstep","English","© 2023 DirtySnatcha Records","℗ 2023 DirtySnatcha Records","Chris Smith <Writer>, Chris Smith <Composer>","DirtySnatcha Records Publishing <ASCAP>","yes","","","=""00:02:55""","","no","no","Rest N Piecez. Flashback, flashback, flashback, flashback, flashback, flashback, flashback, flashback, flashback, flashback, flashback, flashback, flashback, flashback. Anything clap back. Bass. Flashback. Anything clap that okay. yeah yeah yeah yeah . flashback. Flashback, flashback, flashback, flashback, flashback, flashback, flashback, flashback, flashback, flashback, flashback, flashback, flashback, flashback. Anything clap back. Bass Okay. Flashback anything clap that piecez. flashback anything clap that. Flashback, flashback, flashback, flashback, flashback, flashback, flashback, flashback, flashback, flashback, flashback, flashback, flashback, flashback. Anything clap back. Bass.okay. Flashback anything clap that bass. Okay. Flashback anything clap that","","","Chris Smith","False","False",
"Audio","671673797056a2b18cfd771c","Spectre Season","","Artifact","EDM Spotlight","Dirtysnatcha Records","9/12/2023","9/12/2023",="198342479643","DSR101","$0.91 ($1.29 SRLP) - T3","Dubstep","Released","© 2023 DirtySnatcha Records","℗ 2023 DirtySnatcha Records","","","no",,"","English","False","",,,"10/24/2024","10/24/2024","josh.erickson@ingrooves.com","10/24/2024","10/24/2024",,,"AudioTrack","671673797056a2b18cfd771b",="1",="1","Spectre Season","","Artifact","QZWDD2336449","$0.91 ($1.29 SRLP) - T3","Dubstep","English","© 2023 DirtySnatcha Records","℗ 2023 DirtySnatcha Records","Jake Davies <Writer>, Jake Davies <Composer>","DirtySnatcha Records Publishing <ASCAP>","yes","","","=""00:03:44""","","no","no","You can't hide from me

You can't hide from me","","","Jake Davies","False","False",
"Audio","6716737c7056a2b18cfd7a6a","Stepbro","","SkInZ feat. Chase the Dream","EDM Spotlight","Dirtysnatcha Records","3/24/2023","3/24/2023",="198342492253","DSR87","$0.91 ($1.29 SRLP) - T3","Dubstep","Released","© 2023 DirtySnatcha Records","℗ 2023 DirtySnatcha Records","","","no",,"","English","False","",,,"11/4/2024","11/4/2024","josh.erickson@ingrooves.com","11/4/2024","11/3/2024",,,"AudioTrack","6716737c7056a2b18cfd7a69",="1",="1","Stepbro","","SkInZ feat. Chase the Dream","USLZJ2310807","$0.91 ($1.29 SRLP) - T3","Dubstep","English","© 2023 DirtySnatcha Records","℗ 2023 DirtySnatcha Records","Chase Downey <Writer>, Chase Downey <Composer>, Blake Skinner <Writer>, Blake Skinner <Composer>","LAB10 Publishing <BMI>","yes","","","=""00:03:44""","","yes","no","Don't try to play with Me
This seasoned beef 
Is savory
In a Pontiac  smoking blunts we off avery
Please Don't try to criticize me there's a haters fee
Please don't try to analyze me
This a killing spree
Off the rocker
Only thing it really ever seems to be
Off the vodka
Peanut gallery just wanna sip the tea
About that action
Thats the reason why they call me chase the dream
never acting 
Photograph it put me on the movie screens
I been waiting for the light
Bitch im on death row
I'm on these stages
See you way back in the tenth row
I'll be sure to let your girl know when I get home
Raw dog the industry 
Youd think I was it's step bro
They can't let go
They see I'm on 10 toes
She gotta habit I can tell just by her red nose
Stank breath haters
Give they ass a mentos
Every statement that I make
Know I meant those
HaHa 
Skinz and Chase the dream baby","","","Blake Skinner,Chase Downey","False","False",
"Audio","67166ed0b57030fe904f1ed8","Kinda Sus","","Akronym","EDM Spotlight","Dirtysnatcha Records","12/4/2020","12/4/2020",="198342479100","DSR30","$0.91 ($1.29 SRLP) - T3","Dubstep","Released","© 2020 DirtySnatcha Records","℗ 2020 DirtySnatcha Records","","","no",,"","English","False","",,,"10/24/2024","10/24/2024","josh.erickson@ingrooves.com","10/24/2024","10/24/2024",,,"AudioTrack","67166ed0b57030fe904f1ed7",="1",="1","Kinda Sus","","Akronym","GBRKQ2026555","$0.91 ($1.29 SRLP) - T3","Dubstep","English","© 2020 DirtySnatcha Records","℗ 2020 DirtySnatcha Records","Joseph Torres <Writer>, Joseph Torres <Composer>","DirtySnatcha Records Publishing <ASCAP>","yes","","","=""00:04:12""","","yes","no","Here we go
Akronym seems kinda sus
What are you doing step
Wait a minute, something ain't right
(Yelling)
taste
bro im never the fucking imposter,  it's bullshit bro
here we goooo
akronym seems kinda sus
what are you doing step
wait a minute, something ain't right
(yelling)
taste","","","Joseph Torres","False","False",
"Audio","67166ed97056a2b18cfd41ed","Bringing The Bass","","Scafetta feat. Chase the Dream","EDM Spotlight","Dirtysnatcha Records","2/12/2021","2/12/2021",="198342491348","DSR35","$0.91 ($1.29 SRLP) - T3","Dubstep","Released","© 2021 DirtySnatcha Records","℗ 2021 DirtySnatcha Records","","","no",,"","English","False","",,,"11/6/2024","11/6/2024","josh.erickson@ingrooves.com","11/6/2024","11/5/2024",,,"AudioTrack","67166ed97056a2b18cfd41ec",="1",="1","Bringing The Bass","","Scafetta feat. Chase the Dream","QZ5FN2153036","$0.91 ($1.29 SRLP) - T3","Dubstep","English","© 2021 DirtySnatcha Records","℗ 2021 DirtySnatcha Records","David Scafetta <Writer>, David Scafetta <Composer>, Chase Downey <Writer>, Chase Downey <Composer>","LAB10 Publishing <BMI>","yes","","","=""00:03:18""","","no","no","Life a battlefield 
When living with these lavishes
Ill take a tab of acid
Feel it make me way more talented
Life has balances
But sipping from these chalices
The cause of my paralysis
With catalyst hands ill handle it
We back in the trenches
We down in the dirt
Heart full of hurt
We stuck in our ways
Dont do it for fame
We do it for yall
We Bringing the bass
We back in the trenches
We bring Bringing the bass
Scafetta be bringing the bass
Hallucinations 
Got me thinking im crazy
Just rave my day away tripping with the prettiest ladies
So underrated always faded
Everydays a vacation
Worked hard for this moment way too long ive been waiting
We back in the trenches
We down in the dirt
Heart full of hurt
We stuck in our ways
Dont do it for fame
We do it for yall
We Bringing the bass
We back in the trenches

We bring Bringing the bass
Scafetta be bringing the bass","","","David Scafetta,Chase Downey","False","False",
"Audio","67166ed47056a2b18cfd40eb","BIG UPS","","RAZR, Vastive","EDM Spotlight","Dirtysnatcha Records","9/18/2020","9/18/2020",="198342478684","DSR24","$0.91 ($1.29 SRLP) - T3","Dubstep","Released","© 2020 DirtySnatcha Records","℗ 2020 DirtySnatcha Records","","","no",,"","English","False","",,,"11/4/2024","11/4/2024","josh.erickson@ingrooves.com","11/4/2024","11/2/2024",,,"AudioTrack","67166ed47056a2b18cfd40ea",="1",="1","BIG UPS","","RAZR, Vastive","USLZJ2023938","$0.91 ($1.29 SRLP) - T3","Dubstep","English","© 2020 DirtySnatcha Records","℗ 2020 DirtySnatcha Records","Joel Hinch <Writer>, Joel Hinch <Composer>, Samuel Vargas <Writer>, Samuel Vargas <Composer>","LAB10 Publishing <BMI>","yes","","","=""00:04:03""","","no","no","Big ups to the hardest yet. Are you ready. Do it. Clear. Yeah. Big ups. Big ups to the hardest. Run it up. Yeah. What do you feel. Check. Yeah. Check. Its to the hardest. Ooh oh. Oooh. Big ups to the hardest yet. Area you ready. Big ups to the hardest yeah. Psych. Yeah. Run it up. Big ups to the harest yeah yeah yeah big ups. Switch the beat beat on em. Yeah. Yeah. Big ups to the hardest.","","","Joel Hinch,Samuel Vargas","False","False",
"Audio","67166edd7056a2b18cfd41f8","Bluntz","","Flatland Funk feat. Blupill","EDM Spotlight","Dirtysnatcha Records","12/21/2020","12/21/2020",="198342491294","DSR31","$0.91 ($1.29 SRLP) - T3","Dubstep","Released","© 2020 DirtySnatcha Records","℗ 2020 DirtySnatcha Records","","","no",,"","English","False","",,,"11/6/2024","11/6/2024","josh.erickson@ingrooves.com","11/6/2024","11/5/2024",,,"AudioTrack","67166edd7056a2b18cfd41f7",="1",="1","Bluntz","","Flatland Funk feat. Blupill","GBRKQ2041356","$0.91 ($1.29 SRLP) - T3","Dubstep","English","© 2020 DirtySnatcha Records","℗ 2020 DirtySnatcha Records","Jared Anderson <Writer>, Jared Anderson <Composer>, Daniel Bartake <Writer>, Daniel Bartake <Composer>","LAB10 Publishing <BMI>","yes","","","=""00:03:37""","","yes","no","Flatland!
Mister funk
Blue pill!
Man on the muck!
Ain't nobody messing with the pill!
Big bitch you know I always keep it real!
Said the wrong words, but still!
I'm smokin' every meal, every meal, every meal, every meal, every meal, every meal, every meal, every meal, every meal, every meal, every meal, every meal, every meal, every meal, every meal, every meal, every meal, every meal, every meal, every meal, every meal, every meal, every meal, every meal, every meal, every meal, every meal, every meal, every meal, every meal, every meal, every meal, every meal, every meal, every meal, every meal, every meal, every meal, every meal, every meal, every meal, every meal, every meal, every meal, every meal, every meal, every meal, every meal, every meal, every meal, every meal, every meal, every meal, every meal, every meal, every meal, every meal, every meal, every meal, every meal, every meal, every meal, every meal, every meal, every meal, every meal, every meal, every meal, every meal, every meal, every meal, every meal, every meal, every meal, every meal, every meal, every meal, every meal, every meal, every meal, every meal, every meal, every meal, every meal, every meal, every meal, every meal, every meal, every meal, every meal, every meal, every meal, every meal, every meal, every meal, every meal, every meal, every meal, every meal, every meal, every meal, every meal, every meal, every meal, every meal, every meal
Bitch, I'm smokin' every meal, every meal, every meal, every meal, every meal, every meal
Every meal, every meal
Bitch, I'm smokin' every meal
I feel
Smokin' down Flatline
Ain't nobody messin' with the pill
Bitch, bitch, you know I always keep it real
Say the wrong word, need my skill
Never pass around the blunt
Bitch, I'm smokin' every meal
Every meal, every meal
Bitch, I'm smokin' every meal
Every meal, every meal
Bitch, I'm smokin' every meal
I feel
Smokin' down I feel
Bitch, I'm smokin' every meal
I feel
Smokin' down I feel","","","Jared Anderson,Daniel Bartake","False","False",
"Audio","67166ee4126997c258b6d88f","Chin Check","","Spiritual Gangsters","EDM Spotlight","Dirtysnatcha Records","4/24/2020","4/24/2020",="198342476383","DSR08","$0.91 ($1.29 SRLP) - T3","Dubstep","Released","© 2020 DirtySnatcha Records","℗ 2020 DirtySnatcha Records","","","no",,"","English","False","",,,"11/4/2024","11/4/2024","josh.erickson@ingrooves.com","11/4/2024","11/4/2024",,,"AudioTrack","67166ee4126997c258b6d88e",="1",="1","Chin Check","","Spiritual Gangsters","GBWUL2075629","$0.91 ($1.29 SRLP) - T3","Dubstep","English","© 2020 DirtySnatcha Records","℗ 2020 DirtySnatcha Records","Derek Glowacki <Writer>, Derek Glowacki <Composer>","DirtySnatcha Records Publishing <ASCAP>","yes","","","=""00:03:25""","","no","no","get your chin check. Get your chin check. Get your chin check","","","Derek Glowacki","False","False",
"Audio","67166ee57056a2b18cfd4426","Westside Rollin","CHRMNDRS Remix","DirtySnatcha","EDM Spotlight","Dirtysnatcha Records","11/15/2019","11/15/2019",="198342475133","DSR03","$0.91 ($1.29 SRLP) - T3","Dubstep","Released","© 2019 DirtySnatcha Records","℗ 2019 DirtySnatcha Records","","","no",,"","English","False","",,,"10/31/2024","10/31/2024","josh.erickson@ingrooves.com","10/31/2024","10/31/2024",,,"AudioTrack","67166ee57056a2b18cfd4425",="1",="1","Westside Rollin","CHRMNDRS Remix","DirtySnatcha","GBWUL1920889","$0.91 ($1.29 SRLP) - T3","Dubstep","English","© 2019 DirtySnatcha Records","℗ 2019 DirtySnatcha Records","Leigh Bray <Writer>, Leigh Bray <Composer>","LAB10 Publishing <BMI>","yes","","","=""00:02:52""","","no","no","Westside Westiside side rollin and I'm ducking when i see smoke. chrmndrs.","","","Leigh Bray,Christopher Legris","False","False",
"Audio","67166ed67056a2b18cfd40ef","Clapped","","SkInZ feat. Emmbers","EDM Spotlight","Dirtysnatcha Records","1/22/2021","1/22/2021",="198342491324","DSR34","$0.91 ($1.29 SRLP) - T3","Dubstep","Released","© 2021 DirtySnatcha Records","℗ 2021 DirtySnatcha Records","","","no",,"","English","False","",,,"11/4/2024","11/4/2024","josh.erickson@ingrooves.com","11/4/2024","11/3/2024",,,"AudioTrack","67166ed67056a2b18cfd40ee",="1",="1","Clapped","","SkInZ feat. Emmbers","QZ5FN2121223","$0.91 ($1.29 SRLP) - T3","Dubstep","English","© 2021 DirtySnatcha Records","℗ 2021 DirtySnatcha Records","Victoria Hill <Writer>, Blake Skinner <Writer>, Blake Skinner <Composer>","DirtySnatcha Records Publishing <ASCAP>","yes","","","=""00:03:05""","","yes","no","Clapped bitch. oohhhh ohhh ohhh ohh oh. oh ohhh. ohhh. oh oh ohh ohh heyyy heyy hey. oh oh oh oh. ohhhh oh. Psyche. Ohh ohhh. bitch. oh oh oh ohhh. clapped bitch. oh oh ohh. Psyche","","","Blake Skinner","False","False",
"Audio","67166ed7126997c258b6d86d","Demon Hunter","","Zubah","EDM Spotlight","Dirtysnatcha Records","5/22/2020","5/22/2020",="198342478141","DSR16","$0.91 ($1.29 SRLP) - T3","Dubstep","Released","© 2020 DirtySnatcha Records","℗ 2020 DirtySnatcha Records","","","no",,"","English","False","",,,"10/29/2024","10/29/2024","josh.erickson@ingrooves.com","10/29/2024","10/29/2024",,,"AudioTrack","67166ed7126997c258b6d86c",="1",="1","Demon Hunter","","Zubah","QZ5FN2003847","$0.91 ($1.29 SRLP) - T3","Dubstep","No Linguistic Content","© 2020 DirtySnatcha Records","℗ 2020 DirtySnatcha Records","Theo Zubah <Writer>, Theo Zubah <Composer>","LAB10 Publishing <BMI>","yes","","","=""00:03:45""","","no","no","","","","Theo Zubah","False","False",
"Audio","67166ee7b57030fe904f20cb","Wake Up","","LUC","EDM Spotlight","Dirtysnatcha Records","5/19/2020","5/19/2020",="198342476710","DSR15","$0.91 ($1.29 SRLP) - T3","Dubstep","Released","© 2020 DirtySnatcha Records","℗ 2020 DirtySnatcha Records","","","no",,"","English","False","",,,"10/31/2024","10/31/2024","josh.erickson@ingrooves.com","10/31/2024","10/31/2024",,,"AudioTrack","67166ee7b57030fe904f20ca",="1",="1","Wake Up","","LUC","QZ5FN2003053","$0.91 ($1.29 SRLP) - T3","Dubstep","English","© 2020 DirtySnatcha Records","℗ 2020 DirtySnatcha Records","Lucas Powers <Writer>, Lucas Powers <Composer>","DirtySnatcha Records Publishing <ASCAP>","yes","","","=""00:03:02""","","no","no","L U  C. When I wake up. Take me away","","","Lucas Powers","False","False",
"Audio","67166ee77056a2b18cfd442a","Need U","Dobadlyy Remix","DirtySnatcha, Autokorekt","EDM Spotlight","Dirtysnatcha Records","1/8/2021","1/8/2021",="198342491317","DSR33","$0.91 ($1.29 SRLP) - T3","Dubstep","Released","© 2021 DirtySnatcha Records","℗ 2021 DirtySnatcha Records","","","no",,"","English","False","",,,"10/30/2024","10/30/2024","josh.erickson@ingrooves.com","10/30/2024","10/30/2024",,,"AudioTrack","67166ee77056a2b18cfd4429",="1",="1","Need U","Dobadlyy Remix","DirtySnatcha, Autokorekt","QZ5FN2114150","$0.91 ($1.29 SRLP) - T3","Dubstep","English","© 2021 DirtySnatcha Records","℗ 2021 DirtySnatcha Records","Leigh Bray <Writer>, Leigh Bray <Composer>, Anthony Autolino <Writer>, Anthony Autolino <Composer>","LAB10 Publishing <BMI>","yes","","","=""00:04:00""","","no","no","I need all of you. I need you. I need you. you you you. I need all of you. Drop wobbles and rocks before the bass hits. Lets Go. I need you you you. I need you you. Drop the wobbles and rocks before the bass hits. Lets get it. I need all of you. I need you. I need you you you. I need you I need all of you. I need you. I need you. Drop the wobble I need 

it's time to maush
its time to maush
its time to maush
its time to maush","","","Joseph Shestko,Michael Stevens","False","False",
"Audio","6716728db57030fe904f4bc3","Riptide","","David Vance, Blue","EDM Spotlight","Dirtysnatcha Records","7/1/2022","7/1/2022",="198342508046","DSR64","$0.91 ($1.29 SRLP) - T3","Dubstep","Released","© 2022 DirtySnatcha Records","℗ 2022 DirtySnatcha Records","","","no",,"","English","False","",,,"10/29/2024","10/29/2024","josh.erickson@ingrooves.com","10/29/2024","10/29/2024",,,"AudioTrack","6716728db57030fe904f4bc2",="1",="1","Riptide","","David Vance, Blue","GBRKQ2211179","$0.91 ($1.29 SRLP) - T3","Dubstep","English","© 2022 DirtySnatcha Records","℗ 2022 DirtySnatcha Records","Christopher Michael Harris <Writer>, Christopher Michael Harris <Composer>, David Austin Vance <Writer>, David Austin Vance <Composer>","LAB10 Publishing <BMI>","yes","","","=""00:03:18""","","no","no","I keep on trying to swim but I drift away 

There’s sometime about you memory I can’t escape 

You’re flooding my head and I’m starting to drown 

I’m reaching for air but you’re pulling me down 

You’re my riptide ahhh ide ahhh ide 

You’re my riptide ahhh ide ahhh ide 

You’re my riptide 

I know that it’s been years but it’s feeling like days…

There’s sometime about your memory I can’t replace…

You’re flooding my head and I’m starting to drown 

I’m reaching for air but you’re pulling me down 

You’re my riptide ahhh ide ahhh ide 

You’re my riptide ahhh ide ahhh ide 

You’re my riptide","","","Christopher Michael Harris,David Austin Vance","False","False",
"Audio","6716728d126997c258b6fe0c","Suffer","","Phobos & Deimos","EDM Spotlight","Dirtysnatcha Records","9/2/2022","9/2/2022",="198342503287","DSR73","$0.91 ($1.29 SRLP) - T3","Dubstep","Released","© 2022 DirtySnatcha Records","℗ 2022 DirtySnatcha Records","","","no",,"","English","False","",,,"11/4/2024","11/4/2024","josh.erickson@ingrooves.com","11/4/2024","11/2/2024",,,"AudioTrack","6716728d126997c258b6fe0b",="1",="1","Suffer","","Phobos & Deimos","QZTRX2218697","$0.91 ($1.29 SRLP) - T3","Dubstep","English","© 2022 DirtySnatcha Records","℗ 2022 DirtySnatcha Records","Sebastian Estevanott <Writer>, Sebastian Estevanott <Composer>, Bardy Estevanott <Writer>, Bardy Estevanott <Composer>","DirtySnatcha Records Publishing <ASCAP>","yes","","","=""00:02:55""","","no","no","How many sins have you committed against me? Your soul is mine. Suffer. Suffer. Your sould is mine. I'll see you suffer as I have suffered. Your sould is mine. Your soul is mine","","","Sebastian Estevanott,Bardy Estevanott","False","False",
"Audio","6716728eb57030fe904f4c9b","Riddim Whistle","","Dennett","EDM Spotlight","Dirtysnatcha Records","7/4/2022","7/4/2022",="198342507902","DSR62","$0.91 ($1.29 SRLP) - T3","Dubstep","Released","© 2022 DirtySnatcha Records","℗ 2022 DirtySnatcha Records","","","no",,"","English","False","",,,"10/29/2024","10/29/2024","josh.erickson@ingrooves.com","10/29/2024","10/29/2024",,,"AudioTrack","6716728eb57030fe904f4c9a",="1",="1","Riddim Whistle","","Dennett","GBRKQ2204623","$0.91 ($1.29 SRLP) - T3","Dubstep","English","© 2022 DirtySnatcha Records","℗ 2022 DirtySnatcha Records","Denny Kouri <Writer>, Denny Kouri <Composer>","DirtySnatcha Records Publishing <ASCAP>","yes","","","=""00:02:17""","","yes","no","fuck that
fuck that","","","Denny Kouri","False","False",
"Audio","6716728e126997c258b6fe10","As I Am","","Cabuizee, Raddix","EDM Spotlight","Dirtysnatcha Records","6/17/2022","6/17/2022",="198342504413","DSR69","$0.91 ($1.29 SRLP) - T3","Dubstep","Released","© 2022 DirtySnatcha Records","℗ 2022 DirtySnatcha Records","","","no",,"","English","False","",,,"10/28/2024","10/28/2024","josh.erickson@ingrooves.com","10/28/2024","10/28/2024",,,"AudioTrack","6716728e126997c258b6fe0f",="1",="1","As I Am","","Cabuizee, Raddix","GBRKQ2245754","$0.91 ($1.29 SRLP) - T3","Dubstep","English","© 2022 DirtySnatcha Records","℗ 2022 DirtySnatcha Records","Joshua Martin <Writer>, Joshua Martin <Composer>, Michael Caabay <Writer>, Michael Caabay <Composer>","LAB10 Publishing <BMI>","yes","","","=""00:03:05""","","no","no","He. Is. You ain't the first stop on this journey for me. And I don't wanna go further. I'm running low on gasoline. And I find beauty in the madness. Through the sadness, I saw the light come through. Am I judging myself on what I can't help? I found myself in. You take me as I am, and I love you for who you are.

Just take me aside. Yeah. Me.

You take me as I am. I love you for who you are. You take me as I am. Oh.

I still love you for who you are. Just take me as I am. And he. I can think of a million reasons why I'm no good for you. I'm blessed to be bad with you. I'd be lying if that ever stopped me from running to you. Ain't that the truth? I just keep on over. You won't see my pain.

I'm trying my best to be myself again. Your sabotage could bring me back to life. Make me and my. I love you, love you, I love you. I'll take you if you want. Take me as I am. I know how I love you, but with you, I just take me as I am.

You're the...

Thing. And I mean, I love you. You. You make me as I am.

I still love you for who you are. Just take me as I... You. Oh, hey.","","","Joashua Martin,Michael Caabay","False","False",
"Audio","6716729f126997c258b6ff0e","Scorpion","","Torcha","EDM Spotlight","Dirtysnatcha Records","5/23/2022","5/23/2022",="198342501160","DSR57","$0.91 ($1.29 SRLP) - T3","Dubstep","Released","© 2022 DirtySnatcha Records","℗ 2022 DirtySnatcha Records","","","no",,"","English","False","",,,"11/4/2024","11/4/2024","josh.erickson@ingrooves.com","11/4/2024","11/3/2024",,,"AudioTrack","6716729f126997c258b6ff0d",="1",="1","Scorpion","","Torcha","GBRKQ2202745","$0.91 ($1.29 SRLP) - T3","Dubstep","English","© 2022 DirtySnatcha Records","℗ 2022 DirtySnatcha Records","Mike Gomes <Writer>, Mike Gomes <Composer>","LAB10 Publishing <BMI>","yes","","","=""00:03:21""","","no","no","Aye Yo. ugh. one. ugh. Aye yo. ugh. one. ugh. Aye yo. Aye. ugh. huh. Aye yo. ugh","","","Mikr Gomes","False","False",
"Audio","671673757056a2b18cfd7710","WDGAF","","CRiiOZ","EDM Spotlight","Dirtysnatcha Records","9/26/2023","9/26/2023",="197999026187","DSR102","$0.91 ($1.29 SRLP) - T3","Dubstep","Released","© 2023 DirtySnatcha Records","℗ 2023 DirtySnatcha Records","","","no",,"","English","False","",,,"10/24/2024","10/24/2024","josh.erickson@ingrooves.com","10/24/2024","10/24/2024",,,"AudioTrack","671673757056a2b18cfd770f",="1",="1","WDGAF","","CRiiOZ","QZWDE2357423","$0.91 ($1.29 SRLP) - T3","Dubstep","English","© 2023 DirtySnatcha Records","℗ 2023 DirtySnatcha Records","Colton Maynard <Writer>, Colton Maynard <Composer>","LAB10 Publishing <BMI>","yes","","","=""00:02:14""","","yes","no","On my count 
There are many dead here
We don’t give a fuck 
hoe
Hoe
We don’t give a 
hoe
Hoe 
 We don’t give a 
hoe
Hoe 
We don’t give a 
hoe
Hoe
We don’t give a 
CRiiOZ","","","Colton Maynard","False","False",
"Audio","6716750a7056a2b18cfd8f69","WTF","","BBX, Sloth","EDM Spotlight","Dirtysnatcha Records","4/12/2024","4/12/2024",="198342356135","DSR131","$0.91 ($1.29 SRLP) - T3","Dubstep","Released","© 2024 DirtySnatcha Records","℗ 2024 DirtySnatcha Records","","","no",,"","English","False","",,,"10/24/2024","10/24/2024","josh.erickson@ingrooves.com","10/24/2024","10/23/2024",,,"AudioTrack","6716750a7056a2b18cfd8f68",="1",="1","WTF","","BBX, Sloth","GBRKQ2471312","$0.91 ($1.29 SRLP) - T3","Dubstep","English","© 2024 DirtySnatcha Records","℗ 2024 DirtySnatcha Records","Brandon Baichoo <Writer>, Brandon Baichoo <Composer>, Jordan Reid <Writer>, Jordan Reid <Composer>","LAB10 Publishing <BMI>","yes","","","=""00:03:12""","","yes","no","what what what what the

what
what
what
what
bitch

what what what what the 
what
what
what
what
bitch","","","Jordan Reid,Brandon Baichoo","False","False",
"Audio","671672a2126997c258b6ff1e","Danger","Remixes","JAYSYX, AG","EDM Spotlight","Dirtysnatcha Records","7/19/2021","7/19/2021",="198342496428","DSR41","$4.20 ($5.99 SRLP) - S6","Dubstep","Released","© 2021 DirtySnatcha Records","℗ 2021 DirtySnatcha Records","","","no",,"","English","False","",,,"11/4/2024","11/4/2024","josh.erickson@ingrooves.com","11/4/2024","11/2/2024",,,"AudioTrack","671672a2126997c258b6ff19",="1",="1","Danger","Adam Annella Remix","JAYSYX, AG","GBRKQ2133612","$0.91 ($1.29 SRLP) - T3","Dubstep","English","© 2021 DirtySnatcha Records","℗ 2021 DirtySnatcha Records","Jordan McLaughlin <Writer>, Jordan McLaughlin <Composer>, Andrew Garcia <Writer>, Andrew Garcia <Composer>","LAB10 Publishing <BMI>","yes","","","=""00:02:17""","","no","no","DANGER Code  wait a second Danger
ugh System ugh
Danger System wait a second, danger
Danger Code wait a second Danger ugh
system agh system","","","Jordan McLaughlin,Andrew Garcia","False","False",
"Audio","671672a2126997c258b6ff1e","Danger","Remixes","JAYSYX, AG","EDM Spotlight","Dirtysnatcha Records","7/19/2021","7/19/2021",="198342496428","DSR41","$4.20 ($5.99 SRLP) - S6","Dubstep","Released","© 2021 DirtySnatcha Records","℗ 2021 DirtySnatcha Records","","","no",,"","English","False","",,,"11/4/2024","11/4/2024","josh.erickson@ingrooves.com","11/4/2024","11/2/2024",,,"AudioTrack","671672a2126997c258b6ff1a",="1",="2","Danger","Kamas Remix","JAYSYX, AG","GBRKQ2133617","$0.91 ($1.29 SRLP) - T3","Dubstep","English","© 2021 DirtySnatcha Records","℗ 2021 DirtySnatcha Records","Jordan McLaughlin <Writer>, Jordan McLaughlin <Composer>, Andrew Garcia <Writer>, Andrew Garcia <Composer>","LAB10 Publishing <BMI>","yes","","","=""00:03:20""","","no","no","Code invalid system failure. Wait a second. Danger. System failure. Wait a second. Wait a. Here we go. failure. wait a. Code indvalid. System failure. Wait a second. Danger. System Failure. wait a sec","","","Jordan McLaughlin,Andrew Garcia","False","False",
"Audio","671672a2126997c258b6ff1e","Danger","Remixes","JAYSYX, AG","EDM Spotlight","Dirtysnatcha Records","7/19/2021","7/19/2021",="198342496428","DSR41","$4.20 ($5.99 SRLP) - S6","Dubstep","Released","© 2021 DirtySnatcha Records","℗ 2021 DirtySnatcha Records","","","no",,"","English","False","",,,"11/4/2024","11/4/2024","josh.erickson@ingrooves.com","11/4/2024","11/2/2024",,,"AudioTrack","671672a2126997c258b6ff1b",="1",="3","Danger","Shoku Remix","JAYSYX, AG","GBRKQ2133619","$0.91 ($1.29 SRLP) - T3","Dubstep","English","© 2021 DirtySnatcha Records","℗ 2021 DirtySnatcha Records","Jordan McLaughlin <Writer>, Jordan McLaughlin <Composer>, Andrew Garcia <Writer>, Andrew Garcia <Composer>","LAB10 Publishing <BMI>","yes","","","=""00:03:00""","","yes","no","Shoku, Code Invalid. System Failure. Wait a second. Yeah. What the. I'm the boss. Code Invalid. System Failure. Hahaha. Fuck. Huh. Code Invalid system Failure","","","Jordan McLaughlin,Andrew Garcia","False","False",
"Audio","671672a2126997c258b6ff1e","Danger","Remixes","JAYSYX, AG","EDM Spotlight","Dirtysnatcha Records","7/19/2021","7/19/2021",="198342496428","DSR41","$4.20 ($5.99 SRLP) - S6","Dubstep","Released","© 2021 DirtySnatcha Records","℗ 2021 DirtySnatcha Records","","","no",,"","English","False","",,,"11/4/2024","11/4/2024","josh.erickson@ingrooves.com","11/4/2024","11/2/2024",,,"AudioTrack","671672a2126997c258b6ff1c",="1",="4","Danger","Elusion Remix","JAYSYX, AG","GBRKQ2133620","$0.91 ($1.29 SRLP) - T3","Dubstep","English","© 2021 DirtySnatcha Records","℗ 2021 DirtySnatcha Records","Jordan McLaughlin <Writer>, Jordan McLaughlin <Composer>, Andrew Garcia <Writer>, Andrew Garcia <Composer>","LAB10 Publishing <BMI>","yes","","","=""00:02:46""","","yes","no","Code Invalid. System Failure Computer stand by. Wait a second
Knock the fuck out. DIsarm. Code invalid. System Failure. System Failure. Computer standing by. Waiting for men. Wait a second. knock the fuck out. Switch disarm.","","","Jordan McLaughlin,Andrew Garcia","False","False",
"Audio","671672a2126997c258b6ff1e","Danger","Remixes","JAYSYX, AG","EDM Spotlight","Dirtysnatcha Records","7/19/2021","7/19/2021",="198342496428","DSR41","$4.20 ($5.99 SRLP) - S6","Dubstep","Released","© 2021 DirtySnatcha Records","℗ 2021 DirtySnatcha Records","","","no",,"","English","False","",,,"11/4/2024","11/4/2024","josh.erickson@ingrooves.com","11/4/2024","11/2/2024",,,"AudioTrack","671672a2126997c258b6ff1d",="1",="5","Danger","Kringe Remix","JAYSYX, AG","GBRKQ2133622","$0.91 ($1.29 SRLP) - T3","Dubstep","English","© 2021 DirtySnatcha Records","℗ 2021 DirtySnatcha Records","Jordan McLaughlin <Writer>, Jordan McLaughlin <Composer>, Andrew Garcia <Writer>, Andrew Garcia <Composer>","LAB10 Publishing <BMI>","yes","","","=""00:03:26""","","no","no","System Failure. Code Invalid. Danger. System Failure. Wait a second. Wait a second. system malfunction. danger. you will be destroyed. danger.","","","Jordan McLaughlin,Andrew Garcia","False","False",
"Audio","6716737bb57030fe904f574c","Fvck","","Hurting Murphy","EDM Spotlight","Dirtysnatcha Records","3/31/2023","3/31/2023",="198342492000","DSR89","$0.91 ($1.29 SRLP) - T3","Dubstep","Released","© 2023 DirtySnatcha Records","℗ 2023 DirtySnatcha Records","","","no",,"","English","False","",,,"10/30/2024","10/30/2024","josh.erickson@ingrooves.com","10/30/2024","10/30/2024",,,"AudioTrack","6716737bb57030fe904f574b",="1",="1","Fvck","","Hurting Murphy","USLZJ2376873","$0.91 ($1.29 SRLP) - T3","Dubstep","English","© 2023 DirtySnatcha Records","℗ 2023 DirtySnatcha Records","Forrest Rigdon <Writer>, Forrest Rigdon <Composer>","LAB10 Publishing <BMI>","yes","","","=""00:03:12""","","yes","no","The night was all hail Mary and Bilbo all over me. Well, the old man, no doubt here is more than an and. Oh, oh.

The Fuck

Know when you woke up with that one? Yeah. You were going to be gone with the rain, don't you? Well, I'm full of life. They've known me for... Oh, you don't...

The Fuck","","","Forest Rigdon","False","False",
"Audio","671672a27056a2b18cfd6bf2","Fight Time","","Megahurtz","EDM Spotlight","Dirtysnatcha Records","8/23/2021","8/23/2021",="198342492123","DSR42","$0.91 ($1.29 SRLP) - T3","Dubstep","Released","© 2021 DirtySnatcha Records","℗ 2021 DirtySnatcha Records","","","no",,"","English","False","",,,"10/31/2024","10/31/2024","josh.erickson@ingrooves.com","10/31/2024","10/31/2024",,,"AudioTrack","671672a27056a2b18cfd6bf1",="1",="1","Fight Time","","Megahurtz","GBRKQ2178616","$0.91 ($1.29 SRLP) - T3","Dubstep","English","© 2021 DirtySnatcha Records","℗ 2021 DirtySnatcha Records","Shahram Fouladgar <Writer>, Shahram Fouladgar <Composer>, Nicholas Engelhardt <Writer>, Nicholas Engelhardt <Composer>","LAB10 Publishing <BMI>","yes","","","=""00:03:37""","","yes","no","Yo thats fucking crazy dude. switch","","","Shahram Fouladgar,Nicholas Engelhardt","False","False",
"Audio","6716750ab57030fe904f6ba8","Corneal Abrasion","","Simplifi, Redder","EDM Spotlight","Dirtysnatcha Records","3/1/2024","3/1/2024",="198342094976","DSR128","$0.91 ($1.29 SRLP) - T3","Dubstep","Released","© 2024 DirtySnatcha Records","℗ 2024 DirtySnatcha Records","","","no",,"","English","False","",,,"10/23/2024","10/23/2024","josh.erickson@ingrooves.com","10/23/2024","10/23/2024",,,"AudioTrack","6716750ab57030fe904f6ba7",="1",="1","Corneal Abrasion","","Simplifi, Redder","USLZJ2430043","$0.91 ($1.29 SRLP) - T3","Dubstep","English","© 2024 DirtySnatcha Records","℗ 2024 DirtySnatcha Records","Sean Nelson <Writer>, Sean Nelson <Composer>, Jason Chilluffo <Writer>, Jason Chilluffo <Composer>","LAB10 Publishing <BMI>","yes","","","=""00:03:02""","","no","no","AGHHHHHHHHHHHHHHHHHHHHHHHH","","","Sean Nelson,Jason Chilluffo","False","False",
"Audio","6716750ab57030fe904f6bac","No Traces","","Trenches, Virg™","EDM Spotlight","Dirtysnatcha Records","4/5/2024","4/5/2024",="198342361740","DSR130","$0.91 ($1.29 SRLP) - T3","Dubstep","Released","© 2024 DirtySnatcha Records","℗ 2024 DirtySnatcha Records","","","no",,"","English","False","",,,"11/4/2024","11/4/2024","josh.erickson@ingrooves.com","11/4/2024","11/4/2024",,,"AudioTrack","6716750ab57030fe904f6bab",="1",="1","No Traces","","Trenches, Virg™","GBRKQ2472806","$0.91 ($1.29 SRLP) - T3","Dubstep","English","© 2024 DirtySnatcha Records","℗ 2024 DirtySnatcha Records","Tanner Sagle <Writer>, Tanner Sagle <Composer>, Virdell Robinson <Writer>, Virdell Robinson <Composer>","DirtySnatcha Records Publishing <ASCAP>","yes","","","=""00:03:12""","","yes","no","I'm feelin' lieutenant, baby, y'all, I'm feelin' menace In my mouth, I'm like the dentist Tap the bag back and forth with my dog, it's like it's tennis Bitch, I'm feelin' like a chemist when I'm cookin' on this home In this shit up in Coahuila, nigga, I need all the dope Red room, a cemetery, dead faces on the floor For a plate, I just ate, nigga, I still want some more Yeah, no traces I've been countin' up my money, love my blue faces Ain't nobody trippin' on me, neither ties laced You smokin' that quad, kush, when I'm smokin' flames I've been movin' heavy, boy, it's go by time, I waited I'm a heavyweight, dawg, last time that I waited Niggas switchin' up, but I'm ten toes on the pavement I just took a natty charge, yep, I feel amazing I'm a one-on-one, baby, ain't no dammit, promise how I'm winnin' Had to call God, cuz the devil got me sinnin' Come and get your shawty, tryna get me out my linen I can see the snake in grass, so I'm just in the venom Pick a shot, I'm shootin' back, nigga, please don't play the victim I'ma get this cash, either way, I'm gettin' in it I'm feelin' lieutenant, better yet, I'm feelin' menace In the mouth, I'm like the dentist Cut the bag back and forth with my dog, it's like it's tennis Bitch, I feel like a dentist when I'm cookin' on this off In this shit, I make a real up, nigga, I need all this dough Bedroom, a cemetery, dead faces on the floor Cold blades, I just ate, nigga, I still want some more Had to call God, cuz the devil got me sinnin' Come and get your shawty, tryna get me out my linen I can see the snake in grass, so I'm just in the venom Pick a shot, I'm shootin' back, nigga, please don't play the victim I'm feelin' lieutenant, better yet, I'm feelin' menace I'm like the dentist, back and forth with my dog, it's like I'm feelin' lieutenant, better yet, I'm feelin' menace In the mouth, I'm like the dentist Tap the bag back and forth with my dog, it's like it's tennis Bitch, I feel like a dentist when I'm cookin' on this off No traces, I be countin' up my money like my blue faces Ain't nobody strippin' on me, need the ties laced You smokin' that quad, cuz when I smoke it's laced I've been movin' heavy, boy, it's go by time, I waited I'm a heavyweight dog, last time that I waited Niggas switchin' up, put up ten toes on the pavement I just took a net, he charged up, I feel amazing I'm a one-on-one, baby, ain't no damn replacement Had to call God, cuz the devil got me sinnin' Come and get your shawty, tryna get me out my linen So I'm dodgin' the venom Nigga, please don't play the victim Either way, I'm gettin' me Feelin' menace In the mouth, I'm like the dentist Tap the bag back and forth with my dog, it's like it's tennis","","","Tanner Sagle,Virdell Robinson","False","False",
"Audio","67167372126997c258b704be","Game","","Sloth, Chackk","EDM Spotlight","Dirtysnatcha Records","1/12/2024","1/12/2024",="197999855442","DSR116","$0.91 ($1.29 SRLP) - T3","Dubstep","Released","© 2024 DirtySnatcha Records","℗ 2024 DirtySnatcha Records","","","no",,"","English","False","",,,"10/28/2024","10/28/2024","josh.erickson@ingrooves.com","10/28/2024","10/28/2024",,,"AudioTrack","67167372126997c258b704bd",="1",="1","Game","","Sloth, Chackk","QZ5FN2416543","$0.91 ($1.29 SRLP) - T3","Dubstep","English","© 2024 DirtySnatcha Records","℗ 2024 DirtySnatcha Records","Jannik Kairies <Writer>, Jannik Kairies <Composer>, Brandon Baichoo <Writer>, Brandon Baichoo <Composer>","LAB10 Publishing <BMI>","yes","","","=""00:03:22""","","no","no","I'm the head of the game now.
No time to play huh","","","Jannik Kairies,Brandon Baichoo","False","False",
"Audio","67167510126997c258b71623","Operator Error","","Big City","EDM Spotlight","Dirtysnatcha Records","3/8/2024","3/8/2024",="198342036334","DSR125","$3.50 ($4.99 SRLP) - S5","Dubstep","Released","© 2024 DirtySnatcha Records","℗ 2024 DirtySnatcha Records","","","no",,"","English","False","",,,"10/25/2024","10/25/2024","josh.erickson@ingrooves.com","10/25/2024","10/25/2024",,,"AudioTrack","67167510126997c258b7161f",="1",="1","No Problems!","","Big City feat. Tonzology","USLZJ2403319","$0.91 ($1.29 SRLP) - T3","Dubstep","English","© 2024 DirtySnatcha Records","℗ 2024 DirtySnatcha Records","Anthony West <Writer>, Zachary Moreno <Writer>, Zachary Moreno <Composer>, Michael Moreno <Writer>, Michael Moreno <Composer>","DirtySnatcha Records Publishing <ASCAP>","yes","","","=""00:03:24""","","yes","no","Yeah, Yeah
On my bullshit
fully loaded clips
they dont want no problems. no problems
I'll solve them
They don't want no problems
yeah
uhm hmm
and that fully loaded clip
uhm hmm
we bout it
yeah
my bullshit hmm
we bout it
yeah
yeah
on my bullshit
full loaded clips
they dont want no problem no problems
ill solve them
they dont want no problems with me
yeah
we bout it
yeah
on my bullshit
we bout it
yeah
my bullshit","","","Zachary Moreno,Michael Moreno","False","False",
"Audio","67167510126997c258b71623","Operator Error","","Big City","EDM Spotlight","Dirtysnatcha Records","3/8/2024","3/8/2024",="198342036334","DSR125","$3.50 ($4.99 SRLP) - S5","Dubstep","Released","© 2024 DirtySnatcha Records","℗ 2024 DirtySnatcha Records","","","no",,"","English","False","",,,"10/25/2024","10/25/2024","josh.erickson@ingrooves.com","10/25/2024","10/25/2024",,,"AudioTrack","67167510126997c258b71620",="1",="2","Weed Spot","","Big City","USLZJ2403314","$0.91 ($1.29 SRLP) - T3","Dubstep","English","© 2024 DirtySnatcha Records","℗ 2024 DirtySnatcha Records","Zachary Moreno <Writer>, Zachary Moreno <Composer>, Michael Moreno <Writer>, Michael Moreno <Composer>","DirtySnatcha Records Publishing <ASCAP>","yes","","","=""00:02:08""","","no","no","Weed spot
hit up a weed spot then","","","Zachary Moreno,Michael Moreno","False","False",
"Audio","67167510126997c258b71623","Operator Error","","Big City","EDM Spotlight","Dirtysnatcha Records","3/8/2024","3/8/2024",="198342036334","DSR125","$3.50 ($4.99 SRLP) - S5","Dubstep","Released","© 2024 DirtySnatcha Records","℗ 2024 DirtySnatcha Records","","","no",,"","English","False","",,,"10/25/2024","10/25/2024","josh.erickson@ingrooves.com","10/25/2024","10/25/2024",,,"AudioTrack","67167510126997c258b71621",="1",="3","Rat Patrol","","Big City feat. Tonzology","USLZJ2403323","$0.91 ($1.29 SRLP) - T3","Dubstep","English","© 2024 DirtySnatcha Records","℗ 2024 DirtySnatcha Records","Anthony West <Writer>, Zachary Moreno <Writer>, Zachary Moreno <Composer>, Michael Moreno <Writer>, Michael Moreno <Composer>","DirtySnatcha Records Publishing <ASCAP>","yes","","","=""00:03:08""","","yes","no","Running games like its natural 

running their veins like its natural
no guns no glory 
you can never rat patrol
pussy
when the 
when the
they gonna rat patrol
pussies","","","Zachary Moreno,Michael Moreno","False","False",
"Audio","67167510126997c258b71623","Operator Error","","Big City","EDM Spotlight","Dirtysnatcha Records","3/8/2024","3/8/2024",="198342036334","DSR125","$3.50 ($4.99 SRLP) - S5","Dubstep","Released","© 2024 DirtySnatcha Records","℗ 2024 DirtySnatcha Records","","","no",,"","English","False","",,,"10/25/2024","10/25/2024","josh.erickson@ingrooves.com","10/25/2024","10/25/2024",,,"AudioTrack","67167510126997c258b71622",="1",="4","Operator Error","","Big City","USLZJ2403328","$0.91 ($1.29 SRLP) - T3","Dubstep","English","© 2024 DirtySnatcha Records","℗ 2024 DirtySnatcha Records","Zachary Moreno <Writer>, Zachary Moreno <Composer>, Michael Moreno <Writer>, Michael Moreno <Composer>","DirtySnatcha Records Publishing <ASCAP>","yes","","","=""00:03:32""","","no","no","If you like to make a call please hang up and try again
If you need help hang up and dial your operator
If you need help hang up and dial your operator
operator
operator
operator
operator
Hang up an dial your operator","","","Michael Moreno,Zachary Moreno","False","False",
"Audio","67167373b57030fe904f5654","Hypnotize","","In Orbit Dubz","EDM Spotlight","Dirtysnatcha Records","12/1/2023","12/1/2023",="197999477019","DSR113","$0.91 ($1.29 SRLP) - T3","Dubstep","Released","© 2023 DirtySnatcha Records","℗ 2023 DirtySnatcha Records","","","no",,"","English","False","",,,"10/28/2024","10/28/2024","josh.erickson@ingrooves.com","10/28/2024","10/27/2024",,,"AudioTrack","67167373b57030fe904f5653",="1",="1","Hypnotize","","In Orbit Dubz","QZZ8B2327916","$0.91 ($1.29 SRLP) - T3","Dubstep","English","© 2023 DirtySnatcha Records","℗ 2023 DirtySnatcha Records","Simon Shaheen <Writer>, Simon Shaheen <Composer>","LAB10 Publishing <BMI>","yes","","","=""00:03:39""","","no","no","its funny because no one believes ﻿you. when you act as if you dont have all of the power. I'm gonna test to see how open your mind is. In Orbit Dubz. 
its funny because no one believes ﻿you. when you act as if you dont have all of the power.
I'm gonna test to see how open your mind is. In Orbit Dubz.","","","Simon Shaheen","False","False",
"Audio","67167376b57030fe904f5742","High On Life","","Autokorekt feat. Ashclappem","EDM Spotlight","Dirtysnatcha Records","7/28/2023","7/28/2023",="198342479759","DSR98","$0.91 ($1.29 SRLP) - T3","Dubstep","Released","© 2023 DirtySnatcha Records","℗ 2023 DirtySnatcha Records","","","no",,"","English","False","",,,"10/25/2024","10/25/2024","josh.erickson@ingrooves.com","10/25/2024","10/25/2024",,,"AudioTrack","67167376b57030fe904f5741",="1",="1","High On Life","","Autokorekt feat. Ashclappem","QZTV32368009","$0.91 ($1.29 SRLP) - T3","Dubstep","English","© 2023 DirtySnatcha Records","℗ 2023 DirtySnatcha Records","Anthony Autolino <Writer>, Anthony Autolino <Composer>","LAB10 Publishing <BMI>","yes","","","=""00:02:43""","","yes","no","I feel bad for the girls tryna keep up with me
Cause honestly, probably you're fucking with the prodigies
And good guess, latex and promises
Whisper cautious they could have you stuck
Living a life full of complacency
And sorry I ain't replied till now
I'm stuck in latency, this percocet
Mixed with Zaza, it got me hazy
See but baby, please I'm too damn high to deal with tragedies
Well actually, this ain't right
Now I'm happy naturally
Percocet, now if you're stuck
Promises, whisper cautious they could have you stuck
Percocet, now if you're stuck
Percocet, now if you're stuck
Perc, perc, perc, perc, perc, perc, perc, perc, perc, perc
Fucking with the prodigies
I can see it
I can see it
I can see it
What the fuck?
Cockroaches in a cabinet
Going psycho on McNuggets
But we're asking for the gas
It's schizophrenic, tactical busters
I can't stand it
I'm a wizard with the static
With the blood up in a casket
On a run up with the bandits, yeah
Yeah, we ten-fo, with my homies, rockin' shows
Heavy cookie, check my leg with my dance floor
Yeah, we on the low, bruh, yeah, we on the low, bro
Hit his O's for the dough, yeah, I'm on the low
I'm on the low, I'm on the low, I'm on the low
There's cockroaches in the cabin, going psycho on the wagon
Cockroaches, cockroaches, cockroaches, cockroaches
I'm on the low, I'm on the low, I'm on the low
I'm on the low, I'm on the low, I'm on the low","","","Anthony Autolino,Nathan Christie","False","False",
"Audio","66e76c3152008f701503317e","Speakerbox","","Sopädia","EDM Spotlight","Dirtysnatcha Records","10/11/2024","10/11/2024",="198704158292","DSR139","$0.70 ($0.99 SRLP) - T2","Dubstep","Released","© 2024 DirtySnatcha Records","℗ 2024 DirtySnatcha Records","","","no",,"","English","False","",,,"9/17/2024","9/17/2024","thomas@dirtysnatcha.com","9/17/2024","9/16/2024",,,"AudioTrack","66e77349bf1e4c5f58e1109f",="1",="1","Speakerbox","","Sopädia","USA2P2460958","$0.70 ($0.99 SRLP) - T2","Dubstep","English","© 2024 DirtySnatcha Records","℗ 2024 DirtySnatcha Records","Ryan O'Donnell <Writer>, Ryan O'Donnell <Composer>","DirtySnatcha Records Publishing <ASCAP>","yes","","","=""00:03:24""","","no","no","Coming live live live live live live live
Coming live live live live live live live
Coming live live live live live live live
Coming live live live live live live live
Coming live
Coming live
Coming live
Coming live
Comin live live live live live live live
Comin live to the function speakerbox jumping
Coming 
Live to the 
Coming
Live to the function
To the function","","","Ryan O'Donnell","False","False",
"Audio","66e7671f52008f7015032e71","Brainwash","","Dark Matter","EDM Spotlight","Dirtysnatcha Records","10/18/2024","10/18/2024",="198704157882","DSR138","$0.70 ($0.99 SRLP) - T2","Dubstep","Released","© 2024 DirtySnatcha Records","℗ 2024 DirtySnatcha Records","","","no",,"","English","False","",,,"10/8/2024","9/16/2024","thomas@dirtysnatcha.com","10/8/2024","9/16/2024",,,"AudioTrack","66e767f6ef21deba7e442080",="1",="1","Brainwash","","Dark Matter","USA2P2460927","$0.70 ($0.99 SRLP) - T2","Dubstep","English","© 2024 DirtySnatcha Records","℗ 2024 DirtySnatcha Records","Joseph Kalina <Writer>, Joseph Kalina <Composer>, Isaac Tullos <Writer>, Isaac Tullos <Composer>","DirtySnatcha Records Publishing <ASCAP>","yes","","","=""00:03:58""","=""00:00:45""","yes","no","The brain processes information electrically. It communicates with the cellular structure electrically. And it operates in a certain band frequency. If you could broadcast frequencies carrying information and perceptions within the frequencies that that the brain decodes information.  The brain will decode those frequencies and have those perceptions. 
Subject prepare for a total brainwash
Music is frequency programmed.
Music is frequency, if I play by those frequencies right. 
I can target certain parts of the mind  if I want you to astral project or if I want you to go to sleep, or if I want you to go into a meditative state. I can make my music do that
Okay you know what it is, its a fucking brainwash
Brainwash","","","Joseph Kalina,Isaac Tullos","False","False",
"Audio","67047fe2890cc5d2524e1214","Detroit Tings, Pt. 2","","Hare Brain, Chase The Dream","EDM Spotlight","Dirtysnatcha Records","10/25/2024","10/25/2024",="198704191633","DSR140","$0.70 ($0.99 SRLP) - T2","Dubstep","Released","© 2024 DirtySnatcha Records","℗ 2024 DirtySnatcha Records","","","no",,"","English","False","",,,"10/8/2024","10/8/2024","thomas@dirtysnatcha.com","10/8/2024","10/8/2024",,,"AudioTrack","67048119890cc5d2524e1713",="1",="1","Detroit Tings, Pt. 2","","Hare Brain, Chase The Dream","USA2P2464479","$0.70 ($0.99 SRLP) - T2","Dubstep","English","© 2024 DirtySnatcha Records","℗ 2024 DirtySnatcha Records","Alex Hare <Composer>, Chase Downey <Writer>, Chase Downey <Composer>","DirtySnatcha Records Publishing <ASCAP>","yes","","","=""00:03:40""","=""00:01:20""","yes","no","Walk around inside this pretty city 
Blow an 8th that cost you fitty
 wonder why your vibes always feeling kinda shifty 
LSD inside my eye I find kinda lifting
Ask yourself what am I giving not what am i getting
My family always wonder why I ain't turn a christian
They think I'd sell my soul
To the devil if he paid a visit
But really I'm just out here pimping
Know im always tippin
I ain't dissin i ain't never gave a fuck to fit in
Spit a free but you ain't free you love to spit a  written
We know ya secret homie you just never been convicted
Sniffing up the blow I hope you know ain't gonna fix it
Eat this shit cuz everybody knows you love to dish it
There's a reason we standing way up  here
Cuz my haters be mad insecure
I been rolling like a rebel
I been on another level
Burning hot just like a ketel
Sticky green inside a rello
Point a gun right at the teller
Rabbit hole we do it better
Yeah she sleep with me You know the dream will always get her wetter 
I aint knocking how you live
But you ain't never making cheddar
This city is my girl she never left I'd never let her
Never met her she still talking bout sucking my dick
Detroit be my fuckin city rave scene hella lit
 Spit a free but you ain't free you love to spit a  written
We know ya secret homie you just never been convicted
Sniffing up the blow I hope you know ain't gonna fix it
Eat this shit cuz everybody knows you love to dish it
There's a reason we standing way up  here
Cuz my haters be mad insecure","","","Alex Hare,Chase Downey","False","False",
"Audio","6704c386e000130a59742b78","Wait For Me","","DirtySnatcha, Priyanx","EDM Spotlight","Dirtysnatcha Records","11/1/2024","11/1/2024",="198704207662","DSR141","$0.70 ($0.99 SRLP) - T2","Dubstep","Released","© 2024 DirtySnatcha Records","℗ 2024 DirtySnatcha Records","","","no",,"","English","False","",,,"11/4/2024","10/18/2024","thomas@dirtysnatcha.com","11/4/2024","10/18/2024",,,"AudioTrack","6704c447e000130a59743b5e",="1",="1","Wait For Me","","DirtySnatcha, Priyanx","USA2P2466213","$0.70 ($0.99 SRLP) - T2","Dubstep","English","© 2024 DirtySnatcha Records","℗ 2024 DirtySnatcha Records","Leigh Bray <Writer>, Leigh Bray <Composer>, Priyanshu Karmakar <Writer>, Priyanshu Karmakar <Composer>","Lab10 <BMI>","yes","","","=""00:04:20""","=""00:00:53""","no","no","If you would fall with me, you would fall with me  
But would you talk with me  
If you would find it, would you fall with me  
If I was calling, would you answer me  
The timing was off, but would you, would you, would you wait for me  
If you would find it, would you fall with me  
If I was calling, would you answer me  
The timing was off, but would you, would you, would you wait for me  

(Wait for me, wait for me)  

Wait a minute, you ain't heard nothing yet  
(Apparently this sound can kill you)  

Would you, would you wait for me  
Would you wait for me  
Wait  

Come on  
Put 'em up  
Okay  

Would you wait for me  
If I was calling, would you answer me  
The timing was off, but would you, would you, would you wait for me  
Would you wait for me  
Would you wait for me  
If I was calling, would you answer me  
(I'll see you around)  
Would you wait for me  

If those parts of you were the only thing we need  
If those parts of you were the answer to me  
The time that we stopped, would you, would you, would you wait for me  
Would you wait for me  
Would you wait for me","","","Leigh Bray,Priyanshu Karmakar","False","False",
"Audio","67120b2d6a6704bd49a2013c","Dope","","Sopädia","EDM Spotlight","Dirtysnatcha Records","11/15/2024","11/15/2024",="198704231148","DSR142","$1.40 ($1.99 SRLP) - S2","Dubstep","Released","© 2024 DirtySnatcha Records","℗ 2024 DirtySnatcha Records","","","no",,"","English","False","",,,"11/4/2024","11/4/2024","thomas@dirtysnatcha.com","11/4/2024","11/4/2024",,,"AudioTrack","6720400ff460d3ecdced12bc",="1",="1","Dope","","Sopädia","USA2P2468872","$0.91 ($1.29 SRLP) - T3","Dubstep","English","© 2024 DirtySnatcha Records","℗ 2024 DirtySnatcha Records","Ryan O'Donnell <Writer>, Ryan O'Donnell <Composer>","DirtySnatcha Records Publishing <ASCAP>","yes","","","=""00:03:28""","","no","no","cough cough. I'm the dopest in the scene and I dont even smoke weed.  I'm the dopest in the. cough cough. Dope dope. Dope dope. and i dont even smoke weed. dope dope dope. Sopadia. Im the dopest in the scene and i dont even smoke weed. I;m the dopest in the cough cough. and i dont even smoke weed","","","Ryan O'Donnell","False","False",
"Audio","67120b2d6a6704bd49a2013c","Dope","","Sopädia","EDM Spotlight","Dirtysnatcha Records","11/15/2024","11/15/2024",="198704231148","DSR142","$1.40 ($1.99 SRLP) - S2","Dubstep","Released","© 2024 DirtySnatcha Records","℗ 2024 DirtySnatcha Records","","","no",,"","English","False","",,,"11/4/2024","11/4/2024","thomas@dirtysnatcha.com","11/4/2024","11/4/2024",,,"AudioTrack","6728458f9f7c54f6c1af6ce1",="1",="2","Speakerbox","","Sopädia","USA2P2460958","$0.91 ($1.29 SRLP) - T3","Dubstep","English","© 2024 DirtySnatcha Records","℗ 2024 DirtySnatcha Records","Ryan O'Donnell <Writer>, Ryan O'Donnell <Composer>","DirtySnatcha Records Publishing <ASCAP>","yes","","","=""00:03:24""","","no","no","Coming live live live live live live live
Coming live live live live live live live
Coming live live live live live live live
Coming live live live live live live live
Coming live
Coming live
Coming live
Coming live
Comin live live live live live live live
Comin live to the function speakerbox jumping
Coming 
Live to the 
Coming
Live to the function
To the function","","","Ryan O'Donnell","False","False",
"Audio","67166ed1b57030fe904f1edc","PTSD","","Shockz","EDM Spotlight","Dirtysnatcha Records","11/20/2020","11/20/2020",="198342479049","DSR28","$0.91 ($1.29 SRLP) - T3","Dubstep","Released","© 2020 DirtySnatcha Records","℗ 2020 DirtySnatcha Records","","","no",,"","English","False","",,,"11/4/2024","11/4/2024","josh.erickson@ingrooves.com","11/4/2024","11/3/2024",,,"AudioTrack","67166ed1b57030fe904f1edb",="1",="1","PTSD","","Shockz","USLZJ2069504","$0.91 ($1.29 SRLP) - T3","Dubstep","Japanese","© 2020 DirtySnatcha Records","℗ 2020 DirtySnatcha Records","Jordan Ainger <Writer>, Jordan Ainger <Composer>","DirtySnatcha Records Publishing <ASCAP>","yes","","","=""00:02:40""","","no","no","お願いします。

だって。

いいじゃ。

だって。

お願い。お願いしますから。

なんだって。

いいじゃ。

だって。","","","Jordan Ainger","False","False",
"Audio","67166ed1126997c258b6d85d","Actin' Out","","Megahurtz, Blue feat. Rico Act","EDM Spotlight","Dirtysnatcha Records","1/11/2021","1/11/2021",="198342479070","DSR29","$0.91 ($1.29 SRLP) - T3","Dubstep","Released","© 2021 DirtySnatcha Records","℗ 2021 DirtySnatcha Records","","","no",,"","English","False","",,,"10/23/2024","10/23/2024","josh.erickson@ingrooves.com","10/23/2024","10/23/2024",,,"AudioTrack","67166ed1126997c258b6d85c",="1",="1","Actin' Out","","Megahurtz, Blue feat. Rico Act","USLZJ2069505","$0.91 ($1.29 SRLP) - T3","Dubstep","English","© 2021 DirtySnatcha Records","℗ 2021 DirtySnatcha Records","Terrel Koivu <Writer>, Christopher Harris <Writer>, Christopher Harris <Composer>, Shahram Fouladgar <Writer>, Shahram Fouladgar <Composer>, Nicholas Engelhardt <Writer>, Nicholas Engelhardt <Composer>","LAB10 Publishing <BMI>","yes","","","=""00:03:40""","","yes","no","I'll never sit the fuck down, acting out in this bitch. For the work I need some compensation, purchased by the dozen. You a hater, I'm a baker, I'ma burn you like a muffin.
I've been known to dominate it since I wasn't young and frustrated. Feeling underrated, you can't tell me nothing. Since the day when my momma said I'm a motherfucker.

Smashing walls on the daily, acting like I'm the shit. And that's the reason that she hated taking me in public. I get arrested every time I have a fucking fit.

Bell breaking, head banging, neck bracing, elbow going, cannonball base dropping. Bitch, you got me acting out, acting out, acting out, acting out, acting out. Bitch, you got me acting out.

Got me, fucking, bitch, well, fucking, bitch. Head banging, neck bracing, elbow going, cannonball base dropping. Bitch, you got me acting out.

Bitch, you got me acting out. Got me, fucking, bitch, well, fucking, bitch. Head banging, neck bracing, elbow going, cannonball base dropping.

Bitch, you got me acting out. Got me, fucking, bitch, well, fucking, bitch. Head banging, neck bracing, elbow going, cannonball base dropping.

Bitch, you got me acting out. Got me, fucking, bitch, well, fucking, bitch. Bitch, you got me acting out.

Got me, fucking, bitch, well, fucking, bitch. Base dropping.","","","Christopher Harris,Shahram Fouladgar","False","False",
"Audio","67166ee1126997c258b6d883","Do It","","Champagne Poppers","EDM Spotlight","Dirtysnatcha Records","5/18/2020","5/18/2020",="198342476703","DSR14","$0.91 ($1.29 SRLP) - T3","Dubstep","Released","© 2020 DirtySnatcha Records","℗ 2020 DirtySnatcha Records","","","no",,"","English","False","",,,"10/29/2024","10/29/2024","josh.erickson@ingrooves.com","10/29/2024","10/29/2024",,,"AudioTrack","67166ee1126997c258b6d882",="1",="1","Do It","","Champagne Poppers","QZ5FN2002317","$0.91 ($1.29 SRLP) - T3","Dubstep","English","© 2020 DirtySnatcha Records","℗ 2020 DirtySnatcha Records","Carson Johnson <Writer>, Carson Johnson <Composer>","LAB10 Publishing <BMI>","yes","","","=""00:03:31""","","no","no","Do it like this
Do it like that

Do it like this
Do it like that

Do it like this
Do it like that

Do it like this
Do it like that

Do it like this
Do it like that

Do it like this
Do it like that

Do it like this
Do it like that

Do it like this
Do it like that","","","Carson Johnson","False","False",
"Audio","67166ee17056a2b18cfd427a","Run It Up","","CHRMNDRS, Future Exit","EDM Spotlight","Dirtysnatcha Records","5/1/2020","5/1/2020",="198342476673","DSR10","$0.91 ($1.29 SRLP) - T3","Dubstep","Released","© 2020 DirtySnatcha Records","℗ 2020 DirtySnatcha Records","","","no",,"","English","False","",,,"10/31/2024","10/31/2024","josh.erickson@ingrooves.com","10/31/2024","10/31/2024",,,"AudioTrack","67166ee17056a2b18cfd4279",="1",="1","Run It Up","","CHRMNDRS, Future Exit","GBWUL2081365","$0.91 ($1.29 SRLP) - T3","Dubstep","English","© 2020 DirtySnatcha Records","℗ 2020 DirtySnatcha Records","Christopher Legris <Writer>, Christopher Legris <Composer>, William Kourie <Writer>, William Kourie <Composer>","LAB10 Publishing <BMI>","yes","","","=""00:03:40""","","yes","no","Ahhhhhh ahhhhhh
We about to run it up, up up up up up up up up up up up up up up up
run it up, up up up up up up up up up up up up up up up We about to run it run it dial up hold up let me fuck it up let me fuck it the last exit
run it up, up up up up up up up up up up up up up up up. the scientific minds we have today. let me fuck it up. we about to run it up. hold up let me fuck it up. the last exit. cream im a take a team we gonna be hot like steam. i just got dreams i dont know what you mean i got 50 to my team we about to 50 / 50 bitch dial mother fuckers. the last exit","","","Christopher Legris,William Kourie","False","False",
"Audio","67166ed7126997c258b6d869","Turn It Up","","YUNIT.","EDM Spotlight","Dirtysnatcha Records","5/8/2020","5/8/2020",="198342476697","DSR12","$0.91 ($1.29 SRLP) - T3","Dubstep","Released","© 2020 DirtySnatcha Records","℗ 2020 DirtySnatcha Records","","","no",,"","English","False","",,,"11/4/2024","11/4/2024","josh.erickson@ingrooves.com","11/4/2024","11/4/2024",,,"AudioTrack","67166ed7126997c258b6d868",="1",="1","Turn It Up","","YUNIT.","GBWUL2083817","$0.91 ($1.29 SRLP) - T3","Dubstep","English","© 2020 DirtySnatcha Records","℗ 2020 DirtySnatcha Records","David Chapman <Writer>, David Chapman <Composer>","DirtySnatcha Records Publishing <ASCAP>","yes","","","=""00:03:39""","","yes","no","run it up run it run it up. got your wife while i'm nibbling on them titties dog. run it up run it up run it up run it up run it run it run it up run it run it run it. got your wife while im nibbling on them titties dog.","","","David Chapman","False","False",
"Audio","67166ed4126997c258b6d861","Hyper Drive","","Contakt","EDM Spotlight","Dirtysnatcha Records","10/16/2020","10/16/2020",="198342478691","DSR25","$0.91 ($1.29 SRLP) - T3","Dubstep","Released","© 2020 DirtySnatcha Records","℗ 2020 DirtySnatcha Records","","","no",,"","English","False","",,,"10/29/2024","10/29/2024","josh.erickson@ingrooves.com","10/29/2024","10/29/2024",,,"AudioTrack","67166ed4126997c258b6d860",="1",="1","Hyper Drive","","Contakt","USLZJ2046457","$0.91 ($1.29 SRLP) - T3","Dubstep","English","© 2020 DirtySnatcha Records","℗ 2020 DirtySnatcha Records","Aidan Lynch <Writer>, Aidan Lynch <Composer>","DirtySnatcha Records Publishing <ASCAP>","yes","","","=""00:03:37""","","yes","no","What's the nearest spaceship to the omission source of signals beyond known space?
warning, warning
annihilate
go fuck me
yeah what yeah what what what
shoot him in the head thats a sure way to kill him
bang bang bang
go fuck me
bang bang
go fuck me","","","Aidan Lynch","False","False",
"Audio","67166ed47056a2b18cfd40e7","Gamma Ray","","JAYSYX","EDM Spotlight","Dirtysnatcha Records","6/12/2020","6/12/2020",="198342478158","DSR17","$0.91 ($1.29 SRLP) - T3","Dubstep","Released","© 2020 DirtySnatcha Records","℗ 2020 DirtySnatcha Records","","","no",,"","English","False","",,,"10/25/2024","10/25/2024","josh.erickson@ingrooves.com","10/25/2024","10/25/2024",,,"AudioTrack","67166ed47056a2b18cfd40e6",="1",="1","Gamma Ray","","JAYSYX","QZ5FN2032792","$0.91 ($1.29 SRLP) - T3","Dubstep","English","© 2020 DirtySnatcha Records","℗ 2020 DirtySnatcha Records","Jordan McLaughlin <Writer>, Jordan McLaughlin <Composer>","LAB10 Publishing <BMI>","yes","","","=""00:03:01""","","no","no","to close to duck like
suck on some
duck like
to close to duck like
suck on some
duck like
to close to duck like
suck on some
duck like","","","Jordan McLaughlin","False","False",
"Audio","67166edab57030fe904f1ee4","Arachnophobia","","Blue","EDM Spotlight","Dirtysnatcha Records","10/28/2019","10/28/2019",="198342475034","DSR02","$0.91 ($1.29 SRLP) - T3","Dubstep","Released","© 2019 DirtySnatcha Records","℗ 2019 DirtySnatcha Records","","","no",,"","English","False","",,,"10/22/2024","10/22/2024","josh.erickson@ingrooves.com","10/22/2024","10/21/2024",,,"AudioTrack","67166edab57030fe904f1ee3",="1",="1","Arachnophobia","","Blue","GBWUL1910254","$0.91 ($1.29 SRLP) - T3","Dubstep","English","© 2019 DirtySnatcha Records","℗ 2019 DirtySnatcha Records","Christopher Harris <Writer>, Christopher Harris <Composer>","LAB10 Publishing <BMI>","yes","","","=""00:04:00""","","yes","no","“Yo dawg let’s keep the flow”…“Check…Yeah” 
“Fuck”","","","Christopher Harris","False","False",
"Audio","67166ee4b57030fe904f20c7","Break Beat","","Krxnik","EDM Spotlight","Dirtysnatcha Records","1/13/2020","1/17/2020",="198342476321","DSR05","$0.91 ($1.29 SRLP) - T3","Dubstep","Released","© 2019 DirtySnatcha Records","℗ 2019 DirtySnatcha Records","","","no",,"","English","False","",,,"10/30/2024","10/30/2024","josh.erickson@ingrooves.com","10/30/2024","10/30/2024",,,"AudioTrack","67166ee4b57030fe904f20c6",="1",="1","Break Beat","","Krxnik","GBWUL2005941","$0.91 ($1.29 SRLP) - T3","Dubstep","English","© 2019 DirtySnatcha Records","℗ 2019 DirtySnatcha Records","Michele Failla <Writer>, Michele Failla <Composer>","DirtySnatcha Records Publishing <ASCAP>","yes","","","=""00:02:44""","","no","no","inhale break beats break beats break beats","","","Michele Failla","False","False",
"Audio","67166ee6126997c258b6d89b","Loose It","BOU$HY Remix","Eazley, Autokorekt","EDM Spotlight","Dirtysnatcha Records","6/21/2021","6/21/2021",="198342491560","DSR39","$0.91 ($1.29 SRLP) - T3","Dubstep","Released","© 2021 DirtySnatcha Records","℗ 2021 DirtySnatcha Records","","","no",,"","English","False","",,,"11/4/2024","11/4/2024","josh.erickson@ingrooves.com","11/4/2024","11/2/2024",,,"AudioTrack","67166ee6126997c258b6d89a",="1",="1","Loose It","BOU$HY Remix","Eazley, Autokorekt","GBRKQ2109631","$0.91 ($1.29 SRLP) - T3","Dubstep","English","© 2021 DirtySnatcha Records","℗ 2021 DirtySnatcha Records","Alfred Rice <Writer>, Alfred Rice <Composer>, Anthony Autolino <Writer>, Anthony Autolino <Composer>","Lab10 Publishing <BMI>","yes","","","=""00:02:46""","","yes","no","Ever Ever Ever I'm about to loose my shit, I'm about to loose my shit. Come on. I'm about to loose my. Hold up Fuck. I'm about to loose my shit hold up. I'm about to loose my shit. Hold up fuck. I'm about to loose my shit. Hold up. Fuck Oh my god. I'm about to loose my shit. RIGHHHT","","","Alfred Rice,Anthony Autolino","False","False",
"Audio","67166ede7056a2b18cfd41fc","Power Transient","","Hexadrone","EDM Spotlight","Dirtysnatcha Records","12/28/2020","12/28/2020",="198342491300","DSR32","$0.91 ($1.29 SRLP) - T3","Dubstep","Released","© 2020 DirtySnatcha Records","℗ 2020 DirtySnatcha Records","","","no",,"","English","False","",,,"10/30/2024","10/30/2024","josh.erickson@ingrooves.com","10/30/2024","10/30/2024",,,"AudioTrack","67166ede7056a2b18cfd41fb",="1",="1","Power Transient","","Hexadrone","GBRKQ2053155","$0.91 ($1.29 SRLP) - T3","Dubstep","English","© 2020 DirtySnatcha Records","℗ 2020 DirtySnatcha Records","RubÉn Quispe <Writer>, RubÉn Quispe <Composer>","DirtySnatcha Records Publishing <ASCAP>","yes","","","=""00:03:21""","","no","no","wait a second firm drop drop let me 45 with me,.
Home of bleed. rock rock rock rock
wait a second firm drop drop drop drop
listen to this play
dead dead
home of the bleed rock rock rock rock","","","RubÉn Quispe","False","False",
"Audio","67166edfb57030fe904f20bc","Bloodthirsty","","Howker","EDM Spotlight","Dirtysnatcha Records","1/3/2020","1/3/2020",="198342475331","DSR04","$0.91 ($1.29 SRLP) - T3","Dubstep","Released","© 2019 DirtySnatcha Records","℗ 2019 DirtySnatcha Records","","","no",,"","English","False","",,,"10/23/2024","10/23/2024","josh.erickson@ingrooves.com","10/23/2024","10/23/2024",,,"AudioTrack","67166edfb57030fe904f20bb",="1",="1","Bloodthirsty","","Howker","GBWUL1958037","$0.91 ($1.29 SRLP) - T3","Dubstep","English","© 2019 DirtySnatcha Records","℗ 2019 DirtySnatcha Records","Brandon Campbell <Writer>, Brandon Campbell <Composer>","DirtySnatcha Records Publishing <ASCAP>","yes","","","=""00:03:05""","","no","no","Darkness is my only true enemy
This will be quite the deadly spectacle

Darkness is my only true enemy","","","Brandon Campbell","False","False",
"Audio","6716728a126997c258b6fe08","Spicy Tune","","Scafetta, Monsters Everywhere","EDM Spotlight","Dirtysnatcha Records","8/19/2022","8/19/2022",="198342503508","DSR72","$0.91 ($1.29 SRLP) - T3","Dubstep","Released","© 2022 DirtySnatcha Records","℗ 2022 DirtySnatcha Records","","","no",,"","English","False","",,,"10/28/2024","10/28/2024","josh.erickson@ingrooves.com","10/28/2024","10/28/2024",,,"AudioTrack","6716728a126997c258b6fe07",="1",="1","Spicy Tune","","Scafetta, Monsters Everywhere","GBWUL2257078","$0.91 ($1.29 SRLP) - T3","Dubstep","English","© 2022 DirtySnatcha Records","℗ 2022 DirtySnatcha Records","Andres Frutos <Writer>, Andres Frutos <Composer>, David Scafetta <Writer>, David Scafetta <Composer>","LAB10 Publishing <BMI>","yes","","","=""00:02:31""","","yes","no","I'm not upset just a little disappointed.
way to keep it spicy. Dont touch my 
you're fucking sausage
I am dombledoyle ill see you in person
keep it spicy","","","David Scafetta,Andres Frutos","False","False",
"Audio","6716728a7056a2b18cfd6bd1","Half Life","","Twisted, Chutez & Ladderz, R3mark","EDM Spotlight","Dirtysnatcha Records","6/20/2022","6/20/2022",="198342508084","DSR67","$0.91 ($1.29 SRLP) - T3","Dubstep","Released","© 2022 DirtySnatcha Records","℗ 2022 DirtySnatcha Records","","","no",,"","English","False","",,,"10/29/2024","10/29/2024","josh.erickson@ingrooves.com","10/29/2024","10/29/2024",,,"AudioTrack","6716728a7056a2b18cfd6bd0",="1",="1","Half Life","","Twisted, Chutez & Ladderz, R3mark","GBRKQ2245644","$0.91 ($1.29 SRLP) - T3","Dubstep","English","© 2022 DirtySnatcha Records","℗ 2022 DirtySnatcha Records","Drew White <Writer>, Drew White <Composer>, Jacob Kramer <Writer>, Jacob Kramer <Composer>, Chad Page <Writer>, Chad Page <Composer>","DirtySnatcha Records Publishing <ASCAP>","yes","","","=""00:02:48""","","no","no","welcome to hbv mach 4 protecting system. for use in hazardous enviroment conditions
welcome, welcome. welcome, welcome, welcome
welcome to the hbv mach 4. 
warning blood toxic levels detected
blood lust detected
evacuate","","","Drew White,Jacob Kramer,Chad Page","False","False",
"Audio","6716728e7056a2b18cfd6bd6","MAYKYU","","BANXY, Shockz","EDM Spotlight","Dirtysnatcha Records","9/30/2022","9/30/2022",="198342502624","DSR75","$0.91 ($1.29 SRLP) - T3","Dubstep","Released","© 2022 DirtySnatcha Records","℗ 2022 DirtySnatcha Records","","","no",,"","English","False","",,,"10/24/2024","10/24/2024","josh.erickson@ingrooves.com","10/24/2024","10/24/2024",,,"AudioTrack","6716728e7056a2b18cfd6bd5",="1",="1","MAYKYU","","BANXY, Shockz","QZTRX2279102","$0.91 ($1.29 SRLP) - T3","Dubstep","English","© 2022 DirtySnatcha Records","℗ 2022 DirtySnatcha Records","Jordon Ainger <Writer>, Jordon Ainger <Composer>, Tanner Swithenbank <Writer>, Tanner Swithenbank <Composer>","DirtySnatcha Records Publishing <ASCAP>","yes","","","=""00:04:27""","","yes","no","shut the fuck up
yes sir
you make me wanna say
drop
make you wanna say
fucking
check","","","Tanner Swithenbank,Jordan Ainger","False","False",
"Audio","67167290126997c258b6fe14","Apparition","","CVLVALRI","EDM Spotlight","Dirtysnatcha Records","8/12/2022","8/12/2022",="198342507926","DSR63","$0.91 ($1.29 SRLP) - T3","Dubstep","Released","© 2022 DirtySnatcha Records","℗ 2022 DirtySnatcha Records","","","no",,"","English","False","",,,"10/29/2024","10/29/2024","josh.erickson@ingrooves.com","10/29/2024","10/29/2024",,,"AudioTrack","67167290126997c258b6fe13",="1",="1","Apparition","","CVLVALRI","GBRKQ2204805","$0.91 ($1.29 SRLP) - T3","Dubstep","English","© 2022 DirtySnatcha Records","℗ 2022 DirtySnatcha Records","Leo Alecsis Gabriel Dalipe <Writer>, Leo Alecsis Gabriel Dalipe <Composer>","DirtySnatcha Records Publishing <ASCAP>","yes","","","=""00:02:37""","","no","no","the father sun is two","","","Leo Alecsis Gabriel Dalipe","False","False",
"Audio","67167290b57030fe904f4c9f","Fate","","Twisted, Chutez & Ladderz, R3mark","EDM Spotlight","Dirtysnatcha Records","6/13/2022","6/13/2022",="198342508060","DSR66","$0.91 ($1.29 SRLP) - T3","Dubstep","Released","© 2022 DirtySnatcha Records","℗ 2022 DirtySnatcha Records","","","no",,"","English","False","",,,"10/29/2024","10/29/2024","josh.erickson@ingrooves.com","10/29/2024","10/29/2024",,,"AudioTrack","67167290b57030fe904f4c9e",="1",="1","Fate","","Twisted, Chutez & Ladderz, R3mark","GBRKQ2245602","$0.91 ($1.29 SRLP) - T3","Dubstep","English","© 2022 DirtySnatcha Records","℗ 2022 DirtySnatcha Records","Drew White <Writer>, Drew White <Composer>, Jacob Kramer <Writer>, Jacob Kramer <Composer>, Chad Page <Writer>, Chad Page <Composer>","DirtySnatcha Records Publishing <ASCAP>","yes","","","=""00:03:06""","","no","no","Your fate is sealed indubitably
indubitably
Your fate is sealed indubitably
indubitably
Your fate is sealed indubitably
indubitably","","","Drew White,Jacob Kramer,Chad Page","False","False",
"Audio","671672917056a2b18cfd6bda","Dimension","","In Orbit Dubz, NEIN LIVES","EDM Spotlight","Dirtysnatcha Records","2/21/2022","2/21/2022",="198342496138","DSR51","$0.91 ($1.29 SRLP) - T3","Dubstep","Released","© 2022 DirtySnatcha Records","℗ 2022 DirtySnatcha Records","","","no",,"","English","False","",,,"10/28/2024","10/28/2024","josh.erickson@ingrooves.com","10/28/2024","10/27/2024",,,"AudioTrack","671672917056a2b18cfd6bd9",="1",="1","Dimension","","In Orbit Dubz, NEIN LIVES","QZ5FN2266737","$0.91 ($1.29 SRLP) - T3","Dubstep","English","© 2022 DirtySnatcha Records","℗ 2022 DirtySnatcha Records","Derek Frady <Writer>, Derek Frady <Composer>, Simon Shaheen <Writer>, Simon Shaheen <Composer>","LAB10 Publishing <BMI>","yes","","","=""00:03:18""","","yes","no","now is just a journey. this a dimension of imagination. switch In Orbit Dubz switch. Let me tell you my name. Nein Lives Now is just a journey. This is a dimension of imagination. Switch In Orbit Dubz switch. Let me tell you my name. Nein Lives. Show your tits","","","Simon Shaheen,Derek Frady","False","False",
"Audio","67167291126997c258b6fe18","Ground N' Pound","","Akronym, FIGMVNT","EDM Spotlight","Dirtysnatcha Records","7/6/2022","7/6/2022",="198342504093","DSR70","$0.91 ($1.29 SRLP) - T3","Dubstep","Released","© 2022 DirtySnatcha Records","℗ 2022 DirtySnatcha Records","","","no",,"","English","False","",,,"10/24/2024","10/24/2024","josh.erickson@ingrooves.com","10/24/2024","10/24/2024",,,"AudioTrack","67167291126997c258b6fe17",="1",="1","Ground N' Pound","","Akronym, FIGMVNT","GBRKQ2274076","$0.91 ($1.29 SRLP) - T3","Dubstep","English","© 2022 DirtySnatcha Records","℗ 2022 DirtySnatcha Records","Christopher May <Writer>, Christopher May <Composer>, Joseph Torres <Writer>, Joseph Torres <Composer>","DirtySnatcha Records Publishing <ASCAP>","yes","","","=""00:03:24""","","no","no","20 hours 59 minutes cordinating universal time
hit the ground like
blahh
haha hee hu
hu haha 
20 hours 59 minutes cordinating universal time
hit the ground like
rock to the
haha
he hu
hahahehu
rock to the","","","Joseph Torres,Christopher May","False","False",
"Audio","67167292126997c258b6fe1c","Out Of Service","","Autokorekt, Chemdawg feat. Versace","EDM Spotlight","Dirtysnatcha Records","12/6/2021","12/6/2021",="198342492215","DSR46","$0.91 ($1.29 SRLP) - T3","Dubstep","Released","© 2021 DirtySnatcha Records","℗ 2021 DirtySnatcha Records","","","no",,"","English","False","",,,"10/28/2024","10/28/2024","josh.erickson@ingrooves.com","10/28/2024","10/25/2024",,,"AudioTrack","67167292126997c258b6fe1b",="1",="1","Out Of Service","","Autokorekt, Chemdawg feat. Versace","GBWUL2192863","$0.91 ($1.29 SRLP) - T3","Dubstep","English","© 2021 DirtySnatcha Records","℗ 2021 DirtySnatcha Records","Ian Moses <Writer>, Ian Moses <Composer>, Joshua McCarthy <Writer>, Joshua McCarthy <Composer>, Anthony Autolino <Writer>, Anthony Autolino <Composer>","LAB10 Publishing <BMI>","yes","","","=""00:03:51""","","yes","no","why you call my phone you know that I aint fucking with you
why call my phone
why call my phone
why call my phone you know that I ain't fucking with you
 know that I ain't fucking with you
 know that I ain't fucking with you
why call my phone you know that I ain't fucking with you
 know that I ain't fucking with you
 know that I ain't fucking with you
hoppin maserati
hoppin maserati
why you call my phone you know that i aint fucking with you
hoppin maserati
hoppin maserati
why you call my phone you know that I aint fucking with you
why call my phone
why call my phone
hoppin maserati
hoppin maserati
hoping, hoping, hoping hoping, 
know that I ain't fucking with you","","","Anthony Autolino","False","False",
"Audio","671672937056a2b18cfd6bde","Radioactivity","","In Orbit Dubz","EDM Spotlight","Dirtysnatcha Records","5/27/2022","5/27/2022",="198342500118","DSR53","$0.91 ($1.29 SRLP) - T3","Dubstep","Released","© 2022 DirtySnatcha Records","℗ 2022 DirtySnatcha Records","","","no",,"","English","False","",,,"10/28/2024","10/28/2024","josh.erickson@ingrooves.com","10/28/2024","10/27/2024",,,"AudioTrack","671672937056a2b18cfd6bdd",="1",="1","Radioactivity","","In Orbit Dubz","USLZJ2286474","$0.91 ($1.29 SRLP) - T3","Dubstep","English","© 2022 DirtySnatcha Records","℗ 2022 DirtySnatcha Records","Simon Shaheen <Writer>, Simon Shaheen <Composer>","LAB10 Publishing <BMI>","yes","","","=""00:03:37""","","no","no","You are in danger, danger danger danger danger danger danger danger. you are in danger radioactivity
You are in danger, danger danger danger danger danger danger danger. you are in danger radioactivity","","","Simon Shaheen","False","False",
"Audio","67167293126997c258b6fe20","Always Got Me","","Ennaut","EDM Spotlight","Dirtysnatcha Records","2/11/2022","2/11/2022",="198342494790","DSR50","$0.91 ($1.29 SRLP) - T3","Dubstep","Released","© 2022 DirtySnatcha Records","℗ 2022 DirtySnatcha Records","","","no",,"","English","False","",,,"10/23/2024","10/23/2024","josh.erickson@ingrooves.com","10/23/2024","10/23/2024",,,"AudioTrack","67167293126997c258b6fe1f",="1",="1","Always Got Me","","Ennaut","QZ5FN2248162","$0.91 ($1.29 SRLP) - T3","Dubstep","English","© 2022 DirtySnatcha Records","℗ 2022 DirtySnatcha Records","Jason Moss <Writer>, Jason Moss <Composer>","DirtySnatcha Records Publishing <ASCAP>","yes","","","=""00:03:50""","","no","no","Let it out, let it out, just feel it
Cry it out, cry it all out to me

When you’re down, when your heart stops beating
You got me, always got me","","","Jason Moss","False","False",
"Audio","67167295126997c258b6fe24","Love","","Sinister Bass","EDM Spotlight","Dirtysnatcha Records","6/10/2022","6/10/2022",="198342507872","DSR59","$0.91 ($1.29 SRLP) - T3","Dubstep","Released","© 2022 DirtySnatcha Records","℗ 2022 DirtySnatcha Records","","","no",,"","English","False","",,,"10/31/2024","10/31/2024","josh.erickson@ingrooves.com","10/31/2024","10/31/2024",,,"AudioTrack","67167295126997c258b6fe23",="1",="1","Love","","Sinister Bass","GBRKQ2204541","$0.91 ($1.29 SRLP) - T3","Dubstep","English","© 2022 DirtySnatcha Records","℗ 2022 DirtySnatcha Records","Mark Ocampo <Writer>, Mark Ocampo <Composer>","LAB10 Publishing <BMI>","yes","","","=""00:03:03""","","no","no","All I really wanted. I just want to give you all my love. 
Here comes the benny bomb","","","Mark Ocampo","False","False",
"Audio","671672957056a2b18cfd6be2","Liquidator","","Sinister Bass","EDM Spotlight","Dirtysnatcha Records","7/8/2022","7/8/2022",="198342507896","DSR60","$0.91 ($1.29 SRLP) - T3","Dubstep","Released","© 2022 DirtySnatcha Records","℗ 2022 DirtySnatcha Records","","","no",,"","English","False","",,,"10/31/2024","10/31/2024","josh.erickson@ingrooves.com","10/31/2024","10/31/2024",,,"AudioTrack","671672957056a2b18cfd6be1",="1",="1","Liquidator","","Sinister Bass","GBRKQ2204555","$0.91 ($1.29 SRLP) - T3","Dubstep","English","© 2022 DirtySnatcha Records","℗ 2022 DirtySnatcha Records","Mark  Ocampo <Writer>, Mark  Ocampo <Composer>","LAB10 Publishing <BMI>","yes","","","=""00:02:45""","","no","no","I know how its all gona end. It's just a rerun.  a rerun of my favorite episode. It's a game of pluck and most. You're the most. and you're gonna run and scream. They always scream. I can do this all day. Come on mate. haa. Your name mate. There always parts being put on. drills being yanked from stomachs. bones being shattered to dust. now you tried to hide. but i am gonna get ya. the car you bloody idiots. push. its on its way back.","","","Mark  Ocampo","False","False",
"Audio","67167295126997c258b6fe28","WESTCOAST","","BBX, Geeku","EDM Spotlight","Dirtysnatcha Records","2/4/2022","2/4/2022",="198342494684","DSR49","$0.91 ($1.29 SRLP) - T3","Dubstep","Released","© 2022 DirtySnatcha Records","℗ 2022 DirtySnatcha Records","","","no",,"","English","False","",,,"10/24/2024","10/24/2024","josh.erickson@ingrooves.com","10/24/2024","10/24/2024",,,"AudioTrack","67167295126997c258b6fe27",="1",="1","WESTCOAST","","BBX, Geeku","QZ5FN2235968","$0.91 ($1.29 SRLP) - T3","Dubstep","English","© 2022 DirtySnatcha Records","℗ 2022 DirtySnatcha Records","Nakeem Richardson <Writer>, Nakeem Richardson <Composer>, Jordan Reid <Writer>, Jordan Reid <Composer>","LAB10 Publishing <BMI>","yes","","","=""00:04:38""","","no","no","Catch me on the westcoast
westcoast","","","","False","False",
"Audio","67167296126997c258b6fe2c","Demons","","Scafetta, Raddix","EDM Spotlight","Dirtysnatcha Records","5/25/2022","5/25/2022",="198342507834","DSR58","$0.91 ($1.29 SRLP) - T3","Dubstep","Released","© 2022 DirtySnatcha Records","℗ 2022 DirtySnatcha Records","","","no",,"","English","False","",,,"10/28/2024","10/28/2024","josh.erickson@ingrooves.com","10/28/2024","10/28/2024",,,"AudioTrack","67167296126997c258b6fe2b",="1",="1","Demons","","Scafetta, Raddix","GBRKQ2203029","$0.91 ($1.29 SRLP) - T3","Dubstep","English","© 2022 DirtySnatcha Records","℗ 2022 DirtySnatcha Records","Joshua Martin <Writer>, Joshua Martin <Composer>, David Scafetta <Writer>, David Scafetta <Composer>","LAB10 Publishing <BMI>","yes","","","=""00:04:28""","","yes","no","If I may be gone, you mean you don't like you change your life. Demands no blood. Needs a sacrifice in love. And I... You can close your eyes and take some time to prepare to fight. It's a cold world. And it just got colder. I still fuck off, and I still get vulnerable. I learn nothing from all of it.

Certainly not on the plane with the world on my shoulders. It's a small price I gotta pay back if I wanna make a change in the world someday. That's what I've been told since I was born. And it ain't getting better at all. I'm barely breathing, and stuff is ticking over from me. Yeah, I'm barely breathing; I'm getting weight in my knees.

I'm getting down with my jeans and you.

I mean, getting down. Getting down with my demons. You're...

I've been doing my...

If you get down in my...

Yeah.

Get down! My... You've been down since. You were my friend. Keep saying all the things that you say. Why you always complain? Let it again. You don't believe it. I can't be thinking upon it. She's been a dream, a dream. And it's just you and me in fantasy. She's the... That's okay with me. Cause it's a small price I gotta pay.

If I wanna make a change in the world someday. That's what I've been told since I was born. And it ain't getting better at all. I'm barely breathing. Sound is ticking over me. Yeah, I'm barely breathing; I'm dead weight in my knees. I'm getting down with my chin. And still with my... Yeah, yeah, I'm yeah, yeah, yeah, I...

I think getting down, getting down with my demons.

I got to be getting down with my...

Getting down, getting down with my demons I...

See you be popping up with an enemy from the taking off from me. The baby again. We get down. Meaning here I'm in my kingdom. Back to be my to be blame. Oh, got to be my.","","","David Scafetta","False","False",
"Audio","67167296126997c258b6fe30","Radiance","","BOU$HY","EDM Spotlight","Dirtysnatcha Records","9/24/2021","9/24/2021",="198342492130","DSR43","$0.91 ($1.29 SRLP) - T3","Dubstep","Released","© 2021 DirtySnatcha Records","℗ 2021 DirtySnatcha Records","","","no",,"","English","False","",,,"11/4/2024","11/4/2024","josh.erickson@ingrooves.com","11/4/2024","11/2/2024",,,"AudioTrack","67167296126997c258b6fe2f",="1",="1","Radiance","","BOU$HY","GBWUL2118332","$0.91 ($1.29 SRLP) - T3","Dubstep","English","© 2021 DirtySnatcha Records","℗ 2021 DirtySnatcha Records","Max Bouchard <Writer>, Max Bouchard <Composer>","DirtySnatcha Records Publishing <ASCAP>","yes","","","=""00:03:25""","","yes","no","Boushy.
Fuck you
Boushy
Fuck You","","","Max Bouchard","False","False",
"Audio","67167298126997c258b6fe36","GO MAD","","DSTRTN, CRiiOZ","EDM Spotlight","Dirtysnatcha Records","5/31/2022","5/31/2022",="198342500286","DSR56","$0.91 ($1.29 SRLP) - T3","Dubstep","Released","© 2022 DirtySnatcha Records","℗ 2022 DirtySnatcha Records","","","no",,"","English","False","",,,"10/24/2024","10/24/2024","josh.erickson@ingrooves.com","10/24/2024","10/24/2024",,,"AudioTrack","67167298126997c258b6fe35",="1",="1","GO MAD","","DSTRTN, CRiiOZ","USLZJ2297741","$0.91 ($1.29 SRLP) - T3","Dubstep","English","© 2022 DirtySnatcha Records","℗ 2022 DirtySnatcha Records","Colton Daniel Maynard <Writer>, Colton Daniel Maynard <Composer>, Neil Bryden Turcotte <Writer>, Neil Bryden Turcotte <Composer>","LAB10 Publishing <BMI>","yes","","","=""00:03:18""","","no","no","You will die by my
your reality has been distorted 
criioz
raaaaaaaagh
check
yeahhhhh
check
check
check
check
check
check
check
you will die by my
your reality has been distorted 
criioz
yeahhhhhhhh
check
check
check
check
check
check
check
yeahhhhhhhh
check
check
check
check
check
check
check","","","Colton Maynard,Neil Turcotte","False","False",
"Audio","67167299b57030fe904f4ca3","Big Body","","BOU$HY, Eazley","EDM Spotlight","Dirtysnatcha Records","1/17/2022","1/17/2022",="198342494042","DSR48","$0.91 ($1.29 SRLP) - T3","Dubstep","Released","© 2022 DirtySnatcha Records","℗ 2022 DirtySnatcha Records","","","no",,"","English","False","",,,"11/4/2024","11/4/2024","josh.erickson@ingrooves.com","11/4/2024","11/2/2024",,,"AudioTrack","67167299b57030fe904f4ca2",="1",="1","Big Body","","BOU$HY, Eazley","QZ5FN2216262","$0.91 ($1.29 SRLP) - T3","Dubstep","English","© 2022 DirtySnatcha Records","℗ 2022 DirtySnatcha Records","Alfred Rice <Writer>, Alfred Rice <Composer>, Max Bouchard <Writer>, Max Bouchard <Composer>","LAB10 Publishing <BMI>","yes","","","=""00:03:31""","","no","no","big bodies what you came
big bodies what you came
Big bodies big bodies big bodies
big bodies big bodies what the 
big bodies big bodies 
what the fuh
what the fuh
big bodies what you came","","","","False","False",
"Audio","671672997056a2b18cfd6be6","Giving Up VIP","","CHRMNDRS, SEEING\\DOUBLE","EDM Spotlight","Dirtysnatcha Records","11/2/2021","11/2/2021",="198342492154","DSR44","$0.91 ($1.29 SRLP) - T3","Dubstep","Released","© 2021 DirtySnatcha Records","℗ 2021 DirtySnatcha Records","","","no",,"","English","False","",,,"10/31/2024","10/31/2024","josh.erickson@ingrooves.com","10/31/2024","10/31/2024",,,"AudioTrack","671672997056a2b18cfd6be5",="1",="1","Giving Up VIP","","CHRMNDRS, SEEING\\DOUBLE","GBWUL2158623","$0.91 ($1.29 SRLP) - T3","Dubstep","English","© 2021 DirtySnatcha Records","℗ 2021 DirtySnatcha Records","Panagiotis Karzis <Writer>, Panagiotis Karzis <Composer>, Christopher Legris <Writer>, Christopher Legris <Composer>","LAB10 Publishing <BMI>","yes","","","=""00:04:56""","","yes","no","submit to me and I'll rip your
There's nowher to run There;s nowhere to go
whats up whats up whats up whats up whats up whats up whats up whats up 
giving up 
VIP
whats up whats up whats up whats up whats up whats up whats up whats up 
giving up 
FUCK YOU
Theres No where to run, Theres no where to go
whats up whats up whats up whats up whats up whats up whats up whats up 
giving up 
FUCK YOU","","","Panagiotis Karzis,Christopher Legris","False","False",
"Audio","671672997056a2b18cfd6bea","Telekinese","","Chackk, Kamas","EDM Spotlight","Dirtysnatcha Records","5/20/2022","5/20/2022",="198342500170","DSR52","$0.91 ($1.29 SRLP) - T3","Dubstep","Released","© 2022 DirtySnatcha Records","℗ 2022 DirtySnatcha Records","","","no",,"","English","False","",,,"10/28/2024","10/28/2024","josh.erickson@ingrooves.com","10/28/2024","10/28/2024",,,"AudioTrack","671672997056a2b18cfd6be9",="1",="1","Telekinese","","Chackk, Kamas","USLZJ2292920","$0.91 ($1.29 SRLP) - T3","Dubstep","English","© 2022 DirtySnatcha Records","℗ 2022 DirtySnatcha Records","Henry Rolfe <Writer>, Henry Rolfe <Composer>, Jannik Kairies <Writer>, Jannik Kairies <Composer>","Lab10 Publishing <BMI>","yes","","","=""00:04:06""","","no","no","Telekinese","","","Henry Rolfe,Jannik Kairies","False","False",
"Audio","67167299b57030fe904f4ca7","Torture","","Twisted, Chutez & Ladderz, R3mark","EDM Spotlight","Dirtysnatcha Records","6/6/2022","6/6/2022",="198342508053","DSR61","$0.91 ($1.29 SRLP) - T3","Dubstep","Released","© 2022 DirtySnatcha Records","℗ 2022 DirtySnatcha Records","","","no",,"","English","False","",,,"10/28/2024","10/28/2024","josh.erickson@ingrooves.com","10/28/2024","10/28/2024",,,"AudioTrack","67167299b57030fe904f4ca6",="1",="1","Torture","","Twisted, Chutez & Ladderz, R3mark","GBRKQ2224624","$0.91 ($1.29 SRLP) - T3","Dubstep","English","© 2022 DirtySnatcha Records","℗ 2022 DirtySnatcha Records","Drew White <Writer>, Drew White <Composer>, Jacob Kramer <Writer>, Jacob Kramer <Composer>, Chad Page <Writer>, Chad Page <Composer>","DirtySnatcha Records Publishing <ASCAP>","yes","","","=""00:02:59""","","no","no","Why torture myself. I can just torture you","","","Drew White,Jacob Kramer,Chad Page","False","False",
"Audio","6716729fb57030fe904f4cab","Red Sky","","Champagne Poppers","EDM Spotlight","Dirtysnatcha Records","6/30/2021","6/30/2021",="198342491591","DSR40","$0.91 ($1.29 SRLP) - T3","Dubstep","Released","© 2021 DirtySnatcha Records","℗ 2021 DirtySnatcha Records","","","no",,"","English","False","",,,"10/29/2024","10/29/2024","josh.erickson@ingrooves.com","10/29/2024","10/29/2024",,,"AudioTrack","6716729fb57030fe904f4caa",="1",="1","Red Sky","","Champagne Poppers","GBRKQ2120796","$0.91 ($1.29 SRLP) - T3","Dubstep","English","© 2021 DirtySnatcha Records","℗ 2021 DirtySnatcha Records","Carson Johnson <Writer>, Carson Johnson <Composer>","LAB10 Publishing <BMI>","yes","","","=""00:03:55""","","yes","no","Will you please keep and cover the sky? Sky and everything you can expect. Because the stars are all in my hand. Will you stay with me tonight? I need you by my side. Everything seems to change in the red sky.
red sky
in a world with red sky
in a world with red sky
in a world with red sky
sky sky sky sky sky
in a world with red skies
in a world with red skies

Everything changes. And the red skies. I love the way it matches both our red eyes. As long as we're together, I see that strikes you one place. And just... I just long and stare at the sky. will you please take my hand. We can say fuck it and leave we don't need a plan.   I've never been a thief believe that I will take a stand. I see it in my dreams so I'm a need to see a sky of red

Will you please take my hand. We'll go where the skies are red. I'd rather go there instead berceuse the stars are in my head. Will you stay with me tonight? I need you by my side. Everything seems to change it all in the big red sky.

red sky
In a world where the red skies","","","Carson Johnson","False","False",
"Audio","6716737bb57030fe904f5753","Black & Gold","","BBX","EDM Spotlight","Dirtysnatcha Records","9/15/2023","9/15/2023",="198342479889","DSR96","$3.50 ($4.99 SRLP) - S5","Dubstep","Released","© 2023 DirtySnatcha Records","℗ 2023 DirtySnatcha Records","","","no",,"","English","False","",,,"10/24/2024","10/24/2024","josh.erickson@ingrooves.com","10/24/2024","10/24/2024",,,"AudioTrack","6716737bb57030fe904f574f",="1",="1","Eight Six","","BBX","QZTV32366095","$0.91 ($1.29 SRLP) - T3","Dubstep","English","© 2023 DirtySnatcha Records","℗ 2023 DirtySnatcha Records","Jordan Reid <Writer>, Jordan Reid <Composer>","LAB10 Publishing <BMI>","yes","","","=""00:04:09""","","yes","no","hahaha Haters gonna hate riding in my eight six
all these bitches basic rollin in my eight six
riding low I take sips duckin in my eight six
revin up the straight six riddin in my riddin in my
haters gonna hate trick riding in my eight six
all these bitches basic rollin in my eight six
riding low I take sips duckin in my eight six
revin up the straight six riddin in my riddin in my
eight six 
riding in my eight six
eight six","","","Jordan Reid","False","False",
"Audio","6716737bb57030fe904f5753","Black & Gold","","BBX","EDM Spotlight","Dirtysnatcha Records","9/15/2023","9/15/2023",="198342479889","DSR96","$3.50 ($4.99 SRLP) - S5","Dubstep","Released","© 2023 DirtySnatcha Records","℗ 2023 DirtySnatcha Records","","","no",,"","English","False","",,,"10/24/2024","10/24/2024","josh.erickson@ingrooves.com","10/24/2024","10/24/2024",,,"AudioTrack","6716737bb57030fe904f5750",="1",="2","Black & Gold","","BBX","QZTV32366677","$0.91 ($1.29 SRLP) - T3","Dubstep","English","© 2023 DirtySnatcha Records","℗ 2023 DirtySnatcha Records","Jordan Reid <Writer>, Jordan Reid <Composer>","LAB10 Publishing <BMI>","yes","","","=""00:03:58""","","no","no","black gold

hahaha","","","Jordan Reid","False","False",
"Audio","6716737bb57030fe904f5753","Black & Gold","","BBX","EDM Spotlight","Dirtysnatcha Records","9/15/2023","9/15/2023",="198342479889","DSR96","$3.50 ($4.99 SRLP) - S5","Dubstep","Released","© 2023 DirtySnatcha Records","℗ 2023 DirtySnatcha Records","","","no",,"","English","False","",,,"10/24/2024","10/24/2024","josh.erickson@ingrooves.com","10/24/2024","10/24/2024",,,"AudioTrack","6716737bb57030fe904f5751",="1",="3","Shook","","BBX","QZTV32366682","$0.91 ($1.29 SRLP) - T3","Dubstep","English","© 2023 DirtySnatcha Records","℗ 2023 DirtySnatcha Records","Jordan Reid <Writer>, Jordan Reid <Composer>","LAB10 Publishing <BMI>","yes","","","=""00:02:57""","","no","no","scared to duck 
scared to look","","","Jordan Reid","False","False",
"Audio","6716737bb57030fe904f5753","Black & Gold","","BBX","EDM Spotlight","Dirtysnatcha Records","9/15/2023","9/15/2023",="198342479889","DSR96","$3.50 ($4.99 SRLP) - S5","Dubstep","Released","© 2023 DirtySnatcha Records","℗ 2023 DirtySnatcha Records","","","no",,"","English","False","",,,"10/24/2024","10/24/2024","josh.erickson@ingrooves.com","10/24/2024","10/24/2024",,,"AudioTrack","6716737bb57030fe904f5752",="1",="4","Crushed Glass","","BBX","QZTV32366684","$0.91 ($1.29 SRLP) - T3","Dubstep","English","© 2023 DirtySnatcha Records","℗ 2023 DirtySnatcha Records","Jordan Reid <Writer>, Jordan Reid <Composer>","LAB10 Publishing <BMI>","yes","","","=""00:03:06""","","yes","no","hahaha
s15 from the street to the trap. staying in my own lane while i coun


if you fuck with me then your swallowing crushed glass","","","Jordan Reid","False","False",
"Audio","67167376126997c258b704c9","The Back Rooms","","In Orbit Dubz","EDM Spotlight","Dirtysnatcha Records","11/25/2022","11/25/2022",="198342501023","DSR81","$3.50 ($4.99 SRLP) - S5","Dubstep","Released","© 2022 DirtySnatcha Records","℗ 2022 DirtySnatcha Records","","","no",,"","English","False","",,,"10/29/2024","10/29/2024","josh.erickson@ingrooves.com","10/29/2024","10/28/2024",,,"AudioTrack","67167376126997c258b704c5",="1",="1","Back Rooms","","In Orbit Dubz","QZWDD2257316","$0.91 ($1.29 SRLP) - T3","Dubstep","English","© 2022 DirtySnatcha Records","℗ 2022 DirtySnatcha Records","Simon Shaheen <Writer>, Simon Shaheen <Composer>","LAB10 Publishing <BMI>","yes","","","=""00:03:05""","","no","no","The back rooms. The back rooms. Refer to the project under any of the following titles. warning, warning, warning. The back rooms. In Orbit Dubz. Warning, Warning. The Back Rooms. The Back Rooms. Refer to the project under any of the following titles. Warning, warning, warning. The back rooms. In orbit dubz. Warning, warning, warning. The back rooms","","","Simon Shaheen","False","False",
"Audio","67167376126997c258b704c9","The Back Rooms","","In Orbit Dubz","EDM Spotlight","Dirtysnatcha Records","11/25/2022","11/25/2022",="198342501023","DSR81","$3.50 ($4.99 SRLP) - S5","Dubstep","Released","© 2022 DirtySnatcha Records","℗ 2022 DirtySnatcha Records","","","no",,"","English","False","",,,"10/29/2024","10/29/2024","josh.erickson@ingrooves.com","10/29/2024","10/28/2024",,,"AudioTrack","67167376126997c258b704c6",="1",="2","Fuck It Up","","In Orbit Dubz","QZWDD2257318","$0.91 ($1.29 SRLP) - T3","Dubstep","English","© 2022 DirtySnatcha Records","℗ 2022 DirtySnatcha Records","Simon Shaheen <Writer>, Simon Shaheen <Composer>","LAB10 Publishing <BMI>","yes","","","=""00:02:59""","","yes","no","So you know once you start there is no going back. Once you begin haha. There is no leaving. This means total commitment. Are you sure you're ready for that?
So you know once you start there is no going back
fuck it up. ugh huh. In orbit dubz
Turn it up. Ready with the laser. Fuck it up
yeah. Yes sir. Okay
So you know once you start there is no going back
fuck it up. ugh huh. In orbit dubz
Turn it up. Ready with the laser. Fuck it up
Yeah. yes sir. Okay","","","Simon Shaheen","False","False",
"Audio","67167376126997c258b704c9","The Back Rooms","","In Orbit Dubz","EDM Spotlight","Dirtysnatcha Records","11/25/2022","11/25/2022",="198342501023","DSR81","$3.50 ($4.99 SRLP) - S5","Dubstep","Released","© 2022 DirtySnatcha Records","℗ 2022 DirtySnatcha Records","","","no",,"","English","False","",,,"10/29/2024","10/29/2024","josh.erickson@ingrooves.com","10/29/2024","10/28/2024",,,"AudioTrack","67167376126997c258b704c7",="1",="3","Destroy","","In Orbit Dubz, DSTRTN","QZWDD2257331","$0.91 ($1.29 SRLP) - T3","Dubstep","English","© 2022 DirtySnatcha Records","℗ 2022 DirtySnatcha Records","Neil Turcotte <Writer>, Neil Turcotte <Composer>, Simon Shaheen <Writer>, Simon Shaheen <Composer>","LAB10 Publishing <BMI>","yes","","","=""00:03:18""","","yes","no","Initializing phase 1. Destruction mode has been activated. All identified personnel are seen as a direct threat. This sequence cannot be aborted. Friendly personnel are required to evacuate. Locating enemy. Enemy located. Termination is imminent. Fuck the place up. In Orbit Dubz. Welcome to your demise. Fucking destroyed. DSTRTN. Mother fucking.

Initializing phase 2 of the destruction sequence. Previous actions stated will be carried out with 2x the power of the last attack. That means your next action should be to disperse immediately. Enemy location. Termination is imminent. Tear out their fucking souls. DSTRTN Terminate. Welcome to your demise. Fuck the place up. Target eliminated.","","","Neil Turcotte,Simon Shaheen","False","False",
"Audio","67167376126997c258b704c9","The Back Rooms","","In Orbit Dubz","EDM Spotlight","Dirtysnatcha Records","11/25/2022","11/25/2022",="198342501023","DSR81","$3.50 ($4.99 SRLP) - S5","Dubstep","Released","© 2022 DirtySnatcha Records","℗ 2022 DirtySnatcha Records","","","no",,"","English","False","",,,"10/29/2024","10/29/2024","josh.erickson@ingrooves.com","10/29/2024","10/28/2024",,,"AudioTrack","67167376126997c258b704c8",="1",="4","Nightmare","","In Orbit Dubz","QZWDD2257336","$0.91 ($1.29 SRLP) - T3","Dubstep","No Linguistic Content","© 2022 DirtySnatcha Records","℗ 2022 DirtySnatcha Records","Simon Shaheen <Writer>, Simon Shaheen <Composer>","LAB10 Publishing <BMI>","yes","","","=""00:01:45""","","no","no","","","","Simon Shaheen","False","False",
"Audio","6716729f126997c258b6ff12","Terror","","Ennaut","EDM Spotlight","Dirtysnatcha Records","6/3/2022","6/3/2022",="198342500231","DSR54","$0.91 ($1.29 SRLP) - T3","Dubstep","Released","© 2022 DirtySnatcha Records","℗ 2022 DirtySnatcha Records","","","no",,"","English","False","",,,"10/23/2024","10/23/2024","josh.erickson@ingrooves.com","10/23/2024","10/23/2024",,,"AudioTrack","6716729f126997c258b6ff11",="1",="1","Terror","","Ennaut","USLZJ2296710","$0.91 ($1.29 SRLP) - T3","Dubstep","English","© 2022 DirtySnatcha Records","℗ 2022 DirtySnatcha Records","Jason Moss <Writer>, Jason Moss <Composer>","DistrySnatcha Records Publishing <ASCAP>","yes","","","=""00:03:51""","","no","no","It’s like if not for one mistake you you’ll make 2 then 3","","","Jaosn Moss","False","False",
"Audio","671672a0126997c258b6ff16","LIGMA","","BBX, JONOMATIC, Geeku","EDM Spotlight","Dirtysnatcha Records","12/1/2021","12/1/2021",="198342492208","DSR45","$0.91 ($1.29 SRLP) - T3","Dubstep","Released","© 2021 DirtySnatcha Records","℗ 2021 DirtySnatcha Records","","","no",,"","English","False","",,,"10/24/2024","10/24/2024","josh.erickson@ingrooves.com","10/24/2024","10/23/2024",,,"AudioTrack","671672a0126997c258b6ff15",="1",="1","LIGMA","","BBX, JONOMATIC, Geeku","GBWUL2171015","$0.91 ($1.29 SRLP) - T3","Dubstep","English","© 2021 DirtySnatcha Records","℗ 2021 DirtySnatcha Records","Jonathan Ely <Writer>, Jonathan Ely <Composer>, Nakeem Richardson <Writer>, Nakeem Richardson <Composer>, Jordan Reid <Writer>, Jordan Reid <Composer>","LAB10 Publishing <BMI>","yes","","","=""00:03:45""","","yes","no","Ligma
Ligma what you ask?
Lick my balls
Lick my balls
Lick my balls
sigma
sigma what
sigma dick
buffa
buffa what
buffa deez nuts
ligma
ligma balls fit in your mouth son
kisma
kisma what i hear you say
kisma dick
Ligma
Ligma what you ask?
Ligma balls
Ligma balls
Ligma balls
sigma
sigma what
sigma dick
buffa
buffa what
buffa deez nuts
ligma
ligma balls fit in your mouth son
kisma
kisma what i hear you say
kisma dick","","","Jordan Reid,Nakeem Richardson,Jonathan Ely","False","False",
"Audio","67167379126997c258b704d0","FLU","","PROTOCOL","EDM Spotlight","Dirtysnatcha Records","12/9/2022","12/9/2022",="198342498040","DSR84","$0.91 ($1.29 SRLP) - T3","Dubstep","Released","© 2022 DirtySnatcha Records","℗ 2022 DirtySnatcha Records","","","no",,"","English","False","",,,"11/4/2024","11/4/2024","josh.erickson@ingrooves.com","11/4/2024","11/2/2024",,,"AudioTrack","67167379126997c258b704cf",="1",="1","FLU","","PROTOCOL","QZWDD2296532","$0.91 ($1.29 SRLP) - T3","Dubstep","English","© 2022 DirtySnatcha Records","℗ 2022 DirtySnatcha Records","Chad Page <Writer>, Chad Page <Composer>, Jacob Kramer <Writer>, Jacob Kramer <Composer>, Drew White <Writer>, Drew White <Composer>","DirtySnatcha Records Publishing <ASCAP>","yes","","","=""00:03:12""","","no","no","Tummy make my flu go aghh. Tummy make my flu go. Tummy make my flue agh ugh. agh ugh. agh ugh. Tummy make my flu go. Tummy make my flu go. Tummy make my flu. tummy make my flu go agh ugh agh ugh agh ugh. syc ahh ha hee hu","","","Chad Page,Jacob Kramer,Drew White","False","False",
"Audio","6716736f126997c258b704b0","Assertion","","Aalioura","EDM Spotlight","Dirtysnatcha Records","11/11/2022","11/11/2022",="198342502129","DSR76","$0.91 ($1.29 SRLP) - T3","Dubstep","Released","© 2022 DirtySnatcha Records","℗ 2022 DirtySnatcha Records","","","no",,"","English","False","",,,"10/24/2024","10/24/2024","josh.erickson@ingrooves.com","10/24/2024","10/24/2024",,,"AudioTrack","6716736f126997c258b704af",="1",="1","Assertion","","Aalioura","QZWDD2238845","$0.91 ($1.29 SRLP) - T3","Dubstep","English","© 2022 DirtySnatcha Records","℗ 2022 DirtySnatcha Records","Jumana Khdour <Writer>, Jumana Khdour <Composer>","Dirtysnatcha Records Publishing <ASCAP>","yes","","","=""00:04:25""","","yes","no","I'll take whats mine
I'm a break shit

I'll take whats mine
I'm a break shit

Parental Discretion is advised

I'm a breal shit

I'll take whats mine
I'm a break shit

I'll take whats mine

I'm a break shit

Parental Discretion is advised

I'm a break shit","","","Jumana Khdour","False","False",
"Audio","6716736f126997c258b704a7","Upsurge","","Morva, J.A.D.P.","EDM Spotlight","Dirtysnatcha Records","11/17/2023","11/17/2023",="197999205919","DSR110","$4.90 ($6.99 SRLP) - S7","Dubstep","Released","© 2023 DirtySnatcha Records","℗ 2023 DirtySnatcha Records","","","no",,"","English","False","",,,"11/4/2024","11/4/2024","josh.erickson@ingrooves.com","11/4/2024","11/2/2024",,,"AudioTrack","6716736f126997c258b704a1",="1",="1","Solemn","","Morva, Darkmagic, J.A.D.P.","QZWDE2358069","$0.91 ($1.29 SRLP) - T3","Dubstep","English","© 2023 DirtySnatcha Records","℗ 2023 DirtySnatcha Records","David Antenozio <Writer>, David Antenozio <Composer>, Lorenzo Puglisi <Writer>, Lorenzo Puglisi <Composer>, Daniel Miller <Writer>, Daniel Miller <Composer>","LAB10 Publishing <BMI>","yes","","","=""00:04:19""","","no","no","Guess who's back. Guess who's back. Guess who's back. One, two, three rip apart.","","","David Antenozio,Lorenzo Puglisi,Daniel Miller","False","False",
"Audio","6716736f126997c258b704a7","Upsurge","","Morva, J.A.D.P.","EDM Spotlight","Dirtysnatcha Records","11/17/2023","11/17/2023",="197999205919","DSR110","$4.90 ($6.99 SRLP) - S7","Dubstep","Released","© 2023 DirtySnatcha Records","℗ 2023 DirtySnatcha Records","","","no",,"","English","False","",,,"11/4/2024","11/4/2024","josh.erickson@ingrooves.com","11/4/2024","11/2/2024",,,"AudioTrack","6716736f126997c258b704a2",="1",="2","Feel Like","","Morva, J.A.D.P.","QZWV32351830","$0.91 ($1.29 SRLP) - T3","Dubstep","English","© 2023 DirtySnatcha Records","℗ 2023 DirtySnatcha Records","Lorenzo Puglisi <Writer>, Lorenzo Puglisi <Composer>, Daniel Miller <Writer>, Daniel Miller <Composer>","LAB10 Publishing <BMI>","yes","","","=""00:02:54""","","no","no","You make me feel like. My worries with you can end. You make me feel like. Loving you. Whenever you can love me love me. You make me loving. Love me baby you could love me.","","","Daniel miller,Lorenzo Puglisi","False","False",
"Audio","6716736f126997c258b704a7","Upsurge","","Morva, J.A.D.P.","EDM Spotlight","Dirtysnatcha Records","11/17/2023","11/17/2023",="197999205919","DSR110","$4.90 ($6.99 SRLP) - S7","Dubstep","Released","© 2023 DirtySnatcha Records","℗ 2023 DirtySnatcha Records","","","no",,"","English","False","",,,"11/4/2024","11/4/2024","josh.erickson@ingrooves.com","11/4/2024","11/2/2024",,,"AudioTrack","6716736f126997c258b704a3",="1",="3","Galaxy","","Morva, J.A.D.P.","QZWV32351843","$0.91 ($1.29 SRLP) - T3","Dubstep","English","© 2023 DirtySnatcha Records","℗ 2023 DirtySnatcha Records","Lorenzo Puglisi <Writer>, Lorenzo Puglisi <Composer>, Daniel Miller <Writer>, Daniel Miller <Composer>","LAB10 Publishing <BMI>","yes","","","=""00:04:34""","","no","no","I can go without you. I can go without you. I can go without you. I can 
I can go without you","","","Lorenzo Puglisi,Daniel Miller","False","False",
"Audio","6716736f126997c258b704a7","Upsurge","","Morva, J.A.D.P.","EDM Spotlight","Dirtysnatcha Records","11/17/2023","11/17/2023",="197999205919","DSR110","$4.90 ($6.99 SRLP) - S7","Dubstep","Released","© 2023 DirtySnatcha Records","℗ 2023 DirtySnatcha Records","","","no",,"","English","False","",,,"11/4/2024","11/4/2024","josh.erickson@ingrooves.com","11/4/2024","11/2/2024",,,"AudioTrack","6716736f126997c258b704a4",="1",="4","Secrets","","Morva, J.A.D.P.","QZWV32351851","$0.91 ($1.29 SRLP) - T3","Dubstep","English","© 2023 DirtySnatcha Records","℗ 2023 DirtySnatcha Records","Lorenzo Puglisi <Writer>, Lorenzo Puglisi <Composer>, Daniel Miller <Writer>, Daniel Miller <Composer>","LAB10 Publishing <BMI>","yes","","","=""00:03:37""","","no","no","I got secrets you couldn't handle. A heart so humble its fragile. i dont know if your chance is enough. if you're someone to trust.
I got secrets you couldn't handle. A heart so humble its fragile
I got secrets you couldn't handle. A heart so humble its fragile. i dont know if your chance is enough. if you're someone to trust.
You couldn't handle
I got secrets you couldn't handle. A heart so humble its fragile
I got secrets you couldn't handle. A heart so humble its fragile. i dont know if your chance is enough. if you're someone to trust.
You couldn't handle","","","Lorenzo Puglisi,Daniel Miller","False","False",
"Audio","6716736f126997c258b704a7","Upsurge","","Morva, J.A.D.P.","EDM Spotlight","Dirtysnatcha Records","11/17/2023","11/17/2023",="197999205919","DSR110","$4.90 ($6.99 SRLP) - S7","Dubstep","Released","© 2023 DirtySnatcha Records","℗ 2023 DirtySnatcha Records","","","no",,"","English","False","",,,"11/4/2024","11/4/2024","josh.erickson@ingrooves.com","11/4/2024","11/2/2024",,,"AudioTrack","6716736f126997c258b704a5",="1",="5","Waiting For","","Morva, Nightfrost, J.A.D.P.","QZWV32351872","$0.91 ($1.29 SRLP) - T3","Dubstep","English","© 2023 DirtySnatcha Records","℗ 2023 DirtySnatcha Records","Lorenzo Puglisi <Writer>, Lorenzo Puglisi <Composer>, Daniel Miller <Writer>, Daniel Miller <Composer>, Matthew Telles <Writer>, Matthew Telles <Composer>","LAB10 Publishing <BMI>","yes","","","=""00:05:32""","","no","no","If I never get a chance to say sorry. You don't need to take the blame and it's on me. 
If you never come back then you'll never know. Can't open up that door if it's shut close. can't even figure out what you're waiting for. What you waiting for?  What you waiting for?  What you waiting for? What you waiting for?  What you waiting for?  What you waiting for? If you never come back then you'll never know. Can't open up that door if it's shut close. can't even figure out what you're waiting for. What you waiting for?  What you waiting?
What you waiting? 
If I never get a chance to say sorry. You don't need to take the blame and it's on me. 
If you never come back then you'll never know. Can't open up that door if it's shut close. can't even figure out what you're waiting for. What you waiting for?  What you waiting for?  What you waiting for? What you waiting for?  What you waiting for?  What you waiting for? 
If you never come back then you'll never know. Can't open up that door if it's shut close. can't even figure out what you're waiting for. What you waiting for?  What you waiting?
AHHHH AHHH AHHH AHHHH AHHHH
LETS GOOO. I'm going to kill youuuuuuu. What you waittt
ahhh ahhh ahhh ahhh. What you waitinggg
grrrrrrgh. Wait you waitng","","","Lorenzo Puglisi,Daniel Miller,Matthew Telles","False","False",
"Audio","6716736f126997c258b704a7","Upsurge","","Morva, J.A.D.P.","EDM Spotlight","Dirtysnatcha Records","11/17/2023","11/17/2023",="197999205919","DSR110","$4.90 ($6.99 SRLP) - S7","Dubstep","Released","© 2023 DirtySnatcha Records","℗ 2023 DirtySnatcha Records","","","no",,"","English","False","",,,"11/4/2024","11/4/2024","josh.erickson@ingrooves.com","11/4/2024","11/2/2024",,,"AudioTrack","6716736f126997c258b704a6",="1",="6","Reborn","","Morva, J.A.D.P.","QZWV32351912","$0.91 ($1.29 SRLP) - T3","Dubstep","English","© 2023 DirtySnatcha Records","℗ 2023 DirtySnatcha Records","Lorenzo Puglisi <Writer>, Lorenzo Puglisi <Composer>, Daniel Miller <Writer>, Daniel Miller <Composer>","LAB10 Publishing <BMI>","yes","","","=""00:03:24""","","no","no","I can take your pain Away. (from you)  I can take your pain away. I can take it. I can take it. I can take it. I can take it.  I can take your pain away from you.  I can take it. I can take it. I can take it. I can take your pain away from you. I can take it. I can take it. I can take away your pain from you. I can take it. I can take it.","","","Lorenzo Puglisi,Daniel Miller","False","False",
"Audio","6716750d126997c258b71614","Genie In a Bottle","","DirtySnatcha, Luci","EDM Spotlight","Dirtysnatcha Records","4/19/2024","4/19/2024",="198342437506","DSR132","$0.91 ($1.29 SRLP) - T3","Dubstep","Released","© 2024 DirtySnatcha Records","℗ 2024 DirtySnatcha Records","","","no",,"","English","False","",,,"10/25/2024","10/25/2024","josh.erickson@ingrooves.com","10/25/2024","10/24/2024",,,"AudioTrack","6716750d126997c258b71613",="1",="1","Genie In a Bottle","","DirtySnatcha, Luci","GBWUL2407705","$0.91 ($1.29 SRLP) - T3","Dubstep","English","© 2024 DirtySnatcha Records","℗ 2024 DirtySnatcha Records","David Frank <Writer>, David Frank <Composer>, Steve Kipner <Writer>, Steve Kipner <Composer>, Pam Sheyne <Writer>, Pam Sheyne <Composer>","EMI April Music Inc <ASCAP>, Griff Griff Music <ASCAP>, Mother's Finest Songs <ASCAP>","yes","","","=""00:03:18""","","yes","no","(Oh-oh-oh-oh-oh)
but my heart is saying no
but my heart is saying no


If you want to be with me
Baby there's a price to pay
I'm a genie in a bottle, you got rub the right way
If you want to be with me
I can make your wish come true
You got to make a big impression
You gotta like what you do
I'm a genie in a bottle, baby, 
riddim

I'm a genie in a bottle, baby, 
come, come, come on let me out

I'm a genie in a bottle, baby, 
come, come 

Play some fucking dubstep

(Oh-oh-oh-oh-oh)
but my heart is saying no
(Oh-oh-oh-oh-oh)
I'm a genie in a bottle, baby

oh yeah 
oh yeah,

but my heart is saying no
(Oh-oh-oh-oh-oh)
I'm a genie in a bottle, baby
oh yeah 
oh yeah,

Im a genie in a bottle baby
Come, come, come on in let me out
but my heart is saying no
but my body is saying lets go
If you want to be with me
Baby there's a price to pay
I'm a genie in a bottle, you got rub the right way
If you want to be with me
I can make your wish come true
You got to make a big impression
You gotta like what you do
I'm a genie in a bottle, baby, 
come, come, come on let me out
Riddim
Im a genie in a bottle baby
Im a genie in a bottle baby","","","Leigh Bray","False","False",
"Audio","67167371b57030fe904f555e","Maniac","","SINATRA","EDM Spotlight","Dirtysnatcha Records","12/8/2023","12/8/2023",="197999611932","DSR114","$0.91 ($1.29 SRLP) - T3","Dubstep","Released","© 2023 DirtySnatcha Records","℗ 2023 DirtySnatcha Records","","","no",,"","English","False","",,,"11/4/2024","11/4/2024","josh.erickson@ingrooves.com","11/4/2024","11/2/2024",,,"AudioTrack","67167371b57030fe904f555d",="1",="1","Maniac","","SINATRA","QZZEB2305800","$0.91 ($1.29 SRLP) - T3","Dubstep","English","© 2023 DirtySnatcha Records","℗ 2023 DirtySnatcha Records","Timothy Moon <Writer>, Timothy Moon <Composer>","DirtySnatcha Records Publishing <ASCAP>","yes","","","=""00:04:23""","","yes","no","with the dick pic with the clean slate here we go. Come on. with the dick pic with the clean slate here we go. with the dick pic with the clean slate here we go. with the dick pic with the clean slate here we go. with the dick pic with the clean slate here we go.  I'm a maniac for that trap shit. Come on . with all the ways to die please raise your hand come on","","","Timothy Moon","False","False",
"Audio","67167372b57030fe904f5650","Movin","","Rest N Piecez","EDM Spotlight","Dirtysnatcha Records","8/11/2023","8/11/2023",="198342479698","DSR100","$0.91 ($1.29 SRLP) - T3","Dubstep","Released","© 2023 DirtySnatcha Records","℗ 2023 DirtySnatcha Records","","","no",,"","English","False","",,,"11/4/2024","11/4/2024","josh.erickson@ingrooves.com","11/4/2024","11/2/2024",,,"AudioTrack","67167372b57030fe904f564f",="1",="1","Movin","","Rest N Piecez","QZTV32374100","$0.91 ($1.29 SRLP) - T3","Dubstep","English","© 2023 DirtySnatcha Records","℗ 2023 DirtySnatcha Records","Chris Smith <Writer>, Chris Smith <Composer>","DirtySnatcha Records Publishing <ASCAP>","yes","","","=""00:03:15""","","no","no","Now I'm leaving im leaving I gotta do what I do. I really here on my ones now instead of four three drug twos. and now its f you from paris. i could have been fing you in Paris. I dont wait from the drop. I just flow the pop. I dont wait for the. i dont wait for the drop. I just flow fom the pop. Yeah. Yeah yeah yeah yeah yeah yeah yeah yeah yeah yeah. Now I'm leaving im leaving I gotta do what I do. I really here on my ones now instead of four three drug twos. and now its f you from paris. i could have been fing you in Paris. I dont wait from the drop. I just flow the pop. I dont wait for the. i dont wait for the drop. I just flow fom the pop. Yeah. Yeah yeah yeah yeah yeah yeah yeah yeah yeah yeah. i dont wait for the drop ijust flow the from the pop. i dont wait for the i dont wait for the i dont wait for i dont wait for the. I just flow the from the pop. yeah. Now I'm leaving im leaving I gotta do what I do. I really here on my ones now instead of four three drug twos. and now its f you from paris. i could have been fing you in Paris. I dont wait from the drop. I just flow the pop. Now I'm leaving im leaving I gotta do what I do. I really here on my ones now instead of four three drug twos. and now its f you from paris. i could have been fing you in Paris. I dont wait from the drop. I just flow the pop.","","","Chad Smith","False","False",
"Audio","6716750e7056a2b18cfd8f6d","Round 2","","Nekz, Meechie Murda","EDM Spotlight","Dirtysnatcha Records","2/2/2024","2/2/2024",="197999919441","DSR121","$0.91 ($1.29 SRLP) - T3","Dubstep","Released","© 2024 DirtySnatcha Records","℗ 2024 DirtySnatcha Records","","","no",,"","English","False","",,,"11/4/2024","11/4/2024","josh.erickson@ingrooves.com","11/4/2024","11/2/2024",,,"AudioTrack","6716750e7056a2b18cfd8f6c",="1",="1","Round 2","","Nekz, Meechie Murda","QZ5FN2445592","$0.91 ($1.29 SRLP) - T3","Dubstep","English","© 2024 DirtySnatcha Records","℗ 2024 DirtySnatcha Records","Nahuel Cata <Writer>, Nahuel Cata <Composer>, Demetrius Luster <Writer>, Demetrius Luster <Composer>","DirtySnatcha Records Publishing <ASCAP>","yes","","","=""00:02:42""","","no","no","Tell me its the bread. Drop.  Tell me its the bread. Tell me its the bread. drop","","","Nahuel Cata,Demetrius Luster","False","False",
