drews 1.0
56 8076
0 0 0
0 0 0
0 0 0
0 0 0
0 0 0
0 0 0
0 0 0
0 0 0
0 0 0
0 0 0
0 0 0
0 0 0
0 0 0
0 0 0
0 0 0
1.57594 0 0
0.912428 0.230261 -0.338312
-0.188027 0.970144 0.153189
0.363485 -0.0761624 0.928482
32.6863 -0.130722 -4.55309
0 0 0
0 0 0
0 0 0
0 0 0
0 0 0
1.57594 0 0
0.89186 0.195229 0.40801
-0.25168 0.963708 0.0890155
-0.375824 -0.182077 0.908628
-22.2353 4.18596 -4.89162
1.57594 0 0
0.921523 0.262079 -0.286548
-0.222783 0.961201 0.162664
0.318061 -0.0860602 0.944156
30.2476 -1.09689 -5.58018
0 0 0
0 0 0
0 0 0
0 0 0
0 0 0
0 0 0
0 0 0
0 0 0
0 0 0
0 0 0
0 0 0
0 0 0
0 0 0
0 0 0
0 0 0
0 0 0
0 0 0
0 0 0
0 0 0
0 0 0
0 0 0
0 0 0
0 0 0
0 0 0
0 0 0
0 0 0
0 0 0
0 0 0
0 0 0
0 0 0
0 0 0
0 0 0
0 0 0
0 0 0
0 0 0
0 0 0
0 0 0
0 0 0
0 0 0
0 0 0
1.57594 0 0
0.911991 0.226297 -0.342144
-0.182042 0.970709 0.156798
0.367604 -0.0807138 0.926473
32.1189 0.0026838 -3.52723
1.57594 0 0
0.77413 0.0214155 -0.632664
0.0273497 0.997363 0.0672256
0.632435 -0.0693445 0.771503
40.6804 6.43744 6.31755
1.57594 0 0
0.84151 0.181671 0.508779
-0.259832 0.961787 0.0863297
-0.473653 -0.204844 0.856558
-29.6354 4.39913 -1.63744
1.57594 0 0
0.248865 -0.10877 -0.962411
0.112697 0.990176 -0.0827664
0.961959 -0.0878627 0.258679
58.7097 17.2816 44.9147
0 0 0
0 0 0
0 0 0
0 0 0
0 0 0
1.57594 0 0
0.892465 0.175984 0.415374
-0.231384 0.969 0.0866069
-0.387256 -0.173405 0.905518
-24.1935 6.2461 3.02977
0 0 0
0 0 0
0 0 0
0 0 0
0 0 0
0 0 0
0 0 0
0 0 0
0 0 0
0 0 0
1.57594 0 0
0.750476 0.00596574 -0.66087
0.0303885 0.99859 0.0435232
0.660198 -0.052746 0.749237
41.6141 9.78711 15.2012
1.57594 0 0
0.856233 0.0410185 -0.51496
9.75535e-05 0.99683 0.0795636
0.516591 -0.0681751 0.853514
32.8096 7.23524 7.75842
1.57594 0 0
0.980405 0.111231 -0.162587
-0.0910655 0.987761 0.126632
0.174683 -0.109344 0.978534
11.687 4.01485 -1.14706
1.57594 0 0
0.932372 0.172011 0.317953
-0.217883 0.969226 0.114579
-0.288459 -0.176107 0.941158
-17.6281 4.23918 -0.240138
1.57594 0 0
0.734613 0.189069 0.65161
-0.298706 0.952432 0.060401
-0.609195 -0.239011 0.756145
-38.7477 7.34044 10.456
0 0 0
0 0 0
0 0 0
0 0 0
0 0 0
0 0 0
0 0 0
0 0 0
0 0 0
0 0 0
1.57594 0 0
0.976632 0.159542 0.144004
-0.17536 0.978917 0.10474
-0.124257 -0.127545 0.984018
-7.19011 5.38784 -1.13668
1.57594 0 0
0.303922 -0.102666 -0.947149
0.0867903 0.993026 -0.0797892
0.948735 -0.0579536 0.310713
58.3267 17.3424 42.6659
0 0 0
0 0 0
0 0 0
0 0 0
0 0 0
0 0 0
0 0 0
0 0 0
0 0 0
0 0 0
0 0 0
0 0 0
0 0 0
0 0 0
0 0 0
0 0 0
0 0 0
0 0 0
0 0 0
0 0 0
1.57594 0 0
0.932828 0.27584 -0.231829
-0.242051 0.956318 0.163911
0.266916 -0.0967864 0.958847
27.2338 1.06092 2.60821
1.57594 0 0
0.173874 -0.107214 -0.978914
0.106124 0.990307 -0.0896121
0.979033 -0.0883049 0.183566
59.9918 17.8474 50.4123
1.57594 0 0
0.804081 0.0419712 -0.593036
-0.00297905 0.997777 0.0665769
0.594512 -0.0517666 0.802419
38.5182 8.05244 11.7028
1.57594 0 0
0.989215 0.13947 -0.0447508
-0.133682 0.984525 0.113315
0.0598623 -0.106111 0.992551
4.75179 4.78771 -1.78941
1.57594 0 0
0.781172 0.188748 0.595101
-0.280036 0.957868 0.0637882
-0.557988 -0.216479 0.801115
-35.4083 7.25204 8.47744
0 0 0
0 0 0
0 0 0
0 0 0
0 0 0
0 0 0
0 0 0
0 0 0
0 0 0
0 0 0
0 0 0
0 0 0
0 0 0
0 0 0
0 0 0
0 0 0
0 0 0
0 0 0
0 0 0
0 0 0
0 0 0
0 0 0
0 0 0
0 0 0
0 0 0
1.57594 0 0
0.939636 0.287918 -0.184899
-0.259867 0.951994 0.161794
0.222606 -0.103978 0.969348
25.4584 0.601898 0.752285
1.57594 0 0
0.273956 -0.0998411 -0.956546
0.0843187 0.99326 -0.0795243
0.958039 -0.0588686 0.280528
58.5694 17.2374 45.0442
1.57594 0 0
0.986864 0.144783 0.0716817
-0.152398 0.981535 0.115606
-0.0536204 -0.125011 0.990705
-2.59439 4.8362 -1.32844
0 0 0
0 0 0
0 0 0
0 0 0
0 0 0
0 0 0
0 0 0
0 0 0
0 0 0
0 0 0
0 0 0
0 0 0
0 0 0
0 0 0
0 0 0
0 0 0
0 0 0
0 0 0
0 0 0
0 0 0
0 0 0
0 0 0
0 0 0
0 0 0
0 0 0
0 0 0
0 0 0
0 0 0
0 0 0
0 0 0
0 0 0
0 0 0
0 0 0
0 0 0
0 0 0
-11.3564 14.8327 52.858
250 100 150
3 16 19307 0 23 11400 0 31 9042 0
-20.7214 -5.38946 41.8917
250 100 150
2 3 2628 0 6 2321 0
-10.4589 -1.22329 57.3548
250 100 150
3 3 2718 0 6 2385 0 15 2576 0
-11.1008 5.30669 59.9697
250 100 150
4 3 3468 0 6 2931 0 15 3194 0 36 783 0
-13.2723 8.87561 48.8246
250 100 150
2 3 4113 0 6 3468 0
-12.4551 -6.07911 53.7004
250 100 150
3 3 5265 0 6 2034 0 15 4796 0
-10.9711 -4.40566 55.897
250 100 150
2 3 5423 0 6 4521 0
-19.9561 -5.93205 41.9913
250 100 150
2 6 4575 0 15 4971 0
-20.1048 -5.81986 41.9601
250 100 150
2 6 4590 0 15 4991 0
-10.3707 -1.10146 60.4614
250 100 150
4 3 5661 0 6 4711 0 15 5122 0 36 2104 0
-10.4013 -1.1879 57.5024
250 100 150
3 3 5668 0 6 4715 0 15 5126 0
-21.8781 -4.23366 41.0779
250 100 150
2 3 5794 0 6 4816 0
-12.3139 10.2919 58.224
250 100 150
4 3 6683 0 6 5618 0 36 2925 0 46 3126 0
-11.4143 -4.8455 55.1551
250 100 150
3 3 7799 0 6 4490 0 15 6940 0
-20.0883 -5.83562 41.9821
250 100 150
2 6 6605 0 15 7003 0
-20.1412 -5.73421 41.8963
250 100 150
2 6 6611 0 15 7011 0
-10.2138 -2.75249 58.056
250 100 150
3 3 7915 0 6 6629 0 15 7042 0
-20.6496 -5.45103 41.6763
250 100 150
2 6 6645 0 15 7045 0
-20.7672 -5.43711 41.6978
250 100 150
2 6 6648 0 15 7050 0
-21.8803 -4.23557 41.0524
250 100 150
2 3 8065 0 6 6766 0
-22.0909 -3.99022 40.954
250 100 150
2 3 8107 0 6 6801 0
-10.3637 0.476386 55.0989
250 100 150
2 3 8110 0 6 6789 0
-22.3789 -3.77421 40.7488
250 100 150
3 3 8147 0 6 6829 0 15 7204 0
-22.3926 -3.65093 40.812
250 100 150
2 3 8159 0 6 6836 0
-22.5448 -3.53629 40.7684
250 100 150
2 3 8171 0 6 6845 0
-22.6895 -3.23014 40.7998
250 100 150
3 3 8206 0 6 6880 0 15 7247 0
-22.7454 -3.09906 40.8179
250 100 150
2 3 8223 0 6 6897 0
-11.0008 5.63396 58.9689
250 100 150
4 3 8420 0 6 7083 0 15 7457 0 36 4642 0
-11.6809 8.88326 58.0449
250 100 150
5 3 8598 0 6 7256 0 15 7634 0 36 4863 0 46 5006 0
-11.0743 -5.24186 58.5626
250 100 150
2 3 9377 0 6 6504 0
-20.1877 -6.10821 42.3534
250 100 150
2 6 8000 0 15 8378 0
-21.1527 -5.42712 41.5776
250 100 150
2 6 8045 0 15 8416 0
-21.2506 -5.35741 41.7828
250 100 150
2 6 8050 0 15 8421 0
-21.5726 -5.19476 41.2851
250 100 150
2 6 8060 0 15 8433 0
-21.2779 -5.05778 41.2724
250 100 150
2 6 8064 0 15 8435 0
-21.2475 -5.00372 41.3151
250 100 150
2 6 8068 0 15 8437 0
-21.414 -4.75637 41.2575
250 100 150
3 3 9515 0 6 8089 0 15 8450 0
-21.8815 -4.22954 41.0609
250 100 150
2 3 9567 0 6 8131 0
-22.0535 -3.96218 40.9454
250 100 150
2 3 9600 0 6 8158 0
-22.7565 -3.97344 40.7571
250 100 150
3 3 9618 0 6 8171 0 15 8524 0
-22.2637 -3.81162 40.8251
250 100 150
3 3 9620 0 6 8175 0 15 8527 0
-22.3744 -3.77836 40.743
250 100 150
2 3 9626 0 6 8178 0
-22.3973 -3.64966 40.7972
250 100 150
2 3 9639 0 6 8186 0
-22.8482 -3.72725 40.741
250 100 150
2 3 9641 0 6 8191 0
-22.5468 -3.53875 40.7395
250 100 150
3 3 9645 0 6 8196 0 15 8549 0
-22.9075 -3.57634 40.7014
250 100 150
2 6 8202 0 15 8552 0
-22.6431 -3.48853 40.7506
250 100 150
2 3 9650 0 6 8205 0
-22.625 -3.33313 40.8081
250 100 150
2 3 9654 0 6 8212 0
-23.0586 -3.41663 40.8626
250 100 150
2 6 8215 0 15 8560 0
-22.6859 -3.20864 40.8635
250 100 150
2 6 8222 0 15 8565 0
-10.5954 3.14083 60.5315
250 100 150
5 3 9691 0 6 8234 0 15 8596 0 36 5899 0 46 5980 0
-11.0824 5.61367 59.3084
250 100 150
4 6 8388 0 15 8741 0 36 6017 0 46 6075 0
-10.9705 5.64913 59.0459
250 100 150
4 3 9848 0 6 8392 0 15 8745 0 36 6019 0
-9.41691 7.90931 54.0642
250 100 150
3 18 3301 0 37 11627 0 47 10523 0
-12.5994 11.7305 54.1766
250 100 150
3 3 10252 0 6 8774 0 15 9152 0
-20.2603 -6.13626 42.1254
250 100 150
2 6 9005 0 15 9409 0
-10.4096 -3.62306 57.6415
250 100 150
3 3 10537 0 6 9008 0 15 9418 0
-21.3628 -5.21691 41.6056
250 100 150
2 6 9036 0 15 9439 0
-21.0852 -5.0517 41.3394
250 100 150
2 6 9039 0 15 9440 0
-21.8816 -4.22561 41.0289
250 100 150
3 3 10600 0 6 9078 0 15 9462 0
-22.0382 -4.13917 41.0034
250 100 150
3 3 10605 0 6 9085 0 15 9465 0
-22.4692 -4.22781 40.9765
250 100 150
3 3 10607 0 6 9089 0 15 9467 0
-22.093 -3.99165 40.9192
250 100 150
3 3 10620 0 6 9093 0 15 9472 0
-22.556 -4.02844 40.8873
250 100 150
3 3 10625 0 6 9096 0 15 9476 0
-22.36 -3.78235 40.8341
250 100 150
3 3 10632 0 6 9106 0 15 9482 0
-22.4043 -3.62809 40.7848
250 100 150
3 3 10639 0 6 9116 0 15 9489 0
-22.5721 -3.53853 40.7241
250 100 150
3 3 10643 0 6 9120 0 15 9491 0
-22.9027 -3.55634 40.7048
250 100 150
2 6 9125 0 15 9492 0
-11.7758 4.07968 52.432
250 100 150
3 3 10741 0 6 9212 0 15 9578 0
-11.1343 6.76227 56.4273
250 100 150
3 3 10770 0 6 9247 0 15 9613 0
-11.6603 5.98218 52.5165
250 100 150
3 3 10774 0 6 9251 0 15 9616 0
-11.3538 6.91833 55.9546
250 100 150
3 3 10775 0 6 9253 0 15 9618 0
-12.4054 9.69567 53.1972
250 100 150
3 3 10871 0 6 9335 0 15 9714 0
-12.2086 10.3268 54.9299
250 100 150
3 3 10873 0 6 9337 0 15 9718 0
-21.8993 -4.81631 41.3625
250 100 150
2 3 11109 0 6 9554 0
-21.9611 -4.56039 41.0901
250 100 150
2 3 11117 0 6 9565 0
-21.8831 -4.49234 41.091
250 100 150
2 3 11118 0 6 9566 0
-22.2088 -4.53694 41.098
250 100 150
2 3 11122 0 6 9571 0
-22.2751 -4.34555 41.0368
250 100 150
3 3 11126 0 6 9574 0 15 9953 0
-22.2419 -4.3108 40.8218
250 100 150
3 3 11128 0 6 9580 0 15 9954 0
-21.8088 -4.15554 40.9894
250 100 150
3 3 11133 0 6 9581 0 15 9957 0
-22.551 -4.2893 40.9818
250 100 150
3 3 11138 0 6 9584 0 15 9962 0
-22.5144 -4.25936 40.7646
250 100 150
3 3 11141 0 6 9588 0 15 9964 0
-22.3333 -3.98317 40.8675
250 100 150
3 3 11150 0 6 9596 0 15 9971 0
-22.5662 -4.01918 40.8601
250 100 150
2 3 11151 0 6 9597 0
-22.2424 -3.92186 40.8799
250 100 150
2 3 11152 0 6 9598 0
-22.4049 -3.88549 40.879
250 100 150
2 3 11154 0 6 9602 0
-22.9309 -3.80396 40.7773
250 100 150
3 3 11165 0 6 9611 0 15 9984 0
-22.8419 -3.75632 40.7898
250 100 150
3 3 11167 0 6 9614 0 15 9986 0
-22.3294 -3.56061 40.7703
250 100 150
2 3 11169 0 6 9618 0
-22.6525 -3.59927 40.7358
250 100 150
2 3 11171 0 6 9620 0
-22.5389 -3.49758 40.9609
250 100 150
2 6 9621 0 15 9992 0
-22.9085 -3.53937 40.7057
250 100 150
2 6 9624 0 15 9994 0
-22.82 -3.50589 40.7019
250 100 150
2 3 11176 0 6 9625 0
-23.1371 -3.46599 40.7675
250 100 150
2 6 9628 0 15 9997 0
-23.0335 -3.20842 40.9017
250 100 150
2 6 9633 0 15 10002 0
-10.9648 6.66621 56.2919
250 100 150
5 23 13942 0 24 14233 0 31 13626 0 37 12110 0 47 10958 0
-11.8943 7.85898 55.3356
250 100 150
3 3 11301 0 6 9731 0 15 10118 0
-22.5357 -3.52304 41.0156
250 100 150
3 3 11513 0 6 9914 0 15 10304 0
-10.3883 -1.3017 57.4169
250 100 150
3 3 12779 0 6 11089 0 15 11507 0
5.82938 -3.47865 58.3331
250 100 150
2 5 257 0 17 271 0
1.81905 -3.44808 55.921
250 100 150
2 5 511 0 17 516 0
-0.446325 -1.67361 55.1181
250 100 150
2 5 1389 0 17 1157 0
-1.43607 -0.833135 54.7783
250 100 150
2 5 1994 0 17 1521 0
0.112113 0.750878 54.1072
250 100 150
2 5 2553 0 17 2078 0
-0.0477769 0.898934 53.9496
250 100 150
2 5 2611 0 17 2130 0
-0.219196 1.11599 53.9023
250 100 150
2 5 2668 0 17 2182 0
-2.57985 1.6648 53.3007
250 100 150
2 5 2874 0 17 2361 0
-2.02632 1.76658 53.2255
250 100 150
2 5 2887 0 17 2372 0
-2.49475 2.13707 53.1518
250 100 150
2 5 3023 0 17 2437 0
-2.46454 2.80308 52.9529
250 100 150
2 5 3195 0 17 2586 0
-2.74921 3.43655 52.8367
250 100 150
2 5 3345 0 17 2711 0
-1.27162 3.71722 53.1616
250 100 150
2 5 3350 0 17 2724 0
-1.62596 3.64914 52.9054
250 100 150
2 5 3357 0 17 2728 0
-1.6889 3.698 52.9262
250 100 150
2 5 3369 0 17 2737 0
-1.54644 3.71225 52.9451
250 100 150
2 5 3370 0 17 2738 0
-2.11151 4.07788 52.7837
250 100 150
2 5 3490 0 17 2817 0
-1.99132 4.18481 52.7861
250 100 150
2 5 3508 0 17 2830 0
-1.94742 4.74592 52.6885
250 100 150
2 5 3616 0 17 2909 0
-2.53112 7.84329 51.9965
250 100 150
2 5 3936 0 17 3153 0
-2.68047 7.85769 51.9053
250 100 150
2 5 3946 0 17 3158 0
-2.5656 7.97111 51.9485
250 100 150
2 5 3959 0 17 3166 0
-3.18783 9.1848 51.5664
250 100 150
2 5 4016 0 17 3211 0
-3.16045 10.8432 51.1991
250 100 150
2 5 4102 0 17 3323 0
-3.4593 12.2723 50.9165
250 100 150
2 5 4229 0 17 3466 0
-3.60977 12.4008 50.7849
250 100 150
2 5 4248 0 17 3487 0
-3.60357 12.6007 50.7242
250 100 150
2 5 4264 0 17 3502 0
-4.4908 15.5928 50.4077
250 100 150
2 5 4488 0 17 3709 0
-1.99451 -4.11091 57.5731
250 100 150
2 5 5194 0 20 395 0
-0.962521 -3.46221 56.6059
250 100 150
2 5 5288 0 17 4352 0
-7.04611 -1.28854 56.7596
250 100 150
2 5 5772 0 17 1642 0
0.110481 0.520622 54.1587
250 100 150
2 5 5878 0 17 4945 0
-0.151169 0.86377 53.9557
250 100 150
5 5 5974 0 17 5028 0 30 1496 0 40 890 0 48 1388 0
-2.10304 1.713 53.1989
250 100 150
2 5 6190 0 17 5213 0
-1.93407 1.7913 53.2108
250 100 150
2 5 6202 0 17 5228 0
-2.07566 1.87864 53.1348
250 100 150
2 5 6230 0 17 5252 0
-2.54453 2.71305 53.0014
250 100 150
2 5 6392 0 17 5388 0
-3.64337 3.20613 52.9489
250 100 150
2 5 6521 0 17 5496 0
-3.13718 3.31276 52.8692
250 100 150
2 5 6531 0 17 5505 0
-1.41078 3.6172 53.1223
250 100 150
2 5 6533 0 17 5518 0
-1.54984 3.60742 53.0265
250 100 150
4 5 6543 0 17 5521 0 20 1070 0 40 3815 0
-1.33392 3.6942 53.1161
250 100 150
2 5 6551 0 17 5533 0
-1.45175 3.67189 53.0266
250 100 150
2 5 6552 0 17 5537 0
-1.69417 3.63641 52.9668
250 100 150
2 5 6554 0 17 5536 0
-1.39825 3.73391 53.0603
250 100 150
2 5 6561 0 17 5551 0
-1.57415 3.71714 52.9498
250 100 150
2 5 6575 0 17 5559 0
-2.17033 3.84037 52.783
250 100 150
2 5 6634 0 17 5602 0
-2.00089 3.90808 52.7642
250 100 150
2 5 6646 0 17 5614 0
-2.10187 3.93599 52.7358
250 100 150
2 5 6653 0 17 5616 0
-2.00154 3.99505 52.7752
250 100 150
2 5 6661 0 17 5623 0
-2.15315 4.02003 52.7347
250 100 150
2 5 6670 0 17 5627 0
-2.04589 4.12202 52.8245
250 100 150
2 5 6677 0 17 5636 0
-1.9266 4.36951 52.817
250 100 150
3 5 6723 0 17 5668 0 40 1373 0
-1.95934 4.56909 52.7622
250 100 150
2 5 6749 0 17 5688 0
-2.031 4.63677 52.7307
250 100 150
2 5 6757 0 17 5697 0
-1.97311 4.69759 52.7625
250 100 150
3 5 6759 0 17 5700 0 40 1397 0
-3.10801 7.62976 51.8885
250 100 150
2 5 7040 0 17 5949 0
-2.61305 7.87892 51.9993
250 100 150
2 5 7056 0 17 5967 0
-2.29989 8.36292 52.5069
250 100 150
2 5 7090 0 17 5999 0
-3.1846 9.27468 51.5823
250 100 150
2 5 7179 0 17 6088 0
-3.28427 10.1777 51.2545
250 100 150
2 5 7260 0 17 6171 0
-3.26114 10.6635 51.2288
250 100 150
2 5 7301 0 17 6212 0
-4.42446 10.9202 51.1243
250 100 150
2 5 7346 0 17 6245 0
-5.28871 11.7821 50.9686
250 100 150
2 5 7473 0 17 6350 0
-3.05974 12.2173 51.2372
250 100 150
2 5 7526 0 17 6406 0
-5.30783 12.1363 50.8813
250 100 150
2 5 7548 0 17 6410 0
-3.47829 12.3362 50.901
250 100 150
2 5 7559 0 17 6433 0
-3.67777 12.6144 50.726
250 100 150
2 5 7613 0 17 6482 0
-3.44105 12.6751 50.7903
250 100 150
2 5 7622 0 26 5025 0
-4.32988 14.1994 50.4555
250 100 150
2 5 7918 0 17 6742 0
-4.26465 14.2692 50.5362
250 100 150
2 5 7924 0 17 6745 0
-10.378 15.0209 51.209
250 100 150
2 5 8015 0 26 5516 0
-4.2683 15.3708 50.4079
250 100 150
2 5 8105 0 17 6895 0
-5.50946 15.5965 50.4411
250 100 150
2 5 8140 0 17 6919 0
-5.05431 15.7865 50.5217
250 100 150
2 5 8176 0 30 7653 0
-4.6658 15.9595 50.4364
250 100 150
2 5 8219 0 17 6989 0
-5.01645 16.4198 50.1646
250 100 150
2 5 8312 0 17 3750 0
3.47151 -3.79412 56.3896
250 100 150
2 5 8524 0 17 7235 0
-3.08693 -4.71536 60.1571
250 100 150
2 5 8525 0 20 2261 0
-0.930606 -7.34131 62.6327
250 100 150
2 5 8552 0 17 7256 0
6.37598 -4.26705 58.3639
250 100 150
2 5 8686 0 17 7373 0
6.11574 -4.11662 57.6129
250 100 150
3 30 4108 0 39 154 0 48 4352 0
6.39891 -3.94344 57.3879
250 100 150
2 17 7404 0 40 5503 0
7.23202 -3.63193 59.1887
250 100 150
2 5 8759 0 17 7421 0
7.22448 -3.51647 59.2803
250 100 150
2 5 8785 0 17 7449 0
3.42443 -3.86451 56.4046
250 100 150
2 5 8895 0 17 7533 0
5.08525 -3.45762 57.7689
250 100 150
2 5 8904 0 17 7542 0
3.87705 -3.57994 56.4937
250 100 150
2 5 8937 0 17 7562 0
-1.01734 -4.67373 57.5086
250 100 150
2 30 11807 0 48 12125 0
-0.968642 -3.47546 56.6368
250 100 150
2 5 9134 0 17 7726 0
-2.39282 -0.730417 55.0263
250 100 150
2 5 9583 0 17 8141 0
0.501636 0.511677 54.2569
250 100 150
2 5 9665 0 17 8231 0
0.322387 0.500837 54.2383
250 100 150
2 5 9667 0 17 8236 0
0.22845 0.640992 54.1222
250 100 150
2 5 9697 0 17 8263 0
0.316193 0.725738 54.1423
250 100 150
2 5 9709 0 17 8272 0
-0.0288684 0.684401 54.0205
250 100 150
2 5 9715 0 17 8273 0
0.16973 0.831693 54.1209
250 100 150
2 5 9733 0 17 8294 0
0.283878 0.894125 54.1511
250 100 150
2 5 9741 0 17 8301 0
0.166146 0.893851 54.0589
250 100 150
2 5 9750 0 17 8305 0
0.0552653 1.01095 53.9747
250 100 150
2 5 9760 0 17 8316 0
-0.110038 1.04699 53.9161
250 100 150
2 5 9768 0 17 8321 0
-0.283124 1.09817 53.7829
250 100 150
2 5 9780 0 17 8340 0
-1.93413 1.79165 53.2135
250 100 150
2 5 9926 0 17 8456 0
-1.34925 3.57532 53.2507
250 100 150
2 5 10152 0 17 8665 0
-1.4006 3.60721 53.1071
250 100 150
2 5 10161 0 17 8677 0
-1.53879 3.5945 53.005
250 100 150
2 5 10165 0 17 8681 0
-1.47899 3.6992 53.0136
250 100 150
2 5 10187 0 17 8701 0
-1.39986 3.74953 53.07
250 100 150
2 5 10195 0 17 8708 0
-1.59061 3.73383 52.9602
250 100 150
2 5 10202 0 17 8711 0
-1.78129 3.81474 52.9284
250 100 150
2 5 10222 0 17 8738 0
-1.87824 3.82517 52.8475
250 100 150
2 5 10232 0 17 8743 0
-2.18067 3.83881 52.7665
250 100 150
2 5 10243 0 17 8748 0
-2.00425 3.9251 52.7837
250 100 150
2 5 10253 0 17 8755 0
-2.11586 3.9366 52.762
250 100 150
9 5 10256 0 17 8757 0 20 3115 0 26 6930 0 27 4898 0 30 9756 0 39 11025 0 40 6506 0 48 10025 0
-2.15251 4.03423 52.7332
250 100 150
2 5 10267 0 17 8767 0
-2.04189 4.1237 52.8361
250 100 150
2 5 10270 0 17 8772 0
-2.10023 4.28448 52.6723
250 100 150
2 5 10292 0 17 8789 0
-2.07098 4.36975 52.7068
250 100 150
2 5 10303 0 17 8793 0
-1.97424 4.46519 52.7781
250 100 150
2 5 10307 0 17 8799 0
-1.95858 4.57657 52.7692
250 100 150
2 5 10320 0 17 8804 0
-1.77459 5.25775 52.7579
250 100 150
3 5 10379 0 17 8871 0 26 7012 0
-1.86938 5.3179 52.6954
250 100 150
3 5 10390 0 17 8886 0 26 7017 0
-5.28133 5.40159 52.705
250 100 150
2 5 10443 0 17 5815 0
-3.18726 7.71256 51.8644
250 100 150
2 5 10592 0 17 9077 0
-2.66463 7.81876 51.9412
250 100 150
2 5 10596 0 17 9083 0
-2.21777 7.98352 52.3116
250 100 150
2 5 10598 0 17 9090 0
-2.29671 8.01795 52.2208
250 100 150
2 5 10608 0 17 9095 0
-2.47657 7.99779 52.1155
250 100 150
2 5 10614 0 17 9099 0
-3.37775 9.61869 51.471
250 100 150
2 5 10769 0 17 9242 0
-3.41896 9.72693 51.4496
250 100 150
2 5 10779 0 30 10434 0
-3.02997 10.0092 51.4459
250 100 150
2 5 10799 0 17 9271 0
-3.40752 9.99976 51.3162
250 100 150
2 5 10802 0 17 9275 0
-3.12616 10.2059 51.3817
250 100 150
2 5 10812 0 17 9284 0
-3.17168 10.3087 51.3571
250 100 150
2 5 10821 0 17 9293 0
-3.22215 10.4809 51.3163
250 100 150
2 5 10829 0 17 9309 0
-3.34284 10.5107 51.284
250 100 150
4 5 10832 0 30 10508 0 39 11837 0 48 10788 0
-4.47827 10.9616 51.104
250 100 150
2 5 10897 0 17 9361 0
-9.54712 11.4093 52.161
250 100 150
2 5 10944 0 26 7803 0
-5.08313 11.6771 51.0141
250 100 150
2 5 11004 0 17 9429 0
-5.08864 11.8753 50.956
250 100 150
2 5 11037 0 17 9453 0
-5.33469 11.8913 50.9188
250 100 150
2 5 11044 0 17 9456 0
-5.20151 12.1551 50.8974
250 100 150
2 5 11088 0 17 9493 0
-3.49669 12.4039 50.7909
250 100 150
3 5 11111 0 17 9519 0 26 7972 0
-3.57556 12.61 50.8113
250 100 150
3 5 11140 0 26 8001 0 40 7369 0
-3.54623 12.6891 50.7251
250 100 150
2 5 11154 0 26 8030 0
-3.9634 12.828 50.7687
250 100 150
2 5 11180 0 17 9575 0
-5.45724 13.4174 50.553
250 100 150
2 5 11304 0 17 9674 0
-5.0331 13.4542 50.3914
250 100 150
2 5 11318 0 26 8199 0
-4.24949 14.2597 50.5317
250 100 150
2 5 11434 0 17 9785 0
-5.49103 15.4738 50.4249
250 100 150
2 5 11595 0 17 9913 0
-6.19457 15.4894 50.2962
250 100 150
2 5 11603 0 17 9916 0
-5.24527 15.6923 50.549
250 100 150
4 5 11614 0 30 11267 0 39 12649 0 48 11574 0
-6.83428 17.6754 50.2389
250 100 150
2 5 11868 0 17 10121 0
0.0332955 -4.71666 57.9086
250 100 150
2 5 11889 0 20 2334 0
-0.717068 -7.14866 62.7935
250 100 150
2 5 11897 0 17 10184 0
-0.0846208 -6.89712 62.6631
250 100 150
2 5 11900 0 17 10187 0
0.723597 -6.64759 62.689
250 100 150
2 5 11901 0 17 10189 0
0.281265 -6.69707 62.4953
250 100 150
2 5 11903 0 17 10190 0
7.20187 -3.68739 59.2489
250 100 150
2 5 11992 0 17 10266 0
3.55898 -3.20839 56.9142
250 100 150
2 5 12151 0 17 10382 0
1.34634 -3.44322 55.844
250 100 150
2 5 12170 0 17 10406 0
-2.01419 -4.10053 57.4683
250 100 150
2 5 12172 0 20 4378 0
-2.34357 -0.762571 54.9782
250 100 150
2 5 12483 0 17 10671 0
0.387912 0.559041 54.1935
250 100 150
2 5 12548 0 17 10737 0
0.294067 0.732069 54.1408
250 100 150
2 5 12568 0 17 10752 0
0.167394 0.861875 54.0635
250 100 150
2 5 12587 0 17 10771 0
-2.0149 1.60352 53.316
250 100 150
2 5 12679 0 17 10849 0
-2.17897 1.97696 53.0917
250 100 150
2 5 12717 0 17 10880 0
-1.766 3.83666 52.9405
250 100 150
2 5 12874 0 17 11022 0
-1.87124 3.8765 52.8464
250 100 150
2 5 12879 0 17 11027 0
-1.99491 3.94338 52.8105
250 100 150
2 5 12886 0 17 11034 0
-7.83662 3.85372 53.8458
250 100 150
2 5 12914 0 26 9250 0
-8.27963 3.98771 54.0592
250 100 150
2 5 12919 0 26 9256 0
-1.95081 4.59176 52.7778
250 100 150
2 5 12924 0 17 11067 0
-2.09517 4.72411 52.6692
250 100 150
2 5 12934 0 17 11078 0
-1.37804 4.90232 52.8887
250 100 150
2 5 12938 0 17 11084 0
-1.89579 4.85537 52.6492
250 100 150
2 5 12947 0 17 11086 0
-1.79987 4.95736 52.7221
250 100 150
2 5 12952 0 17 11092 0
-1.94391 4.97539 52.5827
250 100 150
2 5 12958 0 17 11097 0
-1.77964 5.01358 52.7222
250 100 150
2 5 12959 0 17 11098 0
-1.96109 5.03541 52.6285
250 100 150
2 5 12963 0 17 11105 0
-2.26984 5.08792 52.5475
250 100 150
2 5 12976 0 17 11116 0
-1.69511 5.30889 52.7588
250 100 150
2 5 12989 0 17 11124 0
-2.34321 5.38541 53.0907
250 100 150
2 17 11132 0 20 4910 0
-2.59806 6.95617 52.2133
250 100 150
4 5 13097 0 17 11223 0 20 4978 0 26 9459 0
-3.0223 7.72505 51.8691
250 100 150
5 5 13132 0 26 9518 0 30 12850 0 39 14339 0 48 13178 0
-2.16104 8.07521 52.4478
250 100 150
3 5 13141 0 17 11262 0 40 8664 0
-3.35063 7.81795 51.7712
250 100 150
5 5 13143 0 26 9530 0 30 12863 0 39 14347 0 48 13195 0
-3.51617 7.98486 51.7536
250 100 150
5 5 13158 0 26 9549 0 30 12882 0 39 14366 0 48 13213 0
-9.42714 8.16015 52.9205
250 100 150
2 5 13171 0 26 9581 0
-8.44783 8.72789 52.3691
250 100 150
2 5 13205 0 26 9636 0
-8.6155 8.81033 52.3728
250 100 150
2 5 13209 0 26 9641 0
-8.85338 9.06937 52.6238
250 100 150
2 5 13216 0 26 9652 0
-3.41981 9.62058 51.4975
250 100 150
6 5 13237 0 17 11359 0 26 9686 0 30 12986 0 39 14475 0 48 13318 0
-4.61984 11.1376 51.0717
250 100 150
2 5 13350 0 17 11437 0
-4.60351 11.262 51.0234
250 100 150
2 5 13360 0 17 11445 0
-4.28064 11.575 50.8751
250 100 150
2 5 13392 0 17 11469 0
-5.25416 11.77 50.991
250 100 150
2 5 13410 0 17 11478 0
-5.29208 12.0707 50.9049
250 100 150
2 5 13449 0 17 11506 0
-3.58307 12.2742 50.8214
250 100 150
2 5 13462 0 17 11519 0
-3.45071 12.4364 50.9645
250 100 150
2 5 13468 0 17 11524 0
-9.82319 12.6447 51.738
250 100 150
2 5 13477 0 26 10004 0
-9.81932 12.8694 51.768
250 100 150
2 5 13495 0 26 10028 0
-3.94469 12.837 50.7556
250 100 150
2 5 13513 0 17 11553 0
-5.43863 13.2369 50.5202
250 100 150
2 5 13577 0 26 10083 0
-4.93807 13.3663 50.5476
250 100 150
2 5 13587 0 17 11603 0
-5.14825 13.4852 50.4802
250 100 150
3 5 13600 0 17 11612 0 26 10110 0
-4.40494 14.3184 50.4159
250 100 150
2 5 13676 0 17 11674 0
-6.66241 15.4715 50.2637
250 100 150
2 5 13771 0 17 11738 0
-9.05971 16.0536 50.5001
250 100 150
2 5 13806 0 26 10324 0
0.201236 -6.63181 62.6269
250 100 150
2 5 13972 0 17 11900 0
1.40128 -6.34881 62.7428
250 100 150
2 5 13973 0 17 11901 0
5.9408 -4.24917 58.0192
250 100 150
2 5 14022 0 30 11723 0
-0.702615 -3.98215 57.3419
250 100 150
2 5 14159 0 20 5738 0
2.71772 -1.59649 53.7325
250 100 150
2 5 14266 0 20 4489 0
1.80674 -1.36353 55.388
250 100 150
2 5 14278 0 17 12143 0
-2.3645 -0.783547 54.9854
250 100 150
2 5 14346 0 17 12196 0
-6.27513 3.8046 53.3592
250 100 150
2 5 14594 0 26 10793 0
-2.07266 4.68956 52.6813
250 100 150
2 5 14620 0 17 12463 0
-1.97959 4.84262 52.8444
250 100 150
2 5 14631 0 17 12472 0
-1.59693 4.9195 52.4558
250 100 150
2 5 14639 0 17 12484 0
-1.98211 4.98446 52.5735
250 100 150
2 5 14648 0 17 12492 0
-1.79875 5.16023 52.6891
250 100 150
2 5 14667 0 17 12505 0
-1.9635 5.29316 52.4834
250 100 150
2 5 14694 0 17 12530 0
-1.7645 5.37666 52.7158
250 100 150
2 5 14699 0 17 12533 0
-1.98433 5.35805 52.4538
250 100 150
2 5 14708 0 17 12544 0
-4.95784 5.19234 52.6634
250 100 150
2 5 14733 0 17 11878 0
-1.56139 6.10126 52.8611
250 100 150
2 5 14793 0 17 12590 0
-1.72321 6.30236 52.8289
250 100 150
2 5 14807 0 17 12601 0
-2.4167 6.80011 52.36
250 100 150
3 5 14859 0 17 12648 0 20 4970 0
-3.21 7.42699 51.9434
250 100 150
7 5 14896 0 17 12685 0 20 6259 0 26 11090 0 30 14592 0 39 16142 0 48 14936 0
-3.34559 7.53556 51.8711
250 100 150
6 5 14903 0 17 12688 0 26 11099 0 30 14605 0 39 16146 0 48 14945 0
-3.48818 7.69866 51.8272
250 100 150
6 5 14914 0 17 12695 0 26 11112 0 30 14624 0 39 16157 0 48 14958 0
-3.1676 7.79029 51.8033
250 100 150
6 5 14917 0 17 12698 0 26 11119 0 30 14627 0 39 16158 0 48 14965 0
-2.13336 8.06148 52.4401
250 100 150
2 5 14919 0 17 12703 0
-3.42774 7.78183 51.7747
250 100 150
5 5 14923 0 26 11121 0 30 14628 0 39 16159 0 48 14964 0
-3.41085 8.17014 51.7312
250 100 150
5 5 14947 0 26 11161 0 30 14664 0 39 16189 0 48 14991 0
-3.66716 8.23305 51.7396
250 100 150
2 5 14954 0 26 11166 0
-3.64398 8.31923 51.7113
250 100 150
2 5 14958 0 30 14681 0
-9.02935 8.70373 52.698
250 100 150
2 5 14994 0 26 11220 0
-3.51369 8.89904 51.5908
250 100 150
5 5 15000 0 25 12627 0 26 11222 0 30 14728 0 39 16246 0
-3.413 9.61281 51.4669
250 100 150
2 5 15027 0 17 12784 0
-3.29263 9.77274 51.5333
250 100 150
2 5 15033 0 17 12788 0
-3.17836 9.94678 51.3907
250 100 150
4 5 15043 0 30 14790 0 39 16318 0 48 15103 0
-7.35956 10.1809 51.8453
250 100 150
5 5 15059 0 20 5118 0 26 11315 0 31 12109 0 47 9658 0
-7.09566 10.3823 51.5982
250 100 150
2 5 15071 0 26 11333 0
-4.79371 11.1015 51.0041
250 100 150
2 5 15130 0 26 11423 0
-4.57255 11.1578 51.0443
250 100 150
2 5 15135 0 17 12848 0
-9.56626 11.8058 52.0487
250 100 150
2 5 15184 0 26 11493 0
-4.38365 11.7974 50.8675
250 100 150
2 5 15197 0 17 12885 0
-10.1732 12.0352 52.1002
250 100 150
2 5 15199 0 26 11519 0
-5.06444 12.0283 50.9421
250 100 150
2 5 15217 0 17 12895 0
-3.67601 12.4511 50.6973
250 100 150
2 5 15251 0 17 12923 0
-8.98801 16.0261 50.4487
250 100 150
2 5 15467 0 26 11817 0
-8.38287 8.11839 52.4281
250 100 150
2 5 15560 0 26 12015 0
6.27524 -3.5307 58.2891
250 100 150
2 5 15579 0 17 13165 0
-2.06028 1.81631 53.2803
250 100 150
2 5 15763 0 17 13348 0
-1.96095 2.08722 53.0851
250 100 150
2 5 15776 0 17 13356 0
-5.6382 3.91218 53.2418
250 100 150
2 5 15841 0 26 12152 0
-1.87874 4.76791 52.8287
250 100 150
2 5 15853 0 17 13418 0
-1.69841 4.96346 52.9517
250 100 150
2 5 15860 0 17 13428 0
-1.56532 5.08246 52.8708
250 100 150
3 5 15867 0 17 13435 0 40 10417 0
-1.97106 5.13038 52.5628
250 100 150
2 5 15874 0 17 13439 0
-1.87209 5.38414 52.7443
250 100 150
3 5 15893 0 17 13453 0 26 12190 0
-1.39603 5.47953 52.9903
250 100 150
2 5 15894 0 17 13456 0
-1.7382 6.38213 52.8162
250 100 150
2 5 15932 0 17 13487 0
-2.21765 6.52652 52.5599
250 100 150
2 5 15936 0 17 13492 0
-2.00464 6.74621 52.462
250 100 150
2 5 15943 0 17 13497 0
-3.48961 7.72879 51.807
250 100 150
4 5 15971 0 17 13515 0 26 12271 0 39 17350 0
-3.21068 7.82167 51.879
250 100 150
2 5 15972 0 17 13516 0
-9.85847 8.34937 53.2733
250 100 150
2 5 15994 0 26 12297 0
-3.55657 8.464 51.7787
250 100 150
2 5 15998 0 17 13531 0
-9.11889 8.59057 52.7278
250 100 150
2 5 16003 0 26 12303 0
-8.53104 9.32032 52.1651
250 100 150
2 5 16020 0 26 12323 0
-3.51124 9.62696 51.5085
250 100 150
7 5 16026 0 17 13552 0 20 7301 0 26 12324 0 30 15814 0 39 17409 0 48 16123 0
-3.22585 9.7008 51.5718
250 100 150
2 5 16027 0 17 13555 0
-8.23414 10.73 51.742
250 100 150
2 5 16062 0 26 12367 0
-6.03625 11.7499 51.4057
250 100 150
2 5 16100 0 17 13604 0
-3.44786 12.5259 50.7483
250 100 150
2 5 16133 0 17 13628 0
-3.33507 12.9457 50.8473
250 100 150
2 5 16143 0 17 13635 0
-4.32194 16.2633 49.7349
250 100 150
2 5 16240 0 17 13092 0
-1.80357 4.7099 52.8836
250 100 150
2 5 16411 0 17 13878 0
-1.73337 4.9922 53.1176
250 100 150
2 5 16417 0 17 13885 0
-1.42051 5.09395 53.0823
250 100 150
2 5 16420 0 17 13887 0
-6.35529 5.84304 52.7682
250 100 150
2 5 16476 0 26 12748 0
-3.21643 7.531 51.9059
250 100 150
3 26 12788 0 30 16312 0 48 16559 0
-3.69667 8.06568 51.6725
250 100 150
2 5 16527 0 17 13969 0
-7.7585 8.57501 52.2839
250 100 150
2 5 16541 0 26 12823 0
-8.4836 9.31564 52.262
250 100 150
2 5 16558 0 26 12843 0
-3.16225 9.62715 51.5661
250 100 150
2 5 16563 0 17 14000 0
-3.57875 10.2363 51.209
250 100 150
2 5 16579 0 17 14016 0
-4.77543 10.7868 51.2039
250 100 150
2 5 16601 0 26 12878 0
-3.21257 12.3716 51.0122
250 100 150
2 5 16639 0 17 14068 0
-4.3217 10.9028 51.3544
250 100 150
2 5 16814 0 17 14202 0
-3.13941 12.8375 51.0812
250 100 150
2 5 16834 0 17 14218 0
-6.09353 13.158 50.7019
250 100 150
2 5 17713 0 17 14667 0
1.61493 -1.90388 54.8734
250 100 150
2 5 17842 0 17 14392 0
-1.9824 4.19592 52.7598
250 100 150
4 5 18428 0 20 8584 0 26 14738 0 30 18585 0
-12.7491 -1.31578 46.5912
250 100 150
2 6 617 0 15 712 0
-11.126 4.10471 58.5355
250 100 150
2 6 945 0 37 1037 0
-11.2302 4.16887 58.5727
250 100 150
2 23 7701 0 37 1039 0
-20.1229 -5.82153 41.8962
250 100 150
2 6 2251 0 15 2424 0
-12.7063 -1.3533 46.5804
250 100 150
2 6 2462 0 15 2675 0
-12.9016 -1.24189 45.87
250 100 150
2 6 2487 0 15 2709 0
-12.9503 -0.924307 45.9691
250 100 150
2 6 2537 0 15 2768 0
-13.0168 -0.806893 45.8048
250 100 150
2 6 2557 0 15 2795 0
-12.203 8.14973 57.5419
250 100 150
3 31 1746 0 37 1449 0 47 1287 0
-14.2204 6.85365 44.8249
250 100 150
2 6 3401 0 15 6095 0
-12.6659 10.9386 56.5547
250 100 150
3 31 2086 0 37 1730 0 47 1574 0
-20.1494 -5.74264 41.8925
250 100 150
2 6 4598 0 15 5001 0
-12.8932 -1.09324 45.7978
250 100 150
2 6 4829 0 15 5229 0
-12.9196 -0.947563 45.7896
250 100 150
2 6 4853 0 15 5255 0
-22.4895 -4.19373 40.8891
250 100 150
2 6 4863 0 15 5218 0
-13.0224 -0.81453 45.8092
250 100 150
2 6 4879 0 15 5281 0
-22.5271 -3.52097 40.831
250 100 150
2 6 4942 0 15 5322 0
-11.0512 2.28658 59.0403
250 100 150
3 31 7372 0 37 6373 0 47 5608 0
-10.6318 2.58386 55.8087
250 100 150
4 6 5017 0 15 5421 0 36 2390 0 46 2539 0
-10.5824 2.56539 55.2123
250 100 150
3 6 5021 0 15 5428 0 36 2393 0
-10.603 2.61462 55.5833
250 100 150
3 6 5025 0 15 5430 0 36 2396 0
-10.5564 2.80842 55.136
250 100 150
2 6 5053 0 36 2423 0
-9.97067 3.71953 56.3923
250 100 150
6 15 5518 0 23 7663 0 24 8025 0 31 7579 0 37 6553 0 47 5756 0
-11.6893 5.7873 58.2633
250 100 150
3 15 5697 0 37 6761 0 47 5972 0
-11.187 6.92192 56.5796
250 100 150
3 6 5376 0 31 10304 0 37 9004 0
-12.2108 8.72206 58.9676
250 100 150
2 6 5514 0 36 2822 0
-11.5996 8.75568 57.9925
250 100 150
4 6 5517 0 15 5884 0 36 2826 0 46 3008 0
-11.6508 8.72812 57.488
250 100 150
3 6 5529 0 15 5894 0 36 2836 0
-12.7772 13.6744 54.0176
250 100 150
3 6 6089 0 36 3331 0 46 1398 0
-13.1034 14.6147 55.0576
250 100 150
2 6 6141 0 36 3395 0
-10.3039 -4.17315 63.617
250 100 150
2 6 6570 0 36 3993 0
-10.4549 0.43933 61.0989
250 100 150
2 6 6762 0 36 4262 0
-22.2742 -3.81926 40.7617
250 100 150
2 6 6824 0 15 7195 0
-10.6343 2.56118 55.7379
250 100 150
4 6 6900 0 15 7290 0 36 4412 0 46 4536 0
-10.7427 3.19816 60.6835
250 100 150
3 6 6908 0 36 4420 0 46 4544 0
-10.6041 2.76457 55.7883
250 100 150
3 6 6915 0 15 7304 0 36 4428 0
-10.0307 3.4517 56.7077
250 100 150
4 15 7334 0 31 10026 0 37 8755 0 47 7823 0
-13.6482 1.11598 44.5065
250 100 150
2 6 6972 0 15 8143 0
-10.8599 4.27803 58.7164
250 100 150
2 6 6987 0 36 4515 0
-10.3796 4.75822 56.4432
250 100 150
3 15 7425 0 37 8863 0 47 7916 0
-10.9171 5.13301 59.345
250 100 150
3 6 7037 0 15 7427 0 36 4579 0
-10.9589 5.24371 59.3646
250 100 150
3 6 7050 0 15 7435 0 36 4597 0
-11.566 5.48566 58.268
250 100 150
2 15 7464 0 37 8916 0
-11.8816 7.38419 57.1211
250 100 150
3 31 10341 0 37 9043 0 47 8109 0
-11.4218 7.57378 56.729
250 100 150
3 6 7183 0 15 7559 0 36 4778 0
-11.4088 7.94842 57.8306
250 100 150
4 6 7189 0 15 7565 0 36 4788 0 46 4934 0
-9.42097 7.95645 54.0459
250 100 150
4 18 2752 0 31 11980 0 37 10589 0 47 9537 0
-12.025 7.85926 57.1469
250 100 150
3 31 10382 0 37 9083 0 47 8155 0
-12.0501 8.02739 57.0794
250 100 150
3 31 10392 0 37 9102 0 47 8165 0
-11.6232 8.65453 58.1349
250 100 150
3 6 7230 0 15 7615 0 36 4838 0
-11.5456 8.54003 57.0876
250 100 150
4 6 7243 0 15 7624 0 36 4848 0 46 4995 0
-11.6617 8.75126 57.5178
250 100 150
4 6 7257 0 15 7637 0 36 4860 0 46 5004 0
-11.6348 8.5305 56.2347
250 100 150
3 6 7261 0 15 7639 0 36 4866 0
-11.6361 8.59241 55.9702
250 100 150
3 6 7267 0 15 7649 0 36 4872 0
-11.9784 9.56194 58.0949
250 100 150
3 6 7292 0 15 7675 0 36 4906 0
-11.9329 9.89648 54.541
250 100 150
3 6 7342 0 36 4971 0 46 5135 0
-11.9592 10.3209 55.9691
250 100 150
4 6 7346 0 15 7722 0 36 4976 0 46 5137 0
-12.1364 9.70778 53.7131
250 100 150
2 6 7352 0 15 7729 0
-11.5551 10.5463 54.8712
250 100 150
4 23 10828 0 24 11120 0 31 10581 0 37 9288 0
-12.3714 11.9237 54.7059
250 100 150
2 6 7513 0 36 5141 0
-21.7844 -4.49196 41.0974
250 100 150
2 6 8115 0 15 8473 0
-22.1993 -4.5236 41.0839
250 100 150
2 6 8120 0 15 8476 0
-22.1049 -4.00424 40.8705
250 100 150
2 6 8157 0 15 8510 0
-22.2466 -3.92763 40.7662
250 100 150
2 6 8165 0 15 8519 0
-10.5736 2.55909 55.8208
250 100 150
4 6 8229 0 15 8593 0 36 5897 0 46 5976 0
-10.659 2.73176 55.7049
250 100 150
4 6 8242 0 15 8606 0 36 5904 0 46 5984 0
-9.99593 3.13012 56.8015
250 100 150
3 6 8247 0 31 11632 0 37 10256 0
-10.493 4.39166 60.151
250 100 150
3 6 8284 0 15 8642 0 36 6848 0
-10.7449 4.26049 58.8792
250 100 150
3 6 8288 0 15 8646 0 36 5948 0
-10.8418 4.43127 59.5566
250 100 150
4 6 8295 0 15 8655 0 36 5952 0 46 6022 0
-10.8314 4.45756 57.2693
250 100 150
2 6 8319 0 36 5965 0
-11.0011 4.7661 58.0094
250 100 150
4 6 8338 0 31 11740 0 36 5975 0 47 9306 0
-11.4003 4.75248 58.4664
250 100 150
3 15 8698 0 31 11733 0 37 10357 0
-11.046 5.14292 59.6738
250 100 150
4 6 8348 0 15 8704 0 36 5985 0 46 6052 0
-11.0411 5.35787 59.2757
250 100 150
4 6 8371 0 15 8721 0 36 6003 0 46 6061 0
-11.3428 5.19251 58.3725
250 100 150
4 36 6006 0 37 10409 0 46 6068 0 47 9357 0
-10.9296 5.58778 58.9116
250 100 150
2 6 8387 0 36 6018 0
-11.0979 5.73231 58.8002
250 100 150
2 6 8399 0 36 6026 0
-11.4349 7.71238 57.735
250 100 150
2 6 8494 0 36 6090 0
-11.9315 7.55073 57.0859
250 100 150
3 31 11957 0 37 10575 0 47 9516 0
-11.6488 8.64222 56.0495
250 100 150
4 6 8580 0 15 8932 0 36 6153 0 46 6223 0
-11.7249 9.29312 55.9165
250 100 150
3 6 8613 0 15 8972 0 36 7111 0
-11.5316 9.48628 56.202
250 100 150
2 6 8615 0 36 7114 0
-12.3556 9.95842 58.3676
250 100 150
2 6 8623 0 36 6181 0
-11.7981 10.0494 55.3939
250 100 150
7 6 8651 0 15 9013 0 23 12512 0 24 12822 0 31 12140 0 37 10735 0 47 9700 0
-12.1732 11.1584 57.6747
250 100 150
4 6 8678 0 15 9049 0 36 6224 0 46 6295 0
-22.2368 -4.55895 40.9166
250 100 150
2 6 9070 0 15 9455 0
-22.2526 -3.92482 40.8184
250 100 150
2 6 9099 0 15 9477 0
-22.6811 -3.33259 40.5359
250 100 150
2 6 9132 0 15 9496 0
-10.8789 4.38539 58.49
250 100 150
2 6 9179 0 36 6857 0
-10.7428 4.51303 58.1109
250 100 150
2 6 9181 0 36 6865 0
-10.9633 5.10842 58.9322
250 100 150
3 6 9200 0 36 6891 0 46 6890 0
-10.9825 4.91889 56.434
250 100 150
3 6 9205 0 36 6903 0 46 6897 0
-11.0348 5.11525 55.406
250 100 150
3 6 9218 0 15 9587 0 36 6921 0
-11.0046 5.80796 58.7329
250 100 150
3 6 9221 0 36 6926 0 46 6922 0
-11.7159 9.80932 55.3935
250 100 150
4 6 9313 0 15 9687 0 31 13165 0 37 11689 0
-12.2828 11.0993 56.8003
250 100 150
3 6 9345 0 15 9728 0 36 7169 0
-13.4135 16.326 55.4132
250 100 150
3 6 9441 0 15 9835 0 36 7364 0
-11.0345 4.85253 57.5184
250 100 150
3 6 9668 0 36 7593 0 46 7574 0
-11.7141 8.82387 56.4083
250 100 150
2 6 9745 0 36 7671 0
-12.0856 10.468 56.3007
250 100 150
3 6 9774 0 15 10168 0 36 7700 0
-12.3856 8.36132 60.2366
250 100 150
3 6 10060 0 15 10417 0 36 8207 0
-22.2407 -3.99681 40.8507
250 100 150
2 6 10230 0 15 10810 0
-10.4017 -3.0759 63.9053
250 100 150
3 6 10848 0 15 11284 0 36 9185 0
-11.8148 9.54173 55.6827
250 100 150
2 15 3581 0 36 1045 0
-9.9438 3.6968 56.3526
250 100 150
3 15 7348 0 24 10576 0 37 8773 0
-10.3307 4.87018 56.257
250 100 150
3 15 7432 0 37 8874 0 47 7929 0
-10.139 4.97342 55.0283
250 100 150
2 15 7450 0 37 8901 0
-10.4662 4.6267 56.6797
250 100 150
6 15 8689 0 23 12043 0 24 12348 0 31 11735 0 37 10350 0 47 9300 0
-11.8745 6.98555 57.3634
250 100 150
2 31 11914 0 37 10533 0
-12.6591 11.2383 56.5494
250 100 150
2 31 12267 0 37 10856 0
-12.3995 9.57331 60.2527
250 100 150
2 15 10420 0 36 8212 0
-11.1321 7.05916 56.1738
250 100 150
2 16 3872 0 23 1434 0
-6.63166 8.12923 52.0273
250 100 150
2 16 4035 0 38 2748 0
-12.9794 7.81996 55.7079
250 100 150
2 16 4074 0 38 2797 0
-4.93238 11.6257 50.9174
250 100 150
2 16 4672 0 26 1997 0
-10.0741 10.7409 52.8423
250 100 150
2 16 4677 0 23 2090 0
-10.7594 11.4347 53.8523
250 100 150
3 16 4832 0 23 2210 0 24 2307 0
-8.62476 12.8892 52.6937
250 100 150
2 16 5099 0 38 3591 0
-9.41252 12.5803 52.2549
250 100 150
3 16 5122 0 23 2432 0 24 2644 0
-11.1018 15.1659 52.5392
250 100 150
2 16 5766 0 24 3279 0
-8.2711 16.3939 51.5632
250 100 150
2 16 5841 0 38 4217 0
-9.30432 17.0081 52.1853
250 100 150
2 16 5942 0 38 4342 0
-5.95982 -4.48028 50.5406
250 100 150
2 16 6732 0 38 5179 0
-7.44666 -3.66297 53.6163
250 100 150
2 16 6989 0 38 482 0
-6.181 -0.995953 53.1625
250 100 150
2 16 7726 0 38 884 0
-5.52844 -0.38695 51.3396
250 100 150
2 16 7948 0 38 1055 0
-6.21174 0.667307 52.7787
250 100 150
2 16 8228 0 38 1337 0
-7.16009 1.99817 54.3036
250 100 150
2 16 8527 0 38 1617 0
-10.558 2.82938 56.8774
250 100 150
2 16 8776 0 38 1771 0
-8.93755 5.01611 54.7681
250 100 150
2 16 9239 0 24 5154 0
-11.0241 6.33484 56.2159
250 100 150
2 16 9423 0 38 2521 0
-13.0026 6.24925 55.657
250 100 150
2 16 9467 0 38 2574 0
-12.887 7.33962 55.7509
250 100 150
2 16 9601 0 38 2719 0
-12.6662 8.06274 55.7602
250 100 150
2 16 9732 0 38 2828 0
-11.8837 8.34994 55.8919
250 100 150
2 16 9757 0 38 2843 0
-11.499 11.0344 54.5216
250 100 150
3 16 10296 0 23 2132 0 24 2212 0
-11.0782 11.3183 54.9345
250 100 150
2 23 5533 0 38 7890 0
-7.63235 12.0027 51.2886
250 100 150
2 16 10487 0 26 2092 0
-8.95778 12.7906 53.8959
250 100 150
2 16 10571 0 38 8111 0
-9.53345 12.4672 52.3852
250 100 150
3 16 10684 0 23 5835 0 24 6133 0
-8.40966 12.5251 51.5855
250 100 150
3 16 10685 0 23 5827 0 24 6146 0
-7.83551 12.8008 51.9064
250 100 150
2 23 2408 0 38 3577 0
-9.31159 12.4853 52.1913
250 100 150
3 16 10694 0 23 5836 0 24 6142 0
-8.07931 12.5888 51.3505
250 100 150
3 16 10695 0 23 5840 0 24 6166 0
-9.08052 12.5155 51.9976
250 100 150
4 16 10706 0 23 5846 0 24 6151 0 31 2243 0
-9.2108 12.5901 52.0478
250 100 150
6 16 10736 0 23 5878 0 24 6177 0 31 5541 0 37 4722 0 47 4209 0
-9.33103 13.6087 51.8599
250 100 150
3 16 11001 0 23 2648 0 24 2895 0
-9.32664 13.655 51.8089
250 100 150
3 16 11015 0 23 2658 0 24 2905 0
-10.285 15.3012 54.0054
250 100 150
2 16 11301 0 38 4012 0
-7.55781 14.745 49.214
250 100 150
2 16 11370 0 38 4093 0
-11.0639 14.9298 52.6858
250 100 150
3 16 11383 0 23 6310 0 24 6619 0
-6.56123 -5.41573 51.441
250 100 150
2 16 12207 0 38 9447 0
-6.11391 -4.80859 49.9206
250 100 150
2 16 12361 0 38 9566 0
-5.8558 -4.67398 49.9907
250 100 150
2 16 12382 0 38 9596 0
-5.42908 0.757184 49.4037
250 100 150
2 16 13605 0 38 6313 0
-7.68975 3.72206 54.6735
250 100 150
3 16 14110 0 37 3821 0 47 3336 0
-13.0686 4.66176 55.7599
250 100 150
2 16 14339 0 38 11027 0
-4.64383 6.00621 54.0757
250 100 150
2 16 14350 0 23 7881 0
-6.92099 6.69625 52.8615
250 100 150
2 16 14539 0 24 8416 0
-8.98798 8.90589 53.3446
250 100 150
3 16 14866 0 24 5539 0 37 1500 0
-6.01892 9.20071 51.6909
250 100 150
2 16 14868 0 26 7506 0
-6.86107 9.58603 51.878
250 100 150
2 23 8403 0 24 8726 0
-10.4538 11.2177 53.181
250 100 150
2 16 15296 0 23 8718 0
-9.75453 12.4516 52.5416
250 100 150
4 16 15608 0 23 8963 0 24 9202 0 31 5526 0
-8.07108 12.5972 51.3463
250 100 150
3 16 15620 0 23 8970 0 24 9231 0
-4.87435 13.3956 50.5301
250 100 150
2 16 15638 0 26 8180 0
-4.98522 13.3766 50.5387
250 100 150
2 16 15643 0 26 8179 0
-9.34569 12.565 52.1811
250 100 150
3 16 15647 0 31 2258 0 47 1703 0
-9.58567 12.5853 52.3882
250 100 150
3 16 15654 0 23 8995 0 24 9233 0
-9.13367 12.5791 51.9619
250 100 150
2 16 15655 0 24 7281 0
-4.95189 13.5036 50.5097
250 100 150
2 16 15679 0 26 8195 0
-8.62674 12.7621 51.5867
250 100 150
4 16 15705 0 31 5549 0 37 4725 0 47 4212 0
-12.0107 13.0514 54.0953
250 100 150
2 16 15788 0 31 5719 0
-8.71184 13.4612 51.3591
250 100 150
3 16 15857 0 31 2361 0 47 1778 0
-9.44204 14.9534 53.2906
250 100 150
2 16 16045 0 38 12457 0
-10.2631 15.542 54.0549
250 100 150
2 16 16162 0 38 12552 0
-8.22741 16.1934 51.3223
250 100 150
2 16 16284 0 38 9214 0
-10.963 15.9088 52.1653
250 100 150
2 16 16353 0 37 5215 0
-8.7413 12.6459 51.7822
250 100 150
3 16 16491 0 23 8996 0 24 9243 0
-6.66151 -5.17056 51.3342
250 100 150
2 16 16750 0 38 13130 0
-6.67277 -5.01151 51.3384
250 100 150
2 16 16775 0 38 13146 0
-5.94465 -4.3962 50.4829
250 100 150
2 16 16872 0 38 13218 0
-5.19569 0.423843 55.0508
250 100 150
4 16 17428 0 31 7171 0 37 6188 0 47 5470 0
-7.30913 0.423905 55.3274
250 100 150
2 16 17470 0 38 10307 0
-7.54833 0.779315 55.816
250 100 150
3 16 17507 0 25 7850 0 38 10364 0
-8.9981 0.858391 57.2479
250 100 150
2 16 17520 0 38 13637 0
-8.03795 1.25001 55.8615
250 100 150
3 16 17581 0 25 10493 0 38 13672 0
-13.0708 3.18702 56.0411
250 100 150
2 16 17896 0 38 13889 0
4.27943 7.24198 58.1941
250 100 150
2 16 17947 0 23 7734 0
-13.7455 3.63658 55.3407
250 100 150
2 16 17967 0 38 13953 0
-10.3464 4.81533 56.5995
250 100 150
2 16 17994 0 38 13981 0
-6.35152 3.9262 47.8733
250 100 150
2 16 17999 0 38 10953 0
-14.0322 5.25867 54.7654
250 100 150
2 16 18174 0 38 14148 0
-10.9591 6.15503 55.9821
250 100 150
2 16 18175 0 23 10496 0
-6.73625 6.7033 52.9532
250 100 150
2 16 18201 0 23 10514 0
-6.26733 6.21452 48.5581
250 100 150
2 16 18228 0 38 11234 0
-6.33832 6.14479 48.1535
250 100 150
2 16 18231 0 38 11239 0
-6.17851 6.39516 48.7626
250 100 150
2 16 18235 0 38 11246 0
-6.25577 6.3338 48.5086
250 100 150
2 16 18236 0 38 11248 0
-6.32382 6.33532 48.3131
250 100 150
2 16 18242 0 38 11255 0
-6.35581 6.43008 48.5008
250 100 150
2 16 18246 0 38 11262 0
-12.9088 7.49682 55.7988
250 100 150
2 16 18307 0 38 14250 0
-9.25645 8.01789 53.8719
250 100 150
3 16 18320 0 31 8031 0 47 6193 0
-12.197 8.09847 55.8124
250 100 150
2 16 18353 0 38 14288 0
-9.20176 8.33239 53.7055
250 100 150
2 16 18360 0 31 8077 0
-5.66543 8.99832 51.4898
250 100 150
2 16 18395 0 26 9650 0
-7.72752 9.00256 52.4837
250 100 150
2 16 18420 0 24 11007 0
-6.9941 9.27892 51.9739
250 100 150
3 16 18462 0 23 10732 0 24 11048 0
-7.04179 10.9691 51.7336
250 100 150
2 16 18607 0 23 10840 0
-7.41308 10.7274 51.1715
250 100 150
2 16 18615 0 23 10844 0
-9.47162 11.1634 52.8514
250 100 150
3 16 18690 0 23 10905 0 24 11191 0
-11.9972 11.2021 54.9742
250 100 150
2 16 18698 0 31 8490 0
-5.41012 11.8075 50.9121
250 100 150
2 16 18701 0 26 9903 0
-9.88764 11.8004 54.2585
250 100 150
2 16 18735 0 38 11902 0
-8.16312 11.9969 51.5463
250 100 150
2 23 11006 0 24 11296 0
-8.24677 12.3172 51.5914
250 100 150
3 16 18883 0 23 11069 0 24 11361 0
-9.25692 12.2234 52.248
250 100 150
4 16 18886 0 31 8616 0 37 7464 0 47 6720 0
-8.07171 12.3161 51.4029
250 100 150
3 16 18889 0 23 9847 0 24 10148 0
-10.4427 12.9248 54.4483
250 100 150
2 16 18928 0 38 14741 0
-8.11884 13.2888 52.9908
250 100 150
2 16 18956 0 38 12952 0
-4.95142 13.5206 50.4975
250 100 150
2 16 18970 0 26 10113 0
-10.7665 13.0264 53.1711
250 100 150
2 16 19027 0 31 8803 0
-10.952 13.0367 53.2819
250 100 150
2 16 19030 0 37 7666 0
-9.73304 13.2551 52.2462
250 100 150
3 16 19061 0 31 8807 0 47 6906 0
-9.72703 13.7342 52.0387
250 100 150
3 16 19134 0 31 8876 0 47 6962 0
-7.92661 13.9752 50.8155
250 100 150
2 16 19143 0 26 8282 0
-12.0161 13.958 53.7201
250 100 150
3 16 19169 0 31 8947 0 37 7806 0
-10.3024 14.2095 52.2062
250 100 150
4 16 19205 0 31 8936 0 37 7790 0 47 7017 0
-12.5162 14.8655 53.9082
250 100 150
3 16 19318 0 31 11048 0 37 9694 0
-12.0193 15.8007 53.0722
250 100 150
4 16 19394 0 31 9139 0 37 7964 0 47 7164 0
-9.23199 15.9406 50.8631
250 100 150
3 16 19399 0 23 11455 0 24 11758 0
-9.23449 12.1734 52.2965
250 100 150
2 23 11053 0 24 11339 0
-7.10659 -4.68914 51.9946
250 100 150
2 16 19698 0 38 15371 0
-5.91099 -4.39295 50.4901
250 100 150
2 16 19736 0 38 15400 0
-5.94209 -4.08866 50.4531
250 100 150
2 16 19797 0 38 15443 0
-4.991 0.32749 54.8174
250 100 150
2 16 20082 0 37 8557 0
-7.88478 2.55423 55.3621
250 100 150
3 16 20282 0 25 10562 0 38 13763 0
0.378966 5.73503 54.9411
250 100 150
2 16 20416 0 23 10294 0
-6.04986 4.15676 51.8121
250 100 150
2 16 20427 0 38 13934 0
-13.3802 3.86193 55.6671
250 100 150
2 16 20457 0 38 15847 0
-5.85564 4.04637 48.9819
250 100 150
2 16 20463 0 38 13965 0
4.07585 8.26204 58.4371
250 100 150
2 16 20535 0 23 10383 0
-5.76186 4.94744 50.8925
250 100 150
2 16 20544 0 38 15923 0
-9.15666 5.18737 55.1614
250 100 150
4 16 20554 0 31 11802 0 37 10412 0 38 15928 0
-10.5884 5.531 55.9263
250 100 150
2 16 20600 0 23 12168 0
-6.81878 6.03609 53.0114
250 100 150
2 16 20649 0 24 12545 0
-10.6037 6.17292 56.2259
250 100 150
3 16 20673 0 23 12216 0 38 16023 0
-7.90656 6.71049 54.307
250 100 150
3 16 20704 0 23 12247 0 38 16049 0
-6.9158 6.647 53.0262
250 100 150
2 23 12249 0 24 12598 0
-6.83951 6.62244 52.8082
250 100 150
2 16 20707 0 23 12250 0
-6.20005 7.19893 53.8475
250 100 150
2 16 20716 0 23 12257 0
-6.18681 6.38461 48.7324
250 100 150
2 16 20735 0 38 14190 0
-6.35024 6.37477 48.3139
250 100 150
2 16 20747 0 38 14196 0
-5.21133 7.55994 50.0827
250 100 150
2 23 10579 0 38 14231 0
-6.48926 7.90472 48.1121
250 100 150
2 16 20877 0 38 14327 0
-7.51093 9.1026 52.4425
250 100 150
3 16 20898 0 23 10705 0 24 11022 0
-8.77694 9.00954 53.1142
250 100 150
3 16 20909 0 23 10717 0 24 11017 0
-6.58805 8.33814 48.1925
250 100 150
2 16 20928 0 38 14376 0
-9.6362 9.12039 53.7397
250 100 150
2 16 20938 0 47 8245 0
-6.69104 8.52366 48.1925
250 100 150
2 16 20955 0 38 14388 0
-7.43079 9.94834 51.975
250 100 150
3 16 20985 0 23 12503 0 24 12819 0
-9.53289 10.5816 53.2605
250 100 150
2 16 21056 0 24 12858 0
-9.93496 10.6658 53.2894
250 100 150
2 16 21077 0 23 12554 0
-5.43409 11.8678 50.8982
250 100 150
2 16 21139 0 26 11509 0
-7.12798 10.6855 48.7187
250 100 150
2 16 21140 0 38 14553 0
-5.89271 11.8466 50.9345
250 100 150
2 16 21145 0 26 11508 0
-8.2956 11.8624 51.7051
250 100 150
3 16 21200 0 23 12674 0 24 12983 0
-9.52234 11.9819 52.5774
250 100 150
2 16 21221 0 24 11939 0
-7.68551 12.435 51.1979
250 100 150
2 16 21287 0 26 9990 0
-10.9307 12.7903 53.3825
250 100 150
2 16 21365 0 31 10868 0
-10.4072 12.8065 52.9566
250 100 150
2 16 21366 0 47 8598 0
-12.0956 12.9874 54.2128
250 100 150
2 16 21387 0 31 10914 0
-10.3728 13.0698 52.8628
250 100 150
2 16 21396 0 47 8623 0
-11.0037 13.234 53.2386
250 100 150
3 16 21412 0 37 9572 0 47 8651 0
-10.6741 13.3009 52.9262
250 100 150
4 16 21418 0 18 2259 0 31 10916 0 47 8652 0
-9.40622 13.3796 51.919
250 100 150
4 16 21427 0 31 10897 0 37 9543 0 47 8633 0
-10.7642 15.0873 54.7655
250 100 150
2 16 21519 0 38 16696 0
-8.35602 14.555 50.7265
250 100 150
2 16 21535 0 24 13256 0
-12.2986 15.7522 53.3752
250 100 150
3 16 21618 0 37 9722 0 47 8782 0
-8.12718 12.1654 51.7436
250 100 150
2 16 21661 0 24 13003 0
-8.47508 12.0649 51.6
250 100 150
3 16 21662 0 23 12704 0 24 13008 0
-7.21727 -4.70627 52.0385
250 100 150
2 16 21745 0 38 16969 0
-5.95699 -4.31316 51.338
250 100 150
2 16 21766 0 38 16986 0
-6.43722 2.29003 51.198
250 100 150
2 16 22013 0 38 17116 0
-9.4779 5.20212 55.4721
250 100 150
4 16 22133 0 24 12460 0 37 10417 0 47 9375 0
-9.0286 5.33046 54.8018
250 100 150
4 16 22141 0 31 11816 0 37 10427 0 47 9394 0
-6.53631 6.08656 52.6474
250 100 150
3 16 22173 0 23 13376 0 38 17234 0
-4.98515 6.37434 50.2862
250 100 150
2 23 12243 0 38 16046 0
-7.89188 6.7754 54.3734
250 100 150
2 16 22192 0 23 13388 0
-6.69853 8.20512 52.2138
250 100 150
2 16 22248 0 37 9054 0
-9.23151 8.08257 53.7223
250 100 150
4 16 22254 0 23 13435 0 24 13739 0 31 13108 0
-6.15945 8.1493 48.7806
250 100 150
2 16 22276 0 38 16213 0
-9.6741 9.2784 55.875
250 100 150
2 16 22278 0 23 13458 0
-9.51106 8.90373 53.7115
250 100 150
3 16 22286 0 38 17327 0 47 9607 0
-6.61181 9.59764 51.9987
250 100 150
2 16 22307 0 24 13779 0
-9.67763 9.70534 53.5206
250 100 150
2 16 22320 0 31 12105 0
-9.33651 9.83429 53.1322
250 100 150
4 16 22325 0 31 12112 0 37 10705 0 47 9661 0
-7.35528 10.2296 51.8011
250 100 150
5 16 22330 0 23 13513 0 24 13800 0 25 13644 0 39 17429 0
-4.89555 10.8505 51.1094
250 100 150
2 16 22335 0 26 12371 0
-7.75614 10.9833 51.7196
250 100 150
3 16 22365 0 23 12585 0 24 12896 0
-9.32436 10.9564 52.8461
250 100 150
2 23 12588 0 24 12894 0
-5.82325 11.6363 51.0629
250 100 150
2 16 22378 0 26 12405 0
-11.314 11.498 54.2432
250 100 150
4 16 22404 0 18 2897 0 31 12298 0 47 9831 0
-9.24976 11.5557 52.517
250 100 150
3 16 22405 0 23 13584 0 24 13852 0
-11.761 11.5511 54.5485
250 100 150
4 16 22409 0 31 12316 0 37 10888 0 47 9847 0
-10.6971 11.5868 53.7237
250 100 150
3 16 22410 0 37 10863 0 47 9828 0
-10.101 11.6068 53.1888
250 100 150
3 16 22411 0 37 10858 0 47 9817 0
-8.35616 11.8539 51.7535
250 100 150
4 16 22416 0 31 12276 0 37 10849 0 47 9812 0
-10.6724 13.2996 52.9815
250 100 150
3 16 22512 0 31 12452 0 47 9971 0
-11.8889 14.2819 53.6972
250 100 150
3 31 12532 0 37 11095 0 47 10040 0
-10.3844 14.3493 52.3179
250 100 150
4 23 12930 0 31 12518 0 37 11068 0 47 10028 0
-8.79203 5.22012 54.6951
250 100 150
3 16 22615 0 23 13773 0 24 14054 0
-5.04876 5.2702 52.6569
250 100 150
2 25 13460 0 38 17190 0
-9.01359 4.85569 54.9879
250 100 150
7 18 3553 0 23 13886 0 24 14170 0 25 13973 0 31 13575 0 37 12066 0 47 10909 0
-10.1953 5.0003 55.9188
250 100 150
2 16 22838 0 38 17763 0
-6.12429 4.79786 49.397
250 100 150
2 16 22858 0 38 17213 0
-8.68659 5.8224 54.4366
250 100 150
3 16 22878 0 31 13049 0 47 10468 0
-8.36575 6.10066 53.9356
250 100 150
2 16 22889 0 24 14224 0
-8.31148 6.31962 53.947
250 100 150
3 16 22898 0 31 13069 0 47 10490 0
-8.37001 6.40435 53.8451
250 100 150
2 23 13937 0 24 14227 0
-6.13082 5.89205 49.1865
250 100 150
2 16 22903 0 38 17243 0
-11.5582 6.43146 56.0787
250 100 150
2 16 22908 0 38 17798 0
-6.32252 5.98839 48.5222
250 100 150
2 16 22909 0 38 17248 0
-6.35053 7.28217 48.5763
250 100 150
2 16 22941 0 38 17291 0
-10.1147 7.99592 54.5792
250 100 150
3 16 22943 0 18 3306 0 47 10526 0
-10.0991 9.01188 53.6767
250 100 150
2 16 22985 0 24 14283 0
-9.34402 9.222 53.4085
250 100 150
2 16 22989 0 24 14057 0
-6.56736 8.60385 48.2338
250 100 150
2 16 22991 0 38 17344 0
-7.44997 9.62743 52.1135
250 100 150
3 23 14007 0 24 14292 0 25 14095 0
-7.21882 9.80467 51.5675
250 100 150
2 16 23007 0 24 14302 0
-9.50207 10.1203 53.1342
250 100 150
4 18 3337 0 31 13167 0 37 11687 0 47 10577 0
-7.13102 10.8806 51.5257
250 100 150
2 16 23039 0 24 14321 0
-9.80604 10.762 53.2811
250 100 150
2 23 14033 0 24 14319 0
-10.5268 11.2019 53.8448
250 100 150
7 16 23053 0 18 3362 0 23 13556 0 24 13829 0 31 13224 0 37 11740 0 47 10628 0
-10.9662 11.3366 54.109
250 100 150
4 16 23058 0 31 13233 0 37 11749 0 47 10637 0
-9.50748 11.4671 52.7804
250 100 150
4 16 23065 0 31 13229 0 37 11742 0 47 10634 0
-9.73159 11.8279 53.596
250 100 150
2 23 13586 0 38 17433 0
-9.77939 11.8368 52.484
250 100 150
3 16 23087 0 23 13784 0 24 14059 0
-10.9386 12.4907 53.559
250 100 150
3 16 23105 0 18 3402 0 47 10680 0
-11.0534 12.7949 53.4151
250 100 150
2 16 23119 0 47 10693 0
-10.5388 12.9754 53.0634
250 100 150
3 16 23125 0 31 13299 0 47 10696 0
-10.689 13.3672 53.004
250 100 150
3 16 23132 0 31 13312 0 47 10707 0
-9.59555 13.4115 52.0178
250 100 150
2 16 23133 0 24 14061 0
-10.2061 13.9649 52.2321
250 100 150
4 16 23146 0 31 13325 0 37 11836 0 47 10717 0
-10.4526 7.42862 55.1838
250 100 150
4 16 23190 0 31 13637 0 37 12124 0 38 17808 0
-10.773 7.52066 54.9122
250 100 150
2 16 23255 0 23 14155 0
-7.7886 10.7132 51.621
250 100 150
2 16 23286 0 24 14520 0
-10.0834 11.0008 53.6278
250 100 150
4 23 14039 0 24 14326 0 37 12203 0 47 11048 0
-5.54638 11.596 51.0499
250 100 150
6 16 23290 0 25 14295 0 26 13113 0 30 16572 0 39 18115 0 48 16797 0
-10.5318 11.1393 53.8569
250 100 150
5 16 23292 0 18 3652 0 31 13729 0 37 12210 0 47 11058 0
-9.81736 11.6371 53.1198
250 100 150
3 31 13738 0 37 12217 0 47 11068 0
-5.15805 5.39273 51.3567
250 100 150
2 23 14192 0 38 18058 0
-10.5461 11.0819 53.8141
250 100 150
5 16 23365 0 18 3808 0 31 13955 0 37 12440 0 47 11288 0
-11.0805 11.819 53.973
250 100 150
3 31 13961 0 37 12450 0 47 11296 0
-8.88606 12.7183 51.8194
250 100 150
3 16 23403 0 23 14328 0 24 14602 0
-8.81293 12.3835 51.9699
250 100 150
3 16 23406 0 23 14325 0 24 14605 0
-10.421 2.67658 56.8502
250 100 150
2 16 23939 0 38 18726 0
-6.4431 -3.68225 51.5204
250 100 150
2 16 25194 0 38 20265 0
-7.12601 2.30837 54.3362
250 100 150
2 16 25426 0 38 20252 0
-10.4694 15.3458 54.3936
250 100 150
2 16 25434 0 38 20038 0
-9.89441 16.7853 53.4781
250 100 150
2 16 25503 0 38 20212 0
-8.87804 12.4063 51.8716
250 100 150
2 16 25505 0 24 16253 0
-5.25423 -4.57547 48.5819
250 100 150
2 16 25651 0 38 20547 0
-11.2485 14.6971 53.0893
250 100 150
2 16 25678 0 23 15709 0
-7.74518 1.78075 55.5984
250 100 150
2 16 26084 0 38 20583 0
-1.63851 2.08683 53.3151
250 100 150
2 17 2411 0 40 1098 0
-1.55054 2.11021 53.4035
250 100 150
2 17 2412 0 40 1099 0
-1.67216 2.09349 53.2688
250 100 150
2 17 2415 0 40 1101 0
-9.88825 10.0766 53.6205
250 100 150
2 17 3236 0 20 154 0
-3.14366 11.9773 51.5231
250 100 150
2 17 3419 0 40 1992 0
-8.30536 14.1739 50.7332
250 100 150
2 17 3629 0 26 5382 0
6.50729 -3.66148 57.6321
250 100 150
2 17 4060 0 40 113 0
6.12719 -3.60721 57.4636
250 100 150
2 17 4086 0 40 2695 0
5.47677 -3.36983 57.2239
250 100 150
2 17 4156 0 40 2748 0
0.192672 0.84443 53.8528
250 100 150
2 17 5020 0 40 878 0
0.369828 0.881019 53.9829
250 100 150
2 17 5021 0 40 876 0
-0.0140237 0.927601 53.8213
250 100 150
2 17 5033 0 40 902 0
-3.04095 3.50146 52.9827
250 100 150
2 17 5543 0 40 1292 0
-2.27261 4.21042 52.8395
250 100 150
2 17 5652 0 40 1362 0
-2.16193 4.22214 52.8217
250 100 150
2 17 5653 0 40 1363 0
-3.31701 7.72782 51.8914
250 100 150
2 17 5954 0 40 1697 0
-2.94024 7.7972 51.8114
250 100 150
2 17 5963 0 40 1701 0
-3.49217 8.15631 51.7349
250 100 150
2 17 6002 0 40 1720 0
-9.71557 9.32791 53.7931
250 100 150
2 17 6066 0 20 1418 0
-7.75572 9.14889 52.6835
250 100 150
2 17 6070 0 20 1419 0
-3.37581 9.07526 51.5303
250 100 150
2 17 6074 0 40 1770 0
-7.32236 9.49269 52.3475
250 100 150
2 17 6109 0 20 1452 0
-9.85248 9.98422 53.5892
250 100 150
2 17 6122 0 20 1460 0
-2.82805 9.88281 51.4175
250 100 150
2 17 6142 0 40 1821 0
-4.69886 11.3158 50.9838
250 100 150
2 17 6294 0 40 1937 0
-3.14887 11.909 51.4926
250 100 150
2 17 6343 0 40 4581 0
-3.76321 12.8223 50.3165
250 100 150
2 17 6540 0 20 1745 0
-6.79501 14.807 49.9956
250 100 150
2 17 6845 0 40 2310 0
-6.45579 15.3951 49.8489
250 100 150
2 17 6914 0 40 2353 0
-6.33234 15.4063 49.809
250 100 150
2 17 6918 0 40 2358 0
6.9953 -3.77177 57.8948
250 100 150
2 17 7408 0 40 5504 0
7.47713 -3.25981 58.4612
250 100 150
2 17 7494 0 40 5552 0
-1.73929 -2.88851 56.4581
250 100 150
2 17 7828 0 40 3007 0
0.0984328 -0.558945 54.4007
250 100 150
2 17 8117 0 40 3240 0
-0.441177 1.04129 53.8432
250 100 150
2 17 8333 0 40 3462 0
-0.379104 1.23747 53.8484
250 100 150
2 17 8359 0 40 3491 0
-6.56981 2.7152 55.0997
250 100 150
2 17 8603 0 40 3741 0
-1.07568 5.26381 53.4947
250 100 150
2 17 8848 0 40 6593 0
-1.74395 5.20484 52.7012
250 100 150
3 17 8865 0 26 7008 0 40 6610 0
-3.17314 7.37505 51.8818
250 100 150
2 17 9064 0 40 6821 0
-5.14885 7.29127 51.8433
250 100 150
2 17 9066 0 26 7258 0
-3.21206 7.43728 51.7661
250 100 150
2 17 9067 0 40 6828 0
-2.85916 7.98087 51.9398
250 100 150
2 17 9102 0 26 4370 0
-9.50114 9.19716 53.7278
250 100 150
2 17 9183 0 20 3448 0
-7.91978 9.07514 52.7395
250 100 150
2 17 9187 0 20 3453 0
-7.6348 9.10056 52.5594
250 100 150
3 17 9192 0 20 3458 0 40 4322 0
-3.2807 9.69259 51.2698
250 100 150
2 17 9250 0 40 7074 0
-14.4065 12.1603 62.1136
250 100 150
2 20 3507 0 26 7582 0
-3.32228 9.77466 51.2203
250 100 150
2 17 9257 0 40 7084 0
-3.24301 11.0694 51.1263
250 100 150
2 17 9368 0 26 7724 0
-3.65379 12.6157 50.7188
250 100 150
2 17 9551 0 26 8012 0
-4.73165 13.5272 50.4526
250 100 150
2 17 9696 0 20 3856 0
-3.77211 14.4672 50.5588
250 100 150
3 17 9813 0 20 5429 0 26 10198 0
-4.48334 15.5505 50.4362
250 100 150
2 17 9926 0 40 7708 0
7.17783 -3.82349 58.0966
250 100 150
2 17 10257 0 40 7924 0
6.11885 -3.76964 57.2185
250 100 150
2 17 10276 0 40 7937 0
-3.02482 2.77199 53.2895
250 100 150
2 17 10940 0 40 6366 0
-1.91129 5.54235 52.7476
250 100 150
2 17 11150 0 20 3229 0
-3.00211 7.22169 51.8505
250 100 150
2 17 11238 0 40 8629 0
-9.67576 9.2392 53.8223
250 100 150
2 17 11315 0 20 5069 0
-7.90372 9.05641 52.7251
250 100 150
2 17 11317 0 20 5070 0
-9.5617 9.457 53.6695
250 100 150
2 17 11323 0 20 5080 0
-7.4075 9.7638 52.0517
250 100 150
3 17 11365 0 20 5098 0 40 7075 0
-3.28186 9.7817 51.4694
250 100 150
5 17 11366 0 26 9692 0 30 12990 0 39 14483 0 48 13323 0
-7.48972 9.99353 52.0932
250 100 150
2 17 11372 0 20 5106 0
-7.13572 10.0902 51.6565
250 100 150
2 17 11382 0 40 7107 0
-3.12509 10.2403 51.3796
250 100 150
3 17 11386 0 26 9728 0 40 8779 0
-8.14653 16.7868 67.481
250 100 150
2 17 11467 0 20 5205 0
-4.44253 15.4501 50.8449
250 100 150
2 17 11727 0 40 9081 0
-4.61417 15.8478 50.733
250 100 150
2 17 11756 0 40 9103 0
-7.26622 9.8917 52.056
250 100 150
2 17 11885 0 20 5101 0
-6.71899 3.8178 54.1601
250 100 150
2 17 12438 0 20 6057 0
-1.36256 4.76778 53.2122
250 100 150
2 17 12459 0 26 10804 0
-1.46411 5.16452 53.4861
250 100 150
2 17 12487 0 40 9681 0
-4.92999 4.91614 52.6335
250 100 150
2 17 12516 0 20 6114 0
-5.05118 5.29687 52.7359
250 100 150
2 17 12563 0 40 8547 0
-6.4161 5.97854 53.1277
250 100 150
2 17 12600 0 20 6197 0
-1.41301 7.13099 53.0504
250 100 150
2 17 12657 0 40 8614 0
-1.49416 7.3336 52.9813
250 100 150
2 17 12669 0 40 8621 0
-3.22907 9.50304 51.5306
250 100 150
8 17 12781 0 20 6390 0 26 11259 0 27 7938 0 30 14769 0 39 16276 0 40 9965 0 48 15077 0
-7.57173 9.79304 52.2349
250 100 150
2 17 12787 0 20 6405 0
-7.40244 9.99129 52.0621
250 100 150
2 17 12795 0 20 6418 0
-7.11436 10.0796 51.6003
250 100 150
2 17 12803 0 40 8771 0
-7.63589 16.8869 67.8512
250 100 150
2 17 12865 0 20 6538 0
-3.07975 11.9646 51.5774
250 100 150
2 17 12883 0 40 8863 0
-3.34054 12.8855 51.2689
250 100 150
2 17 12935 0 40 8932 0
-3.45675 13.0056 51.0952
250 100 150
2 17 12943 0 40 10159 0
-5.66851 13.851 50.5808
250 100 150
2 17 12989 0 20 6718 0
-5.87367 17.3102 50.6415
250 100 150
2 17 13113 0 40 10349 0
-4.56105 5.25339 52.7227
250 100 150
2 17 13463 0 40 9743 0
-5.00293 5.27029 52.6589
250 100 150
2 17 13466 0 20 7210 0
-7.24252 16.6265 67.0844
250 100 150
2 17 13602 0 20 7350 0
-6.57036 12.9056 50.9249
250 100 150
2 17 13632 0 20 7391 0
-5.34279 13.7033 50.4159
250 100 150
2 17 13656 0 20 7427 0
-2.82893 7.30414 51.9616
250 100 150
2 17 13732 0 26 12258 0
7.5448 -2.4296 58.2719
250 100 150
2 17 13769 0 40 10997 0
-5.64799 4.27384 53.4989
250 100 150
2 17 13876 0 40 10625 0
-5.1426 4.88628 52.8397
250 100 150
3 17 13895 0 20 7673 0 40 10640 0
-4.01991 5.37381 52.4892
250 100 150
2 17 13911 0 20 7687 0
-5.74463 5.72718 53.0258
250 100 150
2 17 13923 0 20 7698 0
-1.68737 6.10923 52.5392
250 100 150
2 17 13926 0 40 10965 0
-4.14886 10.2697 51.1376
250 100 150
2 26 12865 0 30 16349 0
-4.72554 10.7705 51.125
250 100 150
2 17 14029 0 20 7823 0
-8.27765 16.922 68.3689
250 100 150
2 17 14046 0 20 7840 0
-5.95716 11.7889 51.5916
250 100 150
2 20 7845 0 26 12906 0
-5.59448 12.1141 50.9626
250 100 150
8 17 14062 0 20 7858 0 24 14347 0 25 14135 0 26 12916 0 30 16383 0 39 17952 0 48 16624 0
-6.55167 12.8661 50.8489
250 100 150
2 17 14077 0 20 7876 0
-4.43275 16.2485 51.2555
250 100 150
2 17 14112 0 40 11269 0
-4.85427 10.721 51.2237
250 100 150
3 30 16567 0 39 18112 0 48 16793 0
-3.01152 13.0589 52.3097
250 100 150
2 17 14286 0 40 11416 0
-5.39082 13.8666 50.2571
250 100 150
2 17 14655 0 40 11597 0
-7.14351 14.6911 50.1229
250 100 150
2 17 15389 0 40 12551 0
-4.72655 4.58837 52.9528
250 100 150
3 18 1027 0 31 7617 0 47 5785 0
-7.41766 8.74636 52.4321
250 100 150
3 18 1213 0 31 8099 0 47 6256 0
-6.93547 8.84681 52.3093
250 100 150
2 18 1214 0 31 8096 0
-7.3897 8.99775 52.2882
250 100 150
2 18 1234 0 31 8135 0
-10.1139 10.9338 53.193
250 100 150
2 18 1336 0 31 5248 0
-9.54151 12.3827 52.3807
250 100 150
4 18 1430 0 31 8654 0 37 7502 0 47 6755 0
-9.31061 12.4572 52.199
250 100 150
4 18 1432 0 31 8661 0 37 7505 0 47 6757 0
-9.63622 12.4205 52.5019
250 100 150
4 18 1434 0 31 8667 0 37 7512 0 47 6764 0
-9.30282 12.5717 52.1575
250 100 150
4 18 1440 0 31 8679 0 37 7525 0 47 6782 0
-9.66022 12.5357 52.4587
250 100 150
4 18 1442 0 31 8689 0 37 7532 0 47 6791 0
-9.19578 12.6249 52.036
250 100 150
5 18 1445 0 23 9001 0 24 9242 0 31 8690 0 37 7533 0
-9.39988 12.6393 52.2232
250 100 150
4 18 1450 0 31 8705 0 37 7543 0 47 6804 0
-9.74841 12.6357 52.4949
250 100 150
4 18 1456 0 31 8716 0 37 7555 0 47 6820 0
-9.65431 13.4501 51.9907
250 100 150
2 18 1513 0 31 8843 0
-7.8067 14.714 50.6398
250 100 150
2 18 1553 0 37 4973 0
-12.0177 14.1131 53.5789
250 100 150
3 18 1580 0 31 8969 0 47 7046 0
-11.0838 14.9058 52.6013
250 100 150
4 18 1616 0 31 9044 0 37 7882 0 47 7106 0
-9.05167 15.7783 50.7548
250 100 150
2 18 1631 0 31 9081 0
-10.8304 15.3489 52.2831
250 100 150
4 18 1632 0 31 9082 0 37 7917 0 47 7128 0
-11.0097 15.9152 52.1486
250 100 150
3 18 1654 0 31 9128 0 47 7156 0
-10.6547 16.9915 51.897
250 100 150
3 18 1682 0 37 8017 0 47 7210 0
-10.72 17.1182 51.8804
250 100 150
4 18 1685 0 31 9219 0 37 8029 0 47 7220 0
-3.1626 -4.172 58.1039
250 100 150
4 18 1850 0 31 9610 0 37 8392 0 47 7538 0
-5.49575 4.05347 53.384
250 100 150
2 18 1914 0 47 7834 0
-5.22514 4.14311 53.0769
250 100 150
4 18 1915 0 31 10047 0 37 8774 0 47 7841 0
-4.86118 4.59771 52.7889
250 100 150
3 18 1926 0 31 10081 0 47 7863 0
-5.08644 4.74393 52.7429
250 100 150
2 18 1930 0 47 7877 0
-3.79342 5.76049 52.0443
250 100 150
3 18 1959 0 31 10172 0 47 7941 0
-8.06243 5.78337 54.2156
250 100 150
2 18 1973 0 47 7986 0
-9.27879 5.69231 54.242
250 100 150
2 18 1977 0 47 8000 0
-9.96443 7.37848 54.4831
250 100 150
2 18 2015 0 47 8106 0
-6.62101 8.19395 52.2187
250 100 150
3 26 9578 0 31 10367 0 47 8129 0
-6.84432 8.30001 52.2894
250 100 150
4 18 2035 0 23 12363 0 31 10375 0 47 8140 0
-7.2819 8.99945 52.2947
250 100 150
4 18 2057 0 24 12741 0 31 10432 0 47 8199 0
-7.01103 9.27878 52.0174
250 100 150
5 18 2072 0 26 9672 0 31 10450 0 37 9148 0 47 8222 0
-7.09729 9.70994 52.0212
250 100 150
2 18 2087 0 37 9182 0
-7.08319 10.2277 51.838
250 100 150
2 18 2097 0 37 9208 0
-9.26136 12.2238 52.2399
250 100 150
4 18 2184 0 31 10765 0 37 9421 0 47 8518 0
-9.31041 12.4037 52.2286
250 100 150
3 18 2193 0 37 9442 0 47 8535 0
-9.32845 12.5575 52.1539
250 100 150
4 18 2203 0 31 10803 0 37 9458 0 47 8554 0
-9.7124 12.5106 52.4618
250 100 150
3 18 2204 0 31 10809 0 47 8556 0
-10.2885 14.3608 52.138
250 100 150
4 18 2296 0 31 10990 0 37 9633 0 47 8713 0
-11.7546 14.2283 53.3815
250 100 150
3 18 2301 0 37 9648 0 47 8724 0
-11.4959 14.745 53.0475
250 100 150
4 18 2321 0 31 11030 0 37 9674 0 47 8745 0
-11.2133 14.8393 52.7192
250 100 150
4 18 2322 0 31 11034 0 37 9676 0 47 8747 0
-11.0082 15.0188 52.4681
250 100 150
4 18 2324 0 31 11038 0 37 9683 0 47 8753 0
-11.1123 15.0876 52.5964
250 100 150
4 18 2326 0 31 11042 0 37 9687 0 47 8758 0
-10.9005 15.1734 52.3458
250 100 150
3 18 2329 0 31 11046 0 47 8760 0
-10.9237 15.9563 52.1982
250 100 150
4 18 2346 0 31 11081 0 37 9713 0 47 8778 0
-11.0408 16 52.0026
250 100 150
2 18 2350 0 31 11090 0
-10.7482 16.1458 51.8212
250 100 150
2 18 2351 0 31 11093 0
-13.0181 16.9137 54.5878
250 100 150
3 18 2376 0 31 11145 0 47 8818 0
-5.26321 -3.92644 58.1718
250 100 150
2 18 2511 0 47 9077 0
-5.24061 4.12593 53.3964
250 100 150
3 18 2542 0 31 11662 0 47 9241 0
-4.66386 5.08301 52.7665
250 100 150
3 18 2573 0 31 11718 0 47 9284 0
-3.75788 6.05472 52.1855
250 100 150
2 18 2631 0 31 11814 0
-8.54662 5.94786 54.4405
250 100 150
2 18 2650 0 37 10464 0
-7.99372 6.10995 53.8893
250 100 150
2 18 2656 0 47 9432 0
-4.10078 6.85611 51.7888
250 100 150
2 18 2668 0 37 8955 0
-8.32615 6.41421 53.8675
250 100 150
2 31 10276 0 37 8974 0
-9.81479 7.66047 54.5776
250 100 150
2 18 2733 0 37 10568 0
-9.63877 7.76573 54.2878
250 100 150
2 18 2740 0 47 9522 0
-10.1965 7.86678 54.5945
250 100 150
2 18 2751 0 47 9543 0
-8.22016 8.54807 52.3586
250 100 150
3 18 2780 0 31 12024 0 47 9578 0
-5.34663 9.23129 51.7345
250 100 150
3 18 2782 0 31 12019 0 47 9577 0
-8.26204 8.58144 52.4371
250 100 150
3 18 2783 0 31 12026 0 47 9579 0
-7.63937 9.00682 52.4488
250 100 150
5 18 2790 0 26 11234 0 31 12038 0 37 10633 0 47 9593 0
-7.33779 9.1911 52.1929
250 100 150
4 18 2797 0 26 11249 0 31 12047 0 47 9601 0
-7.14782 9.32974 52.0591
250 100 150
4 18 2800 0 26 11261 0 31 12053 0 47 9606 0
-9.76885 8.9465 53.9763
250 100 150
3 18 2802 0 37 10653 0 47 9612 0
-9.42773 9.12526 53.5177
250 100 150
4 18 2808 0 31 12073 0 37 10662 0 47 9621 0
-9.85796 9.1619 54.0178
250 100 150
3 18 2810 0 37 10670 0 47 9626 0
-6.94315 9.76044 52.0544
250 100 150
2 18 2814 0 37 10674 0
-7.07634 10.2673 51.8575
250 100 150
2 18 2822 0 37 10702 0
-10.8194 11.384 54.0136
250 100 150
3 18 2877 0 31 12270 0 47 9809 0
-9.41054 11.9684 52.4805
250 100 150
6 18 2907 0 23 12692 0 24 12993 0 31 12317 0 37 10878 0 47 9844 0
-9.41909 12.3359 52.2211
250 100 150
4 18 2928 0 31 12359 0 37 10921 0 47 9886 0
-9.05424 12.4157 51.9469
250 100 150
4 18 2929 0 31 12360 0 37 10922 0 47 9887 0
-11.0822 12.7422 53.3663
250 100 150
3 18 2969 0 31 12420 0 47 9943 0
-10.7663 14.4373 52.6396
250 100 150
4 18 3037 0 31 12530 0 37 11084 0 47 10038 0
-11.7748 14.1854 53.3456
250 100 150
2 18 3038 0 31 12529 0
-11.2471 14.4739 53.0305
250 100 150
3 18 3043 0 31 12535 0 37 11098 0
-11.2955 14.6525 52.9275
250 100 150
4 18 3052 0 31 12551 0 37 11108 0 47 10055 0
-11.3037 14.9145 52.8993
250 100 150
3 18 3054 0 31 12557 0 37 11118 0
-7.8574 18.3882 49.9196
250 100 150
2 18 3104 0 31 12650 0
-2.83027 -5.38988 60.3953
250 100 150
2 18 3158 0 47 10254 0
-2.66077 -5.33644 59.9221
250 100 150
2 18 3159 0 47 10259 0
-2.72295 -5.20016 59.5391
250 100 150
2 18 3162 0 47 10264 0
-3.8134 -5.0009 59.8772
250 100 150
2 18 3165 0 47 10270 0
-2.84664 -4.67023 59.3359
250 100 150
2 18 3172 0 47 10280 0
-3.4493 -4.38001 58.7429
250 100 150
2 18 3181 0 47 10296 0
-5.95608 3.92751 53.5752
250 100 150
3 18 3210 0 31 12963 0 47 10391 0
-5.69333 4.11954 53.3133
250 100 150
4 18 3214 0 31 12968 0 37 11521 0 47 10395 0
-5.01097 4.82265 52.8303
250 100 150
3 18 3222 0 31 12981 0 47 10406 0
-5.36277 5.13192 52.4568
250 100 150
3 18 3231 0 31 12998 0 47 10423 0
-5.02953 5.28987 52.9657
250 100 150
3 18 3233 0 31 12997 0 47 10422 0
-5.61965 5.55106 52.6374
250 100 150
3 18 3252 0 31 13021 0 47 10446 0
-6.51989 5.85882 53.0681
250 100 150
3 31 13042 0 37 11577 0 47 10463 0
-3.98006 6.27382 52.0477
250 100 150
2 18 3258 0 47 10462 0
-4.94499 7.40991 51.921
250 100 150
3 18 3278 0 37 10513 0 47 10795 0
-5.67848 7.90454 51.804
250 100 150
2 18 3289 0 47 10509 0
-5.42311 9.41684 51.6481
250 100 150
3 18 3316 0 31 13120 0 47 10535 0
-8.71618 8.91341 53.1175
250 100 150
4 18 3320 0 31 13127 0 37 11649 0 47 10544 0
-9.1901 9.09191 53.3565
250 100 150
4 18 3326 0 31 13135 0 37 11662 0 47 10551 0
-7.60133 9.57629 52.0908
250 100 150
3 18 3329 0 31 13143 0 47 10557 0
-9.23667 9.54269 53.1511
250 100 150
4 18 3331 0 31 13148 0 37 11674 0 47 10565 0
-7.40262 9.87692 51.8185
250 100 150
3 18 3333 0 31 13149 0 47 10562 0
-9.90659 10.5703 53.3177
250 100 150
3 18 3344 0 37 11705 0 47 10601 0
-8.662 11.1677 52.9705
250 100 150
3 31 13199 0 37 11715 0 47 10607 0
-10.2074 11.2939 54.2441
250 100 150
3 18 3359 0 31 13216 0 47 10623 0
-10.6516 11.7004 53.803
250 100 150
4 18 3376 0 31 13245 0 37 11762 0 47 10649 0
-11.5527 11.6286 54.1914
250 100 150
3 18 3384 0 31 13255 0 47 10658 0
-10.6526 14.4661 52.3505
250 100 150
4 16 23159 0 18 3442 0 37 11854 0 47 10727 0
-11.2914 14.3894 53.0672
250 100 150
2 18 3443 0 31 13340 0
-11.1749 14.7 52.9361
250 100 150
2 18 3446 0 37 11860 0
-6.52052 18.0704 50.1004
250 100 150
3 18 3461 0 31 13377 0 47 10747 0
-5.27858 3.98366 52.9836
250 100 150
3 18 3498 0 37 11936 0 47 10791 0
-6.85196 3.68794 54.4209
250 100 150
3 18 3530 0 31 13546 0 47 10887 0
-5.38526 4.72674 52.8308
250 100 150
2 18 3539 0 47 10892 0
-5.33665 5.20711 52.9888
250 100 150
3 18 3550 0 31 13571 0 47 10904 0
-4.52292 5.64524 52.2943
250 100 150
3 18 3562 0 31 13589 0 47 10920 0
-5.55198 5.61459 52.584
250 100 150
3 18 3565 0 31 13593 0 47 10926 0
-4.1907 6.19356 52.0301
250 100 150
2 18 3575 0 47 10935 0
-6.76227 6.48884 53.0285
250 100 150
4 18 3586 0 26 12764 0 31 13619 0 47 10952 0
-3.84206 7.25332 52.0657
250 100 150
3 18 3589 0 31 13622 0 47 10955 0
-5.3779 7.77347 52.1017
250 100 150
2 18 3596 0 31 13628 0
-9.49446 7.85982 54.0331
250 100 150
4 18 3609 0 31 13644 0 37 12129 0 47 10978 0
-10.4798 7.98848 54.465
250 100 150
2 18 3614 0 47 10982 0
-7.18269 9.22986 52.1398
250 100 150
3 18 3621 0 31 13664 0 47 10997 0
-8.02889 9.42525 52.1352
250 100 150
2 18 3627 0 47 11003 0
-9.19179 9.49258 53.1091
250 100 150
4 18 3630 0 31 13674 0 37 12161 0 47 11008 0
-9.49791 9.81438 53.3023
250 100 150
4 18 3632 0 31 13683 0 37 12169 0 47 11013 0
-9.81631 10.6525 53.3169
250 100 150
3 31 13711 0 37 12194 0 47 11044 0
-10.5041 11.0804 54.2646
250 100 150
3 18 3649 0 31 13723 0 47 11053 0
-11.1122 11.6098 53.7709
250 100 150
3 18 3664 0 31 13746 0 47 11076 0
-11.3966 11.6936 54.1283
250 100 150
6 18 3668 0 25 14121 0 31 13750 0 37 12231 0 39 17934 0 47 11079 0
-10.8462 12.1453 53.3384
250 100 150
3 18 3675 0 31 13756 0 47 11087 0
-7.00742 3.8735 54.4868
250 100 150
2 18 3768 0 47 11225 0
-5.18036 4.49741 53.3223
250 100 150
4 18 3769 0 31 13897 0 37 12393 0 47 11227 0
-7.02192 5.75756 52.9665
250 100 150
3 18 3779 0 31 13907 0 47 11242 0
-9.43071 7.7522 54.0431
250 100 150
4 18 3789 0 31 13924 0 37 12418 0 47 11259 0
-5.80586 9.77902 51.5664
250 100 150
3 18 3798 0 31 13934 0 47 11269 0
-10.2149 11.0991 53.2427
250 100 150
3 18 3809 0 31 13956 0 47 11289 0
-7.38254 3.90444 54.3696
250 100 150
2 18 3844 0 47 11336 0
-10.8398 15.886 52.1411
250 100 150
3 18 4050 0 37 13556 0 47 12331 0
-1.48052 1.99758 53.3455
250 100 150
2 20 912 0 40 3596 0
-2.10816 3.93391 52.7413
250 100 150
4 20 1132 0 30 5912 0 39 6759 0 48 6143 0
-2.15399 4.03358 52.7315
250 100 150
4 20 1137 0 30 5924 0 39 6779 0 48 6159 0
-5.43047 9.19241 51.4188
250 100 150
2 20 1436 0 40 7038 0
0.277083 -1.84425 54.9786
250 100 150
2 20 2591 0 39 10067 0
0.173927 0.858043 53.9817
250 100 150
5 20 2793 0 26 6630 0 30 9262 0 39 10455 0 48 9501 0
0.299862 0.907711 54.1068
250 100 150
2 20 2794 0 40 6132 0
-1.64775 1.91532 53.022
250 100 150
2 20 2918 0 26 6745 0
-1.4886 1.98946 53.3704
250 100 150
2 20 2919 0 40 6270 0
-2.239 3.73216 52.7803
250 100 150
3 20 3090 0 26 6907 0 39 10988 0
-2.05161 3.81374 52.8017
250 100 150
5 20 3098 0 26 6912 0 30 9738 0 39 11002 0 48 10006 0
-2.19598 3.83115 52.7502
250 100 150
4 20 3105 0 30 9746 0 39 11008 0 48 10015 0
-3.41672 7.66647 51.7441
250 100 150
2 20 3368 0 40 6847 0
-4.16618 11.9871 50.7407
250 100 150
2 20 3688 0 26 7912 0
-4.08245 12.1035 50.8051
250 100 150
2 20 3698 0 26 7927 0
-3.61551 12.6238 50.7309
250 100 150
2 20 3733 0 40 7375 0
-3.55334 12.7367 50.7673
250 100 150
2 20 3746 0 40 7384 0
-0.604759 -0.586607 54.4765
250 100 150
3 20 4552 0 39 13625 0 48 12484 0
0.296024 0.93483 54.1314
250 100 150
2 20 4635 0 40 8254 0
-0.323991 0.85131 53.9592
250 100 150
2 20 4636 0 26 9071 0
-0.382645 1.05017 53.5738
250 100 150
2 20 4652 0 26 9079 0
-1.62652 1.77419 53.1317
250 100 150
2 20 4702 0 26 9117 0
-2.5731 2.22518 53.0667
250 100 150
2 20 4735 0 30 12402 0
-2.49092 2.39998 53.0821
250 100 150
4 20 4740 0 26 9150 0 30 12407 0 48 12727 0
-0.882065 3.08376 53.2324
250 100 150
2 20 4763 0 26 9164 0
-2.02285 3.77908 52.7865
250 100 150
5 20 4822 0 26 9218 0 30 12519 0 39 14001 0 48 12842 0
-2.2886 3.98216 52.6929
250 100 150
6 20 4837 0 26 9232 0 27 6613 0 30 12541 0 39 14026 0 48 12864 0
-2.13559 4.08507 52.7331
250 100 150
5 20 4842 0 26 9235 0 30 12546 0 39 14029 0 48 12871 0
-1.96643 4.11684 52.7984
250 100 150
5 20 4843 0 26 9236 0 30 12547 0 39 14030 0 48 12872 0
-5.14114 4.22093 53.2751
250 100 150
2 20 4855 0 26 9255 0
-2.07087 4.68794 52.6568
250 100 150
5 20 4860 0 26 9260 0 30 12593 0 39 14075 0 48 12917 0
-1.91291 4.83468 52.7361
250 100 150
5 20 4865 0 27 6653 0 30 12599 0 39 14086 0 48 12928 0
-1.18313 5.11858 53.2689
250 100 150
2 20 4876 0 26 9274 0
-1.22293 5.21379 53.0354
250 100 150
4 20 4887 0 26 9287 0 27 6680 0 40 8508 0
-1.54102 5.80545 52.874
250 100 150
3 20 4927 0 26 9353 0 40 8553 0
-2.0423 6.75739 52.2874
250 100 150
2 20 4968 0 40 8607 0
-2.92546 10.0113 51.381
250 100 150
2 20 5105 0 40 8768 0
-3.14641 12.1191 51.1491
250 100 150
3 20 5233 0 26 9916 0 40 8887 0
-3.38354 12.4421 50.8917
250 100 150
3 20 5258 0 26 9975 0 40 8912 0
-3.18903 12.6259 51.0237
250 100 150
2 20 5264 0 26 9991 0
-3.60845 12.6257 50.8605
250 100 150
3 20 5271 0 26 9995 0 40 8924 0
-3.13832 12.8273 51.008
250 100 150
2 20 5279 0 26 10012 0
-3.19562 12.8878 50.7479
250 100 150
2 20 5291 0 26 10026 0
-3.71427 14.6923 50.5141
250 100 150
2 20 5445 0 26 10218 0
-3.85515 14.772 50.4448
250 100 150
2 20 5453 0 26 10227 0
-3.76263 17.1885 49.7583
250 100 150
2 20 5589 0 40 9167 0
-0.41972 1.07318 53.551
250 100 150
2 20 5947 0 26 10708 0
-2.37003 2.15918 53.1399
250 100 150
5 20 5995 0 26 10732 0 30 14185 0 39 15751 0 48 14543 0
-4.09023 3.27443 52.8206
250 100 150
2 20 6037 0 26 10765 0
-5.3544 3.61877 53.266
250 100 150
2 20 6053 0 26 10785 0
-2.31869 4.01005 52.6883
250 100 150
5 20 6059 0 26 10788 0 30 14262 0 39 15847 0 48 14638 0
-1.98651 4.37151 52.7576
250 100 150
4 20 6065 0 26 10797 0 30 14282 0 48 14656 0
-1.54009 4.75549 52.824
250 100 150
4 20 6072 0 30 14299 0 40 9657 0 48 14675 0
-1.88209 4.8028 52.7537
250 100 150
5 20 6075 0 27 7594 0 30 14306 0 39 15885 0 48 14680 0
-1.34972 5.01024 53.3573
250 100 150
2 20 6079 0 26 10818 0
-1.71358 4.94884 52.8314
250 100 150
2 20 6085 0 30 14316 0
-1.59167 5.03083 52.8187
250 100 150
3 20 6091 0 26 10829 0 40 9680 0
-1.13526 5.16925 53.383
250 100 150
2 20 6092 0 26 10830 0
-2.44537 4.89759 52.4479
250 100 150
6 20 6093 0 26 10834 0 27 7615 0 30 14328 0 39 15905 0 48 14700 0
-2.14982 4.94398 52.5497
250 100 150
6 20 6094 0 26 10833 0 27 7616 0 30 14324 0 39 15900 0 48 14696 0
-1.97303 5.08856 52.6656
250 100 150
6 20 6100 0 26 10840 0 27 7627 0 30 14336 0 39 15909 0 48 14712 0
-1.29508 5.39587 53.1832
250 100 150
2 20 6120 0 26 10859 0
-1.29742 5.49572 53.3511
250 100 150
2 20 6127 0 26 10867 0
-1.44669 5.82434 53.176
250 100 150
2 20 6171 0 26 10921 0
-4.19334 5.49554 52.33
250 100 150
3 26 10944 0 39 16017 0 48 14809 0
-6.27445 5.79731 52.6916
250 100 150
2 20 6195 0 26 12228 0
-3.4093 7.68652 51.7282
250 100 150
3 20 6279 0 27 7824 0 40 9877 0
-11.0998 8.24606 54.3608
250 100 150
2 20 6310 0 26 12285 0
-5.47558 9.13953 51.5441
250 100 150
2 20 6371 0 40 9951 0
-3.44901 9.28527 51.4931
250 100 150
5 26 11245 0 27 7931 0 30 14757 0 39 16266 0 48 15064 0
-3.30561 9.59165 51.3311
250 100 150
3 20 6399 0 27 7946 0 40 9972 0
-3.17339 9.95718 51.3817
250 100 150
3 20 6413 0 26 11291 0 40 9993 0
-3.61522 9.89061 51.3405
250 100 150
4 26 11290 0 30 14792 0 39 16320 0 48 15104 0
-3.37027 10.0302 51.2968
250 100 150
2 20 6424 0 40 9996 0
-4.59316 11.6941 50.6434
250 100 150
2 20 6552 0 26 11495 0
-3.07306 12.2609 50.9812
250 100 150
2 20 6581 0 26 11531 0
-5.40774 12.2178 50.559
250 100 150
2 20 6591 0 40 10124 0
-3.58161 12.5754 51.1596
250 100 150
2 20 6597 0 26 11556 0
-3.53939 12.5898 50.8686
250 100 150
2 20 6603 0 40 10137 0
-3.14401 12.8389 51.0358
250 100 150
2 20 6616 0 26 11584 0
-3.24424 12.9201 50.7658
250 100 150
2 20 6631 0 26 11595 0
-3.72667 14.5432 50.6059
250 100 150
2 20 6759 0 26 11739 0
-4.70989 17.262 49.5157
250 100 150
2 20 6885 0 26 11920 0
-2.00032 3.96073 52.6401
250 100 150
2 20 7164 0 26 12147 0
-5.42453 4.13591 53.2495
250 100 150
2 20 7169 0 26 12155 0
-2.03493 4.50128 52.7191
250 100 150
2 26 12157 0 30 15654 0
-1.77966 4.71895 52.7645
250 100 150
5 20 7175 0 26 12160 0 30 15656 0 39 17253 0 48 15974 0
-2.31757 4.8022 52.5527
250 100 150
6 20 7179 0 26 12163 0 27 8510 0 30 15662 0 39 17258 0 48 15978 0
-2.06249 5.14907 52.4133
250 100 150
2 20 7191 0 26 12178 0
-1.47711 5.51266 53.1317
250 100 150
2 20 7200 0 26 12191 0
-1.36077 5.82598 53.1975
250 100 150
2 20 7215 0 26 12210 0
-1.74366 5.77953 52.8649
250 100 150
2 20 7216 0 26 12212 0
-1.64933 5.8631 52.8999
250 100 150
2 20 7220 0 26 12213 0
-3.16254 7.82648 51.8524
250 100 150
2 20 7255 0 40 10720 0
-3.15938 9.6434 51.5245
250 100 150
6 20 7302 0 27 8662 0 30 15815 0 39 17407 0 40 10765 0 48 16122 0
-2.70171 10.6819 51.6155
250 100 150
2 20 7322 0 26 12349 0
-3.23834 12.3993 51.0784
250 100 150
3 20 7373 0 26 12429 0 40 10843 0
-3.5338 12.5777 50.9059
250 100 150
2 20 7379 0 26 12435 0
-3.13992 12.8587 51.0798
250 100 150
2 20 7383 0 26 12440 0
-3.84873 12.9456 50.8046
250 100 150
2 20 7395 0 26 12446 0
-3.32505 12.936 50.7375
250 100 150
2 20 7396 0 26 12447 0
-4.23681 16.4013 49.9624
250 100 150
2 20 7491 0 26 12541 0
-4.47428 16.6696 49.4848
250 100 150
2 20 7497 0 26 12548 0
-2.09713 5.04087 52.7201
250 100 150
2 20 7667 0 30 16234 0
-1.44618 5.45264 53.1063
250 100 150
2 20 7677 0 26 12702 0
-1.48397 5.7527 53.1385
250 100 150
2 20 7688 0 26 12719 0
-1.65735 5.84293 52.9215
250 100 150
2 20 7692 0 26 12724 0
-3.91794 10.2063 50.9163
250 100 150
2 20 7808 0 40 11190 0
-4.04672 12.341 50.6571
250 100 150
2 20 7865 0 26 12925 0
-3.43278 15.0965 50.7126
250 100 150
2 20 7918 0 26 12974 0
-4.26592 16.458 49.9968
250 100 150
2 20 7934 0 26 12993 0
-4.10146 16.509 50.0234
250 100 150
2 20 7935 0 26 12994 0
-4.56906 16.6602 49.5235
250 100 150
2 20 7940 0 26 13000 0
-4.76071 17.4737 49.3095
250 100 150
2 20 7948 0 26 13009 0
-1.5514 5.21062 52.884
250 100 150
2 20 8009 0 26 13046 0
-5.45905 5.85538 52.7256
250 100 150
2 20 8022 0 26 13060 0
-3.37423 8.59285 51.6929
250 100 150
3 20 8045 0 27 9226 0 40 11344 0
-3.70376 9.66192 51.4606
250 100 150
2 20 8059 0 26 13096 0
-2.71628 10.8472 51.6349
250 100 150
2 20 8068 0 26 13102 0
-3.6259 13.9173 50.5178
250 100 150
2 20 8097 0 26 13136 0
-3.65843 14.5875 50.694
250 100 150
2 20 8100 0 26 13137 0
-4.71762 16.6903 49.6141
250 100 150
2 20 8108 0 26 13144 0
-3.85313 9.6833 51.5342
250 100 150
2 20 8156 0 26 13179 0
-2.98571 3.32994 52.7604
250 100 150
2 20 8433 0 26 14322 0
-3.90801 2.43714 53.2764
250 100 150
2 20 8704 0 26 14924 0
-5.80637 -4.54287 55.0089
250 100 150
2 23 34 0 38 307 0
-5.20654 -3.68499 58.7412
250 100 150
2 23 67 0 24 67 0
-7.25589 -3.94369 56.3834
250 100 150
2 23 69 0 38 423 0
-5.16636 0.477334 54.8812
250 100 150
2 23 269 0 24 237 0
-4.83347 0.737293 54.4346
250 100 150
2 23 302 0 24 274 0
-4.93878 0.839158 54.4791
250 100 150
2 23 315 0 24 288 0
-8.87518 0.760908 56.5881
250 100 150
2 23 327 0 24 311 0
-4.83852 1.08942 54.3084
250 100 150
2 23 348 0 24 327 0
-4.91553 1.51735 54.1562
250 100 150
2 23 423 0 24 386 0
-4.76067 1.61373 54.0213
250 100 150
2 23 431 0 24 400 0
-4.60278 1.91467 53.7701
250 100 150
2 23 472 0 24 434 0
-10.0923 1.91903 58.0488
250 100 150
2 23 488 0 24 446 0
-10.306 1.98111 58.158
250 100 150
2 23 502 0 24 462 0
-10.6283 2.40867 58.2108
250 100 150
2 23 555 0 24 515 0
-6.85961 2.43014 54.8354
250 100 150
2 23 558 0 24 521 0
-6.69864 2.47035 54.7722
250 100 150
2 23 562 0 24 524 0
-9.80886 2.57211 56.6576
250 100 150
2 23 606 0 24 566 0
-10.0234 3.01835 56.8176
250 100 150
4 23 676 0 31 1156 0 37 897 0 47 723 0
-10.0082 3.07292 56.7135
250 100 150
2 23 688 0 24 646 0
-2.26196 3.71818 52.7266
250 100 150
2 23 699 0 24 4906 0
-11.1862 3.34693 58.533
250 100 150
2 23 710 0 24 671 0
-11.1494 3.42201 58.5411
250 100 150
2 23 716 0 24 682 0
-7.71023 3.62805 54.7083
250 100 150
4 23 756 0 24 746 0 31 1235 0 47 779 0
-5.26727 4.03263 53.3154
250 100 150
3 23 786 0 24 795 0 25 1083 0
-8.56867 3.9128 55.146
250 100 150
2 23 820 0 24 815 0
-10.0579 3.99509 56.3683
250 100 150
2 23 859 0 24 848 0
-5.02279 4.27607 53.0539
250 100 150
2 23 864 0 24 881 0
-9.62333 4.0685 55.8557
250 100 150
2 23 882 0 24 879 0
-4.95526 4.35175 52.9958
250 100 150
2 23 887 0 24 903 0
-10.2982 4.12707 56.5409
250 100 150
2 23 896 0 24 895 0
-8.92335 4.70626 55.9066
250 100 150
2 23 995 0 38 6935 0
-11.5076 6.83234 56.7351
250 100 150
2 23 1392 0 24 1427 0
-5.12338 6.98386 49.8772
250 100 150
2 23 1450 0 38 2624 0
-5.23569 7.43018 50.2309
250 100 150
2 23 1502 0 38 2681 0
-5.27728 7.79295 50.1678
250 100 150
2 23 1544 0 38 2724 0
-11.88 8.33631 56.4354
250 100 150
2 23 1617 0 37 1479 0
-6.83585 9.33626 51.8726
250 100 150
2 23 1773 0 24 1863 0
-8.72844 9.79856 53.8602
250 100 150
2 23 1825 0 38 3032 0
-8.85814 10.2975 53.7362
250 100 150
2 23 1895 0 38 3088 0
-11.8423 10.5217 55.2164
250 100 150
2 23 2002 0 31 2024 0
-11.5953 10.6847 54.8323
250 100 150
2 23 2035 0 24 2090 0
-11.5542 10.6982 54.7924
250 100 150
2 23 2039 0 24 2092 0
-11.563 11.0493 54.6032
250 100 150
5 23 2135 0 24 2211 0 31 2106 0 37 1737 0 47 1589 0
-8.98303 11.3649 53.2695
250 100 150
2 23 2139 0 38 3299 0
-12.0095 11.1019 55.0389
250 100 150
2 23 2142 0 24 2214 0
-12.0468 11.2608 54.9588
250 100 150
2 23 2177 0 24 2259 0
-11.6107 11.6396 54.3504
250 100 150
2 23 2268 0 24 2395 0
-12.2914 11.9199 54.9618
250 100 150
2 23 2303 0 24 2448 0
-7.79989 12.541 51.2589
250 100 150
2 23 2393 0 24 2615 0
-12.2297 12.4002 54.6458
250 100 150
2 23 2403 0 24 2563 0
-8.34543 12.5757 51.5174
250 100 150
2 23 2415 0 24 2637 0
-8.00244 12.8621 52.0029
250 100 150
2 23 2421 0 38 3599 0
-11.3613 12.5362 53.8129
250 100 150
2 23 2438 0 24 2613 0
-11.9581 12.9255 54.1249
250 100 150
2 23 2525 0 24 2710 0
-12.0069 12.966 54.1294
250 100 150
2 23 2533 0 24 2720 0
-8.41449 13.1253 51.3342
250 100 150
2 23 2536 0 24 2767 0
-8.24349 13.8068 51.9256
250 100 150
2 23 2614 0 38 3775 0
-8.24863 13.9641 51.8721
250 100 150
2 23 2649 0 38 3804 0
-11.9585 13.905 53.6468
250 100 150
2 23 2715 0 24 2948 0
-11.8974 14.0991 53.55
250 100 150
2 23 2744 0 24 2985 0
-8.1743 14.3434 50.8174
250 100 150
2 23 2752 0 24 3040 0
-9.86046 14.6723 52.8913
250 100 150
2 23 2778 0 38 3918 0
-13.4325 14.6585 55.4879
250 100 150
2 23 2825 0 24 3016 0
-6.90898 14.4201 48.651
250 100 150
2 23 2881 0 38 3993 0
-4.91875 16.1448 50.4972
250 100 150
2 23 2981 0 24 3286 0
-7.17519 14.9905 49.4619
250 100 150
2 23 2994 0 38 4097 0
-11.117 14.9721 52.6103
250 100 150
2 23 3016 0 24 3233 0
-8.58546 15.2258 50.6596
250 100 150
2 23 3027 0 24 3301 0
-11.1655 15.1718 52.5383
250 100 150
2 23 3046 0 24 3287 0
-8.68066 15.3593 50.6442
250 100 150
2 23 3056 0 24 3326 0
-8.82461 15.6591 50.6328
250 100 150
2 23 3104 0 24 3385 0
-8.81355 15.7131 50.5963
250 100 150
2 23 3115 0 24 3405 0
-8.73105 15.7868 50.5504
250 100 150
2 23 3124 0 24 3418 0
-10.8262 15.7425 52.1123
250 100 150
2 23 3144 0 24 3401 0
-8.81975 15.8699 50.5802
250 100 150
2 23 3153 0 24 3433 0
-11.3839 17.2243 52.407
250 100 150
2 23 3395 0 24 3693 0
-8.73217 17.8014 50.4691
250 100 150
2 23 3465 0 24 3827 0
-11.1869 18.1009 52.1507
250 100 150
2 23 3545 0 24 3886 0
-11.1404 18.2042 52.0751
250 100 150
2 23 3565 0 24 3898 0
-10.8037 18.2803 51.7619
250 100 150
2 23 3574 0 24 3922 0
-10.9448 18.3108 51.8445
250 100 150
2 23 3583 0 24 3928 0
-10.7325 18.3988 51.7125
250 100 150
2 23 3593 0 24 3946 0
-3.27082 -5.25679 60.2511
250 100 150
2 23 3683 0 24 4071 0
-3.15517 -5.04577 59.6564
250 100 150
2 23 3698 0 24 4086 0
-1.33683 -4.5314 57.9439
250 100 150
2 23 3734 0 24 4116 0
-5.92822 -4.50968 54.982
250 100 150
2 23 3780 0 38 5127 0
-4.10703 -4.16043 58.8683
250 100 150
2 23 3782 0 24 4169 0
-5.95788 -4.15064 59.7921
250 100 150
2 23 3793 0 24 4184 0
-6.30296 -3.98298 59.8068
250 100 150
2 23 3817 0 24 4214 0
-4.88699 -3.9189 58.865
250 100 150
2 23 3820 0 24 4215 0
-4.3896 -3.89557 58.6238
250 100 150
2 23 3821 0 24 4212 0
-4.76476 -3.82565 58.814
250 100 150
2 23 3837 0 24 4224 0
-8.76996 -3.03041 60.5526
250 100 150
2 23 3920 0 24 4312 0
-8.47346 -2.90788 59.8283
250 100 150
2 23 3935 0 24 4327 0
-4.95906 -0.0391219 54.8807
250 100 150
2 23 4136 0 24 4489 0
-5.01744 0.01989 54.9043
250 100 150
2 23 4143 0 24 4495 0
-9.01161 -0.0172 57.5924
250 100 150
2 23 4152 0 37 3328 0
-9.03577 0.236648 57.4852
250 100 150
3 23 4180 0 31 3986 0 37 3345 0
-5.1313 0.405835 54.8647
250 100 150
2 23 4183 0 24 4528 0
-5.09093 0.650651 54.7448
250 100 150
2 23 4211 0 24 4551 0
-10.6205 0.851755 60.0528
250 100 150
4 23 4224 0 31 4048 0 37 3398 0 47 2975 0
-8.80149 0.611406 56.5818
250 100 150
2 23 4227 0 24 4571 0
-10.0026 1.27838 58.118
250 100 150
2 23 4309 0 24 4668 0
-8.76093 1.34621 56.2211
250 100 150
2 23 4328 0 24 4682 0
-4.82871 1.60602 54.0615
250 100 150
2 23 4334 0 24 4689 0
-10.1124 1.81753 58.0304
250 100 150
2 23 4361 0 24 4709 0
-4.28023 2.60122 53.2881
250 100 150
2 23 4414 0 24 4768 0
-4.43432 2.86816 51.3191
250 100 150
2 23 4478 0 38 6621 0
-10.0028 2.93477 56.8091
250 100 150
2 23 4483 0 24 4860 0
-10.0775 3.11782 56.7985
250 100 150
2 23 4511 0 24 4891 0
-10.1079 3.15003 56.9197
250 100 150
3 23 4515 0 31 4454 0 37 3754 0
-8.13898 3.36144 55.2034
250 100 150
2 23 4543 0 24 4930 0
-11.2073 3.62559 58.6165
250 100 150
2 23 4563 0 24 4955 0
-11.3543 3.7471 58.7268
250 100 150
2 23 4571 0 24 4968 0
-11.2486 3.75092 58.6296
250 100 150
2 23 4572 0 24 4969 0
-7.7882 3.66241 54.7531
250 100 150
5 23 4577 0 24 4978 0 31 4520 0 37 3816 0 47 3331 0
-10.0103 3.92531 56.3492
250 100 150
4 23 4619 0 24 5024 0 31 4569 0 37 3869 0
-9.59362 3.94776 55.9117
250 100 150
2 23 4624 0 24 5033 0
-10.1918 4.34768 56.4204
250 100 150
5 23 4665 0 24 5076 0 31 4612 0 37 3905 0 47 3415 0
-4.92325 4.65065 52.8292
250 100 150
2 23 4671 0 24 5089 0
-10.3003 4.50474 56.5829
250 100 150
2 23 4678 0 38 6927 0
-8.30073 5.82087 54.0489
250 100 150
2 23 4829 0 24 5239 0
-5.08455 6.87752 50.0464
250 100 150
2 23 4933 0 38 7210 0
-11.5461 7.24353 56.6141
250 100 150
2 23 4950 0 31 4844 0
-11.5897 7.35648 56.549
250 100 150
2 23 4965 0 24 5356 0
-5.11961 7.2029 49.9719
250 100 150
2 23 4969 0 38 7248 0
-12.0241 7.97465 56.8976
250 100 150
2 23 5020 0 24 5402 0
-8.76668 8.27254 54.5179
250 100 150
2 23 5034 0 38 7343 0
-12.06 8.3243 56.7296
250 100 150
2 23 5068 0 24 5439 0
-8.92775 8.78025 53.3266
250 100 150
2 23 5163 0 37 1486 0
-5.41824 8.71864 49.5794
250 100 150
2 23 5177 0 38 7496 0
-9.75092 9.01515 53.9485
250 100 150
2 23 5210 0 24 5564 0
-9.82615 9.19548 53.8408
250 100 150
2 23 5237 0 24 5587 0
-8.63498 10.1793 53.5919
250 100 150
2 23 5298 0 38 7646 0
-11.8832 10.0187 55.5957
250 100 150
2 23 5307 0 38 7662 0
-9.03505 10.3801 53.773
250 100 150
2 23 5327 0 38 7679 0
-5.87017 10.3798 49.66
250 100 150
2 23 5383 0 38 7724 0
-11.6725 10.5311 55.0149
250 100 150
2 23 5405 0 24 5708 0
-12.6151 10.7806 56.4544
250 100 150
2 23 5414 0 24 5710 0
-12.6815 10.8058 56.522
250 100 150
2 23 5421 0 24 5715 0
-7.88426 11.1036 52.3784
250 100 150
2 23 5465 0 38 7812 0
-8.45157 11.2344 53.2783
250 100 150
2 23 5467 0 38 7813 0
-11.8993 10.8902 54.9896
250 100 150
2 23 5485 0 24 5769 0
-7.44593 11.3734 52.0883
250 100 150
2 23 5521 0 38 7859 0
-9.8522 11.0625 53.2328
250 100 150
2 23 5524 0 47 3938 0
-11.6186 11.1195 54.6465
250 100 150
2 23 5552 0 47 3997 0
-12.1373 11.2807 54.9997
250 100 150
2 23 5590 0 24 5842 0
-9.68035 11.9698 53.6714
250 100 150
2 23 5661 0 38 8015 0
-6.05031 11.5987 49.0168
250 100 150
2 23 5670 0 38 8017 0
-10.5613 11.8661 53.4898
250 100 150
2 23 5695 0 24 5978 0
-8.72008 12.2008 52.6144
250 100 150
2 23 5713 0 38 8061 0
-12.1155 11.9642 54.7746
250 100 150
2 23 5723 0 24 5988 0
-8.0965 12.2786 51.935
250 100 150
2 23 5733 0 38 8084 0
-12.1334 12.243 54.6291
250 100 150
2 23 5792 0 24 6060 0
-7.73689 12.4194 51.2011
250 100 150
4 23 5795 0 24 6115 0 25 6281 0 39 8122 0
-7.77251 12.6613 51.8418
250 100 150
2 23 5806 0 38 8149 0
-7.83939 12.716 51.9247
250 100 150
2 23 5813 0 38 8159 0
-9.26248 12.7197 53.1754
250 100 150
2 23 5816 0 38 8168 0
-8.98214 12.6902 52.8199
250 100 150
2 23 5818 0 38 8169 0
-8.02714 12.4952 51.3427
250 100 150
2 23 5819 0 24 6137 0
-8.21934 12.4901 51.3851
250 100 150
4 23 5825 0 24 6147 0 25 6297 0 39 8137 0
-8.68568 12.8502 52.7008
250 100 150
2 23 5839 0 38 8197 0
-8.15873 12.8809 52.3306
250 100 150
2 23 5844 0 38 8193 0
-8.03033 12.8735 52.0957
250 100 150
2 23 5851 0 38 8203 0
-8.91949 12.5524 51.8894
250 100 150
2 23 5854 0 24 6165 0
-9.97228 12.5334 52.7124
250 100 150
2 23 5863 0 37 4741 0
-8.67926 12.5907 51.6942
250 100 150
2 23 5864 0 24 7282 0
-8.62386 12.925 52.5709
250 100 150
2 23 5870 0 38 8223 0
-11.3007 12.5571 53.842
250 100 150
2 23 5872 0 24 6139 0
-8.00585 12.9166 51.9212
250 100 150
2 23 5879 0 38 8229 0
-8.51455 12.9889 52.5468
250 100 150
2 23 5883 0 38 8232 0
-8.4668 12.9911 52.4497
250 100 150
2 23 5889 0 38 8239 0
-8.39949 12.9733 52.3354
250 100 150
2 23 5890 0 38 8240 0
-8.498 13.0643 52.4097
250 100 150
2 23 5905 0 38 8257 0
-8.39539 13.051 52.295
250 100 150
2 23 5906 0 38 8258 0
-8.14046 13.084 52.109
250 100 150
2 23 5909 0 38 8263 0
-8.25227 13.1098 52.1696
250 100 150
2 23 5912 0 38 8270 0
-8.45852 13.1225 52.3363
250 100 150
2 23 5918 0 38 8273 0
-8.53955 13.1304 52.4061
250 100 150
2 23 5920 0 38 8275 0
-8.84229 12.8373 51.7364
250 100 150
2 23 5924 0 24 6235 0
-12.0262 12.9036 54.1769
250 100 150
2 23 5943 0 24 6234 0
-6.63146 13.2576 49.5533
250 100 150
2 23 5978 0 38 8341 0
-8.2298 13.7901 51.8573
250 100 150
2 23 6010 0 38 8385 0
-9.43745 13.4884 51.9403
250 100 150
2 23 6017 0 24 6347 0
-9.34165 13.8678 52.7908
250 100 150
2 23 6023 0 38 8407 0
-9.76137 13.573 52.1681
250 100 150
2 23 6033 0 24 6363 0
-12.0546 13.5168 53.8642
250 100 150
2 23 6041 0 24 6345 0
-8.21907 13.9827 51.7783
250 100 150
2 23 6042 0 38 8416 0
-9.04609 13.9834 52.4751
250 100 150
2 23 6043 0 38 8423 0
-8.35408 14.007 51.8549
250 100 150
2 23 6049 0 38 8426 0
-6.94344 13.8054 49.8299
250 100 150
2 23 6057 0 38 8434 0
-11.9439 13.7478 53.7872
250 100 150
2 23 6069 0 24 6383 0
-6.8564 13.8893 49.6177
250 100 150
2 23 6070 0 38 8450 0
-6.86646 13.9948 49.5412
250 100 150
2 23 6090 0 38 8467 0
-12.4028 14.0968 53.9444
250 100 150
2 23 6140 0 24 6437 0
-8.09344 14.3562 50.7796
250 100 150
2 23 6143 0 24 6499 0
-8.02329 14.3991 50.7056
250 100 150
2 23 6154 0 24 6517 0
-8.04767 14.4716 50.679
250 100 150
2 23 6173 0 24 6533 0
-13.0157 14.4265 54.816
250 100 150
2 23 6187 0 24 6465 0
-10.8597 14.325 52.6388
250 100 150
2 23 6191 0 24 6504 0
-12.0043 14.3132 53.5784
250 100 150
2 23 6196 0 24 6483 0
-10.8033 14.4418 52.6164
250 100 150
2 23 6220 0 24 6530 0
-11.3592 14.9918 52.8339
250 100 150
2 23 6320 0 24 6628 0
-11.0709 15.0342 52.6317
250 100 150
2 23 6324 0 24 6634 0
-8.5534 15.2227 50.6364
250 100 150
2 23 6331 0 24 6678 0
-11.0111 15.1066 52.5227
250 100 150
2 23 6335 0 24 6650 0
-12.4503 15.267 53.6274
250 100 150
2 23 6359 0 31 6012 0
-8.27576 15.9916 51.1012
250 100 150
2 23 6378 0 38 8756 0
-10.9808 15.5509 52.3195
250 100 150
2 23 6384 0 24 6720 0
-11.8804 15.5945 53.0792
250 100 150
3 23 6389 0 31 6028 0 37 5208 0
-8.67023 15.8083 50.5184
250 100 150
2 23 6401 0 24 6777 0
-12.7145 15.8964 53.769
250 100 150
4 23 6436 0 31 6099 0 37 5262 0 47 4661 0
-12.5918 15.9945 53.5902
250 100 150
2 23 6471 0 24 6783 0
-10.5215 16.333 51.7514
250 100 150
2 23 6538 0 24 6869 0
-8.45054 17.2815 50.2475
250 100 150
2 23 6630 0 38 8994 0
-8.33735 17.3286 50.1712
250 100 150
2 23 6634 0 38 8996 0
-8.67272 17.7052 50.1856
250 100 150
2 23 6698 0 38 9058 0
-11.0057 17.9681 52.0526
250 100 150
2 23 6750 0 31 6274 0
-11.0157 18.0777 52.0069
250 100 150
2 23 6767 0 24 7134 0
-10.9404 18.1215 51.8997
250 100 150
2 23 6775 0 24 7142 0
-9.50709 18.3859 50.7965
250 100 150
2 23 6796 0 38 9143 0
-10.6294 18.3447 51.6408
250 100 150
2 23 6804 0 24 7178 0
-10.6042 18.4187 51.5842
250 100 150
2 23 6813 0 24 7190 0
-10.2976 18.6245 51.218
250 100 150
2 23 6837 0 24 7218 0
-3.19552 -5.02527 59.6475
250 100 150
2 23 6924 0 24 7320 0
-5.96824 -5.30466 54.7985
250 100 150
2 23 6929 0 38 9455 0
-0.757475 -4.67508 57.8001
250 100 150
2 23 6947 0 24 7334 0
-4.15345 -4.6819 59.8606
250 100 150
2 23 6952 0 24 7346 0
-1.28694 -4.53276 57.9393
250 100 150
2 23 6955 0 24 7348 0
-1.2809 -4.42351 57.7982
250 100 150
2 23 6963 0 24 7353 0
0.555956 -4.24899 56.6911
250 100 150
2 23 6972 0 24 7359 0
-5.12223 -4.20741 59.2775
250 100 150
2 23 6994 0 24 7393 0
-5.91549 -4.50679 54.9681
250 100 150
2 23 6995 0 38 9589 0
-6.10876 -4.16064 59.8588
250 100 150
2 23 7002 0 24 7403 0
-6.12573 -4.06221 59.7767
250 100 150
2 23 7016 0 24 7417 0
-5.79278 -4.03841 59.7802
250 100 150
2 23 7018 0 24 7418 0
-6.30168 -3.99551 59.8164
250 100 150
2 23 7023 0 24 7428 0
-1.54984 -3.78615 56.9427
250 100 150
2 23 7034 0 24 7423 0
-7.10796 -4.17515 55.9783
250 100 150
2 23 7041 0 38 9680 0
-4.96601 -3.82043 58.9321
250 100 150
2 23 7046 0 24 7445 0
-6.8969 -4.13808 55.9516
250 100 150
2 23 7047 0 38 9683 0
-2.85273 -3.74658 57.8986
250 100 150
2 23 7049 0 24 7438 0
-6.08586 -3.72369 59.5767
250 100 150
2 23 7067 0 24 7473 0
-5.47 -3.70163 58.915
250 100 150
2 23 7072 0 24 7476 0
-7.06892 -3.99994 56.0802
250 100 150
2 23 7073 0 38 9723 0
-8.13522 -3.70893 60.8462
250 100 150
2 23 7079 0 24 7492 0
-7.02975 -3.51224 59.922
250 100 150
2 23 7097 0 24 7499 0
-8.87024 -3.05648 60.6189
250 100 150
2 23 7125 0 24 7531 0
-8.66746 -2.9314 60.1795
250 100 150
2 23 7136 0 24 7539 0
-8.50437 -2.78751 59.784
250 100 150
2 23 7146 0 24 7545 0
-10.3186 -0.473996 60.7344
250 100 150
2 23 7251 0 47 5426 0
-5.00623 0.0292119 54.8963
250 100 150
2 23 7297 0 24 7651 0
-5.16186 0.0322171 55.0192
250 100 150
2 23 7298 0 24 7653 0
-5.08407 0.535188 54.7761
250 100 150
6 23 7332 0 24 7692 0 25 7813 0 31 7181 0 37 6194 0 47 5475 0
-4.80475 0.679901 54.4326
250 100 150
2 23 7342 0 24 7704 0
-4.89442 0.833881 54.4604
250 100 150
2 23 7352 0 24 7714 0
-4.79717 0.881791 54.3372
250 100 150
2 23 7359 0 24 7723 0
-4.95457 1.15218 54.4111
250 100 150
6 23 7389 0 24 7759 0 25 7861 0 31 7255 0 37 6252 0 47 5514 0
-4.9016 1.21711 54.3119
250 100 150
3 23 7401 0 24 7769 0 31 7270 0
-4.77008 1.27711 54.2175
250 100 150
2 23 7409 0 24 7777 0
-7.83321 1.21318 55.8702
250 100 150
2 23 7416 0 24 7786 0
-8.93699 1.17207 56.5087
250 100 150
4 23 7417 0 24 7788 0 31 7297 0 47 5548 0
-8.88954 1.23698 56.3744
250 100 150
2 23 7424 0 24 7796 0
-4.83988 1.6211 54.0646
250 100 150
2 23 7442 0 24 7807 0
-4.60791 1.76852 53.9954
250 100 150
2 25 7931 0 38 10487 0
-10.2233 1.70091 58.1056
250 100 150
2 23 7455 0 24 7816 0
-4.68945 1.84949 53.843
250 100 150
2 23 7457 0 24 7818 0
-4.54387 1.9194 53.675
250 100 150
2 23 7460 0 24 7823 0
-4.69713 1.97311 53.7988
250 100 150
2 23 7467 0 24 7826 0
-4.35341 2.03324 53.5462
250 100 150
2 23 7469 0 24 7830 0
-4.43437 2.29372 53.5142
250 100 150
3 23 7490 0 24 7847 0 25 7970 0
-6.8898 2.39 54.8933
250 100 150
2 23 7508 0 24 7860 0
-6.76598 2.39578 54.8169
250 100 150
3 23 7509 0 25 7983 0 38 10569 0
-7.96322 2.37166 55.5357
250 100 150
2 23 7514 0 24 7865 0
-4.38777 2.95009 53.2233
250 100 150
2 23 7545 0 24 7910 0
-4.54931 3.13921 53.3611
250 100 150
2 23 7572 0 24 7924 0
-10.1193 3.15749 56.9256
250 100 150
4 23 7605 0 31 7509 0 37 6487 0 47 5702 0
-4.77021 3.44829 53.2831
250 100 150
2 23 7612 0 24 7971 0
-8.08316 3.26302 55.2288
250 100 150
2 23 7614 0 24 7968 0
-9.97552 3.20905 56.6354
250 100 150
4 23 7615 0 24 7966 0 31 7522 0 37 6499 0
-11.1276 3.51264 58.5396
250 100 150
5 23 7627 0 24 7985 0 31 7543 0 37 6524 0 47 5729 0
-10.0567 3.42263 56.6802
250 100 150
2 23 7637 0 31 7546 0
-11.1973 3.6406 58.6234
250 100 150
5 23 7640 0 24 8001 0 31 7557 0 37 6536 0 47 5739 0
-11.228 3.75938 58.6344
250 100 150
5 23 7647 0 24 8011 0 31 7568 0 37 6550 0 47 5750 0
-7.81792 3.65875 54.7297
250 100 150
3 23 7652 0 24 8017 0 25 8145 0
-5.33659 3.9973 53.3336
250 100 150
2 23 7667 0 24 8043 0
-9.58003 3.93677 55.9118
250 100 150
2 23 7694 0 24 8064 0
-9.20176 4.00055 55.5899
250 100 150
2 23 7702 0 24 8075 0
-10.2183 4.05421 56.5887
250 100 150
5 15 5558 0 23 7707 0 24 8076 0 31 7614 0 37 6593 0
-10.1275 4.16061 56.419
250 100 150
4 23 7717 0 31 7633 0 37 6606 0 47 5801 0
-9.28562 4.15883 55.6348
250 100 150
2 23 7718 0 24 8091 0
-4.9125 4.64052 52.8287
250 100 150
2 23 7739 0 24 8119 0
-11.3141 4.59248 58.0618
250 100 150
2 23 7744 0 47 5839 0
-10.3429 4.49148 56.5484
250 100 150
3 23 7748 0 24 8121 0 31 7660 0
-11.3004 4.79358 57.8826
250 100 150
2 23 7768 0 24 8143 0
-11.344 4.80855 57.8962
250 100 150
4 23 7772 0 31 7695 0 37 6666 0 47 5871 0
-10.4171 4.80239 56.45
250 100 150
2 23 7786 0 24 8165 0
-10.4706 5.67319 56.3581
250 100 150
2 23 7919 0 38 11080 0
-11.5297 6.86699 56.4722
250 100 150
2 23 8060 0 38 11233 0
-5.09393 7.10276 50.2671
250 100 150
2 23 8096 0 38 11259 0
-11.5424 7.24413 56.6016
250 100 150
2 23 8099 0 31 7968 0
-5.14691 7.32319 50.0792
250 100 150
2 23 8127 0 38 11286 0
-5.32337 7.90659 50.0832
250 100 150
2 23 8188 0 38 11347 0
-9.28083 8.00275 53.8906
250 100 150
2 23 8193 0 24 8544 0
-9.50156 8.17228 53.9086
250 100 150
2 23 8221 0 24 8570 0
-9.99576 9.13356 54.0852
250 100 150
2 23 8381 0 24 8692 0
-9.58435 9.43384 54.7164
250 100 150
2 23 8382 0 38 11566 0
-9.76949 9.16336 53.7817
250 100 150
2 23 8388 0 24 8702 0
-9.38936 9.45039 54.3739
250 100 150
2 23 8390 0 38 11576 0
-11.9311 9.91445 55.5564
250 100 150
2 23 8448 0 24 8743 0
-11.8653 10.0665 55.4454
250 100 150
2 23 8464 0 24 8753 0
-11.6647 10.3435 55.5425
250 100 150
2 23 8476 0 38 11672 0
-12.1773 10.297 55.6676
250 100 150
2 23 8484 0 24 8775 0
-11.6762 10.3716 55.0915
250 100 150
3 23 8505 0 31 8306 0 37 7233 0
-9.20539 10.7313 53.8008
250 100 150
2 23 8515 0 38 11708 0
-11.671 10.5279 55.0676
250 100 150
2 23 8528 0 24 8803 0
-11.6713 10.6585 54.9953
250 100 150
2 23 8554 0 24 8819 0
-11.6438 10.7062 54.7983
250 100 150
2 23 8568 0 24 8832 0
-11.5503 10.7832 54.7536
250 100 150
4 23 8579 0 31 8403 0 37 7303 0 47 6535 0
-7.22417 10.9764 51.5116
250 100 150
2 23 8581 0 24 8876 0
-8.6839 11.1459 53.3611
250 100 150
2 23 8583 0 38 11765 0
-11.6064 10.8676 54.8391
250 100 150
2 31 8418 0 38 11786 0
-8.54732 11.1803 53.1868
250 100 150
2 23 8596 0 38 11776 0
-7.80448 11.1451 52.3415
250 100 150
2 23 8604 0 38 11780 0
-11.862 10.9141 55.0346
250 100 150
2 23 8611 0 24 8854 0
-11.5042 10.8846 54.595
250 100 150
5 23 8615 0 24 8860 0 31 8427 0 37 7320 0 47 6546 0
-11.6118 11.0101 54.6872
250 100 150
5 23 8636 0 24 8886 0 31 8441 0 37 7335 0 47 6567 0
-11.9381 11.0897 55.0003
250 100 150
2 23 8653 0 24 8890 0
-11.8799 11.0816 54.8802
250 100 150
2 23 8654 0 24 8895 0
-11.0845 11.3265 54.9422
250 100 150
2 23 8655 0 38 11835 0
-12.1209 11.1094 55.0939
250 100 150
2 23 8664 0 24 8897 0
-11.5556 11.1688 54.5732
250 100 150
4 23 8675 0 31 8473 0 37 7357 0 47 6590 0
-11.5258 11.3223 54.5497
250 100 150
2 31 8495 0 38 11885 0
-9.83464 11.7228 53.7958
250 100 150
2 23 8738 0 38 11914 0
-9.15872 11.5202 52.4536
250 100 150
2 23 8749 0 24 8990 0
-10.0632 11.8628 54.0062
250 100 150
2 23 8767 0 38 11941 0
-9.62408 11.5743 52.7576
250 100 150
2 23 8768 0 24 9002 0
-12.145 11.7457 54.8468
250 100 150
2 23 8794 0 24 9013 0
-7.85581 12.115 52.0792
250 100 150
2 23 8797 0 38 11963 0
-7.61219 12.0015 51.3161
250 100 150
2 23 8808 0 24 9071 0
-8.31991 11.9649 51.7282
250 100 150
2 23 8813 0 24 9069 0
-9.27527 12.3112 53.5512
250 100 150
2 23 8818 0 38 11988 0
-8.11646 12.2683 52.2754
250 100 150
2 23 8828 0 38 12000 0
-7.79202 12.0902 51.4137
250 100 150
2 23 8829 0 24 9098 0
-7.89848 12.2285 51.8807
250 100 150
2 23 8836 0 38 12009 0
-12.1182 11.9738 54.7335
250 100 150
2 23 8845 0 24 9052 0
-7.95877 12.2254 51.7795
250 100 150
2 23 8849 0 38 12026 0
-7.79874 12.293 51.8099
250 100 150
2 23 8854 0 38 12027 0
-9.20578 12.294 53.0336
250 100 150
2 23 8856 0 38 12033 0
-9.47891 11.9964 52.3767
250 100 150
2 23 8857 0 24 9097 0
-12.1247 12.0155 54.6775
250 100 150
3 23 8867 0 31 8674 0 37 7538 0
-9.18006 12.4525 53.342
250 100 150
2 23 8869 0 38 12046 0
-8.51986 12.1 51.6754
250 100 150
2 23 8871 0 24 9128 0
-7.79486 12.2286 51.4247
250 100 150
2 23 8872 0 24 9137 0
-7.91274 12.207 51.3927
250 100 150
2 23 8875 0 24 9142 0
-7.71501 12.2539 51.3051
250 100 150
2 23 8884 0 24 9150 0
-9.77477 12.0958 52.6684
250 100 150
4 16 15500 0 23 8886 0 24 9115 0 37 4644 0
-8.13774 12.2235 51.468
250 100 150
2 23 8889 0 24 9154 0
-12.2354 12.0975 54.7278
250 100 150
4 23 8890 0 31 8697 0 37 7559 0 47 6811 0
-8.04795 12.2256 51.3721
250 100 150
2 23 8892 0 24 9157 0
-9.86059 12.1428 52.7133
250 100 150
4 23 8895 0 24 9132 0 37 7475 0 47 6729 0
-9.50774 12.1017 52.3016
250 100 150
2 23 8896 0 24 9139 0
-8.32547 12.4392 52.1587
250 100 150
2 23 8905 0 38 12081 0
-7.86799 12.5764 52.1618
250 100 150
2 23 8906 0 38 12079 0
-9.26504 12.5331 53.1971
250 100 150
2 23 8911 0 38 12090 0
-9.02832 12.5662 53.0866
250 100 150
2 23 8912 0 38 12091 0
-8.05664 12.5605 52.2068
250 100 150
2 23 8914 0 38 12087 0
-9.26798 12.2171 52.2202
250 100 150
2 23 8916 0 24 9159 0
-9.34611 12.2464 52.2677
250 100 150
2 23 8923 0 24 9166 0
-7.87879 12.5663 51.9148
250 100 150
2 23 8925 0 38 12098 0
-7.72434 12.4211 51.2033
250 100 150
4 23 8932 0 24 9191 0 25 9284 0 39 12191 0
-7.78055 12.6615 51.8358
250 100 150
2 23 8940 0 38 12115 0
-9.9027 12.3534 52.7023
250 100 150
4 23 8945 0 24 9184 0 37 7511 0 47 6763 0
-7.66698 12.7022 51.7204
250 100 150
2 23 8946 0 38 12124 0
-7.97096 12.7835 52.046
250 100 150
2 23 8957 0 38 12138 0
-7.17715 12.7027 51.0321
250 100 150
2 23 8959 0 24 9227 0
-7.78668 12.7953 51.8609
250 100 150
2 23 8960 0 38 12143 0
-8.68887 12.8478 52.6938
250 100 150
2 23 8966 0 38 12156 0
-8.54285 12.8603 52.5504
250 100 150
2 23 8973 0 38 12158 0
-8.16844 12.9687 52.5146
250 100 150
2 23 8976 0 38 12159 0
-8.64834 12.5613 51.6957
250 100 150
2 23 8977 0 24 9226 0
-8.01948 12.889 52.0758
250 100 150
2 23 8980 0 38 12163 0
-9.66826 12.5318 52.4463
250 100 150
6 16 15640 0 23 8983 0 24 9220 0 31 5548 0 37 4728 0 47 4211 0
-11.3118 12.531 53.8161
250 100 150
2 23 8989 0 24 9206 0
-8.13345 12.9395 52.1449
250 100 150
2 23 8993 0 38 12177 0
-7.99855 12.9167 51.9083
250 100 150
2 23 8998 0 38 12181 0
-8.66961 12.8731 52.3046
250 100 150
2 23 9003 0 38 12186 0
-8.39806 12.9616 52.3336
250 100 150
2 23 9004 0 38 12187 0
-6.85765 12.7269 50.1654
250 100 150
2 23 9010 0 38 12189 0
-8.05632 13.0349 52.003
250 100 150
2 23 9015 0 38 12200 0
-8.14492 13.0674 52.1216
250 100 150
2 23 9021 0 38 12204 0
-9.56075 13.0222 53.2154
250 100 150
2 23 9024 0 38 12211 0
-8.54392 13.1125 52.4077
250 100 150
2 23 9033 0 38 12219 0
-8.25416 13.1214 52.164
250 100 150
2 23 9034 0 38 12220 0
-12.4923 12.726 54.7264
250 100 150
2 23 9035 0 24 9239 0
-8.83835 12.8204 51.7385
250 100 150
2 23 9036 0 24 9289 0
-8.46378 13.1392 52.3289
250 100 150
2 23 9039 0 38 12224 0
-8.11785 13.4023 51.0659
250 100 150
2 23 9115 0 24 9374 0
-9.72317 13.3042 52.2331
250 100 150
4 23 9120 0 24 9354 0 31 5680 0 47 4340 0
-9.01688 13.7302 52.5722
250 100 150
2 23 9134 0 38 12320 0
-8.60918 13.4501 51.3025
250 100 150
4 23 9138 0 24 9395 0 31 5665 0 47 4327 0
-8.23785 13.7654 51.8611
250 100 150
2 23 9139 0 38 12326 0
-9.95243 13.4312 52.3482
250 100 150
2 23 9145 0 24 9379 0
-9.21859 13.767 52.6468
250 100 150
2 23 9146 0 38 12330 0
-8.32873 13.8019 51.9351
250 100 150
2 23 9150 0 38 12331 0
-8.63345 13.5303 51.2594
250 100 150
2 23 9158 0 24 9408 0
-8.37872 13.6155 51.1174
250 100 150
2 23 9167 0 24 9420 0
-9.94312 13.58 52.2799
250 100 150
2 23 9172 0 24 9412 0
-9.78007 13.5994 52.1611
250 100 150
4 23 9173 0 24 9413 0 31 5735 0 47 4377 0
-12.066 13.5248 53.8713
250 100 150
2 23 9178 0 24 9396 0
-8.33529 13.9921 51.8601
250 100 150
2 23 9179 0 38 12362 0
-8.21665 14.0031 51.7767
250 100 150
2 23 9181 0 38 12363 0
-6.95828 13.8079 49.8311
250 100 150
2 23 9193 0 38 12369 0
-8.00125 14.1804 50.8421
250 100 150
2 23 9236 0 24 9488 0
-10.3332 13.991 52.3555
250 100 150
2 23 9241 0 24 9470 0
-10.5103 13.9995 52.4752
250 100 150
2 23 9245 0 24 9472 0
-8.01505 14.2938 50.7448
250 100 150
2 23 9257 0 24 9515 0
-9.8401 14.5161 52.9317
250 100 150
2 23 9262 0 38 12429 0
-8.24508 14.3027 50.8397
250 100 150
2 23 9269 0 24 9523 0
-8.09282 14.3384 50.7912
250 100 150
2 23 9270 0 24 9528 0
-10.6911 14.1592 52.5757
250 100 150
2 23 9276 0 24 9501 0
-10.2937 14.24 52.2084
250 100 150
2 23 9290 0 24 9517 0
-10.7833 14.2844 52.5677
250 100 150
2 23 9301 0 24 9527 0
-6.90705 14.3782 49.158
250 100 150
2 23 9311 0 38 12470 0
-10.3356 14.3454 52.1518
250 100 150
2 23 9313 0 24 9543 0
-6.85763 14.3594 48.6241
250 100 150
2 23 9351 0 38 12504 0
-8.70061 14.9623 51.8502
250 100 150
2 23 9360 0 38 12515 0
-11.8971 14.5146 53.4273
250 100 150
2 23 9364 0 31 9020 0
-7.18227 14.9299 49.6659
250 100 150
2 23 9402 0 38 12551 0
-11.3122 14.8903 52.7993
250 100 150
6 16 16189 0 23 9418 0 24 9628 0 31 5941 0 37 5127 0 47 4553 0
-11.0804 15.044 52.6473
250 100 150
2 23 9425 0 24 9649 0
-8.54787 15.2218 50.6314
250 100 150
2 23 9431 0 24 9675 0
-11.5926 15.2331 52.8836
250 100 150
3 23 9449 0 31 9089 0 37 7924 0
-7.46639 15.5399 49.9109
250 100 150
2 23 9451 0 38 12612 0
-7.39555 15.5271 49.8253
250 100 150
2 23 9452 0 38 12611 0
-8.33582 15.7477 51.097
250 100 150
2 23 9456 0 38 12615 0
-8.25898 15.9978 51.0932
250 100 150
2 23 9469 0 38 12629 0
-8.91092 15.7396 50.6271
250 100 150
2 23 9479 0 24 9745 0
-12.2381 15.6341 53.337
250 100 150
2 23 9480 0 24 9710 0
-10.8713 15.6788 52.175
250 100 150
2 23 9483 0 24 9725 0
-8.82436 15.8386 50.5522
250 100 150
2 23 9489 0 24 9761 0
-8.47459 16.2495 51.1845
250 100 150
2 23 9494 0 38 12654 0
-12.4157 15.8272 53.4022
250 100 150
2 23 9505 0 24 9735 0
-8.77058 16.2877 51.3029
250 100 150
2 23 9509 0 38 12664 0
-12.5413 15.9287 53.5243
250 100 150
3 23 9518 0 31 9161 0 37 7982 0
-10.9491 16.0483 52.0524
250 100 150
2 23 9548 0 24 9793 0
-12.8348 16.101 53.7217
250 100 150
2 23 9554 0 24 9778 0
-10.6478 16.2788 51.901
250 100 150
2 23 9577 0 24 9816 0
-10.8459 16.2907 51.9832
250 100 150
2 23 9583 0 24 9821 0
-10.0904 16.7053 52.2381
250 100 150
2 23 9586 0 38 12737 0
-9.83465 16.7488 52.1271
250 100 150
2 23 9587 0 38 12738 0
-13.5449 16.5271 54.8076
250 100 150
2 23 9589 0 24 9797 0
-10.7377 16.4056 51.8826
250 100 150
2 23 9600 0 24 9841 0
-9.96416 16.8671 52.0935
250 100 150
2 23 9610 0 38 12754 0
-10.5465 16.6465 51.7967
250 100 150
2 23 9621 0 24 9866 0
-13.515 16.7585 54.4098
250 100 150
2 23 9628 0 24 9848 0
-8.33362 17.3316 50.1616
250 100 150
2 23 9655 0 38 12785 0
-12.7584 17.1857 53.5965
250 100 150
2 23 9661 0 24 9897 0
-11.3264 17.2091 52.3492
250 100 150
2 23 9665 0 24 9914 0
-7.20196 17.9564 50.1416
250 100 150
2 23 9673 0 24 9961 0
-8.5664 17.5807 50.2108
250 100 150
2 23 9682 0 38 12808 0
-13.554 17.3478 54.0353
250 100 150
2 23 9683 0 24 9918 0
-12.1434 17.4854 53.0071
250 100 150
2 23 9689 0 24 9944 0
-11.2732 17.5328 52.2935
250 100 150
2 23 9693 0 24 9955 0
-8.67649 17.7185 50.1927
250 100 150
2 23 9701 0 38 12828 0
-11.3175 18.0104 52.2634
250 100 150
2 23 9745 0 24 10019 0
-11.1141 18.0549 52.1188
250 100 150
2 23 9748 0 24 10025 0
-11.0283 18.0906 52.0043
250 100 150
2 23 9752 0 24 10032 0
-10.9455 18.1343 51.9011
250 100 150
2 23 9759 0 24 10037 0
-6.00995 -5.69941 63.0825
250 100 150
2 23 9852 0 24 10154 0
-6.18323 -5.51042 63.0413
250 100 150
2 23 9856 0 24 10161 0
-3.39413 -5.32691 60.33
250 100 150
2 23 9861 0 24 10163 0
-0.487554 -5.08729 58.2449
250 100 150
2 23 9868 0 24 10167 0
-2.2653 -5.08066 59.3968
250 100 150
2 23 9870 0 24 10172 0
-1.79427 -5.01333 58.9297
250 100 150
2 23 9875 0 24 10176 0
-4.88909 -5.02206 60.573
250 100 150
2 23 9877 0 24 10183 0
-5.90481 -5.30159 54.8367
250 100 150
2 23 9879 0 38 13098 0
-1.61089 -4.94154 58.7526
250 100 150
2 23 9880 0 24 10178 0
-6.32622 -4.93768 61.7868
250 100 150
2 23 9883 0 24 10190 0
-0.809294 -4.64449 57.7573
250 100 150
2 23 9901 0 24 10194 0
-1.15861 -4.534 57.9081
250 100 150
2 23 9905 0 24 10203 0
-0.95396 -4.44997 57.6249
250 100 150
2 23 9908 0 24 10207 0
-2.22853 -4.30224 57.9479
250 100 150
2 23 9918 0 24 10218 0
-3.23099 -4.28076 58.4855
250 100 150
2 23 9920 0 24 10223 0
0.487315 -4.17318 56.5973
250 100 150
2 23 9921 0 24 10219 0
-5.99587 -4.6103 55.1352
250 100 150
2 23 9923 0 38 13167 0
-5.89135 -4.5098 54.9502
250 100 150
2 23 9930 0 38 13180 0
-5.95667 -4.1823 59.7816
250 100 150
2 23 9936 0 24 10243 0
-2.27324 -4.08517 57.8843
250 100 150
2 23 9937 0 24 10235 0
-3.4656 -4.05889 58.2653
250 100 150
2 23 9939 0 24 10244 0
-6.05274 -4.40805 55.0596
250 100 150
2 23 9940 0 38 13194 0
-5.51804 -4.08554 59.3739
250 100 150
2 23 9944 0 24 10250 0
-5.84583 -4.04567 59.7353
250 100 150
2 23 9947 0 24 10255 0
-0.403902 -3.77442 56.3399
250 100 150
2 23 9954 0 24 10258 0
-1.51461 -3.80089 56.9736
250 100 150
2 23 9955 0 24 10261 0
-5.60353 -3.87467 59.3268
250 100 150
2 23 9956 0 24 10271 0
-6.75554 -3.90905 59.7558
250 100 150
2 23 9958 0 24 10277 0
-7.08412 -3.7815 60.0265
250 100 150
2 23 9970 0 24 10293 0
-6.42168 -3.73683 59.6338
250 100 150
2 23 9974 0 24 10297 0
-5.49829 -3.68947 58.9229
250 100 150
2 23 9979 0 24 10299 0
-0.774833 -3.54662 56.2956
250 100 150
2 23 9981 0 24 10287 0
-4.60845 -3.63595 58.2559
250 100 150
2 23 9983 0 24 10304 0
-7.70768 -3.4528 59.8642
250 100 150
2 23 9998 0 24 10329 0
-8.7445 -3.13509 60.5515
250 100 150
2 23 10006 0 24 10339 0
-8.50058 -2.9069 59.8294
250 100 150
2 23 10017 0 24 10348 0
-5.60086 0.233556 54.2892
250 100 150
2 23 10096 0 38 13571 0
-4.94434 0.976117 54.4515
250 100 150
2 23 10123 0 24 10435 0
-8.86232 0.876125 56.5184
250 100 150
2 23 10128 0 24 10441 0
-9.99857 1.33383 58.1047
250 100 150
2 23 10145 0 24 10458 0
-10.3631 1.78481 58.1931
250 100 150
2 23 10159 0 24 10472 0
-10.0841 1.78155 58.0151
250 100 150
2 23 10160 0 24 10471 0
-9.95314 2.53755 57.495
250 100 150
2 23 10190 0 24 10503 0
-4.45118 3.21488 53.2062
250 100 150
2 23 10217 0 24 10528 0
-9.95538 3.17215 56.6266
250 100 150
4 23 10232 0 31 10004 0 37 8734 0 47 7804 0
-8.07171 3.25373 55.2303
250 100 150
2 23 10233 0 24 10543 0
-10.1384 3.41062 56.6146
250 100 150
2 23 10243 0 24 10561 0
-11.1844 3.67383 58.5946
250 100 150
5 23 10245 0 24 10563 0 31 10031 0 37 8765 0 47 7829 0
-8.06303 3.90399 54.7664
250 100 150
2 23 10266 0 24 10594 0
-6.1045 4.04589 53.6808
250 100 150
2 23 10268 0 38 13896 0
-10.0001 3.97139 56.3211
250 100 150
3 23 10279 0 24 10602 0 31 10067 0
-9.15516 3.98568 55.5797
250 100 150
2 23 10280 0 24 10604 0
-11.2315 4.15713 58.2605
250 100 150
2 23 10282 0 24 10603 0
-8.74399 4.05183 55.2167
250 100 150
2 23 10284 0 24 10610 0
-10.1234 4.17295 56.3922
250 100 150
2 23 10291 0 31 10085 0
-10.2924 4.58705 56.4917
250 100 150
3 23 10324 0 24 10650 0 31 10125 0
-10.4648 4.65448 56.6591
250 100 150
6 15 7418 0 23 10326 0 24 10653 0 31 10134 0 37 8854 0 47 7905 0
-10.5209 4.80599 56.617
250 100 150
3 23 10340 0 24 10671 0 31 10151 0
-10.3963 4.8001 56.486
250 100 150
4 23 10341 0 24 10672 0 31 10152 0 37 8869 0
-10.5329 4.86409 56.6226
250 100 150
2 23 10349 0 31 10157 0
-10.3729 4.89474 56.3769
250 100 150
3 23 10355 0 24 10682 0 31 10161 0
-9.28043 4.98937 55.3051
250 100 150
5 23 10372 0 24 10705 0 31 10165 0 37 8879 0 47 7933 0
-5.16333 5.19711 51.6044
250 100 150
2 23 10394 0 38 14024 0
-9.02232 5.45591 55.8218
250 100 150
2 23 10408 0 38 14043 0
-9.45581 5.34246 55.3092
250 100 150
4 23 10413 0 24 10752 0 31 10197 0 47 7968 0
-10.3937 5.61788 56.3412
250 100 150
2 23 10432 0 38 14066 0
-10.5278 5.7731 56.3514
250 100 150
2 23 10450 0 38 14087 0
-10.7323 5.97929 56.3542
250 100 150
2 23 10473 0 38 14113 0
-10.6801 6.1175 56.2725
250 100 150
2 23 10488 0 38 14129 0
-10.7527 6.13405 56.2801
250 100 150
2 23 10490 0 38 14132 0
-6.81639 6.61764 53.0269
250 100 150
2 23 10511 0 24 10840 0
-11.2261 6.72745 56.4676
250 100 150
2 23 10519 0 24 10845 0
-11.3059 6.86118 56.592
250 100 150
2 23 10522 0 24 10851 0
-5.26516 7.80538 50.0916
250 100 150
2 23 10595 0 38 14248 0
-6.20097 8.08188 52.0054
250 100 150
2 23 10599 0 24 10929 0
-6.57443 8.15394 52.205
250 100 150
5 23 10606 0 24 10937 0 31 8007 0 38 14256 0 47 6163 0
-8.73166 8.3 54.4901
250 100 150
2 23 10609 0 38 14264 0
-6.35373 8.23501 52.0391
250 100 150
2 23 10610 0 24 10942 0
-11.8232 8.31631 56.3866
250 100 150
2 23 10632 0 24 10946 0
-8.9309 8.29925 53.5856
250 100 150
2 23 10635 0 24 10957 0
-8.60757 8.67636 54.4634
250 100 150
2 23 10644 0 38 14298 0
-7.15841 8.46611 52.3864
250 100 150
2 23 10645 0 31 8046 0
-9.64864 9.10023 53.6688
250 100 150
2 23 10737 0 24 11035 0
-9.75837 9.15971 53.7807
250 100 150
2 23 10741 0 24 11040 0
-9.78143 9.22874 53.9097
250 100 150
2 23 10744 0 24 11047 0
-6.86682 9.42398 51.8548
250 100 150
2 23 10745 0 24 11058 0
-9.13994 9.39324 53.1902
250 100 150
2 23 10752 0 24 11059 0
-7.2776 9.68029 52.0254
250 100 150
2 23 10759 0 24 11068 0
-11.7419 9.68246 55.6574
250 100 150
2 23 10764 0 38 14403 0
-7.47927 9.95566 51.9989
250 100 150
2 23 10772 0 24 11079 0
-11.8589 10.0121 55.6597
250 100 150
2 23 10775 0 38 14423 0
-7.25194 10.205 51.827
250 100 150
2 23 10778 0 24 11087 0
-8.95391 10.4156 53.8075
250 100 150
2 23 10785 0 38 14432 0
-7.20522 10.3987 51.7147
250 100 150
2 23 10795 0 24 11106 0
-9.32245 10.5535 54.0079
250 100 150
2 23 10799 0 38 14443 0
-11.4712 10.3773 54.8813
250 100 150
3 23 10809 0 31 10547 0 38 14455 0
-6.07144 10.4251 49.9123
250 100 150
2 23 10817 0 38 14461 0
-5.94783 10.3939 49.7484
250 100 150
2 23 10818 0 38 14457 0
-10.9753 10.8861 55.0385
250 100 150
2 23 10838 0 38 14483 0
-9.21895 10.7968 52.6864
250 100 150
5 23 10852 0 24 11154 0 31 10563 0 37 9271 0 47 8336 0
-7.63954 11.1362 52.3782
250 100 150
2 23 10853 0 38 14492 0
-5.85103 10.7185 49.3165
250 100 150
2 23 10855 0 38 14494 0
-8.45765 10.9268 52.315
250 100 150
2 23 10857 0 24 11162 0
-11.5949 10.8366 54.7196
250 100 150
3 23 10861 0 24 11151 0 31 10631 0
-9.16878 10.7762 52.4301
250 100 150
2 23 10862 0 24 11158 0
-7.93016 11.1899 52.6612
250 100 150
2 23 10864 0 38 14499 0
-7.75763 11.1466 52.1065
250 100 150
2 23 10870 0 38 14508 0
-11.4852 10.911 54.5999
250 100 150
4 23 10876 0 31 10637 0 37 9326 0 47 8394 0
-11.8936 11.0619 54.9263
250 100 150
2 23 10895 0 24 11168 0
-11.7528 11.1047 54.7987
250 100 150
2 23 10901 0 24 11174 0
-11.1382 11.3268 54.8679
250 100 150
2 23 10902 0 38 14539 0
-7.44016 11.3952 51.889
250 100 150
2 23 10903 0 38 14533 0
-10.6509 11.4178 54.4815
250 100 150
2 23 10911 0 38 14547 0
-9.08632 11.6046 53.4672
250 100 150
2 23 10924 0 38 14556 0
-11.7874 11.2965 54.6916
250 100 150
2 23 10929 0 24 11203 0
-9.81054 11.6445 53.9317
250 100 150
2 23 10930 0 38 14567 0
-6.40936 11.4165 50.1961
250 100 150
2 23 10931 0 38 14559 0
-12.1522 11.3247 54.9724
250 100 150
2 23 10932 0 24 11202 0
-7.69574 11.7351 52.1638
250 100 150
2 23 10943 0 38 14569 0
-10.0623 11.7778 54.1119
250 100 150
2 23 10952 0 38 14586 0
-7.66838 11.6346 51.4808
250 100 150
4 23 10953 0 24 11248 0 31 8433 0 47 6550 0
-7.8178 11.8402 52.1487
250 100 150
2 23 10959 0 38 14588 0
-10.0537 11.8455 54.0678
250 100 150
2 23 10961 0 38 14596 0
-7.4835 11.9078 51.8972
250 100 150
2 23 10970 0 38 14598 0
-7.88128 12.1098 52.1067
250 100 150
2 23 10988 0 38 14619 0
-9.26374 11.8165 52.3269
250 100 150
5 23 10991 0 24 11271 0 31 10701 0 37 9372 0 47 8452 0
-10.1387 12.1212 53.9821
250 100 150
2 23 10993 0 38 14629 0
-7.70303 12.0327 51.5373
250 100 150
2 23 10994 0 24 11284 0
-7.86561 11.9949 51.4808
250 100 150
2 23 10996 0 24 11288 0
-9.3717 12.2309 53.4958
250 100 150
2 23 10998 0 38 14634 0
-7.68785 12.1052 51.5276
250 100 150
2 23 11002 0 24 11297 0
-8.75983 12.1807 52.6852
250 100 150
2 23 11004 0 38 14639 0
-8.11673 12.2208 52.2093
250 100 150
2 23 11005 0 38 14640 0
-8.69666 12.2051 52.6398
250 100 150
2 23 11011 0 38 14643 0
-8.45502 12.2064 52.3709
250 100 150
2 23 11012 0 38 14644 0
-7.96238 12.0477 51.4395
250 100 150
2 23 11013 0 24 11305 0
-12.3617 11.9435 55.0045
250 100 150
4 23 11014 0 24 11270 0 31 10796 0 37 9459 0
-8.95217 11.9816 52.1031
250 100 150
2 23 11017 0 24 11292 0
-7.85867 12.1731 51.6752
250 100 150
2 23 11018 0 38 14650 0
-7.61571 12.1159 51.2722
250 100 150
2 23 11019 0 24 11315 0
-7.94279 12.2455 51.8445
250 100 150
2 23 11027 0 38 14657 0
-8.17125 12.0606 51.3881
250 100 150
2 23 11034 0 24 11324 0
-8.06472 12.3034 51.9953
250 100 150
2 23 11036 0 38 14666 0
-8.08675 12.3613 52.1299
250 100 150
2 23 11038 0 38 14672 0
-7.88373 12.2196 51.4354
250 100 150
2 23 11044 0 24 11340 0
-9.52497 12.0711 52.4016
250 100 150
2 23 11046 0 24 11322 0
-8.45195 12.4439 52.5833
250 100 150
2 23 11047 0 38 14683 0
-8.33691 12.3803 52.2894
250 100 150
2 23 11048 0 38 14684 0
-7.9428 12.2541 51.5116
250 100 150
2 23 11049 0 24 11343 0
-7.73263 12.2948 51.3183
250 100 150
2 23 11055 0 24 11348 0
-7.73855 12.6452 52.2942
250 100 150
2 23 11061 0 38 14692 0
-8.10556 12.5253 52.1643
250 100 150
2 23 11065 0 38 14696 0
-7.88639 12.7979 52.7343
250 100 150
2 23 11068 0 38 14703 0
-8.39098 12.6783 52.7652
250 100 150
2 23 11071 0 38 14705 0
-8.86356 12.2782 51.9765
250 100 150
2 23 11072 0 24 11356 0
-6.26322 12.7045 50.8457
250 100 150
2 23 11073 0 24 11375 0
-7.68833 12.4351 51.2035
250 100 150
2 23 11076 0 24 11373 0
-7.78693 12.673 51.8406
250 100 150
2 23 11084 0 38 14718 0
-7.65004 12.665 51.7199
250 100 150
2 23 11085 0 38 14717 0
-9.91919 12.3521 52.7286
250 100 150
4 23 11086 0 24 11365 0 37 9452 0 47 8543 0
-9.01894 12.7383 52.9865
250 100 150
2 23 11090 0 38 14726 0
-7.94505 12.7447 52.0578
250 100 150
2 23 11091 0 38 14723 0
-8.6958 12.8403 52.6649
250 100 150
2 23 11100 0 38 14742 0
-8.49887 12.8423 52.5375
250 100 150
2 23 11101 0 38 14736 0
-7.81683 12.5963 51.1887
250 100 150
4 23 11102 0 24 11391 0 25 11386 0 39 14755 0
-7.82063 12.8393 51.8382
250 100 150
2 23 11106 0 38 14743 0
-7.69241 12.8279 51.6967
250 100 150
2 23 11107 0 38 14737 0
-8.04135 12.8804 52.0358
250 100 150
2 23 11115 0 38 14747 0
-9.01599 12.652 51.9721
250 100 150
2 23 11121 0 24 11403 0
-8.39332 12.9122 52.2265
250 100 150
2 23 11122 0 38 14759 0
-6.81386 12.7826 50.4042
250 100 150
2 23 11123 0 38 14757 0
-8.36132 13.0076 52.4229
250 100 150
2 23 11126 0 38 14762 0
-8.1766 13.0019 52.1343
250 100 150
2 23 11131 0 38 14764 0
-8.69881 13.0055 52.5594
250 100 150
2 23 11133 0 38 14767 0
-8.32309 12.7521 51.4326
250 100 150
2 23 11134 0 24 11419 0
-12.5646 12.6509 54.8397
250 100 150
2 23 11136 0 24 11386 0
-8.54896 13.0962 52.4356
250 100 150
2 23 11145 0 38 14782 0
-8.36403 13.0888 52.2582
250 100 150
2 23 11146 0 38 14783 0
-8.04932 13.0947 51.9799
250 100 150
2 23 11147 0 38 14784 0
-8.16817 12.846 51.3092
250 100 150
2 23 11148 0 24 11432 0
-8.25741 13.1512 52.1562
250 100 150
2 23 11158 0 38 14790 0
-8.47802 13.1759 52.3229
250 100 150
2 23 11160 0 38 14793 0
-8.10512 13.1284 51.1996
250 100 150
2 23 11177 0 24 11466 0
-10.356 13.1262 52.8692
250 100 150
2 23 11185 0 24 11465 0
-8.02413 13.2539 51.0315
250 100 150
2 23 11192 0 24 11483 0
-9.25607 13.5657 52.7843
250 100 150
2 23 11199 0 38 14833 0
-10.6822 13.1969 52.9617
250 100 150
2 23 11200 0 24 11477 0
-8.18551 13.3618 51.1318
250 100 150
2 23 11204 0 24 11497 0
-9.88363 13.6645 53.2352
250 100 150
2 23 11218 0 38 14851 0
-9.39411 13.4126 51.9372
250 100 150
5 23 11223 0 24 11503 0 31 8822 0 37 7660 0 47 6918 0
-10.5739 13.4828 52.815
250 100 150
2 23 11232 0 24 11512 0
-8.31363 13.9563 51.8799
250 100 150
2 23 11244 0 38 14872 0
-8.38278 13.6629 51.0764
250 100 150
2 23 11245 0 24 11533 0
-8.50669 13.7219 51.2081
250 100 150
2 23 11247 0 24 11540 0
-9.80966 13.6351 52.1549
250 100 150
4 23 11249 0 24 11529 0 31 8865 0 47 6956 0
-8.69474 13.7058 51.2484
250 100 150
4 23 11252 0 24 11543 0 31 8846 0 47 6934 0
-9.53436 13.686 51.9239
250 100 150
5 23 11256 0 24 11538 0 31 8864 0 37 7711 0 47 6952 0
-10.5158 13.8027 52.5845
250 100 150
2 23 11270 0 24 11549 0
-10.3646 13.8466 52.4662
250 100 150
2 23 11274 0 24 11550 0
-10.621 13.9443 52.5997
250 100 150
2 23 11283 0 24 11563 0
-10.3045 14.0117 52.3842
250 100 150
2 23 11287 0 24 11568 0
-10.4939 13.9997 52.4718
250 100 150
2 23 11288 0 24 11567 0
-12.0523 13.9555 53.6994
250 100 150
2 23 11291 0 24 11560 0
-8.08789 14.2978 50.8215
250 100 150
2 23 11299 0 24 11589 0
-8.24887 14.331 50.8661
250 100 150
2 23 11307 0 24 11596 0
-10.2762 14.1967 52.2146
250 100 150
2 23 11313 0 24 11587 0
-8.15706 14.4719 50.7777
250 100 150
2 23 11321 0 24 11612 0
-12.0173 14.2399 53.5746
250 100 150
2 23 11326 0 24 11583 0
-9.39776 14.6353 52.1644
250 100 150
2 23 11333 0 38 14946 0
-10.3001 14.3576 52.1238
250 100 150
2 23 11336 0 24 11603 0
-7.9758 14.8138 51.1228
250 100 150
2 23 11342 0 38 14956 0
-8.22398 15.2414 51.5583
250 100 150
2 23 11380 0 38 14984 0
-8.29721 15.3985 51.5661
250 100 150
2 23 11402 0 38 15002 0
-11.2642 15.0052 52.7013
250 100 150
5 16 19331 0 23 11409 0 31 9057 0 37 7892 0 47 7112 0
-10.2781 15.8064 52.704
250 100 150
2 23 11426 0 38 15027 0
-11.0332 15.4896 52.2976
250 100 150
2 23 11431 0 24 11709 0
-8.21387 16.0205 51.0684
250 100 150
2 23 11432 0 38 15031 0
-12.3193 15.5728 53.4595
250 100 150
2 23 11436 0 24 11707 0
-8.50931 16.2603 51.1095
250 100 150
2 23 11454 0 38 15045 0
-10.7569 15.9706 51.9779
250 100 150
2 23 11469 0 24 11752 0
-8.76848 16.5052 51.4001
250 100 150
2 23 11474 0 38 15068 0
-8.29692 16.391 50.6959
250 100 150
2 23 11475 0 38 15064 0
-9.93948 16.2669 51.2188
250 100 150
2 23 11499 0 24 11785 0
-10.1524 16.787 52.1228
250 100 150
2 23 11511 0 38 15092 0
-9.95352 16.9071 52.0738
250 100 150
2 23 11514 0 38 15095 0
-10.572 16.6665 51.8465
250 100 150
2 23 11519 0 24 11807 0
-13.6051 16.7116 54.5484
250 100 150
2 23 11521 0 24 11790 0
-12.7831 17.0656 53.6633
250 100 150
2 23 11537 0 24 11819 0
-12.7591 17.1947 53.5883
250 100 150
2 23 11543 0 24 11823 0
-12.1908 17.2976 52.9703
250 100 150
2 23 11547 0 24 11834 0
-12.1072 17.4812 52.9473
250 100 150
2 23 11558 0 24 11839 0
-9.00153 17.7674 50.5882
250 100 150
3 23 11562 0 24 11856 0 38 15131 0
-11.1771 17.7039 52.26
250 100 150
2 23 11568 0 24 11846 0
-8.75474 17.8728 50.3967
250 100 150
3 23 11571 0 24 11864 0 38 15138 0
-10.9972 17.8526 52.0224
250 100 150
2 23 11577 0 24 11859 0
-10.9639 17.9732 51.9039
250 100 150
2 23 11585 0 24 11871 0
-10.1713 18.627 51.1166
250 100 150
2 23 11604 0 24 11911 0
-3.35944 -5.35406 60.2963
250 100 150
2 23 11666 0 24 11959 0
-1.89605 -5.20377 59.2595
250 100 150
2 23 11672 0 24 11964 0
-0.736504 -5.00694 58.364
250 100 150
2 23 11680 0 24 11974 0
-1.645 -4.94815 58.7987
250 100 150
2 23 11684 0 24 11979 0
-3.37525 -4.91326 59.5478
250 100 150
2 23 11687 0 24 11987 0
0.414533 -4.68857 57.4614
250 100 150
2 23 11694 0 24 11990 0
-4.23842 -4.58273 59.7413
250 100 150
2 23 11704 0 24 11999 0
-0.944222 -4.49939 57.7158
250 100 150
2 23 11706 0 24 11998 0
-2.21225 -4.28706 57.9023
250 100 150
2 23 11715 0 24 12009 0
-3.24347 -4.24309 58.4222
250 100 150
2 23 11717 0 24 12015 0
-4.25154 -4.21508 59.0406
250 100 150
2 23 11721 0 24 12018 0
0.43146 -4.08461 56.5436
250 100 150
2 23 11722 0 24 12014 0
-2.05966 -4.13846 57.7557
250 100 150
2 23 11724 0 24 12017 0
-3.40451 -4.09092 58.2749
250 100 150
2 23 11730 0 24 12027 0
-5.86568 -4.05589 59.6649
250 100 150
2 23 11734 0 24 12035 0
-4.34874 -4.00006 58.6593
250 100 150
2 23 11737 0 24 12036 0
-3.69498 -3.87107 58.3346
250 100 150
2 23 11741 0 24 12038 0
-2.77355 -3.77804 57.993
250 100 150
2 23 11746 0 24 12049 0
-4.06485 -3.64052 58.0773
250 100 150
2 23 11759 0 24 12067 0
-1.03926 -3.53656 56.4626
250 100 150
2 23 11760 0 24 12061 0
-6.38277 -3.5902 59.4176
250 100 150
2 23 11766 0 24 12082 0
-7.67426 -3.54479 59.9981
250 100 150
2 23 11770 0 24 12088 0
-7.58909 -3.42954 59.7407
250 100 150
2 23 11775 0 24 12099 0
-8.78981 -3.1485 60.4779
250 100 150
2 23 11786 0 24 12110 0
-4.94708 0.943859 54.4368
250 100 150
2 23 11885 0 24 12181 0
-10.0746 2.28181 57.9006
250 100 150
4 23 11933 0 24 12216 0 31 11603 0 37 10217 0
-4.68111 3.33466 53.3285
250 100 150
2 23 11956 0 24 12246 0
-7.86812 3.78347 54.7276
250 100 150
3 23 11978 0 24 12275 0 25 12166 0
-6.15923 3.89686 53.7947
250 100 150
4 23 11979 0 24 12278 0 25 12168 0 38 15774 0
-5.79135 4.00612 53.5095
250 100 150
2 23 11982 0 24 12286 0
-8.24782 3.90119 54.8798
250 100 150
3 23 11985 0 24 12289 0 25 12174 0
-8.48066 3.96085 55.0628
250 100 150
3 23 11990 0 24 12295 0 25 12176 0
-8.98946 4.19909 55.273
250 100 150
2 23 12008 0 24 12312 0
-11.0978 4.37844 57.73
250 100 150
4 23 12013 0 31 11701 0 37 10328 0 47 9271 0
-9.15636 4.26817 55.2854
250 100 150
2 23 12016 0 24 12320 0
-11.1803 4.44139 57.9021
250 100 150
3 23 12017 0 37 10330 0 47 9276 0
-9.24776 4.50087 55.3839
250 100 150
2 23 12032 0 24 12341 0
-10.7344 4.58059 56.9574
250 100 150
3 23 12037 0 24 12340 0 31 11731 0
-4.89355 4.82016 52.8322
250 100 150
2 23 12038 0 24 12351 0
-10.6702 4.63476 56.7211
250 100 150
2 23 12049 0 24 12350 0
-11.0723 4.78801 57.5817
250 100 150
3 23 12053 0 31 11755 0 47 9318 0
-5.39602 4.85207 52.2516
250 100 150
2 23 12058 0 38 15868 0
-10.2435 4.76337 56.3618
250 100 150
6 23 12060 0 24 12369 0 31 11757 0 37 10369 0 38 15871 0 47 9319 0
-9.15516 4.7398 55.2048
250 100 150
6 23 12061 0 24 12375 0 25 12243 0 31 11748 0 37 10356 0 47 9307 0
-10.5462 4.79329 56.6325
250 100 150
3 23 12062 0 24 12368 0 31 11765 0
-10.3933 4.8 56.4734
250 100 150
6 23 12063 0 24 12374 0 31 11766 0 37 10377 0 38 15875 0 47 9324 0
-4.90251 5.11561 52.6516
250 100 150
2 23 12073 0 24 12402 0
-10.1895 4.91774 56.3204
250 100 150
2 23 12078 0 24 12392 0
-10.1984 4.90779 56.0811
250 100 150
3 23 12085 0 31 11782 0 38 15894 0
-9.93572 4.92199 55.8194
250 100 150
2 23 12092 0 38 15898 0
-10.4297 4.98328 56.3245
250 100 150
3 23 12094 0 24 12409 0 31 11787 0
-10.346 5.01427 56.1625
250 100 150
2 23 12104 0 38 15910 0
-10.1181 5.01936 55.947
250 100 150
3 23 12105 0 31 11797 0 38 15916 0
-9.21707 5.03282 55.1978
250 100 150
3 23 12106 0 24 12423 0 47 9345 0
-9.07634 5.02218 55.0002
250 100 150
5 23 12107 0 24 12430 0 31 11786 0 37 10394 0 47 9346 0
-10.9085 4.98428 56.403
250 100 150
2 23 12108 0 38 15920 0
-9.68183 5.02701 55.6282
250 100 150
3 25 12284 0 37 10400 0 47 9350 0
-10.2497 5.07511 55.8667
250 100 150
2 23 12119 0 24 12435 0
-4.855 5.40744 52.3434
250 100 150
2 23 12124 0 24 12467 0
-9.50293 5.20148 55.5569
250 100 150
3 23 12125 0 24 12453 0 38 15927 0
-5.23524 5.34468 51.9485
250 100 150
2 23 12130 0 38 15932 0
-10.7822 5.17175 56.2114
250 100 150
2 23 12134 0 38 15935 0
-12.1852 5.09804 57.0251
250 100 150
2 23 12136 0 38 15940 0
-9.36069 5.28933 55.3899
250 100 150
2 31 11813 0 38 15938 0
-9.46468 5.37112 55.3532
250 100 150
5 23 12142 0 24 12483 0 31 11823 0 37 10431 0 47 9399 0
-9.36939 5.37716 55.0838
250 100 150
2 23 12147 0 24 12487 0
-10.4943 5.4304 56.3554
250 100 150
2 23 12151 0 38 15951 0
-8.4886 5.52257 54.3216
250 100 150
3 23 12158 0 24 12501 0 37 8912 0
-7.96643 5.90161 54.6125
250 100 150
2 23 12178 0 38 15977 0
-10.5517 5.80542 56.3533
250 100 150
2 23 12183 0 38 15984 0
-6.25164 6.03896 52.9654
250 100 150
2 23 12194 0 24 12540 0
-10.5789 5.95322 56.2922
250 100 150
2 23 12197 0 38 16001 0
-8.21587 6.10251 54.8748
250 100 150
2 23 12198 0 38 15999 0
-6.72578 6.15045 53.3316
250 100 150
2 23 12200 0 38 16007 0
-13.3863 3.08438 45.4597
250 100 150
2 23 12207 0 24 12534 0
-8.18554 6.23295 53.8025
250 100 150
2 23 12223 0 24 12577 0
-10.9155 6.2576 56.2959
250 100 150
2 23 12227 0 38 16033 0
-7.78218 6.72595 54.1694
250 100 150
2 23 12248 0 38 16052 0
-5.69267 7.20203 54.4042
250 100 150
2 31 11887 0 38 16053 0
-11.4555 6.64823 56.7617
250 100 150
2 23 12254 0 24 12597 0
-6.56182 6.83689 53.0305
250 100 150
2 23 12255 0 38 16058 0
-11.3051 6.71651 56.2161
250 100 150
2 23 12260 0 38 16066 0
-11.4121 6.84176 56.4313
250 100 150
2 23 12261 0 38 16071 0
-5.14631 6.87538 50.2402
250 100 150
2 23 12268 0 38 16077 0
-11.2128 7.00834 56.2384
250 100 150
2 23 12270 0 24 12608 0
-10.5405 7.03133 55.2939
250 100 150
2 37 10534 0 47 9490 0
-9.95716 7.30605 55.497
250 100 150
2 23 12281 0 38 16087 0
-9.3465 7.55848 55.2547
250 100 150
2 23 12291 0 38 16095 0
-8.92985 8.2678 54.6419
250 100 150
2 23 12344 0 38 16145 0
-9.85675 8.20712 55.2372
250 100 150
2 23 12347 0 38 16144 0
-10.4814 8.42472 55.5458
250 100 150
2 23 12374 0 38 16171 0
-11.5945 8.30171 55.9511
250 100 150
2 23 12376 0 24 12687 0
-9.18439 8.32942 53.7282
250 100 150
4 23 12379 0 24 12698 0 31 12007 0 47 9561 0
-7.1173 8.54103 52.4443
250 100 150
2 23 12386 0 24 12705 0
-8.38787 8.77524 53.7269
250 100 150
2 23 12400 0 38 16196 0
-9.18231 8.59875 53.5577
250 100 150
2 23 12403 0 24 12717 0
-7.13363 8.87371 52.7456
250 100 150
2 23 12404 0 38 16202 0
-10.4313 8.84476 55.3541
250 100 150
2 23 12406 0 38 16215 0
-10.2972 8.67731 54.5223
250 100 150
2 23 12407 0 24 12719 0
-10.2157 8.9843 54.8902
250 100 150
2 23 12419 0 38 16223 0
-9.99898 8.84119 54.0144
250 100 150
2 23 12423 0 24 12729 0
-8.42701 9.20463 53.93
250 100 150
2 23 12424 0 38 16228 0
-7.29638 9.20417 52.9059
250 100 150
2 23 12426 0 38 16226 0
-6.86531 9.08987 51.9016
250 100 150
2 23 12430 0 24 12754 0
-9.49722 9.08713 54.2312
250 100 150
2 23 12433 0 38 16234 0
-7.36643 9.20833 52.2153
250 100 150
2 23 12449 0 24 12773 0
-6.98454 9.28152 51.9995
250 100 150
2 23 12452 0 24 12783 0
-9.40782 9.13734 53.5272
250 100 150
5 23 12463 0 24 12772 0 31 10465 0 37 9171 0 47 8243 0
-6.83533 9.44571 51.8172
250 100 150
2 23 12469 0 24 12796 0
-7.29572 9.68083 52.0461
250 100 150
2 23 12483 0 24 12803 0
-9.23303 9.85909 53.1055
250 100 150
3 23 12506 0 24 12816 0 37 9214 0
-7.27552 10.2273 51.8433
250 100 150
2 23 12514 0 24 12834 0
-12.0075 10.1023 55.5671
250 100 150
2 23 12515 0 24 12823 0
-9.45396 10.0959 53.1758
250 100 150
4 23 12517 0 24 12832 0 37 9221 0 47 8280 0
-7.21492 10.4152 51.7051
250 100 150
2 23 12528 0 24 12847 0
-11.5412 10.2665 54.9272
250 100 150
5 23 12530 0 24 12836 0 31 12159 0 37 10753 0 47 9717 0
-12.0661 10.3793 55.5532
250 100 150
2 23 12535 0 24 12839 0
-9.79337 10.3569 53.4344
250 100 150
2 23 12537 0 24 12845 0
-6.12433 10.4292 49.8761
250 100 150
2 23 12543 0 38 16344 0
-11.7234 10.5104 55.1015
250 100 150
3 23 12544 0 24 12848 0 31 12187 0
-11.5628 10.5533 54.8685
250 100 150
5 23 12547 0 24 12854 0 31 12191 0 37 10786 0 47 9747 0
-11.7635 10.6922 54.9194
250 100 150
2 23 12556 0 24 12861 0
-8.02893 10.918 52.1823
250 100 150
4 23 12563 0 24 12882 0 31 12161 0 38 16366 0
-8.09567 10.889 51.9341
250 100 150
3 23 12571 0 24 12889 0 38 16375 0
-6.05809 10.7399 49.5588
250 100 150
2 23 12572 0 38 16373 0
-8.02118 11.1459 52.576
250 100 150
2 23 12577 0 38 16380 0
-7.03303 11.1152 51.5905
250 100 150
2 23 12578 0 38 16377 0
-10.7886 11.0914 54.7527
250 100 150
2 23 12581 0 38 16387 0
-9.09165 11.0116 52.6284
250 100 150
2 23 12593 0 24 12899 0
-7.78305 11.366 52.5917
250 100 150
2 23 12594 0 38 16392 0
-7.45671 11.4256 51.8975
250 100 150
2 23 12612 0 38 16402 0
-6.4187 11.3499 50.6256
250 100 150
2 23 12614 0 38 16403 0
-7.78703 11.5082 52.3349
250 100 150
2 23 12615 0 38 16404 0
-6.35614 11.2452 50.1061
250 100 150
2 23 12620 0 38 16405 0
-6.3089 11.4409 50.4415
250 100 150
2 23 12626 0 38 16412 0
-6.08014 11.5378 50.4684
250 100 150
2 23 12627 0 38 16414 0
-6.34018 11.5055 50.5341
250 100 150
2 23 12629 0 38 16418 0
-10.8799 11.3397 53.9547
250 100 150
2 23 12631 0 24 12919 0
-9.95545 11.6724 53.9836
250 100 150
2 23 12637 0 38 16432 0
-6.25116 11.6764 50.6974
250 100 150
2 23 12639 0 38 16427 0
-9.59552 11.4941 52.8621
250 100 150
2 23 12644 0 24 12944 0
-7.69837 11.7821 52.1619
250 100 150
2 23 12645 0 38 16433 0
-11.1047 11.4397 54.0549
250 100 150
2 23 12648 0 24 12931 0
-10.0582 11.7621 54.1194
250 100 150
2 23 12649 0 38 16441 0
-11.2367 11.3996 53.9825
250 100 150
2 23 12650 0 24 12935 0
-11.3119 11.5264 54.3114
250 100 150
2 23 12653 0 24 12937 0
-7.46319 11.8736 51.8913
250 100 150
2 23 12657 0 38 16446 0
-11.2487 11.5321 54.1527
250 100 150
2 23 12658 0 24 12942 0
-10.0482 11.8761 54.0768
250 100 150
2 23 12659 0 38 16453 0
-11.0661 11.5814 53.9873
250 100 150
2 23 12663 0 24 12958 0
-9.71385 11.8723 53.6611
250 100 150
2 23 12664 0 38 16458 0
-10.7428 11.9425 54.6654
250 100 150
2 23 12665 0 38 16462 0
-11.3058 11.5851 54.0635
250 100 150
2 23 12667 0 24 12964 0
-7.37789 11.8589 51.2443
250 100 150
4 23 12668 0 24 12978 0 25 13284 0 39 16955 0
-9.24204 11.798 52.2915
250 100 150
5 23 12676 0 24 12982 0 31 12290 0 37 10860 0 47 9824 0
-10.111 12.116 53.9839
250 100 150
2 23 12677 0 38 16478 0
-9.42922 12.1768 53.6125
250 100 150
2 23 12678 0 38 16479 0
-7.63754 11.956 51.2715
250 100 150
2 23 12680 0 24 12990 0
-7.73004 12.2041 51.9568
250 100 150
2 23 12682 0 38 16481 0
-7.82281 11.9807 51.3121
250 100 150
2 23 12683 0 25 12879 0
-9.32707 12.2514 53.441
250 100 150
2 23 12684 0 38 16484 0
-9.03872 12.3206 53.4104
250 100 150
2 23 12685 0 38 16485 0
-7.59726 12.1205 51.2544
250 100 150
4 23 12694 0 24 13005 0 25 12884 0 39 16509 0
-8.2759 12.1378 51.7175
250 100 150
2 23 12700 0 24 13006 0
-8.22172 12.2833 52.0034
250 100 150
2 23 12707 0 38 16500 0
-8.88831 12.2737 52.4794
250 100 150
2 23 12710 0 24 13012 0
-7.88711 12.2378 51.4796
250 100 150
2 23 12711 0 24 13018 0
-8.28526 12.4111 52.328
250 100 150
2 23 12713 0 38 16502 0
-10.5258 12.1262 53.3451
250 100 150
3 23 12714 0 37 10919 0 47 9883 0
-7.93993 12.3327 51.6801
250 100 150
2 23 12716 0 38 16505 0
-8.01093 12.2651 51.3822
250 100 150
2 23 12721 0 24 13032 0
-12.377 12.1555 54.8876
250 100 150
4 23 12723 0 24 12998 0 31 12392 0 37 10959 0
-7.76739 12.3261 51.3319
250 100 150
2 23 12726 0 24 13035 0
-8.2112 12.4401 51.9933
250 100 150
2 23 12729 0 38 16515 0
-8.72171 12.5451 52.6402
250 100 150
2 23 12733 0 38 16519 0
-8.65165 12.5289 52.5119
250 100 150
2 23 12734 0 38 16520 0
-8.57326 12.5368 52.4434
250 100 150
2 23 12735 0 38 16524 0
-7.98792 12.3984 51.3509
250 100 150
2 23 12742 0 24 13050 0
-7.68849 12.431 51.1762
250 100 150
4 23 12744 0 24 13051 0 25 12905 0 39 16530 0
-7.88528 12.7207 52.1084
250 100 150
2 23 12749 0 38 16529 0
-8.09321 12.7902 52.3481
250 100 150
2 23 12755 0 38 16538 0
-8.3444 12.7201 52.28
250 100 150
2 23 12757 0 38 16540 0
-8.04172 12.6001 51.3139
250 100 150
2 23 12764 0 24 13070 0
-7.83936 12.6786 51.2177
250 100 150
2 23 12770 0 24 13077 0
-8.39098 12.9924 52.4037
250 100 150
2 23 12774 0 38 16563 0
-7.92078 12.9578 51.8525
250 100 150
2 23 12775 0 38 16564 0
-11.1258 12.5993 53.5482
250 100 150
2 23 12778 0 24 13069 0
-8.05886 13.1262 51.9846
250 100 150
2 23 12791 0 38 16579 0
-8.19393 12.8786 51.2971
250 100 150
2 23 12795 0 24 13105 0
-10.4799 12.8108 53.0321
250 100 150
2 23 12800 0 24 13092 0
-10.2605 12.9054 52.8391
250 100 150
2 23 12803 0 24 13104 0
-7.88913 13.0595 51.1618
250 100 150
2 23 12804 0 24 13114 0
-11.8548 12.9726 54.0129
250 100 150
2 23 12813 0 24 13108 0
-8.25057 13.1269 51.1505
250 100 150
2 23 12818 0 24 13126 0
-9.99807 13.2881 52.4706
250 100 150
3 23 12835 0 24 13134 0 47 8635 0
-10.5954 13.336 52.9666
250 100 150
2 23 12839 0 24 13141 0
-8.24502 13.6825 51.8951
250 100 150
2 23 12842 0 38 16624 0
-8.22578 13.5324 51.0753
250 100 150
2 23 12850 0 24 13159 0
-10.5609 13.5008 52.836
250 100 150
2 23 12858 0 24 13157 0
-8.33752 13.9143 51.8939
250 100 150
2 23 12860 0 38 16644 0
-8.51948 13.662 51.2256
250 100 150
2 23 12864 0 24 13175 0
-8.35519 13.7141 51.0524
250 100 150
2 23 12870 0 24 13182 0
-8.68814 13.7426 51.2539
250 100 150
2 23 12875 0 24 13188 0
-10.4547 14.0354 52.4167
250 100 150
2 23 12904 0 24 13212 0
-10.3489 14.0907 52.3929
250 100 150
2 23 12905 0 24 13215 0
-12.3165 14.0647 53.9052
250 100 150
2 23 12910 0 24 13210 0
-8.24141 14.3683 50.9313
250 100 150
2 23 12912 0 24 13233 0
-9.89483 14.2475 51.9041
250 100 150
2 23 12918 0 24 13229 0
-8.03098 14.4452 50.6439
250 100 150
2 23 12920 0 24 13242 0
-8.17583 14.4745 50.8054
250 100 150
2 23 12922 0 24 13241 0
-10.5443 14.314 52.4456
250 100 150
2 23 12925 0 24 13232 0
-10.2728 14.3609 52.1126
250 100 150
2 23 12932 0 24 13235 0
-8.82786 14.8978 51.9388
250 100 150
2 23 12940 0 38 16709 0
-8.87344 14.9806 52.107
250 100 150
2 23 12943 0 38 16712 0
-8.60625 15.0003 51.94
250 100 150
2 23 12944 0 38 16711 0
-8.25672 15.1796 51.4718
250 100 150
2 23 12957 0 38 16722 0
-8.9164 14.9653 50.8681
250 100 150
2 23 12971 0 24 13284 0
-11.4986 15.1226 52.8948
250 100 150
3 16 21592 0 23 12980 0 31 12564 0
-8.52187 16.2969 51.073
250 100 150
2 23 13001 0 38 16757 0
-12.843 16.9415 53.7068
250 100 150
2 23 13033 0 24 13346 0
-12.5779 17.215 53.4317
250 100 150
2 23 13037 0 24 13351 0
-3.60025 -5.31763 60.5873
250 100 150
2 23 13138 0 24 13447 0
-0.449622 -5.20108 58.3167
250 100 150
2 23 13139 0 24 13448 0
-1.89933 -5.20995 59.1778
250 100 150
2 23 13140 0 24 13450 0
-3.55711 -5.01779 59.8736
250 100 150
2 23 13143 0 24 13456 0
-1.72252 -4.9278 58.8813
250 100 150
2 23 13146 0 24 13457 0
-4.88297 -4.93383 60.399
250 100 150
2 23 13149 0 24 13461 0
-2.47956 -4.83079 59.0823
250 100 150
2 23 13150 0 24 13462 0
-0.949372 -4.56494 57.8722
250 100 150
2 23 13155 0 24 13465 0
-4.70547 -4.60501 59.9077
250 100 150
2 23 13158 0 24 13468 0
-4.32185 -4.52089 59.7195
250 100 150
2 23 13160 0 24 13470 0
1.17163 -4.32335 56.7276
250 100 150
2 23 13162 0 24 13469 0
-5.09967 -4.25738 59.4324
250 100 150
2 23 13167 0 24 13479 0
-2.13752 -4.14797 57.8655
250 100 150
2 23 13169 0 24 13477 0
-3.26705 -4.15524 58.3414
250 100 150
2 23 13171 0 24 13480 0
-4.28648 -4.03605 58.7824
250 100 150
2 23 13175 0 24 13488 0
-1.81111 -3.91394 57.5342
250 100 150
2 23 13176 0 24 13485 0
-5.58562 -3.9565 59.4411
250 100 150
2 23 13177 0 24 13493 0
-3.72226 -3.91363 58.432
250 100 150
2 23 13178 0 24 13489 0
-1.11069 -3.76488 56.5302
250 100 150
2 23 13182 0 24 13492 0
-8.41354 -3.5468 60.7852
250 100 150
2 23 13193 0 24 13511 0
-8.1174 -3.12862 59.8202
250 100 150
2 23 13199 0 24 13517 0
-7.87189 3.82676 54.7259
250 100 150
3 23 13272 0 24 13563 0 25 13398 0
-8.23095 3.83464 54.9173
250 100 150
3 23 13275 0 24 13565 0 25 13397 0
-8.52501 4.02497 55.0143
250 100 150
5 23 13283 0 24 13576 0 25 13403 0 39 17247 0 48 15966 0
-11.0663 4.41338 57.7513
250 100 150
4 23 13290 0 31 12982 0 37 11536 0 47 10407 0
-10.4857 4.54715 56.7584
250 100 150
4 23 13295 0 24 13589 0 31 12991 0 37 11541 0
-9.19372 4.52721 55.3508
250 100 150
6 23 13297 0 24 13592 0 25 13417 0 31 12988 0 37 11539 0 47 10411 0
-10.1877 4.73058 56.2626
250 100 150
5 23 13305 0 24 13598 0 31 13002 0 37 11548 0 38 17179 0
-10.1205 4.89114 56.4204
250 100 150
2 23 13312 0 38 17185 0
-9.66292 4.97245 56.135
250 100 150
2 23 13315 0 38 17186 0
-10.6976 4.90342 56.5443
250 100 150
2 23 13316 0 38 17188 0
-9.05017 4.88356 54.9077
250 100 150
2 25 13437 0 38 17189 0
-10.6158 4.96506 56.2883
250 100 150
2 23 13323 0 38 17192 0
-10.0213 4.98067 55.8587
250 100 150
2 24 13615 0 31 13014 0
-10.0158 5.07726 56.1272
250 100 150
2 23 13330 0 38 17197 0
-9.27163 5.11363 55.2669
250 100 150
5 23 13336 0 24 13627 0 31 13017 0 37 11564 0 47 10442 0
-9.55136 5.14725 55.5768
250 100 150
4 23 13337 0 31 13020 0 38 17201 0 47 10445 0
-10.1347 5.22926 56.2756
250 100 150
2 23 13340 0 38 17205 0
-4.90124 5.43066 52.3841
250 100 150
2 23 13341 0 24 13641 0
-3.99803 5.59163 52.2215
250 100 150
5 23 13342 0 25 14002 0 30 16268 0 39 17843 0 48 16530 0
-8.66377 5.37382 54.5636
250 100 150
2 23 13350 0 31 12747 0
-10.5534 5.45247 56.3967
250 100 150
2 23 13352 0 38 17217 0
-10.937 6.15853 56.3174
250 100 150
2 23 13380 0 38 17236 0
-6.6842 6.36535 52.9659
250 100 150
2 23 13381 0 24 13688 0
-7.92709 6.53782 54.3915
250 100 150
2 23 13385 0 38 17241 0
-11.4935 6.64857 56.8655
250 100 150
4 23 13389 0 31 13076 0 37 11600 0 47 10497 0
-9.49039 7.43796 55.0434
250 100 150
2 23 13403 0 38 17261 0
-9.5714 7.7749 55.2248
250 100 150
2 23 13415 0 38 17273 0
-5.59526 7.86876 51.8938
250 100 150
4 23 13416 0 24 13725 0 25 13566 0 39 17360 0
-6.33504 8.08383 52.1251
250 100 150
3 23 13425 0 24 13734 0 25 13577 0
-9.72479 8.17447 55.0915
250 100 150
2 23 13429 0 38 17289 0
-8.93341 8.21769 54.6838
250 100 150
2 23 13430 0 38 17290 0
-6.79432 8.47896 52.0324
250 100 150
2 23 13443 0 38 17304 0
-10.3145 8.57948 54.5306
250 100 150
2 23 13451 0 24 13750 0
-10.4761 8.75612 55.2895
250 100 150
2 23 13454 0 38 17316 0
-7.27308 9.17005 52.8176
250 100 150
2 23 13465 0 38 17325 0
-8.67522 9.32429 54.1117
250 100 150
2 23 13472 0 38 17332 0
-7.28162 9.20805 52.1137
250 100 150
2 23 13477 0 24 13774 0
-8.78622 9.54179 54.0643
250 100 150
2 23 13483 0 38 17340 0
-7.35463 9.67856 52.1142
250 100 150
2 23 13492 0 24 13783 0
-11.946 9.77427 55.7325
250 100 150
2 23 13499 0 38 17355 0
-7.09844 10.0482 52.1593
250 100 150
2 23 13505 0 38 17356 0
-9.52457 10.0572 53.1444
250 100 150
4 18 2826 0 31 12124 0 37 10717 0 47 9675 0
-6.02375 10.2051 50.0704
250 100 150
2 23 13518 0 38 17371 0
-11.4819 10.2731 54.9201
250 100 150
4 23 13520 0 24 13798 0 31 13183 0 37 11702 0
-6.96531 10.8196 51.7743
250 100 150
2 23 13525 0 38 17379 0
-11.5748 10.5759 54.8751
250 100 150
4 23 13527 0 24 13807 0 31 13198 0 37 11719 0
-6.23887 10.6153 50.3042
250 100 150
2 23 13528 0 38 17382 0
-6.06674 10.5769 49.9795
250 100 150
2 23 13529 0 38 17380 0
-9.3305 10.8747 53.7797
250 100 150
2 23 13531 0 38 17384 0
-10.8923 10.9513 54.8864
250 100 150
2 23 13532 0 38 17387 0
-7.16858 10.9566 51.4722
250 100 150
3 23 13533 0 24 13820 0 25 13660 0
-7.52893 11.0673 51.9539
250 100 150
2 23 13540 0 38 17391 0
-7.37347 11.0521 51.7378
250 100 150
2 23 13541 0 38 17393 0
-9.58519 10.9416 53.0583
250 100 150
3 23 13544 0 24 13821 0 47 10210 0
-6.30385 11.3566 51.2482
250 100 150
5 25 14118 0 30 16367 0 38 17397 0 39 17931 0 48 16609 0
-5.75936 11.6526 51.1604
250 100 150
5 23 13554 0 25 14125 0 30 16370 0 39 17938 0 48 16610 0
-7.50245 11.4888 51.9353
250 100 150
2 23 13558 0 38 17406 0
-7.9078 11.5528 52.3676
250 100 150
2 23 13562 0 38 17410 0
-6.15722 11.3419 49.7469
250 100 150
2 23 13568 0 38 17416 0
-11.4325 11.3558 54.403
250 100 150
2 23 13570 0 24 13836 0
-6.6102 11.6622 50.7601
250 100 150
2 23 13572 0 38 17422 0
-7.48618 11.7652 51.8688
250 100 150
2 23 13574 0 38 17421 0
-6.3564 11.5751 50.1525
250 100 150
2 23 13575 0 38 17423 0
-9.94757 11.7946 53.9821
250 100 150
2 23 13578 0 38 17426 0
-7.74042 11.8415 52.1349
250 100 150
2 23 13580 0 38 17428 0
-11.5825 11.7194 54.8098
250 100 150
2 23 13585 0 38 17434 0
-7.45401 11.8481 51.319
250 100 150
2 23 13588 0 24 13863 0
-7.98317 12.0694 52.2008
250 100 150
2 23 13591 0 38 17441 0
-7.70576 12.1144 51.9338
250 100 150
2 23 13594 0 38 17444 0
-8.34782 12.1858 52.5466
250 100 150
2 23 13597 0 38 17448 0
-7.78085 12.0409 51.5098
250 100 150
2 23 13598 0 24 13871 0
-7.55308 12.165 51.2423
250 100 150
2 23 13600 0 24 13877 0
-7.64216 12.571 52.1216
250 100 150
2 23 13602 0 38 17454 0
-10.5328 12.189 53.34
250 100 150
5 23 13606 0 24 13876 0 31 13268 0 37 11786 0 47 10669 0
-7.8811 12.3762 51.3806
250 100 150
2 23 13609 0 24 13883 0
-7.66772 12.4753 51.1739
250 100 150
2 23 13612 0 24 13889 0
-8.57976 12.7521 52.4642
250 100 150
2 23 13617 0 38 17471 0
-8.15335 12.8171 52.2786
250 100 150
2 23 13618 0 38 17472 0
-11.1456 12.6827 53.5865
250 100 150
4 23 13625 0 24 13898 0 37 10977 0 47 10213 0
-6.84736 12.9965 50.4348
250 100 150
2 23 13634 0 38 17488 0
-8.55184 12.8596 51.481
250 100 150
2 23 13635 0 24 13912 0
-11.0095 12.7903 53.4126
250 100 150
2 23 13637 0 37 10981 0
-10.4138 12.8896 52.9736
250 100 150
2 23 13638 0 24 13906 0
-8.22496 12.9452 51.3137
250 100 150
2 23 13642 0 24 13914 0
-10.328 12.9138 52.8936
250 100 150
2 23 13643 0 24 13910 0
-8.19215 13.2034 51.2246
250 100 150
2 23 13650 0 24 13923 0
-9.93834 13.4855 53.4165
250 100 150
2 23 13652 0 38 17505 0
-9.86102 13.5316 53.3284
250 100 150
2 23 13654 0 38 17508 0
-7.99417 13.3015 50.904
250 100 150
2 23 13656 0 24 13931 0
-9.93698 13.6961 53.2623
250 100 150
2 23 13658 0 38 17515 0
-8.55539 13.5459 51.264
250 100 150
2 23 13662 0 24 13935 0
-10.1643 13.9367 53.3236
250 100 150
2 23 13667 0 38 17522 0
-8.09051 14.1865 50.9352
250 100 150
2 23 13680 0 24 13960 0
-10.6802 14.0333 52.71
250 100 150
2 23 13681 0 24 13953 0
-10.4595 14.0398 52.4802
250 100 150
2 23 13682 0 24 13955 0
-7.99263 14.435 50.619
250 100 150
2 23 13686 0 24 13970 0
-8.35435 14.4097 50.8076
250 100 150
2 23 13690 0 24 13969 0
-8.74138 14.88 51.8507
250 100 150
2 23 13696 0 38 17541 0
-8.17479 15.1808 51.5666
250 100 150
2 23 13704 0 38 17546 0
-9.08678 14.8701 51.1198
250 100 150
2 23 13712 0 24 13988 0
-12.8923 16.8206 53.7597
250 100 150
2 23 13734 0 24 14016 0
-12.3154 17.5208 52.9751
250 100 150
2 23 13752 0 24 14029 0
-8.08362 -3.08674 59.7619
250 100 150
2 23 13813 0 24 14100 0
-7.02295 3.57819 54.3377
250 100 150
3 23 13855 0 24 14134 0 25 13948 0
-5.46915 4.16376 53.4035
250 100 150
4 23 13862 0 24 14143 0 25 13951 0 38 17732 0
-8.87212 4.06582 55.3709
250 100 150
2 23 13864 0 24 14144 0
-9.13051 4.55313 55.296
250 100 150
7 18 3543 0 23 13875 0 24 14156 0 25 13960 0 31 13563 0 37 12054 0 47 10897 0
-10.1615 4.68039 56.059
250 100 150
3 23 13879 0 24 14161 0 38 17751 0
-10.8376 4.84368 57.3199
250 100 150
2 23 13881 0 47 10907 0
-10.468 4.86893 56.6319
250 100 150
2 23 13885 0 38 17752 0
-5.00109 4.75339 50.4738
250 100 150
2 23 13887 0 38 17757 0
-9.76376 5.09071 56.0429
250 100 150
2 23 13892 0 24 14179 0
-9.32636 5.02495 55.3733
250 100 150
5 23 13893 0 24 14180 0 31 13586 0 37 12072 0 47 10917 0
-9.81987 5.18496 55.7423
250 100 150
3 23 13897 0 24 14187 0 37 12081 0
-5.05467 5.24125 51.2518
250 100 150
2 23 13899 0 38 17767 0
-10.0931 5.30284 56.2671
250 100 150
2 23 13903 0 38 17769 0
-4.69896 5.41252 50.9142
250 100 150
2 23 13908 0 38 17772 0
-10.6272 5.47541 56.4176
250 100 150
2 23 13912 0 47 10936 0
-8.02994 5.94858 54.7383
250 100 150
2 23 13918 0 38 17782 0
-4.94199 5.77157 50.9526
250 100 150
2 23 13920 0 38 17783 0
-5.03905 5.83343 51.1271
250 100 150
2 23 13923 0 38 17784 0
-10.4916 5.87978 55.9888
250 100 150
2 23 13927 0 38 17786 0
-6.3175 6.11757 52.8553
250 100 150
2 38 17787 0 47 10467 0
-4.78724 5.89864 50.1209
250 100 150
2 23 13930 0 38 17788 0
-8.0288 6.43968 54.58
250 100 150
2 23 13935 0 38 17793 0
-5.12252 6.38228 50.3882
250 100 150
2 23 13938 0 38 17797 0
-11.2413 7.07903 56.382
250 100 150
3 23 13945 0 24 14238 0 31 13631 0
-10.1807 7.0291 54.9964
250 100 150
4 23 13947 0 24 14241 0 31 13630 0 47 10963 0
-5.71318 7.61587 52.0422
250 100 150
3 23 13955 0 25 14059 0 39 17873 0
-9.77681 7.51228 54.3504
250 100 150
2 23 13960 0 24 14248 0
-5.55747 7.87233 51.8763
250 100 150
4 23 13962 0 24 14252 0 25 14060 0 39 17877 0
-6.35489 8.05611 52.1391
250 100 150
3 23 13966 0 24 14256 0 25 14068 0
-8.91778 8.18255 54.6644
250 100 150
2 23 13969 0 38 17821 0
-11.5578 8.1078 56.0899
250 100 150
2 23 13971 0 38 17824 0
-9.70549 8.28571 55.0603
250 100 150
2 23 13972 0 38 17825 0
-5.72576 8.87612 51.7009
250 100 150
4 23 13981 0 24 14269 0 25 14082 0 39 17893 0
-10.6519 8.61695 54.8203
250 100 150
3 23 13986 0 24 14268 0 38 17837 0
-7.58069 8.97329 52.4274
250 100 150
3 23 13990 0 24 14275 0 25 14085 0
-8.26187 9.15443 53.6511
250 100 150
2 23 13991 0 38 17842 0
-10.489 8.89702 54.1973
250 100 150
2 23 13995 0 24 14277 0
-7.19122 9.22194 52.0961
250 100 150
2 23 13997 0 25 14089 0
-8.71126 9.4114 54.0096
250 100 150
2 23 13998 0 38 17848 0
-11.7008 9.71836 55.3641
250 100 150
3 23 14013 0 31 13689 0 37 12176 0
-7.17234 9.96056 52.011
250 100 150
2 24 14301 0 25 14097 0
-7.37661 10.3308 51.8762
250 100 150
2 23 14024 0 24 14310 0
-11.418 10.2303 55.0376
250 100 150
2 23 14025 0 24 14308 0
-7.01535 10.526 51.5344
250 100 150
2 23 14028 0 24 14313 0
-6.46719 10.6703 50.3019
250 100 150
2 23 14031 0 38 17873 0
-7.4781 10.9877 51.7743
250 100 150
2 23 14035 0 24 14325 0
-6.66705 11.1315 50.853
250 100 150
2 23 14040 0 38 17880 0
-6.28139 11.2755 50.5014
250 100 150
2 23 14043 0 38 17882 0
-10.2178 11.3873 54.2193
250 100 150
2 23 14044 0 38 17885 0
-7.98145 11.6282 52.4195
250 100 150
2 23 14050 0 38 17892 0
-7.47899 11.6369 51.8867
250 100 150
2 23 14051 0 38 17893 0
-6.42088 11.6247 50.2139
250 100 150
2 23 14056 0 38 17896 0
-7.1971 11.8439 51.4988
250 100 150
2 23 14057 0 38 17898 0
-8.03608 11.8586 51.5928
250 100 150
2 23 14064 0 24 14351 0
-12.0212 11.8251 54.7764
250 100 150
2 23 14065 0 24 14344 0
-10.535 12.2285 53.2623
250 100 150
2 23 14075 0 24 14355 0
-8.27123 12.592 51.5401
250 100 150
2 23 14079 0 24 14366 0
-8.28855 12.8594 52.257
250 100 150
2 23 14082 0 38 17924 0
-10.1997 12.6654 52.8489
250 100 150
2 23 14087 0 24 14369 0
-7.90567 12.8668 51.146
250 100 150
2 23 14088 0 24 14374 0
-7.1054 12.9787 50.8227
250 100 150
2 23 14089 0 24 14377 0
-9.92502 12.786 52.5954
250 100 150
2 23 14090 0 24 14371 0
-8.81645 13.1641 52.6741
250 100 150
2 23 14091 0 38 17935 0
-8.55874 12.8516 51.5261
250 100 150
2 23 14092 0 24 14376 0
-10.5963 12.8894 53.1013
250 100 150
3 23 14096 0 24 14375 0 37 11815 0
-8.23798 12.9909 51.3451
250 100 150
2 23 14098 0 24 14379 0
-9.67565 12.9068 52.2923
250 100 150
2 23 14099 0 24 14378 0
-10.3944 13.0458 52.9443
250 100 150
2 23 14101 0 24 14381 0
-8.78015 13.4037 52.4969
250 100 150
2 23 14102 0 38 17942 0
-9.80576 13.7512 53.1694
250 100 150
2 23 14110 0 38 17954 0
-9.52891 13.4738 52.1376
250 100 150
2 23 14111 0 24 14390 0
-8.0954 14.1182 51.0097
250 100 150
2 23 14116 0 24 14401 0
-10.1516 14.3238 52.0023
250 100 150
2 23 14123 0 24 14405 0
-9.36336 14.5492 51.6001
250 100 150
2 23 14126 0 24 14410 0
-8.27991 15.3722 51.8653
250 100 150
2 23 14131 0 38 17976 0
-9.58608 14.8039 51.2968
250 100 150
2 23 14132 0 24 14414 0
-13.4005 16.9696 54.0791
250 100 150
2 23 14145 0 24 14428 0
-13.6078 17.1752 54.3922
250 100 150
2 23 14147 0 24 14429 0
-7.08334 3.74328 54.4142
250 100 150
2 23 14176 0 24 14457 0
-5.1648 4.7449 52.9811
250 100 150
4 23 14182 0 24 14464 0 25 14257 0 39 18084 0
-10.2576 4.75686 56.3579
250 100 150
3 23 14186 0 24 14466 0 47 11233 0
-9.40606 5.00151 55.6101
250 100 150
3 23 14188 0 31 13901 0 38 18056 0
-12.0383 5.29224 57.0003
250 100 150
2 23 14190 0 38 18060 0
-10.0855 5.44603 56.1202
250 100 150
2 23 14191 0 38 18059 0
-4.80435 5.46508 50.7522
250 100 150
2 23 14193 0 38 18062 0
-10.8068 5.59756 56.4935
250 100 150
2 23 14194 0 38 18063 0
-10.9432 5.833 56.4314
250 100 150
2 23 14200 0 38 18069 0
-7.93308 6.04222 54.8575
250 100 150
2 23 14201 0 38 18066 0
-6.15426 8.05443 52.4675
250 100 150
2 23 14211 0 38 18079 0
-8.89832 8.07671 54.633
250 100 150
2 23 14213 0 38 18080 0
-11.5151 8.11646 56.0922
250 100 150
2 23 14215 0 38 18083 0
-5.14628 8.84535 51.5458
250 100 150
4 23 14218 0 24 14501 0 25 14283 0 39 18105 0
-10.6876 8.46239 54.9302
250 100 150
2 23 14219 0 47 11263 0
-11.1266 8.65838 55.7238
250 100 150
2 23 14220 0 38 18088 0
-11.6325 9.11568 56.1054
250 100 150
2 16 23271 0 24 14503 0
-7.1131 9.18512 52.0988
250 100 150
2 23 14224 0 24 14507 0
-6.47703 9.68774 51.6671
250 100 150
3 23 14227 0 24 14508 0 25 14286 0
-7.12462 9.9934 51.8848
250 100 150
3 23 14229 0 24 14514 0 25 14287 0
-8.77937 11.0335 53.592
250 100 150
2 23 14237 0 38 18105 0
-6.79978 11.0803 50.8962
250 100 150
2 23 14240 0 38 18108 0
-6.15845 11.1908 50.3923
250 100 150
2 23 14241 0 38 18109 0
-11.2327 11.2001 54.1945
250 100 150
2 23 14244 0 24 14525 0
-9.9482 11.3668 53.1692
250 100 150
2 23 14245 0 24 14527 0
-8.35363 11.9433 52.773
250 100 150
2 23 14246 0 38 18116 0
-8.24315 11.8283 52.4162
250 100 150
2 23 14247 0 38 18117 0
-7.02874 11.8613 50.9955
250 100 150
2 23 14248 0 38 18119 0
-11.8399 12.2115 54.2071
250 100 150
2 23 14256 0 24 14535 0
-6.94435 12.7232 50.7758
250 100 150
2 23 14258 0 24 14541 0
-8.9606 13.2397 52.7895
250 100 150
2 23 14260 0 38 18129 0
-9.09803 13.1788 51.7143
250 100 150
2 23 14261 0 24 14543 0
-10.8942 13.4089 53.0688
250 100 150
2 23 14263 0 24 14544 0
-8.58163 14.8295 52.1966
250 100 150
2 23 14264 0 38 18136 0
-7.96342 3.2367 54.9384
250 100 150
2 23 14277 0 25 14323 0
-5.39127 4.54728 53.2164
250 100 150
3 23 14280 0 24 14562 0 25 14326 0
-10.169 5.51399 55.8934
250 100 150
4 23 14283 0 24 14566 0 31 14010 0 38 18157 0
-10.9583 5.6329 56.4882
250 100 150
2 23 14285 0 38 18158 0
-5.7403 5.797 52.3051
250 100 150
2 23 14286 0 38 18159 0
-8.8768 5.9098 55.371
250 100 150
2 23 14287 0 38 18160 0
-5.19353 6.3874 50.5643
250 100 150
2 23 14289 0 38 18161 0
-10.9739 6.60088 55.9866
250 100 150
2 23 14290 0 38 18162 0
-9.88461 7.57208 55.3492
250 100 150
2 23 14292 0 38 18164 0
-7.67623 8.5531 53.3603
250 100 150
2 23 14296 0 38 18166 0
-7.783 9.72925 53.2112
250 100 150
2 23 14298 0 38 18168 0
-8.28536 11.36 51.7799
250 100 150
2 23 14305 0 38 18176 0
-8.20535 11.8673 52.7031
250 100 150
2 23 14306 0 38 18177 0
-8.56106 -3.08935 60.1635
250 100 150
2 23 14359 0 24 14633 0
-9.69324 9.11009 54.4649
250 100 150
2 23 14631 0 24 8655 0
-4.80037 -3.82029 59.1135
250 100 150
2 23 15188 0 24 15517 0
-11.6512 11.0641 54.6612
250 100 150
2 23 15525 0 24 15629 0
-10.7291 18.1851 51.7302
250 100 150
2 23 15722 0 24 15769 0
-4.81367 1.34256 54.1896
250 100 150
2 23 15762 0 24 15758 0
-11.9799 13.1582 54.0635
250 100 150
3 16 25621 0 23 15819 0 24 15857 0
-4.77697 1.49969 53.9959
250 100 150
2 23 15922 0 24 15981 0
-8.87216 17.772 50.4776
250 100 150
2 23 15954 0 24 16235 0
-9.40628 0.901023 57.7233
250 100 150
3 24 318 0 31 4084 0 37 3429 0
-9.55447 1.00321 57.8852
250 100 150
2 24 330 0 47 517 0
-10.545 3.12175 57.9973
250 100 150
2 24 622 0 37 902 0
-9.41826 4.02783 55.7055
250 100 150
2 24 867 0 25 1119 0
-5.05215 0.961128 54.6041
250 100 150
2 24 4593 0 31 4069 0
-9.92269 1.05725 58.1587
250 100 150
2 24 4637 0 31 4119 0
-8.84633 1.36515 56.3216
250 100 150
2 24 4683 0 37 3529 0
-9.79563 2.6304 56.6407
250 100 150
2 24 4815 0 37 3681 0
-11.0823 3.40036 58.5125
250 100 150
3 24 4909 0 31 4491 0 37 3798 0
-6.75887 3.39566 54.3093
250 100 150
2 24 4926 0 25 5044 0
-11.058 3.51767 58.4404
250 100 150
3 24 4937 0 31 4506 0 37 3807 0
-10.0676 3.62239 56.5663
250 100 150
2 24 4974 0 37 3829 0
-5.42054 3.97677 53.4072
250 100 150
2 24 5003 0 25 5108 0
-5.23272 4.09501 53.2872
250 100 150
2 24 5023 0 25 5127 0
-10.3354 4.60071 56.5004
250 100 150
2 24 5102 0 47 3433 0
-4.8179 1.10902 54.2559
250 100 150
4 24 7754 0 25 7858 0 31 7250 0 37 6247 0
-4.92046 1.35796 54.3018
250 100 150
3 24 7783 0 31 7286 0 37 6283 0
-4.25072 2.51225 53.3557
250 100 150
2 24 7859 0 25 7982 0
-9.80113 2.74661 56.5985
250 100 150
4 24 7913 0 31 7452 0 37 6432 0 47 5653 0
-4.16386 3.00392 53.1244
250 100 150
2 24 7914 0 25 8042 0
-7.97179 3.14268 55.1885
250 100 150
2 24 7954 0 25 8091 0
-10.008 3.94037 56.3413
250 100 150
2 24 8059 0 31 7602 0
-9.12017 4.32157 55.3976
250 100 150
4 24 8105 0 31 7641 0 37 6613 0 47 5813 0
-10.519 4.83319 56.5865
250 100 150
2 24 8169 0 31 7704 0
-6.0582 9.17204 51.6501
250 100 150
2 24 8669 0 25 8832 0
-6.79816 11.4084 51.1733
250 100 150
3 24 8933 0 25 9105 0 39 12014 0
-6.62216 11.4507 51.1165
250 100 150
3 24 8941 0 25 9111 0 39 12021 0
-6.95439 11.602 51.1879
250 100 150
3 24 8984 0 25 9145 0 39 12048 0
-9.8392 11.9213 52.7309
250 100 150
2 24 9066 0 47 6681 0
-9.40721 13.6692 51.8303
250 100 150
4 24 9428 0 31 5732 0 37 4911 0 47 4374 0
-6.1859 14.1632 50.4426
250 100 150
2 24 9444 0 25 9545 0
-8.24821 17.411 50.2413
250 100 150
5 24 9942 0 25 10013 0 30 11482 0 39 12914 0 48 11818 0
-8.46823 17.6582 50.3081
250 100 150
5 24 9963 0 25 10047 0 30 11509 0 39 12940 0 48 11839 0
-8.56341 17.7987 50.2634
250 100 150
2 24 9992 0 39 12963 0
-8.96917 1.19361 56.5368
250 100 150
3 24 10455 0 37 8610 0 47 7721 0
-10.23 1.53048 58.2525
250 100 150
4 24 10464 0 31 9896 0 37 8629 0 47 7730 0
-4.46505 2.30643 53.55
250 100 150
2 24 10487 0 25 10531 0
-11.2619 4.00563 58.5177
250 100 150
3 24 10585 0 31 10060 0 37 8787 0
-6.48488 8.42386 52.3441
250 100 150
2 37 5494 0 47 4863 0
-5.65516 9.01368 51.6079
250 100 150
2 24 10988 0 25 11095 0
-6.03617 9.17654 51.6952
250 100 150
2 24 11011 0 25 11111 0
-5.59122 9.24922 51.433
250 100 150
2 24 11019 0 25 11124 0
-7.0077 11.6165 51.168
250 100 150
3 24 11239 0 25 11293 0 39 14635 0
-7.17902 11.7645 51.1919
250 100 150
2 24 11261 0 39 14667 0
-7.35212 11.8794 51.2332
250 100 150
2 24 11268 0 39 14680 0
-7.40865 12.8495 50.9683
250 100 150
2 24 11420 0 39 14775 0
-8.45269 17.6236 50.2867
250 100 150
4 24 11844 0 25 11776 0 39 15134 0 48 13929 0
-8.33348 17.9428 50.2088
250 100 150
2 24 11867 0 39 15159 0
-8.68138 3.81071 55.194
250 100 150
2 24 12284 0 25 12170 0
-10.6197 4.53278 56.9027
250 100 150
4 24 12336 0 31 11723 0 37 10342 0 47 9289 0
-10.551 4.69276 56.7222
250 100 150
5 24 12353 0 31 11747 0 37 10361 0 38 15863 0 47 9311 0
-9.45413 4.64904 55.525
250 100 150
3 24 12356 0 25 12229 0 31 11736 0
-9.21057 4.82954 55.2559
250 100 150
4 24 12387 0 31 11762 0 37 10370 0 47 9320 0
-3.97078 5.49261 52.4082
250 100 150
4 24 12456 0 30 14440 0 39 16003 0 48 14799 0
-10.4652 5.61258 56.0857
250 100 150
3 24 12510 0 37 10456 0 47 9413 0
-6.09231 7.16051 54.2924
250 100 150
2 24 12599 0 31 11890 0
-5.05233 7.1274 51.9359
250 100 150
2 24 12606 0 39 16140 0
-4.99002 7.36624 51.85
250 100 150
2 24 12620 0 39 16154 0
-5.40767 7.34358 52.0043
250 100 150
3 24 12621 0 25 12526 0 39 16153 0
-5.58749 7.52094 51.9868
250 100 150
2 24 12629 0 25 12540 0
-5.7353 7.68831 52.0162
250 100 150
2 24 12641 0 25 12552 0
-6.01342 7.91463 52.076
250 100 150
2 24 12650 0 25 12568 0
-5.52921 9.16573 51.5034
250 100 150
3 24 12742 0 25 12679 0 39 16280 0
-6.26444 9.16976 51.6823
250 100 150
2 24 12755 0 25 12687 0
-6.20637 9.24064 51.6737
250 100 150
2 24 12760 0 25 12692 0
-6.92236 11.4186 51.2373
250 100 150
2 24 12920 0 25 12821 0
-5.42919 11.8064 50.9708
250 100 150
5 24 12936 0 25 12842 0 30 14932 0 39 16456 0 48 15227 0
-7.02976 11.6038 51.1833
250 100 150
3 24 12949 0 25 12840 0 39 16451 0
-6.65957 11.695 51.0668
250 100 150
2 24 12962 0 39 16458 0
-6.4984 11.7599 51.0101
250 100 150
3 24 12968 0 25 12851 0 39 16473 0
-5.37247 12.0825 50.944
250 100 150
5 24 12970 0 25 12868 0 30 14966 0 39 16491 0 48 15266 0
-7.25616 11.7874 51.1953
250 100 150
3 24 12975 0 25 12864 0 39 16481 0
-6.6999 11.9887 51.0059
250 100 150
3 24 12981 0 25 12873 0 39 16496 0
-7.33072 12.6659 51.007
250 100 150
2 24 13068 0 25 12920 0
-7.34769 13.0125 50.9143
250 100 150
3 24 13107 0 25 12942 0 39 16575 0
-6.85595 13.234 50.7643
250 100 150
2 24 13117 0 39 16594 0
-7.48264 13.1174 50.8984
250 100 150
2 24 13120 0 39 16587 0
-7.62672 13.3804 50.8469
250 100 150
3 24 13140 0 25 12967 0 39 16610 0
-11.1228 14.6338 52.7118
250 100 150
4 18 3050 0 24 13258 0 31 12547 0 37 11105 0
-6.60919 3.80338 53.9727
250 100 150
2 25 13396 0 38 17144 0
-6.24391 3.96174 53.7519
250 100 150
6 24 13567 0 25 13399 0 30 15648 0 38 17149 0 39 17241 0 48 15963 0
-5.89455 4.02995 53.64
250 100 150
3 24 13570 0 25 13400 0 38 17150 0
-5.00896 4.81454 52.7845
250 100 150
5 24 13594 0 25 13425 0 30 15673 0 39 17266 0 48 15989 0
-9.04519 4.93121 55.0275
250 100 150
4 24 13612 0 31 13009 0 37 11553 0 47 10429 0
-10.2928 5.17766 56.0583
250 100 150
4 24 13632 0 31 13029 0 37 11571 0 47 10455 0
-10.8962 6.18259 56.3879
250 100 150
2 24 13682 0 47 10491 0
-11.2779 6.64694 56.4861
250 100 150
2 24 13695 0 47 10499 0
-11.1789 7.06959 56.3806
250 100 150
4 23 13397 0 31 13083 0 37 11609 0 47 10506 0
-5.64689 8.28305 51.8048
250 100 150
2 24 13740 0 25 13581 0
-4.99753 8.97752 51.5637
250 100 150
2 24 13753 0 25 13605 0
-5.68336 8.93963 51.6584
250 100 150
2 24 13755 0 25 13606 0
-5.35098 9.06615 51.4842
250 100 150
3 24 13757 0 39 17394 0 48 16112 0
-6.71285 9.07078 51.9526
250 100 150
2 24 13764 0 25 13613 0
-9.63229 9.93272 53.4287
250 100 150
2 24 13794 0 47 10209 0
-12.0887 10.4958 55.5537
250 100 150
2 24 13804 0 37 11718 0
-4.86976 11.1556 51.0176
250 100 150
4 26 12384 0 30 15839 0 39 17443 0 48 16146 0
-7.31891 12.9664 50.8993
250 100 150
2 24 13909 0 25 13737 0
-7.23105 13.1809 50.9876
250 100 150
3 25 13741 0 39 17526 0 48 16223 0
-4.87715 4.5278 52.9445
250 100 150
2 24 14149 0 25 13956 0
-4.96631 5.20999 52.6393
250 100 150
2 24 14181 0 25 13983 0
-4.28619 5.34069 52.4653
250 100 150
2 24 14182 0 25 13988 0
-4.74236 5.47933 52.4894
250 100 150
2 24 14192 0 25 13999 0
-10.0135 5.3239 55.7214
250 100 150
2 24 14193 0 31 13598 0
-10.6514 5.46864 56.4163
250 100 150
3 24 14197 0 31 13603 0 37 12089 0
-6.65232 6.46586 53.0189
250 100 150
3 24 14228 0 25 14038 0 38 17795 0
-10.5811 7.57123 55.1867
250 100 150
2 24 14246 0 31 13641 0
-5.70083 8.37966 51.7957
250 100 150
3 24 14263 0 25 14072 0 39 17888 0
-6.70497 10.4533 51.4466
250 100 150
2 24 14312 0 25 14105 0
-6.30415 11.9298 51.0023
250 100 150
4 24 14343 0 25 14133 0 39 17949 0 48 16622 0
-6.83059 11.8222 51.0862
250 100 150
3 24 14346 0 25 14132 0 39 17948 0
-7.06402 13.4913 50.714
250 100 150
4 24 14386 0 25 14177 0 39 17988 0 48 16660 0
-5.42532 4.34145 53.3641
250 100 150
4 24 14461 0 25 14252 0 38 18049 0 39 18081 0
-10.2317 5.39816 55.9229
250 100 150
3 24 14471 0 31 13905 0 37 12405 0
-5.51875 5.78897 52.668
250 100 150
4 23 14195 0 24 14475 0 25 14269 0 38 18061 0
-10.9284 6.66413 56.176
250 100 150
4 16 23250 0 23 14204 0 38 18072 0 47 11251 0
-10.7864 7.13644 55.7142
250 100 150
3 24 14486 0 31 13920 0 47 11255 0
-6.41042 7.96583 52.1723
250 100 150
2 24 14494 0 25 14279 0
-5.79766 8.62217 51.7482
250 100 150
2 24 14498 0 25 14282 0
-10.6947 8.49747 54.8764
250 100 150
2 24 14500 0 31 13928 0
-5.48514 5.91219 52.6202
250 100 150
2 24 14569 0 25 14330 0
-6.34892 11.3197 51.4035
250 100 150
3 24 14586 0 25 14340 0 39 18171 0
-10.9064 15.8587 52.1383
250 100 150
2 24 15467 0 31 15085 0
-6.05284 8.79459 51.784
250 100 150
2 24 15562 0 25 15088 0
-6.32084 2.04234 54.8194
250 100 150
2 25 672 0 38 1591 0
-5.00821 4.29787 53.143
250 100 150
2 25 1144 0 38 2008 0
-4.93482 4.38505 53.0899
250 100 150
2 25 1161 0 38 2031 0
-4.74552 11.6861 50.9732
250 100 150
2 25 2352 0 48 3124 0
-4.42237 11.8593 50.8936
250 100 150
4 25 2399 0 30 3063 0 39 3464 0 48 3158 0
-5.32553 12.1531 50.9725
250 100 150
2 25 2517 0 39 3552 0
-5.27261 12.1433 50.9118
250 100 150
4 25 2518 0 30 3130 0 39 3553 0 48 3228 0
-8.25398 12.686 51.2753
250 100 150
2 25 2661 0 39 3682 0
-8.05618 12.7223 51.1733
250 100 150
2 25 2672 0 39 3689 0
-7.95049 13.1098 51.0082
250 100 150
2 25 2757 0 39 3764 0
-8.50224 14.2203 50.8041
250 100 150
2 25 3032 0 39 8490 0
-7.42427 14.4049 50.5304
250 100 150
2 25 3060 0 39 3965 0
-7.52008 14.7867 50.4412
250 100 150
2 25 3158 0 39 4054 0
-8.32631 14.9789 50.6123
250 100 150
2 25 3259 0 39 4119 0
-11.0437 16.0113 51.9319
250 100 150
2 25 3471 0 39 4242 0
-10.8519 16.1488 51.8195
250 100 150
2 25 3505 0 39 4260 0
-8.5989 15.9163 50.4129
250 100 150
2 25 3507 0 39 4269 0
-8.82738 15.9396 50.5252
250 100 150
2 25 3511 0 39 4271 0
-8.53057 15.9355 50.4033
250 100 150
2 25 3512 0 39 4273 0
-9.5151 16.2362 50.776
250 100 150
2 25 3617 0 39 4309 0
-9.67244 16.2792 50.8484
250 100 150
4 25 3627 0 30 3644 0 39 4316 0 48 3869 0
-8.37408 16.7565 50.2696
250 100 150
2 25 3744 0 39 4369 0
-12.2005 17.4461 52.8057
250 100 150
2 25 3801 0 39 4373 0
-8.36743 16.9972 50.2765
250 100 150
2 25 3811 0 39 4402 0
-5.95219 17.5939 50.0172
250 100 150
4 25 3875 0 30 3765 0 39 4452 0 48 4009 0
-8.51096 17.4705 50.3017
250 100 150
2 25 3942 0 39 4471 0
-11.5763 17.8355 52.2202
250 100 150
2 25 3943 0 39 4453 0
-8.81632 17.6456 50.4016
250 100 150
2 25 3984 0 39 4492 0
-8.57543 17.6352 50.2864
250 100 150
2 25 3985 0 39 4495 0
-11.2335 18.0302 51.9458
250 100 150
2 25 4004 0 39 4488 0
-8.81144 17.7415 50.3822
250 100 150
4 25 4008 0 30 3801 0 39 4507 0 48 4047 0
-7.20737 17.9506 50.1117
250 100 150
2 25 4020 0 39 4523 0
-8.44095 17.8398 50.283
250 100 150
3 25 4029 0 39 4522 0 48 4060 0
-7.60993 18.011 50.249
250 100 150
2 25 4044 0 39 4533 0
-7.51889 18.0189 50.154
250 100 150
3 25 4056 0 39 4540 0 48 4087 0
-7.82981 18.0137 50.2004
250 100 150
4 25 4059 0 30 3840 0 39 4543 0 48 4086 0
-7.68361 18.0478 50.2251
250 100 150
2 25 4061 0 48 4089 0
-8.04563 17.9898 50.2363
250 100 150
3 25 4063 0 30 3834 0 39 4542 0
-10.3988 18.5181 51.3176
250 100 150
4 25 4124 0 30 3853 0 39 4570 0 48 4105 0
-5.17902 0.376951 54.9457
250 100 150
2 25 4642 0 37 3346 0
-0.91922 2.99879 53.233
250 100 150
3 25 4887 0 39 6461 0 48 5886 0
-7.74356 3.71544 54.6675
250 100 150
2 25 5088 0 31 4525 0
-5.33206 4.02141 53.416
250 100 150
2 25 5113 0 38 6813 0
-4.99658 4.3631 53.1268
250 100 150
2 25 5157 0 38 6872 0
-4.62238 4.9865 52.7156
250 100 150
2 25 5207 0 38 6942 0
-5.54288 8.09248 51.802
250 100 150
2 25 5527 0 39 7354 0
-4.71838 8.61142 51.4958
250 100 150
2 25 5597 0 30 6454 0
-4.90347 8.95535 51.4091
250 100 150
2 25 5683 0 48 6775 0
-7.42471 9.81618 51.9669
250 100 150
2 25 5833 0 39 7623 0
-11.6613 11.6093 54.1212
250 100 150
2 25 6073 0 39 3416 0
-8.09115 11.4138 51.7175
250 100 150
2 25 6080 0 39 7908 0
-7.72711 12.2033 51.2565
250 100 150
2 25 6233 0 39 8077 0
-11.5984 12.5318 53.6966
250 100 150
2 25 6249 0 39 3597 0
-7.74117 12.3046 51.2303
250 100 150
2 25 6256 0 39 8103 0
-11.5706 12.6403 53.6704
250 100 150
2 25 6275 0 39 8101 0
-7.9569 12.4382 51.2359
250 100 150
2 25 6290 0 39 8132 0
-8.42913 12.4674 51.4779
250 100 150
2 25 6292 0 39 8134 0
-8.05632 12.4806 51.3102
250 100 150
3 25 6293 0 39 8139 0 48 7331 0
-7.85758 12.4727 51.1909
250 100 150
2 25 6294 0 39 8140 0
-7.76665 12.5221 51.1777
250 100 150
2 25 6306 0 39 8142 0
-7.97814 12.5384 51.2405
250 100 150
2 25 6311 0 39 8155 0
-12.0836 13.0128 54.1894
250 100 150
2 31 5716 0 37 4910 0
-8.10793 12.5815 51.3344
250 100 150
2 25 6316 0 39 8159 0
-7.88429 12.5672 51.1816
250 100 150
2 25 6317 0 39 8161 0
-7.99774 12.6589 51.1835
250 100 150
2 25 6333 0 39 8181 0
-8.38233 12.7743 51.3524
250 100 150
2 25 6353 0 39 8199 0
-8.08103 12.7938 51.0809
250 100 150
2 25 6363 0 39 3710 0
-8.06907 12.9093 51.1097
250 100 150
2 25 6381 0 39 8230 0
-12.1439 13.3009 53.7963
250 100 150
2 25 6384 0 39 8219 0
-8.01928 13.0357 51.1187
250 100 150
2 25 6396 0 39 8253 0
-8.3965 13.0981 51.2886
250 100 150
2 25 6409 0 39 8260 0
-12.1265 13.4217 53.6492
250 100 150
3 25 6416 0 39 8251 0 48 3371 0
-4.8868 13.5899 50.5894
250 100 150
4 25 6432 0 30 7264 0 39 8297 0 48 7508 0
-8.30754 13.5446 51.045
250 100 150
2 25 6490 0 39 8346 0
-8.45694 13.7 51.0927
250 100 150
3 25 6518 0 39 8371 0 48 7550 0
-8.30607 13.6723 50.9539
250 100 150
2 25 6519 0 39 8375 0
-8.54618 13.7601 51.0859
250 100 150
2 25 6531 0 39 8390 0
-11.9712 14.1078 53.3474
250 100 150
2 25 6532 0 39 8374 0
-11.1729 14.4581 52.6252
250 100 150
2 25 6606 0 39 8468 0
-8.59657 14.2045 50.886
250 100 150
2 25 6609 0 39 8482 0
-8.40733 14.2259 50.8398
250 100 150
3 25 6612 0 39 8486 0 48 3553 0
-11.1326 14.5408 52.5756
250 100 150
2 25 6623 0 39 8483 0
-12.6122 14.746 53.6499
250 100 150
2 25 6625 0 39 3940 0
-11.2005 14.6424 52.5951
250 100 150
2 25 6639 0 39 8500 0
-6.98725 14.6104 50.4844
250 100 150
2 25 6660 0 39 8534 0
-7.37013 14.7609 50.4244
250 100 150
2 25 6693 0 39 8574 0
-11.3623 15.0192 52.579
250 100 150
2 25 6703 0 39 4027 0
-13.503 15.8517 54.5708
250 100 150
2 25 6752 0 39 4104 0
-12.3966 15.4787 53.2708
250 100 150
2 25 6754 0 39 8623 0
-6.26653 15.5354 50.2433
250 100 150
3 25 6813 0 30 7649 0 48 7894 0
-7.13975 15.7247 50.2621
250 100 150
4 25 6864 0 30 7688 0 39 8766 0 48 7933 0
-8.85501 15.6518 50.5724
250 100 150
2 25 6870 0 39 8774 0
-7.04794 15.837 50.2419
250 100 150
4 25 6873 0 30 7708 0 39 8783 0 48 7949 0
-8.71488 15.6961 50.5834
250 100 150
3 25 6876 0 39 8777 0 48 7932 0
-9.12088 15.7609 50.6928
250 100 150
2 25 6886 0 39 8788 0
-9.16799 15.8502 50.7086
250 100 150
2 25 6900 0 39 8799 0
-8.57347 15.8717 50.4567
250 100 150
2 25 6905 0 39 8808 0
-9.16685 15.9443 50.7303
250 100 150
3 25 6913 0 39 8816 0 48 7971 0
-10.9023 16.1929 51.8117
250 100 150
2 25 6923 0 39 8814 0
-8.93513 16.0042 50.5645
250 100 150
4 25 6925 0 30 3617 0 39 8830 0 48 7988 0
-9.15893 16.0232 50.6744
250 100 150
2 25 6928 0 39 8834 0
-9.30208 16.0513 50.7182
250 100 150
2 25 6934 0 39 8838 0
-9.66714 16.0662 50.8884
250 100 150
2 25 6938 0 39 8835 0
-9.77593 16.1399 50.9337
250 100 150
2 25 6952 0 39 8850 0
-8.55438 16.1429 50.3569
250 100 150
2 25 6963 0 39 8868 0
-9.33767 16.1982 50.7018
250 100 150
4 25 6967 0 30 3637 0 39 8870 0 48 8021 0
-5.408 16.6602 50.0581
250 100 150
4 25 6976 0 30 7836 0 39 8898 0 48 8080 0
-9.59115 16.3036 50.8342
250 100 150
2 25 6986 0 39 8883 0
-9.43616 16.2715 50.6891
250 100 150
2 25 6987 0 39 8886 0
-9.34961 16.2893 50.6854
250 100 150
2 25 6991 0 39 8888 0
-8.47097 16.5369 50.3018
250 100 150
4 25 7021 0 30 7837 0 39 8924 0 48 8089 0
-8.42147 16.6352 50.3249
250 100 150
2 25 7031 0 39 8934 0
-5.86649 17.0071 50.0559
250 100 150
2 25 7037 0 39 8946 0
-5.67147 17.2366 49.9426
250 100 150
4 25 7078 0 30 3731 0 39 4398 0 48 8173 0
-5.84676 17.485 50.0008
250 100 150
3 25 7118 0 39 9023 0 48 8214 0
-6.70652 17.563 49.996
250 100 150
3 25 7162 0 30 7987 0 48 8237 0
-8.47864 17.3862 50.2868
250 100 150
2 25 7163 0 39 9058 0
-8.38587 17.4332 50.2954
250 100 150
3 25 7173 0 39 9061 0 48 8223 0
-8.41471 17.5293 50.2524
250 100 150
2 25 7187 0 39 9079 0
-8.67128 17.5467 50.3323
250 100 150
3 25 7192 0 39 9082 0 48 8238 0
-8.68561 17.6527 50.3848
250 100 150
2 25 7204 0 39 9093 0
-8.48415 17.6884 50.3471
250 100 150
4 25 7209 0 30 8003 0 39 9095 0 48 8256 0
-8.42758 17.6935 50.3029
250 100 150
2 25 7210 0 48 4042 0
-7.4627 17.8888 50.182
250 100 150
4 25 7228 0 30 8037 0 39 9118 0 48 8295 0
-7.60254 17.9198 50.2238
250 100 150
4 25 7233 0 30 8041 0 39 9125 0 48 8297 0
-8.0772 17.8446 50.2276
250 100 150
4 25 7235 0 30 3817 0 39 9122 0 48 8290 0
-8.55647 17.8025 50.2848
250 100 150
2 25 7238 0 39 9121 0
-7.37172 17.9847 50.1882
250 100 150
3 25 7239 0 39 9138 0 48 4077 0
-11.1764 18.1107 51.8566
250 100 150
2 25 7240 0 39 9105 0
-8.88292 17.8081 50.3581
250 100 150
2 25 7243 0 39 9127 0
-9.23644 17.8619 50.55
250 100 150
2 25 7249 0 39 9130 0
-7.9409 17.9977 50.1991
250 100 150
4 25 7257 0 30 8058 0 39 9149 0 48 8312 0
-10.1243 18.5303 51.2013
250 100 150
3 25 7313 0 39 9187 0 48 8345 0
-10.2506 18.5515 51.2101
250 100 150
3 25 7317 0 30 8082 0 48 8348 0
-9.65283 18.548 50.9632
250 100 150
3 25 7318 0 39 9198 0 48 8357 0
-10.2263 18.5507 50.955
250 100 150
2 25 7328 0 39 4589 0
-2.14465 -4.86827 58.7664
250 100 150
2 25 7439 0 39 9561 0
-5.1608 0.0445622 55.0379
250 100 150
4 25 7780 0 31 7143 0 37 6172 0 47 5460 0
-5.41329 0.470516 55.1852
250 100 150
3 25 7803 0 31 7173 0 47 5471 0
-7.26356 0.704748 55.7065
250 100 150
2 25 7840 0 38 10347 0
-7.67174 1.13608 55.7583
250 100 150
2 25 7887 0 38 10427 0
-4.82885 1.64107 54.0955
250 100 150
2 25 7923 0 31 7313 0
-6.90181 2.36494 54.8663
250 100 150
2 25 7981 0 38 10565 0
-7.8426 2.33686 55.4308
250 100 150
2 25 7984 0 38 10571 0
-7.97891 2.33693 55.4757
250 100 150
2 25 7985 0 38 10572 0
-6.77837 2.52251 54.7861
250 100 150
2 25 8004 0 38 10597 0
-6.29465 2.55711 54.5552
250 100 150
2 25 8005 0 38 10594 0
-9.33369 2.48276 56.2586
250 100 150
2 25 8016 0 31 7419 0
-7.50831 2.55838 55.1916
250 100 150
2 25 8017 0 38 10614 0
-4.37061 2.86095 53.4257
250 100 150
2 25 8023 0 38 10621 0
-4.16798 3.1426 53.2372
250 100 150
2 25 8051 0 38 10662 0
-2.98955 3.28354 52.8025
250 100 150
2 25 8061 0 26 6868 0
-3.08385 3.37633 52.8099
250 100 150
3 25 8077 0 39 10939 0 48 9947 0
-5.67247 3.41145 53.8991
250 100 150
2 25 8108 0 38 10736 0
-5.43237 4.00128 53.4624
250 100 150
2 25 8166 0 38 10818 0
-8.4814 3.87298 55.0013
250 100 150
2 25 8172 0 38 10836 0
-4.89329 4.66425 52.917
250 100 150
2 25 8237 0 38 10896 0
-3.4283 8.00709 51.7158
250 100 150
4 25 8634 0 26 7339 0 30 10254 0 48 10519 0
-4.71912 8.61233 51.4988
250 100 150
3 25 8740 0 30 10342 0 48 10608 0
-6.76286 9.29586 51.8548
250 100 150
2 25 8862 0 39 11742 0
-7.29818 10.0014 51.8573
250 100 150
2 25 8922 0 39 11829 0
-4.47564 10.9768 51.1646
250 100 150
4 25 8994 0 30 10571 0 39 11921 0 48 10851 0
-7.02552 10.737 51.4412
250 100 150
2 25 9006 0 39 11926 0
-11.0199 11.055 53.797
250 100 150
2 25 9037 0 39 11938 0
-11.8279 11.1857 54.3718
250 100 150
2 25 9044 0 39 11945 0
-6.57835 11.4431 51.1175
250 100 150
2 25 9108 0 39 12016 0
-5.07315 11.8533 51.0074
250 100 150
4 25 9148 0 30 10702 0 39 12060 0 48 10988 0
-6.04007 11.7653 51.0295
250 100 150
3 25 9163 0 30 10701 0 39 12071 0
-5.31963 11.9791 50.9682
250 100 150
2 25 9182 0 48 11022 0
-5.2827 12.0801 50.9643
250 100 150
2 25 9196 0 39 12110 0
-3.69423 12.4299 50.9456
250 100 150
2 25 9203 0 30 10770 0
-5.36298 12.142 50.9305
250 100 150
3 25 9205 0 39 12119 0 48 11047 0
-7.61579 11.9104 51.1803
250 100 150
2 25 9213 0 39 12124 0
-7.50997 11.9472 51.2129
250 100 150
2 25 9214 0 39 12126 0
-7.89837 11.9568 51.1547
250 100 150
2 25 9228 0 39 12134 0
-3.82467 12.6066 50.9195
250 100 150
4 25 9233 0 30 10793 0 39 12148 0 48 11087 0
-7.73876 12.2153 51.248
250 100 150
2 25 9253 0 39 12161 0
-7.74538 12.294 51.2243
250 100 150
2 25 9263 0 39 12177 0
-8.19005 12.3883 51.3565
250 100 150
2 25 9282 0 39 12189 0
-8.04638 12.4724 51.3365
250 100 150
3 25 9293 0 39 12202 0 48 11111 0
-8.22783 12.4966 51.3494
250 100 150
2 25 9300 0 39 12205 0
-7.78034 12.5395 51.1785
250 100 150
2 25 9306 0 39 12212 0
-7.97919 12.5406 51.2263
250 100 150
2 25 9308 0 39 12221 0
-8.09655 12.6063 51.368
250 100 150
2 25 9312 0 39 12224 0
-7.87635 12.5702 51.1688
250 100 150
2 25 9316 0 39 12225 0
-11.0968 12.8432 53.2566
250 100 150
2 25 9320 0 39 12217 0
-8.42012 12.623 51.419
250 100 150
2 25 9321 0 39 12230 0
-8.20768 12.6185 51.3224
250 100 150
2 25 9322 0 39 12231 0
-7.99078 12.677 51.2117
250 100 150
2 25 9332 0 39 12239 0
-8.15962 12.6952 51.1388
250 100 150
2 25 9340 0 39 12251 0
-8.37118 12.7581 51.3571
250 100 150
2 25 9346 0 39 12250 0
-6.15127 13.0286 50.8063
250 100 150
3 25 9362 0 39 12271 0 48 11192 0
-11.139 13.0804 53.0509
250 100 150
2 25 9368 0 39 12264 0
-7.82254 12.9029 51.1082
250 100 150
2 25 9369 0 39 12274 0
-12.019 13.2776 53.8486
250 100 150
2 25 9375 0 39 12266 0
-8.06839 12.9073 51.1257
250 100 150
2 25 9376 0 39 12282 0
-6.27712 13.103 50.6986
250 100 150
4 25 9381 0 30 10925 0 39 12297 0 48 11214 0
-8.01375 13.0225 51.1021
250 100 150
2 25 9393 0 39 12302 0
-8.06194 13.1098 51.0445
250 100 150
2 25 9409 0 39 12318 0
-4.83752 13.5207 50.6363
250 100 150
4 25 9411 0 30 10978 0 39 12329 0 48 11264 0
-8.1866 13.2648 51.1038
250 100 150
2 25 9431 0 39 12338 0
-8.49471 13.6016 51.1042
250 100 150
2 25 9484 0 39 12391 0
-8.21505 13.6105 50.9908
250 100 150
2 25 9486 0 39 12392 0
-8.3901 13.6458 51.0474
250 100 150
2 25 9491 0 39 12399 0
-5.1939 14.0195 50.5104
250 100 150
4 25 9498 0 30 11056 0 39 12417 0 48 11351 0
-8.30905 13.6903 50.9606
250 100 150
2 25 9504 0 39 12407 0
-8.54885 13.745 51.0967
250 100 150
2 25 9510 0 39 12418 0
-10.7657 13.9538 52.4135
250 100 150
2 25 9518 0 39 12415 0
-12.1753 14.2085 53.4296
250 100 150
2 25 9524 0 39 12421 0
-12.0329 14.3441 53.2965
250 100 150
2 25 9552 0 39 12448 0
-6.3056 14.2629 50.4448
250 100 150
2 25 9566 0 39 12481 0
-8.47986 14.1655 50.9228
250 100 150
2 25 9577 0 39 12485 0
-6.2524 14.455 50.4195
250 100 150
4 25 9591 0 30 11120 0 39 12504 0 48 11422 0
-8.29142 14.1942 50.6443
250 100 150
2 25 9594 0 39 12495 0
-8.13507 14.2845 50.7227
250 100 150
2 25 9596 0 39 12501 0
-8.01185 14.329 50.7337
250 100 150
2 25 9598 0 39 12505 0
-7.32122 14.4979 50.5148
250 100 150
2 25 9613 0 39 12517 0
-11.4273 14.7231 52.6626
250 100 150
2 25 9616 0 39 12513 0
-6.99095 14.6121 50.473
250 100 150
2 25 9621 0 39 12527 0
-6.0361 14.836 50.3349
250 100 150
4 25 9632 0 30 11175 0 39 12541 0 48 11467 0
-8.25115 14.6521 50.7234
250 100 150
2 25 9635 0 39 12538 0
-7.36729 14.7695 50.4731
250 100 150
3 25 9643 0 39 12555 0 48 11469 0
-7.90348 14.7399 50.5944
250 100 150
2 25 9645 0 39 12554 0
-7.46897 14.8556 50.4849
250 100 150
2 25 9660 0 39 12568 0
-7.715 14.8751 50.5426
250 100 150
2 25 9671 0 39 12576 0
-8.4484 14.8885 50.6006
250 100 150
3 25 9685 0 30 11197 0 48 11508 0
-8.40522 15.0059 50.6008
250 100 150
2 25 9699 0 39 12610 0
-6.68305 15.4605 50.27
250 100 150
4 25 9741 0 30 11269 0 39 12668 0 48 11578 0
-8.71115 15.3259 50.591
250 100 150
2 25 9753 0 39 12673 0
-8.70625 15.6986 50.5934
250 100 150
3 25 9784 0 39 12704 0 48 11614 0
-7.13964 15.8134 50.2307
250 100 150
4 25 9785 0 30 11315 0 39 12708 0 48 11627 0
-7.03354 15.8427 50.2385
250 100 150
4 25 9786 0 30 11320 0 39 12710 0 48 11629 0
-7.2383 15.8248 50.2014
250 100 150
4 25 9791 0 30 11321 0 39 12715 0 48 11633 0
-8.66788 15.7841 50.5233
250 100 150
3 25 9799 0 39 12718 0 48 11625 0
-9.15359 15.869 50.7041
250 100 150
2 25 9809 0 39 12723 0
-8.85071 15.8903 50.6085
250 100 150
2 25 9810 0 39 12729 0
-8.56851 15.8629 50.4569
250 100 150
2 25 9811 0 39 12727 0
-9.27868 15.8496 50.6878
250 100 150
2 25 9812 0 39 12724 0
-8.99145 15.8686 50.6039
250 100 150
4 25 9813 0 30 11324 0 39 12726 0 48 11640 0
-9.45195 15.9618 50.8019
250 100 150
2 25 9818 0 39 12737 0
-9.02314 15.9892 50.5812
250 100 150
4 25 9825 0 30 11338 0 39 12744 0 48 11658 0
-9.16693 16.0346 50.6776
250 100 150
2 25 9830 0 39 12750 0
-9.66537 16.0572 50.8696
250 100 150
2 25 9835 0 39 12749 0
-9.55028 16.0769 50.8541
250 100 150
2 25 9837 0 39 12754 0
-9.7797 16.1342 50.9514
250 100 150
2 25 9844 0 39 12760 0
-9.31521 16.2022 50.7598
250 100 150
2 25 9856 0 39 12775 0
-8.56039 16.1516 50.3532
250 100 150
2 25 9857 0 39 12779 0
-9.51664 16.2159 50.8373
250 100 150
2 25 9859 0 39 12778 0
-10.5215 16.4741 51.582
250 100 150
2 25 9875 0 39 12785 0
-9.58474 16.3016 50.8226
250 100 150
2 25 9877 0 39 12792 0
-10.5384 16.8088 51.6691
250 100 150
2 25 9906 0 39 12811 0
-5.123 17.1914 49.9496
250 100 150
4 25 9933 0 30 11448 0 39 12845 0 48 11771 0
-11.2653 17.1617 52.1986
250 100 150
2 25 9939 0 39 12829 0
-5.074 17.3014 49.9032
250 100 150
4 25 9949 0 30 11462 0 39 12862 0 48 11785 0
-12.3187 17.3945 52.9017
250 100 150
2 25 9950 0 39 12833 0
-5.72405 17.2504 49.9784
250 100 150
4 25 9956 0 30 11458 0 39 12866 0 48 11783 0
-5.27663 17.3564 49.9459
250 100 150
3 25 9959 0 30 11466 0 48 11791 0
-12.1766 17.5089 52.8357
250 100 150
2 25 9967 0 39 12847 0
-5.88788 17.3225 49.9266
250 100 150
4 25 9971 0 30 11469 0 39 12879 0 48 11796 0
-5.7113 17.3691 49.9528
250 100 150
4 25 9972 0 30 11473 0 39 12882 0 48 11801 0
-8.25584 17.0958 50.2791
250 100 150
2 25 9975 0 48 11778 0
-5.85823 17.4742 49.9782
250 100 150
4 25 9984 0 30 11484 0 39 12890 0 48 11808 0
-5.73544 17.5035 49.9929
250 100 150
4 25 9985 0 30 11485 0 39 12892 0 48 11809 0
-8.4284 17.3275 50.2815
250 100 150
2 25 10003 0 39 12907 0
-6.70067 17.5811 50.0295
250 100 150
2 25 10011 0 39 12917 0
-6.82613 17.5613 50.0112
250 100 150
4 25 10014 0 30 11501 0 39 12920 0 48 11827 0
-6.57631 17.6429 50.0657
250 100 150
4 25 10016 0 30 11503 0 39 12921 0 48 11828 0
-6.77099 17.6826 49.9747
250 100 150
2 25 10030 0 39 12933 0
-8.43156 17.5321 50.219
250 100 150
2 25 10035 0 39 12932 0
-11.4922 17.9287 52.1836
250 100 150
2 25 10036 0 39 12919 0
-11.3752 17.9323 52.1163
250 100 150
2 25 10038 0 39 12922 0
-11.1764 17.9151 51.887
250 100 150
2 25 10044 0 39 12930 0
-11.3412 18.0288 52.0176
250 100 150
2 25 10053 0 39 12934 0
-7.46229 17.8774 50.1815
250 100 150
4 25 10058 0 30 11538 0 39 12955 0 48 11867 0
-8.18261 17.8004 50.2534
250 100 150
3 25 10064 0 39 12954 0 48 11853 0
-7.81461 17.8581 50.1999
250 100 150
4 25 10065 0 30 11537 0 39 12959 0 48 11866 0
-7.60063 17.906 50.2245
250 100 150
4 25 10066 0 30 11540 0 39 12960 0 48 11869 0
-8.08473 17.8194 50.202
250 100 150
4 25 10068 0 30 11535 0 39 12961 0 48 11862 0
-10.8888 18.1255 51.6989
250 100 150
2 25 10083 0 39 12956 0
-7.94472 18.0178 50.2102
250 100 150
4 25 10091 0 30 11553 0 39 12983 0 48 11884 0
-9.73751 18.5934 50.9157
250 100 150
4 25 10142 0 30 11588 0 39 13029 0 48 11923 0
-2.98436 -4.11737 58.0077
250 100 150
2 25 10277 0 39 13316 0
-5.19818 0.54969 54.9188
250 100 150
3 25 10445 0 37 8560 0 47 7686 0
-7.05195 0.529219 55.6664
250 100 150
2 25 10452 0 38 13599 0
-7.6857 0.990549 55.8043
250 100 150
2 25 10479 0 38 13647 0
-4.76303 1.22721 54.1841
250 100 150
4 23 10134 0 24 10448 0 25 10481 0 31 9865 0
-7.88606 1.03407 55.8633
250 100 150
2 25 10482 0 38 13653 0
-8.14529 1.12042 55.9127
250 100 150
2 25 10486 0 38 13659 0
-7.65965 1.16326 55.7462
250 100 150
2 25 10487 0 38 13660 0
-7.85412 1.19234 55.803
250 100 150
2 25 10490 0 38 13663 0
-4.803 1.48529 54.3314
250 100 150
2 25 10492 0 38 13669 0
-3.73807 1.62976 53.4442
250 100 150
2 25 10498 0 26 9123 0
-10.2646 1.8576 58.1012
250 100 150
2 25 10520 0 31 9910 0
-6.91266 2.32665 54.8759
250 100 150
2 25 10537 0 38 13732 0
-6.09392 2.47575 54.5403
250 100 150
2 25 10544 0 38 13738 0
-8.16326 2.39493 55.5127
250 100 150
2 25 10549 0 38 13752 0
-4.45534 2.65404 53.5483
250 100 150
2 25 10550 0 38 13749 0
-4.19134 2.68949 53.3804
250 100 150
2 25 10553 0 38 13750 0
-6.46985 2.59683 54.6118
250 100 150
2 25 10559 0 38 13758 0
-7.52243 2.59874 55.179
250 100 150
2 25 10567 0 38 13766 0
-4.12206 2.87046 53.3057
250 100 150
2 25 10570 0 38 13767 0
-8.1707 2.6812 55.4255
250 100 150
2 25 10572 0 38 13773 0
-2.88904 3.35753 52.7651
250 100 150
4 25 10591 0 30 12486 0 39 13969 0 48 12809 0
-7.64719 3.62879 54.6472
250 100 150
4 25 10635 0 31 10030 0 37 8756 0 47 7825 0
-5.45595 4.03588 53.4671
250 100 150
2 25 10651 0 38 13888 0
-5.03144 4.39614 53.1269
250 100 150
2 25 10675 0 38 13917 0
-4.86736 4.64201 52.9231
250 100 150
2 25 10697 0 38 13939 0
-4.8728 4.81142 52.8729
250 100 150
2 25 10716 0 38 13950 0
-4.6979 4.88049 52.7511
250 100 150
2 25 10724 0 38 13955 0
-1.75209 5.39269 52.647
250 100 150
2 26 10872 0 40 9734 0
-11.7255 5.23542 57.9373
250 100 150
2 25 10767 0 39 11237 0
-8.90134 5.08049 54.7732
250 100 150
2 25 10783 0 31 10175 0
-3.47829 5.74638 52.2434
250 100 150
2 25 10830 0 30 12745 0
-3.40668 8.16635 51.7017
250 100 150
4 25 11014 0 30 12895 0 39 14383 0 48 13225 0
-4.70498 8.42023 51.5225
250 100 150
2 25 11050 0 48 13248 0
-4.7953 8.78422 51.4527
250 100 150
3 25 11071 0 39 14430 0 48 13270 0
-5.11696 9.13503 51.5721
250 100 150
2 25 11096 0 39 14451 0
-5.27807 9.17031 51.429
250 100 150
2 25 11107 0 39 14457 0
-7.46394 9.99378 52.1301
250 100 150
2 25 11165 0 39 14516 0
-7.28039 10.1852 51.8123
250 100 150
2 25 11179 0 39 14526 0
-4.57336 10.7264 51.2382
250 100 150
4 25 11193 0 30 13044 0 39 14542 0 48 13366 0
-4.39334 10.7909 51.2126
250 100 150
3 25 11195 0 39 14545 0 48 13371 0
-6.96409 10.5747 51.4755
250 100 150
2 25 11203 0 39 14551 0
-4.61397 10.9963 51.144
250 100 150
4 25 11213 0 30 13055 0 39 14562 0 48 13383 0
-7.89313 10.8257 51.7597
250 100 150
2 25 11227 0 38 14489 0
-4.56903 11.1711 51.0707
250 100 150
4 25 11232 0 30 13066 0 39 14575 0 48 13396 0
-7.72252 11.1896 51.4749
250 100 150
2 25 11254 0 39 14597 0
-4.48882 11.5591 50.9683
250 100 150
4 25 11255 0 30 13089 0 39 14601 0 48 13423 0
-4.49968 11.6816 50.9378
250 100 150
4 25 11263 0 30 13100 0 39 14608 0 48 13433 0
-8.10586 11.4844 51.7077
250 100 150
2 25 11275 0 39 14616 0
-4.70311 11.784 50.9695
250 100 150
4 25 11276 0 30 13110 0 39 14619 0 48 13441 0
-4.57114 11.9201 50.9194
250 100 150
4 25 11287 0 30 13129 0 39 14640 0 48 13463 0
-7.70641 11.5644 51.3439
250 100 150
3 25 11292 0 39 14634 0 48 13440 0
-4.37513 11.9774 50.8996
250 100 150
2 25 11294 0 30 13132 0
-5.72761 11.8027 51.022
250 100 150
2 25 11296 0 39 14646 0
-5.85229 11.8356 51.0971
250 100 150
4 25 11300 0 30 13128 0 39 14649 0 48 13460 0
-6.03569 11.8259 51.0784
250 100 150
2 25 11302 0 48 13468 0
-5.47713 11.9244 51.05
250 100 150
4 25 11305 0 30 13136 0 39 14659 0 48 13474 0
-5.61584 11.9125 51.0093
250 100 150
5 25 11307 0 26 9918 0 30 13135 0 39 14663 0 48 13476 0
-5.32731 12.0786 50.9429
250 100 150
4 25 11322 0 30 13154 0 39 14679 0 48 13489 0
-7.47561 11.9162 51.1907
250 100 150
2 25 11329 0 39 14686 0
-7.6257 12.1111 51.2966
250 100 150
2 25 11341 0 39 14697 0
-11.1029 12.3572 53.4776
250 100 150
2 25 11345 0 39 14696 0
-5.67104 12.3348 50.9141
250 100 150
2 25 11346 0 30 13179 0
-7.76516 12.2513 51.237
250 100 150
2 25 11357 0 39 14713 0
-7.69735 12.4317 51.2253
250 100 150
2 25 11369 0 39 14732 0
-8.07101 12.596 51.3135
250 100 150
2 25 11385 0 39 14754 0
-7.2244 12.6564 50.9133
250 100 150
2 25 11390 0 39 14758 0
-10.8209 12.9427 52.9404
250 100 150
2 25 11401 0 39 14762 0
-8.03271 12.748 51.1172
250 100 150
2 25 11403 0 39 14772 0
-8.22104 12.7786 51.1841
250 100 150
2 25 11409 0 39 14771 0
-7.82546 12.8705 51.1182
250 100 150
2 25 11411 0 39 14777 0
-8.14305 13.0688 51.0617
250 100 150
2 25 11438 0 39 14799 0
-7.9169 13.0887 51.0457
250 100 150
2 25 11439 0 39 14800 0
-8.02376 13.2652 51.0705
250 100 150
2 25 11449 0 39 14812 0
-8.20825 13.313 51.0922
250 100 150
2 25 11458 0 39 14815 0
-7.60824 13.3799 50.8882
250 100 150
2 25 11463 0 39 14818 0
-5.24501 13.806 50.5402
250 100 150
4 25 11469 0 30 13317 0 39 14839 0 48 13649 0
-8.23627 13.5708 51.011
250 100 150
2 25 11480 0 39 14841 0
-5.64836 13.8796 50.5108
250 100 150
2 25 11487 0 39 14854 0
-8.39322 13.7059 51.1212
250 100 150
2 25 11492 0 39 14851 0
-8.55759 13.712 51.1203
250 100 150
2 25 11494 0 39 14856 0
-7.94117 13.9578 50.7125
250 100 150
2 25 11518 0 39 14885 0
-7.94 14.0681 50.6984
250 100 150
2 25 11525 0 39 14890 0
-8.1386 14.2392 50.7335
250 100 150
2 25 11542 0 39 14904 0
-8.31627 14.2596 50.7765
250 100 150
3 25 11545 0 39 14905 0 48 13706 0
-7.95944 14.3017 50.7215
250 100 150
2 25 11548 0 39 14908 0
-5.99173 14.5841 50.4213
250 100 150
4 25 11550 0 30 13378 0 39 14913 0 48 13713 0
-8.19416 14.4384 50.6951
250 100 150
3 25 11556 0 39 14916 0 48 13712 0
-7.01148 14.6053 50.4549
250 100 150
2 25 11557 0 39 14923 0
-8.01114 14.5534 50.6524
250 100 150
4 25 11560 0 30 13379 0 39 14922 0 48 13719 0
-8.32909 14.5645 50.7156
250 100 150
3 25 11562 0 39 14924 0 48 13720 0
-6.06597 14.8543 50.3382
250 100 150
4 25 11563 0 30 13402 0 39 14932 0 48 13738 0
-8.21456 14.6549 50.601
250 100 150
4 25 11566 0 30 13389 0 39 14931 0 48 13727 0
-7.88201 14.714 50.6124
250 100 150
3 25 11567 0 39 14934 0 48 13729 0
-8.54023 14.6665 50.74
250 100 150
3 25 11568 0 30 13387 0 48 13726 0
-8.03351 14.7091 50.5817
250 100 150
4 25 11569 0 30 13392 0 39 14937 0 48 13732 0
-6.02996 15.0502 50.3287
250 100 150
4 25 11576 0 30 13417 0 39 14954 0 48 13762 0
-8.51931 14.7986 50.6427
250 100 150
4 25 11587 0 30 13406 0 39 14952 0 48 13745 0
-8.5666 15.0278 50.6144
250 100 150
2 25 11601 0 39 14972 0
-6.44791 15.5333 50.2959
250 100 150
3 25 11624 0 39 15003 0 48 13799 0
-14.2667 16.4624 54.5404
250 100 150
3 25 11652 0 30 13430 0 39 15013 0
-8.68612 15.6925 50.578
250 100 150
2 25 11654 0 39 15020 0
-9.31219 15.821 50.6439
250 100 150
2 25 11661 0 39 15033 0
-9.14686 15.8765 50.6625
250 100 150
2 25 11662 0 39 15036 0
-8.82635 15.8868 50.5672
250 100 150
2 25 11663 0 39 15037 0
-13.3618 16.7012 54.0671
250 100 150
2 25 11665 0 39 15029 0
-9.33799 16.0032 50.6265
250 100 150
2 25 11671 0 39 15046 0
-8.90425 16.0474 50.5711
250 100 150
2 25 11672 0 39 15041 0
-9.16924 16.0427 50.596
250 100 150
2 25 11673 0 39 15047 0
-8.71698 16.0283 50.3906
250 100 150
2 25 11674 0 39 15048 0
-8.58162 16.1679 50.3351
250 100 150
2 25 11687 0 39 15055 0
-9.23864 16.264 50.6017
250 100 150
2 25 11694 0 39 15058 0
-11.2407 17.215 52.2176
250 100 150
2 25 11728 0 39 15081 0
-5.7136 17.1915 49.9559
250 100 150
4 25 11730 0 30 13537 0 39 15095 0 48 13893 0
-5.75256 17.3496 49.9224
250 100 150
4 25 11741 0 30 13549 0 39 15106 0 48 13905 0
-6.03715 17.4708 50.007
250 100 150
3 25 11748 0 39 15110 0 48 13912 0
-8.46085 17.3091 50.2684
250 100 150
2 25 11754 0 39 15118 0
-6.64895 17.5338 50.0094
250 100 150
3 25 11756 0 30 13563 0 48 13921 0
-6.84255 17.5257 50.0103
250 100 150
4 25 11757 0 30 13562 0 39 15122 0 48 13920 0
-11.5028 17.9236 52.1548
250 100 150
2 25 11771 0 39 15123 0
-11.3567 18.0533 52.0285
250 100 150
2 25 11787 0 39 15133 0
-8.15513 17.7893 50.2479
250 100 150
3 25 11790 0 39 15143 0 48 13940 0
-8.3894 17.793 50.2858
250 100 150
2 25 11791 0 39 15145 0
-8.58646 17.8457 50.2982
250 100 150
2 25 11795 0 48 13950 0
-8.0234 18.1669 50.2048
250 100 150
2 25 11813 0 30 13605 0
-8.2506 18.1453 50.1983
250 100 150
2 25 11814 0 48 13967 0
-9.6652 18.3509 50.8544
250 100 150
3 25 11824 0 30 13603 0 48 13970 0
-3.22323 0.828168 53.9208
250 100 150
2 25 12079 0 38 15615 0
-4.21547 2.06794 53.6372
250 100 150
2 25 12107 0 38 15677 0
-4.2703 2.28776 53.5919
250 100 150
2 25 12109 0 38 15684 0
-4.10959 2.81498 53.3211
250 100 150
2 25 12120 0 38 15705 0
-5.83341 3.584 53.9164
250 100 150
2 25 12151 0 38 15755 0
-5.96064 4.10368 53.6098
250 100 150
3 25 12179 0 38 15789 0 39 15867 0
-5.05325 4.18749 53.2251
250 100 150
2 25 12180 0 38 15786 0
-9.44742 4.34737 55.6503
250 100 150
3 25 12201 0 37 10322 0 47 9270 0
-4.65552 4.867 52.7404
250 100 150
3 25 12239 0 38 15840 0 39 15925 0
-2.32801 5.28711 52.6158
250 100 150
2 25 12254 0 30 14367 0
-2.1487 5.39514 52.5283
250 100 150
2 25 12265 0 30 14383 0
-4.89887 5.13408 52.7286
250 100 150
4 25 12275 0 38 15878 0 39 15960 0 48 14758 0
-2.34454 5.44729 52.4561
250 100 150
2 26 10898 0 30 14398 0
-5.09508 5.1852 52.7274
250 100 150
2 25 12296 0 38 15887 0
-4.80076 5.25552 52.4018
250 100 150
3 25 12317 0 39 15991 0 48 14782 0
-4.4556 5.40667 52.3026
250 100 150
2 25 12336 0 39 16010 0
-4.76918 5.45653 52.5147
250 100 150
3 25 12350 0 38 15922 0 39 16016 0
-3.28522 5.63921 52.3491
250 100 150
3 25 12351 0 26 10945 0 48 14814 0
-3.41719 5.87066 52.3748
250 100 150
2 25 12377 0 30 14478 0
-3.63964 5.86485 52.1511
250 100 150
5 25 12388 0 26 10984 0 30 14487 0 39 16044 0 48 14844 0
-3.85936 6.02947 52.0739
250 100 150
5 25 12415 0 26 11002 0 30 14503 0 39 16065 0 48 14864 0
-3.7456 6.12557 52.0692
250 100 150
4 25 12427 0 30 14506 0 39 16070 0 48 14866 0
-3.56316 6.28954 52.0655
250 100 150
3 25 12441 0 30 14517 0 48 14877 0
-3.66094 6.28603 52.0563
250 100 150
4 25 12445 0 30 14519 0 39 16083 0 48 14879 0
-4.93345 7.4859 51.7764
250 100 150
2 25 12534 0 39 16156 0
-9.26247 8.02104 53.6783
250 100 150
2 25 12588 0 30 12892 0
-3.56475 8.41989 51.7423
250 100 150
5 25 12591 0 26 11180 0 30 14686 0 39 16213 0 48 15011 0
-6.35664 8.13713 52.1173
250 100 150
2 25 12595 0 39 16214 0
-3.78228 8.90373 51.5853
250 100 150
4 25 12631 0 30 14731 0 39 16249 0 48 15046 0
-4.80691 8.7919 51.4529
250 100 150
3 25 12636 0 39 16251 0 48 15051 0
-4.96154 8.95231 51.4583
250 100 150
3 25 12647 0 39 16259 0 48 15059 0
-7.31433 10.1813 51.7652
250 100 150
2 25 12747 0 39 16343 0
-11.3174 10.6156 54.3554
250 100 150
2 25 12757 0 39 16350 0
-4.80205 11.0918 51.0821
250 100 150
4 25 12786 0 30 14861 0 39 16384 0 48 15160 0
-7.74826 11.2184 51.4837
250 100 150
2 25 12814 0 39 16414 0
-4.5247 11.6168 50.9905
250 100 150
4 25 12817 0 30 14902 0 39 16421 0 48 15205 0
-8.11711 11.5284 51.6824
250 100 150
2 25 12834 0 39 16440 0
-5.64874 11.7952 51.2029
250 100 150
2 25 12835 0 48 15223 0
-4.5722 11.9397 50.9147
250 100 150
4 25 12843 0 30 14942 0 39 16461 0 48 15242 0
-7.789 11.6391 51.5259
250 100 150
2 25 12844 0 39 16450 0
-5.87375 11.7953 51.0071
250 100 150
3 25 12846 0 39 16464 0 48 15237 0
-5.46127 11.8966 50.9694
250 100 150
4 25 12850 0 30 14943 0 39 16474 0 48 15246 0
-5.62482 11.8987 50.9789
250 100 150
4 25 12852 0 30 14948 0 39 16477 0 48 15249 0
-5.91625 11.8737 50.9864
250 100 150
3 25 12861 0 39 16476 0 48 15248 0
-5.06181 12.0052 50.9144
250 100 150
4 25 12862 0 30 14954 0 39 16482 0 48 15254 0
-9.97205 11.9773 52.7338
250 100 150
2 25 12871 0 48 13465 0
-7.48881 11.9209 51.2084
250 100 150
2 25 12872 0 39 16494 0
-8.095 11.9955 51.6383
250 100 150
2 25 12875 0 39 16493 0
-7.95389 12.1735 51.3471
250 100 150
2 25 12891 0 39 16515 0
-7.79966 12.2644 51.2259
250 100 150
2 25 12898 0 39 16522 0
-11.1494 12.5303 53.374
250 100 150
2 25 12899 0 39 16518 0
-7.08875 12.6192 51.0699
250 100 150
2 25 12914 0 39 16540 0
-8.06104 12.5776 51.2894
250 100 150
2 25 12917 0 39 16542 0
-7.85316 12.6203 51.1452
250 100 150
2 25 12919 0 39 16544 0
-8.29064 12.6164 51.3073
250 100 150
2 25 12921 0 39 16545 0
-6.1819 12.8714 50.8388
250 100 150
4 25 12922 0 30 15026 0 39 16553 0 48 15334 0
-8.24324 12.7972 51.1611
250 100 150
2 25 12930 0 39 16560 0
-7.43353 12.8548 50.9933
250 100 150
2 25 12931 0 39 16557 0
-6.71954 13.0207 50.8572
250 100 150
2 25 12936 0 39 16569 0
-6.4454 13.0344 50.755
250 100 150
4 25 12937 0 30 15045 0 39 16570 0 48 15350 0
-7.27409 13.0412 50.8199
250 100 150
2 25 12945 0 39 16580 0
-7.93265 13.0446 51.0734
250 100 150
2 25 12947 0 39 16578 0
-8.1803 13.0395 51.0049
250 100 150
2 25 12950 0 39 16584 0
-7.57582 13.1135 50.9455
250 100 150
2 25 12951 0 39 16585 0
-7.9996 13.3178 51.0934
250 100 150
2 25 12958 0 39 16601 0
-8.23493 13.4022 51.1593
250 100 150
2 25 12966 0 39 16609 0
-7.6316 13.5342 50.839
250 100 150
2 25 12971 0 39 16622 0
-8.2407 13.5488 51.0701
250 100 150
2 25 12974 0 39 16620 0
-7.74354 13.6027 50.8152
250 100 150
2 25 12981 0 39 16628 0
-7.40852 13.7828 50.8024
250 100 150
2 25 12985 0 39 16636 0
-8.37302 13.7486 51.0894
250 100 150
2 25 12988 0 39 16635 0
-5.62065 14.0454 50.5278
250 100 150
4 25 12994 0 30 15117 0 39 16646 0 48 15415 0
-7.93969 13.9465 50.7207
250 100 150
2 25 13010 0 39 16654 0
-8.36921 13.8766 50.3766
250 100 150
2 25 13019 0 39 16662 0
-7.91886 14.26 50.7038
250 100 150
2 25 13032 0 39 16670 0
-8.33466 14.248 50.7206
250 100 150
2 25 13037 0 39 16674 0
-8.22148 14.4263 50.68
250 100 150
2 25 13045 0 39 16681 0
-7.97271 14.5328 50.6356
250 100 150
4 25 13047 0 30 15143 0 39 16684 0 48 15448 0
-8.2244 14.6785 50.5837
250 100 150
4 25 13056 0 30 15152 0 39 16692 0 48 15458 0
-7.76098 14.8579 50.5656
250 100 150
3 25 13062 0 39 16701 0 48 15469 0
-9.18248 14.8436 51.1161
250 100 150
2 25 13063 0 39 16696 0
-8.57922 14.8466 50.6744
250 100 150
4 25 13068 0 30 15164 0 39 16704 0 48 15470 0
-8.64267 15.4279 50.527
250 100 150
2 25 13093 0 39 16735 0
-5.62345 17.0624 50.0299
250 100 150
4 25 13141 0 30 15260 0 39 16800 0 48 15567 0
-4.85226 17.1606 49.8603
250 100 150
2 25 13142 0 30 15265 0
-12.0816 17.4798 52.9295
250 100 150
2 25 13154 0 39 16802 0
-8.22374 17.6055 50.222
250 100 150
4 25 13196 0 30 15284 0 39 16850 0 48 15602 0
-8.16529 17.7799 50.3121
250 100 150
4 25 13203 0 30 15292 0 39 16860 0 48 15609 0
-8.14159 17.966 50.2302
250 100 150
4 25 13214 0 30 15310 0 39 16868 0 48 15626 0
-7.90573 18.0189 50.1382
250 100 150
2 25 13216 0 39 16872 0
-8.02186 18.171 50.2111
250 100 150
2 25 13223 0 48 15637 0
-5.44174 4.1293 53.4734
250 100 150
2 25 13401 0 38 17152 0
-9.00202 4.14268 55.3284
250 100 150
2 25 13405 0 39 17252 0
-9.5286 4.38392 55.7088
250 100 150
3 25 13411 0 31 12983 0 37 11535 0
-2.39548 5.45252 52.8967
250 100 150
2 25 13444 0 30 15690 0
-2.99952 5.392 52.5802
250 100 150
2 25 13452 0 26 12198 0
-3.22533 5.60407 52.3629
250 100 150
2 25 13468 0 30 15717 0
-2.99926 5.60045 52.1471
250 100 150
2 25 13469 0 30 15718 0
-3.94413 5.55089 52.2394
250 100 150
4 25 13471 0 30 15720 0 39 17298 0 48 16028 0
-3.59184 5.90018 52.1556
250 100 150
5 25 13487 0 26 12226 0 30 15726 0 39 17308 0 48 16036 0
-3.93299 6.14979 52.0435
250 100 150
2 25 13503 0 48 16043 0
-4.9024 8.87158 51.5533
250 100 150
2 25 13600 0 39 17383 0
-7.61333 9.0093 52.53
250 100 150
2 25 13610 0 39 17393 0
-5.87923 11.6678 51.2012
250 100 150
4 25 13681 0 30 15853 0 39 17458 0 48 16162 0
-5.45991 11.7054 50.9231
250 100 150
4 25 13684 0 30 15854 0 39 17464 0 48 16164 0
-7.78844 11.57 51.5476
250 100 150
2 25 13687 0 39 17463 0
-11.3605 11.9447 53.8458
250 100 150
2 25 13694 0 39 17466 0
-5.75118 11.8068 50.824
250 100 150
2 25 13695 0 39 17474 0
-5.03584 12.0477 50.9043
250 100 150
4 25 13698 0 30 15871 0 39 17480 0 48 16179 0
-5.48541 12.0859 50.9183
250 100 150
4 25 13700 0 30 15876 0 39 17486 0 48 16186 0
-8.05636 11.928 51.6523
250 100 150
2 25 13702 0 39 17484 0
-6.75582 11.9528 50.9679
250 100 150
2 25 13704 0 39 17488 0
-11.0845 12.3826 53.5588
250 100 150
2 25 13711 0 39 17495 0
-7.55595 12.1705 51.2942
250 100 150
2 25 13713 0 39 17499 0
-7.03566 12.5582 50.9425
250 100 150
2 25 13723 0 39 17509 0
-8.29695 12.8655 51.1893
250 100 150
2 25 13730 0 39 17516 0
-7.96109 12.9309 51.1213
250 100 150
2 25 13734 0 39 17518 0
-7.56988 12.9214 50.9888
250 100 150
2 25 13735 0 39 17519 0
-6.48608 13.1253 50.7275
250 100 150
4 25 13739 0 30 15921 0 39 17524 0 48 16221 0
-8.23893 13.089 51.1
250 100 150
2 25 13740 0 39 17527 0
-7.95104 13.4041 51.1565
250 100 150
2 25 13748 0 39 17536 0
-7.09307 13.4768 50.8288
250 100 150
2 25 13752 0 39 17537 0
-8.34447 13.7444 50.8829
250 100 150
2 25 13765 0 39 17549 0
-8.09657 13.8184 50.7357
250 100 150
2 25 13766 0 39 17551 0
-7.7687 14.0548 50.6144
250 100 150
2 25 13772 0 39 17558 0
-8.17449 14.108 50.7664
250 100 150
2 25 13774 0 39 17559 0
-8.35012 14.3447 50.5972
250 100 150
2 25 13783 0 39 17569 0
-7.80839 14.5034 50.5049
250 100 150
4 25 13787 0 30 15967 0 39 17571 0 48 16262 0
-8.67608 14.742 50.9383
250 100 150
2 25 13792 0 39 17576 0
-8.27023 14.8253 50.679
250 100 150
2 25 13798 0 39 17581 0
-8.88294 15.7401 50.5447
250 100 150
2 25 13822 0 39 17604 0
-13.3546 16.722 53.9213
250 100 150
2 25 13825 0 39 17606 0
-8.72524 16.0991 50.2224
250 100 150
2 25 13832 0 39 17614 0
-4.89226 17.1251 49.9067
250 100 150
2 25 13840 0 30 16017 0
-12.8827 17.6726 53.0295
250 100 150
2 25 13853 0 39 17633 0
-8.29145 17.2752 50.2781
250 100 150
2 25 13856 0 39 17640 0
-8.61542 17.2722 50.1793
250 100 150
2 25 13857 0 39 17641 0
-8.15854 17.5953 50.2373
250 100 150
4 25 13861 0 30 16026 0 39 17645 0 48 16325 0
-6.88646 17.8704 50.2577
250 100 150
2 25 13863 0 48 16329 0
-7.45296 17.83 50.1193
250 100 150
2 25 13868 0 39 17648 0
-7.58308 18.1208 50.1344
250 100 150
2 25 13876 0 30 16040 0
-2.93428 5.64238 52.3723
250 100 150
3 25 13997 0 26 12730 0 48 16528 0
-4.57503 5.58411 52.0965
250 100 150
2 25 14005 0 39 17845 0
-3.07774 5.86299 52.1606
250 100 150
2 25 14008 0 48 16535 0
-3.52698 5.93903 52.1574
250 100 150
4 25 14013 0 26 12746 0 30 16278 0 48 16538 0
-2.59866 6.08937 52.4187
250 100 150
4 25 14014 0 26 12745 0 30 16276 0 48 16537 0
-3.75971 6.31934 52.0292
250 100 150
3 25 14029 0 26 12755 0 39 17856 0
-3.95882 6.30132 51.9993
250 100 150
3 25 14032 0 26 12759 0 48 16546 0
-3.43866 6.61575 52.0268
250 100 150
5 25 14035 0 26 12765 0 30 16294 0 39 17861 0 48 16548 0
-3.59109 7.19548 51.8998
250 100 150
5 25 14043 0 26 12778 0 30 16310 0 39 17867 0 48 16554 0
-4.92381 8.78746 51.3158
250 100 150
3 25 14080 0 39 17891 0 48 16578 0
-5.21643 9.1258 51.9485
250 100 150
2 25 14084 0 39 17894 0
-5.57117 9.31057 51.7542
250 100 150
2 25 14088 0 39 17899 0
-3.55427 9.6318 51.4861
250 100 150
4 25 14091 0 30 16343 0 39 17902 0 48 16587 0
2.24722 15.7419 64.6458
250 100 150
2 25 14100 0 39 17911 0
-4.81859 10.8035 51.2687
250 100 150
4 25 14106 0 30 16353 0 39 17915 0 48 16597 0
-10.5425 11.1178 53.5722
250 100 150
2 25 14112 0 30 15834 0
-5.67286 11.211 51.1096
250 100 150
2 25 14115 0 39 17930 0
-11.1062 12.3787 53.6667
250 100 150
2 25 14140 0 39 17954 0
-7.52275 12.2102 51.2609
250 100 150
2 25 14143 0 39 17957 0
-7.0402 12.5972 51.001
250 100 150
2 25 14151 0 39 17963 0
-7.10869 13.0299 50.8719
250 100 150
2 25 14166 0 39 17975 0
-7.89131 13.3841 50.9969
250 100 150
2 25 14175 0 39 17985 0
-7.72322 13.3989 50.7241
250 100 150
2 25 14179 0 39 17991 0
-8.39234 14.4188 50.7109
250 100 150
2 25 14198 0 39 18012 0
-8.83003 14.7174 50.8322
250 100 150
2 25 14202 0 39 18016 0
-8.28182 14.9171 50.7391
250 100 150
4 25 14204 0 30 16450 0 39 18019 0 48 16684 0
-5.57287 5.08625 52.8388
250 100 150
2 25 14231 0 38 17753 0
-7.13505 3.72287 54.3113
250 100 150
2 25 14250 0 38 18046 0
-9.00649 4.56076 55.1996
250 100 150
4 25 14256 0 31 13899 0 37 12398 0 47 11230 0
-3.93424 5.07432 51.8477
250 100 150
2 39 18091 0 48 16776 0
-2.91572 5.47051 52.2672
250 100 150
3 25 14264 0 26 13052 0 30 16546 0
-2.54596 5.87218 52.5699
250 100 150
2 25 14266 0 48 16778 0
-4.14202 5.7241 52.144
250 100 150
4 25 14268 0 30 16548 0 39 18093 0 48 16779 0
-3.4094 6.08106 52.1648
250 100 150
5 25 14270 0 26 13061 0 30 16550 0 39 18095 0 48 16781 0
-3.37625 6.41125 52.0828
250 100 150
5 25 14272 0 26 13064 0 30 16552 0 39 18096 0 48 16782 0
-3.70732 9.63576 51.4893
250 100 150
4 25 14285 0 30 16566 0 39 18108 0 48 16791 0
-6.33774 11.2741 51.1603
250 100 150
4 25 14293 0 30 16570 0 39 18113 0 48 16795 0
-6.87564 11.8644 50.9966
250 100 150
2 25 14299 0 39 18117 0
-5.81353 12.123 50.8923
250 100 150
4 25 14300 0 30 16576 0 39 18118 0 48 16801 0
-7.45278 12.3217 51.222
250 100 150
2 25 14301 0 39 18120 0
-6.90139 12.8239 50.9826
250 100 150
3 25 14303 0 39 18123 0 48 16804 0
-6.99314 13.6273 50.8681
250 100 150
2 25 14308 0 39 18129 0
-8.28599 13.8666 50.7912
250 100 150
2 25 14312 0 39 18133 0
-4.93374 16.9457 49.981
250 100 150
4 25 14321 0 30 16595 0 39 18147 0 48 16820 0
-4.48946 5.03976 52.9131
250 100 150
2 25 14328 0 39 18161 0
-4.23668 5.82704 52.1444
250 100 150
4 25 14329 0 30 16610 0 39 18163 0 48 16840 0
-3.29074 6.19873 52.1478
250 100 150
4 25 14331 0 30 16611 0 39 18164 0 48 16841 0
-3.75965 7.1637 51.9283
250 100 150
4 25 14333 0 30 16612 0 39 18165 0 48 16842 0
-3.30963 7.82292 51.8878
250 100 150
3 25 14334 0 39 18166 0 48 16843 0
-3.49961 8.70876 51.7887
250 100 150
2 25 14336 0 39 18168 0
-4.67664 10.5175 51.3485
250 100 150
2 25 14339 0 48 16847 0
-6.05544 12.1732 50.9632
250 100 150
3 25 14342 0 39 18172 0 48 16850 0
-8.84419 12.2814 51.7288
250 100 150
2 25 14357 0 39 18196 0
-9.08096 17.806 50.5178
250 100 150
2 25 15003 0 39 19625 0
-12.054 13.0522 53.8263
250 100 150
2 25 15110 0 39 19110 0
-6.15983 14.4256 50.4003
250 100 150
2 25 15996 0 39 20209 0
-3.1763 3.2554 52.8689
250 100 150
2 25 16377 0 30 17851 0
-2.95793 7.94996 51.9464
250 100 150
3 25 16449 0 30 18525 0 48 18933 0
-1.54247 1.92858 53.256
250 100 150
2 26 627 0 40 1074 0
-3.03576 11.9698 51.2388
250 100 150
2 26 2014 0 40 1997 0
-3.25842 12.0323 51.032
250 100 150
2 26 2041 0 40 2010 0
-3.2108 12.0684 51.0831
250 100 150
2 26 2051 0 40 2018 0
-3.29795 12.7246 51.0426
250 100 150
2 26 2196 0 40 2096 0
-3.24932 12.7419 51.0735
250 100 150
2 26 2197 0 40 2100 0
-3.51621 12.7288 50.8163
250 100 150
2 26 2218 0 40 2108 0
-2.1317 4.09653 52.718
250 100 150
4 26 4090 0 30 5934 0 39 6792 0 48 6172 0
-3.05079 11.8868 51.2539
250 100 150
2 26 4823 0 40 4588 0
-5.22185 11.758 50.9174
250 100 150
2 26 4852 0 40 4586 0
-3.2163 12.0024 51.09
250 100 150
2 26 4866 0 40 4613 0
-3.07165 12.1208 51.221
250 100 150
2 26 4881 0 40 4628 0
-3.12901 12.1645 51.1574
250 100 150
2 26 4895 0 40 4633 0
-3.3156 12.5585 50.9822
250 100 150
2 26 4981 0 40 4689 0
-3.28304 12.674 51.0601
250 100 150
2 26 4994 0 40 4703 0
-4.18217 13.0249 50.7632
250 100 150
4 26 5109 0 30 7125 0 39 8168 0 48 7380 0
-4.23016 14.2509 50.556
250 100 150
2 26 5371 0 40 4946 0
-4.10854 14.4515 50.5911
250 100 150
2 26 5410 0 40 4976 0
-4.29978 15.2866 50.4195
250 100 150
2 26 5572 0 40 5071 0
-2.16374 1.92276 53.1083
250 100 150
4 26 6753 0 30 9477 0 39 10702 0 48 9710 0
-2.0384 1.98624 53.1217
250 100 150
4 26 6758 0 30 9483 0 39 10706 0 48 9719 0
-2.52011 2.70957 52.9594
250 100 150
3 26 6808 0 30 9571 0 48 9828 0
-2.69753 2.74706 52.9338
250 100 150
4 26 6811 0 30 9584 0 39 10823 0 48 9841 0
-2.68486 2.8783 52.9146
250 100 150
3 26 6830 0 30 9611 0 39 10848 0
-2.57694 2.98236 52.8726
250 100 150
3 26 6841 0 39 10868 0 48 9878 0
-3.58247 3.22582 52.9041
250 100 150
4 26 6871 0 30 9662 0 39 10918 0 48 9927 0
-2.68984 3.5159 52.7444
250 100 150
2 26 6892 0 39 10956 0
-2.56282 3.54263 52.7635
250 100 150
4 26 6893 0 30 9702 0 39 10961 0 48 9973 0
-2.42956 3.67388 52.7338
250 100 150
4 26 6902 0 30 9724 0 39 10980 0 48 9992 0
-1.98227 3.82287 52.8129
250 100 150
4 26 6913 0 30 9739 0 39 10996 0 48 10007 0
-1.99657 3.94046 52.7869
250 100 150
4 26 6928 0 30 9754 0 39 11022 0 48 10024 0
-2.2554 3.95228 52.7089
250 100 150
5 20 3118 0 26 6933 0 30 9762 0 39 11030 0 48 10029 0
-2.14029 4.06683 52.7455
250 100 150
4 26 6940 0 30 9776 0 39 11039 0 48 10043 0
-2.00539 4.12888 52.7597
250 100 150
4 26 6942 0 30 9780 0 39 11045 0 48 10049 0
-1.97748 4.28525 52.7581
250 100 150
2 26 6946 0 39 11061 0
-2.11576 4.28328 52.7167
250 100 150
5 26 6948 0 27 4918 0 30 9800 0 39 11065 0 48 10070 0
-2.05135 4.37649 52.744
250 100 150
4 26 6957 0 30 9816 0 39 11077 0 48 10083 0
-1.93819 4.55709 52.7036
250 100 150
2 26 6969 0 30 9836 0
-2.16342 4.63073 52.63
250 100 150
5 26 6976 0 27 4945 0 30 9845 0 39 11122 0 48 10115 0
-2.08537 4.71465 52.653
250 100 150
3 26 6978 0 39 11131 0 48 10128 0
-3.86333 4.58769 52.4841
250 100 150
2 26 6987 0 48 10139 0
-3.09075 7.62935 51.8935
250 100 150
4 26 7275 0 30 10185 0 39 11493 0 48 10454 0
-3.19053 7.72999 51.8438
250 100 150
4 26 7287 0 30 10206 0 39 11506 0 48 10471 0
-3.05584 7.74756 51.8774
250 100 150
4 26 7288 0 30 10205 0 39 11504 0 48 10469 0
-3.22265 8.06193 51.7872
250 100 150
4 26 7341 0 30 10256 0 39 11559 0 48 10521 0
-3.28939 9.05247 51.6059
250 100 150
4 26 7475 0 30 10367 0 39 11666 0 48 10636 0
-3.38201 9.16177 51.5605
250 100 150
4 26 7488 0 30 10382 0 39 11679 0 48 10648 0
-3.47262 9.29488 51.524
250 100 150
3 26 7499 0 30 10397 0 48 10660 0
-6.97971 9.28091 51.9929
250 100 150
4 26 7523 0 31 8155 0 37 7088 0 47 6316 0
-3.13246 10.2051 51.3831
250 100 150
3 26 7599 0 30 10476 0 48 10748 0
-8.33997 10.8752 52.0297
250 100 150
2 26 7711 0 47 6450 0
-3.06852 11.8846 51.2636
250 100 150
3 26 7846 0 27 5701 0 40 7261 0
-3.22318 11.9954 51.1109
250 100 150
2 26 7881 0 40 7283 0
-3.15082 12.1588 51.1845
250 100 150
2 26 7903 0 40 7305 0
-3.35994 12.1292 50.9773
250 100 150
2 26 7913 0 40 7308 0
-3.26384 12.1735 51.0354
250 100 150
2 26 7916 0 40 7315 0
-3.43049 12.2557 50.9513
250 100 150
2 26 7941 0 40 7324 0
-3.30677 12.5505 50.9866
250 100 150
2 26 7980 0 40 7355 0
-3.36691 12.8931 50.9881
250 100 150
2 26 8045 0 40 7400 0
-4.22527 14.2452 50.5668
250 100 150
2 26 8314 0 40 7588 0
-8.34228 12.3378 51.5416
250 100 150
4 26 8812 0 31 8596 0 37 7444 0 47 6703 0
0.042552 0.670619 54.0372
250 100 150
4 26 9063 0 30 12242 0 39 13706 0 48 12562 0
-2.65953 2.05026 53.1047
250 100 150
4 26 9141 0 30 12390 0 39 13863 0 48 12708 0
-2.40525 2.12912 53.1142
250 100 150
4 26 9142 0 30 12395 0 39 13868 0 48 12714 0
-2.70779 3.33124 52.8135
250 100 150
4 26 9191 0 30 12477 0 39 13965 0 48 12801 0
-2.40808 3.63708 52.7344
250 100 150
4 26 9212 0 30 12512 0 39 13992 0 48 12835 0
-2.36109 3.80009 52.6943
250 100 150
5 20 4829 0 26 9223 0 30 12529 0 39 14011 0 48 12852 0
-2.5772 3.80972 52.7027
250 100 150
4 26 9225 0 30 12532 0 39 14016 0 48 12855 0
-2.15496 4.27453 52.692
250 100 150
6 20 4850 0 26 9243 0 27 6624 0 30 12563 0 39 14041 0 48 12886 0
-1.9852 4.31894 52.7475
250 100 150
2 26 9244 0 39 14044 0
-1.69428 4.88536 52.7473
250 100 150
4 26 9269 0 30 12600 0 39 14087 0 48 12929 0
-1.57578 5.00362 52.8026
250 100 150
4 26 9276 0 30 12610 0 40 8490 0 48 12940 0
-1.23742 5.15089 53.1215
250 100 150
2 26 9278 0 40 8496 0
-2.1421 4.95214 52.572
250 100 150
5 26 9280 0 27 6669 0 30 12620 0 39 14102 0 48 12948 0
-1.76228 5.0332 52.7348
250 100 150
4 26 9281 0 27 6670 0 30 12622 0 48 12950 0
-1.97158 4.98412 52.5814
250 100 150
6 26 9283 0 27 6672 0 30 12621 0 39 14103 0 40 8499 0 48 12949 0
-2.99476 5.10379 53.0133
250 100 150
2 26 9294 0 48 12979 0
-1.68105 5.31367 52.7215
250 100 150
2 26 9304 0 40 8525 0
-1.38148 5.48421 53.0146
250 100 150
2 26 9313 0 40 8531 0
-4.15592 5.25913 52.328
250 100 150
2 26 9333 0 39 14175 0
-3.40465 5.31985 52.2346
250 100 150
2 26 9335 0 39 14171 0
-6.51547 5.84 53.0924
250 100 150
3 26 9393 0 31 10207 0 47 7980 0
-2.39028 6.78261 52.258
250 100 150
2 26 9447 0 48 13122 0
-3.16197 7.37587 51.9005
250 100 150
4 26 9490 0 30 12825 0 39 14329 0 48 13160 0
-3.18096 7.7825 51.8301
250 100 150
4 26 9523 0 30 12859 0 39 14343 0 48 13187 0
-3.12274 7.9805 51.8145
250 100 150
3 26 9542 0 30 12878 0 48 13209 0
-3.57596 8.36688 51.6789
250 100 150
4 26 9584 0 30 12911 0 39 14399 0 48 13240 0
-3.44438 9.29428 51.495
250 100 150
3 26 9655 0 39 14445 0 48 13292 0
-7.16164 9.14145 52.1384
250 100 150
3 26 9656 0 31 10441 0 47 8211 0
-7.39712 9.18184 52.2367
250 100 150
5 18 2070 0 26 9657 0 31 10448 0 37 9147 0 47 8221 0
-3.5135 9.82424 51.3884
250 100 150
2 26 9695 0 30 12995 0
-6.87341 9.71711 51.7741
250 100 150
3 26 9704 0 31 10474 0 47 8250 0
-7.42114 9.95466 51.9583
250 100 150
3 26 9719 0 31 10487 0 47 8261 0
-7.31152 10.1727 51.8283
250 100 150
3 26 9736 0 31 10494 0 47 8267 0
-8.4437 10.9137 52.203
250 100 150
3 26 9786 0 31 10561 0 47 8333 0
-7.76182 11.0085 51.732
250 100 150
4 26 9809 0 31 10554 0 37 9256 0 47 8322 0
-8.40693 11.209 52.0619
250 100 150
2 26 9828 0 31 10610 0
-8.11093 11.5191 51.729
250 100 150
3 26 9865 0 31 10638 0 47 8393 0
-3.22159 11.9669 51.124
250 100 150
2 26 9900 0 40 8879 0
-3.24477 12.2067 51.0265
250 100 150
2 26 9940 0 40 8895 0
-3.44185 12.2807 50.997
250 100 150
2 26 9952 0 40 8900 0
-2.34122 1.74226 53.1824
250 100 150
3 26 10725 0 39 15734 0 48 14527 0
-2.7528 2.9618 52.8595
250 100 150
3 26 10751 0 39 15788 0 48 14580 0
-2.87647 3.1339 52.8585
250 100 150
2 26 10754 0 39 15797 0
-2.67331 3.30566 52.8219
250 100 150
4 26 10760 0 30 14226 0 39 15808 0 48 14595 0
-1.53516 4.86456 52.868
250 100 150
4 26 10814 0 30 14305 0 39 15884 0 48 14678 0
-1.63313 4.94436 52.8174
250 100 150
4 26 10823 0 27 7605 0 39 15890 0 48 14687 0
-2.22457 4.86174 52.5816
250 100 150
6 20 6084 0 26 10825 0 27 7607 0 30 14318 0 39 15893 0 48 14691 0
-1.80583 5.06413 52.8381
250 100 150
3 26 10836 0 27 7619 0 40 9687 0
-1.29819 5.16176 52.9956
250 100 150
3 26 10837 0 27 7621 0 40 9688 0
-2.26238 5.03962 52.5237
250 100 150
4 26 10843 0 30 14337 0 39 15912 0 48 14711 0
-3.10976 5.26084 53.0419
250 100 150
2 26 10866 0 30 14371 0
-3.8555 5.19322 52.3891
250 100 150
3 26 10886 0 39 15961 0 48 14755 0
-3.54525 5.20995 52.2174
250 100 150
3 26 10887 0 30 14390 0 48 14756 0
-3.56359 5.60139 52.3054
250 100 150
2 26 10951 0 48 14818 0
-3.34168 5.71489 52.257
250 100 150
3 26 10965 0 30 14465 0 39 16028 0
-3.12505 5.75481 52.2306
250 100 150
2 26 10968 0 48 14829 0
-3.4448 5.73468 52.152
250 100 150
2 26 10972 0 48 14834 0
-6.19591 5.6632 52.9717
250 100 150
4 18 2436 0 26 10977 0 31 11817 0 47 9393 0
-6.17205 6.00447 52.8897
250 100 150
2 26 11005 0 31 11838 0
-3.73412 6.17618 52.0416
250 100 150
2 26 11013 0 48 14872 0
-3.77433 6.58406 51.9471
250 100 150
3 26 11047 0 30 14542 0 48 14908 0
-3.47995 7.91553 51.7686
250 100 150
4 26 11131 0 30 14641 0 39 16167 0 48 14977 0
-3.1033 8.01714 51.8025
250 100 150
4 26 11137 0 30 14648 0 39 16170 0 48 14980 0
-7.0288 9.28154 52.0288
250 100 150
3 26 11258 0 31 12048 0 47 9602 0
-3.43109 9.61844 51.4739
250 100 150
4 26 11270 0 30 14777 0 39 16296 0 48 15090 0
-6.85912 9.80674 51.7394
250 100 150
3 26 11294 0 31 12087 0 47 9634 0
-7.35983 9.94627 51.9259
250 100 150
3 26 11302 0 31 12096 0 47 9645 0
-7.74973 11.0013 51.7149
250 100 150
4 26 11406 0 31 12171 0 37 10754 0 47 9723 0
-5.97717 11.664 51.1806
250 100 150
4 26 11485 0 30 14911 0 39 16438 0 48 15217 0
-5.73084 11.8897 51.2577
250 100 150
5 25 12841 0 26 11503 0 30 14937 0 39 16459 0 48 15238 0
-5.75847 11.8157 50.9404
250 100 150
2 26 11506 0 48 15243 0
-5.81775 11.9542 51.0521
250 100 150
2 26 11517 0 48 15253 0
-1.8908 4.93373 53.2141
250 100 150
2 26 12162 0 30 15661 0
-1.97543 5.00391 52.5776
250 100 150
2 26 12168 0 30 15667 0
-2.50523 4.98237 52.3482
250 100 150
2 26 12172 0 30 15670 0
-2.38505 5.25952 52.9007
250 100 150
2 26 12181 0 30 15679 0
-3.78442 5.12408 52.4343
250 100 150
4 26 12188 0 30 15688 0 39 17283 0 48 16003 0
-3.2834 5.43117 52.3771
250 100 150
3 26 12208 0 39 17292 0 48 16021 0
-2.56737 6.12919 52.2722
250 100 150
2 26 12230 0 30 15728 0
-6.16159 6.02093 52.8851
250 100 150
2 26 12233 0 31 13046 0
-3.64639 6.37295 52.0583
250 100 150
2 26 12241 0 48 16047 0
-3.48295 6.69428 51.9986
250 100 150
4 26 12252 0 30 15747 0 39 17329 0 48 16052 0
-3.22363 7.48512 51.8538
250 100 150
4 26 12266 0 30 15772 0 39 17343 0 48 16065 0
-3.5164 8.43755 51.7168
250 100 150
4 26 12290 0 30 15793 0 39 17369 0 48 16094 0
-3.59411 8.78876 51.5975
250 100 150
4 26 12300 0 30 15801 0 39 17376 0 48 16101 0
-3.56809 8.90452 51.5757
250 100 150
3 26 12305 0 30 15803 0 39 17382 0
-7.6775 10.9869 51.7416
250 100 150
4 26 12377 0 31 13187 0 37 11703 0 47 10597 0
-3.57487 5.34822 52.6135
250 100 150
2 26 12715 0 30 16253 0
-3.08154 5.66696 52.2102
250 100 150
2 26 12731 0 30 16266 0
-2.99783 5.89531 52.6972
250 100 150
2 26 12735 0 30 16271 0
-2.60212 6.82098 52.1325
250 100 150
2 26 12768 0 30 16297 0
-3.42511 7.65411 51.796
250 100 150
4 26 12793 0 30 16318 0 39 17871 0 48 16560 0
-3.63749 10.2541 51.2591
250 100 150
2 26 12860 0 30 16345 0
-5.89985 11.2943 51.5734
250 100 150
2 30 16362 0 48 16605 0
-5.46722 18.1697 49.8889
250 100 150
4 26 13019 0 30 16488 0 39 18050 0 48 16723 0
-2.98727 4.72758 52.5994
250 100 150
2 26 13044 0 48 16768 0
-2.63882 6.76106 52.3157
250 100 150
2 26 13066 0 30 16554 0
-3.69638 7.17987 51.8596
250 100 150
4 26 13072 0 30 16558 0 39 18100 0 48 16785 0
-2.10085 4.67507 52.6644
250 100 150
3 27 872 0 39 2361 0 48 2219 0
-7.21226 15.699 50.7494
250 100 150
2 27 1880 0 40 2349 0
-9.83657 17.9601 51.2606
250 100 150
2 27 1972 0 40 5294 0
-5.26436 17.3943 50.0194
250 100 150
2 27 1990 0 40 2469 0
-7.53787 17.9875 50.5294
250 100 150
2 27 2005 0 40 2493 0
-2.10373 4.28006 52.7161
250 100 150
4 27 2829 0 30 5964 0 39 6824 0 48 6204 0
-1.97146 4.45691 52.7461
250 100 150
2 27 2844 0 48 6232 0
-2.1515 4.62162 52.6405
250 100 150
4 27 2861 0 30 6007 0 39 6887 0 48 6256 0
-4.87685 11.7693 51.1101
250 100 150
2 27 3541 0 40 4578 0
-6.61389 15.5544 50.8007
250 100 150
2 27 3984 0 40 5075 0
-7.83487 16.0034 50.7866
250 100 150
2 27 4042 0 40 5137 0
-1.36659 3.57901 52.8239
250 100 150
2 27 4853 0 40 6446 0
-2.13003 4.45706 52.6739
250 100 150
4 27 4934 0 30 9822 0 39 11094 0 48 10095 0
-1.77882 5.25037 52.7268
250 100 150
2 27 4998 0 39 11193 0
-3.5248 5.75285 52.2819
250 100 150
3 27 5076 0 39 11314 0 48 10295 0
-3.71375 6.70767 52.2291
250 100 150
2 30 12794 0 48 14904 0
-9.64202 17.4212 71.9306
250 100 150
2 27 5692 0 40 7228 0
-10.0472 17.8234 72.2073
250 100 150
2 27 5723 0 40 7254 0
-5.84049 13.5111 50.8772
250 100 150
2 27 5904 0 40 7493 0
-0.134393 1.17039 53.8254
250 100 150
3 27 6500 0 30 12297 0 48 12613 0
-2.20497 4.88857 52.5953
250 100 150
4 27 6662 0 30 12611 0 39 14099 0 48 12941 0
-2.422 4.93321 52.4414
250 100 150
2 27 6671 0 30 12627 0
-1.96369 5.05545 52.6375
250 100 150
2 27 6677 0 39 14109 0
-9.72983 17.4224 71.9867
250 100 150
2 27 7022 0 40 8848 0
-5.52434 13.582 50.8202
250 100 150
2 27 7137 0 40 8985 0
-5.86638 13.6838 50.8593
250 100 150
2 27 7144 0 40 8989 0
-6.07128 13.9697 50.8963
250 100 150
2 27 7163 0 40 9008 0
-4.57243 16.3006 50.7208
250 100 150
2 27 7258 0 40 9117 0
-1.16555 4.73332 52.6663
250 100 150
2 27 7590 0 40 9655 0
-1.89147 4.91529 52.7461
250 100 150
4 27 7604 0 30 14315 0 39 15891 0 48 14689 0
-2.62581 4.92247 52.3028
250 100 150
3 27 7626 0 39 15908 0 48 14707 0
-1.25197 5.49086 52.6713
250 100 150
2 27 7677 0 40 9739 0
-2.02019 6.74362 52.3409
250 100 150
2 27 7766 0 40 9823 0
-2.23787 6.96273 52.211
250 100 150
2 27 7781 0 40 9836 0
-1.81943 7.89006 52.7938
250 100 150
2 27 7816 0 40 9869 0
-3.24342 7.81679 51.9015
250 100 150
2 27 7829 0 40 9879 0
-2.85619 9.62187 51.4277
250 100 150
2 27 7947 0 40 9971 0
-3.23452 9.73995 51.492
250 100 150
4 27 7949 0 30 14779 0 39 16305 0 48 15093 0
-2.07324 3.96008 52.7768
250 100 150
3 27 8493 0 39 17231 0 48 15951 0
-1.40156 4.94511 52.6503
250 100 150
2 27 8512 0 40 10634 0
-2.27202 4.92872 52.5472
250 100 150
2 27 8515 0 48 15983 0
-2.01539 5.02026 52.6492
250 100 150
3 27 8518 0 39 17260 0 48 15984 0
-1.58298 6.41132 52.5901
250 100 150
2 27 8570 0 40 10685 0
-3.41633 7.68607 51.7267
250 100 150
2 27 8605 0 40 10716 0
-2.22616 9.64713 52.2895
250 100 150
2 27 8655 0 40 10759 0
-3.32226 12.9236 51.2762
250 100 150
2 27 8740 0 40 10853 0
-2.85252 7.46112 51.7032
250 100 150
2 27 9005 0 40 11129 0
-3.49693 8.5338 51.7586
250 100 150
2 27 9035 0 40 11153 0
-2.14724 9.28743 52.2428
250 100 150
2 27 9047 0 40 11168 0
-5.9762 11.7227 51.3675
250 100 150
2 27 9099 0 40 11221 0
-3.63761 9.64132 51.2961
250 100 150
2 27 9238 0 40 11350 0
-3.12369 10.7353 51.5041
250 100 150
2 27 9286 0 40 11411 0
-2.05653 4.40972 52.7226
250 100 150
3 27 9949 0 30 18257 0 48 18521 0
-1.28915 -6.829 61.4509
250 100 150
2 30 18 0 48 18 0
-1.10351 -6.75849 61.3097
250 100 150
2 30 19 0 48 19 0
-2.28815 -6.88501 62.0709
250 100 150
3 30 24 0 39 23 0 48 21 0
-1.04243 -6.63539 61.3434
250 100 150
3 30 26 0 39 28 0 48 24 0
-1.20117 -6.57768 61.3955
250 100 150
3 30 29 0 39 39 0 48 27 0
-2.50411 -6.68303 61.8465
250 100 150
2 30 36 0 48 35 0
6.19864 -4.15547 57.6958
250 100 150
2 30 140 0 48 110 0
6.82782 -3.90293 58.1793
250 100 150
2 30 177 0 48 142 0
-4.14375 -5.55856 60.8254
250 100 150
2 30 190 0 48 128 0
7.31835 -3.61336 58.7106
250 100 150
3 30 211 0 39 198 0 48 174 0
6.99291 -3.58197 58.4344
250 100 150
2 30 223 0 48 182 0
-5.61129 -5.51147 61.7452
250 100 150
2 30 228 0 48 4413 0
5.84311 -3.55725 57.6863
250 100 150
2 30 255 0 48 204 0
2.93292 -4.04465 56.3607
250 100 150
2 30 257 0 48 194 0
5.90618 -3.52794 57.7444
250 100 150
2 30 258 0 48 208 0
3.91384 -3.82234 56.1285
250 100 150
2 30 273 0 48 211 0
5.93748 -3.45194 57.8496
250 100 150
2 30 280 0 39 260 0
5.12186 -3.4317 57.3085
250 100 150
3 30 312 0 39 294 0 48 246 0
5.19586 -3.41595 57.388
250 100 150
2 30 313 0 48 247 0
5.02271 -3.35561 57.2741
250 100 150
2 30 331 0 48 259 0
5.06279 -3.28649 57.4259
250 100 150
3 30 340 0 39 318 0 48 267 0
4.88321 -3.27286 57.2984
250 100 150
3 30 346 0 39 322 0 48 272 0
4.80925 -3.24843 57.2502
250 100 150
3 30 351 0 39 334 0 48 277 0
4.82253 -3.19734 57.319
250 100 150
2 30 357 0 48 285 0
4.71133 -3.17849 57.3381
250 100 150
2 30 365 0 48 293 0
4.77014 -3.15148 57.3083
250 100 150
2 30 368 0 48 298 0
-2.44444 -4.20351 57.2232
250 100 150
2 30 385 0 48 295 0
4.28647 -3.07212 57.0922
250 100 150
2 30 399 0 48 327 0
3.68923 -3.1513 56.5841
250 100 150
2 30 405 0 48 332 0
-2.072 -4.02953 57.3413
250 100 150
2 30 407 0 48 315 0
4.24191 -3.02048 57.0651
250 100 150
2 30 411 0 48 339 0
7.90048 -2.36843 58.9816
250 100 150
2 30 417 0 48 361 0
3.9327 -3.01766 56.9183
250 100 150
3 30 426 0 39 400 0 48 354 0
-8.42896 -4.77222 62.5643
250 100 150
2 30 427 0 48 329 0
5.58547 -2.71968 57.3602
250 100 150
2 30 429 0 48 371 0
3.8608 -2.98362 56.8978
250 100 150
3 30 433 0 39 409 0 48 367 0
3.63855 -2.95802 56.7681
250 100 150
2 30 445 0 48 382 0
4.3522 -2.83852 57.0944
250 100 150
2 30 446 0 48 383 0
3.48136 -2.98154 56.6368
250 100 150
2 30 451 0 48 381 0
8.14892 -2.12755 59.2198
250 100 150
2 30 454 0 48 398 0
3.69022 -2.90383 56.804
250 100 150
3 30 462 0 39 434 0 48 388 0
5.20637 -2.62659 57.2017
250 100 150
2 30 468 0 48 392 0
3.59465 -2.88363 56.714
250 100 150
3 30 471 0 39 439 0 48 390 0
3.29097 -2.91799 56.5727
250 100 150
2 30 477 0 48 391 0
5.13998 -2.60331 57.1189
250 100 150
2 30 478 0 48 408 0
3.4223 -2.87561 56.6869
250 100 150
2 30 483 0 48 403 0
3.48348 -2.84847 56.6984
250 100 150
2 30 486 0 48 412 0
5.06074 -2.51246 57.094
250 100 150
2 30 506 0 48 435 0
-1.38865 -3.53829 56.4681
250 100 150
2 30 514 0 48 416 0
3.26729 -2.78644 56.5953
250 100 150
2 30 516 0 48 434 0
-4.47214 -3.89423 58.416
250 100 150
3 30 519 0 39 468 0 48 424 0
-4.91878 -3.94555 58.7458
250 100 150
2 30 523 0 48 423 0
-4.352 -3.8677 58.1349
250 100 150
2 30 529 0 48 429 0
4.82432 -2.42579 57.1209
250 100 150
2 30 538 0 48 472 0
-1.30988 -3.26663 56.0754
250 100 150
2 30 575 0 48 487 0
-5.10012 -3.70515 57.8428
250 100 150
2 30 594 0 48 494 0
-3.96192 -3.51548 57.5781
250 100 150
3 30 602 0 39 544 0 48 502 0
-3.89752 -3.47888 57.5106
250 100 150
2 30 610 0 48 512 0
-4.33078 -3.52955 57.662
250 100 150
2 30 615 0 48 4754 0
-5.3924 -3.65044 58.4902
250 100 150
2 30 619 0 48 519 0
-3.84377 -3.41365 57.3566
250 100 150
2 30 635 0 48 533 0
-4.17334 -3.44056 57.4757
250 100 150
2 30 639 0 48 541 0
-3.92339 -3.355 57.3141
250 100 150
2 30 649 0 48 548 0
-3.6193 -3.2882 57.0459
250 100 150
2 30 656 0 48 555 0
-1.7613 -3.03792 56.0965
250 100 150
2 30 658 0 48 562 0
-1.50035 -2.99739 55.9955
250 100 150
2 30 662 0 48 563 0
-2.20817 -3.05971 56.3432
250 100 150
2 30 666 0 48 567 0
-1.70974 -3.00107 56.0855
250 100 150
2 30 668 0 48 568 0
-2.40172 -2.97676 56.2933
250 100 150
2 30 695 0 48 587 0
-2.35402 -2.90663 56.1988
250 100 150
2 30 713 0 48 606 0
-6.71383 -3.42275 58.7489
250 100 150
2 30 719 0 48 604 0
-2.30845 -2.8593 56.2536
250 100 150
2 30 723 0 48 614 0
1.14354 -2.18568 54.9245
250 100 150
2 30 770 0 48 656 0
-1.60891 -2.53213 55.6502
250 100 150
2 30 778 0 48 661 0
0.529153 -2.09389 55.0293
250 100 150
2 30 815 0 48 697 0
-6.18047 -2.87992 57.5404
250 100 150
2 30 839 0 48 701 0
-6.12247 -2.83867 57.5379
250 100 150
2 30 842 0 48 709 0
-1.26348 -2.09804 55.325
250 100 150
2 30 863 0 48 740 0
-6.05044 -2.67892 57.2381
250 100 150
2 30 867 0 48 737 0
8.63413 -0.107553 60.3279
250 100 150
2 30 888 0 48 793 0
-0.107404 -1.70327 54.8355
250 100 150
2 30 916 0 48 788 0
0.0520237 -1.69341 54.8323
250 100 150
3 30 917 0 39 819 0 48 789 0
1.90397 -1.3641 55.2719
250 100 150
2 30 924 0 48 795 0
-4.40439 -2.19 56.1838
250 100 150
3 30 941 0 39 833 0 48 798 0
-5.93429 -2.32183 56.7967
250 100 150
2 30 949 0 48 808 0
-3.57158 -1.97258 55.7666
250 100 150
3 30 961 0 39 865 0 48 826 0
-0.0301131 -1.46753 54.7121
250 100 150
2 30 971 0 48 838 0
-1.14381 -1.59721 55.026
250 100 150
2 30 974 0 48 843 0
-1.04778 -1.56317 54.9267
250 100 150
2 30 980 0 48 848 0
-0.000315885 -1.16955 54.5438
250 100 150
2 30 1013 0 48 896 0
-1.21243 -1.30465 54.8675
250 100 150
2 30 1018 0 48 900 0
-0.112237 -1.16369 54.6047
250 100 150
2 30 1019 0 48 906 0
1.45827 -0.478565 54.899
250 100 150
2 30 1132 0 48 1010 0
-2.0964 -0.782013 54.6867
250 100 150
2 30 1201 0 48 1065 0
-2.2466 -0.787666 54.7462
250 100 150
2 30 1204 0 48 1067 0
-5.81595 -1.16237 55.7269
250 100 150
2 30 1217 0 48 1079 0
0.4125 -0.328314 54.2781
250 100 150
2 30 1229 0 48 1101 0
-5.96076 -1.01513 55.796
250 100 150
2 30 1251 0 48 1114 0
-4.67328 -0.715965 54.7481
250 100 150
2 30 1286 0 48 1154 0
-3.80974 -0.51014 54.4293
250 100 150
3 30 1306 0 39 1254 0 48 1183 0
-4.66291 -0.555783 54.6802
250 100 150
2 30 1313 0 48 1187 0
-4.43595 -0.41081 54.6162
250 100 150
3 30 1337 0 39 1298 0 48 1210 0
-0.465179 0.133712 54.182
250 100 150
2 30 1341 0 48 1219 0
0.500618 0.297901 54.1853
250 100 150
2 30 1346 0 48 1223 0
-4.56007 -0.369595 54.6402
250 100 150
3 30 1353 0 39 1313 0 48 1222 0
-4.66787 -0.362758 54.5722
250 100 150
2 30 1358 0 48 1227 0
-3.47454 -0.140696 54.0622
250 100 150
2 30 1379 0 48 1259 0
-4.57991 -0.111559 54.5129
250 100 150
2 30 1405 0 48 1288 0
0.45186 0.603199 54.0946
250 100 150
2 30 1409 0 48 1302 0
0.232968 0.584735 54.1279
250 100 150
3 30 1415 0 39 1371 0 48 1307 0
-3.35931 0.153397 53.9169
250 100 150
3 30 1438 0 39 1402 0 48 1318 0
-6.62567 -0.0694462 55.5407
250 100 150
2 30 1453 0 48 1331 0
-0.0612711 0.753485 53.9212
250 100 150
3 30 1469 0 39 1427 0 48 1354 0
-0.634301 0.674658 53.8379
250 100 150
2 30 1470 0 48 1357 0
0.00725512 0.782304 53.9681
250 100 150
2 30 1471 0 48 1358 0
-0.541831 0.77871 53.9238
250 100 150
2 30 1487 0 48 1376 0
-0.253182 0.825762 53.8922
250 100 150
2 30 1488 0 48 1381 0
-6.69537 0.115935 55.4808
250 100 150
3 30 1498 0 39 1471 0 48 1378 0
0.935983 1.17011 54.8131
250 100 150
2 30 1500 0 48 1406 0
-6.56982 0.164643 55.4536
250 100 150
3 30 1502 0 39 1477 0 48 1391 0
-0.448523 0.870481 53.8274
250 100 150
2 30 1507 0 48 1403 0
-0.227039 0.896401 53.8378
250 100 150
3 30 1508 0 39 1474 0 48 1404 0
-0.741095 0.867696 53.8583
250 100 150
2 30 1519 0 39 1485 0
-3.45854 0.547806 53.7181
250 100 150
2 30 1534 0 48 1429 0
-3.67185 0.54468 53.8122
250 100 150
2 30 1536 0 48 1435 0
-5.74932 0.557285 55.2441
250 100 150
2 30 1556 0 48 1460 0
-5.92012 0.571347 55.2225
250 100 150
2 30 1558 0 48 1466 0
-7.28727 0.429356 55.5036
250 100 150
2 30 1564 0 48 1470 0
-6.12638 0.669256 55.144
250 100 150
2 30 1584 0 48 1494 0
-3.40423 0.886526 53.6112
250 100 150
2 30 1590 0 48 1502 0
-5.86976 0.813176 55.1804
250 100 150
2 30 1598 0 48 1511 0
-9.99605 0.845014 57.8605
250 100 150
2 30 1628 0 48 1549 0
-8.04266 1.0023 55.752
250 100 150
3 30 1657 0 39 1662 0 48 1583 0
-1.46841 1.59702 53.2545
250 100 150
3 30 1662 0 39 1657 0 48 1587 0
-7.85938 1.06261 55.7081
250 100 150
3 30 1666 0 39 6220 0 48 1591 0
0.235782 2.12103 54.7786
250 100 150
2 30 1680 0 48 1611 0
-8.45826 1.11092 55.8224
250 100 150
2 30 1693 0 48 1621 0
-3.52298 1.50578 53.4023
250 100 150
2 30 1699 0 48 1626 0
-2.02768 1.70571 53.1813
250 100 150
3 30 1704 0 39 1707 0 48 1632 0
0.14698 2.29364 54.7636
250 100 150
2 30 1715 0 48 1654 0
-7.79101 1.30091 55.5563
250 100 150
3 30 1717 0 39 1735 0 48 1646 0
-7.86757 1.31521 55.5526
250 100 150
2 30 1722 0 48 1651 0
-3.73372 1.69738 53.373
250 100 150
2 30 1742 0 48 1679 0
0.107541 2.46132 54.7207
250 100 150
2 30 1748 0 48 1689 0
-4.41114 1.893 53.5377
250 100 150
2 30 1785 0 48 1728 0
-6.21377 2.02483 54.6276
250 100 150
2 30 1818 0 48 1763 0
-7.88427 2.08549 55.2987
250 100 150
2 30 1848 0 48 1790 0
-0.0136877 3.11343 54.4598
250 100 150
2 30 1854 0 48 1801 0
-9.37199 2.18006 56.0063
250 100 150
2 30 1863 0 48 1814 0
-6.27627 2.38228 54.4829
250 100 150
2 30 1867 0 48 1821 0
-6.17983 2.4212 54.408
250 100 150
2 30 1878 0 48 1829 0
-4.35258 2.50436 53.2946
250 100 150
2 30 1882 0 48 1833 0
-6.30565 2.43986 54.3911
250 100 150
3 30 1886 0 39 1957 0 48 1841 0
-9.36584 2.31551 55.9855
250 100 150
2 30 1889 0 48 1848 0
-6.52419 2.45797 54.4939
250 100 150
2 30 1893 0 48 1846 0
-4.26263 2.59276 53.2303
250 100 150
3 30 1897 0 39 1965 0 48 1854 0
-4.14667 2.58817 53.1622
250 100 150
3 30 1898 0 39 1961 0 48 1851 0
-9.06991 2.37712 55.8065
250 100 150
2 30 1899 0 48 1859 0
-2.60953 2.77784 52.9437
250 100 150
3 30 1902 0 39 1962 0 48 1858 0
-0.153908 3.40684 54.2346
250 100 150
2 30 1915 0 48 1875 0
-8.03292 2.5027 55.2191
250 100 150
2 30 1918 0 48 1873 0
-8.12967 2.58293 55.2965
250 100 150
2 30 1931 0 48 1890 0
-6.27246 2.66582 54.3084
250 100 150
2 30 1932 0 48 1891 0
-8.0233 2.59637 55.1997
250 100 150
2 30 1933 0 48 1894 0
-6.00997 2.73005 54.2384
250 100 150
3 30 1935 0 39 2019 0 48 1896 0
-8.21478 2.62462 55.276
250 100 150
2 30 1940 0 48 1900 0
-0.220016 3.53796 54.1439
250 100 150
2 30 1942 0 48 1904 0
-4.33253 2.87248 53.1663
250 100 150
2 30 1946 0 48 1909 0
-4.04628 3.05786 52.9612
250 100 150
2 30 1967 0 48 1930 0
-6.03499 3.03502 54.002
250 100 150
2 30 1973 0 48 1942 0
-6.07673 3.08826 53.9715
250 100 150
2 30 1985 0 48 1954 0
-0.329936 3.88811 54.0498
250 100 150
2 30 1986 0 48 1960 0
-5.94529 3.11508 53.9529
250 100 150
2 30 1987 0 48 1958 0
-0.385476 3.9518 54.0502
250 100 150
2 30 1995 0 48 1974 0
-8.18426 3.09728 55.0886
250 100 150
2 30 1997 0 48 1976 0
-5.83461 3.26574 53.8845
250 100 150
2 30 2018 0 48 1993 0
-0.498774 4.03837 54.0193
250 100 150
2 30 2023 0 48 2006 0
-8.21236 3.19972 55.0522
250 100 150
2 30 2024 0 48 2008 0
-1.69409 3.68618 52.9105
250 100 150
2 30 2026 0 48 2005 0
-2.51606 3.62846 52.7429
250 100 150
2 30 2041 0 48 2028 0
-0.425721 4.14602 54.0661
250 100 150
2 30 2042 0 48 2033 0
-8.20812 3.29933 55.0095
250 100 150
3 30 2052 0 39 2176 0 48 2037 0
-2.74453 3.61213 52.6729
250 100 150
3 30 2057 0 39 2162 0 48 2039 0
-8.34301 3.32549 55.1048
250 100 150
2 30 2059 0 48 2042 0
-5.78008 3.51083 53.7153
250 100 150
3 30 2084 0 39 2202 0 48 2072 0
-0.4854 4.31827 54.0525
250 100 150
3 30 2095 0 39 2193 0 48 2082 0
-2.5285 3.79402 52.6762
250 100 150
3 30 2096 0 39 2199 0 48 2081 0
-2.26672 3.85892 52.7525
250 100 150
2 30 2102 0 48 2084 0
-6.04148 3.57228 53.7327
250 100 150
2 30 2110 0 48 2089 0
-2.00814 3.99658 52.8183
250 100 150
2 30 2120 0 48 2094 0
-2.0972 4.03313 52.7852
250 100 150
2 30 2135 0 48 2105 0
-5.99404 3.70949 53.7983
250 100 150
2 30 2138 0 48 2107 0
-0.568391 4.52928 54.017
250 100 150
2 30 2145 0 48 2115 0
-2.00059 4.17567 52.7302
250 100 150
2 30 2164 0 39 2254 0
-2.08042 4.21074 52.749
250 100 150
3 30 2171 0 39 2263 0 48 2138 0
-8.01261 3.78947 54.5655
250 100 150
2 30 2174 0 48 2142 0
-8.10459 3.88207 54.6302
250 100 150
2 30 2189 0 48 2159 0
-8.38411 3.89962 54.8424
250 100 150
2 30 2191 0 48 6214 0
-5.17963 3.99775 53.1766
250 100 150
3 30 2192 0 39 2298 0 48 2161 0
-8.93986 4.19534 55.0072
250 100 150
2 30 2241 0 48 2214 0
-0.770959 5.04113 53.8959
250 100 150
2 30 2242 0 48 2212 0
-1.12509 4.94841 53.1359
250 100 150
2 30 2256 0 48 2229 0
-3.76165 4.61123 52.5166
250 100 150
2 30 2279 0 48 2258 0
-0.88422 5.48549 53.8345
250 100 150
2 30 2318 0 48 2299 0
-4.84402 4.80902 52.6246
250 100 150
3 30 2332 0 39 2480 0 48 2314 0
-4.62761 4.94645 52.5884
250 100 150
2 30 2355 0 48 2340 0
-1.5927 7.14851 53.2777
250 100 150
2 30 2546 0 48 2563 0
-1.79508 7.19897 52.9732
250 100 150
2 30 2558 0 48 2578 0
-1.74618 7.22153 53.0315
250 100 150
2 30 2559 0 48 2580 0
-1.68067 7.50589 53.1459
250 100 150
2 30 2578 0 48 2606 0
-1.627 7.52822 53.0897
250 100 150
2 30 2583 0 48 2608 0
-2.20815 7.82355 52.3662
250 100 150
2 30 2632 0 39 2878 0
-2.30269 7.86441 52.275
250 100 150
2 30 2636 0 48 2667 0
-2.20626 7.89986 52.3135
250 100 150
3 30 2639 0 39 2887 0 48 2670 0
-2.37 7.86681 52.2121
250 100 150
3 30 2641 0 39 2888 0 48 2673 0
-2.54359 7.85367 52.0414
250 100 150
3 30 2647 0 39 2895 0 48 2679 0
-3.23708 7.74303 51.8672
250 100 150
3 30 2649 0 39 2903 0 48 2681 0
-2.51484 7.92347 52.2
250 100 150
2 30 2651 0 48 2682 0
-3.14893 7.88098 51.9264
250 100 150
2 30 2661 0 48 2694 0
-3.0587 7.88133 51.8622
250 100 150
2 30 2663 0 48 2695 0
-3.24148 7.95335 51.8404
250 100 150
2 30 2671 0 48 2705 0
-1.95242 8.54586 52.7591
250 100 150
3 30 2697 0 39 2939 0 48 2725 0
-3.50821 8.2369 51.7729
250 100 150
2 30 2709 0 48 2743 0
-5.5836 8.02668 51.8485
250 100 150
2 30 2712 0 48 2746 0
-2.12584 9.1375 52.5267
250 100 150
2 30 2746 0 48 2790 0
-3.21287 9.209 51.6571
250 100 150
2 30 2785 0 48 2832 0
-2.81828 9.75963 51.7675
250 100 150
2 30 2817 0 48 2873 0
-3.05354 9.96267 51.5611
250 100 150
2 30 2838 0 48 2904 0
-3.36623 10.0222 51.5098
250 100 150
2 30 2849 0 48 2913 0
-3.20311 10.0767 51.425
250 100 150
3 30 2855 0 39 3155 0 48 2919 0
-3.21425 10.2332 51.4091
250 100 150
2 30 2865 0 48 2928 0
-3.39033 10.4624 51.3236
250 100 150
2 30 2887 0 48 2948 0
-3.33354 10.4684 51.314
250 100 150
2 30 2889 0 48 2949 0
-3.4174 10.5752 51.2841
250 100 150
2 30 2900 0 48 2964 0
-3.50122 10.5836 51.2837
250 100 150
3 30 2904 0 39 3236 0 48 2966 0
-3.34853 10.6381 51.2982
250 100 150
3 30 2907 0 39 3239 0 48 2970 0
-3.32148 10.7563 51.303
250 100 150
2 30 2920 0 48 2983 0
-3.34943 10.7992 51.2646
250 100 150
2 30 2925 0 48 2990 0
-3.2137 10.8833 51.3117
250 100 150
2 30 2931 0 48 2997 0
-3.25381 10.933 51.2624
250 100 150
2 30 2936 0 48 3003 0
-3.21663 10.9884 51.3078
250 100 150
2 30 2941 0 48 3008 0
-4.43827 10.9228 51.162
250 100 150
3 30 2950 0 39 3299 0 48 3017 0
-3.35619 11.0801 51.213
250 100 150
2 30 2953 0 48 3021 0
-4.38145 10.9871 51.1612
250 100 150
3 30 2956 0 39 3308 0 48 3026 0
-3.38252 11.1157 51.1771
250 100 150
2 30 2960 0 48 3028 0
-10.7665 11.2254 53.6353
250 100 150
2 30 2962 0 48 3041 0
-11.1698 11.3508 53.7748
250 100 150
2 30 2974 0 48 3057 0
-4.49159 11.1744 51.1069
250 100 150
3 30 2977 0 39 3345 0 48 3051 0
-4.65053 11.2461 51.0624
250 100 150
3 30 2984 0 39 3359 0 48 3065 0
-4.57587 11.2921 51.068
250 100 150
3 30 2986 0 39 3367 0 48 3070 0
-4.70777 11.33 51.0649
250 100 150
3 30 2994 0 39 3381 0 48 3077 0
-4.3412 11.4281 50.9875
250 100 150
2 30 3003 0 48 3086 0
-3.06135 11.9414 51.5584
250 100 150
2 30 3022 0 48 3103 0
-4.79626 11.7095 50.9673
250 100 150
3 30 3041 0 39 3446 0 48 3133 0
-4.23243 11.7955 50.9097
250 100 150
3 30 3047 0 39 3449 0 48 3138 0
-4.16707 11.8251 50.9482
250 100 150
2 30 3048 0 48 3140 0
-4.58291 11.8086 50.9783
250 100 150
3 30 3052 0 39 3459 0 48 3144 0
-6.01459 11.7467 51.0895
250 100 150
2 30 3059 0 48 3155 0
-4.34355 11.8868 50.933
250 100 150
2 30 3064 0 48 3159 0
-4.41468 11.9173 50.8986
250 100 150
3 30 3074 0 39 3476 0 48 3174 0
-3.24476 12.2251 51.2392
250 100 150
2 30 3093 0 48 3182 0
-4.2416 12.0344 50.9263
250 100 150
2 30 3097 0 48 3194 0
-5.32833 11.9877 50.9961
250 100 150
2 30 3102 0 48 3204 0
-5.24254 12.0283 50.9922
250 100 150
2 30 3107 0 48 3208 0
-5.29936 12.0313 50.9622
250 100 150
2 30 3112 0 48 3213 0
-3.85913 12.2721 51.002
250 100 150
2 30 3117 0 48 3218 0
-3.44493 12.3774 51.1082
250 100 150
3 30 3119 0 39 3535 0 48 3224 0
-3.78148 12.2826 50.9238
250 100 150
2 30 3122 0 48 3223 0
-11.5795 12.5058 53.6283
250 100 150
2 30 3124 0 48 3240 0
-3.7664 12.3464 50.984
250 100 150
2 30 3131 0 48 3229 0
-3.4367 12.4133 51.0427
250 100 150
2 30 3133 0 48 3230 0
-3.96643 12.3483 50.9458
250 100 150
2 30 3136 0 48 3234 0
-11.6428 12.5789 53.6602
250 100 150
2 30 3140 0 48 3248 0
-3.73401 12.3806 50.9553
250 100 150
2 30 3141 0 48 3235 0
-3.78405 12.4031 50.9614
250 100 150
2 30 3143 0 48 3238 0
-3.42222 12.5705 51.1468
250 100 150
2 30 3154 0 48 3244 0
-3.53424 12.5365 51.0147
250 100 150
2 30 3158 0 48 3249 0
-3.72399 12.5823 50.8987
250 100 150
2 30 3168 0 48 3262 0
-3.54864 12.6908 51.0425
250 100 150
2 30 3173 0 48 3272 0
-3.67526 12.6671 50.9568
250 100 150
2 30 3177 0 48 3278 0
-3.98966 12.6507 50.8489
250 100 150
2 30 3185 0 48 3288 0
-3.89083 12.7348 50.8414
250 100 150
2 30 3202 0 48 3298 0
-3.9144 12.8057 50.8707
250 100 150
2 30 3209 0 48 3305 0
-4.92877 12.793 50.8177
250 100 150
2 30 3221 0 48 3326 0
-4.16531 12.9298 50.7642
250 100 150
3 30 3230 0 39 3656 0 48 3332 0
-4.19592 13.091 50.7585
250 100 150
2 30 3245 0 48 3350 0
-4.36937 13.1116 50.7546
250 100 150
3 30 3249 0 39 3687 0 48 3359 0
-4.57737 13.1451 50.7788
250 100 150
2 30 3256 0 48 3368 0
-4.26534 13.1601 50.7423
250 100 150
2 30 3257 0 48 3369 0
-4.34133 13.1484 50.653
250 100 150
2 30 3259 0 48 3373 0
-4.41712 13.2709 50.7332
250 100 150
2 30 3266 0 48 3386 0
-6.02942 13.1715 50.7298
250 100 150
2 30 3275 0 48 3397 0
-5.65007 13.3217 50.6643
250 100 150
3 30 3295 0 39 3762 0 48 3417 0
-5.51441 13.3744 50.6894
250 100 150
2 30 3300 0 48 3422 0
-5.12337 13.5717 50.6541
250 100 150
2 30 3325 0 48 3443 0
-5.06127 13.6441 50.647
250 100 150
2 30 3332 0 48 3459 0
-4.9576 13.6771 50.6339
250 100 150
2 30 3336 0 48 3462 0
-5.14536 13.6533 50.6034
250 100 150
3 30 3338 0 39 3813 0 48 3464 0
-5.84956 13.8268 50.5883
250 100 150
2 30 3354 0 48 3484 0
-5.69389 13.9361 50.5504
250 100 150
2 30 3364 0 48 3499 0
-5.88976 13.9543 50.5668
250 100 150
2 30 3365 0 48 3504 0
-6.27527 14.1716 50.4639
250 100 150
2 30 3389 0 48 3540 0
-6.1883 14.4239 50.4687
250 100 150
2 30 3411 0 48 3563 0
-6.04935 14.4386 50.4511
250 100 150
2 30 3412 0 48 3567 0
-11.305 14.8883 52.5115
250 100 150
2 30 3415 0 48 3587 0
-8.03898 14.4147 50.6777
250 100 150
2 30 3418 0 48 3579 0
-6.19898 14.5207 50.4392
250 100 150
3 30 3423 0 39 3961 0 48 3582 0
-6.11706 14.5226 50.4151
250 100 150
3 30 3424 0 39 3962 0 48 3583 0
-11.3419 14.9649 52.4846
250 100 150
2 30 3426 0 48 3602 0
-6.11681 14.5835 50.3829
250 100 150
3 30 3436 0 39 3974 0 48 3595 0
-6.03262 14.6464 50.4406
250 100 150
3 30 3440 0 39 3976 0 48 3597 0
-6.96553 14.6493 50.4913
250 100 150
2 30 3451 0 48 3619 0
-7.0386 14.6336 50.4668
250 100 150
2 30 3454 0 48 3618 0
-7.05759 14.7039 50.448
250 100 150
2 30 3467 0 48 3636 0
-5.90009 14.8672 50.3669
250 100 150
3 30 3480 0 39 4021 0 48 3648 0
-9.02833 14.8124 50.8356
250 100 150
2 30 3483 0 48 3672 0
-5.97767 14.9634 50.3405
250 100 150
3 30 3504 0 39 4050 0 48 3687 0
-7.38711 14.8806 50.4238
250 100 150
3 30 3506 0 39 4085 0 48 3692 0
-5.97884 15.0485 50.314
250 100 150
2 30 3516 0 48 3706 0
-8.44253 15.0229 50.6248
250 100 150
2 30 3521 0 48 3721 0
-5.86286 15.152 50.3535
250 100 150
3 30 3527 0 39 4103 0 48 3717 0
-8.58023 15.1005 50.6002
250 100 150
2 30 3533 0 48 3735 0
-5.70965 15.4188 50.3756
250 100 150
2 30 3548 0 48 3745 0
-6.12599 15.4147 50.3344
250 100 150
2 30 3550 0 48 3747 0
-5.22816 15.6386 50.5006
250 100 150
3 30 3558 0 39 4164 0 48 3757 0
-6.86929 15.5739 50.2822
250 100 150
3 30 3573 0 39 4204 0 48 3779 0
-5.03515 15.8365 50.4857
250 100 150
2 30 3575 0 48 3774 0
-4.98161 15.8948 50.5371
250 100 150
3 30 3578 0 39 4195 0 48 3780 0
-4.88847 15.915 50.5482
250 100 150
2 30 3579 0 48 3782 0
-8.68759 15.5833 50.4772
250 100 150
2 30 3580 0 48 3792 0
-4.95222 16.0685 50.5366
250 100 150
2 30 3591 0 48 3803 0
-9.01393 15.7956 50.6399
250 100 150
2 30 3595 0 48 3821 0
-7.19091 15.8321 50.1912
250 100 150
2 30 3601 0 48 3826 0
-7.14204 15.8668 50.2616
250 100 150
2 30 3602 0 48 3828 0
-9.06194 15.848 50.5735
250 100 150
2 30 3603 0 48 3830 0
-4.94186 16.188 50.4219
250 100 150
2 30 3608 0 48 3829 0
-4.93338 16.2497 50.4454
250 100 150
2 30 3613 0 48 3835 0
-4.97847 16.2836 50.4614
250 100 150
3 30 3616 0 39 4245 0 48 3840 0
-9.21278 16.0588 50.637
250 100 150
2 30 3619 0 48 3850 0
-5.10709 16.3064 50.4156
250 100 150
3 30 3620 0 39 4250 0 48 3843 0
-9.08326 16.0709 50.5849
250 100 150
2 30 3624 0 48 3853 0
-7.33563 16.2608 50.1296
250 100 150
2 30 3656 0 39 4310 0
-4.42548 16.524 50.1477
250 100 150
2 30 3657 0 48 3872 0
-5.26168 16.548 50.296
250 100 150
3 30 3659 0 39 4292 0 48 3880 0
-7.32497 16.3318 50.1449
250 100 150
2 30 3661 0 39 4318 0
-5.31642 16.5627 50.2366
250 100 150
3 30 3663 0 39 4298 0 48 3884 0
-12.3234 17.2661 52.8974
250 100 150
2 30 3665 0 48 3900 0
-5.35128 16.6652 50.1722
250 100 150
2 30 3674 0 48 3896 0
-4.47267 16.6844 50.019
250 100 150
2 30 3676 0 48 3895 0
-5.28641 16.7311 50.1133
250 100 150
2 30 3679 0 48 3905 0
-8.37264 16.7504 50.2716
250 100 150
2 30 3686 0 48 3918 0
-4.52224 16.9285 49.9815
250 100 150
2 30 3687 0 48 3914 0
-4.5332 17.0102 49.9432
250 100 150
3 30 3693 0 39 4347 0 48 3919 0
-4.67204 17.0287 49.9821
250 100 150
2 30 3694 0 48 3923 0
-4.8409 17.1345 49.9243
250 100 150
3 30 3705 0 39 4367 0 48 3938 0
-4.69669 17.1549 49.9571
250 100 150
3 30 3706 0 39 4366 0 48 3936 0
-5.10709 17.1554 49.9521
250 100 150
3 30 3710 0 39 4375 0 48 3940 0
-5.00519 17.2083 49.9381
250 100 150
4 25 3741 0 30 3716 0 39 4381 0 48 3945 0
-5.94805 17.1383 49.9553
250 100 150
2 30 3719 0 39 4390 0
-4.80873 17.2156 49.8628
250 100 150
2 30 3723 0 48 3954 0
-5.45513 17.2196 49.931
250 100 150
3 30 3727 0 39 4391 0 48 3959 0
-11.3838 17.8206 52.1216
250 100 150
3 30 3728 0 39 9051 0 48 8194 0
-5.57141 17.2689 49.9651
250 100 150
2 30 3735 0 48 3968 0
-5.71385 17.3345 49.9396
250 100 150
3 30 3742 0 39 4416 0 48 3977 0
-5.85168 17.4281 49.942
250 100 150
3 30 3751 0 39 4430 0 48 3988 0
-5.90434 17.476 50.0031
250 100 150
3 30 3752 0 39 4434 0 48 3992 0
-11.2286 18.0206 51.9388
250 100 150
2 30 3755 0 48 4015 0
-5.74731 17.5031 49.9586
250 100 150
3 30 3756 0 39 4439 0 48 3995 0
-8.5434 17.496 50.3837
250 100 150
2 30 3757 0 48 8233 0
-6.60085 17.5113 50.0071
250 100 150
2 30 3762 0 48 4004 0
-8.40438 17.5165 50.2594
250 100 150
2 30 3764 0 48 4018 0
-8.34836 17.5468 50.2905
250 100 150
2 30 3767 0 48 4020 0
-6.02432 17.6053 50.0327
250 100 150
3 30 3768 0 39 4456 0 48 4010 0
-5.75832 17.6103 50.0009
250 100 150
3 30 3769 0 39 4451 0 48 4011 0
-6.20929 17.6304 50.0698
250 100 150
3 30 3774 0 39 4461 0 48 4017 0
-5.8581 17.6314 49.9755
250 100 150
3 30 3777 0 39 4459 0 48 4019 0
-6.0119 17.6489 50.0102
250 100 150
3 30 3780 0 39 4463 0 48 4022 0
-6.66848 17.5926 49.999
250 100 150
2 30 3781 0 48 4026 0
-5.95104 17.6608 50.012
250 100 150
2 30 3782 0 48 4024 0
-8.26885 17.7109 50.2112
250 100 150
2 30 3802 0 48 4048 0
-6.69633 17.789 50.034
250 100 150
2 30 3804 0 48 4049 0
-7.97666 17.8616 50.2268
250 100 150
3 30 3818 0 39 4518 0 48 4061 0
-6.84257 17.8572 50.0294
250 100 150
2 30 3819 0 48 4057 0
-7.2319 17.8857 50.124
250 100 150
3 30 3821 0 39 9114 0 48 4063 0
-8.02797 17.8909 50.1998
250 100 150
2 30 3824 0 48 4067 0
-8.43748 17.933 50.3364
250 100 150
2 30 3826 0 48 4069 0
-7.88891 17.9232 50.2179
250 100 150
3 30 3827 0 39 4527 0 48 4071 0
-7.51583 17.9747 50.2156
250 100 150
3 30 3830 0 39 9135 0 48 4073 0
-7.86059 17.9725 50.209
250 100 150
2 30 3832 0 48 4081 0
-7.77822 17.9877 50.2105
250 100 150
3 30 3833 0 39 4537 0 48 4082 0
-7.72234 18.0101 50.2269
250 100 150
2 30 3836 0 48 4083 0
-8.16062 18.0058 50.2175
250 100 150
2 30 3839 0 48 4091 0
-7.76129 18.1299 50.1581
250 100 150
2 30 3852 0 48 4097 0
-7.96177 18.1871 50.1427
250 100 150
2 30 3860 0 48 4107 0
-8.98144 18.4389 50.5561
250 100 150
2 30 3868 0 48 4114 0
-9.43591 18.604 50.7981
250 100 150
2 30 3870 0 48 4120 0
-10.1206 18.6421 50.9571
250 100 150
2 30 3871 0 48 4121 0
-9.79536 18.6538 50.8997
250 100 150
2 30 3872 0 48 4122 0
-2.13397 -6.83061 61.8913
250 100 150
2 30 3914 0 48 4156 0
-1.19391 -6.6646 61.2764
250 100 150
2 30 3918 0 48 4165 0
-1.48578 -6.69696 61.4877
250 100 150
2 30 3921 0 48 4170 0
-0.96649 -6.57748 61.3657
250 100 150
3 30 3928 0 39 4655 0 48 4179 0
-2.01783 -6.74316 61.8095
250 100 150
2 30 3932 0 48 4177 0
-1.61987 -6.66614 61.6228
250 100 150
2 30 3934 0 48 4183 0
-2.22141 -6.74749 61.8634
250 100 150
2 30 3936 0 48 4185 0
-1.40575 -6.61165 61.4884
250 100 150
3 30 3937 0 39 4662 0 48 4186 0
-1.10952 -6.56901 61.4152
250 100 150
3 30 3938 0 39 4663 0 48 4187 0
-2.391 -6.73826 62.13
250 100 150
3 30 3946 0 39 4667 0 48 4191 0
-1.2954 -6.52893 61.3434
250 100 150
3 30 3947 0 39 4673 0 48 4193 0
0.276085 -5.83817 59.5691
250 100 150
2 30 3995 0 48 4234 0
0.400552 -5.80557 59.5356
250 100 150
2 30 3997 0 48 4235 0
-2.04887 -5.90713 60.392
250 100 150
2 30 4027 0 48 4258 0
-3.42779 -6.05224 61.3654
250 100 150
3 30 4040 0 39 4753 0 48 4264 0
6.04814 -4.33576 57.7977
250 100 150
2 30 4074 0 48 4302 0
-3.42893 -5.83428 60.9265
250 100 150
2 30 4075 0 48 4295 0
6.23261 -4.15966 57.8009
250 100 150
2 30 4088 0 48 4328 0
6.04406 -4.17736 57.7172
250 100 150
2 30 4090 0 48 4332 0
6.08481 -4.00673 57.5968
250 100 150
3 30 4141 0 39 4873 0 48 4375 0
-0.604266 -5.04854 58.3107
250 100 150
2 30 4146 0 48 4363 0
6.90506 -3.83328 58.2627
250 100 150
2 30 4150 0 48 4382 0
6.68522 -3.81649 58.0916
250 100 150
3 30 4158 0 39 4898 0 48 4392 0
-0.412525 -4.92831 58.1028
250 100 150
2 30 4164 0 48 4377 0
7.24937 -3.6919 58.6319
250 100 150
3 30 4165 0 39 4905 0 48 4399 0
6.73326 -3.7467 58.1762
250 100 150
3 30 4173 0 39 4908 0 48 4408 0
7.22025 -3.6222 58.6636
250 100 150
2 30 4184 0 48 4416 0
-1.55267 -4.98743 58.6176
250 100 150
2 30 4193 0 48 4398 0
7.37262 -3.53935 58.722
250 100 150
3 30 4194 0 39 4924 0 48 4424 0
5.77789 -3.76359 57.5575
250 100 150
2 30 4203 0 48 4428 0
7.2576 -3.49545 58.7314
250 100 150
3 30 4205 0 39 4932 0 48 4437 0
-1.93927 -4.89116 58.7559
250 100 150
2 30 4219 0 48 4426 0
2.93085 -4.14704 56.4729
250 100 150
2 30 4220 0 48 4436 0
5.86573 -3.62612 57.5934
250 100 150
2 30 4227 0 48 4449 0
7.18053 -3.3151 58.6558
250 100 150
2 30 4246 0 48 4468 0
5.72181 -3.5456 57.6801
250 100 150
2 30 4253 0 48 4466 0
6.56569 -3.38246 58.2715
250 100 150
2 30 4255 0 48 4476 0
-1.31815 -4.55528 57.7934
250 100 150
2 30 4278 0 39 4963 0
5.88379 -3.38169 57.8677
250 100 150
3 30 4284 0 39 4996 0 48 4501 0
2.39792 -3.9547 56.2098
250 100 150
2 30 4290 0 48 4491 0
5.66447 -3.379 57.7801
250 100 150
2 30 4293 0 48 4513 0
6.00667 -3.32765 57.8708
250 100 150
2 30 4294 0 48 4514 0
3.7238 -3.71575 56.0446
250 100 150
2 30 4295 0 48 4503 0
3.87168 -3.67011 56.0807
250 100 150
2 30 4299 0 48 4512 0
2.24144 -3.91723 56.0343
250 100 150
2 30 4304 0 48 4507 0
5.45666 -3.35176 57.6455
250 100 150
2 30 4309 0 48 4522 0
5.27905 -3.3657 57.4764
250 100 150
3 30 4311 0 39 5015 0 48 4523 0
5.16642 -3.37037 57.4787
250 100 150
3 30 4313 0 39 5016 0 48 4526 0
3.89407 -3.5572 56.21
250 100 150
2 30 4324 0 48 4529 0
4.93142 -3.35312 57.3265
250 100 150
2 30 4325 0 48 4536 0
2.25585 -3.75674 55.9398
250 100 150
2 30 4336 0 48 4535 0
1.99426 -3.7707 55.9098
250 100 150
3 30 4337 0 39 5035 0 48 4544 0
4.9718 -3.20971 57.4629
250 100 150
2 30 4349 0 48 4559 0
4.74249 -3.2228 57.2557
250 100 150
2 30 4351 0 48 4564 0
3.75127 -3.30026 56.5468
250 100 150
2 30 4368 0 48 4577 0
6.82713 -2.68953 57.9741
250 100 150
3 30 4383 0 39 5102 0 48 4598 0
-2.43111 -4.14991 57.7657
250 100 150
3 30 4389 0 39 5074 0 48 4582 0
1.87872 -3.52092 55.7843
250 100 150
2 30 4393 0 48 4590 0
3.83803 -3.13118 56.7574
250 100 150
2 30 4398 0 48 4601 0
-0.357599 -3.80341 56.3004
250 100 150
3 30 4404 0 39 5089 0 48 4592 0
4.1732 -3.05696 56.982
250 100 150
3 30 4405 0 39 5107 0 48 4608 0
3.58975 -3.13474 56.6132
250 100 150
2 30 4407 0 48 4610 0
1.70112 -3.44835 55.7121
250 100 150
2 30 4409 0 48 4607 0
3.99522 -3.04515 56.9862
250 100 150
2 30 4410 0 48 4615 0
3.74521 -3.06652 56.8385
250 100 150
3 30 4416 0 39 5117 0 48 4618 0
8.36855 -2.24927 59.2708
250 100 150
2 30 4418 0 48 4643 0
-3.03108 -4.08823 57.9257
250 100 150
2 30 4420 0 48 4603 0
4.08193 -2.98972 56.9597
250 100 150
3 30 4421 0 39 5129 0 48 4628 0
5.66214 -2.7169 57.3613
250 100 150
2 30 4425 0 48 4633 0
-3.43607 -4.0998 58.2712
250 100 150
2 30 4429 0 48 4612 0
8.45861 -2.18491 59.2421
250 100 150
2 30 4430 0 48 4652 0
3.56481 -3.02214 56.6479
250 100 150
2 30 4435 0 48 4640 0
3.9274 -2.96057 56.8784
250 100 150
3 30 4436 0 39 5141 0 48 4641 0
8.06301 -2.2312 59.1624
250 100 150
2 30 4438 0 48 4656 0
3.75605 -2.96464 56.805
250 100 150
3 30 4444 0 39 5150 0 48 4648 0
-1.21725 -3.74089 56.5192
250 100 150
2 30 4448 0 48 4632 0
8.52952 -2.0337 59.395
250 100 150
2 30 4459 0 48 4687 0
3.51582 -2.92436 56.7562
250 100 150
2 30 4464 0 48 4662 0
-1.13158 -3.63818 56.4838
250 100 150
2 30 4469 0 48 4655 0
-8.49901 -4.54078 62.3705
250 100 150
2 30 4473 0 48 4653 0
7.83627 -2.06664 59.604
250 100 150
2 30 4475 0 48 4698 0
-4.51316 -4.02724 58.5172
250 100 150
2 30 4481 0 39 9780 0
-6.11621 -4.16096 59.464
250 100 150
2 30 4498 0 48 4676 0
-2.39967 -3.68745 56.9234
250 100 150
2 30 4500 0 48 4683 0
-5.98186 -4.12976 59.4111
250 100 150
2 30 4505 0 48 4681 0
4.88499 -2.49417 57.1994
250 100 150
2 30 4509 0 48 4714 0
1.21241 -3.09958 55.5098
250 100 150
3 30 4515 0 39 5213 0 48 4708 0
-1.34378 -3.43127 56.2319
250 100 150
2 30 4524 0 48 4710 0
-4.45128 -3.73712 58.0195
250 100 150
2 30 4538 0 48 4723 0
4.62468 -2.36036 56.9922
250 100 150
2 30 4539 0 48 4737 0
-3.9534 -3.64129 58.0165
250 100 150
2 30 4542 0 48 4724 0
-6.21909 -3.90046 59.2736
250 100 150
2 30 4548 0 48 4728 0
-4.04523 -3.62271 57.6865
250 100 150
2 30 4549 0 48 4730 0
-4.41299 -3.626 57.931
250 100 150
2 30 4556 0 48 4738 0
-4.57632 -3.62534 57.9501
250 100 150
3 30 4560 0 39 5243 0 48 4741 0
-2.31134 -3.32542 56.473
250 100 150
2 30 4567 0 48 4744 0
-5.49491 -3.67898 58.5567
250 100 150
3 30 4571 0 39 5257 0 48 4749 0
-2.25174 -3.24962 56.5337
250 100 150
2 30 4575 0 48 4761 0
-4.55556 -3.51371 57.8331
250 100 150
2 30 4583 0 48 4764 0
-7.04452 -3.79244 59.5702
250 100 150
2 30 4588 0 48 4765 0
4.00088 -2.2162 56.6003
250 100 150
2 30 4590 0 48 4782 0
-2.26476 -3.14972 56.396
250 100 150
2 30 4597 0 48 4777 0
-1.55737 -3.04588 56.0096
250 100 150
2 30 4599 0 48 4781 0
-1.61984 -2.94837 55.9071
250 100 150
2 30 4621 0 48 4799 0
-1.69649 -2.83566 55.8714
250 100 150
2 30 4640 0 48 4824 0
-2.42586 -2.86111 56.1844
250 100 150
2 30 4654 0 48 4834 0
8.13918 -0.961027 60.2567
250 100 150
2 30 4658 0 48 4864 0
-4.32631 -3.04105 56.8313
250 100 150
2 30 4665 0 48 4847 0
2.84171 -1.98117 55.7639
250 100 150
2 30 4666 0 48 4858 0
0.896476 -2.27952 54.9934
250 100 150
3 30 4676 0 39 5373 0 48 4859 0
0.759265 -2.25585 55.0101
250 100 150
2 30 4684 0 48 4869 0
0.705672 -2.16523 54.9694
250 100 150
2 30 4703 0 48 4890 0
-6.30988 -3.06113 57.9238
250 100 150
2 30 4706 0 48 4878 0
0.641811 -2.13103 54.9988
250 100 150
3 30 4715 0 39 5419 0 48 4898 0
1.12414 -2.04087 54.8019
250 100 150
2 30 4717 0 48 4906 0
-1.17026 -2.20284 55.3584
250 100 150
3 30 4756 0 39 5456 0 48 4933 0
-1.00198 -2.17577 55.3336
250 100 150
2 30 4757 0 48 4934 0
1.90803 -1.71785 54.7827
250 100 150
2 30 4766 0 48 4947 0
-6.12473 -2.74955 57.3281
250 100 150
2 30 4772 0 48 4942 0
1.92468 -1.60383 54.9485
250 100 150
2 30 4783 0 48 4965 0
-1.17954 -2.0593 55.2347
250 100 150
2 30 4786 0 48 4958 0
-9.96034 -2.92587 61.535
250 100 150
2 30 4791 0 48 4962 0
-0.925691 -1.98391 55.1446
250 100 150
2 30 4793 0 48 4971 0
-0.0481695 -1.75703 54.8771
250 100 150
3 30 4816 0 39 5526 0 48 4997 0
0.125866 -1.69642 54.8758
250 100 150
2 30 4825 0 48 5005 0
-1.02468 -1.79384 54.9973
250 100 150
2 30 4842 0 48 5019 0
-0.00796289 -1.6596 54.7785
250 100 150
2 30 4843 0 48 5020 0
-6.49276 -2.37681 57.0873
250 100 150
2 30 4865 0 48 5037 0
-4.07923 -2.06598 55.8982
250 100 150
2 30 4876 0 48 5045 0
-3.88922 -1.9579 55.785
250 100 150
2 30 4892 0 48 5063 0
-4.01393 -1.96985 55.7234
250 100 150
2 30 4894 0 48 5065 0
-3.60924 -1.91052 55.6098
250 100 150
2 30 4895 0 48 5066 0
-5.74672 -2.12105 56.6281
250 100 150
3 30 4899 0 39 5609 0 48 5073 0
-4.20731 -1.95327 55.8849
250 100 150
2 30 4900 0 48 5074 0
-5.88763 -2.1326 56.6931
250 100 150
3 30 4903 0 39 5612 0 48 5072 0
-3.67979 -1.83766 55.6257
250 100 150
2 30 4910 0 48 5079 0
0.0591752 -1.21817 54.6214
250 100 150
2 30 4933 0 48 5097 0
-2.90941 -1.60326 55.3103
250 100 150
2 30 4934 0 48 5096 0
-2.90502 -1.51105 55.2955
250 100 150
3 30 4943 0 39 5649 0 48 5105 0
-2.68658 -1.41296 55.2379
250 100 150
2 30 4949 0 48 5118 0
8.64334 0.803984 60.5737
250 100 150
2 30 4952 0 48 5143 0
0.0580593 -0.984733 54.5564
250 100 150
2 30 4956 0 48 5130 0
-2.72477 -1.32759 55.1766
250 100 150
2 30 4959 0 48 5129 0
-0.0334768 -0.641131 54.3305
250 100 150
3 30 4996 0 39 5722 0 48 5179 0
-6.62135 -1.35385 56.2498
250 100 150
2 30 5011 0 48 5188 0
-6.4546 -1.25864 56.0201
250 100 150
2 30 5026 0 48 5204 0
-2.36017 -0.780876 54.6675
250 100 150
2 30 5028 0 48 5209 0
-0.881964 -0.5795 54.3189
250 100 150
3 30 5037 0 39 5764 0 48 5219 0
-0.555467 -0.470921 54.3719
250 100 150
3 30 5048 0 39 5777 0 48 5239 0
-7.19559 -1.242 56.2978
250 100 150
2 30 5052 0 48 5233 0
-6.60457 -1.1731 56.1006
250 100 150
3 30 5053 0 39 5783 0 48 5234 0
-7.49274 -1.24835 56.5046
250 100 150
2 30 5055 0 48 5237 0
-4.44906 -0.943834 54.8583
250 100 150
2 30 5060 0 48 5242 0
-0.356811 -0.374697 54.3349
250 100 150
3 30 5062 0 39 5792 0 48 5250 0
-4.11502 -0.775262 54.7051
250 100 150
2 30 5076 0 48 5264 0
-4.61847 -0.803434 54.8658
250 100 150
2 30 5081 0 48 5268 0
-4.05361 -0.690517 54.7601
250 100 150
2 30 5085 0 48 5271 0
-3.77888 -0.597224 54.4759
250 100 150
2 30 5090 0 48 5279 0
-4.51714 -0.662143 54.7586
250 100 150
2 30 5091 0 48 5280 0
-4.68377 -0.625193 54.786
250 100 150
2 30 5096 0 48 5288 0
-3.71245 -0.515693 54.4134
250 100 150
3 30 5097 0 39 5835 0 48 5290 0
-4.16953 -0.487968 54.6003
250 100 150
3 30 5106 0 39 5844 0 48 5299 0
-6.83261 -0.683855 55.9719
250 100 150
3 30 5109 0 39 5854 0 48 5302 0
-3.61321 -0.313238 54.2573
250 100 150
2 30 5120 0 48 5315 0
-4.52715 -0.395138 54.6657
250 100 150
2 30 5123 0 48 5314 0
-3.9955 -0.294334 54.4288
250 100 150
2 30 5128 0 48 5322 0
-3.64644 -0.220638 54.1725
250 100 150
3 30 5134 0 39 5883 0 48 5330 0
-6.64813 -0.474848 55.7756
250 100 150
2 30 5136 0 48 5331 0
0.524189 0.4279 54.1897
250 100 150
2 30 5141 0 48 5346 0
-4.30215 -0.238958 54.3787
250 100 150
2 30 5146 0 48 5342 0
-6.72927 -0.382112 55.6632
250 100 150
2 30 5154 0 48 5349 0
-3.25159 -0.0815809 53.8969
250 100 150
3 30 5157 0 39 5904 0 48 5352 0
-3.149 -0.0548906 53.9306
250 100 150
3 30 5158 0 39 5911 0 48 5355 0
0.488263 0.510654 54.1397
250 100 150
3 30 5162 0 39 5915 0 48 5364 0
-2.98873 0.0252562 53.9895
250 100 150
3 30 5165 0 39 5920 0 48 5368 0
0.236388 0.502567 54.1188
250 100 150
3 30 5166 0 39 5921 0 48 5370 0
0.54371 0.588874 54.1262
250 100 150
3 30 5174 0 39 5927 0 48 5377 0
-4.38802 -0.083942 54.4253
250 100 150
2 30 5179 0 48 5374 0
0.123742 0.544071 54.0393
250 100 150
3 30 5180 0 39 5933 0 48 5383 0
-3.08353 0.0887518 53.9277
250 100 150
3 30 5184 0 39 5941 0 48 5382 0
-3.2899 0.0891892 53.8816
250 100 150
3 30 5188 0 39 5947 0 48 5386 0
0.220268 0.624195 54.0568
250 100 150
3 30 5189 0 39 5948 0 48 5395 0
0.491066 0.677542 54.0727
250 100 150
3 30 5193 0 39 5952 0 48 5396 0
-6.72735 -0.178258 55.5279
250 100 150
2 30 5195 0 48 5393 0
0.313714 0.681637 54.0728
250 100 150
3 30 5196 0 39 5957 0 48 5404 0
0.439694 0.720129 54.1179
250 100 150
3 30 5203 0 39 5962 0 48 5412 0
-4.41315 0.0575997 54.3831
250 100 150
2 30 5205 0 48 5407 0
-3.18016 0.192608 53.8528
250 100 150
2 30 5208 0 48 5411 0
0.190715 0.716128 53.9828
250 100 150
3 30 5212 0 39 5975 0 48 5418 0
0.244559 0.733318 54.0417
250 100 150
2 30 5213 0 48 5419 0
0.45819 0.821187 54.0954
250 100 150
2 30 5219 0 48 5429 0
-6.34306 0.0217622 55.5481
250 100 150
3 30 5221 0 39 5985 0 48 5426 0
-4.50845 0.140077 54.3681
250 100 150
2 30 5222 0 48 5424 0
-3.28872 0.279967 53.8213
250 100 150
2 30 5225 0 48 5432 0
-6.65867 0.00671785 55.4807
250 100 150
2 30 5227 0 48 5434 0
0.181645 0.818195 53.9568
250 100 150
3 30 5229 0 39 5992 0 48 5438 0
-0.0923801 0.778744 53.8965
250 100 150
3 30 5230 0 39 5996 0 48 5441 0
-6.50083 0.0555143 55.4817
250 100 150
3 30 5233 0 39 6001 0 48 5437 0
0.163477 0.88737 53.9437
250 100 150
3 30 5244 0 39 6009 0 48 5455 0
-0.290454 0.797472 53.7345
250 100 150
2 30 5246 0 48 5452 0
-6.81582 0.0824467 55.5451
250 100 150
2 30 5248 0 48 5449 0
0.0381031 0.901246 53.8968
250 100 150
3 30 5251 0 39 6020 0 48 5457 0
-0.0577017 0.897453 53.8208
250 100 150
2 30 5254 0 48 5462 0
-6.40947 0.209327 55.4102
250 100 150
3 30 5258 0 39 6029 0 48 5463 0
0.0552622 0.992218 53.8984
250 100 150
4 27 2500 0 30 5264 0 39 6033 0 48 5477 0
-6.63898 0.223286 55.4198
250 100 150
2 30 5265 0 48 5469 0
-0.0944617 1.0183 53.7861
250 100 150
3 30 5276 0 39 6046 0 48 5486 0
-0.252143 1.00264 53.7814
250 100 150
3 30 5280 0 39 6048 0 48 5489 0
-3.39706 0.557015 53.7219
250 100 150
2 30 5283 0 39 6053 0
-6.72508 0.305047 55.3957
250 100 150
2 30 5288 0 48 5491 0
-3.30293 0.603083 53.7332
250 100 150
3 30 5291 0 39 6063 0 48 5496 0
-6.02736 0.423006 55.2916
250 100 150
2 30 5293 0 48 5498 0
-5.93264 0.496378 55.2921
250 100 150
2 30 5302 0 48 5508 0
-0.281838 1.14737 53.8428
250 100 150
2 30 5311 0 48 5516 0
-0.14461 1.15105 53.7433
250 100 150
3 30 5312 0 39 6080 0 48 5517 0
-5.83051 0.530281 55.214
250 100 150
2 30 5314 0 48 5514 0
-3.6246 0.670252 53.7709
250 100 150
2 30 5315 0 48 5515 0
-3.50615 0.816183 53.6509
250 100 150
2 30 5339 0 48 5541 0
-3.61558 0.830912 53.6816
250 100 150
2 30 5343 0 48 5549 0
-9.94493 0.953993 57.6416
250 100 150
2 30 5404 0 48 5614 0
-6.20701 1.18011 54.9332
250 100 150
3 30 5414 0 39 6218 0 48 5628 0
-7.90796 1.06521 55.6855
250 100 150
2 30 5422 0 48 5631 0
-8.01201 1.08945 55.6076
250 100 150
2 30 5427 0 48 5639 0
-7.91139 1.20032 55.6675
250 100 150
2 30 5446 0 48 5659 0
-7.7101 1.22164 55.5935
250 100 150
3 30 5447 0 39 6252 0 48 5660 0
-7.99955 1.22262 55.5998
250 100 150
2 30 5455 0 48 5666 0
-6.33452 1.3677 54.8699
250 100 150
2 30 5459 0 48 5672 0
-2.1001 1.71668 53.1487
250 100 150
3 30 5460 0 39 6257 0 48 5673 0
-3.24752 1.59747 53.2929
250 100 150
2 30 5463 0 48 5677 0
-2.52298 1.69282 53.1985
250 100 150
3 30 5464 0 39 6271 0 48 5681 0
-6.41287 1.39404 54.8069
250 100 150
2 30 5469 0 48 5683 0
-1.76548 1.81596 53.2173
250 100 150
2 30 5471 0 48 5684 0
-1.62627 1.83347 53.1955
250 100 150
2 30 5472 0 48 5685 0
-3.70808 1.62716 53.3821
250 100 150
3 30 5484 0 39 6291 0 48 5698 0
-7.85486 1.36153 55.4959
250 100 150
2 30 5487 0 48 5696 0
-8.73588 1.35661 55.9338
250 100 150
2 30 5497 0 48 5709 0
-2.0739 1.86943 53.1098
250 100 150
3 30 5499 0 39 6301 0 48 5712 0
-3.81926 1.67096 53.3647
250 100 150
2 30 5501 0 48 5710 0
-1.97565 1.89761 53.1087
250 100 150
3 30 5502 0 39 6305 0 48 5715 0
-1.4443 1.98986 53.2467
250 100 150
3 30 5503 0 39 6302 0 48 5716 0
-2.14417 1.93558 53.1098
250 100 150
2 30 5509 0 39 6315 0
-1.89806 1.97276 53.074
250 100 150
3 30 5512 0 39 6317 0 48 5727 0
-2.03648 1.97904 53.1258
250 100 150
4 26 3855 0 30 5519 0 39 6318 0 48 5735 0
-1.46561 2.2034 53.2968
250 100 150
2 30 5540 0 39 1808 0
-6.3929 1.75869 54.6645
250 100 150
2 30 5545 0 48 5757 0
-3.76549 1.94159 53.374
250 100 150
2 30 5547 0 48 5760 0
-7.73348 1.71626 55.3708
250 100 150
2 30 5553 0 48 5768 0
-1.48557 2.30887 53.3466
250 100 150
3 30 5562 0 39 6361 0 48 5776 0
-7.64302 1.82812 55.3214
250 100 150
2 30 5570 0 48 5787 0
-4.28756 2.0257 53.4709
250 100 150
2 30 5578 0 48 5793 0
-4.13595 2.05475 53.3474
250 100 150
2 30 5583 0 48 5798 0
-6.27367 2.08293 54.5381
250 100 150
2 30 5599 0 48 5821 0
-4.14184 2.24452 53.2237
250 100 150
2 30 5608 0 48 5833 0
-0.0585226 3.00854 54.3804
250 100 150
2 30 5609 0 48 5837 0
-7.835 2.16596 55.3291
250 100 150
2 30 5619 0 48 5845 0
-4.18995 2.36862 53.2762
250 100 150
2 30 5622 0 48 5848 0
-0.770226 2.91021 53.3309
250 100 150
2 30 5632 0 48 5859 0
-7.79642 2.31367 55.2816
250 100 150
2 30 5641 0 48 5866 0
-6.54662 2.3677 54.5543
250 100 150
2 30 5642 0 48 5867 0
-5.99105 2.43438 54.2979
250 100 150
2 30 5647 0 48 5872 0
-2.52801 2.70595 52.9392
250 100 150
3 30 5651 0 39 6460 0 48 5880 0
-6.40863 2.42144 54.3839
250 100 150
2 30 5655 0 48 5884 0
-6.12302 2.4681 54.3729
250 100 150
3 30 5661 0 39 6480 0 48 5885 0
-6.22962 2.48672 54.3888
250 100 150
3 30 5666 0 39 6488 0 48 5895 0
-0.196301 3.33831 54.2531
250 100 150
2 30 5674 0 48 5906 0
-8.99999 2.41025 55.8258
250 100 150
2 30 5675 0 48 5908 0
-8.00919 2.45168 55.3051
250 100 150
3 30 5677 0 39 6508 0 48 5904 0
-6.34872 2.54042 54.4277
250 100 150
3 30 5678 0 39 6507 0 48 5905 0
-4.19606 2.68014 53.2172
250 100 150
3 30 5692 0 39 6509 0 48 5922 0
-0.208879 3.5055 54.1794
250 100 150
2 30 5712 0 48 5946 0
-8.02331 2.64873 55.1758
250 100 150
2 30 5719 0 48 5951 0
-6.19941 2.73568 54.2362
250 100 150
2 30 5720 0 48 5952 0
-4.13469 2.85743 53.147
250 100 150
2 30 5724 0 48 5958 0
-6.00673 2.84675 54.161
250 100 150
2 30 5734 0 39 6582 0
-5.9288 3.00119 54.0847
250 100 150
2 30 5754 0 48 5985 0
-3.50308 3.1438 52.8567
250 100 150
2 30 5758 0 48 5989 0
-4.13828 3.09803 52.9857
250 100 150
3 30 5767 0 39 6612 0 48 5992 0
-4.22473 3.13984 53.0191
250 100 150
3 30 5772 0 39 6620 0 48 6004 0
-1.33035 3.57777 53.2321
250 100 150
2 30 5776 0 48 6008 0
-5.98394 3.10973 53.9801
250 100 150
2 30 5782 0 48 6013 0
-4.06435 3.18152 52.8717
250 100 150
2 30 5784 0 48 6016 0
-2.7527 3.35093 52.8221
250 100 150
2 30 5785 0 48 6018 0
-0.460544 3.89412 54.0482
250 100 150
3 30 5789 0 39 6625 0 48 6027 0
-3.97096 3.21168 52.8946
250 100 150
3 30 5791 0 39 6635 0 48 6020 0
-2.92572 3.36046 52.786
250 100 150
3 30 5800 0 39 6639 0 48 6026 0
-3.05865 3.38154 52.7771
250 100 150
3 30 5806 0 39 6653 0 48 6035 0
-2.97082 3.45416 52.7439
250 100 150
3 30 5828 0 39 6669 0 48 6053 0
-1.39164 3.73906 53.0382
250 100 150
2 30 5833 0 48 6059 0
-2.56278 3.54305 52.7414
250 100 150
3 30 5837 0 39 6675 0 48 6061 0
-8.31207 3.21372 55.093
250 100 150
2 30 5840 0 48 6063 0
-5.75832 3.32658 53.7976
250 100 150
2 30 5842 0 48 6066 0
-0.566392 4.07216 54.0042
250 100 150
2 30 5845 0 48 6070 0
-2.81919 3.5425 52.6979
250 100 150
3 30 5847 0 39 6688 0 48 6069 0
-6.79796 3.29396 54.1879
250 100 150
2 30 5849 0 48 6073 0
-5.65978 3.3713 53.7687
250 100 150
2 30 5850 0 48 6074 0
-2.44367 3.68546 52.7108
250 100 150
3 30 5869 0 39 6706 0 48 6090 0
-5.54504 3.46561 53.7126
250 100 150
3 30 5873 0 39 6726 0 48 6094 0
-2.25121 3.73874 52.7598
250 100 150
3 30 5876 0 39 6712 0 48 6097 0
-2.35318 3.75813 52.7762
250 100 150
2 30 5881 0 48 6103 0
-5.64458 3.49659 53.686
250 100 150
2 30 5886 0 48 6107 0
-1.97884 3.83754 52.8158
250 100 150
3 30 5888 0 39 6725 0 48 6117 0
-2.06349 3.82547 52.7929
250 100 150
3 30 5892 0 39 6727 0 48 6116 0
-2.19027 3.8336 52.7847
250 100 150
2 30 5894 0 48 6121 0
-2.00225 3.92984 52.7871
250 100 150
3 30 5906 0 39 6753 0 48 6135 0
-5.71335 3.672 53.5796
250 100 150
2 30 5919 0 48 6154 0
-7.8025 3.61889 54.5245
250 100 150
2 30 5922 0 48 6160 0
-7.69883 3.65826 54.5063
250 100 150
2 30 5927 0 48 6165 0
-5.70198 3.74317 53.5451
250 100 150
2 30 5928 0 48 6163 0
-2.02114 4.13547 52.7552
250 100 150
4 26 4091 0 30 5936 0 39 6793 0 48 6177 0
-6.21026 3.75606 53.6545
250 100 150
2 30 5937 0 48 6175 0
-6.06576 3.76397 53.6147
250 100 150
2 30 5938 0 48 6176 0
-7.92305 3.71607 54.5893
250 100 150
2 30 5941 0 48 6179 0
-2.15523 4.17542 52.6809
250 100 150
3 30 5949 0 39 2261 0 48 2135 0
-5.4195 3.95397 53.2897
250 100 150
3 30 5963 0 39 6835 0 48 6208 0
-6.63543 3.89771 53.7987
250 100 150
2 30 5965 0 48 6206 0
-2.06327 4.36864 52.7163
250 100 150
4 27 2838 0 30 5978 0 39 6840 0 48 6221 0
-5.22468 4.07142 53.1572
250 100 150
3 30 5982 0 39 6857 0 48 6229 0
-2.12274 4.45677 52.6843
250 100 150
2 30 5988 0 48 6235 0
-1.94981 4.5612 52.7435
250 100 150
2 30 6000 0 48 6247 0
-2.09171 4.55228 52.667
250 100 150
3 30 6003 0 39 6875 0 48 6251 0
-5.00162 4.32752 52.9554
250 100 150
2 30 6012 0 48 6258 0
-0.813916 5.31152 53.8632
250 100 150
2 30 6034 0 48 6287 0
-3.76728 4.68599 52.4333
250 100 150
2 30 6039 0 48 6292 0
-10.2616 4.6234 55.9426
250 100 150
2 30 6047 0 39 11186 0
-4.81718 4.73778 52.6627
250 100 150
2 30 6057 0 48 6310 0
-4.87361 4.83978 52.5631
250 100 150
2 30 6067 0 48 6318 0
-4.04391 4.96742 52.3383
250 100 150
2 30 6076 0 48 6327 0
-4.73526 4.99476 52.5302
250 100 150
2 30 6088 0 48 6339 0
-4.88489 5.07344 52.6228
250 100 150
2 30 6098 0 48 6345 0
-5.22987 5.2492 52.6219
250 100 150
3 30 6123 0 39 7032 0 48 6369 0
-5.13903 5.3304 52.4615
250 100 150
2 30 6132 0 48 6384 0
-1.48397 6.86967 53.3497
250 100 150
2 30 6189 0 48 6448 0
-1.55003 6.94549 53.319
250 100 150
2 30 6193 0 48 6453 0
-1.60028 7.02352 53.2292
250 100 150
3 30 6198 0 39 7133 0 48 6458 0
-1.71752 7.16382 53.1177
250 100 150
2 30 6216 0 48 6474 0
-1.60623 7.29252 53.2834
250 100 150
2 30 6223 0 48 6480 0
-1.70382 7.28185 53.2266
250 100 150
2 30 6224 0 48 6482 0
-1.66573 7.35662 53.2041
250 100 150
2 30 6234 0 48 6490 0
6.35584 11.4867 63.3983
250 100 150
2 30 6267 0 48 6533 0
-1.6368 7.84409 53.0391
250 100 150
2 30 6273 0 48 6535 0
6.25829 11.5517 63.3572
250 100 150
2 30 6275 0 48 6539 0
6.19335 11.7659 63.3869
250 100 150
2 30 6288 0 48 6554 0
-2.44921 7.86134 52.1435
250 100 150
3 30 6301 0 39 7237 0 48 6562 0
-3.17709 7.72641 51.8731
250 100 150
2 30 6303 0 39 7245 0
-3.06819 7.75063 51.8638
250 100 150
3 30 6306 0 39 7248 0 48 6567 0
-2.6879 7.84052 52.016
250 100 150
2 30 6307 0 48 6568 0
-2.36781 7.95402 52.2071
250 100 150
2 30 6314 0 48 6574 0
-2.60678 7.90519 52.0378
250 100 150
2 30 6315 0 48 6577 0
-2.2985 8.02403 52.2825
250 100 150
2 30 6317 0 48 6581 0
6.18165 12.0895 63.3176
250 100 150
2 30 6318 0 48 6592 0
-2.65668 8.00151 52.047
250 100 150
2 30 6331 0 39 7268 0
-2.83673 7.96886 51.9133
250 100 150
3 30 6333 0 39 7270 0 48 6601 0
-3.00991 7.94579 51.8739
250 100 150
3 30 6335 0 39 7271 0 48 6600 0
-1.7996 8.36925 52.7846
250 100 150
2 30 6339 0 48 6610 0
-2.13235 8.32851 52.5636
250 100 150
2 30 6345 0 48 6614 0
-1.98144 8.47416 52.8276
250 100 150
2 30 6351 0 48 6624 0
-3.43384 8.02691 51.7649
250 100 150
2 30 6355 0 48 6626 0
-2.05509 8.56024 52.7879
250 100 150
2 30 6365 0 48 6640 0
-3.33619 8.24577 51.7981
250 100 150
2 30 6379 0 48 6655 0
-5.41688 8.02893 51.6806
250 100 150
2 30 6389 0 48 6667 0
-5.67544 8.07902 51.7919
250 100 150
2 30 6396 0 48 6672 0
-2.17624 8.95283 52.5978
250 100 150
2 30 6419 0 48 6701 0
-3.69204 7.44349 47.5534
250 100 150
2 30 6433 0 39 7390 0
-2.23096 9.16647 52.5801
250 100 150
2 30 6447 0 48 6726 0
-3.31191 9.07178 51.6443
250 100 150
2 30 6480 0 48 6757 0
-2.27833 9.49663 52.5061
250 100 150
2 30 6489 0 48 6761 0
-3.18266 9.27869 51.608
250 100 150
2 30 6507 0 48 6779 0
-3.30977 9.29202 51.5946
250 100 150
2 30 6513 0 48 6783 0
-2.40004 9.76602 52.366
250 100 150
2 30 6529 0 48 6800 0
-2.88143 9.77877 51.686
250 100 150
2 30 6562 0 48 6829 0
-3.0315 9.80192 51.5787
250 100 150
2 30 6569 0 48 6835 0
-2.97671 9.97218 51.5741
250 100 150
2 30 6585 0 48 6853 0
-3.26719 10.0338 51.434
250 100 150
3 30 6599 0 39 7592 0 48 6863 0
-3.29276 10.1157 51.4106
250 100 150
3 30 6606 0 39 7605 0 48 6873 0
5.32347 14.8861 62.935
250 100 150
2 30 6610 0 48 6882 0
-3.14716 10.214 51.4433
250 100 150
2 30 6612 0 48 6880 0
-3.31385 10.2102 51.3614
250 100 150
2 30 6619 0 48 6886 0
5.22573 14.9839 62.9627
250 100 150
2 30 6620 0 48 6891 0
-3.18822 10.3151 51.4056
250 100 150
2 30 6626 0 48 6893 0
-3.35593 10.2998 51.3771
250 100 150
3 30 6628 0 39 7630 0 48 6896 0
-3.3525 10.3693 51.3659
250 100 150
3 30 6637 0 39 7641 0 48 6902 0
-3.2417 10.4927 51.3451
250 100 150
3 30 6653 0 39 7658 0 48 6919 0
5.2101 15.2745 62.8431
250 100 150
2 30 6654 0 48 6923 0
-3.35235 10.5314 51.3445
250 100 150
3 30 6657 0 39 7664 0 48 6925 0
-3.30612 10.5839 51.373
250 100 150
2 30 6662 0 48 6932 0
-3.39111 10.717 51.29
250 100 150
2 30 6680 0 48 6955 0
-3.3543 10.9064 51.2679
250 100 150
3 30 6702 0 39 7724 0 48 6976 0
-3.38424 11.0075 51.2353
250 100 150
2 30 6716 0 48 6992 0
-12.021 11.2488 54.4883
250 100 150
2 30 6722 0 48 7015 0
-3.28038 11.0956 51.2323
250 100 150
3 30 6726 0 39 7756 0 48 7001 0
-11.108 11.2099 53.905
250 100 150
2 30 6734 0 48 7027 0
-4.48297 10.9775 51.1594
250 100 150
3 30 6735 0 39 7768 0 48 7012 0
-2.89843 11.3772 51.6229
250 100 150
2 30 6743 0 48 7020 0
-4.55379 11.0421 51.1075
250 100 150
3 30 6748 0 39 7787 0 48 7029 0
-4.41374 11.1174 51.1431
250 100 150
3 30 6757 0 39 7792 0 48 7036 0
-4.51587 11.1455 51.1156
250 100 150
3 30 6765 0 39 7807 0 48 7045 0
-4.69717 11.2442 51.039
250 100 150
3 30 6784 0 39 7835 0 48 7068 0
-4.58123 11.2694 51.069
250 100 150
3 30 6785 0 39 7833 0 48 7069 0
-4.39363 11.3244 51.0899
250 100 150
3 30 6789 0 39 7838 0 48 7071 0
-4.31218 11.3867 51.1073
250 100 150
2 30 6793 0 48 7079 0
-4.62615 11.3617 51.0745
250 100 150
3 30 6797 0 39 7852 0 48 7084 0
-4.31436 11.4711 51.0267
250 100 150
3 30 6809 0 39 7866 0 48 7096 0
-12.026 11.9137 54.267
250 100 150
2 30 6823 0 48 7127 0
-4.73514 11.6755 50.9904
250 100 150
3 30 6855 0 39 7910 0 48 7139 0
-4.45686 11.6854 50.9477
250 100 150
3 30 6856 0 39 7906 0 48 7136 0
-4.24645 11.7435 50.9949
250 100 150
2 30 6860 0 48 7143 0
-4.66228 11.7348 50.961
250 100 150
3 30 6869 0 39 7921 0 48 7153 0
-5.03518 11.7254 50.9854
250 100 150
3 30 6873 0 39 7930 0 48 7159 0
-12.1555 12.1721 54.225
250 100 150
2 30 6875 0 48 7180 0
-4.46042 11.8319 50.939
250 100 150
3 30 6886 0 39 7936 0 48 7168 0
-4.67659 11.8317 50.978
250 100 150
3 30 6890 0 39 7938 0 48 7172 0
-3.4319 12.0497 51.1559
250 100 150
2 30 6892 0 48 7175 0
-4.55346 11.8903 50.9
250 100 150
2 30 6906 0 48 7188 0
-3.1974 12.2192 51.3501
250 100 150
2 30 6913 0 48 7190 0
-4.37524 11.9648 50.9596
250 100 150
3 30 6915 0 39 7964 0 48 7196 0
-3.30395 12.2013 51.15
250 100 150
3 30 6925 0 39 7966 0 48 7202 0
-3.41024 12.1849 51.0887
250 100 150
3 30 6927 0 39 7970 0 48 7206 0
-5.4054 11.989 50.9742
250 100 150
2 30 6933 0 48 7216 0
-3.47569 12.2841 51.0901
250 100 150
2 30 6941 0 48 7222 0
-11.6947 12.4638 53.6108
250 100 150
2 30 6956 0 48 7250 0
-3.51588 12.371 51.0657
250 100 150
2 30 6959 0 48 7238 0
-11.5034 12.5444 53.6696
250 100 150
2 30 6964 0 48 7262 0
-11.5233 12.5831 53.5012
250 100 150
2 30 6978 0 48 7277 0
-3.59815 12.4846 51.0672
250 100 150
2 30 6980 0 48 7260 0
4.29486 17.4789 62.1509
250 100 150
2 30 6987 0 48 7265 0
-9.6963 12.4259 52.2509
250 100 150
2 30 6996 0 48 7293 0
-3.58351 12.601 51.0258
250 100 150
2 30 6998 0 48 7282 0
4.1879 17.6001 62.0284
250 100 150
2 30 7015 0 48 7291 0
-3.82549 12.6223 50.9323
250 100 150
3 30 7022 0 39 8068 0 48 7294 0
-3.73942 12.6734 50.9341
250 100 150
3 30 7030 0 39 8075 0 48 7298 0
4.19133 17.74 62.0672
250 100 150
2 30 7038 0 48 7302 0
-3.90887 12.6942 50.9432
250 100 150
2 30 7041 0 48 7309 0
-3.63171 12.7619 50.9668
250 100 150
2 30 7045 0 48 7313 0
-4.07011 12.6975 50.8537
250 100 150
2 30 7051 0 48 7319 0
-3.81121 12.7747 50.9298
250 100 150
2 30 7056 0 48 7322 0
-7.77009 12.5227 51.1803
250 100 150
2 30 7070 0 48 7338 0
-4.14956 12.7552 50.821
250 100 150
2 30 7071 0 39 8112 0
-3.99661 12.8394 50.8884
250 100 150
2 30 7077 0 48 7337 0
-4.1039 12.8515 50.8268
250 100 150
3 30 7082 0 39 8126 0 48 7343 0
-4.20389 12.8592 50.816
250 100 150
3 30 7086 0 39 8133 0 48 7350 0
3.84273 18.0944 62.0807
250 100 150
2 30 7101 0 48 7358 0
-4.10864 12.9859 50.8279
250 100 150
2 30 7109 0 48 7369 0
-4.2717 12.9719 50.7652
250 100 150
3 30 7113 0 39 8163 0 48 7371 0
-6.38025 12.8268 50.8215
250 100 150
3 30 7124 0 39 8190 0 48 7386 0
-4.28448 13.083 50.7568
250 100 150
2 30 7140 0 48 7388 0
-4.50201 13.091 50.7738
250 100 150
3 30 7142 0 39 8191 0 48 7394 0
3.59238 18.3389 62.0314
250 100 150
2 30 7148 0 48 7399 0
-6.25881 13.012 50.791
250 100 150
3 30 7158 0 39 8222 0 48 7414 0
-6.16713 13.0354 50.8201
250 100 150
3 30 7159 0 39 8223 0 48 7415 0
-4.59467 13.1518 50.7274
250 100 150
2 30 7160 0 48 7407 0
-4.68926 13.2034 50.7045
250 100 150
3 30 7174 0 39 8216 0 48 7423 0
-6.14601 13.0791 50.6992
250 100 150
2 30 7178 0 48 7433 0
-6.04363 13.1101 50.7269
250 100 150
3 30 7180 0 39 8241 0 48 7434 0
3.34845 18.4296 61.8553
250 100 150
2 30 7181 0 48 7424 0
-5.96935 13.1405 50.7169
250 100 150
3 30 7182 0 39 8246 0 48 7439 0
-6.26159 13.1088 50.6918
250 100 150
3 30 7184 0 39 8249 0 48 7442 0
-4.51635 13.2918 50.7175
250 100 150
3 30 7185 0 39 8231 0 48 7437 0
3.46363 18.533 61.9772
250 100 150
2 30 7186 0 48 7436 0
-6.18328 13.1875 50.7186
250 100 150
3 30 7197 0 39 8259 0 48 7452 0
-5.91763 13.2136 50.7073
250 100 150
3 30 7198 0 39 8257 0 48 7453 0
-4.79305 13.3445 50.6525
250 100 150
3 30 7208 0 39 8254 0 48 7456 0
-6.06826 13.2646 50.6998
250 100 150
3 30 7215 0 39 8270 0 48 7467 0
-4.61438 13.4058 50.6839
250 100 150
2 30 7216 0 48 7463 0
-12.0995 13.8048 53.4484
250 100 150
2 30 7219 0 48 7486 0
-4.70002 13.4154 50.6576
250 100 150
2 30 7220 0 48 7468 0
-4.91282 13.4521 50.6771
250 100 150
3 30 7233 0 39 8274 0 48 7475 0
3.85715 18.7358 61.6065
250 100 150
2 30 7240 0 48 7476 0
2.62697 19.2518 63.1898
250 100 150
2 30 7245 0 48 7490 0
-4.84226 13.5253 50.6477
250 100 150
3 30 7248 0 39 8283 0 48 7492 0
-5.0227 13.5589 50.6788
250 100 150
2 30 7254 0 48 7497 0
-12.2241 14.1104 53.4788
250 100 150
2 30 7271 0 48 7529 0
-5.02016 13.748 50.6215
250 100 150
2 30 7289 0 39 8323 0
-5.19904 13.8295 50.5056
250 100 150
3 30 7309 0 39 8350 0 48 7553 0
-5.05944 13.8976 50.5519
250 100 150
3 30 7317 0 39 8353 0 48 7556 0
-5.14734 13.9389 50.5362
250 100 150
3 30 7328 0 39 8364 0 48 7569 0
-5.36171 13.9215 50.5066
250 100 150
2 30 7330 0 39 8369 0
-5.28563 13.9501 50.5192
250 100 150
3 30 7334 0 39 8372 0 48 7577 0
-5.64945 13.9486 50.5571
250 100 150
3 30 7340 0 39 8380 0 48 7580 0
-11.3806 14.335 52.7822
250 100 150
2 30 7341 0 48 7601 0
-5.19225 14.0147 50.5071
250 100 150
3 30 7350 0 39 8384 0 48 7588 0
-5.81262 13.9945 50.5137
250 100 150
3 30 7355 0 39 8398 0 48 7597 0
-5.42147 14.0341 50.501
250 100 150
3 30 7356 0 39 8393 0 48 7598 0
-5.57429 14.0581 50.5505
250 100 150
3 30 7361 0 39 8402 0 48 7604 0
-4.29865 14.2893 50.6997
250 100 150
3 30 7369 0 39 8394 0 48 7610 0
-4.18113 14.3514 50.7409
250 100 150
3 30 7377 0 39 8399 0 48 7616 0
-11.0364 14.4399 52.4188
250 100 150
2 30 7382 0 48 7637 0
-4.33496 14.3793 50.6954
250 100 150
2 30 7386 0 48 7628 0
-6.18756 14.1905 50.5281
250 100 150
3 30 7396 0 39 8448 0 48 7642 0
-6.19493 14.2888 50.4962
250 100 150
3 30 7409 0 39 8464 0 48 7656 0
-6.29784 14.2717 50.4675
250 100 150
3 30 7411 0 39 8465 0 48 7655 0
-6.10622 14.3198 50.5115
250 100 150
3 30 7413 0 39 8466 0 48 7658 0
-8.25274 14.3121 50.8323
250 100 150
2 30 7420 0 48 7671 0
-8.13325 14.2941 50.7319
250 100 150
2 30 7422 0 48 7675 0
-6.24687 14.4594 50.4307
250 100 150
3 30 7440 0 39 8499 0 48 7686 0
-6.15853 14.5342 50.3596
250 100 150
2 30 7455 0 48 7696 0
-6.03593 14.6026 50.4287
250 100 150
3 30 7459 0 39 8517 0 48 7701 0
-11.6238 15.1623 52.7358
250 100 150
2 30 7470 0 48 7729 0
-6.16182 14.6805 50.3908
250 100 150
2 30 7475 0 39 8531 0
-7.14072 14.6291 50.4151
250 100 150
2 30 7478 0 48 7725 0
-5.93689 14.745 50.4188
250 100 150
2 30 7479 0 39 8536 0
-8.22907 14.7169 50.6815
250 100 150
2 30 7490 0 48 7737 0
-7.91697 14.7501 50.6039
250 100 150
2 30 7496 0 48 7742 0
-6.02673 14.8403 50.3513
250 100 150
3 30 7502 0 39 8552 0 48 7739 0
-7.28227 14.8415 50.4834
250 100 150
2 30 7521 0 48 7760 0
-12.7083 15.615 53.3614
250 100 150
2 30 7523 0 48 7787 0
-7.45971 14.8372 50.4547
250 100 150
2 30 7525 0 48 7767 0
-5.85315 15.0734 50.3756
250 100 150
2 30 7552 0 48 7794 0
-8.49917 15.0034 50.5422
250 100 150
2 30 7569 0 48 7811 0
-5.40046 15.4821 50.472
250 100 150
3 30 7603 0 39 4137 0 48 7849 0
-4.5364 15.6156 50.5986
250 100 150
2 30 7604 0 48 7847 0
-6.25783 15.3921 50.3229
250 100 150
3 30 7612 0 39 8676 0 48 7862 0
-4.62586 15.6508 50.5799
250 100 150
3 30 7613 0 39 8654 0 48 7855 0
-6.45744 15.4216 50.3119
250 100 150
2 30 7621 0 48 7868 0
-8.51583 15.3613 50.5639
250 100 150
2 30 7622 0 48 7879 0
-6.56061 15.4239 50.3166
250 100 150
3 30 7623 0 39 8704 0 48 7871 0
-4.17836 15.7426 50.4896
250 100 150
2 30 7628 0 48 7867 0
-4.99806 15.7394 50.5813
250 100 150
3 30 7636 0 39 8685 0 48 7881 0
-6.69412 15.4618 50.2694
250 100 150
3 30 7639 0 39 8720 0 48 7885 0
-6.48584 15.5046 50.2868
250 100 150
3 30 7646 0 39 8721 0 48 7887 0
-6.58937 15.5226 50.2752
250 100 150
3 30 7648 0 39 8733 0 48 7893 0
-4.89643 15.8197 50.5689
250 100 150
3 30 7651 0 39 8712 0 48 7892 0
-6.71698 15.5478 50.2273
250 100 150
3 30 7661 0 39 8741 0 48 7908 0
-6.39483 15.6039 50.2746
250 100 150
3 30 7662 0 39 8737 0 48 7909 0
-4.80438 15.8546 50.5156
250 100 150
3 30 7663 0 39 8719 0 48 7901 0
-6.6398 15.589 50.2648
250 100 150
3 30 7665 0 39 8744 0 48 7913 0
-6.82183 15.6489 50.4089
250 100 150
2 30 7666 0 48 7914 0
-4.7085 15.9317 50.5939
250 100 150
3 30 7668 0 39 8724 0 48 7910 0
-6.5598 15.6336 50.2491
250 100 150
3 30 7670 0 39 8747 0 48 7916 0
-6.9005 15.65 50.2423
250 100 150
3 30 7677 0 39 8755 0 48 7924 0
-4.84724 16.0167 50.5626
250 100 150
2 30 7684 0 48 7927 0
-4.72572 16.0803 50.5686
250 100 150
3 30 7691 0 39 8748 0 48 7930 0
-4.97045 16.1198 50.4831
250 100 150
2 30 7709 0 48 7940 0
-7.22059 15.8279 50.215
250 100 150
3 30 7713 0 39 8789 0 48 7951 0
-9.00306 15.8835 50.629
250 100 150
2 30 7716 0 48 7962 0
-4.89134 16.205 50.5112
250 100 150
2 30 7721 0 48 7952 0
-5.00326 16.2379 50.4636
250 100 150
2 30 7732 0 48 7964 0
-5.11476 16.2424 50.4568
250 100 150
3 30 7733 0 39 8785 0 48 7969 0
-9.03418 15.9989 50.6025
250 100 150
2 30 7741 0 48 7986 0
-9.27454 16.0217 50.6131
250 100 150
2 30 7744 0 48 7992 0
-9.13924 16.0195 50.5861
250 100 150
2 30 7745 0 48 7993 0
-5.03479 16.334 50.4322
250 100 150
3 30 7753 0 39 8797 0 48 7983 0
-9.87379 16.2126 50.9885
250 100 150
2 30 7760 0 48 8011 0
-8.57695 16.0508 50.3675
250 100 150
2 30 7763 0 48 8012 0
-5.11859 16.4071 50.4096
250 100 150
3 30 7767 0 39 8810 0 48 8007 0
-4.33834 16.4028 50.222
250 100 150
2 30 7769 0 48 8004 0
-5.27792 16.3681 50.3121
250 100 150
3 30 7772 0 39 8818 0 48 8009 0
-7.16938 16.2002 50.1986
250 100 150
2 30 7780 0 48 8025 0
-4.40074 16.4407 50.1845
250 100 150
3 30 7783 0 39 8817 0 48 8016 0
-9.36375 16.319 50.7353
250 100 150
2 30 7792 0 48 8046 0
-7.27393 16.2362 50.1765
250 100 150
2 30 7794 0 39 8867 0
-5.35709 16.4882 50.2971
250 100 150
3 30 7797 0 39 8844 0 48 8034 0
-5.26609 16.5166 50.2984
250 100 150
3 30 7803 0 39 8845 0 48 8038 0
-10.6476 16.6833 51.6057
250 100 150
2 30 7804 0 48 8058 0
-7.25262 16.3317 50.1655
250 100 150
3 30 7808 0 39 8880 0 48 8055 0
-5.27303 16.6206 50.2466
250 100 150
3 30 7819 0 39 8872 0 48 8060 0
-5.43559 16.6019 50.1763
250 100 150
3 30 7824 0 39 8875 0 48 8062 0
-12.2888 17.3413 52.8215
250 100 150
2 30 7830 0 48 8092 0
-4.50947 16.7955 49.9856
250 100 150
2 30 7846 0 48 8087 0
-12.1223 17.4183 52.6622
250 100 150
2 30 7847 0 48 8106 0
-8.41859 16.628 50.301
250 100 150
2 30 7848 0 48 8098 0
-8.27807 16.671 50.223
250 100 150
2 30 7854 0 48 8105 0
-8.44127 16.7196 50.2838
250 100 150
2 30 7860 0 48 8108 0
-4.59226 16.9667 49.9649
250 100 150
3 30 7867 0 39 8921 0 48 8109 0
-11.8513 17.6315 52.4446
250 100 150
2 30 7878 0 48 8142 0
-4.82718 17.0713 49.9815
250 100 150
3 30 7883 0 39 8938 0 48 8126 0
-5.8016 17.0471 49.9639
250 100 150
2 30 7896 0 48 8136 0
-5.4057 17.1077 49.9317
250 100 150
3 30 7903 0 39 8962 0 48 8145 0
-5.23265 17.1367 49.963
250 100 150
2 30 7904 0 48 8141 0
-4.75151 17.1885 49.9071
250 100 150
3 30 7910 0 39 8960 0 48 8149 0
-5.78372 17.1444 49.9656
250 100 150
3 30 7914 0 39 8975 0 48 8158 0
-5.12925 17.2052 49.9753
250 100 150
3 30 7915 0 39 8967 0 48 8153 0
-5.54506 17.1862 49.9333
250 100 150
3 30 7917 0 39 8980 0 48 8162 0
-5.23632 17.2974 50.0409
250 100 150
2 30 7925 0 48 8166 0
-4.89428 17.2482 49.8801
250 100 150
3 30 7926 0 39 8976 0 48 8164 0
-5.74507 17.2657 49.9856
250 100 150
3 30 7932 0 39 8995 0 48 8178 0
-5.30778 17.2592 49.9057
250 100 150
2 30 7933 0 48 8177 0
-5.07941 17.3139 49.9193
250 100 150
3 30 7934 0 39 8988 0 48 8179 0
-11.0825 17.8047 51.8925
250 100 150
2 30 7938 0 48 8202 0
-8.36018 17.2503 50.261
250 100 150
2 30 7941 0 48 8197 0
-5.60585 17.3685 49.9829
250 100 150
3 30 7944 0 39 9005 0 48 8193 0
-5.27644 17.3957 49.9845
250 100 150
3 30 7945 0 39 9000 0 48 8191 0
-11.3573 17.915 52.0675
250 100 150
2 30 7947 0 48 8210 0
-5.87928 17.347 49.9693
250 100 150
3 30 7948 0 39 9009 0 48 8195 0
-5.77948 17.3638 49.9716
250 100 150
3 30 7950 0 39 9010 0 48 8196 0
-5.70516 17.3829 49.9636
250 100 150
4 25 7102 0 30 7953 0 39 9011 0 48 8198 0
-5.97033 17.4608 49.9719
250 100 150
3 30 7963 0 39 9027 0 48 8213 0
-5.74013 17.5074 49.9983
250 100 150
3 30 7969 0 39 9028 0 48 8215 0
-5.6289 17.5327 49.9918
250 100 150
3 30 7971 0 39 9032 0 48 8219 0
-6.06956 17.5266 50.0065
250 100 150
2 30 7973 0 48 8224 0
-6.20719 17.5391 50.0474
250 100 150
2 30 7976 0 39 9045 0
-5.82947 17.5964 50.0165
250 100 150
3 30 7981 0 39 9048 0 48 8234 0
-11.0759 18.1129 51.8304
250 100 150
2 30 7986 0 48 8254 0
-8.78601 17.6152 50.3754
250 100 150
2 30 7989 0 48 8251 0
-6.58083 17.6198 50.0301
250 100 150
3 30 7990 0 39 9069 0 48 8242 0
-5.84389 17.6668 49.9766
250 100 150
2 30 7993 0 48 8243 0
-6.20818 17.6856 50.0285
250 100 150
3 30 7997 0 39 9072 0 48 8249 0
-9.03113 17.7159 50.4339
250 100 150
2 30 8007 0 48 8266 0
-11.0007 18.1635 51.6485
250 100 150
2 30 8008 0 48 8273 0
-7.08356 17.724 50.1146
250 100 150
3 30 8011 0 39 9086 0 48 8260 0
-8.36537 17.7374 50.2683
250 100 150
3 30 8016 0 39 9107 0 48 8272 0
-8.46643 17.7994 50.3173
250 100 150
2 30 8023 0 48 8280 0
-9.23526 17.8473 50.5111
250 100 150
2 30 8024 0 48 8284 0
-7.25579 17.8087 50.1368
250 100 150
3 30 8025 0 39 9099 0 48 8274 0
-7.14331 17.8038 50.0803
250 100 150
3 30 8026 0 39 9100 0 48 8278 0
-6.81532 17.8359 50.106
250 100 150
3 30 8027 0 39 9096 0 48 8275 0
-8.90176 17.8364 50.3606
250 100 150
2 30 8030 0 48 8292 0
-7.02383 17.883 50.1453
250 100 150
3 30 8033 0 39 9108 0 48 8286 0
-9.18849 17.9336 50.5336
250 100 150
2 30 8034 0 48 8300 0
-8.37764 17.9059 50.355
250 100 150
2 30 8035 0 48 8296 0
-8.02881 17.9331 50.2258
250 100 150
3 30 8044 0 39 9141 0 48 8305 0
-7.71158 17.9293 50.1593
250 100 150
3 30 8045 0 39 9139 0 48 8302 0
-9.17641 18.0749 50.6173
250 100 150
2 30 8053 0 48 8311 0
-8.30652 17.9455 50.2227
250 100 150
3 30 8054 0 39 9145 0 48 8308 0
-8.18321 17.9378 50.1534
250 100 150
2 30 8055 0 48 8310 0
-9.31355 18.1447 50.6663
250 100 150
2 30 8060 0 48 8321 0
-7.63417 18.0499 50.1747
250 100 150
2 30 8062 0 48 8320 0
-10.5975 18.4145 51.3272
250 100 150
2 30 8063 0 48 8330 0
-10.4898 18.4572 51.4023
250 100 150
2 30 8064 0 48 8331 0
-9.49743 18.1873 50.6556
250 100 150
2 30 8067 0 48 8328 0
-7.83222 18.1209 50.1972
250 100 150
2 30 8069 0 48 8329 0
-7.71295 18.1392 50.2243
250 100 150
2 30 8070 0 48 8326 0
-8.03181 18.1658 50.1713
250 100 150
2 30 8078 0 48 8337 0
-10.3465 18.5089 51.1184
250 100 150
2 30 8081 0 48 8350 0
-9.73967 18.4459 50.9008
250 100 150
2 30 8083 0 48 8347 0
-10.2508 18.5958 51.106
250 100 150
2 30 8093 0 48 8361 0
-9.55098 18.6076 50.9423
250 100 150
2 30 8098 0 48 8367 0
-9.72746 18.6072 50.9346
250 100 150
2 30 8100 0 48 8369 0
-10.0449 18.6373 50.9822
250 100 150
2 30 8105 0 48 8375 0
-9.95947 18.6422 50.9599
250 100 150
3 30 8106 0 39 9216 0 48 8376 0
-9.63827 18.6687 50.9233
250 100 150
2 30 8112 0 48 8378 0
-7.02767 18.6139 50.0504
250 100 150
2 30 8122 0 48 8384 0
-4.69457 -3.8899 58.6173
250 100 150
2 30 8166 0 48 8427 0
-0.986158 -6.70218 61.3373
250 100 150
3 30 8206 0 39 9309 0 48 8466 0
1.77248 -6.2451 61.4365
250 100 150
2 30 8207 0 48 8472 0
2.01516 -6.2008 61.3019
250 100 150
2 30 8208 0 48 8473 0
-2.0171 -6.73397 61.7939
250 100 150
2 30 8221 0 48 8480 0
-1.10795 -6.55549 61.4322
250 100 150
3 30 8223 0 39 9328 0 48 8481 0
-1.40067 -6.58844 61.3378
250 100 150
2 30 8225 0 48 8482 0
-2.34728 -6.71119 61.9551
250 100 150
2 30 8228 0 48 8485 0
-2.59456 -6.6668 61.6739
250 100 150
2 30 8233 0 48 8491 0
0.469079 -6.12169 60.1189
250 100 150
2 30 8234 0 48 8494 0
-2.42382 -6.57599 61.6723
250 100 150
2 30 8239 0 48 8493 0
0.150802 -5.7968 59.5568
250 100 150
2 30 8270 0 48 8517 0
-3.63963 -5.80933 60.8749
250 100 150
2 30 8308 0 48 8551 0
-3.48 -5.66954 60.6659
250 100 150
2 30 8321 0 48 8554 0
-2.11327 -5.42391 59.7554
250 100 150
3 30 8329 0 39 9425 0 48 8560 0
1.25867 -4.86271 57.783
250 100 150
2 30 8336 0 48 8586 0
-4.26851 -5.61266 60.9989
250 100 150
2 30 8363 0 48 8597 0
6.90701 -3.84358 58.2487
250 100 150
2 30 8369 0 48 8628 0
-3.46968 -5.48115 60.3498
250 100 150
2 30 8370 0 48 8599 0
-0.62334 -5.04307 58.2903
250 100 150
2 30 8372 0 48 8609 0
-2.99549 -5.37042 59.7713
250 100 150
2 30 8378 0 48 8615 0
6.69042 -3.79175 58.1734
250 100 150
2 30 8380 0 48 8640 0
3.01908 -4.38342 56.8169
250 100 150
2 30 8388 0 48 8635 0
-3.00883 -5.30294 59.8206
250 100 150
2 30 8390 0 48 8624 0
-3.78047 -5.41308 60.2905
250 100 150
2 30 8392 0 48 8623 0
7.23503 -3.65826 58.6408
250 100 150
3 30 8393 0 39 9536 0 48 8655 0
-1.81965 -5.09045 58.9357
250 100 150
2 30 8400 0 48 8632 0
0.309351 -4.76682 57.0714
250 100 150
2 30 8401 0 48 8634 0
6.87153 -3.68018 58.188
250 100 150
2 30 8402 0 48 8660 0
7.3879 -3.55027 58.7033
250 100 150
2 30 8411 0 48 8668 0
-4.6361 -5.41871 61.1934
250 100 150
2 30 8415 0 48 8643 0
3.25669 -4.21677 56.4977
250 100 150
2 30 8417 0 48 8659 0
5.78006 -3.79105 57.5982
250 100 150
2 30 8418 0 48 8666 0
-3.22973 -5.20113 59.8019
250 100 150
2 30 8420 0 48 8649 0
2.98752 -4.24256 56.663
250 100 150
2 30 8422 0 48 8661 0
5.90417 -3.76657 57.5272
250 100 150
2 30 8423 0 48 8667 0
-1.79959 -4.95921 58.8476
250 100 150
3 30 8427 0 39 9528 0 48 8656 0
-0.593802 -4.77101 57.8951
250 100 150
3 30 8429 0 39 9531 0 48 8658 0
7.23897 -3.48641 58.7148
250 100 150
2 30 8430 0 48 8686 0
7.81476 -3.36438 59.2473
250 100 150
2 30 8434 0 48 8695 0
2.949 -4.16154 56.4758
250 100 150
3 30 8439 0 39 9557 0 48 8680 0
5.96007 -3.65451 57.6689
250 100 150
2 30 8440 0 48 8694 0
-1.97862 -4.89342 58.7988
250 100 150
3 30 8442 0 39 9545 0 48 8671 0
-1.78938 -4.85489 58.785
250 100 150
3 30 8443 0 39 9551 0 48 8676 0
1.40544 -4.35758 56.7688
250 100 150
3 30 8447 0 39 9565 0 48 8682 0
-2.13158 -4.84822 58.8059
250 100 150
2 30 8456 0 48 8688 0
7.17415 -3.33673 58.6841
250 100 150
3 30 8461 0 39 9594 0 48 8712 0
3.11426 -4.02155 56.1454
250 100 150
2 30 8464 0 48 8704 0
3.49804 -3.92181 56.1699
250 100 150
2 30 8470 0 48 8709 0
5.70647 -3.54125 57.6634
250 100 150
2 30 8471 0 48 8718 0
-1.1198 -4.60803 57.6216
250 100 150
2 30 8476 0 48 8705 0
5.82173 -3.48617 57.7274
250 100 150
2 30 8477 0 48 8724 0
6.89185 -3.30051 58.3491
250 100 150
3 30 8478 0 39 9611 0 48 8731 0
-2.02552 -4.70951 58.4813
250 100 150
2 30 8479 0 48 8708 0
6.45109 -3.33364 58.0898
250 100 150
3 30 8485 0 39 9616 0 48 8736 0
3.17331 -3.89467 56.099
250 100 150
3 30 8487 0 39 9601 0 48 8722 0
3.3201 -3.86514 56.0411
250 100 150
2 30 8491 0 48 8723 0
5.65778 -3.39857 57.7793
250 100 150
2 30 8502 0 48 8749 0
6.00403 -3.32554 57.9064
250 100 150
3 30 8503 0 39 9630 0 48 8753 0
2.39849 -3.93898 56.1158
250 100 150
2 30 8506 0 39 9613 0
3.71849 -3.70234 56.084
250 100 150
2 30 8511 0 48 8748 0
5.77555 -3.31584 57.7994
250 100 150
2 30 8515 0 48 8759 0
3.85928 -3.65228 56.1025
250 100 150
3 30 8518 0 39 9632 0 48 8755 0
5.29338 -3.37835 57.4646
250 100 150
3 30 8520 0 39 9635 0 48 8761 0
5.56384 -3.3034 57.6968
250 100 150
3 30 8525 0 39 9639 0 48 8764 0
-1.29469 -4.36838 57.7604
250 100 150
2 30 8526 0 48 8756 0
4.744 -3.23124 57.2587
250 100 150
3 30 8548 0 39 9673 0 48 8785 0
-2.65385 -4.34203 58.0011
250 100 150
2 30 8551 0 48 8781 0
8.01901 -2.60948 58.926
250 100 150
2 30 8553 0 48 8808 0
-2.16293 -4.25084 57.6953
250 100 150
2 30 8555 0 48 8784 0
-2.29631 -4.23059 57.7441
250 100 150
2 30 8562 0 48 8793 0
3.8429 -3.27181 56.6129
250 100 150
2 30 8567 0 48 8807 0
-2.71015 -4.24689 57.847
250 100 150
2 30 8572 0 48 8800 0
-1.99955 -4.12334 57.4672
250 100 150
2 30 8573 0 48 8804 0
-3.17834 -4.26301 58.3387
250 100 150
2 30 8580 0 48 8803 0
1.90111 -3.51715 55.7997
250 100 150
2 30 8586 0 48 8817 0
3.85891 -3.13821 56.7458
250 100 150
2 30 8592 0 48 8836 0
-0.356232 -3.80362 56.4486
250 100 150
2 30 8595 0 48 8821 0
7.59303 -2.45301 59.0387
250 100 150
2 30 8597 0 48 8856 0
-2.31041 -4.04852 57.7784
250 100 150
3 30 8599 0 39 9702 0 48 8820 0
3.58689 -3.15267 56.6051
250 100 150
2 30 8600 0 48 8840 0
3.99164 -3.05585 56.989
250 100 150
2 30 8602 0 48 8848 0
6.18348 -2.68484 57.5283
250 100 150
2 30 8606 0 48 8861 0
7.86337 -2.35638 59.0194
250 100 150
2 30 8607 0 48 8876 0
1.70684 -3.43097 55.6995
250 100 150
2 30 8610 0 48 8844 0
3.72088 -3.08169 56.7351
250 100 150
3 30 8611 0 39 9737 0 48 8854 0
-3.01035 -4.09835 57.9464
250 100 150
2 30 8612 0 48 8834 0
-2.59983 -4.01788 58.007
250 100 150
2 30 8619 0 48 8839 0
4.08631 -2.98636 56.9312
250 100 150
3 30 8622 0 39 9748 0 48 8870 0
-2.89068 -4.03569 58.0317
250 100 150
3 30 8623 0 39 9723 0 48 8842 0
-2.67476 -4.00326 57.6953
250 100 150
2 30 8626 0 48 8847 0
8.06804 -2.2551 58.992
250 100 150
2 30 8627 0 48 8892 0
-2.54227 -3.96016 57.8675
250 100 150
2 30 8628 0 48 8853 0
-2.40415 -3.93446 57.665
250 100 150
2 30 8632 0 48 8859 0
3.92212 -2.95405 56.8758
250 100 150
3 30 8634 0 39 9762 0 48 8887 0
-2.90432 -3.9812 58.0964
250 100 150
2 30 8635 0 48 8866 0
5.39075 -2.70427 57.1296
250 100 150
2 30 8640 0 48 8890 0
-1.412 -3.76484 56.6192
250 100 150
2 30 8647 0 48 8873 0
-1.23568 -3.73638 56.522
250 100 150
2 30 8648 0 48 8874 0
-3.13819 -3.96359 57.8221
250 100 150
2 30 8651 0 48 8879 0
3.48768 -2.95213 56.6759
250 100 150
2 30 8653 0 48 8898 0
-3.4917 -3.98834 58.0217
250 100 150
2 30 8654 0 48 8885 0
-1.53536 -3.73113 56.5509
250 100 150
2 30 8655 0 48 8889 0
8.02003 -2.10975 59.4041
250 100 150
2 30 8656 0 48 8922 0
-1.11135 -3.64814 56.475
250 100 150
2 30 8657 0 48 8893 0
1.46932 -3.20395 55.516
250 100 150
3 30 8668 0 39 9789 0 48 8913 0
-4.46198 -4.02561 58.1119
250 100 150
2 30 8671 0 48 8902 0
-1.55182 -3.61416 56.5955
250 100 150
2 30 8672 0 48 8911 0
1.13977 -3.2346 55.4879
250 100 150
3 30 8675 0 39 9800 0 48 8921 0
-2.1495 -3.67344 56.8789
250 100 150
2 30 8678 0 48 8915 0
5.09908 -2.52541 57.0007
250 100 150
3 30 8679 0 39 9815 0 48 8934 0
-4.3708 -3.93949 58.3185
250 100 150
2 30 8684 0 48 8919 0
-2.41739 -3.68325 57.1423
250 100 150
2 30 8685 0 48 8925 0
-0.803913 -3.46792 56.1691
250 100 150
3 30 8686 0 39 9807 0 48 8928 0
-4.92613 -3.99836 58.8039
250 100 150
2 30 8688 0 48 8924 0
-2.5231 -3.63601 57.0218
250 100 150
2 30 8694 0 48 8930 0
1.16005 -3.10388 55.2842
250 100 150
2 30 8698 0 48 8943 0
-5.89365 -4.02066 59.1743
250 100 150
2 30 8704 0 48 8936 0
4.81361 -2.41324 57.1509
250 100 150
2 30 8708 0 48 8955 0
-1.3579 -3.41077 56.3365
250 100 150
3 30 8710 0 39 9828 0 48 8948 0
-5.47471 -3.91959 59.0701
250 100 150
2 30 8711 0 39 9825 0
4.51145 -2.38349 57.0373
250 100 150
2 30 8718 0 48 8971 0
-6.3372 -3.97977 59.2707
250 100 150
2 30 8720 0 48 8951 0
-6.24016 -3.89624 59.4296
250 100 150
3 30 8727 0 39 9843 0 48 8959 0
-2.35182 -3.40744 56.757
250 100 150
3 30 8729 0 39 9849 0 48 8966 0
-4.06897 -3.62332 57.7598
250 100 150
2 30 8730 0 48 8964 0
4.43884 -2.30315 56.9799
250 100 150
2 30 8732 0 48 8986 0
-4.40517 -3.63491 57.906
250 100 150
2 30 8733 0 48 8970 0
-5.6183 -3.75577 58.6091
250 100 150
2 30 8738 0 48 8974 0
-4.75819 -3.65099 57.9748
250 100 150
2 30 8739 0 48 8975 0
4.08626 -2.29351 56.6582
250 100 150
3 30 8748 0 39 9888 0 48 9003 0
4.19669 -2.25923 56.6399
250 100 150
2 30 8751 0 48 9005 0
-5.49097 -3.67008 58.4544
250 100 150
2 30 8753 0 48 8989 0
8.22096 -1.42236 59.8992
250 100 150
2 30 8762 0 48 9023 0
-6.16924 -3.70753 58.9901
250 100 150
2 30 8763 0 48 8998 0
-4.04977 -3.44056 57.5552
250 100 150
3 30 8764 0 39 9887 0 48 9001 0
-4.90717 -3.53046 58.0818
250 100 150
2 30 8766 0 48 9002 0
3.99345 -2.21913 56.5282
250 100 150
3 30 8768 0 39 9901 0 48 9017 0
-6.39581 -3.67786 59.1081
250 100 150
2 30 8771 0 48 9008 0
-2.28777 -3.14222 56.4278
250 100 150
3 30 8772 0 39 9899 0 48 9013 0
3.84736 -2.15398 56.6261
250 100 150
2 30 8780 0 48 9028 0
-6.81209 -3.63224 59.2427
250 100 150
2 30 8787 0 48 9019 0
-2.5146 -3.10682 56.3276
250 100 150
3 30 8788 0 39 9914 0 48 9026 0
-6.71952 -3.59636 59.1539
250 100 150
3 30 8791 0 39 9909 0 48 9024 0
3.54784 -2.12267 56.5908
250 100 150
2 30 8793 0 48 9043 0
-6.6921 -3.54259 59.0307
250 100 150
3 30 8800 0 39 9919 0 48 9030 0
-2.76769 -3.05174 56.1531
250 100 150
2 30 8805 0 48 9042 0
-2.6046 -2.88549 56.3255
250 100 150
2 30 8823 0 48 9060 0
-6.95491 -3.30477 58.7224
250 100 150
2 30 8840 0 48 9074 0
8.22534 -0.861984 60.2616
250 100 150
2 30 8843 0 48 9099 0
0.828885 -2.15038 54.8734
250 100 150
2 30 8864 0 48 9108 0
-6.54339 -2.98907 58.028
250 100 150
2 30 8885 0 48 9118 0
-5.51448 -2.74543 56.9482
250 100 150
2 30 8905 0 48 9136 0
1.90609 -1.73552 54.7627
250 100 150
2 30 8907 0 48 9150 0
-6.25582 -2.81328 57.423
250 100 150
2 30 8910 0 48 9141 0
8.43236 -0.318066 60.3137
250 100 150
2 30 8913 0 48 9176 0
-5.81778 -2.6972 57.0184
250 100 150
2 30 8918 0 48 9152 0
1.81189 -1.64755 54.7429
250 100 150
2 30 8923 0 48 9164 0
0.27349 -1.85348 54.9111
250 100 150
2 30 8927 0 48 9166 0
-1.05958 -2.02935 55.2087
250 100 150
3 30 8929 0 39 10066 0 48 9163 0
-1.18111 -2.04078 55.1694
250 100 150
2 30 8932 0 48 9165 0
1.89247 -1.4762 54.9176
250 100 150
2 30 8951 0 48 9191 0
-5.97583 -2.51755 56.7879
250 100 150
2 30 8957 0 48 9183 0
-5.60295 -2.44319 56.8057
250 100 150
2 30 8959 0 48 9188 0
-0.22242 -1.71647 54.8279
250 100 150
2 30 8964 0 48 9203 0
-4.27777 -2.23778 56.0877
250 100 150
2 30 8965 0 48 9198 0
0.093022 -1.5924 54.7794
250 100 150
2 30 8982 0 48 9224 0
-0.125277 -1.60764 54.8504
250 100 150
3 30 8985 0 39 10128 0 48 9223 0
-4.51659 -2.16657 56.0784
250 100 150
2 30 8987 0 48 9219 0
-3.75237 -1.97193 55.7128
250 100 150
2 30 9000 0 48 9237 0
-3.62103 -1.90398 55.6441
250 100 150
2 30 9008 0 48 9245 0
8.64362 0.554819 60.5223
250 100 150
2 30 9028 0 48 9284 0
-3.73339 -1.71217 55.6204
250 100 150
2 30 9030 0 48 9269 0
-2.66929 -1.41986 55.2145
250 100 150
2 30 9045 0 48 9286 0
8.64395 0.816758 60.6312
250 100 150
2 30 9049 0 48 9302 0
-1.36588 -0.977882 54.8383
250 100 150
2 30 9066 0 48 9309 0
-1.07614 -0.839791 54.5367
250 100 150
2 30 9074 0 48 9318 0
-0.0518189 -0.649488 54.3281
250 100 150
3 30 9079 0 39 10255 0 48 9324 0
-6.60606 -1.35028 56.2277
250 100 150
2 30 9091 0 48 9332 0
-6.80345 -1.30748 56.1546
250 100 150
2 30 9097 0 48 9337 0
-0.621722 -0.554621 54.3866
250 100 150
3 30 9100 0 39 10279 0 48 9344 0
-6.44671 -1.2515 56.0106
250 100 150
2 30 9104 0 48 9340 0
-0.891218 -0.568224 54.3476
250 100 150
3 30 9112 0 39 10288 0 48 9350 0
-7.47153 -1.2374 56.4793
250 100 150
2 30 9122 0 48 9359 0
-6.7893 -1.15526 56.0407
250 100 150
2 30 9127 0 48 9362 0
-4.38076 -0.838615 54.7075
250 100 150
2 30 9136 0 48 9373 0
-6.99803 -1.00136 56.1657
250 100 150
3 30 9144 0 39 19497 0 48 9382 0
-4.10859 -0.552151 54.6333
250 100 150
2 30 9157 0 48 9395 0
-7.09573 -0.808378 55.946
250 100 150
2 30 9161 0 48 9399 0
-3.25575 -0.389129 54.3049
250 100 150
2 30 9163 0 48 9404 0
-6.80029 -0.696516 55.9101
250 100 150
2 30 9166 0 48 9405 0
-4.22137 -0.376009 54.4923
250 100 150
2 30 9175 0 48 9412 0
-4.51836 -0.385609 54.6055
250 100 150
3 30 9179 0 39 10365 0 48 9416 0
-3.72692 -0.292465 54.2783
250 100 150
3 30 9182 0 39 10368 0 48 9418 0
-2.97109 -0.143879 54.0501
250 100 150
3 30 9188 0 39 10376 0 48 9424 0
-3.63713 -0.214973 54.1974
250 100 150
3 30 9189 0 39 10377 0 48 9425 0
-4.89026 -0.32928 54.6884
250 100 150
2 30 9191 0 48 9427 0
0.343744 0.382454 54.1579
250 100 150
3 30 9192 0 39 10380 0 48 9432 0
-4.32019 -0.23698 54.4077
250 100 150
2 30 9198 0 48 9430 0
-3.39287 -0.0960113 54.1201
250 100 150
2 30 9205 0 48 9438 0
-4.43001 -0.191501 54.5441
250 100 150
2 30 9207 0 48 9437 0
-3.11924 -0.0734771 53.8659
250 100 150
2 30 9208 0 48 9439 0
-3.25061 -0.0809239 53.8111
250 100 150
2 30 9210 0 48 9442 0
0.47052 0.505077 54.2036
250 100 150
4 20 2759 0 30 9211 0 39 10399 0 48 9448 0
0.227326 0.49545 54.1133
250 100 150
3 30 9215 0 39 10404 0 48 9452 0
-3.55806 0.0032636 54.1211
250 100 150
2 30 9224 0 48 9456 0
0.131348 0.538125 54.0541
250 100 150
2 30 9225 0 48 9459 0
-3.28772 0.0674887 53.8621
250 100 150
2 30 9231 0 48 9463 0
0.0348897 0.639489 54.0076
250 100 150
2 30 9238 0 48 9475 0
0.306127 0.70423 54.0881
250 100 150
3 30 9240 0 39 10434 0 48 9476 0
-4.40016 0.0629661 54.397
250 100 150
2 30 9243 0 48 9474 0
8.65544 2.95911 61.7862
250 100 150
2 30 9252 0 48 9509 0
-6.6766 0.00352815 55.4859
250 100 150
3 30 9253 0 39 10451 0 48 9488 0
-0.107914 0.767005 53.9131
250 100 150
3 30 9254 0 39 10448 0 48 9495 0
9.17767 3.04023 61.3866
250 100 150
2 30 9258 0 48 9514 0
-6.52126 0.0579999 55.4971
250 100 150
3 30 9259 0 39 10457 0 48 9493 0
-0.42267 0.747652 53.8034
250 100 150
2 30 9261 0 48 9499 0
-0.291564 0.814612 53.8167
250 100 150
3 30 9271 0 39 10465 0 48 9507 0
-6.80845 0.0768068 55.5224
250 100 150
2 30 9272 0 48 9502 0
-0.456952 0.905914 53.7968
250 100 150
3 30 9282 0 39 10478 0 48 9521 0
0.0562439 1.00596 53.8345
250 100 150
3 30 9286 0 39 10485 0 48 9522 0
-0.256729 0.994134 53.774
250 100 150
3 30 9292 0 39 10491 0 48 9528 0
-0.0984437 1.01535 53.7832
250 100 150
3 30 9293 0 39 10492 0 48 9526 0
-0.562156 0.964052 53.8038
250 100 150
3 30 9295 0 39 10493 0 48 9527 0
-3.41645 0.565353 53.7251
250 100 150
3 30 9297 0 39 10501 0 48 9533 0
-3.28885 0.595955 53.7387
250 100 150
3 30 9300 0 39 10502 0 48 9535 0
-6.72029 0.311505 55.383
250 100 150
2 30 9302 0 48 9534 0
-0.408658 1.02204 53.7466
250 100 150
3 30 9303 0 39 10503 0 48 9538 0
-6.03986 0.425179 55.3062
250 100 150
2 30 9305 0 48 9537 0
-0.138977 1.1546 53.7362
250 100 150
3 30 9321 0 39 10516 0 48 9559 0
-0.289239 1.13589 53.6988
250 100 150
3 30 9328 0 39 10515 0 48 9558 0
-6.05127 0.736817 55.1895
250 100 150
3 30 9353 0 39 10562 0 48 9583 0
-3.32327 0.946711 53.5267
250 100 150
2 30 9358 0 48 9587 0
0.314034 1.91406 54.8611
250 100 150
2 30 9386 0 48 9623 0
-8.90452 0.99748 56.1164
250 100 150
2 30 9411 0 48 9644 0
-2.11843 1.70784 53.1518
250 100 150
3 30 9436 0 39 10658 0 48 9674 0
-2.53639 1.69154 53.217
250 100 150
3 30 9441 0 39 10664 0 48 9678 0
-1.63324 1.81617 53.1953
250 100 150
3 30 9442 0 39 10665 0 48 9680 0
-1.77688 1.80856 53.2234
250 100 150
2 30 9444 0 48 9682 0
-1.40699 1.87341 53.2449
250 100 150
3 30 9445 0 39 10670 0 48 9683 0
-2.41844 1.76612 53.2414
250 100 150
3 30 9452 0 39 10673 0 48 9687 0
-2.29277 1.80149 53.106
250 100 150
3 30 9459 0 39 10682 0 48 9695 0
-2.1685 1.82461 53.121
250 100 150
3 30 9460 0 39 10683 0 48 9696 0
-1.96352 1.87226 53.0934
250 100 150
2 30 9466 0 48 9700 0
-1.43474 1.98985 53.2524
250 100 150
3 30 9468 0 39 10692 0 48 9702 0
-6.26201 1.56533 54.8697
250 100 150
3 30 9470 0 39 10700 0 48 9704 0
-2.65697 1.90678 53.0939
250 100 150
3 30 9484 0 39 10714 0 48 9722 0
-2.33568 1.93845 53.0641
250 100 150
3 30 9485 0 39 10711 0 48 9723 0
-1.56739 2.16279 53.242
250 100 150
2 30 9494 0 48 9733 0
-1.36718 2.21882 53.3897
250 100 150
2 30 9495 0 48 9734 0
-3.75925 1.94776 53.3795
250 100 150
2 30 9504 0 48 9741 0
-2.4431 2.1027 53.1017
250 100 150
3 30 9506 0 39 10736 0 48 9743 0
-1.31011 2.41047 53.3003
250 100 150
2 30 9518 0 48 9762 0
-6.32138 1.92589 54.6123
250 100 150
2 30 9519 0 48 9760 0
-4.18651 2.37801 53.3207
250 100 150
3 30 9550 0 39 10789 0 48 9802 0
-5.89335 2.4557 54.3732
250 100 150
2 30 9567 0 48 9825 0
-6.11309 2.45298 54.3851
250 100 150
2 30 9576 0 48 9831 0
-4.23552 2.54113 53.2668
250 100 150
2 30 9578 0 48 9833 0
-6.33231 2.55331 54.454
250 100 150
3 30 9591 0 39 10839 0 48 9850 0
-0.217648 3.50002 54.1785
250 100 150
2 30 9618 0 48 9879 0
-8.01573 2.65098 55.1899
250 100 150
2 30 9624 0 48 9882 0
-4.12882 2.84687 53.1418
250 100 150
2 30 9627 0 48 9885 0
-6.15701 2.81349 54.1561
250 100 150
2 30 9634 0 48 9895 0
-0.224255 3.62178 54.07
250 100 150
2 30 9636 0 48 9898 0
-4.07761 2.96973 53.0317
250 100 150
2 30 9638 0 48 9900 0
-0.330562 3.68968 54.0597
250 100 150
2 30 9640 0 48 9903 0
-2.69899 3.18343 52.8303
250 100 150
3 30 9644 0 39 10898 0 48 9904 0
-2.92523 3.18214 52.7893
250 100 150
3 30 9647 0 39 10900 0 48 9909 0
-3.50215 3.13246 52.8436
250 100 150
3 30 9649 0 39 10904 0 48 9912 0
-2.99427 3.26892 52.7685
250 100 150
3 30 9663 0 39 10916 0 48 9926 0
-2.74286 3.34556 52.8272
250 100 150
2 30 9669 0 48 9931 0
-4.08307 3.19177 52.8806
250 100 150
2 30 9671 0 48 9935 0
-3.95959 3.22423 52.9302
250 100 150
2 30 9673 0 48 9937 0
-5.84193 3.15725 53.9366
250 100 150
2 30 9675 0 48 9939 0
-2.90428 3.36075 52.7761
250 100 150
2 30 9678 0 48 9940 0
-1.54669 3.58118 52.9787
250 100 150
2 30 9679 0 48 9943 0
-0.468869 4.00988 54.0696
250 100 150
2 30 9691 0 48 9965 0
-2.69043 3.50815 52.7792
250 100 150
2 30 9699 0 48 9969 0
-2.97867 3.46809 52.7531
250 100 150
3 30 9701 0 39 10955 0 48 9968 0
-5.77486 3.33881 53.8039
250 100 150
3 30 9710 0 39 10977 0 48 9981 0
-1.58824 3.74194 52.9315
250 100 150
2 30 9711 0 48 9979 0
-2.82574 3.55159 52.7018
250 100 150
3 30 9715 0 39 10973 0 48 9983 0
8.72222 6.97222 62.5897
250 100 150
2 30 9716 0 48 10003 0
-2.56074 3.66036 52.7222
250 100 150
2 30 9727 0 48 9994 0
-1.75137 3.80605 52.841
250 100 150
3 30 9731 0 39 10984 0 48 9998 0
-5.8583 3.47306 53.6824
250 100 150
2 30 9740 0 48 10009 0
-7.6774 3.51322 54.4851
250 100 150
2 30 9758 0 48 10026 0
-5.71509 3.6949 53.5384
250 100 150
2 30 9769 0 48 10036 0
-7.86727 3.71552 54.5202
250 100 150
2 30 9782 0 48 10051 0
-6.06262 3.77819 53.5892
250 100 150
2 30 9783 0 48 10052 0
-5.31049 3.99017 53.329
250 100 150
2 30 9803 0 48 10072 0
-5.43676 3.97245 53.2905
250 100 150
3 30 9804 0 39 11075 0 48 10074 0
-8.8752 3.91186 55.0992
250 100 150
2 30 9810 0 48 10081 0
-5.58384 4.01626 53.3707
250 100 150
3 30 9813 0 39 11083 0 48 10082 0
-5.23903 4.0821 53.1662
250 100 150
3 30 9818 0 39 11093 0 48 10091 0
-6.08467 4.05015 53.5153
250 100 150
2 30 9821 0 48 10092 0
-9.13165 4.08197 55.2558
250 100 150
2 30 9826 0 48 10103 0
-5.09737 4.22291 53.1251
250 100 150
3 30 9835 0 39 11109 0 48 10105 0
-2.08661 4.55631 52.682
250 100 150
3 30 9837 0 39 11106 0 48 10107 0
-1.2339 4.77567 52.937
250 100 150
2 30 9840 0 48 10113 0
-5.01124 4.34242 52.9706
250 100 150
3 30 9849 0 39 11130 0 48 10123 0
-1.95246 4.97529 52.6584
250 100 150
2 30 9879 0 48 10151 0
-4.83366 4.74723 52.6616
250 100 150
3 30 9897 0 39 11187 0 48 10172 0
-4.6808 4.82575 52.566
250 100 150
2 30 9904 0 48 10176 0
-1.95862 5.30808 52.7445
250 100 150
2 30 9920 0 48 10190 0
-1.83476 5.30054 52.6179
250 100 150
2 30 9921 0 48 10191 0
-4.87294 4.94231 52.583
250 100 150
2 30 9926 0 48 10196 0
-4.7285 5.00336 52.5889
250 100 150
3 30 9934 0 39 11217 0 48 10203 0
-4.8888 5.06743 52.6068
250 100 150
2 30 9946 0 48 10208 0
7.89924 9.0779 62.8979
250 100 150
2 30 9957 0 48 10232 0
-5.26039 5.36483 52.5781
250 100 150
3 30 9995 0 39 11292 0 48 10266 0
-4.95741 5.4511 52.5726
250 100 150
2 30 10008 0 48 10273 0
-1.5672 6.12149 52.8625
250 100 150
2 30 10025 0 48 10292 0
-1.61852 7.02136 53.2443
250 100 150
2 30 10083 0 48 10352 0
-1.52185 7.07927 53.3058
250 100 150
2 30 10086 0 48 10357 0
-1.71578 7.15923 53.1642
250 100 150
2 30 10095 0 48 10365 0
-1.59555 7.2798 53.2783
250 100 150
2 30 10104 0 48 10375 0
-1.71147 7.29184 53.2233
250 100 150
2 30 10108 0 48 10379 0
-1.65568 7.47785 53.1799
250 100 150
2 30 10124 0 48 10399 0
6.41948 11.2639 63.3963
250 100 150
2 30 10134 0 48 10412 0
-3.1108 7.26447 51.9904
250 100 150
2 30 10151 0 39 11462 0
-1.6357 7.83988 53.0454
250 100 150
2 30 10163 0 48 10430 0
6.29151 11.6814 63.3681
250 100 150
2 30 10174 0 48 10445 0
-2.45848 7.86712 52.1918
250 100 150
2 30 10199 0 48 10462 0
6.12983 11.9809 63.3576
250 100 150
2 30 10201 0 48 10477 0
-2.69549 7.82066 51.9548
250 100 150
2 30 10207 0 48 10472 0
-2.36686 7.9558 52.2198
250 100 150
2 30 10210 0 48 10475 0
-1.91968 8.28729 52.9364
250 100 150
2 30 10216 0 48 10488 0
-2.4603 8.00032 52.0711
250 100 150
2 30 10219 0 48 10487 0
-2.83811 7.98574 51.96
250 100 150
2 30 10232 0 48 10498 0
-3.02596 7.95581 51.89
250 100 150
3 30 10234 0 39 11532 0 48 10502 0
-3.15069 7.95558 51.8481
250 100 150
2 30 10236 0 48 10505 0
-1.80758 8.38013 52.8093
250 100 150
2 30 10238 0 48 10508 0
6.13255 12.3175 63.3302
250 100 150
2 30 10241 0 48 10517 0
-2.06769 8.40346 52.8291
250 100 150
2 30 10243 0 48 10513 0
-1.97933 8.47575 52.8305
250 100 150
2 30 10252 0 48 10520 0
-2.06288 8.55661 52.7871
250 100 150
2 30 10271 0 48 10537 0
-3.32359 8.12871 51.7576
250 100 150
2 30 10273 0 48 10536 0
-3.43547 8.15177 51.7972
250 100 150
3 30 10279 0 39 11577 0 48 10543 0
-2.04429 8.67244 52.7683
250 100 150
2 30 10286 0 48 10553 0
-3.43065 8.25407 51.7415
250 100 150
3 30 10290 0 39 11589 0 48 10557 0
-2.09201 8.85537 52.6606
250 100 150
2 30 10310 0 48 10576 0
-2.2642 9.11208 52.6056
250 100 150
2 30 10333 0 48 10596 0
-2.24285 9.15967 52.5816
250 100 150
2 30 10337 0 48 10599 0
-3.65445 8.78181 51.6638
250 100 150
2 30 10341 0 48 10606 0
-3.3971 9.03292 51.6278
250 100 150
2 30 10363 0 48 10635 0
-2.26903 9.47155 52.4673
250 100 150
2 30 10370 0 48 10639 0
-2.32935 9.67108 52.4196
250 100 150
2 30 10395 0 48 10659 0
-2.88205 9.76706 51.6839
250 100 150
2 30 10424 0 48 10703 0
-3.07977 9.89418 51.521
250 100 150
2 30 10443 0 39 11759 0
-3.04319 10.0201 51.4586
250 100 150
3 30 10455 0 39 11773 0 48 10731 0
-3.28967 10.0741 51.4383
250 100 150
2 30 10465 0 39 11785 0
-3.15139 10.0895 51.4374
250 100 150
3 30 10466 0 39 11784 0 48 10738 0
-3.2921 10.2105 51.3501
250 100 150
2 30 10479 0 48 10755 0
5.21903 14.9826 62.9604
250 100 150
2 30 10481 0 48 10761 0
-3.18277 10.3193 51.4187
250 100 150
2 30 10483 0 48 10764 0
-3.3638 10.3227 51.3765
250 100 150
3 30 10488 0 39 11813 0 48 10767 0
-3.26202 10.4036 51.4335
250 100 150
2 30 10492 0 48 10773 0
5.16396 15.1716 62.901
250 100 150
2 30 10498 0 48 10777 0
-3.22922 10.4888 51.3497
250 100 150
3 30 10503 0 39 11832 0 48 10782 0
-3.35545 10.6554 51.3445
250 100 150
2 30 10519 0 48 10802 0
-3.33115 10.6992 51.2963
250 100 150
2 30 10524 0 39 11855 0
-3.2235 10.7517 51.3225
250 100 150
2 30 10527 0 39 11860 0
-3.26532 10.8405 51.2864
250 100 150
2 30 10538 0 39 11876 0
-3.28364 10.9851 51.2684
250 100 150
2 30 10552 0 48 10831 0
-11.8135 11.1652 54.323
250 100 150
2 30 10557 0 48 10849 0
-3.26954 11.1067 51.2237
250 100 150
3 30 10567 0 39 11914 0 48 10845 0
-11.5477 11.3014 54.2622
250 100 150
2 30 10572 0 48 10866 0
-4.56862 11.0247 51.0961
250 100 150
3 30 10576 0 39 11929 0 48 10863 0
-11.5642 11.3648 54.2355
250 100 150
2 30 10578 0 48 10875 0
-4.40752 11.1239 51.143
250 100 150
3 30 10586 0 39 11934 0 48 10871 0
-4.60643 11.1487 51.0961
250 100 150
3 30 10588 0 39 11947 0 48 10879 0
-4.40311 11.2326 51.1454
250 100 150
3 30 10594 0 39 11953 0 48 10885 0
-4.7194 11.2451 51.073
250 100 150
3 30 10601 0 39 11965 0 48 10892 0
-4.57808 11.2595 51.0582
250 100 150
3 30 10604 0 39 11962 0 48 10893 0
-4.39841 11.3278 51.0838
250 100 150
3 30 10608 0 39 11967 0 48 10900 0
-11.7321 11.6288 54.1188
250 100 150
2 30 10609 0 48 10912 0
-4.29452 11.3836 51.0818
250 100 150
2 30 10612 0 48 10905 0
-4.57756 11.3666 51.0088
250 100 150
3 30 10620 0 39 11984 0 48 10910 0
-4.46115 11.4446 51.0374
250 100 150
3 30 10622 0 39 11987 0 48 10916 0
-12.1629 11.8474 54.4428
250 100 150
2 30 10623 0 48 10925 0
-4.32076 11.4707 51.0256
250 100 150
3 30 10625 0 39 11989 0 48 10917 0
-4.46639 11.5433 50.9871
250 100 150
3 30 10637 0 39 11998 0 48 10926 0
-4.34344 11.6302 51.0883
250 100 150
2 30 10642 0 48 10934 0
-3.13426 11.9248 51.4214
250 100 150
2 30 10648 0 48 10937 0
-12.0427 12.0659 54.1933
250 100 150
2 30 10659 0 48 10966 0
-4.23066 11.7293 50.9777
250 100 150
3 30 10660 0 39 12012 0 48 10947 0
-4.47365 11.7036 50.937
250 100 150
3 30 10662 0 39 12018 0 48 10950 0
-4.674 11.7588 50.9644
250 100 150
3 30 10673 0 39 12032 0 48 10964 0
-3.27675 12.0313 51.2956
250 100 150
2 30 10676 0 48 10961 0
4.66417 16.9612 62.3593
250 100 150
2 30 10687 0 48 10975 0
-4.44654 11.8387 50.9412
250 100 150
3 30 10688 0 39 12039 0 48 10977 0
-5.94266 11.8043 51.2539
250 100 150
2 30 10689 0 48 10980 0
-3.34639 12.0835 51.1961
250 100 150
2 30 10693 0 48 10982 0
-9.89583 11.9154 52.5713
250 100 150
2 30 10695 0 48 11005 0
-4.80488 11.8859 50.9267
250 100 150
3 30 10708 0 39 12064 0 48 10997 0
-4.56077 11.9028 50.9154
250 100 150
3 30 10709 0 39 12061 0 48 10991 0
-4.36482 11.9608 50.9083
250 100 150
2 30 10714 0 48 11006 0
-3.42767 12.1712 51.1376
250 100 150
2 30 10722 0 48 11008 0
-5.47772 11.9366 51.0559
250 100 150
2 30 10723 0 48 11014 0
-3.30237 12.2215 51.1827
250 100 150
2 30 10725 0 48 11009 0
-9.85851 12.0484 52.5237
250 100 150
2 30 10727 0 48 11026 0
-5.41133 11.9923 50.9895
250 100 150
2 30 10733 0 48 11024 0
-3.3645 12.3022 51.1113
250 100 150
3 30 10742 0 39 12089 0 48 11031 0
-3.48019 12.2895 51.0963
250 100 150
2 30 10743 0 48 11030 0
-5.28402 12.0775 50.9552
250 100 150
2 30 10745 0 48 11037 0
-3.94407 12.2351 50.9552
250 100 150
2 30 10747 0 48 11038 0
4.29051 17.4744 62.1538
250 100 150
2 30 10771 0 48 11061 0
4.18516 17.6071 62.0721
250 100 150
2 30 10791 0 48 11081 0
-3.62275 12.6602 50.9915
250 100 150
3 30 10794 0 39 12149 0 48 11088 0
-3.71346 12.6549 50.8784
250 100 150
2 30 10799 0 48 11093 0
4.1917 17.7458 62.0563
250 100 150
2 30 10804 0 48 11095 0
-3.94299 12.7097 50.9833
250 100 150
2 30 10808 0 48 11096 0
-4.06212 12.7081 50.8663
250 100 150
2 30 10815 0 48 11107 0
-3.80196 12.7775 50.9102
250 100 150
3 30 10820 0 39 12175 0 48 11110 0
-4.16485 12.7652 50.8205
250 100 150
3 30 10832 0 39 12187 0 48 11117 0
-3.97138 12.8259 50.8263
250 100 150
3 30 10836 0 39 12188 0 48 11120 0
-4.09542 12.853 50.8246
250 100 150
3 30 10840 0 39 12195 0 48 11127 0
-4.21402 12.8453 50.8181
250 100 150
3 30 10842 0 39 12199 0 48 11131 0
3.83776 18.0781 62.0566
250 100 150
2 30 10854 0 48 11138 0
-4.08461 12.9725 50.7932
250 100 150
3 30 10861 0 39 12220 0 48 11145 0
-4.28524 12.968 50.7637
250 100 150
3 30 10866 0 39 12226 0 48 11151 0
-6.26336 12.8217 50.8303
250 100 150
2 30 10869 0 48 11161 0
-11.0368 13.1913 52.9681
250 100 150
2 30 10872 0 48 11172 0
3.70103 18.2187 62.0218
250 100 150
2 30 10878 0 48 11157 0
-4.29539 13.0995 50.7784
250 100 150
2 30 10885 0 48 11167 0
3.74192 18.2961 61.8711
250 100 150
2 30 10891 0 48 11175 0
3.58242 18.3388 62.0375
250 100 150
2 30 10893 0 48 11174 0
-6.25774 13.0159 50.7787
250 100 150
2 30 10901 0 48 11193 0
-4.58156 13.1604 50.7244
250 100 150
2 30 10902 0 48 11191 0
-4.38867 13.167 50.7078
250 100 150
2 30 10903 0 48 11184 0
-4.69842 13.2042 50.7043
250 100 150
3 30 10914 0 39 12272 0 48 11199 0
3.33205 18.445 61.9089
250 100 150
2 30 10920 0 48 11200 0
-5.9904 13.122 50.7204
250 100 150
2 30 10922 0 48 11210 0
-4.50642 13.2915 50.7038
250 100 150
3 30 10927 0 39 12283 0 48 11212 0
-6.16376 13.1755 50.7107
250 100 150
3 30 10936 0 39 12305 0 48 11224 0
-5.13492 13.2952 50.7219
250 100 150
2 30 10940 0 48 11225 0
-4.7936 13.3326 50.6506
250 100 150
3 30 10945 0 39 12300 0 48 11229 0
-4.60307 13.3973 50.6857
250 100 150
3 30 10951 0 39 12303 0 48 11236 0
-6.05382 13.2579 50.6443
250 100 150
2 30 10952 0 48 11240 0
-4.70995 13.4176 50.6677
250 100 150
3 30 10955 0 39 12311 0 48 11241 0
-5.18825 13.3989 50.6579
250 100 150
2 30 10959 0 48 11249 0
-4.91538 13.4404 50.6748
250 100 150
3 30 10963 0 39 12319 0 48 11250 0
-4.72981 13.5283 50.6581
250 100 150
3 30 10974 0 39 12327 0 48 11262 0
-5.00169 13.5501 50.6286
250 100 150
3 30 10985 0 39 12336 0 48 11270 0
-12.2215 14.1137 53.5238
250 100 150
2 30 10995 0 48 11296 0
-12.036 14.024 53.2113
250 100 150
2 30 10999 0 48 11300 0
-5.13186 13.6756 50.5747
250 100 150
3 30 11004 0 39 12362 0 48 11293 0
-4.90994 13.7216 50.6475
250 100 150
3 30 11006 0 39 12357 0 48 11291 0
-5.02542 13.7466 50.6059
250 100 150
2 30 11014 0 48 11299 0
-5.07757 13.7885 50.5749
250 100 150
3 30 11020 0 39 12372 0 48 11310 0
-5.99192 13.7304 50.6159
250 100 150
2 30 11021 0 48 11314 0
-5.21881 13.8336 50.5315
250 100 150
3 30 11029 0 39 12386 0 48 11319 0
-5.04641 13.9013 50.5514
250 100 150
3 30 11036 0 39 12389 0 48 11323 0
-5.64312 13.9283 50.5387
250 100 150
3 30 11048 0 39 12409 0 48 11341 0
-5.32355 13.9542 50.5343
250 100 150
2 30 11049 0 39 12406 0
-5.51376 13.9593 50.5167
250 100 150
2 30 11051 0 39 12410 0
-5.82396 13.9994 50.5077
250 100 150
3 30 11059 0 39 12428 0 48 11356 0
-5.56941 14.0528 50.5449
250 100 150
3 30 11062 0 39 12431 0 48 11361 0
-5.42278 14.0457 50.5005
250 100 150
3 30 11063 0 39 12425 0 48 11362 0
-4.2859 14.2798 50.6992
250 100 150
3 30 11070 0 39 12422 0 48 11367 0
-6.18023 14.1909 50.5382
250 100 150
3 30 11089 0 39 12467 0 48 11387 0
-4.17865 14.4753 50.6668
250 100 150
2 30 11093 0 48 11388 0
-6.15379 14.554 50.4026
250 100 150
2 30 11131 0 39 12510 0
-6.02329 14.5998 50.4289
250 100 150
3 30 11132 0 39 12515 0 48 11434 0
-11.2444 15.0053 52.4678
250 100 150
2 30 11135 0 48 11447 0
-6.16047 14.692 50.383
250 100 150
3 30 11149 0 39 12525 0 48 11448 0
-5.92633 14.738 50.4069
250 100 150
3 30 11151 0 39 12526 0 48 11451 0
-8.23307 14.7061 50.6841
250 100 150
2 30 11160 0 48 11461 0
-8.05399 14.6839 50.5919
250 100 150
2 30 11161 0 48 11462 0
-8.87115 14.8183 50.905
250 100 150
2 30 11170 0 48 11480 0
-7.10018 14.7898 50.4605
250 100 150
2 30 11172 0 48 11470 0
-8.62357 14.8253 50.7885
250 100 150
2 30 11181 0 48 11485 0
-7.27965 14.8512 50.492
250 100 150
3 30 11186 0 39 12562 0 48 11486 0
-5.83709 15.0664 50.369
250 100 150
3 30 11203 0 39 12573 0 48 11504 0
-6.00189 15.0786 50.3326
250 100 150
3 30 11210 0 39 12580 0 48 11514 0
-14.3036 16.2965 54.6296
250 100 150
2 30 11219 0 48 11544 0
-10.8318 15.4434 51.8884
250 100 150
2 30 11224 0 48 11540 0
-5.71926 15.2572 50.3734
250 100 150
3 30 11228 0 39 12602 0 48 11530 0
-5.58339 15.3672 50.4409
250 100 150
3 30 11234 0 39 12609 0 48 11541 0
-5.81943 15.4252 50.3846
250 100 150
2 30 11243 0 39 12629 0
-5.30097 15.5259 50.489
250 100 150
2 30 11245 0 39 12622 0
-6.26388 15.3778 50.3191
250 100 150
3 30 11248 0 39 12635 0 48 11558 0
-4.63218 15.64 50.5676
250 100 150
3 30 11249 0 39 12618 0 48 11555 0
-8.52239 15.3821 50.6168
250 100 150
2 30 11256 0 39 12676 0
-6.56039 15.4183 50.3217
250 100 150
3 30 11257 0 39 12654 0 48 11562 0
-4.46508 15.7298 50.5369
250 100 150
2 30 11259 0 48 11561 0
-6.33917 15.4629 50.2865
250 100 150
3 30 11261 0 39 12658 0 48 11572 0
-6.20995 15.4888 50.3141
250 100 150
2 30 11262 0 48 11573 0
-4.73058 15.7764 50.578
250 100 150
3 30 11272 0 39 12646 0 48 11577 0
-6.82717 15.4775 50.2836
250 100 150
2 30 11276 0 48 11581 0
-6.47975 15.5282 50.2922
250 100 150
2 30 11277 0 39 12674 0
-5.37721 15.7191 50.4796
250 100 150
3 30 11279 0 39 12662 0 48 11582 0
-4.89487 15.8038 50.569
250 100 150
3 30 11280 0 39 12656 0 48 11583 0
-5.16056 15.7685 50.5156
250 100 150
3 30 11281 0 39 12663 0 48 11585 0
-4.81906 15.8759 50.5216
250 100 150
3 30 11289 0 39 12670 0 48 11594 0
-6.55828 15.6417 50.2486
250 100 150
3 30 11293 0 39 12685 0 48 11601 0
-7.33364 15.641 50.3231
250 100 150
2 30 11294 0 48 11606 0
-4.9633 15.9758 50.5245
250 100 150
3 30 11300 0 39 12683 0 48 11607 0
-7.12844 15.7074 50.2614
250 100 150
3 30 11304 0 39 12697 0 48 11613 0
-10.9142 16.1661 51.7842
250 100 150
2 30 11313 0 48 11634 0
-4.98323 16.1146 50.4928
250 100 150
3 30 11316 0 39 12694 0 48 11621 0
-8.85901 15.9065 50.5783
250 100 150
2 30 11327 0 48 11646 0
-4.98488 16.2404 50.4644
250 100 150
3 30 11332 0 39 12707 0 48 11643 0
-5.12454 16.234 50.4599
250 100 150
3 30 11334 0 39 12711 0 48 11645 0
-5.03153 16.346 50.4257
250 100 150
3 30 11348 0 39 12722 0 48 11659 0
-5.1906 16.3367 50.3958
250 100 150
3 30 11350 0 39 12725 0 48 11660 0
-5.10274 16.4079 50.397
250 100 150
3 30 11357 0 39 12732 0 48 11671 0
-5.28648 16.3799 50.3269
250 100 150
3 30 11360 0 39 12738 0 48 11674 0
-8.3547 16.1531 50.3473
250 100 150
2 30 11363 0 48 11682 0
-10.6087 16.5235 51.5544
250 100 150
2 30 11365 0 48 11688 0
-5.3686 16.4803 50.2892
250 100 150
3 30 11374 0 39 12758 0 48 11685 0
-5.24097 16.5073 50.2926
250 100 150
3 30 11377 0 39 12759 0 48 11691 0
-4.49054 16.5265 50.1856
250 100 150
2 30 11378 0 48 11687 0
-5.26572 16.6345 50.2745
250 100 150
3 30 11385 0 39 12780 0 48 11703 0
-5.45044 16.6026 50.1754
250 100 150
3 30 11389 0 39 12786 0 48 11705 0
-8.32633 16.4563 50.3522
250 100 150
3 30 11390 0 39 12807 0 48 11712 0
-5.38987 16.6726 50.0839
250 100 150
3 30 11395 0 39 12800 0 48 11716 0
-4.44333 16.7351 50.0493
250 100 150
2 30 11396 0 48 11713 0
-8.35089 16.549 50.3103
250 100 150
2 30 11399 0 48 11720 0
-8.48185 16.5389 50.3008
250 100 150
3 30 11400 0 39 12816 0 48 11723 0
-8.27007 16.6472 50.3728
250 100 150
3 30 11402 0 39 12822 0 48 11730 0
-12.1349 17.4282 52.6814
250 100 150
2 30 11403 0 48 11735 0
-4.51763 16.7995 49.9913
250 100 150
2 30 11405 0 48 11721 0
-4.50354 16.908 49.9922
250 100 150
2 30 11412 0 48 11733 0
-8.44877 16.7343 50.2886
250 100 150
2 30 11413 0 48 11740 0
-4.60638 16.9562 49.9604
250 100 150
3 30 11418 0 39 12813 0 48 11737 0
-4.72304 17.077 49.9819
250 100 150
3 30 11428 0 39 12826 0 48 11747 0
-5.22015 17.1174 49.9625
250 100 150
3 30 11439 0 39 12838 0 48 11759 0
-5.41657 17.1019 49.9426
250 100 150
3 30 11440 0 39 12843 0 48 11760 0
-4.75604 17.1857 49.9134
250 100 150
3 30 11444 0 39 12841 0 48 11765 0
-5.32638 17.154 49.9413
250 100 150
2 30 11446 0 48 11769 0
-5.77334 17.1555 49.9802
250 100 150
3 30 11450 0 39 12854 0 48 11772 0
-4.90199 17.2316 49.918
250 100 150
3 30 11451 0 39 12851 0 48 11773 0
-5.53244 17.1944 49.9277
250 100 150
3 30 11452 0 39 12857 0 48 11776 0
-5.85913 17.2056 49.9388
250 100 150
3 30 11455 0 39 12865 0 48 11781 0
-5.37221 17.2582 49.9098
250 100 150
3 30 11459 0 39 12861 0 48 11784 0
-5.59182 17.371 49.9706
250 100 150
3 30 11470 0 39 12878 0 48 11797 0
-5.14483 17.3766 49.8949
250 100 150
2 30 11472 0 48 11794 0
-8.3765 17.444 50.287
250 100 150
3 30 11486 0 39 12916 0 48 11819 0
-5.51428 17.5424 49.9895
250 100 150
3 30 11488 0 39 12893 0 48 11812 0
-6.19556 17.5299 50.0551
250 100 150
3 30 11489 0 39 12903 0 48 11815 0
-6.08272 17.5284 50.0407
250 100 150
2 30 11490 0 48 11816 0
-5.4705 17.6094 50.0675
250 100 150
2 30 11492 0 48 11817 0
-6.61897 17.4812 49.9444
250 100 150
2 30 11495 0 48 11821 0
-6.70811 17.5924 50.0754
250 100 150
2 30 11498 0 48 11824 0
-8.80361 17.6281 50.4189
250 100 150
2 30 11502 0 48 11834 0
-6.30863 17.6522 50.0404
250 100 150
3 30 11504 0 39 12918 0 48 11829 0
-8.59289 17.5815 50.2045
250 100 150
2 30 11507 0 48 11838 0
-8.27918 17.6346 50.2753
250 100 150
2 30 11508 0 48 11837 0
-6.10532 17.7134 50.0263
250 100 150
2 30 11510 0 48 11835 0
-9.04145 17.7144 50.4475
250 100 150
3 30 11513 0 39 12947 0 48 11843 0
-8.90075 17.7261 50.3921
250 100 150
2 30 11515 0 48 11846 0
-8.58647 17.6884 50.2773
250 100 150
2 30 11516 0 48 11847 0
-7.26165 17.7951 50.1311
250 100 150
3 30 11526 0 39 12943 0 48 11849 0
-9.25268 17.8497 50.5212
250 100 150
2 30 11527 0 48 11856 0
-7.02374 17.8806 50.1691
250 100 150
3 30 11532 0 39 12946 0 48 11854 0
-9.07298 17.9642 50.5139
250 100 150
2 30 11541 0 48 11873 0
-8.03796 17.9474 50.2212
250 100 150
3 30 11544 0 39 12973 0 48 11877 0
-7.72268 17.946 50.1843
250 100 150
4 25 10077 0 30 11545 0 39 12972 0 48 11875 0
-8.18477 17.9621 50.2216
250 100 150
3 30 11548 0 39 12977 0 48 11879 0
-9.41526 18.1093 50.661
250 100 150
2 30 11551 0 48 11885 0
-7.44719 18.0095 50.0544
250 100 150
2 30 11556 0 48 11886 0
-10.4831 18.4539 51.4066
250 100 150
2 30 11557 0 48 11890 0
-7.83486 18.1149 50.2399
250 100 150
2 30 11561 0 48 11888 0
-9.45307 18.2836 50.7525
250 100 150
2 30 11563 0 48 11895 0
-9.65888 18.3317 50.8273
250 100 150
2 30 11568 0 48 11898 0
-10.1182 18.5139 51.1658
250 100 150
2 30 11573 0 48 11904 0
-9.96756 18.5358 51.0708
250 100 150
2 30 11579 0 48 11911 0
-9.75093 18.4665 50.9094
250 100 150
2 30 11580 0 48 11908 0
-8.14507 18.2779 50.2736
250 100 150
3 30 11581 0 39 13004 0 48 11906 0
-9.54663 18.6067 50.9587
250 100 150
3 30 11587 0 39 13026 0 48 11921 0
-10.0117 18.6089 50.9278
250 100 150
2 30 11589 0 48 11926 0
-9.8719 18.6817 50.9038
250 100 150
2 30 11597 0 48 11931 0
0.0191524 -6.97057 61.4752
250 100 150
3 30 11652 0 39 13089 0 48 11980 0
1.10413 -6.56743 61.2376
250 100 150
2 30 11656 0 48 11985 0
-0.921989 -6.71881 61.3444
250 100 150
3 30 11659 0 39 13098 0 48 11986 0
1.75836 -6.28654 61.579
250 100 150
3 30 11660 0 39 13099 0 48 11990 0
-1.0557 -6.53382 61.3753
250 100 150
2 30 11668 0 48 11998 0
-2.27779 -6.69127 61.8537
250 100 150
2 30 11672 0 48 11999 0
-2.63422 -6.64375 61.67
250 100 150
2 30 11676 0 48 12005 0
-2.1681 -6.04339 60.6068
250 100 150
2 30 11701 0 48 12020 0
-0.699757 -5.6354 59.2773
250 100 150
2 30 11708 0 48 12025 0
-3.05998 -5.65336 60.4997
250 100 150
2 30 11722 0 48 12039 0
1.98576 -4.8253 57.9527
250 100 150
2 30 11726 0 48 12046 0
-3.49706 -5.66706 60.6359
250 100 150
2 30 11727 0 48 12041 0
-1.92576 -5.42416 59.7976
250 100 150
3 30 11728 0 39 13158 0 48 12042 0
1.32119 -4.87246 57.5405
250 100 150
3 30 11732 0 39 13172 0 48 12052 0
-2.14322 -5.39926 59.7737
250 100 150
3 30 11734 0 39 13163 0 48 12049 0
-0.450321 -5.05744 58.2694
250 100 150
2 30 11745 0 48 12065 0
-4.29536 -5.65329 60.9674
250 100 150
2 30 11749 0 48 12058 0
6.49912 -3.91301 58.0396
250 100 150
2 30 11750 0 48 12084 0
-3.44244 -5.47959 60.3557
250 100 150
2 30 11751 0 48 12066 0
7.10955 -3.78919 58.5549
250 100 150
2 30 11755 0 48 12089 0
-2.8369 -5.36383 59.9074
250 100 150
2 30 11756 0 48 12069 0
-3.78242 -5.41961 60.2088
250 100 150
2 30 11767 0 48 12079 0
-1.8607 -5.12141 59.0414
250 100 150
3 30 11769 0 39 13200 0 48 12086 0
6.66891 -3.75282 58.2523
250 100 150
2 30 11770 0 48 12097 0
-4.43812 -5.48937 60.8306
250 100 150
2 30 11771 0 48 12085 0
6.89626 -3.68967 58.317
250 100 150
2 30 11772 0 48 12105 0
1.53011 -4.54709 57.1739
250 100 150
3 30 11774 0 39 13206 0 48 12091 0
5.76239 -3.84759 57.556
250 100 150
3 30 11776 0 39 13221 0 48 12104 0
-3.4082 -5.24512 60.0304
250 100 150
2 30 11779 0 48 12095 0
-3.64492 -5.25817 59.9799
250 100 150
2 30 11782 0 48 12094 0
-1.61357 -4.94132 58.4694
250 100 150
2 30 11784 0 48 12100 0
3.1863 -4.20121 56.4972
250 100 150
3 30 11785 0 39 13225 0 48 12108 0
6.04462 -3.73357 57.6099
250 100 150
2 30 11786 0 48 12114 0
7.79703 -3.38196 59.2459
250 100 150
2 30 11790 0 48 12123 0
3.02197 -4.19158 56.3992
250 100 150
2 30 11792 0 48 12113 0
0.372523 -4.51848 57.2919
250 100 150
2 30 11798 0 48 12120 0
1.37161 -4.37339 56.8279
250 100 150
2 30 11799 0 48 12121 0
-4.31155 -5.20526 60.1215
250 100 150
3 30 11800 0 39 13224 0 48 12116 0
7.16412 -3.39108 58.692
250 100 150
3 30 11802 0 39 13249 0 48 12133 0
3.26975 -4.02495 56.3119
250 100 150
3 30 11805 0 39 13240 0 48 12127 0
-4.91083 -5.2335 60.716
250 100 150
2 30 11806 0 48 12122 0
-0.78854 -4.63186 57.6414
250 100 150
2 30 11808 0 48 12126 0
3.50573 -3.97453 56.2516
250 100 150
3 30 11809 0 39 13244 0 48 12132 0
-4.52545 -5.04398 60.0536
250 100 150
2 30 11814 0 48 12134 0
3.34288 -3.86507 56.069
250 100 150
2 30 11817 0 48 12142 0
5.64197 -3.43968 57.8122
250 100 150
3 30 11821 0 39 13265 0 48 12145 0
1.27707 -4.13429 56.4704
250 100 150
2 30 11823 0 48 12141 0
-2.71054 -4.62453 58.7591
250 100 150
2 30 11830 0 48 12147 0
3.81677 -3.61659 56.1678
250 100 150
2 30 11831 0 48 12155 0
5.15313 -3.27144 57.5174
250 100 150
2 30 11838 0 48 12163 0
-2.95775 -4.44399 58.6859
250 100 150
2 30 11842 0 48 12160 0
4.73108 -3.23895 57.3267
250 100 150
3 30 11844 0 39 13295 0 48 12175 0
-4.22822 -4.56382 59.2084
250 100 150
2 30 11847 0 48 12165 0
-2.89114 -4.35311 58.1177
250 100 150
3 30 11851 0 39 13288 0 48 12169 0
-2.54592 -4.30125 57.6854
250 100 150
2 30 11852 0 48 12170 0
8.01978 -2.57284 58.9322
250 100 150
2 30 11854 0 48 12186 0
8.23599 -2.51426 58.9539
250 100 150
2 30 11857 0 48 12191 0
-2.04766 -4.12732 57.4638
250 100 150
2 30 11862 0 48 12183 0
4.43231 -3.13485 56.934
250 100 150
3 30 11864 0 39 13307 0 48 12188 0
-3.1632 -4.25415 58.275
250 100 150
2 30 11866 0 48 12182 0
6.82137 -2.66165 57.9874
250 100 150
3 30 11868 0 39 13329 0 48 12203 0
-4.76029 -4.45262 59.3801
250 100 150
2 30 11869 0 48 12185 0
7.66129 -2.48436 58.671
250 100 150
3 30 11870 0 39 13334 0 48 12208 0
3.92913 -3.12415 56.7316
250 100 150
3 30 11871 0 39 13322 0 48 12202 0
4.32978 -3.02466 57.0144
250 100 150
3 30 11874 0 39 13328 0 48 12207 0
-2.97401 -4.10423 57.9686
250 100 150
2 30 11880 0 48 12197 0
3.70942 -3.1033 56.736
250 100 150
2 30 11881 0 48 12212 0
-5.05532 -4.35888 59.5656
250 100 150
2 30 11882 0 48 12200 0
-0.36744 -3.70469 56.3285
250 100 150
3 30 11886 0 39 13332 0 48 12211 0
1.72617 -3.39214 55.5942
250 100 150
2 30 11887 0 48 12217 0
-2.49913 -3.97217 57.4327
250 100 150
2 30 11888 0 48 12210 0
7.74697 -2.24785 59.7391
250 100 150
2 30 11896 0 48 12245 0
-1.61963 -3.80131 56.4398
250 100 150
2 30 11905 0 48 12228 0
-3.44805 -4.00699 58.147
250 100 150
3 30 11906 0 39 13349 0 48 12229 0
-1.28086 -3.72567 56.5875
250 100 150
3 30 11907 0 39 13354 0 48 12230 0
-1.53482 -3.74201 56.3785
250 100 150
2 30 11908 0 48 12236 0
-1.08445 -3.67109 56.5555
250 100 150
3 30 11909 0 39 13358 0 48 12237 0
3.46242 -2.93717 56.6916
250 100 150
2 30 11910 0 48 12249 0
-5.21569 -4.18756 59.3295
250 100 150
2 30 11911 0 48 12235 0
-2.15794 -3.6847 56.7585
250 100 150
2 30 11925 0 48 12259 0
-0.795461 -3.49143 56.2082
250 100 150
3 30 11926 0 39 13383 0 48 12260 0
-0.238028 -3.42291 55.8069
250 100 150
2 30 11927 0 48 12261 0
-1.59365 -3.57545 56.4626
250 100 150
3 30 11929 0 39 13382 0 48 12264 0
-1.03729 -3.49105 56.318
250 100 150
3 30 11930 0 39 13389 0 48 12265 0
-3.68885 -3.8088 58.0382
250 100 150
3 30 11932 0 39 13390 0 48 12266 0
-1.37616 -3.52294 56.3648
250 100 150
2 30 11933 0 48 12267 0
-5.90804 -4.00606 59.2492
250 100 150
3 30 11943 0 39 13398 0 48 12273 0
-4.18881 -3.78892 58.269
250 100 150
2 30 11944 0 48 12279 0
-2.17295 -3.52109 56.8054
250 100 150
3 30 11945 0 39 13403 0 48 12281 0
-2.50509 -3.55172 56.7964
250 100 150
3 30 11947 0 39 13405 0 48 12283 0
-7.24506 -4.04646 60.1639
250 100 150
2 30 11950 0 48 12286 0
-5.63399 -3.8527 59.0347
250 100 150
3 30 11951 0 39 13411 0 48 12287 0
-4.08687 -3.61735 58.0319
250 100 150
2 30 11954 0 48 12293 0
-3.80845 -3.56224 57.5969
250 100 150
2 30 11959 0 48 12297 0
-4.24784 -3.56201 57.7684
250 100 150
3 30 11966 0 39 13421 0 48 12303 0
-5.82713 -3.70307 58.6212
250 100 150
2 30 11970 0 48 12305 0
-4.69941 -3.53857 57.858
250 100 150
2 30 11972 0 48 12312 0
-4.01263 -3.43263 57.4554
250 100 150
2 30 11976 0 48 12313 0
-2.80363 -3.08625 56.262
250 100 150
2 30 11995 0 48 12330 0
-6.63624 -3.51121 58.7487
250 100 150
2 30 11998 0 48 12333 0
-6.6465 -3.29947 58.7516
250 100 150
3 30 12014 0 39 13475 0 48 12348 0
-1.49411 -2.62425 55.7657
250 100 150
3 30 12020 0 39 13480 0 48 12351 0
2.8646 -1.94274 55.6003
250 100 150
2 30 12022 0 48 12357 0
2.6606 -1.82887 55.5084
250 100 150
2 30 12037 0 48 12370 0
2.02158 -1.70164 54.9847
250 100 150
2 30 12059 0 48 12393 0
-6.30581 -2.78507 57.4287
250 100 150
2 30 12060 0 48 12392 0
-6.07264 -2.69008 57.3123
250 100 150
2 30 12062 0 48 12394 0
1.81794 -1.64841 54.8065
250 100 150
3 30 12066 0 39 13525 0 48 12400 0
-0.890111 -1.99847 55.1927
250 100 150
2 30 12068 0 48 12398 0
-0.098734 -1.85463 54.8378
250 100 150
2 30 12071 0 48 12403 0
1.84517 -1.45876 54.979
250 100 150
3 30 12079 0 39 13538 0 48 12411 0
0.15098 -1.61139 54.742
250 100 150
2 30 12093 0 48 12423 0
8.69273 0.5488 60.3865
250 100 150
2 30 12121 0 48 12455 0
8.63433 0.828977 60.6341
250 100 150
2 30 12132 0 48 12468 0
-2.60083 -1.19612 55.0998
250 100 150
2 30 12137 0 48 12463 0
-0.227631 -0.48444 54.3424
250 100 150
3 30 12163 0 39 13630 0 48 12490 0
0.0646579 -0.432935 54.2411
250 100 150
3 30 12165 0 39 13631 0 48 12492 0
-0.699592 -0.467702 54.2794
250 100 150
2 30 12173 0 48 12502 0
-4.44405 -0.805319 54.7433
250 100 150
3 30 12181 0 39 13648 0 48 12506 0
-6.78648 -0.926625 56.0728
250 100 150
3 30 12186 0 39 13654 0 48 12511 0
-4.2466 -0.695472 54.7066
250 100 150
2 30 12187 0 48 12512 0
-4.07886 -0.508302 54.6253
250 100 150
2 30 12195 0 48 12517 0
-6.76677 -0.713271 55.8908
250 100 150
2 30 12201 0 48 12521 0
-4.05285 -0.360226 54.5086
250 100 150
3 30 12208 0 39 13676 0 48 12529 0
-3.33944 -0.254996 53.8579
250 100 150
2 30 12211 0 48 12531 0
-4.35154 -0.260561 54.3563
250 100 150
3 30 12218 0 39 13683 0 48 12535 0
-3.93734 -0.2 54.3205
250 100 150
2 30 12219 0 48 12537 0
0.421159 0.501107 54.1512
250 100 150
3 30 12223 0 39 13690 0 48 12544 0
0.185662 0.485659 54.1175
250 100 150
3 30 12225 0 39 13691 0 48 12550 0
-3.28491 -0.0387251 53.8275
250 100 150
3 30 12227 0 39 13693 0 48 12548 0
-2.96078 0.0270033 53.9923
250 100 150
3 30 12228 0 39 13694 0 48 12549 0
0.282921 0.726326 54.0608
250 100 150
3 30 12243 0 39 13708 0 48 12563 0
-0.155342 0.711631 53.9283
250 100 150
3 30 12249 0 39 13714 0 48 12569 0
-6.71812 -0.00958587 55.4853
250 100 150
3 30 12250 0 39 13716 0 48 12570 0
-0.422029 0.71699 53.7929
250 100 150
2 30 12254 0 48 12575 0
0.137962 0.868421 53.9658
250 100 150
3 30 12257 0 39 13723 0 48 12576 0
-0.283499 0.836869 53.8439
250 100 150
3 30 12262 0 39 13728 0 48 12582 0
-3.23216 0.427357 53.7743
250 100 150
3 30 12265 0 39 13730 0 48 12580 0
-0.610967 0.802051 53.7696
250 100 150
2 30 12266 0 48 12581 0
-0.10496 0.998752 53.7966
250 100 150
3 30 12276 0 39 13741 0 48 12597 0
0.0683775 1.03172 53.8051
250 100 150
3 30 12277 0 39 13742 0 48 12598 0
-6.49832 0.279011 55.3593
250 100 150
2 30 12279 0 48 12596 0
-3.25665 0.583067 53.7538
250 100 150
3 30 12281 0 39 13745 0 48 12599 0
-6.32323 0.404554 55.244
250 100 150
2 30 12283 0 48 12602 0
-0.457987 1.04328 53.714
250 100 150
3 30 12288 0 39 13748 0 48 12606 0
-0.310816 1.15734 53.7149
250 100 150
3 30 12298 0 39 13762 0 48 12614 0
-3.20487 0.759206 53.6128
250 100 150
2 30 12299 0 48 12615 0
-3.49362 0.881205 53.7037
250 100 150
2 30 12310 0 48 12625 0
-3.29291 1.01237 53.4364
250 100 150
2 30 12319 0 48 12633 0
-6.17069 1.05768 54.9899
250 100 150
2 30 12332 0 48 12648 0
-1.38279 1.63025 53.2725
250 100 150
3 30 12342 0 39 13812 0 48 12660 0
-8.71916 1.07297 56.1012
250 100 150
2 30 12347 0 48 12665 0
-3.44778 1.50586 53.4273
250 100 150
2 30 12352 0 48 12672 0
-1.65204 1.78239 53.1979
250 100 150
3 30 12356 0 39 13830 0 48 12675 0
-3.74723 1.60243 53.3361
250 100 150
2 30 12366 0 48 12685 0
-1.92425 1.83612 53.1034
250 100 150
2 30 12367 0 48 12686 0
-3.41707 1.69956 53.3775
250 100 150
2 30 12368 0 48 12688 0
-1.40265 1.96751 53.2495
250 100 150
3 30 12369 0 39 13844 0 48 12689 0
-1.58157 1.97316 53.2402
250 100 150
2 30 12372 0 48 12691 0
-6.22411 1.57806 54.8486
250 100 150
2 30 12373 0 48 12693 0
-2.02913 2.00468 53.1466
250 100 150
3 30 12380 0 39 13852 0 48 12698 0
-2.49216 1.95428 53.1123
250 100 150
3 30 12382 0 39 13856 0 48 12701 0
-1.7063 2.08244 53.2106
250 100 150
2 30 12383 0 48 12702 0
-1.63001 2.16086 53.2905
250 100 150
2 30 12385 0 39 13861 0
-6.25725 2.02764 54.5778
250 100 150
2 30 12404 0 48 12724 0
-2.48602 2.69688 52.9484
250 100 150
3 30 12427 0 39 13898 0 48 12747 0
-2.73772 2.74757 52.8953
250 100 150
3 30 12433 0 39 13909 0 48 12754 0
-0.236444 3.48075 54.1853
250 100 150
2 30 12451 0 48 12772 0
-2.55717 2.99758 52.8814
250 100 150
3 30 12455 0 39 13935 0 48 12778 0
-6.20563 2.75976 54.1534
250 100 150
2 30 12459 0 48 12783 0
-2.70508 3.04082 52.8613
250 100 150
3 30 12460 0 39 13940 0 48 12785 0
-2.88424 3.15094 52.7949
250 100 150
3 30 12465 0 39 13951 0 48 12792 0
-3.06367 3.19486 52.7289
250 100 150
3 30 12473 0 39 13960 0 48 12797 0
-1.55463 3.55824 53.0061
250 100 150
2 30 12480 0 48 12804 0
-4.09759 3.21696 52.8633
250 100 150
2 30 12484 0 48 12808 0
-3.93994 3.23455 52.9584
250 100 150
2 30 12485 0 48 12803 0
-3.43235 3.40932 52.7836
250 100 150
2 30 12499 0 48 12824 0
-2.97794 3.51005 52.7855
250 100 150
4 26 9207 0 30 12506 0 39 13989 0 48 12827 0
-1.5933 3.78662 52.9489
250 100 150
3 30 12513 0 39 13993 0 48 12836 0
-2.60119 3.65938 52.6985
250 100 150
2 30 12517 0 48 12841 0
-1.72023 3.83221 52.8328
250 100 150
2 30 12520 0 39 14002 0
-5.74611 3.65619 53.507
250 100 150
3 30 12540 0 39 14027 0 48 12863 0
-0.738954 4.40836 53.9311
250 100 150
2 30 12542 0 48 12865 0
-0.727506 4.55131 53.9295
250 100 150
2 30 12551 0 48 12875 0
-7.86372 3.72947 54.5158
250 100 150
2 30 12553 0 48 12876 0
-6.09151 3.81978 53.6443
250 100 150
2 30 12557 0 48 12877 0
-5.46016 4.00515 53.2982
250 100 150
3 30 12567 0 39 14049 0 48 12892 0
-0.801448 4.74627 53.8634
250 100 150
2 30 12569 0 48 12893 0
-5.26402 4.1108 53.1785
250 100 150
2 30 12574 0 48 12900 0
-5.08239 4.19764 53.1346
250 100 150
2 30 12579 0 48 12906 0
-0.884313 4.97594 53.874
250 100 150
2 30 12580 0 48 12910 0
-9.12095 4.23593 55.211
250 100 150
2 30 12586 0 48 12914 0
-5.03044 4.36856 52.9673
250 100 150
3 30 12592 0 39 14083 0 48 12922 0
-1.51692 4.86836 52.9022
250 100 150
3 30 12594 0 39 14078 0 48 12924 0
-1.42052 4.95086 53.1882
250 100 150
2 30 12595 0 48 12927 0
-1.57612 4.91901 52.7548
250 100 150
2 30 12604 0 48 12932 0
-1.13163 5.09639 53.1504
250 100 150
2 30 12607 0 48 12938 0
-1.88048 4.9161 52.7066
250 100 150
2 30 12608 0 48 12937 0
-1.76113 4.94548 52.6878
250 100 150
3 30 12609 0 39 14097 0 48 12939 0
-1.2164 5.14416 53.1605
250 100 150
2 30 12612 0 48 12942 0
-0.746551 5.32311 53.733
250 100 150
2 30 12613 0 48 12943 0
-4.86839 4.61488 52.8206
250 100 150
2 30 12615 0 48 12944 0
-2.08005 4.95184 52.6399
250 100 150
2 30 12616 0 48 12945 0
-1.94825 5.05292 52.6396
250 100 150
2 30 12630 0 48 12957 0
-2.26987 5.05029 52.6194
250 100 150
4 26 9290 0 30 12635 0 39 14113 0 48 12963 0
-4.87365 4.76882 52.6682
250 100 150
3 30 12639 0 39 14122 0 48 12968 0
-2.23931 5.10162 52.5412
250 100 150
3 30 12642 0 39 14119 0 48 12971 0
-4.67654 4.83926 52.6061
250 100 150
2 30 12647 0 48 12978 0
-1.7084 5.31574 52.7522
250 100 150
2 30 12655 0 48 12984 0
-9.06065 4.90854 54.7791
250 100 150
2 30 12665 0 48 13004 0
-5.23404 5.21633 52.6302
250 100 150
3 30 12700 0 39 14180 0 48 13035 0
7.36825 9.4981 62.8938
250 100 150
2 30 12738 0 48 13073 0
-1.09073 6.29635 53.641
250 100 150
2 30 12739 0 48 13067 0
7.58754 9.63713 62.9168
250 100 150
3 30 12742 0 39 14203 0 48 13076 0
-1.81008 6.18758 52.6746
250 100 150
2 30 12749 0 48 13080 0
-1.45996 6.84953 53.3187
250 100 150
2 30 12770 0 48 13107 0
-1.59834 6.95305 53.2704
250 100 150
2 30 12777 0 48 13114 0
-2.11679 6.76341 52.379
250 100 150
3 30 12784 0 39 14277 0 48 13117 0
-1.33019 7.11394 53.3497
250 100 150
2 30 12785 0 48 13119 0
7.24693 10.6126 63.0785
250 100 150
2 30 12786 0 48 13123 0
-1.72257 7.32038 53.174
250 100 150
2 30 12797 0 48 13133 0
-1.64806 7.48208 53.1829
250 100 150
2 30 12807 0 48 13143 0
-3.35135 7.52089 51.8405
250 100 150
3 30 12836 0 39 14333 0 48 13170 0
-2.46684 7.82627 52.1336
250 100 150
2 30 12844 0 48 13175 0
-3.48336 7.68492 51.8142
250 100 150
5 5 13131 0 26 9520 0 30 12854 0 39 14342 0 48 13183 0
-2.60158 7.91823 52.0331
250 100 150
2 30 12860 0 48 13190 0
-2.92041 7.91547 51.9773
250 100 150
2 30 12864 0 48 13196 0
-2.46084 8.02865 52.0579
250 100 150
2 30 12868 0 48 13197 0
-2.04746 8.31864 52.6694
250 100 150
2 30 12877 0 48 13206 0
-2.17982 8.62787 52.727
250 100 150
2 30 12896 0 48 13228 0
-3.63188 8.21726 51.7307
250 100 150
3 30 12899 0 39 14388 0 48 13230 0
-3.63913 8.31837 51.7391
250 100 150
2 30 12907 0 39 14394 0
-2.22851 8.87624 52.6512
250 100 150
2 30 12914 0 48 13244 0
-12.374 8.95037 56.4284
250 100 150
2 30 12925 0 48 15024 0
-3.65077 8.80253 51.7049
250 100 150
2 30 12938 0 48 13260 0
-3.53372 8.91976 51.5992
250 100 150
2 30 12943 0 39 14427 0
-3.58793 8.9872 51.5921
250 100 150
2 30 12948 0 39 14429 0
-3.56043 9.08884 51.5866
250 100 150
2 30 12954 0 39 14434 0
-3.26755 9.50322 51.5657
250 100 150
3 30 12977 0 39 14456 0 48 13302 0
-2.90693 9.8909 51.6539
250 100 150
2 30 12991 0 48 13324 0
-3.18215 9.95218 51.4551
250 100 150
2 30 12996 0 48 13329 0
-3.0081 10.0277 51.4805
250 100 150
3 30 12999 0 39 14494 0 48 13331 0
5.45671 14.7097 63.0216
250 100 150
2 30 13000 0 48 13332 0
-3.68438 10.0063 51.4341
250 100 150
3 30 13002 0 39 14496 0 48 13333 0
-3.48189 10.0498 51.4823
250 100 150
3 30 13003 0 39 14497 0 48 13334 0
-3.31872 10.0755 51.4138
250 100 150
3 30 13005 0 39 14498 0 48 13335 0
-3.12807 10.2487 51.4107
250 100 150
3 30 13011 0 39 14505 0 48 13339 0
-3.28883 10.2297 51.3905
250 100 150
3 30 13012 0 39 14507 0 48 13338 0
-3.40099 10.3529 51.3654
250 100 150
3 30 13018 0 39 14515 0 48 13346 0
-3.35198 10.563 51.3402
250 100 150
3 30 13028 0 39 14523 0 48 13354 0
-3.40142 10.7933 51.2372
250 100 150
3 30 13039 0 39 14534 0 48 13363 0
-11.1949 10.8957 53.8738
250 100 150
2 30 13043 0 48 13370 0
-11.648 11.0018 54.2322
250 100 150
2 30 13045 0 48 13375 0
-4.79848 11.0679 51.1447
250 100 150
3 30 13059 0 39 14568 0 48 13388 0
-9.51926 11.162 52.8056
250 100 150
2 30 13061 0 48 13391 0
-4.3782 11.1958 51.1328
250 100 150
3 30 13065 0 39 14573 0 48 13392 0
-11.5947 11.5065 54.1193
250 100 150
2 30 13067 0 48 13402 0
-4.42044 11.3948 51.0582
250 100 150
3 30 13077 0 39 14588 0 48 13407 0
-4.59941 11.3962 51.0296
250 100 150
3 30 13079 0 39 14591 0 48 13411 0
-4.30994 11.5811 51.0114
250 100 150
3 30 13088 0 39 14600 0 48 13422 0
-4.20439 11.7183 51.0088
250 100 150
2 30 13098 0 48 13430 0
-12.0152 12.0881 54.1139
250 100 150
2 30 13101 0 48 13443 0
-3.27428 12.0026 51.3131
250 100 150
2 30 13102 0 48 13436 0
-4.4011 11.8208 50.9503
250 100 150
2 30 13111 0 48 13442 0
-5.20798 11.7701 51.0012
250 100 150
3 30 13113 0 39 14625 0 48 13447 0
-5.64815 11.7728 51.063
250 100 150
3 30 13116 0 39 14638 0 48 13449 0
-5.06871 11.8003 50.9319
250 100 150
4 25 11282 0 30 13117 0 39 14630 0 48 13450 0
-5.4149 11.8335 50.9612
250 100 150
3 30 13124 0 39 14650 0 48 13462 0
-3.6008 12.0549 51.0547
250 100 150
2 30 13125 0 48 13457 0
-4.91077 11.9523 51.0602
250 100 150
2 30 13130 0 48 13469 0
-5.89705 11.9037 51.1212
250 100 150
3 30 13134 0 39 14658 0 48 13473 0
-5.61162 11.9167 50.8339
250 100 150
2 30 13141 0 48 13481 0
-5.06455 12.0092 50.9532
250 100 150
3 30 13142 0 39 14668 0 48 13478 0
-3.9476 12.195 50.7857
250 100 150
2 30 13158 0 48 13491 0
2.53703 17.7701 63.8636
250 100 150
2 30 13164 0 48 13499 0
4.27959 17.4161 62.0142
250 100 150
2 30 13171 0 48 13504 0
-3.72411 12.5174 50.986
250 100 150
3 30 13175 0 39 14694 0 48 13506 0
4.1885 17.5974 62.1403
250 100 150
2 30 13180 0 48 13513 0
2.63841 18.0929 63.7094
250 100 150
2 30 13189 0 48 13523 0
-3.97303 12.6518 50.7426
250 100 150
2 30 13195 0 48 13528 0
-3.79467 12.8128 50.942
250 100 150
3 30 13202 0 39 14722 0 48 13535 0
-4.23885 12.8211 50.8328
250 100 150
3 30 13214 0 39 14733 0 48 13539 0
-3.94166 12.8476 50.8285
250 100 150
3 30 13215 0 39 14730 0 48 13540 0
-6.19991 12.6694 50.7857
250 100 150
2 30 13222 0 48 13549 0
3.83289 18.0345 62.0107
250 100 150
2 30 13224 0 48 13548 0
-4.05328 12.9854 50.7973
250 100 150
3 30 13227 0 39 14746 0 48 13555 0
-4.32609 12.9575 50.7542
250 100 150
2 30 13231 0 48 13558 0
-6.23537 12.88 50.8633
250 100 150
2 30 13236 0 48 13563 0
-4.46612 13.0555 50.7816
250 100 150
3 30 13239 0 39 14760 0 48 13566 0
3.5482 18.2669 61.8426
250 100 150
2 30 13247 0 48 13572 0
-4.36258 13.1473 50.6791
250 100 150
2 30 13250 0 48 13576 0
-4.57092 13.1725 50.7199
250 100 150
2 30 13251 0 48 13584 0
-6.42103 12.985 50.7083
250 100 150
2 30 13254 0 48 13585 0
-6.0016 13.0801 50.7239
250 100 150
3 30 13257 0 39 14784 0 48 13590 0
3.29786 18.4637 62.0126
250 100 150
2 30 13258 0 48 13587 0
-7.92018 13.1006 51.064
250 100 150
2 30 13264 0 48 13597 0
3.53225 18.5165 61.8999
250 100 150
2 30 13265 0 48 13593 0
-6.15104 13.1639 50.7198
250 100 150
3 30 13266 0 39 14794 0 48 13598 0
-4.49608 13.3137 50.6885
250 100 150
3 30 13267 0 39 14785 0 48 13596 0
-5.75299 13.2346 50.7155
250 100 150
3 30 13271 0 39 14795 0 48 13604 0
-4.90634 13.3989 50.6711
250 100 150
3 30 13276 0 39 14802 0 48 13607 0
-5.92425 13.3707 50.6504
250 100 150
2 30 13287 0 48 13613 0
-5.01159 13.5723 50.6297
250 100 150
3 30 13298 0 39 14813 0 48 13625 0
-4.87544 13.69 50.635
250 100 150
3 30 13302 0 39 14819 0 48 13632 0
-5.04437 13.7667 50.607
250 100 150
3 30 13308 0 39 14831 0 48 13639 0
-5.96753 13.7056 50.6216
250 100 150
3 30 13314 0 39 14835 0 48 13646 0
-6.07961 13.8336 50.524
250 100 150
2 30 13323 0 48 13661 0
-5.88009 13.865 50.5411
250 100 150
2 30 13327 0 48 13662 0
-5.65329 13.8977 50.5707
250 100 150
2 30 13328 0 48 13663 0
-5.33738 13.9357 50.51
250 100 150
3 30 13331 0 39 14855 0 48 13665 0
-11.9501 14.4103 53.0928
250 100 150
2 30 13335 0 48 13677 0
-5.55131 14.0283 50.529
250 100 150
3 30 13337 0 39 14865 0 48 13674 0
-11.7341 14.5321 53.0858
250 100 150
2 30 13338 0 48 13684 0
-5.4151 14.0802 50.512
250 100 150
3 30 13340 0 39 14868 0 48 13679 0
-4.22517 14.2888 50.7491
250 100 150
2 30 13341 0 48 13675 0
-4.33877 14.3933 50.7499
250 100 150
2 30 13349 0 48 13685 0
-4.48461 14.3773 50.6085
250 100 150
3 30 13352 0 39 14878 0 48 13692 0
-11.0901 14.7674 52.4473
250 100 150
2 30 13366 0 48 13709 0
-8.8592 14.8278 50.9643
250 100 150
3 30 13394 0 39 14948 0 48 13737 0
-9.09376 14.823 50.9344
250 100 150
2 30 13398 0 48 13741 0
-5.91287 14.9025 50.3535
250 100 150
3 30 13404 0 39 20414 0 48 13739 0
-7.27185 14.8412 50.4511
250 100 150
3 30 13407 0 39 14943 0 48 13747 0
-4.24632 15.2053 50.6469
250 100 150
3 30 13410 0 39 14925 0 48 13742 0
-5.80193 15.0594 50.3749
250 100 150
3 30 13413 0 39 14949 0 48 13758 0
-5.90589 15.1863 50.3277
250 100 150
3 30 13421 0 39 14965 0 48 13770 0
-5.70402 15.2515 50.4128
250 100 150
2 30 13426 0 48 13771 0
-4.48146 15.5869 50.6593
250 100 150
3 30 13429 0 39 14968 0 48 13775 0
-11.0331 15.6298 52.0092
250 100 150
2 30 13431 0 48 13785 0
-5.30769 15.526 50.5303
250 100 150
3 30 13432 0 39 14974 0 48 13781 0
-5.84304 15.4289 50.3774
250 100 150
3 30 13435 0 39 14979 0 48 13783 0
-5.51231 15.4903 50.4238
250 100 150
3 30 13436 0 39 14980 0 48 13784 0
-6.54166 15.3947 50.3303
250 100 150
3 30 13440 0 39 14989 0 48 13786 0
-4.74876 15.7327 50.5617
250 100 150
3 30 13442 0 39 14986 0 48 13791 0
-5.22294 15.6817 50.5412
250 100 150
2 30 13444 0 48 13795 0
-5.38745 15.7252 50.457
250 100 150
3 30 13453 0 39 14996 0 48 13800 0
-6.31982 15.649 50.3258
250 100 150
2 30 13455 0 39 15010 0
-4.21988 15.9327 50.4659
250 100 150
2 30 13457 0 48 13805 0
-4.81843 15.9117 50.5174
250 100 150
3 30 13458 0 39 15006 0 48 13807 0
-5.00308 16.0786 50.5122
250 100 150
3 30 13466 0 39 15017 0 48 13815 0
-7.14626 15.8142 50.2483
250 100 150
3 30 13467 0 39 15026 0 48 13821 0
-8.81075 15.9025 50.5311
250 100 150
2 30 13474 0 48 13828 0
-5.14562 16.2162 50.4731
250 100 150
3 30 13475 0 39 15022 0 48 13826 0
-4.96358 16.2353 50.4727
250 100 150
3 30 13476 0 39 15023 0 48 13827 0
-4.42095 16.2891 50.3067
250 100 150
2 30 13480 0 48 13831 0
-9.16286 16.064 50.5758
250 100 150
2 30 13486 0 48 13840 0
-8.91698 16.1105 50.6423
250 100 150
2 30 13487 0 48 13841 0
-5.0366 16.3893 50.4153
250 100 150
3 30 13491 0 39 15034 0 48 13838 0
-8.57393 16.152 50.2778
250 100 150
2 30 13494 0 48 13853 0
-8.30593 16.4137 50.3523
250 100 150
2 30 13504 0 48 13863 0
-4.4742 16.6078 50.0587
250 100 150
2 30 13505 0 48 13858 0
-5.21384 16.6382 50.2412
250 100 150
3 30 13506 0 39 15054 0 48 13860 0
-4.6322 16.9318 49.9574
250 100 150
3 30 13519 0 39 15069 0 48 13876 0
-5.6297 17.0653 50.0018
250 100 150
3 30 13527 0 39 15086 0 48 13885 0
-5.11621 17.1974 49.9821
250 100 150
2 30 13534 0 48 13890 0
-4.88938 17.2348 49.9507
250 100 150
3 30 13535 0 39 15090 0 48 13891 0
-5.52966 17.2017 49.9349
250 100 150
3 30 13538 0 39 15096 0 48 13894 0
-5.35263 17.3577 50.0047
250 100 150
2 30 13544 0 48 13898 0
-5.93624 17.3432 49.9532
250 100 150
3 30 13548 0 39 15105 0 48 13904 0
-8.4609 17.3014 50.2445
250 100 150
2 30 13550 0 48 13909 0
-5.56412 17.4009 49.9584
250 100 150
3 30 13551 0 39 15107 0 48 13906 0
-5.43668 17.4509 50.0132
250 100 150
3 30 13552 0 39 15108 0 48 13907 0
-8.36784 17.4553 50.2739
250 100 150
2 30 13559 0 48 13917 0
-9.05631 17.7 50.5128
250 100 150
2 30 13567 0 48 13932 0
-8.24944 17.6254 50.2639
250 100 150
3 30 13569 0 39 15132 0 48 13930 0
-8.38379 17.7896 50.2768
250 100 150
2 30 13579 0 48 13939 0
-7.86246 17.8398 50.23
250 100 150
3 30 13584 0 39 15146 0 48 13943 0
-8.78143 17.9003 50.4289
250 100 150
2 30 13585 0 48 13949 0
-7.51212 17.8644 50.1802
250 100 150
2 30 13587 0 48 13946 0
-8.15734 17.9731 50.256
250 100 150
3 30 13593 0 39 15156 0 48 13957 0
-8.33152 17.9496 50.1896
250 100 150
2 30 13595 0 48 13959 0
-7.89135 18.0398 50.1578
250 100 150
3 30 13597 0 39 15161 0 48 13963 0
-10.3776 18.5176 51.11
250 100 150
3 30 13607 0 39 15177 0 48 13973 0
-9.51714 18.5714 50.9783
250 100 150
2 30 13609 0 48 13975 0
-10.2081 18.5814 51.0732
250 100 150
3 30 13611 0 39 15184 0 48 13977 0
-9.77038 18.5234 50.8815
250 100 150
3 30 13612 0 39 15181 0 48 13976 0
-9.99141 18.5455 50.8393
250 100 150
3 30 13616 0 39 15185 0 48 13980 0
-9.63989 18.6801 50.9169
250 100 150
3 30 13621 0 39 15186 0 48 13983 0
-9.87872 18.7086 50.8809
250 100 150
3 30 13622 0 39 15190 0 48 13985 0
-10.2055 19.1922 50.5373
250 100 150
2 30 13626 0 48 13987 0
1.69863 -4.72723 57.7554
250 100 150
2 30 13629 0 48 12067 0
-5.76762 3.94126 53.4567
250 100 150
2 30 13642 0 39 15858 0
-3.6207 8.86838 51.6022
250 100 150
2 30 13652 0 39 15220 0
-1.99409 -7.47787 62.3894
250 100 150
2 30 13659 0 48 14015 0
-2.30755 -7.46036 62.4976
250 100 150
3 30 13661 0 39 15235 0 48 14017 0
-0.347082 -7.09251 61.2938
250 100 150
3 30 13662 0 39 15238 0 48 14019 0
0.0376653 -6.96625 61.4474
250 100 150
3 30 13663 0 39 15239 0 48 14021 0
-2.71945 -7.30218 62.7864
250 100 150
3 30 13666 0 39 15240 0 48 14024 0
1.07426 -6.57775 61.433
250 100 150
3 30 13668 0 39 15246 0 48 14029 0
0.863402 -6.42536 60.8156
250 100 150
2 30 13671 0 48 14031 0
1.76172 -6.31486 61.4776
250 100 150
2 30 13672 0 48 14032 0
-2.48336 -6.83573 61.7977
250 100 150
2 30 13676 0 48 14036 0
-1.03452 -6.52766 61.4524
250 100 150
3 30 13678 0 39 15256 0 48 14039 0
-2.0214 -6.6497 61.8174
250 100 150
2 30 13682 0 48 14040 0
-2.22249 -6.65312 61.8509
250 100 150
2 30 13685 0 48 14042 0
-1.36823 -5.4692 59.3743
250 100 150
2 30 13712 0 48 14065 0
1.34517 -4.92658 57.6738
250 100 150
2 30 13715 0 48 14071 0
1.68843 -4.80632 57.8415
250 100 150
2 30 13721 0 48 14079 0
1.02087 -4.8685 57.9697
250 100 150
2 30 13727 0 48 14084 0
-3.33973 -5.50279 59.9821
250 100 150
2 30 13730 0 48 14080 0
-2.87812 -5.36348 59.8786
250 100 150
2 30 13734 0 48 14089 0
-1.34802 -5.106 58.6747
250 100 150
2 30 13737 0 48 14096 0
1.32961 -4.65978 57.2646
250 100 150
3 30 13739 0 39 15326 0 48 14102 0
-3.825 -5.42004 60.305
250 100 150
3 30 13741 0 39 15323 0 48 14097 0
-2.476 -5.2179 59.2043
250 100 150
2 30 13744 0 48 14098 0
-4.45556 -5.48394 60.8423
250 100 150
2 30 13745 0 48 14099 0
6.10505 -3.78166 57.5389
250 100 150
2 30 13747 0 48 14118 0
7.40825 -3.57475 58.7314
250 100 150
2 30 13748 0 48 14119 0
1.56553 -4.52366 57.1671
250 100 150
2 30 13750 0 48 14110 0
-4.45028 -5.38507 61.0862
250 100 150
2 30 13753 0 48 14107 0
-2.19384 -5.04251 59.1119
250 100 150
2 30 13754 0 48 14114 0
-4.06478 -5.29971 59.9911
250 100 150
2 30 13756 0 48 14112 0
-3.685 -5.23655 60.1147
250 100 150
3 30 13757 0 39 15335 0 48 14113 0
-0.504824 -4.75329 57.8643
250 100 150
2 30 13758 0 48 14117 0
-1.69513 -4.92156 58.5577
250 100 150
3 30 13759 0 39 15341 0 48 14116 0
0.0636898 -4.6348 57.3918
250 100 150
2 30 13761 0 48 14123 0
6.67806 -3.53128 58.2993
250 100 150
3 30 13762 0 39 15360 0 48 14131 0
-4.4804 -5.2835 60.3186
250 100 150
2 30 13764 0 48 14121 0
1.34029 -4.38423 56.8901
250 100 150
2 30 13766 0 48 14127 0
7.14436 -3.42027 58.6982
250 100 150
2 30 13767 0 48 14137 0
-4.29339 -5.18341 60.177
250 100 150
3 30 13770 0 39 15348 0 48 14125 0
-1.07803 -4.69845 57.6685
250 100 150
2 30 13771 0 48 14130 0
6.24786 -3.50903 57.9699
250 100 150
3 30 13772 0 39 15368 0 48 14140 0
3.26869 -4.0063 56.2186
250 100 150
2 30 13775 0 48 14136 0
-2.36815 -4.76768 58.8597
250 100 150
2 30 13778 0 48 14139 0
-0.189388 -4.4043 57.239
250 100 150
2 30 13780 0 48 14144 0
7.83584 -3.07338 59.2575
250 100 150
2 30 13781 0 48 14156 0
-4.59026 -5.0355 60.081
250 100 150
2 30 13782 0 48 14141 0
-2.61616 -4.71084 58.9612
250 100 150
2 30 13786 0 48 14146 0
-1.67858 -4.58141 58.0051
250 100 150
2 30 13787 0 48 14147 0
-1.04918 -4.43827 57.4183
250 100 150
3 30 13789 0 39 15374 0 48 14151 0
-2.67449 -4.61541 58.7987
250 100 150
3 30 13795 0 39 15377 0 48 14155 0
-2.14989 -4.46679 58.0485
250 100 150
2 30 13797 0 48 14157 0
0.480122 -4.0642 56.3057
250 100 150
2 30 13799 0 48 14159 0
5.12363 -3.27365 57.4004
250 100 150
3 30 13800 0 39 15390 0 48 14162 0
-3.00401 -4.4783 58.7974
250 100 150
3 30 13801 0 39 15388 0 48 14160 0
0.00721857 -4.01115 56.2974
250 100 150
2 30 13802 0 48 14163 0
0.91742 -3.87737 55.9769
250 100 150
2 30 13803 0 48 14164 0
-2.81799 -4.36792 57.9923
250 100 150
2 30 13804 0 48 14166 0
-2.66352 -4.29987 57.7094
250 100 150
2 30 13807 0 48 14168 0
7.813 -2.58446 59.3469
250 100 150
2 30 13808 0 48 14180 0
7.95456 -2.57965 58.8167
250 100 150
2 30 13809 0 39 15408 0
-2.09987 -4.13354 57.3942
250 100 150
2 30 13814 0 48 14175 0
7.65267 -2.54666 58.66
250 100 150
3 30 13816 0 39 15415 0 48 14190 0
3.97953 -3.14856 56.6316
250 100 150
2 30 13820 0 48 14183 0
4.66055 -2.99257 56.9979
250 100 150
3 30 13825 0 39 15414 0 48 14193 0
-3.28909 -4.0621 58.1168
250 100 150
3 30 13841 0 39 15419 0 48 14198 0
0.478653 -3.54403 55.8775
250 100 150
2 30 13842 0 48 14208 0
-2.6622 -3.9492 57.4557
250 100 150
2 30 13846 0 48 14206 0
4.15776 -2.87841 56.9577
250 100 150
2 30 13847 0 48 14218 0
-1.06306 -3.68936 56.5464
250 100 150
3 30 13852 0 39 15432 0 48 14213 0
-0.62451 -3.59371 56.3198
250 100 150
2 30 13855 0 48 14217 0
-2.9613 -3.85788 57.9444
250 100 150
3 30 13857 0 39 15440 0 48 14221 0
-2.43114 -3.80009 57.2366
250 100 150
2 30 13858 0 48 14222 0
-1.72334 -3.71461 56.407
250 100 150
2 30 13859 0 48 14223 0
-0.218087 -3.46009 56.1237
250 100 150
2 30 13861 0 48 14230 0
-5.95879 -4.21882 59.5977
250 100 150
2 30 13862 0 48 14225 0
-0.785285 -3.50521 56.242
250 100 150
3 30 13865 0 39 15453 0 48 14232 0
8.33928 -1.93332 59.2236
250 100 150
2 30 13866 0 48 14249 0
-2.09975 -3.61715 56.7417
250 100 150
2 30 13873 0 48 14237 0
-1.60197 -3.54978 56.3704
250 100 150
2 30 13874 0 48 14238 0
-1.03677 -3.46667 56.2316
250 100 150
2 30 13875 0 48 14239 0
-0.546827 -3.37648 56.0834
250 100 150
2 30 13877 0 48 14243 0
-4.13843 -3.81921 58.2944
250 100 150
2 30 13879 0 48 14244 0
-2.55225 -3.62083 56.9584
250 100 150
2 30 13881 0 48 14245 0
-5.61684 -3.88624 58.941
250 100 150
2 30 13890 0 48 14256 0
-2.54879 -3.51647 56.729
250 100 150
3 30 13891 0 39 15474 0 48 14258 0
4.10628 -2.39739 57.0992
250 100 150
2 30 13896 0 48 14278 0
-3.46328 -3.53305 57.0651
250 100 150
2 30 13903 0 48 14270 0
4.29417 -2.35106 56.5804
250 100 150
2 30 13904 0 48 14280 0
-3.8126 -3.53915 57.3969
250 100 150
2 30 13908 0 48 14274 0
4.11378 -2.28868 57.246
250 100 150
2 30 13909 0 48 14287 0
-5.26288 -3.6838 58.5641
250 100 150
2 30 13911 0 48 14276 0
-6.17887 -3.6863 59.1343
250 100 150
2 30 13917 0 48 14286 0
-2.11229 -3.18038 56.4222
250 100 150
2 30 13918 0 48 14289 0
-6.32361 -3.66266 59.0784
250 100 150
2 30 13920 0 48 14290 0
-6.06083 -3.59733 58.9425
250 100 150
2 30 13923 0 48 14294 0
3.93362 -2.15554 56.8043
250 100 150
2 30 13924 0 48 14299 0
3.61607 -2.16343 56.614
250 100 150
3 30 13927 0 39 15522 0 48 14304 0
-4.45511 -3.33474 57.3761
250 100 150
2 30 13929 0 48 14298 0
3.32939 -2.03798 56.4662
250 100 150
2 30 13936 0 48 14315 0
8.66596 -0.880137 60.0004
250 100 150
2 30 13944 0 48 14328 0
2.88945 -1.91248 55.5646
250 100 150
3 30 13949 0 39 15540 0 48 14329 0
2.62828 -1.78783 55.685
250 100 150
2 30 13956 0 48 14334 0
2.01788 -1.75036 55.0001
250 100 150
2 30 13965 0 48 14341 0
-6.00483 -2.70466 57.1897
250 100 150
2 30 13970 0 48 14345 0
1.80255 -1.43119 54.9981
250 100 150
2 30 13980 0 48 14355 0
0.186797 -1.58332 54.7544
250 100 150
2 30 13986 0 48 14359 0
-0.990133 -1.47875 54.8578
250 100 150
2 30 14003 0 48 14376 0
1.51211 -1.00321 54.7061
250 100 150
2 30 14007 0 48 14384 0
8.9235 0.699411 60.6269
250 100 150
2 30 14014 0 48 14392 0
1.37702 -0.622077 54.917
250 100 150
2 30 14025 0 48 14396 0
0.302747 -0.383529 54.2539
250 100 150
3 30 14043 0 39 15623 0 48 14414 0
-4.02703 -0.430146 54.5661
250 100 150
2 30 14068 0 48 14434 0
-4.30743 -0.425542 54.5814
250 100 150
3 30 14070 0 39 15647 0 48 14438 0
-3.94746 -0.167887 54.4127
250 100 150
3 30 14077 0 39 15653 0 48 14445 0
0.194644 0.439844 54.1458
250 100 150
3 30 14079 0 39 15655 0 48 14446 0
-3.32807 -0.0256504 53.8611
250 100 150
3 30 14084 0 39 15661 0 48 14448 0
-0.184531 0.674348 53.9393
250 100 150
2 30 14094 0 48 14456 0
-6.48357 0.0603166 55.5047
250 100 150
2 30 14098 0 48 14458 0
-6.91736 0.21132 55.4648
250 100 150
2 30 14110 0 48 14467 0
-6.50409 0.312013 55.3759
250 100 150
2 30 14111 0 48 14468 0
-6.77684 0.404476 55.4119
250 100 150
2 30 14119 0 48 14477 0
-3.07475 1.07775 53.4644
250 100 150
2 30 14141 0 48 14494 0
-6.15931 1.03682 54.9863
250 100 150
2 30 14149 0 48 14502 0
-1.67235 1.74337 53.2019
250 100 150
3 30 14163 0 39 15725 0 48 14521 0
-1.58454 1.96053 53.2322
250 100 150
3 30 14173 0 39 15738 0 48 14532 0
-2.47019 1.94095 53.1233
250 100 150
3 30 14178 0 39 15743 0 48 14536 0
-2.20442 1.9532 53.0398
250 100 150
3 30 14179 0 39 15742 0 48 14535 0
-2.0188 2.01814 53.1002
250 100 150
3 30 14180 0 39 15744 0 48 14537 0
-3.10584 3.18167 52.8446
250 100 150
4 26 10758 0 30 14221 0 39 15803 0 48 14591 0
-2.89204 3.34482 52.7667
250 100 150
3 30 14228 0 39 15812 0 48 14599 0
-0.687291 4.04944 53.9829
250 100 150
2 30 14242 0 48 14613 0
-2.3496 3.8171 52.6933
250 100 150
2 30 14253 0 39 15837 0
-7.85151 3.74867 54.5113
250 100 150
2 30 14268 0 48 14645 0
-6.63413 3.85115 54.0053
250 100 150
2 30 14271 0 48 14648 0
-6.14713 3.86027 53.6508
250 100 150
3 30 14273 0 39 15853 0 48 14649 0
-8.22911 3.82325 54.7485
250 100 150
2 30 14274 0 48 14651 0
-8.4616 3.92573 54.7971
250 100 150
2 30 14280 0 48 14657 0
-5.47034 4.03961 53.3324
250 100 150
3 30 14284 0 39 15862 0 48 14658 0
-0.886883 4.97454 53.8173
250 100 150
2 30 14298 0 48 14670 0
-1.35433 4.84247 52.9786
250 100 150
2 30 14301 0 48 14676 0
-5.05899 4.4038 53.0203
250 100 150
3 30 14303 0 39 15886 0 48 14677 0
-1.25995 5.00171 53.146
250 100 150
2 30 14310 0 48 14682 0
-1.24705 5.20328 53.1474
250 100 150
2 30 14325 0 48 14702 0
-0.747254 5.37222 53.7858
250 100 150
2 30 14326 0 48 14697 0
-2.44266 5.00296 52.4841
250 100 150
2 30 14335 0 48 14710 0
-4.91464 4.78353 52.6755
250 100 150
3 30 14342 0 39 15920 0 48 14715 0
-9.19653 4.74447 54.8697
250 100 150
2 30 14348 0 48 14725 0
-3.13667 5.03485 52.3535
250 100 150
2 30 14353 0 48 14727 0
-9.06042 4.93667 54.8337
250 100 150
2 30 14370 0 48 14745 0
-3.20517 5.20854 52.2791
250 100 150
2 30 14381 0 48 14751 0
-9.40878 5.04732 55.0568
250 100 150
3 30 14385 0 39 17290 0 48 14754 0
-4.62188 5.08675 52.4719
250 100 150
3 30 14386 0 39 15957 0 48 14752 0
7.68703 9.04657 63.0288
250 100 150
2 30 14387 0 48 14767 0
-4.39847 5.26703 52.4877
250 100 150
2 30 14408 0 48 14778 0
-3.38222 5.34264 52.2436
250 100 150
2 30 14409 0 48 14772 0
-3.57278 5.4053 52.3518
250 100 150
2 30 14421 0 48 14784 0
-5.11791 5.31961 52.6871
250 100 150
2 30 14428 0 48 14789 0
-3.70417 5.41539 52.2488
250 100 150
2 30 14430 0 48 14791 0
-4.64228 5.35831 52.354
250 100 150
2 30 14435 0 48 14795 0
-4.06818 5.44283 52.1097
250 100 150
2 30 14448 0 48 14808 0
-4.45646 5.49402 52.2858
250 100 150
3 30 14459 0 39 16021 0 48 14817 0
7.35528 9.53873 63.004
250 100 150
2 30 14464 0 48 14833 0
-3.40208 5.72591 52.2174
250 100 150
2 30 14469 0 48 14832 0
-1.81785 6.19093 52.6653
250 100 150
2 30 14485 0 48 14843 0
7.30577 9.86995 63.135
250 100 150
2 30 14488 0 48 14855 0
-1.91569 6.42752 52.6086
250 100 150
2 30 14504 0 48 14865 0
-2.04395 6.48169 52.6081
250 100 150
2 30 14508 0 48 14869 0
-2.04999 6.75155 52.3949
250 100 150
2 30 14533 0 48 14891 0
7.25345 10.5917 63.0589
250 100 150
2 30 14534 0 48 14897 0
-1.29849 7.11593 53.2886
250 100 150
2 30 14535 0 48 14893 0
-3.19696 6.61516 52.0633
250 100 150
2 30 14537 0 39 16100 0
-1.57601 7.1969 53.2235
250 100 150
2 30 14545 0 48 14907 0
7.06968 10.8612 63.016
250 100 150
2 30 14550 0 48 14913 0
-3.51588 6.7806 51.9767
250 100 150
3 30 14552 0 39 16119 0 48 14912 0
7.07614 11.1302 63.0239
250 100 150
2 30 14564 0 48 14919 0
-1.83568 7.48621 53.1236
250 100 150
2 30 14566 0 48 14918 0
-3.58597 7.95515 51.8448
250 100 150
2 30 14646 0 48 14979 0
6.51636 12.8952 63.0182
250 100 150
2 30 14688 0 48 15014 0
5.87562 13.0606 63.1977
250 100 150
2 30 14698 0 48 15019 0
-3.59091 8.99253 51.6122
250 100 150
4 26 11226 0 30 14735 0 39 16250 0 48 15049 0
6.33909 13.6515 62.9085
250 100 150
2 30 14741 0 48 15053 0
5.8939 15.1162 62.6412
250 100 150
2 30 14811 0 48 15120 0
5.75912 15.3018 62.614
250 100 150
2 30 14818 0 48 15122 0
5.74385 15.5919 62.4991
250 100 150
2 30 14830 0 48 15132 0
-3.45047 10.8553 51.2502
250 100 150
3 30 14837 0 39 16354 0 48 15134 0
-3.26509 10.9361 51.3059
250 100 150
2 30 14841 0 48 15137 0
-4.38437 10.8095 51.232
250 100 150
3 30 14843 0 39 16361 0 48 15140 0
-11.5246 11.1563 54.3846
250 100 150
2 30 14844 0 48 15148 0
-4.90525 10.9287 51.1671
250 100 150
3 30 14848 0 39 16373 0 48 15151 0
-10.9659 11.1716 53.6643
250 100 150
2 30 14850 0 48 15155 0
-5.01852 11.136 51.1495
250 100 150
2 30 14864 0 48 15165 0
-4.5706 11.1901 51.0853
250 100 150
3 30 14868 0 39 16389 0 48 15167 0
-10.6542 11.4042 53.4069
250 100 150
2 30 14871 0 48 15176 0
-5.54064 11.2631 51.0838
250 100 150
3 30 14878 0 39 16404 0 48 15183 0
-4.39352 11.3973 51.083
250 100 150
2 30 14880 0 39 16401 0
-5.77803 11.3413 51.2695
250 100 150
2 30 14882 0 48 15186 0
-10.0724 11.5605 53.0756
250 100 150
2 30 14886 0 48 15196 0
-4.30601 11.5423 51.006
250 100 150
3 30 14892 0 39 16410 0 48 15199 0
-5.77211 11.4998 51.1482
250 100 150
2 30 14896 0 48 15203 0
-4.3809 11.8053 50.9548
250 100 150
2 30 14918 0 48 15218 0
-3.61427 12.0593 51.137
250 100 150
3 30 14933 0 39 16443 0 48 15229 0
-4.14498 11.9573 50.8892
250 100 150
2 30 14941 0 48 15239 0
-5.63047 11.9425 50.828
250 100 150
2 39 16485 0 48 15257 0
4.24849 17.4555 62.0022
250 100 150
2 30 14979 0 48 15279 0
-5.42601 12.3037 50.9094
250 100 150
3 30 14983 0 39 16508 0 48 15283 0
-3.76538 12.517 50.9909
250 100 150
3 30 14984 0 39 16502 0 48 15281 0
-3.55937 12.669 51.0784
250 100 150
2 30 14989 0 48 15286 0
2.65224 18.1471 63.7001
250 100 150
2 30 14995 0 48 15296 0
-5.67055 12.5334 50.9134
250 100 150
3 30 14998 0 39 16526 0 48 15300 0
-4.00271 12.7122 50.849
250 100 150
3 30 15000 0 39 16524 0 48 15303 0
-7.23401 12.8089 51.0257
250 100 150
2 30 15021 0 48 15333 0
3.56166 18.5373 61.8378
250 100 150
2 30 15055 0 48 15356 0
-4.48898 13.3604 50.7016
250 100 150
2 30 15057 0 48 15360 0
-4.89992 13.3584 50.6778
250 100 150
3 30 15061 0 39 16581 0 48 15366 0
-5.98167 13.3909 50.6439
250 100 150
3 30 15071 0 39 16598 0 48 15373 0
-5.93528 13.6811 50.62
250 100 150
3 30 15091 0 39 16616 0 48 15392 0
-5.26925 13.7661 50.5426
250 100 150
3 30 15101 0 39 16617 0 48 15394 0
-5.49998 13.9528 50.5566
250 100 150
3 30 15111 0 39 16634 0 48 15408 0
-5.32718 14.051 50.688
250 100 150
3 30 15113 0 39 16637 0 48 15411 0
-7.06712 14.8337 50.4863
250 100 150
2 30 15160 0 48 15464 0
-12.4136 15.5828 53.191
250 100 150
2 30 15163 0 48 15472 0
-8.58389 14.9475 50.5678
250 100 150
2 30 15170 0 48 15476 0
-5.68008 15.2277 50.4199
250 100 150
3 30 15173 0 39 16706 0 48 15478 0
-4.35037 15.4317 50.3637
250 100 150
2 30 15176 0 48 15480 0
-5.29725 15.4916 50.5172
250 100 150
3 30 15180 0 39 16716 0 48 15483 0
-5.86807 15.4346 50.3602
250 100 150
3 30 15185 0 39 16719 0 48 15488 0
-5.96701 15.4293 50.3146
250 100 150
2 30 15186 0 39 16724 0
-4.81293 15.9549 50.5239
250 100 150
3 30 15193 0 39 16733 0 48 15497 0
-5.03177 16.0386 50.5021
250 100 150
3 30 15199 0 39 16741 0 48 15502 0
-8.74545 16.0301 50.3176
250 100 150
2 30 15217 0 48 15527 0
-4.55337 16.5982 50.0315
250 100 150
2 30 15236 0 48 15543 0
-12.0298 17.3637 52.724
250 100 150
2 30 15240 0 48 15552 0
-11.2494 17.4883 52.1267
250 100 150
2 30 15255 0 48 15568 0
-4.95098 17.0691 50.075
250 100 150
3 30 15256 0 39 16789 0 48 15561 0
-5.85246 17.0174 49.9785
250 100 150
2 30 15259 0 48 15566 0
-4.62896 17.1294 49.934
250 100 150
3 30 15261 0 39 16795 0 48 15569 0
-5.38263 17.3833 49.9681
250 100 150
2 30 15270 0 48 15583 0
-5.59689 17.4357 50.021
250 100 150
3 30 15274 0 39 16821 0 48 15587 0
-5.46868 17.6369 49.9665
250 100 150
3 30 15282 0 39 16837 0 48 15598 0
-6.11112 17.8237 50.2723
250 100 150
2 30 15285 0 48 15603 0
-6.53477 17.7615 50.083
250 100 150
2 30 15291 0 48 15605 0
-6.46053 17.8571 50.1791
250 100 150
2 30 15294 0 48 15608 0
-9.34772 17.9086 50.4754
250 100 150
2 30 15303 0 48 15622 0
-6.6765 17.9559 50.0845
250 100 150
2 30 15306 0 48 15620 0
-7.14815 17.9671 50.1287
250 100 150
3 30 15308 0 39 16865 0 48 15623 0
-10.385 18.3062 51.1528
250 100 150
2 30 15313 0 48 15632 0
-7.67261 18.2699 50.273
250 100 150
3 30 15322 0 39 16887 0 48 15638 0
-9.48776 18.561 51.0029
250 100 150
2 30 15326 0 48 15647 0
-9.81251 18.4919 50.8272
250 100 150
2 30 15329 0 48 15650 0
-8.68356 18.2854 50.2628
250 100 150
2 30 15330 0 48 15648 0
-10.1283 18.6315 51.0703
250 100 150
2 30 15332 0 48 15656 0
-9.64923 18.6893 50.9249
250 100 150
3 30 15339 0 39 16925 0 48 15661 0
-6.79444 18.7049 50.1471
250 100 150
2 30 15350 0 48 15670 0
-8.64614 19.1457 50.3186
250 100 150
2 30 15362 0 48 15691 0
-2.16326 -7.42593 62.4636
250 100 150
2 30 15375 0 48 15700 0
-0.862281 -7.19626 61.3244
250 100 150
3 30 15376 0 39 16959 0 48 15701 0
-0.406913 -7.0561 61.4511
250 100 150
3 30 15377 0 39 16960 0 48 15702 0
0.088703 -6.98399 61.3311
250 100 150
3 30 15378 0 39 16961 0 48 15703 0
-1.27387 -6.72303 61.4482
250 100 150
3 30 15385 0 39 16965 0 48 15707 0
0.778352 -6.36035 60.8991
250 100 150
3 30 15386 0 39 16969 0 48 15709 0
1.10923 -6.09542 60.6125
250 100 150
2 30 15390 0 48 15715 0
-2.11951 -6.62012 61.7143
250 100 150
2 30 15391 0 48 15713 0
1.61003 -5.91762 61.6726
250 100 150
2 30 15393 0 48 15717 0
7.16129 -4.33521 60.3538
250 100 150
2 30 15397 0 48 15719 0
-0.453485 -5.15 58.2252
250 100 150
2 30 15400 0 48 15724 0
-2.19227 -5.35143 59.7189
250 100 150
2 30 15405 0 48 15725 0
-0.0340534 -5.00835 58.0826
250 100 150
3 30 15406 0 39 16987 0 48 15727 0
-1.30959 -5.01693 58.7715
250 100 150
3 30 15412 0 39 16991 0 48 15731 0
0.193597 -4.68353 57.7809
250 100 150
2 30 15414 0 48 15736 0
6.51384 -3.58779 58.5052
250 100 150
2 30 15417 0 48 15745 0
-3.6341 -5.15292 59.5848
250 100 150
2 30 15418 0 48 15740 0
6.23181 -3.60315 56.9667
250 100 150
2 30 15419 0 48 15744 0
-2.97443 -5.01095 59.4073
250 100 150
2 30 15421 0 48 15742 0
5.44335 -3.4813 57.6395
250 100 150
3 30 15425 0 39 17012 0 48 15753 0
6.4387 -3.28368 58.0823
250 100 150
3 30 15428 0 39 17015 0 48 15755 0
7.87763 -3.03073 59.0184
250 100 150
3 30 15429 0 39 17017 0 48 15758 0
-1.06229 -4.45751 57.4116
250 100 150
2 30 15430 0 48 15752 0
-1.70961 -4.5074 57.8989
250 100 150
2 30 15433 0 48 15751 0
5.7751 -3.27607 57.7857
250 100 150
3 30 15436 0 39 17020 0 48 15760 0
5.06384 -3.23372 57.3812
250 100 150
3 30 15441 0 39 17027 0 48 15767 0
-0.774348 -4.12011 57.2637
250 100 150
2 30 15443 0 48 15766 0
0.863108 -3.90987 56.0388
250 100 150
3 30 15444 0 39 17024 0 48 15763 0
4.58624 -3.26301 57.4009
250 100 150
2 30 15445 0 48 15769 0
7.236 -2.49751 58.5363
250 100 150
2 30 15453 0 48 15781 0
8.24752 -2.28364 59.1266
250 100 150
2 30 15456 0 48 15785 0
-3.27672 -4.07966 58.1385
250 100 150
3 30 15459 0 39 17035 0 48 15776 0
0.390373 -3.58046 55.8504
250 100 150
3 30 15460 0 39 17039 0 48 15777 0
-2.87756 -3.87839 58.0003
250 100 150
2 30 15464 0 48 15787 0
-0.732061 -3.57585 56.2536
250 100 150
3 30 15465 0 39 17047 0 48 15789 0
3.77412 -2.89369 56.8038
250 100 150
2 30 15466 0 48 15791 0
-1.88232 -3.73332 56.5479
250 100 150
2 30 15467 0 48 15788 0
0.148611 -3.46206 55.3177
250 100 150
2 30 15468 0 48 15790 0
-3.79145 -3.90352 57.9339
250 100 150
2 30 15469 0 48 15794 0
-2.33379 -3.72331 56.9239
250 100 150
3 30 15470 0 39 17049 0 48 15795 0
-1.61439 -3.48524 56.3932
250 100 150
2 30 15475 0 48 15798 0
8.50988 -1.76341 59.3193
250 100 150
2 30 15476 0 48 15806 0
-3.989 -3.58006 58.2172
250 100 150
2 30 15481 0 48 15803 0
-2.6674 -3.45404 56.5513
250 100 150
2 30 15482 0 48 15804 0
3.58572 -2.20422 56.5549
250 100 150
2 30 15489 0 48 15813 0
3.9546 -2.12998 56.7361
250 100 150
2 30 15490 0 48 15814 0
2.96293 -2.28415 55.3054
250 100 150
2 30 15494 0 48 15815 0
2.90678 -1.85322 55.6262
250 100 150
2 30 15503 0 48 15822 0
2.02814 -1.86167 54.9343
250 100 150
2 30 15505 0 48 15824 0
1.70487 -1.3869 54.9867
250 100 150
2 30 15517 0 48 15832 0
1.42701 -0.228091 55.0044
250 100 150
3 30 15537 0 39 17116 0 48 15848 0
-6.49952 0.404058 55.2728
250 100 150
2 30 15567 0 48 15877 0
-2.33222 1.64011 53.1966
250 100 150
2 30 15582 0 48 15894 0
-1.59585 1.95766 53.2779
250 100 150
2 30 15587 0 48 15897 0
-2.46377 1.93204 53.1216
250 100 150
2 30 15590 0 48 15899 0
-5.54833 3.61291 53.5748
250 100 150
2 30 15635 0 48 15950 0
-6.58104 3.78408 53.9829
250 100 150
2 30 15639 0 48 15956 0
-7.86669 3.8144 54.6576
250 100 150
3 30 15642 0 39 17240 0 48 15961 0
-9.18725 4.49495 55.146
250 100 150
3 30 15666 0 39 17261 0 48 15981 0
-4.34737 4.84378 52.4243
250 100 150
2 30 15675 0 48 15993 0
-9.87771 4.84578 55.4866
250 100 150
2 30 15676 0 48 15997 0
-4.33754 5.20757 52.4524
250 100 150
3 30 15699 0 39 17288 0 48 16012 0
-4.95018 5.2295 52.5839
250 100 150
3 30 15709 0 39 17291 0 48 16018 0
-4.03535 5.38136 52.304
250 100 150
2 30 15712 0 39 17294 0
-1.64983 6.39142 52.4323
250 100 150
2 30 15730 0 48 16040 0
-2.68683 6.95273 52.2646
250 100 150
3 30 15749 0 39 17331 0 48 16054 0
-3.61968 8.67146 51.662
250 100 150
2 30 15799 0 39 17375 0
5.74679 13.9884 62.9581
250 100 150
3 30 15810 0 39 17386 0 48 16115 0
-3.58171 10.2261 51.3486
250 100 150
3 30 15822 0 39 17421 0 48 16131 0
-4.11832 10.3303 51.3545
250 100 150
2 30 15825 0 48 16134 0
-4.49532 10.6029 51.278
250 100 150
3 30 15828 0 39 17430 0 48 16137 0
-4.33468 10.848 51.214
250 100 150
3 30 15830 0 39 17432 0 48 16140 0
-4.89989 10.8667 51.1903
250 100 150
3 30 15831 0 39 17433 0 48 16142 0
-9.57817 11.3486 52.9637
250 100 150
2 30 15838 0 48 16147 0
-4.64595 11.506 50.9533
250 100 150
3 30 15849 0 39 17449 0 48 16158 0
-6.78771 11.6443 51.0563
250 100 150
2 30 15857 0 48 16168 0
-3.6835 12.0188 51.2277
250 100 150
2 30 15858 0 48 16165 0
-4.56873 12.0039 50.8972
250 100 150
3 30 15866 0 39 17475 0 48 16177 0
-4.15111 11.9791 50.8135
250 100 150
3 30 15867 0 39 17471 0 48 16173 0
-3.60748 12.2273 50.9375
250 100 150
2 30 15872 0 48 16180 0
-6.76923 11.9798 51.0596
250 100 150
2 30 15875 0 48 16183 0
2.6978 18.2012 63.8646
250 100 150
2 30 15893 0 48 16198 0
-7.03829 12.5854 51.0084
250 100 150
2 30 15899 0 48 16203 0
-3.72304 12.8562 50.7935
250 100 150
2 30 15902 0 48 16204 0
-4.3937 12.8625 50.806
250 100 150
3 30 15905 0 39 17508 0 48 16206 0
-6.4378 12.8225 50.8601
250 100 150
2 30 15909 0 39 17512 0
-6.07274 12.8565 50.7993
250 100 150
3 30 15910 0 39 17513 0 48 16212 0
-11.5786 14.6879 52.5735
250 100 150
2 30 15960 0 48 16255 0
-6.18176 14.3934 50.4741
250 100 150
3 30 15962 0 39 17564 0 48 16256 0
-4.81609 15.6051 50.5659
250 100 150
2 30 15981 0 39 17591 0
-4.65977 16.8019 49.9419
250 100 150
3 30 16007 0 39 17621 0 48 16308 0
-5.58208 17.0094 50.0658
250 100 150
3 30 16013 0 39 17627 0 48 16313 0
-8.29168 17.3046 50.3004
250 100 150
2 30 16018 0 48 16319 0
-5.14646 17.4798 50.027
250 100 150
3 30 16021 0 39 17637 0 48 16318 0
-8.61164 17.3035 50.2222
250 100 150
2 30 16022 0 48 16321 0
-6.08585 17.4107 49.9211
250 100 150
2 30 16024 0 48 16322 0
-5.89684 17.6247 49.8455
250 100 150
2 30 16029 0 48 16326 0
-7.45569 17.8275 50.1583
250 100 150
2 30 16033 0 48 16330 0
-7.15004 17.9905 50.1392
250 100 150
3 30 16036 0 39 17649 0 48 16333 0
-8.41671 18.0652 50.1503
250 100 150
4 25 13878 0 30 16039 0 39 17657 0 48 16338 0
-9.29522 18.4217 50.896
250 100 150
2 30 16042 0 48 16342 0
-9.12631 18.6055 50.6953
250 100 150
2 30 16049 0 48 16346 0
0.855228 -4.84152 57.517
250 100 150
2 30 16098 0 48 16388 0
0.80657 -4.67385 57.4944
250 100 150
2 30 16101 0 48 16392 0
0.138413 -4.61516 57.5528
250 100 150
2 30 16106 0 48 16397 0
-4.21644 -5.03077 60.158
250 100 150
2 30 16109 0 48 16399 0
6.57611 -3.24999 58.7387
250 100 150
3 30 16110 0 39 17706 0 48 16402 0
7.94883 -3.0401 59.0727
250 100 150
2 30 16111 0 48 16403 0
-1.83803 -4.43249 57.8032
250 100 150
2 30 16115 0 48 16404 0
4.32234 -3.18518 56.9249
250 100 150
3 30 16123 0 39 17712 0 48 16413 0
-1.73109 -3.98427 57.3785
250 100 150
2 30 16126 0 48 16414 0
-2.73051 -3.87194 57.7919
250 100 150
2 30 16128 0 48 16417 0
-3.82891 -3.95798 58.1018
250 100 150
2 30 16132 0 48 16419 0
-1.95267 -3.72701 56.7476
250 100 150
2 30 16133 0 48 16420 0
7.66804 -2.10811 59.2354
250 100 150
2 30 16134 0 48 16427 0
-1.88946 -3.37625 56.3354
250 100 150
2 30 16143 0 48 16430 0
-5.6935 -3.49106 58.4261
250 100 150
2 30 16149 0 48 16435 0
3.32998 -1.80303 56.2489
250 100 150
2 30 16153 0 48 16438 0
2.09553 -1.11655 55.2492
250 100 150
2 30 16161 0 48 16445 0
-1.13067 4.71389 53.6171
250 100 150
2 30 16218 0 48 16487 0
-5.47717 4.1635 53.2422
250 100 150
3 30 16220 0 39 17797 0 48 16488 0
-9.1394 4.55733 55.1884
250 100 150
2 30 16230 0 48 16496 0
-2.67127 5.06345 51.878
250 100 150
2 30 16240 0 48 16505 0
-4.47683 5.33047 51.7641
250 100 150
2 30 16264 0 48 16527 0
-4.90732 11.26 51.0406
250 100 150
2 30 16365 0 48 16606 0
4.50326 16.9323 62.3888
250 100 150
2 30 16375 0 48 16613 0
-3.73791 13.9413 50.6778
250 100 150
2 30 16426 0 48 16661 0
-3.56458 13.9766 50.6798
250 100 150
2 30 16427 0 48 16663 0
-4.04517 17.1739 50.1169
250 100 150
2 30 16467 0 39 18035 0
-4.87927 17.0567 49.9814
250 100 150
2 30 16468 0 48 16707 0
-5.47411 17.2347 50.0023
250 100 150
2 30 16469 0 48 16708 0
-4.39655 17.539 50.1379
250 100 150
3 30 16470 0 39 18038 0 48 16709 0
-6.20459 17.4053 49.9252
250 100 150
3 30 16473 0 39 18040 0 48 16711 0
-5.07968 17.6663 49.959
250 100 150
3 30 16474 0 39 18041 0 48 16713 0
-5.89076 17.6393 49.8791
250 100 150
3 30 16476 0 39 18042 0 48 16715 0
-7.83428 17.9252 50.3689
250 100 150
3 30 16480 0 39 18048 0 48 16719 0
-8.60746 18.047 50.203
250 100 150
2 30 16485 0 48 16724 0
-7.8978 18.1267 49.9369
250 100 150
2 30 16489 0 48 16726 0
-2.58271 4.80425 52.3855
250 100 150
2 30 16497 0 39 18054 0
5.04752 -3.15543 57.1696
250 100 150
3 30 16504 0 39 18063 0 48 16741 0
-3.8602 -4.03585 58.19
250 100 150
2 30 16506 0 48 16743 0
5.47085 -2.4534 57.2797
250 100 150
2 30 16508 0 48 16745 0
-7.12462 3.70872 53.8549
250 100 150
2 30 16528 0 48 16761 0
-3.70809 5.13291 52.4218
250 100 150
2 30 16540 0 39 18089 0
-5.14656 8.83323 51.5331
250 100 150
2 30 16564 0 48 16790 0
-3.61408 14.5229 50.5896
250 100 150
2 30 16588 0 48 16811 0
-4.38193 17.4316 50.0874
250 100 150
2 30 16596 0 48 16821 0
-5.4146 4.47323 52.7572
250 100 150
3 30 16607 0 39 18157 0 48 16837 0
-3.49893 8.74375 51.7107
250 100 150
2 30 16616 0 48 16845 0
-5.11053 8.71932 51.6167
250 100 150
2 30 16617 0 48 16846 0
-4.74857 10.5627 51.3521
250 100 150
2 30 16618 0 39 18170 0
-7.91232 12.8001 51.062
250 100 150
2 30 16634 0 39 18190 0
-9.93576 12.6837 52.3784
250 100 150
2 30 16636 0 48 16865 0
-5.09374 17.313 49.7303
250 100 150
2 30 16946 0 48 17333 0
-7.25083 0.536854 55.559
250 100 150
2 30 16947 0 48 17370 0
-4.26282 -2.18992 56.0855
250 100 150
2 30 16992 0 48 17807 0
-12.5529 14.9616 53.4476
250 100 150
2 30 17301 0 48 17270 0
-1.77708 -7.02361 62.6286
250 100 150
2 30 17311 0 48 17986 0
-9.05203 17.7536 50.4008
250 100 150
2 30 17533 0 48 18061 0
-2.50517 -0.959356 54.9135
250 100 150
2 30 17542 0 48 18221 0
-11.0559 13.0258 53.0709
250 100 150
2 30 17668 0 48 17881 0
-5.59418 -2.51815 56.8075
250 100 150
2 30 17720 0 48 18096 0
-1.0956 -2.20292 55.2905
250 100 150
2 30 17761 0 48 18260 0
-4.63683 13.2926 50.6446
250 100 150
2 30 17792 0 39 19979 0
-4.3889 11.5668 50.9916
250 100 150
2 30 17865 0 48 18301 0
-4.71687 13.3862 50.6715
250 100 150
2 30 17888 0 48 18403 0
-0.888688 -0.639407 54.3963
250 100 150
2 30 17894 0 48 18622 0
-1.89063 -6.1491 60.8151
250 100 150
2 30 17922 0 48 18549 0
5.65553 13.9136 63.0411
250 100 150
2 30 17947 0 48 18105 0
-6.0959 13.1365 50.6896
250 100 150
3 30 18011 0 39 20198 0 48 18493 0
-5.58994 14.0109 50.5474
250 100 150
3 30 18017 0 39 20058 0 48 18470 0
-1.49963 6.29514 52.9144
250 100 150
2 30 18062 0 48 18317 0
-5.62985 13.9838 50.5191
250 100 150
2 30 18069 0 39 20146 0
0.0878713 -0.633141 54.3462
250 100 150
3 30 18073 0 39 20183 0 48 18681 0
-6.60657 17.5402 50.0178
250 100 150
2 30 18083 0 48 18643 0
-5.54354 13.9935 50.5757
250 100 150
2 30 18101 0 48 18706 0
-1.62744 7.47765 53.1341
250 100 150
2 30 18120 0 48 18251 0
-2.56062 -1.00116 54.9586
250 100 150
2 30 18127 0 48 18865 0
-3.09172 7.95381 51.8954
250 100 150
3 30 18150 0 39 19838 0 48 18516 0
-1.41039 6.76006 53.3106
250 100 150
2 30 18164 0 48 18404 0
-6.20681 14.3054 50.4754
250 100 150
2 30 18170 0 39 20187 0
6.85883 -3.75871 58.2604
250 100 150
2 30 18199 0 48 18732 0
5.78774 -3.67455 57.5355
250 100 150
2 30 18207 0 48 18607 0
-5.63727 17.317 49.9579
250 100 150
3 30 18209 0 39 20063 0 48 18533 0
-6.15412 14.445 50.4298
250 100 150
2 30 18211 0 48 18644 0
-2.1534 9.12947 52.5857
250 100 150
2 30 18229 0 48 18416 0
-2.3579 9.88724 52.2801
250 100 150
2 30 18234 0 39 19278 0
-5.58492 13.955 50.5211
250 100 150
3 30 18236 0 39 20190 0 48 18785 0
-8.56518 -2.43932 59.0055
250 100 150
2 30 18244 0 48 18735 0
0.0276247 0.754323 53.9708
250 100 150
3 30 18262 0 39 20140 0 48 18696 0
3.48266 -3.88468 56.0492
250 100 150
2 30 18281 0 48 18774 0
-4.73117 13.4126 50.6412
250 100 150
2 30 18290 0 48 18766 0
-4.33078 14.3588 50.7363
250 100 150
2 30 18299 0 48 18515 0
-7.06634 15.7482 50.2425
250 100 150
3 30 18314 0 39 20327 0 48 18807 0
6.46942 -4.08583 57.9358
250 100 150
2 30 18378 0 48 18837 0
0.293413 -6.00583 59.9176
250 100 150
2 30 18381 0 48 18972 0
-4.82895 13.4551 50.7163
250 100 150
2 30 18386 0 48 18835 0
-3.19618 10.3452 51.4291
250 100 150
3 30 18415 0 39 20102 0 48 18852 0
-5.70261 13.3402 50.6671
250 100 150
3 30 18426 0 39 20640 0 48 19054 0
-1.46147 6.1884 52.917
250 100 150
2 30 18472 0 48 18880 0
2.55363 -3.72719 55.9308
250 100 150
2 30 18506 0 48 19045 0
-0.00138192 0.789482 53.9556
250 100 150
3 30 18519 0 39 20385 0 48 19079 0
-1.09737 -2.33204 55.3603
250 100 150
2 30 18576 0 48 19291 0
-8.41323 -5.72985 66.4534
250 100 150
3 31 87 0 37 89 0 47 80 0
-8.59157 -5.12402 68.159
250 100 150
3 31 118 0 37 118 0 47 96 0
-9.06472 -5.17936 66.9055
250 100 150
3 31 130 0 37 125 0 47 102 0
-8.5938 -4.99949 68.2112
250 100 150
2 31 133 0 37 126 0
-8.63054 -5.01525 68.0942
250 100 150
3 31 134 0 37 127 0 47 103 0
-8.49101 -4.84219 68.2738
250 100 150
3 31 147 0 37 141 0 47 115 0
-9.04506 -5.0245 66.7141
250 100 150
3 31 149 0 37 138 0 47 116 0
-7.90996 -4.11342 69.4455
250 100 150
3 31 219 0 37 202 0 47 168 0
-8.78265 -4.36324 67.0911
250 100 150
3 31 228 0 37 2775 0 47 177 0
-4.14709 -4.20176 58.9408
250 100 150
2 31 324 0 37 304 0
-9.84471 -3.69167 63.7328
250 100 150
2 31 336 0 37 312 0
-4.99998 -3.91062 59.198
250 100 150
2 31 350 0 37 324 0
-9.83214 -3.43336 63.1587
250 100 150
3 31 378 0 37 341 0 47 307 0
-5.45957 -3.68538 58.8577
250 100 150
2 31 383 0 37 354 0
-9.8358 -3.37176 63.1735
250 100 150
3 31 388 0 37 351 0 47 317 0
-5.32836 -3.63434 58.7722
250 100 150
3 31 393 0 37 358 0 47 319 0
-9.53972 -2.02797 60.7884
250 100 150
2 31 503 0 37 428 0
-5.09519 0.872209 54.5941
250 100 150
2 31 776 0 37 620 0
-8.90169 0.726077 56.6624
250 100 150
2 31 787 0 37 627 0
-4.9182 1.06838 54.2702
250 100 150
2 31 807 0 37 641 0
-10.4419 1.51374 60.6697
250 100 150
3 31 850 0 37 682 0 47 535 0
-10.5973 1.5988 60.9699
250 100 150
3 31 858 0 37 689 0 47 540 0
-10.5909 1.64705 60.8012
250 100 150
2 31 872 0 37 699 0
-8.90487 1.22052 56.4608
250 100 150
2 31 873 0 37 690 0
-10.0904 1.47005 58.1368
250 100 150
2 31 895 0 37 704 0
-11.1198 1.85074 60.3862
250 100 150
3 31 914 0 37 3550 0 47 572 0
-10.8864 2.03162 60.6904
250 100 150
3 31 927 0 37 3563 0 47 581 0
-9.79619 2.08821 57.6726
250 100 150
2 31 984 0 37 760 0
-9.80964 2.16633 57.6618
250 100 150
2 31 999 0 37 764 0
-10.6061 2.41691 58.2766
250 100 150
2 31 1044 0 37 796 0
-8.9836 2.40999 56.0652
250 100 150
2 31 1056 0 37 804 0
-5.16537 3.41006 53.5252
250 100 150
3 31 1157 0 37 898 0 47 721 0
-10.052 3.07058 56.7995
250 100 150
2 31 1170 0 37 907 0
-11.2644 3.35471 58.7642
250 100 150
2 31 1195 0 37 937 0
-11.1627 3.37409 58.5822
250 100 150
2 31 1198 0 37 942 0
-11.1236 3.43578 58.5699
250 100 150
3 31 1209 0 37 949 0 47 768 0
-11.2134 3.44857 58.701
250 100 150
2 31 1211 0 37 948 0
-11.1386 3.48689 58.6086
250 100 150
3 31 1214 0 37 956 0 47 773 0
-11.1017 3.56564 58.5745
250 100 150
3 31 1226 0 37 964 0 47 781 0
-6.13255 4.13971 53.6115
250 100 150
2 31 1283 0 37 1004 0
-11.7459 5.57086 58.3343
250 100 150
3 31 1508 0 37 1246 0 47 1057 0
-11.7036 5.57657 58.2337
250 100 150
2 31 1509 0 37 1247 0
-11.7234 5.71787 58.2755
250 100 150
3 31 1520 0 37 1258 0 47 1072 0
-11.8042 5.90725 58.1335
250 100 150
3 31 1537 0 37 1276 0 47 1086 0
-11.8298 6.07321 58.0881
250 100 150
3 31 1553 0 37 1292 0 47 1101 0
-11.6767 6.3873 57.3778
250 100 150
2 31 1590 0 37 1320 0
-11.122 6.93349 56.3005
250 100 150
2 31 1631 0 37 1350 0
-12.006 7.52405 58.3365
250 100 150
2 31 1663 0 37 1381 0
-12.0735 7.94875 58.1434
250 100 150
2 31 1714 0 37 1418 0
-12.0713 8.05287 58.1286
250 100 150
3 31 1722 0 37 1431 0 47 1265 0
-9.34877 8.08151 53.8612
250 100 150
3 31 1730 0 37 1426 0 47 1268 0
-12.099 8.13162 58.0814
250 100 150
2 31 1734 0 37 1439 0
-11.7672 8.39124 56.3224
250 100 150
2 31 1778 0 37 1482 0
-12.1616 8.44669 56.9758
250 100 150
2 31 1782 0 37 1488 0
-12.26 8.53803 57.1355
250 100 150
3 31 1796 0 37 1497 0 47 1336 0
-12.2869 8.62056 57.2842
250 100 150
3 31 1803 0 37 1503 0 47 1340 0
-12.4569 9.70834 57.5313
250 100 150
3 31 1896 0 37 1578 0 47 1420 0
-12.4423 9.72559 57.48
250 100 150
3 31 1897 0 37 1581 0 47 1422 0
-11.8667 9.94477 55.5384
250 100 150
2 31 1929 0 37 1600 0
-12.6256 10.3585 56.9451
250 100 150
2 31 1972 0 37 1648 0
-12.6567 10.5846 56.7086
250 100 150
2 31 2027 0 37 1684 0
-12.6183 10.7662 56.4593
250 100 150
2 31 2061 0 37 1706 0
-12.646 10.8841 56.569
250 100 150
2 31 2074 0 37 1717 0
-12.7033 10.9123 56.7186
250 100 150
2 31 2079 0 37 1721 0
-12.7186 10.9624 56.7026
250 100 150
2 31 2087 0 37 1731 0
-12.6986 11.0049 56.6603
250 100 150
2 31 2094 0 37 1736 0
-11.505 10.9852 54.5918
250 100 150
3 31 2097 0 37 1723 0 47 1577 0
-8.53098 15.6933 69.73
250 100 150
2 31 2111 0 37 1827 0
-12.715 11.1371 56.7947
250 100 150
2 31 2112 0 37 1750 0
-12.7131 11.1253 56.7178
250 100 150
2 31 2113 0 37 1751 0
-11.7544 11.2547 54.8273
250 100 150
2 31 2137 0 37 1759 0
-12.7231 11.3444 56.6908
250 100 150
2 31 2142 0 37 1772 0
-12.7288 11.4119 56.7246
250 100 150
2 31 2151 0 37 1778 0
-12.754 11.5045 56.5621
250 100 150
2 31 2167 0 37 1795 0
-12.7403 11.553 56.5129
250 100 150
2 31 2172 0 37 1800 0
-11.586 11.6954 54.4128
250 100 150
2 37 1807 0 38 3425 0
-12.1671 11.5854 54.9377
250 100 150
2 31 2189 0 37 1811 0
-8.58441 12.5785 51.6178
250 100 150
3 31 2237 0 37 1844 0 47 1684 0
-12.395 11.9234 55.1005
250 100 150
2 31 2238 0 37 1865 0
-9.4259 12.4632 52.2666
250 100 150
2 31 2247 0 37 1853 0
-8.90671 12.7139 51.7748
250 100 150
3 31 2266 0 37 1872 0 47 1712 0
-12.899 12.4173 55.6863
250 100 150
2 31 2308 0 37 1946 0
-12.9172 12.438 55.7662
250 100 150
2 31 2312 0 37 1949 0
-12.4823 12.5888 54.9296
250 100 150
2 31 2335 0 37 1966 0
-9.36288 13.6255 51.7794
250 100 150
3 31 2402 0 37 2011 0 47 1820 0
-9.46746 13.6075 51.8794
250 100 150
3 31 2403 0 37 2021 0 47 1819 0
-12.3793 13.3472 54.3419
250 100 150
3 31 2431 0 37 2085 0 47 1847 0
-12.6359 13.8417 54.4623
250 100 150
2 31 2475 0 37 2126 0
-12.5933 13.9111 54.4394
250 100 150
3 31 2481 0 37 2130 0 47 1885 0
-12.6335 13.9293 54.5064
250 100 150
2 31 2484 0 37 2132 0
-12.5286 13.9511 54.3645
250 100 150
3 31 2487 0 37 2133 0 47 1892 0
-10.3676 14.3792 52.2374
250 100 150
2 31 2490 0 37 2125 0
-10.3316 14.3916 52.1754
250 100 150
3 31 2491 0 37 2127 0 47 1889 0
-10.8424 14.3455 52.6574
250 100 150
3 31 2499 0 37 2134 0 47 1896 0
-12.6311 14.0178 54.4545
250 100 150
2 31 2502 0 37 2142 0
-13.0302 14.3815 54.9267
250 100 150
2 31 2567 0 37 2181 0
-13.0311 14.4575 55.0141
250 100 150
2 31 2571 0 37 2184 0
-13.3878 14.5783 55.5353
250 100 150
2 31 2583 0 37 2194 0
-13.2098 14.6315 55.1768
250 100 150
2 31 2588 0 37 2196 0
-13.2323 14.7009 55.3576
250 100 150
2 31 2589 0 37 2203 0
-13.2223 14.6867 55.1652
250 100 150
2 31 2592 0 37 2204 0
-13.3985 14.8653 55.5027
250 100 150
2 31 2603 0 37 2218 0
-12.4756 14.9843 53.775
250 100 150
2 31 2616 0 37 2220 0
-11.9937 15.6341 53.1299
250 100 150
2 31 2649 0 37 2244 0
-12.224 15.7023 53.3607
250 100 150
3 31 2658 0 37 2252 0 47 1991 0
-12.1597 15.7794 53.2396
250 100 150
2 31 2663 0 37 2255 0
-12.338 15.7838 53.4149
250 100 150
3 31 2667 0 37 2257 0 47 1998 0
-13.4286 15.8046 55.1643
250 100 150
2 31 2674 0 37 2268 0
-10.7052 16.3224 51.9211
250 100 150
2 31 2676 0 37 2260 0
-13.4363 15.9043 55.0072
250 100 150
2 31 2681 0 37 2274 0
-13.4329 15.9997 54.9298
250 100 150
2 31 2690 0 37 2283 0
-12.8369 16.1003 53.8583
250 100 150
2 31 2699 0 37 2284 0
-13.1325 16.1134 54.228
250 100 150
2 31 2704 0 37 2288 0
-13.5875 16.1403 55.1337
250 100 150
3 31 2705 0 37 2295 0 47 2019 0
-13.2027 16.1204 54.3504
250 100 150
2 31 2707 0 37 2291 0
-12.6256 16.302 53.6111
250 100 150
2 31 2719 0 37 2297 0
-13.4415 16.3254 54.7685
250 100 150
2 31 2728 0 37 2306 0
-13.4462 16.3019 54.6104
250 100 150
2 31 2730 0 37 2307 0
-13.4901 16.4176 54.9151
250 100 150
2 31 2732 0 37 2311 0
-13.4649 16.4251 54.8448
250 100 150
2 31 2733 0 37 2313 0
-12.6193 16.6701 53.5581
250 100 150
2 31 2742 0 37 2319 0
-13.5515 16.5746 54.8402
250 100 150
2 31 2744 0 37 2323 0
-13.5067 16.6307 54.7459
250 100 150
2 31 2747 0 37 2328 0
-13.5179 16.6737 54.7187
250 100 150
2 31 2751 0 37 2330 0
-12.6808 17.1573 53.6689
250 100 150
2 31 2775 0 37 2349 0
-12.6 17.2598 53.4763
250 100 150
2 31 2786 0 37 2360 0
-12.6336 17.2705 53.5316
250 100 150
2 31 2788 0 37 2362 0
-10.6401 17.8343 51.6452
250 100 150
2 31 2795 0 37 2358 0
-10.6237 18.3732 51.6671
250 100 150
3 31 2836 0 37 2383 0 47 2100 0
-10.264 18.593 51.2486
250 100 150
2 31 2845 0 37 2393 0
-10.284 18.6249 51.2146
250 100 150
2 31 2851 0 37 2396 0
-7.91796 -6.17347 67.5715
250 100 150
3 31 2998 0 37 2522 0 47 2245 0
-1.57074 -6.76345 61.9702
250 100 150
3 31 3000 0 37 2542 0 47 2243 0
-8.34807 -5.83404 67.9783
250 100 150
2 31 3037 0 37 2561 0
-8.30874 -5.82333 67.8815
250 100 150
2 31 3039 0 37 2564 0
-8.30569 -5.8209 66.6655
250 100 150
3 31 3051 0 37 2576 0 47 2275 0
-8.48052 -5.69124 66.576
250 100 150
2 31 3065 0 37 2588 0
-8.58879 -5.59783 66.4873
250 100 150
2 31 3075 0 37 2601 0
-8.47431 -5.59772 66.2069
250 100 150
3 31 3080 0 37 2606 0 47 2297 0
-8.73762 -5.3946 67.8271
250 100 150
3 31 3085 0 37 2611 0 47 2305 0
-8.60801 -5.55475 66.3228
250 100 150
3 31 3087 0 37 2612 0 47 2306 0
-8.79419 -5.28022 67.7843
250 100 150
3 31 3099 0 37 2622 0 47 2316 0
-8.55152 -4.93726 68.3337
250 100 150
3 31 3146 0 37 2662 0 47 2344 0
-8.52762 -4.9036 68.1676
250 100 150
3 31 3154 0 37 2668 0 47 2348 0
-8.59164 -5.23317 65.1796
250 100 150
2 31 3155 0 37 2669 0
-8.60866 -5.19796 65.012
250 100 150
3 31 3163 0 37 2673 0 47 2351 0
-8.74174 -5.1377 65.2055
250 100 150
3 31 3166 0 37 2676 0 47 2354 0
-7.55809 -4.36846 70.6048
250 100 150
3 31 3196 0 37 2703 0 47 2379 0
-8.17972 -4.43562 68.7269
250 100 150
3 31 3232 0 37 2736 0 47 2406 0
-9.18474 -4.85684 65.2176
250 100 150
3 31 3242 0 37 2730 0 47 2408 0
-8.13045 -4.40063 68.6288
250 100 150
3 31 3247 0 37 2742 0 47 2420 0
-9.32556 -4.75669 65.3158
250 100 150
3 31 3260 0 37 2747 0 47 2426 0
-9.37997 -4.65608 65.3705
250 100 150
3 31 3272 0 37 2760 0 47 2437 0
-8.54873 -4.61312 63.3643
250 100 150
3 31 3329 0 37 2815 0 47 2480 0
-9.50059 -4.30425 65.4913
250 100 150
3 31 3342 0 37 2831 0 47 2497 0
-4.11956 -4.2156 58.7929
250 100 150
2 31 3433 0 37 2921 0
-4.20658 -4.14961 58.8389
250 100 150
2 31 3443 0 37 2930 0
-6.21408 -4.04616 59.7634
250 100 150
2 31 3455 0 37 2941 0
-9.78172 -3.69074 63.6562
250 100 150
2 31 3464 0 37 2943 0
-6.36769 -3.89013 59.7649
250 100 150
2 31 3489 0 37 2971 0
-4.50588 -3.90681 58.7128
250 100 150
3 31 3497 0 37 2980 0 47 2630 0
-9.92715 -3.47918 63.4863
250 100 150
3 31 3514 0 37 2989 0 47 2647 0
-5.46123 -3.70495 58.9528
250 100 150
2 31 3532 0 37 3006 0
-9.80434 -3.41936 62.9864
250 100 150
3 31 3535 0 37 3002 0 47 2671 0
-5.18863 -3.67979 58.7022
250 100 150
3 31 3545 0 37 3014 0 47 2669 0
-9.92697 -3.31661 63.0625
250 100 150
3 31 3554 0 37 3023 0 47 2683 0
-9.70222 -3.27467 62.6405
250 100 150
3 31 3559 0 37 3031 0 47 2693 0
-9.87761 -2.91838 62.4404
250 100 150
3 31 3595 0 37 3059 0 47 2711 0
-9.81285 -2.72235 62.1122
250 100 150
2 31 3627 0 37 3076 0
-9.77016 -2.62822 61.9837
250 100 150
2 31 3639 0 37 3083 0
-9.91779 -2.26899 61.8542
250 100 150
2 31 3677 0 37 3104 0
-10.1194 -2.15871 62.0562
250 100 150
2 31 3688 0 37 3111 0
-2.45071 -0.185714 71.2755
250 100 150
3 31 3695 0 37 3138 0 47 2760 0
-10.1464 -2.06498 62.05
250 100 150
3 31 3700 0 37 3118 0 47 2757 0
-10.0628 -2.04277 61.8292
250 100 150
3 31 3706 0 37 3124 0 47 2763 0
-10.252 -1.66731 62.0465
250 100 150
3 31 3743 0 37 3155 0 47 2785 0
-2.14639 0.555308 71.4739
250 100 150
3 31 3754 0 37 3182 0 47 2796 0
-10.4792 -0.365567 61.0125
250 100 150
3 31 3873 0 37 3264 0 47 2863 0
-4.1509 -0.348293 54.5386
250 100 150
3 31 3902 0 37 3288 0 47 2881 0
-8.89881 -0.259619 57.5446
250 100 150
2 31 3930 0 37 3309 0
-8.94893 -0.0780045 57.4597
250 100 150
2 31 3951 0 37 3324 0
-9.09407 0.239791 57.5762
250 100 150
2 31 3984 0 37 3344 0
-9.1271 0.390494 57.6116
250 100 150
2 31 4005 0 37 3359 0
-4.72525 0.524784 54.2753
250 100 150
3 31 4015 0 37 3367 0 47 2948 0
-9.10739 0.433032 57.4729
250 100 150
2 31 4019 0 37 3369 0
-10.673 0.696805 60.1938
250 100 150
2 31 4026 0 37 3381 0
-9.15284 0.500052 57.5394
250 100 150
2 31 4027 0 37 3375 0
-4.84703 0.64796 54.3084
250 100 150
3 31 4034 0 37 3382 0 47 2961 0
-4.79807 0.787543 54.2631
250 100 150
3 31 4051 0 37 3394 0 47 2973 0
-8.84182 0.658897 56.6998
250 100 150
2 31 4057 0 37 3402 0
-9.23864 0.756589 56.9486
250 100 150
2 31 4078 0 37 3423 0
-10.0783 0.945198 58.4395
250 100 150
3 31 4091 0 37 3438 0 47 3006 0
-4.94231 1.13935 54.2247
250 100 150
2 31 4108 0 37 3452 0
-8.2684 1.11397 56.071
250 100 150
2 31 4138 0 37 671 0
-8.8383 1.09442 56.407
250 100 150
2 31 4141 0 37 3484 0
-4.98042 1.35283 54.2767
250 100 150
3 31 4147 0 37 3486 0 47 3048 0
-10.003 1.28349 58.118
250 100 150
3 31 4168 0 37 3506 0 47 3072 0
-10.8248 2.06582 60.9291
250 100 150
2 31 4220 0 37 3561 0
-4.79191 1.9494 53.8021
250 100 150
3 31 4225 0 37 3557 0 47 3107 0
-4.73914 1.96205 53.7061
250 100 150
3 31 4226 0 37 3558 0 47 3108 0
-11.0277 2.26512 60.8673
250 100 150
3 31 4242 0 37 3583 0 47 3126 0
-11.0333 2.35742 60.7981
250 100 150
3 31 4253 0 37 3595 0 47 3138 0
-9.81665 2.07775 57.7522
250 100 150
2 31 4255 0 37 3590 0
-9.91191 2.21156 57.6616
250 100 150
3 31 4270 0 37 3605 0 47 3147 0
-11.0418 2.28756 59.0206
250 100 150
2 31 4272 0 37 3610 0
-9.98601 2.28028 57.8231
250 100 150
3 31 4274 0 37 3611 0 47 3149 0
-10.5081 2.41114 58.2141
250 100 150
2 31 4298 0 37 3638 0
-11.0836 2.48696 58.9202
250 100 150
3 31 4311 0 37 3649 0 47 3178 0
-8.065 2.54673 55.5023
250 100 150
2 31 4326 0 37 3654 0
-10.0439 2.56426 57.5135
250 100 150
3 31 4329 0 37 3659 0 47 3188 0
-11.1987 2.70595 58.9863
250 100 150
2 31 4348 0 37 3678 0
-11.1567 2.76037 58.89
250 100 150
2 31 4354 0 37 3683 0
-4.67879 3.09645 53.2764
250 100 150
3 31 4365 0 37 3686 0 47 3203 0
-9.8012 2.73976 56.6105
250 100 150
2 31 4374 0 37 3692 0
-10.0937 2.96304 57.0217
250 100 150
3 31 4414 0 37 3717 0 47 3242 0
-4.76386 3.41963 53.1717
250 100 150
3 31 4430 0 37 3729 0 47 3251 0
-11.2564 3.27686 58.7542
250 100 150
2 31 4463 0 37 3775 0
-11.2232 3.33578 58.7058
250 100 150
2 31 4477 0 37 3786 0
-11.2064 3.39499 58.6418
250 100 150
2 31 4490 0 37 3797 0
-11.2473 3.55565 58.7202
250 100 150
3 31 4511 0 37 3814 0 47 3327 0
-10.2184 4.05019 56.5789
250 100 150
2 31 4586 0 37 3886 0
-10.2683 4.29512 56.5622
250 100 150
2 31 4609 0 37 3902 0
-10.325 4.5049 56.543
250 100 150
2 31 4627 0 37 3917 0
-11.8039 6.07824 58.0125
250 100 150
3 31 4752 0 37 4044 0 47 3534 0
-12.0025 7.38874 57.2937
250 100 150
2 31 4856 0 37 4142 0
-11.5987 7.39528 56.6512
250 100 150
2 31 4858 0 37 4143 0
-11.8604 7.43849 57.1046
250 100 150
3 31 4862 0 37 4144 0 47 3619 0
-11.9837 7.44119 57.2207
250 100 150
2 31 4866 0 37 4146 0
-11.921 7.52983 57.0913
250 100 150
3 31 4872 0 37 4154 0 47 3624 0
-11.9744 7.61486 57.1134
250 100 150
2 31 4877 0 37 4159 0
-11.9325 7.58851 56.9625
250 100 150
3 31 4878 0 37 4157 0 47 3632 0
-12.0172 7.90297 58.1211
250 100 150
2 31 4883 0 37 4167 0
-12.0056 7.80095 57.1074
250 100 150
3 31 4895 0 37 4172 0 47 3644 0
-12.0421 7.90973 57.1081
250 100 150
2 31 4910 0 37 4178 0
-12.0679 8.00107 57.0859
250 100 150
2 31 4920 0 37 4188 0
-12.0118 7.99902 56.9586
250 100 150
3 31 4921 0 37 4189 0 47 3662 0
-12.1947 8.09984 57.6641
250 100 150
3 31 4922 0 37 4194 0 47 3665 0
-12.155 8.07735 57.4875
250 100 150
3 31 4923 0 37 4191 0 47 3666 0
-12.0096 8.09935 56.9031
250 100 150
3 31 4937 0 37 4206 0 47 3680 0
-12.1949 8.2144 57.4784
250 100 150
3 31 4946 0 37 4213 0 47 3687 0
-11.9408 8.21865 56.717
250 100 150
2 31 4961 0 37 4218 0
-11.9134 8.27726 56.6149
250 100 150
3 31 4968 0 37 4228 0 47 3700 0
-12.0716 8.31018 56.8452
250 100 150
2 31 4971 0 37 4231 0
-12.1585 8.3189 56.9772
250 100 150
3 31 4973 0 37 4232 0 47 3706 0
-12.0418 8.32796 56.735
250 100 150
2 31 4977 0 37 4234 0
-11.8333 8.37126 56.362
250 100 150
3 31 4984 0 37 4244 0 47 3718 0
-12.006 8.39716 56.6752
250 100 150
2 31 4986 0 37 4248 0
-11.7807 8.51548 56.2728
250 100 150
2 31 5003 0 37 4261 0
-12.4429 9.65823 57.4944
250 100 150
3 31 5082 0 37 4350 0 47 3813 0
-12.4162 9.70039 57.3753
250 100 150
2 31 5084 0 37 4353 0
-12.4982 9.7884 57.4906
250 100 150
3 31 5089 0 37 4359 0 47 3824 0
-11.874 9.9956 55.5799
250 100 150
2 31 5111 0 37 4377 0
-11.9207 10.0114 55.6842
250 100 150
3 31 5115 0 37 4378 0 47 3845 0
-11.8679 10.0712 55.5001
250 100 150
3 31 5122 0 37 4383 0 47 3851 0
-12.2781 10.4065 55.8113
250 100 150
2 31 5178 0 37 4424 0
-11.6193 10.5444 55.0322
250 100 150
2 31 5190 0 37 4430 0
-12.2611 10.5068 55.7683
250 100 150
2 31 5196 0 37 4441 0
-12.6422 10.5688 56.6209
250 100 150
2 31 5198 0 37 4448 0
-11.7811 10.5674 55.1644
250 100 150
2 31 5200 0 37 4439 0
-12.6694 10.6296 56.6886
250 100 150
2 31 5208 0 37 4453 0
-12.6656 10.6928 56.7006
250 100 150
2 31 5221 0 37 4463 0
-12.4303 10.651 55.98
250 100 150
2 31 5230 0 37 4464 0
-12.4901 10.7028 56.095
250 100 150
2 31 5236 0 37 4470 0
-12.6257 10.7888 56.5235
250 100 150
2 31 5247 0 37 4479 0
-12.6863 10.8251 56.7136
250 100 150
2 31 5249 0 37 4481 0
-12.6183 10.7744 56.3026
250 100 150
2 31 5254 0 37 4482 0
-12.6559 10.8343 56.5703
250 100 150
2 31 5255 0 37 4487 0
-12.6953 10.8984 56.645
250 100 150
3 31 5261 0 37 4497 0 47 3960 0
-11.5941 10.8777 54.7437
250 100 150
2 31 5265 0 37 4485 0
-11.8541 10.9222 55.0572
250 100 150
2 31 5271 0 37 4498 0
-11.5251 10.9408 54.647
250 100 150
3 31 5272 0 37 4493 0 47 3964 0
-11.3907 11.0041 54.439
250 100 150
2 31 5277 0 37 1725 0
-12.0144 10.9486 55.1755
250 100 150
2 31 5279 0 37 4506 0
-12.6827 11.0154 56.5594
250 100 150
3 31 5281 0 37 4521 0 47 3977 0
-11.5894 11.0118 54.6825
250 100 150
2 31 5285 0 37 4507 0
-11.7071 11.0104 54.7729
250 100 150
2 31 5291 0 37 4513 0
2.61653 18.1272 63.517
250 100 150
3 31 5294 0 37 4604 0 47 4002 0
-11.4041 11.0754 54.4792
250 100 150
2 31 5295 0 37 4514 0
-12.7268 11.1018 56.6813
250 100 150
2 31 5298 0 37 4534 0
-11.6508 11.1186 54.7392
250 100 150
3 31 5307 0 37 4532 0 47 3996 0
2.43084 18.2062 63.5341
250 100 150
2 31 5312 0 37 4625 0
-11.9324 11.1065 54.9963
250 100 150
2 31 5313 0 37 4535 0
-11.8102 11.1441 54.9334
250 100 150
2 31 5315 0 37 4536 0
-6.38529 16.1713 68.1354
250 100 150
3 31 5320 0 37 4668 0 47 4031 0
-11.6323 11.2181 54.6488
250 100 150
3 31 5326 0 37 4548 0 47 4014 0
-6.4631 16.235 68.154
250 100 150
3 31 5327 0 37 4679 0 47 4046 0
-6.50529 16.311 68.0759
250 100 150
3 31 5346 0 37 4696 0 47 4066 0
-11.6879 11.3644 54.6898
250 100 150
3 31 5353 0 37 4567 0 47 4041 0
2.31151 18.5406 63.7507
250 100 150
2 31 5354 0 37 4677 0
-12.7363 11.4437 56.5351
250 100 150
2 31 5364 0 37 4597 0
-8.64973 11.9527 51.8244
250 100 150
2 31 5370 0 37 4564 0
-8.66329 16.081 69.2298
250 100 150
3 31 5382 0 37 4755 0 47 4106 0
-6.91048 16.46 68.109
250 100 150
3 31 5388 0 37 4744 0 47 4109 0
-12.7507 11.6055 56.6148
250 100 150
3 31 5393 0 37 4629 0 47 4080 0
-12.8595 11.6274 56.8086
250 100 150
3 31 5394 0 37 4635 0 47 4084 0
-12.181 11.511 55.0596
250 100 150
2 31 5401 0 37 4620 0
-7.05997 16.5038 68.0873
250 100 150
3 31 5402 0 37 4765 0 47 4127 0
-8.73554 16.1651 69.1635
250 100 150
2 31 5403 0 37 4776 0
-12.1331 11.5206 54.9257
250 100 150
2 31 5404 0 37 4624 0
-12.8373 11.677 56.7188
250 100 150
3 31 5406 0 37 4648 0 47 4094 0
-8.78468 12.2152 52.0863
250 100 150
2 31 5416 0 37 4616 0
-8.68577 16.3043 69.0195
250 100 150
2 31 5430 0 37 4795 0
-8.5816 16.3314 68.9417
250 100 150
3 31 5435 0 37 4796 0 47 4157 0
-12.1554 11.6826 54.9537
250 100 150
2 31 5441 0 37 4660 0
-8.25379 12.4939 51.406
250 100 150
3 31 5465 0 37 1820 0 47 4138 0
-8.43835 12.4847 51.5593
250 100 150
3 31 5467 0 37 4663 0 47 4142 0
-12.2536 11.8367 54.9913
250 100 150
2 31 5477 0 37 4690 0
-8.58693 12.4985 51.6724
250 100 150
2 31 5480 0 37 4674 0
-8.03347 16.6468 68.4041
250 100 150
3 31 5481 0 37 4827 0 47 4206 0
-8.17962 16.6753 68.4266
250 100 150
2 31 5494 0 37 4839 0
-12.3275 11.9119 55.0353
250 100 150
2 31 5502 0 37 4713 0
-9.77066 12.3576 52.5965
250 100 150
3 31 5504 0 37 4692 0 47 4166 0
-12.1014 11.9631 54.727
250 100 150
2 31 5508 0 37 4718 0
-9.31645 12.4682 52.193
250 100 150
3 31 5512 0 37 4693 0 47 4171 0
-9.23073 12.4886 52.0923
250 100 150
3 31 5513 0 37 4699 0 47 4177 0
-8.57104 12.64 51.629
250 100 150
3 31 5515 0 37 4695 0 47 4173 0
-8.67661 12.6456 51.7533
250 100 150
2 31 5519 0 37 4703 0
-9.6618 12.4279 52.4864
250 100 150
3 31 5520 0 37 4705 0 47 4183 0
-12.201 11.9933 54.815
250 100 150
2 31 5522 0 37 4731 0
-8.89013 12.6412 51.8183
250 100 150
3 31 5528 0 37 4714 0 47 4197 0
-8.56016 12.7096 51.5008
250 100 150
3 31 5532 0 37 4715 0 47 4198 0
-12.4255 12.0514 55.147
250 100 150
3 31 5539 0 37 4745 0 47 4215 0
-12.2742 12.0659 54.8475
250 100 150
2 31 5546 0 37 4746 0
-9.88859 12.4813 52.5802
250 100 150
3 31 5547 0 37 1871 0 47 1709 0
-9.01145 12.8049 51.8797
250 100 150
2 31 5579 0 37 4751 0
-12.1236 12.2385 54.5989
250 100 150
2 31 5583 0 37 4777 0
-12.9881 12.3582 56.5149
250 100 150
2 31 5585 0 37 4793 0
-12.2051 12.2862 54.6791
250 100 150
3 31 5595 0 37 4788 0 47 4265 0
-12.2497 12.372 54.6772
250 100 150
2 31 5611 0 37 4802 0
-11.3182 12.5464 53.7938
250 100 150
3 31 5612 0 37 1920 0 47 1740 0
-12.4564 12.4007 55.0067
250 100 150
2 31 5620 0 37 4806 0
-12.8737 12.4334 55.8245
250 100 150
2 31 5623 0 37 4817 0
-12.5863 12.4471 55.208
250 100 150
2 31 5629 0 37 4819 0
-12.7009 12.5341 55.2461
250 100 150
2 31 5641 0 37 4843 0
-12.6831 12.5772 55.2171
250 100 150
2 31 5650 0 37 4845 0
-12.6141 12.601 55.0993
250 100 150
3 31 5651 0 37 4848 0 47 4317 0
-12.5328 12.6173 54.9797
250 100 150
2 31 5652 0 37 4849 0
-12.434 12.6636 54.8846
250 100 150
3 31 5655 0 37 4862 0 47 4322 0
-8.82098 13.4584 51.4317
250 100 150
3 31 5674 0 37 4855 0 47 4333 0
-12.1134 12.7982 54.2852
250 100 150
3 31 5675 0 37 4880 0 47 4342 0
-11.8301 12.8528 54.0317
250 100 150
2 31 5679 0 37 4876 0
-12.0365 12.9604 54.2103
250 100 150
2 31 5702 0 37 4903 0
-8.72852 13.6699 51.251
250 100 150
3 31 5707 0 37 4893 0 47 4360 0
-12.2185 13.0958 54.2481
250 100 150
2 31 5730 0 37 4931 0
-9.53596 13.6575 51.9312
250 100 150
3 31 5731 0 37 4914 0 47 4378 0
-12.5635 13.7722 54.4603
250 100 150
2 31 5806 0 37 5011 0
-12.5541 13.8114 54.357
250 100 150
2 31 5813 0 37 5018 0
-12.5396 13.8719 54.4282
250 100 150
2 31 5820 0 37 5025 0
-10.3056 14.3558 52.1764
250 100 150
3 31 5830 0 37 5017 0 47 4460 0
-12.6605 13.9713 54.5795
250 100 150
2 31 5837 0 37 5041 0
-12.5424 13.9765 54.3225
250 100 150
3 31 5839 0 37 5042 0 47 4469 0
-12.578 14.012 54.4139
250 100 150
3 31 5841 0 37 5049 0 47 4470 0
-12.4428 14.0275 54.1051
250 100 150
2 31 5844 0 37 5050 0
-12.463 14.0623 54.2449
250 100 150
3 31 5847 0 37 5053 0 47 4477 0
-12.2326 14.095 53.9139
250 100 150
3 31 5849 0 37 5052 0 47 4479 0
-12.3814 14.0925 54.0349
250 100 150
2 31 5852 0 37 5055 0
-11.9062 14.2209 53.5176
250 100 150
2 31 5859 0 37 5059 0
-12.7791 14.1571 54.6697
250 100 150
2 31 5862 0 37 5076 0
-12.8211 14.1736 54.7509
250 100 150
3 31 5867 0 37 5079 0 47 4495 0
-12.3412 14.2513 53.9342
250 100 150
2 31 5878 0 37 5083 0
-12.2071 14.2918 53.7557
250 100 150
3 31 5885 0 37 5088 0 47 4510 0
-11.0316 14.8205 52.6761
250 100 150
2 31 5921 0 37 2182 0
-13.3477 14.6256 55.501
250 100 150
2 31 5937 0 37 5140 0
-13.1981 14.6559 55.2739
250 100 150
3 31 5939 0 37 5142 0 47 4556 0
-13.2076 14.7027 55.2386
250 100 150
2 31 5947 0 37 5147 0
-13.2145 14.6681 55.0861
250 100 150
2 31 5948 0 37 5148 0
-13.3947 14.756 55.5346
250 100 150
2 31 5952 0 37 5159 0
-11.2357 15.0079 52.7019
250 100 150
2 31 5953 0 37 5139 0
-11.3879 15.0903 52.8161
250 100 150
2 31 5966 0 37 5154 0
-8.91504 15.7267 50.6486
250 100 150
2 31 5972 0 37 2202 0
-8.57727 15.9404 50.4515
250 100 150
2 31 5984 0 37 5157 0
-8.48482 16.1708 50.4451
250 100 150
2 31 6003 0 37 5175 0
-10.8169 15.8228 52.0918
250 100 150
2 31 6026 0 37 5204 0
-11.7218 15.7077 52.9678
250 100 150
2 31 6038 0 37 2241 0
-12.0814 15.6674 53.2774
250 100 150
3 31 6043 0 37 2247 0 47 4623 0
-12.2831 15.6513 53.4313
250 100 150
2 31 6051 0 37 5225 0
-12.3544 15.7146 53.4566
250 100 150
3 31 6062 0 37 5231 0 47 4635 0
-12.077 15.7737 53.1803
250 100 150
2 31 6063 0 37 5228 0
-12.423 15.768 53.4932
250 100 150
3 31 6074 0 37 5243 0 47 4645 0
-13.4378 15.7519 55.1987
250 100 150
3 31 6075 0 37 2264 0 47 4650 0
-12.2354 15.8408 53.2493
250 100 150
2 31 6077 0 37 5246 0
-12.4011 15.8366 53.4186
250 100 150
3 31 6082 0 37 5253 0 47 4651 0
-12.5191 15.9479 53.5375
250 100 150
2 31 6101 0 37 5263 0
-12.5425 16.022 53.5946
250 100 150
2 31 6109 0 37 5268 0
-12.6566 16.0486 53.7316
250 100 150
3 31 6113 0 37 5271 0 47 4671 0
-13.4283 16.0316 54.858
250 100 150
2 31 6118 0 37 5282 0
-13.1365 15.9845 54.1606
250 100 150
3 31 6119 0 37 5278 0 47 4674 0
-12.6641 16.0834 53.651
250 100 150
2 31 6121 0 37 5276 0
-13.5525 16.1261 55.0666
250 100 150
2 31 6130 0 37 5299 0
-13.4501 16.0859 54.7088
250 100 150
2 31 6131 0 37 5294 0
-12.6839 16.1746 53.6432
250 100 150
2 31 6135 0 37 5284 0
-13.2361 16.1478 54.4553
250 100 150
2 31 6139 0 37 5297 0
-13.3695 16.1357 54.5764
250 100 150
2 31 6142 0 37 5300 0
-13.4225 16.1965 54.6679
250 100 150
3 31 6147 0 37 5309 0 47 4691 0
-13.3417 16.2282 54.4525
250 100 150
2 31 6151 0 37 5314 0
-10.572 16.9329 51.8147
250 100 150
2 31 6157 0 37 5301 0
-13.4467 16.4083 54.8838
250 100 150
3 31 6166 0 37 5328 0 47 4703 0
-13.4396 16.3603 54.6786
250 100 150
2 31 6167 0 37 5327 0
-13.4575 16.4054 54.7648
250 100 150
2 31 6173 0 37 5330 0
-10.7457 17.2323 51.9085
250 100 150
2 31 6197 0 37 2316 0
-12.1606 17.3972 53.1024
250 100 150
3 31 6244 0 37 5384 0 47 4757 0
-10.8605 17.8081 51.8784
250 100 150
2 31 6252 0 37 5385 0
-10.6274 17.9 51.7282
250 100 150
2 31 6257 0 37 5386 0
-10.8626 17.9572 51.8752
250 100 150
2 31 6272 0 37 5395 0
-11.2367 18.0222 52.2005
250 100 150
2 31 6290 0 37 5420 0
-11.0072 18.0921 52.0036
250 100 150
2 31 6291 0 37 5421 0
-10.5493 18.206 51.5553
250 100 150
2 31 6292 0 37 5413 0
-10.8967 18.1612 51.9267
250 100 150
2 31 6295 0 37 5424 0
-10.9986 18.1941 52.0848
250 100 150
2 31 6299 0 37 5430 0
-10.4459 18.3521 51.4615
250 100 150
2 31 6304 0 37 5431 0
-10.7711 18.3382 51.7725
250 100 150
3 31 6314 0 37 5443 0 47 4811 0
-1.6516 -7.55884 62.1062
250 100 150
2 31 6391 0 37 5516 0
-7.62555 -6.31207 67.5258
250 100 150
3 31 6445 0 37 5551 0 47 4929 0
-8.66828 -5.64044 67.9291
250 100 150
2 31 6484 0 37 5599 0
-8.51777 -5.65005 67.8289
250 100 150
3 31 6485 0 37 5600 0 47 4956 0
-8.24212 -5.5112 68.3918
250 100 150
2 31 6490 0 37 5605 0
-8.64919 -5.51897 67.9125
250 100 150
3 31 6494 0 37 5611 0 47 4966 0
-8.72044 -5.4057 67.827
250 100 150
2 31 6505 0 37 5619 0
-8.58522 -5.54779 66.3181
250 100 150
3 31 6512 0 37 5624 0 47 4980 0
-8.4146 -5.26298 68.359
250 100 150
3 31 6514 0 37 5627 0 47 4982 0
-8.80041 -5.15807 67.6789
250 100 150
3 31 6534 0 37 5645 0 47 4996 0
-8.55995 -4.92759 68.3225
250 100 150
3 31 6549 0 37 5664 0 47 5009 0
-8.48891 -4.88696 68.1662
250 100 150
3 31 6550 0 37 5667 0 47 5012 0
-8.59167 -5.20596 65.007
250 100 150
3 31 6556 0 37 5673 0 47 5015 0
-8.74348 -5.13993 65.2268
250 100 150
3 31 6559 0 37 5677 0 47 5019 0
-8.68813 -5.11058 65.0809
250 100 150
3 31 6566 0 37 5680 0 47 5024 0
-8.24102 -4.56257 68.678
250 100 150
3 31 6581 0 37 5702 0 47 5042 0
-8.55208 -5.0451 64.6946
250 100 150
2 31 6582 0 37 5698 0
-8.16542 -4.42495 68.6088
250 100 150
3 31 6608 0 37 5730 0 47 5067 0
-9.39745 -4.71028 66.3234
250 100 150
2 31 6614 0 37 5728 0
-9.38924 -4.64769 65.383
250 100 150
2 31 6642 0 37 5750 0
-8.14765 -3.98082 70.2477
250 100 150
3 31 6649 0 37 5774 0 47 5101 0
-9.31352 -4.58514 65.4862
250 100 150
3 31 6650 0 37 5758 0 47 5095 0
-9.55454 -4.39921 65.647
250 100 150
3 31 6679 0 37 5797 0 47 5128 0
-9.3509 -4.39954 65.4608
250 100 150
3 31 6682 0 37 5798 0 47 5131 0
-8.12992 -3.76651 69.6306
250 100 150
2 31 6697 0 37 5820 0
-8.22716 -3.67863 69.8726
250 100 150
3 31 6706 0 37 5830 0 47 5153 0
-8.68819 -4.48827 63.1899
250 100 150
2 31 6709 0 37 5824 0
-2.28509 -4.31554 58.0289
250 100 150
2 31 6767 0 37 5883 0
-4.22985 -4.13713 58.9595
250 100 150
2 31 6780 0 37 5897 0
-9.70328 -3.77051 63.9163
250 100 150
3 31 6781 0 37 5891 0 47 5221 0
-3.16608 -4.16135 58.1401
250 100 150
3 31 6783 0 37 5901 0 47 5219 0
-6.15523 -4.06611 59.7692
250 100 150
2 31 6788 0 37 5900 0
-4.85722 -4.03609 58.9806
250 100 150
2 31 6798 0 37 5911 0
-6.28285 -3.96954 59.8619
250 100 150
2 31 6801 0 37 5914 0
-6.07585 -3.92928 59.5769
250 100 150
2 31 6810 0 37 5920 0
-4.84515 -3.92362 58.9499
250 100 150
2 31 6814 0 37 5924 0
-6.38042 -3.88117 59.7654
250 100 150
2 31 6817 0 37 5923 0
-5.3688 -3.8183 58.8606
250 100 150
2 31 6830 0 37 5943 0
-9.9337 -3.46935 63.4882
250 100 150
3 31 6834 0 37 5938 0 47 5265 0
-9.87898 -3.46389 63.09
250 100 150
2 31 6838 0 37 5946 0
-6.13768 -3.7312 59.3618
250 100 150
2 31 6840 0 37 5949 0
-9.86333 -3.43929 63.2321
250 100 150
3 31 6846 0 37 5945 0 47 5278 0
-5.47539 -3.69363 58.9611
250 100 150
3 31 6851 0 37 5954 0 47 5281 0
-9.92691 -3.30174 63.0639
250 100 150
3 31 6868 0 37 5964 0 47 5298 0
-9.68552 -3.14656 62.4646
250 100 150
2 31 6889 0 37 5981 0
-8.74232 -3.17444 60.6466
250 100 150
2 31 6894 0 37 5989 0
-9.79463 -2.95781 62.362
250 100 150
2 31 6898 0 37 5991 0
-9.8719 -2.91713 62.4607
250 100 150
3 31 6900 0 37 5992 0 47 5325 0
-8.8253 -3.03955 60.6778
250 100 150
2 31 6901 0 37 5995 0
-8.77902 -2.90108 60.454
250 100 150
2 31 6920 0 37 6005 0
-9.92149 -2.67486 62.2681
250 100 150
2 31 6928 0 37 6011 0
-9.92285 -2.51721 62.1043
250 100 150
3 31 6939 0 37 6018 0 47 5344 0
-9.91152 -2.3607 61.8708
250 100 150
3 31 6948 0 37 6024 0 47 5349 0
-10.075 -2.21362 62.049
250 100 150
3 31 6957 0 37 6029 0 47 5355 0
-9.92542 -2.14748 61.8795
250 100 150
2 31 6962 0 37 6032 0
-10.0615 -2.02785 61.8228
250 100 150
3 31 6971 0 37 6044 0 47 5364 0
-10.1662 -1.94059 62.0524
250 100 150
3 31 6979 0 37 13627 0 47 12343 0
-10.1513 -1.92045 61.9274
250 100 150
3 31 6982 0 37 6051 0 47 5368 0
-9.54456 -1.91234 60.8263
250 100 150
2 31 6989 0 37 6056 0
-10.2122 -1.77472 61.9602
250 100 150
3 31 6992 0 37 6059 0 47 5376 0
-10.464 -0.527703 61.0979
250 100 150
2 31 7067 0 37 6118 0
-10.4882 -0.356709 61.0089
250 100 150
3 31 7088 0 37 6135 0 47 5431 0
-10.4186 -0.332096 60.8359
250 100 150
2 31 7094 0 37 6140 0
-10.1639 -0.331059 59.9356
250 100 150
2 31 7102 0 37 6148 0
-10.153 -0.186729 59.9666
250 100 150
2 31 7115 0 37 6155 0
-5.11837 -0.0130323 54.8348
250 100 150
3 31 7139 0 37 6169 0 47 5458 0
-9.0137 -0.000387485 57.598
250 100 150
2 31 7148 0 37 6173 0
-9.04977 0.241061 57.4666
250 100 150
2 31 7166 0 37 6184 0
-9.14311 0.499555 57.5404
250 100 150
2 31 7191 0 37 6199 0
-4.81997 0.648687 54.2991
250 100 150
3 31 7195 0 37 6205 0 47 5484 0
-4.76977 0.771735 54.269
250 100 150
2 31 7206 0 37 6212 0
-4.95848 0.814859 54.4327
250 100 150
3 31 7210 0 37 6216 0 47 5493 0
-8.76842 0.610296 56.6142
250 100 150
2 31 7211 0 37 6215 0
-8.98295 0.691696 56.7492
250 100 150
3 31 7221 0 37 6221 0 47 5498 0
-10.0793 0.946641 58.4575
250 100 150
2 31 7243 0 37 6244 0
-10.0592 1.01938 58.2248
250 100 150
3 31 7261 0 37 6256 0 47 5523 0
-9.86606 1.05869 58.192
250 100 150
3 31 7264 0 37 6260 0 47 5526 0
-4.90235 1.23306 54.1585
250 100 150
2 31 7274 0 37 6269 0
-10.5585 1.53225 60.9578
250 100 150
3 31 7283 0 37 6289 0 47 5544 0
-9.91687 1.179 58.1067
250 100 150
2 31 7285 0 37 6281 0
-8.84689 1.09247 56.3939
250 100 150
3 31 7287 0 37 6282 0 47 5539 0
-10.8275 1.92606 60.9589
250 100 150
3 31 7325 0 37 6328 0 47 5575 0
-4.78199 1.95749 53.8113
250 100 150
3 31 7334 0 37 6336 0 47 5580 0
-11.0066 2.27593 60.8866
250 100 150
3 31 7345 0 37 6352 0 47 5590 0
-9.95508 1.98962 57.9149
250 100 150
3 31 7346 0 37 6350 0 47 5591 0
-9.86694 2.05548 57.7578
250 100 150
3 31 7355 0 37 6357 0 47 5596 0
-11.0361 2.36564 60.8019
250 100 150
3 31 7357 0 37 6361 0 47 5599 0
-9.88376 2.20627 57.6501
250 100 150
2 31 7369 0 37 6368 0
-11.0902 2.48886 58.9055
250 100 150
3 31 7404 0 37 6396 0 47 5626 0
-10.0364 2.55015 57.5059
250 100 150
3 31 7415 0 37 6401 0 47 5631 0
-11.1371 2.61728 58.9018
250 100 150
3 31 7420 0 37 6407 0 47 5635 0
-4.69214 3.08484 53.2785
250 100 150
3 31 7441 0 37 6422 0 47 5646 0
-10.1074 2.81279 57.4789
250 100 150
2 31 7446 0 37 6431 0
-11.2832 2.87188 59.0256
250 100 150
3 31 7447 0 37 6438 0 47 5656 0
-9.89715 2.88507 56.788
250 100 150
2 31 7465 0 37 6447 0
-10.1736 3.05793 57.0712
250 100 150
3 31 7494 0 37 6473 0 47 5690 0
-5.19847 3.56856 53.4696
250 100 150
3 31 7514 0 37 6490 0 47 5704 0
-11.226 3.31846 58.7119
250 100 150
2 31 7521 0 37 6504 0
-11.0331 3.39784 58.5313
250 100 150
2 31 7530 0 37 6511 0
-11.2459 3.54751 58.7154
250 100 150
3 31 7547 0 37 6527 0 47 5732 0
-11.3063 3.58622 58.8129
250 100 150
3 31 7552 0 37 6530 0 47 5733 0
-7.75116 3.68273 54.6581
250 100 150
3 31 7558 0 37 6533 0 47 5740 0
-11.248 3.68058 58.7379
250 100 150
2 31 7560 0 37 6538 0
-9.99885 3.61607 56.4741
250 100 150
2 31 7566 0 37 6540 0
-6.16151 3.99579 53.6736
250 100 150
3 31 7574 0 37 6549 0 47 5751 0
-8.14027 3.90883 54.7707
250 100 150
3 31 7584 0 37 6561 0 47 5762 0
-10.2536 4.30479 56.5777
250 100 150
3 31 7645 0 37 6614 0 47 5817 0
-11.1344 4.37816 57.8405
250 100 150
2 31 7647 0 37 6622 0
-10.3426 4.60196 56.4974
250 100 150
3 31 7676 0 37 6646 0 47 5848 0
-11.7512 5.89529 58.2088
250 100 150
3 31 7822 0 37 6776 0 47 5988 0
-11.7521 5.95859 57.9632
250 100 150
3 31 7834 0 37 6788 0 47 6004 0
-11.7826 5.98789 58.0809
250 100 150
3 31 7836 0 37 6791 0 47 6007 0
-11.7693 6.47798 58.3448
250 100 150
3 31 7882 0 37 6835 0 47 6055 0
-11.5443 7.03203 56.7965
250 100 150
3 31 7945 0 37 6889 0 47 6114 0
-11.8737 7.42413 57.11
250 100 150
3 31 7985 0 37 6924 0 47 6153 0
-11.5998 7.40611 56.6599
250 100 150
3 31 7986 0 37 6922 0 47 6151 0
-11.9931 7.47138 57.3381
250 100 150
3 31 7993 0 37 6928 0 47 6156 0
-11.7458 7.45853 56.8181
250 100 150
3 31 7995 0 37 6929 0 47 6158 0
-11.9312 7.52855 57.0857
250 100 150
2 31 8001 0 37 6937 0
-11.9891 7.55821 57.206
250 100 150
3 31 8003 0 37 6940 0 47 6168 0
-11.9038 7.60333 56.9594
250 100 150
3 31 8011 0 37 6945 0 47 6174 0
-11.991 7.71144 57.084
250 100 150
2 31 8021 0 37 6959 0
-12.039 7.90703 57.118
250 100 150
2 31 8038 0 37 6989 0
-11.9841 7.89451 57.0038
250 100 150
3 31 8039 0 37 6988 0 47 6202 0
-12.0686 8.00614 57.078
250 100 150
2 31 8054 0 37 7004 0
-11.9991 8.01414 56.9478
250 100 150
3 31 8056 0 37 7006 0 47 6220 0
-12.0096 8.08622 56.9014
250 100 150
3 31 8066 0 37 7019 0 47 6233 0
-11.9988 8.19734 56.8412
250 100 150
3 31 8088 0 37 7036 0 47 6254 0
-12.1423 8.22222 57.0475
250 100 150
2 31 8091 0 37 7039 0
-11.9463 8.20778 56.7145
250 100 150
3 31 8095 0 37 7037 0 47 6258 0
-11.9041 8.26832 56.6199
250 100 150
2 31 8102 0 37 7049 0
-12.1797 8.34725 57.107
250 100 150
3 31 8106 0 37 7057 0 47 6278 0
-12.1487 8.32336 56.9592
250 100 150
3 31 8107 0 37 7058 0 47 6275 0
-12.0832 8.31608 56.8537
250 100 150
2 31 8108 0 37 7054 0
-12.0338 8.31517 56.7293
250 100 150
2 31 8111 0 37 7055 0
-11.8278 8.35686 56.3598
250 100 150
3 31 8117 0 37 7067 0 47 6284 0
-11.6338 8.56105 55.8891
250 100 150
2 31 8146 0 37 7094 0
2.5471 14.8801 65.1732
250 100 150
3 31 8149 0 37 7131 0 47 6323 0
-6.98416 9.37266 51.8718
250 100 150
3 31 8166 0 37 7098 0 47 6322 0
-9.14221 9.36174 53.2061
250 100 150
2 31 8200 0 37 7129 0
-12.4302 9.66542 57.4846
250 100 150
2 31 8217 0 37 7164 0
-11.8775 9.98786 55.5834
250 100 150
3 31 8254 0 37 7188 0 47 6399 0
-12.1075 10.1643 55.7721
250 100 150
3 31 8273 0 37 7210 0 47 6421 0
-8.14336 10.8234 52.1097
250 100 150
3 31 8279 0 37 7204 0 47 6425 0
-8.32151 10.8114 52.1152
250 100 150
2 31 8285 0 37 7209 0
-12.2872 10.374 55.7969
250 100 150
2 31 8321 0 37 7246 0
-8.68362 10.9316 52.3938
250 100 150
3 31 8328 0 37 7235 0 47 6469 0
-11.4581 10.4907 54.7303
250 100 150
2 31 8331 0 37 7254 0
-12.4413 10.4521 56.0779
250 100 150
3 31 8332 0 37 7265 0 47 6484 0
-12.3067 10.4571 55.9023
250 100 150
2 31 8333 0 37 7260 0
-11.6299 10.5413 55.0533
250 100 150
2 31 8338 0 37 7261 0
-12.6257 10.5649 56.6172
250 100 150
3 31 8346 0 37 7284 0 47 6497 0
2.48599 17.4903 63.9954
250 100 150
3 31 8349 0 37 7340 0 47 6512 0
-11.7906 10.6002 55.1895
250 100 150
2 31 8354 0 38 11726 0
-11.6472 10.6752 54.9636
250 100 150
3 31 8375 0 37 7290 0 38 11741 0
-12.3713 10.6602 55.9208
250 100 150
2 31 8384 0 37 7300 0
2.3824 17.6864 64.0075
250 100 150
3 31 8389 0 37 7365 0 47 6541 0
-12.4307 10.746 56.235
250 100 150
2 31 8390 0 37 7305 0
-11.6028 10.7315 54.8336
250 100 150
2 31 8391 0 37 7297 0
-12.5877 10.74 56.4196
250 100 150
3 31 8398 0 37 7309 0 47 6529 0
-12.4673 10.7194 56.0925
250 100 150
2 31 8399 0 37 7307 0
2.53643 17.7689 63.8452
250 100 150
2 31 8402 0 37 7370 0
-12.6863 10.8283 56.7281
250 100 150
3 31 8407 0 37 7318 0 47 6540 0
-12.6012 10.8287 56.5479
250 100 150
2 31 8411 0 37 7319 0
-12.6138 10.7815 56.3045
250 100 150
2 31 8414 0 37 7314 0
-5.99882 15.9238 68.0902
250 100 150
3 31 8423 0 37 7412 0 47 6569 0
-12.6862 10.9138 56.637
250 100 150
3 31 8426 0 37 7329 0 47 6552 0
-12.0577 10.8734 55.2824
250 100 150
2 31 8430 0 37 7326 0
-11.853 10.9174 55.0522
250 100 150
2 31 8431 0 37 7327 0
-6.25665 15.9705 68.2199
250 100 150
3 31 8436 0 37 7434 0 47 6582 0
-8.25495 11.6154 51.7529
250 100 150
3 31 8447 0 37 7328 0 47 6562 0
-12.6431 11.1059 56.7136
250 100 150
3 31 8449 0 37 7353 0 47 6571 0
2.63722 18.1308 63.5288
250 100 150
3 31 8451 0 37 7414 0 47 6586 0
-11.3116 11.1277 54.5074
250 100 150
3 31 8453 0 37 7343 0 47 6570 0
-11.7659 11.0829 54.8066
250 100 150
2 31 8461 0 37 7351 0
-11.7987 11.1392 54.9441
250 100 150
2 31 8467 0 37 7356 0
-11.6359 11.2163 54.6437
250 100 150
3 31 8480 0 37 7366 0 47 6598 0
-11.8077 11.2255 54.8394
250 100 150
2 31 8486 0 37 7371 0
2.80962 18.4032 63.025
250 100 150
3 31 8489 0 37 7466 0 47 6619 0
-8.23886 11.8848 51.6958
250 100 150
3 31 8494 0 37 7360 0 47 6600 0
-11.7037 11.305 54.7335
250 100 150
2 31 8500 0 37 7378 0
-11.8889 11.3305 54.8995
250 100 150
3 31 8511 0 37 7387 0 47 6620 0
-12.7875 11.4344 56.7941
250 100 150
3 31 8513 0 37 7405 0 47 6632 0
-12.0829 11.3224 55.0303
250 100 150
3 31 8516 0 37 7398 0 47 6626 0
-12.7281 11.4473 56.5208
250 100 150
2 31 8520 0 37 7410 0
-8.7808 11.8911 51.805
250 100 150
2 31 8530 0 37 7382 0
-8.68397 16.0644 69.2152
250 100 150
2 31 8537 0 37 7563 0
-12.7503 11.6187 56.609
250 100 150
3 31 8553 0 37 7450 0 47 6673 0
-12.1584 11.5247 55.0765
250 100 150
2 31 8558 0 37 7438 0
-8.74093 16.1675 69.1693
250 100 150
2 31 8563 0 37 7578 0
-12.8218 11.6831 56.7072
250 100 150
3 31 8571 0 37 7463 0 47 6690 0
-9.01024 12.1972 52.3036
250 100 150
2 31 8587 0 37 7441 0
-9.15311 12.2889 52.3993
250 100 150
3 31 8615 0 37 7461 0 47 6719 0
-8.40965 12.4744 51.5676
250 100 150
3 31 8626 0 37 7473 0 47 6730 0
-9.56276 12.2731 52.4914
250 100 150
3 31 8631 0 37 7484 0 47 6738 0
-9.50872 12.2662 52.3026
250 100 150
3 31 8634 0 37 7485 0 47 6739 0
-12.2379 11.8339 54.9988
250 100 150
2 31 8636 0 37 7499 0
-8.59327 12.5016 51.6867
250 100 150
3 31 8639 0 37 7487 0 47 6740 0
-12.4189 11.8537 55.2566
250 100 150
3 31 8642 0 37 7508 0 47 6750 0
-12.1939 11.8938 54.8558
250 100 150
2 31 8649 0 37 7516 0
-9.78411 12.3316 52.6133
250 100 150
3 31 8653 0 37 7501 0 47 6754 0
-12.3271 11.9217 55.0291
250 100 150
2 31 8656 0 37 7522 0
-12.3469 11.9714 55.153
250 100 150
2 31 8664 0 37 7528 0
-9.23597 12.4858 52.0861
250 100 150
3 31 8665 0 37 7509 0 47 6765 0
-9.57428 12.4812 52.3351
250 100 150
3 31 8675 0 37 7524 0 47 6778 0
-8.85018 12.6592 51.8297
250 100 150
3 31 8676 0 37 7520 0 47 6780 0
-12.4343 12.0523 55.1367
250 100 150
2 31 8682 0 37 7552 0
-12.9339 12.1865 56.3655
250 100 150
2 31 8695 0 37 7571 0
-9.63501 12.5894 52.3419
250 100 150
3 31 8704 0 37 7550 0 47 6806 0
-9.23777 12.68 52.0111
250 100 150
3 31 8707 0 37 7546 0 47 6807 0
-12.2802 12.1511 54.832
250 100 150
2 31 8709 0 37 7572 0
-8.77556 12.7991 51.6252
250 100 150
3 31 8711 0 37 7551 0 47 6812 0
-12.9817 12.3569 56.51
250 100 150
2 31 8723 0 37 7592 0
-7.97682 13.0823 51.0745
250 100 150
3 31 8726 0 37 4763 0 47 6826 0
-12.8954 12.3986 56.2003
250 100 150
2 31 8738 0 37 7600 0
-12.9254 12.3617 55.9288
250 100 150
2 31 8745 0 37 7604 0
-12.3703 12.3567 54.9373
250 100 150
3 31 8746 0 37 7598 0 47 6853 0
-8.67997 17.1683 68.7142
250 100 150
3 31 8750 0 37 7717 0 47 6880 0
-8.26728 13.1458 51.1918
250 100 150
3 31 8752 0 37 4783 0 47 6846 0
-7.76599 13.289 50.9817
250 100 150
3 31 8755 0 37 4778 0 47 6845 0
-12.2354 12.3801 54.674
250 100 150
2 31 8758 0 37 7601 0
-12.4636 12.3922 55.0085
250 100 150
3 31 8763 0 37 7606 0 47 6860 0
-12.6297 12.6028 55.0955
250 100 150
3 31 8787 0 37 7648 0 47 6893 0
-12.4358 12.6765 54.8928
250 100 150
3 31 8793 0 37 7657 0 47 6899 0
-8.67958 13.4104 51.3964
250 100 150
5 23 11219 0 24 11507 0 31 8796 0 37 7634 0 47 6898 0
-8.79067 13.4867 51.4271
250 100 150
3 31 8813 0 37 7655 0 47 6910 0
-12.38 12.7887 54.6644
250 100 150
2 31 8814 0 37 7676 0
-13.0459 13.0212 56.0909
250 100 150
2 31 8839 0 37 7707 0
-9.42449 13.6325 51.8507
250 100 150
3 31 8855 0 37 7697 0 47 6941 0
-12.2032 13.1007 54.2485
250 100 150
3 31 8859 0 37 7721 0 47 6955 0
-12.2579 13.3967 54.1841
250 100 150
2 31 8896 0 37 7753 0
-12.479 13.5343 54.4205
250 100 150
3 31 8911 0 37 7773 0 47 6991 0
-12.5375 13.7694 54.4669
250 100 150
3 31 8933 0 37 7799 0 47 7015 0
-12.4583 13.8469 54.2252
250 100 150
3 31 8940 0 37 7805 0 47 7023 0
-12.5887 13.8498 54.4013
250 100 150
2 31 8943 0 37 7808 0
-12.533 13.9776 54.3263
250 100 150
2 31 8958 0 37 7819 0
-12.5993 14.0169 54.413
250 100 150
3 31 8963 0 37 7826 0 47 7042 0
-10.1766 14.514 52.0852
250 100 150
4 31 8964 0 37 7814 0 38 12511 0 47 7041 0
-12.4227 14.0343 54.1056
250 100 150
2 31 8965 0 37 7824 0
-12.5053 14.0533 54.2258
250 100 150
3 31 8967 0 37 7829 0 47 7045 0
-11.1061 14.4351 52.8696
250 100 150
2 31 8977 0 37 7834 0
-12.8245 14.1698 54.7636
250 100 150
2 31 8979 0 37 7852 0
-12.2209 14.2192 53.8613
250 100 150
3 31 8982 0 37 7845 0 47 7058 0
-12.7299 14.2187 54.5557
250 100 150
2 31 8988 0 37 7856 0
-11.955 14.3129 53.5869
250 100 150
4 18 1588 0 31 8989 0 37 7848 0 47 7065 0
-12.3126 14.2635 53.9495
250 100 150
3 31 8991 0 37 7853 0 47 7070 0
-12.8262 14.3143 54.8074
250 100 150
2 31 9005 0 37 7863 0
-12.9884 14.5534 54.9207
250 100 150
2 31 9036 0 37 7884 0
-11.1741 14.88 52.7221
250 100 150
3 31 9043 0 37 7881 0 47 7104 0
-13.3498 14.6123 55.4942
250 100 150
3 31 9045 0 37 7894 0 47 7108 0
-13.1952 14.6691 55.2649
250 100 150
3 31 9046 0 37 7897 0 47 7110 0
-11.311 14.9867 52.8343
250 100 150
2 31 9055 0 37 7891 0
-11.0375 15.0563 52.4833
250 100 150
3 31 9058 0 37 7893 0 47 7114 0
-11.1611 15.074 52.5964
250 100 150
3 31 9063 0 37 7895 0 47 7116 0
-13.3873 14.7954 55.4358
250 100 150
3 31 9065 0 37 7916 0 47 7123 0
-11.2983 15.1374 52.6968
250 100 150
2 31 9073 0 37 7906 0
-12.5213 15.1463 53.8286
250 100 150
2 31 9097 0 37 7933 0
-12.2708 15.6458 53.4398
250 100 150
3 31 9126 0 37 7958 0 47 7157 0
-12.0763 15.7926 53.1793
250 100 150
3 31 9138 0 37 7961 0 47 7162 0
-12.2328 15.785 53.3411
250 100 150
3 31 9142 0 37 7965 0 47 7165 0
-12.4973 15.903 53.4939
250 100 150
2 31 9157 0 37 7980 0
-12.7074 15.8956 53.7792
250 100 150
3 31 9159 0 37 7981 0 47 7177 0
-12.5507 16.0372 53.6151
250 100 150
2 31 9167 0 37 7988 0
-12.9834 16.0124 54.1013
250 100 150
3 31 9170 0 37 7992 0 47 7185 0
-13.0346 16.0225 54.1702
250 100 150
2 31 9171 0 37 7993 0
-13.4359 16.0184 54.8504
250 100 150
3 31 9174 0 37 7994 0 47 7187 0
-12.7259 16.1428 53.7562
250 100 150
2 31 9177 0 37 7995 0
-13.557 16.1199 55.0643
250 100 150
3 31 9179 0 37 8011 0 47 7194 0
-13.4432 16.0831 54.7077
250 100 150
2 31 9180 0 37 8006 0
-12.9327 16.1396 53.9592
250 100 150
2 31 9182 0 37 8001 0
-12.6329 16.2109 53.657
250 100 150
3 31 9183 0 37 8002 0 47 7193 0
-13.3676 16.1191 54.581
250 100 150
2 31 9187 0 37 8009 0
-13.2702 16.1374 54.4497
250 100 150
3 31 9188 0 37 8010 0 47 7196 0
-13.4285 16.2252 54.9645
250 100 150
3 31 9189 0 37 8012 0 47 7200 0
-13.4203 16.2066 54.6756
250 100 150
2 31 9191 0 37 8016 0
-13.1629 16.2238 54.24
250 100 150
2 31 9192 0 37 8013 0
-13.3643 16.2355 54.4453
250 100 150
2 31 9196 0 37 8022 0
-13.3939 16.2782 54.5158
250 100 150
2 31 9199 0 37 8025 0
-13.4615 16.4058 54.8796
250 100 150
3 31 9205 0 37 8030 0 47 7214 0
-12.6208 16.501 53.5905
250 100 150
2 31 9208 0 37 8027 0
-13.4486 16.4069 54.7542
250 100 150
3 31 9210 0 37 8033 0 47 7216 0
-13.5156 16.5527 54.8734
250 100 150
3 31 9223 0 37 8045 0 47 7225 0
-12.649 16.7854 53.6244
250 100 150
2 31 9230 0 37 8046 0
-11.2129 17.4045 52.2645
250 100 150
3 31 9241 0 37 8052 0 47 7235 0
-12.7287 17.2015 53.6372
250 100 150
2 31 9251 0 37 8068 0
-12.1953 17.3685 53.0918
250 100 150
2 31 9255 0 37 8069 0
-10.6514 17.907 51.7434
250 100 150
2 31 9265 0 37 8071 0
-10.9343 18.009 51.9407
250 100 150
3 31 9279 0 37 8082 0 47 7265 0
-10.8075 18.0864 51.7414
250 100 150
3 31 9288 0 37 8085 0 47 7273 0
-10.5441 18.1951 51.5621
250 100 150
3 31 9291 0 37 8086 0 47 7274 0
-10.8443 18.2665 51.9449
250 100 150
2 31 9305 0 37 8096 0
-10.6897 18.2818 51.6739
250 100 150
3 31 9306 0 37 8097 0 47 7286 0
-11.2155 18.1561 52.197
250 100 150
2 31 9307 0 37 8100 0
-10.4553 18.378 51.5602
250 100 150
2 31 9308 0 37 8098 0
-8.28429 -5.81829 66.3952
250 100 150
2 31 9425 0 37 8212 0
-8.43555 -5.53583 66.2754
250 100 150
2 31 9435 0 37 8225 0
-8.77592 -5.31173 68.1229
250 100 150
3 31 9436 0 37 8224 0 47 7397 0
-8.15117 -5.16597 68.797
250 100 150
3 31 9439 0 37 8229 0 47 7399 0
-8.72404 -5.26652 67.9
250 100 150
3 31 9441 0 37 8230 0 47 7400 0
-8.74547 -5.35175 66.8471
250 100 150
2 31 9446 0 37 8231 0
-8.6423 -5.0928 68.3133
250 100 150
3 31 9448 0 37 8238 0 47 7403 0
-8.31357 -4.9586 68.7897
250 100 150
3 31 9450 0 37 8246 0 47 7406 0
-8.68178 -5.06197 67.9209
250 100 150
3 31 9453 0 37 8243 0 47 7407 0
-8.97132 -5.19567 66.6494
250 100 150
3 31 9454 0 37 8244 0 47 7408 0
-6.22613 -5.53501 63.0673
250 100 150
3 31 9456 0 37 8249 0 47 7409 0
-8.76159 -5.01972 67.321
250 100 150
3 31 9457 0 37 8250 0 47 7413 0
-9.08031 -5.09372 66.7929
250 100 150
3 31 9458 0 37 8251 0 47 7411 0
-8.89347 -4.94935 67.6394
250 100 150
3 31 9461 0 37 8253 0 47 7414 0
-9.10694 -5.02108 66.9776
250 100 150
3 31 9462 0 37 8254 0 47 7416 0
-8.58252 -5.24051 64.9838
250 100 150
2 31 9463 0 37 8255 0
-8.99879 -4.9386 66.6683
250 100 150
3 31 9469 0 37 8261 0 47 7420 0
-8.36029 -5.14701 64.6561
250 100 150
2 31 9471 0 37 8263 0
-8.8135 -4.96247 64.9734
250 100 150
2 31 9481 0 37 8275 0
-7.99148 -4.32131 69.4934
250 100 150
3 31 9493 0 37 8284 0 47 7442 0
-8.07278 -4.0265 70.2766
250 100 150
3 31 9516 0 37 8307 0 47 7456 0
-9.36125 -4.63478 65.4487
250 100 150
3 31 9517 0 37 8298 0 47 7457 0
-9.39411 -4.56367 65.6666
250 100 150
3 31 9523 0 37 8302 0 47 7462 0
-8.07554 -3.82418 70.6787
250 100 150
3 31 9529 0 37 8321 0 47 7470 0
-8.3309 -3.87021 69.8594
250 100 150
3 31 9535 0 37 8330 0 47 7474 0
-8.11618 -3.85042 69.6489
250 100 150
3 31 9539 0 37 8337 0 47 7476 0
-8.20837 -3.64363 69.8944
250 100 150
3 31 9556 0 37 8348 0 47 7492 0
-9.72509 -3.94992 64.1546
250 100 150
2 31 9590 0 37 8372 0
-9.70485 -3.81514 63.8845
250 100 150
3 31 9603 0 37 8383 0 47 7536 0
-6.12247 -4.11787 59.9368
250 100 150
2 31 9604 0 37 8386 0
-6.04269 -4.14572 59.7573
250 100 150
2 31 9605 0 37 8387 0
-6.24145 -3.98445 59.9097
250 100 150
2 31 9617 0 37 8399 0
-9.80552 -3.64075 64.0113
250 100 150
3 31 9619 0 37 8398 0 47 7550 0
-5.65173 -3.87994 59.3357
250 100 150
3 31 9629 0 37 8407 0 47 7558 0
-5.81432 -3.80668 59.0796
250 100 150
2 31 9638 0 37 8416 0
-9.83652 -3.35009 64.0925
250 100 150
2 31 9642 0 37 8418 0
-9.73833 -3.42941 63.2413
250 100 150
3 31 9644 0 37 8422 0 47 7572 0
-6.40749 -3.65585 59.6444
250 100 150
2 31 9649 0 37 8429 0
-5.47759 -3.67344 58.9892
250 100 150
3 31 9651 0 37 8431 0 47 7576 0
-4.69133 -3.67791 58.5946
250 100 150
3 31 9652 0 37 8432 0 47 7577 0
-9.88967 -3.25994 63.0687
250 100 150
2 31 9664 0 37 8438 0
-9.80484 -3.12337 63.8688
250 100 150
3 31 9669 0 37 8442 0 47 7600 0
-10.0115 -2.90956 63.8023
250 100 150
3 31 9680 0 37 8454 0 47 7608 0
-8.72655 -3.17811 60.619
250 100 150
2 31 9682 0 37 8456 0
-8.75905 -3.04753 60.5425
250 100 150
2 31 9687 0 37 8459 0
-8.61728 -2.71274 59.8818
250 100 150
2 31 9702 0 37 8468 0
-9.95187 -2.49208 62.1268
250 100 150
3 31 9703 0 37 8470 0 47 7621 0
-10.1003 -2.21208 62.0765
250 100 150
3 31 9711 0 37 8477 0 47 7626 0
-10.0102 -2.17615 61.8903
250 100 150
2 31 9715 0 37 8479 0
-8.86316 -2.30133 59.7688
250 100 150
2 31 9717 0 37 8482 0
-8.73956 -2.3034 59.5656
250 100 150
2 31 9719 0 37 8483 0
-10.2041 -2.01113 62.2031
250 100 150
3 31 9721 0 37 8486 0 47 7633 0
-9.00569 -2.17669 59.9532
250 100 150
3 31 9722 0 37 8487 0 47 7634 0
-10.1582 -1.95275 61.9587
250 100 150
3 31 9726 0 37 8490 0 47 7636 0
-9.58566 -1.89891 60.7703
250 100 150
2 31 9732 0 37 8493 0
-10.4388 -0.542404 61.2457
250 100 150
3 31 9771 0 37 8522 0 47 7663 0
-10.1072 -0.380677 61.8318
250 100 150
3 31 9776 0 37 8526 0 47 7664 0
-10.4743 -0.315935 60.8636
250 100 150
2 31 9790 0 37 8537 0
-10.1771 -0.15182 59.9976
250 100 150
2 31 9801 0 37 8547 0
-9.04274 0.0623965 57.6342
250 100 150
2 31 9810 0 37 8554 0
-5.30695 0.398596 55.0805
250 100 150
3 31 9817 0 37 8558 0 47 7684 0
-9.0946 0.27867 57.5679
250 100 150
2 31 9818 0 37 8559 0
-4.8407 0.660988 54.4679
250 100 150
3 31 9828 0 37 8567 0 47 7690 0
-10.6194 0.740388 60.0919
250 100 150
2 31 9831 0 37 8569 0
-4.79388 0.706186 54.2827
250 100 150
3 31 9835 0 37 8571 0 47 7693 0
-10.6377 0.912343 60.0193
250 100 150
2 31 9840 0 37 8577 0
-8.9885 0.716448 56.9397
250 100 150
2 31 9843 0 37 8576 0
-4.90547 0.914332 54.2468
250 100 150
3 31 9844 0 37 8580 0 47 7699 0
-9.97314 1.00756 58.2009
250 100 150
3 31 9861 0 37 8595 0 47 7710 0
-9.01007 0.947501 56.7611
250 100 150
2 31 9864 0 37 8596 0
-9.77664 1.1713 57.9633
250 100 150
3 31 9874 0 37 8605 0 47 7715 0
-10.0411 1.31463 58.0753
250 100 150
3 31 9890 0 37 8616 0 47 7723 0
-10.2907 1.80704 58.2591
250 100 150
3 31 9906 0 37 8642 0 47 7737 0
-10.1091 1.79181 58.0088
250 100 150
3 31 9907 0 37 8641 0 47 7738 0
-10.9667 2.33815 60.666
250 100 150
3 31 9915 0 37 8652 0 47 7745 0
-10.2175 2.0653 58.146
250 100 150
2 31 9916 0 37 8651 0
-11.0434 2.2899 59.0911
250 100 150
2 31 9923 0 37 8660 0
-10.0068 2.26921 57.8869
250 100 150
3 31 9924 0 37 8659 0 47 7749 0
-9.94838 2.34229 57.6629
250 100 150
2 31 9929 0 37 8665 0
-10.023 2.42946 57.7877
250 100 150
2 31 9933 0 37 8667 0
-10.0923 2.82206 57.5161
250 100 150
2 31 9963 0 37 8696 0
-4.89261 3.22923 53.47
250 100 150
3 31 9969 0 37 8702 0 47 7776 0
-10.0603 2.90056 57.1617
250 100 150
3 31 9972 0 37 8704 0 47 7780 0
-9.98311 2.93112 56.8526
250 100 150
3 31 9979 0 37 8709 0 47 7783 0
-10.1867 3.05528 57.0605
250 100 150
3 31 9990 0 37 8721 0 47 7789 0
-10.1112 3.19302 56.9485
250 100 150
3 31 9999 0 37 8733 0 47 7801 0
-11.2669 3.27345 58.6971
250 100 150
3 31 10003 0 37 8739 0 47 7809 0
-5.70626 3.54777 53.6546
250 100 150
3 31 10007 0 37 8736 0 47 7806 0
-11.3589 3.44156 58.9118
250 100 150
3 31 10013 0 37 8748 0 47 7815 0
-5.65595 3.71367 53.5832
250 100 150
2 31 10020 0 37 8155 0
-11.2511 3.49511 58.7139
250 100 150
3 31 10023 0 37 8754 0 47 7819 0
-5.53934 3.75665 53.4187
250 100 150
2 31 10025 0 37 8753 0
-7.93863 3.64963 54.9045
250 100 150
3 31 10029 0 37 8760 0 47 7827 0
-7.93786 3.78704 54.7222
250 100 150
3 31 10043 0 37 8768 0 47 7836 0
-8.21538 3.92483 54.9299
250 100 150
3 31 10055 0 37 8776 0 47 7843 0
-8.5096 3.94995 55.0788
250 100 150
3 31 10059 0 37 8782 0 47 7846 0
-11.3084 4.17818 58.3749
250 100 150
3 31 10075 0 37 8805 0 47 7866 0
-11.2055 4.16709 58.2569
250 100 150
3 31 10076 0 37 8802 0 47 7865 0
-11.179 4.24533 57.9407
250 100 150
2 31 10088 0 37 8815 0
-11.0189 4.37767 57.8112
250 100 150
3 31 10100 0 37 8825 0 47 7880 0
-11.3558 4.62303 57.9884
250 100 150
2 31 10123 0 37 8851 0
-10.6183 4.67683 56.7417
250 100 150
3 31 10140 0 37 8857 0 47 7908 0
-11.8712 6.03916 58.282
250 100 150
3 31 10248 0 37 8956 0 47 8020 0
-11.4948 6.32739 57.0988
250 100 150
2 31 10281 0 37 8982 0
-11.3918 6.67849 56.7609
250 100 150
3 31 10293 0 37 8997 0 47 8062 0
-11.183 6.75219 56.482
250 100 150
3 31 10297 0 37 8999 0 47 8066 0
-11.4381 6.89711 56.7336
250 100 150
3 31 10306 0 37 9005 0 47 8076 0
-11.5324 7.11073 56.6703
250 100 150
2 31 10322 0 37 9019 0
-11.6084 7.21742 56.8651
250 100 150
3 31 10327 0 37 9027 0 47 8091 0
-11.8526 7.39767 56.9565
250 100 150
3 31 10345 0 37 9044 0 47 8112 0
-12.0049 7.46315 57.3239
250 100 150
2 31 10347 0 37 9046 0
-11.7976 7.47093 56.8023
250 100 150
3 31 10353 0 37 9050 0 47 8119 0
2.78834 13.4354 65.3226
250 100 150
3 31 10360 0 37 9096 0 47 8136 0
-11.9984 7.60303 57.233
250 100 150
3 31 10361 0 37 9058 0 47 8131 0
-11.8878 7.62651 56.9369
250 100 150
3 31 10365 0 37 9060 0 47 8135 0
-11.9609 7.67782 57.1019
250 100 150
3 31 10369 0 37 9064 0 47 8139 0
-9.29909 8.02175 53.8264
250 100 150
3 31 10384 0 37 9077 0 47 8153 0
-11.9946 8.05253 56.8982
250 100 150
3 31 10395 0 37 9103 0 47 8170 0
-9.32175 8.34344 53.7974
250 100 150
3 31 10404 0 37 9106 0 47 8178 0
-12.0882 8.19439 57.009
250 100 150
3 31 10405 0 37 9119 0 47 8184 0
-11.9613 8.20977 56.6311
250 100 150
3 31 10413 0 37 9120 0 47 8187 0
-11.424 8.28687 55.9672
250 100 150
2 31 10417 0 37 9123 0
2.68042 14.6663 65.0961
250 100 150
3 31 10434 0 37 9175 0 47 8212 0
-11.5645 8.44008 55.9714
250 100 150
2 31 10436 0 37 9139 0
-7.03114 9.06793 51.9363
250 100 150
2 31 10437 0 37 9137 0
-8.55205 8.96485 53.0477
250 100 150
3 31 10446 0 37 9146 0 47 8217 0
-8.95543 9.10572 53.2115
250 100 150
3 31 10460 0 37 9162 0 47 8236 0
-12.3792 8.94736 57.3658
250 100 150
2 31 10461 0 37 9178 0
-12.3414 9.00768 57.1589
250 100 150
2 31 10469 0 37 9183 0
-9.53392 9.32765 53.6147
250 100 150
3 31 10476 0 37 9189 0 47 8255 0
-12.4384 9.63872 57.479
250 100 150
2 31 10493 0 37 9215 0
-12.503 10.0156 57.3544
250 100 150
2 31 10511 0 37 9233 0
-11.663 9.91461 55.3475
250 100 150
3 31 10514 0 37 9230 0 47 8287 0
-11.866 10.0618 55.44
250 100 150
3 31 10523 0 37 9241 0 47 8298 0
-7.79778 10.9162 51.9305
250 100 150
2 31 10536 0 37 9246 0
-11.7488 10.2923 55.343
250 100 150
2 31 10537 0 37 9258 0
-12.1167 10.2868 55.7237
250 100 150
3 31 10543 0 37 9265 0 47 8316 0
-9.05457 10.649 52.3949
250 100 150
2 31 10544 0 37 9249 0
-12.2464 10.3199 55.8873
250 100 150
3 31 10546 0 37 9269 0 47 8324 0
2.46633 17.4168 64.0405
250 100 150
3 31 10571 0 37 9336 0 47 8361 0
-12.207 10.4482 55.6325
250 100 150
2 31 10573 0 37 9282 0
-7.88151 11.1675 51.9109
250 100 150
3 31 10575 0 37 9275 0 47 8342 0
-12.6323 10.5216 56.5803
250 100 150
2 31 10577 0 37 9295 0
-11.7146 10.5199 55.0732
250 100 150
4 23 10825 0 24 11114 0 31 10578 0 37 9284 0
-7.67099 11.2664 51.671
250 100 150
3 31 10585 0 37 9279 0 47 8351 0
-12.2962 10.5364 55.8358
250 100 150
2 31 10588 0 37 9298 0
2.60588 17.5762 63.8
250 100 150
3 31 10592 0 37 9346 0 47 8379 0
-12.6513 10.6909 56.6529
250 100 150
3 31 10608 0 37 9309 0 47 8373 0
-12.5916 10.7092 56.4068
250 100 150
2 31 10613 0 37 9312 0
-12.5003 10.6923 56.2357
250 100 150
2 31 10614 0 37 9313 0
-12.4294 10.6658 55.9447
250 100 150
2 31 10615 0 37 9314 0
-11.6473 10.7192 54.9894
250 100 150
2 31 10616 0 37 9304 0
-12.4526 10.722 56.0695
250 100 150
2 31 10618 0 37 9317 0
-11.6261 10.7471 54.7936
250 100 150
2 31 10619 0 37 9315 0
-12.6932 10.8377 56.7632
250 100 150
3 31 10625 0 37 9321 0 47 8385 0
-12.634 10.8092 56.5264
250 100 150
3 31 10626 0 37 9322 0 47 8386 0
2.68985 17.9087 63.8204
250 100 150
2 37 9365 0 47 8396 0
-12.696 10.9808 56.9119
250 100 150
2 31 10633 0 37 9335 0
-12.6609 10.889 56.4333
250 100 150
2 31 10634 0 37 9328 0
-12.7425 10.9392 56.6298
250 100 150
2 31 10640 0 37 9338 0
-11.6764 10.9358 54.862
250 100 150
2 31 10641 0 37 9329 0
-7.86794 11.6282 51.5166
250 100 150
3 31 10645 0 37 9323 0 47 8398 0
-12.6123 11.0752 56.7083
250 100 150
2 31 10646 0 37 9344 0
2.43033 18.1608 64.1816
250 100 150
2 31 10649 0 37 9387 0
2.54178 18.061 63.5662
250 100 150
3 31 10650 0 37 9388 0 47 8409 0
-11.8161 11.1033 54.9717
250 100 150
3 31 10658 0 37 9347 0 47 8412 0
-11.7224 11.1284 54.7945
250 100 150
3 31 10661 0 37 9348 0 47 8414 0
2.7775 18.2998 63.2754
250 100 150
3 31 10662 0 37 9411 0 47 8426 0
-12.7333 11.2549 56.8115
250 100 150
3 31 10665 0 37 9359 0 47 8419 0
-11.6261 11.1975 54.6362
250 100 150
3 31 10668 0 37 9354 0 47 8418 0
2.77695 18.3691 63.0072
250 100 150
3 31 10672 0 37 9420 0 47 8439 0
-11.9727 11.2264 54.9907
250 100 150
3 31 10679 0 37 9362 0 47 8430 0
-8.26057 11.8842 51.7266
250 100 150
3 31 10682 0 37 9353 0 47 8423 0
-12.7638 11.4046 56.8161
250 100 150
3 31 10685 0 37 9378 0 47 8440 0
-11.6832 11.3449 54.7515
250 100 150
3 31 10689 0 37 9367 0 47 8434 0
-11.9563 11.3312 54.8649
250 100 150
3 31 10694 0 37 9375 0 47 8444 0
-12.7325 11.4778 56.6396
250 100 150
3 31 10700 0 37 9390 0 47 8459 0
-12.0682 11.3842 55.028
250 100 150
3 31 10704 0 37 9382 0 47 8460 0
-11.58 11.4265 54.4089
250 100 150
3 31 10705 0 37 9379 0 47 8454 0
-12.84 11.5719 56.8293
250 100 150
2 31 10711 0 37 9404 0
-6.99581 16.4979 68.1505
250 100 150
3 31 10717 0 37 9482 0 47 8509 0
-11.6345 11.5741 54.5595
250 100 150
2 31 10719 0 37 9398 0
-12.1119 11.545 54.8821
250 100 150
3 31 10731 0 37 9413 0 47 8491 0
-11.5747 11.6172 54.3223
250 100 150
2 31 10732 0 37 9410 0
-9.2411 12.0703 52.2968
250 100 150
2 37 9400 0 47 8489 0
-8.78339 12.1844 52.0409
250 100 150
3 31 10739 0 37 9401 0 47 8490 0
-7.04893 16.6334 67.9039
250 100 150
3 31 10751 0 37 9496 0 47 8528 0
-12.2257 11.6844 55.1528
250 100 150
2 31 10756 0 37 9426 0
-12.177 11.6787 54.9852
250 100 150
2 31 10757 0 37 9427 0
-8.51689 12.3865 51.9521
250 100 150
3 31 10758 0 37 9416 0 47 8506 0
-9.73299 12.1004 52.5783
250 100 150
3 31 10760 0 37 9418 0 47 8512 0
-9.19979 12.1808 52.0236
250 100 150
3 31 10761 0 37 9417 0 47 8513 0
-12.2865 11.7858 55.0116
250 100 150
3 23 10987 0 31 10773 0 37 9441 0
-8.22544 16.6027 68.5546
250 100 150
3 31 10777 0 37 9516 0 47 8553 0
-8.57776 12.5065 51.7198
250 100 150
3 31 10780 0 37 9436 0 47 8525 0
-9.04556 12.463 51.9406
250 100 150
3 31 10787 0 37 9445 0 47 8539 0
-8.62824 12.7123 51.634
250 100 150
3 31 10805 0 37 9456 0 47 8552 0
-12.9251 12.2093 56.3587
250 100 150
2 31 10814 0 37 9485 0
-9.32263 12.6286 51.9672
250 100 150
3 31 10816 0 37 9467 0 47 8565 0
-8.84133 12.7736 51.7413
250 100 150
3 31 10821 0 37 9468 0 47 8566 0
-12.3562 12.1673 54.8554
250 100 150
5 23 11063 0 24 11302 0 31 10827 0 37 9487 0 47 8575 0
-12.2419 12.2154 54.6896
250 100 150
2 31 10833 0 37 9489 0
-12.8936 12.3384 56.1573
250 100 150
2 31 10835 0 37 9498 0
-9.39206 12.768 52.0884
250 100 150
3 31 10837 0 37 9484 0 47 8577 0
-12.8493 12.4509 55.7911
250 100 150
2 31 10853 0 37 9509 0
-12.5547 12.4611 55.0982
250 100 150
3 31 10861 0 37 9514 0 47 8600 0
-12.3773 12.5197 54.8706
250 100 150
3 31 10864 0 37 9523 0 47 8604 0
-12.3002 12.51 54.7022
250 100 150
3 23 11111 0 31 10865 0 37 9518 0
-12.6359 12.613 55.0687
250 100 150
3 31 10876 0 37 9539 0 47 8621 0
-12.4523 12.6959 54.9197
250 100 150
3 31 10883 0 37 9542 0 47 8624 0
-12.1417 12.7861 54.2456
250 100 150
3 31 10892 0 37 9553 0 47 8632 0
-13.1905 13.0699 56.1618
250 100 150
2 31 10919 0 37 9590 0
-9.86232 13.5529 52.2824
250 100 150
3 31 10925 0 37 9573 0 47 8658 0
-12.4967 13.6422 54.3845
250 100 150
2 31 10970 0 37 9623 0
-10.5836 14.0621 52.618
250 100 150
2 31 10972 0 37 9617 0
-10.3969 14.1062 52.4074
250 100 150
3 31 10974 0 37 9618 0 47 8703 0
-10.1503 14.1681 52.0755
250 100 150
3 31 10976 0 37 9620 0 47 8705 0
-10.588 14.2497 52.4247
250 100 150
2 31 10985 0 37 9631 0
-10.849 14.3369 52.763
250 100 150
3 31 10995 0 37 9639 0 47 8718 0
-12.624 14.0511 54.3976
250 100 150
3 31 10997 0 37 9647 0 47 8721 0
-12.2346 14.1158 53.9157
250 100 150
3 31 10999 0 37 9645 0 47 8722 0
-11.9097 14.194 53.6332
250 100 150
2 31 11000 0 37 9646 0
-12.665 14.1151 54.5551
250 100 150
2 31 11002 0 37 9654 0
-11.9135 14.2982 53.6329
250 100 150
3 31 11007 0 37 9656 0 47 8727 0
-12.2502 14.3837 53.7981
250 100 150
3 31 11020 0 37 9665 0 47 8736 0
-11.184 14.6284 52.7566
250 100 150
3 31 11021 0 37 9664 0 47 8737 0
-11.2631 14.6704 52.9252
250 100 150
3 31 11024 0 37 9666 0 47 8739 0
-13.3392 14.5745 55.4873
250 100 150
3 31 11031 0 37 9685 0 47 8752 0
-13.0868 14.5916 55.0987
250 100 150
2 31 11032 0 37 9682 0
-11.3623 14.8567 52.8641
250 100 150
4 16 21582 0 31 11035 0 37 9677 0 47 8751 0
-13.4061 14.7295 55.5493
250 100 150
3 31 11039 0 37 9693 0 47 8757 0
-13.1883 14.8349 55.324
250 100 150
2 31 11040 0 37 9695 0
-13.3724 14.8392 55.4176
250 100 150
3 31 11047 0 37 9700 0 47 8763 0
-10.8139 15.3878 52.3083
250 100 150
4 18 2333 0 31 11056 0 37 9699 0 47 8767 0
-12.0689 15.6218 53.2268
250 100 150
3 31 11077 0 37 9712 0 47 8776 0
-12.2134 15.8762 53.2371
250 100 150
3 31 11096 0 37 9725 0 47 8785 0
-12.5255 15.879 53.7313
250 100 150
2 31 11098 0 37 9728 0
-12.5311 15.9378 53.4607
250 100 150
2 31 11102 0 37 9732 0
-13.436 15.9751 55.0095
250 100 150
2 31 11108 0 37 9740 0
-13.1127 15.9482 54.1488
250 100 150
3 31 11112 0 37 9739 0 47 8795 0
-13.4347 16.0016 54.8311
250 100 150
3 31 11113 0 37 9742 0 47 8797 0
-13.3472 16.092 54.6029
250 100 150
2 31 11116 0 37 9748 0
-12.6115 16.2548 53.6963
250 100 150
2 31 11119 0 37 9746 0
-13.4781 16.2048 54.6889
250 100 150
3 31 11122 0 37 9751 0 47 8804 0
-12.5804 16.4426 53.4219
250 100 150
2 31 11129 0 37 9756 0
-13.4674 16.4078 54.7163
250 100 150
2 31 11131 0 37 9764 0
-12.6391 16.5063 53.6269
250 100 150
2 31 11132 0 37 9759 0
-13.4683 16.5622 54.8359
250 100 150
2 31 11138 0 37 9769 0
-13.4747 16.64 54.6749
250 100 150
3 31 11142 0 37 9773 0 47 8816 0
-12.7637 17.0978 53.7442
250 100 150
3 31 11153 0 37 9788 0 47 8823 0
-12.2234 17.3004 53.0296
250 100 150
3 31 11160 0 37 9791 0 47 8826 0
-10.8967 17.7252 51.943
250 100 150
2 31 11163 0 37 9790 0
-12.1972 17.4282 53.2328
250 100 150
3 31 11164 0 37 9796 0 47 8829 0
-12.1105 17.4843 52.9519
250 100 150
3 31 11167 0 37 9797 0 47 8831 0
-10.8594 17.8845 51.8082
250 100 150
2 31 11171 0 37 9798 0
-12.2183 17.5558 53.1272
250 100 150
2 31 11172 0 37 9801 0
-11.2803 17.8386 52.1961
250 100 150
2 31 11174 0 37 9803 0
-11.3553 17.9248 52.4718
250 100 150
3 31 11179 0 37 9806 0 47 8837 0
-10.9443 18.0075 51.9302
250 100 150
2 31 11180 0 37 9805 0
-10.8012 18.0544 51.7289
250 100 150
3 31 11182 0 37 9807 0 47 8839 0
-10.4616 18.2042 51.6064
250 100 150
2 31 11184 0 37 9808 0
-11.0007 18.1609 51.9921
250 100 150
3 31 11188 0 37 9813 0 47 8841 0
-10.487 18.5783 51.6261
250 100 150
3 31 11197 0 37 9824 0 47 8846 0
-3.82336 -7.05589 67.0666
250 100 150
3 31 11244 0 37 9862 0 47 8885 0
-3.9587 -7.11406 65.5814
250 100 150
3 31 11254 0 37 9873 0 47 8894 0
-0.479308 -6.65983 61.8226
250 100 150
2 31 11290 0 37 9904 0
-8.42482 -5.66903 66.4593
250 100 150
2 31 11301 0 37 9909 0
-8.49021 -5.49437 66.2588
250 100 150
2 31 11307 0 37 9912 0
-9.11958 -5.05247 67.0097
250 100 150
3 31 11318 0 37 9925 0 47 8944 0
-8.30794 -4.69237 68.8336
250 100 150
3 31 11320 0 37 9931 0 47 8946 0
-8.97065 -4.9515 66.6468
250 100 150
3 31 11322 0 37 9930 0 47 8947 0
-8.93341 -4.71966 67.6479
250 100 150
3 31 11331 0 37 9938 0 47 8956 0
-7.70249 -4.19966 70.0566
250 100 150
3 31 11345 0 37 9959 0 47 8972 0
-9.36326 -4.66451 65.4634
250 100 150
2 31 11352 0 37 9963 0
-8.11935 -4.04321 69.3695
250 100 150
3 31 11360 0 37 9976 0 47 8987 0
-8.15549 -3.92413 69.6329
250 100 150
3 31 11366 0 37 9985 0 47 8992 0
-8.20956 -3.612 69.5334
250 100 150
3 31 11386 0 37 10005 0 47 9013 0
-9.74785 -3.9267 64.3926
250 100 150
3 31 11415 0 37 10025 0 47 9042 0
-9.70875 -3.8486 63.8597
250 100 150
3 31 11430 0 37 10033 0 47 9053 0
-9.79135 -3.63976 64.033
250 100 150
3 31 11440 0 37 10046 0 47 9065 0
-9.81275 -3.60502 63.7198
250 100 150
2 31 11445 0 37 10049 0
-6.51226 -3.79173 59.6502
250 100 150
2 31 11458 0 37 10055 0
-9.84588 -3.33953 64.0854
250 100 150
2 31 11461 0 37 10064 0
-9.73331 -3.33919 63.8721
250 100 150
3 31 11463 0 37 10060 0 47 9085 0
-6.43328 -3.65397 59.6594
250 100 150
2 31 11467 0 37 10067 0
-7.6234 -3.59101 59.904
250 100 150
2 31 11474 0 37 10072 0
-9.81065 -3.14424 63.8778
250 100 150
3 31 11480 0 37 10074 0 47 9106 0
-8.67352 -3.15498 60.6007
250 100 150
2 31 11496 0 37 10090 0
-8.83334 -2.34359 59.7964
250 100 150
2 31 11515 0 37 10109 0
-10.1556 -1.52211 63.3637
250 100 150
2 31 11526 0 37 10119 0
-5.24948 0.35342 54.7461
250 100 150
2 31 11563 0 37 10162 0
-10.0732 1.18431 58.1992
250 100 150
3 31 11585 0 37 10186 0 47 9181 0
-10.6395 1.76935 60.7596
250 100 150
2 31 11591 0 37 10193 0
-10.1593 1.89575 58.1357
250 100 150
3 31 11596 0 37 10208 0 47 9189 0
-4.42431 3.03274 53.3382
250 100 150
3 31 11612 0 37 10229 0 47 9199 0
-10.041 2.86155 57.1399
250 100 150
2 31 11621 0 37 10240 0
-4.63234 3.28836 53.2406
250 100 150
3 31 11625 0 37 10243 0 47 9206 0
-9.98123 2.89834 56.888
250 100 150
3 31 11626 0 37 10245 0 47 9210 0
-10.1141 3.23134 56.9657
250 100 150
2 31 11638 0 37 10263 0
-5.58008 3.55841 53.6555
250 100 150
3 31 11639 0 37 10262 0 47 9219 0
-11.2736 3.4959 58.6853
250 100 150
3 31 11650 0 37 10277 0 47 9230 0
-7.98296 3.7815 54.6948
250 100 150
3 31 11661 0 37 10284 0 47 9239 0
-8.24777 3.87983 54.9389
250 100 150
3 31 11667 0 37 10290 0 47 9245 0
-11.2359 4.00226 58.4627
250 100 150
3 31 11672 0 37 10299 0 47 9249 0
-8.49262 3.99119 55.068
250 100 150
3 31 11673 0 37 10298 0 47 9247 0
-11.244 4.05749 58.2349
250 100 150
3 31 11676 0 37 10303 0 47 9250 0
-11.1472 4.18048 58.2635
250 100 150
3 31 11682 0 37 10306 0 47 9256 0
-11.1697 4.159 57.844
250 100 150
2 31 11686 0 37 10311 0
-8.93321 4.19252 55.3415
250 100 150
3 31 11688 0 37 10307 0 47 9258 0
-11.3021 4.24181 58.0987
250 100 150
3 31 11690 0 37 10314 0 47 9262 0
-10.9915 4.27263 57.5482
250 100 150
2 31 11697 0 37 10319 0
-11.4193 4.48579 58.4981
250 100 150
3 31 11704 0 37 10333 0 47 9279 0
-11.1694 4.4622 57.7423
250 100 150
3 31 11709 0 37 10337 0 47 9280 0
-11.2401 4.6357 57.985
250 100 150
3 31 11726 0 37 10345 0 47 9293 0
-11.5395 4.80381 58.5185
250 100 150
3 31 11744 0 37 10367 0 47 9313 0
-11.4527 4.79536 58.2349
250 100 150
3 31 11750 0 37 10368 0 47 9314 0
-11.4907 4.82267 58.3153
250 100 150
3 31 11754 0 37 10371 0 47 9317 0
-10.0714 4.85982 56.133
250 100 150
4 23 12076 0 31 11772 0 37 10382 0 47 9330 0
-10.3724 4.91843 56.2524
250 100 150
3 31 11781 0 37 10393 0 47 9343 0
-9.98404 4.92047 55.7953
250 100 150
2 31 11783 0 37 10391 0
-11.4947 5.10263 58.1463
250 100 150
3 31 11794 0 37 10407 0 47 9358 0
-10.1077 5.13276 55.9975
250 100 150
3 31 11805 0 37 10415 0 47 9369 0
-11.6068 5.51082 58.0558
250 100 150
3 31 11828 0 37 10449 0 47 9407 0
-11.8317 6.03126 58.2747
250 100 150
3 31 11864 0 37 10487 0 47 9442 0
-11.8229 6.14039 58.5734
250 100 150
3 31 11869 0 37 10492 0 47 9446 0
-10.7306 6.09302 56.1992
250 100 150
3 31 11877 0 37 10495 0 47 9448 0
-11.4188 6.66767 56.7835
250 100 150
3 31 11901 0 37 10520 0 47 9470 0
-11.3436 6.90297 56.5213
250 100 150
3 31 11912 0 37 10531 0 47 9484 0
-11.0804 7.06722 56.3315
250 100 150
3 31 11917 0 37 10536 0 47 9489 0
-11.6023 7.19852 56.9002
250 100 150
3 31 11929 0 37 10546 0 47 9500 0
-11.6236 7.28068 56.703
250 100 150
2 31 11940 0 37 10554 0
-12.1965 8.26568 58.0101
250 100 150
2 31 12004 0 37 10615 0
-12.0857 8.17877 56.9985
250 100 150
3 31 12011 0 37 10621 0 47 9570 0
-12.1324 8.44604 57.7837
250 100 150
3 31 12023 0 37 10626 0 47 9580 0
-11.6386 8.60227 56.015
250 100 150
3 31 12042 0 37 10644 0 47 9604 0
-12.3309 8.74523 57.2157
250 100 150
3 31 12050 0 37 10657 0 47 9608 0
2.7199 15.0211 64.8218
250 100 150
2 31 12054 0 37 10687 0
-9.24796 8.98271 53.4259
250 100 150
3 31 12055 0 37 10654 0 47 9610 0
-8.97138 9.12466 53.2388
250 100 150
3 31 12064 0 37 10659 0 47 9616 0
-12.3693 9.00634 57.115
250 100 150
2 31 12076 0 37 10679 0
-9.57671 9.35157 53.6477
250 100 150
3 31 12088 0 37 10681 0 47 9637 0
-9.26665 9.5943 53.1689
250 100 150
3 31 12097 0 37 10692 0 47 9646 0
-11.8687 9.33887 55.8302
250 100 150
2 31 12100 0 37 10698 0
-9.78025 9.75699 53.4557
250 100 150
3 31 12111 0 37 10703 0 47 9660 0
-11.8757 9.79469 55.6554
250 100 150
3 31 12123 0 37 10722 0 47 9679 0
2.72886 16.548 64.2579
250 100 150
2 31 12126 0 37 10752 0
-12.0225 10.1369 55.6117
250 100 150
3 31 12147 0 37 10743 0 47 9708 0
2.60727 16.9899 64.1329
250 100 150
2 31 12149 0 37 10799 0
-12.5994 10.3485 57.1575
250 100 150
2 31 12155 0 37 10760 0
-7.7542 10.9533 51.9874
250 100 150
3 31 12158 0 37 10745 0 47 9713 0
-11.8095 10.3157 55.3545
250 100 150
3 31 12164 0 37 10761 0 47 9721 0
-12.2465 10.3061 55.9072
250 100 150
3 31 12168 0 37 10768 0 47 9724 0
2.58002 17.3635 64.0472
250 100 150
3 31 12180 0 37 10821 0 47 9750 0
-8.22237 11.1295 52.0865
250 100 150
3 31 12192 0 37 10775 0 47 9744 0
-12.2828 10.5377 55.8762
250 100 150
2 31 12195 0 37 10790 0
2.6497 17.5913 63.7913
250 100 150
2 37 10838 0 47 9770 0
-9.33383 10.9483 52.7797
250 100 150
2 31 12199 0 37 10784 0
-7.67085 11.3067 51.6843
250 100 150
3 31 12201 0 37 10781 0 47 9752 0
-12.7108 10.753 57.228
250 100 150
2 31 12203 0 37 10801 0
-12.4092 10.695 56.3278
250 100 150
2 31 12210 0 37 10803 0
-8.10398 11.3098 51.9755
250 100 150
3 31 12215 0 37 10793 0 47 9761 0
-12.4097 10.7128 56.0164
250 100 150
2 31 12221 0 37 10809 0
-6.04088 15.7955 68.2648
250 100 150
2 31 12224 0 37 10864 0
-9.56967 11.1543 52.7759
250 100 150
3 31 12234 0 37 10810 0 47 9780 0
-12.6333 10.9 56.4402
250 100 150
2 31 12239 0 37 10828 0
-11.7271 10.9129 54.8496
250 100 150
2 31 12242 0 37 10822 0
-8.05024 11.5893 51.7242
250 100 150
3 31 12246 0 37 10818 0 47 9785 0
-12.7156 10.9968 56.6587
250 100 150
2 31 12250 0 37 10835 0
2.4636 18.1788 64.1869
250 100 150
2 31 12256 0 37 10875 0
2.56244 18.0422 63.6292
250 100 150
3 31 12257 0 37 10872 0 47 9795 0
-9.28617 11.5 52.4837
250 100 150
3 31 12262 0 37 10837 0 47 9800 0
2.78015 18.2672 63.2564
250 100 150
3 31 12263 0 37 10897 0 47 9811 0
-11.5019 11.2455 54.678
250 100 150
3 31 12268 0 37 10848 0 47 9806 0
-5.97556 16.2578 67.7317
250 100 150
3 31 12269 0 37 10914 0 47 9820 0
-11.9733 11.2319 54.9969
250 100 150
2 31 12275 0 37 10857 0
-12.0746 11.2856 54.7893
250 100 150
2 31 12287 0 37 10867 0
-11.5463 11.4035 54.3927
250 100 150
3 31 12293 0 37 10868 0 47 9827 0
-11.1738 11.511 53.9148
250 100 150
3 31 12301 0 37 10870 0 47 9836 0
-9.71714 12.0919 52.3633
250 100 150
3 31 12349 0 37 10907 0 47 9875 0
-8.63458 12.4557 51.7567
250 100 150
3 31 12352 0 37 10915 0 47 9881 0
-12.145 11.8426 54.7957
250 100 150
2 31 12357 0 37 10929 0
-12.4745 11.9786 55.2229
250 100 150
3 31 12372 0 37 10934 0 47 9898 0
-12.1776 12.162 54.6809
250 100 150
3 31 12387 0 37 10957 0 47 9912 0
-9.51787 12.6392 52.2692
250 100 150
3 31 12388 0 37 10944 0 47 9907 0
-11.1468 12.4611 53.8286
250 100 150
4 18 2951 0 31 12397 0 37 10961 0 47 9919 0
-12.4802 12.3119 54.9993
250 100 150
3 23 12745 0 31 12404 0 37 10971 0
-12.3754 12.5256 54.8835
250 100 150
3 31 12417 0 37 10984 0 47 9941 0
-9.72507 13.1483 52.3573
250 100 150
3 31 12426 0 37 10985 0 47 9949 0
-13.008 12.7648 56.287
250 100 150
2 31 12429 0 37 10997 0
-12.4627 12.7279 54.9543
250 100 150
2 31 12434 0 37 10995 0
-9.61953 13.2321 52.0937
250 100 150
3 31 12435 0 37 10989 0 47 9957 0
-12.4285 12.8047 54.7491
250 100 150
2 31 12442 0 37 11003 0
-12.0816 12.8133 54.2095
250 100 150
2 31 12443 0 37 11001 0
-13.1372 12.9646 56.3323
250 100 150
2 31 12446 0 37 11015 0
-10.5632 13.6103 52.7664
250 100 150
3 31 12472 0 37 11030 0 47 9988 0
-10.2745 13.7051 52.381
250 100 150
3 31 12478 0 37 11031 0 47 9994 0
-10.2836 14.0089 52.2403
250 100 150
3 31 12497 0 37 11052 0 47 10010 0
-10.1426 14.1982 52.05
250 100 150
6 16 22553 0 23 12915 0 24 13224 0 31 12506 0 37 11060 0 47 10020 0
-12.436 13.7844 54.1805
250 100 150
3 31 12508 0 37 11067 0 47 10021 0
-12.5523 13.873 54.3643
250 100 150
2 31 12511 0 37 11074 0
-10.2389 14.3707 52.1162
250 100 150
4 16 22562 0 31 12520 0 37 11070 0 47 10029 0
-9.51109 14.8394 51.4373
250 100 150
3 31 12537 0 37 11090 0 47 10045 0
-12.3349 14.2488 54.0486
250 100 150
3 31 12540 0 37 11100 0 47 10048 0
-11.9127 14.3437 53.4488
250 100 150
2 31 12544 0 37 11101 0
-13.3809 14.7317 55.5557
250 100 150
2 31 12559 0 37 11121 0
-13.5008 15.622 55.194
250 100 150
3 31 12590 0 37 11151 0 47 10081 0
-12.3519 15.7526 53.3869
250 100 150
2 31 12595 0 37 11149 0
-10.721 16.388 51.9704
250 100 150
2 31 12602 0 37 11155 0
-12.5051 15.9839 53.4254
250 100 150
2 31 12609 0 37 11157 0
-13.4061 16.0029 54.799
250 100 150
2 31 12614 0 37 11167 0
-13.3435 16.0575 54.6224
250 100 150
2 31 12618 0 37 11171 0
-13.2084 16.0872 54.3427
250 100 150
3 31 12621 0 37 11173 0 47 10096 0
-12.6912 16.2282 53.7484
250 100 150
3 31 12624 0 37 11174 0 47 10098 0
-13.5212 16.2051 54.7617
250 100 150
3 31 12628 0 37 11178 0 47 10102 0
-13.442 16.2721 54.4461
250 100 150
2 31 12634 0 37 11184 0
-13.2298 16.966 54.3498
250 100 150
3 31 12655 0 37 11209 0 47 10126 0
-12.6872 17.246 53.6219
250 100 150
3 31 12665 0 37 11222 0 47 10132 0
-12.1168 17.4638 52.8859
250 100 150
2 31 12672 0 37 11227 0
-11.0799 17.8183 52.1213
250 100 150
3 31 12674 0 37 11224 0 47 10139 0
-10.7166 18.0309 51.7257
250 100 150
2 37 11232 0 47 10146 0
-11.2928 17.9224 52.5268
250 100 150
2 31 12679 0 37 11234 0
-11.7898 17.8089 52.7562
250 100 150
2 31 12683 0 37 11242 0
-11.747 17.9287 52.8357
250 100 150
2 31 12688 0 37 11246 0
-11.1624 18.1815 52.2016
250 100 150
2 31 12694 0 37 11252 0
-11.28 18.1968 52.444
250 100 150
2 31 12697 0 37 11253 0
-10.554 18.5466 51.6396
250 100 150
3 31 12705 0 37 11260 0 47 10172 0
-6.82745 -6.2785 69.3364
250 100 150
3 31 12770 0 37 11318 0 47 10231 0
-7.92005 -5.70918 68.8032
250 100 150
3 31 12783 0 37 11331 0 47 10238 0
-9.16267 -5.11686 67.0975
250 100 150
3 31 12789 0 37 11336 0 47 10245 0
-8.88723 -4.97798 67.8615
250 100 150
3 31 12791 0 37 11340 0 47 10248 0
-8.90083 -5.01086 66.5723
250 100 150
3 31 12794 0 37 11343 0 47 10250 0
-8.90077 -4.77299 66.9823
250 100 150
3 31 12799 0 37 11346 0 47 10256 0
-9.36805 -4.37482 65.2923
250 100 150
3 31 12817 0 37 11369 0 47 10273 0
-8.10764 -3.6536 69.5365
250 100 150
3 31 12822 0 37 11378 0 47 10281 0
-9.75319 -3.99903 64.4529
250 100 150
3 31 12836 0 37 11387 0 47 10294 0
-6.21292 -3.64625 59.3499
250 100 150
3 31 12864 0 37 11417 0 47 10323 0
-9.81188 -3.26046 63.7516
250 100 150
3 31 12867 0 37 11418 0 47 10326 0
-10.0182 -2.83902 63.8208
250 100 150
2 31 12877 0 37 11427 0
-8.15093 -3.22578 59.8138
250 100 150
3 31 12880 0 37 11426 0 47 10333 0
-8.72874 -2.84199 60.3541
250 100 150
3 31 12882 0 37 11432 0 47 10337 0
-2.20277 -0.881792 70.9474
250 100 150
3 31 12883 0 37 11438 0 47 10339 0
-8.57914 -2.84621 59.9729
250 100 150
3 31 12884 0 37 11434 0 47 10338 0
-10.1904 -1.22133 63.3423
250 100 150
2 31 12899 0 37 11445 0
-10.0499 1.16591 58.2137
250 100 150
2 31 12928 0 37 11467 0
-11.2471 3.13207 58.6837
250 100 150
2 31 12949 0 37 11502 0
-7.58515 3.50191 54.6679
250 100 150
3 31 12957 0 37 11509 0 47 10387 0
-8.46144 3.81424 55.413
250 100 150
2 31 12964 0 37 11515 0
-8.1151 3.82966 54.9945
250 100 150
3 31 12965 0 37 11516 0 47 10393 0
-6.56494 3.96554 53.752
250 100 150
4 18 3213 0 31 12967 0 37 10286 0 47 10394 0
-8.58336 4.05272 55.0564
250 100 150
3 31 12971 0 37 11524 0 47 10398 0
-11.0942 4.17877 58.2649
250 100 150
3 31 12973 0 37 11525 0 47 10399 0
-10.9306 4.13942 57.892
250 100 150
2 31 12974 0 37 11526 0
-8.95241 4.16258 55.3702
250 100 150
3 31 12976 0 37 11527 0 47 10401 0
-11.4103 4.28527 58.4266
250 100 150
3 31 12977 0 37 11531 0 47 10403 0
-11.0139 4.27702 57.9206
250 100 150
3 31 12979 0 37 11529 0 47 10404 0
-11.5478 4.76967 58.6119
250 100 150
3 31 12994 0 37 11547 0 47 10420 0
-11.4935 4.844 58.2819
250 100 150
3 31 13003 0 37 11550 0 47 10425 0
-10.3031 4.86389 56.1488
250 100 150
2 37 11554 0 47 10431 0
-11.4232 5.00626 58.0507
250 100 150
2 31 13012 0 37 11560 0
-3.40487 5.86904 52.0495
250 100 150
4 18 3250 0 31 13018 0 37 10397 0 47 10438 0
-11.5752 5.21895 58.3483
250 100 150
3 31 13024 0 37 11570 0 47 10449 0
-9.80185 5.17352 55.7011
250 100 150
3 31 13028 0 37 11569 0 47 10452 0
-11.485 5.45099 58.8045
250 100 150
3 31 13030 0 37 11574 0 47 10456 0
-8.96885 5.42961 54.8359
250 100 150
3 31 13036 0 37 11575 0 47 10459 0
-11.6635 5.68587 58.0305
250 100 150
3 31 13044 0 37 11581 0 47 10466 0
-11.8938 5.96975 58.5799
250 100 150
3 31 13056 0 37 11589 0 47 10478 0
-10.707 5.88768 56.1704
250 100 150
3 31 13060 0 37 11588 0 47 10481 0
-11.6096 7.16027 56.9898
250 100 150
2 31 13084 0 37 11610 0
-12.0654 7.68368 58.2811
250 100 150
2 31 13092 0 37 11621 0
-11.2054 7.61331 56.1244
250 100 150
3 31 13095 0 37 11623 0 47 10519 0
-11.8843 7.61583 56.7983
250 100 150
2 31 13097 0 37 11626 0
-12.0948 7.99601 57.8933
250 100 150
3 31 13103 0 37 11633 0 47 10524 0
-12.2129 8.28753 58.0489
250 100 150
3 31 13111 0 37 11639 0 47 10529 0
-12.1435 8.51658 57.7133
250 100 150
3 31 13117 0 37 11646 0 47 10533 0
-11.522 8.37848 56.0162
250 100 150
3 31 13119 0 37 11647 0 47 10534 0
-12.2962 8.76979 57.8515
250 100 150
2 31 13125 0 37 11655 0
-12.3066 8.7095 57.198
250 100 150
2 31 13129 0 37 11656 0
-11.8923 8.69344 56.2517
250 100 150
2 31 13133 0 37 11657 0
-12.2663 9.07277 57.4911
250 100 150
2 31 13139 0 37 11670 0
-9.4307 9.17192 53.4137
250 100 150
3 31 13141 0 37 11302 0 47 10555 0
-11.8642 8.99257 55.9761
250 100 150
2 31 13142 0 37 11671 0
-9.65005 9.39442 53.7172
250 100 150
5 23 13488 0 24 13778 0 31 13146 0 37 11672 0 47 10560 0
-11.8997 9.82347 55.7261
250 100 150
3 31 13164 0 37 11688 0 47 10576 0
-12.4711 10.0792 57.3127
250 100 150
2 31 13168 0 37 11693 0
-7.20854 10.7818 51.8537
250 100 150
3 31 13172 0 37 11690 0 47 10584 0
-12.934 10.1496 57.7122
250 100 150
2 31 13173 0 37 11698 0
-12.006 10.1682 55.6092
250 100 150
3 31 13177 0 37 11700 0 47 10594 0
-11.7931 10.4424 55.2202
250 100 150
2 31 13194 0 38 17377 0
-12.5926 10.6282 56.9684
250 100 150
2 31 13197 0 37 11722 0
-12.4753 10.6949 56.2837
250 100 150
2 31 13204 0 37 11725 0
-12.734 10.8692 57.1234
250 100 150
2 31 13210 0 37 11735 0
-8.1422 11.4257 52.0668
250 100 150
3 31 13211 0 37 11724 0 47 10616 0
-9.12548 11.2215 52.3207
250 100 150
3 31 13214 0 37 11728 0 47 10621 0
-9.44748 11.3004 52.7939
250 100 150
3 31 13217 0 37 11732 0 47 10624 0
2.46568 18.0144 63.6982
250 100 150
3 31 13218 0 37 11760 0 47 10633 0
-12.5752 10.9877 56.3858
250 100 150
2 31 13221 0 37 11741 0
-11.8485 10.9316 54.9632
250 100 150
2 31 13222 0 37 11739 0
-9.70308 11.3176 53.1862
250 100 150
3 31 13223 0 37 11737 0 47 10626 0
-11.6733 11.2073 54.7036
250 100 150
4 23 13557 0 24 13828 0 31 13232 0 37 11748 0
-8.23247 11.9112 51.8796
250 100 150
3 31 13235 0 37 11750 0 47 10640 0
-11.9627 11.2409 55.0285
250 100 150
2 31 13236 0 37 11752 0
-9.27588 11.7239 52.2308
250 100 150
3 31 13239 0 37 11753 0 47 10643 0
-9.36991 11.8888 52.5725
250 100 150
3 31 13246 0 37 11758 0 47 10647 0
-7.09484 16.5038 68.2288
250 100 150
3 31 13248 0 37 11796 0 47 10665 0
-12.1954 11.7971 55.045
250 100 150
2 31 13264 0 37 11782 0
-12.1227 11.82 54.73
250 100 150
2 31 13266 0 37 11785 0
-12.9809 12.2773 56.6431
250 100 150
2 31 13273 0 37 11799 0
-11.2765 12.3709 53.9509
250 100 150
2 31 13276 0 37 11795 0
-12.3247 12.2428 55.0087
250 100 150
2 31 13280 0 37 11800 0
-9.86892 12.7133 52.5895
250 100 150
3 31 13282 0 37 11797 0 47 10681 0
-9.81982 12.8231 52.2783
250 100 150
3 31 13289 0 37 11807 0 47 10687 0
-12.3755 12.5445 54.9057
250 100 150
3 31 13295 0 37 11813 0 47 10691 0
-12.2896 12.4943 54.5974
250 100 150
2 31 13296 0 37 11809 0
-13.1404 12.9885 56.3774
250 100 150
3 31 13308 0 37 11828 0 47 10703 0
-10.1027 13.304 52.576
250 100 150
3 31 13309 0 37 11823 0 47 10701 0
-13.3093 14.4164 55.474
250 100 150
2 31 13349 0 37 11862 0
-12.2506 14.5382 53.5123
250 100 150
2 31 13353 0 37 11863 0
-13.4183 14.7296 55.6013
250 100 150
3 31 13355 0 37 11865 0 47 10736 0
-13.4901 15.5818 55.2056
250 100 150
2 31 13364 0 37 11872 0
-13.5771 15.9246 55.2056
250 100 150
2 31 13371 0 37 11880 0
-13.2209 16.0224 54.746
250 100 150
2 31 13375 0 37 11881 0
-12.9092 17.0706 54.2334
250 100 150
2 31 13393 0 37 11893 0
-12.2352 17.3832 53.3627
250 100 150
2 31 13398 0 37 11897 0
-11.1809 18.2064 52.2428
250 100 150
3 31 13410 0 37 11913 0 47 10774 0
-9.79843 18.6952 51.2221
250 100 150
2 31 13413 0 37 11914 0
-10.6399 18.5161 51.7202
250 100 150
3 31 13416 0 37 11917 0 47 10779 0
-11.7845 18.2999 52.5717
250 100 150
2 31 13419 0 37 11922 0
-11.3584 18.7963 51.8759
250 100 150
2 37 11931 0 47 10788 0
-10.1289 19.1343 50.8225
250 100 150
2 31 13429 0 37 11929 0
-7.85888 -5.80849 68.7498
250 100 150
3 31 13446 0 37 11950 0 47 10807 0
-5.81062 -5.56653 63.0006
250 100 150
2 31 13450 0 37 11955 0
-9.35552 -4.18074 65.1223
250 100 150
3 31 13471 0 37 11974 0 47 10830 0
-10.038 -2.26911 64.0873
250 100 150
2 31 13503 0 37 11997 0
-10.2197 -1.85991 62.7137
250 100 150
2 31 13509 0 37 12000 0
-10.6569 -0.767371 61.9919
250 100 150
3 31 13520 0 37 12005 0 47 10869 0
-10.9739 4.22775 58.1078
250 100 150
3 31 13551 0 37 12045 0 47 10890 0
-10.9879 4.27144 57.8724
250 100 150
3 31 13554 0 37 12046 0 47 10891 0
-11.3448 4.40438 58.3167
250 100 150
3 31 13557 0 37 12050 0 47 10893 0
-11.5205 4.97554 58.1832
250 100 150
2 37 12074 0 47 10914 0
-9.88406 5.01116 55.8587
250 100 150
2 31 13588 0 37 12076 0
-10.3734 5.22015 55.9857
250 100 150
2 31 13596 0 37 12083 0
-8.98294 5.52703 54.8628
250 100 150
2 31 13600 0 37 12086 0
-8.37602 5.75886 54.183
250 100 150
3 31 13606 0 37 12091 0 47 10940 0
-11.6642 6.05059 57.813
250 100 150
3 31 13616 0 37 12102 0 47 10951 0
-10.8763 6.09652 56.4417
250 100 150
4 23 13931 0 31 13618 0 37 12103 0 47 10953 0
-11.1244 7.40919 56.0812
250 100 150
3 31 13636 0 37 12123 0 47 10971 0
2.50829 14.6826 65.586
250 100 150
3 31 13657 0 37 12157 0 47 10995 0
-10.5843 8.62338 54.8398
250 100 150
3 31 13662 0 37 12148 0 47 10996 0
-9.16805 9.16718 53.4468
250 100 150
3 31 13667 0 37 12156 0 47 11002 0
-11.8143 9.00838 55.9568
250 100 150
3 31 13669 0 37 12159 0 47 11004 0
-11.5534 10.173 54.9497
250 100 150
3 31 13705 0 37 12191 0 47 11035 0
-9.59873 10.7837 52.9057
250 100 150
3 31 13713 0 37 12199 0 47 11045 0
-9.50724 11.3568 52.8073
250 100 150
3 31 13730 0 37 12212 0 47 11059 0
-10.9323 11.36 54.2062
250 100 150
3 31 13736 0 37 12216 0 47 11067 0
-9.37943 11.8419 52.5921
250 100 150
3 31 13741 0 37 12218 0 47 11070 0
-10.392 11.7482 53.4418
250 100 150
3 31 13744 0 37 12223 0 47 11075 0
-9.88886 12.1754 53.0038
250 100 150
4 18 3671 0 31 13751 0 37 12234 0 47 11081 0
-11.4732 12.1213 54.2121
250 100 150
3 31 13755 0 37 12245 0 47 11086 0
-10.2776 12.3713 52.8631
250 100 150
3 31 13759 0 37 12248 0 47 11088 0
-13.0099 12.6305 56.3796
250 100 150
2 31 13772 0 37 12257 0
-9.09957 13.8568 51.5432
250 100 150
3 31 13786 0 37 12266 0 47 11113 0
-10.2665 13.8193 52.2064
250 100 150
3 31 13789 0 37 12270 0 47 11118 0
-10.1667 14.3655 52.0066
250 100 150
3 31 13801 0 37 12283 0 47 11125 0
-13.4068 14.7297 55.623
250 100 150
3 31 13810 0 37 12299 0 47 11137 0
-13.5147 15.4938 55.2298
250 100 150
3 31 13816 0 37 12307 0 47 11140 0
-13.5735 15.9568 55.251
250 100 150
3 31 13823 0 37 12313 0 47 11146 0
-12.7583 17.414 53.8041
250 100 150
2 31 13842 0 37 12330 0
-9.91262 -2.63909 64.1228
250 100 150
2 31 13880 0 37 12371 0
-10.8165 3.99359 57.7912
250 100 150
2 31 13895 0 37 12392 0
-8.97533 5.72111 54.9625
250 100 150
3 31 13908 0 37 12408 0 47 11243 0
-10.6427 5.67477 56.5883
250 100 150
2 31 13911 0 37 12409 0
-11.1899 7.17528 56.4725
250 100 150
3 31 13919 0 37 12414 0 47 11254 0
-11.5509 8.2831 56.1288
250 100 150
3 31 13927 0 37 12421 0 47 11262 0
-11.754 9.03643 55.8512
250 100 150
3 31 13937 0 37 12427 0 47 11271 0
-10.8705 4.27197 57.3619
250 100 150
2 31 14008 0 37 12489 0
-10.8968 5.65073 56.6469
250 100 150
3 31 14011 0 37 12493 0 47 11341 0
-10.958 6.52387 56.1887
250 100 150
2 31 14013 0 37 12497 0
-11.8454 9.01941 55.7138
250 100 150
3 31 14020 0 37 12504 0 47 11353 0
-10.4453 12.6238 53.3352
250 100 150
3 31 14029 0 37 12515 0 47 11366 0
-8.85065 12.3722 51.9589
250 100 150
4 18 3888 0 31 14049 0 37 12532 0 47 11385 0
-11.8736 4.95993 59.6779
250 100 150
2 31 14487 0 37 12934 0
-11.2079 2.79635 58.9492
250 100 150
2 31 14643 0 37 13241 0
-11.6385 11.2228 54.7041
250 100 150
2 31 14797 0 37 13297 0
-11.4976 14.5674 53.1363
250 100 150
2 31 14827 0 37 13457 0
-6.06928 15.9268 68.1836
250 100 150
3 31 14859 0 37 13361 0 47 11898 0
-5.24852 0.567242 54.8821
250 100 150
2 31 14949 0 37 13394 0
-11.6939 7.28716 56.8503
250 100 150
2 31 14983 0 37 13290 0
-4.90867 1.19983 54.2636
250 100 150
2 31 15014 0 37 13495 0
-9.98493 3.66819 56.5146
250 100 150
3 31 15037 0 37 13424 0 47 12292 0
-12.2953 13.8722 54.1845
250 100 150
3 31 15053 0 37 13433 0 47 12322 0
-11.4009 14.5027 53.0817
250 100 150
3 31 15054 0 37 13542 0 47 12367 0
-12.2994 15.7531 53.3765
250 100 150
3 31 15089 0 37 13610 0 47 12317 0
-10.1684 16.4101 51.3964
250 100 150
3 31 15131 0 37 13613 0 47 12386 0
-9.75462 -3.36374 63.1333
250 100 150
3 31 15284 0 37 13755 0 47 12495 0
-11.9997 11.432 54.9679
250 100 150
3 31 15321 0 37 13645 0 47 12421 0
-11.5086 14.4454 53.465
250 100 150
3 31 15326 0 37 13769 0 47 12539 0
-11.9036 11.3348 54.9188
250 100 150
3 31 15392 0 37 13732 0 47 12595 0
-12.853 16.1331 53.9879
250 100 150
2 31 15407 0 37 13738 0
-12.1157 15.7483 53.2485
250 100 150
3 31 15472 0 37 13848 0 47 12637 0
-12.6531 16.7357 53.5413
250 100 150
2 31 15497 0 37 13752 0
-9.0253 0.119869 57.5432
250 100 150
3 31 15564 0 37 13906 0 47 12704 0
-12.9396 12.3049 56.3152
250 100 150
2 31 15609 0 37 13818 0
-9.00659 0.0420719 57.5585
250 100 150
2 31 15620 0 37 13942 0
-7.26041 2.79672 55.1195
250 100 150
2 31 15701 0 37 14193 0
-22.8602 -4.35609 43.9517
250 100 150
2 36 6773 0 46 6778 0
-20.5027 -6.71745 45.0286
250 100 150
2 36 1934 0 46 2047 0
-21.2164 -6.57886 44.8567
250 100 150
2 36 1972 0 46 2093 0
-20.515 -6.72804 44.9406
250 100 150
2 36 4025 0 46 4165 0
-21.8701 -6.17788 44.4042
250 100 150
2 36 4098 0 46 4255 0
-20.3679 -6.64048 44.8782
250 100 150
2 36 5692 0 46 5812 0
-20.9798 -6.70959 44.8357
250 100 150
2 36 5696 0 46 5815 0
-21.2135 -6.56945 44.8455
250 100 150
2 36 5704 0 46 5821 0
-21.0674 -6.15584 44.6363
250 100 150
2 36 5717 0 46 5834 0
-21.0595 -6.14981 44.7448
250 100 150
2 36 6668 0 46 6699 0
-20.7506 -7.09667 45.5883
250 100 150
2 36 8156 0 46 8111 0
-2.2493 -6.98269 62.3598
250 100 150
2 37 36 0 47 28 0
-2.46223 -6.90496 62.6055
250 100 150
2 37 47 0 47 42 0
-1.50614 -6.91391 61.9599
250 100 150
2 37 53 0 47 54 0
-1.40655 -6.73518 61.8431
250 100 150
2 37 66 0 47 59 0
-8.15692 -5.45887 68.6975
250 100 150
2 37 91 0 47 81 0
-9.85278 -3.4542 63.3545
250 100 150
2 37 339 0 47 302 0
-9.9228 -3.41579 63.2135
250 100 150
2 37 346 0 47 311 0
-9.921 -0.860328 62.1987
250 100 150
2 37 473 0 47 398 0
-9.93216 1.20894 58.1041
250 100 150
2 37 680 0 47 537 0
-10.7095 1.70425 60.9822
250 100 150
2 37 701 0 47 551 0
-4.87983 1.7693 53.9258
250 100 150
2 37 713 0 47 563 0
-4.79056 1.86577 53.8202
250 100 150
2 37 717 0 47 569 0
-10.9891 2.20775 61.0351
250 100 150
2 37 747 0 47 595 0
-10.0133 2.14518 58.0111
250 100 150
2 37 762 0 47 612 0
-11.3033 3.049 59.1866
250 100 150
2 37 881 0 47 705 0
-11.2861 3.0456 58.9001
250 100 150
2 37 888 0 47 711 0
-10.1645 2.99991 57.1048
250 100 150
2 37 893 0 47 717 0
-6.87977 3.86966 54.0489
250 100 150
2 37 979 0 47 797 0
-11.7421 5.63131 58.2911
250 100 150
2 37 1252 0 47 1065 0
-11.7804 5.99262 58.0505
250 100 150
2 37 1285 0 47 1092 0
-11.8208 6.02017 58.1494
250 100 150
2 37 1288 0 47 1094 0
-11.7541 6.04742 57.93
250 100 150
2 37 1290 0 47 1099 0
-11.82 6.90424 58.3612
250 100 150
2 37 1339 0 47 1154 0
-12.0097 7.51415 57.2167
250 100 150
2 37 1395 0 47 1231 0
-12.2854 8.74314 57.0598
250 100 150
2 37 1516 0 47 1356 0
-12.3151 8.84692 57.1387
250 100 150
2 37 1528 0 47 1365 0
-12.5586 10.0231 57.3728
250 100 150
2 37 1599 0 47 1446 0
-11.8565 10.1642 55.5345
250 100 150
2 37 1625 0 47 1466 0
-12.6272 10.7427 56.5892
250 100 150
2 37 1705 0 47 1555 0
-11.4293 10.8579 54.5579
250 100 150
2 37 1707 0 47 1563 0
-11.396 11.0176 54.5139
250 100 150
2 37 1724 0 47 1579 0
-12.0447 11.4379 55.0187
250 100 150
2 37 1788 0 47 1632 0
-9.70532 12.4564 52.5382
250 100 150
2 37 1861 0 47 1699 0
-12.0991 12.1225 54.7015
250 100 150
2 37 1889 0 47 1716 0
-12.1442 12.3024 54.615
250 100 150
2 37 1912 0 47 1734 0
-11.9467 12.9835 54.0871
250 100 150
2 37 2009 0 47 1808 0
-12.4781 13.934 54.2871
250 100 150
2 37 2131 0 47 1887 0
-11.1541 15.0665 52.6282
250 100 150
2 37 2198 0 47 1958 0
-11.6238 15.2642 52.9715
250 100 150
2 37 2223 0 47 1969 0
-12.3818 15.4152 53.5965
250 100 150
2 37 2235 0 47 1981 0
-10.4139 16.5611 51.7198
250 100 150
2 37 2269 0 47 2005 0
-7.22472 -6.26832 68.9482
250 100 150
2 37 2471 0 47 2203 0
-1.67324 -6.85178 62.0224
250 100 150
2 37 2531 0 47 2234 0
-1.1593 -6.84534 61.672
250 100 150
2 37 2538 0 47 2237 0
-8.41843 -5.74093 68.0617
250 100 150
2 37 2572 0 47 2271 0
-4.31927 -6.36165 62.7192
250 100 150
2 37 2573 0 47 2265 0
-5.23653 -6.06956 63.1598
250 100 150
2 37 2594 0 47 2282 0
-8.39645 -5.66683 66.4325
250 100 150
2 37 2598 0 47 2291 0
-8.34685 -5.60009 66.1204
250 100 150
2 37 2609 0 47 2300 0
-8.21891 -5.01436 68.8725
250 100 150
2 37 2644 0 47 2329 0
-8.52184 -4.63547 63.2585
250 100 150
2 37 2813 0 47 2481 0
-8.59998 -4.59231 63.1171
250 100 150
2 37 2824 0 47 2487 0
-9.71473 -3.9 64.9443
250 100 150
2 37 2896 0 47 2554 0
-9.76213 -3.95341 64.0222
250 100 150
2 37 2900 0 47 2568 0
-9.88146 -3.48343 63.3861
250 100 150
2 37 2991 0 47 2649 0
-5.29737 -3.81886 58.806
250 100 150
2 37 2993 0 47 2644 0
-9.85867 -3.16989 62.8059
250 100 150
2 37 3041 0 47 2699 0
-8.66322 -2.93931 60.2192
250 100 150
2 37 3070 0 47 2720 0
-8.68589 -2.66386 59.8463
250 100 150
2 37 3095 0 47 2739 0
-10.0534 -2.22529 62.0406
250 100 150
2 37 3107 0 47 2749 0
-9.99865 -2.17304 61.8807
250 100 150
2 37 3112 0 47 2752 0
-10.1674 -1.85016 62.2033
250 100 150
2 37 3139 0 47 363 0
-9.64304 -1.92946 60.9436
250 100 150
2 37 3143 0 47 2777 0
-10.3732 -1.78575 61.9371
250 100 150
2 37 3148 0 47 2782 0
-9.82731 -0.921409 62.3961
250 100 150
2 37 3194 0 47 2814 0
-10.3883 -0.341249 60.8371
250 100 150
2 37 3270 0 47 2869 0
-10.1617 -0.213523 59.9555
250 100 150
2 37 3297 0 47 2892 0
-5.20366 0.0258618 55.0163
250 100 150
2 37 3325 0 47 2913 0
-5.33559 0.500465 54.7548
250 100 150
2 37 3365 0 47 2946 0
-4.92302 0.854789 54.311
250 100 150
2 37 3403 0 47 2979 0
-8.96879 0.852941 56.568
250 100 150
2 37 3440 0 47 3009 0
-10.0824 1.02127 58.249
250 100 150
2 37 3461 0 47 3026 0
-8.99957 0.968511 56.6667
250 100 150
2 37 3464 0 47 3029 0
-10.5673 1.50064 61.0014
250 100 150
2 37 3487 0 47 3049 0
-4.79179 1.58548 53.8624
250 100 150
2 37 3525 0 47 3083 0
-8.79754 1.34998 56.2402
250 100 150
2 37 3527 0 47 3087 0
-4.89049 1.60519 54.077
250 100 150
2 37 3528 0 47 3082 0
-4.71902 1.76318 53.7207
250 100 150
2 37 3540 0 47 3096 0
-10.2119 1.8907 58.1155
250 100 150
2 37 3573 0 47 3120 0
-9.9248 2.16626 57.764
250 100 150
2 37 3599 0 47 3142 0
-10.9989 2.46103 61.0119
250 100 150
2 37 3600 0 47 3141 0
-9.99947 2.22361 57.8714
250 100 150
2 37 3604 0 47 3146 0
-6.8905 2.39794 54.9049
250 100 150
2 37 3613 0 47 3152 0
-11.1679 2.61763 58.9068
250 100 150
2 37 3664 0 47 3191 0
-11.259 2.8879 59.015
250 100 150
2 37 3699 0 47 3217 0
-10.1452 2.91993 57.1927
250 100 150
2 37 3709 0 47 3232 0
-11.2868 2.99011 59.0307
250 100 150
2 37 3711 0 47 3229 0
-11.2713 2.98209 58.8619
250 100 150
2 37 3716 0 47 3231 0
-11.316 3.04473 59.1224
250 100 150
2 37 3719 0 47 3236 0
-6.87934 3.34656 54.2811
250 100 150
2 37 3757 0 47 3277 0
-9.99266 3.42082 56.6828
250 100 150
2 37 3806 0 47 3322 0
-8.9315 3.85189 55.4856
250 100 150
2 37 3847 0 47 3359 0
-10.1087 3.89161 56.5787
250 100 150
2 37 3863 0 47 3372 0
-4.37977 5.353 52.3355
250 100 150
2 37 3933 0 47 5860 0
-11.7651 5.75614 58.2646
250 100 150
2 37 4019 0 47 3511 0
-11.8065 5.8973 58.2103
250 100 150
2 37 4029 0 47 3518 0
-11.8169 5.99694 58.2298
250 100 150
2 37 4036 0 47 3528 0
-11.7826 5.97789 58.0827
250 100 150
2 37 4037 0 47 3526 0
-11.7596 5.96927 57.9676
250 100 150
2 37 4038 0 47 3529 0
-11.8443 6.11507 58.1906
250 100 150
2 37 4047 0 47 3535 0
-11.8237 6.27259 58.4487
250 100 150
2 37 4057 0 47 3544 0
-11.8357 6.72329 58.4408
250 100 150
2 37 4088 0 47 3572 0
-11.592 7.30381 56.6889
250 100 150
2 37 4133 0 47 3606 0
-11.7989 7.43684 56.8143
250 100 150
2 37 4148 0 47 3621 0
-11.9437 7.55719 57.1984
250 100 150
2 37 4155 0 47 3628 0
-12.1833 8.45435 57.138
250 100 150
2 37 4255 0 47 3721 0
-12.2579 8.54 57.0559
250 100 150
2 37 4269 0 47 3743 0
-12.2664 8.70321 57.2788
250 100 150
2 37 4279 0 47 3756 0
-12.4667 9.72941 57.5565
250 100 150
2 37 4354 0 47 3817 0
2.60547 17.573 63.9929
250 100 150
2 37 4520 0 47 3923 0
-11.5492 11.0804 54.5151
250 100 150
2 37 4526 0 47 3992 0
2.71488 17.6453 63.8571
250 100 150
2 37 4531 0 47 3932 0
-11.5445 11.1731 54.573
250 100 150
2 37 4537 0 47 4005 0
2.43968 17.7003 64.0098
250 100 150
2 37 4544 0 47 3949 0
-10.6972 11.4198 53.9191
250 100 150
2 37 4546 0 47 4016 0
-11.6195 11.2723 54.5524
250 100 150
2 37 4556 0 47 4024 0
-12.0094 11.2555 55.0993
250 100 150
2 37 4560 0 47 4028 0
2.97404 18.4014 62.346
250 100 150
2 37 4658 0 47 4053 0
-12.1971 11.6925 55.1168
250 100 150
2 37 4659 0 47 4117 0
2.80176 18.5266 63.1874
250 100 150
2 37 4665 0 47 4052 0
-9.10952 12.4968 51.9652
250 100 150
2 37 4694 0 47 4172 0
-9.88918 12.3634 52.6928
250 100 150
2 37 4702 0 47 4176 0
-9.91115 12.4711 52.6558
250 100 150
2 37 4727 0 47 4210 0
-9.43732 12.6216 52.2148
250 100 150
2 37 4736 0 47 4225 0
-9.94598 12.6108 52.6515
250 100 150
2 37 4758 0 47 4245 0
-12.2365 12.2683 54.846
250 100 150
2 37 4781 0 47 4260 0
-7.57821 16.6867 68.2626
250 100 150
2 37 4810 0 47 4181 0
-11.9198 12.7647 54.228
250 100 150
2 37 4865 0 47 4328 0
-11.9076 12.9079 54.0836
250 100 150
2 37 4892 0 47 4350 0
-11.9161 13.5573 53.7933
250 100 150
2 37 4972 0 47 4412 0
-12.4737 13.8546 54.2285
250 100 150
2 37 5024 0 47 4454 0
-12.4313 13.9135 54.1151
250 100 150
2 37 5031 0 47 4463 0
-10.862 14.363 52.729
250 100 150
2 37 5038 0 47 4472 0
-10.828 14.4258 52.601
250 100 150
2 37 5047 0 47 4482 0
-11.8299 14.1937 53.5947
250 100 150
2 37 5051 0 47 4478 0
-11.8084 14.2471 53.4092
250 100 150
2 37 5060 0 47 4487 0
-11.2147 14.5257 52.9605
250 100 150
2 37 5080 0 47 4507 0
-11.2543 14.5875 52.9079
250 100 150
2 37 5093 0 47 4521 0
-11.2138 14.5847 52.8052
250 100 150
2 37 5094 0 47 4522 0
-11.9794 14.4716 53.5593
250 100 150
2 37 5100 0 47 4524 0
-13.0394 14.4735 55.0895
250 100 150
2 37 5120 0 47 4538 0
-11.1201 14.8948 52.6108
250 100 150
2 37 5124 0 47 4549 0
-10.7981 15.346 52.2788
250 100 150
2 37 5166 0 47 4578 0
-10.8239 15.9664 52.0622
250 100 150
2 37 5216 0 47 4624 0
-10.8184 15.9838 51.9754
250 100 150
2 37 5218 0 47 4629 0
-10.8837 16.0025 52.1399
250 100 150
2 37 5219 0 47 4628 0
-12.0189 15.7925 53.0838
250 100 150
2 37 5232 0 47 4638 0
-12.2311 15.7862 53.3361
250 100 150
2 37 5235 0 47 4641 0
-12.6472 15.9526 53.6895
250 100 150
2 37 5264 0 47 4662 0
-12.9548 16.1404 54.0586
250 100 150
2 37 5286 0 47 4680 0
-12.5683 16.2306 53.5624
250 100 150
2 37 5288 0 47 4683 0
-10.5987 17.0019 51.8785
250 100 150
2 37 5308 0 47 4698 0
-12.0734 17.3681 53.0171
250 100 150
2 37 5381 0 47 4752 0
-12.1537 17.5105 53.0619
250 100 150
2 37 5394 0 47 4765 0
-11.2515 18.0487 52.2881
250 100 150
2 37 5422 0 47 4791 0
-8.30973 -5.77913 66.3986
250 100 150
2 37 5603 0 47 4958 0
-8.37193 -5.67283 66.4457
250 100 150
2 37 5612 0 47 4969 0
-8.26222 -4.71688 68.6105
250 100 150
2 37 5684 0 47 5023 0
-8.23799 -4.63349 68.8753
250 100 150
2 37 5689 0 47 5032 0
-7.87068 -4.38003 69.4021
250 100 150
2 37 5723 0 47 5057 0
-9.19985 -4.84626 65.2098
250 100 150
2 37 5724 0 47 5069 0
-8.93611 -4.4742 67.55
250 100 150
2 37 5741 0 47 5081 0
-7.61404 -3.76398 71.682
250 100 150
2 37 5782 0 47 5112 0
-8.04846 -3.74095 70.2783
250 100 150
2 37 5817 0 47 5139 0
-9.74906 -3.8415 64.0522
250 100 150
2 37 5882 0 47 5212 0
-9.84587 -3.69614 63.6276
250 100 150
2 37 5904 0 47 5236 0
-9.80094 -3.53776 63.6876
250 100 150
2 37 5925 0 47 5254 0
-9.80691 -3.43255 62.9764
250 100 150
2 37 5950 0 47 5282 0
-9.8334 -2.89757 62.2445
250 100 150
2 37 5994 0 47 5329 0
-9.84046 -2.73257 62.0884
250 100 150
2 37 6006 0 47 5337 0
-10.2487 -2.00232 62.1594
250 100 150
2 37 6043 0 47 5365 0
-4.25909 -0.596489 54.5098
250 100 150
2 37 6132 0 47 5428 0
-4.95602 0.876066 54.2823
250 100 150
2 37 6222 0 47 5496 0
-10.0933 1.01881 58.3667
250 100 150
2 37 6254 0 47 5519 0
-7.72636 1.01384 55.8586
250 100 150
2 37 6257 0 47 5521 0
-9.01429 0.98226 56.6686
250 100 150
2 37 6264 0 47 5531 0
-4.97716 1.21457 54.2948
250 100 150
2 37 6265 0 47 5525 0
-8.95512 1.03624 56.5198
250 100 150
2 37 6274 0 47 5534 0
-10.1541 1.25823 58.3066
250 100 150
2 37 6293 0 47 5547 0
-10.054 1.28401 58.1026
250 100 150
2 37 6302 0 47 5556 0
-10.2082 1.88812 58.1135
250 100 150
2 37 6344 0 47 5586 0
-9.98468 2.26387 57.8502
250 100 150
2 37 6371 0 47 5607 0
-11.1781 2.60222 59.0561
250 100 150
2 37 6403 0 47 5632 0
-10.0533 2.5874 57.6424
250 100 150
2 37 6404 0 47 5633 0
-10.0939 2.69409 57.6079
250 100 150
2 37 6419 0 47 5643 0
-4.57028 3.17128 53.1557
250 100 150
2 37 6434 0 47 5652 0
-11.2221 2.86413 58.9029
250 100 150
2 37 6437 0 47 5657 0
-4.80652 3.2176 53.3094
250 100 150
2 37 6440 0 47 5660 0
-10.1242 2.91814 57.1795
250 100 150
2 37 6448 0 47 5668 0
-11.2961 3.03779 59.1442
250 100 150
2 37 6456 0 47 5672 0
-11.2747 3.13083 59.5699
250 100 150
2 37 6461 0 47 5675 0
-11.2864 3.44242 58.6799
250 100 150
2 37 6518 0 47 5726 0
-10.0095 3.42769 56.6873
250 100 150
2 37 6522 0 47 5727 0
-7.84001 3.57073 54.75
250 100 150
2 37 6523 0 47 5730 0
-6.20114 4.08489 53.6831
250 100 150
2 37 6558 0 47 5758 0
-8.54167 3.93534 55.2352
250 100 150
2 37 6568 0 47 5766 0
-9.18441 3.99599 55.609
250 100 150
2 37 6580 0 47 5781 0
-11.2607 4.10713 58.2946
250 100 150
2 37 6595 0 47 5787 0
-10.282 4.51122 56.5593
250 100 150
2 37 6632 0 47 5833 0
-11.2561 4.64476 57.7999
250 100 150
2 37 6651 0 47 5850 0
-9.3102 4.73916 55.3772
250 100 150
2 37 6654 0 47 5859 0
-11.8125 5.96106 58.4176
250 100 150
2 37 6783 0 47 5993 0
-11.8302 6.07047 58.3638
250 100 150
2 37 6798 0 47 6015 0
-11.7747 6.10236 58.0133
250 100 150
2 37 6807 0 47 6023 0
-11.8307 6.21877 58.2545
250 100 150
2 37 6816 0 47 6032 0
-11.8299 6.2783 58.4416
250 100 150
2 37 6820 0 47 6038 0
-12.0996 8.14161 57.1409
250 100 150
2 37 7027 0 47 6243 0
-12.2076 8.45329 57.1523
250 100 150
2 37 7077 0 47 6293 0
-12.2488 8.5457 57.0795
250 100 150
2 37 7091 0 47 6308 0
-12.2881 8.78093 57.2959
250 100 150
2 37 7106 0 47 6324 0
-11.5473 10.3576 54.9985
250 100 150
2 37 7227 0 47 6451 0
2.69628 17.6324 63.846
250 100 150
2 37 7352 0 47 6526 0
-9.43114 11.5517 52.5827
250 100 150
2 37 7354 0 47 6594 0
-11.9766 11.1495 55.121
250 100 150
2 37 7363 0 47 6593 0
-11.9473 11.2226 54.9885
250 100 150
2 37 7374 0 47 6603 0
-11.597 11.2778 54.5427
250 100 150
2 37 7375 0 47 6608 0
-12.0169 11.264 55.1136
250 100 150
2 37 7381 0 47 6610 0
-5.8974 16.0283 67.8266
250 100 150
2 37 7437 0 47 6588 0
-12.1866 11.5193 54.9076
250 100 150
2 37 7442 0 47 6691 0
-9.78126 12.0529 52.8189
250 100 150
3 37 7451 0 38 12032 0 47 6702 0
2.78944 18.529 63.1792
250 100 150
2 37 7479 0 47 6637 0
-6.32404 16.225 68.1558
250 100 150
2 37 7486 0 47 6617 0
-12.0823 12.1327 54.6277
250 100 150
2 37 7560 0 47 6808 0
-7.17345 16.66 68.1906
250 100 150
2 37 7590 0 47 6742 0
-12.2942 12.3604 54.8195
250 100 150
2 37 7599 0 47 6851 0
-8.21675 16.6365 68.5548
250 100 150
2 37 7627 0 47 6789 0
-9.91907 13.0761 52.412
250 100 150
2 37 7631 0 47 6891 0
-8.36514 16.7796 68.5775
250 100 150
2 37 7656 0 47 6827 0
-12.023 12.8399 54.2823
250 100 150
2 37 7671 0 47 6914 0
-8.45535 17.2016 68.3915
250 100 150
2 37 7718 0 47 6886 0
-10.3389 14.1548 52.3095
250 100 150
2 37 7783 0 47 7010 0
-12.5 13.7364 54.2644
250 100 150
2 37 7795 0 47 7016 0
-10.856 14.3583 52.7391
250 100 150
2 37 7817 0 47 7040 0
-11.7952 14.2387 53.4047
250 100 150
2 37 7833 0 47 7051 0
-11.2051 14.5269 52.9773
250 100 150
2 37 7850 0 47 7071 0
-11.2327 14.6174 52.9165
250 100 150
2 37 7860 0 47 7080 0
-11.1988 14.6052 52.7919
250 100 150
2 37 7861 0 47 7081 0
-12.1366 14.4579 53.6673
250 100 150
2 37 7868 0 47 7086 0
-11.6232 14.6124 53.2137
250 100 150
2 37 7869 0 47 7088 0
-12.2703 14.4932 53.7243
250 100 150
2 37 7875 0 47 7093 0
-11.2998 14.8402 52.8696
250 100 150
2 37 7880 0 47 7100 0
-12.2961 14.6207 53.7735
250 100 150
2 37 7883 0 47 7103 0
-13.0181 16.1512 54.1535
250 100 150
2 37 8004 0 47 7195 0
-13.6172 16.1832 55.1177
250 100 150
2 37 8014 0 47 7201 0
-10.8502 17.7488 51.9656
250 100 150
2 37 8064 0 47 7250 0
-10.7984 18.2085 51.8216
250 100 150
2 37 8090 0 47 7282 0
-8.81142 -4.63322 67.9712
250 100 150
2 37 8276 0 47 7430 0
-9.35127 -4.74776 65.2526
250 100 150
2 37 8292 0 47 7450 0
-8.66398 -4.52724 63.222
250 100 150
2 37 8344 0 47 7489 0
-9.69742 -3.61138 63.7941
250 100 150
2 37 8400 0 47 7556 0
-8.68064 -2.94444 60.176
250 100 150
2 37 8463 0 47 7612 0
-9.87414 -2.57359 61.9717
250 100 150
2 37 8466 0 47 7618 0
-10.2812 -1.77209 61.9202
250 100 150
2 37 8495 0 47 7641 0
-8.93683 0.854874 56.513
250 100 150
2 37 8593 0 47 7706 0
-8.91299 1.27851 56.3217
250 100 150
2 37 8620 0 47 7726 0
-10.0029 2.5218 57.4854
250 100 150
2 37 8676 0 47 7758 0
-10.0288 2.69873 57.435
250 100 150
2 37 8688 0 47 7767 0
-4.65111 3.04198 53.2885
250 100 150
2 37 8691 0 47 7768 0
-11.2681 2.85738 59.0663
250 100 150
2 37 8700 0 47 7770 0
-11.3008 2.99797 59.1566
250 100 150
2 37 8708 0 47 7779 0
-10.0413 3.15009 56.7955
250 100 150
2 37 8727 0 47 7799 0
-7.22061 3.47967 54.5491
250 100 150
2 37 8743 0 47 7811 0
-10.046 3.37472 56.5511
250 100 150
2 37 8751 0 47 7817 0
-9.10742 3.99442 55.6005
250 100 150
2 37 8786 0 47 7851 0
-9.27253 4.00145 55.7603
250 100 150
2 37 8788 0 47 7852 0
-10.0667 3.95736 56.3104
250 100 150
2 37 8791 0 47 7853 0
-11.2659 4.11508 58.4437
250 100 150
2 37 8796 0 47 7858 0
-5.13497 4.53235 52.9671
250 100 150
2 37 8797 0 47 7859 0
-11.3374 4.17734 58.5744
250 100 150
2 37 8801 0 47 7862 0
-10.1823 4.15415 56.382
250 100 150
2 37 8810 0 47 7870 0
-11.8544 4.52476 59.9503
250 100 150
2 37 8827 0 47 7878 0
-11.3813 4.50492 58.5031
250 100 150
2 37 8830 0 47 7884 0
-11.4129 4.5741 58.3823
250 100 150
2 37 8840 0 47 7892 0
-11.4358 4.66631 58.4209
250 100 150
2 37 8846 0 47 7898 0
-9.43462 4.66074 55.5183
250 100 150
2 37 8849 0 47 7902 0
-5.287 5.23846 52.7667
250 100 150
2 37 8859 0 47 7912 0
-10.4201 4.8857 56.3692
250 100 150
2 37 8876 0 47 7931 0
-10.449 4.94938 56.384
250 100 150
2 37 8884 0 47 7938 0
-11.9226 7.5455 57.0852
250 100 150
2 37 9056 0 47 8125 0
-9.4811 7.95574 54.0376
250 100 150
2 37 9068 0 47 8150 0
-12.2451 8.45044 57.1909
250 100 150
2 37 9141 0 47 8205 0
-11.82 8.41797 56.2455
250 100 150
2 37 9142 0 47 8208 0
-9.73435 8.99272 53.9228
250 100 150
2 37 9164 0 47 8235 0
-12.3057 8.78827 57.2408
250 100 150
2 37 9166 0 47 8230 0
-10.161 9.05578 53.9551
250 100 150
2 37 9179 0 47 8249 0
-9.27935 9.6063 53.1915
250 100 150
2 37 9202 0 47 8262 0
-8.30638 10.8597 52.3342
250 100 150
2 37 9248 0 47 8308 0
2.68932 16.6497 64.3322
250 100 150
2 37 9268 0 47 8292 0
-7.75014 11.2472 51.9908
250 100 150
2 37 9277 0 47 8343 0
-11.2899 10.7879 54.5291
250 100 150
2 37 9306 0 47 8380 0
-9.55792 11.1295 52.8032
250 100 150
2 37 9310 0 47 8387 0
2.48365 17.6265 64.5891
250 100 150
2 37 9340 0 47 8371 0
-11.48 11.089 54.4638
250 100 150
2 37 9342 0 47 8408 0
-12.0516 11.2728 55.1412
250 100 150
2 37 9366 0 47 8431 0
-9.44008 11.812 52.5441
250 100 150
2 37 9371 0 47 8451 0
-8.38806 12.2007 51.8055
250 100 150
2 37 9385 0 47 8475 0
-8.48734 12.2262 51.9061
250 100 150
2 37 9393 0 47 8481 0
-10.5697 11.827 53.4605
250 100 150
2 37 9406 0 47 8493 0
-9.85503 12.0412 52.8463
250 100 150
2 37 9415 0 47 8502 0
2.82983 18.372 62.6484
250 100 150
2 37 9422 0 47 8443 0
-6.11136 16.2391 68.2431
250 100 150
2 37 9429 0 47 8428 0
2.41114 18.3998 63.4127
250 100 150
2 37 9430 0 47 8448 0
-9.83914 12.1911 52.6737
250 100 150
2 37 9432 0 47 8524 0
2.71972 18.5306 63.1378
250 100 150
2 37 9433 0 47 8458 0
-9.61136 12.3804 52.5399
250 100 150
2 37 9447 0 47 8538 0
-12.3555 12.0341 55.2441
250 100 150
2 37 9463 0 47 8550 0
-9.93762 12.5253 52.5979
250 100 150
2 37 9471 0 47 8564 0
-6.34801 16.6395 67.8647
250 100 150
2 37 9478 0 47 8504 0
-7.32881 16.5776 68.1635
250 100 150
2 37 9495 0 47 8526 0
-11.3694 12.6156 53.8247
250 100 150
2 37 9507 0 47 8597 0
-10.3726 13.2141 52.6385
250 100 150
2 37 9555 0 47 8639 0
-8.30622 16.8798 68.2313
250 100 150
2 37 9558 0 47 8585 0
-8.53318 17.1745 68.561
250 100 150
2 37 9583 0 47 8608 0
-12.391 13.3581 54.1748
250 100 150
2 37 9610 0 47 8692 0
-12.4874 13.7908 54.2122
250 100 150
2 37 9632 0 47 8709 0
-12.493 13.8933 54.3793
250 100 150
2 37 9637 0 47 8711 0
-12.2955 14.2135 54.0408
250 100 150
2 37 9655 0 47 8726 0
-11.8785 14.3722 53.457
250 100 150
2 37 9662 0 47 8734 0
-13.5212 15.6433 55.2166
250 100 150
2 37 9724 0 47 8784 0
-12.5673 16.044 53.6459
250 100 150
2 37 9736 0 47 8791 0
-10.5046 18.4501 51.4413
250 100 150
2 37 9820 0 47 8844 0
-9.42247 -4.65631 66.0495
250 100 150
2 37 9956 0 47 8975 0
-0.882633 -5.38593 58.7244
250 100 150
2 37 9961 0 47 8968 0
-8.25246 -3.88138 69.9433
250 100 150
2 37 9984 0 47 8994 0
-5.74256 -3.90931 59.3002
250 100 150
2 37 10052 0 47 9069 0
-9.96252 -3.21591 64.2521
250 100 150
2 37 10069 0 47 9092 0
-2.02065 -0.898924 70.9898
250 100 150
2 37 10105 0 47 9120 0
-10.2564 -0.513857 61.5564
250 100 150
2 37 10145 0 47 9153 0
-11.2924 2.94593 59.1485
250 100 150
2 37 10242 0 47 9204 0
-11.126 3.16315 59.9791
250 100 150
2 37 10247 0 47 9207 0
-11.2332 3.134 59.3559
250 100 150
2 37 10253 0 47 9212 0
-11.3364 3.14345 58.9943
250 100 150
2 37 10255 0 47 9214 0
-11.4321 3.33052 59.1092
250 100 150
2 37 10267 0 47 9221 0
-8.0516 3.67287 54.9317
250 100 150
2 37 10280 0 47 9234 0
-11.126 4.15057 57.9498
250 100 150
2 37 10308 0 47 9257 0
-11.3834 4.35036 58.6307
250 100 150
2 37 10316 0 47 9264 0
-11.3781 4.31315 58.1687
250 100 150
2 37 10321 0 47 9267 0
-11.3531 4.47277 58.4199
250 100 150
2 37 10329 0 47 9275 0
-11.7587 4.82844 59.7623
250 100 150
2 37 10352 0 47 9291 0
-9.20353 4.81742 55.1247
250 100 150
2 37 10374 0 47 9322 0
-10.3395 4.88822 56.0908
250 100 150
2 37 10390 0 47 9339 0
4.28285 9.60729 66.6209
250 100 150
2 37 10395 0 47 9296 0
-11.5005 4.99063 58.0944
250 100 150
2 37 10398 0 47 9340 0
-10.2639 5.00309 55.8978
250 100 150
2 37 10406 0 47 9360 0
4.00163 9.39634 54.3159
250 100 150
2 37 10498 0 47 10489 0
-11.1013 7.36704 56.1006
250 100 150
2 37 10555 0 47 9504 0
-12.0499 7.88369 58.1074
250 100 150
2 37 10590 0 47 9532 0
-11.5241 8.37629 56.0528
250 100 150
2 37 10630 0 47 9584 0
-12.1833 8.56517 57.8356
250 100 150
2 37 10635 0 47 9589 0
-9.72268 9.68004 53.5187
250 100 150
2 37 10701 0 47 9655 0
-11.6971 10.0575 55.1804
250 100 150
2 37 10738 0 47 9698 0
-9.09509 10.5075 52.3573
250 100 150
2 37 10741 0 47 9710 0
-9.31287 10.8705 52.2883
250 100 150
2 37 10780 0 47 9754 0
-8.80397 11.1108 52.4676
250 100 150
2 37 10787 0 47 9757 0
-9.12007 11.1915 52.4771
250 100 150
2 37 10805 0 47 9776 0
-11.2599 11.042 54.3234
250 100 150
2 37 10829 0 47 9792 0
-9.5381 11.55 52.721
250 100 150
2 37 10844 0 47 9805 0
2.42688 18.0332 64.2952
250 100 150
2 37 10865 0 47 9793 0
-10.0216 11.8189 52.8498
250 100 150
2 37 10880 0 47 9843 0
-10.5425 11.812 53.4637
250 100 150
2 37 10891 0 47 9854 0
-8.35489 12.3404 51.7494
250 100 150
2 37 10895 0 47 9859 0
-9.86486 12.0528 52.8657
250 100 150
2 37 10902 0 47 9865 0
2.51467 18.4171 63.4342
250 100 150
2 37 10911 0 47 9822 0
-9.77772 12.2531 52.5957
250 100 150
2 37 10920 0 47 9884 0
-9.90246 12.371 52.747
250 100 150
2 37 10931 0 47 9891 0
-10.4156 12.4225 52.9437
250 100 150
2 37 10949 0 47 9904 0
-9.82887 12.6235 52.5758
250 100 150
2 37 10954 0 47 9913 0
-9.83372 12.8932 52.4947
250 100 150
2 37 10972 0 47 9931 0
-12.9977 17.1226 53.9187
250 100 150
2 37 11217 0 47 10131 0
-11.217 18.7541 51.165
250 100 150
2 37 11293 0 47 10204 0
-9.84127 11.8155 53.0246
250 100 150
2 37 11303 0 47 10212 0
-4.08097 -7.05386 65.6007
250 100 150
2 37 11311 0 47 10220 0
-3.71908 -7.12691 65.0049
250 100 150
2 37 11312 0 47 10221 0
-9.14955 -4.66654 66.0745
250 100 150
2 37 11355 0 47 10260 0
-9.64994 -3.91151 63.8207
250 100 150
2 37 11392 0 47 10302 0
-6.38439 -3.6826 59.6877
250 100 150
2 37 11413 0 47 10319 0
-10.5503 -0.669444 62.0285
250 100 150
2 37 11448 0 47 10356 0
-10.5478 1.23312 60.9078
250 100 150
2 37 11464 0 47 10369 0
-11.003 3.10572 59.9711
250 100 150
2 37 11492 0 47 10379 0
-11.3327 3.12846 59.0019
250 100 150
2 37 11501 0 47 10382 0
-11.0249 4.0172 58.345
250 100 150
2 37 11523 0 47 10397 0
-11.3471 4.67517 59.4057
250 100 150
2 37 11537 0 47 10408 0
-10.1911 4.94361 55.8761
250 100 150
2 37 11561 0 47 10437 0
-11.8977 6.01554 58.2566
250 100 150
2 37 11591 0 47 10483 0
-11.8605 6.58996 58.3647
250 100 150
2 37 11599 0 47 10496 0
-11.9255 6.91107 58.2923
250 100 150
2 37 11603 0 47 10500 0
-10.1462 6.97794 55.0241
250 100 150
2 37 11606 0 47 10503 0
-10.4804 7.37476 55.1823
250 100 150
2 37 11616 0 47 10513 0
-10.4553 7.71602 55.1117
250 100 150
2 37 11625 0 47 10520 0
-10.2503 8.98958 54.5624
250 100 150
2 37 11661 0 47 10550 0
-10.0875 9.09024 54.3415
250 100 150
2 37 11664 0 47 10554 0
2.54636 14.702 65.6005
250 100 150
2 37 11665 0 47 10540 0
2.61445 17.5513 63.7568
250 100 150
2 37 11744 0 47 10614 0
-9.97938 11.6837 53.0458
250 100 150
2 37 11757 0 47 10646 0
-11.865 11.4695 54.7694
250 100 150
2 37 11764 0 47 10653 0
-10.5307 11.7413 53.4278
250 100 150
2 37 11765 0 47 10655 0
-8.52132 12.2819 51.8432
250 100 150
2 37 11771 0 47 10659 0
-9.87689 12.1005 52.9244
250 100 150
2 37 11777 0 47 10663 0
-9.8236 12.4528 52.821
250 100 150
2 37 11787 0 47 10670 0
-6.22255 16.5961 67.9013
250 100 150
2 37 11793 0 47 10656 0
-13.6497 16.8147 54.1926
250 100 150
2 37 11895 0 47 10763 0
-9.92723 -2.70205 64.159
250 100 150
2 37 11993 0 47 10857 0
-9.80442 -2.7321 64.0027
250 100 150
2 37 11994 0 47 10856 0
-10.0739 -1.99408 63.7554
250 100 150
2 37 11999 0 47 10861 0
-10.6102 5.88954 56.181
250 100 150
3 37 12098 0 38 17785 0 47 10946 0
-11.9294 6.54754 58.2925
250 100 150
2 37 12109 0 47 10957 0
-10.854 8.04678 55.0245
250 100 150
2 37 12135 0 47 10983 0
-11.4095 8.39733 56.0432
250 100 150
2 37 12143 0 47 10990 0
2.46921 17.1249 64.1811
250 100 150
2 37 12206 0 47 11041 0
2.40473 18.1466 63.8756
250 100 150
2 37 12225 0 47 11062 0
-10.1798 13.1813 52.5562
250 100 150
2 37 12260 0 47 11106 0
-12.2802 17.5713 53.0218
250 100 150
2 37 12334 0 47 11168 0
-10.162 -2.17814 63.8289
250 100 150
2 37 12372 0 47 11212 0
-10.2185 -1.45494 63.7253
250 100 150
2 37 12374 0 47 11216 0
-11.5215 5.46905 57.7951
250 100 150
2 37 12406 0 47 11240 0
-14.1384 15.7859 55.5167
250 100 150
2 37 12473 0 47 11318 0
-10.0382 -2.27908 63.4843
250 100 150
2 37 12482 0 47 11330 0
-8.8952 12.7059 51.803
250 100 150
2 37 12525 0 47 11404 0
-9.91771 -3.54609 63.4616
250 100 150
2 37 12698 0 47 12192 0
-12.0307 8.21289 56.8427
250 100 150
2 37 13318 0 47 12227 0
-11.5104 10.8705 54.6657
250 100 150
2 37 13398 0 47 12242 0
-12.4047 12.5446 54.9238
250 100 150
2 37 13485 0 47 12219 0
-6.66966 16.31 68.16
250 100 150
2 37 13486 0 47 12162 0
-9.34131 -4.84679 65.2753
250 100 150
2 37 13533 0 47 12363 0
-10.111 3.01513 57.1636
250 100 150
2 37 13707 0 47 12509 0
-12.4167 15.2614 53.6939
250 100 150
2 37 13745 0 47 12606 0
-11.9485 13.1678 54.0503
250 100 150
2 37 13783 0 47 12569 0
-8.42902 -4.70207 63.4762
250 100 150
2 37 13819 0 47 12648 0
-12.1476 15.5961 53.4351
250 100 150
2 37 13930 0 47 12800 0
-8.20493 5.76342 54.13
250 100 150
2 38 2423 0 47 1064 0
-5.12258 11.6803 50.9828
250 100 150
2 39 7920 0 48 7150 0
-3.03118 -3.86725 58.8463
250 100 150
2 38 9641 0 39 9765 0
-9.03519 8.10712 53.782
250 100 150
2 38 11367 0 47 3649 0
-10.3061 12.7656 52.958
250 100 150
2 38 12215 0 47 6858 0
-10.3168 12.8489 52.9646
250 100 150
2 38 12230 0 47 6864 0
-10.0718 3.66034 56.6083
250 100 150
2 38 13880 0 47 7837 0
-4.89743 5.08877 52.7404
250 100 150
2 38 13976 0 39 14157 0
-6.22717 12.8738 50.8752
250 100 150
2 38 14719 0 39 14765 0
-10.2489 4.51443 56.4669
250 100 150
2 38 15843 0 47 9287 0
-5.55162 3.63535 53.6875
250 100 150
2 38 17139 0 39 17232 0
-9.74587 7.45292 54.4528
250 100 150
2 38 17809 0 47 10972 0
-2.32176 -6.79919 62.0654
250 100 150
2 39 35 0 48 25 0
-1.20872 -6.50706 61.3386
250 100 150
2 39 42 0 48 32 0
7.87667 -3.68202 59.1412
250 100 150
2 39 180 0 48 150 0
5.84899 -3.61123 57.5954
250 100 150
2 39 235 0 48 195 0
5.78692 -3.45123 57.7583
250 100 150
2 39 272 0 48 226 0
6.73677 -2.70155 57.9485
250 100 150
2 39 375 0 48 328 0
-4.90608 -3.71674 58.5706
250 100 150
2 39 520 0 48 480 0
-1.5336 -2.50177 55.7024
250 100 150
2 39 702 0 48 667 0
1.28109 -2.09921 54.8841
250 100 150
2 39 711 0 48 673 0
-6.05246 -2.86353 57.5408
250 100 150
2 39 738 0 48 702 0
-5.77167 -2.66866 57.0625
250 100 150
2 39 772 0 48 732 0
-5.73215 -2.60465 56.9998
250 100 150
2 39 787 0 48 746 0
-0.844804 -1.80169 55.0413
250 100 150
2 39 823 0 48 787 0
-5.72017 -2.24631 56.7403
250 100 150
2 39 853 0 48 817 0
-1.05753 -1.50669 54.9517
250 100 150
2 39 905 0 48 854 0
-2.81306 -1.60694 55.4208
250 100 150
2 39 931 0 48 873 0
-0.618545 -0.389583 54.3885
250 100 150
2 39 1177 0 48 1115 0
-3.88619 -0.555393 54.5067
250 100 150
2 39 1244 0 48 1169 0
-4.61542 -0.327168 54.6231
250 100 150
2 39 1323 0 48 1237 0
-2.93752 -0.0588736 53.961
250 100 150
2 39 1339 0 48 1263 0
0.349503 0.703382 54.0798
250 100 150
2 39 1398 0 48 1321 0
-6.42815 0.00882608 55.5345
250 100 150
2 39 1429 0 48 1343 0
0.0847417 0.834571 53.9356
250 100 150
2 39 1439 0 48 1368 0
-0.0169855 0.819664 53.8846
250 100 150
2 39 1441 0 48 1367 0
-6.41372 0.0778674 55.5081
250 100 150
2 39 1447 0 48 1360 0
-6.42228 0.156274 55.4612
250 100 150
2 39 1472 0 48 1382 0
-3.38474 0.444875 53.7645
250 100 150
2 39 1482 0 48 1402 0
-0.421023 0.983031 53.8543
250 100 150
2 39 1499 0 48 1430 0
-0.251077 1.14858 53.8039
250 100 150
2 39 1530 0 48 1464 0
-3.54642 0.731947 53.7103
250 100 150
2 39 1543 0 48 1473 0
-4.73849 0.689975 54.2696
250 100 150
2 39 1559 0 48 1485 0
-9.03769 0.884846 56.4256
250 100 150
2 39 1648 0 48 1570 0
-1.84143 1.76203 53.1361
250 100 150
2 39 1712 0 48 1639 0
-1.99007 1.7578 53.1293
250 100 150
2 39 1720 0 48 1647 0
-2.50049 1.72166 53.166
250 100 150
2 39 1729 0 48 1653 0
-2.06593 1.79744 53.1483
250 100 150
2 39 1734 0 48 1659 0
-1.99056 1.83037 53.1214
250 100 150
2 39 1740 0 48 1665 0
-2.3375 1.86311 53.1279
250 100 150
2 39 1763 0 48 1680 0
-2.16194 1.94991 53.0708
250 100 150
2 39 1777 0 48 1699 0
-6.33686 1.61261 54.8243
250 100 150
2 39 1783 0 48 1691 0
-2.29836 1.97106 53.0779
250 100 150
2 39 1792 0 48 1705 0
-2.60599 2.01052 53.1108
250 100 150
2 39 1807 0 48 1718 0
-2.53071 2.14585 53.0526
250 100 150
2 39 1827 0 48 1735 0
-7.72118 1.74473 55.4256
250 100 150
2 39 1830 0 48 1733 0
-2.54293 2.31116 53.0104
250 100 150
2 39 1861 0 48 1769 0
-0.771101 2.83029 53.3027
250 100 150
2 39 1905 0 48 1797 0
-2.58014 2.60511 52.9945
250 100 150
2 39 1916 0 48 1809 0
-6.7164 2.29551 54.7795
250 100 150
2 39 1918 0 48 1805 0
-4.25107 2.44093 53.3066
250 100 150
2 39 1922 0 48 1812 0
-2.6051 2.66258 52.9101
250 100 150
2 39 1927 0 48 1830 0
-8.03637 2.25892 55.3895
250 100 150
2 39 1929 0 48 1816 0
-4.14355 2.53271 53.2419
250 100 150
2 39 1943 0 48 1835 0
-2.66805 2.76898 52.9011
250 100 150
2 39 1966 0 48 1857 0
-7.38009 2.42766 55.0245
250 100 150
2 39 1968 0 48 1849 0
-2.57972 2.89126 52.845
250 100 150
2 39 1992 0 48 1882 0
-0.943462 3.20337 53.2825
250 100 150
2 39 1993 0 48 1888 0
-0.842125 3.36787 53.3444
250 100 150
2 39 2022 0 48 1910 0
-2.95996 3.12271 52.8139
250 100 150
2 39 2045 0 48 1925 0
-2.77129 3.19348 52.7923
250 100 150
2 39 2052 0 48 1931 0
-3.30094 3.2081 52.8148
250 100 150
2 39 2068 0 48 1945 0
-2.81013 3.2984 52.7708
250 100 150
2 39 2076 0 48 1951 0
-3.52568 3.33578 52.8304
250 100 150
2 39 2107 0 48 1977 0
-3.37358 3.37202 52.7733
250 100 150
2 39 2112 0 48 1984 0
-8.12507 3.08625 55.0899
250 100 150
2 39 2115 0 48 1969 0
-3.04236 3.46517 52.7385
250 100 150
2 39 2129 0 48 2000 0
-5.80756 3.4433 53.7326
250 100 150
2 39 2181 0 48 2055 0
-2.54655 3.7408 52.6842
250 100 150
2 39 2183 0 48 2064 0
-2.4625 3.77478 52.644
250 100 150
2 39 2191 0 48 2074 0
-5.04514 3.53897 53.3923
250 100 150
2 39 2198 0 48 2068 0
-2.29931 3.8847 52.687
250 100 150
2 39 2211 0 48 2090 0
-4.97463 4.39307 52.9046
250 100 150
2 39 2382 0 48 2227 0
-3.96479 4.63582 52.4862
250 100 150
2 39 2426 0 48 2269 0
-3.88034 4.66705 52.4327
250 100 150
2 39 2431 0 48 2273 0
-5.17715 5.43251 52.5212
250 100 150
2 39 2641 0 48 2456 0
-5.2628 5.43983 52.5737
250 100 150
2 39 2642 0 48 2455 0
-2.03503 8.87231 52.601
250 100 150
2 39 2981 0 48 2764 0
-3.15632 10.2083 51.4071
250 100 150
2 39 3171 0 48 2926 0
-4.68512 11.1112 51.1086
250 100 150
2 39 3340 0 48 3045 0
-4.61616 11.1755 51.1023
250 100 150
2 39 3348 0 48 3055 0
-11.9569 11.3238 54.523
250 100 150
2 39 3355 0 48 3035 0
-4.50668 11.3297 51.0528
250 100 150
2 39 3374 0 48 3075 0
-4.59184 11.3422 51.028
250 100 150
2 39 3382 0 48 3078 0
-4.49047 11.3944 51.0287
250 100 150
2 39 3389 0 48 3084 0
-4.47015 11.4536 51.0274
250 100 150
2 39 3401 0 48 3091 0
-4.39693 11.4709 51.0183
250 100 150
2 39 3403 0 48 3092 0
-4.3762 11.5522 51.008
250 100 150
2 39 3413 0 48 3099 0
-4.4065 11.6295 50.9799
250 100 150
2 39 3425 0 48 3108 0
-4.71975 11.7299 50.9635
250 100 150
2 39 3448 0 48 3134 0
-4.91535 11.7277 50.9866
250 100 150
2 39 3454 0 48 3135 0
-4.75795 11.8134 50.9351
250 100 150
2 39 3463 0 48 3152 0
-4.77455 11.8817 50.9383
250 100 150
2 39 3481 0 48 3170 0
-3.49765 12.3322 51.1042
250 100 150
2 39 3527 0 48 3216 0
-4.35599 13.0393 50.7422
250 100 150
2 39 3679 0 48 3347 0
-4.43636 13.107 50.7369
250 100 150
2 39 3690 0 48 3362 0
-5.52886 13.0867 50.7176
250 100 150
2 39 3719 0 48 3380 0
-6.22159 13.0985 50.7784
250 100 150
2 39 3733 0 48 3387 0
-4.70317 13.3014 50.702
250 100 150
2 39 3735 0 48 3395 0
-6.11194 13.1504 50.7186
250 100 150
2 39 3745 0 48 3394 0
-6.00089 13.2105 50.6844
250 100 150
2 39 3750 0 48 3406 0
-6.12251 13.2143 50.6966
250 100 150
2 39 3755 0 48 3408 0
-4.78783 13.4212 50.6419
250 100 150
2 39 3757 0 48 3419 0
-4.8475 13.482 50.6376
250 100 150
2 39 3768 0 48 3432 0
-4.90728 13.5649 50.5969
250 100 150
2 39 3785 0 48 3440 0
-4.91723 13.7154 50.562
250 100 150
2 39 3820 0 48 3471 0
-6.09307 13.628 50.6095
250 100 150
2 39 3832 0 48 3474 0
-5.11685 13.808 50.5159
250 100 150
2 39 3843 0 48 3481 0
-5.27022 13.873 50.5348
250 100 150
2 39 3851 0 48 3485 0
-5.74627 13.8975 50.5541
250 100 150
2 39 3861 0 48 3492 0
-5.33275 13.9803 50.4984
250 100 150
2 39 3866 0 48 3502 0
-5.66217 14.0764 50.5065
250 100 150
2 39 3883 0 48 3517 0
-5.59304 14.0815 50.4643
250 100 150
2 39 3884 0 48 3518 0
-7.34786 14.5593 50.5296
250 100 150
2 39 3989 0 48 3599 0
-7.84146 14.7656 50.5516
250 100 150
2 39 4049 0 48 3656 0
-4.4136 15.3568 50.5706
250 100 150
2 39 4063 0 48 7799 0
-5.99053 15.1281 50.3493
250 100 150
2 39 4102 0 48 3716 0
-6.13047 15.3437 50.3163
250 100 150
2 39 4147 0 48 3744 0
-4.17755 15.8447 50.5308
250 100 150
2 39 4169 0 48 3768 0
-8.55684 15.2972 50.6235
250 100 150
2 39 4183 0 48 3751 0
-6.65767 15.4707 50.2914
250 100 150
2 39 4187 0 48 3767 0
-4.71475 16.012 50.5984
250 100 150
2 39 4199 0 48 3789 0
-8.8431 15.5207 50.58
250 100 150
2 39 4214 0 48 3781 0
-8.70125 15.5182 50.5253
250 100 150
2 39 4215 0 48 3784 0
-6.88681 15.7299 50.2279
250 100 150
2 39 4223 0 48 3802 0
-4.88124 16.2561 50.4657
250 100 150
2 39 4237 0 48 3836 0
-5.18322 16.4352 50.3367
250 100 150
2 39 4276 0 48 3861 0
-9.3949 15.9999 50.7872
250 100 150
2 39 4277 0 48 3842 0
-7.1582 16.0992 50.1645
250 100 150
2 39 4282 0 48 3855 0
-5.38966 16.5656 50.2447
250 100 150
2 39 4300 0 48 3885 0
-5.38361 16.733 50.1469
250 100 150
2 39 4331 0 48 3904 0
-8.41179 16.3959 50.3454
250 100 150
2 39 4335 0 48 3894 0
-4.63199 17.1489 49.9844
250 100 150
2 39 4361 0 48 3934 0
-4.76559 17.119 49.9539
250 100 150
2 39 4362 0 48 3933 0
-5.80825 16.9886 49.9821
250 100 150
2 39 4365 0 48 3931 0
-5.13209 17.384 49.9414
250 100 150
2 39 4409 0 48 3975 0
-5.21094 17.4136 49.9586
250 100 150
2 39 4417 0 48 3980 0
-5.56328 17.551 49.9755
250 100 150
2 39 4440 0 48 3997 0
-5.71343 17.5622 50.0006
250 100 150
2 39 4444 0 48 3999 0
-5.99023 17.5293 49.9744
250 100 150
2 39 4445 0 48 4000 0
-5.9075 17.5427 50.0021
250 100 150
2 39 4446 0 48 3998 0
-5.66372 17.5811 49.9706
250 100 150
2 39 4448 0 48 4007 0
-8.23163 17.8033 50.2967
250 100 150
2 39 4511 0 48 4052 0
-6.95167 17.915 50.1207
250 100 150
2 39 4512 0 48 4064 0
-7.05901 17.9777 50.1669
250 100 150
2 39 4519 0 48 4072 0
-7.26224 18.0143 50.1296
250 100 150
2 39 4535 0 48 4084 0
-7.41637 18.009 50.1335
250 100 150
2 39 4538 0 48 4085 0
-7.46261 18.0404 50.1166
250 100 150
2 39 4544 0 48 4092 0
-7.5572 18.0666 50.1451
250 100 150
2 39 4549 0 48 4094 0
-10.4552 18.4908 51.2421
250 100 150
2 39 4573 0 48 4106 0
-10.176 18.6158 51.0167
250 100 150
2 39 4592 0 48 4118 0
2.36979 -5.8606 61.6849
250 100 150
2 39 4692 0 48 4208 0
-1.90686 -5.79061 60.2855
250 100 150
2 39 4761 0 48 4271 0
-2.11249 -5.76072 60.4621
250 100 150
2 39 4767 0 48 4278 0
-1.9892 -5.40746 59.819
250 100 150
2 39 4809 0 48 4313 0
6.50856 -4.14276 57.8657
250 100 150
2 39 4831 0 48 4325 0
6.41188 -4.11577 57.8535
250 100 150
2 39 4843 0 48 4339 0
-4.41917 -5.57006 61.1091
250 100 150
2 39 4857 0 48 4368 0
7.37993 -3.8713 58.7855
250 100 150
2 39 4867 0 48 4359 0
7.35161 -3.75566 58.7373
250 100 150
2 39 4889 0 48 4383 0
-0.778014 -4.83497 58.0946
250 100 150
2 39 4903 0 48 4407 0
6.8963 -3.30252 58.3836
250 100 150
2 39 4984 0 48 4482 0
7.75601 -3.08169 59.0441
250 100 150
2 39 4999 0 48 4504 0
7.72306 -2.97706 59.0857
250 100 150
2 39 5018 0 48 4528 0
5.16963 -3.261 57.4365
250 100 150
2 39 5041 0 48 4547 0
1.78344 -3.64969 55.8042
250 100 150
2 39 5064 0 48 4570 0
5.77806 -2.74291 57.15
250 100 150
2 39 5131 0 48 4626 0
1.45786 -3.21509 55.506
250 100 150
2 39 5173 0 48 4673 0
-0.791908 -3.45532 56.1364
250 100 150
2 39 5194 0 48 4691 0
1.34447 -3.16821 55.4974
250 100 150
2 39 5195 0 48 4692 0
4.0759 -2.29973 56.6092
250 100 150
2 39 5274 0 48 4769 0
7.99754 -1.51261 59.8876
250 100 150
2 39 5286 0 48 4783 0
-6.87872 -3.4203 58.9748
250 100 150
2 39 5334 0 48 4828 0
1.65544 -1.94544 54.7841
250 100 150
2 39 5434 0 48 4912 0
1.68586 -1.69132 54.7468
250 100 150
2 39 5484 0 48 4953 0
0.0665047 -1.89265 54.9265
250 100 150
2 39 5488 0 48 4960 0
-0.916433 -1.7538 55.0273
250 100 150
2 39 5557 0 48 5027 0
-5.67089 -2.31422 56.7752
250 100 150
2 39 5559 0 48 5025 0
-0.728139 -1.70182 54.9667
250 100 150
2 39 5565 0 48 5032 0
-0.871881 -1.67204 55.0185
250 100 150
2 39 5579 0 48 5043 0
-5.95161 -2.24806 56.7493
250 100 150
2 39 5592 0 48 5052 0
-0.957745 -1.61286 54.9562
250 100 150
2 39 5596 0 48 5062 0
-3.43486 -1.91632 55.687
250 100 150
2 39 5598 0 48 5061 0
-2.84323 -1.42186 55.2395
250 100 150
2 39 5668 0 48 5121 0
-1.36918 -0.988022 54.7476
250 100 150
2 39 5697 0 48 5151 0
-2.57737 -1.08157 55.0237
250 100 150
2 39 5703 0 48 5158 0
-1.42279 -0.898135 54.6467
250 100 150
2 39 5710 0 48 5163 0
-2.23895 -0.882404 54.7953
250 100 150
2 39 5730 0 48 5181 0
-0.131843 -0.582508 54.4044
250 100 150
2 39 5737 0 48 5192 0
-2.49958 -0.873576 54.8459
250 100 150
2 39 5739 0 48 5194 0
-5.84495 -1.23814 55.8784
250 100 150
2 39 5747 0 48 5199 0
-0.384448 -0.505304 54.3676
250 100 150
2 39 5765 0 48 5223 0
0.201624 -0.422628 54.2833
250 100 150
2 39 5766 0 48 5224 0
-0.629557 -0.539214 54.3476
250 100 150
2 39 5768 0 48 5222 0
0.375604 -0.3952 54.2474
250 100 150
2 39 5770 0 48 5227 0
-0.286308 -0.458832 54.3964
250 100 150
2 39 5773 0 48 5230 0
0.313038 -0.28184 54.2077
250 100 150
2 39 5793 0 48 5252 0
-0.567925 -0.381863 54.3115
250 100 150
2 39 5798 0 48 5256 0
-6.96503 -1.00092 56.1187
250 100 150
2 39 5815 0 48 5269 0
-4.00964 -0.560042 54.544
250 100 150
2 39 5833 0 48 5289 0
-4.25711 -0.545507 54.6467
250 100 150
2 39 5837 0 48 5293 0
-6.90444 -0.788086 56.0246
250 100 150
2 39 5839 0 48 5292 0
-3.84464 -0.345036 54.3779
250 100 150
2 39 5858 0 48 5312 0
-3.047 -0.244819 54.0685
250 100 150
2 39 5863 0 48 5316 0
-3.72154 -0.301544 54.2697
250 100 150
2 39 5865 0 48 5319 0
-4.21939 -0.227587 54.5267
250 100 150
2 39 5888 0 48 5335 0
-3.05102 -0.04787 53.9647
250 100 150
2 39 5905 0 48 5353 0
-4.49525 -0.0664855 54.4561
250 100 150
2 39 5937 0 48 5379 0
-0.430419 0.769342 53.9087
250 100 150
2 39 6002 0 48 5446 0
-8.33746 -0.0446965 56.3741
250 100 150
2 39 6014 0 48 5448 0
-6.51489 0.225306 55.4656
250 100 150
2 39 6031 0 48 5467 0
-3.46863 0.475617 53.7664
250 100 150
2 39 6035 0 48 5470 0
-6.39238 0.304452 55.3559
250 100 150
2 39 6051 0 48 5481 0
-0.391457 1.01201 53.7408
250 100 150
2 39 6056 0 48 5497 0
-7.01406 0.412613 55.5233
250 100 150
2 39 6093 0 48 5513 0
-4.90582 0.793298 54.4253
250 100 150
2 39 6128 0 48 5551 0
-7.50253 0.685625 55.636
250 100 150
2 39 6145 0 48 5563 0
-6.21966 0.965489 55.0663
250 100 150
2 39 6169 0 48 5587 0
-8.14322 1.01978 55.779
250 100 150
2 39 6219 0 48 5627 0
-1.50085 1.66573 53.2669
250 100 150
2 39 6221 0 48 5641 0
-1.40971 1.86868 53.2264
250 100 150
2 39 6275 0 48 5686 0
-2.43408 1.75794 53.1884
250 100 150
2 39 6282 0 48 5691 0
-3.41962 1.66008 53.3654
250 100 150
2 39 6288 0 48 5692 0
-2.37286 1.80071 53.1457
250 100 150
2 39 6294 0 48 5701 0
-2.2783 1.81892 53.1272
250 100 150
2 39 6296 0 48 5702 0
-6.42021 1.49685 54.8671
250 100 150
2 39 6303 0 48 5704 0
-1.73753 2.0222 53.0736
250 100 150
2 39 6321 0 48 5736 0
-2.65034 1.90079 53.1164
250 100 150
2 39 6326 0 48 5734 0
-1.55591 2.15758 53.2558
250 100 150
2 39 6339 0 48 5751 0
-2.60624 2.06135 53.0741
250 100 150
2 39 6352 0 48 5761 0
-2.4592 2.08905 53.0847
250 100 150
2 39 6353 0 48 5763 0
-7.63074 1.73869 55.4418
250 100 150
2 39 6367 0 48 5769 0
-4.224 2.11792 53.4171
250 100 150
2 39 6394 0 48 5807 0
-2.51775 2.53807 52.9692
250 100 150
2 39 6435 0 48 5847 0
-2.72347 2.54456 52.9435
250 100 150
2 39 6442 0 48 5852 0
-0.902805 2.89875 53.2623
250 100 150
2 39 6448 0 48 5862 0
-2.67189 2.62179 52.9141
250 100 150
2 39 6451 0 48 5865 0
-0.895937 3.12313 53.2902
250 100 150
2 39 6494 0 48 5919 0
-0.768656 3.13649 53.2956
250 100 150
2 39 6495 0 48 5917 0
-6.06034 2.58615 54.3207
250 100 150
2 39 6514 0 48 5916 0
-2.58221 2.97077 52.8592
250 100 150
2 39 6546 0 48 5945 0
-2.86607 2.98717 52.8298
250 100 150
2 39 6557 0 48 5960 0
-8.45395 2.63216 55.4227
250 100 150
2 39 6571 0 48 5950 0
-2.87789 3.08043 52.8105
250 100 150
2 39 6579 0 48 5974 0
-6.08062 2.88993 54.1403
250 100 150
2 39 6588 0 48 5975 0
-2.93699 3.18636 52.7904
250 100 150
2 39 6595 0 48 5986 0
-3.97373 3.09937 52.9148
250 100 150
2 39 6600 0 48 5993 0
-3.39823 3.16333 52.8225
250 100 150
2 39 6602 0 48 5995 0
-3.81995 3.12787 52.9369
250 100 150
2 39 6608 0 48 5994 0
-2.98719 3.27082 52.7606
250 100 150
2 39 6616 0 48 6007 0
-3.39933 3.26299 52.8208
250 100 150
2 39 6629 0 48 6017 0
-3.09694 3.31805 52.7837
250 100 150
2 39 6634 0 48 6022 0
-3.43912 3.36594 52.8097
250 100 150
2 39 6662 0 48 6039 0
-2.55207 3.66614 52.6912
250 100 150
2 39 6705 0 48 6089 0
-2.62233 3.73677 52.6848
250 100 150
2 39 6731 0 48 6115 0
-2.43389 3.79861 52.6678
250 100 150
2 39 6744 0 48 6125 0
-6.74513 3.82898 54.0114
250 100 150
2 39 6818 0 48 6189 0
-5.90833 4.16316 53.386
250 100 150
2 39 6881 0 48 2199 0
-5.07549 4.23198 53.0256
250 100 150
2 39 6882 0 48 6250 0
-9.39137 4.14646 55.422
250 100 150
2 39 6898 0 48 6254 0
-2.09133 4.72173 52.6323
250 100 150
2 39 6902 0 48 6268 0
-3.87706 4.74587 52.4182
250 100 150
2 39 6938 0 48 6303 0
-2.45562 7.98642 52.0615
250 100 150
2 39 7259 0 48 6588 0
-4.41652 10.7065 51.2155
250 100 150
2 39 7721 0 48 6971 0
-4.612 11.1449 51.0937
250 100 150
2 39 7809 0 48 7048 0
-4.55599 11.3899 51.0484
250 100 150
2 39 7859 0 48 7087 0
-4.45499 11.5404 50.9949
250 100 150
2 39 7882 0 48 7108 0
-4.93359 11.6716 51.0211
250 100 150
2 39 7915 0 48 7142 0
-4.73776 13.4989 50.6146
250 100 150
2 39 8278 0 48 7487 0
-6.1252 13.6917 50.6006
250 100 150
2 39 8343 0 48 7539 0
-5.45806 13.8923 50.5385
250 100 150
2 39 8367 0 48 7566 0
-10.8368 14.3532 52.4002
250 100 150
2 39 8458 0 48 7625 0
-11.223 14.5612 52.6679
250 100 150
2 39 8480 0 48 7648 0
-7.35123 14.4374 50.609
250 100 150
2 39 8507 0 48 7689 0
-11.1276 14.8885 52.3683
250 100 150
2 39 8547 0 48 7702 0
-5.92328 14.8491 50.3657
250 100 150
2 39 8553 0 48 7740 0
-5.8606 14.9229 50.382
250 100 150
2 39 8563 0 48 7755 0
-7.56548 14.8009 50.5222
250 100 150
2 39 8583 0 48 7754 0
-7.66299 14.8283 50.5048
250 100 150
2 39 8592 0 48 7762 0
-5.91532 15.1323 50.3271
250 100 150
2 39 8618 0 48 7803 0
-5.9643 15.1939 50.2953
250 100 150
2 39 8633 0 48 7819 0
-5.65881 15.5541 50.4483
250 100 150
2 39 8679 0 48 7866 0
-8.593 15.1843 50.6039
250 100 150
2 39 8683 0 48 7845 0
-5.44443 15.6418 50.5198
250 100 150
2 39 8690 0 48 7872 0
-4.73423 15.8097 50.6075
250 100 150
2 39 8692 0 48 7883 0
-5.5315 15.6389 50.4811
250 100 150
2 39 8699 0 48 7880 0
-5.25911 15.7142 50.5342
250 100 150
2 39 8702 0 48 7882 0
-5.15612 15.7493 50.5117
250 100 150
2 39 8708 0 48 7890 0
-5.37764 15.7134 50.4835
250 100 150
2 39 8711 0 48 7889 0
-4.98956 15.7936 50.5107
250 100 150
2 39 8713 0 48 7895 0
-14.319 16.3259 54.6443
250 100 150
2 39 8729 0 48 7840 0
-8.79999 15.3887 50.5792
250 100 150
2 39 8740 0 48 7886 0
-8.80566 15.5027 50.6012
250 100 150
2 39 8752 0 48 7912 0
-4.80755 16.171 50.5171
250 100 150
2 39 8761 0 48 7943 0
-7.14382 15.8174 50.2521
250 100 150
2 39 8781 0 48 7944 0
-9.26484 15.8577 50.6974
250 100 150
2 39 8801 0 48 7956 0
-5.19792 16.3451 50.4021
250 100 150
2 39 8803 0 48 7994 0
-5.18165 16.5278 50.35
250 100 150
2 39 8842 0 48 8035 0
-10.561 16.8071 51.717
250 100 150
2 39 8914 0 48 8067 0
-8.35398 16.5725 50.3671
250 100 150
2 39 8920 0 48 8086 0
-4.72769 17.0722 49.9516
250 100 150
2 39 8939 0 48 8128 0
-5.91049 17.0099 49.9901
250 100 150
2 39 8955 0 48 8134 0
-6.82395 17.5873 50.0344
250 100 150
2 39 9068 0 48 8239 0
-6.88858 17.6772 50.0519
250 100 150
2 39 9081 0 48 8255 0
-7.82984 17.9089 50.2827
250 100 150
2 39 9123 0 48 8294 0
-7.30534 17.9427 50.1146
250 100 150
2 39 9132 0 48 8303 0
-2.14669 -6.849 62.0555
250 100 150
2 39 9311 0 48 8468 0
-0.157945 -5.66842 59.4487
250 100 150
2 39 9381 0 48 8522 0
-1.96797 -5.41453 59.8233
250 100 150
2 39 9421 0 48 8556 0
1.83159 -4.82135 58.0933
250 100 150
2 39 9439 0 48 8567 0
5.81683 -3.87468 57.5214
250 100 150
2 39 9533 0 48 8654 0
3.2125 -4.15725 56.3598
250 100 150
2 39 9548 0 48 8674 0
6.22028 -3.33345 57.9416
250 100 150
2 39 9620 0 48 8745 0
7.76893 -3.08707 59.0596
250 100 150
2 39 9621 0 48 8746 0
-1.01148 -4.3597 57.3796
250 100 150
2 39 9623 0 48 8751 0
1.78186 -3.66407 55.8237
250 100 150
2 39 9677 0 48 8795 0
-0.00415704 -3.79318 56.2439
250 100 150
2 39 9693 0 48 8816 0
4.72212 -3.09085 57.2498
250 100 150
2 39 9696 0 48 8812 0
6.62938 -2.73758 57.9871
250 100 150
2 39 9710 0 48 8825 0
-2.25905 -3.99028 57.727
250 100 150
2 39 9715 0 48 8835 0
-5.19601 -4.29309 59.3668
250 100 150
2 39 9733 0 48 8858 0
0.555348 -3.53117 55.8907
250 100 150
2 39 9744 0 48 8867 0
5.80526 -2.74166 57.2979
250 100 150
2 39 9745 0 48 8868 0
-2.88867 -3.92076 57.8228
250 100 150
2 39 9758 0 48 8883 0
-1.01169 -3.51177 56.3653
250 100 150
2 39 9799 0 48 8920 0
-5.0084 -3.79855 58.7289
250 100 150
2 39 9834 0 48 8952 0
-2.23826 -3.25152 56.5792
250 100 150
2 39 9879 0 48 8993 0
-1.46981 -3.03885 56.0045
250 100 150
2 39 9898 0 48 9016 0
3.36755 -2.06494 56.4629
250 100 150
2 39 9945 0 48 9052 0
1.53609 -1.84347 54.7493
250 100 150
2 39 10040 0 48 9143 0
0.0614235 -1.91184 54.8917
250 100 150
2 39 10060 0 48 9159 0
-5.71952 -2.5066 56.8601
250 100 150
2 39 10084 0 48 9180 0
-5.76799 -2.1364 56.6913
250 100 150
2 39 10155 0 48 9243 0
-0.0679537 -0.752985 54.3914
250 100 150
2 39 10242 0 48 9315 0
0.0826474 -0.59753 54.311
250 100 150
2 39 10259 0 48 9328 0
-1.61698 -0.806547 54.6166
250 100 150
2 39 10260 0 48 9327 0
-0.389473 -0.519268 54.3651
250 100 150
2 39 10280 0 48 9345 0
0.209778 -0.422493 54.2355
250 100 150
2 39 10289 0 48 9351 0
0.363991 -0.391709 54.2606
250 100 150
2 39 10291 0 48 9354 0
-4.57771 -0.955151 54.9334
250 100 150
2 39 10304 0 48 9361 0
-0.69751 -0.449358 54.329
250 100 150
2 39 10305 0 48 9363 0
-0.466877 -0.417675 54.3343
250 100 150
2 39 10306 0 48 9364 0
-0.580922 -0.368201 54.3105
250 100 150
2 39 10316 0 48 9372 0
-3.89718 -0.257254 54.3657
250 100 150
2 39 10371 0 48 9423 0
-3.54029 -0.237519 54.1633
250 100 150
2 39 10372 0 48 9421 0
-2.98422 0.0248675 53.9569
250 100 150
2 39 10409 0 48 9451 0
-3.24376 0.0156149 53.8755
250 100 150
2 39 10414 0 48 9457 0
-3.18172 0.164023 53.8777
250 100 150
2 39 10431 0 48 9472 0
-3.61629 0.674965 53.7675
250 100 150
2 39 10521 0 48 9556 0
-7.06312 0.533747 55.5543
250 100 150
2 39 10546 0 48 9567 0
-2.87117 1.09984 53.448
250 100 150
2 39 10576 0 48 9601 0
-1.50141 1.65371 53.2518
250 100 150
2 39 10625 0 48 9651 0
-2.52654 1.86327 53.1429
250 100 150
2 39 10696 0 48 9707 0
-1.68903 2.07181 53.2355
250 100 150
2 39 10715 0 48 9724 0
-2.52445 1.99098 53.1252
250 100 150
2 39 10719 0 48 9730 0
-2.261 2.0259 53.0708
250 100 150
2 39 10720 0 48 9731 0
-6.21693 1.71582 54.7645
250 100 150
2 39 10724 0 48 9728 0
-4.39376 1.95444 53.5605
250 100 150
2 39 10745 0 48 9753 0
-2.55575 2.16283 53.0442
250 100 150
2 39 10746 0 48 9754 0
-4.28913 2.04183 53.5661
250 100 150
2 39 10750 0 48 9761 0
-0.756854 2.89755 53.3025
250 100 150
2 39 10790 0 48 9807 0
-0.918719 2.91235 53.2712
250 100 150
2 39 10797 0 48 9813 0
-0.816526 3.01814 53.2807
250 100 150
2 39 10810 0 48 9837 0
-0.757157 3.1339 53.3035
250 100 150
2 39 10831 0 48 9857 0
-2.86472 2.97182 52.8206
250 100 150
2 39 10871 0 48 9887 0
-2.6926 3.05137 52.8533
250 100 150
2 39 10884 0 48 9892 0
-3.82313 3.12481 52.974
250 100 150
2 39 10906 0 48 9914 0
-0.358614 3.81848 54.0222
250 100 150
2 39 10907 0 48 9924 0
-3.37522 3.17788 52.826
250 100 150
2 39 10911 0 48 9918 0
-3.67461 3.14984 52.8402
250 100 150
2 39 10913 0 48 9919 0
-3.17356 3.23444 52.8023
250 100 150
2 39 10914 0 48 9923 0
-4.28018 3.22208 53.0234
250 100 150
2 39 10935 0 48 9942 0
-2.84259 3.44024 52.7035
250 100 150
2 39 10946 0 48 9960 0
-3.42805 3.37683 52.8042
250 100 150
2 39 10951 0 48 9958 0
-3.27112 3.39688 52.7839
250 100 150
2 39 10952 0 48 9959 0
-2.35296 3.76994 52.7257
250 100 150
2 39 11004 0 48 10011 0
-2.41526 3.80527 52.683
250 100 150
2 39 11013 0 48 10018 0
-6.8019 3.5316 54.0992
250 100 150
2 39 11029 0 48 10023 0
-5.46627 3.72251 53.5244
250 100 150
2 39 11042 0 48 10037 0
-1.94222 4.56093 52.683
250 100 150
2 39 11104 0 48 10106 0
-9.28484 4.10715 55.3143
250 100 150
2 39 11124 0 48 10104 0
-3.46982 5.68817 52.1925
250 100 150
2 39 11308 0 48 10286 0
-3.51556 7.52269 51.788
250 100 150
2 39 11490 0 48 10453 0
-3.39548 9.61476 51.4805
250 100 150
2 39 11732 0 48 10699 0
-3.42751 9.72306 51.4657
250 100 150
2 39 11748 0 48 10709 0
5.96999 14.7667 62.5616
250 100 150
2 39 11761 0 48 10742 0
-3.17842 9.94015 51.4321
250 100 150
2 39 11766 0 48 10724 0
-5.03174 11.7208 50.9644
250 100 150
2 39 12031 0 48 10963 0
-5.19172 11.8686 50.9731
250 100 150
2 39 12070 0 48 10999 0
-3.62939 12.7653 50.9358
250 100 150
2 39 12167 0 48 11102 0
-8.07373 12.8183 51.2484
250 100 150
2 39 12259 0 48 11164 0
-5.92519 13.2049 50.6687
250 100 150
2 39 12306 0 48 11228 0
-4.88789 13.6408 50.6283
250 100 150
2 39 12347 0 48 11283 0
-4.32886 14.3838 50.7006
250 100 150
2 39 12439 0 48 11381 0
-4.46872 14.3498 50.6355
250 100 150
2 39 12445 0 48 11380 0
-7.55615 14.7743 50.4881
250 100 150
2 39 12558 0 48 11476 0
-4.4475 15.4104 50.6825
250 100 150
2 39 12569 0 48 11515 0
-9.2069 14.8536 51.0172
250 100 150
2 39 12574 0 48 11483 0
-5.90924 15.1423 50.3201
250 100 150
2 39 12589 0 48 11519 0
-5.85312 15.2883 50.4164
250 100 150
2 39 12605 0 48 11532 0
-8.47175 15.1794 50.613
250 100 150
2 39 12634 0 48 11547 0
-4.592 15.7644 50.5834
250 100 150
2 39 12636 0 48 11569 0
-5.44267 15.6242 50.5165
250 100 150
2 39 12641 0 48 11563 0
-8.58424 15.185 50.5901
250 100 150
2 39 12645 0 48 11549 0
-8.80707 15.3884 50.5811
250 100 150
2 39 12681 0 48 11580 0
-4.82263 16.0348 50.5744
250 100 150
2 39 12684 0 48 11609 0
-8.81579 15.517 50.5964
250 100 150
2 39 12690 0 48 11597 0
-8.96661 15.7134 50.6082
250 100 150
2 39 12709 0 48 11616 0
-4.3856 16.5509 50.1479
250 100 150
2 39 12755 0 48 11692 0
-8.3063 16.7211 50.2885
250 100 150
2 39 12830 0 48 11736 0
-4.96527 17.3174 49.8782
250 100 150
2 39 12863 0 48 11786 0
-5.76724 17.3719 49.9816
250 100 150
2 39 12881 0 48 11800 0
-6.32609 17.5412 50.0503
250 100 150
2 39 12908 0 48 11820 0
-7.14749 17.8351 50.131
250 100 150
2 39 12945 0 48 11850 0
-8.44106 17.7986 50.3007
250 100 150
2 39 12957 0 48 11852 0
-7.13825 17.9722 50.128
250 100 150
2 39 12967 0 48 11874 0
-8.31759 18.3253 50.2968
250 100 150
2 39 13011 0 48 11913 0
-10.2439 18.5984 51.1246
250 100 150
2 39 13025 0 48 11918 0
-9.63946 18.673 50.921
250 100 150
2 39 13036 0 48 11929 0
-1.40113 -5.44615 59.6515
250 100 150
2 39 13151 0 48 12037 0
0.350629 -5.01838 57.8279
250 100 150
2 39 13166 0 48 12050 0
-4.06245 -5.32097 60.5989
250 100 150
2 39 13207 0 48 12093 0
7.8968 -2.87235 59.2361
250 100 150
2 39 13282 0 48 12162 0
-2.69267 -4.11307 57.4451
250 100 150
2 39 13309 0 48 12192 0
4.7309 -3.04071 57.1332
250 100 150
2 39 13312 0 48 12193 0
6.56473 -2.76685 57.7601
250 100 150
2 39 13313 0 48 12195 0
5.01309 -2.98459 57.2351
250 100 150
2 39 13319 0 48 12194 0
7.05985 -2.67745 58.022
250 100 150
2 39 13320 0 48 12196 0
-4.90265 -4.31096 59.3241
250 100 150
2 39 13321 0 48 12204 0
-4.85181 -4.2243 59.1438
250 100 150
2 39 13335 0 48 12220 0
5.84715 -2.75893 57.3563
250 100 150
2 39 13337 0 48 12218 0
4.3141 -2.96082 56.8121
250 100 150
2 39 13346 0 48 12225 0
-0.587593 -3.57418 56.3416
250 100 150
2 39 13365 0 48 12242 0
3.90279 -2.92913 56.7982
250 100 150
2 39 13366 0 48 12243 0
-0.576839 -3.36882 56.4007
250 100 150
2 39 13395 0 48 12270 0
8.60547 -1.35337 59.7838
250 100 150
2 39 13449 0 48 12324 0
3.89956 -2.15055 56.721
250 100 150
2 39 13452 0 48 12323 0
3.64603 -2.17574 56.5221
250 100 150
2 39 13456 0 48 12327 0
-0.0916559 -0.678889 54.3277
250 100 150
2 39 13616 0 48 12475 0
-0.396924 -0.562819 54.3277
250 100 150
2 39 13628 0 48 12487 0
-6.67151 -1.13692 56.098
250 100 150
2 39 13643 0 48 12501 0
-4.19361 -0.834835 54.8499
250 100 150
2 39 13644 0 48 12503 0
-3.9984 -0.70171 54.7225
250 100 150
2 39 13651 0 48 12510 0
-3.03309 -0.139186 54.0558
250 100 150
2 39 13682 0 48 12533 0
-3.16299 0.156349 53.8867
250 100 150
2 39 13705 0 48 12557 0
-6.51466 0.0661286 55.5288
250 100 150
2 39 13719 0 48 12573 0
-6.24882 0.248928 55.447
250 100 150
2 39 13735 0 48 12589 0
-6.06321 0.294947 55.4836
250 100 150
2 39 13737 0 48 12590 0
-5.88847 0.500538 55.3931
250 100 150
2 39 13757 0 48 12604 0
-2.86372 1.07198 53.4559
250 100 150
2 39 13784 0 48 12634 0
-2.58723 1.71132 53.2021
250 100 150
2 39 13835 0 48 12681 0
-2.34783 1.76967 53.1472
250 100 150
2 39 13836 0 48 12684 0
-2.17691 1.8838 53.1198
250 100 150
2 39 13846 0 48 12694 0
-3.7533 1.96635 53.416
250 100 150
2 39 13867 0 48 12711 0
-1.27625 2.3951 53.3798
250 100 150
2 39 13874 0 48 12717 0
-6.52436 2.32642 54.6155
250 100 150
2 39 13895 0 48 12737 0
-0.722297 3.15443 53.3294
250 100 150
2 39 13914 0 48 12762 0
-3.36221 3.21343 52.8204
250 100 150
2 39 13964 0 48 12799 0
-3.60321 3.30804 52.805
250 100 150
2 39 13979 0 48 12815 0
-3.1429 3.40239 52.7273
250 100 150
2 39 13980 0 48 12819 0
-2.83922 3.55497 52.6128
250 100 150
2 39 13991 0 48 12833 0
-7.46602 3.48072 54.4136
250 100 150
2 39 14023 0 48 12853 0
-5.28134 3.70536 53.6171
250 100 150
2 39 14025 0 48 12857 0
-5.99432 4.11549 53.4755
250 100 150
2 39 14062 0 48 12903 0
-9.24232 4.80939 55.0787
250 100 150
2 39 14142 0 48 12982 0
-3.91679 5.26138 52.1401
250 100 150
2 39 14176 0 48 13031 0
-4.7567 5.283 52.4567
250 100 150
2 39 14184 0 48 13041 0
-4.32525 5.32953 52.2795
250 100 150
2 39 14187 0 48 13044 0
-4.46794 5.40206 52.2707
250 100 150
2 39 14197 0 48 13050 0
-3.66773 5.83781 52.1095
250 100 150
2 39 14225 0 48 13083 0
-2.13733 6.55552 52.3944
250 100 150
2 39 14261 0 48 13106 0
-3.29403 6.69861 52.0252
250 100 150
2 39 14291 0 48 13128 0
-3.09169 7.2199 51.9324
250 100 150
2 39 14321 0 48 13151 0
-2.28085 9.13234 52.5302
250 100 150
2 39 14415 0 48 13256 0
-2.31749 9.65551 52.3213
250 100 150
2 39 14443 0 48 13291 0
-4.89774 11.6499 51.0198
250 100 150
2 39 14607 0 48 13429 0
-3.44658 12.1548 51.1714
250 100 150
2 39 14639 0 48 13470 0
-4.38239 11.9943 50.9494
250 100 150
2 39 14651 0 48 13471 0
-3.61363 12.2264 51.0259
250 100 150
2 39 14664 0 48 13482 0
-4.44227 15.3498 50.6429
250 100 150
2 39 14942 0 48 13760 0
-8.50262 15.3928 50.6577
250 100 150
2 39 15005 0 48 13794 0
-8.82843 15.3848 50.5755
250 100 150
2 39 15009 0 48 13798 0
-5.37584 16.6824 50.133
250 100 150
2 39 15063 0 48 13866 0
-5.66944 17.5686 50.0844
250 100 150
2 39 15111 0 48 13913 0
-6.41245 17.7494 50.1079
250 100 150
2 39 15128 0 48 13931 0
-6.79208 17.7574 50.0988
250 100 150
2 39 15130 0 48 13934 0
-5.32994 18.0216 49.9042
250 100 150
2 39 15141 0 48 13952 0
-7.14034 17.9753 50.1131
250 100 150
2 39 15152 0 48 13954 0
-7.4963 18.0941 50.2083
250 100 150
2 39 15160 0 48 13962 0
-8.03592 18.1843 50.242
250 100 150
2 39 15163 0 48 13968 0
-0.740106 -7.25859 61.8961
250 100 150
2 39 15233 0 48 14016 0
0.350048 -6.81001 61.3539
250 100 150
2 39 15242 0 48 14025 0
0.952489 -6.11185 60.6384
250 100 150
2 39 15264 0 48 14045 0
1.64985 -5.99527 61.4723
250 100 150
2 39 15266 0 48 14047 0
0.341684 -5.03709 57.419
250 100 150
2 39 15294 0 48 14073 0
-0.443488 -5.07646 58.2163
250 100 150
2 39 15308 0 48 14083 0
0.729244 -4.82045 57.3879
250 100 150
2 39 15317 0 48 14093 0
-0.736522 -5.0169 58.2317
250 100 150
2 39 15320 0 48 14092 0
-0.800993 -4.61067 57.7224
250 100 150
2 39 15357 0 48 14133 0
7.91021 -2.90669 59.172
250 100 150
2 39 15389 0 48 14161 0
-2.65517 -4.06143 57.5813
250 100 150
2 39 15411 0 48 14191 0
4.15538 -3.07897 57.0231
250 100 150
2 39 15413 0 48 14192 0
6.82128 -2.65731 57.9705
250 100 150
2 39 15418 0 48 14195 0
-5.16185 -4.17676 59.2952
250 100 150
2 39 15433 0 48 14215 0
-3.71697 -3.83849 58.0634
250 100 150
2 39 15457 0 48 14236 0
-2.13295 -3.50307 56.812
250 100 150
2 39 15473 0 48 14251 0
-4.43949 -3.67016 58.0078
250 100 150
2 39 15480 0 48 14266 0
-3.95807 -0.714056 54.7547
250 100 150
2 39 15634 0 48 14423 0
-6.76277 -0.0260696 55.4814
250 100 150
2 39 15669 0 48 14457 0
-3.23736 0.784485 53.5961
250 100 150
2 39 15696 0 48 14481 0
-7.29106 0.575945 55.5839
250 100 150
2 39 15700 0 48 14488 0
0.962513 1.98918 54.8278
250 100 150
2 39 15709 0 48 14503 0
-1.67999 2.16322 53.1965
250 100 150
2 39 15747 0 48 14541 0
-2.69076 2.01593 53.0701
250 100 150
2 39 15749 0 48 14540 0
-3.63138 3.3155 52.8107
250 100 150
2 39 15818 0 48 14604 0
-3.18007 3.40711 52.7562
250 100 150
2 39 15822 0 48 14607 0
-5.54231 3.38091 53.7058
250 100 150
2 39 15829 0 48 14615 0
-8.03981 3.60377 54.7793
250 100 150
2 39 15848 0 48 14636 0
-8.83492 3.97765 54.8044
250 100 150
2 39 15873 0 48 14663 0
-1.32689 4.75392 53.1164
250 100 150
2 39 15874 0 48 14669 0
-0.210541 5.44215 53.7984
250 100 150
2 39 15895 0 48 14698 0
-3.84825 4.87833 52.378
250 100 150
2 39 15921 0 48 14718 0
-0.91254 7.62781 53.0111
250 100 150
2 39 16127 0 48 14921 0
-1.95174 9.18594 52.5187
250 100 150
2 39 16235 0 48 15032 0
-3.80945 8.7701 51.639
250 100 150
2 39 16239 0 48 15034 0
-11.1599 10.806 54.1862
250 100 150
2 39 16363 0 48 15130 0
-5.65695 11.3432 51.066
250 100 150
2 39 16409 0 48 15191 0
-5.77636 11.4251 51.1672
250 100 150
2 39 16417 0 48 15198 0
-4.16171 11.6897 50.9826
250 100 150
2 39 16424 0 48 15209 0
-3.63665 12.2105 50.9097
250 100 150
2 39 16480 0 48 15262 0
2.39673 18.4669 63.9172
250 100 150
2 39 16516 0 48 15311 0
-4.31494 12.8937 50.7362
250 100 150
2 39 16538 0 48 15322 0
3.73198 18.7635 61.6908
250 100 150
2 39 16559 0 48 15370 0
-7.43656 14.6676 50.4884
250 100 150
2 39 16688 0 48 15455 0
-5.55753 15.4846 50.4721
250 100 150
2 39 16718 0 48 15487 0
-4.78325 15.6776 50.497
250 100 150
2 39 16722 0 48 15492 0
-8.66439 15.7415 50.6427
250 100 150
2 39 16749 0 48 15503 0
-5.00008 16.4118 50.4088
250 100 150
2 39 16758 0 48 15521 0
-4.86923 17.1996 49.9332
250 100 150
2 39 16807 0 48 15574 0
-8.51432 17.1177 50.2418
250 100 150
2 39 16824 0 48 15579 0
-5.64772 17.5206 50.0012
250 100 150
2 39 16829 0 48 15591 0
-6.05842 17.8177 50.0375
250 100 150
2 39 16848 0 48 15606 0
-5.29857 18.1147 50.151
250 100 150
2 39 16857 0 48 15617 0
-5.38287 18.2283 49.9435
250 100 150
2 39 16867 0 48 15633 0
-9.23382 18.7294 51.0506
250 100 150
2 39 16918 0 48 15657 0
1.34742 -6.36109 61.5313
250 100 150
2 39 16966 0 48 15708 0
-1.28073 -4.82836 58.5309
250 100 150
2 39 17002 0 48 15741 0
6.6754 -3.25212 58.3949
250 100 150
2 39 17013 0 48 15756 0
-2.21614 -4.14045 57.6026
250 100 150
2 39 17030 0 48 15771 0
5.94863 -2.79362 57.4183
250 100 150
2 39 17036 0 48 15778 0
6.33467 -2.63845 57.7788
250 100 150
2 39 17042 0 48 15780 0
-2.05722 -3.40682 56.7335
250 100 150
2 39 17064 0 48 15802 0
2.5183 -1.71969 55.5686
250 100 150
2 39 17091 0 48 15825 0
1.62937 -0.687293 55.0455
250 100 150
2 39 17106 0 48 15839 0
-4.25912 -0.741339 54.7238
250 100 150
2 39 17122 0 48 15854 0
-4.01598 -0.413854 54.5512
250 100 150
2 39 17131 0 48 15861 0
-4.39104 -0.373676 54.5344
250 100 150
2 39 17132 0 48 15862 0
-3.11299 -0.140013 54.011
250 100 150
2 39 17134 0 48 15863 0
-6.51241 0.0530298 55.5856
250 100 150
2 39 17141 0 48 15869 0
-2.99992 1.30499 53.3818
250 100 150
2 39 17164 0 48 15888 0
-2.78334 1.99234 53.0685
250 100 150
2 39 17179 0 48 15902 0
-3.1241 3.0786 52.8377
250 100 150
2 39 17203 0 48 15932 0
-2.89811 3.32636 52.7903
250 100 150
2 39 17212 0 48 15936 0
-5.43841 4.09777 53.2422
250 100 150
2 39 17245 0 48 15967 0
-1.54437 4.85212 52.9525
250 100 150
2 39 17255 0 48 15977 0
-3.15483 5.23988 52.4502
250 100 150
2 39 17285 0 48 16006 0
-3.90479 6.26819 51.9788
250 100 150
2 39 17321 0 48 16045 0
-1.06067 7.47183 53.0856
250 100 150
2 39 17333 0 48 16057 0
6.07663 14.0491 62.8456
250 100 150
2 39 17387 0 48 16117 0
-5.00185 8.91681 51.426
250 100 150
2 39 17389 0 48 16107 0
3.22781 18.3073 61.847
250 100 150
2 39 17510 0 48 16216 0
5.89686 -3.25778 58.0764
250 100 150
2 39 17707 0 48 16406 0
-1.64578 4.65148 52.9054
250 100 150
2 39 17798 0 48 16489 0
-4.86396 4.5058 52.7973
250 100 150
2 39 17805 0 48 16494 0
-3.73 5.19743 52.1931
250 100 150
2 39 17827 0 48 16512 0
-4.33976 10.9295 51.2063
250 100 150
2 39 17916 0 48 16599 0
-6.47479 12.8353 50.9594
250 100 150
2 39 17967 0 48 16640 0
-6.60043 18.1671 50.2664
250 100 150
2 39 18049 0 48 16721 0
-3.04159 5.23357 52.5123
250 100 150
2 39 18090 0 48 16775 0
-3.52272 8.71193 51.5734
250 100 150
2 39 18103 0 48 16788 0
-5.74631 8.52387 51.4021
250 100 150
2 39 18104 0 48 16789 0
-10.8784 18.0386 51.6397
250 100 150
2 39 19314 0 48 18021 0
0.159672 2.58305 54.6384
250 100 150
2 39 19343 0 48 18075 0
-2.19111 9.28162 52.4573
250 100 150
2 39 19477 0 48 18462 0
-6.25345 1.49858 54.8698
250 100 150
2 39 19615 0 48 18146 0
-2.95321 9.88142 51.6411
250 100 150
2 39 19720 0 48 18463 0
-2.9231 3.23146 52.7083
250 100 150
2 39 19805 0 48 18334 0
-4.01125 12.7461 50.8795
250 100 150
2 39 19813 0 48 18294 0
-4.92893 11.7729 50.9691
250 100 150
2 39 19833 0 48 18142 0
-8.64739 15.7756 50.543
250 100 150
2 39 19841 0 48 18126 0
-0.840053 3.09376 53.3669
250 100 150
2 39 19913 0 48 18998 0
-6.10597 14.6057 50.3911
250 100 150
2 39 19940 0 48 18382 0
-6.09345 13.156 50.6917
250 100 150
2 39 20067 0 48 18316 0
-5.36965 16.553 50.2518
250 100 150
2 39 20085 0 48 18452 0
-5.56487 17.3087 49.9678
250 100 150
2 39 20112 0 48 18640 0
1.71155 -3.49145 55.7142
250 100 150
2 39 20200 0 48 18760 0
-7.11665 15.7788 50.247
250 100 150
2 39 20221 0 48 18775 0
-5.67622 17.2692 50.0088
250 100 150
2 39 20223 0 48 18819 0
-5.84023 17.3134 49.9875
250 100 150
2 39 20259 0 48 18833 0
-6.05609 14.712 50.4184
250 100 150
2 39 20305 0 48 18853 0
-6.72227 15.6157 50.3137
250 100 150
2 39 20956 0 48 19252 0
-9.84711 8.46203 54.8713
250 100 150
2 23 14216 0 38 18084 0
-11.0417 14.5425 52.6295
250 100 150
2 23 11363 0 24 11625 0
