"Reporting Period",Label,"Release Name","Release Version","Release Artists","UPC Code",Catalogue,"Track Title","Mix Version","ISRC Code","Track Artists","Digital Service Provider","Activity Period",Territory,Delivery,"Content Type","Sale or Void",Count,"Royalty ($US)"
AUG-24,"DirtySnatcha Records","Genie In a Bottle",,"DirtySnatcha, Luci",198342437506,DSR132,"Genie In a Bottle",,GBWUL2407705,"DirtySnatcha, Luci",Spotify,"August 2024",USA,Streaming,Single,Void,0,-2.269989000000
AUG-24,"DirtySnatcha Records",Nightmare,,"In Orbit Dubz",198342501320,DSR0080A,Nightmare,,QZWDD2257336,"In Orbit Dubz",Spotify,"August 2024",USA,Streaming,Single,Void,0,-0.989534000000
AUG-24,"DirtySnatcha Records",Tartarus,,CRiiOZ,198342042182,DSR127,Psycho,,USLZJ2405590,"CRiiOZ, DSTRTN",Spotify,"August 2024",USA,Streaming,Single,Void,0,-0.837734000000
AUG-24,"DirtySnatcha Records",Tartarus,,CRiiOZ,198342042182,DSR127,"In The Walls",,USLZJ2405562,CRiiOZ,Spotify,"August 2024",USA,Streaming,Single,Void,0,-0.427756000000
AUG-24,"DirtySnatcha Records","Fog Horn",,DENNETT,198342502969,DSR0074A,"Fog Horn",,QZTRX2237730,DENNETT,Spotify,"August 2024",USA,Streaming,Single,Void,0,-0.227038000000
AUG-24,"DirtySnatcha Records","Genie In a Bottle",,"DirtySnatcha, Luci",198342437506,DSR132,"Genie In a Bottle",,GBWUL2407705,"DirtySnatcha, Luci",Spotify,"August 2024",CAN,Streaming,Single,Void,0,-0.149673000000
AUG-24,"DirtySnatcha Records",Whoa,,"KirbyBright, Devious",198342485866,DSR133,Whoa,,GBWUL2431903,"KirbyBright, Devious",Spotify,"August 2024",USA,Streaming,Single,Void,0,-0.111896000000
AUG-24,"DirtySnatcha Records",Nightmare,,"In Orbit Dubz",198342501320,DSR0080A,Nightmare,,QZWDD2257336,"In Orbit Dubz",Spotify,"August 2024",CAN,Streaming,Single,Void,0,-0.070593000000
AUG-24,"DirtySnatcha Records","Genie In a Bottle",,"DirtySnatcha, Luci",198342437506,DSR132,"Genie In a Bottle",,GBWUL2407705,"DirtySnatcha, Luci",Spotify,"August 2024",AUS,Streaming,Single,Void,0,-0.064729000000
AUG-24,"DirtySnatcha Records","Genie In a Bottle",,"DirtySnatcha, Luci",198342437506,DSR132,"Genie In a Bottle",,GBWUL2407705,"DirtySnatcha, Luci",Spotify,"August 2024",GBR,Streaming,Single,Void,0,-0.060551000000
AUG-24,"DirtySnatcha Records","Genie In a Bottle",,"DirtySnatcha, Luci",198342437506,DSR132,"Genie In a Bottle",,GBWUL2407705,"DirtySnatcha, Luci","Beatport Promotional Expense","August 2024",USA,Download,Single,Void,4,-0.059600000000
AUG-24,"DirtySnatcha Records",Tartarus,,CRiiOZ,198342042182,DSR127,Psycho,,USLZJ2405590,"CRiiOZ, DSTRTN",Spotify,"August 2024",DEU,Streaming,Single,Void,0,-0.055543000000
AUG-24,"DirtySnatcha Records",Tartarus,,CRiiOZ,198342042182,DSR127,Psycho,,USLZJ2405590,"CRiiOZ, DSTRTN",Spotify,"August 2024",CAN,Streaming,Single,Void,0,-0.050175000000
AUG-24,"DirtySnatcha Records",Riddimption,,"Nothing x Hurts",198622420181,DSR136,Riddimption,,QZWV32419969,"Nothing x Hurts","Beatport Promotional Expense","August 2024",USA,Download,Single,Void,2,-0.048800000000
AUG-24,"DirtySnatcha Records",Tartarus,,CRiiOZ,198342042182,DSR127,"In The Walls",,USLZJ2405562,CRiiOZ,Spotify,"August 2024",CAN,Streaming,Single,Void,0,-0.034383000000
AUG-24,"DirtySnatcha Records","Genie In a Bottle",,"DirtySnatcha, Luci",198342437506,DSR132,"Genie In a Bottle",,GBWUL2407705,"DirtySnatcha, Luci",Spotify,"August 2024",DEU,Streaming,Single,Void,0,-0.034361000000
AUG-24,"DirtySnatcha Records","Keep Moving","Aelius, Voyager, Wilco Beats Remix",DirtySnatcha,198342499863,DSR0083A,"Keep Moving","Aelius, Voyager, Wilco Beats Remix",QZWDD2263373,"DirtySnatcha, Aelius, Voyager, Wilco Beats",Spotify,"August 2024",USA,Streaming,Single,Void,0,-0.030590000000
AUG-24,"DirtySnatcha Records",Tartarus,,CRiiOZ,198342042182,DSR127,"In The Walls",,USLZJ2405562,CRiiOZ,"Beatport Promotional Expense","August 2024",USA,Download,Single,Void,2,-0.029800000000
AUG-24,"DirtySnatcha Records",Tartarus,,CRiiOZ,198342042182,DSR127,Psycho,,USLZJ2405590,"CRiiOZ, DSTRTN",Spotify,"August 2024",AUS,Streaming,Single,Void,0,-0.026092000000
AUG-24,"DirtySnatcha Records",Bloodthirsty,,Howker,198342475331,DSR0004A,Bloodthirsty,,GBWUL1958037,Howker,Spotify,"August 2024",USA,Streaming,Single,Void,0,-0.022690000000
AUG-24,"DirtySnatcha Records",Tartarus,,CRiiOZ,198342042182,DSR127,Psycho,,USLZJ2405590,"CRiiOZ, DSTRTN",Spotify,"August 2024",MEX,Streaming,Single,Void,0,-0.022534000000
AUG-24,"DirtySnatcha Records","Genie In a Bottle",,"DirtySnatcha, Luci",198342437506,DSR132,"Genie In a Bottle",,GBWUL2407705,"DirtySnatcha, Luci","Beatport Promotional Expense","August 2024",USA,Download,Single,Void,1,-0.022400000000
AUG-24,"DirtySnatcha Records","Spectre Season",,Artifact,198342479643,,"Spectre Season",,QZWDD2336449,Artifact,"Beatport Promotional Expense","August 2024",USA,Download,Release,Void,1,-0.022400000000
AUG-24,"DirtySnatcha Records","Keep Moving","Audigy Remix",DirtySnatcha,197999143198,,"Keep Moving","Audigy Remix",QZWV32320452,"DirtySnatcha, Audigy","Beatport Promotional Expense","August 2024",USA,Download,Release,Void,1,-0.022400000000
AUG-24,"DirtySnatcha Records",Tartarus,,CRiiOZ,198342042182,DSR127,"In The Walls",,USLZJ2405562,CRiiOZ,Spotify,"August 2024",DEU,Streaming,Single,Void,0,-0.020830000000
AUG-24,"DirtySnatcha Records",Tartarus,,CRiiOZ,198342042182,DSR127,"In The Walls",,USLZJ2405562,CRiiOZ,Spotify,"August 2024",AUS,Streaming,Single,Void,0,-0.019830000000
AUG-24,"DirtySnatcha Records",Tartarus,,CRiiOZ,198342042182,DSR127,Psycho,,USLZJ2405590,"CRiiOZ, DSTRTN",Spotify,"August 2024",NLD,Streaming,Single,Void,0,-0.019554000000
AUG-24,"DirtySnatcha Records",Tartarus,,CRiiOZ,198342042182,DSR127,Psycho,,USLZJ2405590,"CRiiOZ, DSTRTN",Spotify,"August 2024",GBR,Streaming,Single,Void,0,-0.018169000000
AUG-24,"DirtySnatcha Records","Genie In a Bottle",,"DirtySnatcha, Luci",198342437506,DSR132,"Genie In a Bottle",,GBWUL2407705,"DirtySnatcha, Luci","Beatport Promotional Expense","August 2024",CAN,Download,Single,Void,1,-0.017900000000
AUG-24,"DirtySnatcha Records",Nightmare,,"In Orbit Dubz",198342501320,DSR0080A,Nightmare,,QZWDD2257336,"In Orbit Dubz",Spotify,"August 2024",AUS,Streaming,Single,Void,0,-0.017763000000
AUG-24,"DirtySnatcha Records",Riddimption,,"Nothing x Hurts",198622420181,DSR136,Riddimption,,QZWV32419969,"Nothing x Hurts","Beatport Promotional Expense","August 2024",THA,Download,Single,Void,1,-0.016900000000
AUG-24,"DirtySnatcha Records",Tartarus,,CRiiOZ,198342042182,DSR127,Psycho,,USLZJ2405590,"CRiiOZ, DSTRTN",Spotify,"August 2024",FRA,Streaming,Single,Void,0,-0.016452000000
AUG-24,"DirtySnatcha Records",Tartarus,,CRiiOZ,198342042182,DSR127,"In The Walls",,USLZJ2405562,CRiiOZ,Spotify,"August 2024",MEX,Streaming,Single,Void,0,-0.016318000000
AUG-24,"DirtySnatcha Records",Nightmare,,"In Orbit Dubz",198342501320,DSR0080A,Nightmare,,QZWDD2257336,"In Orbit Dubz",Spotify,"August 2024",DEU,Streaming,Single,Void,0,-0.015299000000
AUG-24,"DirtySnatcha Records",Nightmare,,"In Orbit Dubz",198342501320,DSR0080A,Nightmare,,QZWDD2257336,"In Orbit Dubz",Spotify,"August 2024",NOR,Streaming,Single,Void,0,-0.015249000000
AUG-24,"DirtySnatcha Records",Tartarus,,CRiiOZ,198342042182,DSR127,Psycho,,USLZJ2405590,"CRiiOZ, DSTRTN","Beatport Promotional Expense","August 2024",USA,Download,Single,Void,1,-0.014900000000
AUG-24,"DirtySnatcha Records","Genie In a Bottle",,"DirtySnatcha, Luci",198342437506,,"Genie In a Bottle",,GBWUL2407705,"DirtySnatcha, Luci","Beatport Promotional Expense","August 2024",USA,Download,Release,Void,1,-0.014900000000
AUG-24,"DirtySnatcha Records","Take A Trip","DirtySnatcha Remix","HEXED, Labs",198342492369,DSR0086A,"Take A Trip","DirtySnatcha Remix",QZ5FN2303924,"HEXED, Labs, DirtySnatcha","Beatport Promotional Expense","August 2024",USA,Download,Single,Void,1,-0.014900000000
AUG-24,"DirtySnatcha Records",Tartarus,,CRiiOZ,198342042182,DSR127,"Watch Out",,USLZJ2405588,CRiiOZ,"Beatport Promotional Expense","August 2024",USA,Download,Single,Void,1,-0.014900000000
AUG-24,"DirtySnatcha Records","Spectre Season",,Artifact,198342479643,DSR0101A,"Spectre Season",,QZWDD2336449,Artifact,"Beatport Promotional Expense","August 2024",NZL,Download,Single,Void,1,-0.014900000000
AUG-24,"DirtySnatcha Records","No Traces",,"Trenches (US), Virg™",198342555309,DSR130B,"No Traces",,GBRKQ2472806,"Trenches (US), Virg™","Beatport Promotional Expense","August 2024",USA,Download,Single,Void,1,-0.014900000000
AUG-24,"DirtySnatcha Records",WTF,,"BBX, Sloth",198342356135,DSR131,WTF,,GBRKQ2471312,"BBX, Sloth","Beatport Promotional Expense","August 2024",USA,Download,Single,Void,1,-0.014900000000
AUG-24,"DirtySnatcha Records",Riddimption,,"Nothing x Hurts",198622420181,,Riddimption,,QZWV32419969,"Nothing x Hurts","Beatport Promotional Expense","August 2024",USA,Download,Release,Void,1,-0.013600000000
AUG-24,"DirtySnatcha Records",Tartarus,,CRiiOZ,198342042182,DSR127,"In The Walls",,USLZJ2405562,CRiiOZ,Spotify,"August 2024",FRA,Streaming,Single,Void,0,-0.013308000000
AUG-24,"DirtySnatcha Records","Genie In a Bottle",,"DirtySnatcha, Luci",198342437506,DSR132,"Genie In a Bottle",,GBWUL2407705,"DirtySnatcha, Luci",Spotify,"August 2024",NZL,Streaming,Single,Void,0,-0.012660000000
AUG-24,"DirtySnatcha Records",Nightmare,,"In Orbit Dubz",198342501320,DSR0080A,Nightmare,,QZWDD2257336,"In Orbit Dubz",Spotify,"August 2024",GBR,Streaming,Single,Void,0,-0.012110000000
AUG-24,"DirtySnatcha Records","Genie In a Bottle",,"DirtySnatcha, Luci",198342437506,DSR132,"Genie In a Bottle",,GBWUL2407705,"DirtySnatcha, Luci",Spotify,"August 2024",NOR,Streaming,Single,Void,0,-0.011860000000
AUG-24,"DirtySnatcha Records",Riddimption,,"Nothing x Hurts",198622420181,DSR136,Riddimption,,QZWV32419969,"Nothing x Hurts","Beatport Promotional Expense","August 2024",USA,Download,Single,Void,1,-0.011800000000
AUG-24,"DirtySnatcha Records","Genie In a Bottle",,"DirtySnatcha, Luci",198342437506,DSR132,"Genie In a Bottle",,GBWUL2407705,"DirtySnatcha, Luci",Spotify,"August 2024",CHE,Streaming,Single,Void,0,-0.010730000000
AUG-24,"DirtySnatcha Records",Tartarus,,CRiiOZ,198342042182,DSR127,"In The Walls",,USLZJ2405562,CRiiOZ,Spotify,"August 2024",NLD,Streaming,Single,Void,0,-0.010528000000
AUG-24,"DirtySnatcha Records","Fog Horn",,DENNETT,198342502969,DSR0074A,"Fog Horn",,QZTRX2237730,DENNETT,Spotify,"August 2024",JPN,Streaming,Single,Void,0,-0.009999000000
AUG-24,"DirtySnatcha Records","Genie In a Bottle",,"DirtySnatcha, Luci",198342437506,DSR132,"Genie In a Bottle",,GBWUL2407705,"DirtySnatcha, Luci","Beatport Promotional Expense","August 2024",AUS,Download,Single,Void,1,-0.009700000000
AUG-24,"DirtySnatcha Records",Tartarus,,CRiiOZ,198342042182,DSR127,Psycho,,USLZJ2405590,"CRiiOZ, DSTRTN",Spotify,"August 2024",ESP,Streaming,Single,Void,0,-0.009462000000
AUG-24,"DirtySnatcha Records","Genie In a Bottle",,"DirtySnatcha, Luci",198342437506,DSR132,"Genie In a Bottle",,GBWUL2407705,"DirtySnatcha, Luci",Spotify,"August 2024",FIN,Streaming,Single,Void,0,-0.009379000000
AUG-24,"DirtySnatcha Records","Fog Horn",,DENNETT,198342502969,DSR0074A,"Fog Horn",,QZTRX2237730,DENNETT,Spotify,"August 2024",CAN,Streaming,Single,Void,0,-0.009133000000
AUG-24,"DirtySnatcha Records",Tartarus,,CRiiOZ,198342042182,DSR127,Psycho,,USLZJ2405590,"CRiiOZ, DSTRTN",Spotify,"August 2024",SWE,Streaming,Single,Void,0,-0.008986000000
AUG-24,"DirtySnatcha Records","Fog Horn",,DENNETT,198342502969,DSR0074A,"Fog Horn",,QZTRX2237730,DENNETT,Spotify,"August 2024",FRA,Streaming,Single,Void,0,-0.008871000000
AUG-24,"DirtySnatcha Records","Genie In a Bottle",,"DirtySnatcha, Luci",198342437506,DSR132,"Genie In a Bottle",,GBWUL2407705,"DirtySnatcha, Luci",Spotify,"August 2024",FRA,Streaming,Single,Void,0,-0.008731000000
AUG-24,"DirtySnatcha Records",Tartarus,,CRiiOZ,198342042182,DSR127,Psycho,,USLZJ2405590,"CRiiOZ, DSTRTN",Spotify,"August 2024",BRA,Streaming,Single,Void,0,-0.007759000000
AUG-24,"DirtySnatcha Records","Fog Horn",,DENNETT,198342502969,DSR0074A,"Fog Horn",,QZTRX2237730,DENNETT,Spotify,"August 2024",GBR,Streaming,Single,Void,0,-0.007452000000
AUG-24,"DirtySnatcha Records",Nightmare,,"In Orbit Dubz",198342501320,DSR0080A,Nightmare,,QZWDD2257336,"In Orbit Dubz",Spotify,"August 2024",BEL,Streaming,Single,Void,0,-0.007423000000
AUG-24,"DirtySnatcha Records",Tartarus,,CRiiOZ,198342042182,DSR127,"In The Walls",,USLZJ2405562,CRiiOZ,Spotify,"August 2024",BRA,Streaming,Single,Void,0,-0.006832000000
AUG-24,"DirtySnatcha Records","Genie In a Bottle",,"DirtySnatcha, Luci",198342437506,DSR132,"Genie In a Bottle",,GBWUL2407705,"DirtySnatcha, Luci",Spotify,"August 2024",ISR,Streaming,Single,Void,0,-0.006630000000
AUG-24,"DirtySnatcha Records","Genie In a Bottle",,"DirtySnatcha, Luci",198342437506,DSR132,"Genie In a Bottle",,GBWUL2407705,"DirtySnatcha, Luci",Spotify,"August 2024",NLD,Streaming,Single,Void,0,-0.006017000000
AUG-24,"DirtySnatcha Records","Fog Horn",,DENNETT,198342502969,DSR0074A,"Fog Horn",,QZTRX2237730,DENNETT,Spotify,"August 2024",SWE,Streaming,Single,Void,0,-0.005990000000
AUG-24,"DirtySnatcha Records","Genie In a Bottle",,"DirtySnatcha, Luci",198342437506,DSR132,"Genie In a Bottle",,GBWUL2407705,"DirtySnatcha, Luci",Spotify,"August 2024",DNK,Streaming,Single,Void,0,-0.005758000000
AUG-24,"DirtySnatcha Records","Keep Moving","Aelius, Voyager, Wilco Beats Remix",DirtySnatcha,198342499863,DSR0083A,"Keep Moving","Aelius, Voyager, Wilco Beats Remix",QZWDD2263373,"DirtySnatcha, Aelius, Voyager, Wilco Beats",Spotify,"August 2024",CAN,Streaming,Single,Void,0,-0.005479000000
AUG-24,"DirtySnatcha Records","Genie In a Bottle",,"DirtySnatcha, Luci",198342437506,DSR132,"Genie In a Bottle",,GBWUL2407705,"DirtySnatcha, Luci",Spotify,"August 2024",BEL,Streaming,Single,Void,0,-0.005451000000
AUG-24,"DirtySnatcha Records",Tartarus,,CRiiOZ,198342042182,DSR127,Psycho,,USLZJ2405590,"CRiiOZ, DSTRTN",Spotify,"August 2024",CHL,Streaming,Single,Void,0,-0.005238000000
AUG-24,"DirtySnatcha Records","Fog Horn",,DENNETT,198342502969,DSR0074A,"Fog Horn",,QZTRX2237730,DENNETT,Spotify,"August 2024",DEU,Streaming,Single,Void,0,-0.005177000000
AUG-24,"DirtySnatcha Records",Tartarus,,CRiiOZ,198342042182,DSR127,"In The Walls",,USLZJ2405562,CRiiOZ,Spotify,"August 2024",GBR,Streaming,Single,Void,0,-0.005124000000
AUG-24,"DirtySnatcha Records","Fog Horn",,DENNETT,198342502969,DSR0074A,"Fog Horn",,QZTRX2237730,DENNETT,Spotify,"August 2024",NOR,Streaming,Single,Void,0,-0.005083000000
AUG-24,"DirtySnatcha Records","Genie In a Bottle",,"DirtySnatcha, Luci",198342437506,DSR132,"Genie In a Bottle",,GBWUL2407705,"DirtySnatcha, Luci",Spotify,"August 2024",IRL,Streaming,Single,Void,0,-0.005001000000
AUG-24,"DirtySnatcha Records",Tartarus,,CRiiOZ,198342042182,DSR127,Psycho,,USLZJ2405590,"CRiiOZ, DSTRTN",Spotify,"August 2024",SVK,Streaming,Single,Void,0,-0.004895000000
AUG-24,"DirtySnatcha Records","Fog Horn",,DENNETT,198342502969,DSR0074A,"Fog Horn",,QZTRX2237730,DENNETT,Spotify,"August 2024",MEX,Streaming,Single,Void,0,-0.004734000000
AUG-24,"DirtySnatcha Records",Nightmare,,"In Orbit Dubz",198342501320,DSR0080A,Nightmare,,QZWDD2257336,"In Orbit Dubz",Spotify,"August 2024",MEX,Streaming,Single,Void,0,-0.004634000000
AUG-24,"DirtySnatcha Records",Whoa,,"KirbyBright, Devious",198342485866,DSR133,Whoa,,GBWUL2431903,"KirbyBright, Devious",Spotify,"August 2024",CAN,Streaming,Single,Void,0,-0.004566000000
AUG-24,"DirtySnatcha Records","Genie In a Bottle",,"DirtySnatcha, Luci",198342437506,DSR132,"Genie In a Bottle",,GBWUL2407705,"DirtySnatcha, Luci",Spotify,"August 2024",BRA,Streaming,Single,Void,0,-0.004554000000
AUG-24,"DirtySnatcha Records",Nightmare,,"In Orbit Dubz",198342501320,DSR0080A,Nightmare,,QZWDD2257336,"In Orbit Dubz",Spotify,"August 2024",NLD,Streaming,Single,Void,0,-0.004512000000
AUG-24,"DirtySnatcha Records","Genie In a Bottle",,"DirtySnatcha, Luci",198342437506,DSR132,"Genie In a Bottle",,GBWUL2407705,"DirtySnatcha, Luci",Spotify,"August 2024",ITA,Streaming,Single,Void,0,-0.004496000000
AUG-24,"DirtySnatcha Records","Genie In a Bottle",,"DirtySnatcha, Luci",198342437506,DSR132,"Genie In a Bottle",,GBWUL2407705,"DirtySnatcha, Luci",Spotify,"August 2024",HKG,Streaming,Single,Void,0,-0.004495000000
AUG-24,"DirtySnatcha Records",Tartarus,,CRiiOZ,198342042182,DSR127,"In The Walls",,USLZJ2405562,CRiiOZ,Spotify,"August 2024",BEL,Streaming,Single,Void,0,-0.004494000000
AUG-24,"DirtySnatcha Records",Nightmare,,"In Orbit Dubz",198342501320,DSR0080A,Nightmare,,QZWDD2257336,"In Orbit Dubz",Spotify,"August 2024",FRA,Streaming,Single,Void,0,-0.004295000000
AUG-24,"DirtySnatcha Records","Keep Moving","Aelius, Voyager, Wilco Beats Remix",DirtySnatcha,198342499863,DSR0083A,"Keep Moving","Aelius, Voyager, Wilco Beats Remix",QZWDD2263373,"DirtySnatcha, Aelius, Voyager, Wilco Beats",Spotify,"August 2024",AUS,Streaming,Single,Void,0,-0.004174000000
AUG-24,"DirtySnatcha Records","Fog Horn",,DENNETT,198342502969,DSR0074A,"Fog Horn",,QZTRX2237730,DENNETT,Spotify,"August 2024",AUS,Streaming,Single,Void,0,-0.004174000000
AUG-24,"DirtySnatcha Records",Nightmare,,"In Orbit Dubz",198342501320,DSR0080A,Nightmare,,QZWDD2257336,"In Orbit Dubz",Spotify,"August 2024",BRA,Streaming,Single,Void,0,-0.004071000000
AUG-24,"DirtySnatcha Records",Nightmare,,"In Orbit Dubz",198342501320,DSR0080A,Nightmare,,QZWDD2257336,"In Orbit Dubz",Spotify,"August 2024",AUT,Streaming,Single,Void,0,-0.003970000000
AUG-24,"DirtySnatcha Records","Genie In a Bottle",,"DirtySnatcha, Luci",198342437506,DSR132,"Genie In a Bottle",,GBWUL2407705,"DirtySnatcha, Luci",Spotify,"August 2024",AUT,Streaming,Single,Void,0,-0.003970000000
AUG-24,"DirtySnatcha Records",Tartarus,,CRiiOZ,198342042182,DSR127,Psycho,,USLZJ2405590,"CRiiOZ, DSTRTN",Spotify,"August 2024",FIN,Streaming,Single,Void,0,-0.003960000000
AUG-24,"DirtySnatcha Records",Whoa,,"KirbyBright, Devious",198342485866,DSR133,Whoa,,GBWUL2431903,"KirbyBright, Devious",Spotify,"August 2024",DEU,Streaming,Single,Void,0,-0.003883000000
AUG-24,"DirtySnatcha Records",Tartarus,,CRiiOZ,198342042182,DSR127,"In The Walls",,USLZJ2405562,CRiiOZ,Spotify,"August 2024",DNK,Streaming,Single,Void,0,-0.003838000000
AUG-24,"DirtySnatcha Records",Tartarus,,CRiiOZ,198342042182,DSR127,"In The Walls",,USLZJ2405562,CRiiOZ,Spotify,"August 2024",BLR,Streaming,Single,Void,0,-0.003800000000
AUG-24,"DirtySnatcha Records",Tartarus,,CRiiOZ,198342042182,DSR127,Psycho,,USLZJ2405590,"CRiiOZ, DSTRTN",Spotify,"August 2024",NZL,Streaming,Single,Void,0,-0.003798000000
AUG-24,"DirtySnatcha Records",Nightmare,,"In Orbit Dubz",198342501320,DSR0080A,Nightmare,,QZWDD2257336,"In Orbit Dubz",Spotify,"August 2024",NZL,Streaming,Single,Void,0,-0.003798000000
AUG-24,"DirtySnatcha Records",Tartarus,,CRiiOZ,198342042182,DSR127,"In The Walls",,USLZJ2405562,CRiiOZ,Spotify,"August 2024",NZL,Streaming,Single,Void,0,-0.003798000000
AUG-24,"DirtySnatcha Records",Tartarus,,CRiiOZ,198342042182,DSR127,Psycho,,USLZJ2405590,"CRiiOZ, DSTRTN",Spotify,"August 2024",ITA,Streaming,Single,Void,0,-0.003780000000
AUG-24,"DirtySnatcha Records",Whoa,,"KirbyBright, Devious",198342485866,DSR133,Whoa,,GBWUL2431903,"KirbyBright, Devious",Spotify,"August 2024",GBR,Streaming,Single,Void,0,-0.003725000000
AUG-24,"DirtySnatcha Records",Tartarus,,CRiiOZ,198342042182,DSR127,Psycho,,USLZJ2405590,"CRiiOZ, DSTRTN",Spotify,"August 2024",HUN,Streaming,Single,Void,0,-0.003529000000
AUG-24,"DirtySnatcha Records",Tartarus,,CRiiOZ,198342042182,DSR127,Psycho,,USLZJ2405590,"CRiiOZ, DSTRTN",Spotify,"August 2024",POL,Streaming,Single,Void,0,-0.003336000000
AUG-24,"DirtySnatcha Records",Nightmare,,"In Orbit Dubz",198342501320,DSR0080A,Nightmare,,QZWDD2257336,"In Orbit Dubz",Spotify,"August 2024",JPN,Streaming,Single,Void,0,-0.003332000000
AUG-24,"DirtySnatcha Records",Bloodthirsty,,Howker,198342475331,DSR0004A,Bloodthirsty,,GBWUL1958037,Howker,Spotify,"August 2024",BRA,Streaming,Single,Void,0,-0.003195000000
AUG-24,"DirtySnatcha Records",Tartarus,,CRiiOZ,198342042182,DSR127,"In The Walls",,USLZJ2405562,CRiiOZ,Spotify,"August 2024",ESP,Streaming,Single,Void,0,-0.003059000000
AUG-24,"DirtySnatcha Records",Nightmare,,"In Orbit Dubz",198342501320,DSR0080A,Nightmare,,QZWDD2257336,"In Orbit Dubz",Spotify,"August 2024",ITA,Streaming,Single,Void,0,-0.003038000000
AUG-24,"DirtySnatcha Records","Fog Horn",,DENNETT,198342502969,DSR0074A,"Fog Horn",,QZTRX2237730,DENNETT,Spotify,"August 2024",NLD,Streaming,Single,Void,0,-0.003008000000
AUG-24,"DirtySnatcha Records","Genie In a Bottle",,"DirtySnatcha, Luci",198342437506,DSR132,"Genie In a Bottle",,GBWUL2407705,"DirtySnatcha, Luci",Spotify,"August 2024",SWE,Streaming,Single,Void,0,-0.002994000000
AUG-24,"DirtySnatcha Records",Tartarus,,CRiiOZ,198342042182,DSR127,"In The Walls",,USLZJ2405562,CRiiOZ,Spotify,"August 2024",ITA,Streaming,Single,Void,0,-0.002915000000
AUG-24,"DirtySnatcha Records","Fog Horn",,DENNETT,198342502969,DSR0074A,"Fog Horn",,QZTRX2237730,DENNETT,Spotify,"August 2024",BRA,Streaming,Single,Void,0,-0.002907000000
AUG-24,"DirtySnatcha Records",Tartarus,,CRiiOZ,198342042182,DSR127,Psycho,,USLZJ2405590,"CRiiOZ, DSTRTN",Spotify,"August 2024",ARG,Streaming,Single,Void,0,-0.002879000000
AUG-24,"DirtySnatcha Records","Genie In a Bottle",,"DirtySnatcha, Luci",198342437506,DSR132,"Genie In a Bottle",,GBWUL2407705,"DirtySnatcha, Luci",Spotify,"August 2024",HUN,Streaming,Single,Void,0,-0.002776000000
AUG-24,"DirtySnatcha Records",Whoa,,"KirbyBright, Devious",198342485866,DSR133,Whoa,,GBWUL2431903,"KirbyBright, Devious",Spotify,"August 2024",BRA,Streaming,Single,Void,0,-0.002760000000
AUG-24,"DirtySnatcha Records","Keep Moving","Aelius, Voyager, Wilco Beats Remix",DirtySnatcha,198342499863,DSR0083A,"Keep Moving","Aelius, Voyager, Wilco Beats Remix",QZWDD2263373,"DirtySnatcha, Aelius, Voyager, Wilco Beats",Spotify,"August 2024",BEL,Streaming,Single,Void,0,-0.002725000000
AUG-24,"DirtySnatcha Records","Fog Horn",,DENNETT,198342502969,DSR0074A,"Fog Horn",,QZTRX2237730,DENNETT,Spotify,"August 2024",BEL,Streaming,Single,Void,0,-0.002725000000
AUG-24,"DirtySnatcha Records",Nightmare,,"In Orbit Dubz",198342501320,DSR0080A,Nightmare,,QZWDD2257336,"In Orbit Dubz",Spotify,"August 2024",CHE,Streaming,Single,Void,0,-0.002719000000
AUG-24,"DirtySnatcha Records",Tartarus,,CRiiOZ,198342042182,DSR127,Psycho,,USLZJ2405590,"CRiiOZ, DSTRTN",Spotify,"August 2024",CZE,Streaming,Single,Void,0,-0.002691000000
AUG-24,"DirtySnatcha Records",Tartarus,,CRiiOZ,198342042182,DSR127,Psycho,,USLZJ2405590,"CRiiOZ, DSTRTN",Spotify,"August 2024",LTU,Streaming,Single,Void,0,-0.002687000000
AUG-24,"DirtySnatcha Records",Tartarus,,CRiiOZ,198342042182,DSR127,"In The Walls",,USLZJ2405562,CRiiOZ,Spotify,"August 2024",CHL,Streaming,Single,Void,0,-0.002685000000
AUG-24,"DirtySnatcha Records",Tartarus,,CRiiOZ,198342042182,DSR127,Psycho,,USLZJ2405590,"CRiiOZ, DSTRTN",Spotify,"August 2024",ROM,Streaming,Single,Void,0,-0.002656000000
AUG-24,"DirtySnatcha Records",Nightmare,,"In Orbit Dubz",198342501320,DSR0080A,Nightmare,,QZWDD2257336,"In Orbit Dubz",Spotify,"August 2024",CZE,Streaming,Single,Void,0,-0.002593000000
AUG-24,"DirtySnatcha Records","Genie In a Bottle",,"DirtySnatcha, Luci",198342437506,DSR132,"Genie In a Bottle",,GBWUL2407705,"DirtySnatcha, Luci",Spotify,"August 2024",MEX,Streaming,Single,Void,0,-0.002317000000
AUG-24,"DirtySnatcha Records",Tartarus,,CRiiOZ,198342042182,DSR127,Psycho,,USLZJ2405590,"CRiiOZ, DSTRTN",Spotify,"August 2024",SLV,Streaming,Single,Void,0,-0.002314000000
AUG-24,"DirtySnatcha Records","Genie In a Bottle",,"DirtySnatcha, Luci",198342437506,DSR132,"Genie In a Bottle",,GBWUL2407705,"DirtySnatcha, Luci",Spotify,"August 2024",ZAF,Streaming,Single,Void,0,-0.002261000000
AUG-24,"DirtySnatcha Records",Tartarus,,CRiiOZ,198342042182,DSR127,"In The Walls",,USLZJ2405562,CRiiOZ,Spotify,"August 2024",HUN,Streaming,Single,Void,0,-0.002168000000
AUG-24,"DirtySnatcha Records",Tartarus,,CRiiOZ,198342042182,DSR127,Psycho,,USLZJ2405590,"CRiiOZ, DSTRTN",Spotify,"August 2024",CHE,Streaming,Single,Void,0,-0.002146000000
AUG-24,"DirtySnatcha Records",Nightmare,,"In Orbit Dubz",198342501320,DSR0080A,Nightmare,,QZWDD2257336,"In Orbit Dubz",Spotify,"August 2024",ISL,Streaming,Single,Void,0,-0.002080000000
AUG-24,"DirtySnatcha Records",Tartarus,,CRiiOZ,198342042182,DSR127,Psycho,,USLZJ2405590,"CRiiOZ, DSTRTN",Spotify,"August 2024",ISL,Streaming,Single,Void,0,-0.002080000000
AUG-24,"DirtySnatcha Records",Tartarus,,CRiiOZ,198342042182,DSR127,"In The Walls",,USLZJ2405562,CRiiOZ,Spotify,"August 2024",ISL,Streaming,Single,Void,0,-0.002080000000
AUG-24,"DirtySnatcha Records",Nightmare,,"In Orbit Dubz",198342501320,DSR0080A,Nightmare,,QZWDD2257336,"In Orbit Dubz",Spotify,"August 2024",DNK,Streaming,Single,Void,0,-0.001999000000
AUG-24,"DirtySnatcha Records",Tartarus,,CRiiOZ,198342042182,DSR127,"In The Walls",,USLZJ2405562,CRiiOZ,Spotify,"August 2024",GRC,Streaming,Single,Void,0,-0.001998000000
AUG-24,"DirtySnatcha Records",Tartarus,,CRiiOZ,198342042182,DSR127,Psycho,,USLZJ2405590,"CRiiOZ, DSTRTN",Spotify,"August 2024",UKR,Streaming,Single,Void,0,-0.001984000000
AUG-24,"DirtySnatcha Records",Nightmare,,"In Orbit Dubz",198342501320,DSR0080A,Nightmare,,QZWDD2257336,"In Orbit Dubz",Spotify,"August 2024",ZAF,Streaming,Single,Void,0,-0.001959000000
AUG-24,"DirtySnatcha Records","Genie In a Bottle",,"DirtySnatcha, Luci",198342437506,DSR132,"Genie In a Bottle",,GBWUL2407705,"DirtySnatcha, Luci",Spotify,"August 2024",POL,Streaming,Single,Void,0,-0.001931000000
AUG-24,"DirtySnatcha Records",Tartarus,,CRiiOZ,198342042182,DSR127,"In The Walls",,USLZJ2405562,CRiiOZ,Spotify,"August 2024",ARG,Streaming,Single,Void,0,-0.001927000000
AUG-24,"DirtySnatcha Records",Tartarus,,CRiiOZ,198342042182,DSR127,Psycho,,USLZJ2405590,"CRiiOZ, DSTRTN",Spotify,"August 2024",DNK,Streaming,Single,Void,0,-0.001919000000
AUG-24,"DirtySnatcha Records",Tartarus,,CRiiOZ,198342042182,DSR127,"In The Walls",,USLZJ2405562,CRiiOZ,Spotify,"August 2024",FIN,Streaming,Single,Void,0,-0.001876000000
AUG-24,"DirtySnatcha Records","Fog Horn",,DENNETT,198342502969,DSR0074A,"Fog Horn",,QZTRX2237730,DENNETT,Spotify,"August 2024",FIN,Streaming,Single,Void,0,-0.001876000000
AUG-24,"DirtySnatcha Records",Tartarus,,CRiiOZ,198342042182,DSR127,Psycho,,USLZJ2405590,"CRiiOZ, DSTRTN",Spotify,"August 2024",SGP,Streaming,Single,Void,0,-0.001814000000
AUG-24,"DirtySnatcha Records",Tartarus,,CRiiOZ,198342042182,DSR127,Psycho,,USLZJ2405590,"CRiiOZ, DSTRTN",Spotify,"August 2024",BEL,Streaming,Single,Void,0,-0.001769000000
AUG-24,"DirtySnatcha Records",Tartarus,,CRiiOZ,198342042182,DSR127,"In The Walls",,USLZJ2405562,CRiiOZ,Spotify,"August 2024",SLV,Streaming,Single,Void,0,-0.001713000000
AUG-24,"DirtySnatcha Records","Fog Horn",,DENNETT,198342502969,DSR0074A,"Fog Horn",,QZTRX2237730,DENNETT,Spotify,"August 2024",ITA,Streaming,Single,Void,0,-0.001704000000
AUG-24,"DirtySnatcha Records",Whoa,,"KirbyBright, Devious",198342485866,DSR133,Whoa,,GBWUL2431903,"KirbyBright, Devious",Spotify,"August 2024",NOR,Streaming,Single,Void,0,-0.001694000000
AUG-24,"DirtySnatcha Records",Tartarus,,CRiiOZ,198342042182,DSR127,Psycho,,USLZJ2405590,"CRiiOZ, DSTRTN",Spotify,"August 2024",NOR,Streaming,Single,Void,0,-0.001694000000
AUG-24,"DirtySnatcha Records",Tartarus,,CRiiOZ,198342042182,DSR127,"In The Walls",,USLZJ2405562,CRiiOZ,Spotify,"August 2024",NOR,Streaming,Single,Void,0,-0.001694000000
AUG-24,"DirtySnatcha Records","Genie In a Bottle",,"DirtySnatcha, Luci",198342437506,DSR132,"Genie In a Bottle",,GBWUL2407705,"DirtySnatcha, Luci",Spotify,"August 2024",PHL,Streaming,Single,Void,0,-0.001684000000
AUG-24,"DirtySnatcha Records",Tartarus,,CRiiOZ,198342042182,DSR127,"In The Walls",,USLZJ2405562,CRiiOZ,Spotify,"August 2024",IRL,Streaming,Single,Void,0,-0.001667000000
AUG-24,"DirtySnatcha Records","Fog Horn",,DENNETT,198342502969,DSR0074A,"Fog Horn",,QZTRX2237730,DENNETT,Spotify,"August 2024",SVN,Streaming,Single,Void,0,-0.001665000000
AUG-24,"DirtySnatcha Records",Tartarus,,CRiiOZ,198342042182,DSR127,Psycho,,USLZJ2405590,"CRiiOZ, DSTRTN",Spotify,"August 2024",PAN,Streaming,Single,Void,0,-0.001655000000
AUG-24,"DirtySnatcha Records","Genie In a Bottle",,"DirtySnatcha, Luci",198342437506,DSR132,"Genie In a Bottle",,GBWUL2407705,"DirtySnatcha, Luci",Spotify,"August 2024",LUX,Streaming,Single,Void,0,-0.001631000000
AUG-24,"DirtySnatcha Records",Tartarus,,CRiiOZ,198342042182,DSR127,Psycho,,USLZJ2405590,"CRiiOZ, DSTRTN",Spotify,"August 2024",BLR,Streaming,Single,Void,0,-0.001629000000
AUG-24,"DirtySnatcha Records",Tartarus,,CRiiOZ,198342042182,DSR127,Psycho,,USLZJ2405590,"CRiiOZ, DSTRTN",Spotify,"August 2024",ZAF,Streaming,Single,Void,0,-0.001627000000
AUG-24,"DirtySnatcha Records",Whoa,,"KirbyBright, Devious",198342485866,DSR133,Whoa,,GBWUL2431903,"KirbyBright, Devious",Spotify,"August 2024",NLD,Streaming,Single,Void,0,-0.001504000000
AUG-24,"DirtySnatcha Records",Nightmare,,"In Orbit Dubz",198342501320,DSR0080A,Nightmare,,QZWDD2257336,"In Orbit Dubz",Spotify,"August 2024",SWE,Streaming,Single,Void,0,-0.001497000000
AUG-24,"DirtySnatcha Records",Tartarus,,CRiiOZ,198342042182,DSR127,"In The Walls",,USLZJ2405562,CRiiOZ,Spotify,"August 2024",SWE,Streaming,Single,Void,0,-0.001497000000
AUG-24,"DirtySnatcha Records",Nightmare,,"In Orbit Dubz",198342501320,DSR0080A,Nightmare,,QZWDD2257336,"In Orbit Dubz",Spotify,"August 2024",POL,Streaming,Single,Void,0,-0.001483000000
AUG-24,"DirtySnatcha Records",Tartarus,,CRiiOZ,198342042182,DSR127,Psycho,,USLZJ2405590,"CRiiOZ, DSTRTN",Spotify,"August 2024",GTM,Streaming,Single,Void,0,-0.001468000000
AUG-24,"DirtySnatcha Records",Tartarus,,CRiiOZ,198342042182,DSR127,Psycho,,USLZJ2405590,"CRiiOZ, DSTRTN",Spotify,"August 2024",AUT,Streaming,Single,Void,0,-0.001461000000
AUG-24,"DirtySnatcha Records",Tartarus,,CRiiOZ,198342042182,DSR127,Psycho,,USLZJ2405590,"CRiiOZ, DSTRTN",Spotify,"August 2024",CRI,Streaming,Single,Void,0,-0.001435000000
AUG-24,"DirtySnatcha Records",Whoa,,"KirbyBright, Devious",198342485866,DSR133,Whoa,,GBWUL2431903,"KirbyBright, Devious",Spotify,"August 2024",FRA,Streaming,Single,Void,0,-0.001431000000
AUG-24,"DirtySnatcha Records",Tartarus,,CRiiOZ,198342042182,DSR127,Psycho,,USLZJ2405590,"CRiiOZ, DSTRTN",Spotify,"August 2024",ECU,Streaming,Single,Void,0,-0.001405000000
AUG-24,"DirtySnatcha Records","Fog Horn",,DENNETT,198342502969,DSR0074A,"Fog Horn",,QZTRX2237730,DENNETT,Spotify,"August 2024",HUN,Streaming,Single,Void,0,-0.001388000000
AUG-24,"DirtySnatcha Records",Tartarus,,CRiiOZ,198342042182,DSR127,Psycho,,USLZJ2405590,"CRiiOZ, DSTRTN",Spotify,"August 2024",COL,Streaming,Single,Void,0,-0.001359000000
AUG-24,"DirtySnatcha Records",Tartarus,,CRiiOZ,198342042182,DSR127,"In The Walls",,USLZJ2405562,CRiiOZ,Spotify,"August 2024",ROM,Streaming,Single,Void,0,-0.001327000000
AUG-24,"DirtySnatcha Records",Tartarus,,CRiiOZ,198342042182,DSR127,"In The Walls",,USLZJ2405562,CRiiOZ,Spotify,"August 2024",AUT,Streaming,Single,Void,0,-0.001323000000
AUG-24,"DirtySnatcha Records","Fog Horn",,DENNETT,198342502969,DSR0074A,"Fog Horn",,QZTRX2237730,DENNETT,Spotify,"August 2024",AUT,Streaming,Single,Void,0,-0.001323000000
AUG-24,"DirtySnatcha Records",Tartarus,,CRiiOZ,198342042182,DSR127,"In The Walls",,USLZJ2405562,CRiiOZ,Spotify,"August 2024",ZAF,Streaming,Single,Void,0,-0.001287000000
AUG-24,"DirtySnatcha Records","Fog Horn",,DENNETT,198342502969,DSR0074A,"Fog Horn",,QZTRX2237730,DENNETT,Spotify,"August 2024",NZL,Streaming,Single,Void,0,-0.001266000000
AUG-24,"DirtySnatcha Records",Tartarus,,CRiiOZ,198342042182,DSR127,Psycho,,USLZJ2405590,"CRiiOZ, DSTRTN",Spotify,"August 2024",JPN,Streaming,Single,Void,0,-0.001195000000
AUG-24,"DirtySnatcha Records",Tartarus,,CRiiOZ,198342042182,DSR127,Psycho,,USLZJ2405590,"CRiiOZ, DSTRTN",Spotify,"August 2024",CYP,Streaming,Single,Void,0,-0.001184000000
AUG-24,"DirtySnatcha Records",Tartarus,,CRiiOZ,198342042182,DSR127,Psycho,,USLZJ2405590,"CRiiOZ, DSTRTN",Spotify,"August 2024",PER,Streaming,Single,Void,0,-0.001144000000
AUG-24,"DirtySnatcha Records",Tartarus,,CRiiOZ,198342042182,DSR127,Psycho,,USLZJ2405590,"CRiiOZ, DSTRTN",Spotify,"August 2024",TUR,Streaming,Single,Void,0,-0.001138000000
AUG-24,"DirtySnatcha Records","Genie In a Bottle",,"DirtySnatcha, Luci",198342437506,DSR132,"Genie In a Bottle",,GBWUL2407705,"DirtySnatcha, Luci",Spotify,"August 2024",TUR,Streaming,Single,Void,0,-0.001138000000
AUG-24,"DirtySnatcha Records","Genie In a Bottle",,"DirtySnatcha, Luci",198342437506,DSR132,"Genie In a Bottle",,GBWUL2407705,"DirtySnatcha, Luci",Spotify,"August 2024",EST,Streaming,Single,Void,0,-0.001128000000
AUG-24,"DirtySnatcha Records",Nightmare,,"In Orbit Dubz",198342501320,DSR0080A,Nightmare,,QZWDD2257336,"In Orbit Dubz",Spotify,"August 2024",EST,Streaming,Single,Void,0,-0.001128000000
AUG-24,"DirtySnatcha Records",Tartarus,,CRiiOZ,198342042182,DSR127,Psycho,,USLZJ2405590,"CRiiOZ, DSTRTN",Spotify,"August 2024",ISR,Streaming,Single,Void,0,-0.001104000000
AUG-24,"DirtySnatcha Records","Genie In a Bottle",,"DirtySnatcha, Luci",198342437506,DSR132,"Genie In a Bottle",,GBWUL2407705,"DirtySnatcha, Luci",Spotify,"August 2024",BLR,Streaming,Single,Void,0,-0.001086000000
AUG-24,"DirtySnatcha Records",Bloodthirsty,,Howker,198342475331,DSR0004A,Bloodthirsty,,GBWUL1958037,Howker,Spotify,"August 2024",DEU,Streaming,Single,Void,0,-0.001061000000
AUG-24,"DirtySnatcha Records",Bloodthirsty,,Howker,198342475331,DSR0004A,Bloodthirsty,,GBWUL1958037,Howker,Spotify,"August 2024",AUS,Streaming,Single,Void,0,-0.001043000000
AUG-24,"DirtySnatcha Records",Tartarus,,CRiiOZ,198342042182,DSR127,Psycho,,USLZJ2405590,"CRiiOZ, DSTRTN",Spotify,"August 2024",GRC,Streaming,Single,Void,0,-0.000999000000
AUG-24,"DirtySnatcha Records",Nightmare,,"In Orbit Dubz",198342501320,DSR0080A,Nightmare,,QZWDD2257336,"In Orbit Dubz",Spotify,"August 2024",GRC,Streaming,Single,Void,0,-0.000999000000
AUG-24,"DirtySnatcha Records","Fog Horn",,DENNETT,198342502969,DSR0074A,"Fog Horn",,QZTRX2237730,DENNETT,Spotify,"August 2024",UKR,Streaming,Single,Void,0,-0.000991000000
AUG-24,"DirtySnatcha Records",Tartarus,,CRiiOZ,198342042182,DSR127,"In The Walls",,USLZJ2405562,CRiiOZ,Spotify,"August 2024",IND,Streaming,Single,Void,0,-0.000988000000
AUG-24,"DirtySnatcha Records",Tartarus,,CRiiOZ,198342042182,DSR127,"In The Walls",,USLZJ2405562,CRiiOZ,Spotify,"August 2024",COL,Streaming,Single,Void,0,-0.000974000000
AUG-24,"DirtySnatcha Records","Genie In a Bottle",,"DirtySnatcha, Luci",198342437506,DSR132,"Genie In a Bottle",,GBWUL2407705,"DirtySnatcha, Luci",Spotify,"August 2024",PRT,Streaming,Single,Void,0,-0.000957000000
AUG-24,"DirtySnatcha Records","Fog Horn",,DENNETT,198342502969,DSR0074A,"Fog Horn",,QZTRX2237730,DENNETT,Spotify,"August 2024",PRT,Streaming,Single,Void,0,-0.000957000000
AUG-24,"DirtySnatcha Records",Nightmare,,"In Orbit Dubz",198342501320,DSR0080A,Nightmare,,QZWDD2257336,"In Orbit Dubz",Spotify,"August 2024",PRT,Streaming,Single,Void,0,-0.000957000000
AUG-24,"DirtySnatcha Records",Tartarus,,CRiiOZ,198342042182,DSR127,"In The Walls",,USLZJ2405562,CRiiOZ,Spotify,"August 2024",CRI,Streaming,Single,Void,0,-0.000956000000
AUG-24,"DirtySnatcha Records","Fog Horn",,DENNETT,198342502969,DSR0074A,"Fog Horn",,QZTRX2237730,DENNETT,Spotify,"August 2024",TWN,Streaming,Single,Void,0,-0.000948000000
AUG-24,"DirtySnatcha Records","Genie In a Bottle",,"DirtySnatcha, Luci",198342437506,DSR132,"Genie In a Bottle",,GBWUL2407705,"DirtySnatcha, Luci",Spotify,"August 2024",IDN,Streaming,Single,Void,0,-0.000940000000
AUG-24,"DirtySnatcha Records","Genie In a Bottle",,"DirtySnatcha, Luci",198342437506,DSR132,"Genie In a Bottle",,GBWUL2407705,"DirtySnatcha, Luci",Spotify,"August 2024",CHL,Streaming,Single,Void,0,-0.000886000000
AUG-24,"DirtySnatcha Records",Tartarus,,CRiiOZ,198342042182,DSR127,"In The Walls",,USLZJ2405562,CRiiOZ,Spotify,"August 2024",CZE,Streaming,Single,Void,0,-0.000864000000
AUG-24,"DirtySnatcha Records","Fog Horn",,DENNETT,198342502969,DSR0074A,"Fog Horn",,QZTRX2237730,DENNETT,Spotify,"August 2024",CHL,Streaming,Single,Void,0,-0.000859000000
AUG-24,"DirtySnatcha Records",Nightmare,,"In Orbit Dubz",198342501320,DSR0080A,Nightmare,,QZWDD2257336,"In Orbit Dubz",Spotify,"August 2024",LVA,Streaming,Single,Void,0,-0.000814000000
AUG-24,"DirtySnatcha Records",Tartarus,,CRiiOZ,198342042182,DSR127,"In The Walls",,USLZJ2405562,CRiiOZ,Spotify,"August 2024",SVK,Streaming,Single,Void,0,-0.000801000000
AUG-24,"DirtySnatcha Records",Nightmare,,"In Orbit Dubz",198342501320,DSR0080A,Nightmare,,QZWDD2257336,"In Orbit Dubz",Spotify,"August 2024",IND,Streaming,Single,Void,0,-0.000749000000
AUG-24,"DirtySnatcha Records",Nightmare,,"In Orbit Dubz",198342501320,DSR0080A,Nightmare,,QZWDD2257336,"In Orbit Dubz",Spotify,"August 2024",HUN,Streaming,Single,Void,0,-0.000723000000
AUG-24,"DirtySnatcha Records",Tartarus,,CRiiOZ,198342042182,DSR127,"In The Walls",,USLZJ2405562,CRiiOZ,Spotify,"August 2024",POL,Streaming,Single,Void,0,-0.000720000000
AUG-24,"DirtySnatcha Records","Fog Horn",,DENNETT,198342502969,DSR0074A,"Fog Horn",,QZTRX2237730,DENNETT,Spotify,"August 2024",POL,Streaming,Single,Void,0,-0.000720000000
AUG-24,"DirtySnatcha Records",Tartarus,,CRiiOZ,198342042182,DSR127,"In The Walls",,USLZJ2405562,CRiiOZ,Spotify,"August 2024",ECU,Streaming,Single,Void,0,-0.000702000000
AUG-24,"DirtySnatcha Records",Nightmare,,"In Orbit Dubz",198342501320,DSR0080A,Nightmare,,QZWDD2257336,"In Orbit Dubz",Spotify,"August 2024",TUR,Streaming,Single,Void,0,-0.000682000000
AUG-24,"DirtySnatcha Records",Bloodthirsty,,Howker,198342475331,DSR0004A,Bloodthirsty,,GBWUL1958037,Howker,Spotify,"August 2024",ARG,Streaming,Single,Void,0,-0.000631000000
AUG-24,"DirtySnatcha Records",Tartarus,,CRiiOZ,198342042182,DSR127,Psycho,,USLZJ2405590,"CRiiOZ, DSTRTN",Spotify,"August 2024",IDN,Streaming,Single,Void,0,-0.000624000000
AUG-24,"DirtySnatcha Records",Bloodthirsty,,Howker,198342475331,DSR0004A,Bloodthirsty,,GBWUL1958037,Howker,Spotify,"August 2024",MEX,Streaming,Single,Void,0,-0.000592000000
AUG-24,"DirtySnatcha Records","Fog Horn",,DENNETT,198342502969,DSR0074A,"Fog Horn",,QZTRX2237730,DENNETT,Spotify,"August 2024",NIC,Streaming,Single,Void,0,-0.000574000000
AUG-24,"DirtySnatcha Records",Tartarus,,CRiiOZ,198342042182,DSR127,Psycho,,USLZJ2405590,"CRiiOZ, DSTRTN",Spotify,"August 2024",IND,Streaming,Single,Void,0,-0.000572000000
AUG-24,"DirtySnatcha Records",Whoa,,"KirbyBright, Devious",198342485866,DSR133,Whoa,,GBWUL2431903,"KirbyBright, Devious",Spotify,"August 2024",SLV,Streaming,Single,Void,0,-0.000555000000
AUG-24,"DirtySnatcha Records",Tartarus,,CRiiOZ,198342042182,DSR127,"In The Walls",,USLZJ2405562,CRiiOZ,Spotify,"August 2024",GTM,Streaming,Single,Void,0,-0.000506000000
AUG-24,"DirtySnatcha Records","Genie In a Bottle",,"DirtySnatcha, Luci",198342437506,DSR132,"Genie In a Bottle",,GBWUL2407705,"DirtySnatcha, Luci",Spotify,"August 2024",UKR,Streaming,Single,Void,0,-0.000495000000
AUG-24,"DirtySnatcha Records",Bloodthirsty,,Howker,198342475331,DSR0004A,Bloodthirsty,,GBWUL1958037,Howker,Spotify,"August 2024",PER,Streaming,Single,Void,0,-0.000489000000
AUG-24,"DirtySnatcha Records",Nightmare,,"In Orbit Dubz",198342501320,DSR0080A,Nightmare,,QZWDD2257336,"In Orbit Dubz",Spotify,"August 2024",GTM,Streaming,Single,Void,0,-0.000480000000
AUG-24,"DirtySnatcha Records","Genie In a Bottle",,"DirtySnatcha, Luci",198342437506,DSR132,"Genie In a Bottle",,GBWUL2407705,"DirtySnatcha, Luci",Spotify,"August 2024",CRI,Streaming,Single,Void,0,-0.000478000000
AUG-24,"DirtySnatcha Records",Tartarus,,CRiiOZ,198342042182,DSR127,Psycho,,USLZJ2405590,"CRiiOZ, DSTRTN",Spotify,"August 2024",TWN,Streaming,Single,Void,0,-0.000473000000
AUG-24,"DirtySnatcha Records",Whoa,,"KirbyBright, Devious",198342485866,DSR133,Whoa,,GBWUL2431903,"KirbyBright, Devious",Spotify,"August 2024",MEX,Streaming,Single,Void,0,-0.000443000000
AUG-24,"DirtySnatcha Records","Fog Horn",,DENNETT,198342502969,DSR0074A,"Fog Horn",,QZTRX2237730,DENNETT,Spotify,"August 2024",ARG,Streaming,Single,Void,0,-0.000437000000
AUG-24,"DirtySnatcha Records",Tartarus,,CRiiOZ,198342042182,DSR127,Psycho,,USLZJ2405590,"CRiiOZ, DSTRTN",Spotify,"August 2024",MOZ,Streaming,Single,Void,0,-0.000401000000
AUG-24,"DirtySnatcha Records",Tartarus,,CRiiOZ,198342042182,DSR127,Psycho,,USLZJ2405590,"CRiiOZ, DSTRTN",Spotify,"August 2024",THA,Streaming,Single,Void,0,-0.000392000000
AUG-24,"DirtySnatcha Records","Genie In a Bottle",,"DirtySnatcha, Luci",198342437506,DSR132,"Genie In a Bottle",,GBWUL2407705,"DirtySnatcha, Luci",Spotify,"August 2024",SAU,Streaming,Single,Void,0,-0.000382000000
AUG-24,"DirtySnatcha Records",Tartarus,,CRiiOZ,198342042182,DSR127,Psycho,,USLZJ2405590,"CRiiOZ, DSTRTN",Spotify,"August 2024",VEN,Streaming,Single,Void,0,-0.000343000000
AUG-24,"DirtySnatcha Records",Nightmare,,"In Orbit Dubz",198342501320,DSR0080A,Nightmare,,QZWDD2257336,"In Orbit Dubz",Spotify,"August 2024",VEN,Streaming,Single,Void,0,-0.000325000000
AUG-24,"DirtySnatcha Records","Fog Horn",,DENNETT,198342502969,DSR0074A,"Fog Horn",,QZTRX2237730,DENNETT,Spotify,"August 2024",IDN,Streaming,Single,Void,0,-0.000307000000
AUG-24,"DirtySnatcha Records",Nightmare,,"In Orbit Dubz",198342501320,DSR0080A,Nightmare,,QZWDD2257336,"In Orbit Dubz",Spotify,"August 2024",IDN,Streaming,Single,Void,0,-0.000307000000
AUG-24,"DirtySnatcha Records",Tartarus,,CRiiOZ,198342042182,DSR127,"In The Walls",,USLZJ2405562,CRiiOZ,Spotify,"August 2024",LKA,Streaming,Single,Void,0,-0.000298000000
AUG-24,"DirtySnatcha Records",Nightmare,,"In Orbit Dubz",198342501320,DSR0080A,Nightmare,,QZWDD2257336,"In Orbit Dubz",Spotify,"August 2024",PHL,Streaming,Single,Void,0,-0.000280000000
AUG-24,"DirtySnatcha Records",Tartarus,,CRiiOZ,198342042182,DSR127,"In The Walls",,USLZJ2405562,CRiiOZ,Spotify,"August 2024",MYS,Streaming,Single,Void,0,-0.000255000000
AUG-24,"DirtySnatcha Records",Tartarus,,CRiiOZ,198342042182,DSR127,Psycho,,USLZJ2405590,"CRiiOZ, DSTRTN",Spotify,"August 2024",MYS,Streaming,Single,Void,0,-0.000249000000
AUG-24,"DirtySnatcha Records",Tartarus,,CRiiOZ,198342042182,DSR127,"In The Walls",,USLZJ2405562,CRiiOZ,Spotify,"August 2024",TUR,Streaming,Single,Void,0,-0.000227000000
AUG-24,"DirtySnatcha Records","Genie In a Bottle",,"DirtySnatcha, Luci",198342437506,DSR132,"Genie In a Bottle",,GBWUL2407705,"DirtySnatcha, Luci",Spotify,"August 2024",PER,Streaming,Single,Void,0,-0.000224000000
AUG-24,"DirtySnatcha Records",Tartarus,,CRiiOZ,198342042182,DSR127,"In The Walls",,USLZJ2405562,CRiiOZ,Spotify,"August 2024",EGY,Streaming,Single,Void,0,-0.000219000000
AUG-24,"DirtySnatcha Records",Nightmare,,"In Orbit Dubz",198342501320,DSR0080A,Nightmare,,QZWDD2257336,"In Orbit Dubz",Spotify,"August 2024",EGY,Streaming,Single,Void,0,-0.000217000000
AUG-24,"DirtySnatcha Records","Genie In a Bottle",,"DirtySnatcha, Luci",198342437506,DSR132,"Genie In a Bottle",,GBWUL2407705,"DirtySnatcha, Luci",Spotify,"August 2024",ARG,Streaming,Single,Void,0,-0.000210000000
AUG-24,"DirtySnatcha Records","Genie In a Bottle",,"DirtySnatcha, Luci",198342437506,DSR132,"Genie In a Bottle",,GBWUL2407705,"DirtySnatcha, Luci",Spotify,"August 2024",IND,Streaming,Single,Void,0,-0.000198000000
AUG-24,"DirtySnatcha Records",Whoa,,"KirbyBright, Devious",198342485866,DSR133,Whoa,,GBWUL2431903,"KirbyBright, Devious",Spotify,"August 2024",IND,Streaming,Single,Void,0,-0.000198000000
AUG-24,"DirtySnatcha Records","Fog Horn",,DENNETT,198342502969,DSR0074A,"Fog Horn",,QZTRX2237730,DENNETT,Spotify,"August 2024",IND,Streaming,Single,Void,0,-0.000198000000
AUG-24,"DirtySnatcha Records",Nightmare,,"In Orbit Dubz",198342501320,DSR0080A,Nightmare,,QZWDD2257336,"In Orbit Dubz",Spotify,"August 2024",ESP,Streaming,Single,Void,0,-0.000184000000
AUG-24,"DirtySnatcha Records",Bloodthirsty,,Howker,198342475331,DSR0004A,Bloodthirsty,,GBWUL1958037,Howker,Spotify,"August 2024",ESP,Streaming,Single,Void,0,-0.000184000000
AUG-24,"DirtySnatcha Records",Tartarus,,CRiiOZ,198342042182,DSR127,"In The Walls",,USLZJ2405562,CRiiOZ,Spotify,"August 2024",PRY,Streaming,Single,Void,0,-0.000177000000
AUG-24,"DirtySnatcha Records",Tartarus,,CRiiOZ,198342042182,DSR127,Psycho,,USLZJ2405590,"CRiiOZ, DSTRTN",Spotify,"August 2024",PRY,Streaming,Single,Void,0,-0.000177000000
AUG-24,"DirtySnatcha Records",Bloodthirsty,,Howker,198342475331,DSR0004A,Bloodthirsty,,GBWUL1958037,Howker,Spotify,"August 2024",FRA,Streaming,Single,Void,0,-0.000140000000
AUG-24,"DirtySnatcha Records",Tartarus,,CRiiOZ,198342042182,DSR127,Psycho,,USLZJ2405590,"CRiiOZ, DSTRTN",Spotify,"August 2024",EGY,Streaming,Single,Void,0,-0.000109000000
AUG-24,"DirtySnatcha Records",Tartarus,,CRiiOZ,198342042182,DSR127,"In The Walls",,USLZJ2405562,CRiiOZ,Spotify,"August 2024",PRT,Streaming,Single,Void,0,-0.000107000000
AUG-24,"DirtySnatcha Records",Tartarus,,CRiiOZ,198342042182,DSR127,Psycho,,USLZJ2405590,"CRiiOZ, DSTRTN",Spotify,"August 2024",HRV,Streaming,Single,Void,0,-0.000075000000
AUG-24,"DirtySnatcha Records","Fog Horn",,DENNETT,198342502969,DSR0074A,"Fog Horn",,QZTRX2237730,DENNETT,Spotify,"August 2024",ARE,Streaming,Single,Void,0,-0.000063000000
AUG-24,"DirtySnatcha Records",Tartarus,,CRiiOZ,198342042182,DSR127,"In The Walls",,USLZJ2405562,CRiiOZ,Spotify,"August 2024",ARE,Streaming,Single,Void,0,-0.000063000000
AUG-24,"DirtySnatcha Records",Tartarus,,CRiiOZ,198342042182,DSR127,"In The Walls",,USLZJ2405562,CRiiOZ,Spotify,"August 2024",NGA,Streaming,Single,Void,0,-0.000061000000
AUG-24,"DirtySnatcha Records",Tartarus,,CRiiOZ,198342042182,DSR127,Psycho,,USLZJ2405590,"CRiiOZ, DSTRTN",Spotify,"August 2024",NGA,Streaming,Single,Void,0,-0.000061000000
AUG-24,"DirtySnatcha Records","Keep Moving","Aelius, Voyager, Wilco Beats Remix",DirtySnatcha,198342499863,DSR0083A,"Keep Moving","Aelius, Voyager, Wilco Beats Remix",QZWDD2263373,"DirtySnatcha, Aelius, Voyager, Wilco Beats",Spotify,"August 2024",BRA,Streaming,Single,Void,0,-0.000049000000
AUG-24,"DirtySnatcha Records",Bloodthirsty,,Howker,198342475331,DSR0004A,Bloodthirsty,,GBWUL1958037,Howker,Spotify,"August 2024",PRT,Streaming,Single,Void,0,-0.000035000000
AUG-24,"DirtySnatcha Records","Genie In a Bottle",,"DirtySnatcha, Luci",198342437506,DSR132,"Genie In a Bottle",,GBWUL2407705,"DirtySnatcha, Luci",Spotify,"August 2024",SLV,Streaming,Single,Void,0,-0.000031000000
AUG-24,"DirtySnatcha Records","Genie In a Bottle",,"DirtySnatcha, Luci",198342437506,DSR132,"Genie In a Bottle",,GBWUL2407705,"DirtySnatcha, Luci",Spotify,"August 2024",ARM,Streaming,Single,Void,0,-0.000028000000
AUG-24,"DirtySnatcha Records",Tartarus,,CRiiOZ,198342042182,DSR127,Psycho,,USLZJ2405590,"CRiiOZ, DSTRTN",Spotify,"August 2024",HND,Streaming,Single,Void,0,-0.000026000000
AUG-24,"DirtySnatcha Records",Nightmare,,"In Orbit Dubz",198342501320,DSR0080A,Nightmare,,QZWDD2257336,"In Orbit Dubz",Spotify,"August 2024",HRV,Streaming,Single,Void,0,-0.000024000000
AUG-24,"DirtySnatcha Records",Tartarus,,CRiiOZ,198342042182,DSR127,"In The Walls",,USLZJ2405562,CRiiOZ,Spotify,"August 2024",HRV,Streaming,Single,Void,0,-0.000024000000
AUG-24,"DirtySnatcha Records","Fog Horn",,DENNETT,198342502969,DSR0074A,"Fog Horn",,QZTRX2237730,DENNETT,Spotify,"August 2024",TUR,Streaming,Single,Void,0,-0.000020000000
AUG-24,"DirtySnatcha Records",Nightmare,,"In Orbit Dubz",198342501320,DSR0080A,Nightmare,,QZWDD2257336,"In Orbit Dubz",Spotify,"August 2024",MAR,Streaming,Single,Void,0,-0.000019000000
AUG-24,"DirtySnatcha Records","Fog Horn",,DENNETT,198342502969,DSR0074A,"Fog Horn",,QZTRX2237730,DENNETT,Spotify,"August 2024",MAR,Streaming,Single,Void,0,-0.000019000000
AUG-24,"DirtySnatcha Records",Tartarus,,CRiiOZ,198342042182,DSR127,Psycho,,USLZJ2405590,"CRiiOZ, DSTRTN",Spotify,"August 2024",LVA,Streaming,Single,Void,0,-0.000017000000
AUG-24,"DirtySnatcha Records",Nightmare,,"In Orbit Dubz",198342501320,DSR0080A,Nightmare,,QZWDD2257336,"In Orbit Dubz",Spotify,"August 2024",MDA,Streaming,Single,Void,0,-0.000016000000
AUG-24,"DirtySnatcha Records","Fog Horn",,DENNETT,198342502969,DSR0074A,"Fog Horn",,QZTRX2237730,DENNETT,Spotify,"August 2024",GRC,Streaming,Single,Void,0,-0.000014000000
AUG-24,"DirtySnatcha Records",Tartarus,,CRiiOZ,198342042182,DSR127,"In The Walls",,USLZJ2405562,CRiiOZ,Spotify,"August 2024",HND,Streaming,Single,Void,0,-0.000012000000
AUG-24,"DirtySnatcha Records",WTF,,"BBX, Sloth",198342356135,DSR131,WTF,,GBRKQ2471312,"BBX, Sloth",Spotify,"August 2024",BOL,Streaming,Single,Void,10,-0.000010000000
AUG-24,"DirtySnatcha Records",Bloodthirsty,,Howker,198342475331,DSR0004A,Bloodthirsty,,GBWUL1958037,Howker,Spotify,"August 2024",KAZ,Streaming,Single,Void,0,-0.000008000000
AUG-24,"DirtySnatcha Records","Genie In a Bottle",,"DirtySnatcha, Luci",198342437506,DSR132,"Genie In a Bottle",,GBWUL2407705,"DirtySnatcha, Luci",Spotify,"August 2024",KEN,Streaming,Single,Void,0,-0.000003000000
AUG-24,"DirtySnatcha Records",Nightmare,,"In Orbit Dubz",198342501320,DSR0080A,Nightmare,,QZWDD2257336,"In Orbit Dubz",Spotify,"August 2024",BOL,Streaming,Single,Void,1,-0.000002000000
AUG-24,"DirtySnatcha Records","GO MAD",,"DSTRTN, CRiiOZ",198342500286,DSR0056A,"GO MAD",,USLZJ2297741,"DSTRTN, CRiiOZ",Spotify,"August 2024",BOL,Streaming,Single,Void,1,-0.000002000000
AUG-24,"DirtySnatcha Records",Whoa,,"KirbyBright, Devious",198342485866,DSR133,Whoa,,GBWUL2431903,"KirbyBright, Devious",Spotify,"August 2024",UKR,Streaming,Single,Void,1,-0.000001000000
AUG-24,"DirtySnatcha Records",Rudeboy,,"Seeing Double, Kryture",198342476352,DSR0007A,Rudeboy,,GBWUL2045907,"Seeing Double, Kryture",Spotify,"August 2024",UKR,Streaming,Single,Void,1,-0.000001000000
AUG-24,"DirtySnatcha Records",Apparition,,CVLVALRI,198342507926,DSR0063A,Apparition,,GBRKQ2204805,CVLVALRI,Spotify,"August 2024",UKR,Streaming,Single,Void,1,-0.000001000000
AUG-24,"DirtySnatcha Records",Scorpion,,Torcha,198342501160,DSR0057A,Scorpion,,GBRKQ2202745,Torcha,Spotify,"August 2024",UKR,Streaming,Single,Void,1,-0.000001000000
AUG-24,"DirtySnatcha Records","BIG UPS",,"RAZR, VASTIVE",198342478684,DSR0024A,"BIG UPS",,USLZJ2023938,"RAZR, VASTIVE",Spotify,"August 2024",UKR,Streaming,Single,Void,1,-0.000001000000
AUG-24,"DirtySnatcha Records",Nightmare,,"In Orbit Dubz",198342501320,DSR0080A,Nightmare,,QZWDD2257336,"In Orbit Dubz",Spotify,"August 2024",UKR,Streaming,Single,Sale,2,0.000000000000
AUG-24,"DirtySnatcha Records","GO MAD",,"DSTRTN, CRiiOZ",198342500286,DSR0056A,"GO MAD",,USLZJ2297741,"DSTRTN, CRiiOZ",Spotify,"August 2024",UKR,Streaming,Single,Sale,2,0.000000000000
AUG-24,"DirtySnatcha Records","Genie In a Bottle",,"DirtySnatcha, Luci",198342437506,DSR132,"Genie In a Bottle",,GBWUL2407705,"DirtySnatcha, Luci",Spotify,"August 2024",UKR,Streaming,Single,Sale,3,0.000000000000
AUG-24,"DirtySnatcha Records",Tartarus,,CRiiOZ,198342042182,DSR127,"In The Walls",,USLZJ2405562,CRiiOZ,Spotify,"August 2024",UKR,Streaming,Single,Sale,2,0.000000000000
AUG-24,"DirtySnatcha Records","Fog Horn",,DENNETT,198342502969,DSR0074A,"Fog Horn",,QZTRX2237730,DENNETT,Spotify,"August 2024",UKR,Streaming,Single,Sale,3,0.000000000000
AUG-24,"DirtySnatcha Records",Tartarus,,CRiiOZ,198342042182,DSR127,Psycho,,USLZJ2405590,"CRiiOZ, DSTRTN",Spotify,"August 2024",UKR,Streaming,Single,Sale,6,0.000000000000
AUG-24,"DirtySnatcha Records","Genie In a Bottle",,"DirtySnatcha, Luci",198342437506,DSR132,"Genie In a Bottle",,GBWUL2407705,"DirtySnatcha, Luci","Facebook / Instagram - Revenue Share","July 2024",MYS,Streaming,"Audio Library: Consumption",Sale,1,0.000001000000
AUG-24,"DirtySnatcha Records",Tartarus,,CRiiOZ,198342042182,DSR127,"Watch Out",,USLZJ2405588,CRiiOZ,"Facebook / Instagram - Revenue Share","July 2024",PRI,Streaming,"Audio Library: Consumption",Sale,1,0.000001000000
AUG-24,"DirtySnatcha Records","Genie In a Bottle",,"DirtySnatcha, Luci",198342437506,DSR132,"Genie In a Bottle",,GBWUL2407705,"DirtySnatcha, Luci","Facebook / Instagram - Revenue Share","July 2024",COL,Streaming,"Audio Library: Consumption",Sale,2,0.000001000000
AUG-24,"DirtySnatcha Records","Genie In a Bottle",,"DirtySnatcha, Luci",198342437506,DSR132,"Genie In a Bottle",,GBWUL2407705,"DirtySnatcha, Luci","Facebook / Instagram","July 2024",COL,Streaming,"Audio Library: Consumption",Sale,2,0.000001000000
AUG-24,"DirtySnatcha Records","Genie In a Bottle",,"DirtySnatcha, Luci",198342437506,DSR132,"Genie In a Bottle",,GBWUL2407705,"DirtySnatcha, Luci","Facebook / Instagram","July 2024",PAN,Streaming,"Audio Library: Consumption",Sale,1,0.000001000000
AUG-24,"DirtySnatcha Records",Game,,"Sloth, CHACKK",197999855442,DSR116,Game,,QZ5FN2416543,"Sloth, CHACKK","Facebook / Instagram","July 2024",GTM,Streaming,"Audio Library: Consumption",Sale,2,0.000001000000
AUG-24,"DirtySnatcha Records",Game,,"Sloth, CHACKK",197999855442,DSR116,Game,,QZ5FN2416543,"Sloth, CHACKK","Facebook / Instagram - Revenue Share","July 2024",GTM,Streaming,"Audio Library: Consumption",Sale,2,0.000001000000
AUG-24,"DirtySnatcha Records","Genie In a Bottle",,"DirtySnatcha, Luci",198342437506,DSR132,"Genie In a Bottle",,GBWUL2407705,"DirtySnatcha, Luci","Facebook / Instagram - Revenue Share","July 2024",OMN,Streaming,"Audio Library: Consumption",Sale,1,0.000001000000
AUG-24,"DirtySnatcha Records",Whoa,,"KirbyBright, Devious",198342485866,DSR133,Whoa,,GBWUL2431903,"KirbyBright, Devious","Facebook / Instagram - Revenue Share","July 2024",PRT,Streaming,"Audio Library: Consumption",Sale,1,0.000001000000
AUG-24,"DirtySnatcha Records","Genie In a Bottle",,"DirtySnatcha, Luci",198342437506,DSR132,"Genie In a Bottle",,GBWUL2407705,"DirtySnatcha, Luci","Facebook / Instagram","July 2024",MKD,Streaming,"Audio Library: Consumption",Sale,1,0.000001000000
AUG-24,"DirtySnatcha Records","Genie In a Bottle",,"DirtySnatcha, Luci",198342437506,DSR132,"Genie In a Bottle",,GBWUL2407705,"DirtySnatcha, Luci","Facebook / Instagram","July 2024",OMN,Streaming,"Audio Library: Consumption",Sale,1,0.000001000000
AUG-24,"DirtySnatcha Records","Genie In a Bottle",,"DirtySnatcha, Luci",198342437506,DSR132,"Genie In a Bottle",,GBWUL2407705,"DirtySnatcha, Luci","Facebook / Instagram - Revenue Share","July 2024",MKD,Streaming,"Audio Library: Consumption",Sale,1,0.000001000000
AUG-24,"DirtySnatcha Records",WDGAF,,CRiiOZ,197999026187,DSR0102,WDGAF,,QZWDE2357423,CRiiOZ,"Facebook / Instagram - Revenue Share","July 2024",IDN,Streaming,"Audio Library: Consumption",Sale,2,0.000001000000
AUG-24,"DirtySnatcha Records",Nightmare,,"In Orbit Dubz",198342501320,DSR0080A,Nightmare,,QZWDD2257336,"In Orbit Dubz",Spotify,"August 2024",UKR,Streaming,Single,Void,0,0.000001000000
AUG-24,"DirtySnatcha Records","Genie In a Bottle",,"DirtySnatcha, Luci",198342437506,DSR132,"Genie In a Bottle",,GBWUL2407705,"DirtySnatcha, Luci","Facebook / Instagram - Revenue Share","July 2024",GTM,Streaming,"Audio Library: Consumption",Sale,4,0.000001000000
AUG-24,"DirtySnatcha Records",WDGAF,,CRiiOZ,197999026187,DSR0102,WDGAF,,QZWDE2357423,CRiiOZ,"Facebook / Instagram","July 2024",IDN,Streaming,"Audio Library: Consumption",Sale,2,0.000001000000
AUG-24,"DirtySnatcha Records","Genie In a Bottle",,"DirtySnatcha, Luci",198342437506,DSR132,"Genie In a Bottle",,GBWUL2407705,"DirtySnatcha, Luci","Facebook / Instagram - Revenue Share","July 2024",CMR,Streaming,"User Generated Content: Consumption",Sale,1,0.000001000000
AUG-24,"DirtySnatcha Records","Genie In a Bottle",,"DirtySnatcha, Luci",198342437506,DSR132,"Genie In a Bottle",,GBWUL2407705,"DirtySnatcha, Luci","Facebook / Instagram - Revenue Share","July 2024",PAN,Streaming,"Audio Library: Consumption",Sale,1,0.000001000000
AUG-24,"DirtySnatcha Records",Whoa,,"KirbyBright, Devious",198342485866,DSR133,Whoa,,GBWUL2431903,"KirbyBright, Devious","Facebook / Instagram - Revenue Share","July 2024",PRI,Streaming,"Audio Library: Consumption",Sale,1,0.000001000000
AUG-24,"DirtySnatcha Records",WDGAF,,CRiiOZ,197999026187,DSR0102,WDGAF,,QZWDE2357423,CRiiOZ,"Facebook / Instagram - Revenue Share","July 2024",ARG,Streaming,"Audio Library: Consumption",Sale,1,0.000001000000
AUG-24,"DirtySnatcha Records","Genie In a Bottle",,"DirtySnatcha, Luci",198342437506,DSR132,"Genie In a Bottle",,GBWUL2407705,"DirtySnatcha, Luci","Facebook / Instagram - Revenue Share","July 2024",REU,Streaming,"Audio Library: Consumption",Sale,1,0.000001000000
AUG-24,"DirtySnatcha Records",Tartarus,,CRiiOZ,198342042182,DSR127,"In The Walls",,USLZJ2405562,CRiiOZ,Spotify,"August 2024",UKR,Streaming,Single,Void,0,0.000001000000
AUG-24,"DirtySnatcha Records","Genie In a Bottle",,"DirtySnatcha, Luci",198342437506,DSR132,"Genie In a Bottle",,GBWUL2407705,"DirtySnatcha, Luci","Facebook / Instagram - Revenue Share","July 2024",PRI,Streaming,"Audio Library: Consumption",Sale,1,0.000001000000
AUG-24,"DirtySnatcha Records","Genie In a Bottle",,"DirtySnatcha, Luci",198342437506,DSR132,"Genie In a Bottle",,GBWUL2407705,"DirtySnatcha, Luci","Facebook / Instagram - Revenue Share","July 2024",KWT,Streaming,"Audio Library: Consumption",Sale,1,0.000001000000
AUG-24,"DirtySnatcha Records",Whoa,,"KirbyBright, Devious",198342485866,DSR133,Whoa,,GBWUL2431903,"KirbyBright, Devious","Facebook / Instagram - Revenue Share","July 2024",MTQ,Streaming,"Audio Library: Consumption",Sale,1,0.000001000000
AUG-24,"DirtySnatcha Records","Genie In a Bottle",,"DirtySnatcha, Luci",198342437506,DSR132,"Genie In a Bottle",,GBWUL2407705,"DirtySnatcha, Luci","Facebook / Instagram - Revenue Share","July 2024",CYP,Streaming,"Audio Library: Consumption",Sale,1,0.000001000000
AUG-24,"DirtySnatcha Records","Genie In a Bottle",,"DirtySnatcha, Luci",198342437506,DSR132,"Genie In a Bottle",,GBWUL2407705,"DirtySnatcha, Luci","Facebook / Instagram - Revenue Share","July 2024",SAU,Streaming,"Audio Library: Consumption",Sale,2,0.000001000000
AUG-24,"DirtySnatcha Records",Nightmare,,"In Orbit Dubz",198342501320,DSR0080A,Nightmare,,QZWDD2257336,"In Orbit Dubz",Spotify,"August 2024",NIC,Streaming,Single,Sale,1,0.000001000000
AUG-24,"DirtySnatcha Records","Genie In a Bottle",,"DirtySnatcha, Luci",198342437506,DSR132,"Genie In a Bottle",,GBWUL2407705,"DirtySnatcha, Luci","Facebook / Instagram","July 2024",ARE,Streaming,"Audio Library: Consumption",Sale,1,0.000002000000
AUG-24,"DirtySnatcha Records","Genie In a Bottle",,"DirtySnatcha, Luci",198342437506,DSR132,"Genie In a Bottle",,GBWUL2407705,"DirtySnatcha, Luci","Facebook / Instagram - Revenue Share","July 2024",ROM,Streaming,"Audio Library: Consumption",Sale,1,0.000002000000
AUG-24,"DirtySnatcha Records","Genie In a Bottle",,"DirtySnatcha, Luci",198342437506,DSR132,"Genie In a Bottle",,GBWUL2407705,"DirtySnatcha, Luci","Facebook / Instagram","July 2024",KWT,Streaming,"Audio Library: Consumption",Sale,1,0.000002000000
AUG-24,"DirtySnatcha Records","Genie In a Bottle",,"DirtySnatcha, Luci",198342437506,DSR132,"Genie In a Bottle",,GBWUL2407705,"DirtySnatcha, Luci","Facebook / Instagram - Revenue Share","July 2024",PRT,Streaming,"Audio Library: Consumption",Sale,1,0.000002000000
AUG-24,"DirtySnatcha Records",Game,,"Sloth, CHACKK",197999855442,DSR116,Game,,QZ5FN2416543,"Sloth, CHACKK","Facebook / Instagram - Revenue Share","July 2024",ARG,Streaming,"Audio Library: Consumption",Sale,1,0.000002000000
AUG-24,"DirtySnatcha Records","Apple Sowce",,Autokorekt,198342768341,DSR134,"Apple Sowce",,QZTRX2474922,Autokorekt,"Facebook / Instagram - Revenue Share","July 2024",MEX,Streaming,"Audio Library: Consumption",Sale,1,0.000002000000
AUG-24,"DirtySnatcha Records",WDGAF,,CRiiOZ,197999026187,DSR0102,WDGAF,,QZWDE2357423,CRiiOZ,"Facebook / Instagram - Revenue Share","July 2024",BRA,Streaming,"Audio Library: Consumption",Sale,3,0.000002000000
AUG-24,"DirtySnatcha Records",Whoa,,"KirbyBright, Devious",198342485866,DSR133,Whoa,,GBWUL2431903,"KirbyBright, Devious","Facebook / Instagram","July 2024",PRI,Streaming,"Audio Library: Consumption",Sale,1,0.000002000000
AUG-24,"DirtySnatcha Records",Tartarus,,CRiiOZ,198342042182,DSR127,Psycho,,USLZJ2405590,"CRiiOZ, DSTRTN","Facebook / Instagram - Revenue Share","July 2024",IND,Streaming,"Audio Library: Consumption",Sale,18,0.000002000000
AUG-24,"DirtySnatcha Records","Genie In a Bottle",,"DirtySnatcha, Luci",198342437506,DSR132,"Genie In a Bottle",,GBWUL2407705,"DirtySnatcha, Luci","Facebook / Instagram","July 2024",SAU,Streaming,"Audio Library: Consumption",Sale,2,0.000002000000
AUG-24,"DirtySnatcha Records",Tartarus,,CRiiOZ,198342042182,DSR127,"Watch Out",,USLZJ2405588,CRiiOZ,"Facebook / Instagram","July 2024",PRI,Streaming,"Audio Library: Consumption",Sale,1,0.000002000000
AUG-24,"DirtySnatcha Records",Tartarus,,CRiiOZ,198342042182,DSR127,Psycho,,USLZJ2405590,"CRiiOZ, DSTRTN","Facebook / Instagram - Revenue Share","July 2024",LTU,Streaming,"Audio Library: Consumption",Sale,1,0.000002000000
AUG-24,"DirtySnatcha Records","Genie In a Bottle",,"DirtySnatcha, Luci",198342437506,DSR132,"Genie In a Bottle",,GBWUL2407705,"DirtySnatcha, Luci","Facebook / Instagram","July 2024",MYS,Streaming,"Audio Library: Consumption",Sale,1,0.000002000000
AUG-24,"DirtySnatcha Records","Break Beat",,Krxnik,198342476321,DSR0005A,"Break Beat",,GBWUL2005941,Krxnik,Snap,"August 2024",IND,Streaming,"User Generated Content",Sale,1,0.000002000000
AUG-24,"DirtySnatcha Records","Genie In a Bottle",,"DirtySnatcha, Luci",198342437506,DSR132,"Genie In a Bottle",,GBWUL2407705,"DirtySnatcha, Luci","Facebook / Instagram","July 2024",PRI,Streaming,"Audio Library: Consumption",Sale,1,0.000002000000
AUG-24,"DirtySnatcha Records","Genie In a Bottle",,"DirtySnatcha, Luci",198342437506,DSR132,"Genie In a Bottle",,GBWUL2407705,"DirtySnatcha, Luci","Facebook / Instagram - Revenue Share","July 2024",MEX,Streaming,"User Generated Content: Consumption",Sale,1,0.000002000000
AUG-24,"DirtySnatcha Records",Whoa,,"KirbyBright, Devious",198342485866,DSR133,Whoa,,GBWUL2431903,"KirbyBright, Devious","Facebook / Instagram - Revenue Share","July 2024",MEX,Streaming,"Audio Library: Consumption",Sale,1,0.000002000000
AUG-24,"DirtySnatcha Records","Genie In a Bottle",,"DirtySnatcha, Luci",198342437506,DSR132,"Genie In a Bottle",,GBWUL2407705,"DirtySnatcha, Luci","Facebook / Instagram","July 2024",GTM,Streaming,"Audio Library: Consumption",Sale,4,0.000002000000
AUG-24,"DirtySnatcha Records","Genie In a Bottle",,"DirtySnatcha, Luci",198342437506,DSR132,"Genie In a Bottle",,GBWUL2407705,"DirtySnatcha, Luci","Facebook / Instagram","July 2024",REU,Streaming,"Audio Library: Consumption",Sale,1,0.000002000000
AUG-24,"DirtySnatcha Records",WDGAF,,CRiiOZ,197999026187,DSR0102,WDGAF,,QZWDE2357423,CRiiOZ,"Facebook / Instagram","July 2024",ARG,Streaming,"Audio Library: Consumption",Sale,1,0.000002000000
AUG-24,"DirtySnatcha Records","Genie In a Bottle",,"DirtySnatcha, Luci",198342437506,DSR132,"Genie In a Bottle",,GBWUL2407705,"DirtySnatcha, Luci","Facebook / Instagram","July 2024",CMR,Streaming,"User Generated Content: Consumption",Sale,1,0.000002000000
AUG-24,"DirtySnatcha Records",Boss,,Entravert,198342492949,DSR0047A,Boss,,GBWUL2192869,Entravert,Snap,"August 2024",IND,Streaming,"User Generated Content",Sale,1,0.000002000000
AUG-24,"DirtySnatcha Records",Whoa,,"KirbyBright, Devious",198342485866,DSR133,Whoa,,GBWUL2431903,"KirbyBright, Devious","Facebook / Instagram","July 2024",PRT,Streaming,"Audio Library: Consumption",Sale,1,0.000002000000
AUG-24,"DirtySnatcha Records","Genie In a Bottle",,"DirtySnatcha, Luci",198342437506,DSR132,"Genie In a Bottle",,GBWUL2407705,"DirtySnatcha, Luci","Facebook / Instagram","July 2024",CYP,Streaming,"Audio Library: Consumption",Sale,1,0.000002000000
AUG-24,"DirtySnatcha Records",Tartarus,,CRiiOZ,198342042182,DSR127,Psycho,,USLZJ2405590,"CRiiOZ, DSTRTN","Facebook / Instagram - Revenue Share","July 2024",MEX,Streaming,"Audio Library: Consumption",Sale,1,0.000002000000
AUG-24,"DirtySnatcha Records","Genie In a Bottle",,"DirtySnatcha, Luci",198342437506,DSR132,"Genie In a Bottle",,GBWUL2407705,"DirtySnatcha, Luci",Snap,"August 2024",IND,Streaming,"User Generated Content",Sale,1,0.000002000000
AUG-24,"DirtySnatcha Records","Genie In a Bottle",,"DirtySnatcha, Luci",198342437506,DSR132,"Genie In a Bottle",,GBWUL2407705,"DirtySnatcha, Luci","Facebook / Instagram - Revenue Share","July 2024",ARE,Streaming,"Audio Library: Consumption",Sale,1,0.000002000000
AUG-24,"DirtySnatcha Records",Whoa,,"KirbyBright, Devious",198342485866,DSR133,Whoa,,GBWUL2431903,"KirbyBright, Devious","Facebook / Instagram","July 2024",MTQ,Streaming,"Audio Library: Consumption",Sale,1,0.000002000000
AUG-24,"DirtySnatcha Records","Genie In a Bottle",,"DirtySnatcha, Luci",198342437506,DSR132,"Genie In a Bottle",,GBWUL2407705,"DirtySnatcha, Luci","Facebook / Instagram - Revenue Share","July 2024",ARG,Streaming,"Audio Library: Consumption",Sale,1,0.000002000000
AUG-24,"DirtySnatcha Records",WTF,,"BBX, Sloth",198342356135,DSR131,WTF,,GBRKQ2471312,"BBX, Sloth",Spotify,"August 2024",UKR,Streaming,Single,Sale,29,0.000002000000
AUG-24,"DirtySnatcha Records",Game,,"Sloth, CHACKK",197999855442,DSR116,Game,,QZ5FN2416543,"Sloth, CHACKK","Facebook / Instagram - Revenue Share","July 2024",ROM,Streaming,"Audio Library: Consumption",Sale,1,0.000002000000
AUG-24,"DirtySnatcha Records","Genie In a Bottle",,"DirtySnatcha, Luci",198342437506,DSR132,"Genie In a Bottle",,GBWUL2407705,"DirtySnatcha, Luci","Facebook / Instagram","July 2024",ROM,Streaming,"Audio Library: Consumption",Sale,1,0.000003000000
AUG-24,"DirtySnatcha Records",Tartarus,,CRiiOZ,198342042182,DSR127,Psycho,,USLZJ2405590,"CRiiOZ, DSTRTN","Facebook / Instagram","July 2024",LTU,Streaming,"Audio Library: Consumption",Sale,1,0.000003000000
AUG-24,"DirtySnatcha Records",WDGAF,,CRiiOZ,197999026187,DSR0102,WDGAF,,QZWDE2357423,CRiiOZ,"Facebook / Instagram","July 2024",BRA,Streaming,"Audio Library: Consumption",Sale,3,0.000003000000
AUG-24,"DirtySnatcha Records","Genie In a Bottle",,"DirtySnatcha, Luci",198342437506,DSR132,"Genie In a Bottle",,GBWUL2407705,"DirtySnatcha, Luci","Facebook / Instagram - Revenue Share","July 2024",BHS,Streaming,"User Generated Content: Consumption",Sale,1,0.000003000000
AUG-24,"DirtySnatcha Records",Tartarus,,CRiiOZ,198342042182,DSR127,Psycho,,USLZJ2405590,"CRiiOZ, DSTRTN","Facebook / Instagram - Revenue Share","July 2024",CHL,Streaming,"Audio Library: Consumption",Sale,1,0.000003000000
AUG-24,"DirtySnatcha Records","GO MAD",,"DSTRTN, CRiiOZ",198342500286,DSR0056A,"GO MAD",,USLZJ2297741,"DSTRTN, CRiiOZ",Spotify,"August 2024",NIC,Streaming,Single,Sale,2,0.000003000000
AUG-24,"DirtySnatcha Records","Genie In a Bottle",,"DirtySnatcha, Luci",198342437506,DSR132,"Genie In a Bottle",,GBWUL2407705,"DirtySnatcha, Luci","Facebook / Instagram - Revenue Share","July 2024",TWN,Streaming,"Audio Library: Consumption",Sale,1,0.000003000000
AUG-24,"DirtySnatcha Records",Game,,"Sloth, CHACKK",197999855442,DSR116,Game,,QZ5FN2416543,"Sloth, CHACKK","Facebook / Instagram - Revenue Share","July 2024",ITA,Streaming,"Audio Library: Consumption",Sale,1,0.000003000000
AUG-24,"DirtySnatcha Records","Genie In a Bottle",,"DirtySnatcha, Luci",198342437506,DSR132,"Genie In a Bottle",,GBWUL2407705,"DirtySnatcha, Luci","Facebook / Instagram - Revenue Share","July 2024",ITA,Streaming,"User Generated Content: Consumption",Sale,1,0.000003000000
AUG-24,"DirtySnatcha Records",PTSD,,SHOCKZ,198342479049,DSR0028A,PTSD,,USLZJ2069504,SHOCKZ,Spotify,"August 2024",NIC,Streaming,Single,Sale,2,0.000003000000
AUG-24,"DirtySnatcha Records","Genie In a Bottle",,"DirtySnatcha, Luci",198342437506,DSR132,"Genie In a Bottle",,GBWUL2407705,"DirtySnatcha, Luci","Facebook / Instagram - Revenue Share","July 2024",GUM,Streaming,"Audio Library: Consumption",Sale,1,0.000003000000
AUG-24,"DirtySnatcha Records",Game,,"Sloth, CHACKK",197999855442,DSR116,Game,,QZ5FN2416543,"Sloth, CHACKK","Facebook / Instagram","July 2024",ROM,Streaming,"Audio Library: Consumption",Sale,1,0.000003000000
AUG-24,"DirtySnatcha Records",Tartarus,,CRiiOZ,198342042182,DSR127,Psycho,,USLZJ2405590,"CRiiOZ, DSTRTN","Facebook / Instagram","July 2024",MEX,Streaming,"Audio Library: Consumption",Sale,1,0.000003000000
AUG-24,"DirtySnatcha Records",Tartarus,,CRiiOZ,198342042182,DSR127,Psycho,,USLZJ2405590,"CRiiOZ, DSTRTN","Facebook / Instagram - Revenue Share","July 2024",MEX,Streaming,"Audio Library: Consumption",Sale,2,0.000003000000
AUG-24,"DirtySnatcha Records",Tartarus,,CRiiOZ,198342042182,DSR127,Psycho,,USLZJ2405590,"CRiiOZ, DSTRTN","Facebook / Instagram","July 2024",IND,Streaming,"Audio Library: Consumption",Sale,18,0.000003000000
AUG-24,"DirtySnatcha Records","Genie In a Bottle",,"DirtySnatcha, Luci",198342437506,DSR132,"Genie In a Bottle",,GBWUL2407705,"DirtySnatcha, Luci","Facebook / Instagram - Revenue Share","July 2024",MEX,Streaming,"Audio Library: Consumption",Sale,2,0.000003000000
AUG-24,"DirtySnatcha Records",Whoa,,"KirbyBright, Devious",198342485866,DSR133,Whoa,,GBWUL2431903,"KirbyBright, Devious","Facebook / Instagram","July 2024",MEX,Streaming,"Audio Library: Consumption",Sale,1,0.000003000000
AUG-24,"DirtySnatcha Records",WDGAF,,CRiiOZ,197999026187,DSR0102,WDGAF,,QZWDE2357423,CRiiOZ,"Facebook / Instagram - Revenue Share","July 2024",CZE,Streaming,"Audio Library: Consumption",Sale,1,0.000003000000
AUG-24,"DirtySnatcha Records",Tartarus,,CRiiOZ,198342042182,DSR127,Psycho,,USLZJ2405590,"CRiiOZ, DSTRTN","Facebook / Instagram - Revenue Share","July 2024",ITA,Streaming,"Audio Library: Consumption",Sale,1,0.000003000000
AUG-24,"DirtySnatcha Records","Genie In a Bottle",,"DirtySnatcha, Luci",198342437506,DSR132,"Genie In a Bottle",,GBWUL2407705,"DirtySnatcha, Luci","Facebook / Instagram - Revenue Share","July 2024",CYM,Streaming,"Audio Library: Consumption",Sale,1,0.000003000000
AUG-24,"DirtySnatcha Records",Game,,"Sloth, CHACKK",197999855442,DSR116,Game,,QZ5FN2416543,"Sloth, CHACKK","Facebook / Instagram - Revenue Share","July 2024",CZE,Streaming,"Audio Library: Consumption",Sale,1,0.000003000000
AUG-24,"DirtySnatcha Records","Genie In a Bottle",,"DirtySnatcha, Luci",198342437506,DSR132,"Genie In a Bottle",,GBWUL2407705,"DirtySnatcha, Luci","Facebook / Instagram - Revenue Share","July 2024",BRA,Streaming,"Audio Library: Consumption",Sale,5,0.000003000000
AUG-24,"DirtySnatcha Records","Genie In a Bottle",,"DirtySnatcha, Luci",198342437506,DSR132,"Genie In a Bottle",,GBWUL2407705,"DirtySnatcha, Luci","Facebook / Instagram","July 2024",MEX,Streaming,"User Generated Content: Consumption",Sale,1,0.000003000000
AUG-24,"DirtySnatcha Records","Genie In a Bottle",,"DirtySnatcha, Luci",198342437506,DSR132,"Genie In a Bottle",,GBWUL2407705,"DirtySnatcha, Luci","Facebook / Instagram - Revenue Share","July 2024",ITA,Streaming,"Audio Library: Consumption",Sale,1,0.000003000000
AUG-24,"DirtySnatcha Records","Genie In a Bottle",,"DirtySnatcha, Luci",198342437506,DSR132,"Genie In a Bottle",,GBWUL2407705,"DirtySnatcha, Luci","Facebook / Instagram - Revenue Share","July 2024",IND,Streaming,"Audio Library: Consumption",Sale,28,0.000003000000
AUG-24,"DirtySnatcha Records","Apple Sowce",,Autokorekt,198342768341,DSR134,"Apple Sowce",,QZTRX2474922,Autokorekt,"Facebook / Instagram","July 2024",MEX,Streaming,"Audio Library: Consumption",Sale,1,0.000003000000
AUG-24,"DirtySnatcha Records",Whoa,,"KirbyBright, Devious",198342485866,DSR133,Whoa,,GBWUL2431903,"KirbyBright, Devious","Facebook / Instagram - Revenue Share","July 2024",TWN,Streaming,"Audio Library: Consumption",Sale,1,0.000003000000
AUG-24,"DirtySnatcha Records",WDGAF,,CRiiOZ,197999026187,DSR0102,WDGAF,,QZWDE2357423,CRiiOZ,"Facebook / Instagram - Revenue Share","July 2024",MEX,Streaming,"Audio Library: Consumption",Sale,2,0.000003000000
AUG-24,"DirtySnatcha Records",Whoa,,"KirbyBright, Devious",198342485866,DSR133,Whoa,,GBWUL2431903,"KirbyBright, Devious","Facebook / Instagram - Revenue Share","July 2024",HUN,Streaming,"Audio Library: Consumption",Sale,1,0.000003000000
AUG-24,"DirtySnatcha Records","Genie In a Bottle",,"DirtySnatcha, Luci",198342437506,DSR132,"Genie In a Bottle",,GBWUL2407705,"DirtySnatcha, Luci","Facebook / Instagram","July 2024",PRT,Streaming,"Audio Library: Consumption",Sale,1,0.000004000000
AUG-24,"DirtySnatcha Records",Game,,"Sloth, CHACKK",197999855442,DSR116,Game,,QZ5FN2416543,"Sloth, CHACKK","Facebook / Instagram","July 2024",ARG,Streaming,"Audio Library: Consumption",Sale,1,0.000004000000
AUG-24,"DirtySnatcha Records","Genie In a Bottle",,"DirtySnatcha, Luci",198342437506,DSR132,"Genie In a Bottle",,GBWUL2407705,"DirtySnatcha, Luci","Facebook / Instagram - Revenue Share","July 2024",IND,Streaming,"Audio Library: Consumption",Sale,12,0.000004000000
AUG-24,"DirtySnatcha Records",Whoa,,"KirbyBright, Devious",198342485866,DSR133,Whoa,,GBWUL2431903,"KirbyBright, Devious","Facebook / Instagram - Revenue Share","July 2024",ESP,Streaming,"Audio Library: Consumption",Sale,1,0.000004000000
AUG-24,"DirtySnatcha Records","Genie In a Bottle",,"DirtySnatcha, Luci",198342437506,DSR132,"Genie In a Bottle",,GBWUL2407705,"DirtySnatcha, Luci","Facebook / Instagram","July 2024",CYM,Streaming,"Audio Library: Consumption",Sale,1,0.000004000000
AUG-24,"DirtySnatcha Records","Genie In a Bottle",,"DirtySnatcha, Luci",198342437506,DSR132,"Genie In a Bottle",,GBWUL2407705,"DirtySnatcha, Luci","Facebook / Instagram","July 2024",GUM,Streaming,"Audio Library: Consumption",Sale,1,0.000004000000
AUG-24,"DirtySnatcha Records",Game,,"Sloth, CHACKK",197999855442,DSR116,Game,,QZ5FN2416543,"Sloth, CHACKK","Facebook / Instagram","July 2024",CZE,Streaming,"Audio Library: Consumption",Sale,1,0.000004000000
AUG-24,"DirtySnatcha Records","Genie In a Bottle",,"DirtySnatcha, Luci",198342437506,DSR132,"Genie In a Bottle",,GBWUL2407705,"DirtySnatcha, Luci","Facebook / Instagram","July 2024",ARG,Streaming,"Audio Library: Consumption",Sale,1,0.000004000000
AUG-24,"DirtySnatcha Records","Genie In a Bottle",,"DirtySnatcha, Luci",198342437506,DSR132,"Genie In a Bottle",,GBWUL2407705,"DirtySnatcha, Luci","Facebook / Instagram - Revenue Share","July 2024",ROM,Streaming,"Audio Library: Consumption",Sale,2,0.000004000000
AUG-24,"DirtySnatcha Records","Genie In a Bottle",,"DirtySnatcha, Luci",198342437506,DSR132,"Genie In a Bottle",,GBWUL2407705,"DirtySnatcha, Luci","Facebook / Instagram","July 2024",BHS,Streaming,"User Generated Content: Consumption",Sale,1,0.000004000000
AUG-24,"DirtySnatcha Records",Tartarus,,CRiiOZ,198342042182,DSR127,Psycho,,USLZJ2405590,"CRiiOZ, DSTRTN","Facebook / Instagram","July 2024",CHL,Streaming,"Audio Library: Consumption",Sale,1,0.000004000000
AUG-24,"DirtySnatcha Records","Genie In a Bottle",,"DirtySnatcha, Luci",198342437506,DSR132,"Genie In a Bottle",,GBWUL2407705,"DirtySnatcha, Luci","Facebook / Instagram - Revenue Share","July 2024",GRC,Streaming,"Audio Library: Consumption",Sale,1,0.000004000000
AUG-24,"DirtySnatcha Records",WDGAF,,CRiiOZ,197999026187,DSR0102,WDGAF,,QZWDE2357423,CRiiOZ,"Facebook / Instagram","July 2024",CZE,Streaming,"Audio Library: Consumption",Sale,1,0.000004000000
AUG-24,"DirtySnatcha Records","Genie In a Bottle",,"DirtySnatcha, Luci",198342437506,DSR132,"Genie In a Bottle",,GBWUL2407705,"DirtySnatcha, Luci","Facebook / Instagram","July 2024",TWN,Streaming,"Audio Library: Consumption",Sale,1,0.000005000000
AUG-24,"DirtySnatcha Records","Genie In a Bottle",,"DirtySnatcha, Luci",198342437506,DSR132,"Genie In a Bottle",,GBWUL2407705,"DirtySnatcha, Luci","Facebook / Instagram","July 2024",BRA,Streaming,"Audio Library: Consumption",Sale,5,0.000005000000
AUG-24,"DirtySnatcha Records",WDGAF,,CRiiOZ,197999026187,DSR0102,WDGAF,,QZWDE2357423,CRiiOZ,"Facebook / Instagram - Revenue Share","July 2024",AUT,Streaming,"Audio Library: Consumption",Sale,1,0.000005000000
AUG-24,"DirtySnatcha Records","Keep Moving","Audigy Remix",DirtySnatcha,197999143198,DSR0104,"Keep Moving","Audigy Remix",QZWV32320452,"DirtySnatcha, Audigy","Facebook / Instagram - Revenue Share","July 2024",POL,Streaming,"Audio Library: Consumption",Sale,1,0.000005000000
AUG-24,"DirtySnatcha Records",Game,,"Sloth, CHACKK",197999855442,DSR116,Game,,QZ5FN2416543,"Sloth, CHACKK","Facebook / Instagram - Revenue Share","July 2024",NLD,Streaming,"Audio Library: Consumption",Sale,1,0.000005000000
AUG-24,"DirtySnatcha Records","Genie In a Bottle",,"DirtySnatcha, Luci",198342437506,DSR132,"Genie In a Bottle",,GBWUL2407705,"DirtySnatcha, Luci","Facebook / Instagram - Revenue Share","July 2024",BEL,Streaming,"Audio Library: Consumption",Sale,1,0.000005000000
AUG-24,"DirtySnatcha Records",Game,,"Sloth, CHACKK",197999855442,DSR116,Game,,QZ5FN2416543,"Sloth, CHACKK","Facebook / Instagram - Revenue Share","July 2024",CZE,Streaming,"Audio Library: Consumption",Sale,2,0.000005000000
AUG-24,"DirtySnatcha Records","Genie In a Bottle",,"DirtySnatcha, Luci",198342437506,DSR132,"Genie In a Bottle",,GBWUL2407705,"DirtySnatcha, Luci","Facebook / Instagram - Revenue Share","July 2024",NLD,Streaming,"Audio Library: Consumption",Sale,1,0.000005000000
AUG-24,"DirtySnatcha Records",Whoa,,"KirbyBright, Devious",198342485866,DSR133,Whoa,,GBWUL2431903,"KirbyBright, Devious","Facebook / Instagram","July 2024",TWN,Streaming,"Audio Library: Consumption",Sale,1,0.000005000000
AUG-24,"DirtySnatcha Records",Whoa,,"KirbyBright, Devious",198342485866,DSR133,Whoa,,GBWUL2431903,"KirbyBright, Devious","Facebook / Instagram - Revenue Share","July 2024",BEL,Streaming,"Audio Library: Consumption",Sale,1,0.000005000000
AUG-24,"DirtySnatcha Records",WDGAF,,CRiiOZ,197999026187,DSR0102,WDGAF,,QZWDE2357423,CRiiOZ,"Facebook / Instagram - Revenue Share","July 2024",NZL,Streaming,"Audio Library: Consumption",Sale,1,0.000005000000
AUG-24,"DirtySnatcha Records",Whoa,,"KirbyBright, Devious",198342485866,DSR133,Whoa,,GBWUL2431903,"KirbyBright, Devious","Facebook / Instagram - Revenue Share","July 2024",NZL,Streaming,"Audio Library: Consumption",Sale,1,0.000005000000
AUG-24,"DirtySnatcha Records",Game,,"Sloth, CHACKK",197999855442,DSR116,Game,,QZ5FN2416543,"Sloth, CHACKK","Facebook / Instagram - Revenue Share","July 2024",POL,Streaming,"Audio Library: Consumption",Sale,1,0.000005000000
AUG-24,"DirtySnatcha Records",Whoa,,"KirbyBright, Devious",198342485866,DSR133,Whoa,,GBWUL2431903,"KirbyBright, Devious","Facebook / Instagram - Revenue Share","July 2024",POL,Streaming,"Audio Library: Consumption",Sale,1,0.000005000000
AUG-24,"DirtySnatcha Records",Tartarus,,CRiiOZ,198342042182,DSR127,Psycho,,USLZJ2405590,"CRiiOZ, DSTRTN","Facebook / Instagram - Revenue Share","July 2024",DEU,Streaming,"Audio Library: Consumption",Sale,1,0.000006000000
AUG-24,"DirtySnatcha Records",Game,,"Sloth, CHACKK",197999855442,DSR116,Game,,QZ5FN2416543,"Sloth, CHACKK","Facebook / Instagram","July 2024",ITA,Streaming,"Audio Library: Consumption",Sale,1,0.000006000000
AUG-24,"DirtySnatcha Records","Genie In a Bottle",,"DirtySnatcha, Luci",198342437506,DSR132,"Genie In a Bottle",,GBWUL2407705,"DirtySnatcha, Luci","Facebook / Instagram","July 2024",IND,Streaming,"Audio Library: Consumption",Sale,12,0.000006000000
AUG-24,"DirtySnatcha Records",Tartarus,,CRiiOZ,198342042182,DSR127,Psycho,,USLZJ2405590,"CRiiOZ, DSTRTN","Facebook / Instagram","July 2024",MEX,Streaming,"Audio Library: Consumption",Sale,2,0.000006000000
AUG-24,"DirtySnatcha Records",Tartarus,,CRiiOZ,198342042182,DSR127,Psycho,,USLZJ2405590,"CRiiOZ, DSTRTN","Facebook / Instagram","July 2024",ITA,Streaming,"Audio Library: Consumption",Sale,1,0.000006000000
AUG-24,"DirtySnatcha Records","Genie In a Bottle",,"DirtySnatcha, Luci",198342437506,DSR132,"Genie In a Bottle",,GBWUL2407705,"DirtySnatcha, Luci","Facebook / Instagram","July 2024",ITA,Streaming,"Audio Library: Consumption",Sale,1,0.000006000000
AUG-24,"DirtySnatcha Records","Genie In a Bottle",,"DirtySnatcha, Luci",198342437506,DSR132,"Genie In a Bottle",,GBWUL2407705,"DirtySnatcha, Luci","Facebook / Instagram","July 2024",ITA,Streaming,"User Generated Content: Consumption",Sale,1,0.000006000000
AUG-24,"DirtySnatcha Records","Genie In a Bottle",,"DirtySnatcha, Luci",198342437506,DSR132,"Genie In a Bottle",,GBWUL2407705,"DirtySnatcha, Luci","Facebook / Instagram - Revenue Share","July 2024",CAN,Streaming,"User Generated Content: Consumption",Sale,1,0.000006000000
AUG-24,"DirtySnatcha Records","Apple Sowce",,Autokorekt,198342768341,DSR134,"Apple Sowce",,QZTRX2474922,Autokorekt,"Facebook / Instagram - Revenue Share","July 2024",CAN,Streaming,"Audio Library: Consumption",Sale,1,0.000006000000
AUG-24,"DirtySnatcha Records",WDGAF,,CRiiOZ,197999026187,DSR0102,WDGAF,,QZWDE2357423,CRiiOZ,"Facebook / Instagram","July 2024",MEX,Streaming,"Audio Library: Consumption",Sale,2,0.000006000000
AUG-24,"DirtySnatcha Records",Whoa,,"KirbyBright, Devious",198342485866,DSR133,Whoa,,GBWUL2431903,"KirbyBright, Devious","Facebook / Instagram","July 2024",HUN,Streaming,"Audio Library: Consumption",Sale,1,0.000006000000
AUG-24,"DirtySnatcha Records",Tartarus,,CRiiOZ,198342042182,DSR127,Psycho,,USLZJ2405590,"CRiiOZ, DSTRTN","Facebook / Instagram - Revenue Share","July 2024",DNK,Streaming,"Audio Library: Consumption",Sale,1,0.000006000000
AUG-24,"DirtySnatcha Records",Game,,"Sloth, CHACKK",197999855442,DSR116,Game,,QZ5FN2416543,"Sloth, CHACKK","Facebook / Instagram - Revenue Share","July 2024",CAN,Streaming,"Audio Library: Consumption",Sale,1,0.000006000000
AUG-24,"DirtySnatcha Records",Tartarus,,CRiiOZ,198342042182,DSR127,"Watch Out",,USLZJ2405588,CRiiOZ,"Facebook / Instagram - Revenue Share","July 2024",DEU,Streaming,"Audio Library: Consumption",Sale,1,0.000006000000
AUG-24,"DirtySnatcha Records","Genie In a Bottle",,"DirtySnatcha, Luci",198342437506,DSR132,"Genie In a Bottle",,GBWUL2407705,"DirtySnatcha, Luci","Facebook / Instagram","July 2024",IND,Streaming,"Audio Library: Consumption",Sale,28,0.000006000000
AUG-24,"DirtySnatcha Records","Genie In a Bottle",,"DirtySnatcha, Luci",198342437506,DSR132,"Genie In a Bottle",,GBWUL2407705,"DirtySnatcha, Luci","Facebook / Instagram - Revenue Share","July 2024",CHL,Streaming,"Audio Library: Consumption",Sale,1,0.000006000000
AUG-24,"DirtySnatcha Records","Genie In a Bottle",,"DirtySnatcha, Luci",198342437506,DSR132,"Genie In a Bottle",,GBWUL2407705,"DirtySnatcha, Luci","Facebook / Instagram - Revenue Share","July 2024",THA,Streaming,"Audio Library: Consumption",Sale,1,0.000006000000
AUG-24,"DirtySnatcha Records",Hypnotize,,"In Orbit Dubz",197999477019,DSR113,Hypnotize,,QZZ8B2327916,"In Orbit Dubz","Facebook / Instagram - Revenue Share","July 2024",DEU,Streaming,"Audio Library: Consumption",Sale,1,0.000006000000
AUG-24,"DirtySnatcha Records",Maniac,,Sinatra,197999611932,DSR114,Maniac,,QZZEB2305800,Sinatra,"Facebook / Instagram - Revenue Share","July 2024",CAN,Streaming,"Audio Library: Consumption",Sale,1,0.000006000000
AUG-24,"DirtySnatcha Records","Genie In a Bottle",,"DirtySnatcha, Luci",198342437506,DSR132,"Genie In a Bottle",,GBWUL2407705,"DirtySnatcha, Luci","Facebook / Instagram","July 2024",MEX,Streaming,"Audio Library: Consumption",Sale,2,0.000006000000
AUG-24,"DirtySnatcha Records","Genie In a Bottle",,"DirtySnatcha, Luci",198342437506,DSR132,"Genie In a Bottle",,GBWUL2407705,"DirtySnatcha, Luci","Facebook / Instagram","July 2024",ROM,Streaming,"Audio Library: Consumption",Sale,2,0.000007000000
AUG-24,"DirtySnatcha Records",LIGMA,,"BBX, Jonomatic, Geeku",198342492208,DSR0045A,LIGMA,,GBWUL2171015,"BBX, Jonomatic, Geeku",Snap,"August 2024",IND,Streaming,"User Generated Content",Sale,1,0.000007000000
AUG-24,"DirtySnatcha Records","Genie In a Bottle",,"DirtySnatcha, Luci",198342437506,DSR132,"Genie In a Bottle",,GBWUL2407705,"DirtySnatcha, Luci","Facebook / Instagram","July 2024",GRC,Streaming,"Audio Library: Consumption",Sale,1,0.000007000000
AUG-24,"DirtySnatcha Records",Maniac,,Sinatra,197999611932,DSR114,Maniac,,QZZEB2305800,Sinatra,"Facebook / Instagram - Revenue Share","July 2024",ITA,Streaming,"Audio Library: Consumption",Sale,2,0.000007000000
AUG-24,"DirtySnatcha Records",Game,,"Sloth, CHACKK",197999855442,DSR116,Game,,QZ5FN2416543,"Sloth, CHACKK","Facebook / Instagram - Revenue Share","July 2024",FRA,Streaming,"Audio Library: Consumption",Sale,1,0.000007000000
AUG-24,"DirtySnatcha Records","Genie In a Bottle",,"DirtySnatcha, Luci",198342437506,DSR132,"Genie In a Bottle",,GBWUL2407705,"DirtySnatcha, Luci","Facebook / Instagram - Revenue Share","July 2024",FRA,Streaming,"Audio Library: Consumption",Sale,1,0.000007000000
AUG-24,"DirtySnatcha Records",Hypnotize,,"In Orbit Dubz",197999477019,DSR113,Hypnotize,,QZZ8B2327916,"In Orbit Dubz",Snap,"August 2024",PAK,Streaming,"User Generated Content",Sale,1,0.000007000000
AUG-24,"DirtySnatcha Records",Hypnotize,,"In Orbit Dubz",197999477019,DSR113,Hypnotize,,QZZ8B2327916,"In Orbit Dubz",Snap,"July 2024",PAK,Streaming,"User Generated Content",Sale,1,0.000007000000
AUG-24,"DirtySnatcha Records",Whoa,,"KirbyBright, Devious",198342485866,DSR133,Whoa,,GBWUL2431903,"KirbyBright, Devious","Facebook / Instagram","July 2024",ESP,Streaming,"Audio Library: Consumption",Sale,1,0.000007000000
AUG-24,"DirtySnatcha Records",Whoa,,"KirbyBright, Devious",198342485866,DSR133,Whoa,,GBWUL2431903,"KirbyBright, Devious","Facebook / Instagram - Revenue Share","July 2024",ITA,Streaming,"Audio Library: Consumption",Sale,2,0.000007000000
AUG-24,"DirtySnatcha Records","Genie In a Bottle",,"DirtySnatcha, Luci",198342437506,DSR132,"Genie In a Bottle",,GBWUL2407705,"DirtySnatcha, Luci","Facebook / Instagram - Revenue Share","July 2024",NOR,Streaming,"Audio Library: Consumption",Sale,1,0.000008000000
AUG-24,"DirtySnatcha Records",Tartarus,,CRiiOZ,198342042182,DSR127,Psycho,,USLZJ2405590,"CRiiOZ, DSTRTN","Facebook / Instagram - Revenue Share","July 2024",GBR,Streaming,"Audio Library: Consumption",Sale,1,0.000008000000
AUG-24,"DirtySnatcha Records","Genie In a Bottle",,"DirtySnatcha, Luci",198342437506,DSR132,"Genie In a Bottle",,GBWUL2407705,"DirtySnatcha, Luci","Facebook / Instagram - Revenue Share","July 2024",GGY,Streaming,"Audio Library: Consumption",Sale,1,0.000008000000
AUG-24,"DirtySnatcha Records","Genie In a Bottle",,"DirtySnatcha, Luci",198342437506,DSR132,"Genie In a Bottle",,GBWUL2407705,"DirtySnatcha, Luci","Facebook / Instagram","July 2024",CHL,Streaming,"Audio Library: Consumption",Sale,1,0.000008000000
AUG-24,"DirtySnatcha Records",Tartarus,,CRiiOZ,198342042182,DSR127,"Watch Out",,USLZJ2405588,CRiiOZ,"Facebook / Instagram - Revenue Share","July 2024",AUS,Streaming,"Audio Library: Consumption",Sale,1,0.000008000000
AUG-24,"DirtySnatcha Records","Genie In a Bottle",,"DirtySnatcha, Luci",198342437506,DSR132,"Genie In a Bottle",,GBWUL2407705,"DirtySnatcha, Luci","Facebook / Instagram - Revenue Share","July 2024",AUS,Streaming,"Audio Library: Consumption",Sale,1,0.000008000000
AUG-24,"DirtySnatcha Records",Tartarus,,CRiiOZ,198342042182,DSR127,Psycho,,USLZJ2405590,"CRiiOZ, DSTRTN","Facebook / Instagram - Revenue Share","July 2024",AUS,Streaming,"Audio Library: Consumption",Sale,1,0.000008000000
AUG-24,"DirtySnatcha Records",Game,,"Sloth, CHACKK",197999855442,DSR116,Game,,QZ5FN2416543,"Sloth, CHACKK","Facebook / Instagram","July 2024",POL,Streaming,"Audio Library: Consumption",Sale,1,0.000009000000
AUG-24,"DirtySnatcha Records",Whoa,,"KirbyBright, Devious",198342485866,DSR133,Whoa,,GBWUL2431903,"KirbyBright, Devious","Facebook / Instagram - Revenue Share","July 2024",ESP,Streaming,"Audio Library: Consumption",Sale,2,0.000009000000
AUG-24,"DirtySnatcha Records",Whoa,,"KirbyBright, Devious",198342485866,DSR133,Whoa,,GBWUL2431903,"KirbyBright, Devious","Facebook / Instagram","July 2024",BEL,Streaming,"Audio Library: Consumption",Sale,1,0.000009000000
AUG-24,"DirtySnatcha Records","Genie In a Bottle",,"DirtySnatcha, Luci",198342437506,DSR132,"Genie In a Bottle",,GBWUL2407705,"DirtySnatcha, Luci","Facebook / Instagram - Revenue Share","July 2024",CHE,Streaming,"Audio Library: Consumption",Sale,1,0.000009000000
AUG-24,"DirtySnatcha Records","Genie In a Bottle",,"DirtySnatcha, Luci",198342437506,DSR132,"Genie In a Bottle",,GBWUL2407705,"DirtySnatcha, Luci","Facebook / Instagram - Revenue Share","July 2024",JPN,Streaming,"User Generated Content: Consumption",Sale,1,0.000009000000
AUG-24,"DirtySnatcha Records",Whoa,,"KirbyBright, Devious",198342485866,DSR133,Whoa,,GBWUL2431903,"KirbyBright, Devious","Facebook / Instagram","July 2024",POL,Streaming,"Audio Library: Consumption",Sale,1,0.000009000000
AUG-24,"DirtySnatcha Records",Whoa,,"KirbyBright, Devious",198342485866,DSR133,Whoa,,GBWUL2431903,"KirbyBright, Devious","Facebook / Instagram","July 2024",NZL,Streaming,"Audio Library: Consumption",Sale,1,0.000009000000
AUG-24,"DirtySnatcha Records","Genie In a Bottle",,"DirtySnatcha, Luci",198342437506,DSR132,"Genie In a Bottle",,GBWUL2407705,"DirtySnatcha, Luci","Facebook / Instagram","July 2024",BEL,Streaming,"Audio Library: Consumption",Sale,1,0.000009000000
AUG-24,"DirtySnatcha Records",Game,,"Sloth, CHACKK",197999855442,DSR116,Game,,QZ5FN2416543,"Sloth, CHACKK","Facebook / Instagram","July 2024",CZE,Streaming,"Audio Library: Consumption",Sale,2,0.000009000000
AUG-24,"DirtySnatcha Records",Game,,"Sloth, CHACKK",197999855442,DSR116,Game,,QZ5FN2416543,"Sloth, CHACKK","Facebook / Instagram","July 2024",NLD,Streaming,"Audio Library: Consumption",Sale,1,0.000009000000
AUG-24,"DirtySnatcha Records","Genie In a Bottle",,"DirtySnatcha, Luci",198342437506,DSR132,"Genie In a Bottle",,GBWUL2407705,"DirtySnatcha, Luci","Facebook / Instagram - Revenue Share","July 2024",IRL,Streaming,"Audio Library: Consumption",Sale,2,0.000009000000
AUG-24,"DirtySnatcha Records","Genie In a Bottle",,"DirtySnatcha, Luci",198342437506,DSR132,"Genie In a Bottle",,GBWUL2407705,"DirtySnatcha, Luci","Facebook / Instagram - Revenue Share","July 2024",ESP,Streaming,"Audio Library: Consumption",Sale,2,0.000009000000
AUG-24,"DirtySnatcha Records","Genie In a Bottle",,"DirtySnatcha, Luci",198342437506,DSR132,"Genie In a Bottle",,GBWUL2407705,"DirtySnatcha, Luci","Facebook / Instagram","July 2024",NLD,Streaming,"Audio Library: Consumption",Sale,1,0.000009000000
AUG-24,"DirtySnatcha Records",WDGAF,,CRiiOZ,197999026187,DSR0102,WDGAF,,QZWDE2357423,CRiiOZ,"Facebook / Instagram","July 2024",AUT,Streaming,"Audio Library: Consumption",Sale,1,0.000009000000
AUG-24,"DirtySnatcha Records","Keep Moving","Audigy Remix",DirtySnatcha,197999143198,DSR0104,"Keep Moving","Audigy Remix",QZWV32320452,"DirtySnatcha, Audigy","Facebook / Instagram","July 2024",POL,Streaming,"Audio Library: Consumption",Sale,1,0.000009000000
AUG-24,"DirtySnatcha Records",WDGAF,,CRiiOZ,197999026187,DSR0102,WDGAF,,QZWDE2357423,CRiiOZ,"Facebook / Instagram","July 2024",NZL,Streaming,"Audio Library: Consumption",Sale,1,0.000009000000
AUG-24,"DirtySnatcha Records","Genie In a Bottle",,"DirtySnatcha, Luci",198342437506,DSR132,"Genie In a Bottle",,GBWUL2407705,"DirtySnatcha, Luci","Facebook / Instagram - Revenue Share","July 2024",JPN,Streaming,"Audio Library: Consumption",Sale,1,0.000009000000
AUG-24,"DirtySnatcha Records",Maniac,,Sinatra,197999611932,DSR114,Maniac,,QZZEB2305800,Sinatra,"Facebook / Instagram","July 2024",CAN,Streaming,"Audio Library: Consumption",Sale,1,0.000010000000
AUG-24,"DirtySnatcha Records",Hypnotize,,"In Orbit Dubz",197999477019,DSR113,Hypnotize,,QZZ8B2327916,"In Orbit Dubz","Facebook / Instagram","July 2024",DEU,Streaming,"Audio Library: Consumption",Sale,1,0.000010000000
AUG-24,"DirtySnatcha Records",Tartarus,,CRiiOZ,198342042182,DSR127,Psycho,,USLZJ2405590,"CRiiOZ, DSTRTN","Facebook / Instagram","July 2024",DEU,Streaming,"Audio Library: Consumption",Sale,1,0.000010000000
AUG-24,"DirtySnatcha Records","Genie In a Bottle",,"DirtySnatcha, Luci",198342437506,DSR132,"Genie In a Bottle",,GBWUL2407705,"DirtySnatcha, Luci","Facebook / Instagram - Revenue Share","July 2024",MEX,Streaming,"Audio Library: Consumption",Sale,6,0.000010000000
AUG-24,"DirtySnatcha Records","Genie In a Bottle",,"DirtySnatcha, Luci",198342437506,DSR132,"Genie In a Bottle",,GBWUL2407705,"DirtySnatcha, Luci","Facebook / Instagram - Revenue Share","July 2024",SWE,Streaming,"Audio Library: Consumption",Sale,2,0.000010000000
AUG-24,"DirtySnatcha Records",Game,,"Sloth, CHACKK",197999855442,DSR116,Game,,QZ5FN2416543,"Sloth, CHACKK","Facebook / Instagram","July 2024",CAN,Streaming,"Audio Library: Consumption",Sale,1,0.000010000000
AUG-24,"DirtySnatcha Records","Back Rooms",,"In Orbit Dubz",198342498644,DSR0077A,"Back Rooms",,QZWDD2257316,"In Orbit Dubz",Snap,"August 2024",THA,Streaming,"User Generated Content",Sale,1,0.000010000000
AUG-24,"DirtySnatcha Records","Apple Sowce",,Autokorekt,198342768341,DSR134,"Apple Sowce",,QZTRX2474922,Autokorekt,"Facebook / Instagram","July 2024",CAN,Streaming,"Audio Library: Consumption",Sale,1,0.000010000000
AUG-24,"DirtySnatcha Records","Genie In a Bottle",,"DirtySnatcha, Luci",198342437506,DSR132,"Genie In a Bottle",,GBWUL2407705,"DirtySnatcha, Luci","Facebook / Instagram - Revenue Share","July 2024",ITA,Streaming,"Audio Library: Consumption",Sale,3,0.000010000000
AUG-24,"DirtySnatcha Records","Genie In a Bottle",,"DirtySnatcha, Luci",198342437506,DSR132,"Genie In a Bottle",,GBWUL2407705,"DirtySnatcha, Luci","Facebook / Instagram","July 2024",CAN,Streaming,"User Generated Content: Consumption",Sale,1,0.000010000000
AUG-24,"DirtySnatcha Records","Genie In a Bottle",,"DirtySnatcha, Luci",198342437506,DSR132,"Genie In a Bottle",,GBWUL2407705,"DirtySnatcha, Luci","Facebook / Instagram","July 2024",THA,Streaming,"Audio Library: Consumption",Sale,1,0.000010000000
AUG-24,"DirtySnatcha Records",Tartarus,,CRiiOZ,198342042182,DSR127,"Watch Out",,USLZJ2405588,CRiiOZ,"Facebook / Instagram","July 2024",DEU,Streaming,"Audio Library: Consumption",Sale,1,0.000010000000
AUG-24,"DirtySnatcha Records","Genie In a Bottle",,"DirtySnatcha, Luci",198342437506,DSR132,"Genie In a Bottle",,GBWUL2407705,"DirtySnatcha, Luci","Facebook / Instagram - Revenue Share","July 2024",NLD,Streaming,"Audio Library: Consumption",Sale,2,0.000011000000
AUG-24,"DirtySnatcha Records","Genie In a Bottle",,"DirtySnatcha, Luci",198342437506,DSR132,"Genie In a Bottle",,GBWUL2407705,"DirtySnatcha, Luci",Spotify,"August 2024",KEN,Streaming,Single,Sale,1,0.000011000000
AUG-24,"DirtySnatcha Records","Genie In a Bottle",,"DirtySnatcha, Luci",198342437506,DSR132,"Genie In a Bottle",,GBWUL2407705,"DirtySnatcha, Luci","Facebook / Instagram - Revenue Share","July 2024",NZL,Streaming,"Audio Library: Consumption",Sale,2,0.000011000000
AUG-24,"DirtySnatcha Records",Tartarus,,CRiiOZ,198342042182,DSR127,Psycho,,USLZJ2405590,"CRiiOZ, DSTRTN","Facebook / Instagram","July 2024",DNK,Streaming,"Audio Library: Consumption",Sale,1,0.000011000000
AUG-24,"DirtySnatcha Records","Genie In a Bottle",,"DirtySnatcha, Luci",198342437506,DSR132,"Genie In a Bottle",,GBWUL2407705,"DirtySnatcha, Luci","Facebook / Instagram","July 2024",FRA,Streaming,"Audio Library: Consumption",Sale,1,0.000012000000
AUG-24,"DirtySnatcha Records","Genie In a Bottle",,"DirtySnatcha, Luci",198342437506,DSR132,"Genie In a Bottle",,GBWUL2407705,"DirtySnatcha, Luci","Facebook / Instagram - Revenue Share","July 2024",FIN,Streaming,"Audio Library: Consumption",Sale,2,0.000012000000
AUG-24,"DirtySnatcha Records",Hypnotize,,"In Orbit Dubz",197999477019,DSR113,Hypnotize,,QZZ8B2327916,"In Orbit Dubz",Snap,"July 2024",NGA,Streaming,"User Generated Content",Sale,1,0.000012000000
AUG-24,"DirtySnatcha Records",Game,,"Sloth, CHACKK",197999855442,DSR116,Game,,QZ5FN2416543,"Sloth, CHACKK","Facebook / Instagram - Revenue Share","July 2024",DEU,Streaming,"Audio Library: Consumption",Sale,2,0.000012000000
AUG-24,"DirtySnatcha Records","Genie In a Bottle",,"DirtySnatcha, Luci",198342437506,DSR132,"Genie In a Bottle",,GBWUL2407705,"DirtySnatcha, Luci","Facebook / Instagram - Revenue Share","July 2024",DEU,Streaming,"User Generated Content: Consumption",Sale,2,0.000012000000
AUG-24,"DirtySnatcha Records",Maniac,,Sinatra,197999611932,DSR114,Maniac,,QZZEB2305800,Sinatra,"Facebook / Instagram","July 2024",ITA,Streaming,"Audio Library: Consumption",Sale,2,0.000012000000
AUG-24,"DirtySnatcha Records",Whoa,,"KirbyBright, Devious",198342485866,DSR133,Whoa,,GBWUL2431903,"KirbyBright, Devious","Facebook / Instagram","July 2024",ITA,Streaming,"Audio Library: Consumption",Sale,2,0.000012000000
AUG-24,"DirtySnatcha Records",Game,,"Sloth, CHACKK",197999855442,DSR116,Game,,QZ5FN2416543,"Sloth, CHACKK","Facebook / Instagram","July 2024",FRA,Streaming,"Audio Library: Consumption",Sale,1,0.000012000000
AUG-24,"DirtySnatcha Records","Genie In a Bottle",,"DirtySnatcha, Luci",198342437506,DSR132,"Genie In a Bottle",,GBWUL2407705,"DirtySnatcha, Luci","Facebook / Instagram","July 2024",GGY,Streaming,"Audio Library: Consumption",Sale,1,0.000013000000
AUG-24,"DirtySnatcha Records","Genie In a Bottle",,"DirtySnatcha, Luci",198342437506,DSR132,"Genie In a Bottle",,GBWUL2407705,"DirtySnatcha, Luci","Facebook / Instagram","July 2024",NOR,Streaming,"Audio Library: Consumption",Sale,1,0.000013000000
AUG-24,"DirtySnatcha Records",Tartarus,,CRiiOZ,198342042182,DSR127,Psycho,,USLZJ2405590,"CRiiOZ, DSTRTN","Facebook / Instagram","July 2024",GBR,Streaming,"Audio Library: Consumption",Sale,1,0.000013000000
AUG-24,"DirtySnatcha Records",LIGMA,,"BBX, Jonomatic, Geeku",198342492208,DSR0045A,LIGMA,,GBWUL2171015,"BBX, Jonomatic, Geeku",Snap,"August 2024",SAU,Streaming,"User Generated Content",Sale,1,0.000013000000
AUG-24,"DirtySnatcha Records",WTF,,"BBX, Sloth",198342356135,DSR131,WTF,,GBRKQ2471312,"BBX, Sloth","YouTube Content ID","August 2024",IND,UGC,"Sound Recording",Sale,1,0.000013000000
AUG-24,"DirtySnatcha Records",Tartarus,,CRiiOZ,198342042182,DSR127,"Watch Out",,USLZJ2405588,CRiiOZ,"Facebook / Instagram","July 2024",AUS,Streaming,"Audio Library: Consumption",Sale,1,0.000014000000
AUG-24,"DirtySnatcha Records","Genie In a Bottle",,"DirtySnatcha, Luci",198342437506,DSR132,"Genie In a Bottle",,GBWUL2407705,"DirtySnatcha, Luci","Facebook / Instagram - Revenue Share","July 2024",GBR,Streaming,"User Generated Content: Consumption",Sale,2,0.000014000000
AUG-24,"DirtySnatcha Records",WTF,,"BBX, Sloth",198342356135,DSR131,WTF,,GBRKQ2471312,"BBX, Sloth",Spotify,"August 2024",JAM,Streaming,Single,Sale,1,0.000014000000
AUG-24,"DirtySnatcha Records",Tartarus,,CRiiOZ,198342042182,DSR127,Trust,,USLZJ2405591,CRiiOZ,"Facebook / Instagram - Revenue Share","July 2024",USA,Streaming,"Audio Library: Consumption",Sale,1,0.000014000000
AUG-24,"DirtySnatcha Records","Apple Sowce",,Autokorekt,198342768341,DSR134,"Apple Sowce",,QZTRX2474922,Autokorekt,"Facebook / Instagram - Revenue Share","July 2024",USA,Streaming,"Audio Library: Consumption",Sale,1,0.000014000000
AUG-24,"DirtySnatcha Records",Tartarus,,CRiiOZ,198342042182,DSR127,Psycho,,USLZJ2405590,"CRiiOZ, DSTRTN","Facebook / Instagram","July 2024",AUS,Streaming,"Audio Library: Consumption",Sale,1,0.000014000000
AUG-24,"DirtySnatcha Records","Genie In a Bottle",,"DirtySnatcha, Luci",198342437506,DSR132,"Genie In a Bottle",,GBWUL2407705,"DirtySnatcha, Luci","Facebook / Instagram - Revenue Share","July 2024",KOR,Streaming,"Audio Library: Consumption",Sale,2,0.000014000000
AUG-24,"DirtySnatcha Records","Genie In a Bottle",,"DirtySnatcha, Luci",198342437506,DSR132,"Genie In a Bottle",,GBWUL2407705,"DirtySnatcha, Luci","Facebook / Instagram","July 2024",ESP,Streaming,"Audio Library: Consumption",Sale,2,0.000014000000
AUG-24,"DirtySnatcha Records","Genie In a Bottle",,"DirtySnatcha, Luci",198342437506,DSR132,"Genie In a Bottle",,GBWUL2407705,"DirtySnatcha, Luci","Facebook / Instagram","July 2024",AUS,Streaming,"Audio Library: Consumption",Sale,1,0.000014000000
AUG-24,"DirtySnatcha Records",Game,,"Sloth, CHACKK",197999855442,DSR116,Game,,QZ5FN2416543,"Sloth, CHACKK","Facebook / Instagram - Revenue Share","July 2024",USA,Streaming,"Audio Library: Consumption",Sale,1,0.000014000000
AUG-24,"DirtySnatcha Records",Game,,"Sloth, CHACKK",197999855442,DSR116,Game,,QZ5FN2416543,"Sloth, CHACKK",Spotify,"August 2024",IDN,Streaming,Single,Sale,1,0.000014000000
AUG-24,"DirtySnatcha Records","Genie In a Bottle",,"DirtySnatcha, Luci",198342437506,DSR132,"Genie In a Bottle",,GBWUL2407705,"DirtySnatcha, Luci","Facebook / Instagram - Revenue Share","July 2024",USA,Streaming,"Audio Library: Consumption",Sale,1,0.000014000000
AUG-24,"DirtySnatcha Records","Break Beat",,Krxnik,198342476321,DSR0005A,"Break Beat",,GBWUL2005941,Krxnik,Snap,"August 2024",MAR,Streaming,"User Generated Content",Sale,1,0.000014000000
AUG-24,"DirtySnatcha Records",FLATLINE,,GOMPERZ,197999449672,DSR111,FLATLINE,,QZZ8B2311175,GOMPERZ,"Facebook / Instagram - Revenue Share","July 2024",USA,Streaming,"Audio Library: Consumption",Sale,1,0.000014000000
AUG-24,"DirtySnatcha Records",Maniac,,Sinatra,197999611932,DSR114,Maniac,,QZZEB2305800,Sinatra,"Facebook / Instagram - Revenue Share","July 2024",USA,Streaming,"Audio Library: Consumption",Sale,1,0.000014000000
AUG-24,"DirtySnatcha Records",Tartarus,,CRiiOZ,198342042182,DSR127,"Watch Out",,USLZJ2405588,CRiiOZ,"Facebook / Instagram - Revenue Share","July 2024",USA,Streaming,"Audio Library: Consumption",Sale,1,0.000014000000
AUG-24,"DirtySnatcha Records",Whoa,,"KirbyBright, Devious",198342485866,DSR133,Whoa,,GBWUL2431903,"KirbyBright, Devious","Facebook / Instagram","July 2024",ESP,Streaming,"Audio Library: Consumption",Sale,2,0.000014000000
AUG-24,"DirtySnatcha Records",Tartarus,,CRiiOZ,198342042182,DSR127,"In The Walls",,USLZJ2405562,CRiiOZ,Spotify,"August 2024",IDN,Streaming,Single,Sale,1,0.000014000000
AUG-24,"DirtySnatcha Records",WDGAF,,CRiiOZ,197999026187,DSR0102,WDGAF,,QZWDE2357423,CRiiOZ,"Facebook / Instagram - Revenue Share","July 2024",GBR,Streaming,"Audio Library: Consumption",Sale,2,0.000014000000
AUG-24,"DirtySnatcha Records","Genie In a Bottle",,"DirtySnatcha, Luci",198342437506,DSR132,"Genie In a Bottle",,GBWUL2407705,"DirtySnatcha, Luci","Facebook / Instagram","July 2024",IRL,Streaming,"Audio Library: Consumption",Sale,2,0.000015000000
AUG-24,"DirtySnatcha Records","Genie In a Bottle",,"DirtySnatcha, Luci",198342437506,DSR132,"Genie In a Bottle",,GBWUL2407705,"DirtySnatcha, Luci","Facebook / Instagram","July 2024",CHE,Streaming,"Audio Library: Consumption",Sale,1,0.000015000000
AUG-24,"DirtySnatcha Records","GO MAD",,"DSTRTN, CRiiOZ",198342500286,DSR0056A,"GO MAD",,USLZJ2297741,"DSTRTN, CRiiOZ",Spotify,"August 2024",GHA,Streaming,Single,Sale,1,0.000015000000
AUG-24,"DirtySnatcha Records",Whoa,,"KirbyBright, Devious",198342485866,DSR133,Whoa,,GBWUL2431903,"KirbyBright, Devious","Facebook / Instagram - Revenue Share","July 2024",AUS,Streaming,"Audio Library: Consumption",Sale,1,0.000016000000
AUG-24,"DirtySnatcha Records",WTF,,"BBX, Sloth",198342356135,DSR131,WTF,,GBRKQ2471312,"BBX, Sloth",Spotify,"August 2024",UZB,Streaming,Single,Sale,1,0.000016000000
AUG-24,"DirtySnatcha Records","Genie In a Bottle",,"DirtySnatcha, Luci",198342437506,DSR132,"Genie In a Bottle",,GBWUL2407705,"DirtySnatcha, Luci","Facebook / Instagram - Revenue Share","July 2024",ESP,Streaming,"Audio Library: Consumption",Sale,4,0.000017000000
AUG-24,"DirtySnatcha Records","Genie In a Bottle",,"DirtySnatcha, Luci",198342437506,DSR132,"Genie In a Bottle",,GBWUL2407705,"DirtySnatcha, Luci","Facebook / Instagram","July 2024",JPN,Streaming,"User Generated Content: Consumption",Sale,1,0.000017000000
AUG-24,"DirtySnatcha Records","Genie In a Bottle",,"DirtySnatcha, Luci",198342437506,DSR132,"Genie In a Bottle",,GBWUL2407705,"DirtySnatcha, Luci","Facebook / Instagram","July 2024",JPN,Streaming,"Audio Library: Consumption",Sale,1,0.000017000000
AUG-24,"DirtySnatcha Records","Genie In a Bottle",,"DirtySnatcha, Luci",198342437506,DSR132,"Genie In a Bottle",,GBWUL2407705,"DirtySnatcha, Luci",Spotify,"August 2024",JOR,Streaming,Single,Sale,1,0.000017000000
AUG-24,"DirtySnatcha Records","Genie In a Bottle",,"DirtySnatcha, Luci",198342437506,DSR132,"Genie In a Bottle",,GBWUL2407705,"DirtySnatcha, Luci","Facebook / Instagram","July 2024",MEX,Streaming,"Audio Library: Consumption",Sale,6,0.000018000000
AUG-24,"DirtySnatcha Records","Genie In a Bottle",,"DirtySnatcha, Luci",198342437506,DSR132,"Genie In a Bottle",,GBWUL2407705,"DirtySnatcha, Luci","Facebook / Instagram","July 2024",ITA,Streaming,"Audio Library: Consumption",Sale,3,0.000018000000
AUG-24,"DirtySnatcha Records","Genie In a Bottle",,"DirtySnatcha, Luci",198342437506,DSR132,"Genie In a Bottle",,GBWUL2407705,"DirtySnatcha, Luci","Facebook / Instagram","July 2024",SWE,Streaming,"Audio Library: Consumption",Sale,2,0.000018000000
AUG-24,"DirtySnatcha Records","Back Rooms",,"In Orbit Dubz",198342498644,DSR0077A,"Back Rooms",,QZWDD2257316,"In Orbit Dubz",Spotify,"August 2024",TUR,Streaming,Single,Sale,1,0.000018000000
AUG-24,"DirtySnatcha Records",Rudeboy,,"Seeing Double, Kryture",198342476352,DSR0007A,Rudeboy,,GBWUL2045907,"Seeing Double, Kryture",Spotify,"August 2024",TUR,Streaming,Single,Sale,1,0.000018000000
AUG-24,"DirtySnatcha Records",Tartarus,,CRiiOZ,198342042182,DSR127,Psycho,,USLZJ2405590,"CRiiOZ, DSTRTN","Facebook / Instagram - Revenue Share","July 2024",CAN,Streaming,"Audio Library: Consumption",Sale,3,0.000018000000
AUG-24,"DirtySnatcha Records","Eight Six",,BBX,198342480014,DSR0092A,"Eight Six",,QZTV32366095,BBX,Spotify,"August 2024",TUR,Streaming,Single,Sale,1,0.000018000000
AUG-24,"DirtySnatcha Records","Fight Time",,Megahurtz,198342492123,DSR0042A,"Fight Time",,GBRKQ2178616,Megahurtz,Snap,"July 2024",TUR,Streaming,"User Generated Content",Sale,1,0.000018000000
AUG-24,"DirtySnatcha Records","Genie In a Bottle",,"DirtySnatcha, Luci",198342437506,DSR132,"Genie In a Bottle",,GBWUL2407705,"DirtySnatcha, Luci","Facebook / Instagram","July 2024",NLD,Streaming,"Audio Library: Consumption",Sale,2,0.000019000000
AUG-24,"DirtySnatcha Records","Genie In a Bottle",,"DirtySnatcha, Luci",198342437506,DSR132,"Genie In a Bottle",,GBWUL2407705,"DirtySnatcha, Luci","Facebook / Instagram","July 2024",NZL,Streaming,"Audio Library: Consumption",Sale,2,0.000019000000
AUG-24,"DirtySnatcha Records","Fuck It Up",,"In Orbit Dubz",198342501825,DSR0078A,"Fuck It Up",,QZWDD2257318,"In Orbit Dubz",Snap,"July 2024",ARE,Streaming,"User Generated Content",Sale,1,0.000019000000
AUG-24,"DirtySnatcha Records",Game,,"Sloth, CHACKK",197999855442,DSR116,Game,,QZ5FN2416543,"Sloth, CHACKK","Facebook / Instagram","July 2024",DEU,Streaming,"Audio Library: Consumption",Sale,2,0.000020000000
AUG-24,"DirtySnatcha Records","Eight Six",,BBX,198342480014,DSR0092A,"Eight Six",,QZTV32366095,BBX,Snap,"August 2024",IRQ,Streaming,"User Generated Content",Sale,1,0.000020000000
AUG-24,"DirtySnatcha Records","Genie In a Bottle",,"DirtySnatcha, Luci",198342437506,DSR132,"Genie In a Bottle",,GBWUL2407705,"DirtySnatcha, Luci","Facebook / Instagram","July 2024",DEU,Streaming,"User Generated Content: Consumption",Sale,2,0.000020000000
AUG-24,"DirtySnatcha Records","Eight Six",,BBX,198342480014,DSR0092A,"Eight Six",,QZTV32366095,BBX,Snap,"August 2024",ARE,Streaming,"User Generated Content",Sale,1,0.000020000000
AUG-24,"DirtySnatcha Records",Bloodthirsty,,Howker,198342475331,DSR0004A,Bloodthirsty,,GBWUL1958037,Howker,"YouTube Streaming","August 2024",BRA,Streaming,"Art Track",Sale,1,0.000020000000
AUG-24,"DirtySnatcha Records",WTF,,"BBX, Sloth",198342356135,DSR131,WTF,,GBRKQ2471312,"BBX, Sloth",Spotify,"August 2024",NIC,Streaming,Single,Sale,12,0.000020000000
AUG-24,"DirtySnatcha Records","Genie In a Bottle",,"DirtySnatcha, Luci",198342437506,DSR132,"Genie In a Bottle",,GBWUL2407705,"DirtySnatcha, Luci",Snap,"August 2024",BGD,Streaming,"User Generated Content",Sale,1,0.000020000000
AUG-24,"DirtySnatcha Records","Eight Six",,BBX,198342480014,DSR0092A,"Eight Six",,QZTV32366095,BBX,Snap,"August 2024",IDN,Streaming,"User Generated Content",Sale,1,0.000020000000
AUG-24,"DirtySnatcha Records","Genie In a Bottle",,"DirtySnatcha, Luci",198342437506,DSR132,"Genie In a Bottle",,GBWUL2407705,"DirtySnatcha, Luci","Facebook / Instagram","July 2024",FIN,Streaming,"Audio Library: Consumption",Sale,2,0.000021000000
AUG-24,"DirtySnatcha Records",LIGMA,,"BBX, Jonomatic, Geeku",198342492208,DSR0045A,LIGMA,,GBWUL2171015,"BBX, Jonomatic, Geeku",Snap,"August 2024",POL,Streaming,"User Generated Content",Sale,1,0.000021000000
AUG-24,"DirtySnatcha Records",Bloodthirsty,,Howker,198342475331,DSR0004A,Bloodthirsty,,GBWUL1958037,Howker,Spotify,"August 2024",KAZ,Streaming,Single,Sale,1,0.000023000000
AUG-24,"DirtySnatcha Records",WTF,,"BBX, Sloth",198342356135,DSR131,WTF,,GBRKQ2471312,"BBX, Sloth",Spotify,"August 2024",KAZ,Streaming,Single,Sale,1,0.000023000000
AUG-24,"DirtySnatcha Records",Maniac,,Sinatra,197999611932,DSR114,Maniac,,QZZEB2305800,Sinatra,"Facebook / Instagram","July 2024",USA,Streaming,"Audio Library: Consumption",Sale,1,0.000025000000
AUG-24,"DirtySnatcha Records","Apple Sowce",,Autokorekt,198342768341,DSR134,"Apple Sowce",,QZTRX2474922,Autokorekt,"Facebook / Instagram","July 2024",USA,Streaming,"Audio Library: Consumption",Sale,1,0.000025000000
AUG-24,"DirtySnatcha Records",WTF,,"BBX, Sloth",198342356135,DSR131,WTF,,GBRKQ2471312,"BBX, Sloth","YouTube Content ID","August 2024",USA,UGC,"Sound Recording",Sale,1,0.000025000000
AUG-24,"DirtySnatcha Records",Tartarus,,CRiiOZ,198342042182,DSR127,Trust,,USLZJ2405591,CRiiOZ,"Facebook / Instagram","July 2024",USA,Streaming,"Audio Library: Consumption",Sale,1,0.000025000000
AUG-24,"DirtySnatcha Records",Tartarus,,CRiiOZ,198342042182,DSR127,"Watch Out",,USLZJ2405588,CRiiOZ,"Facebook / Instagram","July 2024",USA,Streaming,"Audio Library: Consumption",Sale,1,0.000025000000
AUG-24,"DirtySnatcha Records",FLATLINE,,GOMPERZ,197999449672,DSR111,FLATLINE,,QZZ8B2311175,GOMPERZ,"Facebook / Instagram","July 2024",USA,Streaming,"Audio Library: Consumption",Sale,1,0.000025000000
AUG-24,"DirtySnatcha Records","Genie In a Bottle",,"DirtySnatcha, Luci",198342437506,DSR132,"Genie In a Bottle",,GBWUL2407705,"DirtySnatcha, Luci","Facebook / Instagram","July 2024",USA,Streaming,"Audio Library: Consumption",Sale,1,0.000025000000
AUG-24,"DirtySnatcha Records",Game,,"Sloth, CHACKK",197999855442,DSR116,Game,,QZ5FN2416543,"Sloth, CHACKK","Facebook / Instagram","July 2024",USA,Streaming,"Audio Library: Consumption",Sale,1,0.000025000000
AUG-24,"DirtySnatcha Records","Genie In a Bottle",,"DirtySnatcha, Luci",198342437506,DSR132,"Genie In a Bottle",,GBWUL2407705,"DirtySnatcha, Luci","Facebook / Instagram","July 2024",KOR,Streaming,"Audio Library: Consumption",Sale,2,0.000025000000
AUG-24,"DirtySnatcha Records","Break Beat",,Krxnik,198342476321,DSR0005A,"Break Beat",,GBWUL2005941,Krxnik,Snap,"August 2024",PRT,Streaming,"User Generated Content",Sale,1,0.000026000000
AUG-24,"DirtySnatcha Records",WDGAF,,CRiiOZ,197999026187,DSR0102,WDGAF,,QZWDE2357423,CRiiOZ,"Facebook / Instagram","July 2024",GBR,Streaming,"Audio Library: Consumption",Sale,2,0.000026000000
AUG-24,"DirtySnatcha Records","Genie In a Bottle",,"DirtySnatcha, Luci",198342437506,DSR132,"Genie In a Bottle",,GBWUL2407705,"DirtySnatcha, Luci","Facebook / Instagram","July 2024",GBR,Streaming,"User Generated Content: Consumption",Sale,2,0.000026000000
AUG-24,"DirtySnatcha Records",Tartarus,,CRiiOZ,198342042182,DSR127,"In The Walls",,USLZJ2405562,CRiiOZ,Snap,"July 2024",PRT,Streaming,"User Generated Content",Sale,1,0.000026000000
AUG-24,"DirtySnatcha Records",Tartarus,,CRiiOZ,198342042182,DSR127,"Watch Out",,USLZJ2405588,CRiiOZ,Spotify,"August 2024",VNM,Streaming,Single,Sale,1,0.000026000000
AUG-24,"DirtySnatcha Records",Tartarus,,CRiiOZ,198342042182,DSR127,"In The Walls",,USLZJ2405562,CRiiOZ,Spotify,"August 2024",VNM,Streaming,Single,Sale,1,0.000026000000
AUG-24,"DirtySnatcha Records","Crushed Glass",,BBX,198342479902,DSR0095A,"Crushed Glass",,QZTV32366684,BBX,Spotify,"August 2024",IDN,Streaming,Single,Sale,2,0.000026000000
AUG-24,"DirtySnatcha Records",Tartarus,,CRiiOZ,198342042182,DSR127,"Let Go",,USLZJ2405592,CRiiOZ,Spotify,"August 2024",VNM,Streaming,Single,Sale,1,0.000026000000
AUG-24,"DirtySnatcha Records",Tartarus,,CRiiOZ,198342042182,DSR127,Trust,,USLZJ2405591,CRiiOZ,Spotify,"August 2024",VNM,Streaming,Single,Sale,1,0.000026000000
AUG-24,"DirtySnatcha Records",Nightmare,,"In Orbit Dubz",198342501320,DSR0080A,Nightmare,,QZWDD2257336,"In Orbit Dubz",Spotify,"August 2024",IDN,Streaming,Single,Sale,2,0.000026000000
AUG-24,"DirtySnatcha Records",Tartarus,,CRiiOZ,198342042182,DSR127,"In The Walls",,USLZJ2405562,CRiiOZ,Snap,"July 2024",PHL,Streaming,"User Generated Content",Sale,1,0.000027000000
AUG-24,"DirtySnatcha Records","Genie In a Bottle",,"DirtySnatcha, Luci",198342437506,DSR132,"Genie In a Bottle",,GBWUL2407705,"DirtySnatcha, Luci","Facebook / Instagram - Revenue Share","July 2024",TUR,Streaming,"Audio Library: Consumption",Sale,103,0.000027000000
AUG-24,"DirtySnatcha Records","Genie In a Bottle",,"DirtySnatcha, Luci",198342437506,DSR132,"Genie In a Bottle",,GBWUL2407705,"DirtySnatcha, Luci","Facebook / Instagram - Revenue Share","July 2024",AUT,Streaming,"Audio Library: Consumption",Sale,5,0.000027000000
AUG-24,"DirtySnatcha Records",Whoa,,"KirbyBright, Devious",198342485866,DSR133,Whoa,,GBWUL2431903,"KirbyBright, Devious","Facebook / Instagram - Revenue Share","July 2024",CAN,Streaming,"Audio Library: Consumption",Sale,5,0.000028000000
AUG-24,"DirtySnatcha Records",Killas,,"Bandido, TMBRWLF",197999456380,DSR112,Killas,,QZZ8B2315613,"Bandido, TMBRWLF","Facebook / Instagram - Revenue Share","July 2024",USA,Streaming,"Audio Library: Consumption",Sale,2,0.000028000000
AUG-24,"DirtySnatcha Records",Tartarus,,CRiiOZ,198342042182,DSR127,Psycho,,USLZJ2405590,"CRiiOZ, DSTRTN","Facebook / Instagram - Revenue Share","July 2024",USA,Streaming,"Audio Library: Consumption",Sale,2,0.000028000000
AUG-24,"DirtySnatcha Records","Genie In a Bottle",,"DirtySnatcha, Luci",198342437506,DSR132,"Genie In a Bottle",,GBWUL2407705,"DirtySnatcha, Luci","Facebook / Instagram - Revenue Share","July 2024",FRA,Streaming,"Audio Library: Consumption",Sale,2,0.000028000000
AUG-24,"DirtySnatcha Records","Apple Sowce",,Autokorekt,198342768341,DSR134,"Apple Sowce",,QZTRX2474922,Autokorekt,"Facebook / Instagram - Revenue Share","July 2024",USA,Streaming,"Audio Library: Consumption",Sale,2,0.000028000000
AUG-24,"DirtySnatcha Records",Whoa,,"KirbyBright, Devious",198342485866,DSR133,Whoa,,GBWUL2431903,"KirbyBright, Devious","Facebook / Instagram","July 2024",AUS,Streaming,"Audio Library: Consumption",Sale,1,0.000028000000
AUG-24,"DirtySnatcha Records","Corneal Abrasion",,"Simplifi, Redder",198342094976,DSR128,"Corneal Abrasion",,USLZJ2430043,"Simplifi, Redder","Facebook / Instagram - Revenue Share","July 2024",USA,Streaming,"Audio Library: Consumption",Sale,1,0.000028000000
AUG-24,"DirtySnatcha Records","Genie In a Bottle",,"DirtySnatcha, Luci",198342437506,DSR132,"Genie In a Bottle",,GBWUL2407705,"DirtySnatcha, Luci","Facebook / Instagram","July 2024",ESP,Streaming,"Audio Library: Consumption",Sale,4,0.000029000000
AUG-24,"DirtySnatcha Records","Genie In a Bottle",,"DirtySnatcha, Luci",198342437506,DSR132,"Genie In a Bottle",,GBWUL2407705,"DirtySnatcha, Luci","YouTube Content ID","August 2024",ARG,UGC,"Sound Recording",Sale,1,0.000029000000
AUG-24,"DirtySnatcha Records","Genie In a Bottle",,"DirtySnatcha, Luci",198342437506,DSR132,"Genie In a Bottle",,GBWUL2407705,"DirtySnatcha, Luci","Facebook / Instagram - Revenue Share","July 2024",DEU,Streaming,"Audio Library: Consumption",Sale,5,0.000029000000
AUG-24,"DirtySnatcha Records",Tartarus,,CRiiOZ,198342042182,DSR127,Psycho,,USLZJ2405590,"CRiiOZ, DSTRTN","Facebook / Instagram","July 2024",CAN,Streaming,"Audio Library: Consumption",Sale,3,0.000030000000
AUG-24,"DirtySnatcha Records",WDGAF,,CRiiOZ,197999026187,DSR0102,WDGAF,,QZWDE2357423,CRiiOZ,"Facebook / Instagram - Revenue Share","July 2024",JPN,Streaming,"Audio Library: Consumption",Sale,3,0.000030000000
AUG-24,"DirtySnatcha Records",WTF,,"BBX, Sloth",198342356135,DSR131,WTF,,GBRKQ2471312,"BBX, Sloth",Spotify,"August 2024",KWT,Streaming,Single,Sale,3,0.000031000000
AUG-24,"DirtySnatcha Records","Eight Six",,BBX,198342480014,DSR0092A,"Eight Six",,QZTV32366095,BBX,Spotify,"August 2024",LUX,Streaming,Single,Sale,1,0.000031000000
AUG-24,"DirtySnatcha Records",Game,,"Sloth, CHACKK",197999855442,DSR116,Game,,QZ5FN2416543,"Sloth, CHACKK",Spotify,"August 2024",LUX,Streaming,Single,Sale,1,0.000031000000
AUG-24,"DirtySnatcha Records","Genie In a Bottle",,"DirtySnatcha, Luci",198342437506,DSR132,"Genie In a Bottle",,GBWUL2407705,"DirtySnatcha, Luci",Snap,"August 2024",PRI,Streaming,"User Generated Content",Sale,1,0.000034000000
AUG-24,"DirtySnatcha Records","Eight Six",,BBX,198342480014,DSR0092A,"Eight Six",,QZTV32366095,BBX,Spotify,"August 2024",HND,Streaming,Single,Sale,1,0.000034000000
AUG-24,"DirtySnatcha Records",Tartarus,,CRiiOZ,198342042182,DSR127,"In The Walls",,USLZJ2405562,CRiiOZ,Spotify,"August 2024",HND,Streaming,Single,Sale,1,0.000034000000
AUG-24,"DirtySnatcha Records","Fog Horn",,DENNETT,198342502969,DSR0074A,"Fog Horn",,QZTRX2237730,DENNETT,Snap,"August 2024",CYM,Streaming,"User Generated Content",Sale,1,0.000035000000
AUG-24,"DirtySnatcha Records","Genie In a Bottle",,"DirtySnatcha, Luci",198342437506,DSR132,"Genie In a Bottle",,GBWUL2407705,"DirtySnatcha, Luci","Facebook / Instagram - Revenue Share","July 2024",GBR,Streaming,"Audio Library: Consumption",Sale,5,0.000037000000
AUG-24,"DirtySnatcha Records",Whoa,,"KirbyBright, Devious",198342485866,DSR133,Whoa,,GBWUL2431903,"KirbyBright, Devious",Snap,"August 2024",ITA,Streaming,"User Generated Content",Sale,1,0.000037000000
AUG-24,"DirtySnatcha Records",Shook,,BBX,198342479957,DSR0094A,Shook,,QZTV32366682,BBX,Spotify,"August 2024",COL,Streaming,Single,Sale,1,0.000037000000
AUG-24,"DirtySnatcha Records","Black & Gold",,BBX,198342479988,DSR0093A,"Black & Gold",,QZTV32366677,BBX,Spotify,"August 2024",COL,Streaming,Single,Sale,1,0.000037000000
AUG-24,"DirtySnatcha Records","Fog Horn",,DENNETT,198342502969,DSR0074A,"Fog Horn",,QZTRX2237730,DENNETT,Spotify,"August 2024",COL,Streaming,Single,Sale,1,0.000037000000
AUG-24,"DirtySnatcha Records","Fog Horn",,DENNETT,198342502969,DSR0074A,"Fog Horn",,QZTRX2237730,DENNETT,Snap,"July 2024",BRA,Streaming,"User Generated Content",Sale,1,0.000037000000
AUG-24,"DirtySnatcha Records",Riptide,,"David Vance, Blue",198342508046,DSR0064A,Riptide,,GBRKQ2211179,"David Vance, Blue",Spotify,"August 2024",COL,Streaming,Single,Sale,1,0.000037000000
AUG-24,"DirtySnatcha Records","Fog Horn",,DENNETT,198342502969,DSR0074A,"Fog Horn",,QZTRX2237730,DENNETT,Spotify,"August 2024",GRC,Streaming,Single,Sale,1,0.000038000000
AUG-24,"DirtySnatcha Records",Tartarus,,CRiiOZ,198342042182,DSR127,"In The Walls",,USLZJ2405562,CRiiOZ,Spotify,"August 2024",GRC,Streaming,Single,Sale,1,0.000038000000
AUG-24,"DirtySnatcha Records","Eight Six",,BBX,198342480014,DSR0092A,"Eight Six",,QZTV32366095,BBX,Snap,"August 2024",SAU,Streaming,"User Generated Content",Sale,1,0.000038000000
AUG-24,"DirtySnatcha Records",Bloodthirsty,,Howker,198342475331,DSR0004A,Bloodthirsty,,GBWUL1958037,Howker,Spotify,"August 2024",HKG,Streaming,Single,Sale,1,0.000038000000
AUG-24,"DirtySnatcha Records",Shook,,BBX,198342479957,DSR0094A,Shook,,QZTV32366682,BBX,Spotify,"August 2024",ARG,Streaming,Single,Sale,1,0.000040000000
AUG-24,"DirtySnatcha Records",Destroy,,"In Orbit Dubz, DSTRTN",198342501504,DSR0079A,Destroy,,QZWDD2257331,"In Orbit Dubz, DSTRTN",Spotify,"August 2024",ARG,Streaming,Single,Sale,1,0.000040000000
AUG-24,"DirtySnatcha Records","Riddim Gang",,"Megahurtz, Alienpark",198342478288,DSR0020A,"Riddim Gang",,QZ5FN2074245,"Megahurtz, Alienpark",Spotify,"August 2024",SLV,Streaming,Single,Sale,1,0.000040000000
AUG-24,"DirtySnatcha Records",Radioactivity,,"In Orbit Dubz",198342500118,DSR0053A,Radioactivity,,USLZJ2286474,"In Orbit Dubz",Spotify,"August 2024",ARG,Streaming,Single,Sale,1,0.000040000000
AUG-24,"DirtySnatcha Records",Nightmare,,"In Orbit Dubz",198342501320,DSR0080A,Nightmare,,QZWDD2257336,"In Orbit Dubz",Spotify,"August 2024",MDA,Streaming,Single,Sale,1,0.000040000000
AUG-24,"DirtySnatcha Records","BIG UPS",,"RAZR, VASTIVE",198342478684,DSR0024A,"BIG UPS",,USLZJ2023938,"RAZR, VASTIVE",Spotify,"August 2024",ARG,Streaming,Single,Sale,1,0.000040000000
AUG-24,"DirtySnatcha Records","GO MAD",,"DSTRTN, CRiiOZ",198342500286,DSR0056A,"GO MAD",,USLZJ2297741,"DSTRTN, CRiiOZ",Spotify,"August 2024",IDN,Streaming,Single,Sale,3,0.000041000000
AUG-24,"DirtySnatcha Records","Genie In a Bottle",,"DirtySnatcha, Luci",198342437506,DSR132,"Genie In a Bottle",,GBWUL2407705,"DirtySnatcha, Luci","Facebook / Instagram - Revenue Share","July 2024",USA,Streaming,"Audio Library: Consumption",Sale,3,0.000043000000
AUG-24,"DirtySnatcha Records","GO MAD",,"DSTRTN, CRiiOZ",198342500286,DSR0056A,"GO MAD",,USLZJ2297741,"DSTRTN, CRiiOZ",Spotify,"August 2024",PHL,Streaming,Single,Sale,1,0.000043000000
AUG-24,"DirtySnatcha Records",Apparition,,CVLVALRI,198342507926,DSR0063A,Apparition,,GBRKQ2204805,CVLVALRI,Spotify,"August 2024",PHL,Streaming,Single,Sale,1,0.000043000000
AUG-24,"DirtySnatcha Records","Giving Up VIP",,"CHRMNDRS, SEEING\\DOUBLE",198342492154,DSR0044A,"Giving Up VIP",,GBWUL2158623,"CHRMNDRS, SEEING\\DOUBLE",Spotify,"August 2024",PHL,Streaming,Single,Sale,1,0.000043000000
AUG-24,"DirtySnatcha Records","Fog Horn",,DENNETT,198342502969,DSR0074A,"Fog Horn",,QZTRX2237730,DENNETT,Spotify,"August 2024",PHL,Streaming,Single,Sale,1,0.000043000000
AUG-24,"DirtySnatcha Records",Hypnotize,,"In Orbit Dubz",197999477019,DSR113,Hypnotize,,QZZ8B2327916,"In Orbit Dubz",Snap,"August 2024",NLD,Streaming,"User Generated Content",Sale,1,0.000043000000
AUG-24,"DirtySnatcha Records",Rudeboy,,"Seeing Double, Kryture",198342476352,DSR0007A,Rudeboy,,GBWUL2045907,"Seeing Double, Kryture",Spotify,"August 2024",PHL,Streaming,Single,Sale,1,0.000043000000
AUG-24,"DirtySnatcha Records",Hypnotize,,"In Orbit Dubz",197999477019,DSR113,Hypnotize,,QZZ8B2327916,"In Orbit Dubz","Facebook / Instagram - Revenue Share","July 2024",USA,Streaming,"Audio Library: Consumption",Sale,3,0.000043000000
AUG-24,"DirtySnatcha Records","Eight Six",,BBX,198342480014,DSR0092A,"Eight Six",,QZTV32366095,BBX,Snap,"August 2024",GRC,Streaming,"User Generated Content",Sale,1,0.000043000000
AUG-24,"DirtySnatcha Records",Tartarus,,CRiiOZ,198342042182,DSR127,"Watch Out",,USLZJ2405588,CRiiOZ,Spotify,"August 2024",PHL,Streaming,Single,Sale,1,0.000043000000
AUG-24,"DirtySnatcha Records","Operator Error",,"Big City",198342036334,DSR125,"Operator Error",,USLZJ2403328,"Big City","Facebook / Instagram - Revenue Share","July 2024",USA,Streaming,"Audio Library: Consumption",Sale,3,0.000043000000
AUG-24,"DirtySnatcha Records",Hypnotize,,"In Orbit Dubz",197999477019,DSR113,Hypnotize,,QZZ8B2327916,"In Orbit Dubz",Spotify,"August 2024",LVA,Streaming,Single,Sale,1,0.000044000000
AUG-24,"DirtySnatcha Records",Tartarus,,CRiiOZ,198342042182,DSR127,Psycho,,USLZJ2405590,"CRiiOZ, DSTRTN",Spotify,"August 2024",LVA,Streaming,Single,Sale,1,0.000044000000
AUG-24,"DirtySnatcha Records",Tartarus,,CRiiOZ,198342042182,DSR127,Trust,,USLZJ2405591,CRiiOZ,Spotify,"August 2024",GTM,Streaming,Single,Sale,2,0.000045000000
AUG-24,"DirtySnatcha Records","Genie In a Bottle",,"DirtySnatcha, Luci",198342437506,DSR132,"Genie In a Bottle",,GBWUL2407705,"DirtySnatcha, Luci","Facebook / Instagram","July 2024",TUR,Streaming,"Audio Library: Consumption",Sale,103,0.000046000000
AUG-24,"DirtySnatcha Records","Genie In a Bottle",,"DirtySnatcha, Luci",198342437506,DSR132,"Genie In a Bottle",,GBWUL2407705,"DirtySnatcha, Luci","Facebook / Instagram","July 2024",AUT,Streaming,"Audio Library: Consumption",Sale,5,0.000047000000
AUG-24,"DirtySnatcha Records","Genie In a Bottle",,"DirtySnatcha, Luci",198342437506,DSR132,"Genie In a Bottle",,GBWUL2407705,"DirtySnatcha, Luci","Facebook / Instagram","July 2024",FRA,Streaming,"Audio Library: Consumption",Sale,2,0.000048000000
AUG-24,"DirtySnatcha Records","Apple Sowce",,Autokorekt,198342768341,DSR134,"Apple Sowce",,QZTRX2474922,Autokorekt,"Facebook / Instagram","July 2024",USA,Streaming,"Audio Library: Consumption",Sale,2,0.000049000000
AUG-24,"DirtySnatcha Records",LIGMA,,"BBX, Jonomatic, Geeku",198342492208,DSR0045A,LIGMA,,GBWUL2171015,"BBX, Jonomatic, Geeku",Snap,"August 2024",GBR,Streaming,"User Generated Content",Sale,1,0.000049000000
AUG-24,"DirtySnatcha Records",Tartarus,,CRiiOZ,198342042182,DSR127,Psycho,,USLZJ2405590,"CRiiOZ, DSTRTN","Facebook / Instagram","July 2024",USA,Streaming,"Audio Library: Consumption",Sale,2,0.000049000000
AUG-24,"DirtySnatcha Records",Arachnophobia,,Blue,198342475034,DSR0002A,Arachnophobia,,GBWUL1910254,Blue,Snap,"July 2024",JAM,Streaming,"User Generated Content",Sale,1,0.000049000000
AUG-24,"DirtySnatcha Records",Killas,,"Bandido, TMBRWLF",197999456380,DSR112,Killas,,QZZ8B2315613,"Bandido, TMBRWLF","Facebook / Instagram","July 2024",USA,Streaming,"Audio Library: Consumption",Sale,2,0.000049000000
AUG-24,"DirtySnatcha Records",Whoa,,"KirbyBright, Devious",198342485866,DSR133,Whoa,,GBWUL2431903,"KirbyBright, Devious","Facebook / Instagram","July 2024",CAN,Streaming,"Audio Library: Consumption",Sale,5,0.000050000000
AUG-24,"DirtySnatcha Records","Corneal Abrasion",,"Simplifi, Redder",198342094976,DSR128,"Corneal Abrasion",,USLZJ2430043,"Simplifi, Redder","Facebook / Instagram","July 2024",USA,Streaming,"Audio Library: Consumption",Sale,1,0.000050000000
AUG-24,"DirtySnatcha Records","Genie In a Bottle",,"DirtySnatcha, Luci",198342437506,DSR132,"Genie In a Bottle",,GBWUL2407705,"DirtySnatcha, Luci","Facebook / Instagram","July 2024",DEU,Streaming,"Audio Library: Consumption",Sale,5,0.000051000000
AUG-24,"DirtySnatcha Records",Nightmare,,"In Orbit Dubz",198342501320,DSR0080A,Nightmare,,QZWDD2257336,"In Orbit Dubz",Spotify,"August 2024",MAR,Streaming,Single,Sale,1,0.000052000000
AUG-24,"DirtySnatcha Records",WDGAF,,CRiiOZ,197999026187,DSR0102,WDGAF,,QZWDE2357423,CRiiOZ,"Facebook / Instagram","July 2024",JPN,Streaming,"Audio Library: Consumption",Sale,3,0.000052000000
AUG-24,"DirtySnatcha Records","Fog Horn",,DENNETT,198342502969,DSR0074A,"Fog Horn",,QZTRX2237730,DENNETT,Spotify,"August 2024",MAR,Streaming,Single,Sale,1,0.000052000000
AUG-24,"DirtySnatcha Records","GO MAD",,"DSTRTN, CRiiOZ",198342500286,DSR0056A,"GO MAD",,USLZJ2297741,"DSTRTN, CRiiOZ",Spotify,"August 2024",TUR,Streaming,Single,Sale,3,0.000054000000
AUG-24,"DirtySnatcha Records","Genie In a Bottle",,"DirtySnatcha, Luci",198342437506,DSR132,"Genie In a Bottle",,GBWUL2407705,"DirtySnatcha, Luci",Spotify,"August 2024",IDN,Streaming,Single,Sale,4,0.000054000000
AUG-24,"DirtySnatcha Records","Fog Horn",,DENNETT,198342502969,DSR0074A,"Fog Horn",,QZTRX2237730,DENNETT,Spotify,"August 2024",TUR,Streaming,Single,Sale,3,0.000054000000
AUG-24,"DirtySnatcha Records",Tartarus,,CRiiOZ,198342042182,DSR127,Psycho,,USLZJ2405590,"CRiiOZ, DSTRTN",Spotify,"August 2024",VNM,Streaming,Single,Sale,2,0.000054000000
AUG-24,"DirtySnatcha Records","Genie In a Bottle",,"DirtySnatcha, Luci",198342437506,DSR132,"Genie In a Bottle",,GBWUL2407705,"DirtySnatcha, Luci",Spotify,"August 2024",VNM,Streaming,Single,Sale,2,0.000054000000
AUG-24,"DirtySnatcha Records",Game,,"Sloth, CHACKK",197999855442,DSR116,Game,,QZ5FN2416543,"Sloth, CHACKK",Spotify,"August 2024",URY,Streaming,Single,Sale,2,0.000054000000
AUG-24,"DirtySnatcha Records",Boss,,Entravert,198342492949,DSR0047A,Boss,,GBWUL2192869,Entravert,Snap,"July 2024",PHL,Streaming,"User Generated Content",Sale,1,0.000054000000
AUG-24,"DirtySnatcha Records","Clean Slate",,Blue,198342095089,DSR129,"Clean Slate",,USLZJ2430079,"Blue, JHornz","Facebook / Instagram - Revenue Share","July 2024",USA,Streaming,"Audio Library: Consumption",Sale,2,0.000056000000
AUG-24,"DirtySnatcha Records",WDGAF,,CRiiOZ,197999026187,DSR0102,WDGAF,,QZWDE2357423,CRiiOZ,"Facebook / Instagram - Revenue Share","July 2024",USA,Streaming,"Audio Library: Consumption",Sale,2,0.000056000000
AUG-24,"DirtySnatcha Records",Tartarus,,CRiiOZ,198342042182,DSR127,Trust,,USLZJ2405591,CRiiOZ,"Facebook / Instagram - Revenue Share","July 2024",USA,Streaming,"Audio Library: Consumption",Sale,4,0.000057000000
AUG-24,"DirtySnatcha Records","Corneal Abrasion",,"Simplifi, Redder",198342094976,DSR128,"Corneal Abrasion",,USLZJ2430043,"Simplifi, Redder","YouTube Streaming","August 2024",MEX,Streaming,"Art Track",Sale,1,0.000059000000
AUG-24,"DirtySnatcha Records","Genie In a Bottle",,"DirtySnatcha, Luci",198342437506,DSR132,"Genie In a Bottle",,GBWUL2407705,"DirtySnatcha, Luci","Facebook / Instagram - Revenue Share","July 2024",DEU,Streaming,"Audio Library: Consumption",Sale,10,0.000059000000
AUG-24,"DirtySnatcha Records","Genie In a Bottle",,"DirtySnatcha, Luci",198342437506,DSR132,"Genie In a Bottle",,GBWUL2407705,"DirtySnatcha, Luci","Facebook / Instagram - Revenue Share","July 2024",GBR,Streaming,"Audio Library: Consumption",Sale,8,0.000060000000
AUG-24,"DirtySnatcha Records","Eight Six",,BBX,198342480014,DSR0092A,"Eight Six",,QZTV32366095,BBX,Snap,"August 2024",AZE,Streaming,"User Generated Content",Sale,1,0.000062000000
AUG-24,"DirtySnatcha Records","Genie In a Bottle",,"DirtySnatcha, Luci",198342437506,DSR132,"Genie In a Bottle",,GBWUL2407705,"DirtySnatcha, Luci","Facebook / Instagram - Revenue Share","July 2024",AUS,Streaming,"Audio Library: Consumption",Sale,8,0.000063000000
AUG-24,"DirtySnatcha Records","Genie In a Bottle",,"DirtySnatcha, Luci",198342437506,DSR132,"Genie In a Bottle",,GBWUL2407705,"DirtySnatcha, Luci","Facebook / Instagram - Revenue Share","July 2024",BGR,Streaming,"Audio Library: Consumption",Sale,43,0.000063000000
AUG-24,"DirtySnatcha Records",Tartarus,,CRiiOZ,198342042182,DSR127,"Watch Out",,USLZJ2405588,CRiiOZ,Spotify,"August 2024",HRV,Streaming,Single,Sale,1,0.000065000000
AUG-24,"DirtySnatcha Records","Genie In a Bottle",,"DirtySnatcha, Luci",198342437506,DSR132,"Genie In a Bottle",,GBWUL2407705,"DirtySnatcha, Luci","Facebook / Instagram","July 2024",GBR,Streaming,"Audio Library: Consumption",Sale,5,0.000065000000
AUG-24,"DirtySnatcha Records",Tartarus,,CRiiOZ,198342042182,DSR127,"Let Go",,USLZJ2405592,CRiiOZ,Spotify,"August 2024",HRV,Streaming,Single,Sale,1,0.000065000000
AUG-24,"DirtySnatcha Records",Tartarus,,CRiiOZ,198342042182,DSR127,"In The Walls",,USLZJ2405562,CRiiOZ,Spotify,"August 2024",HRV,Streaming,Single,Sale,1,0.000065000000
AUG-24,"DirtySnatcha Records",Nightmare,,"In Orbit Dubz",198342501320,DSR0080A,Nightmare,,QZWDD2257336,"In Orbit Dubz",Spotify,"August 2024",HRV,Streaming,Single,Sale,1,0.000065000000
AUG-24,"DirtySnatcha Records",Liquidator,,"Sinister Bass",198342507896,DSR0060A,Liquidator,,GBRKQ2204555,"Sinister Bass",Spotify,"August 2024",SVN,Streaming,Single,Sale,1,0.000065000000
AUG-24,"DirtySnatcha Records",WDGAF,,CRiiOZ,197999026187,DSR0102,WDGAF,,QZWDE2357423,CRiiOZ,Spotify,"August 2024",HRV,Streaming,Single,Sale,1,0.000065000000
AUG-24,"DirtySnatcha Records","GO MAD",,"DSTRTN, CRiiOZ",198342500286,DSR0056A,"GO MAD",,USLZJ2297741,"DSTRTN, CRiiOZ",Spotify,"August 2024",HRV,Streaming,Single,Sale,1,0.000065000000
AUG-24,"DirtySnatcha Records",Tartarus,,CRiiOZ,198342042182,DSR127,Trust,,USLZJ2405591,CRiiOZ,Spotify,"August 2024",HRV,Streaming,Single,Sale,1,0.000065000000
AUG-24,"DirtySnatcha Records",Bloodthirsty,,Howker,198342475331,DSR0004A,Bloodthirsty,,GBWUL1958037,Howker,Spotify,"August 2024",IDN,Streaming,Single,Sale,5,0.000067000000
AUG-24,"DirtySnatcha Records","Break Beat",,Krxnik,198342476321,DSR0005A,"Break Beat",,GBWUL2005941,Krxnik,Snap,"August 2024",ESP,Streaming,"User Generated Content",Sale,1,0.000067000000
AUG-24,"DirtySnatcha Records",WTF,,"BBX, Sloth",198342356135,DSR131,WTF,,GBRKQ2471312,"BBX, Sloth",Spotify,"August 2024",HND,Streaming,Single,Sale,2,0.000069000000
AUG-24,"DirtySnatcha Records",Tartarus,,CRiiOZ,198342042182,DSR127,Psycho,,USLZJ2405590,"CRiiOZ, DSTRTN",Spotify,"August 2024",HND,Streaming,Single,Sale,2,0.000069000000
AUG-24,"DirtySnatcha Records",Tartarus,,CRiiOZ,198342042182,DSR127,Psycho,,USLZJ2405590,"CRiiOZ, DSTRTN",Spotify,"August 2024",GTM,Streaming,Single,Sale,3,0.000069000000
AUG-24,"DirtySnatcha Records",Shook,,BBX,198342479957,DSR0094A,Shook,,QZTV32366682,BBX,Spotify,"August 2024",CHL,Streaming,Single,Sale,1,0.000070000000
AUG-24,"DirtySnatcha Records",Tartarus,,CRiiOZ,198342042182,DSR127,Psycho,,USLZJ2405590,"CRiiOZ, DSTRTN",Spotify,"August 2024",PAN,Streaming,Single,Sale,1,0.000070000000
AUG-24,"DirtySnatcha Records",Destroy,,"In Orbit Dubz, DSTRTN",198342501504,DSR0079A,Destroy,,QZWDD2257331,"In Orbit Dubz, DSTRTN",Spotify,"August 2024",CHL,Streaming,Single,Sale,1,0.000070000000
AUG-24,"DirtySnatcha Records","High On Life",,Autokorekt,198342479759,DSR0098A,"High On Life",,QZTV32368009,"Autokorekt, Ashclappem",Spotify,"August 2024",CHL,Streaming,Single,Sale,1,0.000070000000
AUG-24,"DirtySnatcha Records",Torture,,"Twisted, Chutez & Ladderz, R3mark",198342508053,DSR0061A,Torture,,GBRKQ2224624,"Twisted, Chutez & Ladderz, R3mark",Audiomack,"May 2024",NGA,Streaming,Single,Sale,1,0.000073000000
AUG-24,"DirtySnatcha Records",PTSD,,SHOCKZ,198342479049,DSR0028A,PTSD,,USLZJ2069504,SHOCKZ,Spotify,"August 2024",HUN,Streaming,Single,Sale,1,0.000074000000
AUG-24,"DirtySnatcha Records","Genie In a Bottle",,"DirtySnatcha, Luci",198342437506,DSR132,"Genie In a Bottle",,GBWUL2407705,"DirtySnatcha, Luci",Spotify,"August 2024",ARM,Streaming,Single,Sale,2,0.000074000000
AUG-24,"DirtySnatcha Records","Operator Error",,"Big City",198342036334,DSR125,"Operator Error",,USLZJ2403328,"Big City","Facebook / Instagram","July 2024",USA,Streaming,"Audio Library: Consumption",Sale,3,0.000075000000
AUG-24,"DirtySnatcha Records",Hypnotize,,"In Orbit Dubz",197999477019,DSR113,Hypnotize,,QZZ8B2327916,"In Orbit Dubz","Facebook / Instagram","July 2024",USA,Streaming,"Audio Library: Consumption",Sale,3,0.000075000000
AUG-24,"DirtySnatcha Records","Genie In a Bottle",,"DirtySnatcha, Luci",198342437506,DSR132,"Genie In a Bottle",,GBWUL2407705,"DirtySnatcha, Luci","Facebook / Instagram","July 2024",USA,Streaming,"Audio Library: Consumption",Sale,3,0.000075000000
AUG-24,"DirtySnatcha Records","Run It Up",,"CHRMNDRS, Future Exit",198342476673,DSR0010A,"Run It Up",,GBWUL2081365,"CHRMNDRS, Future Exit",Spotify,"August 2024",COL,Streaming,Single,Sale,2,0.000076000000
AUG-24,"DirtySnatcha Records",Tartarus,,CRiiOZ,198342042182,DSR127,"Watch Out",,USLZJ2405588,CRiiOZ,Spotify,"August 2024",COL,Streaming,Single,Sale,2,0.000076000000
AUG-24,"DirtySnatcha Records",WTF,,"BBX, Sloth",198342356135,DSR131,WTF,,GBRKQ2471312,"BBX, Sloth",Spotify,"August 2024",GHA,Streaming,Single,Sale,5,0.000078000000
AUG-24,"DirtySnatcha Records","Genie In a Bottle",,"DirtySnatcha, Luci",198342437506,DSR132,"Genie In a Bottle",,GBWUL2407705,"DirtySnatcha, Luci",Spotify,"August 2024",SLV,Streaming,Single,Sale,2,0.000080000000
AUG-24,"DirtySnatcha Records","Acting Out",,"Megahurtz, Blue",198342479070,DSR0029A,"Acting Out",,USLZJ2069505,"Megahurtz, Blue, Rico Act",Spotify,"August 2024",ARG,Streaming,Single,Sale,2,0.000080000000
AUG-24,"DirtySnatcha Records","Genie In a Bottle",,"DirtySnatcha, Luci",198342437506,DSR132,"Genie In a Bottle",,GBWUL2407705,"DirtySnatcha, Luci",Spotify,"August 2024",SRB,Streaming,Single,Sale,2,0.000080000000
AUG-24,"DirtySnatcha Records","Crushed Glass",,BBX,198342479902,DSR0095A,"Crushed Glass",,QZTV32366684,BBX,Spotify,"August 2024",ARG,Streaming,Single,Sale,2,0.000080000000
AUG-24,"DirtySnatcha Records",WTF,,"BBX, Sloth",198342356135,DSR131,WTF,,GBRKQ2471312,"BBX, Sloth",Spotify,"August 2024",MDA,Streaming,Single,Sale,2,0.000080000000
AUG-24,"DirtySnatcha Records","Genie In a Bottle",,"DirtySnatcha, Luci",198342437506,DSR132,"Genie In a Bottle",,GBWUL2407705,"DirtySnatcha, Luci",Spotify,"August 2024",ARG,Streaming,Single,Sale,2,0.000080000000
AUG-24,"DirtySnatcha Records","Keep Moving","Aelius, Voyager, Wilco Beats Remix",DirtySnatcha,198342499863,DSR0083A,"Keep Moving","Aelius, Voyager, Wilco Beats Remix",QZWDD2263373,"DirtySnatcha, Aelius, Voyager, Wilco Beats",Spotify,"August 2024",NGA,Streaming,Single,Sale,1,0.000081000000
AUG-24,"DirtySnatcha Records",WTF,,"BBX, Sloth",198342356135,DSR131,WTF,,GBRKQ2471312,"BBX, Sloth",Spotify,"August 2024",NGA,Streaming,Single,Sale,1,0.000081000000
AUG-24,"DirtySnatcha Records",WTF,,"BBX, Sloth",198342356135,DSR131,WTF,,GBRKQ2471312,"BBX, Sloth","YouTube Content ID","August 2024",BRA,UGC,"Sound Recording",Sale,1,0.000081000000
AUG-24,"DirtySnatcha Records",Nightmare,,"In Orbit Dubz",198342501320,DSR0080A,Nightmare,,QZWDD2257336,"In Orbit Dubz",Spotify,"August 2024",BGR,Streaming,Single,Sale,1,0.000081000000
AUG-24,"DirtySnatcha Records","Genie In a Bottle",,"DirtySnatcha, Luci",198342437506,DSR132,"Genie In a Bottle",,GBWUL2407705,"DirtySnatcha, Luci","Facebook / Instagram - Revenue Share","July 2024",CAN,Streaming,"Audio Library: Consumption",Sale,14,0.000082000000
AUG-24,"DirtySnatcha Records",Nightmare,,"In Orbit Dubz",198342501320,DSR0080A,Nightmare,,QZWDD2257336,"In Orbit Dubz",Spotify,"August 2024",LVA,Streaming,Single,Sale,2,0.000088000000
AUG-24,"DirtySnatcha Records","Run It Up",,"CHRMNDRS, Future Exit",198342476673,DSR0010A,"Run It Up",,GBWUL2081365,"CHRMNDRS, Future Exit",Spotify,"August 2024",LVA,Streaming,Single,Sale,2,0.000088000000
AUG-24,"DirtySnatcha Records",Tartarus,,CRiiOZ,198342042182,DSR127,"In The Walls",,USLZJ2405562,CRiiOZ,Spotify,"August 2024",GTM,Streaming,Single,Sale,4,0.000091000000
AUG-24,"DirtySnatcha Records","Fog Horn",,DENNETT,198342502969,DSR0074A,"Fog Horn",,QZTRX2237730,DENNETT,Spotify,"August 2024",TWN,Streaming,Single,Sale,1,0.000094000000
AUG-24,"DirtySnatcha Records",Bloodthirsty,,Howker,198342475331,DSR0004A,Bloodthirsty,,GBWUL1958037,Howker,Spotify,"August 2024",PRT,Streaming,Single,Sale,1,0.000094000000
AUG-24,"DirtySnatcha Records",Tartarus,,CRiiOZ,198342042182,DSR127,"Watch Out",,USLZJ2405588,CRiiOZ,Spotify,"August 2024",ARG,Streaming,Single,Sale,1,0.000094000000
AUG-24,"DirtySnatcha Records","Eight Six",,BBX,198342480014,DSR0092A,"Eight Six",,QZTV32366095,BBX,"YouTube Streaming","August 2024",PAK,Streaming,"Art Track",Sale,1,0.000095000000
AUG-24,"DirtySnatcha Records",Rudeboy,,"Seeing Double, Kryture",198342476352,DSR0007A,Rudeboy,,GBWUL2045907,"Seeing Double, Kryture",Snap,"August 2024",NGA,Streaming,"User Generated Content",Sale,1,0.000095000000
AUG-24,"DirtySnatcha Records","Clean Slate",,Blue,198342095089,DSR129,"Clean Slate",,USLZJ2430079,"Blue, JHornz","Facebook / Instagram","July 2024",USA,Streaming,"Audio Library: Consumption",Sale,2,0.000098000000
AUG-24,"DirtySnatcha Records",WDGAF,,CRiiOZ,197999026187,DSR0102,WDGAF,,QZWDE2357423,CRiiOZ,"Facebook / Instagram","July 2024",USA,Streaming,"Audio Library: Consumption",Sale,2,0.000098000000
AUG-24,"DirtySnatcha Records",Tartarus,,CRiiOZ,198342042182,DSR127,"Watch Out",,USLZJ2405588,CRiiOZ,"Facebook / Instagram - Revenue Share","July 2024",USA,Streaming,"Audio Library: Consumption",Sale,7,0.000099000000
AUG-24,"DirtySnatcha Records","Fog Horn",,DENNETT,198342502969,DSR0074A,"Fog Horn",,QZTRX2237730,DENNETT,Spotify,"August 2024",THA,Streaming,Single,Sale,3,0.000099000000
AUG-24,"DirtySnatcha Records","Break Beat",,Krxnik,198342476321,DSR0005A,"Break Beat",,GBWUL2005941,Krxnik,Snap,"August 2024",GBR,Streaming,"User Generated Content",Sale,1,0.000099000000
AUG-24,"DirtySnatcha Records",Tartarus,,CRiiOZ,198342042182,DSR127,Trust,,USLZJ2405591,CRiiOZ,"Facebook / Instagram","July 2024",USA,Streaming,"Audio Library: Consumption",Sale,4,0.000099000000
AUG-24,"DirtySnatcha Records","Run It Up",,"CHRMNDRS, Future Exit",198342476673,DSR0010A,"Run It Up",,GBWUL2081365,"CHRMNDRS, Future Exit",Spotify,"August 2024",POL,Streaming,Single,Sale,1,0.000100000000
AUG-24,"DirtySnatcha Records",Tartarus,,CRiiOZ,198342042182,DSR127,Trust,,USLZJ2405591,CRiiOZ,Spotify,"August 2024",POL,Streaming,Single,Sale,1,0.000100000000
AUG-24,"DirtySnatcha Records","Keep Moving","Aelius, Voyager, Wilco Beats Remix",DirtySnatcha,198342499863,DSR0083A,"Keep Moving","Aelius, Voyager, Wilco Beats Remix",QZWDD2263373,"DirtySnatcha, Aelius, Voyager, Wilco Beats",Spotify,"August 2024",POL,Streaming,Single,Sale,1,0.000100000000
AUG-24,"DirtySnatcha Records",Tartarus,,CRiiOZ,198342042182,DSR127,"Let Go",,USLZJ2405592,CRiiOZ,Spotify,"August 2024",POL,Streaming,Single,Sale,1,0.000100000000
AUG-24,"DirtySnatcha Records",LIGMA,,"BBX, Jonomatic, Geeku",198342492208,DSR0045A,LIGMA,,GBWUL2171015,"BBX, Jonomatic, Geeku",Snap,"August 2024",DEU,Streaming,"User Generated Content",Sale,1,0.000101000000
AUG-24,"DirtySnatcha Records","Genie In a Bottle",,"DirtySnatcha, Luci",198342437506,DSR132,"Genie In a Bottle",,GBWUL2407705,"DirtySnatcha, Luci","Facebook / Instagram","July 2024",DEU,Streaming,"Audio Library: Consumption",Sale,10,0.000102000000
AUG-24,"DirtySnatcha Records","Genie In a Bottle",,"DirtySnatcha, Luci",198342437506,DSR132,"Genie In a Bottle",,GBWUL2407705,"DirtySnatcha, Luci","Facebook / Instagram","July 2024",GBR,Streaming,"Audio Library: Consumption",Sale,8,0.000103000000
AUG-24,"DirtySnatcha Records","Genie In a Bottle",,"DirtySnatcha, Luci",198342437506,DSR132,"Genie In a Bottle",,GBWUL2407705,"DirtySnatcha, Luci","Facebook / Instagram","July 2024",BGR,Streaming,"Audio Library: Consumption",Sale,43,0.000109000000
AUG-24,"DirtySnatcha Records","Genie In a Bottle",,"DirtySnatcha, Luci",198342437506,DSR132,"Genie In a Bottle",,GBWUL2407705,"DirtySnatcha, Luci","Facebook / Instagram","July 2024",AUS,Streaming,"Audio Library: Consumption",Sale,8,0.000109000000
AUG-24,"DirtySnatcha Records",Hypnotize,,"In Orbit Dubz",197999477019,DSR113,Hypnotize,,QZZ8B2327916,"In Orbit Dubz",Snap,"July 2024",CAN,Streaming,"User Generated Content",Sale,1,0.000110000000
AUG-24,"DirtySnatcha Records",Boss,,Entravert,198342492949,DSR0047A,Boss,,GBWUL2192869,Entravert,Snap,"July 2024",CAN,Streaming,"User Generated Content",Sale,1,0.000110000000
AUG-24,"DirtySnatcha Records","Genie In a Bottle",,"DirtySnatcha, Luci",198342437506,DSR132,"Genie In a Bottle",,GBWUL2407705,"DirtySnatcha, Luci","Apple DJ Mixes","August 2024",RUS,Streaming,Single,Sale,2,0.000110000000
AUG-24,"DirtySnatcha Records","Break Beat",,Krxnik,198342476321,DSR0005A,"Break Beat",,GBWUL2005941,Krxnik,Snap,"July 2024",IND,Streaming,"User Generated Content",Sale,1,0.000112000000
AUG-24,"DirtySnatcha Records","Eight Six",,BBX,198342480014,DSR0092A,"Eight Six",,QZTV32366095,BBX,Spotify,"August 2024",GTM,Streaming,Single,Sale,5,0.000114000000
AUG-24,"DirtySnatcha Records","Break Beat",,Krxnik,198342476321,DSR0005A,"Break Beat",,GBWUL2005941,Krxnik,Snap,"August 2024",ITA,Streaming,"User Generated Content",Sale,1,0.000114000000
AUG-24,"DirtySnatcha Records","Genie In a Bottle",,"DirtySnatcha, Luci",198342437506,DSR132,"Genie In a Bottle",,GBWUL2407705,"DirtySnatcha, Luci","Facebook / Instagram - Revenue Share","July 2024",IND,Streaming,"Audio Library: Production",Sale,1,0.000114000000
AUG-24,"DirtySnatcha Records","Genie In a Bottle",,"DirtySnatcha, Luci",198342437506,DSR132,"Genie In a Bottle",,GBWUL2407705,"DirtySnatcha, Luci",Spotify,"August 2024",GTM,Streaming,Single,Sale,5,0.000114000000
AUG-24,"DirtySnatcha Records","GO MAD",,"DSTRTN, CRiiOZ",198342500286,DSR0056A,"GO MAD",,USLZJ2297741,"DSTRTN, CRiiOZ",Spotify,"August 2024",ARG,Streaming,Single,Sale,1,0.000118000000
AUG-24,"DirtySnatcha Records",Tartarus,,CRiiOZ,198342042182,DSR127,"In The Walls",,USLZJ2405562,CRiiOZ,Spotify,"August 2024",ARG,Streaming,Single,Sale,3,0.000121000000
AUG-24,"DirtySnatcha Records","Black & Gold",,BBX,198342479988,DSR0093A,"Black & Gold",,QZTV32366677,BBX,Spotify,"August 2024",ARG,Streaming,Single,Sale,3,0.000121000000
AUG-24,"DirtySnatcha Records","Genie In a Bottle",,"DirtySnatcha, Luci",198342437506,DSR132,"Genie In a Bottle",,GBWUL2407705,"DirtySnatcha, Luci",Snap,"August 2024",IRL,Streaming,"User Generated Content",Sale,1,0.000121000000
AUG-24,"DirtySnatcha Records","Spectre Season",,Artifact,198342479643,DSR0101A,"Spectre Season",,QZWDD2336449,Artifact,Spotify,"August 2024",BRA,Streaming,Single,Sale,1,0.000127000000
AUG-24,"DirtySnatcha Records","Riddim Gang",,"Megahurtz, Alienpark",198342478288,DSR0020A,"Riddim Gang",,QZ5FN2074245,"Megahurtz, Alienpark",Spotify,"August 2024",BRA,Streaming,Single,Sale,1,0.000127000000
AUG-24,"DirtySnatcha Records","Loose It","BOU$HY Remix","Eazley, Autokorekt",198342491560,DSR0039A,"Loose It","BOU$HY Remix",GBRKQ2109631,"Eazley, Autokorekt, BOU$HY",Spotify,"August 2024",BRA,Streaming,Single,Sale,1,0.000127000000
AUG-24,"DirtySnatcha Records",WDGAF,,CRiiOZ,197999026187,DSR0102,WDGAF,,QZWDE2357423,CRiiOZ,Spotify,"August 2024",CZE,Streaming,Single,Sale,1,0.000127000000
AUG-24,"DirtySnatcha Records",Liquidator,,"Sinister Bass",198342507896,DSR0060A,Liquidator,,GBRKQ2204555,"Sinister Bass",Spotify,"August 2024",MEX,Streaming,Single,Sale,1,0.000128000000
AUG-24,"DirtySnatcha Records","Eight Six",,BBX,198342480014,DSR0092A,"Eight Six",,QZTV32366095,BBX,Snap,"August 2024",NLD,Streaming,"User Generated Content",Sale,1,0.000131000000
AUG-24,"DirtySnatcha Records","Genie In a Bottle",,"DirtySnatcha, Luci",198342437506,DSR132,"Genie In a Bottle",,GBWUL2407705,"DirtySnatcha, Luci",Snap,"August 2024",DOM,Streaming,"User Generated Content",Sale,1,0.000131000000
AUG-24,"DirtySnatcha Records",WTF,,"BBX, Sloth",198342356135,DSR131,WTF,,GBRKQ2471312,"BBX, Sloth",Spotify,"August 2024",LTU,Streaming,Single,Sale,2,0.000133000000
AUG-24,"DirtySnatcha Records",Boss,,Entravert,198342492949,DSR0047A,Boss,,GBWUL2192869,Entravert,Snap,"July 2024",IND,Streaming,"User Generated Content",Sale,1,0.000135000000
AUG-24,"DirtySnatcha Records","GO MAD",,"DSTRTN, CRiiOZ",198342500286,DSR0056A,"GO MAD",,USLZJ2297741,"DSTRTN, CRiiOZ",Spotify,"August 2024",PAN,Streaming,Single,Sale,2,0.000139000000
AUG-24,"DirtySnatcha Records",Tartarus,,CRiiOZ,198342042182,DSR127,Psycho,,USLZJ2405590,"CRiiOZ, DSTRTN",Spotify,"August 2024",EGY,Streaming,Single,Sale,1,0.000139000000
AUG-24,"DirtySnatcha Records","Genie In a Bottle",,"DirtySnatcha, Luci",198342437506,DSR132,"Genie In a Bottle",,GBWUL2407705,"DirtySnatcha, Luci",Spotify,"August 2024",EGY,Streaming,Single,Sale,1,0.000139000000
AUG-24,"DirtySnatcha Records","Spectre Season",,Artifact,198342479643,DSR0101A,"Spectre Season",,QZWDD2336449,Artifact,Spotify,"August 2024",EGY,Streaming,Single,Sale,1,0.000139000000
AUG-24,"DirtySnatcha Records","Fog Horn",,DENNETT,198342502969,DSR0074A,"Fog Horn",,QZTRX2237730,DENNETT,Spotify,"August 2024",CHL,Streaming,Single,Sale,2,0.000139000000
AUG-24,"DirtySnatcha Records","Giving Up VIP",,"CHRMNDRS, SEEING\\DOUBLE",198342492154,DSR0044A,"Giving Up VIP",,GBWUL2158623,"CHRMNDRS, SEEING\\DOUBLE",Spotify,"August 2024",CHL,Streaming,Single,Sale,2,0.000139000000
AUG-24,"DirtySnatcha Records","Genie In a Bottle",,"DirtySnatcha, Luci",198342437506,DSR132,"Genie In a Bottle",,GBWUL2407705,"DirtySnatcha, Luci","Facebook / Instagram","July 2024",CAN,Streaming,"Audio Library: Consumption",Sale,14,0.000142000000
AUG-24,"DirtySnatcha Records","No Traces",,"Trenches (US), Virg™",198342555309,DSR130B,"No Traces",,GBRKQ2472806,"Trenches (US), Virg™","Facebook / Instagram - Revenue Share","July 2024",USA,Streaming,"Audio Library: Consumption",Sale,10,0.000143000000
AUG-24,"DirtySnatcha Records",Bloodthirsty,,Howker,198342475331,DSR0004A,Bloodthirsty,,GBWUL1958037,Howker,Spotify,"August 2024",ETH,Streaming,Single,Sale,1,0.000146000000
AUG-24,"DirtySnatcha Records",Torture,,"Twisted, Chutez & Ladderz, R3mark",198342508053,DSR0061A,Torture,,GBRKQ2224624,"Twisted, Chutez & Ladderz, R3mark",NetEase,"July 2024",CHN,Streaming,Single,Sale,1,0.000150000000
AUG-24,"DirtySnatcha Records","Genie In a Bottle",,"DirtySnatcha, Luci",198342437506,DSR132,"Genie In a Bottle",,GBWUL2407705,"DirtySnatcha, Luci",Spotify,"August 2024",HUN,Streaming,Single,Sale,2,0.000150000000
AUG-24,"DirtySnatcha Records","Break It",,JAYSYX,198342478639,DSR0022A,"Break It",,QZ5FN2082238,JAYSYX,NetEase,"July 2024",CHN,Streaming,Single,Sale,1,0.000150000000
AUG-24,"DirtySnatcha Records","Black & Gold",,BBX,198342479889,DSR0096A,"Black & Gold",,QZTV32366677,BBX,NetEase,"July 2024",CHN,Streaming,Single,Sale,1,0.000150000000
AUG-24,"DirtySnatcha Records","Waiting For",,"Morva, J.A.D.P, Nightfrost",197999196996,DSR0108,"Waiting For",,QZWV32351872,"Morva, J.A.D.P, Nightfrost",NetEase,"July 2024",CHN,Streaming,Single,Sale,1,0.000150000000
AUG-24,"DirtySnatcha Records",Tartarus,,CRiiOZ,198342042182,DSR127,Psycho,,USLZJ2405590,"CRiiOZ, DSTRTN",Spotify,"August 2024",HUN,Streaming,Single,Sale,2,0.000150000000
AUG-24,"DirtySnatcha Records",Apparition,,CVLVALRI,198342507926,DSR0063A,Apparition,,GBRKQ2204805,CVLVALRI,NetEase,"July 2024",CHN,Streaming,Single,Sale,1,0.000150000000
AUG-24,"DirtySnatcha Records",Hypnotize,,"In Orbit Dubz",197999477019,DSR113,Hypnotize,,QZZ8B2327916,"In Orbit Dubz",Spotify,"August 2024",ISR,Streaming,Single,Sale,1,0.000155000000
AUG-24,"DirtySnatcha Records","Genie In a Bottle",,"DirtySnatcha, Luci",198342437506,DSR132,"Genie In a Bottle",,GBWUL2407705,"DirtySnatcha, Luci","Facebook / Instagram - Revenue Share","July 2024",CAN,Streaming,"Audio Library: Consumption",Sale,27,0.000157000000
AUG-24,"DirtySnatcha Records","Apple Sowce",,Autokorekt,198342768341,DSR134,"Apple Sowce",,QZTRX2474922,Autokorekt,"Facebook / Instagram - Revenue Share","July 2024",USA,Streaming,"Audio Library: Consumption",Sale,11,0.000157000000
AUG-24,"DirtySnatcha Records",Game,,"Sloth, CHACKK",197999855442,DSR116,Game,,QZ5FN2416543,"Sloth, CHACKK","Facebook / Instagram - Revenue Share","July 2024",USA,Streaming,"Audio Library: Consumption",Sale,11,0.000157000000
AUG-24,"DirtySnatcha Records",Tartarus,,CRiiOZ,198342042182,DSR127,"In The Walls",,USLZJ2405562,CRiiOZ,Spotify,"August 2024",ARE,Streaming,Single,Sale,1,0.000164000000
AUG-24,"DirtySnatcha Records",Tartarus,,CRiiOZ,198342042182,DSR127,Psycho,,USLZJ2405590,"CRiiOZ, DSTRTN",Spotify,"August 2024",NGA,Streaming,Single,Sale,1,0.000167000000
AUG-24,"DirtySnatcha Records","Apple Sowce",,Autokorekt,198342768341,DSR134,"Apple Sowce",,QZTRX2474922,Autokorekt,Spotify,"August 2024",NGA,Streaming,Single,Sale,1,0.000167000000
AUG-24,"DirtySnatcha Records",WTF,,"BBX, Sloth",198342356135,DSR131,WTF,,GBRKQ2471312,"BBX, Sloth",Spotify,"August 2024",THA,Streaming,Single,Sale,5,0.000167000000
AUG-24,"DirtySnatcha Records",Game,,"Sloth, CHACKK",197999855442,DSR116,Game,,QZ5FN2416543,"Sloth, CHACKK","Facebook / Instagram - Revenue Share","July 2024",DEU,Streaming,"Audio Library: Consumption",Sale,29,0.000170000000
AUG-24,"DirtySnatcha Records",WTF,,"BBX, Sloth",198342356135,DSR131,WTF,,GBRKQ2471312,"BBX, Sloth","Facebook / Instagram - Revenue Share","July 2024",USA,Streaming,"Audio Library: Consumption",Sale,12,0.000172000000
AUG-24,"DirtySnatcha Records",Tartarus,,CRiiOZ,198342042182,DSR127,"Watch Out",,USLZJ2405588,CRiiOZ,"Facebook / Instagram","July 2024",USA,Streaming,"Audio Library: Consumption",Sale,7,0.000174000000
AUG-24,"DirtySnatcha Records",WTF,,"BBX, Sloth",198342356135,DSR131,WTF,,GBRKQ2471312,"BBX, Sloth",Spotify,"August 2024",TUR,Streaming,Single,Sale,10,0.000182000000
AUG-24,"DirtySnatcha Records","GO MAD",,"DSTRTN, CRiiOZ",198342500286,DSR0056A,"GO MAD",,USLZJ2297741,"DSTRTN, CRiiOZ",Spotify,"August 2024",GTM,Streaming,Single,Sale,8,0.000183000000
AUG-24,"DirtySnatcha Records",Tartarus,,CRiiOZ,198342042182,DSR127,Psycho,,USLZJ2405590,"CRiiOZ, DSTRTN","Facebook / Instagram - Revenue Share","July 2024",N/A,Streaming,"User Generated Content: Production",Sale,1,0.000185000000
AUG-24,"DirtySnatcha Records",Tartarus,,CRiiOZ,198342042182,DSR127,Trust,,USLZJ2405591,CRiiOZ,"Facebook / Instagram - Revenue Share","July 2024",N/A,Streaming,"Audio Library: Production",Sale,1,0.000185000000
AUG-24,"DirtySnatcha Records",Tartarus,,CRiiOZ,198342042182,DSR127,"Let Go",,USLZJ2405592,CRiiOZ,"Facebook / Instagram - Revenue Share","July 2024",N/A,Streaming,"Audio Library: Production",Sale,1,0.000185000000
AUG-24,"DirtySnatcha Records","Keep Moving","Audigy Remix",DirtySnatcha,197999143198,DSR0104,"Keep Moving","Audigy Remix",QZWV32320452,"DirtySnatcha, Audigy","Facebook / Instagram - Revenue Share","July 2024",N/A,Streaming,"Audio Library: Production",Sale,1,0.000185000000
AUG-24,"DirtySnatcha Records",Tartarus,,CRiiOZ,198342042182,DSR127,Trust,,USLZJ2405591,CRiiOZ,"Facebook / Instagram - Revenue Share","July 2024",N/A,Streaming,"Audio Library: Production",Sale,1,0.000185000000
AUG-24,"DirtySnatcha Records",Tartarus,,CRiiOZ,198342042182,DSR127,"Watch Out",,USLZJ2405588,CRiiOZ,"Facebook / Instagram - Revenue Share","July 2024",N/A,Streaming,"Audio Library: Production",Sale,1,0.000185000000
AUG-24,"DirtySnatcha Records","GO MAD",,"DSTRTN, CRiiOZ",198342500286,DSR0056A,"GO MAD",,USLZJ2297741,"DSTRTN, CRiiOZ",Spotify,"August 2024",PRT,Streaming,Single,Sale,2,0.000185000000
AUG-24,"DirtySnatcha Records",FLATLINE,,GOMPERZ,197999449672,DSR111,FLATLINE,,QZZ8B2311175,GOMPERZ,"Facebook / Instagram - Revenue Share","July 2024",N/A,Streaming,"Audio Library: Production",Sale,1,0.000185000000
AUG-24,"DirtySnatcha Records","Corneal Abrasion",,"Simplifi, Redder",198342094976,DSR128,"Corneal Abrasion",,USLZJ2430043,"Simplifi, Redder","Facebook / Instagram - Revenue Share","July 2024",N/A,Streaming,"Audio Library: Production",Sale,1,0.000185000000
AUG-24,"DirtySnatcha Records",Rudeboy,,"Seeing Double, Kryture",198342476352,DSR0007A,Rudeboy,,GBWUL2045907,"Seeing Double, Kryture",Spotify,"August 2024",CYP,Streaming,Single,Sale,2,0.000190000000
AUG-24,"DirtySnatcha Records",Tartarus,,CRiiOZ,198342042182,DSR127,Psycho,,USLZJ2405590,"CRiiOZ, DSTRTN",Spotify,"August 2024",COL,Streaming,Single,Sale,5,0.000192000000
AUG-24,"DirtySnatcha Records","Genie In a Bottle",,"DirtySnatcha, Luci",198342437506,DSR132,"Genie In a Bottle",,GBWUL2407705,"DirtySnatcha, Luci",Spotify,"August 2024",NGA,Streaming,Single,Sale,1,0.000193000000
AUG-24,"DirtySnatcha Records",Tartarus,,CRiiOZ,198342042182,DSR127,"In The Walls",,USLZJ2405562,CRiiOZ,Spotify,"August 2024",NGA,Streaming,Single,Sale,1,0.000193000000
AUG-24,"DirtySnatcha Records",Tartarus,,CRiiOZ,198342042182,DSR127,Psycho,,USLZJ2405590,"CRiiOZ, DSTRTN",Spotify,"August 2024",HRV,Streaming,Single,Sale,3,0.000194000000
AUG-24,"DirtySnatcha Records",WTF,,"BBX, Sloth",198342356135,DSR131,WTF,,GBRKQ2471312,"BBX, Sloth",Spotify,"August 2024",GRC,Streaming,Single,Sale,5,0.000196000000
AUG-24,"DirtySnatcha Records","Eight Six",,BBX,198342480014,DSR0092A,"Eight Six",,QZTV32366095,BBX,Snap,"August 2024",GBR,Streaming,"User Generated Content",Sale,1,0.000197000000
AUG-24,"DirtySnatcha Records","Genie In a Bottle",,"DirtySnatcha, Luci",198342437506,DSR132,"Genie In a Bottle",,GBWUL2407705,"DirtySnatcha, Luci","Facebook / Instagram","July 2024",IND,Streaming,"Audio Library: Production",Sale,1,0.000199000000
AUG-24,"DirtySnatcha Records",Tartarus,,CRiiOZ,198342042182,DSR127,Psycho,,USLZJ2405590,"CRiiOZ, DSTRTN","Facebook / Instagram - Revenue Share","July 2024",USA,Streaming,"Audio Library: Consumption",Sale,14,0.000200000000
AUG-24,"DirtySnatcha Records",Maniac,,Sinatra,197999611932,DSR114,Maniac,,QZZEB2305800,Sinatra,"Facebook / Instagram - Revenue Share","July 2024",USA,Streaming,"Audio Library: Consumption",Sale,14,0.000200000000
AUG-24,"DirtySnatcha Records",Tartarus,,CRiiOZ,198342042182,DSR127,"In The Walls",,USLZJ2405562,CRiiOZ,Spotify,"August 2024",POL,Streaming,Single,Sale,2,0.000201000000
AUG-24,"DirtySnatcha Records","Fog Horn",,DENNETT,198342502969,DSR0074A,"Fog Horn",,QZTRX2237730,DENNETT,Spotify,"August 2024",POL,Streaming,Single,Sale,2,0.000201000000
AUG-24,"DirtySnatcha Records",Bluntz,,"Flatland Funk",198342491294,DSR0031A,Bluntz,,GBRKQ2041356,"Flatland Funk, Blupill","YouTube Streaming","August 2024",CAN,Streaming,"Art Track",Sale,3,0.000208000000
AUG-24,"DirtySnatcha Records","Giving Up VIP",,"CHRMNDRS, SEEING\\DOUBLE",198342492154,DSR0044A,"Giving Up VIP",,GBWUL2158623,"CHRMNDRS, SEEING\\DOUBLE",Spotify,"August 2024",AGO,Streaming,Single,Sale,1,0.000208000000
AUG-24,"DirtySnatcha Records","Break Beat",,Krxnik,198342476321,DSR0005A,"Break Beat",,GBWUL2005941,Krxnik,Snap,"August 2024",USA,Streaming,"User Generated Content",Sale,1,0.000208000000
AUG-24,"DirtySnatcha Records",WTF,,"BBX, Sloth",198342356135,DSR131,WTF,,GBRKQ2471312,"BBX, Sloth",Spotify,"August 2024",ARG,Streaming,Single,Sale,1,0.000212000000
AUG-24,"DirtySnatcha Records",Tartarus,,CRiiOZ,198342042182,DSR127,Psycho,,USLZJ2405590,"CRiiOZ, DSTRTN",Spotify,"August 2024",SVK,Streaming,Single,Sale,2,0.000218000000
AUG-24,"DirtySnatcha Records","Run It Up",,"CHRMNDRS, Future Exit",198342476673,DSR0010A,"Run It Up",,GBWUL2081365,"CHRMNDRS, Future Exit",Spotify,"August 2024",NOR,Streaming,Single,Sale,1,0.000224000000
AUG-24,"DirtySnatcha Records",Tartarus,,CRiiOZ,198342042182,DSR127,"Watch Out",,USLZJ2405588,CRiiOZ,Spotify,"August 2024",NOR,Streaming,Single,Sale,1,0.000224000000
AUG-24,"DirtySnatcha Records",Tartarus,,CRiiOZ,198342042182,DSR127,"In The Walls",,USLZJ2405562,CRiiOZ,Spotify,"August 2024",HUN,Streaming,Single,Sale,3,0.000224000000
AUG-24,"DirtySnatcha Records",Tartarus,,CRiiOZ,198342042182,DSR127,Trust,,USLZJ2405591,CRiiOZ,Spotify,"August 2024",COL,Streaming,Single,Sale,6,0.000230000000
AUG-24,"DirtySnatcha Records",Liquidator,,"Sinister Bass",198342507896,DSR0060A,Liquidator,,GBRKQ2204555,"Sinister Bass",Spotify,"August 2024",ROM,Streaming,Single,Sale,1,0.000231000000
AUG-24,"DirtySnatcha Records","Crushed Glass",,BBX,198342479902,DSR0095A,"Crushed Glass",,QZTV32366684,BBX,Spotify,"August 2024",ESP,Streaming,Single,Sale,1,0.000238000000
AUG-24,"DirtySnatcha Records",Shook,,BBX,198342479957,DSR0094A,Shook,,QZTV32366682,BBX,Spotify,"August 2024",ESP,Streaming,Single,Sale,1,0.000238000000
AUG-24,"DirtySnatcha Records","Riddim Gang",,"Megahurtz, Alienpark",198342478288,DSR0020A,"Riddim Gang",,QZ5FN2074245,"Megahurtz, Alienpark",Spotify,"August 2024",ESP,Streaming,Single,Sale,1,0.000238000000
AUG-24,"DirtySnatcha Records","Need U","Ennaut Remix","DirtySnatcha, Autokorekt",198342500538,DSR0082A,"Need U","Ennaut Remix",QZWDD2263341,"DirtySnatcha, Autokorekt, Ennaut",Spotify,"August 2024",ESP,Streaming,Single,Sale,1,0.000238000000
AUG-24,"DirtySnatcha Records",WTF,,"BBX, Sloth",198342356135,DSR131,WTF,,GBRKQ2471312,"BBX, Sloth",Spotify,"August 2024",URY,Streaming,Single,Sale,9,0.000240000000
AUG-24,"DirtySnatcha Records",Tartarus,,CRiiOZ,198342042182,DSR127,"Watch Out",,USLZJ2405588,CRiiOZ,Spotify,"August 2024",ARG,Streaming,Single,Sale,6,0.000242000000
AUG-24,"DirtySnatcha Records",Game,,"Sloth, CHACKK",197999855442,DSR116,Game,,QZ5FN2416543,"Sloth, CHACKK",NetEase,"July 2024",CHN,Streaming,Single,Sale,1,0.000243000000
AUG-24,"DirtySnatcha Records",Tartarus,,CRiiOZ,198342042182,DSR127,Psycho,,USLZJ2405590,"CRiiOZ, DSTRTN",Spotify,"August 2024",SLV,Streaming,Single,Sale,6,0.000243000000
AUG-24,"DirtySnatcha Records",Tartarus,,CRiiOZ,198342042182,DSR127,Trust,,USLZJ2405591,CRiiOZ,"YouTube Streaming","August 2024",MEX,Streaming,"Art Track",Sale,1,0.000246000000
AUG-24,"DirtySnatcha Records","No Traces",,"Trenches (US), Virg™",198342555309,DSR130B,"No Traces",,GBRKQ2472806,"Trenches (US), Virg™","Facebook / Instagram","July 2024",USA,Streaming,"Audio Library: Consumption",Sale,10,0.000250000000
AUG-24,"DirtySnatcha Records",Bloodthirsty,,Howker,198342475331,DSR0004A,Bloodthirsty,,GBWUL1958037,Howker,Spotify,"August 2024",BRA,Streaming,Single,Sale,2,0.000253000000
AUG-24,"DirtySnatcha Records",Tartarus,,CRiiOZ,198342042182,DSR127,"Watch Out",,USLZJ2405588,CRiiOZ,Spotify,"August 2024",BRA,Streaming,Single,Sale,2,0.000253000000
AUG-24,"DirtySnatcha Records","Keep Moving","Aelius, Voyager, Wilco Beats Remix",DirtySnatcha,198342499863,DSR0083A,"Keep Moving","Aelius, Voyager, Wilco Beats Remix",QZWDD2263373,"DirtySnatcha, Aelius, Voyager, Wilco Beats",Spotify,"August 2024",BRA,Streaming,Single,Sale,2,0.000253000000
AUG-24,"DirtySnatcha Records","Apple Sowce",,Autokorekt,198342768341,DSR134,"Apple Sowce",,QZTRX2474922,Autokorekt,Spotify,"August 2024",BRA,Streaming,Single,Sale,2,0.000253000000
AUG-24,"DirtySnatcha Records",Tartarus,,CRiiOZ,198342042182,DSR127,"Let Go",,USLZJ2405592,CRiiOZ,Spotify,"August 2024",BRA,Streaming,Single,Sale,2,0.000253000000
AUG-24,"DirtySnatcha Records","Out Of Service",,"Autokorekt, ChemDawg",198342492215,DSR0046A,"Out Of Service",,GBWUL2192863,"Autokorekt, ChemDawg, Versace",Spotify,"August 2024",BRA,Streaming,Single,Sale,2,0.000253000000
AUG-24,"DirtySnatcha Records","Acting Out",,"Megahurtz, Blue",198342479070,DSR0029A,"Acting Out",,USLZJ2069505,"Megahurtz, Blue, Rico Act",Spotify,"August 2024",IND,Streaming,Single,Sale,1,0.000254000000
AUG-24,"DirtySnatcha Records",Whoa,,"KirbyBright, Devious",198342485866,DSR133,Whoa,,GBWUL2431903,"KirbyBright, Devious",Spotify,"August 2024",IND,Streaming,Single,Sale,1,0.000254000000
AUG-24,"DirtySnatcha Records",Tartarus,,CRiiOZ,198342042182,DSR127,"Watch Out",,USLZJ2405588,CRiiOZ,Spotify,"August 2024",MEX,Streaming,Single,Sale,2,0.000258000000
AUG-24,"DirtySnatcha Records","Riddim Gang",,"Megahurtz, Alienpark",198342478288,DSR0020A,"Riddim Gang",,QZ5FN2074245,"Megahurtz, Alienpark",Spotify,"August 2024",MEX,Streaming,Single,Sale,2,0.000258000000
AUG-24,"DirtySnatcha Records","Apple Sowce",,Autokorekt,198342768341,DSR134,"Apple Sowce",,QZTRX2474922,Autokorekt,Spotify,"August 2024",MEX,Streaming,Single,Sale,2,0.000258000000
AUG-24,"DirtySnatcha Records","Eight Six",,BBX,198342480014,DSR0092A,"Eight Six",,QZTV32366095,BBX,"YouTube Streaming","August 2024",BLR,Streaming,"Art Track",Sale,1,0.000259000000
AUG-24,"DirtySnatcha Records","Genie In a Bottle",,"DirtySnatcha, Luci",198342437506,DSR132,"Genie In a Bottle",,GBWUL2407705,"DirtySnatcha, Luci",Snap,"August 2024",GTM,Streaming,"User Generated Content",Sale,1,0.000264000000
AUG-24,"DirtySnatcha Records",Tartarus,,CRiiOZ,198342042182,DSR127,"Watch Out",,USLZJ2405588,CRiiOZ,Spotify,"August 2024",FIN,Streaming,Single,Sale,1,0.000269000000
AUG-24,"DirtySnatcha Records","GO MAD",,"DSTRTN, CRiiOZ",198342500286,DSR0056A,"GO MAD",,USLZJ2297741,"DSTRTN, CRiiOZ",Spotify,"August 2024",COL,Streaming,Single,Sale,7,0.000269000000
AUG-24,"DirtySnatcha Records",Whoa,,"KirbyBright, Devious",198342485866,DSR133,Whoa,,GBWUL2431903,"KirbyBright, Devious","Facebook / Instagram - Revenue Share","July 2024",USA,Streaming,"Audio Library: Consumption",Sale,19,0.000271000000
AUG-24,"DirtySnatcha Records","Genie In a Bottle",,"DirtySnatcha, Luci",198342437506,DSR132,"Genie In a Bottle",,GBWUL2407705,"DirtySnatcha, Luci","YouTube Content ID","August 2024",JPN,UGC,"Sound Recording",Sale,1,0.000273000000
AUG-24,"DirtySnatcha Records","Apple Sowce",,Autokorekt,198342768341,DSR134,"Apple Sowce",,QZTRX2474922,Autokorekt,"Facebook / Instagram","July 2024",USA,Streaming,"Audio Library: Consumption",Sale,11,0.000275000000
AUG-24,"DirtySnatcha Records",Game,,"Sloth, CHACKK",197999855442,DSR116,Game,,QZ5FN2416543,"Sloth, CHACKK","Facebook / Instagram","July 2024",USA,Streaming,"Audio Library: Consumption",Sale,11,0.000275000000
AUG-24,"DirtySnatcha Records","Genie In a Bottle",,"DirtySnatcha, Luci",198342437506,DSR132,"Genie In a Bottle",,GBWUL2407705,"DirtySnatcha, Luci","Facebook / Instagram","July 2024",CAN,Streaming,"Audio Library: Consumption",Sale,27,0.000275000000
AUG-24,"DirtySnatcha Records",Radioactivity,,"In Orbit Dubz",198342500118,DSR0053A,Radioactivity,,USLZJ2286474,"In Orbit Dubz","YouTube Streaming","August 2024",TUR,Streaming,"Art Track",Sale,1,0.000277000000
AUG-24,"DirtySnatcha Records",Bloodthirsty,,Howker,198342475331,DSR0004A,Bloodthirsty,,GBWUL1958037,Howker,"YouTube Streaming","August 2024",TUR,Streaming,"Art Track",Sale,1,0.000277000000
AUG-24,"DirtySnatcha Records","Run It Up",,"CHRMNDRS, Future Exit",198342476673,DSR0010A,"Run It Up",,GBWUL2081365,"CHRMNDRS, Future Exit",Spotify,"August 2024",EGY,Streaming,Single,Sale,2,0.000281000000
AUG-24,"DirtySnatcha Records",Nightmare,,"In Orbit Dubz",198342501320,DSR0080A,Nightmare,,QZWDD2257336,"In Orbit Dubz",Spotify,"August 2024",EGY,Streaming,Single,Sale,2,0.000281000000
AUG-24,"DirtySnatcha Records",Riddimption,,"Nothing x Hurts",198622420181,DSR136,Riddimption,,QZWV32419969,"Nothing x Hurts","YouTube Content ID","August 2024",USA,UGC,"Sound Recording",Sale,1,0.000282000000
AUG-24,"DirtySnatcha Records",Game,,"Sloth, CHACKK",197999855442,DSR116,Game,,QZ5FN2416543,"Sloth, CHACKK","Facebook / Instagram","July 2024",DEU,Streaming,"Audio Library: Consumption",Sale,29,0.000298000000
AUG-24,"DirtySnatcha Records",Nightmare,,"In Orbit Dubz",198342501320,DSR0080A,Nightmare,,QZWDD2257336,"In Orbit Dubz",Spotify,"August 2024",HUN,Streaming,Single,Sale,4,0.000298000000
AUG-24,"DirtySnatcha Records","Fight Time",,Megahurtz,198342492123,DSR0042A,"Fight Time",,GBRKQ2178616,Megahurtz,Snap,"August 2024",DZA,Streaming,"User Generated Content",Sale,1,0.000298000000
AUG-24,"DirtySnatcha Records",WTF,,"BBX, Sloth",198342356135,DSR131,WTF,,GBRKQ2471312,"BBX, Sloth","Facebook / Instagram","July 2024",USA,Streaming,"Audio Library: Consumption",Sale,12,0.000299000000
AUG-24,"DirtySnatcha Records",Assertion,,Aalioura,198342502129,DSR0076A,Assertion,,QZWDD2238845,Aalioura,NetEase,"July 2024",CHN,Streaming,Single,Sale,2,0.000300000000
AUG-24,"DirtySnatcha Records",Riddimption,,"Nothing x Hurts",198622420181,DSR136,Riddimption,,QZWV32419969,"Nothing x Hurts","YouTube Content ID","August 2024",NLD,UGC,"Sound Recording",Sale,1,0.000311000000
AUG-24,"DirtySnatcha Records",Tartarus,,CRiiOZ,198342042182,DSR127,Psycho,,USLZJ2405590,"CRiiOZ, DSTRTN","Facebook / Instagram - Revenue Share","July 2024",USA,Streaming,"Audio Library: Consumption",Sale,22,0.000315000000
AUG-24,"DirtySnatcha Records",Tartarus,,CRiiOZ,198342042182,DSR127,"Let Go",,USLZJ2405592,CRiiOZ,Spotify,"August 2024",ITA,Streaming,Single,Sale,1,0.000319000000
AUG-24,"DirtySnatcha Records",Game,,"Sloth, CHACKK",197999855442,DSR116,Game,,QZ5FN2416543,"Sloth, CHACKK",Spotify,"August 2024",ITA,Streaming,Single,Sale,1,0.000319000000
AUG-24,"DirtySnatcha Records",Shook,,BBX,198342479957,DSR0094A,Shook,,QZTV32366682,BBX,Spotify,"August 2024",ITA,Streaming,Single,Sale,1,0.000319000000
AUG-24,"DirtySnatcha Records","Operator Error",,"Big City",198342036334,DSR125,"Weed Spot",,USLZJ2403314,"Big City",Spotify,"August 2024",ITA,Streaming,Single,Sale,1,0.000319000000
AUG-24,"DirtySnatcha Records",Riddimption,,"Nothing x Hurts",198622420181,DSR136,Riddimption,,QZWV32419969,"Nothing x Hurts","YouTube Content ID","August 2024",FRA,UGC,"Sound Recording",Sale,1,0.000321000000
AUG-24,"DirtySnatcha Records",Tartarus,,CRiiOZ,198342042182,DSR127,"Watch Out",,USLZJ2405588,CRiiOZ,"Facebook / Instagram","July 2024",N/A,Streaming,"Audio Library: Production",Sale,1,0.000322000000
AUG-24,"DirtySnatcha Records",Tartarus,,CRiiOZ,198342042182,DSR127,Trust,,USLZJ2405591,CRiiOZ,"Facebook / Instagram","July 2024",N/A,Streaming,"Audio Library: Production",Sale,1,0.000322000000
AUG-24,"DirtySnatcha Records",Tartarus,,CRiiOZ,198342042182,DSR127,"Let Go",,USLZJ2405592,CRiiOZ,"Facebook / Instagram","July 2024",N/A,Streaming,"Audio Library: Production",Sale,1,0.000322000000
AUG-24,"DirtySnatcha Records","Keep Moving","Audigy Remix",DirtySnatcha,197999143198,DSR0104,"Keep Moving","Audigy Remix",QZWV32320452,"DirtySnatcha, Audigy","Facebook / Instagram","July 2024",N/A,Streaming,"Audio Library: Production",Sale,1,0.000322000000
AUG-24,"DirtySnatcha Records",Tartarus,,CRiiOZ,198342042182,DSR127,Trust,,USLZJ2405591,CRiiOZ,"Facebook / Instagram","July 2024",N/A,Streaming,"Audio Library: Production",Sale,1,0.000322000000
AUG-24,"DirtySnatcha Records",FLATLINE,,GOMPERZ,197999449672,DSR111,FLATLINE,,QZZ8B2311175,GOMPERZ,"Facebook / Instagram","July 2024",N/A,Streaming,"Audio Library: Production",Sale,1,0.000322000000
AUG-24,"DirtySnatcha Records","Corneal Abrasion",,"Simplifi, Redder",198342094976,DSR128,"Corneal Abrasion",,USLZJ2430043,"Simplifi, Redder","Facebook / Instagram","July 2024",N/A,Streaming,"Audio Library: Production",Sale,1,0.000322000000
AUG-24,"DirtySnatcha Records",Tartarus,,CRiiOZ,198342042182,DSR127,Psycho,,USLZJ2405590,"CRiiOZ, DSTRTN","Facebook / Instagram","July 2024",N/A,Streaming,"User Generated Content: Production",Sale,1,0.000322000000
AUG-24,"DirtySnatcha Records","Riddim Gang",,"Megahurtz, Alienpark",198342478288,DSR0020A,"Riddim Gang",,QZ5FN2074245,"Megahurtz, Alienpark",Spotify,"August 2024",IND,Streaming,Single,Sale,1,0.000326000000
AUG-24,"DirtySnatcha Records","Fog Horn",,DENNETT,198342502969,DSR0074A,"Fog Horn",,QZTRX2237730,DENNETT,Spotify,"August 2024",ARE,Streaming,Single,Sale,2,0.000329000000
AUG-24,"DirtySnatcha Records","Genie In a Bottle",,"DirtySnatcha, Luci",198342437506,DSR132,"Genie In a Bottle",,GBWUL2407705,"DirtySnatcha, Luci",Spotify,"August 2024",TUN,Streaming,Single,Sale,1,0.000340000000
AUG-24,"DirtySnatcha Records",Nightmare,,"In Orbit Dubz",198342501320,DSR0080A,Nightmare,,QZWDD2257336,"In Orbit Dubz",Spotify,"August 2024",COL,Streaming,Single,Sale,9,0.000346000000
AUG-24,"DirtySnatcha Records",Maniac,,Sinatra,197999611932,DSR114,Maniac,,QZZEB2305800,Sinatra,"Facebook / Instagram","July 2024",USA,Streaming,"Audio Library: Consumption",Sale,14,0.000349000000
AUG-24,"DirtySnatcha Records",Tartarus,,CRiiOZ,198342042182,DSR127,"In The Walls",,USLZJ2405562,CRiiOZ,Spotify,"August 2024",CHL,Streaming,Single,Sale,5,0.000349000000
AUG-24,"DirtySnatcha Records",Tartarus,,CRiiOZ,198342042182,DSR127,Psycho,,USLZJ2405590,"CRiiOZ, DSTRTN","Facebook / Instagram","July 2024",USA,Streaming,"Audio Library: Consumption",Sale,14,0.000349000000
AUG-24,"DirtySnatcha Records",WTF,,"BBX, Sloth",198342356135,DSR131,WTF,,GBRKQ2471312,"BBX, Sloth",Spotify,"August 2024",DOM,Streaming,Single,Sale,3,0.000357000000
AUG-24,"DirtySnatcha Records","Fog Horn",,DENNETT,198342502969,DSR0074A,"Fog Horn",,QZTRX2237730,DENNETT,Snap,"August 2024",DEU,Streaming,"User Generated Content",Sale,1,0.000357000000
AUG-24,"DirtySnatcha Records","Eight Six",,BBX,198342480014,DSR0092A,"Eight Six",,QZTV32366095,BBX,Snap,"August 2024",DEU,Streaming,"User Generated Content",Sale,1,0.000357000000
AUG-24,"DirtySnatcha Records",Tartarus,,CRiiOZ,198342042182,DSR127,Psycho,,USLZJ2405590,"CRiiOZ, DSTRTN",Spotify,"August 2024",LKA,Streaming,Single,Sale,1,0.000358000000
AUG-24,"DirtySnatcha Records",Shook,,BBX,198342479957,DSR0094A,Shook,,QZTV32366682,BBX,Spotify,"August 2024",AUT,Streaming,Single,Sale,1,0.000358000000
AUG-24,"DirtySnatcha Records","Run It Up",,"CHRMNDRS, Future Exit",198342476673,DSR0010A,"Run It Up",,GBWUL2081365,"CHRMNDRS, Future Exit",Spotify,"August 2024",AUT,Streaming,Single,Sale,1,0.000358000000
AUG-24,"DirtySnatcha Records",Tartarus,,CRiiOZ,198342042182,DSR127,Psycho,,USLZJ2405590,"CRiiOZ, DSTRTN","Facebook / Instagram - Revenue Share","July 2024",USA,Streaming,"Audio Library: Consumption",Sale,25,0.000358000000
AUG-24,"DirtySnatcha Records","Genie In a Bottle",,"DirtySnatcha, Luci",198342437506,DSR132,"Genie In a Bottle",,GBWUL2407705,"DirtySnatcha, Luci",Spotify,"August 2024",AUT,Streaming,Single,Sale,1,0.000358000000
AUG-24,"DirtySnatcha Records",Tartarus,,CRiiOZ,198342042182,DSR127,"In The Walls",,USLZJ2405562,CRiiOZ,Spotify,"August 2024",LKA,Streaming,Single,Sale,1,0.000358000000
AUG-24,"DirtySnatcha Records","Back Rooms",,"In Orbit Dubz",198342498644,DSR0077A,"Back Rooms",,QZWDD2257316,"In Orbit Dubz",Spotify,"August 2024",FRA,Streaming,Single,Sale,1,0.000362000000
AUG-24,"DirtySnatcha Records","Take A Trip","DirtySnatcha Remix","HEXED, Labs",198342492369,DSR0086A,"Take A Trip","DirtySnatcha Remix",QZ5FN2303924,"HEXED, Labs, DirtySnatcha",Spotify,"August 2024",FRA,Streaming,Single,Sale,1,0.000362000000
AUG-24,"DirtySnatcha Records",Tartarus,,CRiiOZ,198342042182,DSR127,Trust,,USLZJ2405591,CRiiOZ,Spotify,"August 2024",FRA,Streaming,Single,Sale,1,0.000362000000
AUG-24,"DirtySnatcha Records",Tartarus,,CRiiOZ,198342042182,DSR127,Psycho,,USLZJ2405590,"CRiiOZ, DSTRTN",Spotify,"August 2024",ARG,Streaming,Single,Sale,9,0.000364000000
AUG-24,"DirtySnatcha Records","Eight Six",,BBX,198342480014,DSR0092A,"Eight Six",,QZTV32366095,BBX,Spotify,"August 2024",ARG,Streaming,Single,Sale,1,0.000366000000
AUG-24,"DirtySnatcha Records","Crushed Glass",,BBX,198342479902,DSR0095A,"Crushed Glass",,QZTV32366684,BBX,Spotify,"August 2024",ARG,Streaming,Single,Sale,1,0.000366000000
AUG-24,"DirtySnatcha Records","Round 2",,"Nekz, Meechie Murda",197999919441,DSR121,"Round 2",,QZ5FN2445592,"Nekz, Meechie Murda",Spotify,"August 2024",ARG,Streaming,Single,Sale,1,0.000366000000
AUG-24,"DirtySnatcha Records",Tartarus,,CRiiOZ,198342042182,DSR127,Psycho,,USLZJ2405590,"CRiiOZ, DSTRTN","Facebook / Instagram - Revenue Share","July 2024",N/A,Streaming,"Audio Library: Production",Sale,1,0.000370000000
AUG-24,"DirtySnatcha Records",Whoa,,"KirbyBright, Devious",198342485866,DSR133,Whoa,,GBWUL2431903,"KirbyBright, Devious","Facebook / Instagram - Revenue Share","July 2024",N/A,Streaming,"Audio Library: Production",Sale,1,0.000370000000
AUG-24,"DirtySnatcha Records",WTF,,"BBX, Sloth",198342356135,DSR131,WTF,,GBRKQ2471312,"BBX, Sloth","Facebook / Instagram - Revenue Share","July 2024",N/A,Streaming,"Audio Library: Production",Sale,1,0.000370000000
AUG-24,"DirtySnatcha Records",Tartarus,,CRiiOZ,198342042182,DSR127,"Let Go",,USLZJ2405592,CRiiOZ,"Facebook / Instagram - Revenue Share","July 2024",USA,Streaming,"Audio Library: Consumption",Sale,26,0.000371000000
AUG-24,"DirtySnatcha Records","Keep Moving","Audigy Remix",DirtySnatcha,197999143198,DSR0104,"Keep Moving","Audigy Remix",QZWV32320452,"DirtySnatcha, Audigy","Facebook / Instagram - Revenue Share","July 2024",USA,Streaming,"Audio Library: Consumption",Sale,26,0.000371000000
AUG-24,"DirtySnatcha Records","Genie In a Bottle",,"DirtySnatcha, Luci",198342437506,DSR132,"Genie In a Bottle",,GBWUL2407705,"DirtySnatcha, Luci","Apple DJ Mixes","August 2024",CAN,Streaming,Single,Sale,1,0.000377000000
AUG-24,"DirtySnatcha Records",Nightmare,,"In Orbit Dubz",198342501320,DSR0080A,Nightmare,,QZWDD2257336,"In Orbit Dubz",Spotify,"August 2024",TUR,Streaming,Single,Sale,1,0.000377000000
AUG-24,"DirtySnatcha Records",WTF,,"BBX, Sloth",198342356135,DSR131,WTF,,GBRKQ2471312,"BBX, Sloth","YouTube Content ID","August 2024",CAN,UGC,"Sound Recording",Sale,7,0.000380000000
AUG-24,"DirtySnatcha Records",Game,,"Sloth, CHACKK",197999855442,DSR116,Game,,QZ5FN2416543,"Sloth, CHACKK",Spotify,"August 2024",BRA,Streaming,Single,Sale,3,0.000381000000
AUG-24,"DirtySnatcha Records","Take A Trip","DirtySnatcha Remix","HEXED, Labs",198342492369,DSR0086A,"Take A Trip","DirtySnatcha Remix",QZ5FN2303924,"HEXED, Labs, DirtySnatcha",Spotify,"August 2024",BRA,Streaming,Single,Sale,3,0.000381000000
AUG-24,"DirtySnatcha Records",Shook,,BBX,198342479957,DSR0094A,Shook,,QZTV32366682,BBX,Spotify,"August 2024",BRA,Streaming,Single,Sale,3,0.000381000000
AUG-24,"DirtySnatcha Records","Out Of Service",,"Autokorekt, ChemDawg",198342492215,DSR0046A,"Out Of Service",,GBWUL2192863,"Autokorekt, ChemDawg, Versace",Spotify,"August 2024",ARG,Streaming,Single,Sale,1,0.000385000000
AUG-24,"DirtySnatcha Records",Rudeboy,,"Seeing Double, Kryture",198342476352,DSR0007A,Rudeboy,,GBWUL2045907,"Seeing Double, Kryture",Spotify,"August 2024",MEX,Streaming,Single,Sale,3,0.000386000000
AUG-24,"DirtySnatcha Records",Bloodthirsty,,Howker,198342475331,DSR0004A,Bloodthirsty,,GBWUL1958037,Howker,Spotify,"August 2024",MEX,Streaming,Single,Sale,3,0.000386000000
AUG-24,"DirtySnatcha Records",WTF,,"BBX, Sloth",198342356135,DSR131,WTF,,GBRKQ2471312,"BBX, Sloth",Spotify,"August 2024",NGA,Streaming,Single,Sale,2,0.000387000000
AUG-24,"DirtySnatcha Records","Genie In a Bottle",,"DirtySnatcha, Luci",198342437506,DSR132,"Genie In a Bottle",,GBWUL2407705,"DirtySnatcha, Luci",Snap,"August 2024",CAN,Streaming,"User Generated Content",Sale,1,0.000394000000
AUG-24,"DirtySnatcha Records","Fog Horn",,DENNETT,198342502969,DSR0074A,"Fog Horn",,QZTRX2237730,DENNETT,Spotify,"August 2024",IDN,Streaming,Single,Sale,1,0.000398000000
AUG-24,"DirtySnatcha Records",Tartarus,,CRiiOZ,198342042182,DSR127,"In The Walls",,USLZJ2405562,CRiiOZ,"YouTube Streaming","August 2024",BRA,Streaming,"Art Track",Sale,1,0.000401000000
AUG-24,"DirtySnatcha Records",Tartarus,,CRiiOZ,198342042182,DSR127,"Watch Out",,USLZJ2405588,CRiiOZ,Spotify,"August 2024",POL,Streaming,Single,Sale,4,0.000402000000
AUG-24,"DirtySnatcha Records",Tartarus,,CRiiOZ,198342042182,DSR127,Psycho,,USLZJ2405590,"CRiiOZ, DSTRTN",Spotify,"August 2024",POL,Streaming,Single,Sale,4,0.000402000000
AUG-24,"DirtySnatcha Records","GO MAD",,"DSTRTN, CRiiOZ",198342500286,DSR0056A,"GO MAD",,USLZJ2297741,"DSTRTN, CRiiOZ",Spotify,"August 2024",ARG,Streaming,Single,Sale,10,0.000404000000
AUG-24,"DirtySnatcha Records","Keep Moving","Aelius, Voyager, Wilco Beats Remix",DirtySnatcha,198342499863,DSR0083A,"Keep Moving","Aelius, Voyager, Wilco Beats Remix",QZWDD2263373,"DirtySnatcha, Aelius, Voyager, Wilco Beats",Spotify,"August 2024",TUR,Streaming,Single,Sale,1,0.000406000000
AUG-24,"DirtySnatcha Records",Bloodthirsty,,Howker,198342475331,DSR0004A,Bloodthirsty,,GBWUL1958037,Howker,"YouTube Streaming","August 2024",MEX,Streaming,"Art Track",Sale,1,0.000413000000
AUG-24,"DirtySnatcha Records","Genie In a Bottle",,"DirtySnatcha, Luci",198342437506,DSR132,"Genie In a Bottle",,GBWUL2407705,"DirtySnatcha, Luci","Facebook / Instagram - Revenue Share","July 2024",USA,Streaming,"Audio Library: Consumption",Sale,29,0.000415000000
AUG-24,"DirtySnatcha Records",WTF,,"BBX, Sloth",198342356135,DSR131,WTF,,GBRKQ2471312,"BBX, Sloth",Spotify,"August 2024",AGO,Streaming,Single,Sale,2,0.000417000000
AUG-24,"DirtySnatcha Records",LIGMA,,"BBX, Jonomatic, Geeku",198342492208,DSR0045A,LIGMA,,GBWUL2171015,"BBX, Jonomatic, Geeku",Snap,"August 2024",USA,Streaming,"User Generated Content",Sale,1,0.000417000000
AUG-24,"DirtySnatcha Records","Eight Six",,BBX,198342480014,DSR0092A,"Eight Six",,QZTV32366095,BBX,Spotify,"August 2024",VEN,Streaming,Single,Sale,1,0.000418000000
AUG-24,"DirtySnatcha Records",Riptide,,"David Vance, Blue",198342508046,DSR0064A,Riptide,,GBRKQ2211179,"David Vance, Blue",Spotify,"August 2024",VEN,Streaming,Single,Sale,1,0.000418000000
AUG-24,"DirtySnatcha Records","GO MAD",,"DSTRTN, CRiiOZ",198342500286,DSR0056A,"GO MAD",,USLZJ2297741,"DSTRTN, CRiiOZ",Spotify,"August 2024",VEN,Streaming,Single,Sale,1,0.000418000000
AUG-24,"DirtySnatcha Records",Radioactivity,,"In Orbit Dubz",198342500118,DSR0053A,Radioactivity,,USLZJ2286474,"In Orbit Dubz",Spotify,"August 2024",PHL,Streaming,Single,Sale,1,0.000423000000
AUG-24,"DirtySnatcha Records","The Back Rooms EP",,"In Orbit Dubz",198342501023,DSR0081A,"Back Rooms",,QZWDD2257316,"In Orbit Dubz",Spotify,"August 2024",PHL,Streaming,Single,Sale,1,0.000423000000
AUG-24,"DirtySnatcha Records","The Back Rooms EP",,"In Orbit Dubz",198342501023,DSR0081A,"Fuck It Up",,QZWDD2257318,"In Orbit Dubz",Spotify,"August 2024",PHL,Streaming,Single,Sale,1,0.000423000000
AUG-24,"DirtySnatcha Records",WTF,,"BBX, Sloth",198342356135,DSR131,WTF,,GBRKQ2471312,"BBX, Sloth","Amazon Ad Supported","August 2024",MEX,Streaming,Single,Sale,1,0.000428000000
AUG-24,"DirtySnatcha Records","Big Body",,"BOU$HY, Eazley",198342494042,DSR0048A,"Big Body",,QZ5FN2216262,"BOU$HY, Eazley","YouTube Streaming","August 2024",EGY,Streaming,"Art Track",Sale,1,0.000432000000
AUG-24,"DirtySnatcha Records","Fog Horn",,DENNETT,198342502969,DSR0074A,"Fog Horn",,QZTRX2237730,DENNETT,Spotify,"August 2024",JPN,Streaming,Single,Sale,2,0.000439000000
AUG-24,"DirtySnatcha Records","Keep Moving","Audigy Remix",DirtySnatcha,197999143198,DSR0104,"Keep Moving","Audigy Remix",QZWV32320452,"DirtySnatcha, Audigy",Spotify,"August 2024",EGY,Streaming,Single,Sale,1,0.000440000000
AUG-24,"DirtySnatcha Records","Genie In a Bottle",,"DirtySnatcha, Luci",198342437506,DSR132,"Genie In a Bottle",,GBWUL2407705,"DirtySnatcha, Luci","Facebook / Instagram - Revenue Share","July 2024",TUR,Streaming,"Audio Library: Production",Sale,1,0.000447000000
AUG-24,"DirtySnatcha Records","Genie In a Bottle",,"DirtySnatcha, Luci",198342437506,DSR132,"Genie In a Bottle",,GBWUL2407705,"DirtySnatcha, Luci",Snap,"August 2024",MEX,Streaming,"User Generated Content",Sale,1,0.000449000000
AUG-24,"DirtySnatcha Records",Maniac,,Sinatra,197999611932,DSR114,Maniac,,QZZEB2305800,Sinatra,NetEase,"July 2024",CHN,Streaming,Single,Sale,3,0.000450000000
AUG-24,"DirtySnatcha Records",Tartarus,,CRiiOZ,198342042182,DSR127,Psycho,,USLZJ2405590,"CRiiOZ, DSTRTN",Spotify,"August 2024",PRY,Streaming,Single,Sale,1,0.000456000000
AUG-24,"DirtySnatcha Records",Tartarus,,CRiiOZ,198342042182,DSR127,"In The Walls",,USLZJ2405562,CRiiOZ,Spotify,"August 2024",PRY,Streaming,Single,Sale,1,0.000456000000
AUG-24,"DirtySnatcha Records",Bloodthirsty,,Howker,198342475331,DSR0004A,Bloodthirsty,,GBWUL1958037,Howker,Spotify,"August 2024",PRY,Streaming,Single,Sale,1,0.000456000000
AUG-24,"DirtySnatcha Records","Take A Trip","DirtySnatcha Remix","HEXED, Labs",198342492369,DSR0086A,"Take A Trip","DirtySnatcha Remix",QZ5FN2303924,"HEXED, Labs, DirtySnatcha",Spotify,"August 2024",IND,Streaming,Single,Sale,1,0.000457000000
AUG-24,"DirtySnatcha Records","Run It Up",,"CHRMNDRS, Future Exit",198342476673,DSR0010A,"Run It Up",,GBWUL2081365,"CHRMNDRS, Future Exit",Spotify,"August 2024",IND,Streaming,Single,Sale,1,0.000457000000
AUG-24,"DirtySnatcha Records",Tartarus,,CRiiOZ,198342042182,DSR127,"Watch Out",,USLZJ2405588,CRiiOZ,Spotify,"August 2024",IND,Streaming,Single,Sale,1,0.000457000000
AUG-24,"DirtySnatcha Records",Assertion,,Aalioura,198342502129,DSR0076A,Assertion,,QZWDD2238845,Aalioura,Spotify,"August 2024",IND,Streaming,Single,Sale,1,0.000457000000
AUG-24,"DirtySnatcha Records","Run It Up",,"CHRMNDRS, Future Exit",198342476673,DSR0010A,"Run It Up",,GBWUL2081365,"CHRMNDRS, Future Exit",Spotify,"August 2024",ISR,Streaming,Single,Sale,3,0.000466000000
AUG-24,"DirtySnatcha Records","Genie In a Bottle",,"DirtySnatcha, Luci",198342437506,DSR132,"Genie In a Bottle",,GBWUL2407705,"DirtySnatcha, Luci",Spotify,"August 2024",ARG,Streaming,Single,Sale,4,0.000471000000
AUG-24,"DirtySnatcha Records",Whoa,,"KirbyBright, Devious",198342485866,DSR133,Whoa,,GBWUL2431903,"KirbyBright, Devious","Facebook / Instagram","July 2024",USA,Streaming,"Audio Library: Consumption",Sale,19,0.000474000000
AUG-24,"DirtySnatcha Records",Nightmare,,"In Orbit Dubz",198342501320,DSR0080A,Nightmare,,QZWDD2257336,"In Orbit Dubz",Spotify,"August 2024",ESP,Streaming,Single,Sale,2,0.000477000000
AUG-24,"DirtySnatcha Records","Fog Horn",,DENNETT,198342502969,DSR0074A,"Fog Horn",,QZTRX2237730,DENNETT,Spotify,"August 2024",ESP,Streaming,Single,Sale,2,0.000477000000
AUG-24,"DirtySnatcha Records","Keep Moving","Audigy Remix",DirtySnatcha,197999143198,DSR0104,"Keep Moving","Audigy Remix",QZWV32320452,"DirtySnatcha, Audigy",Spotify,"August 2024",ESP,Streaming,Single,Sale,2,0.000477000000
AUG-24,"DirtySnatcha Records",MAYKYU,,"BANXY, SHOCKZ",198342502624,DSR0075A,MAYKYU,,QZTRX2279102,"BANXY, SHOCKZ","YouTube Streaming","August 2024",IDN,Streaming,"Art Track",Sale,1,0.000479000000
AUG-24,"DirtySnatcha Records",Nightmare,,"In Orbit Dubz",198342501320,DSR0080A,Nightmare,,QZWDD2257336,"In Orbit Dubz",Spotify,"August 2024",PHL,Streaming,Single,Sale,1,0.000484000000
AUG-24,"DirtySnatcha Records",WTF,,"BBX, Sloth",198342356135,DSR131,WTF,,GBRKQ2471312,"BBX, Sloth",Spotify,"August 2024",PAN,Streaming,Single,Sale,7,0.000487000000
AUG-24,"DirtySnatcha Records",Nightmare,,"In Orbit Dubz",198342501320,DSR0080A,Nightmare,,QZWDD2257336,"In Orbit Dubz","YouTube Streaming","August 2024",BRA,Streaming,"Art Track",Sale,1,0.000490000000
AUG-24,"DirtySnatcha Records",Nightmare,,"In Orbit Dubz",198342501320,DSR0080A,Nightmare,,QZWDD2257336,"In Orbit Dubz",Spotify,"August 2024",POL,Streaming,Single,Sale,5,0.000502000000
AUG-24,"DirtySnatcha Records",Tartarus,,CRiiOZ,198342042182,DSR127,Trust,,USLZJ2405591,CRiiOZ,Spotify,"August 2024",BRA,Streaming,Single,Sale,4,0.000508000000
AUG-24,"DirtySnatcha Records","Genie In a Bottle",,"DirtySnatcha, Luci",198342437506,DSR132,"Genie In a Bottle",,GBWUL2407705,"DirtySnatcha, Luci",Spotify,"August 2024",CZE,Streaming,Single,Sale,4,0.000509000000
AUG-24,"DirtySnatcha Records",Tartarus,,CRiiOZ,198342042182,DSR127,"Watch Out",,USLZJ2405588,CRiiOZ,Spotify,"August 2024",IND,Streaming,Single,Sale,2,0.000510000000
AUG-24,"DirtySnatcha Records",WDGAF,,CRiiOZ,197999026187,DSR0102,WDGAF,,QZWDE2357423,CRiiOZ,Spotify,"August 2024",IND,Streaming,Single,Sale,2,0.000510000000
AUG-24,"DirtySnatcha Records","GO MAD",,"DSTRTN, CRiiOZ",198342500286,DSR0056A,"GO MAD",,USLZJ2297741,"DSTRTN, CRiiOZ",Spotify,"August 2024",IND,Streaming,Single,Sale,2,0.000510000000
AUG-24,"DirtySnatcha Records","Giving Up VIP",,"CHRMNDRS, SEEING\\DOUBLE",198342492154,DSR0044A,"Giving Up VIP",,GBWUL2158623,"CHRMNDRS, SEEING\\DOUBLE",Spotify,"August 2024",MEX,Streaming,Single,Sale,4,0.000515000000
AUG-24,"DirtySnatcha Records",Shook,,BBX,198342479957,DSR0094A,Shook,,QZTV32366682,BBX,Spotify,"August 2024",BEL,Streaming,Single,Sale,1,0.000524000000
AUG-24,"DirtySnatcha Records",WTF,,"BBX, Sloth",198342356135,DSR131,WTF,,GBRKQ2471312,"BBX, Sloth","Facebook / Instagram - Revenue Share","July 2024",USA,Streaming,"Audio Library: Consumption",Sale,37,0.000530000000
AUG-24,"DirtySnatcha Records",Shook,,BBX,198342479957,DSR0094A,Shook,,QZTV32366682,BBX,Spotify,"August 2024",VNM,Streaming,Single,Sale,1,0.000532000000
AUG-24,"DirtySnatcha Records",Nightmare,,"In Orbit Dubz",198342501320,DSR0080A,Nightmare,,QZWDD2257336,"In Orbit Dubz",Spotify,"August 2024",COL,Streaming,Single,Sale,1,0.000536000000
AUG-24,"DirtySnatcha Records",LIGMA,,"BBX, Jonomatic, Geeku",198342492208,DSR0045A,LIGMA,,GBWUL2171015,"BBX, Jonomatic, Geeku",Spotify,"August 2024",COL,Streaming,Single,Sale,1,0.000536000000
AUG-24,"DirtySnatcha Records",Tartarus,,CRiiOZ,198342042182,DSR127,Psycho,,USLZJ2405590,"CRiiOZ, DSTRTN",Spotify,"August 2024",FIN,Streaming,Single,Sale,2,0.000538000000
AUG-24,"DirtySnatcha Records",WTF,,"BBX, Sloth",198342356135,DSR131,WTF,,GBRKQ2471312,"BBX, Sloth",Spotify,"August 2024",IDN,Streaming,Single,Sale,40,0.000541000000
AUG-24,"DirtySnatcha Records","Genie In a Bottle",,"DirtySnatcha, Luci",198342437506,DSR132,"Genie In a Bottle",,GBWUL2407705,"DirtySnatcha, Luci","YouTube Streaming","August 2024",IND,Streaming,"Art Track",Sale,1,0.000543000000
AUG-24,"DirtySnatcha Records",Bloodthirsty,,Howker,198342475331,DSR0004A,Bloodthirsty,,GBWUL1958037,Howker,"YouTube Streaming","August 2024",IND,Streaming,"Art Track",Sale,1,0.000543000000
AUG-24,"DirtySnatcha Records",Tartarus,,CRiiOZ,198342042182,DSR127,"Watch Out",,USLZJ2405588,CRiiOZ,"YouTube Streaming","August 2024",IND,Streaming,"Art Track",Sale,1,0.000543000000
AUG-24,"DirtySnatcha Records",WTF,,"BBX, Sloth",198342356135,DSR131,WTF,,GBRKQ2471312,"BBX, Sloth","YouTube Streaming","August 2024",IND,Streaming,"Art Track",Sale,1,0.000543000000
AUG-24,"DirtySnatcha Records","Genie In a Bottle",,"DirtySnatcha, Luci",198342437506,DSR132,"Genie In a Bottle",,GBWUL2407705,"DirtySnatcha, Luci","YouTube Content ID","August 2024",NZL,UGC,"Sound Recording",Sale,2,0.000545000000
AUG-24,"DirtySnatcha Records",Tartarus,,CRiiOZ,198342042182,DSR127,Psycho,,USLZJ2405590,"CRiiOZ, DSTRTN","Facebook / Instagram","July 2024",USA,Streaming,"Audio Library: Consumption",Sale,22,0.000549000000
AUG-24,"DirtySnatcha Records","GO MAD",,"DSTRTN, CRiiOZ",198342500286,DSR0056A,"GO MAD",,USLZJ2297741,"DSTRTN, CRiiOZ",Spotify,"August 2024",IND,Streaming,Single,Sale,1,0.000553000000
AUG-24,"DirtySnatcha Records","Eight Six",,BBX,198342480014,DSR0092A,"Eight Six",,QZTV32366095,BBX,"YouTube Streaming","August 2024",GTM,Streaming,"Art Track",Sale,2,0.000554000000
AUG-24,"DirtySnatcha Records",Tartarus,,CRiiOZ,198342042182,DSR127,"In The Walls",,USLZJ2405562,CRiiOZ,Spotify,"August 2024",PRT,Streaming,Single,Sale,6,0.000558000000
AUG-24,"DirtySnatcha Records",WTF,,"BBX, Sloth",198342356135,DSR131,WTF,,GBRKQ2471312,"BBX, Sloth",Spotify,"August 2024",PRT,Streaming,Single,Sale,6,0.000558000000
AUG-24,"DirtySnatcha Records","GO MAD",,"DSTRTN, CRiiOZ",198342500286,DSR0056A,"GO MAD",,USLZJ2297741,"DSTRTN, CRiiOZ",Spotify,"August 2024",CHL,Streaming,Single,Sale,8,0.000559000000
AUG-24,"DirtySnatcha Records","Genie In a Bottle",,"DirtySnatcha, Luci",198342437506,DSR132,"Genie In a Bottle",,GBWUL2407705,"DirtySnatcha, Luci","YouTube Content ID","August 2024",MEX,UGC,"Sound Recording",Sale,2,0.000560000000
AUG-24,"DirtySnatcha Records","Eight Six",,BBX,198342480014,DSR0092A,"Eight Six",,QZTV32366095,BBX,Spotify,"August 2024",NZL,Streaming,Single,Sale,1,0.000574000000
AUG-24,"DirtySnatcha Records",Maniac,,Sinatra,197999611932,DSR114,Maniac,,QZZEB2305800,Sinatra,Spotify,"August 2024",NZL,Streaming,Single,Sale,1,0.000574000000
AUG-24,"DirtySnatcha Records",Tartarus,,CRiiOZ,198342042182,DSR127,"In The Walls",,USLZJ2405562,CRiiOZ,Spotify,"August 2024",EGY,Streaming,Single,Sale,1,0.000579000000
AUG-24,"DirtySnatcha Records",Tartarus,,CRiiOZ,198342042182,DSR127,Trust,,USLZJ2405591,CRiiOZ,Spotify,"August 2024",PER,Streaming,Single,Sale,1,0.000580000000
AUG-24,"DirtySnatcha Records","Giving Up VIP",,"CHRMNDRS, SEEING\\DOUBLE",198342492154,DSR0044A,"Giving Up VIP",,GBWUL2158623,"CHRMNDRS, SEEING\\DOUBLE",Spotify,"August 2024",PER,Streaming,Single,Sale,1,0.000580000000
AUG-24,"DirtySnatcha Records","Need U","Ennaut Remix","DirtySnatcha, Autokorekt",198342500538,DSR0082A,"Need U","Ennaut Remix",QZWDD2263341,"DirtySnatcha, Autokorekt, Ennaut",Spotify,"August 2024",PER,Streaming,Single,Sale,1,0.000580000000
AUG-24,"DirtySnatcha Records","Fog Horn",,DENNETT,198342502969,DSR0074A,"Fog Horn",,QZTRX2237730,DENNETT,Spotify,"August 2024",PER,Streaming,Single,Sale,1,0.000580000000
AUG-24,"DirtySnatcha Records","Genie In a Bottle",,"DirtySnatcha, Luci",198342437506,DSR132,"Genie In a Bottle",,GBWUL2407705,"DirtySnatcha, Luci","Apple DJ Mixes","August 2024",AUS,Streaming,Single,Sale,1,0.000594000000
AUG-24,"DirtySnatcha Records","Genie In a Bottle",,"DirtySnatcha, Luci",198342437506,DSR132,"Genie In a Bottle",,GBWUL2407705,"DirtySnatcha, Luci","Apple DJ Mixes","August 2024",SVK,Streaming,Single,Sale,1,0.000601000000
AUG-24,"DirtySnatcha Records",Tartarus,,CRiiOZ,198342042182,DSR127,"In The Walls",,USLZJ2405562,CRiiOZ,Spotify,"August 2024",ARG,Streaming,Single,Sale,1,0.000604000000
AUG-24,"DirtySnatcha Records",Scorpion,,Torcha,198342501160,DSR0057A,Scorpion,,GBRKQ2202745,Torcha,Spotify,"August 2024",ARG,Streaming,Single,Sale,1,0.000604000000
AUG-24,"DirtySnatcha Records",Dimension,,"In Orbit Dubz, Nein Lives",198342496138,DSR0051A,Dimension,,QZ5FN2266737,"In Orbit Dubz, Nein Lives","Apple Music","August 2024",IND,Streaming,Single,Sale,1,0.000610000000
AUG-24,"DirtySnatcha Records",Radioactivity,,"In Orbit Dubz",198342500118,DSR0053A,Radioactivity,,USLZJ2286474,"In Orbit Dubz","Apple Music","August 2024",IND,Streaming,Single,Sale,1,0.000610000000
AUG-24,"DirtySnatcha Records",Bloodthirsty,,Howker,198342475331,DSR0004A,Bloodthirsty,,GBWUL1958037,Howker,Spotify,"August 2024",TUR,Streaming,Single,Sale,1,0.000624000000
AUG-24,"DirtySnatcha Records",Tartarus,,CRiiOZ,198342042182,DSR127,Trust,,USLZJ2405591,CRiiOZ,Spotify,"August 2024",TUR,Streaming,Single,Sale,1,0.000624000000
AUG-24,"DirtySnatcha Records",Tartarus,,CRiiOZ,198342042182,DSR127,Psycho,,USLZJ2405590,"CRiiOZ, DSTRTN","Facebook / Instagram","July 2024",USA,Streaming,"Audio Library: Consumption",Sale,25,0.000624000000
AUG-24,"DirtySnatcha Records",Tartarus,,CRiiOZ,198342042182,DSR127,Trust,,USLZJ2405591,CRiiOZ,Spotify,"August 2024",CHL,Streaming,Single,Sale,9,0.000629000000
AUG-24,"DirtySnatcha Records","Eight Six",,BBX,198342480014,DSR0092A,"Eight Six",,QZTV32366095,BBX,Spotify,"August 2024",BRA,Streaming,Single,Sale,5,0.000636000000
AUG-24,"DirtySnatcha Records","Genie In a Bottle",,"DirtySnatcha, Luci",198342437506,DSR132,"Genie In a Bottle",,GBWUL2407705,"DirtySnatcha, Luci",Spotify,"August 2024",TUR,Streaming,Single,Sale,1,0.000638000000
AUG-24,"DirtySnatcha Records","Apple Sowce",,Autokorekt,198342768341,DSR134,"Apple Sowce",,QZTRX2474922,Autokorekt,Spotify,"August 2024",UKR,Streaming,Single,Sale,1,0.000641000000
AUG-24,"DirtySnatcha Records",Riptide,,"David Vance, Blue",198342508046,DSR0064A,Riptide,,GBRKQ2211179,"David Vance, Blue",Spotify,"August 2024",MYS,Streaming,Single,Sale,1,0.000642000000
AUG-24,"DirtySnatcha Records","Keep Moving","Aelius, Voyager, Wilco Beats Remix",DirtySnatcha,198342499863,DSR0083A,"Keep Moving","Aelius, Voyager, Wilco Beats Remix",QZWDD2263373,"DirtySnatcha, Aelius, Voyager, Wilco Beats",Spotify,"August 2024",MYS,Streaming,Single,Sale,1,0.000642000000
AUG-24,"DirtySnatcha Records",Tartarus,,CRiiOZ,198342042182,DSR127,Psycho,,USLZJ2405590,"CRiiOZ, DSTRTN",Spotify,"August 2024",MYS,Streaming,Single,Sale,1,0.000642000000
AUG-24,"DirtySnatcha Records",Destroy,,"In Orbit Dubz, DSTRTN",198342501504,DSR0079A,Destroy,,QZWDD2257331,"In Orbit Dubz, DSTRTN",Spotify,"August 2024",MEX,Streaming,Single,Sale,5,0.000643000000
AUG-24,"DirtySnatcha Records",Whoa,,"KirbyBright, Devious",198342485866,DSR133,Whoa,,GBWUL2431903,"KirbyBright, Devious","Facebook / Instagram","July 2024",N/A,Streaming,"Audio Library: Production",Sale,1,0.000644000000
AUG-24,"DirtySnatcha Records",WTF,,"BBX, Sloth",198342356135,DSR131,WTF,,GBRKQ2471312,"BBX, Sloth","Facebook / Instagram","July 2024",N/A,Streaming,"Audio Library: Production",Sale,1,0.000644000000
AUG-24,"DirtySnatcha Records",Tartarus,,CRiiOZ,198342042182,DSR127,Psycho,,USLZJ2405590,"CRiiOZ, DSTRTN","Facebook / Instagram","July 2024",N/A,Streaming,"Audio Library: Production",Sale,1,0.000644000000
AUG-24,"DirtySnatcha Records","Fog Horn",,DENNETT,198342502969,DSR0074A,"Fog Horn",,QZTRX2237730,DENNETT,Spotify,"August 2024",ARG,Streaming,Single,Sale,1,0.000644000000
AUG-24,"DirtySnatcha Records",Tartarus,,CRiiOZ,198342042182,DSR127,"Let Go",,USLZJ2405592,CRiiOZ,"Facebook / Instagram","July 2024",USA,Streaming,"Audio Library: Consumption",Sale,26,0.000649000000
AUG-24,"DirtySnatcha Records","Keep Moving","Audigy Remix",DirtySnatcha,197999143198,DSR0104,"Keep Moving","Audigy Remix",QZWV32320452,"DirtySnatcha, Audigy","Facebook / Instagram","July 2024",USA,Streaming,"Audio Library: Consumption",Sale,26,0.000649000000
AUG-24,"DirtySnatcha Records","Spectre Season",,Artifact,198342479643,DSR0101A,"Spectre Season",,QZWDD2336449,Artifact,Spotify,"August 2024",PER,Streaming,Single,Sale,1,0.000661000000
AUG-24,"DirtySnatcha Records","Round 2",,"Nekz, Meechie Murda",197999919441,DSR121,"Round 2",,QZ5FN2445592,"Nekz, Meechie Murda",Spotify,"August 2024",IND,Streaming,Single,Sale,1,0.000661000000
AUG-24,"DirtySnatcha Records",Tartarus,,CRiiOZ,198342042182,DSR127,Psycho,,USLZJ2405590,"CRiiOZ, DSTRTN",Spotify,"August 2024",IND,Streaming,Single,Sale,1,0.000661000000
AUG-24,"DirtySnatcha Records","Operator Error",,"Big City",198342036334,DSR125,"Operator Error",,USLZJ2403328,"Big City","YouTube Content ID","August 2024",USA,UGC,"Sound Recording",Sale,1,0.000663000000
AUG-24,"DirtySnatcha Records",Upsurge,,"Morva, J.A.D.P",197999205919,DSR0110,"Waiting For",,QZWV32351872,"Morva, J.A.D.P, Nightfrost",NetEase,"July 2024",CHN,Streaming,Single,Sale,1,0.000676000000
AUG-24,"DirtySnatcha Records","Wasting Time With You",,Ennaut,198342816899,DSR135,"Wasting Time With You",,QZTV32404283,Ennaut,NetEase,"July 2024",CHN,Streaming,Single,Sale,1,0.000676000000
AUG-24,"DirtySnatcha Records","Kinda Sus",,Akronym,198342479100,DSR0030A,"Kinda Sus",,GBRKQ2026555,Akronym,NetEase,"July 2024",CHN,Streaming,Single,Sale,1,0.000676000000
AUG-24,"DirtySnatcha Records","Half Life",,"Twisted, Chutez & Ladderz, R3mark",198342508084,DSR0067A,"Half Life",,GBRKQ2245644,"Twisted, Chutez & Ladderz, R3mark",NetEase,"July 2024",CHN,Streaming,Single,Sale,1,0.000676000000
AUG-24,"DirtySnatcha Records","All In",,TruFeelz,198342478707,DSR0021A,"All In",,QZ5FN2075138,TruFeelz,NetEase,"July 2024",CHN,Streaming,Single,Sale,1,0.000676000000
AUG-24,"DirtySnatcha Records",Maniac,,Sinatra,197999611932,DSR114,Maniac,,QZZEB2305800,Sinatra,NetEase,"July 2024",CHN,Streaming,Single,Sale,1,0.000676000000
AUG-24,"DirtySnatcha Records",MAYKYU,,"BANXY, SHOCKZ",198342502624,DSR0075A,MAYKYU,,QZTRX2279102,"BANXY, SHOCKZ",NetEase,"July 2024",CHN,Streaming,Single,Sale,1,0.000676000000
AUG-24,"DirtySnatcha Records","Hyper Drive",,Contakt,198342478691,DSR0025A,"Hyper Drive",,USLZJ2046457,Contakt,NetEase,"July 2024",CHN,Streaming,Single,Sale,1,0.000676000000
AUG-24,"DirtySnatcha Records",WTF,,"BBX, Sloth",198342356135,DSR131,WTF,,GBRKQ2471312,"BBX, Sloth",Spotify,"August 2024",TUN,Streaming,Single,Sale,2,0.000680000000
AUG-24,"DirtySnatcha Records",WTF,,"BBX, Sloth",198342356135,DSR131,WTF,,GBRKQ2471312,"BBX, Sloth",Spotify,"August 2024",PAK,Streaming,Single,Sale,3,0.000687000000
AUG-24,"DirtySnatcha Records","Genie In a Bottle",,"DirtySnatcha, Luci",198342437506,DSR132,"Genie In a Bottle",,GBWUL2407705,"DirtySnatcha, Luci","Apple DJ Mixes","August 2024",FRA,Streaming,Single,Sale,1,0.000691000000
AUG-24,"DirtySnatcha Records",Whoa,,"KirbyBright, Devious",198342485866,DSR133,Whoa,,GBWUL2431903,"KirbyBright, Devious",Spotify,"August 2024",BRA,Streaming,Single,Sale,1,0.000693000000
AUG-24,"DirtySnatcha Records","Back Rooms",,"In Orbit Dubz",198342498644,DSR0077A,"Back Rooms",,QZWDD2257316,"In Orbit Dubz","Amazon Prime","August 2024",BRA,Streaming,Single,Sale,2,0.000694000000
AUG-24,"DirtySnatcha Records","Genie In a Bottle",,"DirtySnatcha, Luci",198342437506,DSR132,"Genie In a Bottle",,GBWUL2407705,"DirtySnatcha, Luci","Facebook / Instagram - Revenue Share","July 2024",USA,Streaming,"Audio Library: Consumption",Sale,49,0.000700000000
AUG-24,"DirtySnatcha Records",Game,,"Sloth, CHACKK",197999855442,DSR116,Game,,QZ5FN2416543,"Sloth, CHACKK","Facebook / Instagram - Revenue Share","July 2024",USA,Streaming,"Audio Library: Consumption",Sale,49,0.000700000000
AUG-24,"DirtySnatcha Records",Destroy,,"In Orbit Dubz, DSTRTN",198342501504,DSR0079A,Destroy,,QZWDD2257331,"In Orbit Dubz, DSTRTN","Amazon Prime","August 2024",IND,Streaming,Single,Sale,1,0.000702000000
AUG-24,"DirtySnatcha Records","Genie In a Bottle",,"DirtySnatcha, Luci",198342437506,DSR132,"Genie In a Bottle",,GBWUL2407705,"DirtySnatcha, Luci","Amazon Prime","August 2024",IND,Streaming,Single,Sale,1,0.000702000000
AUG-24,"DirtySnatcha Records","Most Dangerous",,"Meechie Murda, Geeku, Sinister Bass",198342503812,DSR0071A,"Most Dangerous",,GBWUL2241457,"Meechie Murda, Geeku, Sinister Bass","Amazon Prime","August 2024",IND,Streaming,Single,Sale,1,0.000702000000
AUG-24,"DirtySnatcha Records","Acting Out",,"Megahurtz, Blue",198342479070,DSR0029A,"Acting Out",,USLZJ2069505,"Megahurtz, Blue, Rico Act",Spotify,"August 2024",CHL,Streaming,Single,Sale,1,0.000709000000
AUG-24,"DirtySnatcha Records",Tartarus,,CRiiOZ,198342042182,DSR127,Trust,,USLZJ2405591,CRiiOZ,Spotify,"August 2024",IND,Streaming,Single,Sale,1,0.000711000000
AUG-24,"DirtySnatcha Records",Scorpion,,Torcha,198342501160,DSR0057A,Scorpion,,GBRKQ2202745,Torcha,"YouTube Streaming","August 2024",UKR,Streaming,"Art Track",Sale,1,0.000711000000
AUG-24,"DirtySnatcha Records",WTF,,"BBX, Sloth",198342356135,DSR131,WTF,,GBRKQ2471312,"BBX, Sloth","YouTube Content ID","August 2024",USA,UGC,"Sound Recording",Sale,3,0.000712000000
AUG-24,"DirtySnatcha Records",FLATLINE,,GOMPERZ,197999449672,DSR111,FLATLINE,,QZZ8B2311175,GOMPERZ,iTunes,"August 2024",USA,Download,Single,Sale,1,0.000715000000
AUG-24,"DirtySnatcha Records",Icepick,,Barooka,197999892782,DSR117,Icepick,,QZ5FN2445564,Barooka,iTunes,"August 2024",USA,Download,Single,Sale,1,0.000715000000
AUG-24,"DirtySnatcha Records","Genie In a Bottle",,"DirtySnatcha, Luci",198342437506,DSR132,"Genie In a Bottle",,GBWUL2407705,"DirtySnatcha, Luci",iTunes,"August 2024",USA,Download,Single,Sale,1,0.000715000000
AUG-24,"DirtySnatcha Records",Tartarus,,CRiiOZ,198342042182,DSR127,"In The Walls",,USLZJ2405562,CRiiOZ,Spotify,"August 2024",LKA,Streaming,Single,Sale,2,0.000716000000
AUG-24,"DirtySnatcha Records",Game,,"Sloth, CHACKK",197999855442,DSR116,Game,,QZ5FN2416543,"Sloth, CHACKK",Spotify,"August 2024",ESP,Streaming,Single,Sale,3,0.000716000000
AUG-24,"DirtySnatcha Records","Giving Up VIP",,"CHRMNDRS, SEEING\\DOUBLE",198342492154,DSR0044A,"Giving Up VIP",,GBWUL2158623,"CHRMNDRS, SEEING\\DOUBLE",Spotify,"August 2024",ESP,Streaming,Single,Sale,3,0.000716000000
AUG-24,"DirtySnatcha Records","Genie In a Bottle",,"DirtySnatcha, Luci",198342437506,DSR132,"Genie In a Bottle",,GBWUL2407705,"DirtySnatcha, Luci","Facebook / Instagram","July 2024",USA,Streaming,"Audio Library: Consumption",Sale,29,0.000723000000
AUG-24,"DirtySnatcha Records",Game,,"Sloth, CHACKK",197999855442,DSR116,Game,,QZ5FN2416543,"Sloth, CHACKK",Spotify,"August 2024",FRA,Streaming,Single,Sale,2,0.000725000000
AUG-24,"DirtySnatcha Records",Radioactivity,,"In Orbit Dubz",198342500118,DSR0053A,Radioactivity,,USLZJ2286474,"In Orbit Dubz",Spotify,"August 2024",FRA,Streaming,Single,Sale,2,0.000725000000
AUG-24,"DirtySnatcha Records",WTF,,"BBX, Sloth",198342356135,DSR131,WTF,,GBRKQ2471312,"BBX, Sloth",Spotify,"August 2024",MYS,Streaming,Single,Sale,1,0.000729000000
AUG-24,"DirtySnatcha Records","Giving Up VIP",,"CHRMNDRS, SEEING\\DOUBLE",198342492154,DSR0044A,"Giving Up VIP",,GBWUL2158623,"CHRMNDRS, SEEING\\DOUBLE",Spotify,"August 2024",ARG,Streaming,Single,Sale,2,0.000732000000
AUG-24,"DirtySnatcha Records","Round 2",,"Nekz, Meechie Murda",197999919441,DSR121,"Round 2",,QZ5FN2445592,"Nekz, Meechie Murda",Spotify,"August 2024",MEX,Streaming,Single,Sale,1,0.000734000000
AUG-24,"DirtySnatcha Records",Whoa,,"KirbyBright, Devious",198342485866,DSR133,Whoa,,GBWUL2431903,"KirbyBright, Devious",Spotify,"August 2024",MEX,Streaming,Single,Sale,1,0.000734000000
AUG-24,"DirtySnatcha Records",Destroy,,"In Orbit Dubz, DSTRTN",198342501504,DSR0079A,Destroy,,QZWDD2257331,"In Orbit Dubz, DSTRTN",Spotify,"August 2024",MEX,Streaming,Single,Sale,1,0.000734000000
AUG-24,"DirtySnatcha Records",PTSD,,SHOCKZ,198342479049,DSR0028A,PTSD,,USLZJ2069504,SHOCKZ,Spotify,"August 2024",MEX,Streaming,Single,Sale,1,0.000734000000
AUG-24,"DirtySnatcha Records","Out Of Service",,"Autokorekt, ChemDawg",198342492215,DSR0046A,"Out Of Service",,GBWUL2192863,"Autokorekt, ChemDawg, Versace",Spotify,"August 2024",TUR,Streaming,Single,Sale,1,0.000741000000
AUG-24,"DirtySnatcha Records","Fog Horn",,DENNETT,198342502969,DSR0074A,"Fog Horn",,QZTRX2237730,DENNETT,Spotify,"August 2024",TUR,Streaming,Single,Sale,1,0.000741000000
AUG-24,"DirtySnatcha Records","Riddim Gang",,"Megahurtz, Alienpark",198342478288,DSR0020A,"Riddim Gang",,QZ5FN2074245,"Megahurtz, Alienpark","YouTube Content ID","August 2024",TUR,UGC,"Sound Recording",Sale,3,0.000743000000
AUG-24,"DirtySnatcha Records",Tartarus,,CRiiOZ,198342042182,DSR127,"In The Walls",,USLZJ2405562,CRiiOZ,Spotify,"August 2024",TUR,Streaming,Single,Sale,1,0.000746000000
AUG-24,"DirtySnatcha Records",Bloodthirsty,,Howker,198342475331,DSR0004A,Bloodthirsty,,GBWUL1958037,Howker,Spotify,"August 2024",ARG,Streaming,Single,Sale,1,0.000751000000
AUG-24,"DirtySnatcha Records",Tartarus,,CRiiOZ,198342042182,DSR127,"In The Walls",,USLZJ2405562,CRiiOZ,Spotify,"August 2024",TUR,Streaming,Single,Sale,2,0.000752000000
AUG-24,"DirtySnatcha Records","Back Rooms",,"In Orbit Dubz",198342498644,DSR0077A,"Back Rooms",,QZWDD2257316,"In Orbit Dubz","Amazon Ad Supported","August 2024",CAN,Streaming,Single,Sale,1,0.000757000000
AUG-24,"DirtySnatcha Records","Keep Moving","Aelius, Voyager, Wilco Beats Remix",DirtySnatcha,198342499863,DSR0083A,"Keep Moving","Aelius, Voyager, Wilco Beats Remix",QZWDD2263373,"DirtySnatcha, Aelius, Voyager, Wilco Beats",Spotify,"August 2024",NLD,Streaming,Single,Sale,1,0.000762000000
AUG-24,"DirtySnatcha Records",Rudeboy,,"Seeing Double, Kryture",198342476352,DSR0007A,Rudeboy,,GBWUL2045907,"Seeing Double, Kryture",Spotify,"August 2024",BRA,Streaming,Single,Sale,6,0.000762000000
AUG-24,"DirtySnatcha Records",Tartarus,,CRiiOZ,198342042182,DSR127,Psycho,,USLZJ2405590,"CRiiOZ, DSTRTN",Spotify,"August 2024",CZE,Streaming,Single,Sale,6,0.000763000000
AUG-24,"DirtySnatcha Records",Assertion,,Aalioura,198342502129,DSR0076A,Assertion,,QZWDD2238845,Aalioura,Spotify,"August 2024",IND,Streaming,Single,Sale,3,0.000765000000
AUG-24,"DirtySnatcha Records","Run It Up",,"CHRMNDRS, Future Exit",198342476673,DSR0010A,"Run It Up",,GBWUL2081365,"CHRMNDRS, Future Exit",Spotify,"August 2024",VNM,Streaming,Single,Sale,1,0.000765000000
AUG-24,"DirtySnatcha Records",Tartarus,,CRiiOZ,198342042182,DSR127,Psycho,,USLZJ2405590,"CRiiOZ, DSTRTN",Spotify,"August 2024",IND,Streaming,Single,Sale,3,0.000765000000
AUG-24,"DirtySnatcha Records","Giving Up VIP",,"CHRMNDRS, SEEING\\DOUBLE",198342492154,DSR0044A,"Giving Up VIP",,GBWUL2158623,"CHRMNDRS, SEEING\\DOUBLE",Spotify,"August 2024",ARG,Streaming,Single,Sale,1,0.000776000000
AUG-24,"DirtySnatcha Records","Spectre Season",,Artifact,198342479643,DSR0101A,"Spectre Season",,QZWDD2336449,Artifact,Spotify,"August 2024",ARG,Streaming,Single,Sale,1,0.000776000000
AUG-24,"DirtySnatcha Records","Take A Trip","DirtySnatcha Remix","HEXED, Labs",198342492369,DSR0086A,"Take A Trip","DirtySnatcha Remix",QZ5FN2303924,"HEXED, Labs, DirtySnatcha",Spotify,"August 2024",ARG,Streaming,Single,Sale,1,0.000776000000
AUG-24,"DirtySnatcha Records",Nightmare,,"In Orbit Dubz",198342501320,DSR0080A,Nightmare,,QZWDD2257336,"In Orbit Dubz",Spotify,"August 2024",ARG,Streaming,Single,Sale,1,0.000776000000
AUG-24,"DirtySnatcha Records","Genie In a Bottle",,"DirtySnatcha, Luci",198342437506,DSR132,"Genie In a Bottle",,GBWUL2407705,"DirtySnatcha, Luci","Apple DJ Mixes","August 2024",USA,Streaming,Single,Sale,2,0.000778000000
AUG-24,"DirtySnatcha Records","Genie In a Bottle",,"DirtySnatcha, Luci",198342437506,DSR132,"Genie In a Bottle",,GBWUL2407705,"DirtySnatcha, Luci","Facebook / Instagram","July 2024",TUR,Streaming,"Audio Library: Production",Sale,1,0.000780000000
AUG-24,"DirtySnatcha Records","Fog Horn",,DENNETT,198342502969,DSR0074A,"Fog Horn",,QZTRX2237730,DENNETT,Spotify,"August 2024",CHL,Streaming,Single,Sale,1,0.000781000000
AUG-24,"DirtySnatcha Records",Tartarus,,CRiiOZ,198342042182,DSR127,Psycho,,USLZJ2405590,"CRiiOZ, DSTRTN",Spotify,"August 2024",MEX,Streaming,Single,Sale,1,0.000781000000
AUG-24,"DirtySnatcha Records",Tartarus,,CRiiOZ,198342042182,DSR127,Psycho,,USLZJ2405590,"CRiiOZ, DSTRTN",Spotify,"August 2024",TUR,Streaming,Single,Sale,1,0.000783000000
AUG-24,"DirtySnatcha Records",Assertion,,Aalioura,198342502129,DSR0076A,Assertion,,QZWDD2238845,Aalioura,Spotify,"August 2024",GRC,Streaming,Single,Sale,20,0.000786000000
AUG-24,"DirtySnatcha Records",Tartarus,,CRiiOZ,198342042182,DSR127,Psycho,,USLZJ2405590,"CRiiOZ, DSTRTN",Spotify,"August 2024",USA,Streaming,Single,Sale,1,0.000787000000
AUG-24,"DirtySnatcha Records","Genie In a Bottle",,"DirtySnatcha, Luci",198342437506,DSR132,"Genie In a Bottle",,GBWUL2407705,"DirtySnatcha, Luci",Spotify,"August 2024",IDN,Streaming,Single,Sale,2,0.000795000000
AUG-24,"DirtySnatcha Records",Shook,,BBX,198342479957,DSR0094A,Shook,,QZTV32366682,BBX,Spotify,"August 2024",MAR,Streaming,Single,Sale,1,0.000796000000
AUG-24,"DirtySnatcha Records","GO MAD",,"DSTRTN, CRiiOZ",198342500286,DSR0056A,"GO MAD",,USLZJ2297741,"DSTRTN, CRiiOZ",Spotify,"August 2024",PER,Streaming,Single,Sale,1,0.000804000000
AUG-24,"DirtySnatcha Records",Tartarus,,CRiiOZ,198342042182,DSR127,Psycho,,USLZJ2405590,"CRiiOZ, DSTRTN",Spotify,"August 2024",PER,Streaming,Single,Sale,1,0.000804000000
AUG-24,"DirtySnatcha Records",Whoa,,"KirbyBright, Devious",198342485866,DSR133,Whoa,,GBWUL2431903,"KirbyBright, Devious","YouTube Streaming","August 2024",NZL,Streaming,"Art Track",Sale,1,0.000814000000
AUG-24,"DirtySnatcha Records",Nightmare,,"In Orbit Dubz",198342501320,DSR0080A,Nightmare,,QZWDD2257336,"In Orbit Dubz",Spotify,"August 2024",GTM,Streaming,Single,Sale,1,0.000815000000
AUG-24,"DirtySnatcha Records","Keep Moving","Audigy Remix",DirtySnatcha,197999143198,DSR0104,"Keep Moving","Audigy Remix",QZWV32320452,"DirtySnatcha, Audigy",Spotify,"August 2024",TWN,Streaming,Single,Sale,1,0.000816000000
AUG-24,"DirtySnatcha Records",Tartarus,,CRiiOZ,198342042182,DSR127,Psycho,,USLZJ2405590,"CRiiOZ, DSTRTN",Spotify,"August 2024",TWN,Streaming,Single,Sale,1,0.000816000000
AUG-24,"DirtySnatcha Records",Scorpion,,Torcha,198342501160,DSR0057A,Scorpion,,GBRKQ2202745,Torcha,Spotify,"August 2024",TWN,Streaming,Single,Sale,1,0.000816000000
AUG-24,"DirtySnatcha Records","Genie In a Bottle",,"DirtySnatcha, Luci",198342437506,DSR132,"Genie In a Bottle",,GBWUL2407705,"DirtySnatcha, Luci","YouTube Content ID","August 2024",AUS,UGC,"Sound Recording",Sale,7,0.000820000000
AUG-24,"DirtySnatcha Records",Tartarus,,CRiiOZ,198342042182,DSR127,Psycho,,USLZJ2405590,"CRiiOZ, DSTRTN",Spotify,"August 2024",IDN,Streaming,Single,Sale,2,0.000821000000
AUG-24,"DirtySnatcha Records","Genie In a Bottle",,"DirtySnatcha, Luci",198342437506,DSR132,"Genie In a Bottle",,GBWUL2407705,"DirtySnatcha, Luci",Spotify,"August 2024",SAU,Streaming,Single,Sale,1,0.000825000000
AUG-24,"DirtySnatcha Records","Acting Out",,"Megahurtz, Blue",198342479070,DSR0029A,"Acting Out",,USLZJ2069505,"Megahurtz, Blue, Rico Act",Spotify,"August 2024",SAU,Streaming,Single,Sale,1,0.000825000000
AUG-24,"DirtySnatcha Records",Whoa,,"KirbyBright, Devious",198342485866,DSR133,Whoa,,GBWUL2431903,"KirbyBright, Devious","Facebook / Instagram - Revenue Share","July 2024",USA,Streaming,"Audio Library: Consumption",Sale,58,0.000830000000
AUG-24,"DirtySnatcha Records",Hypnotize,,"In Orbit Dubz",197999477019,DSR113,Hypnotize,,QZZ8B2327916,"In Orbit Dubz",Spotify,"August 2024",PHL,Streaming,Single,Sale,1,0.000830000000
AUG-24,"DirtySnatcha Records",WTF,,"BBX, Sloth",198342356135,DSR131,WTF,,GBRKQ2471312,"BBX, Sloth",Spotify,"August 2024",IDN,Streaming,Single,Sale,1,0.000831000000
AUG-24,"DirtySnatcha Records",WTF,,"BBX, Sloth",198342356135,DSR131,WTF,,GBRKQ2471312,"BBX, Sloth",Spotify,"August 2024",VEN,Streaming,Single,Sale,1,0.000836000000
AUG-24,"DirtySnatcha Records",WTF,,"BBX, Sloth",198342356135,DSR131,WTF,,GBRKQ2471312,"BBX, Sloth",Spotify,"August 2024",VEN,Streaming,Single,Sale,2,0.000836000000
AUG-24,"DirtySnatcha Records",Nightmare,,"In Orbit Dubz",198342501320,DSR0080A,Nightmare,,QZWDD2257336,"In Orbit Dubz",Spotify,"August 2024",VEN,Streaming,Single,Sale,2,0.000836000000
AUG-24,"DirtySnatcha Records",Tartarus,,CRiiOZ,198342042182,DSR127,Psycho,,USLZJ2405590,"CRiiOZ, DSTRTN",Spotify,"August 2024",VEN,Streaming,Single,Sale,1,0.000836000000
AUG-24,"DirtySnatcha Records","Run It Up",,"CHRMNDRS, Future Exit",198342476673,DSR0010A,"Run It Up",,GBWUL2081365,"CHRMNDRS, Future Exit",Spotify,"August 2024",GTM,Streaming,Single,Sale,1,0.000838000000
AUG-24,"DirtySnatcha Records","Keep Moving","Audigy Remix",DirtySnatcha,197999143198,DSR0104,"Keep Moving","Audigy Remix",QZWV32320452,"DirtySnatcha, Audigy",Spotify,"August 2024",PHL,Streaming,Single,Sale,2,0.000846000000
AUG-24,"DirtySnatcha Records",Tartarus,,CRiiOZ,198342042182,DSR127,Trust,,USLZJ2405591,CRiiOZ,Spotify,"August 2024",ZAF,Streaming,Single,Sale,1,0.000853000000
AUG-24,"DirtySnatcha Records",Apparition,,CVLVALRI,198342507926,DSR0063A,Apparition,,GBRKQ2204805,CVLVALRI,Spotify,"August 2024",ZAF,Streaming,Single,Sale,1,0.000853000000
AUG-24,"DirtySnatcha Records",Hypnotize,,"In Orbit Dubz",197999477019,DSR113,Hypnotize,,QZZ8B2327916,"In Orbit Dubz",Spotify,"August 2024",ZAF,Streaming,Single,Sale,1,0.000853000000
AUG-24,"DirtySnatcha Records",Tartarus,,CRiiOZ,198342042182,DSR127,Psycho,,USLZJ2405590,"CRiiOZ, DSTRTN",Spotify,"August 2024",ZAF,Streaming,Single,Sale,1,0.000853000000
AUG-24,"DirtySnatcha Records",Radioactivity,,"In Orbit Dubz",198342500118,DSR0053A,Radioactivity,,USLZJ2286474,"In Orbit Dubz",Spotify,"August 2024",ZAF,Streaming,Single,Sale,1,0.000853000000
AUG-24,"DirtySnatcha Records",Bloodthirsty,,Howker,198342475331,DSR0004A,Bloodthirsty,,GBWUL1958037,Howker,Spotify,"August 2024",ZAF,Streaming,Single,Sale,1,0.000853000000
AUG-24,"DirtySnatcha Records","Giving Up VIP",,"CHRMNDRS, SEEING\\DOUBLE",198342492154,DSR0044A,"Giving Up VIP",,GBWUL2158623,"CHRMNDRS, SEEING\\DOUBLE",Spotify,"August 2024",ZAF,Streaming,Single,Sale,1,0.000853000000
AUG-24,"DirtySnatcha Records",Scorpion,,Torcha,198342501160,DSR0057A,Scorpion,,GBRKQ2202745,Torcha,Spotify,"August 2024",ZAF,Streaming,Single,Sale,1,0.000853000000
AUG-24,"DirtySnatcha Records","Spectre Season",,Artifact,198342479643,DSR0101A,"Spectre Season",,QZWDD2336449,Artifact,Spotify,"August 2024",ZAF,Streaming,Single,Sale,1,0.000853000000
AUG-24,"DirtySnatcha Records","Loose It","BOU$HY Remix","Eazley, Autokorekt",198342491560,DSR0039A,"Loose It","BOU$HY Remix",GBRKQ2109631,"Eazley, Autokorekt, BOU$HY",Spotify,"August 2024",ZAF,Streaming,Single,Sale,1,0.000853000000
AUG-24,"DirtySnatcha Records","Eight Six",,BBX,198342480014,DSR0092A,"Eight Six",,QZTV32366095,BBX,"YouTube Streaming","August 2024",CHL,Streaming,"Art Track",Sale,1,0.000857000000
AUG-24,"DirtySnatcha Records",Hypnotize,,"In Orbit Dubz",197999477019,DSR113,Hypnotize,,QZZ8B2327916,"In Orbit Dubz",Spotify,"August 2024",MEX,Streaming,Single,Sale,1,0.000862000000
AUG-24,"DirtySnatcha Records","Back Rooms",,"In Orbit Dubz",198342498644,DSR0077A,"Back Rooms",,QZWDD2257316,"In Orbit Dubz",Spotify,"August 2024",MEX,Streaming,Single,Sale,1,0.000862000000
AUG-24,"DirtySnatcha Records",Tartarus,,CRiiOZ,198342042182,DSR127,"Let Go",,USLZJ2405592,CRiiOZ,Spotify,"August 2024",MEX,Streaming,Single,Sale,1,0.000862000000
AUG-24,"DirtySnatcha Records","Genie In a Bottle",,"DirtySnatcha, Luci",198342437506,DSR132,"Genie In a Bottle",,GBWUL2407705,"DirtySnatcha, Luci","Apple DJ Mixes","August 2024",GBR,Streaming,Single,Sale,1,0.000865000000
AUG-24,"DirtySnatcha Records","Operator Error",,"Big City",198342036334,DSR125,"Weed Spot",,USLZJ2403314,"Big City",Spotify,"August 2024",PHL,Streaming,Single,Sale,1,0.000872000000
AUG-24,"DirtySnatcha Records",Tartarus,,CRiiOZ,198342042182,DSR127,"In The Walls",,USLZJ2405562,CRiiOZ,Spotify,"August 2024",GTM,Streaming,Single,Sale,1,0.000874000000
AUG-24,"DirtySnatcha Records","GO MAD",,"DSTRTN, CRiiOZ",198342500286,DSR0056A,"GO MAD",,USLZJ2297741,"DSTRTN, CRiiOZ",Spotify,"August 2024",EGY,Streaming,Single,Sale,2,0.000880000000
AUG-24,"DirtySnatcha Records","Eight Six",,BBX,198342480014,DSR0092A,"Eight Six",,QZTV32366095,BBX,Snap,"August 2024",TUR,Streaming,"User Generated Content",Sale,2,0.000881000000
AUG-24,"DirtySnatcha Records","Wasting Time With You",,Ennaut,198342816899,DSR135,"Wasting Time With You",,QZTV32404283,Ennaut,NetEase,"July 2024",CHN,Streaming,Single,Sale,6,0.000899000000
AUG-24,"DirtySnatcha Records",Dimension,,"In Orbit Dubz, Nein Lives",198342496138,DSR0051A,Dimension,,QZ5FN2266737,"In Orbit Dubz, Nein Lives",Spotify,"August 2024",BRA,Streaming,Single,Sale,1,0.000900000000
AUG-24,"DirtySnatcha Records","Black & Gold",,BBX,198342479988,DSR0093A,"Black & Gold",,QZTV32366677,BBX,Spotify,"August 2024",BRA,Streaming,Single,Sale,1,0.000900000000
AUG-24,"DirtySnatcha Records",Hypnotize,,"In Orbit Dubz",197999477019,DSR113,Hypnotize,,QZZ8B2327916,"In Orbit Dubz",Spotify,"August 2024",BRA,Streaming,Single,Sale,1,0.000900000000
AUG-24,"DirtySnatcha Records",Apparition,,CVLVALRI,198342507926,DSR0063A,Apparition,,GBRKQ2204805,CVLVALRI,Spotify,"August 2024",BRA,Streaming,Single,Sale,1,0.000900000000
AUG-24,"DirtySnatcha Records","Loose It",,"Eazley, Autokorekt",198342478653,DSR0023A,"Loose It",,QZ5FN2097747,"Eazley, Autokorekt",Spotify,"August 2024",BRA,Streaming,Single,Sale,1,0.000900000000
AUG-24,"DirtySnatcha Records",Riptide,,"David Vance, Blue",198342508046,DSR0064A,Riptide,,GBRKQ2211179,"David Vance, Blue",Spotify,"August 2024",BRA,Streaming,Single,Sale,1,0.000900000000
AUG-24,"DirtySnatcha Records",WTF,,"BBX, Sloth",198342356135,DSR131,WTF,,GBRKQ2471312,"BBX, Sloth",Spotify,"August 2024",ECU,Streaming,Single,Sale,1,0.000904000000
AUG-24,"DirtySnatcha Records","Black & Gold",,BBX,198342479889,DSR0096A,"Eight Six",,QZTV32366095,BBX,Spotify,"August 2024",ECU,Streaming,Single,Sale,1,0.000904000000
AUG-24,"DirtySnatcha Records","GO MAD",,"DSTRTN, CRiiOZ",198342500286,DSR0056A,"GO MAD",,USLZJ2297741,"DSTRTN, CRiiOZ",Spotify,"August 2024",ECU,Streaming,Single,Sale,1,0.000904000000
AUG-24,"DirtySnatcha Records",WTF,,"BBX, Sloth",198342356135,DSR131,WTF,,GBRKQ2471312,"BBX, Sloth",Spotify,"August 2024",PHL,Streaming,Single,Sale,21,0.000906000000
AUG-24,"DirtySnatcha Records",Tartarus,,CRiiOZ,198342042182,DSR127,Psycho,,USLZJ2405590,"CRiiOZ, DSTRTN",Spotify,"August 2024",CHL,Streaming,Single,Sale,13,0.000908000000
AUG-24,"DirtySnatcha Records","Eight Six",,BBX,198342480014,DSR0092A,"Eight Six",,QZTV32366095,BBX,Spotify,"August 2024",DEU,Streaming,Single,Sale,1,0.000910000000
AUG-24,"DirtySnatcha Records","Genie In a Bottle",,"DirtySnatcha, Luci",198342437506,DSR132,"Genie In a Bottle",,GBWUL2407705,"DirtySnatcha, Luci","Amazon Ad Supported","August 2024",DEU,Streaming,Single,Sale,1,0.000910000000
AUG-24,"DirtySnatcha Records",WTF,,"BBX, Sloth",198342356135,DSR131,WTF,,GBRKQ2471312,"BBX, Sloth",Spotify,"August 2024",PRY,Streaming,Single,Sale,1,0.000912000000
AUG-24,"DirtySnatcha Records",WTF,,"BBX, Sloth",198342356135,DSR131,WTF,,GBRKQ2471312,"BBX, Sloth",Spotify,"August 2024",PRY,Streaming,Single,Sale,2,0.000913000000
AUG-24,"DirtySnatcha Records",Rudeboy,,"Seeing Double, Kryture",198342476352,DSR0007A,Rudeboy,,GBWUL2045907,"Seeing Double, Kryture",Spotify,"August 2024",PRY,Streaming,Single,Sale,2,0.000913000000
AUG-24,"DirtySnatcha Records","Eight Six",,BBX,198342480014,DSR0092A,"Eight Six",,QZTV32366095,BBX,Spotify,"August 2024",IND,Streaming,Single,Sale,2,0.000915000000
AUG-24,"DirtySnatcha Records",Dimension,,"In Orbit Dubz, Nein Lives",198342496138,DSR0051A,Dimension,,QZ5FN2266737,"In Orbit Dubz, Nein Lives",Spotify,"August 2024",IND,Streaming,Single,Sale,2,0.000915000000
AUG-24,"DirtySnatcha Records",Tartarus,,CRiiOZ,198342042182,DSR127,Psycho,,USLZJ2405590,"CRiiOZ, DSTRTN",Spotify,"August 2024",IND,Streaming,Single,Sale,2,0.000915000000
AUG-24,"DirtySnatcha Records","Fog Horn",,DENNETT,198342502969,DSR0074A,"Fog Horn",,QZTRX2237730,DENNETT,Spotify,"August 2024",NIC,Streaming,Single,Sale,1,0.000918000000
AUG-24,"DirtySnatcha Records",WTF,,"BBX, Sloth",198342356135,DSR131,WTF,,GBRKQ2471312,"BBX, Sloth","Facebook / Instagram","July 2024",USA,Streaming,"Audio Library: Consumption",Sale,37,0.000923000000
AUG-24,"DirtySnatcha Records",Nightmare,,"In Orbit Dubz",198342501320,DSR0080A,Nightmare,,QZWDD2257336,"In Orbit Dubz",Spotify,"August 2024",IDN,Streaming,Single,Sale,1,0.000939000000
AUG-24,"DirtySnatcha Records",LIGMA,,"BBX, Jonomatic, Geeku",198342492208,DSR0045A,LIGMA,,GBWUL2171015,"BBX, Jonomatic, Geeku","YouTube Streaming","August 2024",POL,Streaming,"Art Track",Sale,1,0.000944000000
AUG-24,"DirtySnatcha Records","Genie In a Bottle",,"DirtySnatcha, Luci",198342437506,DSR132,"Genie In a Bottle",,GBWUL2407705,"DirtySnatcha, Luci","Apple DJ Mixes","August 2024",USA,Streaming,Single,Sale,1,0.000949000000
AUG-24,"DirtySnatcha Records","Genie In a Bottle",,"DirtySnatcha, Luci",198342437506,DSR132,"Genie In a Bottle",,GBWUL2407705,"DirtySnatcha, Luci","Facebook / Instagram","June 2024",IND,Streaming,"Audio Library",Sale,1,0.000953000000
AUG-24,"DirtySnatcha Records","GO MAD",,"DSTRTN, CRiiOZ",198342500286,DSR0056A,"GO MAD",,USLZJ2297741,"DSTRTN, CRiiOZ",Spotify,"August 2024",ESP,Streaming,Single,Sale,4,0.000954000000
AUG-24,"DirtySnatcha Records","Round 2",,"Nekz, Meechie Murda",197999919441,DSR121,"Round 2",,QZ5FN2445592,"Nekz, Meechie Murda",Spotify,"August 2024",ITA,Streaming,Single,Sale,3,0.000956000000
AUG-24,"DirtySnatcha Records","Eight Six",,BBX,198342480014,DSR0092A,"Eight Six",,QZTV32366095,BBX,Spotify,"August 2024",SLV,Streaming,Single,Sale,1,0.000959000000
AUG-24,"DirtySnatcha Records","Take A Trip","DirtySnatcha Remix","HEXED, Labs",198342492369,DSR0086A,"Take A Trip","DirtySnatcha Remix",QZ5FN2303924,"HEXED, Labs, DirtySnatcha",Spotify,"August 2024",UKR,Streaming,Single,Sale,1,0.000973000000
AUG-24,"DirtySnatcha Records",WTF,,"BBX, Sloth",198342356135,DSR131,WTF,,GBRKQ2471312,"BBX, Sloth",Spotify,"August 2024",IND,Streaming,Single,Sale,1,0.000976000000
AUG-24,"DirtySnatcha Records","Genie In a Bottle",,"DirtySnatcha, Luci",198342437506,DSR132,"Genie In a Bottle",,GBWUL2407705,"DirtySnatcha, Luci","Apple DJ Mixes","August 2024",DEU,Streaming,Single,Sale,1,0.000981000000
AUG-24,"DirtySnatcha Records","GO MAD",,"DSTRTN, CRiiOZ",198342500286,DSR0056A,"GO MAD",,USLZJ2297741,"DSTRTN, CRiiOZ",Spotify,"August 2024",CHE,Streaming,Single,Sale,2,0.000984000000
AUG-24,"DirtySnatcha Records","Genie In a Bottle",,"DirtySnatcha, Luci",198342437506,DSR132,"Genie In a Bottle",,GBWUL2407705,"DirtySnatcha, Luci",Spotify,"August 2024",ARG,Streaming,Single,Sale,1,0.000989000000
AUG-24,"DirtySnatcha Records","Fuck It Up",,"In Orbit Dubz",198342501825,DSR0078A,"Fuck It Up",,QZWDD2257318,"In Orbit Dubz","Amazon Prime","August 2024",ITA,Streaming,Single,Sale,1,0.001000000000
AUG-24,"DirtySnatcha Records",WTF,,"BBX, Sloth",198342356135,DSR131,WTF,,GBRKQ2471312,"BBX, Sloth",Spotify,"August 2024",SRB,Streaming,Single,Sale,1,0.001007000000
AUG-24,"DirtySnatcha Records","High On Life",,Autokorekt,198342479759,DSR0098A,"High On Life",,QZTV32368009,"Autokorekt, Ashclappem",Spotify,"August 2024",POL,Streaming,Single,Sale,1,0.001008000000
AUG-24,"DirtySnatcha Records",Nightmare,,"In Orbit Dubz",198342501320,DSR0080A,Nightmare,,QZWDD2257336,"In Orbit Dubz",Spotify,"August 2024",POL,Streaming,Single,Sale,1,0.001008000000
AUG-24,"DirtySnatcha Records","Spectre Season",,Artifact,198342479643,DSR0101A,"Spectre Season",,QZWDD2336449,Artifact,Spotify,"August 2024",POL,Streaming,Single,Sale,1,0.001008000000
AUG-24,"DirtySnatcha Records","Eight Six",,BBX,198342480014,DSR0092A,"Eight Six",,QZTV32366095,BBX,Spotify,"August 2024",POL,Streaming,Single,Sale,1,0.001008000000
AUG-24,"DirtySnatcha Records","BIG UPS",,"RAZR, VASTIVE",198342478684,DSR0024A,"BIG UPS",,USLZJ2023938,"RAZR, VASTIVE",Spotify,"August 2024",POL,Streaming,Single,Sale,1,0.001008000000
AUG-24,"DirtySnatcha Records",WTF,,"BBX, Sloth",198342356135,DSR131,WTF,,GBRKQ2471312,"BBX, Sloth",Spotify,"August 2024",CZE,Streaming,Single,Sale,8,0.001018000000
AUG-24,"DirtySnatcha Records","GO MAD",,"DSTRTN, CRiiOZ",198342500286,DSR0056A,"GO MAD",,USLZJ2297741,"DSTRTN, CRiiOZ",Spotify,"August 2024",CAN,Streaming,Single,Sale,1,0.001024000000
AUG-24,"DirtySnatcha Records","Run It Up",,"CHRMNDRS, Future Exit",198342476673,DSR0010A,"Run It Up",,GBWUL2081365,"CHRMNDRS, Future Exit",Spotify,"August 2024",BRA,Streaming,Single,Sale,1,0.001027000000
AUG-24,"DirtySnatcha Records","Eight Six",,BBX,198342480014,DSR0092A,"Eight Six",,QZTV32366095,BBX,"YouTube Streaming","August 2024",ARG,Streaming,"Art Track",Sale,3,0.001044000000
AUG-24,"DirtySnatcha Records","Need U","Dobadlyy Remix","DirtySnatcha, Autokorekt",198342491317,DSR0033A,"Need U","Dobadlyy Remix",QZ5FN2114150,"DirtySnatcha, Autokorekt, Dobadlyy",Spotify,"August 2024",PER,Streaming,Single,Sale,1,0.001046000000
AUG-24,"DirtySnatcha Records","Genie In a Bottle",,"DirtySnatcha, Luci",198342437506,DSR132,"Genie In a Bottle",,GBWUL2407705,"DirtySnatcha, Luci","Facebook / Instagram - Revenue Share","July 2024",CAN,Streaming,"Audio Library: Consumption",Sale,179,0.001046000000
AUG-24,"DirtySnatcha Records",Tartarus,,CRiiOZ,198342042182,DSR127,"In The Walls",,USLZJ2405562,CRiiOZ,Spotify,"August 2024",BEL,Streaming,Single,Sale,2,0.001048000000
AUG-24,"DirtySnatcha Records",WTF,,"BBX, Sloth",198342356135,DSR131,WTF,,GBRKQ2471312,"BBX, Sloth",Spotify,"August 2024",SLV,Streaming,Single,Sale,26,0.001055000000
AUG-24,"DirtySnatcha Records",WTF,,"BBX, Sloth",198342356135,DSR131,WTF,,GBRKQ2471312,"BBX, Sloth",Spotify,"August 2024",BGR,Streaming,Single,Sale,1,0.001059000000
AUG-24,"DirtySnatcha Records",SASORI,,"BBX, Geeku",198342504765,DSR0068A,SASORI,,GBRKQ2245736,"BBX, Geeku",NetEase,"July 2024",CHN,Streaming,Single,Sale,1,0.001069000000
AUG-24,"DirtySnatcha Records","GO MAD",,"DSTRTN, CRiiOZ",198342500286,DSR0056A,"GO MAD",,USLZJ2297741,"DSTRTN, CRiiOZ",Spotify,"August 2024",COL,Streaming,Single,Sale,2,0.001074000000
AUG-24,"DirtySnatcha Records","Fuck It Up",,"In Orbit Dubz",198342501825,DSR0078A,"Fuck It Up",,QZWDD2257318,"In Orbit Dubz",Spotify,"August 2024",DOM,Streaming,Single,Sale,1,0.001074000000
AUG-24,"DirtySnatcha Records",WTF,,"BBX, Sloth",198342356135,DSR131,WTF,,GBRKQ2471312,"BBX, Sloth",Spotify,"August 2024",AUT,Streaming,Single,Sale,3,0.001074000000
AUG-24,"DirtySnatcha Records","Genie In a Bottle",,"DirtySnatcha, Luci",198342437506,DSR132,"Genie In a Bottle",,GBWUL2407705,"DirtySnatcha, Luci","Apple DJ Mixes","August 2024",CHN,Streaming,Single,Sale,3,0.001083000000
AUG-24,"DirtySnatcha Records","Eight Six",,BBX,198342480014,DSR0092A,"Eight Six",,QZTV32366095,BBX,"YouTube Streaming","August 2024",IND,Streaming,"Art Track",Sale,2,0.001087000000
AUG-24,"DirtySnatcha Records","Acting Out",,"Megahurtz, Blue",198342479070,DSR0029A,"Acting Out",,USLZJ2069505,"Megahurtz, Blue, Rico Act",Spotify,"August 2024",JPN,Streaming,Single,Sale,5,0.001097000000
AUG-24,"DirtySnatcha Records","Spectre Season",,Artifact,198342479643,DSR0101A,"Spectre Season",,QZWDD2336449,Artifact,Spotify,"August 2024",ARG,Streaming,Single,Sale,3,0.001098000000
AUG-24,"DirtySnatcha Records","Fog Horn",,DENNETT,198342502969,DSR0074A,"Fog Horn",,QZTRX2237730,DENNETT,Spotify,"August 2024",ARG,Streaming,Single,Sale,3,0.001098000000
AUG-24,"DirtySnatcha Records","All In",,TruFeelz,198342478707,DSR0021A,"All In",,QZ5FN2075138,TruFeelz,"Amazon Prime","August 2024",JPN,Streaming,Single,Sale,1,0.001102000000
AUG-24,"DirtySnatcha Records","Back Rooms",,"In Orbit Dubz",198342498644,DSR0077A,"Back Rooms",,QZWDD2257316,"In Orbit Dubz",Snap,"July 2024",SAU,Streaming,"User Generated Content",Sale,1,0.001103000000
AUG-24,"DirtySnatcha Records",WTF,,"BBX, Sloth",198342356135,DSR131,WTF,,GBRKQ2471312,"BBX, Sloth",Spotify,"August 2024",VNM,Streaming,Single,Sale,1,0.001104000000
AUG-24,"DirtySnatcha Records","Genie In a Bottle",,"DirtySnatcha, Luci",198342437506,DSR132,"Genie In a Bottle",,GBWUL2407705,"DirtySnatcha, Luci",Spotify,"August 2024",VNM,Streaming,Single,Sale,1,0.001104000000
AUG-24,"DirtySnatcha Records","GO MAD",,"DSTRTN, CRiiOZ",198342500286,DSR0056A,"GO MAD",,USLZJ2297741,"DSTRTN, CRiiOZ",Spotify,"August 2024",POL,Streaming,Single,Sale,1,0.001108000000
AUG-24,"DirtySnatcha Records","Genie In a Bottle",,"DirtySnatcha, Luci",198342437506,DSR132,"Genie In a Bottle",,GBWUL2407705,"DirtySnatcha, Luci",Spotify,"August 2024",ROM,Streaming,Single,Sale,1,0.001113000000
AUG-24,"DirtySnatcha Records","Genie In a Bottle",,"DirtySnatcha, Luci",198342437506,DSR132,"Genie In a Bottle",,GBWUL2407705,"DirtySnatcha, Luci",TIDAL,"July 2024",ARG,Streaming,Single,Sale,2,0.001125000000
AUG-24,"DirtySnatcha Records",Tartarus,,CRiiOZ,198342042182,DSR127,Psycho,,USLZJ2405590,"CRiiOZ, DSTRTN",Spotify,"August 2024",COL,Streaming,Single,Sale,1,0.001126000000
AUG-24,"DirtySnatcha Records",Game,,"Sloth, CHACKK",197999855442,DSR116,Game,,QZ5FN2416543,"Sloth, CHACKK",Spotify,"August 2024",ARG,Streaming,Single,Sale,1,0.001142000000
AUG-24,"DirtySnatcha Records","BIG UPS",,"RAZR, VASTIVE",198342478684,DSR0024A,"BIG UPS",,USLZJ2023938,"RAZR, VASTIVE",Spotify,"August 2024",BRA,Streaming,Single,Sale,9,0.001144000000
AUG-24,"DirtySnatcha Records",Hypnotize,,"In Orbit Dubz",197999477019,DSR113,Hypnotize,,QZZ8B2327916,"In Orbit Dubz","Apple Music","August 2024",RUS,Streaming,Single,Sale,1,0.001148000000
AUG-24,"DirtySnatcha Records","Round 2",,"Nekz, Meechie Murda",197999919441,DSR121,"Round 2",,QZ5FN2445592,"Nekz, Meechie Murda",TikTok,"June 2024",ARG,Streaming,"User Generated Content",Sale,1,0.001148000000
AUG-24,"DirtySnatcha Records","Genie In a Bottle",,"DirtySnatcha, Luci",198342437506,DSR132,"Genie In a Bottle",,GBWUL2407705,"DirtySnatcha, Luci",Spotify,"August 2024",PER,Streaming,Single,Sale,2,0.001159000000
AUG-24,"DirtySnatcha Records","Spectre Season",,Artifact,198342479643,DSR0101A,"Spectre Season",,QZWDD2336449,Artifact,Spotify,"August 2024",PER,Streaming,Single,Sale,2,0.001159000000
AUG-24,"DirtySnatcha Records","Power Transient",,Hexadrone,198342491300,DSR0032A,"Power Transient",,GBRKQ2053155,Hexadrone,"Apple Music","August 2024",IND,Streaming,Single,Sale,1,0.001160000000
AUG-24,"DirtySnatcha Records",WTF,,"BBX, Sloth",198342356135,DSR131,WTF,,GBRKQ2471312,"BBX, Sloth",Spotify,"August 2024",PER,Streaming,Single,Sale,1,0.001160000000
AUG-24,"DirtySnatcha Records",Tartarus,,CRiiOZ,198342042182,DSR127,"In The Walls",,USLZJ2405562,CRiiOZ,"Trebel Music","June 2024",MEX,Download,Single,Sale,1,0.001160000000
AUG-24,"DirtySnatcha Records",Nightmare,,"In Orbit Dubz",198342501320,DSR0080A,Nightmare,,QZWDD2257336,"In Orbit Dubz",Spotify,"August 2024",HUN,Streaming,Single,Sale,1,0.001169000000
AUG-24,"DirtySnatcha Records",WTF,,"BBX, Sloth",198342356135,DSR131,WTF,,GBRKQ2471312,"BBX, Sloth",Spotify,"August 2024",HUN,Streaming,Single,Sale,1,0.001169000000
AUG-24,"DirtySnatcha Records","Genie In a Bottle",,"DirtySnatcha, Luci",198342437506,DSR132,"Genie In a Bottle",,GBWUL2407705,"DirtySnatcha, Luci",Spotify,"August 2024",HUN,Streaming,Single,Sale,1,0.001169000000
AUG-24,"DirtySnatcha Records","Back Rooms",,"In Orbit Dubz",198342498644,DSR0077A,"Back Rooms",,QZWDD2257316,"In Orbit Dubz",Snap,"August 2024",SAU,Streaming,"User Generated Content",Sale,1,0.001182000000
AUG-24,"DirtySnatcha Records","Fuck It Up",,"In Orbit Dubz",198342501825,DSR0078A,"Fuck It Up",,QZWDD2257318,"In Orbit Dubz","YouTube Streaming","August 2024",MEX,Streaming,"Art Track",Sale,1,0.001187000000
AUG-24,"DirtySnatcha Records","Genie In a Bottle",,"DirtySnatcha, Luci",198342437506,DSR132,"Genie In a Bottle",,GBWUL2407705,"DirtySnatcha, Luci","YouTube Streaming","August 2024",MEX,Streaming,"Art Track",Sale,1,0.001187000000
AUG-24,"DirtySnatcha Records",WTF,,"BBX, Sloth",198342356135,DSR131,WTF,,GBRKQ2471312,"BBX, Sloth",Spotify,"August 2024",IDN,Streaming,Single,Sale,3,0.001193000000
AUG-24,"DirtySnatcha Records",Tartarus,,CRiiOZ,198342042182,DSR127,Trust,,USLZJ2405591,CRiiOZ,Spotify,"August 2024",ESP,Streaming,Single,Sale,5,0.001193000000
AUG-24,"DirtySnatcha Records",WTF,,"BBX, Sloth",198342356135,DSR131,WTF,,GBRKQ2471312,"BBX, Sloth",Spotify,"August 2024",HUN,Streaming,Single,Sale,16,0.001197000000
AUG-24,"DirtySnatcha Records","Genie In a Bottle",,"DirtySnatcha, Luci",198342437506,DSR132,"Genie In a Bottle",,GBWUL2407705,"DirtySnatcha, Luci","Apple DJ Mixes","August 2024",CAN,Streaming,Single,Sale,3,0.001197000000
AUG-24,"DirtySnatcha Records","Genie In a Bottle",,"DirtySnatcha, Luci",198342437506,DSR132,"Genie In a Bottle",,GBWUL2407705,"DirtySnatcha, Luci",Spotify,"August 2024",IND,Streaming,Single,Sale,1,0.001201000000
AUG-24,"DirtySnatcha Records",Assertion,,Aalioura,198342502129,DSR0076A,Assertion,,QZWDD2238845,Aalioura,Spotify,"August 2024",GBR,Streaming,Single,Sale,1,0.001202000000
AUG-24,"DirtySnatcha Records",Tartarus,,CRiiOZ,198342042182,DSR127,Psycho,,USLZJ2405590,"CRiiOZ, DSTRTN",Spotify,"August 2024",THA,Streaming,Single,Sale,1,0.001204000000
AUG-24,"DirtySnatcha Records",WTF,,"BBX, Sloth",198342356135,DSR131,WTF,,GBRKQ2471312,"BBX, Sloth",Spotify,"August 2024",DOM,Streaming,Single,Sale,1,0.001205000000
AUG-24,"DirtySnatcha Records","Round 2",,"Nekz, Meechie Murda",197999919441,DSR121,"Round 2",,QZ5FN2445592,"Nekz, Meechie Murda",Spotify,"August 2024",ARG,Streaming,Single,Sale,2,0.001208000000
AUG-24,"DirtySnatcha Records",Tartarus,,CRiiOZ,198342042182,DSR127,Psycho,,USLZJ2405590,"CRiiOZ, DSTRTN",Spotify,"August 2024",ARG,Streaming,Single,Sale,2,0.001208000000
AUG-24,"DirtySnatcha Records","All In",,TruFeelz,198342478707,DSR0021A,"All In",,QZ5FN2075138,TruFeelz,"YouTube Streaming","August 2024",CZE,Streaming,"Art Track",Sale,1,0.001210000000
AUG-24,"DirtySnatcha Records",Whoa,,"KirbyBright, Devious",198342485866,DSR133,Whoa,,GBWUL2431903,"KirbyBright, Devious","Facebook / Instagram - Revenue Share","July 2024",USA,Streaming,"Audio Library: Consumption",Sale,85,0.001216000000
AUG-24,"DirtySnatcha Records","Eight Six",,BBX,198342480014,DSR0092A,"Eight Six",,QZTV32366095,BBX,"YouTube Streaming","August 2024",ARG,Streaming,"Art Track",Sale,1,0.001216000000
AUG-24,"DirtySnatcha Records",Game,,"Sloth, CHACKK",197999855442,DSR116,Game,,QZ5FN2416543,"Sloth, CHACKK","Facebook / Instagram","July 2024",USA,Streaming,"Audio Library: Consumption",Sale,49,0.001223000000
AUG-24,"DirtySnatcha Records","Genie In a Bottle",,"DirtySnatcha, Luci",198342437506,DSR132,"Genie In a Bottle",,GBWUL2407705,"DirtySnatcha, Luci","Facebook / Instagram","July 2024",USA,Streaming,"Audio Library: Consumption",Sale,49,0.001223000000
AUG-24,"DirtySnatcha Records","GO MAD",,"DSTRTN, CRiiOZ",198342500286,DSR0056A,"GO MAD",,USLZJ2297741,"DSTRTN, CRiiOZ",Spotify,"August 2024",CRI,Streaming,Single,Sale,1,0.001233000000
AUG-24,"DirtySnatcha Records","Giving Up VIP",,"CHRMNDRS, SEEING\\DOUBLE",198342492154,DSR0044A,"Giving Up VIP",,GBWUL2158623,"CHRMNDRS, SEEING\\DOUBLE",Spotify,"August 2024",CRI,Streaming,Single,Sale,1,0.001233000000
AUG-24,"DirtySnatcha Records",Tartarus,,CRiiOZ,198342042182,DSR127,"In The Walls",,USLZJ2405562,CRiiOZ,Spotify,"August 2024",CRI,Streaming,Single,Sale,1,0.001233000000
AUG-24,"DirtySnatcha Records",WTF,,"BBX, Sloth",198342356135,DSR131,WTF,,GBRKQ2471312,"BBX, Sloth",Spotify,"August 2024",CRI,Streaming,Single,Sale,1,0.001233000000
AUG-24,"DirtySnatcha Records",Tartarus,,CRiiOZ,198342042182,DSR127,"Watch Out",,USLZJ2405588,CRiiOZ,Spotify,"August 2024",CRI,Streaming,Single,Sale,1,0.001233000000
AUG-24,"DirtySnatcha Records","Genie In a Bottle",,"DirtySnatcha, Luci",198342437506,DSR132,"Genie In a Bottle",,GBWUL2407705,"DirtySnatcha, Luci",Spotify,"August 2024",CRI,Streaming,Single,Sale,1,0.001233000000
AUG-24,"DirtySnatcha Records","Round 2",,"Nekz, Meechie Murda",197999919441,DSR121,"Round 2",,QZ5FN2445592,"Nekz, Meechie Murda",Spotify,"August 2024",LVA,Streaming,Single,Sale,1,0.001239000000
AUG-24,"DirtySnatcha Records",Bloodthirsty,,Howker,198342475331,DSR0004A,Bloodthirsty,,GBWUL1958037,Howker,Spotify,"August 2024",PER,Streaming,Single,Sale,1,0.001241000000
AUG-24,"DirtySnatcha Records",Hypnotize,,"In Orbit Dubz",197999477019,DSR113,Hypnotize,,QZZ8B2327916,"In Orbit Dubz",Spotify,"August 2024",PHL,Streaming,Single,Sale,3,0.001270000000
AUG-24,"DirtySnatcha Records","Genie In a Bottle",,"DirtySnatcha, Luci",198342437506,DSR132,"Genie In a Bottle",,GBWUL2407705,"DirtySnatcha, Luci",Spotify,"August 2024",BRA,Streaming,Single,Sale,10,0.001272000000
AUG-24,"DirtySnatcha Records",Tartarus,,CRiiOZ,198342042182,DSR127,Psycho,,USLZJ2405590,"CRiiOZ, DSTRTN",Spotify,"August 2024",MOZ,Streaming,Single,Sale,1,0.001272000000
AUG-24,"DirtySnatcha Records",Tartarus,,CRiiOZ,198342042182,DSR127,Trust,,USLZJ2405591,CRiiOZ,Spotify,"August 2024",ITA,Streaming,Single,Sale,4,0.001274000000
AUG-24,"DirtySnatcha Records",Tartarus,,CRiiOZ,198342042182,DSR127,"In The Walls",,USLZJ2405562,CRiiOZ,Spotify,"August 2024",IND,Streaming,Single,Sale,5,0.001274000000
AUG-24,"DirtySnatcha Records",WTF,,"BBX, Sloth",198342356135,DSR131,WTF,,GBRKQ2471312,"BBX, Sloth",Spotify,"August 2024",IND,Streaming,Single,Sale,5,0.001274000000
AUG-24,"DirtySnatcha Records",Tartarus,,CRiiOZ,198342042182,DSR127,"In The Walls",,USLZJ2405562,CRiiOZ,Spotify,"August 2024",MYS,Streaming,Single,Sale,1,0.001284000000
AUG-24,"DirtySnatcha Records",WTF,,"BBX, Sloth",198342356135,DSR131,WTF,,GBRKQ2471312,"BBX, Sloth",Spotify,"August 2024",UKR,Streaming,Single,Sale,2,0.001284000000
AUG-24,"DirtySnatcha Records",Tartarus,,CRiiOZ,198342042182,DSR127,"Let Go",,USLZJ2405592,CRiiOZ,"Apple Music","August 2024",RUS,Streaming,Single,Sale,1,0.001284000000
AUG-24,"DirtySnatcha Records","Riddim Gang",,"Megahurtz, Alienpark",198342478288,DSR0020A,"Riddim Gang",,QZ5FN2074245,"Megahurtz, Alienpark",Spotify,"August 2024",MYS,Streaming,Single,Sale,2,0.001285000000
AUG-24,"DirtySnatcha Records",WTF,,"BBX, Sloth",198342356135,DSR131,WTF,,GBRKQ2471312,"BBX, Sloth",Spotify,"August 2024",CAN,Streaming,Single,Sale,1,0.001285000000
AUG-24,"DirtySnatcha Records",Tartarus,,CRiiOZ,198342042182,DSR127,Psycho,,USLZJ2405590,"CRiiOZ, DSTRTN","Facebook / Instagram - Revenue Share","July 2024",USA,Streaming,"Audio Library: Consumption",Sale,90,0.001288000000
AUG-24,"DirtySnatcha Records","Back Rooms",,"In Orbit Dubz",198342498644,DSR0077A,"Back Rooms",,QZWDD2257316,"In Orbit Dubz",Snap,"July 2024",FRA,Streaming,"User Generated Content",Sale,1,0.001290000000
AUG-24,"DirtySnatcha Records","Black & Gold",,BBX,198342479889,DSR0096A,"Crushed Glass",,QZTV32366684,BBX,Spotify,"August 2024",IDN,Streaming,Single,Sale,1,0.001291000000
AUG-24,"DirtySnatcha Records","Eight Six",,BBX,198342480014,DSR0092A,"Eight Six",,QZTV32366095,BBX,Spotify,"August 2024",IDN,Streaming,Single,Sale,1,0.001291000000
AUG-24,"DirtySnatcha Records","Black & Gold",,BBX,198342479889,DSR0096A,"Black & Gold",,QZTV32366677,BBX,Spotify,"August 2024",IDN,Streaming,Single,Sale,1,0.001291000000
AUG-24,"DirtySnatcha Records","Crushed Glass",,BBX,198342479902,DSR0095A,"Crushed Glass",,QZTV32366684,BBX,Spotify,"August 2024",IDN,Streaming,Single,Sale,1,0.001291000000
AUG-24,"DirtySnatcha Records",Shook,,BBX,198342479957,DSR0094A,Shook,,QZTV32366682,BBX,Spotify,"August 2024",IDN,Streaming,Single,Sale,1,0.001291000000
AUG-24,"DirtySnatcha Records","Black & Gold",,BBX,198342479988,DSR0093A,"Black & Gold",,QZTV32366677,BBX,Spotify,"August 2024",IDN,Streaming,Single,Sale,1,0.001291000000
AUG-24,"DirtySnatcha Records","GO MAD",,"DSTRTN, CRiiOZ",198342500286,DSR0056A,"GO MAD",,USLZJ2297741,"DSTRTN, CRiiOZ",Spotify,"August 2024",ROM,Streaming,Single,Sale,1,0.001299000000
AUG-24,"DirtySnatcha Records","Genie In a Bottle",,"DirtySnatcha, Luci",198342437506,DSR132,"Genie In a Bottle",,GBWUL2407705,"DirtySnatcha, Luci","Facebook / Instagram - Revenue Share","July 2024",USA,Streaming,"Audio Library: Consumption",Sale,92,0.001316000000
AUG-24,"DirtySnatcha Records","Fight Time",,Megahurtz,198342492123,DSR0042A,"Fight Time",,GBRKQ2178616,Megahurtz,Snap,"July 2024",DEU,Streaming,"User Generated Content",Sale,1,0.001317000000
AUG-24,"DirtySnatcha Records","Genie In a Bottle",,"DirtySnatcha, Luci",198342437506,DSR132,"Genie In a Bottle",,GBWUL2407705,"DirtySnatcha, Luci","Apple Music","August 2024",TUR,Streaming,Single,Sale,1,0.001319000000
AUG-24,"DirtySnatcha Records",Nightmare,,"In Orbit Dubz",198342501320,DSR0080A,Nightmare,,QZWDD2257336,"In Orbit Dubz",Spotify,"August 2024",EGY,Streaming,Single,Sale,3,0.001320000000
AUG-24,"DirtySnatcha Records",WTF,,"BBX, Sloth",198342356135,DSR131,WTF,,GBRKQ2471312,"BBX, Sloth",Spotify,"August 2024",EGY,Streaming,Single,Sale,3,0.001320000000
AUG-24,"DirtySnatcha Records","Genie In a Bottle",,"DirtySnatcha, Luci",198342437506,DSR132,"Genie In a Bottle",,GBWUL2407705,"DirtySnatcha, Luci","Amazon Prime","August 2024",CAN,Streaming,Single,Sale,1,0.001323000000
AUG-24,"DirtySnatcha Records",WTF,,"BBX, Sloth",198342356135,DSR131,WTF,,GBRKQ2471312,"BBX, Sloth",Spotify,"August 2024",LBN,Streaming,Single,Sale,1,0.001324000000
AUG-24,"DirtySnatcha Records",Tartarus,,CRiiOZ,198342042182,DSR127,Psycho,,USLZJ2405590,"CRiiOZ, DSTRTN",Spotify,"August 2024",GRC,Streaming,Single,Sale,1,0.001335000000
AUG-24,"DirtySnatcha Records","Genie In a Bottle",,"DirtySnatcha, Luci",198342437506,DSR132,"Genie In a Bottle",,GBWUL2407705,"DirtySnatcha, Luci",Spotify,"August 2024",LTU,Streaming,Single,Sale,1,0.001347000000
AUG-24,"DirtySnatcha Records","Back Rooms",,"In Orbit Dubz",198342498644,DSR0077A,"Back Rooms",,QZWDD2257316,"In Orbit Dubz",Spotify,"August 2024",LTU,Streaming,Single,Sale,1,0.001347000000
AUG-24,"DirtySnatcha Records",Tartarus,,CRiiOZ,198342042182,DSR127,Psycho,,USLZJ2405590,"CRiiOZ, DSTRTN",Spotify,"August 2024",CZE,Streaming,Single,Sale,1,0.001352000000
AUG-24,"DirtySnatcha Records","Ground N' Pound",,"Akronym, FIGMVNT",198342504093,DSR0070A,"Ground N' Pound",,GBRKQ2274076,"Akronym, FIGMVNT",NetEase,"July 2024",CHN,Streaming,Single,Sale,2,0.001352000000
AUG-24,"DirtySnatcha Records","Wasting Time With You",,Ennaut,198342816899,DSR135,"Wasting Time With You",,QZTV32404283,Ennaut,NetEase,"July 2024",CHN,Streaming,Single,Sale,2,0.001352000000
AUG-24,"DirtySnatcha Records",Torture,,"Twisted, Chutez & Ladderz, R3mark",198342508053,DSR0061A,Torture,,GBRKQ2224624,"Twisted, Chutez & Ladderz, R3mark",NetEase,"July 2024",CHN,Streaming,Single,Sale,2,0.001352000000
AUG-24,"DirtySnatcha Records",Secrets,,"Morva, J.A.D.P",197999196842,DSR0107,Secrets,,QZWV32351851,"Morva, J.A.D.P",NetEase,"July 2024",CHN,Streaming,Single,Sale,1,0.001352000000
AUG-24,"DirtySnatcha Records","As I Am",,"Cabuizee, Raddix",198342504413,DSR0069A,"As I Am",,GBRKQ2245754,"Cabuizee, Raddix",NetEase,"July 2024",CHN,Streaming,Single,Sale,1,0.001352000000
AUG-24,"DirtySnatcha Records","Gamma Ray",,JAYSYX,198342478158,DSR0017A,"Gamma Ray",,QZ5FN2032792,JAYSYX,NetEase,"July 2024",CHN,Streaming,Single,Sale,1,0.001352000000
AUG-24,"DirtySnatcha Records","Fog Horn",,DENNETT,198342502969,DSR0074A,"Fog Horn",,QZTRX2237730,DENNETT,Snap,"July 2024",AUS,Streaming,"User Generated Content",Sale,1,0.001354000000
AUG-24,"DirtySnatcha Records",WTF,,"BBX, Sloth",198342356135,DSR131,WTF,,GBRKQ2471312,"BBX, Sloth",Spotify,"August 2024",PAN,Streaming,Single,Sale,1,0.001364000000
AUG-24,"DirtySnatcha Records","Fog Horn",,DENNETT,198342502969,DSR0074A,"Fog Horn",,QZTRX2237730,DENNETT,Spotify,"August 2024",IND,Streaming,Single,Sale,3,0.001373000000
AUG-24,"DirtySnatcha Records",Tartarus,,CRiiOZ,198342042182,DSR127,"In The Walls",,USLZJ2405562,CRiiOZ,Spotify,"August 2024",COL,Streaming,Single,Sale,1,0.001378000000
AUG-24,"DirtySnatcha Records","Genie In a Bottle",,"DirtySnatcha, Luci",198342437506,DSR132,"Genie In a Bottle",,GBWUL2407705,"DirtySnatcha, Luci",Spotify,"August 2024",MEX,Streaming,Single,Sale,2,0.001381000000
AUG-24,"DirtySnatcha Records","Fog Horn",,DENNETT,198342502969,DSR0074A,"Fog Horn",,QZTRX2237730,DENNETT,Spotify,"August 2024",IND,Streaming,Single,Sale,1,0.001394000000
AUG-24,"DirtySnatcha Records",Assertion,,Aalioura,198342502129,DSR0076A,Assertion,,QZWDD2238845,Aalioura,Spotify,"August 2024",BRA,Streaming,Single,Sale,11,0.001398000000
AUG-24,"DirtySnatcha Records","Outta Here",,BENZO$,198342478196,DSR0018A,"Outta Here",,QZ5FN2040117,"BENZO$, Rico Act","Apple Music","August 2024",RUS,Streaming,Single,Sale,1,0.001403000000
AUG-24,"DirtySnatcha Records",WTF,,"BBX, Sloth",198342356135,DSR131,WTF,,GBRKQ2471312,"BBX, Sloth",Spotify,"August 2024",ARE,Streaming,Single,Sale,1,0.001412000000
AUG-24,"DirtySnatcha Records","Eight Six",,BBX,198342480014,DSR0092A,"Eight Six",,QZTV32366095,BBX,"YouTube Streaming","August 2024",ARE,Streaming,"Art Track",Sale,1,0.001413000000
AUG-24,"DirtySnatcha Records","Keep Moving","Audigy Remix",DirtySnatcha,197999143198,DSR0104,"Keep Moving","Audigy Remix",QZWV32320452,"DirtySnatcha, Audigy","YouTube Streaming","August 2024",UKR,Streaming,"Art Track",Sale,2,0.001422000000
AUG-24,"DirtySnatcha Records",Tartarus,,CRiiOZ,198342042182,DSR127,"In The Walls",,USLZJ2405562,CRiiOZ,iTunes,"August 2024",USA,Download,Single,Sale,2,0.001430000000
AUG-24,"DirtySnatcha Records",WTF,,"BBX, Sloth",198342356135,DSR131,WTF,,GBRKQ2471312,"BBX, Sloth",Spotify,"August 2024",ZAF,Streaming,Single,Sale,1,0.001434000000
AUG-24,"DirtySnatcha Records",Bloodthirsty,,Howker,198342475331,DSR0004A,Bloodthirsty,,GBWUL1958037,Howker,Spotify,"August 2024",IND,Streaming,Single,Sale,5,0.001437000000
AUG-24,"DirtySnatcha Records","Eight Six",,BBX,198342480014,DSR0092A,"Eight Six",,QZTV32366095,BBX,"YouTube Streaming","August 2024",UKR,Streaming,"Art Track",Sale,1,0.001441000000
AUG-24,"DirtySnatcha Records","Genie In a Bottle",,"DirtySnatcha, Luci",198342437506,DSR132,"Genie In a Bottle",,GBWUL2407705,"DirtySnatcha, Luci",Spotify,"August 2024",ZAF,Streaming,Single,Sale,1,0.001443000000
AUG-24,"DirtySnatcha Records",Whoa,,"KirbyBright, Devious",198342485866,DSR133,Whoa,,GBWUL2431903,"KirbyBright, Devious","Facebook / Instagram","July 2024",USA,Streaming,"Audio Library: Consumption",Sale,58,0.001448000000
AUG-24,"DirtySnatcha Records","Spectre Season",,Artifact,198342479643,DSR0101A,"Spectre Season",,QZWDD2336449,Artifact,Spotify,"August 2024",FRA,Streaming,Single,Sale,4,0.001449000000
AUG-24,"DirtySnatcha Records","High On Life",,Autokorekt,198342479759,DSR0098A,"High On Life",,QZTV32368009,"Autokorekt, Ashclappem",Spotify,"August 2024",TWN,Streaming,Single,Sale,1,0.001459000000
AUG-24,"DirtySnatcha Records","Genie In a Bottle",,"DirtySnatcha, Luci",198342437506,DSR132,"Genie In a Bottle",,GBWUL2407705,"DirtySnatcha, Luci",Spotify,"August 2024",TWN,Streaming,Single,Sale,1,0.001459000000
AUG-24,"DirtySnatcha Records",Tartarus,,CRiiOZ,198342042182,DSR127,Trust,,USLZJ2405591,CRiiOZ,Spotify,"August 2024",ARG,Streaming,Single,Sale,4,0.001465000000
AUG-24,"DirtySnatcha Records",Tartarus,,CRiiOZ,198342042182,DSR127,"In The Walls",,USLZJ2405562,CRiiOZ,Spotify,"August 2024",ARG,Streaming,Single,Sale,4,0.001465000000
AUG-24,"DirtySnatcha Records","BIG UPS",,"RAZR, VASTIVE",198342478684,DSR0024A,"BIG UPS",,USLZJ2023938,"RAZR, VASTIVE",Spotify,"August 2024",MEX,Streaming,Single,Sale,2,0.001470000000
AUG-24,"DirtySnatcha Records","Loose It","BOU$HY Remix","Eazley, Autokorekt",198342491560,DSR0039A,"Loose It","BOU$HY Remix",GBRKQ2109631,"Eazley, Autokorekt, BOU$HY",Spotify,"August 2024",MEX,Streaming,Single,Sale,2,0.001470000000
AUG-24,"DirtySnatcha Records",Nightmare,,"In Orbit Dubz",198342501320,DSR0080A,Nightmare,,QZWDD2257336,"In Orbit Dubz",Spotify,"August 2024",CHE,Streaming,Single,Sale,3,0.001476000000
AUG-24,"DirtySnatcha Records","Round 2",,"Nekz, Meechie Murda",197999919441,DSR121,"Round 2",,QZ5FN2445592,"Nekz, Meechie Murda",Spotify,"August 2024",CAN,Streaming,Single,Sale,1,0.001482000000
AUG-24,"DirtySnatcha Records",Shook,,BBX,198342479957,DSR0094A,Shook,,QZTV32366682,BBX,Spotify,"August 2024",CAN,Streaming,Single,Sale,1,0.001482000000
AUG-24,"DirtySnatcha Records",Riptide,,"David Vance, Blue",198342508046,DSR0064A,Riptide,,GBRKQ2211179,"David Vance, Blue",Spotify,"August 2024",CAN,Streaming,Single,Sale,1,0.001482000000
AUG-24,"DirtySnatcha Records","Riddim Gang",,"Megahurtz, Alienpark",198342478288,DSR0020A,"Riddim Gang",,QZ5FN2074245,"Megahurtz, Alienpark",Spotify,"August 2024",CAN,Streaming,Single,Sale,1,0.001482000000
AUG-24,"DirtySnatcha Records","Need U","Dobadlyy Remix","DirtySnatcha, Autokorekt",198342491317,DSR0033A,"Need U","Dobadlyy Remix",QZ5FN2114150,"DirtySnatcha, Autokorekt, Dobadlyy",Spotify,"August 2024",CAN,Streaming,Single,Sale,1,0.001482000000
AUG-24,"DirtySnatcha Records",Maniac,,Sinatra,197999611932,DSR114,Maniac,,QZZEB2305800,Sinatra,Spotify,"August 2024",CAN,Streaming,Single,Sale,1,0.001482000000
AUG-24,"DirtySnatcha Records",WDGAF,,CRiiOZ,197999026187,DSR0102,WDGAF,,QZWDE2357423,CRiiOZ,Spotify,"August 2024",CAN,Streaming,Single,Sale,1,0.001482000000
AUG-24,"DirtySnatcha Records","Run It Up",,"CHRMNDRS, Future Exit",198342476673,DSR0010A,"Run It Up",,GBWUL2081365,"CHRMNDRS, Future Exit","Apple Music","August 2024",MEX,Streaming,Single,Sale,1,0.001486000000
AUG-24,"DirtySnatcha Records","Fight Time",,Megahurtz,198342492123,DSR0042A,"Fight Time",,GBRKQ2178616,Megahurtz,Snap,"August 2024",DEU,Streaming,"User Generated Content",Sale,1,0.001497000000
AUG-24,"DirtySnatcha Records","Genie In a Bottle",,"DirtySnatcha, Luci",198342437506,DSR132,"Genie In a Bottle",,GBWUL2407705,"DirtySnatcha, Luci","YouTube Content ID","August 2024",ROM,UGC,"Sound Recording",Sale,1,0.001511000000
AUG-24,"DirtySnatcha Records","Eight Six",,BBX,198342480014,DSR0092A,"Eight Six",,QZTV32366095,BBX,Spotify,"August 2024",CAN,Streaming,Single,Sale,1,0.001516000000
AUG-24,"DirtySnatcha Records","Take A Trip","DirtySnatcha Remix","HEXED, Labs",198342492369,DSR0086A,"Take A Trip","DirtySnatcha Remix",QZ5FN2303924,"HEXED, Labs, DirtySnatcha",Spotify,"August 2024",CAN,Streaming,Single,Sale,1,0.001516000000
AUG-24,"DirtySnatcha Records",Bloodthirsty,,Howker,198342475331,DSR0004A,Bloodthirsty,,GBWUL1958037,Howker,Spotify,"August 2024",CAN,Streaming,Single,Sale,1,0.001516000000
AUG-24,"DirtySnatcha Records",Destroy,,"In Orbit Dubz, DSTRTN",198342501504,DSR0079A,Destroy,,QZWDD2257331,"In Orbit Dubz, DSTRTN",Spotify,"August 2024",CAN,Streaming,Single,Sale,1,0.001516000000
AUG-24,"DirtySnatcha Records",Hypnotize,,"In Orbit Dubz",197999477019,DSR113,Hypnotize,,QZZ8B2327916,"In Orbit Dubz",Spotify,"August 2024",CAN,Streaming,Single,Sale,1,0.001516000000
AUG-24,"DirtySnatcha Records","Need U","Ennaut Remix","DirtySnatcha, Autokorekt",198342500538,DSR0082A,"Need U","Ennaut Remix",QZWDD2263341,"DirtySnatcha, Autokorekt, Ennaut","YouTube Streaming","August 2024",USA,Streaming,"Art Track",Sale,1,0.001518000000
AUG-24,"DirtySnatcha Records","Fog Horn",,DENNETT,198342502969,DSR0074A,"Fog Horn",,QZTRX2237730,DENNETT,Spotify,"August 2024",JPN,Streaming,Single,Sale,1,0.001521000000
AUG-24,"DirtySnatcha Records","Genie In a Bottle",,"DirtySnatcha, Luci",198342437506,DSR132,"Genie In a Bottle",,GBWUL2407705,"DirtySnatcha, Luci","Amazon Ad Supported","August 2024",GBR,Streaming,Single,Sale,1,0.001524000000
AUG-24,"DirtySnatcha Records","Spectre Season",,Artifact,198342479643,DSR0101A,"Spectre Season",,QZWDD2336449,Artifact,Spotify,"August 2024",NLD,Streaming,Single,Sale,2,0.001526000000
AUG-24,"DirtySnatcha Records","Black & Gold",,BBX,198342479889,DSR0096A,"Eight Six",,QZTV32366095,BBX,"Apple Music","August 2024",KAZ,Streaming,Single,Sale,1,0.001541000000
AUG-24,"DirtySnatcha Records","Keep Moving","Aelius, Voyager, Wilco Beats Remix",DirtySnatcha,198342499863,DSR0083A,"Keep Moving","Aelius, Voyager, Wilco Beats Remix",QZWDD2263373,"DirtySnatcha, Aelius, Voyager, Wilco Beats","Apple Music","August 2024",KAZ,Streaming,Single,Sale,1,0.001541000000
AUG-24,"DirtySnatcha Records",WESTCOAST,,"BBX, Geeku",198342494684,DSR0049A,WESTCOAST,,QZ5FN2235968,"BBX, Geeku","Amazon Prime","August 2024",DEU,Streaming,Single,Sale,1,0.001546000000
AUG-24,"DirtySnatcha Records",WTF,,"BBX, Sloth",198342356135,DSR131,WTF,,GBRKQ2471312,"BBX, Sloth","Amazon Prime","August 2024",DEU,Streaming,Single,Sale,1,0.001546000000
AUG-24,"DirtySnatcha Records","Back Rooms",,"In Orbit Dubz",198342498644,DSR0077A,"Back Rooms",,QZWDD2257316,"In Orbit Dubz","Amazon Prime","August 2024",AUT,Streaming,Single,Sale,1,0.001547000000
AUG-24,"DirtySnatcha Records","Fog Horn",,DENNETT,198342502969,DSR0074A,"Fog Horn",,QZTRX2237730,DENNETT,Spotify,"August 2024",ARG,Streaming,Single,Sale,2,0.001552000000
AUG-24,"DirtySnatcha Records",Tartarus,,CRiiOZ,198342042182,DSR127,"Let Go",,USLZJ2405592,CRiiOZ,Spotify,"August 2024",IND,Streaming,Single,Sale,1,0.001552000000
AUG-24,"DirtySnatcha Records","Spectre Season",,Artifact,198342479643,DSR0101A,"Spectre Season",,QZWDD2336449,Artifact,Spotify,"August 2024",CAN,Streaming,Single,Sale,1,0.001557000000
AUG-24,"DirtySnatcha Records",Scorpion,,Torcha,198342501160,DSR0057A,Scorpion,,GBRKQ2202745,Torcha,Spotify,"August 2024",CAN,Streaming,Single,Sale,1,0.001557000000
AUG-24,"DirtySnatcha Records","Giving Up VIP",,"CHRMNDRS, SEEING\\DOUBLE",198342492154,DSR0044A,"Giving Up VIP",,GBWUL2158623,"CHRMNDRS, SEEING\\DOUBLE",Spotify,"August 2024",CAN,Streaming,Single,Sale,1,0.001557000000
AUG-24,"DirtySnatcha Records",Bloodthirsty,,Howker,198342475331,DSR0004A,Bloodthirsty,,GBWUL1958037,Howker,Spotify,"August 2024",BRA,Streaming,Single,Sale,1,0.001557000000
AUG-24,"DirtySnatcha Records","Out Of Service",,"Autokorekt, ChemDawg",198342492215,DSR0046A,"Out Of Service",,GBWUL2192863,"Autokorekt, ChemDawg, Versace",Spotify,"August 2024",CAN,Streaming,Single,Sale,1,0.001557000000
AUG-24,"DirtySnatcha Records","Eight Six",,BBX,198342480014,DSR0092A,"Eight Six",,QZTV32366095,BBX,Snap,"August 2024",FRA,Streaming,"User Generated Content",Sale,1,0.001558000000
AUG-24,"DirtySnatcha Records",Tartarus,,CRiiOZ,198342042182,DSR127,"In The Walls",,USLZJ2405562,CRiiOZ,Spotify,"August 2024",CHL,Streaming,Single,Sale,2,0.001562000000
AUG-24,"DirtySnatcha Records","GO MAD",,"DSTRTN, CRiiOZ",198342500286,DSR0056A,"GO MAD",,USLZJ2297741,"DSTRTN, CRiiOZ",Spotify,"August 2024",MEX,Streaming,Single,Sale,2,0.001563000000
AUG-24,"DirtySnatcha Records","Westside Rollin","CHRMNDRS Remix",DirtySnatcha,198342475133,DSR0003A,"Westside Rollin","CHRMNDRS Remix",GBWUL1920889,"DirtySnatcha, CHRMNDRS","Amazon Music Unlimited","August 2024",USA,Streaming,Single,Sale,1,0.001566000000
AUG-24,"DirtySnatcha Records",FVCK,,"Hurting Murphy",198342492000,DSR0089A,FVCK,,USLZJ2376873,"Hurting Murphy","Amazon Music Unlimited","August 2024",USA,Streaming,Single,Sale,1,0.001566000000
AUG-24,"DirtySnatcha Records",Bloodthirsty,,Howker,198342475331,DSR0004A,Bloodthirsty,,GBWUL1958037,Howker,Spotify,"August 2024",MEX,Streaming,Single,Sale,1,0.001567000000
AUG-24,"DirtySnatcha Records",Scorpion,,Torcha,198342501160,DSR0057A,Scorpion,,GBRKQ2202745,Torcha,Spotify,"August 2024",MEX,Streaming,Single,Sale,1,0.001567000000
AUG-24,"DirtySnatcha Records",Tartarus,,CRiiOZ,198342042182,DSR127,"In The Walls",,USLZJ2405562,CRiiOZ,Spotify,"August 2024",SLV,Streaming,Single,Sale,1,0.001569000000
AUG-24,"DirtySnatcha Records","GO MAD",,"DSTRTN, CRiiOZ",198342500286,DSR0056A,"GO MAD",,USLZJ2297741,"DSTRTN, CRiiOZ",Spotify,"August 2024",PRT,Streaming,Single,Sale,1,0.001578000000
AUG-24,"DirtySnatcha Records",PTSD,,SHOCKZ,198342479049,DSR0028A,PTSD,,USLZJ2069504,SHOCKZ,Spotify,"August 2024",PRT,Streaming,Single,Sale,1,0.001578000000
AUG-24,"DirtySnatcha Records","Fog Horn",,DENNETT,198342502969,DSR0074A,"Fog Horn",,QZTRX2237730,DENNETT,Spotify,"August 2024",PRT,Streaming,Single,Sale,1,0.001578000000
AUG-24,"DirtySnatcha Records","GO MAD",,"DSTRTN, CRiiOZ",198342500286,DSR0056A,"GO MAD",,USLZJ2297741,"DSTRTN, CRiiOZ",Spotify,"August 2024",IDN,Streaming,Single,Sale,4,0.001590000000
AUG-24,"DirtySnatcha Records",Tartarus,,CRiiOZ,198342042182,DSR127,Psycho,,USLZJ2405590,"CRiiOZ, DSTRTN",Spotify,"August 2024",COL,Streaming,Single,Sale,3,0.001610000000
AUG-24,"DirtySnatcha Records",WTF,,"BBX, Sloth",198342356135,DSR131,WTF,,GBRKQ2471312,"BBX, Sloth",Spotify,"August 2024",TUR,Streaming,Single,Sale,4,0.001627000000
AUG-24,"DirtySnatcha Records","Black & Gold",,BBX,198342479889,DSR0096A,"Crushed Glass",,QZTV32366684,BBX,"Apple Music","August 2024",UKR,Streaming,Single,Sale,1,0.001629000000
AUG-24,"DirtySnatcha Records","GO MAD",,"DSTRTN, CRiiOZ",198342500286,DSR0056A,"GO MAD",,USLZJ2297741,"DSTRTN, CRiiOZ",Spotify,"August 2024",GTM,Streaming,Single,Sale,2,0.001631000000
AUG-24,"DirtySnatcha Records","Giving Up VIP",,"CHRMNDRS, SEEING\\DOUBLE",198342492154,DSR0044A,"Giving Up VIP",,GBWUL2158623,"CHRMNDRS, SEEING\\DOUBLE",Spotify,"August 2024",GTM,Streaming,Single,Sale,2,0.001631000000
AUG-24,"DirtySnatcha Records",Rudeboy,,"Seeing Double, Kryture",198342476352,DSR0007A,Rudeboy,,GBWUL2045907,"Seeing Double, Kryture",Spotify,"August 2024",MEX,Streaming,Single,Sale,1,0.001637000000
AUG-24,"DirtySnatcha Records",LIGMA,,"BBX, Jonomatic, Geeku",198342492208,DSR0045A,LIGMA,,GBWUL2171015,"BBX, Jonomatic, Geeku",Spotify,"August 2024",AUS,Streaming,Single,Sale,1,0.001638000000
AUG-24,"DirtySnatcha Records",Tartarus,,CRiiOZ,198342042182,DSR127,Trust,,USLZJ2405591,CRiiOZ,Spotify,"August 2024",AUS,Streaming,Single,Sale,1,0.001638000000
AUG-24,"DirtySnatcha Records",Radioactivity,,"In Orbit Dubz",198342500118,DSR0053A,Radioactivity,,USLZJ2286474,"In Orbit Dubz",Spotify,"August 2024",AUS,Streaming,Single,Sale,1,0.001638000000
AUG-24,"DirtySnatcha Records",Apparition,,CVLVALRI,198342507926,DSR0063A,Apparition,,GBRKQ2204805,CVLVALRI,Spotify,"August 2024",AUS,Streaming,Single,Sale,1,0.001638000000
AUG-24,"DirtySnatcha Records",Riptide,,"David Vance, Blue",198342508046,DSR0064A,Riptide,,GBRKQ2211179,"David Vance, Blue",Spotify,"August 2024",AUS,Streaming,Single,Sale,1,0.001638000000
AUG-24,"DirtySnatcha Records","Spectre Season",,Artifact,198342479643,DSR0101A,"Spectre Season",,QZWDD2336449,Artifact,Spotify,"August 2024",MEX,Streaming,Single,Sale,1,0.001646000000
AUG-24,"DirtySnatcha Records",WTF,,"BBX, Sloth",198342356135,DSR131,WTF,,GBRKQ2471312,"BBX, Sloth","Facebook / Instagram - Revenue Share","July 2024",USA,Streaming,"Audio Library: Consumption",Sale,115,0.001646000000
AUG-24,"DirtySnatcha Records","Fog Horn",,DENNETT,198342502969,DSR0074A,"Fog Horn",,QZTRX2237730,DENNETT,Snap,"August 2024",AUS,Streaming,"User Generated Content",Sale,1,0.001658000000
AUG-24,"DirtySnatcha Records",Tartarus,,CRiiOZ,198342042182,DSR127,Trust,,USLZJ2405591,CRiiOZ,Spotify,"August 2024",IND,Streaming,Single,Sale,3,0.001660000000
AUG-24,"DirtySnatcha Records",WTF,,"BBX, Sloth",198342356135,DSR131,WTF,,GBRKQ2471312,"BBX, Sloth",Spotify,"August 2024",IND,Streaming,Single,Sale,3,0.001660000000
AUG-24,"DirtySnatcha Records",Bloodthirsty,,Howker,198342475331,DSR0004A,Bloodthirsty,,GBWUL1958037,Howker,Spotify,"August 2024",ESP,Streaming,Single,Sale,7,0.001669000000
AUG-24,"DirtySnatcha Records",Tartarus,,CRiiOZ,198342042182,DSR127,"In The Walls",,USLZJ2405562,CRiiOZ,Spotify,"August 2024",ESP,Streaming,Single,Sale,7,0.001669000000
AUG-24,"DirtySnatcha Records","Genie In a Bottle",,"DirtySnatcha, Luci",198342437506,DSR132,"Genie In a Bottle",,GBWUL2407705,"DirtySnatcha, Luci",Spotify,"August 2024",VEN,Streaming,Single,Sale,4,0.001672000000
AUG-24,"DirtySnatcha Records","Fog Horn",,DENNETT,198342502969,DSR0074A,"Fog Horn",,QZTRX2237730,DENNETT,Spotify,"August 2024",MEX,Streaming,Single,Sale,13,0.001674000000
AUG-24,"DirtySnatcha Records","Genie In a Bottle",,"DirtySnatcha, Luci",198342437506,DSR132,"Genie In a Bottle",,GBWUL2407705,"DirtySnatcha, Luci","Apple DJ Mixes","August 2024",CAN,Streaming,Single,Sale,4,0.001676000000
AUG-24,"DirtySnatcha Records",WTF,,"BBX, Sloth",198342356135,DSR131,WTF,,GBRKQ2471312,"BBX, Sloth",Spotify,"August 2024",MEX,Streaming,Single,Sale,1,0.001682000000
AUG-24,"DirtySnatcha Records",Nightmare,,"In Orbit Dubz",198342501320,DSR0080A,Nightmare,,QZWDD2257336,"In Orbit Dubz",Spotify,"August 2024",IND,Streaming,Single,Sale,2,0.001682000000
AUG-24,"DirtySnatcha Records",Assertion,,Aalioura,198342502129,DSR0076A,Assertion,,QZWDD2238845,Aalioura,Spotify,"August 2024",UKR,Streaming,Single,Sale,1,0.001691000000
AUG-24,"DirtySnatcha Records",Nightmare,,"In Orbit Dubz",198342501320,DSR0080A,Nightmare,,QZWDD2257336,"In Orbit Dubz",Spotify,"August 2024",PHL,Streaming,Single,Sale,4,0.001693000000
AUG-24,"DirtySnatcha Records","BIG UPS",,"RAZR, VASTIVE",198342478684,DSR0024A,"BIG UPS",,USLZJ2023938,"RAZR, VASTIVE","Apple Music","August 2024",ZAF,Streaming,Single,Sale,1,0.001697000000
AUG-24,"DirtySnatcha Records","GO MAD",,"DSTRTN, CRiiOZ",198342500286,DSR0056A,"GO MAD",,USLZJ2297741,"DSTRTN, CRiiOZ",Spotify,"August 2024",ZAF,Streaming,Single,Sale,1,0.001706000000
AUG-24,"DirtySnatcha Records",Tartarus,,CRiiOZ,198342042182,DSR127,Psycho,,USLZJ2405590,"CRiiOZ, DSTRTN",Spotify,"August 2024",ZAF,Streaming,Single,Sale,2,0.001709000000
AUG-24,"DirtySnatcha Records","Spectre Season",,Artifact,198342479643,DSR0101A,"Spectre Season",,QZWDD2336449,Artifact,Spotify,"August 2024",ZAF,Streaming,Single,Sale,2,0.001709000000
AUG-24,"DirtySnatcha Records",Tartarus,,CRiiOZ,198342042182,DSR127,"Watch Out",,USLZJ2405588,CRiiOZ,"Facebook / Instagram","June 2024",N/A,Streaming,"Audio Library",Sale,1,0.001714000000
AUG-24,"DirtySnatcha Records",Tartarus,,CRiiOZ,198342042182,DSR127,Trust,,USLZJ2405591,CRiiOZ,"Facebook / Instagram","June 2024",N/A,Streaming,"Audio Library",Sale,1,0.001714000000
AUG-24,"DirtySnatcha Records",WDGAF,,CRiiOZ,197999026187,DSR0102,WDGAF,,QZWDE2357423,CRiiOZ,"Facebook / Instagram","June 2024",N/A,Streaming,"Audio Library",Sale,1,0.001714000000
AUG-24,"DirtySnatcha Records",Tartarus,,CRiiOZ,198342042182,DSR127,"Let Go",,USLZJ2405592,CRiiOZ,"Facebook / Instagram","June 2024",N/A,Streaming,"Audio Library",Sale,1,0.001714000000
AUG-24,"DirtySnatcha Records","No Traces",,"Trenches, Virg™",198342361740,DSR130,"No Traces",,GBRKQ2472806,"Trenches, Virg™","Facebook / Instagram","June 2024",N/A,Streaming,"Audio Library",Sale,1,0.001714000000
AUG-24,"DirtySnatcha Records","Wasting Time With You",,Ennaut,198342816899,DSR135,"Wasting Time With You",,QZTV32404283,Ennaut,"Facebook / Instagram","June 2024",N/A,Streaming,"Audio Library",Sale,1,0.001714000000
AUG-24,"DirtySnatcha Records","Corneal Abrasion",,"Simplifi, Redder",198342094976,DSR128,"Corneal Abrasion",,USLZJ2430043,"Simplifi, Redder","Facebook / Instagram","June 2024",N/A,Streaming,"Audio Library",Sale,1,0.001714000000
AUG-24,"DirtySnatcha Records",Hypnotize,,"In Orbit Dubz",197999477019,DSR113,Hypnotize,,QZZ8B2327916,"In Orbit Dubz","Facebook / Instagram","June 2024",N/A,Streaming,"Audio Library",Sale,1,0.001714000000
AUG-24,"DirtySnatcha Records",Tartarus,,CRiiOZ,198342042182,DSR127,"Watch Out",,USLZJ2405588,CRiiOZ,"Facebook / Instagram - Revenue Share","July 2024",USA,Streaming,"Audio Library: Consumption",Sale,120,0.001717000000
AUG-24,"DirtySnatcha Records","Apple Sowce",,Autokorekt,198342768341,DSR134,"Apple Sowce",,QZTRX2474922,Autokorekt,Spotify,"August 2024",CHL,Streaming,Single,Sale,1,0.001720000000
AUG-24,"DirtySnatcha Records",Game,,"Sloth, CHACKK",197999855442,DSR116,Game,,QZ5FN2416543,"Sloth, CHACKK",Spotify,"August 2024",CHL,Streaming,Single,Sale,1,0.001720000000
AUG-24,"DirtySnatcha Records",Tartarus,,CRiiOZ,198342042182,DSR127,"In The Walls",,USLZJ2405562,CRiiOZ,Spotify,"August 2024",COL,Streaming,Single,Sale,3,0.001725000000
AUG-24,"DirtySnatcha Records",Riddimption,,"Nothing x Hurts",198622420181,DSR136,Riddimption,,QZWV32419969,"Nothing x Hurts","Apple Music","August 2024",ZAF,Streaming,Single,Sale,1,0.001729000000
AUG-24,"DirtySnatcha Records","GO MAD",,"DSTRTN, CRiiOZ",198342500286,DSR0056A,"GO MAD",,USLZJ2297741,"DSTRTN, CRiiOZ",Spotify,"August 2024",NZL,Streaming,Single,Sale,1,0.001730000000
AUG-24,"DirtySnatcha Records","Out Of Service",,"Autokorekt, ChemDawg",198342492215,DSR0046A,"Out Of Service",,GBWUL2192863,"Autokorekt, ChemDawg, Versace",Spotify,"August 2024",NZL,Streaming,Single,Sale,1,0.001730000000
AUG-24,"DirtySnatcha Records","Apple Sowce",,Autokorekt,198342768341,DSR134,"Apple Sowce",,QZTRX2474922,Autokorekt,Spotify,"August 2024",NZL,Streaming,Single,Sale,1,0.001730000000
AUG-24,"DirtySnatcha Records","Genie In a Bottle",,"DirtySnatcha, Luci",198342437506,DSR132,"Genie In a Bottle",,GBWUL2407705,"DirtySnatcha, Luci","Apple DJ Mixes","August 2024",CAN,Streaming,Single,Sale,8,0.001733000000
AUG-24,"DirtySnatcha Records","Run It Up",,"CHRMNDRS, Future Exit",198342476673,DSR0010A,"Run It Up",,GBWUL2081365,"CHRMNDRS, Future Exit",Spotify,"August 2024",PER,Streaming,Single,Sale,3,0.001739000000
AUG-24,"DirtySnatcha Records","High On Life",,Autokorekt,198342479759,DSR0098A,"High On Life",,QZTV32368009,"Autokorekt, Ashclappem",Spotify,"August 2024",PER,Streaming,Single,Sale,3,0.001739000000
AUG-24,"DirtySnatcha Records","Power Transient",,Hexadrone,198342491300,DSR0032A,"Power Transient",,GBRKQ2053155,Hexadrone,"Apple Music","August 2024",JPN,Streaming,Single,Sale,1,0.001747000000
AUG-24,"DirtySnatcha Records",Bluntz,,"Flatland Funk",198342491294,DSR0031A,Bluntz,,GBRKQ2041356,"Flatland Funk, Blupill","Apple Music","August 2024",JPN,Streaming,Single,Sale,1,0.001747000000
AUG-24,"DirtySnatcha Records",Tartarus,,CRiiOZ,198342042182,DSR127,"In The Walls",,USLZJ2405562,CRiiOZ,Spotify,"August 2024",PHL,Streaming,Single,Sale,1,0.001751000000
AUG-24,"DirtySnatcha Records",WTF,,"BBX, Sloth",198342356135,DSR131,WTF,,GBRKQ2471312,"BBX, Sloth",Spotify,"August 2024",ROM,Streaming,Single,Sale,2,0.001766000000
AUG-24,"DirtySnatcha Records","Genie In a Bottle",,"DirtySnatcha, Luci",198342437506,DSR132,"Genie In a Bottle",,GBWUL2407705,"DirtySnatcha, Luci",Spotify,"August 2024",PHL,Streaming,Single,Sale,1,0.001769000000
AUG-24,"DirtySnatcha Records","Fog Horn",,DENNETT,198342502969,DSR0074A,"Fog Horn",,QZTRX2237730,DENNETT,Spotify,"August 2024",BRA,Streaming,Single,Sale,14,0.001780000000
AUG-24,"DirtySnatcha Records",Tartarus,,CRiiOZ,198342042182,DSR127,Psycho,,USLZJ2405590,"CRiiOZ, DSTRTN",Spotify,"August 2024",CYP,Streaming,Single,Sale,1,0.001784000000
AUG-24,"DirtySnatcha Records","Fog Horn",,DENNETT,198342502969,DSR0074A,"Fog Horn",,QZTRX2237730,DENNETT,Spotify,"August 2024",UKR,Streaming,Single,Sale,1,0.001788000000
AUG-24,"DirtySnatcha Records",WTF,,"BBX, Sloth",198342356135,DSR131,WTF,,GBRKQ2471312,"BBX, Sloth",Spotify,"August 2024",BOL,Streaming,Single,Sale,2,0.001790000000
AUG-24,"DirtySnatcha Records",Rudeboy,,"Seeing Double, Kryture",198342476352,DSR0007A,Rudeboy,,GBWUL2045907,"Seeing Double, Kryture",Spotify,"August 2024",BRA,Streaming,Single,Sale,2,0.001801000000
AUG-24,"DirtySnatcha Records","Crushed Glass",,BBX,198342479902,DSR0095A,"Crushed Glass",,QZTV32366684,BBX,Spotify,"August 2024",BRA,Streaming,Single,Sale,2,0.001801000000
AUG-24,"DirtySnatcha Records","Spectre Season",,Artifact,198342479643,DSR0101A,"Spectre Season",,QZWDD2336449,Artifact,Spotify,"August 2024",BRA,Streaming,Single,Sale,2,0.001801000000
AUG-24,"DirtySnatcha Records","Giving Up VIP",,"CHRMNDRS, SEEING\\DOUBLE",198342492154,DSR0044A,"Giving Up VIP",,GBWUL2158623,"CHRMNDRS, SEEING\\DOUBLE",Spotify,"August 2024",BRA,Streaming,Single,Sale,2,0.001801000000
AUG-24,"DirtySnatcha Records","Giving Up VIP",,"CHRMNDRS, SEEING\\DOUBLE",198342492154,DSR0044A,"Giving Up VIP",,GBWUL2158623,"CHRMNDRS, SEEING\\DOUBLE",Spotify,"August 2024",MEX,Streaming,Single,Sale,2,0.001806000000
AUG-24,"DirtySnatcha Records","Keep Moving","Audigy Remix",DirtySnatcha,197999143198,DSR0104,"Keep Moving","Audigy Remix",QZWV32320452,"DirtySnatcha, Audigy",Spotify,"August 2024",MEX,Streaming,Single,Sale,2,0.001806000000
AUG-24,"DirtySnatcha Records",WTF,,"BBX, Sloth",198342356135,DSR131,WTF,,GBRKQ2471312,"BBX, Sloth",Spotify,"August 2024",GTM,Streaming,Single,Sale,79,0.001809000000
AUG-24,"DirtySnatcha Records",Tartarus,,CRiiOZ,198342042182,DSR127,"In The Walls",,USLZJ2405562,CRiiOZ,Spotify,"August 2024",ECU,Streaming,Single,Sale,2,0.001810000000
AUG-24,"DirtySnatcha Records","GO MAD",,"DSTRTN, CRiiOZ",198342500286,DSR0056A,"GO MAD",,USLZJ2297741,"DSTRTN, CRiiOZ",Spotify,"August 2024",MYS,Streaming,Single,Sale,1,0.001816000000
AUG-24,"DirtySnatcha Records",Scorpion,,Torcha,198342501160,DSR0057A,Scorpion,,GBRKQ2202745,Torcha,Spotify,"August 2024",UZB,Streaming,Single,Sale,1,0.001817000000
AUG-24,"DirtySnatcha Records","GO MAD",,"DSTRTN, CRiiOZ",198342500286,DSR0056A,"GO MAD",,USLZJ2297741,"DSTRTN, CRiiOZ",Spotify,"August 2024",UZB,Streaming,Single,Sale,1,0.001817000000
AUG-24,"DirtySnatcha Records","BIG UPS",,"RAZR, VASTIVE",198342478684,DSR0024A,"BIG UPS",,USLZJ2023938,"RAZR, VASTIVE",Spotify,"August 2024",DEU,Streaming,Single,Sale,2,0.001822000000
AUG-24,"DirtySnatcha Records","Genie In a Bottle",,"DirtySnatcha, Luci",198342437506,DSR132,"Genie In a Bottle",,GBWUL2407705,"DirtySnatcha, Luci","Facebook / Instagram","July 2024",CAN,Streaming,"Audio Library: Consumption",Sale,179,0.001824000000
AUG-24,"DirtySnatcha Records",WTF,,"BBX, Sloth",198342356135,DSR131,WTF,,GBRKQ2471312,"BBX, Sloth",Spotify,"August 2024",PHL,Streaming,Single,Sale,1,0.001827000000
AUG-24,"DirtySnatcha Records","GO MAD",,"DSTRTN, CRiiOZ",198342500286,DSR0056A,"GO MAD",,USLZJ2297741,"DSTRTN, CRiiOZ",Spotify,"August 2024",IND,Streaming,Single,Sale,4,0.001829000000
AUG-24,"DirtySnatcha Records",Tartarus,,CRiiOZ,198342042182,DSR127,Psycho,,USLZJ2405590,"CRiiOZ, DSTRTN",Spotify,"August 2024",ARG,Streaming,Single,Sale,5,0.001832000000
AUG-24,"DirtySnatcha Records","GO MAD",,"DSTRTN, CRiiOZ",198342500286,DSR0056A,"GO MAD",,USLZJ2297741,"DSTRTN, CRiiOZ",Spotify,"August 2024",ARG,Streaming,Single,Sale,5,0.001832000000
AUG-24,"DirtySnatcha Records","Genie In a Bottle",,"DirtySnatcha, Luci",198342437506,DSR132,"Genie In a Bottle",,GBWUL2407705,"DirtySnatcha, Luci","YouTube Streaming","August 2024",ECU,Streaming,"Art Track",Sale,1,0.001833000000
AUG-24,"DirtySnatcha Records","GO MAD",,"DSTRTN, CRiiOZ",198342500286,DSR0056A,"GO MAD",,USLZJ2297741,"DSTRTN, CRiiOZ",Snap,"July 2024",DEU,Streaming,"User Generated Content",Sale,1,0.001833000000
AUG-24,"DirtySnatcha Records",WTF,,"BBX, Sloth",198342356135,DSR131,WTF,,GBRKQ2471312,"BBX, Sloth",Spotify,"August 2024",NIC,Streaming,Single,Sale,1,0.001855000000
AUG-24,"DirtySnatcha Records","Fog Horn",,DENNETT,198342502969,DSR0074A,"Fog Horn",,QZTRX2237730,DENNETT,Spotify,"August 2024",KAZ,Streaming,Single,Sale,1,0.001875000000
AUG-24,"DirtySnatcha Records",WTF,,"BBX, Sloth",198342356135,DSR131,WTF,,GBRKQ2471312,"BBX, Sloth",Spotify,"August 2024",COL,Streaming,Single,Sale,1,0.001880000000
AUG-24,"DirtySnatcha Records","Keep Moving","Audigy Remix",DirtySnatcha,197999143198,DSR0104,"Keep Moving","Audigy Remix",QZWV32320452,"DirtySnatcha, Audigy",Spotify,"August 2024",EST,Streaming,Single,Sale,1,0.001880000000
AUG-24,"DirtySnatcha Records",WTF,,"BBX, Sloth",198342356135,DSR131,WTF,,GBRKQ2471312,"BBX, Sloth",Spotify,"August 2024",TUR,Streaming,Single,Sale,5,0.001881000000
AUG-24,"DirtySnatcha Records",Tartarus,,CRiiOZ,198342042182,DSR127,"In The Walls",,USLZJ2405562,CRiiOZ,Spotify,"August 2024",BLR,Streaming,Single,Sale,1,0.001911000000
AUG-24,"DirtySnatcha Records","GO MAD",,"DSTRTN, CRiiOZ",198342500286,DSR0056A,"GO MAD",,USLZJ2297741,"DSTRTN, CRiiOZ",Spotify,"August 2024",COL,Streaming,Single,Sale,1,0.001914000000
AUG-24,"DirtySnatcha Records","GO MAD",,"DSTRTN, CRiiOZ",198342500286,DSR0056A,"GO MAD",,USLZJ2297741,"DSTRTN, CRiiOZ",Spotify,"August 2024",SLV,Streaming,Single,Sale,2,0.001918000000
AUG-24,"DirtySnatcha Records",WTF,,"BBX, Sloth",198342356135,DSR131,WTF,,GBRKQ2471312,"BBX, Sloth",Spotify,"August 2024",KGZ,Streaming,Single,Sale,1,0.001926000000
AUG-24,"DirtySnatcha Records",Tartarus,,CRiiOZ,198342042182,DSR127,Trust,,USLZJ2405591,CRiiOZ,Spotify,"August 2024",DEU,Streaming,Single,Sale,1,0.001928000000
AUG-24,"DirtySnatcha Records","Fog Horn",,DENNETT,198342502969,DSR0074A,"Fog Horn",,QZTRX2237730,DENNETT,Spotify,"August 2024",MYS,Streaming,Single,Sale,3,0.001928000000
AUG-24,"DirtySnatcha Records","Round 2",,"Nekz, Meechie Murda",197999919441,DSR121,"Round 2",,QZ5FN2445592,"Nekz, Meechie Murda",Spotify,"August 2024",ESP,Streaming,Single,Sale,1,0.001935000000
AUG-24,"DirtySnatcha Records","Run It Up",,"CHRMNDRS, Future Exit",198342476673,DSR0010A,"Run It Up",,GBWUL2081365,"CHRMNDRS, Future Exit",Spotify,"August 2024",ESP,Streaming,Single,Sale,1,0.001935000000
AUG-24,"DirtySnatcha Records",Game,,"Sloth, CHACKK",197999855442,DSR116,Game,,QZ5FN2416543,"Sloth, CHACKK",Spotify,"August 2024",ESP,Streaming,Single,Sale,1,0.001935000000
AUG-24,"DirtySnatcha Records","GO MAD",,"DSTRTN, CRiiOZ",198342500286,DSR0056A,"GO MAD",,USLZJ2297741,"DSTRTN, CRiiOZ",Spotify,"August 2024",ESP,Streaming,Single,Sale,1,0.001935000000
AUG-24,"DirtySnatcha Records",Apparition,,CVLVALRI,198342507926,DSR0063A,Apparition,,GBRKQ2204805,CVLVALRI,Spotify,"August 2024",USA,Streaming,Single,Sale,1,0.001940000000
AUG-24,"DirtySnatcha Records","Need U","Ennaut Remix","DirtySnatcha, Autokorekt",198342500538,DSR0082A,"Need U","Ennaut Remix",QZWDD2263341,"DirtySnatcha, Autokorekt, Ennaut",Spotify,"August 2024",USA,Streaming,Single,Sale,1,0.001940000000
AUG-24,"DirtySnatcha Records","Need U","Dobadlyy Remix","DirtySnatcha, Autokorekt",198342491317,DSR0033A,"Need U","Dobadlyy Remix",QZ5FN2114150,"DirtySnatcha, Autokorekt, Dobadlyy",Spotify,"August 2024",USA,Streaming,Single,Sale,1,0.001940000000
AUG-24,"DirtySnatcha Records",Destroy,,"In Orbit Dubz, DSTRTN",198342501504,DSR0079A,Destroy,,QZWDD2257331,"In Orbit Dubz, DSTRTN",Spotify,"August 2024",USA,Streaming,Single,Sale,1,0.001940000000
AUG-24,"DirtySnatcha Records","Run It Up",,"CHRMNDRS, Future Exit",198342476673,DSR0010A,"Run It Up",,GBWUL2081365,"CHRMNDRS, Future Exit",Spotify,"August 2024",HUN,Streaming,Single,Sale,1,0.001941000000
AUG-24,"DirtySnatcha Records",Tartarus,,CRiiOZ,198342042182,DSR127,"Watch Out",,USLZJ2405588,CRiiOZ,Spotify,"August 2024",HUN,Streaming,Single,Sale,1,0.001941000000
AUG-24,"DirtySnatcha Records",Tartarus,,CRiiOZ,198342042182,DSR127,"Let Go",,USLZJ2405592,CRiiOZ,Spotify,"August 2024",HUN,Streaming,Single,Sale,1,0.001941000000
AUG-24,"DirtySnatcha Records",Tartarus,,CRiiOZ,198342042182,DSR127,Trust,,USLZJ2405591,CRiiOZ,Spotify,"August 2024",HUN,Streaming,Single,Sale,1,0.001941000000
AUG-24,"DirtySnatcha Records","Loose It","BOU$HY Remix","Eazley, Autokorekt",198342491560,DSR0039A,"Loose It","BOU$HY Remix",GBRKQ2109631,"Eazley, Autokorekt, BOU$HY",Spotify,"August 2024",HUN,Streaming,Single,Sale,1,0.001941000000
AUG-24,"DirtySnatcha Records","Run It Up",,"CHRMNDRS, Future Exit",198342476673,DSR0010A,"Run It Up",,GBWUL2081365,"CHRMNDRS, Future Exit",Spotify,"August 2024",MEX,Streaming,Single,Sale,1,0.001944000000
AUG-24,"DirtySnatcha Records","Keep Moving","Aelius, Voyager, Wilco Beats Remix",DirtySnatcha,198342499863,DSR0083A,"Keep Moving","Aelius, Voyager, Wilco Beats Remix",QZWDD2263373,"DirtySnatcha, Aelius, Voyager, Wilco Beats",Spotify,"August 2024",MEX,Streaming,Single,Sale,1,0.001944000000
AUG-24,"DirtySnatcha Records","Take A Trip","DirtySnatcha Remix","HEXED, Labs",198342492369,DSR0086A,"Take A Trip","DirtySnatcha Remix",QZ5FN2303924,"HEXED, Labs, DirtySnatcha",Spotify,"August 2024",BRA,Streaming,Single,Sale,1,0.001946000000
AUG-24,"DirtySnatcha Records",Tartarus,,CRiiOZ,198342042182,DSR127,Trust,,USLZJ2405591,CRiiOZ,Spotify,"August 2024",BRA,Streaming,Single,Sale,1,0.001946000000
AUG-24,"DirtySnatcha Records","Round 2",,"Nekz, Meechie Murda",197999919441,DSR121,"Round 2",,QZ5FN2445592,"Nekz, Meechie Murda",Spotify,"August 2024",BRA,Streaming,Single,Sale,1,0.001946000000
AUG-24,"DirtySnatcha Records","Giving Up VIP",,"CHRMNDRS, SEEING\\DOUBLE",198342492154,DSR0044A,"Giving Up VIP",,GBWUL2158623,"CHRMNDRS, SEEING\\DOUBLE",Spotify,"August 2024",BRA,Streaming,Single,Sale,1,0.001946000000
AUG-24,"DirtySnatcha Records",Tartarus,,CRiiOZ,198342042182,DSR127,Psycho,,USLZJ2405590,"CRiiOZ, DSTRTN",Spotify,"August 2024",POL,Streaming,Single,Sale,1,0.001955000000
AUG-24,"DirtySnatcha Records",Game,,"Sloth, CHACKK",197999855442,DSR116,Game,,QZ5FN2416543,"Sloth, CHACKK",Spotify,"August 2024",MEX,Streaming,Single,Sale,1,0.001959000000
AUG-24,"DirtySnatcha Records","Fuck It Up",,"In Orbit Dubz",198342501825,DSR0078A,"Fuck It Up",,QZWDD2257318,"In Orbit Dubz",Spotify,"August 2024",MEX,Streaming,Single,Sale,1,0.001959000000
AUG-24,"DirtySnatcha Records","Loose It",,"Eazley, Autokorekt",198342478653,DSR0023A,"Loose It",,QZ5FN2097747,"Eazley, Autokorekt",Spotify,"August 2024",MEX,Streaming,Single,Sale,1,0.001959000000
AUG-24,"DirtySnatcha Records","Giving Up VIP",,"CHRMNDRS, SEEING\\DOUBLE",198342492154,DSR0044A,"Giving Up VIP",,GBWUL2158623,"CHRMNDRS, SEEING\\DOUBLE",Spotify,"August 2024",MEX,Streaming,Single,Sale,1,0.001959000000
AUG-24,"DirtySnatcha Records",Assertion,,Aalioura,198342502129,DSR0076A,Assertion,,QZWDD2238845,Aalioura,Spotify,"August 2024",MEX,Streaming,Single,Sale,1,0.001959000000
AUG-24,"DirtySnatcha Records","Need U","Ennaut Remix","DirtySnatcha, Autokorekt",198342500538,DSR0082A,"Need U","Ennaut Remix",QZWDD2263341,"DirtySnatcha, Autokorekt, Ennaut",Spotify,"August 2024",MEX,Streaming,Single,Sale,1,0.001959000000
AUG-24,"DirtySnatcha Records","Spectre Season",,Artifact,198342479643,DSR0101A,"Spectre Season",,QZWDD2336449,Artifact,Spotify,"August 2024",EGY,Streaming,Single,Sale,14,0.001963000000
AUG-24,"DirtySnatcha Records",WTF,,"BBX, Sloth",198342356135,DSR131,WTF,,GBRKQ2471312,"BBX, Sloth",Spotify,"August 2024",NLD,Streaming,Single,Sale,1,0.001964000000
AUG-24,"DirtySnatcha Records","Spectre Season",,Artifact,198342479643,DSR0101A,"Spectre Season",,QZWDD2336449,Artifact,Spotify,"August 2024",PRT,Streaming,Single,Sale,1,0.001975000000
AUG-24,"DirtySnatcha Records",Radioactivity,,"In Orbit Dubz",198342500118,DSR0053A,Radioactivity,,USLZJ2286474,"In Orbit Dubz",Snap,"July 2024",CAN,Streaming,"User Generated Content",Sale,1,0.001981000000
AUG-24,"DirtySnatcha Records","The Back Rooms EP",,"In Orbit Dubz",198342501023,DSR0081A,Nightmare,,QZWDD2257336,"In Orbit Dubz",Spotify,"August 2024",USA,Streaming,Single,Sale,1,0.002000000000
AUG-24,"DirtySnatcha Records","The Back Rooms EP",,"In Orbit Dubz",198342501023,DSR0081A,"Fuck It Up",,QZWDD2257318,"In Orbit Dubz",Spotify,"August 2024",USA,Streaming,Single,Sale,1,0.002000000000
AUG-24,"DirtySnatcha Records","The Back Rooms EP",,"In Orbit Dubz",198342501023,DSR0081A,"Back Rooms",,QZWDD2257316,"In Orbit Dubz",Spotify,"August 2024",USA,Streaming,Single,Sale,1,0.002000000000
AUG-24,"DirtySnatcha Records","Fog Horn",,DENNETT,198342502969,DSR0074A,"Fog Horn",,QZTRX2237730,DENNETT,"Apple Music","August 2024",SLV,Streaming,Single,Sale,1,0.002003000000
AUG-24,"DirtySnatcha Records","Back Rooms",,"In Orbit Dubz",198342498644,DSR0077A,"Back Rooms",,QZWDD2257316,"In Orbit Dubz","Amazon Music Unlimited","August 2024",BRA,Streaming,Single,Sale,1,0.002009000000
AUG-24,"DirtySnatcha Records","Westside Rollin","CHRMNDRS Remix",DirtySnatcha,198342475133,DSR0003A,"Westside Rollin","CHRMNDRS Remix",GBWUL1920889,"DirtySnatcha, CHRMNDRS",NetEase,"July 2024",CHN,Streaming,Single,Sale,3,0.002027000000
AUG-24,"DirtySnatcha Records","Eight Six",,BBX,198342480014,DSR0092A,"Eight Six",,QZTV32366095,BBX,"YouTube Streaming","August 2024",MEX,Streaming,"Art Track",Sale,1,0.002028000000
AUG-24,"DirtySnatcha Records","BIG UPS",,"RAZR, VASTIVE",198342478684,DSR0024A,"BIG UPS",,USLZJ2023938,"RAZR, VASTIVE","YouTube Streaming","August 2024",MEX,Streaming,"Art Track",Sale,1,0.002028000000
AUG-24,"DirtySnatcha Records",Game,,"Sloth, CHACKK",197999855442,DSR116,Game,,QZ5FN2416543,"Sloth, CHACKK",Spotify,"August 2024",CZE,Streaming,Single,Sale,16,0.002037000000
AUG-24,"DirtySnatcha Records","Genie In a Bottle",,"DirtySnatcha, Luci",198342437506,DSR132,"Genie In a Bottle",,GBWUL2407705,"DirtySnatcha, Luci","YouTube Streaming","August 2024",POL,Streaming,"Art Track",Sale,1,0.002055000000
AUG-24,"DirtySnatcha Records","GO MAD",,"DSTRTN, CRiiOZ",198342500286,DSR0056A,"GO MAD",,USLZJ2297741,"DSTRTN, CRiiOZ",Spotify,"August 2024",UKR,Streaming,Single,Sale,1,0.002082000000
AUG-24,"DirtySnatcha Records","BIG UPS",,"RAZR, VASTIVE",198342478684,DSR0024A,"BIG UPS",,USLZJ2023938,"RAZR, VASTIVE",Spotify,"August 2024",MEX,Streaming,Single,Sale,1,0.002087000000
AUG-24,"DirtySnatcha Records",Nightmare,,"In Orbit Dubz",198342501320,DSR0080A,Nightmare,,QZWDD2257336,"In Orbit Dubz",Spotify,"August 2024",BEL,Streaming,Single,Sale,4,0.002096000000
AUG-24,"DirtySnatcha Records",Tartarus,,CRiiOZ,198342042182,DSR127,Psycho,,USLZJ2405590,"CRiiOZ, DSTRTN","YouTube Streaming","August 2024",FRA,Streaming,"Art Track",Sale,2,0.002100000000
AUG-24,"DirtySnatcha Records",Riptide,,"David Vance, Blue",198342508046,DSR0064A,Riptide,,GBRKQ2211179,"David Vance, Blue",Spotify,"August 2024",ITA,Streaming,Single,Sale,1,0.002109000000
AUG-24,"DirtySnatcha Records",Tartarus,,CRiiOZ,198342042182,DSR127,"In The Walls",,USLZJ2405562,CRiiOZ,Spotify,"August 2024",ROM,Streaming,Single,Sale,1,0.002113000000
AUG-24,"DirtySnatcha Records","High On Life",,Autokorekt,198342479759,DSR0098A,"High On Life",,QZTV32368009,"Autokorekt, Ashclappem",Spotify,"August 2024",ROM,Streaming,Single,Sale,1,0.002113000000
AUG-24,"DirtySnatcha Records",Dimension,,"In Orbit Dubz, Nein Lives",198342496138,DSR0051A,Dimension,,QZ5FN2266737,"In Orbit Dubz, Nein Lives",Spotify,"August 2024",ROM,Streaming,Single,Sale,1,0.002113000000
AUG-24,"DirtySnatcha Records",Rudeboy,,"Seeing Double, Kryture",198342476352,DSR0007A,Rudeboy,,GBWUL2045907,"Seeing Double, Kryture",Spotify,"August 2024",THA,Streaming,Single,Sale,3,0.002116000000
AUG-24,"DirtySnatcha Records","Demon Hunter",,Zubah,198342478141,DSR0016A,"Demon Hunter",,QZ5FN2003847,Zubah,TIDAL,"August 2024",MEX,Streaming,Single,Sale,1,0.002117000000
AUG-24,"DirtySnatcha Records",Whoa,,"KirbyBright, Devious",198342485866,DSR133,Whoa,,GBWUL2431903,"KirbyBright, Devious","Facebook / Instagram","July 2024",USA,Streaming,"Audio Library: Consumption",Sale,85,0.002122000000
AUG-24,"DirtySnatcha Records",Tartarus,,CRiiOZ,198342042182,DSR127,Psycho,,USLZJ2405590,"CRiiOZ, DSTRTN",Spotify,"August 2024",CHL,Streaming,Single,Sale,3,0.002131000000
AUG-24,"DirtySnatcha Records","Fog Horn",,DENNETT,198342502969,DSR0074A,"Fog Horn",,QZTRX2237730,DENNETT,Spotify,"August 2024",CHL,Streaming,Single,Sale,3,0.002131000000
AUG-24,"DirtySnatcha Records",Nightmare,,"In Orbit Dubz",198342501320,DSR0080A,Nightmare,,QZWDD2257336,"In Orbit Dubz",Spotify,"August 2024",TUR,Streaming,Single,Sale,2,0.002133000000
AUG-24,"DirtySnatcha Records",Tartarus,,CRiiOZ,198342042182,DSR127,"In The Walls",,USLZJ2405562,CRiiOZ,Spotify,"August 2024",ROM,Streaming,Single,Sale,2,0.002138000000
AUG-24,"DirtySnatcha Records",Game,,"Sloth, CHACKK",197999855442,DSR116,Game,,QZ5FN2416543,"Sloth, CHACKK",iTunes,"August 2024",USA,Download,Single,Sale,3,0.002145000000
AUG-24,"DirtySnatcha Records",WTF,,"BBX, Sloth",198342356135,DSR131,WTF,,GBRKQ2471312,"BBX, Sloth",Spotify,"August 2024",DOM,Streaming,Single,Sale,2,0.002145000000
AUG-24,"DirtySnatcha Records",WTF,,"BBX, Sloth",198342356135,DSR131,WTF,,GBRKQ2471312,"BBX, Sloth",iTunes,"August 2024",USA,Download,Single,Sale,3,0.002145000000
AUG-24,"DirtySnatcha Records","Genie In a Bottle",,"DirtySnatcha, Luci",198342437506,DSR132,"Genie In a Bottle",,GBWUL2407705,"DirtySnatcha, Luci",Spotify,"August 2024",COL,Streaming,Single,Sale,4,0.002147000000
AUG-24,"DirtySnatcha Records",WTF,,"BBX, Sloth",198342356135,DSR131,WTF,,GBRKQ2471312,"BBX, Sloth",Spotify,"August 2024",UKR,Streaming,Single,Sale,1,0.002178000000
AUG-24,"DirtySnatcha Records","Hyper Drive",,Contakt,198342478691,DSR0025A,"Hyper Drive",,USLZJ2046457,Contakt,"YouTube Streaming","August 2024",MEX,Streaming,"Art Track",Sale,2,0.002186000000
AUG-24,"DirtySnatcha Records","Keep Moving","Audigy Remix",DirtySnatcha,197999143198,DSR0104,"Keep Moving","Audigy Remix",QZWV32320452,"DirtySnatcha, Audigy",Spotify,"August 2024",MEX,Streaming,Single,Sale,1,0.002188000000
AUG-24,"DirtySnatcha Records","Genie In a Bottle",,"DirtySnatcha, Luci",198342437506,DSR132,"Genie In a Bottle",,GBWUL2407705,"DirtySnatcha, Luci","Apple DJ Mixes","August 2024",MEX,Streaming,Single,Sale,13,0.002192000000
AUG-24,"DirtySnatcha Records","Genie In a Bottle",,"DirtySnatcha, Luci",198342437506,DSR132,"Genie In a Bottle",,GBWUL2407705,"DirtySnatcha, Luci",Spotify,"August 2024",PHL,Streaming,Single,Sale,2,0.002195000000
AUG-24,"DirtySnatcha Records",Tartarus,,CRiiOZ,198342042182,DSR127,Psycho,,USLZJ2405590,"CRiiOZ, DSTRTN",Spotify,"August 2024",COL,Streaming,Single,Sale,2,0.002200000000
AUG-24,"DirtySnatcha Records","Spectre Season",,Artifact,198342479643,DSR0101A,"Spectre Season",,QZWDD2336449,Artifact,Spotify,"August 2024",MEX,Streaming,Single,Sale,3,0.002205000000
AUG-24,"DirtySnatcha Records",Tartarus,,CRiiOZ,198342042182,DSR127,"In The Walls",,USLZJ2405562,CRiiOZ,Spotify,"August 2024",DEU,Streaming,Single,Sale,1,0.002205000000
AUG-24,"DirtySnatcha Records","Eight Six",,BBX,198342480014,DSR0092A,"Eight Six",,QZTV32366095,BBX,Spotify,"August 2024",MEX,Streaming,Single,Sale,3,0.002205000000
AUG-24,"DirtySnatcha Records","Run It Up",,"CHRMNDRS, Future Exit",198342476673,DSR0010A,"Run It Up",,GBWUL2081365,"CHRMNDRS, Future Exit",Spotify,"August 2024",MEX,Streaming,Single,Sale,3,0.002205000000
AUG-24,"DirtySnatcha Records",Radioactivity,,"In Orbit Dubz",198342500118,DSR0053A,Radioactivity,,USLZJ2286474,"In Orbit Dubz",Spotify,"August 2024",MEX,Streaming,Single,Sale,3,0.002205000000
AUG-24,"DirtySnatcha Records","Black & Gold",,BBX,198342479988,DSR0093A,"Black & Gold",,QZTV32366677,BBX,Spotify,"August 2024",MEX,Streaming,Single,Sale,3,0.002205000000
AUG-24,"DirtySnatcha Records",Nightmare,,"In Orbit Dubz",198342501320,DSR0080A,Nightmare,,QZWDD2257336,"In Orbit Dubz",Spotify,"August 2024",DEU,Streaming,Single,Sale,1,0.002205000000
AUG-24,"DirtySnatcha Records","Out Of Service",,"Autokorekt, ChemDawg",198342492215,DSR0046A,"Out Of Service",,GBWUL2192863,"Autokorekt, ChemDawg, Versace",Spotify,"August 2024",DEU,Streaming,Single,Sale,1,0.002205000000
AUG-24,"DirtySnatcha Records",WTF,,"BBX, Sloth",198342356135,DSR131,WTF,,GBRKQ2471312,"BBX, Sloth",Spotify,"August 2024",POL,Streaming,Single,Sale,22,0.002213000000
AUG-24,"DirtySnatcha Records","Genie In a Bottle",,"DirtySnatcha, Luci",198342437506,DSR132,"Genie In a Bottle",,GBWUL2407705,"DirtySnatcha, Luci",Spotify,"August 2024",IND,Streaming,Single,Sale,4,0.002215000000
AUG-24,"DirtySnatcha Records",Hypnotize,,"In Orbit Dubz",197999477019,DSR113,Hypnotize,,QZZ8B2327916,"In Orbit Dubz","Apple Music","August 2024",IND,Streaming,Single,Sale,1,0.002224000000
AUG-24,"DirtySnatcha Records","GO MAD",,"DSTRTN, CRiiOZ",198342500286,DSR0056A,"GO MAD",,USLZJ2297741,"DSTRTN, CRiiOZ",Spotify,"August 2024",AUT,Streaming,Single,Sale,1,0.002225000000
AUG-24,"DirtySnatcha Records",Scorpion,,Torcha,198342501160,DSR0057A,Scorpion,,GBRKQ2202745,Torcha,Spotify,"August 2024",AUT,Streaming,Single,Sale,1,0.002225000000
AUG-24,"DirtySnatcha Records","Genie In a Bottle",,"DirtySnatcha, Luci",198342437506,DSR132,"Genie In a Bottle",,GBWUL2407705,"DirtySnatcha, Luci",Spotify,"August 2024",TUR,Streaming,Single,Sale,3,0.002225000000
AUG-24,"DirtySnatcha Records","High On Life",,Autokorekt,198342479759,DSR0098A,"High On Life",,QZTV32368009,"Autokorekt, Ashclappem",Spotify,"August 2024",HUN,Streaming,Single,Sale,2,0.002225000000
AUG-24,"DirtySnatcha Records",Tartarus,,CRiiOZ,198342042182,DSR127,"In The Walls",,USLZJ2405562,CRiiOZ,Spotify,"August 2024",AUT,Streaming,Single,Sale,1,0.002225000000
AUG-24,"DirtySnatcha Records",Tartarus,,CRiiOZ,198342042182,DSR127,Psycho,,USLZJ2405590,"CRiiOZ, DSTRTN",Spotify,"August 2024",TUR,Streaming,Single,Sale,3,0.002241000000
AUG-24,"DirtySnatcha Records","GO MAD",,"DSTRTN, CRiiOZ",198342500286,DSR0056A,"GO MAD",,USLZJ2297741,"DSTRTN, CRiiOZ",Spotify,"August 2024",TUR,Streaming,Single,Sale,2,0.002245000000
AUG-24,"DirtySnatcha Records",Tartarus,,CRiiOZ,198342042182,DSR127,Psycho,,USLZJ2405590,"CRiiOZ, DSTRTN","Facebook / Instagram","July 2024",USA,Streaming,"Audio Library: Consumption",Sale,90,0.002247000000
AUG-24,"DirtySnatcha Records","Genie In a Bottle",,"DirtySnatcha, Luci",198342437506,DSR132,"Genie In a Bottle",,GBWUL2407705,"DirtySnatcha, Luci",Spotify,"August 2024",ECU,Streaming,Single,Sale,2,0.002247000000
AUG-24,"DirtySnatcha Records",Tartarus,,CRiiOZ,198342042182,DSR127,"Let Go",,USLZJ2405592,CRiiOZ,"Apple Music","August 2024",CAN,Streaming,Single,Sale,1,0.002253000000
AUG-24,"DirtySnatcha Records",WTF,,"BBX, Sloth",198342356135,DSR131,WTF,,GBRKQ2471312,"BBX, Sloth",Spotify,"August 2024",BOL,Streaming,Single,Sale,1,0.002253000000
AUG-24,"DirtySnatcha Records","GO MAD",,"DSTRTN, CRiiOZ",198342500286,DSR0056A,"GO MAD",,USLZJ2297741,"DSTRTN, CRiiOZ","Apple Music","August 2024",CAN,Streaming,Single,Sale,1,0.002253000000
AUG-24,"DirtySnatcha Records",Rudeboy,,"Seeing Double, Kryture",198342476352,DSR0007A,Rudeboy,,GBWUL2045907,"Seeing Double, Kryture","Apple Music","August 2024",CAN,Streaming,Single,Sale,1,0.002253000000
AUG-24,"DirtySnatcha Records",Tartarus,,CRiiOZ,198342042182,DSR127,"Let Go",,USLZJ2405592,CRiiOZ,"YouTube Streaming","August 2024",FRA,Streaming,"Art Track",Sale,1,0.002255000000
AUG-24,"DirtySnatcha Records","GO MAD",,"DSTRTN, CRiiOZ",198342500286,DSR0056A,"GO MAD",,USLZJ2297741,"DSTRTN, CRiiOZ",Spotify,"August 2024",MEX,Streaming,Single,Sale,1,0.002267000000
AUG-24,"DirtySnatcha Records",Whoa,,"KirbyBright, Devious",198342485866,DSR133,Whoa,,GBWUL2431903,"KirbyBright, Devious",Spotify,"August 2024",SLV,Streaming,Single,Sale,1,0.002272000000
AUG-24,"DirtySnatcha Records","Run It Up",,"CHRMNDRS, Future Exit",198342476673,DSR0010A,"Run It Up",,GBWUL2081365,"CHRMNDRS, Future Exit",Spotify,"August 2024",SLV,Streaming,Single,Sale,1,0.002272000000
AUG-24,"DirtySnatcha Records",Bloodthirsty,,Howker,198342475331,DSR0004A,Bloodthirsty,,GBWUL1958037,Howker,"Apple Music","August 2024",MEX,Streaming,Single,Sale,2,0.002274000000
AUG-24,"DirtySnatcha Records","GO MAD",,"DSTRTN, CRiiOZ",198342500286,DSR0056A,"GO MAD",,USLZJ2297741,"DSTRTN, CRiiOZ",Spotify,"August 2024",BRA,Streaming,Single,Sale,1,0.002277000000
AUG-24,"DirtySnatcha Records","Genie In a Bottle",,"DirtySnatcha, Luci",198342437506,DSR132,"Genie In a Bottle",,GBWUL2407705,"DirtySnatcha, Luci","Apple Music","August 2024",RUS,Streaming,Single,Sale,1,0.002279000000
AUG-24,"DirtySnatcha Records","GO MAD",,"DSTRTN, CRiiOZ",198342500286,DSR0056A,"GO MAD",,USLZJ2297741,"DSTRTN, CRiiOZ",Spotify,"August 2024",PRY,Streaming,Single,Sale,5,0.002284000000
AUG-24,"DirtySnatcha Records",WTF,,"BBX, Sloth",198342356135,DSR131,WTF,,GBRKQ2471312,"BBX, Sloth",Spotify,"August 2024",NLD,Streaming,Single,Sale,3,0.002288000000
AUG-24,"DirtySnatcha Records","Giving Up VIP",,"CHRMNDRS, SEEING\\DOUBLE",198342492154,DSR0044A,"Giving Up VIP",,GBWUL2158623,"CHRMNDRS, SEEING\\DOUBLE",Spotify,"August 2024",NLD,Streaming,Single,Sale,3,0.002288000000
AUG-24,"DirtySnatcha Records","Genie In a Bottle",,"DirtySnatcha, Luci",198342437506,DSR132,"Genie In a Bottle",,GBWUL2407705,"DirtySnatcha, Luci",Spotify,"August 2024",NZL,Streaming,Single,Sale,4,0.002295000000
AUG-24,"DirtySnatcha Records",Game,,"Sloth, CHACKK",197999855442,DSR116,Game,,QZ5FN2416543,"Sloth, CHACKK",Spotify,"August 2024",GTM,Streaming,Single,Sale,1,0.002296000000
AUG-24,"DirtySnatcha Records","Genie In a Bottle",,"DirtySnatcha, Luci",198342437506,DSR132,"Genie In a Bottle",,GBWUL2407705,"DirtySnatcha, Luci","Facebook / Instagram","July 2024",USA,Streaming,"Audio Library: Consumption",Sale,92,0.002297000000
AUG-24,"DirtySnatcha Records","Genie In a Bottle",,"DirtySnatcha, Luci",198342437506,DSR132,"Genie In a Bottle",,GBWUL2407705,"DirtySnatcha, Luci","YouTube Streaming","August 2024",USA,Streaming,"Art Track",Sale,1,0.002298000000
AUG-24,"DirtySnatcha Records","Genie In a Bottle",,"DirtySnatcha, Luci",198342437506,DSR132,"Genie In a Bottle",,GBWUL2407705,"DirtySnatcha, Luci",Spotify,"August 2024",KOR,Streaming,Single,Sale,1,0.002306000000
AUG-24,"DirtySnatcha Records",Tartarus,,CRiiOZ,198342042182,DSR127,"In The Walls",,USLZJ2405562,CRiiOZ,Spotify,"August 2024",MEX,Streaming,Single,Sale,18,0.002316000000
AUG-24,"DirtySnatcha Records","GO MAD",,"DSTRTN, CRiiOZ",198342500286,DSR0056A,"GO MAD",,USLZJ2297741,"DSTRTN, CRiiOZ",Spotify,"August 2024",PER,Streaming,Single,Sale,2,0.002318000000
AUG-24,"DirtySnatcha Records","Riddim Gang",,"Megahurtz, Alienpark",198342478288,DSR0020A,"Riddim Gang",,QZ5FN2074245,"Megahurtz, Alienpark",Spotify,"August 2024",DEU,Streaming,Single,Sale,1,0.002320000000
AUG-24,"DirtySnatcha Records",Radioactivity,,"In Orbit Dubz",198342500118,DSR0053A,Radioactivity,,USLZJ2286474,"In Orbit Dubz",Spotify,"August 2024",DEU,Streaming,Single,Sale,1,0.002320000000
AUG-24,"DirtySnatcha Records","Apple Sowce",,Autokorekt,198342768341,DSR134,"Apple Sowce",,QZTRX2474922,Autokorekt,Spotify,"August 2024",DEU,Streaming,Single,Sale,1,0.002320000000
AUG-24,"DirtySnatcha Records","Black & Gold",,BBX,198342479889,DSR0096A,Shook,,QZTV32366682,BBX,Spotify,"August 2024",DEU,Streaming,Single,Sale,1,0.002320000000
AUG-24,"DirtySnatcha Records","Round 2",,"Nekz, Meechie Murda",197999919441,DSR121,"Round 2",,QZ5FN2445592,"Nekz, Meechie Murda",Spotify,"August 2024",DEU,Streaming,Single,Sale,1,0.002320000000
AUG-24,"DirtySnatcha Records",Tartarus,,CRiiOZ,198342042182,DSR127,Psycho,,USLZJ2405590,"CRiiOZ, DSTRTN",Spotify,"August 2024",PER,Streaming,Single,Sale,4,0.002321000000
AUG-24,"DirtySnatcha Records",Tartarus,,CRiiOZ,198342042182,DSR127,"In The Walls",,USLZJ2405562,CRiiOZ,Spotify,"August 2024",EST,Streaming,Single,Sale,1,0.002326000000
AUG-24,"DirtySnatcha Records","Crushed Glass",,BBX,198342479902,DSR0095A,"Crushed Glass",,QZTV32366684,BBX,Spotify,"August 2024",ARG,Streaming,Single,Sale,3,0.002328000000
AUG-24,"DirtySnatcha Records","Break Beat",,Krxnik,198342476321,DSR0005A,"Break Beat",,GBWUL2005941,Krxnik,Snap,"July 2024",FRA,Streaming,"User Generated Content",Sale,1,0.002330000000
AUG-24,"DirtySnatcha Records",Whoa,,"KirbyBright, Devious",198342485866,DSR133,Whoa,,GBWUL2431903,"KirbyBright, Devious",Spotify,"August 2024",POL,Streaming,Single,Sale,1,0.002347000000
AUG-24,"DirtySnatcha Records",Shook,,BBX,198342479957,DSR0094A,Shook,,QZTV32366682,BBX,Spotify,"August 2024",POL,Streaming,Single,Sale,1,0.002347000000
AUG-24,"DirtySnatcha Records","Keep Moving","Audigy Remix",DirtySnatcha,197999143198,DSR0104,"Keep Moving","Audigy Remix",QZWV32320452,"DirtySnatcha, Audigy",Spotify,"August 2024",POL,Streaming,Single,Sale,1,0.002347000000
AUG-24,"DirtySnatcha Records","Apple Sowce",,Autokorekt,198342768341,DSR134,"Apple Sowce",,QZTRX2474922,Autokorekt,Spotify,"August 2024",POL,Streaming,Single,Sale,1,0.002347000000
AUG-24,"DirtySnatcha Records",Bloodthirsty,,Howker,198342475331,DSR0004A,Bloodthirsty,,GBWUL1958037,Howker,Spotify,"August 2024",POL,Streaming,Single,Sale,1,0.002347000000
AUG-24,"DirtySnatcha Records",PTSD,,SHOCKZ,198342479049,DSR0028A,PTSD,,USLZJ2069504,SHOCKZ,Spotify,"August 2024",POL,Streaming,Single,Sale,1,0.002347000000
AUG-24,"DirtySnatcha Records",Bloodthirsty,,Howker,198342475331,DSR0004A,Bloodthirsty,,GBWUL1958037,Howker,Spotify,"August 2024",FRA,Streaming,Single,Sale,1,0.002357000000
AUG-24,"DirtySnatcha Records",Tartarus,,CRiiOZ,198342042182,DSR127,Trust,,USLZJ2405591,CRiiOZ,Spotify,"August 2024",USA,Streaming,Single,Sale,1,0.002360000000
AUG-24,"DirtySnatcha Records","Round 2",,"Nekz, Meechie Murda",197999919441,DSR121,"Round 2",,QZ5FN2445592,"Nekz, Meechie Murda",Spotify,"August 2024",HUN,Streaming,Single,Sale,1,0.002375000000
AUG-24,"DirtySnatcha Records","Keep Moving","Aelius, Voyager, Wilco Beats Remix",DirtySnatcha,198342499863,DSR0083A,"Keep Moving","Aelius, Voyager, Wilco Beats Remix",QZWDD2263373,"DirtySnatcha, Aelius, Voyager, Wilco Beats",Spotify,"August 2024",CAN,Streaming,Single,Sale,1,0.002388000000
AUG-24,"DirtySnatcha Records","Back Rooms",,"In Orbit Dubz",198342498644,DSR0077A,"Back Rooms",,QZWDD2257316,"In Orbit Dubz",NetEase,"July 2024",CHN,Streaming,Single,Sale,16,0.002399000000
AUG-24,"DirtySnatcha Records","Need U","Dobadlyy Remix","DirtySnatcha, Autokorekt",198342491317,DSR0033A,"Need U","Dobadlyy Remix",QZ5FN2114150,"DirtySnatcha, Autokorekt, Dobadlyy",Spotify,"August 2024",GBR,Streaming,Single,Sale,2,0.002402000000
AUG-24,"DirtySnatcha Records",Nightmare,,"In Orbit Dubz",198342501320,DSR0080A,Nightmare,,QZWDD2257336,"In Orbit Dubz",Spotify,"August 2024",LVA,Streaming,Single,Sale,1,0.002403000000
AUG-24,"DirtySnatcha Records",Suffer,,"Phobos & Deimos",198342503287,DSR0073A,Suffer,,QZTRX2218697,"Phobos & Deimos","Amazon Music Unlimited","August 2024",DEU,Streaming,Single,Sale,1,0.002418000000
AUG-24,"DirtySnatcha Records","Take A Trip","DirtySnatcha Remix","HEXED, Labs",198342492369,DSR0086A,"Take A Trip","DirtySnatcha Remix",QZ5FN2303924,"HEXED, Labs, DirtySnatcha",Spotify,"August 2024",URY,Streaming,Single,Sale,1,0.002423000000
AUG-24,"DirtySnatcha Records","Spectre Season",,Artifact,198342479643,DSR0101A,"Spectre Season",,QZWDD2336449,Artifact,Spotify,"August 2024",URY,Streaming,Single,Sale,1,0.002423000000
AUG-24,"DirtySnatcha Records","Genie In a Bottle",,"DirtySnatcha, Luci",198342437506,DSR132,"Genie In a Bottle",,GBWUL2407705,"DirtySnatcha, Luci",Spotify,"August 2024",IDN,Streaming,Single,Sale,1,0.002426000000
AUG-24,"DirtySnatcha Records",Tartarus,,CRiiOZ,198342042182,DSR127,"In The Walls",,USLZJ2405562,CRiiOZ,Spotify,"August 2024",CHL,Streaming,Single,Sale,1,0.002429000000
AUG-24,"DirtySnatcha Records","High On Life",,Autokorekt,198342479759,DSR0098A,"High On Life",,QZTV32368009,"Autokorekt, Ashclappem",Spotify,"August 2024",MEX,Streaming,Single,Sale,1,0.002429000000
AUG-24,"DirtySnatcha Records","Keep Moving","Audigy Remix",DirtySnatcha,197999143198,DSR0104,"Keep Moving","Audigy Remix",QZWV32320452,"DirtySnatcha, Audigy",Spotify,"August 2024",CHL,Streaming,Single,Sale,1,0.002429000000
AUG-24,"DirtySnatcha Records","GO MAD",,"DSTRTN, CRiiOZ",198342500286,DSR0056A,"GO MAD",,USLZJ2297741,"DSTRTN, CRiiOZ",Spotify,"August 2024",HUN,Streaming,Single,Sale,1,0.002449000000
AUG-24,"DirtySnatcha Records","Genie In a Bottle",,"DirtySnatcha, Luci",198342437506,DSR132,"Genie In a Bottle",,GBWUL2407705,"DirtySnatcha, Luci","YouTube Content ID","August 2024",USA,UGC,"Sound Recording",Sale,10,0.002456000000
AUG-24,"DirtySnatcha Records","Genie In a Bottle",,"DirtySnatcha, Luci",198342437506,DSR132,"Genie In a Bottle",,GBWUL2407705,"DirtySnatcha, Luci",Spotify,"August 2024",JAM,Streaming,Single,Sale,1,0.002461000000
AUG-24,"DirtySnatcha Records","Keep Moving","Audigy Remix",DirtySnatcha,197999143198,DSR0104,"Keep Moving","Audigy Remix",QZWV32320452,"DirtySnatcha, Audigy",Spotify,"August 2024",JAM,Streaming,Single,Sale,1,0.002461000000
AUG-24,"DirtySnatcha Records",Tartarus,,CRiiOZ,198342042182,DSR127,"Let Go",,USLZJ2405592,CRiiOZ,Spotify,"August 2024",CRI,Streaming,Single,Sale,2,0.002466000000
AUG-24,"DirtySnatcha Records",Tartarus,,CRiiOZ,198342042182,DSR127,Psycho,,USLZJ2405590,"CRiiOZ, DSTRTN",Spotify,"August 2024",CRI,Streaming,Single,Sale,2,0.002466000000
AUG-24,"DirtySnatcha Records",Tartarus,,CRiiOZ,198342042182,DSR127,Psycho,,USLZJ2405590,"CRiiOZ, DSTRTN",Spotify,"August 2024",CRI,Streaming,Single,Sale,1,0.002466000000
AUG-24,"DirtySnatcha Records","GO MAD",,"DSTRTN, CRiiOZ",198342500286,DSR0056A,"GO MAD",,USLZJ2297741,"DSTRTN, CRiiOZ",Spotify,"August 2024",CRI,Streaming,Single,Sale,2,0.002466000000
AUG-24,"DirtySnatcha Records",Dimension,,"In Orbit Dubz, Nein Lives",198342496138,DSR0051A,Dimension,,QZ5FN2266737,"In Orbit Dubz, Nein Lives","Apple Music","August 2024",CAN,Streaming,Single,Sale,1,0.002475000000
AUG-24,"DirtySnatcha Records",PTSD,,SHOCKZ,198342479049,DSR0028A,PTSD,,USLZJ2069504,SHOCKZ,"Apple Music","August 2024",CAN,Streaming,Single,Sale,1,0.002475000000
AUG-24,"DirtySnatcha Records","Dodge Ball",,Toast,198342464809,DSR0001A,"Dodge Ball",,GBWUL1907096,Toast,"Apple Music","August 2024",CAN,Streaming,Single,Sale,1,0.002475000000
AUG-24,"DirtySnatcha Records","Keep Moving","Aelius, Voyager, Wilco Beats Remix",DirtySnatcha,198342499863,DSR0083A,"Keep Moving","Aelius, Voyager, Wilco Beats Remix",QZWDD2263373,"DirtySnatcha, Aelius, Voyager, Wilco Beats","Pandora (Radio)","July 2024",USA,Streaming,Single,Sale,1,0.002478000000
AUG-24,"DirtySnatcha Records","Keep Moving","Audigy Remix",DirtySnatcha,197999143198,DSR0104,"Keep Moving","Audigy Remix",QZWV32320452,"DirtySnatcha, Audigy","Pandora (Radio)","July 2024",USA,Streaming,Single,Sale,1,0.002478000000
AUG-24,"DirtySnatcha Records","Back Rooms",,"In Orbit Dubz",198342498644,DSR0077A,"Back Rooms",,QZWDD2257316,"In Orbit Dubz","Amazon Music Unlimited","August 2024",MEX,Streaming,Single,Sale,1,0.002490000000
AUG-24,"DirtySnatcha Records",WTF,,"BBX, Sloth",198342356135,DSR131,WTF,,GBRKQ2471312,"BBX, Sloth",Spotify,"August 2024",GTM,Streaming,Single,Sale,1,0.002490000000
AUG-24,"DirtySnatcha Records","Genie In a Bottle",,"DirtySnatcha, Luci",198342437506,DSR132,"Genie In a Bottle",,GBWUL2407705,"DirtySnatcha, Luci",Spotify,"August 2024",CHL,Streaming,Single,Sale,1,0.002501000000
AUG-24,"DirtySnatcha Records","Fog Horn",,DENNETT,198342502969,DSR0074A,"Fog Horn",,QZTRX2237730,DENNETT,Spotify,"August 2024",SVN,Streaming,Single,Sale,2,0.002502000000
AUG-24,"DirtySnatcha Records","Out Of Service",,"Autokorekt, ChemDawg",198342492215,DSR0046A,"Out Of Service",,GBWUL2192863,"Autokorekt, ChemDawg, Versace",Spotify,"August 2024",BEL,Streaming,Single,Sale,1,0.002508000000
AUG-24,"DirtySnatcha Records","Genie In a Bottle",,"DirtySnatcha, Luci",198342437506,DSR132,"Genie In a Bottle",,GBWUL2407705,"DirtySnatcha, Luci",Spotify,"August 2024",BGR,Streaming,Single,Sale,1,0.002510000000
AUG-24,"DirtySnatcha Records","Riddim Gang",,"Megahurtz, Alienpark",198342478288,DSR0020A,"Riddim Gang",,QZ5FN2074245,"Megahurtz, Alienpark","YouTube Streaming","August 2024",PHL,Streaming,"Art Track",Sale,1,0.002532000000
AUG-24,"DirtySnatcha Records",Tartarus,,CRiiOZ,198342042182,DSR127,Psycho,,USLZJ2405590,"CRiiOZ, DSTRTN",Spotify,"August 2024",FRA,Streaming,Single,Sale,7,0.002536000000
AUG-24,"DirtySnatcha Records",Game,,"Sloth, CHACKK",197999855442,DSR116,Game,,QZ5FN2416543,"Sloth, CHACKK",Spotify,"August 2024",SWE,Streaming,Single,Sale,1,0.002537000000
AUG-24,"DirtySnatcha Records","Genie In a Bottle",,"DirtySnatcha, Luci",198342437506,DSR132,"Genie In a Bottle",,GBWUL2407705,"DirtySnatcha, Luci",Spotify,"August 2024",PHL,Streaming,Single,Sale,6,0.002540000000
AUG-24,"DirtySnatcha Records","Fog Horn",,DENNETT,198342502969,DSR0074A,"Fog Horn",,QZTRX2237730,DENNETT,Spotify,"August 2024",POL,Streaming,Single,Sale,1,0.002543000000
AUG-24,"DirtySnatcha Records",Hypnotize,,"In Orbit Dubz",197999477019,DSR113,Hypnotize,,QZZ8B2327916,"In Orbit Dubz",Spotify,"August 2024",POL,Streaming,Single,Sale,1,0.002543000000
AUG-24,"DirtySnatcha Records",WTF,,"BBX, Sloth",198342356135,DSR131,WTF,,GBRKQ2471312,"BBX, Sloth",Spotify,"August 2024",POL,Streaming,Single,Sale,1,0.002543000000
AUG-24,"DirtySnatcha Records",Tartarus,,CRiiOZ,198342042182,DSR127,"Watch Out",,USLZJ2405588,CRiiOZ,Spotify,"August 2024",ITA,Streaming,Single,Sale,8,0.002549000000
AUG-24,"DirtySnatcha Records","Genie In a Bottle",,"DirtySnatcha, Luci",198342437506,DSR132,"Genie In a Bottle",,GBWUL2407705,"DirtySnatcha, Luci",Spotify,"August 2024",IRL,Streaming,Single,Sale,1,0.002550000000
AUG-24,"DirtySnatcha Records",WTF,,"BBX, Sloth",198342356135,DSR131,WTF,,GBRKQ2471312,"BBX, Sloth",Spotify,"August 2024",IND,Streaming,Single,Sale,2,0.002550000000
AUG-24,"DirtySnatcha Records",WTF,,"BBX, Sloth",198342356135,DSR131,WTF,,GBRKQ2471312,"BBX, Sloth",Spotify,"August 2024",MYS,Streaming,Single,Sale,4,0.002571000000
AUG-24,"DirtySnatcha Records","Crushed Glass",,BBX,198342479902,DSR0095A,"Crushed Glass",,QZTV32366684,BBX,"YouTube Streaming","August 2024",DOM,Streaming,"Art Track",Sale,1,0.002576000000
AUG-24,"DirtySnatcha Records",LIGMA,,"BBX, Jonomatic, Geeku",198342492208,DSR0045A,LIGMA,,GBWUL2171015,"BBX, Jonomatic, Geeku",Spotify,"August 2024",IDN,Streaming,Single,Sale,2,0.002582000000
AUG-24,"DirtySnatcha Records",WTF,,"BBX, Sloth",198342356135,DSR131,WTF,,GBRKQ2471312,"BBX, Sloth",Spotify,"August 2024",IDN,Streaming,Single,Sale,2,0.002582000000
AUG-24,"DirtySnatcha Records",Tartarus,,CRiiOZ,198342042182,DSR127,Psycho,,USLZJ2405590,"CRiiOZ, DSTRTN",Spotify,"August 2024",AUT,Streaming,Single,Sale,1,0.002583000000
AUG-24,"DirtySnatcha Records",Tartarus,,CRiiOZ,198342042182,DSR127,Psycho,,USLZJ2405590,"CRiiOZ, DSTRTN",Spotify,"August 2024",SWE,Streaming,Single,Sale,1,0.002585000000
AUG-24,"DirtySnatcha Records",Nightmare,,"In Orbit Dubz",198342501320,DSR0080A,Nightmare,,QZWDD2257336,"In Orbit Dubz",Spotify,"August 2024",SWE,Streaming,Single,Sale,1,0.002585000000
AUG-24,"DirtySnatcha Records","Keep Moving","Audigy Remix",DirtySnatcha,197999143198,DSR0104,"Keep Moving","Audigy Remix",QZWV32320452,"DirtySnatcha, Audigy",Spotify,"August 2024",SWE,Streaming,Single,Sale,1,0.002585000000
AUG-24,"DirtySnatcha Records","Genie In a Bottle",,"DirtySnatcha, Luci",198342437506,DSR132,"Genie In a Bottle",,GBWUL2407705,"DirtySnatcha, Luci",Spotify,"August 2024",PHL,Streaming,Single,Sale,3,0.002618000000
AUG-24,"DirtySnatcha Records",WTF,,"BBX, Sloth",198342356135,DSR131,WTF,,GBRKQ2471312,"BBX, Sloth",Spotify,"August 2024",CHE,Streaming,Single,Sale,1,0.002619000000
AUG-24,"DirtySnatcha Records",Tartarus,,CRiiOZ,198342042182,DSR127,Psycho,,USLZJ2405590,"CRiiOZ, DSTRTN",Spotify,"August 2024",ESP,Streaming,Single,Sale,11,0.002621000000
AUG-24,"DirtySnatcha Records","Out Of Service",,"Autokorekt, ChemDawg",198342492215,DSR0046A,"Out Of Service",,GBWUL2192863,"Autokorekt, ChemDawg, Versace",Spotify,"August 2024",NOR,Streaming,Single,Sale,1,0.002623000000
AUG-24,"DirtySnatcha Records","Take A Trip","DirtySnatcha Remix","HEXED, Labs",198342492369,DSR0086A,"Take A Trip","DirtySnatcha Remix",QZ5FN2303924,"HEXED, Labs, DirtySnatcha",Spotify,"August 2024",NOR,Streaming,Single,Sale,1,0.002623000000
AUG-24,"DirtySnatcha Records","Out Of Service",,"Autokorekt, ChemDawg",198342492215,DSR0046A,"Out Of Service",,GBWUL2192863,"Autokorekt, ChemDawg, Versace",Spotify,"August 2024",MEX,Streaming,Single,Sale,1,0.002635000000
AUG-24,"DirtySnatcha Records","Genie In a Bottle",,"DirtySnatcha, Luci",198342437506,DSR132,"Genie In a Bottle",,GBWUL2407705,"DirtySnatcha, Luci",Spotify,"August 2024",THA,Streaming,Single,Sale,1,0.002636000000
AUG-24,"DirtySnatcha Records",Killas,,"Bandido, TMBRWLF",197999456380,DSR112,Killas,,QZZ8B2315613,"Bandido, TMBRWLF","YouTube Content ID","August 2024",GBR,UGC,"Sound Recording",Sale,1,0.002642000000
AUG-24,"DirtySnatcha Records",Heartbreaker,,Kryture,198342478202,DSR0019A,Heartbreaker,,QZ5FN2071126,Kryture,"Apple Music","August 2024",CAN,Streaming,Single,Sale,1,0.002645000000
AUG-24,"DirtySnatcha Records","Giving Up VIP",,"CHRMNDRS, SEEING\\DOUBLE",198342492154,DSR0044A,"Giving Up VIP",,GBWUL2158623,"CHRMNDRS, SEEING\\DOUBLE","Apple Music","August 2024",USA,Streaming,Single,Sale,1,0.002651000000
AUG-24,"DirtySnatcha Records",Radioactivity,,"In Orbit Dubz",198342500118,DSR0053A,Radioactivity,,USLZJ2286474,"In Orbit Dubz",Spotify,"August 2024",GBR,Streaming,Single,Sale,1,0.002677000000
AUG-24,"DirtySnatcha Records","Run It Up",,"CHRMNDRS, Future Exit",198342476673,DSR0010A,"Run It Up",,GBWUL2081365,"CHRMNDRS, Future Exit",Deezer,"June 2024",BRA,Streaming,Single,Sale,1,0.002681000000
AUG-24,"DirtySnatcha Records",Tartarus,,CRiiOZ,198342042182,DSR127,Psycho,,USLZJ2405590,"CRiiOZ, DSTRTN",Spotify,"August 2024",HUN,Streaming,Single,Sale,1,0.002686000000
AUG-24,"DirtySnatcha Records",WTF,,"BBX, Sloth",198342356135,DSR131,WTF,,GBRKQ2471312,"BBX, Sloth",Spotify,"August 2024",COL,Streaming,Single,Sale,4,0.002691000000
AUG-24,"DirtySnatcha Records","Acting Out",,"Megahurtz, Blue",198342479070,DSR0029A,"Acting Out",,USLZJ2069505,"Megahurtz, Blue, Rico Act",Spotify,"August 2024",CAN,Streaming,Single,Sale,1,0.002694000000
AUG-24,"DirtySnatcha Records","Loose It","BOU$HY Remix","Eazley, Autokorekt",198342491560,DSR0039A,"Loose It","BOU$HY Remix",GBRKQ2109631,"Eazley, Autokorekt, BOU$HY",Spotify,"August 2024",CAN,Streaming,Single,Sale,1,0.002694000000
AUG-24,"DirtySnatcha Records","Apple Sowce",,Autokorekt,198342768341,DSR134,"Apple Sowce",,QZTRX2474922,Autokorekt,Spotify,"August 2024",BRA,Streaming,Single,Sale,3,0.002702000000
AUG-24,"DirtySnatcha Records",Maniac,,Sinatra,197999611932,DSR114,Maniac,,QZZEB2305800,Sinatra,NetEase,"July 2024",CHN,Streaming,Single,Sale,4,0.002703000000
AUG-24,"DirtySnatcha Records",Assertion,,Aalioura,198342502129,DSR0076A,Assertion,,QZWDD2238845,Aalioura,NetEase,"July 2024",CHN,Streaming,Single,Sale,4,0.002703000000
AUG-24,"DirtySnatcha Records",Bloodthirsty,,Howker,198342475331,DSR0004A,Bloodthirsty,,GBWUL1958037,Howker,NetEase,"July 2024",CHN,Streaming,Single,Sale,4,0.002703000000
AUG-24,"DirtySnatcha Records",Tartarus,,CRiiOZ,198342042182,DSR127,Psycho,,USLZJ2405590,"CRiiOZ, DSTRTN",Spotify,"August 2024",MEX,Streaming,Single,Sale,21,0.002703000000
AUG-24,"DirtySnatcha Records","Genie In a Bottle",,"DirtySnatcha, Luci",198342437506,DSR132,"Genie In a Bottle",,GBWUL2407705,"DirtySnatcha, Luci","Apple Music","August 2024",COL,Streaming,Single,Sale,1,0.002705000000
AUG-24,"DirtySnatcha Records","Genie In a Bottle",,"DirtySnatcha, Luci",198342437506,DSR132,"Genie In a Bottle",,GBWUL2407705,"DirtySnatcha, Luci",Spotify,"August 2024",JPN,Streaming,Single,Sale,1,0.002715000000
AUG-24,"DirtySnatcha Records","Fog Horn",,DENNETT,198342502969,DSR0074A,"Fog Horn",,QZTRX2237730,DENNETT,Spotify,"August 2024",MEX,Streaming,Single,Sale,1,0.002719000000
AUG-24,"DirtySnatcha Records",Dimension,,"In Orbit Dubz, Nein Lives",198342496138,DSR0051A,Dimension,,QZ5FN2266737,"In Orbit Dubz, Nein Lives",Spotify,"August 2024",FRA,Streaming,Single,Sale,1,0.002719000000
AUG-24,"DirtySnatcha Records","Back Rooms",,"In Orbit Dubz",198342498644,DSR0077A,"Back Rooms",,QZWDD2257316,"In Orbit Dubz","Amazon Ad Supported","August 2024",FRA,Streaming,Single,Sale,3,0.002730000000
AUG-24,"DirtySnatcha Records","Genie In a Bottle",,"DirtySnatcha, Luci",198342437506,DSR132,"Genie In a Bottle",,GBWUL2407705,"DirtySnatcha, Luci","Apple Music","August 2024",ISR,Streaming,Single,Sale,1,0.002731000000
AUG-24,"DirtySnatcha Records","Spectre Season",,Artifact,198342479643,DSR0101A,"Spectre Season",,QZWDD2336449,Artifact,Spotify,"August 2024",NLD,Streaming,Single,Sale,1,0.002732000000
AUG-24,"DirtySnatcha Records","Round 2",,"Nekz, Meechie Murda",197999919441,DSR121,"Round 2",,QZ5FN2445592,"Nekz, Meechie Murda",Spotify,"August 2024",NLD,Streaming,Single,Sale,1,0.002732000000
AUG-24,"DirtySnatcha Records",Game,,"Sloth, CHACKK",197999855442,DSR116,Game,,QZ5FN2416543,"Sloth, CHACKK",Spotify,"August 2024",NLD,Streaming,Single,Sale,1,0.002732000000
AUG-24,"DirtySnatcha Records","Keep Moving","Audigy Remix",DirtySnatcha,197999143198,DSR0104,"Keep Moving","Audigy Remix",QZWV32320452,"DirtySnatcha, Audigy",Spotify,"August 2024",NLD,Streaming,Single,Sale,1,0.002732000000
AUG-24,"DirtySnatcha Records","Take A Trip","DirtySnatcha Remix","HEXED, Labs",198342492369,DSR0086A,"Take A Trip","DirtySnatcha Remix",QZ5FN2303924,"HEXED, Labs, DirtySnatcha",Spotify,"August 2024",NLD,Streaming,Single,Sale,1,0.002732000000
AUG-24,"DirtySnatcha Records","Keep Moving","Audigy Remix",DirtySnatcha,197999143198,DSR0104,"Keep Moving","Audigy Remix",QZWV32320452,"DirtySnatcha, Audigy",Spotify,"August 2024",DEU,Streaming,Single,Sale,3,0.002734000000
AUG-24,"DirtySnatcha Records",Nightmare,,"In Orbit Dubz",198342501320,DSR0080A,Nightmare,,QZWDD2257336,"In Orbit Dubz",Spotify,"August 2024",DEU,Streaming,Single,Sale,3,0.002734000000
AUG-24,"DirtySnatcha Records","Take A Trip","DirtySnatcha Remix","HEXED, Labs",198342492369,DSR0086A,"Take A Trip","DirtySnatcha Remix",QZ5FN2303924,"HEXED, Labs, DirtySnatcha",Spotify,"August 2024",DEU,Streaming,Single,Sale,3,0.002734000000
AUG-24,"DirtySnatcha Records","Keep Moving","Aelius, Voyager, Wilco Beats Remix",DirtySnatcha,198342499863,DSR0083A,"Keep Moving","Aelius, Voyager, Wilco Beats Remix",QZWDD2263373,"DirtySnatcha, Aelius, Voyager, Wilco Beats",Spotify,"August 2024",DEU,Streaming,Single,Sale,3,0.002734000000
AUG-24,"DirtySnatcha Records",Nightmare,,"In Orbit Dubz",198342501320,DSR0080A,Nightmare,,QZWDD2257336,"In Orbit Dubz",Spotify,"August 2024",AUS,Streaming,Single,Sale,2,0.002740000000
AUG-24,"DirtySnatcha Records",Scorpion,,Torcha,198342501160,DSR0057A,Scorpion,,GBRKQ2202745,Torcha,Spotify,"August 2024",AUS,Streaming,Single,Sale,2,0.002740000000
AUG-24,"DirtySnatcha Records","Power Transient",,Hexadrone,198342491300,DSR0032A,"Power Transient",,GBRKQ2053155,Hexadrone,"Apple Music","August 2024",IDN,Streaming,Single,Sale,1,0.002745000000
AUG-24,"DirtySnatcha Records",WTF,,"BBX, Sloth",198342356135,DSR131,WTF,,GBRKQ2471312,"BBX, Sloth",Spotify,"August 2024",ARG,Streaming,Single,Sale,68,0.002746000000
AUG-24,"DirtySnatcha Records","Eight Six",,BBX,198342480014,DSR0092A,"Eight Six",,QZTV32366095,BBX,"YouTube Streaming","August 2024",BRA,Streaming,"Art Track",Sale,1,0.002749000000
AUG-24,"DirtySnatcha Records",WTF,,"BBX, Sloth",198342356135,DSR131,WTF,,GBRKQ2471312,"BBX, Sloth",Spotify,"August 2024",CHL,Streaming,Single,Sale,2,0.002763000000
AUG-24,"DirtySnatcha Records","BIG UPS",,"RAZR, VASTIVE",198342478684,DSR0024A,"BIG UPS",,USLZJ2023938,"RAZR, VASTIVE","Apple Music","August 2024",SVK,Streaming,Single,Sale,1,0.002765000000
AUG-24,"DirtySnatcha Records","GO MAD",,"DSTRTN, CRiiOZ",198342500286,DSR0056A,"GO MAD",,USLZJ2297741,"DSTRTN, CRiiOZ",Spotify,"August 2024",NIC,Streaming,Single,Sale,1,0.002773000000
AUG-24,"DirtySnatcha Records","Black & Gold",,BBX,198342479889,DSR0096A,"Black & Gold",,QZTV32366677,BBX,Spotify,"August 2024",USA,Streaming,Single,Sale,1,0.002785000000
AUG-24,"DirtySnatcha Records",Maniac,,Sinatra,197999611932,DSR114,Maniac,,QZZEB2305800,Sinatra,Spotify,"August 2024",GEO,Streaming,Single,Sale,3,0.002793000000
AUG-24,"DirtySnatcha Records",Tartarus,,CRiiOZ,198342042182,DSR127,Psycho,,USLZJ2405590,"CRiiOZ, DSTRTN",Spotify,"August 2024",BRA,Streaming,Single,Sale,22,0.002798000000
AUG-24,"DirtySnatcha Records",Tartarus,,CRiiOZ,198342042182,DSR127,"In The Walls",,USLZJ2405562,CRiiOZ,Spotify,"August 2024",BRA,Streaming,Single,Sale,22,0.002798000000
AUG-24,"DirtySnatcha Records",Tartarus,,CRiiOZ,198342042182,DSR127,Psycho,,USLZJ2405590,"CRiiOZ, DSTRTN",Spotify,"August 2024",SGP,Streaming,Single,Sale,2,0.002807000000
AUG-24,"DirtySnatcha Records",Assertion,,Aalioura,198342502129,DSR0076A,Assertion,,QZWDD2238845,Aalioura,"Apple Music","August 2024",CAN,Streaming,Single,Sale,1,0.002814000000
AUG-24,"DirtySnatcha Records","Game Time",,"Autokorekt, Eazley",198342476338,DSR0006A,"Game Time",,GBWUL2023530,"Autokorekt, Eazley, Rico Act","Apple Music","August 2024",CAN,Streaming,Single,Sale,1,0.002814000000
AUG-24,"DirtySnatcha Records",Danger,Remixes,"JAYSYX, AG",198342496428,DSR0041A,Danger,"Kamas Remix",GBRKQ2133617,"JAYSYX, AG, Kamas","Apple Music","August 2024",CAN,Streaming,Single,Sale,1,0.002814000000
AUG-24,"DirtySnatcha Records","The Tundra",,Barooka,197999919410,DSR120,Pressure,,QZ5FN2461916,Barooka,"Apple Music","August 2024",CAN,Streaming,Single,Sale,1,0.002814000000
AUG-24,"DirtySnatcha Records",Tartarus,,CRiiOZ,198342042182,DSR127,Psycho,,USLZJ2405590,"CRiiOZ, DSTRTN","Apple Music","August 2024",CAN,Streaming,Single,Sale,1,0.002814000000
AUG-24,"DirtySnatcha Records",Terror,,Ennaut,198342500231,DSR0054A,Terror,,USLZJ2296710,Ennaut,"Apple Music","August 2024",CAN,Streaming,Single,Sale,1,0.002814000000
AUG-24,"DirtySnatcha Records","BIG UPS",,"RAZR, VASTIVE",198342478684,DSR0024A,"BIG UPS",,USLZJ2023938,"RAZR, VASTIVE","Apple Music","August 2024",CAN,Streaming,Single,Sale,1,0.002814000000
AUG-24,"DirtySnatcha Records","The Back Rooms EP",,"In Orbit Dubz",198342501023,DSR0081A,Destroy,,QZWDD2257331,"In Orbit Dubz, DSTRTN","Apple Music","August 2024",CAN,Streaming,Single,Sale,1,0.002814000000
AUG-24,"DirtySnatcha Records","Spectre Season",,Artifact,198342479643,DSR0101A,"Spectre Season",,QZWDD2336449,Artifact,"Apple Music","August 2024",CAN,Streaming,Single,Sale,1,0.002814000000
AUG-24,"DirtySnatcha Records","Spicy Tune",,"Scafetta, Monsters Everywhere",198342503508,DSR0072A,"Spicy Tune",,GBWUL2257078,"Scafetta, Monsters Everywhere","Apple Music","August 2024",CAN,Streaming,Single,Sale,1,0.002814000000
AUG-24,"DirtySnatcha Records","Corneal Abrasion",,"Simplifi, Redder",198342094976,DSR128,"Corneal Abrasion",,USLZJ2430043,"Simplifi, Redder","Apple Music","August 2024",CAN,Streaming,Single,Sale,1,0.002814000000
AUG-24,"DirtySnatcha Records","The Back Rooms EP",,"In Orbit Dubz",198342501023,DSR0081A,"Back Rooms",,QZWDD2257316,"In Orbit Dubz","Apple Music","August 2024",CAN,Streaming,Single,Sale,1,0.002814000000
AUG-24,"DirtySnatcha Records","GO MAD",,"DSTRTN, CRiiOZ",198342500286,DSR0056A,"GO MAD",,USLZJ2297741,"DSTRTN, CRiiOZ",Spotify,"August 2024",ARE,Streaming,Single,Sale,2,0.002822000000
AUG-24,"DirtySnatcha Records",WTF,,"BBX, Sloth",198342356135,DSR131,WTF,,GBRKQ2471312,"BBX, Sloth",Spotify,"August 2024",TUR,Streaming,Single,Sale,1,0.002828000000
AUG-24,"DirtySnatcha Records","Eight Six",,BBX,198342480014,DSR0092A,"Eight Six",,QZTV32366095,BBX,"YouTube Streaming","August 2024",UKR,Streaming,"Art Track",Sale,4,0.002844000000
AUG-24,"DirtySnatcha Records","GO MAD",,"DSTRTN, CRiiOZ",198342500286,DSR0056A,"GO MAD",,USLZJ2297741,"DSTRTN, CRiiOZ",Spotify,"August 2024",BRA,Streaming,Single,Sale,3,0.002850000000
AUG-24,"DirtySnatcha Records","High On Life",,Autokorekt,198342479759,DSR0098A,"High On Life",,QZTV32368009,"Autokorekt, Ashclappem",Spotify,"August 2024",BRA,Streaming,Single,Sale,3,0.002850000000
AUG-24,"DirtySnatcha Records",LIGMA,,"BBX, Jonomatic, Geeku",198342492208,DSR0045A,LIGMA,,GBWUL2171015,"BBX, Jonomatic, Geeku","Apple Music","August 2024",USA,Streaming,Single,Sale,1,0.002853000000
AUG-24,"DirtySnatcha Records","The Tundra",,Barooka,197999919410,DSR120,iDISTORT,,QZ5FN2461919,Barooka,"Apple Music","August 2024",USA,Streaming,Single,Sale,1,0.002853000000
AUG-24,"DirtySnatcha Records",Love,,"Sinister Bass",198342507872,DSR0059A,Love,,GBRKQ2204541,"Sinister Bass","Apple Music","August 2024",USA,Streaming,Single,Sale,1,0.002853000000
AUG-24,"DirtySnatcha Records","Spectre Season",,Artifact,198342479643,DSR0101A,"Spectre Season",,QZWDD2336449,Artifact,"Apple Music","August 2024",USA,Streaming,Single,Sale,1,0.002853000000
AUG-24,"DirtySnatcha Records",WTF,,"BBX, Sloth",198342356135,DSR131,WTF,,GBRKQ2471312,"BBX, Sloth","Facebook / Instagram","July 2024",USA,Streaming,"Audio Library: Consumption",Sale,115,0.002871000000
AUG-24,"DirtySnatcha Records","Loose It","BOU$HY Remix","Eazley, Autokorekt",198342491560,DSR0039A,"Loose It","BOU$HY Remix",GBRKQ2109631,"Eazley, Autokorekt, BOU$HY",Spotify,"August 2024",AUS,Streaming,Single,Sale,1,0.002879000000
AUG-24,"DirtySnatcha Records","Riddim Gang",,"Megahurtz, Alienpark",198342478288,DSR0020A,"Riddim Gang",,QZ5FN2074245,"Megahurtz, Alienpark",Spotify,"August 2024",AUS,Streaming,Single,Sale,1,0.002879000000
AUG-24,"DirtySnatcha Records",Tartarus,,CRiiOZ,198342042182,DSR127,Trust,,USLZJ2405591,CRiiOZ,"YouTube Streaming","August 2024",ESP,Streaming,"Art Track",Sale,2,0.002881000000
AUG-24,"DirtySnatcha Records",Bloodthirsty,,Howker,198342475331,DSR0004A,Bloodthirsty,,GBWUL1958037,Howker,Spotify,"August 2024",FRA,Streaming,Single,Sale,8,0.002899000000
AUG-24,"DirtySnatcha Records",WTF,,"BBX, Sloth",198342356135,DSR131,WTF,,GBRKQ2471312,"BBX, Sloth",Spotify,"August 2024",PER,Streaming,Single,Sale,5,0.002899000000
AUG-24,"DirtySnatcha Records","Giving Up VIP",,"CHRMNDRS, SEEING\\DOUBLE",198342492154,DSR0044A,"Giving Up VIP",,GBWUL2158623,"CHRMNDRS, SEEING\\DOUBLE","Apple Music","August 2024",MEX,Streaming,Single,Sale,1,0.002910000000
AUG-24,"DirtySnatcha Records","Keep Moving","Audigy Remix",DirtySnatcha,197999143198,DSR0104,"Keep Moving","Audigy Remix",QZWV32320452,"DirtySnatcha, Audigy",Spotify,"August 2024",TWN,Streaming,Single,Sale,2,0.002917000000
AUG-24,"DirtySnatcha Records",WTF,,"BBX, Sloth",198342356135,DSR131,WTF,,GBRKQ2471312,"BBX, Sloth",Spotify,"August 2024",JPN,Streaming,Single,Sale,1,0.002934000000
AUG-24,"DirtySnatcha Records",WDGAF,,CRiiOZ,197999026187,DSR0102,WDGAF,,QZWDE2357423,CRiiOZ,Spotify,"August 2024",MEX,Streaming,Single,Sale,4,0.002939000000
AUG-24,"DirtySnatcha Records",Game,,"Sloth, CHACKK",197999855442,DSR116,Game,,QZ5FN2416543,"Sloth, CHACKK",Spotify,"August 2024",MEX,Streaming,Single,Sale,4,0.002939000000
AUG-24,"DirtySnatcha Records","Spectre Season",,Artifact,198342479643,DSR0101A,"Spectre Season",,QZWDD2336449,Artifact,Spotify,"August 2024",CAN,Streaming,Single,Sale,2,0.002964000000
AUG-24,"DirtySnatcha Records","Acting Out",,"Megahurtz, Blue",198342479070,DSR0029A,"Acting Out",,USLZJ2069505,"Megahurtz, Blue, Rico Act",Spotify,"August 2024",CAN,Streaming,Single,Sale,2,0.002964000000
AUG-24,"DirtySnatcha Records",Game,,"Sloth, CHACKK",197999855442,DSR116,Game,,QZ5FN2416543,"Sloth, CHACKK",Spotify,"August 2024",CAN,Streaming,Single,Sale,2,0.002964000000
AUG-24,"DirtySnatcha Records","Fuck It Up",,"In Orbit Dubz",198342501825,DSR0078A,"Fuck It Up",,QZWDD2257318,"In Orbit Dubz",Spotify,"August 2024",CAN,Streaming,Single,Sale,2,0.002964000000
AUG-24,"DirtySnatcha Records","BIG UPS",,"RAZR, VASTIVE",198342478684,DSR0024A,"BIG UPS",,USLZJ2023938,"RAZR, VASTIVE","Apple Music","August 2024",AUS,Streaming,Single,Sale,1,0.002968000000
AUG-24,"DirtySnatcha Records","Crushed Glass",,BBX,198342479902,DSR0095A,"Crushed Glass",,QZTV32366684,BBX,"YouTube Streaming","August 2024",BRA,Streaming,"Art Track",Sale,1,0.002972000000
AUG-24,"DirtySnatcha Records",FTI,,"BBX, Meechie Murda, Geeku",198342480038,DSR0091A,FTI,,GBWUL2349330,"BBX, Meechie Murda, Geeku","YouTube Streaming","August 2024",USA,Streaming,"Art Track",Sale,1,0.002977000000
AUG-24,"DirtySnatcha Records",PTSD,,SHOCKZ,198342479049,DSR0028A,PTSD,,USLZJ2069504,SHOCKZ,Spotify,"August 2024",LVA,Streaming,Single,Sale,1,0.002991000000
AUG-24,"DirtySnatcha Records",Tartarus,,CRiiOZ,198342042182,DSR127,"In The Walls",,USLZJ2405562,CRiiOZ,Spotify,"August 2024",LVA,Streaming,Single,Sale,1,0.002991000000
AUG-24,"DirtySnatcha Records",Tartarus,,CRiiOZ,198342042182,DSR127,"Watch Out",,USLZJ2405588,CRiiOZ,"Facebook / Instagram","July 2024",USA,Streaming,"Audio Library: Consumption",Sale,120,0.002995000000
AUG-24,"DirtySnatcha Records","Fog Horn",,DENNETT,198342502969,DSR0074A,"Fog Horn",,QZTRX2237730,DENNETT,Spotify,"August 2024",ISR,Streaming,Single,Sale,1,0.002998000000
AUG-24,"DirtySnatcha Records",Dimension,,"In Orbit Dubz, Nein Lives",198342496138,DSR0051A,Dimension,,QZ5FN2266737,"In Orbit Dubz, Nein Lives",Spotify,"August 2024",AUS,Streaming,Single,Sale,1,0.003008000000
AUG-24,"DirtySnatcha Records","Keep Moving","Audigy Remix",DirtySnatcha,197999143198,DSR0104,"Keep Moving","Audigy Remix",QZWV32320452,"DirtySnatcha, Audigy",Spotify,"August 2024",AUS,Streaming,Single,Sale,1,0.003008000000
AUG-24,"DirtySnatcha Records","Power Transient",,Hexadrone,198342491300,DSR0032A,"Power Transient",,GBRKQ2053155,Hexadrone,"Apple Music","August 2024",ZAF,Streaming,Single,Sale,1,0.003016000000
AUG-24,"DirtySnatcha Records",Tartarus,,CRiiOZ,198342042182,DSR127,"In The Walls",,USLZJ2405562,CRiiOZ,Spotify,"August 2024",MEX,Streaming,Single,Sale,2,0.003018000000
AUG-24,"DirtySnatcha Records",Tartarus,,CRiiOZ,198342042182,DSR127,Trust,,USLZJ2405591,CRiiOZ,Spotify,"August 2024",POL,Streaming,Single,Sale,3,0.003025000000
AUG-24,"DirtySnatcha Records","Spectre Season",,Artifact,198342479643,DSR0101A,"Spectre Season",,QZWDD2336449,Artifact,Spotify,"August 2024",BEL,Streaming,Single,Sale,1,0.003032000000
AUG-24,"DirtySnatcha Records",Tartarus,,CRiiOZ,198342042182,DSR127,"In The Walls",,USLZJ2405562,CRiiOZ,Spotify,"August 2024",IND,Streaming,Single,Sale,3,0.003033000000
AUG-24,"DirtySnatcha Records","Keep Moving","Audigy Remix",DirtySnatcha,197999143198,DSR0104,"Keep Moving","Audigy Remix",QZWV32320452,"DirtySnatcha, Audigy",Spotify,"August 2024",CAN,Streaming,Single,Sale,2,0.003034000000
AUG-24,"DirtySnatcha Records","The Back Rooms EP",,"In Orbit Dubz",198342501023,DSR0081A,Nightmare,,QZWDD2257336,"In Orbit Dubz","Apple Music","August 2024",ZAF,Streaming,Single,Sale,1,0.003037000000
AUG-24,"DirtySnatcha Records",Scorpion,,Torcha,198342501160,DSR0057A,Scorpion,,GBRKQ2202745,Torcha,Spotify,"August 2024",JPN,Streaming,Single,Sale,2,0.003042000000
AUG-24,"DirtySnatcha Records","Game Time",,"Autokorekt, Eazley",198342476338,DSR0006A,"Game Time",,GBWUL2023530,"Autokorekt, Eazley, Rico Act",Spotify,"August 2024",USA,Streaming,Single,Sale,2,0.003044000000
AUG-24,"DirtySnatcha Records","Crushed Glass",,BBX,198342479902,DSR0095A,"Crushed Glass",,QZTV32366684,BBX,Spotify,"August 2024",GBR,Streaming,Single,Sale,1,0.003045000000
AUG-24,"DirtySnatcha Records","Run It Up",,"CHRMNDRS, Future Exit",198342476673,DSR0010A,"Run It Up",,GBWUL2081365,"CHRMNDRS, Future Exit",Spotify,"August 2024",GBR,Streaming,Single,Sale,1,0.003045000000
AUG-24,"DirtySnatcha Records",Whoa,,"KirbyBright, Devious",198342485866,DSR133,Whoa,,GBWUL2431903,"KirbyBright, Devious",Spotify,"August 2024",GBR,Streaming,Single,Sale,1,0.003045000000
AUG-24,"DirtySnatcha Records","Operator Error",,"Big City",198342036334,DSR125,"Weed Spot",,USLZJ2403314,"Big City",Spotify,"August 2024",GBR,Streaming,Single,Sale,1,0.003045000000
AUG-24,"DirtySnatcha Records","Genie In a Bottle",,"DirtySnatcha, Luci",198342437506,DSR132,"Genie In a Bottle",,GBWUL2407705,"DirtySnatcha, Luci","Amazon Prime","August 2024",GBR,Streaming,Single,Sale,2,0.003046000000
AUG-24,"DirtySnatcha Records",Upsurge,,"Morva, J.A.D.P",197999205919,DSR0110,"Waiting For",,QZWV32351872,"Morva, J.A.D.P, Nightfrost","SoundTrack Your Brand","July 2024",USA,"Background Music","Neighboring Rights",Sale,1,0.003056000000
AUG-24,"DirtySnatcha Records","GO MAD",,"DSTRTN, CRiiOZ",198342500286,DSR0056A,"GO MAD",,USLZJ2297741,"DSTRTN, CRiiOZ",Spotify,"August 2024",ARE,Streaming,Single,Sale,1,0.003068000000
AUG-24,"DirtySnatcha Records","Genie In a Bottle",,"DirtySnatcha, Luci",198342437506,DSR132,"Genie In a Bottle",,GBWUL2407705,"DirtySnatcha, Luci",Spotify,"August 2024",SVK,Streaming,Single,Sale,1,0.003076000000
AUG-24,"DirtySnatcha Records",Tartarus,,CRiiOZ,198342042182,DSR127,"In The Walls",,USLZJ2405562,CRiiOZ,Spotify,"August 2024",SVK,Streaming,Single,Sale,1,0.003076000000
AUG-24,"DirtySnatcha Records",Tartarus,,CRiiOZ,198342042182,DSR127,Psycho,,USLZJ2405590,"CRiiOZ, DSTRTN",Spotify,"August 2024",SVK,Streaming,Single,Sale,1,0.003076000000
AUG-24,"DirtySnatcha Records","Fog Horn",,DENNETT,198342502969,DSR0074A,"Fog Horn",,QZTRX2237730,DENNETT,Spotify,"August 2024",SVK,Streaming,Single,Sale,1,0.003076000000
AUG-24,"DirtySnatcha Records","Back Rooms",,"In Orbit Dubz",198342498644,DSR0077A,"Back Rooms",,QZWDD2257316,"In Orbit Dubz","Amazon Prime","August 2024",DEU,Streaming,Single,Sale,2,0.003092000000
AUG-24,"DirtySnatcha Records",Tartarus,,CRiiOZ,198342042182,DSR127,"Watch Out",,USLZJ2405588,CRiiOZ,Spotify,"August 2024",USA,Streaming,Single,Sale,1,0.003095000000
AUG-24,"DirtySnatcha Records",Tartarus,,CRiiOZ,198342042182,DSR127,"Let Go",,USLZJ2405592,CRiiOZ,Spotify,"August 2024",USA,Streaming,Single,Sale,1,0.003095000000
AUG-24,"DirtySnatcha Records","Keep Moving","Audigy Remix",DirtySnatcha,197999143198,DSR0104,"Keep Moving","Audigy Remix",QZWV32320452,"DirtySnatcha, Audigy",Spotify,"August 2024",ARG,Streaming,Single,Sale,4,0.003104000000
AUG-24,"DirtySnatcha Records","GO MAD",,"DSTRTN, CRiiOZ",198342500286,DSR0056A,"GO MAD",,USLZJ2297741,"DSTRTN, CRiiOZ",Spotify,"August 2024",ARG,Streaming,Single,Sale,4,0.003104000000
AUG-24,"DirtySnatcha Records",Hypnotize,,"In Orbit Dubz",197999477019,DSR113,Hypnotize,,QZZ8B2327916,"In Orbit Dubz",Spotify,"August 2024",USA,Streaming,Single,Sale,1,0.003108000000
AUG-24,"DirtySnatcha Records",Tartarus,,CRiiOZ,198342042182,DSR127,"In The Walls",,USLZJ2405562,CRiiOZ,Spotify,"August 2024",USA,Streaming,Single,Sale,1,0.003108000000
AUG-24,"DirtySnatcha Records","Keep Moving","Aelius, Voyager, Wilco Beats Remix",DirtySnatcha,198342499863,DSR0083A,"Keep Moving","Aelius, Voyager, Wilco Beats Remix",QZWDD2263373,"DirtySnatcha, Aelius, Voyager, Wilco Beats",Spotify,"August 2024",USA,Streaming,Single,Sale,1,0.003108000000
AUG-24,"DirtySnatcha Records",Bloodthirsty,,Howker,198342475331,DSR0004A,Bloodthirsty,,GBWUL1958037,Howker,Spotify,"August 2024",CAN,Streaming,Single,Sale,2,0.003115000000
AUG-24,"DirtySnatcha Records",Tartarus,,CRiiOZ,198342042182,DSR127,"Watch Out",,USLZJ2405588,CRiiOZ,Spotify,"August 2024",CAN,Streaming,Single,Sale,2,0.003115000000
AUG-24,"DirtySnatcha Records","Eight Six",,BBX,198342480014,DSR0092A,"Eight Six",,QZTV32366095,BBX,"YouTube Streaming","August 2024",MEX,Streaming,"Art Track",Sale,2,0.003115000000
AUG-24,"DirtySnatcha Records",Dimension,,"In Orbit Dubz, Nein Lives",198342496138,DSR0051A,Dimension,,QZ5FN2266737,"In Orbit Dubz, Nein Lives",Spotify,"August 2024",NZL,Streaming,Single,Sale,1,0.003123000000
AUG-24,"DirtySnatcha Records",Nightmare,,"In Orbit Dubz",198342501320,DSR0080A,Nightmare,,QZWDD2257336,"In Orbit Dubz",Spotify,"August 2024",NZL,Streaming,Single,Sale,1,0.003123000000
AUG-24,"DirtySnatcha Records","Genie In a Bottle",,"DirtySnatcha, Luci",198342437506,DSR132,"Genie In a Bottle",,GBWUL2407705,"DirtySnatcha, Luci","Apple DJ Mixes","August 2024",USA,Streaming,Single,Sale,5,0.003133000000
AUG-24,"DirtySnatcha Records",Nightmare,,"In Orbit Dubz",198342501320,DSR0080A,Nightmare,,QZWDD2257336,"In Orbit Dubz",Spotify,"August 2024",MEX,Streaming,Single,Sale,2,0.003135000000
AUG-24,"DirtySnatcha Records",Suffer,,"Phobos & Deimos",198342503287,DSR0073A,Suffer,,QZTRX2218697,"Phobos & Deimos","Apple Music","August 2024",USA,Streaming,Single,Sale,1,0.003136000000
AUG-24,"DirtySnatcha Records",SASORI,,"BBX, Geeku",198342504765,DSR0068A,SASORI,,GBRKQ2245736,"BBX, Geeku","Apple Music","August 2024",USA,Streaming,Single,Sale,1,0.003136000000
AUG-24,"DirtySnatcha Records","High On Life",,Autokorekt,198342479759,DSR0098A,"High On Life",,QZTV32368009,"Autokorekt, Ashclappem","Apple Music","August 2024",USA,Streaming,Single,Sale,1,0.003136000000
AUG-24,"DirtySnatcha Records",Tartarus,,CRiiOZ,198342042182,DSR127,Trust,,USLZJ2405591,CRiiOZ,"Apple Music","August 2024",USA,Streaming,Single,Sale,1,0.003136000000
AUG-24,"DirtySnatcha Records","Giving Up VIP",,"CHRMNDRS, SEEING\\DOUBLE",198342492154,DSR0044A,"Giving Up VIP",,GBWUL2158623,"CHRMNDRS, SEEING\\DOUBLE",Spotify,"August 2024",PER,Streaming,Single,Sale,3,0.003139000000
AUG-24,"DirtySnatcha Records","Genie In a Bottle",,"DirtySnatcha, Luci",198342437506,DSR132,"Genie In a Bottle",,GBWUL2407705,"DirtySnatcha, Luci",Spotify,"August 2024",UKR,Streaming,Single,Sale,1,0.003148000000
AUG-24,"DirtySnatcha Records","GO MAD",,"DSTRTN, CRiiOZ",198342500286,DSR0056A,"GO MAD",,USLZJ2297741,"DSTRTN, CRiiOZ",Spotify,"August 2024",USA,Streaming,Single,Sale,2,0.003148000000
AUG-24,"DirtySnatcha Records","Spectre Season",,Artifact,198342479643,DSR0101A,"Spectre Season",,QZWDD2336449,Artifact,Spotify,"August 2024",USA,Streaming,Single,Sale,2,0.003148000000
AUG-24,"DirtySnatcha Records",WTF,,"BBX, Sloth",198342356135,DSR131,WTF,,GBRKQ2471312,"BBX, Sloth",Spotify,"August 2024",PRT,Streaming,Single,Sale,2,0.003157000000
AUG-24,"DirtySnatcha Records",Hypnotize,,"In Orbit Dubz",197999477019,DSR113,Hypnotize,,QZZ8B2327916,"In Orbit Dubz",Spotify,"August 2024",PRT,Streaming,Single,Sale,2,0.003157000000
AUG-24,"DirtySnatcha Records","Break Beat",,Krxnik,198342476321,DSR0005A,"Break Beat",,GBWUL2005941,Krxnik,"Apple Music","August 2024",USA,Streaming,Single,Sale,1,0.003170000000
AUG-24,"DirtySnatcha Records","The Back Rooms EP",,"In Orbit Dubz",198342501023,DSR0081A,Destroy,,QZWDD2257331,"In Orbit Dubz, DSTRTN","Apple Music","August 2024",USA,Streaming,Single,Sale,1,0.003170000000
AUG-24,"DirtySnatcha Records","Fog Horn",,DENNETT,198342502969,DSR0074A,"Fog Horn",,QZTRX2237730,DENNETT,Snap,"August 2024",GBR,Streaming,"User Generated Content",Sale,2,0.003170000000
AUG-24,"DirtySnatcha Records",Radioactivity,,"In Orbit Dubz",198342500118,DSR0053A,Radioactivity,,USLZJ2286474,"In Orbit Dubz","Apple Music","August 2024",DEU,Streaming,Single,Sale,1,0.003171000000
AUG-24,"DirtySnatcha Records",WDGAF,,CRiiOZ,197999026187,DSR0102,WDGAF,,QZWDE2357423,CRiiOZ,"Apple Music","August 2024",DEU,Streaming,Single,Sale,1,0.003171000000
AUG-24,"DirtySnatcha Records","Fog Horn",,DENNETT,198342502969,DSR0074A,"Fog Horn",,QZTRX2237730,DENNETT,Spotify,"August 2024",DEU,Streaming,Single,Sale,2,0.003173000000
AUG-24,"DirtySnatcha Records",WTF,,"BBX, Sloth",198342356135,DSR131,WTF,,GBRKQ2471312,"BBX, Sloth",Spotify,"August 2024",DEU,Streaming,Single,Sale,2,0.003173000000
AUG-24,"DirtySnatcha Records",WTF,,"BBX, Sloth",198342356135,DSR131,WTF,,GBRKQ2471312,"BBX, Sloth",Spotify,"August 2024",ARG,Streaming,Single,Sale,9,0.003176000000
AUG-24,"DirtySnatcha Records",WTF,,"BBX, Sloth",198342356135,DSR131,WTF,,GBRKQ2471312,"BBX, Sloth",Spotify,"August 2024",BRA,Streaming,Single,Sale,2,0.003176000000
AUG-24,"DirtySnatcha Records","Keep Moving","Audigy Remix",DirtySnatcha,197999143198,DSR0104,"Keep Moving","Audigy Remix",QZWV32320452,"DirtySnatcha, Audigy",Spotify,"August 2024",BRA,Streaming,Single,Sale,25,0.003179000000
AUG-24,"DirtySnatcha Records",Tartarus,,CRiiOZ,198342042182,DSR127,Psycho,,USLZJ2405590,"CRiiOZ, DSTRTN",Spotify,"August 2024",ITA,Streaming,Single,Sale,10,0.003187000000
AUG-24,"DirtySnatcha Records",WTF,,"BBX, Sloth",198342356135,DSR131,WTF,,GBRKQ2471312,"BBX, Sloth",Spotify,"August 2024",TUR,Streaming,Single,Sale,3,0.003199000000
AUG-24,"DirtySnatcha Records",Nightmare,,"In Orbit Dubz",198342501320,DSR0080A,Nightmare,,QZWDD2257336,"In Orbit Dubz",Spotify,"August 2024",IND,Streaming,Single,Sale,7,0.003204000000
AUG-24,"DirtySnatcha Records","GO MAD",,"DSTRTN, CRiiOZ",198342500286,DSR0056A,"GO MAD",,USLZJ2297741,"DSTRTN, CRiiOZ",Spotify,"August 2024",GRC,Streaming,Single,Sale,1,0.003205000000
AUG-24,"DirtySnatcha Records",WTF,,"BBX, Sloth",198342356135,DSR131,WTF,,GBRKQ2471312,"BBX, Sloth",Spotify,"August 2024",GRC,Streaming,Single,Sale,1,0.003205000000
AUG-24,"DirtySnatcha Records",Nightmare,,"In Orbit Dubz",198342501320,DSR0080A,Nightmare,,QZWDD2257336,"In Orbit Dubz",Spotify,"August 2024",GRC,Streaming,Single,Sale,1,0.003205000000
AUG-24,"DirtySnatcha Records","Keep Moving","Audigy Remix",DirtySnatcha,197999143198,DSR0104,"Keep Moving","Audigy Remix",QZWV32320452,"DirtySnatcha, Audigy",Spotify,"August 2024",MEX,Streaming,Single,Sale,25,0.003218000000
AUG-24,"DirtySnatcha Records",Nightmare,,"In Orbit Dubz",198342501320,DSR0080A,Nightmare,,QZWDD2257336,"In Orbit Dubz",Spotify,"August 2024",MEX,Streaming,Single,Sale,25,0.003218000000
AUG-24,"DirtySnatcha Records","Fog Horn",,DENNETT,198342502969,DSR0074A,"Fog Horn",,QZTRX2237730,DENNETT,"Apple Music","August 2024",AUS,Streaming,Single,Sale,1,0.003227000000
AUG-24,"DirtySnatcha Records",Riddimption,,"Nothing x Hurts",198622420181,DSR136,Riddimption,,QZWV32419969,"Nothing x Hurts","Apple Music","August 2024",AUS,Streaming,Single,Sale,1,0.003227000000
AUG-24,"DirtySnatcha Records","Genie In a Bottle",,"DirtySnatcha, Luci",198342437506,DSR132,"Genie In a Bottle",,GBWUL2407705,"DirtySnatcha, Luci","Amazon Ad Supported","August 2024",USA,Streaming,Single,Sale,2,0.003230000000
AUG-24,"DirtySnatcha Records",Tartarus,,CRiiOZ,198342042182,DSR127,"In The Walls",,USLZJ2405562,CRiiOZ,"Apple Music","August 2024",UKR,Streaming,Single,Sale,1,0.003232000000
AUG-24,"DirtySnatcha Records","Giving Up VIP",,"CHRMNDRS, SEEING\\DOUBLE",198342492154,DSR0044A,"Giving Up VIP",,GBWUL2158623,"CHRMNDRS, SEEING\\DOUBLE","Apple Music","August 2024",UKR,Streaming,Single,Sale,1,0.003232000000
AUG-24,"DirtySnatcha Records","Outta Here",,BENZO$,198342478196,DSR0018A,"Outta Here",,QZ5FN2040117,"BENZO$, Rico Act","Apple Music","August 2024",UKR,Streaming,Single,Sale,1,0.003232000000
AUG-24,"DirtySnatcha Records","Genie In a Bottle",,"DirtySnatcha, Luci",198342437506,DSR132,"Genie In a Bottle",,GBWUL2407705,"DirtySnatcha, Luci","Apple Music","August 2024",UKR,Streaming,Single,Sale,1,0.003232000000
AUG-24,"DirtySnatcha Records","Genie In a Bottle",,"DirtySnatcha, Luci",198342437506,DSR132,"Genie In a Bottle",,GBWUL2407705,"DirtySnatcha, Luci",Spotify,"August 2024",BRA,Streaming,Single,Sale,1,0.003236000000
AUG-24,"DirtySnatcha Records","The Back Rooms EP",,"In Orbit Dubz",198342501023,DSR0081A,Nightmare,,QZWDD2257336,"In Orbit Dubz",Spotify,"August 2024",CAN,Streaming,Single,Sale,1,0.003242000000
AUG-24,"DirtySnatcha Records","The Back Rooms EP",,"In Orbit Dubz",198342501023,DSR0081A,"Fuck It Up",,QZWDD2257318,"In Orbit Dubz",Spotify,"August 2024",CAN,Streaming,Single,Sale,1,0.003242000000
AUG-24,"DirtySnatcha Records","The Back Rooms EP",,"In Orbit Dubz",198342501023,DSR0081A,"Back Rooms",,QZWDD2257316,"In Orbit Dubz",Spotify,"August 2024",CAN,Streaming,Single,Sale,1,0.003242000000
AUG-24,"DirtySnatcha Records",Tartarus,,CRiiOZ,198342042182,DSR127,"Let Go",,USLZJ2405592,CRiiOZ,Spotify,"August 2024",CAN,Streaming,Single,Sale,1,0.003242000000
AUG-24,"DirtySnatcha Records","Eight Six",,BBX,198342480014,DSR0092A,"Eight Six",,QZTV32366095,BBX,Spotify,"August 2024",AUS,Streaming,Single,Sale,2,0.003275000000
AUG-24,"DirtySnatcha Records",Whoa,,"KirbyBright, Devious",198342485866,DSR133,Whoa,,GBWUL2431903,"KirbyBright, Devious",Spotify,"August 2024",AUS,Streaming,Single,Sale,2,0.003275000000
AUG-24,"DirtySnatcha Records",Tartarus,,CRiiOZ,198342042182,DSR127,"In The Walls",,USLZJ2405562,CRiiOZ,Spotify,"August 2024",AUS,Streaming,Single,Sale,2,0.003275000000
AUG-24,"DirtySnatcha Records",PTSD,,SHOCKZ,198342479049,DSR0028A,PTSD,,USLZJ2069504,SHOCKZ,Spotify,"August 2024",AUS,Streaming,Single,Sale,2,0.003275000000
AUG-24,"DirtySnatcha Records",WTF,,"BBX, Sloth",198342356135,DSR131,WTF,,GBRKQ2471312,"BBX, Sloth","YouTube Streaming","August 2024",ZAF,Streaming,"Art Track",Sale,1,0.003278000000
AUG-24,"DirtySnatcha Records","GO MAD",,"DSTRTN, CRiiOZ",198342500286,DSR0056A,"GO MAD",,USLZJ2297741,"DSTRTN, CRiiOZ",Spotify,"August 2024",CHL,Streaming,Single,Sale,1,0.003287000000
AUG-24,"DirtySnatcha Records",WTF,,"BBX, Sloth",198342356135,DSR131,WTF,,GBRKQ2471312,"BBX, Sloth",Spotify,"August 2024",HKG,Streaming,Single,Sale,2,0.003290000000
AUG-24,"DirtySnatcha Records",Deviate,,"Paragon, Sqishi",198342476390,DSR0009A,Deviate,,GBWUL2080841,"Paragon, Sqishi","Apple Music","August 2024",RUS,Streaming,Single,Sale,2,0.003291000000
AUG-24,"DirtySnatcha Records",Tartarus,,CRiiOZ,198342042182,DSR127,Psycho,,USLZJ2405590,"CRiiOZ, DSTRTN",Spotify,"August 2024",MEX,Streaming,Single,Sale,2,0.003293000000
AUG-24,"DirtySnatcha Records",Dimension,,"In Orbit Dubz, Nein Lives",198342496138,DSR0051A,Dimension,,QZ5FN2266737,"In Orbit Dubz, Nein Lives","YouTube Streaming","August 2024",USA,Streaming,"Art Track",Sale,1,0.003293000000
AUG-24,"DirtySnatcha Records","Eight Six",,BBX,198342480014,DSR0092A,"Eight Six",,QZTV32366095,BBX,"YouTube Streaming","August 2024",HUN,Streaming,"Art Track",Sale,2,0.003296000000
AUG-24,"DirtySnatcha Records","Loose It","BOU$HY Remix","Eazley, Autokorekt",198342491560,DSR0039A,"Loose It","BOU$HY Remix",GBRKQ2109631,"Eazley, Autokorekt, BOU$HY",Spotify,"August 2024",CZE,Streaming,Single,Sale,1,0.003303000000
AUG-24,"DirtySnatcha Records",Tartarus,,CRiiOZ,198342042182,DSR127,Trust,,USLZJ2405591,CRiiOZ,Spotify,"August 2024",BLR,Streaming,Single,Sale,2,0.003339000000
AUG-24,"DirtySnatcha Records",WTF,,"BBX, Sloth",198342356135,DSR131,WTF,,GBRKQ2471312,"BBX, Sloth",Spotify,"August 2024",LTU,Streaming,Single,Sale,1,0.003339000000
AUG-24,"DirtySnatcha Records","The Back Rooms EP",,"In Orbit Dubz",198342501023,DSR0081A,Nightmare,,QZWDD2257336,"In Orbit Dubz",Snap,"July 2024",CAN,Streaming,"User Generated Content",Sale,1,0.003362000000
AUG-24,"DirtySnatcha Records","Black & Gold",,BBX,198342479988,DSR0093A,"Black & Gold",,QZTV32366677,BBX,Spotify,"August 2024",MEX,Streaming,Single,Sale,2,0.003393000000
AUG-24,"DirtySnatcha Records","Eight Six",,BBX,198342480014,DSR0092A,"Eight Six",,QZTV32366095,BBX,Spotify,"August 2024",USA,Streaming,Single,Sale,1,0.003402000000
AUG-24,"DirtySnatcha Records","Black & Gold",,BBX,198342479988,DSR0093A,"Black & Gold",,QZTV32366677,BBX,Spotify,"August 2024",USA,Streaming,Single,Sale,1,0.003402000000
AUG-24,"DirtySnatcha Records",Hypnotize,,"In Orbit Dubz",197999477019,DSR113,Hypnotize,,QZZ8B2327916,"In Orbit Dubz","Apple Music","August 2024",MEX,Streaming,Single,Sale,3,0.003411000000
AUG-24,"DirtySnatcha Records",WTF,,"BBX, Sloth",198342356135,DSR131,WTF,,GBRKQ2471312,"BBX, Sloth",Spotify,"August 2024",ZAF,Streaming,Single,Sale,4,0.003415000000
AUG-24,"DirtySnatcha Records",Tartarus,,CRiiOZ,198342042182,DSR127,"In The Walls",,USLZJ2405562,CRiiOZ,Spotify,"August 2024",ZAF,Streaming,Single,Sale,4,0.003415000000
AUG-24,"DirtySnatcha Records",Nightmare,,"In Orbit Dubz",198342501320,DSR0080A,Nightmare,,QZWDD2257336,"In Orbit Dubz",Spotify,"August 2024",ZAF,Streaming,Single,Sale,4,0.003415000000
AUG-24,"DirtySnatcha Records",Nightmare,,"In Orbit Dubz",198342501320,DSR0080A,Nightmare,,QZWDD2257336,"In Orbit Dubz",Spotify,"August 2024",ZAF,Streaming,Single,Sale,2,0.003418000000
AUG-24,"DirtySnatcha Records","Operator Error",,"Big City",198342036334,DSR125,"Operator Error",,USLZJ2403328,"Big City","YouTube Streaming","August 2024",CAN,Streaming,"Art Track",Sale,1,0.003424000000
AUG-24,"DirtySnatcha Records","Genie In a Bottle",,"DirtySnatcha, Luci",198342437506,DSR132,"Genie In a Bottle",,GBWUL2407705,"DirtySnatcha, Luci",Spotify,"August 2024",ARG,Streaming,Single,Sale,3,0.003426000000
AUG-24,"DirtySnatcha Records","Round 2",,"Nekz, Meechie Murda",197999919441,DSR121,"Round 2",,QZ5FN2445592,"Nekz, Meechie Murda","Facebook / Instagram","June 2024",N/A,Streaming,"Audio Library",Sale,1,0.003428000000
AUG-24,"DirtySnatcha Records",Maniac,,Sinatra,197999611932,DSR114,Maniac,,QZZEB2305800,Sinatra,"Facebook / Instagram","June 2024",N/A,Streaming,"Audio Library",Sale,1,0.003428000000
AUG-24,"DirtySnatcha Records","GO MAD",,"DSTRTN, CRiiOZ",198342500286,DSR0056A,"GO MAD",,USLZJ2297741,"DSTRTN, CRiiOZ",Spotify,"August 2024",CZE,Streaming,Single,Sale,1,0.003430000000
AUG-24,"DirtySnatcha Records",Heartbreaker,,Kryture,198342478202,DSR0019A,Heartbreaker,,QZ5FN2071126,Kryture,"Apple Music","August 2024",FRA,Streaming,Single,Sale,1,0.003431000000
AUG-24,"DirtySnatcha Records","Run It Up",,"CHRMNDRS, Future Exit",198342476673,DSR0010A,"Run It Up",,GBWUL2081365,"CHRMNDRS, Future Exit",Spotify,"August 2024",CHL,Streaming,Single,Sale,2,0.003442000000
AUG-24,"DirtySnatcha Records",Nightmare,,"In Orbit Dubz",198342501320,DSR0080A,Nightmare,,QZWDD2257336,"In Orbit Dubz",Spotify,"August 2024",PRT,Streaming,Single,Sale,1,0.003442000000
AUG-24,"DirtySnatcha Records","GO MAD",,"DSTRTN, CRiiOZ",198342500286,DSR0056A,"GO MAD",,USLZJ2297741,"DSTRTN, CRiiOZ",Spotify,"August 2024",CHL,Streaming,Single,Sale,2,0.003442000000
AUG-24,"DirtySnatcha Records","The Tundra",,Barooka,197999919410,DSR120,Pressure,,QZ5FN2461916,Barooka,"Apple Music","August 2024",USA,Streaming,Single,Sale,1,0.003443000000
AUG-24,"DirtySnatcha Records",Assertion,,Aalioura,198342502129,DSR0076A,Assertion,,QZWDD2238845,Aalioura,"Apple Music","August 2024",USA,Streaming,Single,Sale,1,0.003443000000
AUG-24,"DirtySnatcha Records","Operator Error",,"Big City",198342036334,DSR125,"Rat Patrol",,USLZJ2403323,"Big City, Tonzology","Apple Music","August 2024",USA,Streaming,Single,Sale,1,0.003443000000
AUG-24,"DirtySnatcha Records",Game,,"Sloth, CHACKK",197999855442,DSR116,Game,,QZ5FN2416543,"Sloth, CHACKK","Apple Music","August 2024",USA,Streaming,Single,Sale,1,0.003443000000
AUG-24,"DirtySnatcha Records",Wompem,,ZURGLIN,198342492161,DSR0088A,Wompem,,USLZJ2318255,ZURGLIN,"Apple Music","August 2024",USA,Streaming,Single,Sale,1,0.003443000000
AUG-24,"DirtySnatcha Records",Terror,,Ennaut,198342500231,DSR0054A,Terror,,USLZJ2296710,Ennaut,"Apple Music","August 2024",USA,Streaming,Single,Sale,1,0.003443000000
AUG-24,"DirtySnatcha Records","Crushed Glass",,BBX,198342479902,DSR0095A,"Crushed Glass",,QZTV32366684,BBX,"Apple Music","August 2024",USA,Streaming,Single,Sale,1,0.003443000000
AUG-24,"DirtySnatcha Records",Danger,Remixes,"JAYSYX, AG",198342496428,DSR0041A,Danger,"Kringe Remix",GBRKQ2133622,"JAYSYX, AG, Kringe","Apple Music","August 2024",USA,Streaming,Single,Sale,1,0.003443000000
AUG-24,"DirtySnatcha Records","Genie In a Bottle",,"DirtySnatcha, Luci",198342437506,DSR132,"Genie In a Bottle",,GBWUL2407705,"DirtySnatcha, Luci","Apple DJ Mixes","August 2024",JPN,Streaming,Single,Sale,7,0.003453000000
AUG-24,"DirtySnatcha Records","Acting Out",,"Megahurtz, Blue",198342479070,DSR0029A,"Acting Out",,USLZJ2069505,"Megahurtz, Blue, Rico Act",Spotify,"August 2024",CHE,Streaming,Single,Sale,1,0.003457000000
AUG-24,"DirtySnatcha Records",Tartarus,,CRiiOZ,198342042182,DSR127,Psycho,,USLZJ2405590,"CRiiOZ, DSTRTN",Spotify,"August 2024",CHE,Streaming,Single,Sale,1,0.003457000000
AUG-24,"DirtySnatcha Records",Hypnotize,,"In Orbit Dubz",197999477019,DSR113,Hypnotize,,QZZ8B2327916,"In Orbit Dubz",Spotify,"August 2024",CHE,Streaming,Single,Sale,1,0.003457000000
AUG-24,"DirtySnatcha Records",Radioactivity,,"In Orbit Dubz",198342500118,DSR0053A,Radioactivity,,USLZJ2286474,"In Orbit Dubz",Spotify,"August 2024",CHE,Streaming,Single,Sale,1,0.003457000000
AUG-24,"DirtySnatcha Records","BIG UPS",,"RAZR, VASTIVE",198342478684,DSR0024A,"BIG UPS",,USLZJ2023938,"RAZR, VASTIVE",Spotify,"August 2024",CHE,Streaming,Single,Sale,1,0.003457000000
AUG-24,"DirtySnatcha Records","Apple Sowce",,Autokorekt,198342768341,DSR134,"Apple Sowce",,QZTRX2474922,Autokorekt,Spotify,"August 2024",CHE,Streaming,Single,Sale,1,0.003457000000
AUG-24,"DirtySnatcha Records",Whoa,,"KirbyBright, Devious",198342485866,DSR133,Whoa,,GBWUL2431903,"KirbyBright, Devious",Spotify,"August 2024",CAN,Streaming,Single,Sale,1,0.003460000000
AUG-24,"DirtySnatcha Records","Fuck It Up",,"In Orbit Dubz",198342501825,DSR0078A,"Fuck It Up",,QZWDD2257318,"In Orbit Dubz",Spotify,"August 2024",CAN,Streaming,Single,Sale,1,0.003460000000
AUG-24,"DirtySnatcha Records",Assertion,,Aalioura,198342502129,DSR0076A,Assertion,,QZWDD2238845,Aalioura,Spotify,"August 2024",CAN,Streaming,Single,Sale,1,0.003460000000
AUG-24,"DirtySnatcha Records","Keep Moving","Audigy Remix",DirtySnatcha,197999143198,DSR0104,"Keep Moving","Audigy Remix",QZWV32320452,"DirtySnatcha, Audigy",Spotify,"August 2024",CAN,Streaming,Single,Sale,1,0.003460000000
AUG-24,"DirtySnatcha Records",Tartarus,,CRiiOZ,198342042182,DSR127,"Watch Out",,USLZJ2405588,CRiiOZ,Spotify,"August 2024",MEX,Streaming,Single,Sale,1,0.003462000000
AUG-24,"DirtySnatcha Records",Bloodthirsty,,Howker,198342475331,DSR0004A,Bloodthirsty,,GBWUL1958037,Howker,Spotify,"August 2024",ARG,Streaming,Single,Sale,2,0.003465000000
AUG-24,"DirtySnatcha Records","Demon Hunter",,Zubah,198342478141,DSR0016A,"Demon Hunter",,QZ5FN2003847,Zubah,"Amazon Music Unlimited","August 2024",USA,Streaming,Single,Sale,1,0.003475000000
AUG-24,"DirtySnatcha Records","GO MAD",,"DSTRTN, CRiiOZ",198342500286,DSR0056A,"GO MAD",,USLZJ2297741,"DSTRTN, CRiiOZ",Spotify,"August 2024",ITA,Streaming,Single,Sale,11,0.003505000000
AUG-24,"DirtySnatcha Records","Back Rooms",,"In Orbit Dubz",198342498644,DSR0077A,"Back Rooms",,QZWDD2257316,"In Orbit Dubz","Amazon Prime","August 2024",IND,Streaming,Single,Sale,5,0.003512000000
AUG-24,"DirtySnatcha Records","Acting Out",,"Megahurtz, Blue",198342479070,DSR0029A,"Acting Out",,USLZJ2069505,"Megahurtz, Blue, Rico Act",Spotify,"August 2024",USA,Streaming,Single,Sale,1,0.003513000000
AUG-24,"DirtySnatcha Records",Radioactivity,,"In Orbit Dubz",198342500118,DSR0053A,Radioactivity,,USLZJ2286474,"In Orbit Dubz","YouTube Streaming","August 2024",CZE,Streaming,"Art Track",Sale,1,0.003515000000
AUG-24,"DirtySnatcha Records",WTF,,"BBX, Sloth",198342356135,DSR131,WTF,,GBRKQ2471312,"BBX, Sloth",Spotify,"August 2024",SVK,Streaming,Single,Sale,1,0.003518000000
AUG-24,"DirtySnatcha Records","Black & Gold",,BBX,198342479889,DSR0096A,"Eight Six",,QZTV32366095,BBX,Spotify,"August 2024",USA,Streaming,Single,Sale,1,0.003521000000
AUG-24,"DirtySnatcha Records","Black & Gold",,BBX,198342479889,DSR0096A,Shook,,QZTV32366682,BBX,Spotify,"August 2024",USA,Streaming,Single,Sale,1,0.003521000000
AUG-24,"DirtySnatcha Records","Eight Six",,BBX,198342480014,DSR0092A,"Eight Six",,QZTV32366095,BBX,Spotify,"August 2024",MEX,Streaming,Single,Sale,1,0.003526000000
AUG-24,"DirtySnatcha Records",Deviate,,"Paragon, Sqishi",198342476390,DSR0009A,Deviate,,GBWUL2080841,"Paragon, Sqishi","YouTube Streaming","August 2024",USA,Streaming,"Art Track",Sale,1,0.003532000000
AUG-24,"DirtySnatcha Records",Tartarus,,CRiiOZ,198342042182,DSR127,Psycho,,USLZJ2405590,"CRiiOZ, DSTRTN",Spotify,"August 2024",JPN,Streaming,Single,Sale,1,0.003534000000
AUG-24,"DirtySnatcha Records",Scorpion,,Torcha,198342501160,DSR0057A,Scorpion,,GBRKQ2202745,Torcha,"Apple Music","August 2024",USA,Streaming,Single,Sale,1,0.003550000000
AUG-24,"DirtySnatcha Records",Tartarus,,CRiiOZ,198342042182,DSR127,Psycho,,USLZJ2405590,"CRiiOZ, DSTRTN","Apple Music","August 2024",USA,Streaming,Single,Sale,1,0.003550000000
AUG-24,"DirtySnatcha Records","Eight Six",,BBX,198342480014,DSR0092A,"Eight Six",,QZTV32366095,BBX,"YouTube Streaming","August 2024",MEX,Streaming,"Art Track",Sale,3,0.003562000000
AUG-24,"DirtySnatcha Records",WDGAF,,CRiiOZ,197999026187,DSR0102,WDGAF,,QZWDE2357423,CRiiOZ,iTunes,"August 2024",USA,Download,Single,Sale,5,0.003574000000
AUG-24,"DirtySnatcha Records",Tartarus,,CRiiOZ,198342042182,DSR127,Psycho,,USLZJ2405590,"CRiiOZ, DSTRTN",Spotify,"August 2024",BRA,Streaming,Single,Sale,1,0.003599000000
AUG-24,"DirtySnatcha Records",Tartarus,,CRiiOZ,198342042182,DSR127,Psycho,,USLZJ2405590,"CRiiOZ, DSTRTN",Spotify,"August 2024",ISR,Streaming,Single,Sale,1,0.003606000000
AUG-24,"DirtySnatcha Records","Keep Moving","Audigy Remix",DirtySnatcha,197999143198,DSR0104,"Keep Moving","Audigy Remix",QZWV32320452,"DirtySnatcha, Audigy",Spotify,"August 2024",ISR,Streaming,Single,Sale,1,0.003606000000
AUG-24,"DirtySnatcha Records",Tartarus,,CRiiOZ,198342042182,DSR127,Trust,,USLZJ2405591,CRiiOZ,Deezer,"June 2024",MEX,Streaming,Single,Sale,1,0.003613000000
AUG-24,"DirtySnatcha Records",Tartarus,,CRiiOZ,198342042182,DSR127,"In The Walls",,USLZJ2405562,CRiiOZ,Deezer,"June 2024",MEX,Streaming,Single,Sale,1,0.003613000000
AUG-24,"DirtySnatcha Records",Tartarus,,CRiiOZ,198342042182,DSR127,"Watch Out",,USLZJ2405588,CRiiOZ,Deezer,"June 2024",MEX,Streaming,Single,Sale,1,0.003613000000
AUG-24,"DirtySnatcha Records","Genie In a Bottle",,"DirtySnatcha, Luci",198342437506,DSR132,"Genie In a Bottle",,GBWUL2407705,"DirtySnatcha, Luci",Spotify,"August 2024",MEX,Streaming,Single,Sale,4,0.003613000000
AUG-24,"DirtySnatcha Records",Tartarus,,CRiiOZ,198342042182,DSR127,Psycho,,USLZJ2405590,"CRiiOZ, DSTRTN",Spotify,"August 2024",ECU,Streaming,Single,Sale,4,0.003621000000
AUG-24,"DirtySnatcha Records","BIG UPS",,"RAZR, VASTIVE",198342478684,DSR0024A,"BIG UPS",,USLZJ2023938,"RAZR, VASTIVE","Amazon Music Unlimited","August 2024",BRA,Streaming,Single,Sale,1,0.003638000000
AUG-24,"DirtySnatcha Records",Tartarus,,CRiiOZ,198342042182,DSR127,"In The Walls",,USLZJ2405562,CRiiOZ,Spotify,"August 2024",DEU,Streaming,Single,Sale,4,0.003643000000
AUG-24,"DirtySnatcha Records","Spectre Season",,Artifact,198342479643,DSR0101A,"Spectre Season",,QZWDD2336449,Artifact,Spotify,"August 2024",DEU,Streaming,Single,Sale,4,0.003643000000
AUG-24,"DirtySnatcha Records","Acting Out",,"Megahurtz, Blue",198342479070,DSR0029A,"Acting Out",,USLZJ2069505,"Megahurtz, Blue, Rico Act",Spotify,"August 2024",AUS,Streaming,Single,Sale,1,0.003648000000
AUG-24,"DirtySnatcha Records","Black & Gold",,BBX,198342479889,DSR0096A,Shook,,QZTV32366682,BBX,Spotify,"August 2024",AUS,Streaming,Single,Sale,1,0.003648000000
AUG-24,"DirtySnatcha Records","BIG UPS",,"RAZR, VASTIVE",198342478684,DSR0024A,"BIG UPS",,USLZJ2023938,"RAZR, VASTIVE",Spotify,"August 2024",AUS,Streaming,Single,Sale,1,0.003648000000
AUG-24,"DirtySnatcha Records",Destroy,,"In Orbit Dubz, DSTRTN",198342501504,DSR0079A,Destroy,,QZWDD2257331,"In Orbit Dubz, DSTRTN",Spotify,"August 2024",AUS,Streaming,Single,Sale,1,0.003648000000
AUG-24,"DirtySnatcha Records","Take A Trip","DirtySnatcha Remix","HEXED, Labs",198342492369,DSR0086A,"Take A Trip","DirtySnatcha Remix",QZ5FN2303924,"HEXED, Labs, DirtySnatcha",Spotify,"August 2024",AUS,Streaming,Single,Sale,1,0.003648000000
AUG-24,"DirtySnatcha Records","Spicy Tune",,"Scafetta, Monsters Everywhere",198342503508,DSR0072A,"Spicy Tune",,GBWUL2257078,"Scafetta, Monsters Everywhere","Apple Music","August 2024",USA,Streaming,Single,Sale,1,0.003657000000
AUG-24,"DirtySnatcha Records",WTF,,"BBX, Sloth",198342356135,DSR131,WTF,,GBRKQ2471312,"BBX, Sloth",Spotify,"August 2024",GBR,Streaming,Single,Sale,2,0.003659000000
AUG-24,"DirtySnatcha Records","Genie In a Bottle",,"DirtySnatcha, Luci",198342437506,DSR132,"Genie In a Bottle",,GBWUL2407705,"DirtySnatcha, Luci",Spotify,"August 2024",IND,Streaming,Single,Sale,8,0.003661000000
AUG-24,"DirtySnatcha Records",Tartarus,,CRiiOZ,198342042182,DSR127,"In The Walls",,USLZJ2405562,CRiiOZ,Spotify,"August 2024",ISL,Streaming,Single,Sale,1,0.003671000000
AUG-24,"DirtySnatcha Records","GO MAD",,"DSTRTN, CRiiOZ",198342500286,DSR0056A,"GO MAD",,USLZJ2297741,"DSTRTN, CRiiOZ",Spotify,"August 2024",ISL,Streaming,Single,Sale,1,0.003671000000
AUG-24,"DirtySnatcha Records",Tartarus,,CRiiOZ,198342042182,DSR127,Psycho,,USLZJ2405590,"CRiiOZ, DSTRTN",Spotify,"August 2024",ISL,Streaming,Single,Sale,1,0.003671000000
AUG-24,"DirtySnatcha Records","Out Of Service",,"Autokorekt, ChemDawg",198342492215,DSR0046A,"Out Of Service",,GBWUL2192863,"Autokorekt, ChemDawg, Versace",Spotify,"August 2024",MEX,Streaming,Single,Sale,5,0.003674000000
AUG-24,"DirtySnatcha Records","Game Time",,"Autokorekt, Eazley",198342476338,DSR0006A,"Game Time",,GBWUL2023530,"Autokorekt, Eazley, Rico Act",Spotify,"August 2024",MEX,Streaming,Single,Sale,5,0.003674000000
AUG-24,"DirtySnatcha Records",Tartarus,,CRiiOZ,198342042182,DSR127,"Watch Out",,USLZJ2405588,CRiiOZ,Spotify,"August 2024",MEX,Streaming,Single,Sale,5,0.003674000000
AUG-24,"DirtySnatcha Records","Keep Moving","Audigy Remix",DirtySnatcha,197999143198,DSR0104,"Keep Moving","Audigy Remix",QZWV32320452,"DirtySnatcha, Audigy",Spotify,"August 2024",JPN,Streaming,Single,Sale,1,0.003676000000
AUG-24,"DirtySnatcha Records",Tartarus,,CRiiOZ,198342042182,DSR127,Trust,,USLZJ2405591,CRiiOZ,Spotify,"August 2024",JPN,Streaming,Single,Sale,1,0.003676000000
AUG-24,"DirtySnatcha Records",WDGAF,,CRiiOZ,197999026187,DSR0102,WDGAF,,QZWDE2357423,CRiiOZ,"YouTube Streaming","August 2024",POL,Streaming,"Art Track",Sale,1,0.003680000000
AUG-24,"DirtySnatcha Records",FVCK,,"Hurting Murphy",198342492000,DSR0089A,FVCK,,USLZJ2376873,"Hurting Murphy","YouTube Streaming","August 2024",POL,Streaming,"Art Track",Sale,1,0.003680000000
AUG-24,"DirtySnatcha Records","Eight Six",,BBX,198342480014,DSR0092A,"Eight Six",,QZTV32366095,BBX,"YouTube Streaming","August 2024",POL,Streaming,"Art Track",Sale,1,0.003680000000
AUG-24,"DirtySnatcha Records","Eight Six",,BBX,198342480014,DSR0092A,"Eight Six",,QZTV32366095,BBX,"YouTube Streaming","August 2024",FRA,Streaming,"Art Track",Sale,1,0.003687000000
AUG-24,"DirtySnatcha Records",Tartarus,,CRiiOZ,198342042182,DSR127,"In The Walls",,USLZJ2405562,CRiiOZ,Spotify,"August 2024",CRI,Streaming,Single,Sale,3,0.003700000000
AUG-24,"DirtySnatcha Records",WTF,,"BBX, Sloth",198342356135,DSR131,WTF,,GBRKQ2471312,"BBX, Sloth",Spotify,"August 2024",CRI,Streaming,Single,Sale,3,0.003700000000
AUG-24,"DirtySnatcha Records",WTF,,"BBX, Sloth",198342356135,DSR131,WTF,,GBRKQ2471312,"BBX, Sloth",Spotify,"August 2024",PER,Streaming,Single,Sale,2,0.003702000000
AUG-24,"DirtySnatcha Records","Run It Up",,"CHRMNDRS, Future Exit",198342476673,DSR0010A,"Run It Up",,GBWUL2081365,"CHRMNDRS, Future Exit",Spotify,"August 2024",DEU,Streaming,Single,Sale,1,0.003744000000
AUG-24,"DirtySnatcha Records",Assertion,,Aalioura,198342502129,DSR0076A,Assertion,,QZWDD2238845,Aalioura,Spotify,"August 2024",KAZ,Streaming,Single,Sale,2,0.003751000000
AUG-24,"DirtySnatcha Records",WTF,,"BBX, Sloth",198342356135,DSR131,WTF,,GBRKQ2471312,"BBX, Sloth",Spotify,"August 2024",ISR,Streaming,Single,Sale,1,0.003761000000
AUG-24,"DirtySnatcha Records",Hypnotize,,"In Orbit Dubz",197999477019,DSR113,Hypnotize,,QZZ8B2327916,"In Orbit Dubz",Spotify,"August 2024",GRC,Streaming,Single,Sale,2,0.003773000000
AUG-24,"DirtySnatcha Records",Apparition,,CVLVALRI,198342507926,DSR0063A,Apparition,,GBRKQ2204805,CVLVALRI,Spotify,"August 2024",MEX,Streaming,Single,Sale,1,0.003775000000
AUG-24,"DirtySnatcha Records","Fog Horn",,DENNETT,198342502969,DSR0074A,"Fog Horn",,QZTRX2237730,DENNETT,Spotify,"August 2024",ESP,Streaming,Single,Sale,1,0.003782000000
AUG-24,"DirtySnatcha Records",Tartarus,,CRiiOZ,198342042182,DSR127,Psycho,,USLZJ2405590,"CRiiOZ, DSTRTN",Spotify,"August 2024",ESP,Streaming,Single,Sale,1,0.003782000000
AUG-24,"DirtySnatcha Records","Fog Horn",,DENNETT,198342502969,DSR0074A,"Fog Horn",,QZTRX2237730,DENNETT,Spotify,"August 2024",TWN,Streaming,Single,Sale,2,0.003800000000
AUG-24,"DirtySnatcha Records","Genie In a Bottle",,"DirtySnatcha, Luci",198342437506,DSR132,"Genie In a Bottle",,GBWUL2407705,"DirtySnatcha, Luci","Apple DJ Mixes","August 2024",USA,Streaming,Single,Sale,6,0.003821000000
AUG-24,"DirtySnatcha Records","Genie In a Bottle",,"DirtySnatcha, Luci",198342437506,DSR132,"Genie In a Bottle",,GBWUL2407705,"DirtySnatcha, Luci","Amazon Music Unlimited","August 2024",DEU,Streaming,Single,Sale,1,0.003827000000
AUG-24,"DirtySnatcha Records","Take A Trip","DirtySnatcha Remix","HEXED, Labs",198342492369,DSR0086A,"Take A Trip","DirtySnatcha Remix",QZ5FN2303924,"HEXED, Labs, DirtySnatcha","Amazon Music Unlimited","August 2024",DEU,Streaming,Single,Sale,1,0.003827000000
AUG-24,"DirtySnatcha Records","GO MAD",,"DSTRTN, CRiiOZ",198342500286,DSR0056A,"GO MAD",,USLZJ2297741,"DSTRTN, CRiiOZ",Spotify,"August 2024",SLV,Streaming,Single,Sale,1,0.003841000000
AUG-24,"DirtySnatcha Records",WTF,,"BBX, Sloth",198342356135,DSR131,WTF,,GBRKQ2471312,"BBX, Sloth",Spotify,"August 2024",SLV,Streaming,Single,Sale,1,0.003841000000
AUG-24,"DirtySnatcha Records","Acting Out",,"Megahurtz, Blue",198342479070,DSR0029A,"Acting Out",,USLZJ2069505,"Megahurtz, Blue, Rico Act",Spotify,"August 2024",ESP,Streaming,Single,Sale,2,0.003870000000
AUG-24,"DirtySnatcha Records","Black & Gold",,BBX,198342479988,DSR0093A,"Black & Gold",,QZTV32366677,BBX,Spotify,"August 2024",ARG,Streaming,Single,Sale,5,0.003879000000
AUG-24,"DirtySnatcha Records",Shook,,BBX,198342479957,DSR0094A,Shook,,QZTV32366682,BBX,Spotify,"August 2024",ARG,Streaming,Single,Sale,5,0.003879000000
AUG-24,"DirtySnatcha Records","Loose It","BOU$HY Remix","Eazley, Autokorekt",198342491560,DSR0039A,"Loose It","BOU$HY Remix",GBRKQ2109631,"Eazley, Autokorekt, BOU$HY",Spotify,"August 2024",USA,Streaming,Single,Sale,2,0.003880000000
AUG-24,"DirtySnatcha Records","Loose It",,"Eazley, Autokorekt",198342478653,DSR0023A,"Loose It",,QZ5FN2097747,"Eazley, Autokorekt",Spotify,"August 2024",USA,Streaming,Single,Sale,2,0.003880000000
AUG-24,"DirtySnatcha Records",Dimension,,"In Orbit Dubz, Nein Lives",198342496138,DSR0051A,Dimension,,QZ5FN2266737,"In Orbit Dubz, Nein Lives",Spotify,"August 2024",USA,Streaming,Single,Sale,2,0.003880000000
AUG-24,"DirtySnatcha Records",Scorpion,,Torcha,198342501160,DSR0057A,Scorpion,,GBRKQ2202745,Torcha,Spotify,"August 2024",USA,Streaming,Single,Sale,2,0.003880000000
AUG-24,"DirtySnatcha Records","Take A Trip","DirtySnatcha Remix","HEXED, Labs",198342492369,DSR0086A,"Take A Trip","DirtySnatcha Remix",QZ5FN2303924,"HEXED, Labs, DirtySnatcha",Spotify,"August 2024",MEX,Streaming,Single,Sale,2,0.003888000000
AUG-24,"DirtySnatcha Records",Radioactivity,,"In Orbit Dubz",198342500118,DSR0053A,Radioactivity,,USLZJ2286474,"In Orbit Dubz","YouTube Streaming","August 2024",POL,Streaming,"Art Track",Sale,2,0.003890000000
AUG-24,"DirtySnatcha Records",Nightmare,,"In Orbit Dubz",198342501320,DSR0080A,Nightmare,,QZWDD2257336,"In Orbit Dubz",Spotify,"August 2024",BRA,Streaming,Single,Sale,2,0.003891000000
AUG-24,"DirtySnatcha Records","Loose It","BOU$HY Remix","Eazley, Autokorekt",198342491560,DSR0039A,"Loose It","BOU$HY Remix",GBRKQ2109631,"Eazley, Autokorekt, BOU$HY",Spotify,"August 2024",POL,Streaming,Single,Sale,2,0.003909000000
AUG-24,"DirtySnatcha Records",Game,,"Sloth, CHACKK",197999855442,DSR116,Game,,QZ5FN2416543,"Sloth, CHACKK",Spotify,"August 2024",POL,Streaming,Single,Sale,2,0.003909000000
AUG-24,"DirtySnatcha Records","Keep Moving","Aelius, Voyager, Wilco Beats Remix",DirtySnatcha,198342499863,DSR0083A,"Keep Moving","Aelius, Voyager, Wilco Beats Remix",QZWDD2263373,"DirtySnatcha, Aelius, Voyager, Wilco Beats",Spotify,"August 2024",MEX,Streaming,Single,Sale,2,0.003919000000
AUG-24,"DirtySnatcha Records","Out Of Service",,"Autokorekt, ChemDawg",198342492215,DSR0046A,"Out Of Service",,GBWUL2192863,"Autokorekt, ChemDawg, Versace",Spotify,"August 2024",MEX,Streaming,Single,Sale,2,0.003919000000
AUG-24,"DirtySnatcha Records","Run It Up",,"CHRMNDRS, Future Exit",198342476673,DSR0010A,"Run It Up",,GBWUL2081365,"CHRMNDRS, Future Exit",Spotify,"August 2024",MEX,Streaming,Single,Sale,2,0.003919000000
AUG-24,"DirtySnatcha Records",Rudeboy,,"Seeing Double, Kryture",198342476352,DSR0007A,Rudeboy,,GBWUL2045907,"Seeing Double, Kryture",Spotify,"August 2024",MEX,Streaming,Single,Sale,2,0.003919000000
AUG-24,"DirtySnatcha Records",WTF,,"BBX, Sloth",198342356135,DSR131,WTF,,GBRKQ2471312,"BBX, Sloth",Spotify,"August 2024",PHL,Streaming,Single,Sale,2,0.003939000000
AUG-24,"DirtySnatcha Records",Tartarus,,CRiiOZ,198342042182,DSR127,Psycho,,USLZJ2405590,"CRiiOZ, DSTRTN",Spotify,"August 2024",CAN,Streaming,Single,Sale,1,0.003945000000
AUG-24,"DirtySnatcha Records","Genie In a Bottle",,"DirtySnatcha, Luci",198342437506,DSR132,"Genie In a Bottle",,GBWUL2407705,"DirtySnatcha, Luci","Apple DJ Mixes","August 2024",FRA,Streaming,Single,Sale,6,0.003948000000
AUG-24,"DirtySnatcha Records",Tartarus,,CRiiOZ,198342042182,DSR127,"In The Walls",,USLZJ2405562,CRiiOZ,Spotify,"August 2024",CHL,Streaming,Single,Sale,3,0.003958000000
AUG-24,"DirtySnatcha Records","Round 2",,"Nekz, Meechie Murda",197999919441,DSR121,"Round 2",,QZ5FN2445592,"Nekz, Meechie Murda","Apple Music","August 2024",FRA,Streaming,Single,Sale,1,0.003969000000
AUG-24,"DirtySnatcha Records","Eight Six",,BBX,198342480014,DSR0092A,"Eight Six",,QZTV32366095,BBX,"YouTube Streaming","August 2024",AUS,Streaming,"Art Track",Sale,1,0.003979000000
AUG-24,"DirtySnatcha Records","Giving Up VIP",,"CHRMNDRS, SEEING\\DOUBLE",198342492154,DSR0044A,"Giving Up VIP",,GBWUL2158623,"CHRMNDRS, SEEING\\DOUBLE",Spotify,"August 2024",NZL,Streaming,Single,Sale,1,0.003983000000
AUG-24,"DirtySnatcha Records",Tartarus,,CRiiOZ,198342042182,DSR127,"In The Walls",,USLZJ2405562,CRiiOZ,Spotify,"August 2024",NZL,Streaming,Single,Sale,1,0.003983000000
AUG-24,"DirtySnatcha Records","Eight Six",,BBX,198342480014,DSR0092A,"Eight Six",,QZTV32366095,BBX,"YouTube Streaming","August 2024",ROM,Streaming,"Art Track",Sale,1,0.003985000000
AUG-24,"DirtySnatcha Records","Operator Error",,"Big City",198342036334,DSR125,"Operator Error",,USLZJ2403328,"Big City","YouTube Content ID","August 2024",USA,UGC,"Sound Recording",Sale,5,0.003991000000
AUG-24,"DirtySnatcha Records","Fog Horn",,DENNETT,198342502969,DSR0074A,"Fog Horn",,QZTRX2237730,DENNETT,Spotify,"August 2024",CZE,Streaming,Single,Sale,1,0.004020000000
AUG-24,"DirtySnatcha Records",Tartarus,,CRiiOZ,198342042182,DSR127,Psycho,,USLZJ2405590,"CRiiOZ, DSTRTN",Spotify,"August 2024",LTU,Streaming,Single,Sale,3,0.004040000000
AUG-24,"DirtySnatcha Records",WTF,,"BBX, Sloth",198342356135,DSR131,WTF,,GBRKQ2471312,"BBX, Sloth",Spotify,"August 2024",URY,Streaming,Single,Sale,3,0.004044000000
AUG-24,"DirtySnatcha Records","GO MAD",,"DSTRTN, CRiiOZ",198342500286,DSR0056A,"GO MAD",,USLZJ2297741,"DSTRTN, CRiiOZ",Spotify,"August 2024",URY,Streaming,Single,Sale,3,0.004044000000
AUG-24,"DirtySnatcha Records",Assertion,,Aalioura,198342502129,DSR0076A,Assertion,,QZWDD2238845,Aalioura,NetEase,"July 2024",CHN,Streaming,Single,Sale,6,0.004054000000
AUG-24,"DirtySnatcha Records",Radioactivity,,"In Orbit Dubz",198342500118,DSR0053A,Radioactivity,,USLZJ2286474,"In Orbit Dubz",Spotify,"August 2024",SWE,Streaming,Single,Sale,1,0.004054000000
AUG-24,"DirtySnatcha Records","Genie In a Bottle",,"DirtySnatcha, Luci",198342437506,DSR132,"Genie In a Bottle",,GBWUL2407705,"DirtySnatcha, Luci",Spotify,"August 2024",SWE,Streaming,Single,Sale,1,0.004054000000
AUG-24,"DirtySnatcha Records","Black & Gold",,BBX,198342479988,DSR0093A,"Black & Gold",,QZTV32366677,BBX,Spotify,"August 2024",SWE,Streaming,Single,Sale,1,0.004054000000
AUG-24,"DirtySnatcha Records",WTF,,"BBX, Sloth",198342356135,DSR131,WTF,,GBRKQ2471312,"BBX, Sloth",Spotify,"August 2024",SWE,Streaming,Single,Sale,1,0.004054000000
AUG-24,"DirtySnatcha Records","Eight Six",,BBX,198342480014,DSR0092A,"Eight Six",,QZTV32366095,BBX,"YouTube Streaming","August 2024",DEU,Streaming,"Art Track",Sale,1,0.004059000000
AUG-24,"DirtySnatcha Records","Genie In a Bottle",,"DirtySnatcha, Luci",198342437506,DSR132,"Genie In a Bottle",,GBWUL2407705,"DirtySnatcha, Luci",Deezer,"June 2024",POL,Streaming,Single,Sale,1,0.004067000000
AUG-24,"DirtySnatcha Records","Keep Moving","Audigy Remix",DirtySnatcha,197999143198,DSR0104,"Keep Moving","Audigy Remix",QZWV32320452,"DirtySnatcha, Audigy",Spotify,"August 2024",DEU,Streaming,Single,Sale,1,0.004068000000
AUG-24,"DirtySnatcha Records","Genie In a Bottle",,"DirtySnatcha, Luci",198342437506,DSR132,"Genie In a Bottle",,GBWUL2407705,"DirtySnatcha, Luci","YouTube Content ID","August 2024",AUS,UGC,"Sound Recording",Sale,1,0.004102000000
AUG-24,"DirtySnatcha Records","Back Rooms",,"In Orbit Dubz",198342498644,DSR0077A,"Back Rooms",,QZWDD2257316,"In Orbit Dubz","Amazon Prime","August 2024",MEX,Streaming,Single,Sale,6,0.004110000000
AUG-24,"DirtySnatcha Records",WTF,,"BBX, Sloth",198342356135,DSR131,WTF,,GBRKQ2471312,"BBX, Sloth",Spotify,"August 2024",ECU,Streaming,Single,Sale,2,0.004114000000
AUG-24,"DirtySnatcha Records","Genie In a Bottle",,"DirtySnatcha, Luci",198342437506,DSR132,"Genie In a Bottle",,GBWUL2407705,"DirtySnatcha, Luci","Apple DJ Mixes","August 2024",USA,Streaming,Single,Sale,14,0.004120000000
AUG-24,"DirtySnatcha Records","The Back Rooms EP",,"In Orbit Dubz",198342501023,DSR0081A,Nightmare,,QZWDD2257336,"In Orbit Dubz","Apple Music","August 2024",CAN,Streaming,Single,Sale,1,0.004124000000
AUG-24,"DirtySnatcha Records","GO MAD",,"DSTRTN, CRiiOZ",198342500286,DSR0056A,"GO MAD",,USLZJ2297741,"DSTRTN, CRiiOZ",Spotify,"August 2024",COL,Streaming,Single,Sale,3,0.004134000000
AUG-24,"DirtySnatcha Records",WTF,,"BBX, Sloth",198342356135,DSR131,WTF,,GBRKQ2471312,"BBX, Sloth",Spotify,"August 2024",MEX,Streaming,Single,Sale,6,0.004145000000
AUG-24,"DirtySnatcha Records",LIGMA,,"BBX, Jonomatic, Geeku",198342492208,DSR0045A,LIGMA,,GBWUL2171015,"BBX, Jonomatic, Geeku",Spotify,"August 2024",CAN,Streaming,Single,Sale,1,0.004176000000
AUG-24,"DirtySnatcha Records",Nightmare,,"In Orbit Dubz",198342501320,DSR0080A,Nightmare,,QZWDD2257336,"In Orbit Dubz",Spotify,"August 2024",EST,Streaming,Single,Sale,1,0.004178000000
AUG-24,"DirtySnatcha Records",WTF,,"BBX, Sloth",198342356135,DSR131,WTF,,GBRKQ2471312,"BBX, Sloth",Spotify,"August 2024",EST,Streaming,Single,Sale,1,0.004178000000
AUG-24,"DirtySnatcha Records","Genie In a Bottle",,"DirtySnatcha, Luci",198342437506,DSR132,"Genie In a Bottle",,GBWUL2407705,"DirtySnatcha, Luci",Spotify,"August 2024",CHL,Streaming,Single,Sale,2,0.004198000000
AUG-24,"DirtySnatcha Records",LIGMA,,"BBX, Jonomatic, Geeku",198342492208,DSR0045A,LIGMA,,GBWUL2171015,"BBX, Jonomatic, Geeku","Amazon Music Unlimited","August 2024",CAN,Streaming,Single,Sale,1,0.004200000000
AUG-24,"DirtySnatcha Records",Tartarus,,CRiiOZ,198342042182,DSR127,"In The Walls",,USLZJ2405562,CRiiOZ,Spotify,"August 2024",MEX,Streaming,Single,Sale,1,0.004202000000
AUG-24,"DirtySnatcha Records",Whoa,,"KirbyBright, Devious",198342485866,DSR133,Whoa,,GBWUL2431903,"KirbyBright, Devious","Apple Music","August 2024",JPN,Streaming,Single,Sale,1,0.004208000000
AUG-24,"DirtySnatcha Records","Break Beat",,Krxnik,198342476321,DSR0005A,"Break Beat",,GBWUL2005941,Krxnik,"Apple Music","August 2024",JPN,Streaming,Single,Sale,1,0.004208000000
AUG-24,"DirtySnatcha Records",WTF,,"BBX, Sloth",198342356135,DSR131,WTF,,GBRKQ2471312,"BBX, Sloth","Apple Music","August 2024",JPN,Streaming,Single,Sale,1,0.004208000000
AUG-24,"DirtySnatcha Records",Tartarus,,CRiiOZ,198342042182,DSR127,"Let Go",,USLZJ2405592,CRiiOZ,"Apple Music","August 2024",JPN,Streaming,Single,Sale,1,0.004208000000
AUG-24,"DirtySnatcha Records","Keep Moving","Aelius, Voyager, Wilco Beats Remix",DirtySnatcha,198342499863,DSR0083A,"Keep Moving","Aelius, Voyager, Wilco Beats Remix",QZWDD2263373,"DirtySnatcha, Aelius, Voyager, Wilco Beats","Apple Music","August 2024",JPN,Streaming,Single,Sale,1,0.004208000000
AUG-24,"DirtySnatcha Records",Radiance,,BOU$HY,198342492130,DSR0043A,Radiance,,GBWUL2118332,BOU$HY,"Apple Music","August 2024",JPN,Streaming,Single,Sale,1,0.004208000000
AUG-24,"DirtySnatcha Records",WTF,,"BBX, Sloth",198342356135,DSR131,WTF,,GBRKQ2471312,"BBX, Sloth",Spotify,"August 2024",BEL,Streaming,Single,Sale,2,0.004209000000
AUG-24,"DirtySnatcha Records","Spectre Season",,Artifact,198342479643,DSR0101A,"Spectre Season",,QZWDD2336449,Artifact,Spotify,"August 2024",ITA,Streaming,Single,Sale,2,0.004219000000
AUG-24,"DirtySnatcha Records","Eight Six",,BBX,198342480014,DSR0092A,"Eight Six",,QZTV32366095,BBX,Spotify,"August 2024",ITA,Streaming,Single,Sale,2,0.004219000000
AUG-24,"DirtySnatcha Records",Tartarus,,CRiiOZ,198342042182,DSR127,Psycho,,USLZJ2405590,"CRiiOZ, DSTRTN",Spotify,"August 2024",ITA,Streaming,Single,Sale,2,0.004219000000
AUG-24,"DirtySnatcha Records",WTF,,"BBX, Sloth",198342356135,DSR131,WTF,,GBRKQ2471312,"BBX, Sloth",TIDAL,"July 2024",POL,Streaming,Single,Sale,1,0.004222000000
AUG-24,"DirtySnatcha Records","Genie In a Bottle",,"DirtySnatcha, Luci",198342437506,DSR132,"Genie In a Bottle",,GBWUL2407705,"DirtySnatcha, Luci",Spotify,"August 2024",ROM,Streaming,Single,Sale,2,0.004226000000
AUG-24,"DirtySnatcha Records",Apparition,,CVLVALRI,198342507926,DSR0063A,Apparition,,GBRKQ2204805,CVLVALRI,Spotify,"August 2024",FRA,Streaming,Single,Sale,1,0.004232000000
AUG-24,"DirtySnatcha Records",Whoa,,"KirbyBright, Devious",198342485866,DSR133,Whoa,,GBWUL2431903,"KirbyBright, Devious",Spotify,"August 2024",FRA,Streaming,Single,Sale,1,0.004232000000
AUG-24,"DirtySnatcha Records",Hypnotize,,"In Orbit Dubz",197999477019,DSR113,Hypnotize,,QZZ8B2327916,"In Orbit Dubz",Spotify,"August 2024",FRA,Streaming,Single,Sale,1,0.004232000000
AUG-24,"DirtySnatcha Records",Bloodthirsty,,Howker,198342475331,DSR0004A,Bloodthirsty,,GBWUL1958037,Howker,Spotify,"August 2024",GBR,Streaming,Single,Sale,1,0.004247000000
AUG-24,"DirtySnatcha Records","Eight Six",,BBX,198342480014,DSR0092A,"Eight Six",,QZTV32366095,BBX,"Apple Music","August 2024",HUN,Streaming,Single,Sale,1,0.004249000000
AUG-24,"DirtySnatcha Records","Run It Up",,"CHRMNDRS, Future Exit",198342476673,DSR0010A,"Run It Up",,GBWUL2081365,"CHRMNDRS, Future Exit","Apple Music","August 2024",POL,Streaming,Single,Sale,1,0.004250000000
AUG-24,"DirtySnatcha Records","Apple Sowce",,Autokorekt,198342768341,DSR134,"Apple Sowce",,QZTRX2474922,Autokorekt,Spotify,"August 2024",MEX,Streaming,Single,Sale,1,0.004260000000
AUG-24,"DirtySnatcha Records","GO MAD",,"DSTRTN, CRiiOZ",198342500286,DSR0056A,"GO MAD",,USLZJ2297741,"DSTRTN, CRiiOZ",Spotify,"August 2024",DEU,Streaming,Single,Sale,1,0.004268000000
AUG-24,"DirtySnatcha Records",WTF,,"BBX, Sloth",198342356135,DSR131,WTF,,GBRKQ2471312,"BBX, Sloth",Spotify,"August 2024",ZAF,Streaming,Single,Sale,5,0.004270000000
AUG-24,"DirtySnatcha Records",Tartarus,,CRiiOZ,198342042182,DSR127,Psycho,,USLZJ2405590,"CRiiOZ, DSTRTN",Spotify,"August 2024",ZAF,Streaming,Single,Sale,5,0.004270000000
AUG-24,"DirtySnatcha Records",Nightmare,,"In Orbit Dubz",198342501320,DSR0080A,Nightmare,,QZWDD2257336,"In Orbit Dubz",Snap,"July 2024",USA,Streaming,"User Generated Content",Sale,1,0.004276000000
AUG-24,"DirtySnatcha Records",Bloodthirsty,,Howker,198342475331,DSR0004A,Bloodthirsty,,GBWUL1958037,Howker,Spotify,"August 2024",AUS,Streaming,Single,Sale,1,0.004276000000
AUG-24,"DirtySnatcha Records",Tartarus,,CRiiOZ,198342042182,DSR127,Psycho,,USLZJ2405590,"CRiiOZ, DSTRTN",Spotify,"August 2024",AUS,Streaming,Single,Sale,1,0.004276000000
AUG-24,"DirtySnatcha Records","BIG UPS",,"RAZR, VASTIVE",198342478684,DSR0024A,"BIG UPS",,USLZJ2023938,"RAZR, VASTIVE","YouTube Streaming","August 2024",USA,Streaming,"Art Track",Sale,1,0.004296000000
AUG-24,"DirtySnatcha Records","Need U","Dobadlyy Remix","DirtySnatcha, Autokorekt",198342491317,DSR0033A,"Need U","Dobadlyy Remix",QZ5FN2114150,"DirtySnatcha, Autokorekt, Dobadlyy","YouTube Streaming","August 2024",USA,Streaming,"Art Track",Sale,1,0.004296000000
AUG-24,"DirtySnatcha Records","Keep Moving","Audigy Remix",DirtySnatcha,197999143198,DSR0104,"Keep Moving","Audigy Remix",QZWV32320452,"DirtySnatcha, Audigy","Apple Music","August 2024",HND,Streaming,Single,Sale,1,0.004313000000
AUG-24,"DirtySnatcha Records","Fuck It Up",,"In Orbit Dubz",198342501825,DSR0078A,"Fuck It Up",,QZWDD2257318,"In Orbit Dubz",Spotify,"August 2024",ITA,Streaming,Single,Sale,1,0.004321000000
AUG-24,"DirtySnatcha Records","Half Life",,"Twisted, Chutez & Ladderz, R3mark",198342508084,DSR0067A,"Half Life",,GBRKQ2245644,"Twisted, Chutez & Ladderz, R3mark",iHeartRadio,"June 2024",USA,Streaming,Single,Sale,1,0.004321000000
AUG-24,"DirtySnatcha Records","Game Time",,"Autokorekt, Eazley",198342476338,DSR0006A,"Game Time",,GBWUL2023530,"Autokorekt, Eazley, Rico Act",iHeartRadio,"June 2024",USA,Streaming,Single,Sale,1,0.004321000000
AUG-24,"DirtySnatcha Records","GO MAD",,"DSTRTN, CRiiOZ",198342500286,DSR0056A,"GO MAD",,USLZJ2297741,"DSTRTN, CRiiOZ",Spotify,"August 2024",ITA,Streaming,Single,Sale,1,0.004321000000
AUG-24,"DirtySnatcha Records","Round 2",,"Nekz, Meechie Murda",197999919441,DSR121,"Round 2",,QZ5FN2445592,"Nekz, Meechie Murda",Spotify,"August 2024",ITA,Streaming,Single,Sale,1,0.004321000000
AUG-24,"DirtySnatcha Records",WTF,,"BBX, Sloth",198342356135,DSR131,WTF,,GBRKQ2471312,"BBX, Sloth",Spotify,"August 2024",MEX,Streaming,Single,Sale,7,0.004352000000
AUG-24,"DirtySnatcha Records",Radioactivity,,"In Orbit Dubz",198342500118,DSR0053A,Radioactivity,,USLZJ2286474,"In Orbit Dubz","YouTube Streaming","August 2024",CAN,Streaming,"Art Track",Sale,1,0.004366000000
AUG-24,"DirtySnatcha Records","Back Seat",,ZURGLIN,198342479735,DSR0099A,"Back Seat",,QZTV32373987,ZURGLIN,"YouTube Streaming","August 2024",CAN,Streaming,"Art Track",Sale,1,0.004366000000
AUG-24,"DirtySnatcha Records","Genie In a Bottle",,"DirtySnatcha, Luci",198342437506,DSR132,"Genie In a Bottle",,GBWUL2407705,"DirtySnatcha, Luci","YouTube Streaming","August 2024",CAN,Streaming,"Art Track",Sale,1,0.004366000000
AUG-24,"DirtySnatcha Records",Tartarus,,CRiiOZ,198342042182,DSR127,"Watch Out",,USLZJ2405588,CRiiOZ,"YouTube Streaming","August 2024",CAN,Streaming,"Art Track",Sale,1,0.004366000000
AUG-24,"DirtySnatcha Records","GO MAD",,"DSTRTN, CRiiOZ",198342500286,DSR0056A,"GO MAD",,USLZJ2297741,"DSTRTN, CRiiOZ",Spotify,"August 2024",MEX,Streaming,Single,Sale,34,0.004377000000
AUG-24,"DirtySnatcha Records","Riddim Gang",,"Megahurtz, Alienpark",198342478288,DSR0020A,"Riddim Gang",,QZ5FN2074245,"Megahurtz, Alienpark","YouTube Streaming","August 2024",AUS,Streaming,"Art Track",Sale,1,0.004383000000
AUG-24,"DirtySnatcha Records","Out Of Service",,"Autokorekt, ChemDawg",198342492215,DSR0046A,"Out Of Service",,GBWUL2192863,"Autokorekt, ChemDawg, Versace","YouTube Streaming","August 2024",AUS,Streaming,"Art Track",Sale,1,0.004383000000
AUG-24,"DirtySnatcha Records",Nightmare,,"In Orbit Dubz",198342501320,DSR0080A,Nightmare,,QZWDD2257336,"In Orbit Dubz",Spotify,"August 2024",AUS,Streaming,Single,Sale,1,0.004390000000
AUG-24,"DirtySnatcha Records",WTF,,"BBX, Sloth",198342356135,DSR131,WTF,,GBRKQ2471312,"BBX, Sloth",TIDAL,"July 2024",PER,Streaming,Single,Sale,1,0.004400000000
AUG-24,"DirtySnatcha Records","Fog Horn",,DENNETT,198342502969,DSR0074A,"Fog Horn",,QZTRX2237730,DENNETT,Spotify,"August 2024",NOR,Streaming,Single,Sale,1,0.004402000000
AUG-24,"DirtySnatcha Records",Tartarus,,CRiiOZ,198342042182,DSR127,"In The Walls",,USLZJ2405562,CRiiOZ,Spotify,"August 2024",NOR,Streaming,Single,Sale,1,0.004402000000
AUG-24,"DirtySnatcha Records",Scorpion,,Torcha,198342501160,DSR0057A,Scorpion,,GBRKQ2202745,Torcha,Spotify,"August 2024",MEX,Streaming,Single,Sale,6,0.004410000000
AUG-24,"DirtySnatcha Records",Tartarus,,CRiiOZ,198342042182,DSR127,"Let Go",,USLZJ2405592,CRiiOZ,"Pandora (On Demand)","July 2024",USA,Streaming,Single,Sale,1,0.004423000000
AUG-24,"DirtySnatcha Records",Tartarus,,CRiiOZ,198342042182,DSR127,Trust,,USLZJ2405591,CRiiOZ,"Pandora (On Demand)","July 2024",USA,Streaming,Single,Sale,1,0.004423000000
AUG-24,"DirtySnatcha Records",Tartarus,,CRiiOZ,198342042182,DSR127,"Watch Out",,USLZJ2405588,CRiiOZ,"Pandora (On Demand)","July 2024",USA,Streaming,Single,Sale,1,0.004423000000
AUG-24,"DirtySnatcha Records",WTF,,"BBX, Sloth",198342356135,DSR131,WTF,,GBRKQ2471312,"BBX, Sloth",Spotify,"August 2024",SGP,Streaming,Single,Sale,1,0.004430000000
AUG-24,"DirtySnatcha Records",Nightmare,,"In Orbit Dubz",198342501320,DSR0080A,Nightmare,,QZWDD2257336,"In Orbit Dubz",Spotify,"August 2024",ESP,Streaming,Single,Sale,1,0.004434000000
AUG-24,"DirtySnatcha Records",Assertion,,Aalioura,198342502129,DSR0076A,Assertion,,QZWDD2238845,Aalioura,Spotify,"August 2024",ESP,Streaming,Single,Sale,1,0.004434000000
AUG-24,"DirtySnatcha Records",Tartarus,,CRiiOZ,198342042182,DSR127,Trust,,USLZJ2405591,CRiiOZ,Spotify,"August 2024",BEL,Streaming,Single,Sale,1,0.004445000000
AUG-24,"DirtySnatcha Records","GO MAD",,"DSTRTN, CRiiOZ",198342500286,DSR0056A,"GO MAD",,USLZJ2297741,"DSTRTN, CRiiOZ",Spotify,"August 2024",BEL,Streaming,Single,Sale,1,0.004445000000
AUG-24,"DirtySnatcha Records","Take A Trip","DirtySnatcha Remix","HEXED, Labs",198342492369,DSR0086A,"Take A Trip","DirtySnatcha Remix",QZ5FN2303924,"HEXED, Labs, DirtySnatcha",Spotify,"August 2024",CAN,Streaming,Single,Sale,3,0.004446000000
AUG-24,"DirtySnatcha Records",Radioactivity,,"In Orbit Dubz",198342500118,DSR0053A,Radioactivity,,USLZJ2286474,"In Orbit Dubz",Spotify,"August 2024",CAN,Streaming,Single,Sale,3,0.004446000000
AUG-24,"DirtySnatcha Records",Tartarus,,CRiiOZ,198342042182,DSR127,"Let Go",,USLZJ2405592,CRiiOZ,Spotify,"August 2024",CAN,Streaming,Single,Sale,3,0.004446000000
AUG-24,"DirtySnatcha Records","High On Life",,Autokorekt,198342479759,DSR0098A,"High On Life",,QZTV32368009,"Autokorekt, Ashclappem",Spotify,"August 2024",CAN,Streaming,Single,Sale,1,0.004460000000
AUG-24,"DirtySnatcha Records",WTF,,"BBX, Sloth",198342356135,DSR131,WTF,,GBRKQ2471312,"BBX, Sloth",Spotify,"August 2024",CHL,Streaming,Single,Sale,64,0.004472000000
AUG-24,"DirtySnatcha Records",Tartarus,,CRiiOZ,198342042182,DSR127,Trust,,USLZJ2405591,CRiiOZ,TIDAL,"August 2024",POL,Streaming,Single,Sale,1,0.004474000000
AUG-24,"DirtySnatcha Records",Tartarus,,CRiiOZ,198342042182,DSR127,"In The Walls",,USLZJ2405562,CRiiOZ,TIDAL,"August 2024",POL,Streaming,Single,Sale,1,0.004474000000
AUG-24,"DirtySnatcha Records","Genie In a Bottle",,"DirtySnatcha, Luci",198342437506,DSR132,"Genie In a Bottle",,GBWUL2407705,"DirtySnatcha, Luci",Spotify,"August 2024",TUR,Streaming,Single,Sale,4,0.004493000000
AUG-24,"DirtySnatcha Records",Hypnotize,,"In Orbit Dubz",197999477019,DSR113,Hypnotize,,QZZ8B2327916,"In Orbit Dubz",Spotify,"August 2024",IRL,Streaming,Single,Sale,1,0.004502000000
AUG-24,"DirtySnatcha Records",Tartarus,,CRiiOZ,198342042182,DSR127,"In The Walls",,USLZJ2405562,CRiiOZ,Spotify,"August 2024",IRL,Streaming,Single,Sale,1,0.004502000000
AUG-24,"DirtySnatcha Records",Hypnotize,,"In Orbit Dubz",197999477019,DSR113,Hypnotize,,QZZ8B2327916,"In Orbit Dubz","YouTube Content ID","August 2024",USA,UGC,"Sound Recording",Sale,1,0.004517000000
AUG-24,"DirtySnatcha Records","High On Life",,Autokorekt,198342479759,DSR0098A,"High On Life",,QZTV32368009,"Autokorekt, Ashclappem",Spotify,"August 2024",NLD,Streaming,Single,Sale,1,0.004530000000
AUG-24,"DirtySnatcha Records",Tartarus,,CRiiOZ,198342042182,DSR127,"In The Walls",,USLZJ2405562,CRiiOZ,Spotify,"August 2024",NLD,Streaming,Single,Sale,1,0.004530000000
AUG-24,"DirtySnatcha Records",Tartarus,,CRiiOZ,198342042182,DSR127,Psycho,,USLZJ2405590,"CRiiOZ, DSTRTN",Spotify,"August 2024",NLD,Streaming,Single,Sale,1,0.004530000000
AUG-24,"DirtySnatcha Records",Rudeboy,,"Seeing Double, Kryture",198342476352,DSR0007A,Rudeboy,,GBWUL2045907,"Seeing Double, Kryture",Spotify,"August 2024",CAN,Streaming,Single,Sale,3,0.004550000000
AUG-24,"DirtySnatcha Records","Take A Trip","DirtySnatcha Remix","HEXED, Labs",198342492369,DSR0086A,"Take A Trip","DirtySnatcha Remix",QZ5FN2303924,"HEXED, Labs, DirtySnatcha",Spotify,"August 2024",NZL,Streaming,Single,Sale,1,0.004557000000
AUG-24,"DirtySnatcha Records",Tartarus,,CRiiOZ,198342042182,DSR127,"In The Walls",,USLZJ2405562,CRiiOZ,Spotify,"August 2024",HUN,Streaming,Single,Sale,2,0.004564000000
AUG-24,"DirtySnatcha Records","Genie In a Bottle",,"DirtySnatcha, Luci",198342437506,DSR132,"Genie In a Bottle",,GBWUL2407705,"DirtySnatcha, Luci","Amazon Ad Supported","August 2024",GBR,Streaming,Single,Sale,3,0.004571000000
AUG-24,"DirtySnatcha Records","Eight Six",,BBX,198342480014,DSR0092A,"Eight Six",,QZTV32366095,BBX,"YouTube Streaming","August 2024",SGP,Streaming,"Art Track",Sale,1,0.004573000000
AUG-24,"DirtySnatcha Records","Run It Up",,"CHRMNDRS, Future Exit",198342476673,DSR0010A,"Run It Up",,GBWUL2081365,"CHRMNDRS, Future Exit",Spotify,"August 2024",NZL,Streaming,Single,Sale,1,0.004583000000
AUG-24,"DirtySnatcha Records","Fog Horn",,DENNETT,198342502969,DSR0074A,"Fog Horn",,QZTRX2237730,DENNETT,Spotify,"August 2024",NZL,Streaming,Single,Sale,1,0.004583000000
AUG-24,"DirtySnatcha Records","GO MAD",,"DSTRTN, CRiiOZ",198342500286,DSR0056A,"GO MAD",,USLZJ2297741,"DSTRTN, CRiiOZ",Spotify,"August 2024",FRA,Streaming,Single,Sale,1,0.004594000000
AUG-24,"DirtySnatcha Records","Acting Out",,"Megahurtz, Blue",198342479070,DSR0029A,"Acting Out",,USLZJ2069505,"Megahurtz, Blue, Rico Act",Spotify,"August 2024",FRA,Streaming,Single,Sale,1,0.004594000000
AUG-24,"DirtySnatcha Records",WDGAF,,CRiiOZ,197999026187,DSR0102,WDGAF,,QZWDE2357423,CRiiOZ,"YouTube Streaming","August 2024",DEU,Streaming,"Art Track",Sale,2,0.004599000000
AUG-24,"DirtySnatcha Records","Spectre Season",,Artifact,198342479643,DSR0101A,"Spectre Season",,QZWDD2336449,Artifact,Spotify,"August 2024",USA,Streaming,Single,Sale,1,0.004604000000
AUG-24,"DirtySnatcha Records","Apple Sowce",,Autokorekt,198342768341,DSR134,"Apple Sowce",,QZTRX2474922,Autokorekt,Spotify,"August 2024",USA,Streaming,Single,Sale,1,0.004604000000
AUG-24,"DirtySnatcha Records","High On Life",,Autokorekt,198342479759,DSR0098A,"High On Life",,QZTV32368009,"Autokorekt, Ashclappem",Spotify,"August 2024",USA,Streaming,Single,Sale,1,0.004604000000
AUG-24,"DirtySnatcha Records",Liquidator,,"Sinister Bass",198342507896,DSR0060A,Liquidator,,GBRKQ2204555,"Sinister Bass",Spotify,"August 2024",MEX,Streaming,Single,Sale,2,0.004605000000
AUG-24,"DirtySnatcha Records",WTF,,"BBX, Sloth",198342356135,DSR131,WTF,,GBRKQ2471312,"BBX, Sloth",Spotify,"August 2024",COL,Streaming,Single,Sale,120,0.004610000000
AUG-24,"DirtySnatcha Records","Apple Sowce",,Autokorekt,198342768341,DSR134,"Apple Sowce",,QZTRX2474922,Autokorekt,Spotify,"August 2024",FRA,Streaming,Single,Sale,1,0.004626000000
AUG-24,"DirtySnatcha Records",WDGAF,,CRiiOZ,197999026187,DSR0102,WDGAF,,QZWDE2357423,CRiiOZ,Spotify,"August 2024",USA,Streaming,Single,Sale,1,0.004630000000
AUG-24,"DirtySnatcha Records",Dimension,,"In Orbit Dubz, Nein Lives",198342496138,DSR0051A,Dimension,,QZ5FN2266737,"In Orbit Dubz, Nein Lives",Spotify,"August 2024",DEU,Streaming,Single,Sale,2,0.004640000000
AUG-24,"DirtySnatcha Records","Run It Up",,"CHRMNDRS, Future Exit",198342476673,DSR0010A,"Run It Up",,GBWUL2081365,"CHRMNDRS, Future Exit",Spotify,"August 2024",DEU,Streaming,Single,Sale,2,0.004640000000
AUG-24,"DirtySnatcha Records","Spectre Season",,Artifact,198342479643,DSR0101A,"Spectre Season",,QZWDD2336449,Artifact,Spotify,"August 2024",DEU,Streaming,Single,Sale,2,0.004640000000
AUG-24,"DirtySnatcha Records",Game,,"Sloth, CHACKK",197999855442,DSR116,Game,,QZ5FN2416543,"Sloth, CHACKK",Spotify,"August 2024",DEU,Streaming,Single,Sale,2,0.004640000000
AUG-24,"DirtySnatcha Records",Shook,,BBX,198342479957,DSR0094A,Shook,,QZTV32366682,BBX,Spotify,"August 2024",DEU,Streaming,Single,Sale,2,0.004640000000
AUG-24,"DirtySnatcha Records","Keep Moving","Audigy Remix",DirtySnatcha,197999143198,DSR0104,"Keep Moving","Audigy Remix",QZWV32320452,"DirtySnatcha, Audigy",Spotify,"August 2024",NZL,Streaming,Single,Sale,1,0.004646000000
AUG-24,"DirtySnatcha Records","Genie In a Bottle",,"DirtySnatcha, Luci",198342437506,DSR132,"Genie In a Bottle",,GBWUL2407705,"DirtySnatcha, Luci",Spotify,"August 2024",NZL,Streaming,Single,Sale,1,0.004646000000
AUG-24,"DirtySnatcha Records","Spectre Season",,Artifact,198342479643,DSR0101A,"Spectre Season",,QZWDD2336449,Artifact,Spotify,"August 2024",CZE,Streaming,Single,Sale,1,0.004655000000
AUG-24,"DirtySnatcha Records",WTF,,"BBX, Sloth",198342356135,DSR131,WTF,,GBRKQ2471312,"BBX, Sloth",Spotify,"August 2024",PHL,Streaming,Single,Sale,11,0.004656000000
AUG-24,"DirtySnatcha Records","Riddim Gang",,"Megahurtz, Alienpark",198342478288,DSR0020A,"Riddim Gang",,QZ5FN2074245,"Megahurtz, Alienpark","YouTube Content ID","August 2024",TUR,UGC,"Sound Recording",Sale,13,0.004661000000
AUG-24,"DirtySnatcha Records","Genie In a Bottle",,"DirtySnatcha, Luci",198342437506,DSR132,"Genie In a Bottle",,GBWUL2407705,"DirtySnatcha, Luci",Spotify,"August 2024",BRA,Streaming,Single,Sale,3,0.004672000000
AUG-24,"DirtySnatcha Records","Take A Trip","DirtySnatcha Remix","HEXED, Labs",198342492369,DSR0086A,"Take A Trip","DirtySnatcha Remix",QZ5FN2303924,"HEXED, Labs, DirtySnatcha",Spotify,"August 2024",USA,Streaming,Single,Sale,1,0.004681000000
AUG-24,"DirtySnatcha Records",WTF,,"BBX, Sloth",198342356135,DSR131,WTF,,GBRKQ2471312,"BBX, Sloth",Spotify,"August 2024",HKG,Streaming,Single,Sale,1,0.004685000000
AUG-24,"DirtySnatcha Records","Genie In a Bottle",,"DirtySnatcha, Luci",198342437506,DSR132,"Genie In a Bottle",,GBWUL2407705,"DirtySnatcha, Luci",Spotify,"August 2024",LUX,Streaming,Single,Sale,1,0.004692000000
AUG-24,"DirtySnatcha Records",Nightmare,,"In Orbit Dubz",198342501320,DSR0080A,Nightmare,,QZWDD2257336,"In Orbit Dubz",Spotify,"August 2024",POL,Streaming,Single,Sale,2,0.004696000000
AUG-24,"DirtySnatcha Records",Apparition,,CVLVALRI,198342507926,DSR0063A,Apparition,,GBRKQ2204805,CVLVALRI,Spotify,"August 2024",MEX,Streaming,Single,Sale,3,0.004702000000
AUG-24,"DirtySnatcha Records",WTF,,"BBX, Sloth",198342356135,DSR131,WTF,,GBRKQ2471312,"BBX, Sloth","Amazon Music Unlimited","August 2024",JPN,Streaming,Single,Sale,1,0.004711000000
AUG-24,"DirtySnatcha Records","Back Rooms",,"In Orbit Dubz",198342498644,DSR0077A,"Back Rooms",,QZWDD2257316,"In Orbit Dubz","Amazon Music Unlimited","August 2024",JPN,Streaming,Single,Sale,1,0.004711000000
AUG-24,"DirtySnatcha Records","Spectre Season",,Artifact,198342479643,DSR0101A,"Spectre Season",,QZWDD2336449,Artifact,Spotify,"August 2024",FRA,Streaming,Single,Sale,2,0.004715000000
AUG-24,"DirtySnatcha Records","GO MAD",,"DSTRTN, CRiiOZ",198342500286,DSR0056A,"GO MAD",,USLZJ2297741,"DSTRTN, CRiiOZ",Spotify,"August 2024",FRA,Streaming,Single,Sale,2,0.004715000000
AUG-24,"DirtySnatcha Records","Riddim Gang",,"Megahurtz, Alienpark",198342478288,DSR0020A,"Riddim Gang",,QZ5FN2074245,"Megahurtz, Alienpark","Amazon Music Unlimited","August 2024",DEU,Streaming,Single,Sale,1,0.004717000000
AUG-24,"DirtySnatcha Records","Fog Horn",,DENNETT,198342502969,DSR0074A,"Fog Horn",,QZTRX2237730,DENNETT,Spotify,"August 2024",DEU,Streaming,Single,Sale,1,0.004723000000
AUG-24,"DirtySnatcha Records","Keep Moving","Aelius, Voyager, Wilco Beats Remix",DirtySnatcha,198342499863,DSR0083A,"Keep Moving","Aelius, Voyager, Wilco Beats Remix",QZWDD2263373,"DirtySnatcha, Aelius, Voyager, Wilco Beats",Spotify,"August 2024",DEU,Streaming,Single,Sale,1,0.004723000000
AUG-24,"DirtySnatcha Records",Nightmare,,"In Orbit Dubz",198342501320,DSR0080A,Nightmare,,QZWDD2257336,"In Orbit Dubz",Spotify,"August 2024",USA,Streaming,Single,Sale,3,0.004723000000
AUG-24,"DirtySnatcha Records",Arachnophobia,,Blue,198342475034,DSR0002A,Arachnophobia,,GBWUL1910254,Blue,"Apple Music","August 2024",KOR,Streaming,Single,Sale,1,0.004723000000
AUG-24,"DirtySnatcha Records",Liquidator,,"Sinister Bass",198342507896,DSR0060A,Liquidator,,GBRKQ2204555,"Sinister Bass",Spotify,"August 2024",CAN,Streaming,Single,Sale,1,0.004724000000
AUG-24,"DirtySnatcha Records","Apple Sowce",,Autokorekt,198342768341,DSR134,"Apple Sowce",,QZTRX2474922,Autokorekt,Spotify,"August 2024",AUS,Streaming,Single,Sale,1,0.004744000000
AUG-24,"DirtySnatcha Records",Nightmare,,"In Orbit Dubz",198342501320,DSR0080A,Nightmare,,QZWDD2257336,"In Orbit Dubz",Spotify,"August 2024",CAN,Streaming,Single,Sale,1,0.004745000000
AUG-24,"DirtySnatcha Records","Keep Moving","Audigy Remix",DirtySnatcha,197999143198,DSR0104,"Keep Moving","Audigy Remix",QZWV32320452,"DirtySnatcha, Audigy",Spotify,"August 2024",HUN,Streaming,Single,Sale,2,0.004750000000
AUG-24,"DirtySnatcha Records","Fog Horn",,DENNETT,198342502969,DSR0074A,"Fog Horn",,QZTRX2237730,DENNETT,Spotify,"August 2024",HUN,Streaming,Single,Sale,2,0.004750000000
AUG-24,"DirtySnatcha Records",Apparition,,CVLVALRI,198342507926,DSR0063A,Apparition,,GBRKQ2204805,CVLVALRI,Spotify,"August 2024",HUN,Streaming,Single,Sale,2,0.004750000000
AUG-24,"DirtySnatcha Records","Eight Six",,BBX,198342480014,DSR0092A,"Eight Six",,QZTV32366095,BBX,Spotify,"August 2024",AUT,Streaming,Single,Sale,1,0.004753000000
AUG-24,"DirtySnatcha Records",Tartarus,,CRiiOZ,198342042182,DSR127,Psycho,,USLZJ2405590,"CRiiOZ, DSTRTN",Spotify,"August 2024",GTM,Streaming,Single,Sale,1,0.004759000000
AUG-24,"DirtySnatcha Records",WTF,,"BBX, Sloth",198342356135,DSR131,WTF,,GBRKQ2471312,"BBX, Sloth",Spotify,"August 2024",MEX,Streaming,Single,Sale,2,0.004764000000
AUG-24,"DirtySnatcha Records","Genie In a Bottle",,"DirtySnatcha, Luci",198342437506,DSR132,"Genie In a Bottle",,GBWUL2407705,"DirtySnatcha, Luci",Spotify,"August 2024",CAN,Streaming,Single,Sale,2,0.004774000000
AUG-24,"DirtySnatcha Records","Genie In a Bottle",,"DirtySnatcha, Luci",198342437506,DSR132,"Genie In a Bottle",,GBWUL2407705,"DirtySnatcha, Luci",Spotify,"August 2024",ITA,Streaming,Single,Sale,15,0.004780000000
AUG-24,"DirtySnatcha Records","Fog Horn",,DENNETT,198342502969,DSR0074A,"Fog Horn",,QZTRX2237730,DENNETT,"Apple Music","August 2024",CRI,Streaming,Single,Sale,1,0.004797000000
AUG-24,"DirtySnatcha Records","Keep Moving","Audigy Remix",DirtySnatcha,197999143198,DSR0104,"Keep Moving","Audigy Remix",QZWV32320452,"DirtySnatcha, Audigy",Spotify,"August 2024",GBR,Streaming,Single,Sale,4,0.004803000000
AUG-24,"DirtySnatcha Records","GO MAD",,"DSTRTN, CRiiOZ",198342500286,DSR0056A,"GO MAD",,USLZJ2297741,"DSTRTN, CRiiOZ",Spotify,"August 2024",GBR,Streaming,Single,Sale,4,0.004803000000
AUG-24,"DirtySnatcha Records","Keep Moving","Audigy Remix",DirtySnatcha,197999143198,DSR0104,"Keep Moving","Audigy Remix",QZWV32320452,"DirtySnatcha, Audigy",Spotify,"August 2024",FRA,Streaming,Single,Sale,1,0.004809000000
AUG-24,"DirtySnatcha Records",Rudeboy,,"Seeing Double, Kryture",198342476352,DSR0007A,Rudeboy,,GBWUL2045907,"Seeing Double, Kryture",Spotify,"August 2024",FRA,Streaming,Single,Sale,1,0.004809000000
AUG-24,"DirtySnatcha Records",Riptide,,"David Vance, Blue",198342508046,DSR0064A,Riptide,,GBRKQ2211179,"David Vance, Blue",Spotify,"August 2024",FRA,Streaming,Single,Sale,1,0.004809000000
AUG-24,"DirtySnatcha Records","Need U","Dobadlyy Remix","DirtySnatcha, Autokorekt",198342491317,DSR0033A,"Need U","Dobadlyy Remix",QZ5FN2114150,"DirtySnatcha, Autokorekt, Dobadlyy",Spotify,"August 2024",FRA,Streaming,Single,Sale,1,0.004809000000
AUG-24,"DirtySnatcha Records","Giving Up VIP",,"CHRMNDRS, SEEING\\DOUBLE",198342492154,DSR0044A,"Giving Up VIP",,GBWUL2158623,"CHRMNDRS, SEEING\\DOUBLE",Spotify,"August 2024",FRA,Streaming,Single,Sale,1,0.004809000000
AUG-24,"DirtySnatcha Records",PTSD,,SHOCKZ,198342479049,DSR0028A,PTSD,,USLZJ2069504,SHOCKZ,Spotify,"August 2024",FRA,Streaming,Single,Sale,1,0.004809000000
AUG-24,"DirtySnatcha Records","BIG UPS",,"RAZR, VASTIVE",198342478684,DSR0024A,"BIG UPS",,USLZJ2023938,"RAZR, VASTIVE",Spotify,"August 2024",FRA,Streaming,Single,Sale,1,0.004809000000
AUG-24,"DirtySnatcha Records","Riddim Gang",,"Megahurtz, Alienpark",198342478288,DSR0020A,"Riddim Gang",,QZ5FN2074245,"Megahurtz, Alienpark","YouTube Streaming","August 2024",TUR,Streaming,"Art Track",Sale,12,0.004811000000
AUG-24,"DirtySnatcha Records","Fog Horn",,DENNETT,198342502969,DSR0074A,"Fog Horn",,QZTRX2237730,DENNETT,"Apple Music","August 2024",MEX,Streaming,Single,Sale,1,0.004816000000
AUG-24,"DirtySnatcha Records",FLU,,PROTOCOL,198342498040,DSR0084A,FLU,,QZWDD2296532,PROTOCOL,TIDAL,"August 2024",USA,Streaming,Single,Sale,1,0.004828000000
AUG-24,"DirtySnatcha Records","The Tundra",,Barooka,197999919410,DSR120,iDISTORT,,QZ5FN2461919,Barooka,"Apple Music","August 2024",GBR,Streaming,Single,Sale,1,0.004838000000
AUG-24,"DirtySnatcha Records",WTF,,"BBX, Sloth",198342356135,DSR131,WTF,,GBRKQ2471312,"BBX, Sloth",Spotify,"August 2024",SRB,Streaming,Single,Sale,2,0.004840000000
AUG-24,"DirtySnatcha Records","Crushed Glass",,BBX,198342479902,DSR0095A,"Crushed Glass",,QZTV32366684,BBX,"YouTube Streaming","August 2024",KOR,Streaming,"Art Track",Sale,1,0.004884000000
AUG-24,"DirtySnatcha Records",WTF,,"BBX, Sloth",198342356135,DSR131,WTF,,GBRKQ2471312,"BBX, Sloth",Spotify,"August 2024",CHL,Streaming,Single,Sale,1,0.004894000000
AUG-24,"DirtySnatcha Records",Tartarus,,CRiiOZ,198342042182,DSR127,"Let Go",,USLZJ2405592,CRiiOZ,Spotify,"August 2024",AUS,Streaming,Single,Sale,3,0.004913000000
AUG-24,"DirtySnatcha Records",Whoa,,"KirbyBright, Devious",198342485866,DSR133,Whoa,,GBWUL2431903,"KirbyBright, Devious","Apple Music","August 2024",CAN,Streaming,Single,Sale,2,0.004950000000
AUG-24,"DirtySnatcha Records",Bloodthirsty,,Howker,198342475331,DSR0004A,Bloodthirsty,,GBWUL1958037,Howker,Spotify,"August 2024",CHL,Streaming,Single,Sale,7,0.004973000000
AUG-24,"DirtySnatcha Records","Genie In a Bottle",,"DirtySnatcha, Luci",198342437506,DSR132,"Genie In a Bottle",,GBWUL2407705,"DirtySnatcha, Luci",Spotify,"August 2024",ISR,Streaming,Single,Sale,3,0.004986000000
AUG-24,"DirtySnatcha Records",WTF,,"BBX, Sloth",198342356135,DSR131,WTF,,GBRKQ2471312,"BBX, Sloth",Spotify,"August 2024",FRA,Streaming,Single,Sale,1,0.004991000000
AUG-24,"DirtySnatcha Records","Genie In a Bottle",,"DirtySnatcha, Luci",198342437506,DSR132,"Genie In a Bottle",,GBWUL2407705,"DirtySnatcha, Luci","Apple Music","August 2024",RUS,Streaming,Single,Sale,2,0.004998000000
AUG-24,"DirtySnatcha Records",Tartarus,,CRiiOZ,198342042182,DSR127,Psycho,,USLZJ2405590,"CRiiOZ, DSTRTN",Spotify,"August 2024",CHL,Streaming,Single,Sale,2,0.005004000000
AUG-24,"DirtySnatcha Records",WTF,,"BBX, Sloth",198342356135,DSR131,WTF,,GBRKQ2471312,"BBX, Sloth",Spotify,"August 2024",BLR,Streaming,Single,Sale,3,0.005008000000
AUG-24,"DirtySnatcha Records",Tartarus,,CRiiOZ,198342042182,DSR127,Psycho,,USLZJ2405590,"CRiiOZ, DSTRTN",Spotify,"August 2024",BLR,Streaming,Single,Sale,3,0.005008000000
AUG-24,"DirtySnatcha Records","Keep Moving","Aelius, Voyager, Wilco Beats Remix",DirtySnatcha,198342499863,DSR0083A,"Keep Moving","Aelius, Voyager, Wilco Beats Remix",QZWDD2263373,"DirtySnatcha, Aelius, Voyager, Wilco Beats",Spotify,"August 2024",BEL,Streaming,Single,Sale,2,0.005014000000
AUG-24,"DirtySnatcha Records","Keep Moving","Audigy Remix",DirtySnatcha,197999143198,DSR0104,"Keep Moving","Audigy Remix",QZWV32320452,"DirtySnatcha, Audigy",Spotify,"August 2024",BEL,Streaming,Single,Sale,2,0.005014000000
AUG-24,"DirtySnatcha Records","Keep Moving","Audigy Remix",DirtySnatcha,197999143198,DSR0104,"Keep Moving","Audigy Remix",QZWV32320452,"DirtySnatcha, Audigy",Spotify,"August 2024",BRA,Streaming,Single,Sale,2,0.005014000000
AUG-24,"DirtySnatcha Records","Fog Horn",,DENNETT,198342502969,DSR0074A,"Fog Horn",,QZTRX2237730,DENNETT,Spotify,"August 2024",BEL,Streaming,Single,Sale,2,0.005014000000
AUG-24,"DirtySnatcha Records","Take A Trip","DirtySnatcha Remix","HEXED, Labs",198342492369,DSR0086A,"Take A Trip","DirtySnatcha Remix",QZ5FN2303924,"HEXED, Labs, DirtySnatcha",Spotify,"August 2024",BEL,Streaming,Single,Sale,2,0.005014000000
AUG-24,"DirtySnatcha Records","Run It Up",,"CHRMNDRS, Future Exit",198342476673,DSR0010A,"Run It Up",,GBWUL2081365,"CHRMNDRS, Future Exit",Spotify,"August 2024",BEL,Streaming,Single,Sale,2,0.005014000000
AUG-24,"DirtySnatcha Records",Nightmare,,"In Orbit Dubz",198342501320,DSR0080A,Nightmare,,QZWDD2257336,"In Orbit Dubz",Spotify,"August 2024",AUT,Streaming,Single,Sale,1,0.005039000000
AUG-24,"DirtySnatcha Records","Apple Sowce",,Autokorekt,198342768341,DSR134,"Apple Sowce",,QZTRX2474922,Autokorekt,Spotify,"August 2024",AUT,Streaming,Single,Sale,1,0.005039000000
AUG-24,"DirtySnatcha Records",Destroy,,"In Orbit Dubz, DSTRTN",198342501504,DSR0079A,Destroy,,QZWDD2257331,"In Orbit Dubz, DSTRTN",Spotify,"August 2024",GBR,Streaming,Single,Sale,1,0.005049000000
AUG-24,"DirtySnatcha Records",Spacecraft,,Whiskers,198342478967,DSR0026A,Spacecraft,,USLZJ2046489,Whiskers,"YouTube Streaming","August 2024",USA,Streaming,"Art Track",Sale,1,0.005052000000
AUG-24,"DirtySnatcha Records",Whoa,,"KirbyBright, Devious",198342485866,DSR133,Whoa,,GBWUL2431903,"KirbyBright, Devious","YouTube Streaming","August 2024",USA,Streaming,"Art Track",Sale,1,0.005052000000
AUG-24,"DirtySnatcha Records",Rudeboy,,"Seeing Double, Kryture",198342476352,DSR0007A,Rudeboy,,GBWUL2045907,"Seeing Double, Kryture","YouTube Streaming","August 2024",USA,Streaming,"Art Track",Sale,1,0.005052000000
AUG-24,"DirtySnatcha Records","Genie In a Bottle",,"DirtySnatcha, Luci",198342437506,DSR132,"Genie In a Bottle",,GBWUL2407705,"DirtySnatcha, Luci",Spotify,"August 2024",FRA,Streaming,Single,Sale,14,0.005073000000
AUG-24,"DirtySnatcha Records",Tartarus,,CRiiOZ,198342042182,DSR127,"Let Go",,USLZJ2405592,CRiiOZ,Spotify,"August 2024",BEL,Streaming,Single,Sale,1,0.005078000000
AUG-24,"DirtySnatcha Records","Crushed Glass",,BBX,198342479902,DSR0095A,"Crushed Glass",,QZTV32366684,BBX,Spotify,"August 2024",FIN,Streaming,Single,Sale,1,0.005097000000
AUG-24,"DirtySnatcha Records",Nightmare,,"In Orbit Dubz",198342501320,DSR0080A,Nightmare,,QZWDD2257336,"In Orbit Dubz",Spotify,"August 2024",ZAF,Streaming,Single,Sale,6,0.005124000000
AUG-24,"DirtySnatcha Records",Tartarus,,CRiiOZ,198342042182,DSR127,"In The Walls",,USLZJ2405562,CRiiOZ,Spotify,"August 2024",ZAF,Streaming,Single,Sale,2,0.005127000000
AUG-24,"DirtySnatcha Records","Riddim Gang",,"Megahurtz, Alienpark",198342478288,DSR0020A,"Riddim Gang",,QZ5FN2074245,"Megahurtz, Alienpark","YouTube Streaming","August 2024",TUR,Streaming,"Art Track",Sale,8,0.005151000000
AUG-24,"DirtySnatcha Records",Bloodthirsty,,Howker,198342475331,DSR0004A,Bloodthirsty,,GBWUL1958037,Howker,Spotify,"August 2024",NZL,Streaming,Single,Sale,1,0.005157000000
AUG-24,"DirtySnatcha Records",Tartarus,,CRiiOZ,198342042182,DSR127,Trust,,USLZJ2405591,CRiiOZ,Spotify,"August 2024",CHL,Streaming,Single,Sale,3,0.005161000000
AUG-24,"DirtySnatcha Records",Apparition,,CVLVALRI,198342507926,DSR0063A,Apparition,,GBRKQ2204805,CVLVALRI,Spotify,"August 2024",SWE,Streaming,Single,Sale,1,0.005166000000
AUG-24,"DirtySnatcha Records","Back Rooms",,"In Orbit Dubz",198342498644,DSR0077A,"Back Rooms",,QZWDD2257316,"In Orbit Dubz",Spotify,"August 2024",SWE,Streaming,Single,Sale,1,0.005166000000
AUG-24,"DirtySnatcha Records","BIG UPS",,"RAZR, VASTIVE",198342478684,DSR0024A,"BIG UPS",,USLZJ2023938,"RAZR, VASTIVE",Spotify,"August 2024",SWE,Streaming,Single,Sale,1,0.005166000000
AUG-24,"DirtySnatcha Records",PTSD,,SHOCKZ,198342479049,DSR0028A,PTSD,,USLZJ2069504,SHOCKZ,Spotify,"August 2024",SWE,Streaming,Single,Sale,1,0.005166000000
AUG-24,"DirtySnatcha Records",Tartarus,,CRiiOZ,198342042182,DSR127,Trust,,USLZJ2405591,CRiiOZ,Spotify,"August 2024",SWE,Streaming,Single,Sale,2,0.005169000000
AUG-24,"DirtySnatcha Records",WDGAF,,CRiiOZ,197999026187,DSR0102,WDGAF,,QZWDE2357423,CRiiOZ,Spotify,"August 2024",FRA,Streaming,Single,Sale,1,0.005171000000
AUG-24,"DirtySnatcha Records",Bloodthirsty,,Howker,198342475331,DSR0004A,Bloodthirsty,,GBWUL1958037,Howker,Spotify,"August 2024",ITA,Streaming,Single,Sale,1,0.005177000000
AUG-24,"DirtySnatcha Records","Genie In a Bottle",,"DirtySnatcha, Luci",198342437506,DSR132,"Genie In a Bottle",,GBWUL2407705,"DirtySnatcha, Luci",Spotify,"August 2024",ITA,Streaming,Single,Sale,1,0.005177000000
AUG-24,"DirtySnatcha Records",WTF,,"BBX, Sloth",198342356135,DSR131,WTF,,GBRKQ2471312,"BBX, Sloth",Spotify,"August 2024",CZE,Streaming,Single,Sale,1,0.005185000000
AUG-24,"DirtySnatcha Records","Genie In a Bottle",,"DirtySnatcha, Luci",198342437506,DSR132,"Genie In a Bottle",,GBWUL2407705,"DirtySnatcha, Luci","Apple Music","August 2024",SVN,Streaming,Single,Sale,1,0.005203000000
AUG-24,"DirtySnatcha Records",Tartarus,,CRiiOZ,198342042182,DSR127,"Watch Out",,USLZJ2405588,CRiiOZ,Spotify,"August 2024",BEL,Streaming,Single,Sale,1,0.005205000000
AUG-24,"DirtySnatcha Records","Keep Moving","Audigy Remix",DirtySnatcha,197999143198,DSR0104,"Keep Moving","Audigy Remix",QZWV32320452,"DirtySnatcha, Audigy",Spotify,"August 2024",BEL,Streaming,Single,Sale,1,0.005205000000
AUG-24,"DirtySnatcha Records",Nightmare,,"In Orbit Dubz",198342501320,DSR0080A,Nightmare,,QZWDD2257336,"In Orbit Dubz",Spotify,"August 2024",BEL,Streaming,Single,Sale,1,0.005205000000
AUG-24,"DirtySnatcha Records",Radioactivity,,"In Orbit Dubz",198342500118,DSR0053A,Radioactivity,,USLZJ2286474,"In Orbit Dubz",Spotify,"August 2024",BEL,Streaming,Single,Sale,1,0.005205000000
AUG-24,"DirtySnatcha Records","Riddim Gang",,"Megahurtz, Alienpark",198342478288,DSR0020A,"Riddim Gang",,QZ5FN2074245,"Megahurtz, Alienpark",TIDAL,"August 2024",POL,Streaming,Single,Sale,1,0.005210000000
AUG-24,"DirtySnatcha Records","Hyper Drive",,Contakt,198342478691,DSR0025A,"Hyper Drive",,USLZJ2046457,Contakt,TIDAL,"August 2024",POL,Streaming,Single,Sale,1,0.005210000000
AUG-24,"DirtySnatcha Records","GO MAD",,"DSTRTN, CRiiOZ",198342500286,DSR0056A,"GO MAD",,USLZJ2297741,"DSTRTN, CRiiOZ",Spotify,"August 2024",NOR,Streaming,Single,Sale,2,0.005246000000
AUG-24,"DirtySnatcha Records","Round 2",,"Nekz, Meechie Murda",197999919441,DSR121,"Round 2",,QZ5FN2445592,"Nekz, Meechie Murda",Spotify,"August 2024",NOR,Streaming,Single,Sale,2,0.005246000000
AUG-24,"DirtySnatcha Records",WTF,,"BBX, Sloth",198342356135,DSR131,WTF,,GBRKQ2471312,"BBX, Sloth",Spotify,"August 2024",SWE,Streaming,Single,Sale,12,0.005267000000
AUG-24,"DirtySnatcha Records","Corneal Abrasion",,"Simplifi, Redder",198342094976,DSR128,"Corneal Abrasion",,USLZJ2430043,"Simplifi, Redder",Snap,"August 2024",USA,Streaming,"User Generated Content",Sale,1,0.005267000000
AUG-24,"DirtySnatcha Records","Eight Six",,BBX,198342480014,DSR0092A,"Eight Six",,QZTV32366095,BBX,Spotify,"August 2024",MEX,Streaming,Single,Sale,2,0.005270000000
AUG-24,"DirtySnatcha Records",Destroy,,"In Orbit Dubz, DSTRTN",198342501504,DSR0079A,Destroy,,QZWDD2257331,"In Orbit Dubz, DSTRTN",Spotify,"August 2024",NLD,Streaming,Single,Sale,1,0.005272000000
AUG-24,"DirtySnatcha Records",WTF,,"BBX, Sloth",198342356135,DSR131,WTF,,GBRKQ2471312,"BBX, Sloth",Spotify,"August 2024",NOR,Streaming,Single,Sale,1,0.005272000000
AUG-24,"DirtySnatcha Records",Whoa,,"KirbyBright, Devious",198342485866,DSR133,Whoa,,GBWUL2431903,"KirbyBright, Devious",Spotify,"August 2024",NLD,Streaming,Single,Sale,1,0.005272000000
AUG-24,"DirtySnatcha Records",WTF,,"BBX, Sloth",198342356135,DSR131,WTF,,GBRKQ2471312,"BBX, Sloth",Spotify,"August 2024",CHL,Streaming,Single,Sale,4,0.005278000000
AUG-24,"DirtySnatcha Records",Tartarus,,CRiiOZ,198342042182,DSR127,"In The Walls",,USLZJ2405562,CRiiOZ,"Apple Music","August 2024",CAN,Streaming,Single,Sale,1,0.005289000000
AUG-24,"DirtySnatcha Records","Demon Hunter",,Zubah,198342478141,DSR0016A,"Demon Hunter",,QZ5FN2003847,Zubah,"Apple Music","August 2024",CAN,Streaming,Single,Sale,2,0.005290000000
AUG-24,"DirtySnatcha Records","Riddim Gang",,"Megahurtz, Alienpark",198342478288,DSR0020A,"Riddim Gang",,QZ5FN2074245,"Megahurtz, Alienpark","YouTube Streaming","August 2024",LUX,Streaming,"Art Track",Sale,1,0.005300000000
AUG-24,"DirtySnatcha Records","Genie In a Bottle",,"DirtySnatcha, Luci",198342437506,DSR132,"Genie In a Bottle",,GBWUL2407705,"DirtySnatcha, Luci","Apple Music","August 2024",BRA,Streaming,Single,Sale,1,0.005313000000
AUG-24,"DirtySnatcha Records",Tartarus,,CRiiOZ,198342042182,DSR127,"In The Walls",,USLZJ2405562,CRiiOZ,Spotify,"August 2024",SLV,Streaming,Single,Sale,3,0.005333000000
AUG-24,"DirtySnatcha Records","Crushed Glass",,BBX,198342479902,DSR0095A,"Crushed Glass",,QZTV32366684,BBX,Spotify,"August 2024",USA,Streaming,Single,Sale,1,0.005342000000
AUG-24,"DirtySnatcha Records","Genie In a Bottle",,"DirtySnatcha, Luci",198342437506,DSR132,"Genie In a Bottle",,GBWUL2407705,"DirtySnatcha, Luci","Amazon Prime","August 2024",USA,Streaming,Single,Sale,3,0.005355000000
AUG-24,"DirtySnatcha Records","Fog Horn",,DENNETT,198342502969,DSR0074A,"Fog Horn",,QZTRX2237730,DENNETT,Spotify,"August 2024",FIN,Streaming,Single,Sale,1,0.005366000000
AUG-24,"DirtySnatcha Records","Demon Hunter",,Zubah,198342478141,DSR0016A,"Demon Hunter",,QZ5FN2003847,Zubah,"Apple Music","August 2024",CAN,Streaming,Single,Sale,1,0.005369000000
AUG-24,"DirtySnatcha Records",MAYKYU,,"BANXY, SHOCKZ",198342502624,DSR0075A,MAYKYU,,QZTRX2279102,"BANXY, SHOCKZ","Apple Music","August 2024",CAN,Streaming,Single,Sale,1,0.005369000000
AUG-24,"DirtySnatcha Records",WDGAF,,CRiiOZ,197999026187,DSR0102,WDGAF,,QZWDE2357423,CRiiOZ,"Apple Music","August 2024",CAN,Streaming,Single,Sale,1,0.005369000000
AUG-24,"DirtySnatcha Records","Gamma Ray",,JAYSYX,198342478158,DSR0017A,"Gamma Ray",,QZ5FN2032792,JAYSYX,"Apple Music","August 2024",CAN,Streaming,Single,Sale,1,0.005369000000
AUG-24,"DirtySnatcha Records","Need U","Dobadlyy Remix","DirtySnatcha, Autokorekt",198342491317,DSR0033A,"Need U","Dobadlyy Remix",QZ5FN2114150,"DirtySnatcha, Autokorekt, Dobadlyy","Apple Music","August 2024",CAN,Streaming,Single,Sale,1,0.005369000000
AUG-24,"DirtySnatcha Records","Big Body",,"BOU$HY, Eazley",198342494042,DSR0048A,"Big Body",,QZ5FN2216262,"BOU$HY, Eazley","Apple Music","August 2024",CAN,Streaming,Single,Sale,1,0.005369000000
AUG-24,"DirtySnatcha Records",Tartarus,,CRiiOZ,198342042182,DSR127,"Watch Out",,USLZJ2405588,CRiiOZ,"Apple Music","August 2024",CAN,Streaming,Single,Sale,1,0.005369000000
AUG-24,"DirtySnatcha Records",Tartarus,,CRiiOZ,198342042182,DSR127,Trust,,USLZJ2405591,CRiiOZ,Spotify,"August 2024",COL,Streaming,Single,Sale,8,0.005385000000
AUG-24,"DirtySnatcha Records",Maniac,,Sinatra,197999611932,DSR114,Maniac,,QZZEB2305800,Sinatra,Spotify,"August 2024",CAN,Streaming,Single,Sale,2,0.005388000000
AUG-24,"DirtySnatcha Records",WDGAF,,CRiiOZ,197999026187,DSR0102,WDGAF,,QZWDE2357423,CRiiOZ,Spotify,"August 2024",CAN,Streaming,Single,Sale,2,0.005388000000
AUG-24,"DirtySnatcha Records","Take A Trip","DirtySnatcha Remix","HEXED, Labs",198342492369,DSR0086A,"Take A Trip","DirtySnatcha Remix",QZ5FN2303924,"HEXED, Labs, DirtySnatcha",Spotify,"August 2024",CAN,Streaming,Single,Sale,2,0.005388000000
AUG-24,"DirtySnatcha Records","Back Rooms",,"In Orbit Dubz",198342498644,DSR0077A,"Back Rooms",,QZWDD2257316,"In Orbit Dubz",Spotify,"August 2024",CAN,Streaming,Single,Sale,2,0.005388000000
AUG-24,"DirtySnatcha Records",Scorpion,,Torcha,198342501160,DSR0057A,Scorpion,,GBRKQ2202745,Torcha,Spotify,"August 2024",CAN,Streaming,Single,Sale,2,0.005388000000
AUG-24,"DirtySnatcha Records","Need U","Dobadlyy Remix","DirtySnatcha, Autokorekt",198342491317,DSR0033A,"Need U","Dobadlyy Remix",QZ5FN2114150,"DirtySnatcha, Autokorekt, Dobadlyy",Spotify,"August 2024",CAN,Streaming,Single,Sale,2,0.005388000000
AUG-24,"DirtySnatcha Records",Tartarus,,CRiiOZ,198342042182,DSR127,Psycho,,USLZJ2405590,"CRiiOZ, DSTRTN",Spotify,"August 2024",BRA,Streaming,Single,Sale,6,0.005406000000
AUG-24,"DirtySnatcha Records",WTF,,"BBX, Sloth",198342356135,DSR131,WTF,,GBRKQ2471312,"BBX, Sloth",Spotify,"August 2024",SVK,Streaming,Single,Sale,2,0.005429000000
AUG-24,"DirtySnatcha Records",WTF,,"BBX, Sloth",198342356135,DSR131,WTF,,GBRKQ2471312,"BBX, Sloth",Spotify,"August 2024",ECU,Streaming,Single,Sale,6,0.005432000000
AUG-24,"DirtySnatcha Records","Genie In a Bottle",,"DirtySnatcha, Luci",198342437506,DSR132,"Genie In a Bottle",,GBWUL2407705,"DirtySnatcha, Luci",Spotify,"August 2024",TWN,Streaming,Single,Sale,2,0.005432000000
AUG-24,"DirtySnatcha Records","Keep Moving","Audigy Remix",DirtySnatcha,197999143198,DSR0104,"Keep Moving","Audigy Remix",QZWV32320452,"DirtySnatcha, Audigy",Spotify,"August 2024",MEX,Streaming,Single,Sale,3,0.005445000000
AUG-24,"DirtySnatcha Records",Tartarus,,CRiiOZ,198342042182,DSR127,"In The Walls",,USLZJ2405562,CRiiOZ,Spotify,"August 2024",MEX,Streaming,Single,Sale,3,0.005445000000
AUG-24,"DirtySnatcha Records",Tartarus,,CRiiOZ,198342042182,DSR127,Psycho,,USLZJ2405590,"CRiiOZ, DSTRTN",Spotify,"August 2024",UKR,Streaming,Single,Sale,2,0.005449000000
AUG-24,"DirtySnatcha Records","Back Rooms",,"In Orbit Dubz",198342498644,DSR0077A,"Back Rooms",,QZWDD2257316,"In Orbit Dubz",Spotify,"August 2024",NLD,Streaming,Single,Sale,2,0.005465000000
AUG-24,"DirtySnatcha Records",Nightmare,,"In Orbit Dubz",198342501320,DSR0080A,Nightmare,,QZWDD2257336,"In Orbit Dubz",Spotify,"August 2024",NLD,Streaming,Single,Sale,2,0.005465000000
AUG-24,"DirtySnatcha Records","GO MAD",,"DSTRTN, CRiiOZ",198342500286,DSR0056A,"GO MAD",,USLZJ2297741,"DSTRTN, CRiiOZ",Spotify,"August 2024",DEU,Streaming,Single,Sale,6,0.005466000000
AUG-24,"DirtySnatcha Records","Fight Time",,Megahurtz,198342492123,DSR0042A,"Fight Time",,GBRKQ2178616,Megahurtz,Snap,"August 2024",USA,Streaming,"User Generated Content",Sale,1,0.005475000000
AUG-24,"DirtySnatcha Records",WTF,,"BBX, Sloth",198342356135,DSR131,WTF,,GBRKQ2471312,"BBX, Sloth",Spotify,"August 2024",PRY,Streaming,Single,Sale,12,0.005483000000
AUG-24,"DirtySnatcha Records",Hypnotize,,"In Orbit Dubz",197999477019,DSR113,Hypnotize,,QZZ8B2327916,"In Orbit Dubz",Deezer,"June 2024",USA,Streaming,Single,Sale,1,0.005510000000
AUG-24,"DirtySnatcha Records",WTF,,"BBX, Sloth",198342356135,DSR131,WTF,,GBRKQ2471312,"BBX, Sloth",Spotify,"August 2024",NIC,Streaming,Single,Sale,6,0.005511000000
AUG-24,"DirtySnatcha Records","Genie In a Bottle",,"DirtySnatcha, Luci",198342437506,DSR132,"Genie In a Bottle",,GBWUL2407705,"DirtySnatcha, Luci",Spotify,"August 2024",MEX,Streaming,Single,Sale,43,0.005535000000
AUG-24,"DirtySnatcha Records","Genie In a Bottle",,"DirtySnatcha, Luci",198342437506,DSR132,"Genie In a Bottle",,GBWUL2407705,"DirtySnatcha, Luci","Apple Music","August 2024",SVK,Streaming,Single,Sale,1,0.005545000000
AUG-24,"DirtySnatcha Records",PTSD,,SHOCKZ,198342479049,DSR0028A,PTSD,,USLZJ2069504,SHOCKZ,Spotify,"August 2024",USA,Streaming,Single,Sale,2,0.005570000000
AUG-24,"DirtySnatcha Records",Destroy,,"In Orbit Dubz, DSTRTN",198342501504,DSR0079A,Destroy,,QZWDD2257331,"In Orbit Dubz, DSTRTN",Spotify,"August 2024",USA,Streaming,Single,Sale,2,0.005570000000
AUG-24,"DirtySnatcha Records",Game,,"Sloth, CHACKK",197999855442,DSR116,Game,,QZ5FN2416543,"Sloth, CHACKK",Spotify,"August 2024",USA,Streaming,Single,Sale,2,0.005570000000
AUG-24,"DirtySnatcha Records","Need U","Dobadlyy Remix","DirtySnatcha, Autokorekt",198342491317,DSR0033A,"Need U","Dobadlyy Remix",QZ5FN2114150,"DirtySnatcha, Autokorekt, Dobadlyy",Spotify,"August 2024",USA,Streaming,Single,Sale,2,0.005570000000
AUG-24,"DirtySnatcha Records",Tartarus,,CRiiOZ,198342042182,DSR127,"Let Go",,USLZJ2405592,CRiiOZ,"Apple Music","August 2024",CAN,Streaming,Single,Sale,2,0.005627000000
AUG-24,"DirtySnatcha Records","Back Rooms",,"In Orbit Dubz",198342498644,DSR0077A,"Back Rooms",,QZWDD2257316,"In Orbit Dubz",Spotify,"August 2024",CAN,Streaming,Single,Sale,1,0.005629000000
AUG-24,"DirtySnatcha Records",Tartarus,,CRiiOZ,198342042182,DSR127,"In The Walls",,USLZJ2405562,CRiiOZ,Spotify,"August 2024",AUS,Streaming,Single,Sale,1,0.005646000000
AUG-24,"DirtySnatcha Records",Tartarus,,CRiiOZ,198342042182,DSR127,Psycho,,USLZJ2405590,"CRiiOZ, DSTRTN",Spotify,"August 2024",NOR,Streaming,Single,Sale,1,0.005657000000
AUG-24,"DirtySnatcha Records","GO MAD",,"DSTRTN, CRiiOZ",198342500286,DSR0056A,"GO MAD",,USLZJ2297741,"DSTRTN, CRiiOZ",Spotify,"August 2024",NOR,Streaming,Single,Sale,1,0.005657000000
AUG-24,"DirtySnatcha Records","Genie In a Bottle",,"DirtySnatcha, Luci",198342437506,DSR132,"Genie In a Bottle",,GBWUL2407705,"DirtySnatcha, Luci",Spotify,"August 2024",USA,Streaming,Single,Sale,1,0.005689000000
AUG-24,"DirtySnatcha Records",Tartarus,,CRiiOZ,198342042182,DSR127,Psycho,,USLZJ2405590,"CRiiOZ, DSTRTN",Spotify,"August 2024",ROM,Streaming,Single,Sale,1,0.005692000000
AUG-24,"DirtySnatcha Records",Tartarus,,CRiiOZ,198342042182,DSR127,"In The Walls",,USLZJ2405562,CRiiOZ,Spotify,"August 2024",BRA,Streaming,Single,Sale,6,0.005702000000
AUG-24,"DirtySnatcha Records",WTF,,"BBX, Sloth",198342356135,DSR131,WTF,,GBRKQ2471312,"BBX, Sloth","Apple Music","August 2024",USA,Streaming,Single,Sale,2,0.005705000000
AUG-24,"DirtySnatcha Records",Tartarus,,CRiiOZ,198342042182,DSR127,Trust,,USLZJ2405591,CRiiOZ,"Apple Music","August 2024",USA,Streaming,Single,Sale,2,0.005705000000
AUG-24,"DirtySnatcha Records","GO MAD",,"DSTRTN, CRiiOZ",198342500286,DSR0056A,"GO MAD",,USLZJ2297741,"DSTRTN, CRiiOZ","Apple Music","August 2024",USA,Streaming,Single,Sale,2,0.005705000000
AUG-24,"DirtySnatcha Records","Break Beat",,Krxnik,198342476321,DSR0005A,"Break Beat",,GBWUL2005941,Krxnik,"Apple Music","August 2024",CZE,Streaming,Single,Sale,1,0.005715000000
AUG-24,"DirtySnatcha Records","Run It Up",,"CHRMNDRS, Future Exit",198342476673,DSR0010A,"Run It Up",,GBWUL2081365,"CHRMNDRS, Future Exit","Apple Music","August 2024",CZE,Streaming,Single,Sale,1,0.005715000000
AUG-24,"DirtySnatcha Records","Run It Up",,"CHRMNDRS, Future Exit",198342476673,DSR0010A,"Run It Up",,GBWUL2081365,"CHRMNDRS, Future Exit","YouTube Streaming","August 2024",UKR,Streaming,"Art Track",Sale,10,0.005718000000
AUG-24,"DirtySnatcha Records","Apple Sowce",,Autokorekt,198342768341,DSR134,"Apple Sowce",,QZTRX2474922,Autokorekt,Spotify,"August 2024",CAN,Streaming,Single,Sale,1,0.005733000000
AUG-24,"DirtySnatcha Records",WDGAF,,CRiiOZ,197999026187,DSR0102,WDGAF,,QZWDE2357423,CRiiOZ,Spotify,"August 2024",AUS,Streaming,Single,Sale,2,0.005756000000
AUG-24,"DirtySnatcha Records","High On Life",,Autokorekt,198342479759,DSR0098A,"High On Life",,QZTV32368009,"Autokorekt, Ashclappem",Spotify,"August 2024",AUS,Streaming,Single,Sale,2,0.005756000000
AUG-24,"DirtySnatcha Records",WTF,,"BBX, Sloth",198342356135,DSR131,WTF,,GBRKQ2471312,"BBX, Sloth",Spotify,"August 2024",SLV,Streaming,Single,Sale,6,0.005758000000
AUG-24,"DirtySnatcha Records",Tartarus,,CRiiOZ,198342042182,DSR127,Trust,,USLZJ2405591,CRiiOZ,Spotify,"August 2024",NLD,Streaming,Single,Sale,1,0.005771000000
AUG-24,"DirtySnatcha Records","Operator Error",,"Big City",198342036334,DSR125,"No Problems!",,USLZJ2403319,"Big City, Tonzology","Apple Music","August 2024",GBR,Streaming,Single,Sale,1,0.005772000000
AUG-24,"DirtySnatcha Records","Operator Error",,"Big City",198342036334,DSR125,"Rat Patrol",,USLZJ2403323,"Big City, Tonzology","Apple Music","August 2024",GBR,Streaming,Single,Sale,1,0.005772000000
AUG-24,"DirtySnatcha Records",Nightmare,,"In Orbit Dubz",198342501320,DSR0080A,Nightmare,,QZWDD2257336,"In Orbit Dubz","Apple Music","August 2024",GBR,Streaming,Single,Sale,1,0.005772000000
AUG-24,"DirtySnatcha Records","Ground N' Pound",,"Akronym, FIGMVNT",198342504093,DSR0070A,"Ground N' Pound",,GBRKQ2274076,"Akronym, FIGMVNT",NetEase,"July 2024",CHN,Streaming,Single,Sale,7,0.005778000000
AUG-24,"DirtySnatcha Records",Nightmare,,"In Orbit Dubz",198342501320,DSR0080A,Nightmare,,QZWDD2257336,"In Orbit Dubz",Spotify,"August 2024",GBR,Streaming,Single,Sale,1,0.005784000000
AUG-24,"DirtySnatcha Records","Fog Horn",,DENNETT,198342502969,DSR0074A,"Fog Horn",,QZTRX2237730,DENNETT,Spotify,"August 2024",AUS,Streaming,Single,Sale,1,0.005785000000
AUG-24,"DirtySnatcha Records","Fog Horn",,DENNETT,198342502969,DSR0074A,"Fog Horn",,QZTRX2237730,DENNETT,TIDAL,"July 2024",MEX,Streaming,Single,Sale,1,0.005792000000
AUG-24,"DirtySnatcha Records","Operator Error",,"Big City",198342036334,DSR125,"Operator Error",,USLZJ2403328,"Big City","Apple Music","August 2024",CHL,Streaming,Single,Sale,3,0.005796000000
AUG-24,"DirtySnatcha Records","GO MAD",,"DSTRTN, CRiiOZ",198342500286,DSR0056A,"GO MAD",,USLZJ2297741,"DSTRTN, CRiiOZ",Spotify,"August 2024",PER,Streaming,Single,Sale,5,0.005798000000
AUG-24,"DirtySnatcha Records","Genie In a Bottle",,"DirtySnatcha, Luci",198342437506,DSR132,"Genie In a Bottle",,GBWUL2407705,"DirtySnatcha, Luci","Apple Music","August 2024",JPN,Streaming,Single,Sale,1,0.005803000000
AUG-24,"DirtySnatcha Records",Tartarus,,CRiiOZ,198342042182,DSR127,"In The Walls",,USLZJ2405562,CRiiOZ,Spotify,"August 2024",ESP,Streaming,Single,Sale,3,0.005806000000
AUG-24,"DirtySnatcha Records","Riddim Gang",,"Megahurtz, Alienpark",198342478288,DSR0020A,"Riddim Gang",,QZ5FN2074245,"Megahurtz, Alienpark","Apple Music","August 2024",FIN,Streaming,Single,Sale,1,0.005814000000
AUG-24,"DirtySnatcha Records",Shook,,BBX,198342479957,DSR0094A,Shook,,QZTV32366682,BBX,Spotify,"August 2024",USA,Streaming,Single,Sale,3,0.005822000000
AUG-24,"DirtySnatcha Records","Apple Sowce",,Autokorekt,198342768341,DSR134,"Apple Sowce",,QZTRX2474922,Autokorekt,Spotify,"August 2024",USA,Streaming,Single,Sale,3,0.005822000000
AUG-24,"DirtySnatcha Records","Spectre Season",,Artifact,198342479643,DSR0101A,"Spectre Season",,QZWDD2336449,Artifact,Spotify,"August 2024",USA,Streaming,Single,Sale,3,0.005822000000
AUG-24,"DirtySnatcha Records",Tartarus,,CRiiOZ,198342042182,DSR127,Trust,,USLZJ2405591,CRiiOZ,Spotify,"August 2024",MEX,Streaming,Single,Sale,3,0.005831000000
AUG-24,"DirtySnatcha Records","Run It Up",,"CHRMNDRS, Future Exit",198342476673,DSR0010A,"Run It Up",,GBWUL2081365,"CHRMNDRS, Future Exit",Spotify,"August 2024",BRA,Streaming,Single,Sale,3,0.005837000000
AUG-24,"DirtySnatcha Records",Riptide,,"David Vance, Blue",198342508046,DSR0064A,Riptide,,GBRKQ2211179,"David Vance, Blue",Spotify,"August 2024",BRA,Streaming,Single,Sale,3,0.005837000000
AUG-24,"DirtySnatcha Records",WTF,,"BBX, Sloth",198342356135,DSR131,WTF,,GBRKQ2471312,"BBX, Sloth",Spotify,"August 2024",ITA,Streaming,Single,Sale,1,0.005840000000
AUG-24,"DirtySnatcha Records","Genie In a Bottle",,"DirtySnatcha, Luci",198342437506,DSR132,"Genie In a Bottle",,GBWUL2407705,"DirtySnatcha, Luci","YouTube Content ID","August 2024",GBR,UGC,"Sound Recording",Sale,1,0.005862000000
AUG-24,"DirtySnatcha Records","Apple Sowce",,Autokorekt,198342768341,DSR134,"Apple Sowce",,QZTRX2474922,Autokorekt,"Apple Music","August 2024",USA,Streaming,Single,Sale,1,0.005879000000
AUG-24,"DirtySnatcha Records",Tartarus,,CRiiOZ,198342042182,DSR127,"Watch Out",,USLZJ2405588,CRiiOZ,Spotify,"August 2024",MEX,Streaming,Single,Sale,3,0.005879000000
AUG-24,"DirtySnatcha Records","Fog Horn",,DENNETT,198342502969,DSR0074A,"Fog Horn",,QZTRX2237730,DENNETT,Spotify,"August 2024",MEX,Streaming,Single,Sale,8,0.005879000000
AUG-24,"DirtySnatcha Records",Dimension,,"In Orbit Dubz, Nein Lives",198342496138,DSR0051A,Dimension,,QZ5FN2266737,"In Orbit Dubz, Nein Lives",Spotify,"August 2024",MEX,Streaming,Single,Sale,3,0.005879000000
AUG-24,"DirtySnatcha Records","Run It Up",,"CHRMNDRS, Future Exit",198342476673,DSR0010A,"Run It Up",,GBWUL2081365,"CHRMNDRS, Future Exit","Apple Music","August 2024",USA,Streaming,Single,Sale,1,0.005879000000
AUG-24,"DirtySnatcha Records","Genie In a Bottle",,"DirtySnatcha, Luci",198342437506,DSR132,"Genie In a Bottle",,GBWUL2407705,"DirtySnatcha, Luci",Spotify,"August 2024",BGR,Streaming,Single,Sale,3,0.005879000000
AUG-24,"DirtySnatcha Records",Assertion,,Aalioura,198342502129,DSR0076A,Assertion,,QZWDD2238845,Aalioura,Spotify,"August 2024",CAN,Streaming,Single,Sale,4,0.005929000000
AUG-24,"DirtySnatcha Records",Apparition,,CVLVALRI,198342507926,DSR0063A,Apparition,,GBRKQ2204805,CVLVALRI,Spotify,"August 2024",CAN,Streaming,Single,Sale,4,0.005929000000
AUG-24,"DirtySnatcha Records",Whoa,,"KirbyBright, Devious",198342485866,DSR133,Whoa,,GBWUL2431903,"KirbyBright, Devious",Spotify,"August 2024",CAN,Streaming,Single,Sale,4,0.005929000000
AUG-24,"DirtySnatcha Records","Riddim Gang",,"Megahurtz, Alienpark",198342478288,DSR0020A,"Riddim Gang",,QZ5FN2074245,"Megahurtz, Alienpark","YouTube Streaming","August 2024",MEX,Streaming,"Art Track",Sale,5,0.005938000000
AUG-24,"DirtySnatcha Records","Out Of Service",,"Autokorekt, ChemDawg",198342492215,DSR0046A,"Out Of Service",,GBWUL2192863,"Autokorekt, ChemDawg, Versace","Apple Music","August 2024",USA,Streaming,Single,Sale,1,0.005944000000
AUG-24,"DirtySnatcha Records","GO MAD",,"DSTRTN, CRiiOZ",198342500286,DSR0056A,"GO MAD",,USLZJ2297741,"DSTRTN, CRiiOZ",Spotify,"August 2024",BRA,Streaming,Single,Sale,2,0.005963000000
AUG-24,"DirtySnatcha Records",Riddimption,,"Nothing x Hurts",198622420181,DSR136,Riddimption,,QZWV32419969,"Nothing x Hurts","YouTube Content ID","August 2024",USA,UGC,"Sound Recording",Sale,4,0.005975000000
AUG-24,"DirtySnatcha Records",Hypnotize,,"In Orbit Dubz",197999477019,DSR113,Hypnotize,,QZZ8B2327916,"In Orbit Dubz",Spotify,"August 2024",ZAF,Streaming,Single,Sale,7,0.005978000000
AUG-24,"DirtySnatcha Records",Tartarus,,CRiiOZ,198342042182,DSR127,Psycho,,USLZJ2405590,"CRiiOZ, DSTRTN",Spotify,"August 2024",LVA,Streaming,Single,Sale,2,0.005983000000
AUG-24,"DirtySnatcha Records",Bloodthirsty,,Howker,198342475331,DSR0004A,Bloodthirsty,,GBWUL1958037,Howker,Spotify,"August 2024",LVA,Streaming,Single,Sale,2,0.005983000000
AUG-24,"DirtySnatcha Records","Genie In a Bottle",,"DirtySnatcha, Luci",198342437506,DSR132,"Genie In a Bottle",,GBWUL2407705,"DirtySnatcha, Luci",Spotify,"August 2024",LVA,Streaming,Single,Sale,2,0.005983000000
AUG-24,"DirtySnatcha Records","Take A Trip","DirtySnatcha Remix","HEXED, Labs",198342492369,DSR0086A,"Take A Trip","DirtySnatcha Remix",QZ5FN2303924,"HEXED, Labs, DirtySnatcha","Apple Music","August 2024",USA,Streaming,Single,Sale,1,0.005989000000
AUG-24,"DirtySnatcha Records",PTSD,,SHOCKZ,198342479049,DSR0028A,PTSD,,USLZJ2069504,SHOCKZ,Spotify,"August 2024",USA,Streaming,Single,Sale,3,0.006002000000
AUG-24,"DirtySnatcha Records","Out Of Service",,"Autokorekt, ChemDawg",198342492215,DSR0046A,"Out Of Service",,GBWUL2192863,"Autokorekt, ChemDawg, Versace",Spotify,"August 2024",FIN,Streaming,Single,Sale,1,0.006002000000
AUG-24,"DirtySnatcha Records",Game,,"Sloth, CHACKK",197999855442,DSR116,Game,,QZ5FN2416543,"Sloth, CHACKK",Spotify,"August 2024",GBR,Streaming,Single,Sale,5,0.006006000000
AUG-24,"DirtySnatcha Records",Tartarus,,CRiiOZ,198342042182,DSR127,Psycho,,USLZJ2405590,"CRiiOZ, DSTRTN",Spotify,"August 2024",PAN,Streaming,Single,Sale,2,0.006011000000
AUG-24,"DirtySnatcha Records","Bringing The Bass",,Scafetta,198342491348,DSR0035A,"Bringing The Bass",,QZ5FN2153036,"Scafetta, Chase The Dream","Amazon Music Unlimited","August 2024",USA,Streaming,Single,Sale,1,0.006022000000
AUG-24,"DirtySnatcha Records",Boss,,Entravert,198342492949,DSR0047A,Boss,,GBWUL2192869,Entravert,"Amazon Music Unlimited","August 2024",USA,Streaming,Single,Sale,1,0.006022000000
AUG-24,"DirtySnatcha Records","Fog Horn",,DENNETT,198342502969,DSR0074A,"Fog Horn",,QZTRX2237730,DENNETT,"Amazon Music Unlimited","August 2024",USA,Streaming,Single,Sale,1,0.006022000000
AUG-24,"DirtySnatcha Records","Black & Gold",,BBX,198342479889,DSR0096A,"Crushed Glass",,QZTV32366684,BBX,"Amazon Music Unlimited","August 2024",USA,Streaming,Single,Sale,1,0.006022000000
AUG-24,"DirtySnatcha Records","Riddim Whistle",,DENNETT,198342507902,DSR0062A,"Riddim Whistle",,GBRKQ2204623,DENNETT,"Amazon Music Unlimited","August 2024",USA,Streaming,Single,Sale,1,0.006022000000
AUG-24,"DirtySnatcha Records",Hypnotize,,"In Orbit Dubz",197999477019,DSR113,Hypnotize,,QZZ8B2327916,"In Orbit Dubz","Amazon Music Unlimited","August 2024",USA,Streaming,Single,Sale,1,0.006022000000
AUG-24,"DirtySnatcha Records","Out Of Service",,"Autokorekt, ChemDawg",198342492215,DSR0046A,"Out Of Service",,GBWUL2192863,"Autokorekt, ChemDawg, Versace","Amazon Music Unlimited","August 2024",USA,Streaming,Single,Sale,1,0.006022000000
AUG-24,"DirtySnatcha Records","Black & Gold",,BBX,198342479889,DSR0096A,"Crushed Glass",,QZTV32366684,BBX,"Apple Music","August 2024",POL,Streaming,Single,Sale,2,0.006038000000
AUG-24,"DirtySnatcha Records",Tartarus,,CRiiOZ,198342042182,DSR127,Psycho,,USLZJ2405590,"CRiiOZ, DSTRTN",Spotify,"August 2024",MEX,Streaming,Single,Sale,4,0.006038000000
AUG-24,"DirtySnatcha Records",Dimension,,"In Orbit Dubz, Nein Lives",198342496138,DSR0051A,Dimension,,QZ5FN2266737,"In Orbit Dubz, Nein Lives",Spotify,"August 2024",CZE,Streaming,Single,Sale,1,0.006043000000
AUG-24,"DirtySnatcha Records","Keep Moving","Audigy Remix",DirtySnatcha,197999143198,DSR0104,"Keep Moving","Audigy Remix",QZWV32320452,"DirtySnatcha, Audigy",Spotify,"August 2024",CZE,Streaming,Single,Sale,1,0.006043000000
AUG-24,"DirtySnatcha Records","Genie In a Bottle",,"DirtySnatcha, Luci",198342437506,DSR132,"Genie In a Bottle",,GBWUL2407705,"DirtySnatcha, Luci","YouTube Content ID","August 2024",DEU,UGC,"Sound Recording",Sale,2,0.006060000000
AUG-24,"DirtySnatcha Records",Tartarus,,CRiiOZ,198342042182,DSR127,Psycho,,USLZJ2405590,"CRiiOZ, DSTRTN",Spotify,"August 2024",BEL,Streaming,Single,Sale,2,0.006062000000
AUG-24,"DirtySnatcha Records",WTF,,"BBX, Sloth",198342356135,DSR131,WTF,,GBRKQ2471312,"BBX, Sloth",Spotify,"August 2024",SVK,Streaming,Single,Sale,5,0.006083000000
AUG-24,"DirtySnatcha Records",Tartarus,,CRiiOZ,198342042182,DSR127,Psycho,,USLZJ2405590,"CRiiOZ, DSTRTN",Spotify,"August 2024",USA,Streaming,Single,Sale,4,0.006087000000
AUG-24,"DirtySnatcha Records","GO MAD",,"DSTRTN, CRiiOZ",198342500286,DSR0056A,"GO MAD",,USLZJ2297741,"DSTRTN, CRiiOZ",Spotify,"August 2024",USA,Streaming,Single,Sale,4,0.006087000000
AUG-24,"DirtySnatcha Records","GO MAD",,"DSTRTN, CRiiOZ",198342500286,DSR0056A,"GO MAD",,USLZJ2297741,"DSTRTN, CRiiOZ",Spotify,"August 2024",CHL,Streaming,Single,Sale,3,0.006089000000
AUG-24,"DirtySnatcha Records","Back Rooms",,"In Orbit Dubz",198342498644,DSR0077A,"Back Rooms",,QZWDD2257316,"In Orbit Dubz","Amazon Prime","August 2024",GBR,Streaming,Single,Sale,4,0.006092000000
AUG-24,"DirtySnatcha Records",Tartarus,,CRiiOZ,198342042182,DSR127,"In The Walls",,USLZJ2405562,CRiiOZ,Spotify,"August 2024",MEX,Streaming,Single,Sale,4,0.006099000000
AUG-24,"DirtySnatcha Records",Rudeboy,,"Seeing Double, Kryture",198342476352,DSR0007A,Rudeboy,,GBWUL2045907,"Seeing Double, Kryture",Snap,"August 2024",USA,Streaming,"User Generated Content",Sale,1,0.006100000000
AUG-24,"DirtySnatcha Records","Take A Trip","DirtySnatcha Remix","HEXED, Labs",198342492369,DSR0086A,"Take A Trip","DirtySnatcha Remix",QZ5FN2303924,"HEXED, Labs, DirtySnatcha",Spotify,"August 2024",GBR,Streaming,Single,Sale,1,0.006125000000
AUG-24,"DirtySnatcha Records",Riptide,,"David Vance, Blue",198342508046,DSR0064A,Riptide,,GBRKQ2211179,"David Vance, Blue",Spotify,"August 2024",GBR,Streaming,Single,Sale,1,0.006125000000
AUG-24,"DirtySnatcha Records",Tartarus,,CRiiOZ,198342042182,DSR127,"Let Go",,USLZJ2405592,CRiiOZ,Spotify,"August 2024",GBR,Streaming,Single,Sale,1,0.006125000000
AUG-24,"DirtySnatcha Records","Keep Moving","Audigy Remix",DirtySnatcha,197999143198,DSR0104,"Keep Moving","Audigy Remix",QZWV32320452,"DirtySnatcha, Audigy",Spotify,"August 2024",GBR,Streaming,Single,Sale,1,0.006125000000
AUG-24,"DirtySnatcha Records","Outta Here",,BENZO$,198342478196,DSR0018A,"Outta Here",,QZ5FN2040117,"BENZO$, Rico Act","Apple Music","August 2024",KAZ,Streaming,Single,Sale,4,0.006164000000
AUG-24,"DirtySnatcha Records",WTF,,"BBX, Sloth",198342356135,DSR131,WTF,,GBRKQ2471312,"BBX, Sloth",Spotify,"August 2024",PRT,Streaming,Single,Sale,1,0.006204000000
AUG-24,"DirtySnatcha Records",Tartarus,,CRiiOZ,198342042182,DSR127,"In The Walls",,USLZJ2405562,CRiiOZ,Spotify,"August 2024",ARG,Streaming,Single,Sale,8,0.006208000000
AUG-24,"DirtySnatcha Records",Nightmare,,"In Orbit Dubz",198342501320,DSR0080A,Nightmare,,QZWDD2257336,"In Orbit Dubz",Spotify,"August 2024",CAN,Streaming,Single,Sale,4,0.006230000000
AUG-24,"DirtySnatcha Records","Genie In a Bottle",,"DirtySnatcha, Luci",198342437506,DSR132,"Genie In a Bottle",,GBWUL2407705,"DirtySnatcha, Luci","YouTube Streaming","August 2024",JPN,Streaming,"Art Track",Sale,2,0.006243000000
AUG-24,"DirtySnatcha Records","Genie In a Bottle",,"DirtySnatcha, Luci",198342437506,DSR132,"Genie In a Bottle",,GBWUL2407705,"DirtySnatcha, Luci",Spotify,"August 2024",NZL,Streaming,Single,Sale,2,0.006248000000
AUG-24,"DirtySnatcha Records",Tartarus,,CRiiOZ,198342042182,DSR127,"In The Walls",,USLZJ2405562,CRiiOZ,Spotify,"August 2024",NZL,Streaming,Single,Sale,2,0.006248000000
AUG-24,"DirtySnatcha Records","Game Time",,"Autokorekt, Eazley",198342476338,DSR0006A,"Game Time",,GBWUL2023530,"Autokorekt, Eazley, Rico Act",Spotify,"August 2024",NZL,Streaming,Single,Sale,2,0.006248000000
AUG-24,"DirtySnatcha Records","Red Sky",,"Champagne Poppers",198342491591,DSR0040A,"Red Sky",,GBRKQ2120796,"Champagne Poppers","Apple Music","August 2024",USA,Streaming,Single,Sale,2,0.006270000000
AUG-24,"DirtySnatcha Records",FTI,,"BBX, Meechie Murda, Geeku",198342480038,DSR0091A,FTI,,GBWUL2349330,"BBX, Meechie Murda, Geeku","Apple Music","August 2024",USA,Streaming,Single,Sale,2,0.006270000000
AUG-24,"DirtySnatcha Records",LIGMA,,"BBX, Jonomatic, Geeku",198342492208,DSR0045A,LIGMA,,GBWUL2171015,"BBX, Jonomatic, Geeku","Apple Music","August 2024",USA,Streaming,Single,Sale,2,0.006270000000
AUG-24,"DirtySnatcha Records",FVCK,,"Hurting Murphy",198342492000,DSR0089A,FVCK,,USLZJ2376873,"Hurting Murphy","Apple Music","August 2024",USA,Streaming,Single,Sale,2,0.006270000000
AUG-24,"DirtySnatcha Records",Tartarus,,CRiiOZ,198342042182,DSR127,"Watch Out",,USLZJ2405588,CRiiOZ,"Apple Music","August 2024",USA,Streaming,Single,Sale,2,0.006270000000
AUG-24,"DirtySnatcha Records",Danger,Remixes,"JAYSYX, AG",198342496428,DSR0041A,Danger,"Adam Annella Remix",GBRKQ2133612,"JAYSYX, AG, Adam Annella","Apple Music","August 2024",USA,Streaming,Single,Sale,2,0.006270000000
AUG-24,"DirtySnatcha Records","Break It",,JAYSYX,198342478639,DSR0022A,"Break It",,QZ5FN2082238,JAYSYX,"Apple Music","August 2024",USA,Streaming,Single,Sale,2,0.006272000000
AUG-24,"DirtySnatcha Records","Game Time",,"Autokorekt, Eazley",198342476338,DSR0006A,"Game Time",,GBWUL2023530,"Autokorekt, Eazley, Rico Act","Amazon Music Unlimited","August 2024",USA,Streaming,Single,Sale,1,0.006295000000
AUG-24,"DirtySnatcha Records",Tartarus,,CRiiOZ,198342042182,DSR127,"Watch Out",,USLZJ2405588,CRiiOZ,"Apple Music","August 2024",USA,Streaming,Single,Sale,1,0.006296000000
AUG-24,"DirtySnatcha Records",FTI,,"BBX, Meechie Murda, Geeku",198342480038,DSR0091A,FTI,,GBWUL2349330,"BBX, Meechie Murda, Geeku","Apple Music","August 2024",USA,Streaming,Single,Sale,1,0.006296000000
AUG-24,"DirtySnatcha Records",WTF,,"BBX, Sloth",198342356135,DSR131,WTF,,GBRKQ2471312,"BBX, Sloth",Spotify,"August 2024",USA,Streaming,Single,Sale,4,0.006297000000
AUG-24,"DirtySnatcha Records",WTF,,"BBX, Sloth",198342356135,DSR131,WTF,,GBRKQ2471312,"BBX, Sloth",Spotify,"August 2024",URY,Streaming,Single,Sale,2,0.006299000000
AUG-24,"DirtySnatcha Records","Game Time",,"Autokorekt, Eazley",198342476338,DSR0006A,"Game Time",,GBWUL2023530,"Autokorekt, Eazley, Rico Act",Spotify,"August 2024",USA,Streaming,Single,Sale,1,0.006306000000
AUG-24,"DirtySnatcha Records",WTF,,"BBX, Sloth",198342356135,DSR131,WTF,,GBRKQ2471312,"BBX, Sloth","Apple Music","August 2024",USA,Streaming,Single,Sale,1,0.006306000000
AUG-24,"DirtySnatcha Records","Black & Gold",,BBX,198342479889,DSR0096A,"Crushed Glass",,QZTV32366684,BBX,Spotify,"August 2024",USA,Streaming,Single,Sale,1,0.006306000000
AUG-24,"DirtySnatcha Records","Keep Moving","Audigy Remix",DirtySnatcha,197999143198,DSR0104,"Keep Moving","Audigy Remix",QZWV32320452,"DirtySnatcha, Audigy",Spotify,"August 2024",BRA,Streaming,Single,Sale,7,0.006307000000
AUG-24,"DirtySnatcha Records","Loose It","BOU$HY Remix","Eazley, Autokorekt",198342491560,DSR0039A,"Loose It","BOU$HY Remix",GBRKQ2109631,"Eazley, Autokorekt, BOU$HY",Spotify,"August 2024",BRA,Streaming,Single,Sale,7,0.006307000000
AUG-24,"DirtySnatcha Records",Nightmare,,"In Orbit Dubz",198342501320,DSR0080A,Nightmare,,QZWDD2257336,"In Orbit Dubz",Spotify,"August 2024",BEL,Streaming,Single,Sale,3,0.006313000000
AUG-24,"DirtySnatcha Records","Take A Trip","DirtySnatcha Remix","HEXED, Labs",198342492369,DSR0086A,"Take A Trip","DirtySnatcha Remix",QZ5FN2303924,"HEXED, Labs, DirtySnatcha",Spotify,"August 2024",PRT,Streaming,Single,Sale,4,0.006316000000
AUG-24,"DirtySnatcha Records","Eight Six",,BBX,198342480014,DSR0092A,"Eight Six",,QZTV32366095,BBX,Spotify,"August 2024",MEX,Streaming,Single,Sale,7,0.006321000000
AUG-24,"DirtySnatcha Records","Genie In a Bottle",,"DirtySnatcha, Luci",198342437506,DSR132,"Genie In a Bottle",,GBWUL2407705,"DirtySnatcha, Luci","Apple DJ Mixes","August 2024",USA,Streaming,Single,Sale,9,0.006328000000
AUG-24,"DirtySnatcha Records",Tartarus,,CRiiOZ,198342042182,DSR127,Psycho,,USLZJ2405590,"CRiiOZ, DSTRTN",Spotify,"August 2024",DEU,Streaming,Single,Sale,7,0.006378000000
AUG-24,"DirtySnatcha Records","Power Transient",,Hexadrone,198342491300,DSR0032A,"Power Transient",,GBRKQ2053155,Hexadrone,"Apple Music","August 2024",USA,Streaming,Single,Sale,1,0.006403000000
AUG-24,"DirtySnatcha Records","The Back Rooms EP",,"In Orbit Dubz",198342501023,DSR0081A,Destroy,,QZWDD2257331,"In Orbit Dubz, DSTRTN",Spotify,"August 2024",USA,Streaming,Single,Sale,1,0.006405000000
AUG-24,"DirtySnatcha Records","Eight Six",,BBX,198342480014,DSR0092A,"Eight Six",,QZTV32366095,BBX,"YouTube Streaming","August 2024",EST,Streaming,"Art Track",Sale,1,0.006409000000
AUG-24,"DirtySnatcha Records",Tartarus,,CRiiOZ,198342042182,DSR127,"In The Walls",,USLZJ2405562,CRiiOZ,Spotify,"August 2024",GRC,Streaming,Single,Sale,2,0.006412000000
AUG-24,"DirtySnatcha Records","GO MAD",,"DSTRTN, CRiiOZ",198342500286,DSR0056A,"GO MAD",,USLZJ2297741,"DSTRTN, CRiiOZ",Spotify,"August 2024",FIN,Streaming,Single,Sale,1,0.006413000000
AUG-24,"DirtySnatcha Records",WTF,,"BBX, Sloth",198342356135,DSR131,WTF,,GBRKQ2471312,"BBX, Sloth",Spotify,"August 2024",MYS,Streaming,Single,Sale,10,0.006428000000
AUG-24,"DirtySnatcha Records","Fog Horn",,DENNETT,198342502969,DSR0074A,"Fog Horn",,QZTRX2237730,DENNETT,"Apple Music","August 2024",AUS,Streaming,Single,Sale,2,0.006456000000
AUG-24,"DirtySnatcha Records","Giving Up VIP",,"CHRMNDRS, SEEING\\DOUBLE",198342492154,DSR0044A,"Giving Up VIP",,GBWUL2158623,"CHRMNDRS, SEEING\\DOUBLE","Apple Music","August 2024",AUS,Streaming,Single,Sale,2,0.006456000000
AUG-24,"DirtySnatcha Records","The Tundra",,Barooka,197999919410,DSR120,Icepick,,QZ5FN2445564,Barooka,"Apple Music","August 2024",USA,Streaming,Single,Sale,1,0.006463000000
AUG-24,"DirtySnatcha Records","Hyper Drive",,Contakt,198342478691,DSR0025A,"Hyper Drive",,USLZJ2046457,Contakt,"Apple Music","August 2024",USA,Streaming,Single,Sale,1,0.006463000000
AUG-24,"DirtySnatcha Records",Killas,,"Bandido, TMBRWLF",197999456380,DSR112,Killas,,QZZ8B2315613,"Bandido, TMBRWLF","Apple Music","August 2024",USA,Streaming,Single,Sale,1,0.006463000000
AUG-24,"DirtySnatcha Records",Danger,Remixes,"JAYSYX, AG",198342496428,DSR0041A,Danger,"Elusion Remix",GBRKQ2133620,"JAYSYX, AG, Elusion","Apple Music","August 2024",USA,Streaming,Single,Sale,1,0.006463000000
AUG-24,"DirtySnatcha Records",Movin,,"Rest N Piecez",198342479698,DSR0100A,Movin,,QZTV32374100,"Rest N Piecez","Apple Music","August 2024",USA,Streaming,Single,Sale,1,0.006463000000
AUG-24,"DirtySnatcha Records",Liquidator,,"Sinister Bass",198342507896,DSR0060A,Liquidator,,GBRKQ2204555,"Sinister Bass","Apple Music","August 2024",USA,Streaming,Single,Sale,1,0.006463000000
AUG-24,"DirtySnatcha Records",Spacecraft,,Whiskers,198342478967,DSR0026A,Spacecraft,,USLZJ2046489,Whiskers,"Apple Music","August 2024",USA,Streaming,Single,Sale,1,0.006463000000
AUG-24,"DirtySnatcha Records","Most Dangerous",,"Meechie Murda, Geeku, Sinister Bass",198342503812,DSR0071A,"Most Dangerous",,GBWUL2241457,"Meechie Murda, Geeku, Sinister Bass","Apple Music","August 2024",USA,Streaming,Single,Sale,1,0.006463000000
AUG-24,"DirtySnatcha Records","All In",,TruFeelz,198342478707,DSR0021A,"All In",,QZ5FN2075138,TruFeelz,"Apple Music","August 2024",USA,Streaming,Single,Sale,1,0.006463000000
AUG-24,"DirtySnatcha Records",Liquidator,,"Sinister Bass",198342507896,DSR0060A,Liquidator,,GBRKQ2204555,"Sinister Bass",Deezer,"June 2024",PER,Streaming,Single,Sale,2,0.006469000000
AUG-24,"DirtySnatcha Records","Black & Gold",,BBX,198342479988,DSR0093A,"Black & Gold",,QZTV32366677,BBX,Spotify,"August 2024",CAN,Streaming,Single,Sale,2,0.006485000000
AUG-24,"DirtySnatcha Records",Assertion,,Aalioura,198342502129,DSR0076A,Assertion,,QZWDD2238845,Aalioura,Spotify,"August 2024",CAN,Streaming,Single,Sale,2,0.006485000000
AUG-24,"DirtySnatcha Records","Riddim Gang",,"Megahurtz, Alienpark",198342478288,DSR0020A,"Riddim Gang",,QZ5FN2074245,"Megahurtz, Alienpark",Spotify,"August 2024",CAN,Streaming,Single,Sale,2,0.006485000000
AUG-24,"DirtySnatcha Records",LIGMA,,"BBX, Jonomatic, Geeku",198342492208,DSR0045A,LIGMA,,GBWUL2171015,"BBX, Jonomatic, Geeku",Spotify,"August 2024",CAN,Streaming,Single,Sale,2,0.006485000000
AUG-24,"DirtySnatcha Records",Tartarus,,CRiiOZ,198342042182,DSR127,Trust,,USLZJ2405591,CRiiOZ,Spotify,"August 2024",GBR,Streaming,Single,Sale,1,0.006486000000
AUG-24,"DirtySnatcha Records","BIG UPS",,"RAZR, VASTIVE",198342478684,DSR0024A,"BIG UPS",,USLZJ2023938,"RAZR, VASTIVE",Snap,"July 2024",CAN,Streaming,"User Generated Content",Sale,2,0.006504000000
AUG-24,"DirtySnatcha Records","Genie In a Bottle",,"DirtySnatcha, Luci",198342437506,DSR132,"Genie In a Bottle",,GBWUL2407705,"DirtySnatcha, Luci",Spotify,"August 2024",ARE,Streaming,Single,Sale,2,0.006512000000
AUG-24,"DirtySnatcha Records",PTSD,,SHOCKZ,198342479049,DSR0028A,PTSD,,USLZJ2069504,SHOCKZ,Spotify,"August 2024",AUS,Streaming,Single,Sale,1,0.006527000000
AUG-24,"DirtySnatcha Records","Round 2",,"Nekz, Meechie Murda",197999919441,DSR121,"Round 2",,QZ5FN2445592,"Nekz, Meechie Murda",Spotify,"August 2024",USA,Streaming,Single,Sale,1,0.006544000000
AUG-24,"DirtySnatcha Records","GO MAD",,"DSTRTN, CRiiOZ",198342500286,DSR0056A,"GO MAD",,USLZJ2297741,"DSTRTN, CRiiOZ",Spotify,"August 2024",AUS,Streaming,Single,Sale,4,0.006551000000
AUG-24,"DirtySnatcha Records","Apple Sowce",,Autokorekt,198342768341,DSR134,"Apple Sowce",,QZTRX2474922,Autokorekt,Spotify,"August 2024",AUS,Streaming,Single,Sale,4,0.006551000000
AUG-24,"DirtySnatcha Records",WESTCOAST,,"BBX, Geeku",198342494684,DSR0049A,WESTCOAST,,QZ5FN2235968,"BBX, Geeku","Apple Music","August 2024",USA,Streaming,Single,Sale,1,0.006579000000
AUG-24,"DirtySnatcha Records","Eight Six",,BBX,198342480014,DSR0092A,"Eight Six",,QZTV32366095,BBX,"Apple Music","August 2024",USA,Streaming,Single,Sale,1,0.006579000000
AUG-24,"DirtySnatcha Records","Genie In a Bottle",,"DirtySnatcha, Luci",198342437506,DSR132,"Genie In a Bottle",,GBWUL2407705,"DirtySnatcha, Luci","Apple Music","August 2024",FRA,Streaming,Single,Sale,1,0.006585000000
AUG-24,"DirtySnatcha Records",Radioactivity,,"In Orbit Dubz",198342500118,DSR0053A,Radioactivity,,USLZJ2286474,"In Orbit Dubz","YouTube Streaming","August 2024",USA,Streaming,"Art Track",Sale,2,0.006585000000
AUG-24,"DirtySnatcha Records","Fog Horn",,DENNETT,198342502969,DSR0074A,"Fog Horn",,QZTRX2237730,DENNETT,Spotify,"August 2024",SWE,Streaming,Single,Sale,1,0.006591000000
AUG-24,"DirtySnatcha Records",Radioactivity,,"In Orbit Dubz",198342500118,DSR0053A,Radioactivity,,USLZJ2286474,"In Orbit Dubz","Apple Music","August 2024",CAN,Streaming,Single,Sale,1,0.006599000000
AUG-24,"DirtySnatcha Records",Tartarus,,CRiiOZ,198342042182,DSR127,Psycho,,USLZJ2405590,"CRiiOZ, DSTRTN",Spotify,"August 2024",CZE,Streaming,Single,Sale,2,0.006606000000
AUG-24,"DirtySnatcha Records","Giving Up VIP",,"CHRMNDRS, SEEING\\DOUBLE",198342492154,DSR0044A,"Giving Up VIP",,GBWUL2158623,"CHRMNDRS, SEEING\\DOUBLE",Spotify,"August 2024",CZE,Streaming,Single,Sale,2,0.006606000000
AUG-24,"DirtySnatcha Records","Genie In a Bottle",,"DirtySnatcha, Luci",198342437506,DSR132,"Genie In a Bottle",,GBWUL2407705,"DirtySnatcha, Luci",Spotify,"August 2024",DEU,Streaming,Single,Sale,3,0.006614000000
AUG-24,"DirtySnatcha Records",Tartarus,,CRiiOZ,198342042182,DSR127,"Let Go",,USLZJ2405592,CRiiOZ,Spotify,"August 2024",DNK,Streaming,Single,Sale,1,0.006618000000
AUG-24,"DirtySnatcha Records",WTF,,"BBX, Sloth",198342356135,DSR131,WTF,,GBRKQ2471312,"BBX, Sloth",Spotify,"August 2024",JPN,Streaming,Single,Sale,2,0.006630000000
AUG-24,"DirtySnatcha Records","GO MAD",,"DSTRTN, CRiiOZ",198342500286,DSR0056A,"GO MAD",,USLZJ2297741,"DSTRTN, CRiiOZ",Spotify,"August 2024",JPN,Streaming,Single,Sale,2,0.006630000000
AUG-24,"DirtySnatcha Records","Back Rooms",,"In Orbit Dubz",198342498644,DSR0077A,"Back Rooms",,QZWDD2257316,"In Orbit Dubz","Amazon Music Unlimited","August 2024",ITA,Streaming,Single,Sale,1,0.006650000000
AUG-24,"DirtySnatcha Records",SASORI,,"BBX, Geeku",198342504765,DSR0068A,SASORI,,GBRKQ2245736,"BBX, Geeku",TIDAL,"July 2024",SGP,Streaming,Single,Sale,2,0.006652000000
AUG-24,"DirtySnatcha Records","Game Time",,"Autokorekt, Eazley",198342476338,DSR0006A,"Game Time",,GBWUL2023530,"Autokorekt, Eazley, Rico Act","Apple Music","August 2024",AUS,Streaming,Single,Sale,1,0.006667000000
AUG-24,"DirtySnatcha Records","Loose It",,"Eazley, Autokorekt",198342478653,DSR0023A,"Loose It",,QZ5FN2097747,"Eazley, Autokorekt","Apple Music","August 2024",AUS,Streaming,Single,Sale,1,0.006667000000
AUG-24,"DirtySnatcha Records","Genie In a Bottle",,"DirtySnatcha, Luci",198342437506,DSR132,"Genie In a Bottle",,GBWUL2407705,"DirtySnatcha, Luci","Apple Music","August 2024",AUS,Streaming,Single,Sale,1,0.006667000000
AUG-24,"DirtySnatcha Records",Tartarus,,CRiiOZ,198342042182,DSR127,Psycho,,USLZJ2405590,"CRiiOZ, DSTRTN",Spotify,"August 2024",LTU,Streaming,Single,Sale,2,0.006677000000
AUG-24,"DirtySnatcha Records","The Tundra",,Barooka,197999919410,DSR120,Screechboi,,QZ5FN2445584,Barooka,"Apple Music","August 2024",USA,Streaming,Single,Sale,1,0.006686000000
AUG-24,"DirtySnatcha Records","Operator Error",,"Big City",198342036334,DSR125,"No Problems!",,USLZJ2403319,"Big City, Tonzology","Apple Music","August 2024",USA,Streaming,Single,Sale,1,0.006686000000
AUG-24,"DirtySnatcha Records",Apparition,,CVLVALRI,198342507926,DSR0063A,Apparition,,GBRKQ2204805,CVLVALRI,"Apple Music","August 2024",USA,Streaming,Single,Sale,1,0.006686000000
AUG-24,"DirtySnatcha Records",Nightmare,,"In Orbit Dubz",198342501320,DSR0080A,Nightmare,,QZWDD2257336,"In Orbit Dubz",Spotify,"August 2024",CHE,Streaming,Single,Sale,1,0.006687000000
AUG-24,"DirtySnatcha Records",Tartarus,,CRiiOZ,198342042182,DSR127,"Watch Out",,USLZJ2405588,CRiiOZ,Spotify,"August 2024",CAN,Streaming,Single,Sale,1,0.006702000000
AUG-24,"DirtySnatcha Records",Tartarus,,CRiiOZ,198342042182,DSR127,Psycho,,USLZJ2405590,"CRiiOZ, DSTRTN",Spotify,"August 2024",POL,Streaming,Single,Sale,2,0.006712000000
AUG-24,"DirtySnatcha Records",Tartarus,,CRiiOZ,198342042182,DSR127,"In The Walls",,USLZJ2405562,CRiiOZ,Spotify,"August 2024",ITA,Streaming,Single,Sale,1,0.006749000000
AUG-24,"DirtySnatcha Records",Shook,,BBX,198342479957,DSR0094A,Shook,,QZTV32366682,BBX,Spotify,"August 2024",MEX,Streaming,Single,Sale,1,0.006752000000
AUG-24,"DirtySnatcha Records","Run It Up",,"CHRMNDRS, Future Exit",198342476673,DSR0010A,"Run It Up",,GBWUL2081365,"CHRMNDRS, Future Exit","Apple Music","August 2024",CAN,Streaming,Single,Sale,3,0.006760000000
AUG-24,"DirtySnatcha Records",Tartarus,,CRiiOZ,198342042182,DSR127,Psycho,,USLZJ2405590,"CRiiOZ, DSTRTN","Apple Music","August 2024",CAN,Streaming,Single,Sale,3,0.006760000000
AUG-24,"DirtySnatcha Records",WTF,,"BBX, Sloth",198342356135,DSR131,WTF,,GBRKQ2471312,"BBX, Sloth",Spotify,"August 2024",UKR,Streaming,Single,Sale,4,0.006763000000
AUG-24,"DirtySnatcha Records","Genie In a Bottle",,"DirtySnatcha, Luci",198342437506,DSR132,"Genie In a Bottle",,GBWUL2407705,"DirtySnatcha, Luci",Spotify,"August 2024",DEU,Streaming,Single,Sale,2,0.006783000000
AUG-24,"DirtySnatcha Records",Dimension,,"In Orbit Dubz, Nein Lives",198342496138,DSR0051A,Dimension,,QZ5FN2266737,"In Orbit Dubz, Nein Lives","Apple Music","August 2024",ZAF,Streaming,Single,Sale,4,0.006788000000
AUG-24,"DirtySnatcha Records","BIG UPS",,"RAZR, VASTIVE",198342478684,DSR0024A,"BIG UPS",,USLZJ2023938,"RAZR, VASTIVE",Spotify,"August 2024",USA,Streaming,Single,Sale,2,0.006803000000
AUG-24,"DirtySnatcha Records",WTF,,"BBX, Sloth",198342356135,DSR131,WTF,,GBRKQ2471312,"BBX, Sloth",Spotify,"August 2024",FRA,Streaming,Single,Sale,3,0.006804000000
AUG-24,"DirtySnatcha Records",Tartarus,,CRiiOZ,198342042182,DSR127,Psycho,,USLZJ2405590,"CRiiOZ, DSTRTN",Snap,"July 2024",USA,Streaming,"User Generated Content",Sale,1,0.006814000000
AUG-24,"DirtySnatcha Records",Nightmare,,"In Orbit Dubz",198342501320,DSR0080A,Nightmare,,QZWDD2257336,"In Orbit Dubz",Spotify,"August 2024",DNK,Streaming,Single,Sale,1,0.006822000000
AUG-24,"DirtySnatcha Records","Genie In a Bottle",,"DirtySnatcha, Luci",198342437506,DSR132,"Genie In a Bottle",,GBWUL2407705,"DirtySnatcha, Luci",Spotify,"August 2024",ZAF,Streaming,Single,Sale,4,0.006830000000
AUG-24,"DirtySnatcha Records","Fog Horn",,DENNETT,198342502969,DSR0074A,"Fog Horn",,QZTRX2237730,DENNETT,Snap,"July 2024",CAN,Streaming,"User Generated Content",Sale,2,0.006835000000
AUG-24,"DirtySnatcha Records",Whoa,,"KirbyBright, Devious",198342485866,DSR133,Whoa,,GBWUL2431903,"KirbyBright, Devious","Facebook / Instagram","June 2024",N/A,Streaming,"Audio Library",Sale,1,0.006856000000
AUG-24,"DirtySnatcha Records",WTF,,"BBX, Sloth",198342356135,DSR131,WTF,,GBRKQ2471312,"BBX, Sloth",Spotify,"August 2024",AUS,Streaming,Single,Sale,1,0.006871000000
AUG-24,"DirtySnatcha Records",PTSD,,SHOCKZ,198342479049,DSR0028A,PTSD,,USLZJ2069504,SHOCKZ,Spotify,"August 2024",USA,Streaming,Single,Sale,1,0.006875000000
AUG-24,"DirtySnatcha Records",Nightmare,,"In Orbit Dubz",198342501320,DSR0080A,Nightmare,,QZWDD2257336,"In Orbit Dubz",Spotify,"August 2024",USA,Streaming,Single,Sale,1,0.006875000000
AUG-24,"DirtySnatcha Records",WDGAF,,CRiiOZ,197999026187,DSR0102,WDGAF,,QZWDE2357423,CRiiOZ,"Apple Music","August 2024",USA,Streaming,Single,Sale,2,0.006886000000
AUG-24,"DirtySnatcha Records","As I Am",,"Cabuizee, Raddix",198342504413,DSR0069A,"As I Am",,GBRKQ2245754,"Cabuizee, Raddix","Apple Music","August 2024",USA,Streaming,Single,Sale,2,0.006886000000
AUG-24,"DirtySnatcha Records","Need U","Dobadlyy Remix","DirtySnatcha, Autokorekt",198342491317,DSR0033A,"Need U","Dobadlyy Remix",QZ5FN2114150,"DirtySnatcha, Autokorekt, Dobadlyy","Apple Music","August 2024",USA,Streaming,Single,Sale,2,0.006886000000
AUG-24,"DirtySnatcha Records",Love,,"Sinister Bass",198342507872,DSR0059A,Love,,GBRKQ2204541,"Sinister Bass","Apple Music","August 2024",USA,Streaming,Single,Sale,2,0.006886000000
AUG-24,"DirtySnatcha Records","Black & Gold",,BBX,198342479889,DSR0096A,"Eight Six",,QZTV32366095,BBX,"Apple Music","August 2024",USA,Streaming,Single,Sale,2,0.006886000000
AUG-24,"DirtySnatcha Records",Boss,,Entravert,198342492949,DSR0047A,Boss,,GBWUL2192869,Entravert,"Apple Music","August 2024",USA,Streaming,Single,Sale,2,0.006886000000
AUG-24,"DirtySnatcha Records","The Tundra",,Barooka,197999919410,DSR120,Icepick,,QZ5FN2445564,Barooka,"Apple Music","August 2024",USA,Streaming,Single,Sale,2,0.006886000000
AUG-24,"DirtySnatcha Records","Crushed Glass",,BBX,198342479902,DSR0095A,"Crushed Glass",,QZTV32366684,BBX,Spotify,"August 2024",MEX,Streaming,Single,Sale,3,0.006907000000
AUG-24,"DirtySnatcha Records","Clean Slate",,Blue,198342095089,DSR129,"Clean Slate",,USLZJ2430079,"Blue, JHornz","Apple Music","August 2024",ZAF,Streaming,Single,Sale,4,0.006914000000
AUG-24,"DirtySnatcha Records",Tartarus,,CRiiOZ,198342042182,DSR127,Trust,,USLZJ2405591,CRiiOZ,Spotify,"August 2024",CAN,Streaming,Single,Sale,2,0.006918000000
AUG-24,"DirtySnatcha Records","Need U","Ennaut Remix","DirtySnatcha, Autokorekt",198342500538,DSR0082A,"Need U","Ennaut Remix",QZWDD2263341,"DirtySnatcha, Autokorekt, Ennaut",Spotify,"August 2024",CAN,Streaming,Single,Sale,2,0.006918000000
AUG-24,"DirtySnatcha Records",Tartarus,,CRiiOZ,198342042182,DSR127,Trust,,USLZJ2405591,CRiiOZ,Spotify,"August 2024",USA,Streaming,Single,Sale,2,0.006924000000
AUG-24,"DirtySnatcha Records",Dimension,,"In Orbit Dubz, Nein Lives",198342496138,DSR0051A,Dimension,,QZ5FN2266737,"In Orbit Dubz, Nein Lives",Spotify,"August 2024",NZL,Streaming,Single,Sale,4,0.006925000000
AUG-24,"DirtySnatcha Records","Fog Horn",,DENNETT,198342502969,DSR0074A,"Fog Horn",,QZTRX2237730,DENNETT,"Apple Music","August 2024",KOR,Streaming,Single,Sale,1,0.006925000000
AUG-24,"DirtySnatcha Records","Fog Horn",,DENNETT,198342502969,DSR0074A,"Fog Horn",,QZTRX2237730,DENNETT,"Apple Music","August 2024",DEU,Streaming,Single,Sale,1,0.006936000000
AUG-24,"DirtySnatcha Records",Hypnotize,,"In Orbit Dubz",197999477019,DSR113,Hypnotize,,QZZ8B2327916,"In Orbit Dubz","Apple Music","August 2024",CAN,Streaming,Single,Sale,1,0.006938000000
AUG-24,"DirtySnatcha Records",Tartarus,,CRiiOZ,198342042182,DSR127,Psycho,,USLZJ2405590,"CRiiOZ, DSTRTN",Spotify,"August 2024",SLV,Streaming,Single,Sale,4,0.006949000000
AUG-24,"DirtySnatcha Records",Whoa,,"KirbyBright, Devious",198342485866,DSR133,Whoa,,GBWUL2431903,"KirbyBright, Devious",Spotify,"August 2024",DEU,Streaming,Single,Sale,3,0.006960000000
AUG-24,"DirtySnatcha Records","Fuck It Up",,"In Orbit Dubz",198342501825,DSR0078A,"Fuck It Up",,QZWDD2257318,"In Orbit Dubz",Spotify,"August 2024",DEU,Streaming,Single,Sale,3,0.006960000000
AUG-24,"DirtySnatcha Records",Apparition,,CVLVALRI,198342507926,DSR0063A,Apparition,,GBRKQ2204805,CVLVALRI,Spotify,"August 2024",DEU,Streaming,Single,Sale,3,0.006960000000
AUG-24,"DirtySnatcha Records","Fog Horn",,DENNETT,198342502969,DSR0074A,"Fog Horn",,QZTRX2237730,DENNETT,Spotify,"August 2024",AUT,Streaming,Single,Sale,1,0.006978000000
AUG-24,"DirtySnatcha Records","Red Sky",,"Champagne Poppers",198342491591,DSR0040A,"Red Sky",,GBRKQ2120796,"Champagne Poppers","Apple Music","August 2024",USA,Streaming,Single,Sale,1,0.006988000000
AUG-24,"DirtySnatcha Records","Riddim Whistle",,DENNETT,198342507902,DSR0062A,"Riddim Whistle",,GBRKQ2204623,DENNETT,"Apple Music","August 2024",USA,Streaming,Single,Sale,1,0.006988000000
AUG-24,"DirtySnatcha Records",Clapped,,SkInZ,198342491324,DSR0034A,Clapped,,QZ5FN2121223,"SkInZ, Emmbers","Apple Music","August 2024",USA,Streaming,Single,Sale,1,0.006988000000
AUG-24,"DirtySnatcha Records","GO MAD",,"DSTRTN, CRiiOZ",198342500286,DSR0056A,"GO MAD",,USLZJ2297741,"DSTRTN, CRiiOZ","Apple Music","August 2024",USA,Streaming,Single,Sale,1,0.006988000000
AUG-24,"DirtySnatcha Records",Stepbro,,SkInZ,198342492253,DSR0087A,Stepbro,,USLZJ2310807,"SkInZ, Chase The Dream","Apple Music","August 2024",USA,Streaming,Single,Sale,1,0.006988000000
AUG-24,"DirtySnatcha Records","Apple Sowce",,Autokorekt,198342768341,DSR134,"Apple Sowce",,QZTRX2474922,Autokorekt,"YouTube Streaming","August 2024",USA,Streaming,"Art Track",Sale,1,0.006998000000
AUG-24,"DirtySnatcha Records","Genie In a Bottle",,"DirtySnatcha, Luci",198342437506,DSR132,"Genie In a Bottle",,GBWUL2407705,"DirtySnatcha, Luci","Apple Music","August 2024",ARE,Streaming,Single,Sale,1,0.007005000000
AUG-24,"DirtySnatcha Records","Need U","Ennaut Remix","DirtySnatcha, Autokorekt",198342500538,DSR0082A,"Need U","Ennaut Remix",QZWDD2263341,"DirtySnatcha, Autokorekt, Ennaut",Spotify,"August 2024",USA,Streaming,Single,Sale,2,0.007042000000
AUG-24,"DirtySnatcha Records","Back Rooms",,"In Orbit Dubz",198342498644,DSR0077A,"Back Rooms",,QZWDD2257316,"In Orbit Dubz",Spotify,"August 2024",DEU,Streaming,Single,Sale,1,0.007043000000
AUG-24,"DirtySnatcha Records","The Tundra",,Barooka,197999919410,DSR120,iDISTORT,,QZ5FN2461919,Barooka,"Apple Music","August 2024",FRA,Streaming,Single,Sale,1,0.007070000000
AUG-24,"DirtySnatcha Records",Apparition,,CVLVALRI,198342507926,DSR0063A,Apparition,,GBRKQ2204805,CVLVALRI,Spotify,"August 2024",FRA,Streaming,Single,Sale,3,0.007072000000
AUG-24,"DirtySnatcha Records",Tartarus,,CRiiOZ,198342042182,DSR127,Trust,,USLZJ2405591,CRiiOZ,Spotify,"August 2024",FRA,Streaming,Single,Sale,3,0.007072000000
AUG-24,"DirtySnatcha Records",PTSD,,SHOCKZ,198342479049,DSR0028A,PTSD,,USLZJ2069504,SHOCKZ,"Apple Music","August 2024",USA,Streaming,Single,Sale,2,0.007100000000
AUG-24,"DirtySnatcha Records","Gamma Ray",,JAYSYX,198342478158,DSR0017A,"Gamma Ray",,QZ5FN2032792,JAYSYX,"Apple Music","August 2024",USA,Streaming,Single,Sale,2,0.007100000000
AUG-24,"DirtySnatcha Records",Whoa,,"KirbyBright, Devious",198342485866,DSR133,Whoa,,GBWUL2431903,"KirbyBright, Devious","Apple Music","August 2024",USA,Streaming,Single,Sale,1,0.007117000000
AUG-24,"DirtySnatcha Records","The Back Rooms EP",,"In Orbit Dubz",198342501023,DSR0081A,"Fuck It Up",,QZWDD2257318,"In Orbit Dubz","Apple Music","August 2024",USA,Streaming,Single,Sale,1,0.007117000000
AUG-24,"DirtySnatcha Records",Tartarus,,CRiiOZ,198342042182,DSR127,Psycho,,USLZJ2405590,"CRiiOZ, DSTRTN",Spotify,"August 2024",DNK,Streaming,Single,Sale,1,0.007128000000
AUG-24,"DirtySnatcha Records",Scorpion,,Torcha,198342501160,DSR0057A,Scorpion,,GBRKQ2202745,Torcha,Snap,"August 2024",USA,Streaming,"User Generated Content",Sale,1,0.007143000000
AUG-24,"DirtySnatcha Records","Back Rooms",,"In Orbit Dubz",198342498644,DSR0077A,"Back Rooms",,QZWDD2257316,"In Orbit Dubz","Amazon Music Unlimited","August 2024",MEX,Streaming,Single,Sale,5,0.007148000000
AUG-24,"DirtySnatcha Records","Genie In a Bottle",,"DirtySnatcha, Luci",198342437506,DSR132,"Genie In a Bottle",,GBWUL2407705,"DirtySnatcha, Luci",Deezer,"June 2024",FRA,Streaming,Single,Sale,2,0.007157000000
AUG-24,"DirtySnatcha Records",Nightmare,,"In Orbit Dubz",198342501320,DSR0080A,Nightmare,,QZWDD2257336,"In Orbit Dubz",Spotify,"August 2024",BRA,Streaming,Single,Sale,7,0.007196000000
AUG-24,"DirtySnatcha Records","Genie In a Bottle",,"DirtySnatcha, Luci",198342437506,DSR132,"Genie In a Bottle",,GBWUL2407705,"DirtySnatcha, Luci",Spotify,"August 2024",ISR,Streaming,Single,Sale,2,0.007211000000
AUG-24,"DirtySnatcha Records",WTF,,"BBX, Sloth",198342356135,DSR131,WTF,,GBRKQ2471312,"BBX, Sloth",Spotify,"August 2024",ESP,Streaming,Single,Sale,3,0.007221000000
AUG-24,"DirtySnatcha Records","Black & Gold",,BBX,198342479889,DSR0096A,Shook,,QZTV32366682,BBX,Deezer,"June 2024",MEX,Streaming,Single,Sale,2,0.007226000000
AUG-24,"DirtySnatcha Records",Whoa,,"KirbyBright, Devious",198342485866,DSR133,Whoa,,GBWUL2431903,"KirbyBright, Devious",Spotify,"August 2024",BRA,Streaming,Single,Sale,2,0.007258000000
AUG-24,"DirtySnatcha Records","Eight Six",,BBX,198342480014,DSR0092A,"Eight Six",,QZTV32366095,BBX,TIDAL,"July 2024",CAN,Streaming,Single,Sale,1,0.007263000000
AUG-24,"DirtySnatcha Records","Fog Horn",,DENNETT,198342502969,DSR0074A,"Fog Horn",,QZTRX2237730,DENNETT,Spotify,"August 2024",ITA,Streaming,Single,Sale,1,0.007286000000
AUG-24,"DirtySnatcha Records",Bloodthirsty,,Howker,198342475331,DSR0004A,Bloodthirsty,,GBWUL1958037,Howker,Spotify,"August 2024",DEU,Streaming,Single,Sale,8,0.007289000000
AUG-24,"DirtySnatcha Records",Tartarus,,CRiiOZ,198342042182,DSR127,"Let Go",,USLZJ2405592,CRiiOZ,Spotify,"August 2024",AUS,Streaming,Single,Sale,2,0.007297000000
AUG-24,"DirtySnatcha Records",Dimension,,"In Orbit Dubz, Nein Lives",198342496138,DSR0051A,Dimension,,QZ5FN2266737,"In Orbit Dubz, Nein Lives",Spotify,"August 2024",AUS,Streaming,Single,Sale,2,0.007297000000
AUG-24,"DirtySnatcha Records","Black & Gold",,BBX,198342479988,DSR0093A,"Black & Gold",,QZTV32366677,BBX,Spotify,"August 2024",AUS,Streaming,Single,Sale,2,0.007297000000
AUG-24,"DirtySnatcha Records",Bloodthirsty,,Howker,198342475331,DSR0004A,Bloodthirsty,,GBWUL1958037,Howker,Spotify,"August 2024",AUS,Streaming,Single,Sale,2,0.007297000000
AUG-24,"DirtySnatcha Records",Tartarus,,CRiiOZ,198342042182,DSR127,"Watch Out",,USLZJ2405588,CRiiOZ,Spotify,"August 2024",AUS,Streaming,Single,Sale,2,0.007297000000
AUG-24,"DirtySnatcha Records",Tartarus,,CRiiOZ,198342042182,DSR127,"In The Walls",,USLZJ2405562,CRiiOZ,Spotify,"August 2024",SVK,Streaming,Single,Sale,6,0.007301000000
AUG-24,"DirtySnatcha Records","Genie In a Bottle",,"DirtySnatcha, Luci",198342437506,DSR132,"Genie In a Bottle",,GBWUL2407705,"DirtySnatcha, Luci","Amazon Music Unlimited","August 2024",USA,Streaming,Single,Sale,1,0.007308000000
AUG-24,"DirtySnatcha Records","Back Rooms",,"In Orbit Dubz",198342498644,DSR0077A,"Back Rooms",,QZWDD2257316,"In Orbit Dubz","Amazon Music Unlimited","August 2024",USA,Streaming,Single,Sale,1,0.007308000000
AUG-24,"DirtySnatcha Records","Apple Sowce",,Autokorekt,198342768341,DSR134,"Apple Sowce",,QZTRX2474922,Autokorekt,"Apple Music","August 2024",USA,Streaming,Single,Sale,2,0.007313000000
AUG-24,"DirtySnatcha Records",WTF,,"BBX, Sloth",198342356135,DSR131,WTF,,GBRKQ2471312,"BBX, Sloth",Spotify,"August 2024",COL,Streaming,Single,Sale,9,0.007334000000
AUG-24,"DirtySnatcha Records","Fog Horn",,DENNETT,198342502969,DSR0074A,"Fog Horn",,QZTRX2237730,DENNETT,Spotify,"August 2024",FRA,Streaming,Single,Sale,1,0.007348000000
AUG-24,"DirtySnatcha Records","Keep Moving","Aelius, Voyager, Wilco Beats Remix",DirtySnatcha,198342499863,DSR0083A,"Keep Moving","Aelius, Voyager, Wilco Beats Remix",QZWDD2263373,"DirtySnatcha, Aelius, Voyager, Wilco Beats",Spotify,"August 2024",MEX,Streaming,Single,Sale,10,0.007350000000
AUG-24,"DirtySnatcha Records",Tartarus,,CRiiOZ,198342042182,DSR127,"Watch Out",,USLZJ2405588,CRiiOZ,Spotify,"August 2024",JPN,Streaming,Single,Sale,2,0.007353000000
AUG-24,"DirtySnatcha Records",Scorpion,,Torcha,198342501160,DSR0057A,Scorpion,,GBRKQ2202745,Torcha,Snap,"July 2024",USA,Streaming,"User Generated Content",Sale,1,0.007357000000
AUG-24,"DirtySnatcha Records","GO MAD",,"DSTRTN, CRiiOZ",198342500286,DSR0056A,"GO MAD",,USLZJ2297741,"DSTRTN, CRiiOZ",Spotify,"August 2024",GBR,Streaming,Single,Sale,1,0.007379000000
AUG-24,"DirtySnatcha Records",WTF,,"BBX, Sloth",198342356135,DSR131,WTF,,GBRKQ2471312,"BBX, Sloth",Spotify,"August 2024",GRC,Streaming,Single,Sale,4,0.007393000000
AUG-24,"DirtySnatcha Records","Eight Six",,BBX,198342480014,DSR0092A,"Eight Six",,QZTV32366095,BBX,Spotify,"August 2024",CAN,Streaming,Single,Sale,5,0.007411000000
AUG-24,"DirtySnatcha Records","Crushed Glass",,BBX,198342479902,DSR0095A,"Crushed Glass",,QZTV32366684,BBX,Spotify,"August 2024",CAN,Streaming,Single,Sale,5,0.007411000000
AUG-24,"DirtySnatcha Records","Need U","Ennaut Remix","DirtySnatcha, Autokorekt",198342500538,DSR0082A,"Need U","Ennaut Remix",QZWDD2263341,"DirtySnatcha, Autokorekt, Ennaut",Spotify,"August 2024",CAN,Streaming,Single,Sale,1,0.007452000000
AUG-24,"DirtySnatcha Records","Genie In a Bottle",,"DirtySnatcha, Luci",198342437506,DSR132,"Genie In a Bottle",,GBWUL2407705,"DirtySnatcha, Luci",Spotify,"August 2024",FRA,Streaming,Single,Sale,1,0.007469000000
AUG-24,"DirtySnatcha Records","Genie In a Bottle",,"DirtySnatcha, Luci",198342437506,DSR132,"Genie In a Bottle",,GBWUL2407705,"DirtySnatcha, Luci","Apple Music","August 2024",USA,Streaming,Single,Sale,2,0.007470000000
AUG-24,"DirtySnatcha Records",Tartarus,,CRiiOZ,198342042182,DSR127,Trust,,USLZJ2405591,CRiiOZ,"YouTube Content ID","August 2024",CAN,UGC,"Sound Recording",Sale,1,0.007488000000
AUG-24,"DirtySnatcha Records",Nightmare,,"In Orbit Dubz",198342501320,DSR0080A,Nightmare,,QZWDD2257336,"In Orbit Dubz",Spotify,"August 2024",ISL,Streaming,Single,Sale,1,0.007512000000
AUG-24,"DirtySnatcha Records",WTF,,"BBX, Sloth",198342356135,DSR131,WTF,,GBRKQ2471312,"BBX, Sloth",Spotify,"August 2024",ISL,Streaming,Single,Sale,1,0.007512000000
AUG-24,"DirtySnatcha Records","GO MAD",,"DSTRTN, CRiiOZ",198342500286,DSR0056A,"GO MAD",,USLZJ2297741,"DSTRTN, CRiiOZ",Spotify,"August 2024",BEL,Streaming,Single,Sale,3,0.007523000000
AUG-24,"DirtySnatcha Records",WTF,,"BBX, Sloth",198342356135,DSR131,WTF,,GBRKQ2471312,"BBX, Sloth",Spotify,"August 2024",PER,Streaming,Single,Sale,13,0.007540000000
AUG-24,"DirtySnatcha Records","Back Rooms",,"In Orbit Dubz",198342498644,DSR0077A,"Back Rooms",,QZWDD2257316,"In Orbit Dubz","Amazon Prime","August 2024",ESP,Streaming,Single,Sale,9,0.007569000000
AUG-24,"DirtySnatcha Records","GO MAD",,"DSTRTN, CRiiOZ",198342500286,DSR0056A,"GO MAD",,USLZJ2297741,"DSTRTN, CRiiOZ",Spotify,"August 2024",CAN,Streaming,Single,Sale,5,0.007584000000
AUG-24,"DirtySnatcha Records","Giving Up VIP",,"CHRMNDRS, SEEING\\DOUBLE",198342492154,DSR0044A,"Giving Up VIP",,GBWUL2158623,"CHRMNDRS, SEEING\\DOUBLE",Spotify,"August 2024",CAN,Streaming,Single,Sale,5,0.007584000000
AUG-24,"DirtySnatcha Records",Tartarus,,CRiiOZ,198342042182,DSR127,"In The Walls",,USLZJ2405562,CRiiOZ,Spotify,"August 2024",CAN,Streaming,Single,Sale,5,0.007584000000
AUG-24,"DirtySnatcha Records","Fog Horn",,DENNETT,198342502969,DSR0074A,"Fog Horn",,QZTRX2237730,DENNETT,"Apple Music","August 2024",TWN,Streaming,Single,Sale,2,0.007602000000
AUG-24,"DirtySnatcha Records",Nightmare,,"In Orbit Dubz",198342501320,DSR0080A,Nightmare,,QZWDD2257336,"In Orbit Dubz",Spotify,"August 2024",ITA,Streaming,Single,Sale,1,0.007605000000
AUG-24,"DirtySnatcha Records",Tartarus,,CRiiOZ,198342042182,DSR127,"In The Walls",,USLZJ2405562,CRiiOZ,Spotify,"August 2024",USA,Streaming,Single,Sale,5,0.007608000000
AUG-24,"DirtySnatcha Records",Tartarus,,CRiiOZ,198342042182,DSR127,Trust,,USLZJ2405591,CRiiOZ,"Apple Music","August 2024",CAN,Streaming,Single,Sale,1,0.007622000000
AUG-24,"DirtySnatcha Records","Keep Moving","Aelius, Voyager, Wilco Beats Remix",DirtySnatcha,198342499863,DSR0083A,"Keep Moving","Aelius, Voyager, Wilco Beats Remix",QZWDD2263373,"DirtySnatcha, Aelius, Voyager, Wilco Beats","Apple Music","August 2024",CAN,Streaming,Single,Sale,1,0.007622000000
AUG-24,"DirtySnatcha Records","Eight Six",,BBX,198342480014,DSR0092A,"Eight Six",,QZTV32366095,BBX,"YouTube Streaming","August 2024",BRA,Streaming,"Art Track",Sale,3,0.007623000000
AUG-24,"DirtySnatcha Records","Crushed Glass",,BBX,198342479902,DSR0095A,"Crushed Glass",,QZTV32366684,BBX,Spotify,"August 2024",SVK,Streaming,Single,Sale,2,0.007645000000
AUG-24,"DirtySnatcha Records","Genie In a Bottle",,"DirtySnatcha, Luci",198342437506,DSR132,"Genie In a Bottle",,GBWUL2407705,"DirtySnatcha, Luci","YouTube Content ID","August 2024",CAN,UGC,"Sound Recording",Sale,1,0.007666000000
AUG-24,"DirtySnatcha Records",Tartarus,,CRiiOZ,198342042182,DSR127,Trust,,USLZJ2405591,CRiiOZ,Spotify,"August 2024",ZAF,Streaming,Single,Sale,9,0.007686000000
AUG-24,"DirtySnatcha Records","GO MAD",,"DSTRTN, CRiiOZ",198342500286,DSR0056A,"GO MAD",,USLZJ2297741,"DSTRTN, CRiiOZ",Spotify,"August 2024",ZAF,Streaming,Single,Sale,9,0.007686000000
AUG-24,"DirtySnatcha Records",WTF,,"BBX, Sloth",198342356135,DSR131,WTF,,GBRKQ2471312,"BBX, Sloth",Spotify,"August 2024",COL,Streaming,Single,Sale,7,0.007699000000
AUG-24,"DirtySnatcha Records","Run It Up",,"CHRMNDRS, Future Exit",198342476673,DSR0010A,"Run It Up",,GBWUL2081365,"CHRMNDRS, Future Exit","Apple Music","August 2024",CAN,Streaming,Single,Sale,1,0.007734000000
AUG-24,"DirtySnatcha Records",Tartarus,,CRiiOZ,198342042182,DSR127,Psycho,,USLZJ2405590,"CRiiOZ, DSTRTN",Spotify,"August 2024",ARG,Streaming,Single,Sale,10,0.007762000000
AUG-24,"DirtySnatcha Records","Apple Sowce",,Autokorekt,198342768341,DSR134,"Apple Sowce",,QZTRX2474922,Autokorekt,Spotify,"August 2024",HUN,Streaming,Single,Sale,4,0.007763000000
AUG-24,"DirtySnatcha Records",Assertion,,Aalioura,198342502129,DSR0076A,Assertion,,QZWDD2238845,Aalioura,Spotify,"August 2024",USA,Streaming,Single,Sale,4,0.007763000000
AUG-24,"DirtySnatcha Records","Take A Trip","DirtySnatcha Remix","HEXED, Labs",198342492369,DSR0086A,"Take A Trip","DirtySnatcha Remix",QZ5FN2303924,"HEXED, Labs, DirtySnatcha",Spotify,"August 2024",USA,Streaming,Single,Sale,4,0.007763000000
AUG-24,"DirtySnatcha Records",Radioactivity,,"In Orbit Dubz",198342500118,DSR0053A,Radioactivity,,USLZJ2286474,"In Orbit Dubz",Spotify,"August 2024",USA,Streaming,Single,Sale,4,0.007763000000
AUG-24,"DirtySnatcha Records","Genie In a Bottle",,"DirtySnatcha, Luci",198342437506,DSR132,"Genie In a Bottle",,GBWUL2407705,"DirtySnatcha, Luci","Apple Music","August 2024",ESP,Streaming,Single,Sale,2,0.007783000000
AUG-24,"DirtySnatcha Records",WTF,,"BBX, Sloth",198342356135,DSR131,WTF,,GBRKQ2471312,"BBX, Sloth",Spotify,"August 2024",HUN,Streaming,Single,Sale,7,0.007789000000
AUG-24,"DirtySnatcha Records",WTF,,"BBX, Sloth",198342356135,DSR131,WTF,,GBRKQ2471312,"BBX, Sloth",Spotify,"August 2024",USA,Streaming,Single,Sale,2,0.007791000000
AUG-24,"DirtySnatcha Records",Flashback,,"Rest N Piecez",198342479797,DSR0097A,Flashback,,QZTV32366742,"Rest N Piecez",TIDAL,"July 2024",USA,Streaming,Single,Sale,2,0.007795000000
AUG-24,"DirtySnatcha Records",WTF,,"BBX, Sloth",198342356135,DSR131,WTF,,GBRKQ2471312,"BBX, Sloth",Spotify,"August 2024",CHL,Streaming,Single,Sale,10,0.007813000000
AUG-24,"DirtySnatcha Records",WTF,,"BBX, Sloth",198342356135,DSR131,WTF,,GBRKQ2471312,"BBX, Sloth",Spotify,"August 2024",MEX,Streaming,Single,Sale,10,0.007817000000
AUG-24,"DirtySnatcha Records","Back Rooms",,"In Orbit Dubz",198342498644,DSR0077A,"Back Rooms",,QZWDD2257316,"In Orbit Dubz","Amazon Music Unlimited","August 2024",DEU,Streaming,Single,Sale,1,0.007820000000
AUG-24,"DirtySnatcha Records",Danger,Remixes,"JAYSYX, AG",198342496428,DSR0041A,Danger,"Shoku Remix",GBRKQ2133619,"JAYSYX, AG, Shoku","Amazon Music Unlimited","August 2024",DEU,Streaming,Single,Sale,1,0.007820000000
AUG-24,"DirtySnatcha Records","GO MAD",,"DSTRTN, CRiiOZ",198342500286,DSR0056A,"GO MAD",,USLZJ2297741,"DSTRTN, CRiiOZ","Amazon Music Unlimited","August 2024",DEU,Streaming,Single,Sale,1,0.007820000000
AUG-24,"DirtySnatcha Records","Break Beat",,Krxnik,198342476321,DSR0005A,"Break Beat",,GBWUL2005941,Krxnik,"Amazon Music Unlimited","August 2024",DEU,Streaming,Single,Sale,1,0.007820000000
AUG-24,"DirtySnatcha Records","Genie In a Bottle",,"DirtySnatcha, Luci",198342437506,DSR132,"Genie In a Bottle",,GBWUL2407705,"DirtySnatcha, Luci",Spotify,"August 2024",MEX,Streaming,Single,Sale,5,0.007837000000
AUG-24,"DirtySnatcha Records","Fog Horn",,DENNETT,198342502969,DSR0074A,"Fog Horn",,QZTRX2237730,DENNETT,Spotify,"August 2024",MEX,Streaming,Single,Sale,5,0.007837000000
AUG-24,"DirtySnatcha Records","GO MAD",,"DSTRTN, CRiiOZ",198342500286,DSR0056A,"GO MAD",,USLZJ2297741,"DSTRTN, CRiiOZ",Spotify,"August 2024",MEX,Streaming,Single,Sale,5,0.007837000000
AUG-24,"DirtySnatcha Records","Out Of Service",,"Autokorekt, ChemDawg",198342492215,DSR0046A,"Out Of Service",,GBWUL2192863,"Autokorekt, ChemDawg, Versace","Apple Music","August 2024",NZL,Streaming,Single,Sale,1,0.007863000000
AUG-24,"DirtySnatcha Records","Acting Out",,"Megahurtz, Blue",198342479070,DSR0029A,"Acting Out",,USLZJ2069505,"Megahurtz, Blue, Rico Act","Apple Music","August 2024",USA,Streaming,Single,Sale,1,0.007883000000
AUG-24,"DirtySnatcha Records",Maniac,,Sinatra,197999611932,DSR114,Maniac,,QZZEB2305800,Sinatra,"Apple Music","August 2024",USA,Streaming,Single,Sale,1,0.007883000000
AUG-24,"DirtySnatcha Records","Genie In a Bottle",,"DirtySnatcha, Luci",198342437506,DSR132,"Genie In a Bottle",,GBWUL2407705,"DirtySnatcha, Luci",Spotify,"August 2024",PRT,Streaming,Single,Sale,5,0.007894000000
AUG-24,"DirtySnatcha Records","Fog Horn",,DENNETT,198342502969,DSR0074A,"Fog Horn",,QZTRX2237730,DENNETT,Snap,"August 2024",CAN,Streaming,"User Generated Content",Sale,2,0.007898000000
AUG-24,"DirtySnatcha Records",Tartarus,,CRiiOZ,198342042182,DSR127,Psycho,,USLZJ2405590,"CRiiOZ, DSTRTN",Spotify,"August 2024",CHL,Streaming,Single,Sale,6,0.007917000000
AUG-24,"DirtySnatcha Records","Genie In a Bottle",,"DirtySnatcha, Luci",198342437506,DSR132,"Genie In a Bottle",,GBWUL2407705,"DirtySnatcha, Luci",Spotify,"August 2024",POL,Streaming,Single,Sale,3,0.007934000000
AUG-24,"DirtySnatcha Records","Genie In a Bottle",,"DirtySnatcha, Luci",198342437506,DSR132,"Genie In a Bottle",,GBWUL2407705,"DirtySnatcha, Luci",Spotify,"August 2024",EST,Streaming,Single,Sale,1,0.007965000000
AUG-24,"DirtySnatcha Records","Keep Moving","Audigy Remix",DirtySnatcha,197999143198,DSR0104,"Keep Moving","Audigy Remix",QZWV32320452,"DirtySnatcha, Audigy",Spotify,"August 2024",NZL,Streaming,Single,Sale,2,0.007967000000
AUG-24,"DirtySnatcha Records","Fuck It Up",,"In Orbit Dubz",198342501825,DSR0078A,"Fuck It Up",,QZWDD2257318,"In Orbit Dubz",Spotify,"August 2024",NZL,Streaming,Single,Sale,2,0.007967000000
AUG-24,"DirtySnatcha Records","Out Of Service",,"Autokorekt, ChemDawg",198342492215,DSR0046A,"Out Of Service",,GBWUL2192863,"Autokorekt, ChemDawg, Versace",Spotify,"August 2024",NZL,Streaming,Single,Sale,2,0.007967000000
AUG-24,"DirtySnatcha Records","High On Life",,Autokorekt,198342479759,DSR0098A,"High On Life",,QZTV32368009,"Autokorekt, Ashclappem",Spotify,"August 2024",NZL,Streaming,Single,Sale,2,0.007967000000
AUG-24,"DirtySnatcha Records",Shook,,BBX,198342479957,DSR0094A,Shook,,QZTV32366682,BBX,Spotify,"August 2024",USA,Streaming,Single,Sale,1,0.008006000000
AUG-24,"DirtySnatcha Records",Heartbreaker,,Kryture,198342478202,DSR0019A,Heartbreaker,,QZ5FN2071126,Kryture,"YouTube Streaming","August 2024",USA,Streaming,"Art Track",Sale,1,0.008010000000
AUG-24,"DirtySnatcha Records",WTF,,"BBX, Sloth",198342356135,DSR131,WTF,,GBRKQ2471312,"BBX, Sloth",Spotify,"August 2024",GBR,Streaming,Single,Sale,3,0.008031000000
AUG-24,"DirtySnatcha Records","Genie In a Bottle",,"DirtySnatcha, Luci",198342437506,DSR132,"Genie In a Bottle",,GBWUL2407705,"DirtySnatcha, Luci",Spotify,"August 2024",GBR,Streaming,Single,Sale,3,0.008031000000
AUG-24,"DirtySnatcha Records",WTF,,"BBX, Sloth",198342356135,DSR131,WTF,,GBRKQ2471312,"BBX, Sloth",Spotify,"August 2024",HUN,Streaming,Single,Sale,3,0.008059000000
AUG-24,"DirtySnatcha Records","Operator Error",,"Big City",198342036334,DSR125,"Operator Error",,USLZJ2403328,"Big City","YouTube Streaming","August 2024",USA,Streaming,"Art Track",Sale,3,0.008072000000
AUG-24,"DirtySnatcha Records",Dimension,,"In Orbit Dubz, Nein Lives",198342496138,DSR0051A,Dimension,,QZ5FN2266737,"In Orbit Dubz, Nein Lives",Spotify,"August 2024",CAN,Streaming,Single,Sale,3,0.008083000000
AUG-24,"DirtySnatcha Records","Fog Horn",,DENNETT,198342502969,DSR0074A,"Fog Horn",,QZTRX2237730,DENNETT,Spotify,"August 2024",CAN,Streaming,Single,Sale,3,0.008083000000
AUG-24,"DirtySnatcha Records",Movin,,"Rest N Piecez",198342479698,DSR0100A,Movin,,QZTV32374100,"Rest N Piecez",TikTok,"June 2024",ISR,Streaming,"User Generated Content",Sale,2,0.008100000000
AUG-24,"DirtySnatcha Records",Tartarus,,CRiiOZ,198342042182,DSR127,"In The Walls",,USLZJ2405562,CRiiOZ,"Apple Music","August 2024",RUS,Streaming,Single,Sale,6,0.008107000000
AUG-24,"DirtySnatcha Records",Tartarus,,CRiiOZ,198342042182,DSR127,Trust,,USLZJ2405591,CRiiOZ,Spotify,"August 2024",BRA,Streaming,Single,Sale,9,0.008109000000
AUG-24,"DirtySnatcha Records","Out Of Service",,"Autokorekt, ChemDawg",198342492215,DSR0046A,"Out Of Service",,GBWUL2192863,"Autokorekt, ChemDawg, Versace",Spotify,"August 2024",BRA,Streaming,Single,Sale,9,0.008109000000
AUG-24,"DirtySnatcha Records","Back Rooms",,"In Orbit Dubz",198342498644,DSR0077A,"Back Rooms",,QZWDD2257316,"In Orbit Dubz","Amazon Ad Supported","August 2024",MEX,Streaming,Single,Sale,19,0.008138000000
AUG-24,"DirtySnatcha Records",Tartarus,,CRiiOZ,198342042182,DSR127,Psycho,,USLZJ2405590,"CRiiOZ, DSTRTN",Spotify,"August 2024",MEX,Streaming,Single,Sale,3,0.008155000000
AUG-24,"DirtySnatcha Records",Tartarus,,CRiiOZ,198342042182,DSR127,"In The Walls",,USLZJ2405562,CRiiOZ,Spotify,"August 2024",FRA,Streaming,Single,Sale,3,0.008158000000
AUG-24,"DirtySnatcha Records",WESTCOAST,,"BBX, Geeku",198342494684,DSR0049A,WESTCOAST,,QZ5FN2235968,"BBX, Geeku","Apple Music","August 2024",CAN,Streaming,Single,Sale,1,0.008183000000
AUG-24,"DirtySnatcha Records","Back Rooms",,"In Orbit Dubz",198342498644,DSR0077A,"Back Rooms",,QZWDD2257316,"In Orbit Dubz",Snap,"August 2024",USA,Streaming,"User Generated Content",Sale,1,0.008185000000
AUG-24,"DirtySnatcha Records","High On Life",,Autokorekt,198342479759,DSR0098A,"High On Life",,QZTV32368009,"Autokorekt, Ashclappem",Spotify,"August 2024",AUS,Streaming,Single,Sale,5,0.008191000000
AUG-24,"DirtySnatcha Records","Fog Horn",,DENNETT,198342502969,DSR0074A,"Fog Horn",,QZTRX2237730,DENNETT,Spotify,"August 2024",NLD,Streaming,Single,Sale,3,0.008196000000
AUG-24,"DirtySnatcha Records","Genie In a Bottle",,"DirtySnatcha, Luci",198342437506,DSR132,"Genie In a Bottle",,GBWUL2407705,"DirtySnatcha, Luci",Spotify,"August 2024",BLR,Streaming,Single,Sale,5,0.008347000000
AUG-24,"DirtySnatcha Records",WDGAF,,CRiiOZ,197999026187,DSR0102,WDGAF,,QZWDE2357423,CRiiOZ,Spotify,"August 2024",USA,Streaming,Single,Sale,3,0.008355000000
AUG-24,"DirtySnatcha Records",Radioactivity,,"In Orbit Dubz",198342500118,DSR0053A,Radioactivity,,USLZJ2286474,"In Orbit Dubz",Spotify,"August 2024",USA,Streaming,Single,Sale,3,0.008355000000
AUG-24,"DirtySnatcha Records",WTF,,"BBX, Sloth",198342356135,DSR131,WTF,,GBRKQ2471312,"BBX, Sloth",Spotify,"August 2024",NOR,Streaming,Single,Sale,3,0.008378000000
AUG-24,"DirtySnatcha Records",Tartarus,,CRiiOZ,198342042182,DSR127,Psycho,,USLZJ2405590,"CRiiOZ, DSTRTN",Spotify,"August 2024",GBR,Streaming,Single,Sale,7,0.008408000000
AUG-24,"DirtySnatcha Records","Keep Moving","Aelius, Voyager, Wilco Beats Remix",DirtySnatcha,198342499863,DSR0083A,"Keep Moving","Aelius, Voyager, Wilco Beats Remix",QZWDD2263373,"DirtySnatcha, Aelius, Voyager, Wilco Beats",Spotify,"August 2024",IND,Streaming,Single,Sale,10,0.008414000000
AUG-24,"DirtySnatcha Records","Back Rooms",,"In Orbit Dubz",198342498644,DSR0077A,"Back Rooms",,QZWDD2257316,"In Orbit Dubz","Amazon Music Unlimited","August 2024",MEX,Streaming,Single,Sale,2,0.008416000000
AUG-24,"DirtySnatcha Records","Genie In a Bottle",,"DirtySnatcha, Luci",198342437506,DSR132,"Genie In a Bottle",,GBWUL2407705,"DirtySnatcha, Luci","YouTube Content ID","August 2024",HKG,UGC,"Sound Recording",Sale,1,0.008423000000
AUG-24,"DirtySnatcha Records","Genie In a Bottle",,"DirtySnatcha, Luci",198342437506,DSR132,"Genie In a Bottle",,GBWUL2407705,"DirtySnatcha, Luci",Spotify,"August 2024",ITA,Streaming,Single,Sale,4,0.008440000000
AUG-24,"DirtySnatcha Records",WDGAF,,CRiiOZ,197999026187,DSR0102,WDGAF,,QZWDE2357423,CRiiOZ,"Apple Music","August 2024",CAN,Streaming,Single,Sale,3,0.008441000000
AUG-24,"DirtySnatcha Records",Heartbreaker,,Kryture,198342478202,DSR0019A,Heartbreaker,,QZ5FN2071126,Kryture,"Apple Music","August 2024",CAN,Streaming,Single,Sale,3,0.008441000000
AUG-24,"DirtySnatcha Records","Keep Moving","Aelius, Voyager, Wilco Beats Remix",DirtySnatcha,198342499863,DSR0083A,"Keep Moving","Aelius, Voyager, Wilco Beats Remix",QZWDD2263373,"DirtySnatcha, Aelius, Voyager, Wilco Beats",Spotify,"August 2024",FRA,Streaming,Single,Sale,2,0.008464000000
AUG-24,"DirtySnatcha Records",Tartarus,,CRiiOZ,198342042182,DSR127,"Watch Out",,USLZJ2405588,CRiiOZ,Spotify,"August 2024",FRA,Streaming,Single,Sale,2,0.008464000000
AUG-24,"DirtySnatcha Records","Giving Up VIP",,"CHRMNDRS, SEEING\\DOUBLE",198342492154,DSR0044A,"Giving Up VIP",,GBWUL2158623,"CHRMNDRS, SEEING\\DOUBLE",Spotify,"August 2024",FRA,Streaming,Single,Sale,2,0.008464000000
AUG-24,"DirtySnatcha Records","Tiger Kung Fu",,"Neon Tiger",198342491539,DSR0037A,"Tiger Kung Fu",,QZ5FN2170480,"Neon Tiger",TIDAL,"July 2024",USA,Streaming,Single,Sale,1,0.008508000000
AUG-24,"DirtySnatcha Records",Riddimption,,"Nothing x Hurts",198622420181,DSR136,Riddimption,,QZWV32419969,"Nothing x Hurts","Beatport Link Mechanicals","August 2024",CZE,Streaming,"Mechanical Royalties",Sale,1,0.008512000000
AUG-24,"DirtySnatcha Records",WTF,,"BBX, Sloth",198342356135,DSR131,WTF,,GBRKQ2471312,"BBX, Sloth","Beatport Link Mechanicals","August 2024",GBR,Streaming,"Mechanical Royalties",Sale,1,0.008512000000
AUG-24,"DirtySnatcha Records","Crushed Glass",,BBX,198342479902,DSR0095A,"Crushed Glass",,QZTV32366684,BBX,"YouTube Streaming","August 2024",UKR,Streaming,"Art Track",Sale,12,0.008533000000
AUG-24,"DirtySnatcha Records","Run It Up",,"CHRMNDRS, Future Exit",198342476673,DSR0010A,"Run It Up",,GBWUL2081365,"CHRMNDRS, Future Exit","Apple Music","August 2024",GBR,Streaming,Single,Sale,1,0.008541000000
AUG-24,"DirtySnatcha Records",Nightmare,,"In Orbit Dubz",198342501320,DSR0080A,Nightmare,,QZWDD2257336,"In Orbit Dubz",Spotify,"August 2024",NLD,Streaming,Single,Sale,1,0.008542000000
AUG-24,"DirtySnatcha Records","Riddim Gang",,"Megahurtz, Alienpark",198342478288,DSR0020A,"Riddim Gang",,QZ5FN2074245,"Megahurtz, Alienpark",Spotify,"August 2024",AUS,Streaming,Single,Sale,2,0.008554000000
AUG-24,"DirtySnatcha Records","Loose It","BOU$HY Remix","Eazley, Autokorekt",198342491560,DSR0039A,"Loose It","BOU$HY Remix",GBRKQ2109631,"Eazley, Autokorekt, BOU$HY","Apple Music","August 2024",USA,Streaming,Single,Sale,3,0.008558000000
AUG-24,"DirtySnatcha Records","Eight Six",,BBX,198342480014,DSR0092A,"Eight Six",,QZTV32366095,BBX,"Apple Music","August 2024",USA,Streaming,Single,Sale,3,0.008558000000
AUG-24,"DirtySnatcha Records","Apple Sowce",,Autokorekt,198342768341,DSR134,"Apple Sowce",,QZTRX2474922,Autokorekt,"Facebook / Instagram","June 2024",N/A,Streaming,"Audio Library",Sale,1,0.008570000000
AUG-24,"DirtySnatcha Records","Fog Horn",,DENNETT,198342502969,DSR0074A,"Fog Horn",,QZTRX2237730,DENNETT,"Apple Music","August 2024",ITA,Streaming,Single,Sale,1,0.008572000000
AUG-24,"DirtySnatcha Records",Tartarus,,CRiiOZ,198342042182,DSR127,Trust,,USLZJ2405591,CRiiOZ,"YouTube Streaming","August 2024",USA,Streaming,"Art Track",Sale,2,0.008592000000
AUG-24,"DirtySnatcha Records",Tartarus,,CRiiOZ,198342042182,DSR127,"In The Walls",,USLZJ2405562,CRiiOZ,"YouTube Streaming","August 2024",USA,Streaming,"Art Track",Sale,2,0.008592000000
AUG-24,"DirtySnatcha Records","Giving Up VIP",,"CHRMNDRS, SEEING\\DOUBLE",198342492154,DSR0044A,"Giving Up VIP",,GBWUL2158623,"CHRMNDRS, SEEING\\DOUBLE",Spotify,"August 2024",CHL,Streaming,Single,Sale,5,0.008605000000
AUG-24,"DirtySnatcha Records","Fog Horn",,DENNETT,198342502969,DSR0074A,"Fog Horn",,QZTRX2237730,DENNETT,"Apple Music","August 2024",CHN,Streaming,Single,Sale,1,0.008613000000
AUG-24,"DirtySnatcha Records","GO MAD",,"DSTRTN, CRiiOZ",198342500286,DSR0056A,"GO MAD",,USLZJ2297741,"DSTRTN, CRiiOZ",Spotify,"August 2024",AUS,Streaming,Single,Sale,3,0.008635000000
AUG-24,"DirtySnatcha Records","Keep Moving","Audigy Remix",DirtySnatcha,197999143198,DSR0104,"Keep Moving","Audigy Remix",QZWV32320452,"DirtySnatcha, Audigy",Spotify,"August 2024",AUS,Streaming,Single,Sale,3,0.008635000000
AUG-24,"DirtySnatcha Records",Tartarus,,CRiiOZ,198342042182,DSR127,"In The Walls",,USLZJ2405562,CRiiOZ,Spotify,"August 2024",AUS,Streaming,Single,Sale,3,0.008635000000
AUG-24,"DirtySnatcha Records","Genie In a Bottle",,"DirtySnatcha, Luci",198342437506,DSR132,"Genie In a Bottle",,GBWUL2407705,"DirtySnatcha, Luci",Spotify,"August 2024",ITA,Streaming,Single,Sale,2,0.008644000000
AUG-24,"DirtySnatcha Records",Hypnotize,,"In Orbit Dubz",197999477019,DSR113,Hypnotize,,QZZ8B2327916,"In Orbit Dubz",Spotify,"August 2024",USA,Streaming,Single,Sale,11,0.008656000000
AUG-24,"DirtySnatcha Records",WTF,,"BBX, Sloth",198342356135,DSR131,WTF,,GBRKQ2471312,"BBX, Sloth",Spotify,"August 2024",NZL,Streaming,Single,Sale,5,0.008656000000
AUG-24,"DirtySnatcha Records",PTSD,,SHOCKZ,198342479049,DSR0028A,PTSD,,USLZJ2069504,SHOCKZ,Spotify,"August 2024",NZL,Streaming,Single,Sale,5,0.008656000000
AUG-24,"DirtySnatcha Records","Back Rooms",,"In Orbit Dubz",198342498644,DSR0077A,"Back Rooms",,QZWDD2257316,"In Orbit Dubz","Amazon Music Unlimited","August 2024",IRL,Streaming,Single,Sale,1,0.008678000000
AUG-24,"DirtySnatcha Records",WTF,,"BBX, Sloth",198342356135,DSR131,WTF,,GBRKQ2471312,"BBX, Sloth",Spotify,"August 2024",SLV,Streaming,Single,Sale,5,0.008685000000
AUG-24,"DirtySnatcha Records","Power Transient",,Hexadrone,198342491300,DSR0032A,"Power Transient",,GBRKQ2053155,Hexadrone,"Apple Music","August 2024",DEU,Streaming,Single,Sale,1,0.008771000000
AUG-24,"DirtySnatcha Records",FLU,,PROTOCOL,198342498040,DSR0084A,FLU,,QZWDD2296532,PROTOCOL,"Apple Music","August 2024",DEU,Streaming,Single,Sale,1,0.008771000000
AUG-24,"DirtySnatcha Records",WTF,,"BBX, Sloth",198342356135,DSR131,WTF,,GBRKQ2471312,"BBX, Sloth",Spotify,"August 2024",VEN,Streaming,Single,Sale,21,0.008783000000
AUG-24,"DirtySnatcha Records",Game,,"Sloth, CHACKK",197999855442,DSR116,Game,,QZ5FN2416543,"Sloth, CHACKK",Spotify,"August 2024",DEU,Streaming,Single,Sale,1,0.008791000000
AUG-24,"DirtySnatcha Records","The Back Rooms EP",,"In Orbit Dubz",198342501023,DSR0081A,"Back Rooms",,QZWDD2257316,"In Orbit Dubz",Spotify,"August 2024",USA,Streaming,Single,Sale,2,0.008809000000
AUG-24,"DirtySnatcha Records","Giving Up VIP",,"CHRMNDRS, SEEING\\DOUBLE",198342492154,DSR0044A,"Giving Up VIP",,GBWUL2158623,"CHRMNDRS, SEEING\\DOUBLE",TIDAL,"July 2024",USA,Streaming,Single,Sale,1,0.008815000000
AUG-24,"DirtySnatcha Records","Loose It",,"Eazley, Autokorekt",198342478653,DSR0023A,"Loose It",,QZ5FN2097747,"Eazley, Autokorekt",TIDAL,"July 2024",USA,Streaming,Single,Sale,1,0.008815000000
AUG-24,"DirtySnatcha Records",WDGAF,,CRiiOZ,197999026187,DSR0102,WDGAF,,QZWDE2357423,CRiiOZ,TIDAL,"July 2024",USA,Streaming,Single,Sale,1,0.008815000000
AUG-24,"DirtySnatcha Records",WTF,,"BBX, Sloth",198342356135,DSR131,WTF,,GBRKQ2471312,"BBX, Sloth",Spotify,"August 2024",DEU,Streaming,Single,Sale,4,0.008818000000
AUG-24,"DirtySnatcha Records",Tartarus,,CRiiOZ,198342042182,DSR127,Psycho,,USLZJ2405590,"CRiiOZ, DSTRTN","Pandora (On Demand)","July 2024",USA,Streaming,Single,Sale,2,0.008846000000
AUG-24,"DirtySnatcha Records","GO MAD",,"DSTRTN, CRiiOZ",198342500286,DSR0056A,"GO MAD",,USLZJ2297741,"DSTRTN, CRiiOZ",Spotify,"August 2024",ESP,Streaming,Single,Sale,2,0.008868000000
AUG-24,"DirtySnatcha Records","Run It Up",,"CHRMNDRS, Future Exit",198342476673,DSR0010A,"Run It Up",,GBWUL2081365,"CHRMNDRS, Future Exit",Spotify,"August 2024",ESP,Streaming,Single,Sale,2,0.008868000000
AUG-24,"DirtySnatcha Records",Bloodthirsty,,Howker,198342475331,DSR0004A,Bloodthirsty,,GBWUL1958037,Howker,Spotify,"August 2024",BEL,Streaming,Single,Sale,2,0.008887000000
AUG-24,"DirtySnatcha Records","BIG UPS",,"RAZR, VASTIVE",198342478684,DSR0024A,"BIG UPS",,USLZJ2023938,"RAZR, VASTIVE",Spotify,"August 2024",CAN,Streaming,Single,Sale,6,0.008894000000
AUG-24,"DirtySnatcha Records","Out Of Service",,"Autokorekt, ChemDawg",198342492215,DSR0046A,"Out Of Service",,GBWUL2192863,"Autokorekt, ChemDawg, Versace",Spotify,"August 2024",CAN,Streaming,Single,Sale,6,0.008894000000
AUG-24,"DirtySnatcha Records","Eight Six",,BBX,198342480014,DSR0092A,"Eight Six",,QZTV32366095,BBX,"YouTube Streaming","August 2024",ROM,Streaming,"Art Track",Sale,3,0.008944000000
AUG-24,"DirtySnatcha Records","GO MAD",,"DSTRTN, CRiiOZ",198342500286,DSR0056A,"GO MAD",,USLZJ2297741,"DSTRTN, CRiiOZ",Spotify,"August 2024",ITA,Streaming,Single,Sale,3,0.008951000000
AUG-24,"DirtySnatcha Records",Tartarus,,CRiiOZ,198342042182,DSR127,Psycho,,USLZJ2405590,"CRiiOZ, DSTRTN",Spotify,"August 2024",FIN,Streaming,Single,Sale,1,0.008979000000
AUG-24,"DirtySnatcha Records","High On Life",,Autokorekt,198342479759,DSR0098A,"High On Life",,QZTV32368009,"Autokorekt, Ashclappem",Spotify,"August 2024",CAN,Streaming,Single,Sale,3,0.008996000000
AUG-24,"DirtySnatcha Records",WTF,,"BBX, Sloth",198342356135,DSR131,WTF,,GBRKQ2471312,"BBX, Sloth",Spotify,"August 2024",IRL,Streaming,Single,Sale,2,0.009002000000
AUG-24,"DirtySnatcha Records","Keep Moving","Audigy Remix",DirtySnatcha,197999143198,DSR0104,"Keep Moving","Audigy Remix",QZWV32320452,"DirtySnatcha, Audigy","Apple Music","August 2024",USA,Streaming,Single,Sale,1,0.009015000000
AUG-24,"DirtySnatcha Records","Genie In a Bottle",,"DirtySnatcha, Luci",198342437506,DSR132,"Genie In a Bottle",,GBWUL2407705,"DirtySnatcha, Luci","Apple Music","August 2024",CAN,Streaming,Single,Sale,1,0.009022000000
AUG-24,"DirtySnatcha Records","Giving Up VIP",,"CHRMNDRS, SEEING\\DOUBLE",198342492154,DSR0044A,"Giving Up VIP",,GBWUL2158623,"CHRMNDRS, SEEING\\DOUBLE",Spotify,"August 2024",AUS,Streaming,Single,Sale,2,0.009031000000
AUG-24,"DirtySnatcha Records",WTF,,"BBX, Sloth",198342356135,DSR131,WTF,,GBRKQ2471312,"BBX, Sloth",Spotify,"August 2024",ECU,Streaming,Single,Sale,10,0.009053000000
AUG-24,"DirtySnatcha Records","Eight Six",,BBX,198342480014,DSR0092A,"Eight Six",,QZTV32366095,BBX,"YouTube Streaming","August 2024",AUT,Streaming,"Art Track",Sale,1,0.009100000000
AUG-24,"DirtySnatcha Records","Take A Trip","DirtySnatcha Remix","HEXED, Labs",198342492369,DSR0086A,"Take A Trip","DirtySnatcha Remix",QZ5FN2303924,"HEXED, Labs, DirtySnatcha",Spotify,"August 2024",USA,Streaming,Single,Sale,6,0.009131000000
AUG-24,"DirtySnatcha Records",Tartarus,,CRiiOZ,198342042182,DSR127,"Watch Out",,USLZJ2405588,CRiiOZ,Spotify,"August 2024",GBR,Streaming,Single,Sale,3,0.009132000000
AUG-24,"DirtySnatcha Records",WTF,,"BBX, Sloth",198342356135,DSR131,WTF,,GBRKQ2471312,"BBX, Sloth",Spotify,"August 2024",IND,Streaming,Single,Sale,20,0.009153000000
AUG-24,"DirtySnatcha Records",Game,,"Sloth, CHACKK",197999855442,DSR116,Game,,QZ5FN2416543,"Sloth, CHACKK",Spotify,"August 2024",GBR,Streaming,Single,Sale,1,0.009170000000
AUG-24,"DirtySnatcha Records","Run It Up",,"CHRMNDRS, Future Exit",198342476673,DSR0010A,"Run It Up",,GBWUL2081365,"CHRMNDRS, Future Exit",Spotify,"August 2024",USA,Streaming,Single,Sale,2,0.009211000000
AUG-24,"DirtySnatcha Records","Riddim Gang",,"Megahurtz, Alienpark",198342478288,DSR0020A,"Riddim Gang",,QZ5FN2074245,"Megahurtz, Alienpark",Spotify,"August 2024",USA,Streaming,Single,Sale,2,0.009211000000
AUG-24,"DirtySnatcha Records","Crushed Glass",,BBX,198342479902,DSR0095A,"Crushed Glass",,QZTV32366684,BBX,Spotify,"August 2024",USA,Streaming,Single,Sale,2,0.009211000000
AUG-24,"DirtySnatcha Records","Operator Error",,"Big City",198342036334,DSR125,"Weed Spot",,USLZJ2403314,"Big City",Spotify,"August 2024",USA,Streaming,Single,Sale,2,0.009211000000
AUG-24,"DirtySnatcha Records",Whoa,,"KirbyBright, Devious",198342485866,DSR133,Whoa,,GBWUL2431903,"KirbyBright, Devious","Facebook / Instagram - Revenue Share","July 2024",USA,Streaming,"Audio Library: Consumption",Sale,644,0.009217000000
AUG-24,"DirtySnatcha Records","Genie In a Bottle",,"DirtySnatcha, Luci",198342437506,DSR132,"Genie In a Bottle",,GBWUL2407705,"DirtySnatcha, Luci",Spotify,"August 2024",NLD,Streaming,Single,Sale,1,0.009219000000
AUG-24,"DirtySnatcha Records","Genie In a Bottle",,"DirtySnatcha, Luci",198342437506,DSR132,"Genie In a Bottle",,GBWUL2407705,"DirtySnatcha, Luci","Apple DJ Mixes","August 2024",USA,Streaming,Single,Sale,18,0.009223000000
AUG-24,"DirtySnatcha Records",WTF,,"BBX, Sloth",198342356135,DSR131,WTF,,GBRKQ2471312,"BBX, Sloth",Spotify,"August 2024",SVK,Streaming,Single,Sale,3,0.009227000000
AUG-24,"DirtySnatcha Records",WTF,,"BBX, Sloth",198342356135,DSR131,WTF,,GBRKQ2471312,"BBX, Sloth",Spotify,"August 2024",NOR,Streaming,Single,Sale,2,0.009252000000
AUG-24,"DirtySnatcha Records","Keep Moving","Aelius, Voyager, Wilco Beats Remix",DirtySnatcha,198342499863,DSR0083A,"Keep Moving","Aelius, Voyager, Wilco Beats Remix",QZWDD2263373,"DirtySnatcha, Aelius, Voyager, Wilco Beats",Spotify,"August 2024",DEU,Streaming,Single,Sale,4,0.009280000000
AUG-24,"DirtySnatcha Records","Fog Horn",,DENNETT,198342502969,DSR0074A,"Fog Horn",,QZTRX2237730,DENNETT,Spotify,"August 2024",ITA,Streaming,Single,Sale,2,0.009282000000
AUG-24,"DirtySnatcha Records",Tartarus,,CRiiOZ,198342042182,DSR127,"In The Walls",,USLZJ2405562,CRiiOZ,Spotify,"August 2024",CZE,Streaming,Single,Sale,2,0.009309000000
AUG-24,"DirtySnatcha Records",Boss,,Entravert,198342492949,DSR0047A,Boss,,GBWUL2192869,Entravert,"Apple Music","August 2024",USA,Streaming,Single,Sale,1,0.009316000000
AUG-24,"DirtySnatcha Records","Demon Hunter",,Zubah,198342478141,DSR0016A,"Demon Hunter",,QZ5FN2003847,Zubah,"Apple Music","August 2024",USA,Streaming,Single,Sale,1,0.009322000000
AUG-24,"DirtySnatcha Records",Hypnotize,,"In Orbit Dubz",197999477019,DSR113,Hypnotize,,QZZ8B2327916,"In Orbit Dubz","YouTube Streaming","August 2024",USA,Streaming,"Art Track",Sale,1,0.009348000000
AUG-24,"DirtySnatcha Records",Tartarus,,CRiiOZ,198342042182,DSR127,Psycho,,USLZJ2405590,"CRiiOZ, DSTRTN",Spotify,"August 2024",CAN,Streaming,Single,Sale,2,0.009355000000
AUG-24,"DirtySnatcha Records",Tartarus,,CRiiOZ,198342042182,DSR127,Psycho,,USLZJ2405590,"CRiiOZ, DSTRTN",Spotify,"August 2024",USA,Streaming,Single,Sale,2,0.009366000000
AUG-24,"DirtySnatcha Records",Tartarus,,CRiiOZ,198342042182,DSR127,Psycho,,USLZJ2405590,"CRiiOZ, DSTRTN",Spotify,"August 2024",MEX,Streaming,Single,Sale,6,0.009404000000
AUG-24,"DirtySnatcha Records","Turn It Up",,YUNIT.,198342476697,DSR0012A,"Turn It Up",,GBWUL2083817,YUNIT.,"Apple Music","August 2024",USA,Streaming,Single,Sale,3,0.009406000000
AUG-24,"DirtySnatcha Records","The Back Rooms EP",,"In Orbit Dubz",198342501023,DSR0081A,Nightmare,,QZWDD2257336,"In Orbit Dubz","Apple Music","August 2024",USA,Streaming,Single,Sale,3,0.009406000000
AUG-24,"DirtySnatcha Records",Tartarus,,CRiiOZ,198342042182,DSR127,Psycho,,USLZJ2405590,"CRiiOZ, DSTRTN","Apple Music","August 2024",USA,Streaming,Single,Sale,3,0.009406000000
AUG-24,"DirtySnatcha Records",Tartarus,,CRiiOZ,198342042182,DSR127,"Watch Out",,USLZJ2405588,CRiiOZ,Spotify,"August 2024",FRA,Streaming,Single,Sale,4,0.009430000000
AUG-24,"DirtySnatcha Records","Back Rooms",,"In Orbit Dubz",198342498644,DSR0077A,"Back Rooms",,QZWDD2257316,"In Orbit Dubz",Spotify,"August 2024",FRA,Streaming,Single,Sale,4,0.009430000000
AUG-24,"DirtySnatcha Records",WESTCOAST,,"BBX, Geeku",198342494684,DSR0049A,WESTCOAST,,QZ5FN2235968,"BBX, Geeku",TIDAL,"August 2024",USA,Streaming,Single,Sale,1,0.009437000000
AUG-24,"DirtySnatcha Records",Apparition,,CVLVALRI,198342507926,DSR0063A,Apparition,,GBRKQ2204805,CVLVALRI,Spotify,"August 2024",DEU,Streaming,Single,Sale,2,0.009446000000
AUG-24,"DirtySnatcha Records","High On Life",,Autokorekt,198342479759,DSR0098A,"High On Life",,QZTV32368009,"Autokorekt, Ashclappem",Spotify,"August 2024",DEU,Streaming,Single,Sale,2,0.009446000000
AUG-24,"DirtySnatcha Records",PTSD,,SHOCKZ,198342479049,DSR0028A,PTSD,,USLZJ2069504,SHOCKZ,"Apple Music","August 2024",KOR,Streaming,Single,Sale,2,0.009446000000
AUG-24,"DirtySnatcha Records","Loose It",,"Eazley, Autokorekt",198342478653,DSR0023A,"Loose It",,QZ5FN2097747,"Eazley, Autokorekt",Spotify,"August 2024",CAN,Streaming,Single,Sale,2,0.009449000000
AUG-24,"DirtySnatcha Records",Liquidator,,"Sinister Bass",198342507896,DSR0060A,Liquidator,,GBRKQ2204555,"Sinister Bass",Spotify,"August 2024",USA,Streaming,Single,Sale,2,0.009450000000
AUG-24,"DirtySnatcha Records",Tartarus,,CRiiOZ,198342042182,DSR127,Trust,,USLZJ2405591,CRiiOZ,Spotify,"August 2024",ITA,Streaming,Single,Sale,1,0.009498000000
AUG-24,"DirtySnatcha Records",WDGAF,,CRiiOZ,197999026187,DSR0102,WDGAF,,QZWDE2357423,CRiiOZ,"Apple Music","August 2024",USA,Streaming,Single,Sale,3,0.009509000000
AUG-24,"DirtySnatcha Records",WTF,,"BBX, Sloth",198342356135,DSR131,WTF,,GBRKQ2471312,"BBX, Sloth","Facebook / Instagram","June 2024",MEX,Streaming,"Audio Library",Sale,1,0.009512000000
AUG-24,"DirtySnatcha Records",Tartarus,,CRiiOZ,198342042182,DSR127,"In The Walls",,USLZJ2405562,CRiiOZ,Spotify,"August 2024",CHE,Streaming,Single,Sale,1,0.009523000000
AUG-24,"DirtySnatcha Records",Rudeboy,,"Seeing Double, Kryture",198342476352,DSR0007A,Rudeboy,,GBWUL2045907,"Seeing Double, Kryture",Spotify,"August 2024",GBR,Streaming,Single,Sale,1,0.009531000000
AUG-24,"DirtySnatcha Records","Giving Up VIP",,"CHRMNDRS, SEEING\\DOUBLE",198342492154,DSR0044A,"Giving Up VIP",,GBWUL2158623,"CHRMNDRS, SEEING\\DOUBLE",Spotify,"August 2024",MEX,Streaming,Single,Sale,13,0.009556000000
AUG-24,"DirtySnatcha Records",Bloodthirsty,,Howker,198342475331,DSR0004A,Bloodthirsty,,GBWUL1958037,Howker,"Apple Music","August 2024",JPN,Streaming,Single,Sale,6,0.009574000000
AUG-24,"DirtySnatcha Records","Run It Up",,"CHRMNDRS, Future Exit",198342476673,DSR0010A,"Run It Up",,GBWUL2081365,"CHRMNDRS, Future Exit",TIDAL,"July 2024",POL,Streaming,Single,Sale,2,0.009587000000
AUG-24,"DirtySnatcha Records","Eight Six",,BBX,198342480014,DSR0092A,"Eight Six",,QZTV32366095,BBX,"YouTube Streaming","August 2024",DEU,Streaming,"Art Track",Sale,2,0.009587000000
AUG-24,"DirtySnatcha Records","Spectre Season",,Artifact,198342479643,DSR0101A,"Spectre Season",,QZWDD2336449,Artifact,Spotify,"August 2024",AUS,Streaming,Single,Sale,7,0.009589000000
AUG-24,"DirtySnatcha Records","Loose It","BOU$HY Remix","Eazley, Autokorekt",198342491560,DSR0039A,"Loose It","BOU$HY Remix",GBRKQ2109631,"Eazley, Autokorekt, BOU$HY",TIDAL,"August 2024",USA,Streaming,Single,Sale,1,0.009603000000
AUG-24,"DirtySnatcha Records","Need U","Dobadlyy Remix","DirtySnatcha, Autokorekt",198342491317,DSR0033A,"Need U","Dobadlyy Remix",QZ5FN2114150,"DirtySnatcha, Autokorekt, Dobadlyy",TIDAL,"August 2024",USA,Streaming,Single,Sale,1,0.009603000000
AUG-24,"DirtySnatcha Records","Out Of Service",,"Autokorekt, ChemDawg",198342492215,DSR0046A,"Out Of Service",,GBWUL2192863,"Autokorekt, ChemDawg, Versace",TIDAL,"August 2024",USA,Streaming,Single,Sale,1,0.009603000000
AUG-24,"DirtySnatcha Records","Loose It",,"Eazley, Autokorekt",198342478653,DSR0023A,"Loose It",,QZ5FN2097747,"Eazley, Autokorekt",TIDAL,"August 2024",USA,Streaming,Single,Sale,1,0.009603000000
AUG-24,"DirtySnatcha Records",Tartarus,,CRiiOZ,198342042182,DSR127,"In The Walls",,USLZJ2405562,CRiiOZ,Spotify,"August 2024",GBR,Streaming,Single,Sale,8,0.009609000000
AUG-24,"DirtySnatcha Records",Tartarus,,CRiiOZ,198342042182,DSR127,Trust,,USLZJ2405591,CRiiOZ,Spotify,"August 2024",FRA,Streaming,Single,Sale,2,0.009619000000
AUG-24,"DirtySnatcha Records","Eight Six",,BBX,198342480014,DSR0092A,"Eight Six",,QZTV32366095,BBX,Spotify,"August 2024",FRA,Streaming,Single,Sale,2,0.009619000000
AUG-24,"DirtySnatcha Records",Tartarus,,CRiiOZ,198342042182,DSR127,"Let Go",,USLZJ2405592,CRiiOZ,Spotify,"August 2024",FRA,Streaming,Single,Sale,2,0.009619000000
AUG-24,"DirtySnatcha Records",Tartarus,,CRiiOZ,198342042182,DSR127,Psycho,,USLZJ2405590,"CRiiOZ, DSTRTN",Spotify,"August 2024",BEL,Streaming,Single,Sale,1,0.009650000000
AUG-24,"DirtySnatcha Records",Tartarus,,CRiiOZ,198342042182,DSR127,Psycho,,USLZJ2405590,"CRiiOZ, DSTRTN",Spotify,"August 2024",HUN,Streaming,Single,Sale,5,0.009704000000
AUG-24,"DirtySnatcha Records",Tartarus,,CRiiOZ,198342042182,DSR127,"Watch Out",,USLZJ2405588,CRiiOZ,Spotify,"August 2024",USA,Streaming,Single,Sale,5,0.009704000000
AUG-24,"DirtySnatcha Records","Keep Moving","Audigy Remix",DirtySnatcha,197999143198,DSR0104,"Keep Moving","Audigy Remix",QZWV32320452,"DirtySnatcha, Audigy",Spotify,"August 2024",USA,Streaming,Single,Sale,5,0.009704000000
AUG-24,"DirtySnatcha Records","Run It Up",,"CHRMNDRS, Future Exit",198342476673,DSR0010A,"Run It Up",,GBWUL2081365,"CHRMNDRS, Future Exit",Spotify,"August 2024",USA,Streaming,Single,Sale,5,0.009704000000
AUG-24,"DirtySnatcha Records","Need U","Dobadlyy Remix","DirtySnatcha, Autokorekt",198342491317,DSR0033A,"Need U","Dobadlyy Remix",QZ5FN2114150,"DirtySnatcha, Autokorekt, Dobadlyy",Spotify,"August 2024",CAN,Streaming,Single,Sale,3,0.009726000000
AUG-24,"DirtySnatcha Records",Scorpion,,Torcha,198342501160,DSR0057A,Scorpion,,GBRKQ2202745,Torcha,Spotify,"August 2024",CAN,Streaming,Single,Sale,3,0.009726000000
AUG-24,"DirtySnatcha Records","Game Time",,"Autokorekt, Eazley",198342476338,DSR0006A,"Game Time",,GBWUL2023530,"Autokorekt, Eazley, Rico Act",Spotify,"August 2024",CAN,Streaming,Single,Sale,3,0.009726000000
AUG-24,"DirtySnatcha Records",Bloodthirsty,,Howker,198342475331,DSR0004A,Bloodthirsty,,GBWUL1958037,Howker,Spotify,"August 2024",CAN,Streaming,Single,Sale,3,0.009726000000
AUG-24,"DirtySnatcha Records",Riptide,,"David Vance, Blue",198342508046,DSR0064A,Riptide,,GBRKQ2211179,"David Vance, Blue",Spotify,"August 2024",CAN,Streaming,Single,Sale,3,0.009726000000
AUG-24,"DirtySnatcha Records","Keep Moving","Audigy Remix",DirtySnatcha,197999143198,DSR0104,"Keep Moving","Audigy Remix",QZWV32320452,"DirtySnatcha, Audigy",Spotify,"August 2024",BRA,Streaming,Single,Sale,5,0.009730000000
AUG-24,"DirtySnatcha Records","Break Beat",,Krxnik,198342476321,DSR0005A,"Break Beat",,GBWUL2005941,Krxnik,"Apple Music","August 2024",AUT,Streaming,Single,Sale,1,0.009791000000
AUG-24,"DirtySnatcha Records","Riddim Gang",,"Megahurtz, Alienpark",198342478288,DSR0020A,"Riddim Gang",,QZ5FN2074245,"Megahurtz, Alienpark","Apple Music","August 2024",USA,Streaming,Single,Sale,1,0.009797000000
AUG-24,"DirtySnatcha Records",Hypnotize,,"In Orbit Dubz",197999477019,DSR113,Hypnotize,,QZZ8B2327916,"In Orbit Dubz",Spotify,"August 2024",MEX,Streaming,Single,Sale,5,0.009798000000
AUG-24,"DirtySnatcha Records",Tartarus,,CRiiOZ,198342042182,DSR127,"Let Go",,USLZJ2405592,CRiiOZ,Spotify,"August 2024",MEX,Streaming,Single,Sale,5,0.009798000000
AUG-24,"DirtySnatcha Records","Round 2",,"Nekz, Meechie Murda",197999919441,DSR121,"Round 2",,QZ5FN2445592,"Nekz, Meechie Murda",Spotify,"August 2024",MEX,Streaming,Single,Sale,5,0.009798000000
AUG-24,"DirtySnatcha Records","Fog Horn",,DENNETT,198342502969,DSR0074A,"Fog Horn",,QZTRX2237730,DENNETT,Spotify,"August 2024",NLD,Streaming,Single,Sale,1,0.009802000000
AUG-24,"DirtySnatcha Records",WTF,,"BBX, Sloth",198342356135,DSR131,WTF,,GBRKQ2471312,"BBX, Sloth",Spotify,"August 2024",GBR,Streaming,Single,Sale,1,0.009818000000
AUG-24,"DirtySnatcha Records",Dimension,,"In Orbit Dubz, Nein Lives",198342496138,DSR0051A,Dimension,,QZ5FN2266737,"In Orbit Dubz, Nein Lives",Spotify,"August 2024",BEL,Streaming,Single,Sale,1,0.009818000000
AUG-24,"DirtySnatcha Records","Fog Horn",,DENNETT,198342502969,DSR0074A,"Fog Horn",,QZTRX2237730,DENNETT,Spotify,"August 2024",AUS,Streaming,Single,Sale,6,0.009829000000
AUG-24,"DirtySnatcha Records","Operator Error",,"Big City",198342036334,DSR125,"Weed Spot",,USLZJ2403314,"Big City","Apple Music","August 2024",USA,Streaming,Single,Sale,1,0.009841000000
AUG-24,"DirtySnatcha Records","Corneal Abrasion",,"Simplifi, Redder",198342094976,DSR128,"Corneal Abrasion",,USLZJ2430043,"Simplifi, Redder","Apple Music","August 2024",USA,Streaming,Single,Sale,1,0.009846000000
AUG-24,"DirtySnatcha Records",WTF,,"BBX, Sloth",198342356135,DSR131,WTF,,GBRKQ2471312,"BBX, Sloth",Spotify,"August 2024",CRI,Streaming,Single,Sale,8,0.009866000000
AUG-24,"DirtySnatcha Records","Genie In a Bottle",,"DirtySnatcha, Luci",198342437506,DSR132,"Genie In a Bottle",,GBWUL2407705,"DirtySnatcha, Luci","YouTube Streaming","August 2024",USA,Streaming,"Art Track",Sale,3,0.009878000000
AUG-24,"DirtySnatcha Records","Eight Six",,BBX,198342480014,DSR0092A,"Eight Six",,QZTV32366095,BBX,"YouTube Streaming","August 2024",USA,Streaming,"Art Track",Sale,3,0.009878000000
AUG-24,"DirtySnatcha Records","Fog Horn",,DENNETT,198342502969,DSR0074A,"Fog Horn",,QZTRX2237730,DENNETT,"Apple Music","August 2024",CAN,Streaming,Single,Sale,4,0.009902000000
AUG-24,"DirtySnatcha Records","Wasting Time With You",,Ennaut,198342816899,DSR135,"Wasting Time With You",,QZTV32404283,Ennaut,"Apple Music","August 2024",USA,Streaming,Single,Sale,1,0.009906000000
AUG-24,"DirtySnatcha Records",Nightmare,,"In Orbit Dubz",198342501320,DSR0080A,Nightmare,,QZWDD2257336,"In Orbit Dubz",Spotify,"August 2024",CZE,Streaming,Single,Sale,3,0.009910000000
AUG-24,"DirtySnatcha Records",Bloodthirsty,,Howker,198342475331,DSR0004A,Bloodthirsty,,GBWUL1958037,Howker,Spotify,"August 2024",BRA,Streaming,Single,Sale,11,0.009911000000
AUG-24,"DirtySnatcha Records",Tartarus,,CRiiOZ,198342042182,DSR127,Trust,,USLZJ2405591,CRiiOZ,Spotify,"August 2024",MEX,Streaming,Single,Sale,11,0.009934000000
AUG-24,"DirtySnatcha Records",LIGMA,,"BBX, Jonomatic, Geeku",198342492208,DSR0045A,LIGMA,,GBWUL2171015,"BBX, Jonomatic, Geeku",Spotify,"August 2024",USA,Streaming,Single,Sale,1,0.009946000000
AUG-24,"DirtySnatcha Records","Genie In a Bottle",,"DirtySnatcha, Luci",198342437506,DSR132,"Genie In a Bottle",,GBWUL2407705,"DirtySnatcha, Luci","Amazon Music Unlimited","August 2024",MEX,Streaming,Single,Sale,4,0.009959000000
AUG-24,"DirtySnatcha Records","Spectre Season",,Artifact,198342479643,DSR0101A,"Spectre Season",,QZWDD2336449,Artifact,Spotify,"August 2024",HUN,Streaming,Single,Sale,9,0.010014000000
AUG-24,"DirtySnatcha Records",Tartarus,,CRiiOZ,198342042182,DSR127,"In The Walls",,USLZJ2405562,CRiiOZ,Spotify,"August 2024",BLR,Streaming,Single,Sale,6,0.010016000000
AUG-24,"DirtySnatcha Records",Whoa,,"KirbyBright, Devious",198342485866,DSR133,Whoa,,GBWUL2431903,"KirbyBright, Devious",Spotify,"August 2024",NOR,Streaming,Single,Sale,1,0.010059000000
AUG-24,"DirtySnatcha Records",Tartarus,,CRiiOZ,198342042182,DSR127,Trust,,USLZJ2405591,CRiiOZ,"YouTube Content ID","August 2024",USA,UGC,"Sound Recording",Sale,1,0.010063000000
AUG-24,"DirtySnatcha Records",Tartarus,,CRiiOZ,198342042182,DSR127,"Let Go",,USLZJ2405592,CRiiOZ,"YouTube Content ID","August 2024",USA,UGC,"Sound Recording",Sale,1,0.010063000000
AUG-24,"DirtySnatcha Records","Riddim Gang",,"Megahurtz, Alienpark",198342478288,DSR0020A,"Riddim Gang",,QZ5FN2074245,"Megahurtz, Alienpark","YouTube Content ID","August 2024",USA,UGC,"Sound Recording",Sale,1,0.010063000000
AUG-24,"DirtySnatcha Records",Tartarus,,CRiiOZ,198342042182,DSR127,"In The Walls",,USLZJ2405562,CRiiOZ,Spotify,"August 2024",AUT,Streaming,Single,Sale,2,0.010077000000
AUG-24,"DirtySnatcha Records","Need U","Ennaut Remix","DirtySnatcha, Autokorekt",198342500538,DSR0082A,"Need U","Ennaut Remix",QZWDD2263341,"DirtySnatcha, Autokorekt, Ennaut","YouTube Streaming","August 2024",USA,Streaming,"Art Track",Sale,2,0.010103000000
AUG-24,"DirtySnatcha Records","Take A Trip","DirtySnatcha Remix","HEXED, Labs",198342492369,DSR0086A,"Take A Trip","DirtySnatcha Remix",QZ5FN2303924,"HEXED, Labs, DirtySnatcha","YouTube Streaming","August 2024",USA,Streaming,"Art Track",Sale,2,0.010103000000
AUG-24,"DirtySnatcha Records","Genie In a Bottle",,"DirtySnatcha, Luci",198342437506,DSR132,"Genie In a Bottle",,GBWUL2407705,"DirtySnatcha, Luci",Spotify,"August 2024",USA,Streaming,Single,Sale,4,0.010112000000
AUG-24,"DirtySnatcha Records",Tartarus,,CRiiOZ,198342042182,DSR127,Psycho,,USLZJ2405590,"CRiiOZ, DSTRTN","Amazon Music Unlimited","August 2024",USA,Streaming,Single,Sale,1,0.010122000000
AUG-24,"DirtySnatcha Records","Fog Horn",,DENNETT,198342502969,DSR0074A,"Fog Horn",,QZTRX2237730,DENNETT,"Apple Music","August 2024",USA,Streaming,Single,Sale,1,0.010124000000
AUG-24,"DirtySnatcha Records","GO MAD",,"DSTRTN, CRiiOZ",198342500286,DSR0056A,"GO MAD",,USLZJ2297741,"DSTRTN, CRiiOZ",Spotify,"August 2024",CHE,Streaming,Single,Sale,1,0.010144000000
AUG-24,"DirtySnatcha Records",WESTCOAST,,"BBX, Geeku",198342494684,DSR0049A,WESTCOAST,,QZ5FN2235968,"BBX, Geeku","YouTube Streaming","August 2024",USA,Streaming,"Art Track",Sale,1,0.010228000000
AUG-24,"DirtySnatcha Records","Genie In a Bottle",,"DirtySnatcha, Luci",198342437506,DSR132,"Genie In a Bottle",,GBWUL2407705,"DirtySnatcha, Luci","Facebook / Instagram","June 2024",BGR,Streaming,"Audio Library",Sale,1,0.010263000000
AUG-24,"DirtySnatcha Records","Genie In a Bottle",,"DirtySnatcha, Luci",198342437506,DSR132,"Genie In a Bottle",,GBWUL2407705,"DirtySnatcha, Luci","YouTube Streaming","August 2024",CAN,Streaming,"Art Track",Sale,3,0.010273000000
AUG-24,"DirtySnatcha Records","Back Rooms",,"In Orbit Dubz",198342498644,DSR0077A,"Back Rooms",,QZWDD2257316,"In Orbit Dubz","Amazon Ad Supported","August 2024",MEX,Streaming,Single,Sale,24,0.010279000000
AUG-24,"DirtySnatcha Records","Fight Time",,Megahurtz,198342492123,DSR0042A,"Fight Time",,GBRKQ2178616,Megahurtz,"Amazon Music Unlimited","August 2024",USA,Streaming,Single,Sale,1,0.010318000000
AUG-24,"DirtySnatcha Records","Keep Moving","Audigy Remix",DirtySnatcha,197999143198,DSR0104,"Keep Moving","Audigy Remix",QZWV32320452,"DirtySnatcha, Audigy","Amazon Music Unlimited","August 2024",USA,Streaming,Single,Sale,1,0.010318000000
AUG-24,"DirtySnatcha Records","Loose It",,"Eazley, Autokorekt",198342478653,DSR0023A,"Loose It",,QZ5FN2097747,"Eazley, Autokorekt","Amazon Music Unlimited","August 2024",USA,Streaming,Single,Sale,1,0.010318000000
AUG-24,"DirtySnatcha Records","All In",,TruFeelz,198342478707,DSR0021A,"All In",,QZ5FN2075138,TruFeelz,"Amazon Music Unlimited","August 2024",USA,Streaming,Single,Sale,1,0.010318000000
AUG-24,"DirtySnatcha Records",Rudeboy,,"Seeing Double, Kryture",198342476352,DSR0007A,Rudeboy,,GBWUL2045907,"Seeing Double, Kryture","Amazon Music Unlimited","August 2024",USA,Streaming,Single,Sale,1,0.010318000000
AUG-24,"DirtySnatcha Records","Half Life",,"Twisted, Chutez & Ladderz, R3mark",198342508084,DSR0067A,"Half Life",,GBRKQ2245644,"Twisted, Chutez & Ladderz, R3mark","Amazon Music Unlimited","August 2024",USA,Streaming,Single,Sale,1,0.010318000000
AUG-24,"DirtySnatcha Records","GO MAD",,"DSTRTN, CRiiOZ",198342500286,DSR0056A,"GO MAD",,USLZJ2297741,"DSTRTN, CRiiOZ","Apple Music","August 2024",USA,Streaming,Single,Sale,3,0.010329000000
AUG-24,"DirtySnatcha Records","The Back Rooms EP",,"In Orbit Dubz",198342501023,DSR0081A,"Fuck It Up",,QZWDD2257318,"In Orbit Dubz","Apple Music","August 2024",USA,Streaming,Single,Sale,3,0.010329000000
AUG-24,"DirtySnatcha Records","Round 2",,"Nekz, Meechie Murda",197999919441,DSR121,"Round 2",,QZ5FN2445592,"Nekz, Meechie Murda",Spotify,"August 2024",SWE,Streaming,Single,Sale,2,0.010333000000
AUG-24,"DirtySnatcha Records",Tartarus,,CRiiOZ,198342042182,DSR127,"In The Walls",,USLZJ2405562,CRiiOZ,Spotify,"August 2024",SWE,Streaming,Single,Sale,2,0.010333000000
AUG-24,"DirtySnatcha Records","Fog Horn",,DENNETT,198342502969,DSR0074A,"Fog Horn",,QZTRX2237730,DENNETT,Spotify,"August 2024",SWE,Streaming,Single,Sale,2,0.010333000000
AUG-24,"DirtySnatcha Records","Round 2",,"Nekz, Meechie Murda",197999919441,DSR121,"Round 2",,QZ5FN2445592,"Nekz, Meechie Murda",Spotify,"August 2024",SWE,Streaming,Single,Sale,4,0.010340000000
AUG-24,"DirtySnatcha Records",Tartarus,,CRiiOZ,198342042182,DSR127,"In The Walls",,USLZJ2405562,CRiiOZ,Spotify,"August 2024",ITA,Streaming,Single,Sale,2,0.010354000000
AUG-24,"DirtySnatcha Records","GO MAD",,"DSTRTN, CRiiOZ",198342500286,DSR0056A,"GO MAD",,USLZJ2297741,"DSTRTN, CRiiOZ",Spotify,"August 2024",ITA,Streaming,Single,Sale,2,0.010354000000
AUG-24,"DirtySnatcha Records","Out Of Service",,"Autokorekt, ChemDawg",198342492215,DSR0046A,"Out Of Service",,GBWUL2192863,"Autokorekt, ChemDawg, Versace",Spotify,"August 2024",SWE,Streaming,Single,Sale,2,0.010376000000
AUG-24,"DirtySnatcha Records","Back Rooms",,"In Orbit Dubz",198342498644,DSR0077A,"Back Rooms",,QZWDD2257316,"In Orbit Dubz","Amazon Music Unlimited","August 2024",FRA,Streaming,Single,Sale,1,0.010428000000
AUG-24,"DirtySnatcha Records",WTF,,"BBX, Sloth",198342356135,DSR131,WTF,,GBRKQ2471312,"BBX, Sloth",Spotify,"August 2024",BEL,Streaming,Single,Sale,20,0.010482000000
AUG-24,"DirtySnatcha Records","Run It Up",,"CHRMNDRS, Future Exit",198342476673,DSR0010A,"Run It Up",,GBWUL2081365,"CHRMNDRS, Future Exit",Spotify,"August 2024",NLD,Streaming,Single,Sale,3,0.010484000000
AUG-24,"DirtySnatcha Records",Game,,"Sloth, CHACKK",197999855442,DSR116,Game,,QZ5FN2416543,"Sloth, CHACKK","Facebook / Instagram - Revenue Share","July 2024",DEU,Streaming,"Audio Library: Production",Sale,1,0.010500000000
AUG-24,"DirtySnatcha Records",WTF,,"BBX, Sloth",198342356135,DSR131,WTF,,GBRKQ2471312,"BBX, Sloth",Spotify,"August 2024",MEX,Streaming,Single,Sale,4,0.010542000000
AUG-24,"DirtySnatcha Records","Fog Horn",,DENNETT,198342502969,DSR0074A,"Fog Horn",,QZTRX2237730,DENNETT,Spotify,"August 2024",MEX,Streaming,Single,Sale,4,0.010542000000
AUG-24,"DirtySnatcha Records",Tartarus,,CRiiOZ,198342042182,DSR127,"Watch Out",,USLZJ2405588,CRiiOZ,Spotify,"August 2024",NLD,Streaming,Single,Sale,2,0.010546000000
AUG-24,"DirtySnatcha Records",Tartarus,,CRiiOZ,198342042182,DSR127,"Let Go",,USLZJ2405592,CRiiOZ,Spotify,"August 2024",NLD,Streaming,Single,Sale,2,0.010546000000
AUG-24,"DirtySnatcha Records",Tartarus,,CRiiOZ,198342042182,DSR127,Trust,,USLZJ2405591,CRiiOZ,Spotify,"August 2024",NLD,Streaming,Single,Sale,2,0.010546000000
AUG-24,"DirtySnatcha Records","GO MAD",,"DSTRTN, CRiiOZ",198342500286,DSR0056A,"GO MAD",,USLZJ2297741,"DSTRTN, CRiiOZ",Spotify,"August 2024",ITA,Streaming,Single,Sale,5,0.010549000000
AUG-24,"DirtySnatcha Records","Loose It","BOU$HY Remix","Eazley, Autokorekt",198342491560,DSR0039A,"Loose It","BOU$HY Remix",GBRKQ2109631,"Eazley, Autokorekt, BOU$HY",Spotify,"August 2024",USA,Streaming,Single,Sale,3,0.010564000000
AUG-24,"DirtySnatcha Records","Loose It",,"Eazley, Autokorekt",198342478653,DSR0023A,"Loose It",,QZ5FN2097747,"Eazley, Autokorekt",Spotify,"August 2024",USA,Streaming,Single,Sale,3,0.010564000000
AUG-24,"DirtySnatcha Records",Bloodthirsty,,Howker,198342475331,DSR0004A,Bloodthirsty,,GBWUL1958037,Howker,Spotify,"August 2024",USA,Streaming,Single,Sale,3,0.010564000000
AUG-24,"DirtySnatcha Records",WTF,,"BBX, Sloth",198342356135,DSR131,WTF,,GBRKQ2471312,"BBX, Sloth",Spotify,"August 2024",ROM,Streaming,Single,Sale,5,0.010565000000
AUG-24,"DirtySnatcha Records","Keep Moving","Aelius, Voyager, Wilco Beats Remix",DirtySnatcha,198342499863,DSR0083A,"Keep Moving","Aelius, Voyager, Wilco Beats Remix",QZWDD2263373,"DirtySnatcha, Aelius, Voyager, Wilco Beats","Apple Music","August 2024",CAN,Streaming,Single,Sale,2,0.010577000000
AUG-24,"DirtySnatcha Records",Bloodthirsty,,Howker,198342475331,DSR0004A,Bloodthirsty,,GBWUL1958037,Howker,"Apple Music","August 2024",CAN,Streaming,Single,Sale,4,0.010582000000
AUG-24,"DirtySnatcha Records",Tartarus,,CRiiOZ,198342042182,DSR127,Psycho,,USLZJ2405590,"CRiiOZ, DSTRTN",Spotify,"August 2024",CAN,Streaming,Single,Sale,7,0.010617000000
AUG-24,"DirtySnatcha Records",Destroy,,"In Orbit Dubz, DSTRTN",198342501504,DSR0079A,Destroy,,QZWDD2257331,"In Orbit Dubz, DSTRTN",Snap,"July 2024",USA,Streaming,"User Generated Content",Sale,1,0.010618000000
AUG-24,"DirtySnatcha Records",Tartarus,,CRiiOZ,198342042182,DSR127,"In The Walls",,USLZJ2405562,CRiiOZ,"YouTube Streaming","August 2024",USA,Streaming,"Art Track",Sale,1,0.010634000000
AUG-24,"DirtySnatcha Records",Dimension,,"In Orbit Dubz, Nein Lives",198342496138,DSR0051A,Dimension,,QZ5FN2266737,"In Orbit Dubz, Nein Lives","Apple Music","August 2024",USA,Streaming,Single,Sale,3,0.010651000000
AUG-24,"DirtySnatcha Records","Keep Moving","Audigy Remix",DirtySnatcha,197999143198,DSR0104,"Keep Moving","Audigy Remix",QZWV32320452,"DirtySnatcha, Audigy","Apple Music","August 2024",USA,Streaming,Single,Sale,3,0.010651000000
AUG-24,"DirtySnatcha Records","The Back Rooms EP",,"In Orbit Dubz",198342501023,DSR0081A,Nightmare,,QZWDD2257336,"In Orbit Dubz","Apple Music","August 2024",USA,Streaming,Single,Sale,1,0.010667000000
AUG-24,"DirtySnatcha Records",WTF,,"BBX, Sloth",198342356135,DSR131,WTF,,GBRKQ2471312,"BBX, Sloth",Spotify,"August 2024",NZL,Streaming,Single,Sale,1,0.010688000000
AUG-24,"DirtySnatcha Records","Genie In a Bottle",,"DirtySnatcha, Luci",198342437506,DSR132,"Genie In a Bottle",,GBWUL2407705,"DirtySnatcha, Luci","Apple Music","August 2024",CHN,Streaming,Single,Sale,3,0.010689000000
AUG-24,"DirtySnatcha Records","Genie In a Bottle",,"DirtySnatcha, Luci",198342437506,DSR132,"Genie In a Bottle",,GBWUL2407705,"DirtySnatcha, Luci","Apple Music","August 2024",EST,Streaming,Single,Sale,3,0.010711000000
AUG-24,"DirtySnatcha Records","Game Time",,"Autokorekt, Eazley",198342476338,DSR0006A,"Game Time",,GBWUL2023530,"Autokorekt, Eazley, Rico Act","Apple Music","August 2024",USA,Streaming,Single,Sale,1,0.010736000000
AUG-24,"DirtySnatcha Records","Power Transient",,Hexadrone,198342491300,DSR0032A,"Power Transient",,GBRKQ2053155,Hexadrone,"Apple Music","August 2024",CAN,Streaming,Single,Sale,2,0.010739000000
AUG-24,"DirtySnatcha Records",Deviate,,"Paragon, Sqishi",198342476390,DSR0009A,Deviate,,GBWUL2080841,"Paragon, Sqishi","Beatport Link Mechanicals","August 2024",USA,Streaming,"Mechanical Royalties",Sale,1,0.010745000000
AUG-24,"DirtySnatcha Records","Riddim Whistle",,DENNETT,198342507902,DSR0062A,"Riddim Whistle",,GBRKQ2204623,DENNETT,"Beatport Link Mechanicals","August 2024",USA,Streaming,"Mechanical Royalties",Sale,1,0.010745000000
AUG-24,"DirtySnatcha Records",Radiance,,BOU$HY,198342492130,DSR0043A,Radiance,,GBWUL2118332,BOU$HY,"Beatport Link Mechanicals","August 2024",CAN,Streaming,"Mechanical Royalties",Sale,1,0.010745000000
AUG-24,"DirtySnatcha Records","Genie In a Bottle",,"DirtySnatcha, Luci",198342437506,DSR132,"Genie In a Bottle",,GBWUL2407705,"DirtySnatcha, Luci",Spotify,"August 2024",AUS,Streaming,Single,Sale,7,0.010751000000
AUG-24,"DirtySnatcha Records","Run It Up",,"CHRMNDRS, Future Exit",198342476673,DSR0010A,"Run It Up",,GBWUL2081365,"CHRMNDRS, Future Exit",Spotify,"August 2024",CAN,Streaming,Single,Sale,4,0.010776000000
AUG-24,"DirtySnatcha Records",Shook,,BBX,198342479957,DSR0094A,Shook,,QZTV32366682,BBX,Spotify,"August 2024",CAN,Streaming,Single,Sale,4,0.010776000000
AUG-24,"DirtySnatcha Records",Whoa,,"KirbyBright, Devious",198342485866,DSR133,Whoa,,GBWUL2431903,"KirbyBright, Devious",Snap,"July 2024",USA,Streaming,"User Generated Content",Sale,1,0.010799000000
AUG-24,"DirtySnatcha Records",Radioactivity,,"In Orbit Dubz",198342500118,DSR0053A,Radioactivity,,USLZJ2286474,"In Orbit Dubz",Deezer,"June 2024",MEX,Streaming,Single,Sale,3,0.010838000000
AUG-24,"DirtySnatcha Records","Genie In a Bottle",,"DirtySnatcha, Luci",198342437506,DSR132,"Genie In a Bottle",,GBWUL2407705,"DirtySnatcha, Luci",TIDAL,"July 2024",GBR,Streaming,Single,Sale,1,0.010869000000
AUG-24,"DirtySnatcha Records",WTF,,"BBX, Sloth",198342356135,DSR131,WTF,,GBRKQ2471312,"BBX, Sloth",Spotify,"August 2024",BRA,Streaming,Single,Sale,3,0.010883000000
AUG-24,"DirtySnatcha Records","Genie In a Bottle",,"DirtySnatcha, Luci",198342437506,DSR132,"Genie In a Bottle",,GBWUL2407705,"DirtySnatcha, Luci","Facebook / Instagram","June 2024",QAT,Streaming,"Audio Library",Sale,1,0.010887000000
AUG-24,"DirtySnatcha Records","Keep Moving","Aelius, Voyager, Wilco Beats Remix",DirtySnatcha,198342499863,DSR0083A,"Keep Moving","Aelius, Voyager, Wilco Beats Remix",QZWDD2263373,"DirtySnatcha, Aelius, Voyager, Wilco Beats","YouTube Streaming","August 2024",USA,Streaming,"Art Track",Sale,1,0.010921000000
AUG-24,"DirtySnatcha Records","Westside Rollin","CHRMNDRS Remix",DirtySnatcha,198342475133,DSR0003A,"Westside Rollin","CHRMNDRS Remix",GBWUL1920889,"DirtySnatcha, CHRMNDRS","Apple Music","August 2024",NLD,Streaming,Single,Sale,1,0.010931000000
AUG-24,"DirtySnatcha Records",Whoa,,"KirbyBright, Devious",198342485866,DSR133,Whoa,,GBWUL2431903,"KirbyBright, Devious",Spotify,"August 2024",AUS,Streaming,Single,Sale,3,0.010946000000
AUG-24,"DirtySnatcha Records",Tartarus,,CRiiOZ,198342042182,DSR127,Trust,,USLZJ2405591,CRiiOZ,Spotify,"August 2024",AUS,Streaming,Single,Sale,3,0.010946000000
AUG-24,"DirtySnatcha Records","Apple Sowce",,Autokorekt,198342768341,DSR134,"Apple Sowce",,QZTRX2474922,Autokorekt,Spotify,"August 2024",AUS,Streaming,Single,Sale,3,0.010946000000
AUG-24,"DirtySnatcha Records",Radioactivity,,"In Orbit Dubz",198342500118,DSR0053A,Radioactivity,,USLZJ2286474,"In Orbit Dubz",Spotify,"August 2024",AUS,Streaming,Single,Sale,3,0.010946000000
AUG-24,"DirtySnatcha Records",Riddimption,,"Nothing x Hurts",198622420181,DSR136,Riddimption,,QZWV32419969,"Nothing x Hurts","Apple Music","August 2024",USA,Streaming,Single,Sale,3,0.010970000000
AUG-24,"DirtySnatcha Records",Tartarus,,CRiiOZ,198342042182,DSR127,Trust,,USLZJ2405591,CRiiOZ,Spotify,"August 2024",MEX,Streaming,Single,Sale,7,0.010973000000
AUG-24,"DirtySnatcha Records","Keep Moving","Aelius, Voyager, Wilco Beats Remix",DirtySnatcha,198342499863,DSR0083A,"Keep Moving","Aelius, Voyager, Wilco Beats Remix",QZWDD2263373,"DirtySnatcha, Aelius, Voyager, Wilco Beats",Spotify,"August 2024",NZL,Streaming,Single,Sale,7,0.011006000000
AUG-24,"DirtySnatcha Records","Bringing The Bass",,Scafetta,198342491348,DSR0035A,"Bringing The Bass",,QZ5FN2153036,"Scafetta, Chase The Dream","Apple Music","August 2024",USA,Streaming,Single,Sale,1,0.011019000000
AUG-24,"DirtySnatcha Records",Tartarus,,CRiiOZ,198342042182,DSR127,"In The Walls",,USLZJ2405562,CRiiOZ,Spotify,"August 2024",JPN,Streaming,Single,Sale,3,0.011029000000
AUG-24,"DirtySnatcha Records","Genie In a Bottle",,"DirtySnatcha, Luci",198342437506,DSR132,"Genie In a Bottle",,GBWUL2407705,"DirtySnatcha, Luci",Spotify,"August 2024",JPN,Streaming,Single,Sale,3,0.011029000000
AUG-24,"DirtySnatcha Records",Riptide,,"David Vance, Blue",198342508046,DSR0064A,Riptide,,GBRKQ2211179,"David Vance, Blue",Spotify,"August 2024",USA,Streaming,Single,Sale,1,0.011072000000
AUG-24,"DirtySnatcha Records",WTF,,"BBX, Sloth",198342356135,DSR131,WTF,,GBRKQ2471312,"BBX, Sloth",Spotify,"August 2024",CRI,Streaming,Single,Sale,9,0.011099000000
AUG-24,"DirtySnatcha Records",Nightmare,,"In Orbit Dubz",198342501320,DSR0080A,Nightmare,,QZWDD2257336,"In Orbit Dubz","YouTube Streaming","August 2024",USA,Streaming,"Art Track",Sale,4,0.011138000000
AUG-24,"DirtySnatcha Records","Giving Up VIP",,"CHRMNDRS, SEEING\\DOUBLE",198342492154,DSR0044A,"Giving Up VIP",,GBWUL2158623,"CHRMNDRS, SEEING\\DOUBLE",Spotify,"August 2024",USA,Streaming,Single,Sale,4,0.011139000000
AUG-24,"DirtySnatcha Records","Round 2",,"Nekz, Meechie Murda",197999919441,DSR121,"Round 2",,QZ5FN2445592,"Nekz, Meechie Murda",Spotify,"August 2024",USA,Streaming,Single,Sale,4,0.011139000000
AUG-24,"DirtySnatcha Records",Tartarus,,CRiiOZ,198342042182,DSR127,"Watch Out",,USLZJ2405588,CRiiOZ,Spotify,"August 2024",USA,Streaming,Single,Sale,4,0.011139000000
AUG-24,"DirtySnatcha Records","Loose It",,"Eazley, Autokorekt",198342478653,DSR0023A,"Loose It",,QZ5FN2097747,"Eazley, Autokorekt",Spotify,"August 2024",USA,Streaming,Single,Sale,4,0.011139000000
AUG-24,"DirtySnatcha Records",WTF,,"BBX, Sloth",198342356135,DSR131,WTF,,GBRKQ2471312,"BBX, Sloth",Spotify,"August 2024",ROM,Streaming,Single,Sale,6,0.011170000000
AUG-24,"DirtySnatcha Records","Fuck It Up",,"In Orbit Dubz",198342501825,DSR0078A,"Fuck It Up",,QZWDD2257318,"In Orbit Dubz",Spotify,"August 2024",GBR,Streaming,Single,Sale,1,0.011174000000
AUG-24,"DirtySnatcha Records","Genie In a Bottle",,"DirtySnatcha, Luci",198342437506,DSR132,"Genie In a Bottle",,GBWUL2407705,"DirtySnatcha, Luci",Spotify,"August 2024",DNK,Streaming,Single,Sale,2,0.011183000000
AUG-24,"DirtySnatcha Records","Genie In a Bottle",,"DirtySnatcha, Luci",198342437506,DSR132,"Genie In a Bottle",,GBWUL2407705,"DirtySnatcha, Luci","Apple Music","August 2024",CHE,Streaming,Single,Sale,2,0.011199000000
AUG-24,"DirtySnatcha Records",WTF,,"BBX, Sloth",198342356135,DSR131,WTF,,GBRKQ2471312,"BBX, Sloth",Spotify,"August 2024",CZE,Streaming,Single,Sale,2,0.011218000000
AUG-24,"DirtySnatcha Records","Keep Moving","Aelius, Voyager, Wilco Beats Remix",DirtySnatcha,198342499863,DSR0083A,"Keep Moving","Aelius, Voyager, Wilco Beats Remix",QZWDD2263373,"DirtySnatcha, Aelius, Voyager, Wilco Beats",TIDAL,"July 2024",CAN,Streaming,Single,Sale,1,0.011219000000
AUG-24,"DirtySnatcha Records","Fog Horn",,DENNETT,198342502969,DSR0074A,"Fog Horn",,QZTRX2237730,DENNETT,"Apple Music","August 2024",MEX,Streaming,Single,Sale,8,0.011249000000
AUG-24,"DirtySnatcha Records",Tartarus,,CRiiOZ,198342042182,DSR127,Trust,,USLZJ2405591,CRiiOZ,"Apple Music","August 2024",CAN,Streaming,Single,Sale,4,0.011254000000
AUG-24,"DirtySnatcha Records",Arachnophobia,,Blue,198342475034,DSR0002A,Arachnophobia,,GBWUL1910254,Blue,"YouTube Streaming","August 2024",USA,Streaming,"Art Track",Sale,1,0.011254000000
AUG-24,"DirtySnatcha Records","Black & Gold",,BBX,198342479988,DSR0093A,"Black & Gold",,QZTV32366677,BBX,"YouTube Streaming","August 2024",USA,Streaming,"Art Track",Sale,1,0.011254000000
AUG-24,"DirtySnatcha Records",Nightmare,,"In Orbit Dubz",198342501320,DSR0080A,Nightmare,,QZWDD2257336,"In Orbit Dubz","YouTube Streaming","August 2024",USA,Streaming,"Art Track",Sale,1,0.011254000000
AUG-24,"DirtySnatcha Records","Out Of Service",,"Autokorekt, ChemDawg",198342492215,DSR0046A,"Out Of Service",,GBWUL2192863,"Autokorekt, ChemDawg, Versace","YouTube Streaming","August 2024",USA,Streaming,"Art Track",Sale,1,0.011254000000
AUG-24,"DirtySnatcha Records","Crushed Glass",,BBX,198342479902,DSR0095A,"Crushed Glass",,QZTV32366684,BBX,"YouTube Streaming","August 2024",USA,Streaming,"Art Track",Sale,1,0.011254000000
AUG-24,"DirtySnatcha Records","Giving Up VIP",,"CHRMNDRS, SEEING\\DOUBLE",198342492154,DSR0044A,"Giving Up VIP",,GBWUL2158623,"CHRMNDRS, SEEING\\DOUBLE","Apple Music","August 2024",CAN,Streaming,Single,Sale,4,0.011254000000
AUG-24,"DirtySnatcha Records",WTF,,"BBX, Sloth",198342356135,DSR131,WTF,,GBRKQ2471312,"BBX, Sloth","YouTube Streaming","August 2024",USA,Streaming,"Art Track",Sale,1,0.011254000000
AUG-24,"DirtySnatcha Records",LIGMA,,"BBX, Jonomatic, Geeku",198342492208,DSR0045A,LIGMA,,GBWUL2171015,"BBX, Jonomatic, Geeku","YouTube Streaming","August 2024",USA,Streaming,"Art Track",Sale,1,0.011254000000
AUG-24,"DirtySnatcha Records","Back Rooms",,"In Orbit Dubz",198342498644,DSR0077A,"Back Rooms",,QZWDD2257316,"In Orbit Dubz","Amazon Prime","August 2024",ITA,Streaming,Single,Sale,8,0.011282000000
AUG-24,"DirtySnatcha Records",Hypnotize,,"In Orbit Dubz",197999477019,DSR113,Hypnotize,,QZZ8B2327916,"In Orbit Dubz",Spotify,"August 2024",NOR,Streaming,Single,Sale,2,0.011314000000
AUG-24,"DirtySnatcha Records","Keep Moving","Audigy Remix",DirtySnatcha,197999143198,DSR0104,"Keep Moving","Audigy Remix",QZWV32320452,"DirtySnatcha, Audigy",Spotify,"August 2024",NOR,Streaming,Single,Sale,2,0.011314000000
AUG-24,"DirtySnatcha Records","Fog Horn",,DENNETT,198342502969,DSR0074A,"Fog Horn",,QZTRX2237730,DENNETT,Spotify,"August 2024",NOR,Streaming,Single,Sale,2,0.011314000000
AUG-24,"DirtySnatcha Records","Apple Sowce",,Autokorekt,198342768341,DSR134,"Apple Sowce",,QZTRX2474922,Autokorekt,Spotify,"August 2024",NOR,Streaming,Single,Sale,2,0.011314000000
AUG-24,"DirtySnatcha Records",Tartarus,,CRiiOZ,198342042182,DSR127,"In The Walls",,USLZJ2405562,CRiiOZ,Snap,"July 2024",USA,Streaming,"User Generated Content",Sale,1,0.011343000000
AUG-24,"DirtySnatcha Records","Genie In a Bottle",,"DirtySnatcha, Luci",198342437506,DSR132,"Genie In a Bottle",,GBWUL2407705,"DirtySnatcha, Luci",Spotify,"August 2024",ESP,Streaming,Single,Sale,3,0.011348000000
AUG-24,"DirtySnatcha Records","Fog Horn",,DENNETT,198342502969,DSR0074A,"Fog Horn",,QZTRX2237730,DENNETT,Spotify,"August 2024",BRA,Streaming,Single,Sale,4,0.011388000000
AUG-24,"DirtySnatcha Records",Shook,,BBX,198342479957,DSR0094A,Shook,,QZTV32366682,BBX,"YouTube Streaming","August 2024",CAN,Streaming,"Art Track",Sale,16,0.011401000000
AUG-24,"DirtySnatcha Records","Power Transient",,Hexadrone,198342491300,DSR0032A,"Power Transient",,GBRKQ2053155,Hexadrone,"Apple Music","August 2024",GBR,Streaming,Single,Sale,1,0.011404000000
AUG-24,"DirtySnatcha Records",Whoa,,"KirbyBright, Devious",198342485866,DSR133,Whoa,,GBWUL2431903,"KirbyBright, Devious","Apple Music","August 2024",GBR,Streaming,Single,Sale,1,0.011404000000
AUG-24,"DirtySnatcha Records","Out Of Service",,"Autokorekt, ChemDawg",198342492215,DSR0046A,"Out Of Service",,GBWUL2192863,"Autokorekt, ChemDawg, Versace","Apple Music","August 2024",GBR,Streaming,Single,Sale,1,0.011404000000
AUG-24,"DirtySnatcha Records",Reborn,,"Morva, J.A.D.P",197999197115,DSR0109,Reborn,,QZWV32351912,"Morva, J.A.D.P","Apple Music","August 2024",GBR,Streaming,Single,Sale,1,0.011404000000
AUG-24,"DirtySnatcha Records",Assertion,,Aalioura,198342502129,DSR0076A,Assertion,,QZWDD2238845,Aalioura,"Apple Music","August 2024",USA,Streaming,Single,Sale,4,0.011410000000
AUG-24,"DirtySnatcha Records","Keep Moving","Aelius, Voyager, Wilco Beats Remix",DirtySnatcha,198342499863,DSR0083A,"Keep Moving","Aelius, Voyager, Wilco Beats Remix",QZWDD2263373,"DirtySnatcha, Aelius, Voyager, Wilco Beats","Apple Music","August 2024",USA,Streaming,Single,Sale,4,0.011410000000
AUG-24,"DirtySnatcha Records","Genie In a Bottle",,"DirtySnatcha, Luci",198342437506,DSR132,"Genie In a Bottle",,GBWUL2407705,"DirtySnatcha, Luci","Pandora (On Demand)","July 2024",USA,Streaming,Single,Sale,2,0.011424000000
AUG-24,"DirtySnatcha Records",Hypnotize,,"In Orbit Dubz",197999477019,DSR113,Hypnotize,,QZZ8B2327916,"In Orbit Dubz",TikTok,"June 2024",USA,Streaming,"User Generated Content",Sale,1,0.011427000000
AUG-24,"DirtySnatcha Records","Genie In a Bottle",,"DirtySnatcha, Luci",198342437506,DSR132,"Genie In a Bottle",,GBWUL2407705,"DirtySnatcha, Luci",TikTok,"June 2024",USA,Streaming,"User Generated Content",Sale,1,0.011427000000
AUG-24,"DirtySnatcha Records",FVCK,,"Hurting Murphy",198342492000,DSR0089A,FVCK,,USLZJ2376873,"Hurting Murphy",TikTok,"June 2024",USA,Streaming,"User Generated Content",Sale,1,0.011427000000
AUG-24,"DirtySnatcha Records","GO MAD",,"DSTRTN, CRiiOZ",198342500286,DSR0056A,"GO MAD",,USLZJ2297741,"DSTRTN, CRiiOZ",Spotify,"August 2024",BEL,Streaming,Single,Sale,2,0.011457000000
AUG-24,"DirtySnatcha Records","Out Of Service",,"Autokorekt, ChemDawg",198342492215,DSR0046A,"Out Of Service",,GBWUL2192863,"Autokorekt, ChemDawg, Versace",Spotify,"August 2024",AUS,Streaming,Single,Sale,7,0.011467000000
AUG-24,"DirtySnatcha Records",Rudeboy,,"Seeing Double, Kryture",198342476352,DSR0007A,Rudeboy,,GBWUL2045907,"Seeing Double, Kryture","Amazon Music Unlimited","August 2024",GBR,Streaming,Single,Sale,1,0.011498000000
AUG-24,"DirtySnatcha Records",LIGMA,,"BBX, Jonomatic, Geeku",198342492208,DSR0045A,LIGMA,,GBWUL2171015,"BBX, Jonomatic, Geeku","Amazon Music Unlimited","August 2024",GBR,Streaming,Single,Sale,1,0.011498000000
AUG-24,"DirtySnatcha Records",Arachnophobia,,Blue,198342475034,DSR0002A,Arachnophobia,,GBWUL1910254,Blue,Snap,"July 2024",USA,Streaming,"User Generated Content",Sale,1,0.011524000000
AUG-24,"DirtySnatcha Records",WTF,,"BBX, Sloth",198342356135,DSR131,WTF,,GBRKQ2471312,"BBX, Sloth",Spotify,"August 2024",NLD,Streaming,Single,Sale,2,0.011540000000
AUG-24,"DirtySnatcha Records","Spectre Season",,Artifact,198342479643,DSR0101A,"Spectre Season",,QZWDD2336449,Artifact,Spotify,"August 2024",GBR,Streaming,Single,Sale,2,0.011569000000
AUG-24,"DirtySnatcha Records",Tartarus,,CRiiOZ,198342042182,DSR127,"Watch Out",,USLZJ2405588,CRiiOZ,Spotify,"August 2024",DEU,Streaming,Single,Sale,5,0.011600000000
AUG-24,"DirtySnatcha Records",Tartarus,,CRiiOZ,198342042182,DSR127,Trust,,USLZJ2405591,CRiiOZ,Spotify,"August 2024",DEU,Streaming,Single,Sale,5,0.011600000000
AUG-24,"DirtySnatcha Records","Giving Up VIP",,"CHRMNDRS, SEEING\\DOUBLE",198342492154,DSR0044A,"Giving Up VIP",,GBWUL2158623,"CHRMNDRS, SEEING\\DOUBLE",Spotify,"August 2024",USA,Streaming,Single,Sale,6,0.011644000000
AUG-24,"DirtySnatcha Records",Tartarus,,CRiiOZ,198342042182,DSR127,"In The Walls",,USLZJ2405562,CRiiOZ,Spotify,"August 2024",HUN,Streaming,Single,Sale,6,0.011645000000
AUG-24,"DirtySnatcha Records",Shook,,BBX,198342479957,DSR0094A,Shook,,QZTV32366682,BBX,Spotify,"August 2024",MEX,Streaming,Single,Sale,6,0.011758000000
AUG-24,"DirtySnatcha Records","Fog Horn",,DENNETT,198342502969,DSR0074A,"Fog Horn",,QZTRX2237730,DENNETT,Spotify,"August 2024",MEX,Streaming,Single,Sale,6,0.011758000000
AUG-24,"DirtySnatcha Records","Apple Sowce",,Autokorekt,198342768341,DSR134,"Apple Sowce",,QZTRX2474922,Autokorekt,Snap,"August 2024",USA,Streaming,"User Generated Content",Sale,2,0.011784000000
AUG-24,"DirtySnatcha Records","Genie In a Bottle",,"DirtySnatcha, Luci",198342437506,DSR132,"Genie In a Bottle",,GBWUL2407705,"DirtySnatcha, Luci",Spotify,"August 2024",FRA,Streaming,Single,Sale,5,0.011788000000
AUG-24,"DirtySnatcha Records",Tartarus,,CRiiOZ,198342042182,DSR127,Psycho,,USLZJ2405590,"CRiiOZ, DSTRTN",Spotify,"August 2024",FRA,Streaming,Single,Sale,5,0.011788000000
AUG-24,"DirtySnatcha Records",WTF,,"BBX, Sloth",198342356135,DSR131,WTF,,GBRKQ2471312,"BBX, Sloth",Spotify,"August 2024",DEU,Streaming,Single,Sale,1,0.011803000000
AUG-24,"DirtySnatcha Records",Clapped,,SkInZ,198342491324,DSR0034A,Clapped,,QZ5FN2121223,"SkInZ, Emmbers",TIDAL,"July 2024",DNK,Streaming,Single,Sale,1,0.011832000000
AUG-24,"DirtySnatcha Records",Stepbro,,SkInZ,198342492253,DSR0087A,Stepbro,,USLZJ2310807,"SkInZ, Chase The Dream",TIDAL,"July 2024",DNK,Streaming,Single,Sale,1,0.011832000000
AUG-24,"DirtySnatcha Records","Fight Time",,Megahurtz,198342492123,DSR0042A,"Fight Time",,GBRKQ2178616,Megahurtz,TIDAL,"July 2024",USA,Streaming,Single,Sale,1,0.011841000000
AUG-24,"DirtySnatcha Records","Fog Horn",,DENNETT,198342502969,DSR0074A,"Fog Horn",,QZTRX2237730,DENNETT,TIDAL,"July 2024",USA,Streaming,Single,Sale,1,0.011841000000
AUG-24,"DirtySnatcha Records","Spectre Season",,Artifact,198342479643,DSR0101A,"Spectre Season",,QZWDD2336449,Artifact,TIDAL,"July 2024",USA,Streaming,Single,Sale,1,0.011841000000
AUG-24,"DirtySnatcha Records",FLATLINE,,GOMPERZ,197999449672,DSR111,FLATLINE,,QZZ8B2311175,GOMPERZ,TIDAL,"July 2024",USA,Streaming,Single,Sale,1,0.011841000000
AUG-24,"DirtySnatcha Records","Break Beat",,Krxnik,198342476321,DSR0005A,"Break Beat",,GBWUL2005941,Krxnik,Snap,"August 2024",FRA,Streaming,"User Generated Content",Sale,2,0.011848000000
AUG-24,"DirtySnatcha Records","Fog Horn",,DENNETT,198342502969,DSR0074A,"Fog Horn",,QZTRX2237730,DENNETT,Spotify,"August 2024",CAN,Streaming,Single,Sale,8,0.011858000000
AUG-24,"DirtySnatcha Records","Eight Six",,BBX,198342480014,DSR0092A,"Eight Six",,QZTV32366095,BBX,Spotify,"August 2024",CAN,Streaming,Single,Sale,2,0.011873000000
AUG-24,"DirtySnatcha Records","BIG UPS",,"RAZR, VASTIVE",198342478684,DSR0024A,"BIG UPS",,USLZJ2023938,"RAZR, VASTIVE",Spotify,"August 2024",CAN,Streaming,Single,Sale,2,0.011873000000
AUG-24,"DirtySnatcha Records","Genie In a Bottle",,"DirtySnatcha, Luci",198342437506,DSR132,"Genie In a Bottle",,GBWUL2407705,"DirtySnatcha, Luci",Spotify,"August 2024",NLD,Streaming,Single,Sale,2,0.011877000000
AUG-24,"DirtySnatcha Records",WTF,,"BBX, Sloth",198342356135,DSR131,WTF,,GBRKQ2471312,"BBX, Sloth",Spotify,"August 2024",CHL,Streaming,Single,Sale,7,0.011882000000
AUG-24,"DirtySnatcha Records",WTF,,"BBX, Sloth",198342356135,DSR131,WTF,,GBRKQ2471312,"BBX, Sloth",Spotify,"August 2024",ITA,Streaming,Single,Sale,4,0.011936000000
AUG-24,"DirtySnatcha Records","Loose It",,"Eazley, Autokorekt",198342478653,DSR0023A,"Loose It",,QZ5FN2097747,"Eazley, Autokorekt",Spotify,"August 2024",NZL,Streaming,Single,Sale,3,0.011951000000
AUG-24,"DirtySnatcha Records",Tartarus,,CRiiOZ,198342042182,DSR127,Psycho,,USLZJ2405590,"CRiiOZ, DSTRTN",Spotify,"August 2024",NZL,Streaming,Single,Sale,3,0.011951000000
AUG-24,"DirtySnatcha Records","Eight Six",,BBX,198342480014,DSR0092A,"Eight Six",,QZTV32366095,BBX,"YouTube Streaming","August 2024",BRA,Streaming,"Art Track",Sale,11,0.011968000000
AUG-24,"DirtySnatcha Records","Loose It",,"Eazley, Autokorekt",198342478653,DSR0023A,"Loose It",,QZ5FN2097747,"Eazley, Autokorekt",Spotify,"August 2024",USA,Streaming,Single,Sale,6,0.012005000000
AUG-24,"DirtySnatcha Records","Need U","Dobadlyy Remix","DirtySnatcha, Autokorekt",198342491317,DSR0033A,"Need U","Dobadlyy Remix",QZ5FN2114150,"DirtySnatcha, Autokorekt, Dobadlyy",Spotify,"August 2024",USA,Streaming,Single,Sale,6,0.012005000000
AUG-24,"DirtySnatcha Records",Nightmare,,"In Orbit Dubz",198342501320,DSR0080A,Nightmare,,QZWDD2257336,"In Orbit Dubz",Spotify,"August 2024",FIN,Streaming,Single,Sale,2,0.012005000000
AUG-24,"DirtySnatcha Records","Keep Moving","Aelius, Voyager, Wilco Beats Remix",DirtySnatcha,198342499863,DSR0083A,"Keep Moving","Aelius, Voyager, Wilco Beats Remix",QZWDD2263373,"DirtySnatcha, Aelius, Voyager, Wilco Beats",Spotify,"August 2024",FIN,Streaming,Single,Sale,2,0.012005000000
AUG-24,"DirtySnatcha Records","BIG UPS",,"RAZR, VASTIVE",198342478684,DSR0024A,"BIG UPS",,USLZJ2023938,"RAZR, VASTIVE","Amazon Music Unlimited","August 2024",USA,Streaming,Single,Sale,2,0.012045000000
AUG-24,"DirtySnatcha Records",WTF,,"BBX, Sloth",198342356135,DSR131,WTF,,GBRKQ2471312,"BBX, Sloth",Spotify,"August 2024",ARG,Streaming,Single,Sale,20,0.012085000000
AUG-24,"DirtySnatcha Records",WTF,,"BBX, Sloth",198342356135,DSR131,WTF,,GBRKQ2471312,"BBX, Sloth",Spotify,"August 2024",CHE,Streaming,Single,Sale,2,0.012132000000
AUG-24,"DirtySnatcha Records","Fog Horn",,DENNETT,198342502969,DSR0074A,"Fog Horn",,QZTRX2237730,DENNETT,"Apple Music","August 2024",BEL,Streaming,Single,Sale,3,0.012134000000
AUG-24,"DirtySnatcha Records","Genie In a Bottle",,"DirtySnatcha, Luci",198342437506,DSR132,"Genie In a Bottle",,GBWUL2407705,"DirtySnatcha, Luci",Spotify,"August 2024",CZE,Streaming,Single,Sale,9,0.012166000000
AUG-24,"DirtySnatcha Records","Operator Error",,"Big City",198342036334,DSR125,"Operator Error",,USLZJ2403328,"Big City",Deezer,"June 2024",USA,Streaming,Single,Sale,1,0.012169000000
AUG-24,"DirtySnatcha Records",Nightmare,,"In Orbit Dubz",198342501320,DSR0080A,Nightmare,,QZWDD2257336,"In Orbit Dubz",Spotify,"August 2024",GBR,Streaming,Single,Sale,4,0.012175000000
AUG-24,"DirtySnatcha Records","Genie In a Bottle",,"DirtySnatcha, Luci",198342437506,DSR132,"Genie In a Bottle",,GBWUL2407705,"DirtySnatcha, Luci",TIDAL,"August 2024",CAN,Streaming,Single,Sale,1,0.012188000000
AUG-24,"DirtySnatcha Records",Bloodthirsty,,Howker,198342475331,DSR0004A,Bloodthirsty,,GBWUL1958037,Howker,Spotify,"August 2024",DEU,Streaming,Single,Sale,3,0.012203000000
AUG-24,"DirtySnatcha Records",Whoa,,"KirbyBright, Devious",198342485866,DSR133,Whoa,,GBWUL2431903,"KirbyBright, Devious",Spotify,"August 2024",GBR,Streaming,Single,Sale,2,0.012251000000
AUG-24,"DirtySnatcha Records","BIG UPS",,"RAZR, VASTIVE",198342478684,DSR0024A,"BIG UPS",,USLZJ2023938,"RAZR, VASTIVE",Spotify,"August 2024",GBR,Streaming,Single,Sale,2,0.012251000000
AUG-24,"DirtySnatcha Records",Liquidator,,"Sinister Bass",198342507896,DSR0060A,Liquidator,,GBRKQ2204555,"Sinister Bass",Spotify,"August 2024",GBR,Streaming,Single,Sale,2,0.012251000000
AUG-24,"DirtySnatcha Records","Acting Out",,"Megahurtz, Blue",198342479070,DSR0029A,"Acting Out",,USLZJ2069505,"Megahurtz, Blue, Rico Act",Spotify,"August 2024",GBR,Streaming,Single,Sale,2,0.012251000000
AUG-24,"DirtySnatcha Records",Tartarus,,CRiiOZ,198342042182,DSR127,"Watch Out",,USLZJ2405588,CRiiOZ,Spotify,"August 2024",GBR,Streaming,Single,Sale,2,0.012251000000
AUG-24,"DirtySnatcha Records","Eight Six",,BBX,198342480014,DSR0092A,"Eight Six",,QZTV32366095,BBX,"YouTube Streaming","August 2024",USA,Streaming,"Art Track",Sale,2,0.012351000000
AUG-24,"DirtySnatcha Records","Genie In a Bottle",,"DirtySnatcha, Luci",198342437506,DSR132,"Genie In a Bottle",,GBWUL2407705,"DirtySnatcha, Luci","YouTube Streaming","August 2024",DEU,Streaming,"Art Track",Sale,2,0.012385000000
AUG-24,"DirtySnatcha Records",Nightmare,,"In Orbit Dubz",198342501320,DSR0080A,Nightmare,,QZWDD2257336,"In Orbit Dubz",Spotify,"August 2024",USA,Streaming,Single,Sale,4,0.012435000000
AUG-24,"DirtySnatcha Records","Fuck It Up",,"In Orbit Dubz",198342501825,DSR0078A,"Fuck It Up",,QZWDD2257318,"In Orbit Dubz",Spotify,"August 2024",USA,Streaming,Single,Sale,1,0.012437000000
AUG-24,"DirtySnatcha Records","Black & Gold",,BBX,198342479889,DSR0096A,"Crushed Glass",,QZTV32366684,BBX,"Apple Music","August 2024",USA,Streaming,Single,Sale,1,0.012452000000
AUG-24,"DirtySnatcha Records","Genie In a Bottle",,"DirtySnatcha, Luci",198342437506,DSR132,"Genie In a Bottle",,GBWUL2407705,"DirtySnatcha, Luci",Spotify,"August 2024",LUX,Streaming,Single,Sale,2,0.012491000000
AUG-24,"DirtySnatcha Records",Nightmare,,"In Orbit Dubz",198342501320,DSR0080A,Nightmare,,QZWDD2257336,"In Orbit Dubz",Spotify,"August 2024",GBR,Streaming,Single,Sale,2,0.012499000000
AUG-24,"DirtySnatcha Records",Destroy,,"In Orbit Dubz, DSTRTN",198342501504,DSR0079A,Destroy,,QZWDD2257331,"In Orbit Dubz, DSTRTN",Spotify,"August 2024",CAN,Streaming,Single,Sale,3,0.012529000000
AUG-24,"DirtySnatcha Records",Hypnotize,,"In Orbit Dubz",197999477019,DSR113,Hypnotize,,QZZ8B2327916,"In Orbit Dubz","YouTube Streaming","August 2024",DEU,Streaming,"Art Track",Sale,1,0.012623000000
AUG-24,"DirtySnatcha Records","Genie In a Bottle",,"DirtySnatcha, Luci",198342437506,DSR132,"Genie In a Bottle",,GBWUL2407705,"DirtySnatcha, Luci","Apple DJ Mixes","August 2024",USA,Streaming,Single,Sale,39,0.012673000000
AUG-24,"DirtySnatcha Records",Tartarus,,CRiiOZ,198342042182,DSR127,Psycho,,USLZJ2405590,"CRiiOZ, DSTRTN",Spotify,"August 2024",FRA,Streaming,Single,Sale,3,0.012697000000
AUG-24,"DirtySnatcha Records","Fog Horn",,DENNETT,198342502969,DSR0074A,"Fog Horn",,QZTRX2237730,DENNETT,Spotify,"August 2024",GBR,Streaming,Single,Sale,3,0.012735000000
AUG-24,"DirtySnatcha Records","Keep Moving","Audigy Remix",DirtySnatcha,197999143198,DSR0104,"Keep Moving","Audigy Remix",QZWV32320452,"DirtySnatcha, Audigy",Spotify,"August 2024",CAN,Streaming,Single,Sale,3,0.012755000000
AUG-24,"DirtySnatcha Records","Fuck It Up",,"In Orbit Dubz",198342501825,DSR0078A,"Fuck It Up",,QZWDD2257318,"In Orbit Dubz",Snap,"August 2024",USA,Streaming,"User Generated Content",Sale,1,0.012772000000
AUG-24,"DirtySnatcha Records",WTF,,"BBX, Sloth",198342356135,DSR131,WTF,,GBRKQ2471312,"BBX, Sloth",Spotify,"August 2024",USA,Streaming,Single,Sale,1,0.012805000000
AUG-24,"DirtySnatcha Records",WTF,,"BBX, Sloth",198342356135,DSR131,WTF,,GBRKQ2471312,"BBX, Sloth",Spotify,"August 2024",ARG,Streaming,Single,Sale,35,0.012825000000
AUG-24,"DirtySnatcha Records",Tartarus,,CRiiOZ,198342042182,DSR127,Trust,,USLZJ2405591,CRiiOZ,Spotify,"August 2024",FIN,Streaming,Single,Sale,2,0.012827000000
AUG-24,"DirtySnatcha Records","Take A Trip","DirtySnatcha Remix","HEXED, Labs",198342492369,DSR0086A,"Take A Trip","DirtySnatcha Remix",QZ5FN2303924,"HEXED, Labs, DirtySnatcha","YouTube Streaming","August 2024",USA,Streaming,"Art Track",Sale,3,0.012888000000
AUG-24,"DirtySnatcha Records","Genie In a Bottle",,"DirtySnatcha, Luci",198342437506,DSR132,"Genie In a Bottle",,GBWUL2407705,"DirtySnatcha, Luci",Spotify,"August 2024",SWE,Streaming,Single,Sale,5,0.012924000000
AUG-24,"DirtySnatcha Records","The Tundra",,Barooka,197999919410,DSR120,Pressure,,QZ5FN2461916,Barooka,"Apple Music","August 2024",USA,Streaming,Single,Sale,2,0.012925000000
AUG-24,"DirtySnatcha Records","The Tundra",,Barooka,197999919410,DSR120,Screechboi,,QZ5FN2445584,Barooka,"Apple Music","August 2024",USA,Streaming,Single,Sale,2,0.012925000000
AUG-24,"DirtySnatcha Records","Outta Here",,BENZO$,198342478196,DSR0018A,"Outta Here",,QZ5FN2040117,"BENZO$, Rico Act","Apple Music","August 2024",USA,Streaming,Single,Sale,2,0.012925000000
AUG-24,"DirtySnatcha Records",Drop,,Ennaut,198342480076,DSR0090A,Drop,,GBWUL2335001,Ennaut,"Apple Music","August 2024",USA,Streaming,Single,Sale,2,0.012925000000
AUG-24,"DirtySnatcha Records","Acting Out",,"Megahurtz, Blue",198342479070,DSR0029A,"Acting Out",,USLZJ2069505,"Megahurtz, Blue, Rico Act","Apple Music","August 2024",USA,Streaming,Single,Sale,2,0.012925000000
AUG-24,"DirtySnatcha Records","Operator Error",,"Big City",198342036334,DSR125,"Rat Patrol",,USLZJ2403323,"Big City, Tonzology","Apple Music","August 2024",USA,Streaming,Single,Sale,2,0.012925000000
AUG-24,"DirtySnatcha Records","Chin Check",,"Spiritual Gangsters",198342476383,DSR0008A,"Chin Check",,GBWUL2075629,"Spiritual Gangsters","Apple Music","August 2024",USA,Streaming,Single,Sale,2,0.012925000000
AUG-24,"DirtySnatcha Records","Round 2",,"Nekz, Meechie Murda",197999919441,DSR121,"Round 2",,QZ5FN2445592,"Nekz, Meechie Murda","Apple Music","August 2024",USA,Streaming,Single,Sale,2,0.012925000000
AUG-24,"DirtySnatcha Records",Bluntz,,"Flatland Funk",198342491294,DSR0031A,Bluntz,,GBRKQ2041356,"Flatland Funk, Blupill","Apple Music","August 2024",USA,Streaming,Single,Sale,2,0.012926000000
AUG-24,"DirtySnatcha Records",Tartarus,,CRiiOZ,198342042182,DSR127,Psycho,,USLZJ2405590,"CRiiOZ, DSTRTN",Spotify,"August 2024",DEU,Streaming,Single,Sale,2,0.012946000000
AUG-24,"DirtySnatcha Records",WTF,,"BBX, Sloth",198342356135,DSR131,WTF,,GBRKQ2471312,"BBX, Sloth",Spotify,"August 2024",ITA,Streaming,Single,Sale,3,0.012965000000
AUG-24,"DirtySnatcha Records",Dimension,,"In Orbit Dubz, Nein Lives",198342496138,DSR0051A,Dimension,,QZ5FN2266737,"In Orbit Dubz, Nein Lives",Spotify,"August 2024",CAN,Streaming,Single,Sale,4,0.012968000000
AUG-24,"DirtySnatcha Records","Acting Out",,"Megahurtz, Blue",198342479070,DSR0029A,"Acting Out",,USLZJ2069505,"Megahurtz, Blue, Rico Act",Spotify,"August 2024",CAN,Streaming,Single,Sale,4,0.012968000000
AUG-24,"DirtySnatcha Records",WDGAF,,CRiiOZ,197999026187,DSR0102,WDGAF,,QZWDE2357423,CRiiOZ,Spotify,"August 2024",CAN,Streaming,Single,Sale,4,0.012968000000
AUG-24,"DirtySnatcha Records","Apple Sowce",,Autokorekt,198342768341,DSR134,"Apple Sowce",,QZTRX2474922,Autokorekt,Spotify,"August 2024",CAN,Streaming,Single,Sale,4,0.012968000000
AUG-24,"DirtySnatcha Records","Loose It","BOU$HY Remix","Eazley, Autokorekt",198342491560,DSR0039A,"Loose It","BOU$HY Remix",GBRKQ2109631,"Eazley, Autokorekt, BOU$HY",Spotify,"August 2024",CAN,Streaming,Single,Sale,4,0.012968000000
AUG-24,"DirtySnatcha Records","GO MAD",,"DSTRTN, CRiiOZ",198342500286,DSR0056A,"GO MAD",,USLZJ2297741,"DSTRTN, CRiiOZ",Spotify,"August 2024",GBR,Streaming,Single,Sale,2,0.012974000000
AUG-24,"DirtySnatcha Records","Take A Trip","DirtySnatcha Remix","HEXED, Labs",198342492369,DSR0086A,"Take A Trip","DirtySnatcha Remix",QZ5FN2303924,"HEXED, Labs, DirtySnatcha",Spotify,"August 2024",GBR,Streaming,Single,Sale,2,0.012974000000
AUG-24,"DirtySnatcha Records",Bloodthirsty,,Howker,198342475331,DSR0004A,Bloodthirsty,,GBWUL1958037,Howker,"Apple Music","August 2024",USA,Streaming,Single,Sale,1,0.012977000000
AUG-24,"DirtySnatcha Records","Genie In a Bottle",,"DirtySnatcha, Luci",198342437506,DSR132,"Genie In a Bottle",,GBWUL2407705,"DirtySnatcha, Luci","Apple Music","August 2024",DEU,Streaming,Single,Sale,1,0.012994000000
AUG-24,"DirtySnatcha Records","Black & Gold",,BBX,198342479889,DSR0096A,Shook,,QZTV32366682,BBX,"Apple Music","August 2024",USA,Streaming,Single,Sale,1,0.013042000000
AUG-24,"DirtySnatcha Records","Need U","Ennaut Remix","DirtySnatcha, Autokorekt",198342500538,DSR0082A,"Need U","Ennaut Remix",QZWDD2263341,"DirtySnatcha, Autokorekt, Ennaut",Spotify,"August 2024",AUS,Streaming,Single,Sale,2,0.013053000000
AUG-24,"DirtySnatcha Records",Tartarus,,CRiiOZ,198342042182,DSR127,Psycho,,USLZJ2405590,"CRiiOZ, DSTRTN",Spotify,"August 2024",AUS,Streaming,Single,Sale,8,0.013104000000
AUG-24,"DirtySnatcha Records",Tartarus,,CRiiOZ,198342042182,DSR127,Psycho,,USLZJ2405590,"CRiiOZ, DSTRTN",Spotify,"August 2024",GBR,Streaming,Single,Sale,1,0.013135000000
AUG-24,"DirtySnatcha Records",Hypnotize,,"In Orbit Dubz",197999477019,DSR113,Hypnotize,,QZZ8B2327916,"In Orbit Dubz","Apple Music","August 2024",USA,Streaming,Single,Sale,1,0.013189000000
AUG-24,"DirtySnatcha Records","Giving Up VIP",,"CHRMNDRS, SEEING\\DOUBLE",198342492154,DSR0044A,"Giving Up VIP",,GBWUL2158623,"CHRMNDRS, SEEING\\DOUBLE",TIDAL,"July 2024",PER,Streaming,Single,Sale,3,0.013201000000
AUG-24,"DirtySnatcha Records",WTF,,"BBX, Sloth",198342356135,DSR131,WTF,,GBRKQ2471312,"BBX, Sloth",Spotify,"August 2024",CZE,Streaming,Single,Sale,4,0.013214000000
AUG-24,"DirtySnatcha Records",Nightmare,,"In Orbit Dubz",198342501320,DSR0080A,Nightmare,,QZWDD2257336,"In Orbit Dubz",Spotify,"August 2024",JPN,Streaming,Single,Sale,4,0.013262000000
AUG-24,"DirtySnatcha Records",WTF,,"BBX, Sloth",198342356135,DSR131,WTF,,GBRKQ2471312,"BBX, Sloth",Spotify,"August 2024",BEL,Streaming,Single,Sale,3,0.013332000000
AUG-24,"DirtySnatcha Records","Fuck It Up",,"In Orbit Dubz",198342501825,DSR0078A,"Fuck It Up",,QZWDD2257318,"In Orbit Dubz",Spotify,"August 2024",BEL,Streaming,Single,Sale,3,0.013332000000
AUG-24,"DirtySnatcha Records",Dimension,,"In Orbit Dubz, Nein Lives",198342496138,DSR0051A,Dimension,,QZ5FN2266737,"In Orbit Dubz, Nein Lives","Apple Music","August 2024",AUS,Streaming,Single,Sale,2,0.013336000000
AUG-24,"DirtySnatcha Records",Hypnotize,,"In Orbit Dubz",197999477019,DSR113,Hypnotize,,QZZ8B2327916,"In Orbit Dubz",Spotify,"August 2024",CAN,Streaming,Single,Sale,9,0.013341000000
AUG-24,"DirtySnatcha Records","Genie In a Bottle",,"DirtySnatcha, Luci",198342437506,DSR132,"Genie In a Bottle",,GBWUL2407705,"DirtySnatcha, Luci",Spotify,"August 2024",HUN,Streaming,Single,Sale,12,0.013353000000
AUG-24,"DirtySnatcha Records","GO MAD",,"DSTRTN, CRiiOZ",198342500286,DSR0056A,"GO MAD",,USLZJ2297741,"DSTRTN, CRiiOZ",Spotify,"August 2024",BRA,Streaming,Single,Sale,13,0.013364000000
AUG-24,"DirtySnatcha Records",Hypnotize,,"In Orbit Dubz",197999477019,DSR113,Hypnotize,,QZZ8B2327916,"In Orbit Dubz",Spotify,"August 2024",CHE,Streaming,Single,Sale,2,0.013375000000
AUG-24,"DirtySnatcha Records","Fuck It Up",,"In Orbit Dubz",198342501825,DSR0078A,"Fuck It Up",,QZWDD2257318,"In Orbit Dubz",Spotify,"August 2024",CHE,Streaming,Single,Sale,2,0.013375000000
AUG-24,"DirtySnatcha Records","Genie In a Bottle",,"DirtySnatcha, Luci",198342437506,DSR132,"Genie In a Bottle",,GBWUL2407705,"DirtySnatcha, Luci",Spotify,"August 2024",USA,Streaming,Single,Sale,17,0.013377000000
AUG-24,"DirtySnatcha Records","Run It Up",,"CHRMNDRS, Future Exit",198342476673,DSR0010A,"Run It Up",,GBWUL2081365,"CHRMNDRS, Future Exit",Spotify,"August 2024",CHE,Streaming,Single,Sale,1,0.013388000000
AUG-24,"DirtySnatcha Records",Tartarus,,CRiiOZ,198342042182,DSR127,Psycho,,USLZJ2405590,"CRiiOZ, DSTRTN",TIDAL,"August 2024",POL,Streaming,Single,Sale,3,0.013422000000
AUG-24,"DirtySnatcha Records","Genie In a Bottle",,"DirtySnatcha, Luci",198342437506,DSR132,"Genie In a Bottle",,GBWUL2407705,"DirtySnatcha, Luci",Spotify,"August 2024",POL,Streaming,Single,Sale,4,0.013424000000
AUG-24,"DirtySnatcha Records","Kinda Sus",,Akronym,198342479100,DSR0030A,"Kinda Sus",,GBRKQ2026555,Akronym,"Apple Music","August 2024",USA,Streaming,Single,Sale,1,0.013451000000
AUG-24,"DirtySnatcha Records",Assertion,,Aalioura,198342502129,DSR0076A,Assertion,,QZWDD2238845,Aalioura,Spotify,"August 2024",CAN,Streaming,Single,Sale,5,0.013472000000
AUG-24,"DirtySnatcha Records","Genie In a Bottle",,"DirtySnatcha, Luci",198342437506,DSR132,"Genie In a Bottle",,GBWUL2407705,"DirtySnatcha, Luci",Spotify,"August 2024",ESP,Streaming,Single,Sale,7,0.013546000000
AUG-24,"DirtySnatcha Records",WTF,,"BBX, Sloth",198342356135,DSR131,WTF,,GBRKQ2471312,"BBX, Sloth",Spotify,"August 2024",ECU,Streaming,Single,Sale,15,0.013580000000
AUG-24,"DirtySnatcha Records","Eight Six",,BBX,198342480014,DSR0092A,"Eight Six",,QZTV32366095,BBX,Spotify,"August 2024",USA,Streaming,Single,Sale,7,0.013585000000
AUG-24,"DirtySnatcha Records",Whoa,,"KirbyBright, Devious",198342485866,DSR133,Whoa,,GBWUL2431903,"KirbyBright, Devious",Spotify,"August 2024",USA,Streaming,Single,Sale,7,0.013585000000
AUG-24,"DirtySnatcha Records",Bloodthirsty,,Howker,198342475331,DSR0004A,Bloodthirsty,,GBWUL1958037,Howker,"Apple Music","August 2024",GBR,Streaming,Single,Sale,2,0.013603000000
AUG-24,"DirtySnatcha Records","Genie In a Bottle",,"DirtySnatcha, Luci",198342437506,DSR132,"Genie In a Bottle",,GBWUL2407705,"DirtySnatcha, Luci",Spotify,"August 2024",FRA,Streaming,Single,Sale,6,0.013611000000
AUG-24,"DirtySnatcha Records",Tartarus,,CRiiOZ,198342042182,DSR127,"In The Walls",,USLZJ2405562,CRiiOZ,Spotify,"August 2024",NLD,Streaming,Single,Sale,5,0.013660000000
AUG-24,"DirtySnatcha Records",WTF,,"BBX, Sloth",198342356135,DSR131,WTF,,GBRKQ2471312,"BBX, Sloth",Spotify,"August 2024",POL,Streaming,Single,Sale,7,0.013683000000
AUG-24,"DirtySnatcha Records","Genie In a Bottle",,"DirtySnatcha, Luci",198342437506,DSR132,"Genie In a Bottle",,GBWUL2407705,"DirtySnatcha, Luci","YouTube Streaming","August 2024",CAN,Streaming,"Art Track",Sale,5,0.013702000000
AUG-24,"DirtySnatcha Records",Nightmare,,"In Orbit Dubz",198342501320,DSR0080A,Nightmare,,QZWDD2257336,"In Orbit Dubz",Spotify,"August 2024",MEX,Streaming,Single,Sale,7,0.013718000000
AUG-24,"DirtySnatcha Records","Fog Horn",,DENNETT,198342502969,DSR0074A,"Fog Horn",,QZTRX2237730,DENNETT,Spotify,"August 2024",FRA,Streaming,Single,Sale,2,0.013725000000
AUG-24,"DirtySnatcha Records",Tartarus,,CRiiOZ,198342042182,DSR127,Psycho,,USLZJ2405590,"CRiiOZ, DSTRTN",Spotify,"August 2024",AUS,Streaming,Single,Sale,2,0.013744000000
AUG-24,"DirtySnatcha Records",Tartarus,,CRiiOZ,198342042182,DSR127,"In The Walls",,USLZJ2405562,CRiiOZ,Spotify,"August 2024",DNK,Streaming,Single,Sale,1,0.013746000000
AUG-24,"DirtySnatcha Records","Genie In a Bottle",,"DirtySnatcha, Luci",198342437506,DSR132,"Genie In a Bottle",,GBWUL2407705,"DirtySnatcha, Luci","Facebook / Instagram - Revenue Share","July 2024",CAN,Streaming,"Audio Library: Production",Sale,1,0.013760000000
AUG-24,"DirtySnatcha Records","Need U","Dobadlyy Remix","DirtySnatcha, Autokorekt",198342491317,DSR0033A,"Need U","Dobadlyy Remix",QZ5FN2114150,"DirtySnatcha, Autokorekt, Dobadlyy","Apple Music","August 2024",USA,Streaming,Single,Sale,1,0.013762000000
AUG-24,"DirtySnatcha Records","Game Time",,"Autokorekt, Eazley",198342476338,DSR0006A,"Game Time",,GBWUL2023530,"Autokorekt, Eazley, Rico Act","Apple Music","August 2024",USA,Streaming,Single,Sale,4,0.013772000000
AUG-24,"DirtySnatcha Records","Operator Error",,"Big City",198342036334,DSR125,"No Problems!",,USLZJ2403319,"Big City, Tonzology","Apple Music","August 2024",USA,Streaming,Single,Sale,4,0.013772000000
AUG-24,"DirtySnatcha Records","Ground N' Pound",,"Akronym, FIGMVNT",198342504093,DSR0070A,"Ground N' Pound",,GBRKQ2274076,"Akronym, FIGMVNT","Apple Music","August 2024",USA,Streaming,Single,Sale,4,0.013772000000
AUG-24,"DirtySnatcha Records",LIGMA,,"BBX, Jonomatic, Geeku",198342492208,DSR0045A,LIGMA,,GBWUL2171015,"BBX, Jonomatic, Geeku","Apple Music","August 2024",USA,Streaming,Single,Sale,4,0.013772000000
AUG-24,"DirtySnatcha Records","The Tundra",,Barooka,197999919410,DSR120,iDISTORT,,QZ5FN2461919,Barooka,"Apple Music","August 2024",USA,Streaming,Single,Sale,4,0.013772000000
AUG-24,"DirtySnatcha Records","Big Body",,"BOU$HY, Eazley",198342494042,DSR0048A,"Big Body",,QZ5FN2216262,"BOU$HY, Eazley","Apple Music","August 2024",USA,Streaming,Single,Sale,4,0.013772000000
AUG-24,"DirtySnatcha Records","BIG UPS",,"RAZR, VASTIVE",198342478684,DSR0024A,"BIG UPS",,USLZJ2023938,"RAZR, VASTIVE","Amazon Music Unlimited","August 2024",USA,Streaming,Single,Sale,1,0.013793000000
AUG-24,"DirtySnatcha Records","Genie In a Bottle",,"DirtySnatcha, Luci",198342437506,DSR132,"Genie In a Bottle",,GBWUL2407705,"DirtySnatcha, Luci","YouTube Content ID","August 2024",USA,UGC,"Sound Recording",Sale,4,0.013802000000
AUG-24,"DirtySnatcha Records","Riddim Whistle",,DENNETT,198342507902,DSR0062A,"Riddim Whistle",,GBRKQ2204623,DENNETT,Snap,"July 2024",USA,Streaming,"User Generated Content",Sale,2,0.013808000000
AUG-24,"DirtySnatcha Records",Game,,"Sloth, CHACKK",197999855442,DSR116,Game,,QZ5FN2416543,"Sloth, CHACKK",Spotify,"August 2024",USA,Streaming,Single,Sale,3,0.013817000000
AUG-24,"DirtySnatcha Records","Black & Gold",,BBX,198342479988,DSR0093A,"Black & Gold",,QZTV32366677,BBX,Spotify,"August 2024",USA,Streaming,Single,Sale,3,0.013817000000
AUG-24,"DirtySnatcha Records","Take A Trip","DirtySnatcha Remix","HEXED, Labs",198342492369,DSR0086A,"Take A Trip","DirtySnatcha Remix",QZ5FN2303924,"HEXED, Labs, DirtySnatcha",Spotify,"August 2024",USA,Streaming,Single,Sale,3,0.013817000000
AUG-24,"DirtySnatcha Records","Out Of Service",,"Autokorekt, ChemDawg",198342492215,DSR0046A,"Out Of Service",,GBWUL2192863,"Autokorekt, ChemDawg, Versace",Spotify,"August 2024",USA,Streaming,Single,Sale,3,0.013817000000
AUG-24,"DirtySnatcha Records","Giving Up VIP",,"CHRMNDRS, SEEING\\DOUBLE",198342492154,DSR0044A,"Giving Up VIP",,GBWUL2158623,"CHRMNDRS, SEEING\\DOUBLE",Spotify,"August 2024",USA,Streaming,Single,Sale,3,0.013817000000
AUG-24,"DirtySnatcha Records",Apparition,,CVLVALRI,198342507926,DSR0063A,Apparition,,GBRKQ2204805,CVLVALRI,Spotify,"August 2024",USA,Streaming,Single,Sale,3,0.013817000000
AUG-24,"DirtySnatcha Records","Genie In a Bottle",,"DirtySnatcha, Luci",198342437506,DSR132,"Genie In a Bottle",,GBWUL2407705,"DirtySnatcha, Luci",Spotify,"August 2024",CHE,Streaming,Single,Sale,4,0.013829000000
AUG-24,"DirtySnatcha Records",Tartarus,,CRiiOZ,198342042182,DSR127,"In The Walls",,USLZJ2405562,CRiiOZ,Spotify,"August 2024",CAN,Streaming,Single,Sale,4,0.013838000000
AUG-24,"DirtySnatcha Records","Giving Up VIP",,"CHRMNDRS, SEEING\\DOUBLE",198342492154,DSR0044A,"Giving Up VIP",,GBWUL2158623,"CHRMNDRS, SEEING\\DOUBLE",Spotify,"August 2024",DEU,Streaming,Single,Sale,6,0.013920000000
AUG-24,"DirtySnatcha Records","Back Rooms",,"In Orbit Dubz",198342498644,DSR0077A,"Back Rooms",,QZWDD2257316,"In Orbit Dubz","Amazon Prime","August 2024",FRA,Streaming,Single,Sale,9,0.013921000000
AUG-24,"DirtySnatcha Records","Need U","Ennaut Remix","DirtySnatcha, Autokorekt",198342500538,DSR0082A,"Need U","Ennaut Remix",QZWDD2263341,"DirtySnatcha, Autokorekt, Ennaut",Spotify,"August 2024",USA,Streaming,Single,Sale,5,0.013925000000
AUG-24,"DirtySnatcha Records",Maniac,,Sinatra,197999611932,DSR114,Maniac,,QZZEB2305800,Sinatra,Spotify,"August 2024",USA,Streaming,Single,Sale,5,0.013925000000
AUG-24,"DirtySnatcha Records","Loose It","BOU$HY Remix","Eazley, Autokorekt",198342491560,DSR0039A,"Loose It","BOU$HY Remix",GBRKQ2109631,"Eazley, Autokorekt, BOU$HY",Spotify,"August 2024",USA,Streaming,Single,Sale,5,0.013925000000
AUG-24,"DirtySnatcha Records","Operator Error",,"Big City",198342036334,DSR125,"Weed Spot",,USLZJ2403314,"Big City",Spotify,"August 2024",USA,Streaming,Single,Sale,5,0.013925000000
AUG-24,"DirtySnatcha Records","Spectre Season",,Artifact,198342479643,DSR0101A,"Spectre Season",,QZWDD2336449,Artifact,Spotify,"August 2024",USA,Streaming,Single,Sale,5,0.013925000000
AUG-24,"DirtySnatcha Records","BIG UPS",,"RAZR, VASTIVE",198342478684,DSR0024A,"BIG UPS",,USLZJ2023938,"RAZR, VASTIVE","Apple Music","August 2024",USA,Streaming,Single,Sale,1,0.013944000000
AUG-24,"DirtySnatcha Records","Keep Moving","Audigy Remix",DirtySnatcha,197999143198,DSR0104,"Keep Moving","Audigy Remix",QZWV32320452,"DirtySnatcha, Audigy",Spotify,"August 2024",MEX,Streaming,Single,Sale,19,0.013965000000
AUG-24,"DirtySnatcha Records","The Back Rooms EP",,"In Orbit Dubz",198342501023,DSR0081A,"Fuck It Up",,QZWDD2257318,"In Orbit Dubz","Apple Music","August 2024",USA,Streaming,Single,Sale,2,0.013976000000
AUG-24,"DirtySnatcha Records",Torture,,"Twisted, Chutez & Ladderz, R3mark",198342508053,DSR0061A,Torture,,GBRKQ2224624,"Twisted, Chutez & Ladderz, R3mark","Apple Music","August 2024",USA,Streaming,Single,Sale,2,0.013976000000
AUG-24,"DirtySnatcha Records",Riptide,,"David Vance, Blue",198342508046,DSR0064A,Riptide,,GBRKQ2211179,"David Vance, Blue","Apple Music","August 2024",USA,Streaming,Single,Sale,2,0.013976000000
AUG-24,"DirtySnatcha Records",Danger,,"JAYSYX, AG",198342478998,DSR0027A,Danger,,USLZJ2069438,"JAYSYX, AG","Apple Music","August 2024",USA,Streaming,Single,Sale,2,0.013976000000
AUG-24,"DirtySnatcha Records","Fog Horn",,DENNETT,198342502969,DSR0074A,"Fog Horn",,QZTRX2237730,DENNETT,"Apple Music","August 2024",USA,Streaming,Single,Sale,2,0.013976000000
AUG-24,"DirtySnatcha Records","Back Rooms",,"In Orbit Dubz",198342498644,DSR0077A,"Back Rooms",,QZWDD2257316,"In Orbit Dubz","Amazon Music Unlimited","August 2024",MEX,Streaming,Single,Sale,6,0.013984000000
AUG-24,"DirtySnatcha Records","Need U","Ennaut Remix","DirtySnatcha, Autokorekt",198342500538,DSR0082A,"Need U","Ennaut Remix",QZWDD2263341,"DirtySnatcha, Autokorekt, Ennaut",Spotify,"August 2024",USA,Streaming,Single,Sale,7,0.014005000000
AUG-24,"DirtySnatcha Records",Maniac,,Sinatra,197999611932,DSR114,Maniac,,QZZEB2305800,Sinatra,Spotify,"August 2024",USA,Streaming,Single,Sale,7,0.014005000000
AUG-24,"DirtySnatcha Records","Fog Horn",,DENNETT,198342502969,DSR0074A,"Fog Horn",,QZTRX2237730,DENNETT,"Apple Music","August 2024",CAN,Streaming,Single,Sale,5,0.014068000000
AUG-24,"DirtySnatcha Records","Fog Horn",,DENNETT,198342502969,DSR0074A,"Fog Horn",,QZTRX2237730,DENNETT,"Apple Music","August 2024",JPN,Streaming,Single,Sale,2,0.014076000000
AUG-24,"DirtySnatcha Records",Riptide,,"David Vance, Blue",198342508046,DSR0064A,Riptide,,GBRKQ2211179,"David Vance, Blue",Spotify,"August 2024",USA,Streaming,Single,Sale,4,0.014086000000
AUG-24,"DirtySnatcha Records",Maniac,,Sinatra,197999611932,DSR114,Maniac,,QZZEB2305800,Sinatra,Spotify,"August 2024",USA,Streaming,Single,Sale,4,0.014086000000
AUG-24,"DirtySnatcha Records","Genie In a Bottle",,"DirtySnatcha, Luci",198342437506,DSR132,"Genie In a Bottle",,GBWUL2407705,"DirtySnatcha, Luci",Spotify,"August 2024",DNK,Streaming,Single,Sale,1,0.014105000000
AUG-24,"DirtySnatcha Records","Genie In a Bottle",,"DirtySnatcha, Luci",198342437506,DSR132,"Genie In a Bottle",,GBWUL2407705,"DirtySnatcha, Luci","Apple Music","August 2024",GBR,Streaming,Single,Sale,2,0.014141000000
AUG-24,"DirtySnatcha Records",Dimension,,"In Orbit Dubz, Nein Lives",198342496138,DSR0051A,Dimension,,QZ5FN2266737,"In Orbit Dubz, Nein Lives",Spotify,"August 2024",DEU,Streaming,Single,Sale,3,0.014169000000
AUG-24,"DirtySnatcha Records","Spectre Season",,Artifact,198342479643,DSR0101A,"Spectre Season",,QZWDD2336449,Artifact,Spotify,"August 2024",DEU,Streaming,Single,Sale,3,0.014169000000
AUG-24,"DirtySnatcha Records","Back Rooms",,"In Orbit Dubz",198342498644,DSR0077A,"Back Rooms",,QZWDD2257316,"In Orbit Dubz",Spotify,"August 2024",CAN,Streaming,Single,Sale,3,0.014172000000
AUG-24,"DirtySnatcha Records",Riptide,,"David Vance, Blue",198342508046,DSR0064A,Riptide,,GBRKQ2211179,"David Vance, Blue","Apple Music","August 2024",USA,Streaming,Single,Sale,1,0.014179000000
AUG-24,"DirtySnatcha Records",Scorpion,,Torcha,198342501160,DSR0057A,Scorpion,,GBRKQ2202745,Torcha,TIDAL,"August 2024",USA,Streaming,Single,Sale,2,0.014200000000
AUG-24,"DirtySnatcha Records","Apple Sowce",,Autokorekt,198342768341,DSR134,"Apple Sowce",,QZTRX2474922,Autokorekt,"Apple Music","August 2024",USA,Streaming,Single,Sale,4,0.014201000000
AUG-24,"DirtySnatcha Records",WTF,,"BBX, Sloth",198342356135,DSR131,WTF,,GBRKQ2471312,"BBX, Sloth","Apple Music","August 2024",USA,Streaming,Single,Sale,4,0.014201000000
AUG-24,"DirtySnatcha Records","Fog Horn",,DENNETT,198342502969,DSR0074A,"Fog Horn",,QZTRX2237730,DENNETT,"Apple Music","August 2024",USA,Streaming,Single,Sale,4,0.014201000000
AUG-24,"DirtySnatcha Records",Tartarus,,CRiiOZ,198342042182,DSR127,"Watch Out",,USLZJ2405588,CRiiOZ,"Apple Music","August 2024",USA,Streaming,Single,Sale,4,0.014201000000
AUG-24,"DirtySnatcha Records","Black & Gold",,BBX,198342479889,DSR0096A,Shook,,QZTV32366682,BBX,Deezer,"June 2024",DEU,Streaming,Single,Sale,4,0.014218000000
AUG-24,"DirtySnatcha Records",Hypnotize,,"In Orbit Dubz",197999477019,DSR113,Hypnotize,,QZZ8B2327916,"In Orbit Dubz","Apple Music","August 2024",USA,Streaming,Single,Sale,2,0.014234000000
AUG-24,"DirtySnatcha Records","The Back Rooms EP",,"In Orbit Dubz",198342501023,DSR0081A,"Fuck It Up",,QZWDD2257318,"In Orbit Dubz","Apple Music","August 2024",USA,Streaming,Single,Sale,5,0.014264000000
AUG-24,"DirtySnatcha Records","Loose It",,"Eazley, Autokorekt",198342478653,DSR0023A,"Loose It",,QZ5FN2097747,"Eazley, Autokorekt","Apple Music","August 2024",USA,Streaming,Single,Sale,5,0.014264000000
AUG-24,"DirtySnatcha Records",WDGAF,,CRiiOZ,197999026187,DSR0102,WDGAF,,QZWDE2357423,CRiiOZ,"Apple Music","August 2024",USA,Streaming,Single,Sale,5,0.014264000000
AUG-24,"DirtySnatcha Records",Hypnotize,,"In Orbit Dubz",197999477019,DSR113,Hypnotize,,QZZ8B2327916,"In Orbit Dubz","Apple Music","August 2024",USA,Streaming,Single,Sale,5,0.014264000000
AUG-24,"DirtySnatcha Records","Fuck It Up",,"In Orbit Dubz",198342501825,DSR0078A,"Fuck It Up",,QZWDD2257318,"In Orbit Dubz",Spotify,"August 2024",AUS,Streaming,Single,Sale,2,0.014310000000
AUG-24,"DirtySnatcha Records","Genie In a Bottle",,"DirtySnatcha, Luci",198342437506,DSR132,"Genie In a Bottle",,GBWUL2407705,"DirtySnatcha, Luci",Spotify,"August 2024",BEL,Streaming,Single,Sale,2,0.014363000000
AUG-24,"DirtySnatcha Records",Tartarus,,CRiiOZ,198342042182,DSR127,Psycho,,USLZJ2405590,"CRiiOZ, DSTRTN",Spotify,"August 2024",AUS,Streaming,Single,Sale,5,0.014391000000
AUG-24,"DirtySnatcha Records",Tartarus,,CRiiOZ,198342042182,DSR127,"In The Walls",,USLZJ2405562,CRiiOZ,Spotify,"August 2024",BRA,Streaming,Single,Sale,16,0.014415000000
AUG-24,"DirtySnatcha Records","Fog Horn",,DENNETT,198342502969,DSR0074A,"Fog Horn",,QZTRX2237730,DENNETT,Spotify,"August 2024",FRA,Streaming,Single,Sale,3,0.014428000000
AUG-24,"DirtySnatcha Records",Tartarus,,CRiiOZ,198342042182,DSR127,"Watch Out",,USLZJ2405588,CRiiOZ,Spotify,"August 2024",FRA,Streaming,Single,Sale,3,0.014428000000
AUG-24,"DirtySnatcha Records",Tartarus,,CRiiOZ,198342042182,DSR127,Psycho,,USLZJ2405590,"CRiiOZ, DSTRTN",Snap,"August 2024",USA,Streaming,"User Generated Content",Sale,1,0.014441000000
AUG-24,"DirtySnatcha Records","Outta Here",,BENZO$,198342478196,DSR0018A,"Outta Here",,QZ5FN2040117,"BENZO$, Rico Act","Apple Music","August 2024",CAN,Streaming,Single,Sale,5,0.014459000000
AUG-24,"DirtySnatcha Records","BIG UPS",,"RAZR, VASTIVE",198342478684,DSR0024A,"BIG UPS",,USLZJ2023938,"RAZR, VASTIVE","Amazon Music Unlimited","August 2024",GBR,Streaming,Single,Sale,2,0.014468000000
AUG-24,"DirtySnatcha Records",Tartarus,,CRiiOZ,198342042182,DSR127,Psycho,,USLZJ2405590,"CRiiOZ, DSTRTN",Spotify,"August 2024",BRA,Streaming,Single,Sale,5,0.014481000000
AUG-24,"DirtySnatcha Records","Round 2",,"Nekz, Meechie Murda",197999919441,DSR121,"Round 2",,QZ5FN2445592,"Nekz, Meechie Murda",TIDAL,"August 2024",USA,Streaming,Single,Sale,3,0.014483000000
AUG-24,"DirtySnatcha Records",FTI,,"BBX, Meechie Murda, Geeku",198342480038,DSR0091A,FTI,,GBWUL2349330,"BBX, Meechie Murda, Geeku",TIDAL,"August 2024",USA,Streaming,Single,Sale,3,0.014483000000
AUG-24,"DirtySnatcha Records",Riddimption,,"Nothing x Hurts",198622420181,DSR136,Riddimption,,QZWV32419969,"Nothing x Hurts","YouTube Streaming","August 2024",USA,Streaming,"Art Track",Sale,3,0.014511000000
AUG-24,"DirtySnatcha Records",WTF,,"BBX, Sloth",198342356135,DSR131,WTF,,GBRKQ2471312,"BBX, Sloth",Spotify,"August 2024",UKR,Streaming,Single,Sale,7,0.014576000000
AUG-24,"DirtySnatcha Records","Keep Moving","Audigy Remix",DirtySnatcha,197999143198,DSR0104,"Keep Moving","Audigy Remix",QZWV32320452,"DirtySnatcha, Audigy",Spotify,"August 2024",AUS,Streaming,Single,Sale,4,0.014595000000
AUG-24,"DirtySnatcha Records",Hypnotize,,"In Orbit Dubz",197999477019,DSR113,Hypnotize,,QZZ8B2327916,"In Orbit Dubz",Spotify,"August 2024",AUS,Streaming,Single,Sale,4,0.014595000000
AUG-24,"DirtySnatcha Records",Tartarus,,CRiiOZ,198342042182,DSR127,"Watch Out",,USLZJ2405588,CRiiOZ,"YouTube Streaming","August 2024",USA,Streaming,"Art Track",Sale,2,0.014604000000
AUG-24,"DirtySnatcha Records","Genie In a Bottle",,"DirtySnatcha, Luci",198342437506,DSR132,"Genie In a Bottle",,GBWUL2407705,"DirtySnatcha, Luci","Apple Music","August 2024",USA,Streaming,Single,Sale,4,0.014627000000
AUG-24,"DirtySnatcha Records","Genie In a Bottle",,"DirtySnatcha, Luci",198342437506,DSR132,"Genie In a Bottle",,GBWUL2407705,"DirtySnatcha, Luci","Apple DJ Mixes","August 2024",USA,Streaming,Single,Sale,55,0.014703000000
AUG-24,"DirtySnatcha Records",WDGAF,,CRiiOZ,197999026187,DSR0102,WDGAF,,QZWDE2357423,CRiiOZ,"YouTube Streaming","August 2024",NLD,Streaming,"Art Track",Sale,1,0.014731000000
AUG-24,"DirtySnatcha Records","Fog Horn",,DENNETT,198342502969,DSR0074A,"Fog Horn",,QZTRX2237730,DENNETT,"Apple Music","August 2024",SGP,Streaming,Single,Sale,1,0.014740000000
AUG-24,"DirtySnatcha Records","Spectre Season",,Artifact,198342479643,DSR0101A,"Spectre Season",,QZWDD2336449,Artifact,Spotify,"August 2024",POL,Streaming,Single,Sale,12,0.014758000000
AUG-24,"DirtySnatcha Records","Keep Moving","Aelius, Voyager, Wilco Beats Remix",DirtySnatcha,198342499863,DSR0083A,"Keep Moving","Aelius, Voyager, Wilco Beats Remix",QZWDD2263373,"DirtySnatcha, Aelius, Voyager, Wilco Beats",TIDAL,"August 2024",USA,Streaming,Single,Sale,1,0.014767000000
AUG-24,"DirtySnatcha Records",FLATLINE,,GOMPERZ,197999449672,DSR111,FLATLINE,,QZZ8B2311175,GOMPERZ,TIDAL,"August 2024",USA,Streaming,Single,Sale,1,0.014767000000
AUG-24,"DirtySnatcha Records","Fight Time",,Megahurtz,198342492123,DSR0042A,"Fight Time",,GBRKQ2178616,Megahurtz,TIDAL,"August 2024",USA,Streaming,Single,Sale,1,0.014767000000
AUG-24,"DirtySnatcha Records","Riddim Gang",,"Megahurtz, Alienpark",198342478288,DSR0020A,"Riddim Gang",,QZ5FN2074245,"Megahurtz, Alienpark","Apple Music","August 2024",CAN,Streaming,Single,Sale,1,0.014782000000
AUG-24,"DirtySnatcha Records",WTF,,"BBX, Sloth",198342356135,DSR131,WTF,,GBRKQ2471312,"BBX, Sloth",Spotify,"August 2024",CRI,Streaming,Single,Sale,12,0.014800000000
AUG-24,"DirtySnatcha Records","Genie In a Bottle",,"DirtySnatcha, Luci",198342437506,DSR132,"Genie In a Bottle",,GBWUL2407705,"DirtySnatcha, Luci","Apple DJ Mixes","August 2024",USA,Streaming,Single,Sale,23,0.014807000000
AUG-24,"DirtySnatcha Records",Dimension,,"In Orbit Dubz, Nein Lives",198342496138,DSR0051A,Dimension,,QZ5FN2266737,"In Orbit Dubz, Nein Lives",Spotify,"August 2024",CAN,Streaming,Single,Sale,10,0.014822000000
AUG-24,"DirtySnatcha Records","Turn It Up",,YUNIT.,198342476697,DSR0012A,"Turn It Up",,GBWUL2083817,YUNIT.,"Apple Music","August 2024",USA,Streaming,Single,Sale,1,0.014876000000
AUG-24,"DirtySnatcha Records",Dimension,,"In Orbit Dubz, Nein Lives",198342496138,DSR0051A,Dimension,,QZ5FN2266737,"In Orbit Dubz, Nein Lives",Spotify,"August 2024",USA,Streaming,Single,Sale,1,0.014881000000
AUG-24,"DirtySnatcha Records","Out Of Service",,"Autokorekt, ChemDawg",198342492215,DSR0046A,"Out Of Service",,GBWUL2192863,"Autokorekt, ChemDawg, Versace",Spotify,"August 2024",CAN,Streaming,Single,Sale,3,0.014929000000
AUG-24,"DirtySnatcha Records",WTF,,"BBX, Sloth",198342356135,DSR131,WTF,,GBRKQ2471312,"BBX, Sloth",Spotify,"August 2024",COL,Streaming,Single,Sale,28,0.015035000000
AUG-24,"DirtySnatcha Records",Destroy,,"In Orbit Dubz, DSTRTN",198342501504,DSR0079A,Destroy,,QZWDD2257331,"In Orbit Dubz, DSTRTN",Spotify,"August 2024",BEL,Streaming,Single,Sale,6,0.015044000000
AUG-24,"DirtySnatcha Records","Operator Error",,"Big City",198342036334,DSR125,"Rat Patrol",,USLZJ2403323,"Big City, Tonzology","Claro (iMusica)","June 2024",COL,Streaming,Single,Sale,1,0.015063000000
AUG-24,"DirtySnatcha Records","Operator Error",,"Big City",198342036334,DSR125,"No Problems!",,USLZJ2403319,"Big City, Tonzology","Claro (iMusica)","June 2024",COL,Streaming,Single,Sale,1,0.015063000000
AUG-24,"DirtySnatcha Records","Genie In a Bottle",,"DirtySnatcha, Luci",198342437506,DSR132,"Genie In a Bottle",,GBWUL2407705,"DirtySnatcha, Luci",Spotify,"August 2024",CHE,Streaming,Single,Sale,1,0.015100000000
AUG-24,"DirtySnatcha Records","Out Of Service",,"Autokorekt, ChemDawg",198342492215,DSR0046A,"Out Of Service",,GBWUL2192863,"Autokorekt, ChemDawg, Versace","Apple Music","August 2024",CAN,Streaming,Single,Sale,2,0.015129000000
AUG-24,"DirtySnatcha Records","Genie In a Bottle",,"DirtySnatcha, Luci",198342437506,DSR132,"Genie In a Bottle",,GBWUL2407705,"DirtySnatcha, Luci","YouTube Streaming","August 2024",ROM,Streaming,"Art Track",Sale,9,0.015204000000
AUG-24,"DirtySnatcha Records","Apple Sowce",,Autokorekt,198342768341,DSR134,"Apple Sowce",,QZTRX2474922,Autokorekt,Spotify,"August 2024",GBR,Streaming,Single,Sale,5,0.015220000000
AUG-24,"DirtySnatcha Records","Genie In a Bottle",,"DirtySnatcha, Luci",198342437506,DSR132,"Genie In a Bottle",,GBWUL2407705,"DirtySnatcha, Luci",Spotify,"August 2024",GTM,Streaming,Single,Sale,19,0.015498000000
AUG-24,"DirtySnatcha Records","Out Of Service",,"Autokorekt, ChemDawg",198342492215,DSR0046A,"Out Of Service",,GBWUL2192863,"Autokorekt, ChemDawg, Versace",Spotify,"August 2024",SWE,Streaming,Single,Sale,3,0.015500000000
AUG-24,"DirtySnatcha Records","GO MAD",,"DSTRTN, CRiiOZ",198342500286,DSR0056A,"GO MAD",,USLZJ2297741,"DSTRTN, CRiiOZ",Spotify,"August 2024",SWE,Streaming,Single,Sale,2,0.015502000000
AUG-24,"DirtySnatcha Records",WTF,,"BBX, Sloth",198342356135,DSR131,WTF,,GBRKQ2471312,"BBX, Sloth",Spotify,"August 2024",SWE,Streaming,Single,Sale,6,0.015509000000
AUG-24,"DirtySnatcha Records","Out Of Service",,"Autokorekt, ChemDawg",198342492215,DSR0046A,"Out Of Service",,GBWUL2192863,"Autokorekt, ChemDawg, Versace",Spotify,"August 2024",USA,Streaming,Single,Sale,8,0.015526000000
AUG-24,"DirtySnatcha Records",WTF,,"BBX, Sloth",198342356135,DSR131,WTF,,GBRKQ2471312,"BBX, Sloth",Spotify,"August 2024",HUN,Streaming,Single,Sale,8,0.015527000000
AUG-24,"DirtySnatcha Records","Genie In a Bottle",,"DirtySnatcha, Luci",198342437506,DSR132,"Genie In a Bottle",,GBWUL2407705,"DirtySnatcha, Luci",Spotify,"August 2024",BRA,Streaming,Single,Sale,8,0.015569000000
AUG-24,"DirtySnatcha Records","Back Rooms",,"In Orbit Dubz",198342498644,DSR0077A,"Back Rooms",,QZWDD2257316,"In Orbit Dubz",Spotify,"August 2024",GBR,Streaming,Single,Sale,1,0.015656000000
AUG-24,"DirtySnatcha Records",Torture,,"Twisted, Chutez & Ladderz, R3mark",198342508053,DSR0061A,Torture,,GBRKQ2224624,"Twisted, Chutez & Ladderz, R3mark","Apple Music","August 2024",USA,Streaming,Single,Sale,5,0.015677000000
AUG-24,"DirtySnatcha Records","Game Time",,"Autokorekt, Eazley",198342476338,DSR0006A,"Game Time",,GBWUL2023530,"Autokorekt, Eazley, Rico Act","Apple Music","August 2024",USA,Streaming,Single,Sale,5,0.015677000000
AUG-24,"DirtySnatcha Records","Keep Moving","Aelius, Voyager, Wilco Beats Remix",DirtySnatcha,198342499863,DSR0083A,"Keep Moving","Aelius, Voyager, Wilco Beats Remix",QZWDD2263373,"DirtySnatcha, Aelius, Voyager, Wilco Beats","Apple Music","August 2024",USA,Streaming,Single,Sale,5,0.015677000000
AUG-24,"DirtySnatcha Records","BIG UPS",,"RAZR, VASTIVE",198342478684,DSR0024A,"BIG UPS",,USLZJ2023938,"RAZR, VASTIVE","Apple Music","August 2024",USA,Streaming,Single,Sale,5,0.015677000000
AUG-24,"DirtySnatcha Records","Genie In a Bottle",,"DirtySnatcha, Luci",198342437506,DSR132,"Genie In a Bottle",,GBWUL2407705,"DirtySnatcha, Luci",Spotify,"August 2024",MEX,Streaming,Single,Sale,8,0.015677000000
AUG-24,"DirtySnatcha Records",Tartarus,,CRiiOZ,198342042182,DSR127,"Let Go",,USLZJ2405592,CRiiOZ,"Apple Music","August 2024",USA,Streaming,Single,Sale,5,0.015677000000
AUG-24,"DirtySnatcha Records","Genie In a Bottle",,"DirtySnatcha, Luci",198342437506,DSR132,"Genie In a Bottle",,GBWUL2407705,"DirtySnatcha, Luci",Spotify,"August 2024",NOR,Streaming,Single,Sale,6,0.015739000000
AUG-24,"DirtySnatcha Records",Riddimption,,"Nothing x Hurts",198622420181,DSR136,Riddimption,,QZWV32419969,"Nothing x Hurts","Apple Music","August 2024",USA,Streaming,Single,Sale,2,0.015765000000
AUG-24,"DirtySnatcha Records",Game,,"Sloth, CHACKK",197999855442,DSR116,Game,,QZ5FN2416543,"Sloth, CHACKK","Apple Music","August 2024",USA,Streaming,Single,Sale,2,0.015765000000
AUG-24,"DirtySnatcha Records","GO MAD",,"DSTRTN, CRiiOZ",198342500286,DSR0056A,"GO MAD",,USLZJ2297741,"DSTRTN, CRiiOZ",Spotify,"August 2024",FRA,Streaming,Single,Sale,7,0.015880000000
AUG-24,"DirtySnatcha Records","Fog Horn",,DENNETT,198342502969,DSR0074A,"Fog Horn",,QZTRX2237730,DENNETT,"Apple Music","August 2024",CAN,Streaming,Single,Sale,1,0.015881000000
AUG-24,"DirtySnatcha Records","Most Dangerous",,"Meechie Murda, Geeku, Sinister Bass",198342503812,DSR0071A,"Most Dangerous",,GBWUL2241457,"Meechie Murda, Geeku, Sinister Bass","YouTube Streaming","August 2024",USA,Streaming,"Art Track",Sale,1,0.015886000000
AUG-24,"DirtySnatcha Records","Gamma Ray",,JAYSYX,198342478158,DSR0017A,"Gamma Ray",,QZ5FN2032792,JAYSYX,"Apple Music","August 2024",USA,Streaming,Single,Sale,1,0.015914000000
AUG-24,"DirtySnatcha Records","Genie In a Bottle",,"DirtySnatcha, Luci",198342437506,DSR132,"Genie In a Bottle",,GBWUL2407705,"DirtySnatcha, Luci","Apple Music","August 2024",USA,Streaming,Single,Sale,1,0.015974000000
AUG-24,"DirtySnatcha Records","Genie In a Bottle",,"DirtySnatcha, Luci",198342437506,DSR132,"Genie In a Bottle",,GBWUL2407705,"DirtySnatcha, Luci","Facebook / Instagram - Revenue Share","July 2024",USA,Streaming,"Audio Library: Consumption",Sale,1117,0.015988000000
AUG-24,"DirtySnatcha Records","Back Rooms",,"In Orbit Dubz",198342498644,DSR0077A,"Back Rooms",,QZWDD2257316,"In Orbit Dubz","Amazon Prime","August 2024",USA,Streaming,Single,Sale,9,0.016065000000
AUG-24,"DirtySnatcha Records",Whoa,,"KirbyBright, Devious",198342485866,DSR133,Whoa,,GBWUL2431903,"KirbyBright, Devious","Facebook / Instagram","July 2024",USA,Streaming,"Audio Library: Consumption",Sale,644,0.016081000000
AUG-24,"DirtySnatcha Records",Bluntz,,"Flatland Funk",198342491294,DSR0031A,Bluntz,,GBRKQ2041356,"Flatland Funk, Blupill","Apple Music","August 2024",CAN,Streaming,Single,Sale,3,0.016108000000
AUG-24,"DirtySnatcha Records","BIG UPS",,"RAZR, VASTIVE",198342478684,DSR0024A,"BIG UPS",,USLZJ2023938,"RAZR, VASTIVE","Apple Music","August 2024",CAN,Streaming,Single,Sale,3,0.016108000000
AUG-24,"DirtySnatcha Records","The Back Rooms EP",,"In Orbit Dubz",198342501023,DSR0081A,Destroy,,QZWDD2257331,"In Orbit Dubz, DSTRTN","Apple Music","August 2024",CAN,Streaming,Single,Sale,3,0.016108000000
AUG-24,"DirtySnatcha Records","Round 2",,"Nekz, Meechie Murda",197999919441,DSR121,"Round 2",,QZ5FN2445592,"Nekz, Meechie Murda","Apple Music","August 2024",AUS,Streaming,Single,Sale,5,0.016138000000
AUG-24,"DirtySnatcha Records",Nightmare,,"In Orbit Dubz",198342501320,DSR0080A,Nightmare,,QZWDD2257336,"In Orbit Dubz",Snap,"August 2024",USA,Streaming,"User Generated Content",Sale,2,0.016162000000
AUG-24,"DirtySnatcha Records","Giving Up VIP",,"CHRMNDRS, SEEING\\DOUBLE",198342492154,DSR0044A,"Giving Up VIP",,GBWUL2158623,"CHRMNDRS, SEEING\\DOUBLE",Spotify,"August 2024",CAN,Streaming,Single,Sale,6,0.016165000000
AUG-24,"DirtySnatcha Records","Keep Moving","Aelius, Voyager, Wilco Beats Remix",DirtySnatcha,198342499863,DSR0083A,"Keep Moving","Aelius, Voyager, Wilco Beats Remix",QZWDD2263373,"DirtySnatcha, Aelius, Voyager, Wilco Beats",Spotify,"August 2024",GBR,Streaming,Single,Sale,2,0.016185000000
AUG-24,"DirtySnatcha Records",Maniac,,Sinatra,197999611932,DSR114,Maniac,,QZZEB2305800,Sinatra,Spotify,"August 2024",CAN,Streaming,Single,Sale,5,0.016209000000
AUG-24,"DirtySnatcha Records","Take A Trip","DirtySnatcha Remix","HEXED, Labs",198342492369,DSR0086A,"Take A Trip","DirtySnatcha Remix",QZ5FN2303924,"HEXED, Labs, DirtySnatcha",Spotify,"August 2024",CAN,Streaming,Single,Sale,5,0.016209000000
AUG-24,"DirtySnatcha Records",Tartarus,,CRiiOZ,198342042182,DSR127,Trust,,USLZJ2405591,CRiiOZ,Spotify,"August 2024",CAN,Streaming,Single,Sale,5,0.016209000000
AUG-24,"DirtySnatcha Records",Hypnotize,,"In Orbit Dubz",197999477019,DSR113,Hypnotize,,QZZ8B2327916,"In Orbit Dubz",Spotify,"August 2024",DEU,Streaming,Single,Sale,7,0.016240000000
AUG-24,"DirtySnatcha Records",Scorpion,,Torcha,198342501160,DSR0057A,Scorpion,,GBRKQ2202745,Torcha,Spotify,"August 2024",CAN,Streaming,Single,Sale,11,0.016305000000
AUG-24,"DirtySnatcha Records",Bloodthirsty,,Howker,198342475331,DSR0004A,Bloodthirsty,,GBWUL1958037,Howker,Spotify,"August 2024",CAN,Streaming,Single,Sale,11,0.016305000000
AUG-24,"DirtySnatcha Records","Need U","Ennaut Remix","DirtySnatcha, Autokorekt",198342500538,DSR0082A,"Need U","Ennaut Remix",QZWDD2263341,"DirtySnatcha, Autokorekt, Ennaut","Amazon Music Unlimited","August 2024",USA,Streaming,Single,Sale,1,0.016340000000
AUG-24,"DirtySnatcha Records","Need U","Dobadlyy Remix","DirtySnatcha, Autokorekt",198342491317,DSR0033A,"Need U","Dobadlyy Remix",QZ5FN2114150,"DirtySnatcha, Autokorekt, Dobadlyy","Amazon Music Unlimited","August 2024",USA,Streaming,Single,Sale,1,0.016340000000
AUG-24,"DirtySnatcha Records","Back Seat",,ZURGLIN,198342479735,DSR0099A,"Back Seat",,QZTV32373987,ZURGLIN,"Apple Music","August 2024",CAN,Streaming,Single,Sale,2,0.016365000000
AUG-24,"DirtySnatcha Records",Tartarus,,CRiiOZ,198342042182,DSR127,Psycho,,USLZJ2405590,"CRiiOZ, DSTRTN",Spotify,"August 2024",NLD,Streaming,Single,Sale,6,0.016391000000
AUG-24,"DirtySnatcha Records","Eight Six",,BBX,198342480014,DSR0092A,"Eight Six",,QZTV32366095,BBX,"YouTube Streaming","August 2024",FRA,Streaming,"Art Track",Sale,2,0.016504000000
AUG-24,"DirtySnatcha Records","Operator Error",,"Big City",198342036334,DSR125,"Operator Error",,USLZJ2403328,"Big City","Apple Music","August 2024",USA,Streaming,Single,Sale,1,0.016592000000
AUG-24,"DirtySnatcha Records","Black & Gold",,BBX,198342479889,DSR0096A,"Black & Gold",,QZTV32366677,BBX,"Apple Music","August 2024",USA,Streaming,Single,Sale,1,0.016592000000
AUG-24,"DirtySnatcha Records","Back Rooms",,"In Orbit Dubz",198342498644,DSR0077A,"Back Rooms",,QZWDD2257316,"In Orbit Dubz",Snap,"July 2024",USA,Streaming,"User Generated Content",Sale,1,0.016597000000
AUG-24,"DirtySnatcha Records","Genie In a Bottle",,"DirtySnatcha, Luci",198342437506,DSR132,"Genie In a Bottle",,GBWUL2407705,"DirtySnatcha, Luci",Spotify,"August 2024",HUN,Streaming,Single,Sale,7,0.016623000000
AUG-24,"DirtySnatcha Records",Assertion,,Aalioura,198342502129,DSR0076A,Assertion,,QZWDD2238845,Aalioura,Spotify,"August 2024",CAN,Streaming,Single,Sale,11,0.016684000000
AUG-24,"DirtySnatcha Records",Riptide,,"David Vance, Blue",198342508046,DSR0064A,Riptide,,GBRKQ2211179,"David Vance, Blue",Spotify,"August 2024",USA,Streaming,Single,Sale,6,0.016710000000
AUG-24,"DirtySnatcha Records","Keep Moving","Aelius, Voyager, Wilco Beats Remix",DirtySnatcha,198342499863,DSR0083A,"Keep Moving","Aelius, Voyager, Wilco Beats Remix",QZWDD2263373,"DirtySnatcha, Aelius, Voyager, Wilco Beats",Spotify,"August 2024",USA,Streaming,Single,Sale,6,0.016710000000
AUG-24,"DirtySnatcha Records","Crushed Glass",,BBX,198342479902,DSR0095A,"Crushed Glass",,QZTV32366684,BBX,Spotify,"August 2024",USA,Streaming,Single,Sale,6,0.016710000000
AUG-24,"DirtySnatcha Records","Crushed Glass",,BBX,198342479902,DSR0095A,"Crushed Glass",,QZTV32366684,BBX,"YouTube Streaming","August 2024",CAN,Streaming,"Art Track",Sale,2,0.016748000000
AUG-24,"DirtySnatcha Records","Eight Six",,BBX,198342480014,DSR0092A,"Eight Six",,QZTV32366095,BBX,"YouTube Streaming","August 2024",CAN,Streaming,"Art Track",Sale,2,0.016748000000
AUG-24,"DirtySnatcha Records","Chin Check",,"Spiritual Gangsters",198342476383,DSR0008A,"Chin Check",,GBWUL2075629,"Spiritual Gangsters","YouTube Streaming","August 2024",CAN,Streaming,"Art Track",Sale,2,0.016748000000
AUG-24,"DirtySnatcha Records",WTF,,"BBX, Sloth",198342356135,DSR131,WTF,,GBRKQ2471312,"BBX, Sloth",Spotify,"August 2024",IRL,Streaming,Single,Sale,3,0.016798000000
AUG-24,"DirtySnatcha Records","Fog Horn",,DENNETT,198342502969,DSR0074A,"Fog Horn",,QZTRX2237730,DENNETT,"Apple Music","August 2024",CAN,Streaming,Single,Sale,6,0.016881000000
AUG-24,"DirtySnatcha Records",Tartarus,,CRiiOZ,198342042182,DSR127,Trust,,USLZJ2405591,CRiiOZ,Spotify,"August 2024",DEU,Streaming,Single,Sale,3,0.016903000000
AUG-24,"DirtySnatcha Records","Genie In a Bottle",,"DirtySnatcha, Luci",198342437506,DSR132,"Genie In a Bottle",,GBWUL2407705,"DirtySnatcha, Luci",Spotify,"August 2024",EST,Streaming,Single,Sale,9,0.016928000000
AUG-24,"DirtySnatcha Records",Tartarus,,CRiiOZ,198342042182,DSR127,"In The Walls",,USLZJ2405562,CRiiOZ,Spotify,"August 2024",FRA,Streaming,Single,Sale,4,0.016929000000
AUG-24,"DirtySnatcha Records",Tartarus,,CRiiOZ,198342042182,DSR127,"Let Go",,USLZJ2405592,CRiiOZ,"Apple Music","August 2024",USA,Streaming,Single,Sale,1,0.016958000000
AUG-24,"DirtySnatcha Records","Out Of Service",,"Autokorekt, ChemDawg",198342492215,DSR0046A,"Out Of Service",,GBWUL2192863,"Autokorekt, ChemDawg, Versace",Spotify,"August 2024",NOR,Streaming,Single,Sale,3,0.016970000000
AUG-24,"DirtySnatcha Records","Run It Up",,"CHRMNDRS, Future Exit",198342476673,DSR0010A,"Run It Up",,GBWUL2081365,"CHRMNDRS, Future Exit",Spotify,"August 2024",NOR,Streaming,Single,Sale,3,0.016970000000
AUG-24,"DirtySnatcha Records",Tartarus,,CRiiOZ,198342042182,DSR127,Psycho,,USLZJ2405590,"CRiiOZ, DSTRTN","YouTube Streaming","August 2024",USA,Streaming,"Art Track",Sale,1,0.016979000000
AUG-24,"DirtySnatcha Records",Hypnotize,,"In Orbit Dubz",197999477019,DSR113,Hypnotize,,QZZ8B2327916,"In Orbit Dubz","Beatport Link Mechanicals","August 2024",USA,Streaming,"Mechanical Royalties",Sale,2,0.017024000000
AUG-24,"DirtySnatcha Records",Tartarus,,CRiiOZ,198342042182,DSR127,Psycho,,USLZJ2405590,"CRiiOZ, DSTRTN",Spotify,"August 2024",SVK,Streaming,Single,Sale,14,0.017035000000
AUG-24,"DirtySnatcha Records","Genie In a Bottle",,"DirtySnatcha, Luci",198342437506,DSR132,"Genie In a Bottle",,GBWUL2407705,"DirtySnatcha, Luci",Spotify,"August 2024",ZAF,Streaming,Single,Sale,20,0.017080000000
AUG-24,"DirtySnatcha Records",WTF,,"BBX, Sloth",198342356135,DSR131,WTF,,GBRKQ2471312,"BBX, Sloth",Spotify,"August 2024",BRA,Streaming,Single,Sale,18,0.017103000000
AUG-24,"DirtySnatcha Records","BIG UPS",,"RAZR, VASTIVE",198342478684,DSR0024A,"BIG UPS",,USLZJ2023938,"RAZR, VASTIVE","Apple Music","August 2024",USA,Streaming,Single,Sale,6,0.017116000000
AUG-24,"DirtySnatcha Records",Wompem,,ZURGLIN,198342492161,DSR0088A,Wompem,,USLZJ2318255,ZURGLIN,"YouTube Streaming","August 2024",CAN,Streaming,"Art Track",Sale,5,0.017122000000
AUG-24,"DirtySnatcha Records","Out Of Service",,"Autokorekt, ChemDawg",198342492215,DSR0046A,"Out Of Service",,GBWUL2192863,"Autokorekt, ChemDawg, Versace","YouTube Streaming","August 2024",USA,Streaming,"Art Track",Sale,4,0.017184000000
AUG-24,"DirtySnatcha Records","The Back Rooms EP",,"In Orbit Dubz",198342501023,DSR0081A,Destroy,,QZWDD2257331,"In Orbit Dubz, DSTRTN","Apple Music","August 2024",USA,Streaming,Single,Sale,5,0.017215000000
AUG-24,"DirtySnatcha Records","Keep Moving","Audigy Remix",DirtySnatcha,197999143198,DSR0104,"Keep Moving","Audigy Remix",QZWV32320452,"DirtySnatcha, Audigy","Apple Music","August 2024",USA,Streaming,Single,Sale,5,0.017215000000
AUG-24,"DirtySnatcha Records",Apparition,,CVLVALRI,198342507926,DSR0063A,Apparition,,GBRKQ2204805,CVLVALRI,Spotify,"August 2024",AUS,Streaming,Single,Sale,6,0.017269000000
AUG-24,"DirtySnatcha Records",Nightmare,,"In Orbit Dubz",198342501320,DSR0080A,Nightmare,,QZWDD2257336,"In Orbit Dubz",Spotify,"August 2024",AUS,Streaming,Single,Sale,6,0.017269000000
AUG-24,"DirtySnatcha Records",WTF,,"BBX, Sloth",198342356135,DSR131,WTF,,GBRKQ2471312,"BBX, Sloth",Spotify,"August 2024",CAN,Streaming,Single,Sale,5,0.017297000000
AUG-24,"DirtySnatcha Records","Genie In a Bottle",,"DirtySnatcha, Luci",198342437506,DSR132,"Genie In a Bottle",,GBWUL2407705,"DirtySnatcha, Luci",Spotify,"August 2024",DEU,Streaming,Single,Sale,19,0.017311000000
AUG-24,"DirtySnatcha Records","Genie In a Bottle",,"DirtySnatcha, Luci",198342437506,DSR132,"Genie In a Bottle",,GBWUL2407705,"DirtySnatcha, Luci",Spotify,"August 2024",NZL,Streaming,Single,Sale,10,0.017315000000
AUG-24,"DirtySnatcha Records","Operator Error",,"Big City",198342036334,DSR125,"Operator Error",,USLZJ2403328,"Big City","Apple Music","August 2024",GBR,Streaming,Single,Sale,3,0.017319000000
AUG-24,"DirtySnatcha Records",Scorpion,,Torcha,198342501160,DSR0057A,Scorpion,,GBRKQ2202745,Torcha,TIDAL,"July 2024",USA,Streaming,Single,Sale,2,0.017333000000
AUG-24,"DirtySnatcha Records","Genie In a Bottle",,"DirtySnatcha, Luci",198342437506,DSR132,"Genie In a Bottle",,GBWUL2407705,"DirtySnatcha, Luci","Facebook / Instagram - Revenue Share","July 2024",USA,Streaming,"Audio Library: Consumption",Sale,1212,0.017347000000
AUG-24,"DirtySnatcha Records","Demon Hunter",,Zubah,198342478141,DSR0016A,"Demon Hunter",,QZ5FN2003847,Zubah,"YouTube Streaming","August 2024",USA,Streaming,"Art Track",Sale,2,0.017386000000
AUG-24,"DirtySnatcha Records","The Back Rooms EP",,"In Orbit Dubz",198342501023,DSR0081A,"Back Rooms",,QZWDD2257316,"In Orbit Dubz","Apple Music","August 2024",USA,Streaming,Single,Sale,1,0.017435000000
AUG-24,"DirtySnatcha Records","Genie In a Bottle",,"DirtySnatcha, Luci",198342437506,DSR132,"Genie In a Bottle",,GBWUL2407705,"DirtySnatcha, Luci","Apple DJ Mixes","August 2024",USA,Streaming,Single,Sale,68,0.017451000000
AUG-24,"DirtySnatcha Records","Fog Horn",,DENNETT,198342502969,DSR0074A,"Fog Horn",,QZTRX2237730,DENNETT,"Apple Music","August 2024",MEX,Streaming,Single,Sale,3,0.017466000000
AUG-24,"DirtySnatcha Records",Bluntz,,"Flatland Funk",198342491294,DSR0031A,Bluntz,,GBRKQ2041356,"Flatland Funk, Blupill","YouTube Streaming","August 2024",CAN,Streaming,"Art Track",Sale,4,0.017467000000
AUG-24,"DirtySnatcha Records",Nightmare,,"In Orbit Dubz",198342501320,DSR0080A,Nightmare,,QZWDD2257336,"In Orbit Dubz",Spotify,"August 2024",BEL,Streaming,Single,Sale,7,0.017552000000
AUG-24,"DirtySnatcha Records",Destroy,,"In Orbit Dubz, DSTRTN",198342501504,DSR0079A,Destroy,,QZWDD2257331,"In Orbit Dubz, DSTRTN",Spotify,"August 2024",USA,Streaming,Single,Sale,5,0.017607000000
AUG-24,"DirtySnatcha Records",Bloodthirsty,,Howker,198342475331,DSR0004A,Bloodthirsty,,GBWUL1958037,Howker,Spotify,"August 2024",MEX,Streaming,Single,Sale,24,0.017640000000
AUG-24,"DirtySnatcha Records",Dimension,,"In Orbit Dubz, Nein Lives",198342496138,DSR0051A,Dimension,,QZ5FN2266737,"In Orbit Dubz, Nein Lives",Spotify,"August 2024",USA,Streaming,Single,Sale,3,0.017680000000
AUG-24,"DirtySnatcha Records",WTF,,"BBX, Sloth",198342356135,DSR131,WTF,,GBRKQ2471312,"BBX, Sloth",Spotify,"August 2024",CHL,Streaming,Single,Sale,25,0.017762000000
AUG-24,"DirtySnatcha Records",Rudeboy,,"Seeing Double, Kryture",198342476352,DSR0007A,Rudeboy,,GBWUL2045907,"Seeing Double, Kryture",Spotify,"August 2024",CAN,Streaming,Single,Sale,12,0.017787000000
AUG-24,"DirtySnatcha Records","Genie In a Bottle",,"DirtySnatcha, Luci",198342437506,DSR132,"Genie In a Bottle",,GBWUL2407705,"DirtySnatcha, Luci","Apple Music","August 2024",AUS,Streaming,Single,Sale,4,0.017804000000
AUG-24,"DirtySnatcha Records","Crushed Glass",,BBX,198342479902,DSR0095A,"Crushed Glass",,QZTV32366684,BBX,Spotify,"August 2024",CAN,Streaming,Single,Sale,3,0.017809000000
AUG-24,"DirtySnatcha Records","Fuck It Up",,"In Orbit Dubz",198342501825,DSR0078A,"Fuck It Up",,QZWDD2257318,"In Orbit Dubz",Spotify,"August 2024",CAN,Streaming,Single,Sale,3,0.017809000000
AUG-24,"DirtySnatcha Records",Nightmare,,"In Orbit Dubz",198342501320,DSR0080A,Nightmare,,QZWDD2257336,"In Orbit Dubz",Spotify,"August 2024",AUT,Streaming,Single,Sale,8,0.017810000000
AUG-24,"DirtySnatcha Records",Tartarus,,CRiiOZ,198342042182,DSR127,"Watch Out",,USLZJ2405588,CRiiOZ,TIDAL,"August 2024",POL,Streaming,Single,Sale,4,0.017898000000
AUG-24,"DirtySnatcha Records","Operator Error",,"Big City",198342036334,DSR125,"Weed Spot",,USLZJ2403314,"Big City",Spotify,"August 2024",USA,Streaming,Single,Sale,9,0.018006000000
AUG-24,"DirtySnatcha Records","Crushed Glass",,BBX,198342479902,DSR0095A,"Crushed Glass",,QZTV32366684,BBX,Spotify,"August 2024",FIN,Streaming,Single,Sale,3,0.018008000000
AUG-24,"DirtySnatcha Records","Genie In a Bottle",,"DirtySnatcha, Luci",198342437506,DSR132,"Genie In a Bottle",,GBWUL2407705,"DirtySnatcha, Luci",Spotify,"August 2024",GBR,Streaming,Single,Sale,15,0.018018000000
AUG-24,"DirtySnatcha Records","Eight Six",,BBX,198342480014,DSR0092A,"Eight Six",,QZTV32366095,BBX,"YouTube Streaming","August 2024",ISL,Streaming,"Art Track",Sale,1,0.018067000000
AUG-24,"DirtySnatcha Records",Game,,"Sloth, CHACKK",197999855442,DSR116,Game,,QZ5FN2416543,"Sloth, CHACKK","YouTube Content ID","August 2024",USA,UGC,"Sound Recording",Sale,4,0.018068000000
AUG-24,"DirtySnatcha Records",WTF,,"BBX, Sloth",198342356135,DSR131,WTF,,GBRKQ2471312,"BBX, Sloth",Spotify,"August 2024",POL,Streaming,Single,Sale,18,0.018150000000
AUG-24,"DirtySnatcha Records","Genie In a Bottle",,"DirtySnatcha, Luci",198342437506,DSR132,"Genie In a Bottle",,GBWUL2407705,"DirtySnatcha, Luci",Spotify,"August 2024",KOR,Streaming,Single,Sale,6,0.018165000000
AUG-24,"DirtySnatcha Records","Genie In a Bottle",,"DirtySnatcha, Luci",198342437506,DSR132,"Genie In a Bottle",,GBWUL2407705,"DirtySnatcha, Luci","Amazon Music Unlimited","August 2024",BRA,Streaming,Single,Sale,5,0.018190000000
AUG-24,"DirtySnatcha Records","Run It Up",,"CHRMNDRS, Future Exit",198342476673,DSR0010A,"Run It Up",,GBWUL2081365,"CHRMNDRS, Future Exit",Spotify,"August 2024",CAN,Streaming,Single,Sale,12,0.018201000000
AUG-24,"DirtySnatcha Records","Big Body",,"BOU$HY, Eazley",198342494042,DSR0048A,"Big Body",,QZ5FN2216262,"BOU$HY, Eazley","Apple Music","August 2024",USA,Streaming,Single,Sale,1,0.018226000000
AUG-24,"DirtySnatcha Records","Keep Moving","Aelius, Voyager, Wilco Beats Remix",DirtySnatcha,198342499863,DSR0083A,"Keep Moving","Aelius, Voyager, Wilco Beats Remix",QZWDD2263373,"DirtySnatcha, Aelius, Voyager, Wilco Beats",Spotify,"August 2024",AUS,Streaming,Single,Sale,5,0.018244000000
AUG-24,"DirtySnatcha Records","Eight Six",,BBX,198342480014,DSR0092A,"Eight Six",,QZTV32366095,BBX,Spotify,"August 2024",AUS,Streaming,Single,Sale,5,0.018244000000
AUG-24,"DirtySnatcha Records","Crushed Glass",,BBX,198342479902,DSR0095A,"Crushed Glass",,QZTV32366684,BBX,Spotify,"August 2024",AUS,Streaming,Single,Sale,5,0.018244000000
AUG-24,"DirtySnatcha Records","Fuck It Up",,"In Orbit Dubz",198342501825,DSR0078A,"Fuck It Up",,QZWDD2257318,"In Orbit Dubz",Spotify,"August 2024",AUS,Streaming,Single,Sale,5,0.018244000000
AUG-24,"DirtySnatcha Records",Game,,"Sloth, CHACKK",197999855442,DSR116,Game,,QZ5FN2416543,"Sloth, CHACKK","Facebook / Instagram","July 2024",DEU,Streaming,"Audio Library: Production",Sale,1,0.018319000000
AUG-24,"DirtySnatcha Records","Genie In a Bottle",,"DirtySnatcha, Luci",198342437506,DSR132,"Genie In a Bottle",,GBWUL2407705,"DirtySnatcha, Luci",Spotify,"August 2024",AUS,Streaming,Single,Sale,3,0.018343000000
AUG-24,"DirtySnatcha Records","GO MAD",,"DSTRTN, CRiiOZ",198342500286,DSR0056A,"GO MAD",,USLZJ2297741,"DSTRTN, CRiiOZ",Spotify,"August 2024",GBR,Streaming,Single,Sale,3,0.018376000000
AUG-24,"DirtySnatcha Records","Round 2",,"Nekz, Meechie Murda",197999919441,DSR121,"Round 2",,QZ5FN2445592,"Nekz, Meechie Murda",Spotify,"August 2024",GBR,Streaming,Single,Sale,3,0.018376000000
AUG-24,"DirtySnatcha Records","Take A Trip","DirtySnatcha Remix","HEXED, Labs",198342492369,DSR0086A,"Take A Trip","DirtySnatcha Remix",QZ5FN2303924,"HEXED, Labs, DirtySnatcha",Snap,"July 2024",USA,Streaming,"User Generated Content",Sale,1,0.018408000000
AUG-24,"DirtySnatcha Records",Bloodthirsty,,Howker,198342475331,DSR0004A,Bloodthirsty,,GBWUL1958037,Howker,Spotify,"August 2024",USA,Streaming,Single,Sale,4,0.018422000000
AUG-24,"DirtySnatcha Records","Need U","Dobadlyy Remix","DirtySnatcha, Autokorekt",198342491317,DSR0033A,"Need U","Dobadlyy Remix",QZ5FN2114150,"DirtySnatcha, Autokorekt, Dobadlyy",Spotify,"August 2024",USA,Streaming,Single,Sale,4,0.018422000000
AUG-24,"DirtySnatcha Records","Eight Six",,BBX,198342480014,DSR0092A,"Eight Six",,QZTV32366095,BBX,Spotify,"August 2024",USA,Streaming,Single,Sale,4,0.018422000000
AUG-24,"DirtySnatcha Records","Genie In a Bottle",,"DirtySnatcha, Luci",198342437506,DSR132,"Genie In a Bottle",,GBWUL2407705,"DirtySnatcha, Luci","YouTube Streaming","August 2024",CAN,Streaming,"Art Track",Sale,2,0.018453000000
AUG-24,"DirtySnatcha Records",WTF,,"BBX, Sloth",198342356135,DSR131,WTF,,GBRKQ2471312,"BBX, Sloth",Spotify,"August 2024",IND,Streaming,Single,Sale,22,0.018512000000
AUG-24,"DirtySnatcha Records","Fog Horn",,DENNETT,198342502969,DSR0074A,"Fog Horn",,QZTRX2237730,DENNETT,"Apple Music","August 2024",CAN,Streaming,Single,Sale,7,0.018517000000
AUG-24,"DirtySnatcha Records",PTSD,,SHOCKZ,198342479049,DSR0028A,PTSD,,USLZJ2069504,SHOCKZ,Spotify,"August 2024",DEU,Streaming,Single,Sale,8,0.018561000000
AUG-24,"DirtySnatcha Records",Nightmare,,"In Orbit Dubz",198342501320,DSR0080A,Nightmare,,QZWDD2257336,"In Orbit Dubz",Spotify,"August 2024",DEU,Streaming,Single,Sale,8,0.018561000000
AUG-24,"DirtySnatcha Records","Genie In a Bottle",,"DirtySnatcha, Luci",198342437506,DSR132,"Genie In a Bottle",,GBWUL2407705,"DirtySnatcha, Luci",Spotify,"August 2024",HKG,Streaming,Single,Sale,4,0.018590000000
AUG-24,"DirtySnatcha Records","Back Rooms",,"In Orbit Dubz",198342498644,DSR0077A,"Back Rooms",,QZWDD2257316,"In Orbit Dubz",Spotify,"August 2024",USA,Streaming,Single,Sale,2,0.018661000000
AUG-24,"DirtySnatcha Records","Always Got Me",,Ennaut,198342494790,DSR0050A,"Always Got Me",,QZ5FN2248162,Ennaut,TIDAL,"August 2024",USA,Streaming,Single,Sale,2,0.018744000000
AUG-24,"DirtySnatcha Records",Heartbreaker,,Kryture,198342478202,DSR0019A,Heartbreaker,,QZ5FN2071126,Kryture,"Apple Music","August 2024",USA,Streaming,Single,Sale,1,0.018856000000
AUG-24,"DirtySnatcha Records","Out Of Service",,"Autokorekt, ChemDawg",198342492215,DSR0046A,"Out Of Service",,GBWUL2192863,"Autokorekt, ChemDawg, Versace",Spotify,"August 2024",GBR,Streaming,Single,Sale,1,0.018862000000
AUG-24,"DirtySnatcha Records","Riddim Gang",,"Megahurtz, Alienpark",198342478288,DSR0020A,"Riddim Gang",,QZ5FN2074245,"Megahurtz, Alienpark",Spotify,"August 2024",USA,Streaming,Single,Sale,4,0.018902000000
AUG-24,"DirtySnatcha Records",Rudeboy,,"Seeing Double, Kryture",198342476352,DSR0007A,Rudeboy,,GBWUL2045907,"Seeing Double, Kryture",Spotify,"August 2024",USA,Streaming,Single,Sale,3,0.018919000000
AUG-24,"DirtySnatcha Records","Genie In a Bottle",,"DirtySnatcha, Luci",198342437506,DSR132,"Genie In a Bottle",,GBWUL2407705,"DirtySnatcha, Luci",Spotify,"August 2024",BRA,Streaming,Single,Sale,21,0.018921000000
AUG-24,"DirtySnatcha Records",Tartarus,,CRiiOZ,198342042182,DSR127,Psycho,,USLZJ2405590,"CRiiOZ, DSTRTN",Spotify,"August 2024",HUN,Streaming,Single,Sale,8,0.018999000000
AUG-24,"DirtySnatcha Records",Demons,,"Scafetta, Raddix",198342507834,DSR0058A,Demons,,GBRKQ2203029,"Scafetta, Raddix",Snap,"August 2024",USA,Streaming,"User Generated Content",Sale,1,0.019028000000
AUG-24,"DirtySnatcha Records",Tartarus,,CRiiOZ,198342042182,DSR127,"In The Walls",,USLZJ2405562,CRiiOZ,"Apple Music","August 2024",CZE,Streaming,Single,Sale,6,0.019051000000
AUG-24,"DirtySnatcha Records",Tartarus,,CRiiOZ,198342042182,DSR127,Psycho,,USLZJ2405590,"CRiiOZ, DSTRTN",Spotify,"August 2024",ESP,Streaming,Single,Sale,3,0.019109000000
AUG-24,"DirtySnatcha Records","Run It Up",,"CHRMNDRS, Future Exit",198342476673,DSR0010A,"Run It Up",,GBWUL2081365,"CHRMNDRS, Future Exit",TIDAL,"August 2024",USA,Streaming,Single,Sale,2,0.019207000000
AUG-24,"DirtySnatcha Records","Giving Up VIP",,"CHRMNDRS, SEEING\\DOUBLE",198342492154,DSR0044A,"Giving Up VIP",,GBWUL2158623,"CHRMNDRS, SEEING\\DOUBLE",TIDAL,"August 2024",USA,Streaming,Single,Sale,2,0.019207000000
AUG-24,"DirtySnatcha Records","Genie In a Bottle",,"DirtySnatcha, Luci",198342437506,DSR132,"Genie In a Bottle",,GBWUL2407705,"DirtySnatcha, Luci",Spotify,"August 2024",LVA,Streaming,Single,Sale,8,0.019225000000
AUG-24,"DirtySnatcha Records","GO MAD",,"DSTRTN, CRiiOZ",198342500286,DSR0056A,"GO MAD",,USLZJ2297741,"DSTRTN, CRiiOZ",Spotify,"August 2024",CAN,Streaming,Single,Sale,13,0.019270000000
AUG-24,"DirtySnatcha Records",Tartarus,,CRiiOZ,198342042182,DSR127,"Watch Out",,USLZJ2405588,CRiiOZ,Spotify,"August 2024",CAN,Streaming,Single,Sale,13,0.019270000000
AUG-24,"DirtySnatcha Records",WTF,,"BBX, Sloth",198342356135,DSR131,WTF,,GBRKQ2471312,"BBX, Sloth",Spotify,"August 2024",COL,Streaming,Single,Sale,14,0.019292000000
AUG-24,"DirtySnatcha Records","Genie In a Bottle",,"DirtySnatcha, Luci",198342437506,DSR132,"Genie In a Bottle",,GBWUL2407705,"DirtySnatcha, Luci","Apple Music","August 2024",MEX,Streaming,Single,Sale,13,0.019314000000
AUG-24,"DirtySnatcha Records",Scorpion,,Torcha,198342501160,DSR0057A,Scorpion,,GBRKQ2202745,Torcha,"Apple Music","August 2024",USA,Streaming,Single,Sale,3,0.019388000000
AUG-24,"DirtySnatcha Records","Westside Rollin","CHRMNDRS Remix",DirtySnatcha,198342475133,DSR0003A,"Westside Rollin","CHRMNDRS Remix",GBWUL1920889,"DirtySnatcha, CHRMNDRS","Apple Music","August 2024",USA,Streaming,Single,Sale,3,0.019388000000
AUG-24,"DirtySnatcha Records","Black & Gold",,BBX,198342479889,DSR0096A,"Eight Six",,QZTV32366095,BBX,"Apple Music","August 2024",USA,Streaming,Single,Sale,3,0.019388000000
AUG-24,"DirtySnatcha Records","Operator Error",,"Big City",198342036334,DSR125,"No Problems!",,USLZJ2403319,"Big City, Tonzology","Apple Music","August 2024",USA,Streaming,Single,Sale,3,0.019388000000
AUG-24,"DirtySnatcha Records","BIG UPS",,"RAZR, VASTIVE",198342478684,DSR0024A,"BIG UPS",,USLZJ2023938,"RAZR, VASTIVE",Spotify,"August 2024",USA,Streaming,Single,Sale,10,0.019408000000
AUG-24,"DirtySnatcha Records","Keep Moving","Aelius, Voyager, Wilco Beats Remix",DirtySnatcha,198342499863,DSR0083A,"Keep Moving","Aelius, Voyager, Wilco Beats Remix",QZWDD2263373,"DirtySnatcha, Aelius, Voyager, Wilco Beats",Spotify,"August 2024",USA,Streaming,Single,Sale,10,0.019408000000
AUG-24,"DirtySnatcha Records",Game,,"Sloth, CHACKK",197999855442,DSR116,Game,,QZ5FN2416543,"Sloth, CHACKK",Spotify,"August 2024",USA,Streaming,Single,Sale,10,0.019408000000
AUG-24,"DirtySnatcha Records","High On Life",,Autokorekt,198342479759,DSR0098A,"High On Life",,QZTV32368009,"Autokorekt, Ashclappem",Spotify,"August 2024",USA,Streaming,Single,Sale,7,0.019495000000
AUG-24,"DirtySnatcha Records",Shook,,BBX,198342479957,DSR0094A,Shook,,QZTV32366682,BBX,Spotify,"August 2024",USA,Streaming,Single,Sale,7,0.019495000000
AUG-24,"DirtySnatcha Records",Bloodthirsty,,Howker,198342475331,DSR0004A,Bloodthirsty,,GBWUL1958037,Howker,Spotify,"August 2024",USA,Streaming,Single,Sale,7,0.019495000000
AUG-24,"DirtySnatcha Records",WTF,,"BBX, Sloth",198342356135,DSR131,WTF,,GBRKQ2471312,"BBX, Sloth",Spotify,"August 2024",FRA,Streaming,Single,Sale,54,0.019565000000
AUG-24,"DirtySnatcha Records","Genie In a Bottle",,"DirtySnatcha, Luci",198342437506,DSR132,"Genie In a Bottle",,GBWUL2407705,"DirtySnatcha, Luci","Amazon Music Unlimited","August 2024",GBR,Streaming,Single,Sale,1,0.019613000000
AUG-24,"DirtySnatcha Records",WTF,,"BBX, Sloth",198342356135,DSR131,WTF,,GBRKQ2471312,"BBX, Sloth",Spotify,"August 2024",ZAF,Streaming,Single,Sale,23,0.019643000000
AUG-24,"DirtySnatcha Records",WTF,,"BBX, Sloth",198342356135,DSR131,WTF,,GBRKQ2471312,"BBX, Sloth",Spotify,"August 2024",FIN,Streaming,Single,Sale,2,0.019670000000
AUG-24,"DirtySnatcha Records",Tartarus,,CRiiOZ,198342042182,DSR127,Psycho,,USLZJ2405590,"CRiiOZ, DSTRTN","Apple Music","August 2024",CAN,Streaming,Single,Sale,8,0.019804000000
AUG-24,"DirtySnatcha Records","Fog Horn",,DENNETT,198342502969,DSR0074A,"Fog Horn",,QZTRX2237730,DENNETT,Spotify,"August 2024",CZE,Streaming,Single,Sale,6,0.019820000000
AUG-24,"DirtySnatcha Records",Nightmare,,"In Orbit Dubz",198342501320,DSR0080A,Nightmare,,QZWDD2257336,"In Orbit Dubz",Spotify,"August 2024",MEX,Streaming,Single,Sale,27,0.019845000000
AUG-24,"DirtySnatcha Records",Torture,,"Twisted, Chutez & Ladderz, R3mark",198342508053,DSR0061A,Torture,,GBRKQ2224624,"Twisted, Chutez & Ladderz, R3mark","Apple Music","August 2024",USA,Streaming,Single,Sale,1,0.019891000000
AUG-24,"DirtySnatcha Records","Genie In a Bottle",,"DirtySnatcha, Luci",198342437506,DSR132,"Genie In a Bottle",,GBWUL2407705,"DirtySnatcha, Luci",Spotify,"August 2024",JPN,Streaming,Single,Sale,6,0.019892000000
AUG-24,"DirtySnatcha Records","Genie In a Bottle",,"DirtySnatcha, Luci",198342437506,DSR132,"Genie In a Bottle",,GBWUL2407705,"DirtySnatcha, Luci",Spotify,"August 2024",DNK,Streaming,Single,Sale,6,0.019904000000
AUG-24,"DirtySnatcha Records",Nightmare,,"In Orbit Dubz",198342501320,DSR0080A,Nightmare,,QZWDD2257336,"In Orbit Dubz",Spotify,"August 2024",NZL,Streaming,Single,Sale,5,0.019918000000
AUG-24,"DirtySnatcha Records","Fog Horn",,DENNETT,198342502969,DSR0074A,"Fog Horn",,QZTRX2237730,DENNETT,"Apple Music","August 2024",CAN,Streaming,Single,Sale,3,0.019920000000
AUG-24,"DirtySnatcha Records",WTF,,"BBX, Sloth",198342356135,DSR131,WTF,,GBRKQ2471312,"BBX, Sloth",Spotify,"August 2024",ESP,Streaming,Single,Sale,1,0.019933000000
AUG-24,"DirtySnatcha Records","Out Of Service",,"Autokorekt, ChemDawg",198342492215,DSR0046A,"Out Of Service",,GBWUL2192863,"Autokorekt, ChemDawg, Versace","Apple Music","August 2024",USA,Streaming,Single,Sale,7,0.019969000000
AUG-24,"DirtySnatcha Records","The Back Rooms EP",,"In Orbit Dubz",198342501023,DSR0081A,Destroy,,QZWDD2257331,"In Orbit Dubz, DSTRTN","Apple Music","August 2024",USA,Streaming,Single,Sale,7,0.019969000000
AUG-24,"DirtySnatcha Records",Hypnotize,,"In Orbit Dubz",197999477019,DSR113,Hypnotize,,QZZ8B2327916,"In Orbit Dubz","Apple Music","August 2024",USA,Streaming,Single,Sale,3,0.019984000000
AUG-24,"DirtySnatcha Records",Apparition,,CVLVALRI,198342507926,DSR0063A,Apparition,,GBRKQ2204805,CVLVALRI,Spotify,"August 2024",USA,Streaming,Single,Sale,10,0.020007000000
AUG-24,"DirtySnatcha Records","Game Time",,"Autokorekt, Eazley",198342476338,DSR0006A,"Game Time",,GBWUL2023530,"Autokorekt, Eazley, Rico Act","Apple Music","August 2024",USA,Streaming,Single,Sale,2,0.020025000000
AUG-24,"DirtySnatcha Records","Giving Up VIP",,"CHRMNDRS, SEEING\\DOUBLE",198342492154,DSR0044A,"Giving Up VIP",,GBWUL2158623,"CHRMNDRS, SEEING\\DOUBLE","Apple Music","August 2024",USA,Streaming,Single,Sale,3,0.020056000000
AUG-24,"DirtySnatcha Records","The Back Rooms EP",,"In Orbit Dubz",198342501023,DSR0081A,Destroy,,QZWDD2257331,"In Orbit Dubz, DSTRTN","Apple Music","August 2024",USA,Streaming,Single,Sale,3,0.020057000000
AUG-24,"DirtySnatcha Records","Genie In a Bottle",,"DirtySnatcha, Luci",198342437506,DSR132,"Genie In a Bottle",,GBWUL2407705,"DirtySnatcha, Luci",Spotify,"August 2024",CHE,Streaming,Single,Sale,3,0.020101000000
AUG-24,"DirtySnatcha Records","Apple Sowce",,Autokorekt,198342768341,DSR134,"Apple Sowce",,QZTRX2474922,Autokorekt,Spotify,"August 2024",AUS,Streaming,Single,Sale,7,0.020148000000
AUG-24,"DirtySnatcha Records",Radioactivity,,"In Orbit Dubz",198342500118,DSR0053A,Radioactivity,,USLZJ2286474,"In Orbit Dubz","YouTube Streaming","August 2024",USA,Streaming,"Art Track",Sale,4,0.020206000000
AUG-24,"DirtySnatcha Records",WTF,,"BBX, Sloth",198342356135,DSR131,WTF,,GBRKQ2471312,"BBX, Sloth",Spotify,"August 2024",FIN,Streaming,Single,Sale,4,0.020388000000
AUG-24,"DirtySnatcha Records",Nightmare,,"In Orbit Dubz",198342501320,DSR0080A,Nightmare,,QZWDD2257336,"In Orbit Dubz",Spotify,"August 2024",USA,Streaming,Single,Sale,6,0.020411000000
AUG-24,"DirtySnatcha Records",Tartarus,,CRiiOZ,198342042182,DSR127,"In The Walls",,USLZJ2405562,CRiiOZ,"Amazon Music Unlimited","August 2024",USA,Streaming,Single,Sale,1,0.020440000000
AUG-24,"DirtySnatcha Records",Tartarus,,CRiiOZ,198342042182,DSR127,Trust,,USLZJ2405591,CRiiOZ,"YouTube Streaming","August 2024",USA,Streaming,"Art Track",Sale,1,0.020543000000
AUG-24,"DirtySnatcha Records",Radioactivity,,"In Orbit Dubz",198342500118,DSR0053A,Radioactivity,,USLZJ2286474,"In Orbit Dubz","Apple Music","August 2024",USA,Streaming,Single,Sale,2,0.020573000000
AUG-24,"DirtySnatcha Records","Back Rooms",,"In Orbit Dubz",198342498644,DSR0077A,"Back Rooms",,QZWDD2257316,"In Orbit Dubz","Amazon Music Unlimited","August 2024",USA,Streaming,Single,Sale,2,0.020636000000
AUG-24,"DirtySnatcha Records","Keep Moving","Aelius, Voyager, Wilco Beats Remix",DirtySnatcha,198342499863,DSR0083A,"Keep Moving","Aelius, Voyager, Wilco Beats Remix",QZWDD2263373,"DirtySnatcha, Aelius, Voyager, Wilco Beats","Apple Music","August 2024",USA,Streaming,Single,Sale,6,0.020658000000
AUG-24,"DirtySnatcha Records",WTF,,"BBX, Sloth",198342356135,DSR131,WTF,,GBRKQ2471312,"BBX, Sloth","Apple Music","August 2024",USA,Streaming,Single,Sale,6,0.020658000000
AUG-24,"DirtySnatcha Records",WTF,,"BBX, Sloth",198342356135,DSR131,WTF,,GBRKQ2471312,"BBX, Sloth",Spotify,"August 2024",HND,Streaming,Single,Sale,9,0.020666000000
AUG-24,"DirtySnatcha Records","Giving Up VIP",,"CHRMNDRS, SEEING\\DOUBLE",198342492154,DSR0044A,"Giving Up VIP",,GBWUL2158623,"CHRMNDRS, SEEING\\DOUBLE",Spotify,"August 2024",CAN,Streaming,Single,Sale,14,0.020752000000
AUG-24,"DirtySnatcha Records",Tartarus,,CRiiOZ,198342042182,DSR127,"In The Walls",,USLZJ2405562,CRiiOZ,Spotify,"August 2024",BEL,Streaming,Single,Sale,4,0.020818000000
AUG-24,"DirtySnatcha Records","Genie In a Bottle",,"DirtySnatcha, Luci",198342437506,DSR132,"Genie In a Bottle",,GBWUL2407705,"DirtySnatcha, Luci",Spotify,"August 2024",FIN,Streaming,Single,Sale,7,0.020834000000
AUG-24,"DirtySnatcha Records","Genie In a Bottle",,"DirtySnatcha, Luci",198342437506,DSR132,"Genie In a Bottle",,GBWUL2407705,"DirtySnatcha, Luci",Spotify,"August 2024",GBR,Streaming,Single,Sale,1,0.020868000000
AUG-24,"DirtySnatcha Records","GO MAD",,"DSTRTN, CRiiOZ",198342500286,DSR0056A,"GO MAD",,USLZJ2297741,"DSTRTN, CRiiOZ",Spotify,"August 2024",DEU,Streaming,Single,Sale,9,0.020880000000
AUG-24,"DirtySnatcha Records","Take A Trip","DirtySnatcha Remix","HEXED, Labs",198342492369,DSR0086A,"Take A Trip","DirtySnatcha Remix",QZ5FN2303924,"HEXED, Labs, DirtySnatcha","Apple Music","August 2024",USA,Streaming,Single,Sale,3,0.020964000000
AUG-24,"DirtySnatcha Records","Gamma Ray",,JAYSYX,198342478158,DSR0017A,"Gamma Ray",,QZ5FN2032792,JAYSYX,"Apple Music","August 2024",USA,Streaming,Single,Sale,3,0.020964000000
AUG-24,"DirtySnatcha Records",WTF,,"BBX, Sloth",198342356135,DSR131,WTF,,GBRKQ2471312,"BBX, Sloth","Apple Music","August 2024",USA,Streaming,Single,Sale,3,0.020964000000
AUG-24,"DirtySnatcha Records",WTF,,"BBX, Sloth",198342356135,DSR131,WTF,,GBRKQ2471312,"BBX, Sloth",Spotify,"August 2024",BRA,Streaming,Single,Sale,166,0.021111000000
AUG-24,"DirtySnatcha Records",Liquidator,,"Sinister Bass",198342507896,DSR0060A,Liquidator,,GBRKQ2204555,"Sinister Bass",Spotify,"August 2024",DEU,Streaming,Single,Sale,3,0.021129000000
AUG-24,"DirtySnatcha Records",WTF,,"BBX, Sloth",198342356135,DSR131,WTF,,GBRKQ2471312,"BBX, Sloth","Facebook / Instagram","June 2024",CAN,Streaming,"Audio Library",Sale,1,0.021223000000
AUG-24,"DirtySnatcha Records",Tartarus,,CRiiOZ,198342042182,DSR127,Psycho,,USLZJ2405590,"CRiiOZ, DSTRTN","Facebook / Instagram","June 2024",CAN,Streaming,"Audio Library",Sale,1,0.021223000000
AUG-24,"DirtySnatcha Records",Nightmare,,"In Orbit Dubz",198342501320,DSR0080A,Nightmare,,QZWDD2257336,"In Orbit Dubz",Spotify,"August 2024",AUS,Streaming,Single,Sale,13,0.021294000000
AUG-24,"DirtySnatcha Records",Whoa,,"KirbyBright, Devious",198342485866,DSR133,Whoa,,GBWUL2431903,"KirbyBright, Devious","Apple Music","August 2024",USA,Streaming,Single,Sale,6,0.021301000000
AUG-24,"DirtySnatcha Records","Genie In a Bottle",,"DirtySnatcha, Luci",198342437506,DSR132,"Genie In a Bottle",,GBWUL2407705,"DirtySnatcha, Luci",Spotify,"August 2024",USA,Streaming,Single,Sale,14,0.021305000000
AUG-24,"DirtySnatcha Records",WTF,,"BBX, Sloth",198342356135,DSR131,WTF,,GBRKQ2471312,"BBX, Sloth",Spotify,"August 2024",GBR,Streaming,Single,Sale,7,0.021308000000
AUG-24,"DirtySnatcha Records","Genie In a Bottle",,"DirtySnatcha, Luci",198342437506,DSR132,"Genie In a Bottle",,GBWUL2407705,"DirtySnatcha, Luci",Spotify,"August 2024",DEU,Streaming,Single,Sale,5,0.021344000000
AUG-24,"DirtySnatcha Records",Tartarus,,CRiiOZ,198342042182,DSR127,"In The Walls",,USLZJ2405562,CRiiOZ,Spotify,"August 2024",BRA,Streaming,Single,Sale,11,0.021407000000
AUG-24,"DirtySnatcha Records",Dimension,,"In Orbit Dubz, Nein Lives",198342496138,DSR0051A,Dimension,,QZ5FN2266737,"In Orbit Dubz, Nein Lives","Apple Music","August 2024",USA,Streaming,Single,Sale,2,0.021470000000
AUG-24,"DirtySnatcha Records",Terror,,Ennaut,198342500231,DSR0054A,Terror,,USLZJ2296710,Ennaut,"Apple Music","August 2024",USA,Streaming,Single,Sale,2,0.021470000000
AUG-24,"DirtySnatcha Records","The Back Rooms EP",,"In Orbit Dubz",198342501023,DSR0081A,Nightmare,,QZWDD2257336,"In Orbit Dubz","Apple Music","August 2024",USA,Streaming,Single,Sale,2,0.021470000000
AUG-24,"DirtySnatcha Records",Dimension,,"In Orbit Dubz, Nein Lives",198342496138,DSR0051A,Dimension,,QZ5FN2266737,"In Orbit Dubz, Nein Lives","Apple Music","August 2024",CAN,Streaming,Single,Sale,4,0.021479000000
AUG-24,"DirtySnatcha Records",Tartarus,,CRiiOZ,198342042182,DSR127,"Let Go",,USLZJ2405592,CRiiOZ,"Apple Music","August 2024",CAN,Streaming,Single,Sale,4,0.021479000000
AUG-24,"DirtySnatcha Records",Radioactivity,,"In Orbit Dubz",198342500118,DSR0053A,Radioactivity,,USLZJ2286474,"In Orbit Dubz","Apple Music","August 2024",CAN,Streaming,Single,Sale,4,0.021479000000
AUG-24,"DirtySnatcha Records","Genie In a Bottle",,"DirtySnatcha, Luci",198342437506,DSR132,"Genie In a Bottle",,GBWUL2407705,"DirtySnatcha, Luci","Apple Music","August 2024",CAN,Streaming,Single,Sale,4,0.021479000000
AUG-24,"DirtySnatcha Records","Out Of Service",,"Autokorekt, ChemDawg",198342492215,DSR0046A,"Out Of Service",,GBWUL2192863,"Autokorekt, ChemDawg, Versace","Apple Music","August 2024",CAN,Streaming,Single,Sale,4,0.021479000000
AUG-24,"DirtySnatcha Records",Tartarus,,CRiiOZ,198342042182,DSR127,Trust,,USLZJ2405591,CRiiOZ,Spotify,"August 2024",CAN,Streaming,Single,Sale,8,0.021553000000
AUG-24,"DirtySnatcha Records","Out Of Service",,"Autokorekt, ChemDawg",198342492215,DSR0046A,"Out Of Service",,GBWUL2192863,"Autokorekt, ChemDawg, Versace",Spotify,"August 2024",CAN,Streaming,Single,Sale,8,0.021553000000
AUG-24,"DirtySnatcha Records",PTSD,,SHOCKZ,198342479049,DSR0028A,PTSD,,USLZJ2069504,SHOCKZ,"Apple Music","August 2024",CAN,Streaming,Single,Sale,2,0.021656000000
AUG-24,"DirtySnatcha Records","Genie In a Bottle",,"DirtySnatcha, Luci",198342437506,DSR132,"Genie In a Bottle",,GBWUL2407705,"DirtySnatcha, Luci","Apple Music","August 2024",GBR,Streaming,Single,Sale,1,0.021662000000
AUG-24,"DirtySnatcha Records","GO MAD",,"DSTRTN, CRiiOZ",198342500286,DSR0056A,"GO MAD",,USLZJ2297741,"DSTRTN, CRiiOZ",Spotify,"August 2024",AUS,Streaming,Single,Sale,6,0.021893000000
AUG-24,"DirtySnatcha Records",Dimension,,"In Orbit Dubz, Nein Lives",198342496138,DSR0051A,Dimension,,QZ5FN2266737,"In Orbit Dubz, Nein Lives","Apple Music","August 2024",USA,Streaming,Single,Sale,7,0.021947000000
AUG-24,"DirtySnatcha Records","Acting Out",,"Megahurtz, Blue",198342479070,DSR0029A,"Acting Out",,USLZJ2069505,"Megahurtz, Blue, Rico Act",Spotify,"August 2024",USA,Streaming,Single,Sale,11,0.022008000000
AUG-24,"DirtySnatcha Records",Scorpion,,Torcha,198342501160,DSR0057A,Scorpion,,GBRKQ2202745,Torcha,Spotify,"August 2024",USA,Streaming,Single,Sale,3,0.022172000000
AUG-24,"DirtySnatcha Records","Take A Trip","DirtySnatcha Remix","HEXED, Labs",198342492369,DSR0086A,"Take A Trip","DirtySnatcha Remix",QZ5FN2303924,"HEXED, Labs, DirtySnatcha",Snap,"August 2024",USA,Streaming,"User Generated Content",Sale,1,0.022364000000
AUG-24,"DirtySnatcha Records","Genie In a Bottle",,"DirtySnatcha, Luci",198342437506,DSR132,"Genie In a Bottle",,GBWUL2407705,"DirtySnatcha, Luci",Spotify,"August 2024",IRL,Streaming,Single,Sale,4,0.022398000000
AUG-24,"DirtySnatcha Records","Eight Six",,BBX,198342480014,DSR0092A,"Eight Six",,QZTV32366095,BBX,"YouTube Streaming","August 2024",GBR,Streaming,"Art Track",Sale,1,0.022442000000
AUG-24,"DirtySnatcha Records","Genie In a Bottle",,"DirtySnatcha, Luci",198342437506,DSR132,"Genie In a Bottle",,GBWUL2407705,"DirtySnatcha, Luci","Apple Music","August 2024",CAN,Streaming,Single,Sale,8,0.022508000000
AUG-24,"DirtySnatcha Records","All In",,TruFeelz,198342478707,DSR0021A,"All In",,QZ5FN2075138,TruFeelz,"YouTube Streaming","August 2024",USA,Streaming,"Art Track",Sale,2,0.022509000000
AUG-24,"DirtySnatcha Records",Dimension,,"In Orbit Dubz, Nein Lives",198342496138,DSR0051A,Dimension,,QZ5FN2266737,"In Orbit Dubz, Nein Lives","YouTube Streaming","August 2024",USA,Streaming,"Art Track",Sale,2,0.022509000000
AUG-24,"DirtySnatcha Records","Keep Moving","Aelius, Voyager, Wilco Beats Remix",DirtySnatcha,198342499863,DSR0083A,"Keep Moving","Aelius, Voyager, Wilco Beats Remix",QZWDD2263373,"DirtySnatcha, Aelius, Voyager, Wilco Beats","YouTube Streaming","August 2024",USA,Streaming,"Art Track",Sale,2,0.022509000000
AUG-24,"DirtySnatcha Records","Fog Horn",,DENNETT,198342502969,DSR0074A,"Fog Horn",,QZTRX2237730,DENNETT,"YouTube Streaming","August 2024",USA,Streaming,"Art Track",Sale,2,0.022509000000
AUG-24,"DirtySnatcha Records","Eight Six",,BBX,198342480014,DSR0092A,"Eight Six",,QZTV32366095,BBX,"YouTube Streaming","August 2024",USA,Streaming,"Art Track",Sale,17,0.022569000000
AUG-24,"DirtySnatcha Records","Spectre Season",,Artifact,198342479643,DSR0101A,"Spectre Season",,QZWDD2336449,Artifact,Spotify,"August 2024",AUS,Streaming,Single,Sale,5,0.022582000000
AUG-24,"DirtySnatcha Records",WTF,,"BBX, Sloth",198342356135,DSR131,WTF,,GBRKQ2471312,"BBX, Sloth",Spotify,"August 2024",ESP,Streaming,Single,Sale,95,0.022650000000
AUG-24,"DirtySnatcha Records",Apparition,,CVLVALRI,198342507926,DSR0063A,Apparition,,GBRKQ2204805,CVLVALRI,Spotify,"August 2024",CAN,Streaming,Single,Sale,7,0.022694000000
AUG-24,"DirtySnatcha Records",Rudeboy,,"Seeing Double, Kryture",198342476352,DSR0007A,Rudeboy,,GBWUL2045907,"Seeing Double, Kryture",Spotify,"August 2024",CAN,Streaming,Single,Sale,7,0.022694000000
AUG-24,"DirtySnatcha Records",WTF,,"BBX, Sloth",198342356135,DSR131,WTF,,GBRKQ2471312,"BBX, Sloth",Spotify,"August 2024",GBR,Streaming,Single,Sale,19,0.022823000000
AUG-24,"DirtySnatcha Records",WTF,,"BBX, Sloth",198342356135,DSR131,WTF,,GBRKQ2471312,"BBX, Sloth",Spotify,"August 2024",GTM,Streaming,Single,Sale,28,0.022838000000
AUG-24,"DirtySnatcha Records",Tartarus,,CRiiOZ,198342042182,DSR127,"Watch Out",,USLZJ2405588,CRiiOZ,Spotify,"August 2024",AUS,Streaming,Single,Sale,14,0.022932000000
AUG-24,"DirtySnatcha Records",Tartarus,,CRiiOZ,198342042182,DSR127,Trust,,USLZJ2405591,CRiiOZ,Spotify,"August 2024",AUS,Streaming,Single,Sale,8,0.023026000000
AUG-24,"DirtySnatcha Records",WTF,,"BBX, Sloth",198342356135,DSR131,WTF,,GBRKQ2471312,"BBX, Sloth",Spotify,"August 2024",AUS,Streaming,Single,Sale,8,0.023026000000
AUG-24,"DirtySnatcha Records","Out Of Service",,"Autokorekt, ChemDawg",198342492215,DSR0046A,"Out Of Service",,GBWUL2192863,"Autokorekt, ChemDawg, Versace",Spotify,"August 2024",AUS,Streaming,Single,Sale,8,0.023026000000
AUG-24,"DirtySnatcha Records",Hypnotize,,"In Orbit Dubz",197999477019,DSR113,Hypnotize,,QZZ8B2327916,"In Orbit Dubz",Spotify,"August 2024",USA,Streaming,Single,Sale,5,0.023028000000
AUG-24,"DirtySnatcha Records",Whoa,,"KirbyBright, Devious",198342485866,DSR133,Whoa,,GBWUL2431903,"KirbyBright, Devious",Spotify,"August 2024",USA,Streaming,Single,Sale,3,0.023142000000
AUG-24,"DirtySnatcha Records","Riddim Gang",,"Megahurtz, Alienpark",198342478288,DSR0020A,"Riddim Gang",,QZ5FN2074245,"Megahurtz, Alienpark","YouTube Streaming","August 2024",USA,Streaming,"Art Track",Sale,9,0.023152000000
AUG-24,"DirtySnatcha Records",WTF,,"BBX, Sloth",198342356135,DSR131,WTF,,GBRKQ2471312,"BBX, Sloth",Spotify,"August 2024",TUR,Streaming,Single,Sale,31,0.023161000000
AUG-24,"DirtySnatcha Records",WDGAF,,CRiiOZ,197999026187,DSR0102,WDGAF,,QZWDE2357423,CRiiOZ,"Apple Music","August 2024",USA,Streaming,Single,Sale,1,0.023250000000
AUG-24,"DirtySnatcha Records","Genie In a Bottle",,"DirtySnatcha, Luci",198342437506,DSR132,"Genie In a Bottle",,GBWUL2407705,"DirtySnatcha, Luci",Spotify,"August 2024",ESP,Streaming,Single,Sale,5,0.023365000000
AUG-24,"DirtySnatcha Records","Eight Six",,BBX,198342480014,DSR0092A,"Eight Six",,QZTV32366095,BBX,"YouTube Streaming","August 2024",CAN,Streaming,"Art Track",Sale,3,0.023373000000
AUG-24,"DirtySnatcha Records","BIG UPS",,"RAZR, VASTIVE",198342478684,DSR0024A,"BIG UPS",,USLZJ2023938,"RAZR, VASTIVE","Apple Music","August 2024",USA,Streaming,Single,Sale,4,0.023514000000
AUG-24,"DirtySnatcha Records",Tartarus,,CRiiOZ,198342042182,DSR127,"In The Walls",,USLZJ2405562,CRiiOZ,Spotify,"August 2024",MEX,Streaming,Single,Sale,12,0.023517000000
AUG-24,"DirtySnatcha Records","Keep Moving","Audigy Remix",DirtySnatcha,197999143198,DSR0104,"Keep Moving","Audigy Remix",QZWV32320452,"DirtySnatcha, Audigy",Spotify,"August 2024",MEX,Streaming,Single,Sale,12,0.023517000000
AUG-24,"DirtySnatcha Records","The Back Rooms EP",,"In Orbit Dubz",198342501023,DSR0081A,"Back Rooms",,QZWDD2257316,"In Orbit Dubz","Apple Music","August 2024",CAN,Streaming,Single,Sale,3,0.023535000000
AUG-24,"DirtySnatcha Records","GO MAD",,"DSTRTN, CRiiOZ",198342500286,DSR0056A,"GO MAD",,USLZJ2297741,"DSTRTN, CRiiOZ","Apple Music","August 2024",CAN,Streaming,Single,Sale,3,0.023535000000
AUG-24,"DirtySnatcha Records","Game Time",,"Autokorekt, Eazley",198342476338,DSR0006A,"Game Time",,GBWUL2023530,"Autokorekt, Eazley, Rico Act","Apple Music","August 2024",CAN,Streaming,Single,Sale,3,0.023535000000
AUG-24,"DirtySnatcha Records",Hypnotize,,"In Orbit Dubz",197999477019,DSR113,Hypnotize,,QZZ8B2327916,"In Orbit Dubz","Apple Music","August 2024",NZL,Streaming,Single,Sale,3,0.023591000000
AUG-24,"DirtySnatcha Records",WTF,,"BBX, Sloth",198342356135,DSR131,WTF,,GBRKQ2471312,"BBX, Sloth",Spotify,"August 2024",NOR,Streaming,Single,Sale,9,0.023608000000
AUG-24,"DirtySnatcha Records",LIGMA,,"BBX, Jonomatic, Geeku",198342492208,DSR0045A,LIGMA,,GBWUL2171015,"BBX, Jonomatic, Geeku",Spotify,"August 2024",DEU,Streaming,Single,Sale,5,0.023615000000
AUG-24,"DirtySnatcha Records","Keep Moving","Aelius, Voyager, Wilco Beats Remix",DirtySnatcha,198342499863,DSR0083A,"Keep Moving","Aelius, Voyager, Wilco Beats Remix",QZWDD2263373,"DirtySnatcha, Aelius, Voyager, Wilco Beats","Apple Music","August 2024",USA,Streaming,Single,Sale,3,0.023648000000
AUG-24,"DirtySnatcha Records",Game,,"Sloth, CHACKK",197999855442,DSR116,Game,,QZ5FN2416543,"Sloth, CHACKK",TIDAL,"July 2024",USA,Streaming,Single,Sale,2,0.023683000000
AUG-24,"DirtySnatcha Records","Genie In a Bottle",,"DirtySnatcha, Luci",198342437506,DSR132,"Genie In a Bottle",,GBWUL2407705,"DirtySnatcha, Luci","Apple Music","August 2024",CAN,Streaming,Single,Sale,9,0.023808000000
AUG-24,"DirtySnatcha Records","Back Rooms",,"In Orbit Dubz",198342498644,DSR0077A,"Back Rooms",,QZWDD2257316,"In Orbit Dubz","Amazon Music Unlimited","August 2024",GBR,Streaming,Single,Sale,1,0.023877000000
AUG-24,"DirtySnatcha Records",Radioactivity,,"In Orbit Dubz",198342500118,DSR0053A,Radioactivity,,USLZJ2286474,"In Orbit Dubz","Apple Music","August 2024",USA,Streaming,Single,Sale,1,0.023886000000
AUG-24,"DirtySnatcha Records",Tartarus,,CRiiOZ,198342042182,DSR127,"In The Walls",,USLZJ2405562,CRiiOZ,"Apple Music","August 2024",USA,Streaming,Single,Sale,1,0.023973000000
AUG-24,"DirtySnatcha Records","Genie In a Bottle",,"DirtySnatcha, Luci",198342437506,DSR132,"Genie In a Bottle",,GBWUL2407705,"DirtySnatcha, Luci","Facebook / Instagram","July 2024",CAN,Streaming,"Audio Library: Production",Sale,1,0.024007000000
AUG-24,"DirtySnatcha Records",Tartarus,,CRiiOZ,198342042182,DSR127,"In The Walls",,USLZJ2405562,CRiiOZ,Spotify,"August 2024",FIN,Streaming,Single,Sale,4,0.024010000000
AUG-24,"DirtySnatcha Records","Keep Moving","Aelius, Voyager, Wilco Beats Remix",DirtySnatcha,198342499863,DSR0083A,"Keep Moving","Aelius, Voyager, Wilco Beats Remix",QZWDD2263373,"DirtySnatcha, Aelius, Voyager, Wilco Beats",Spotify,"August 2024",USA,Streaming,Single,Sale,3,0.024022000000
AUG-24,"DirtySnatcha Records","Run It Up",,"CHRMNDRS, Future Exit",198342476673,DSR0010A,"Run It Up",,GBWUL2081365,"CHRMNDRS, Future Exit","Apple Music","August 2024",USA,Streaming,Single,Sale,4,0.024089000000
AUG-24,"DirtySnatcha Records","Genie In a Bottle",,"DirtySnatcha, Luci",198342437506,DSR132,"Genie In a Bottle",,GBWUL2407705,"DirtySnatcha, Luci","Amazon Music Unlimited","August 2024",USA,Streaming,Single,Sale,4,0.024089000000
AUG-24,"DirtySnatcha Records","Loose It",,"Eazley, Autokorekt",198342478653,DSR0023A,"Loose It",,QZ5FN2097747,"Eazley, Autokorekt","Apple Music","August 2024",USA,Streaming,Single,Sale,1,0.024234000000
AUG-24,"DirtySnatcha Records",Nightmare,,"In Orbit Dubz",198342501320,DSR0080A,Nightmare,,QZWDD2257336,"In Orbit Dubz",Spotify,"August 2024",DEU,Streaming,Single,Sale,6,0.024406000000
AUG-24,"DirtySnatcha Records",Tartarus,,CRiiOZ,198342042182,DSR127,"In The Walls",,USLZJ2405562,CRiiOZ,Spotify,"August 2024",DEU,Streaming,Single,Sale,6,0.024406000000
AUG-24,"DirtySnatcha Records","Ground N' Pound",,"Akronym, FIGMVNT",198342504093,DSR0070A,"Ground N' Pound",,GBRKQ2274076,"Akronym, FIGMVNT","Apple Music","August 2024",USA,Streaming,Single,Sale,1,0.024472000000
AUG-24,"DirtySnatcha Records",Tartarus,,CRiiOZ,198342042182,DSR127,"In The Walls",,USLZJ2405562,CRiiOZ,Spotify,"August 2024",GBR,Streaming,Single,Sale,4,0.024501000000
AUG-24,"DirtySnatcha Records",Tartarus,,CRiiOZ,198342042182,DSR127,Psycho,,USLZJ2405590,"CRiiOZ, DSTRTN",Spotify,"August 2024",GBR,Streaming,Single,Sale,4,0.024501000000
AUG-24,"DirtySnatcha Records",WTF,,"BBX, Sloth",198342356135,DSR131,WTF,,GBRKQ2471312,"BBX, Sloth",Spotify,"August 2024",NLD,Streaming,Single,Sale,9,0.024587000000
AUG-24,"DirtySnatcha Records","Genie In a Bottle",,"DirtySnatcha, Luci",198342437506,DSR132,"Genie In a Bottle",,GBWUL2407705,"DirtySnatcha, Luci","Apple Music","August 2024",CAN,Streaming,Single,Sale,11,0.024787000000
AUG-24,"DirtySnatcha Records","Back Rooms",,"In Orbit Dubz",198342498644,DSR0077A,"Back Rooms",,QZWDD2257316,"In Orbit Dubz","Amazon Music Unlimited","August 2024",CAN,Streaming,Single,Sale,4,0.024828000000
AUG-24,"DirtySnatcha Records",WTF,,"BBX, Sloth",198342356135,DSR131,WTF,,GBRKQ2471312,"BBX, Sloth",Spotify,"August 2024",ARG,Streaming,Single,Sale,32,0.024837000000
AUG-24,"DirtySnatcha Records",WTF,,"BBX, Sloth",198342356135,DSR131,WTF,,GBRKQ2471312,"BBX, Sloth",Spotify,"August 2024",PER,Streaming,Single,Sale,43,0.024942000000
AUG-24,"DirtySnatcha Records",Tartarus,,CRiiOZ,198342042182,DSR127,Psycho,,USLZJ2405590,"CRiiOZ, DSTRTN",Spotify,"August 2024",MEX,Streaming,Single,Sale,34,0.024989000000
AUG-24,"DirtySnatcha Records",Whoa,,"KirbyBright, Devious",198342485866,DSR133,Whoa,,GBWUL2431903,"KirbyBright, Devious","Apple Music","August 2024",USA,Streaming,Single,Sale,8,0.025083000000
AUG-24,"DirtySnatcha Records","Spectre Season",,Artifact,198342479643,DSR0101A,"Spectre Season",,QZWDD2336449,Artifact,Spotify,"August 2024",ESP,Streaming,Single,Sale,13,0.025159000000
AUG-24,"DirtySnatcha Records",WTF,,"BBX, Sloth",198342356135,DSR131,WTF,,GBRKQ2471312,"BBX, Sloth",Spotify,"August 2024",ITA,Streaming,Single,Sale,79,0.025174000000
AUG-24,"DirtySnatcha Records","Out Of Service",,"Autokorekt, ChemDawg",198342492215,DSR0046A,"Out Of Service",,GBWUL2192863,"Autokorekt, ChemDawg, Versace","YouTube Streaming","August 2024",USA,Streaming,"Art Track",Sale,5,0.025258000000
AUG-24,"DirtySnatcha Records","Spectre Season",,Artifact,198342479643,DSR0101A,"Spectre Season",,QZWDD2336449,Artifact,Spotify,"August 2024",FRA,Streaming,Single,Sale,6,0.025395000000
AUG-24,"DirtySnatcha Records",Tartarus,,CRiiOZ,198342042182,DSR127,Trust,,USLZJ2405591,CRiiOZ,Spotify,"August 2024",MEX,Streaming,Single,Sale,13,0.025476000000
AUG-24,"DirtySnatcha Records","Run It Up",,"CHRMNDRS, Future Exit",198342476673,DSR0010A,"Run It Up",,GBWUL2081365,"CHRMNDRS, Future Exit",Spotify,"August 2024",AUS,Streaming,Single,Sale,7,0.025543000000
AUG-24,"DirtySnatcha Records",Tartarus,,CRiiOZ,198342042182,DSR127,"In The Walls",,USLZJ2405562,CRiiOZ,Spotify,"August 2024",POL,Streaming,Single,Sale,11,0.025826000000
AUG-24,"DirtySnatcha Records",Terror,,Ennaut,198342500231,DSR0054A,Terror,,USLZJ2296710,Ennaut,"Apple Music","August 2024",USA,Streaming,Single,Sale,4,0.025849000000
AUG-24,"DirtySnatcha Records",FTI,,"BBX, Meechie Murda, Geeku",198342480038,DSR0091A,FTI,,GBWUL2349330,"BBX, Meechie Murda, Geeku","Apple Music","August 2024",USA,Streaming,Single,Sale,4,0.025849000000
AUG-24,"DirtySnatcha Records","Loose It",,"Eazley, Autokorekt",198342478653,DSR0023A,"Loose It",,QZ5FN2097747,"Eazley, Autokorekt","Apple Music","August 2024",USA,Streaming,Single,Sale,4,0.025849000000
AUG-24,"DirtySnatcha Records","Demon Hunter",,Zubah,198342478141,DSR0016A,"Demon Hunter",,QZ5FN2003847,Zubah,"Apple Music","August 2024",USA,Streaming,Single,Sale,4,0.025849000000
AUG-24,"DirtySnatcha Records","Genie In a Bottle",,"DirtySnatcha, Luci",198342437506,DSR132,"Genie In a Bottle",,GBWUL2407705,"DirtySnatcha, Luci",iHeartRadio,"June 2024",USA,Streaming,Single,Sale,6,0.025926000000
AUG-24,"DirtySnatcha Records","The Back Rooms EP",,"In Orbit Dubz",198342501023,DSR0081A,"Back Rooms",,QZWDD2257316,"In Orbit Dubz","Amazon Prime","August 2024",IND,Streaming,Single,Sale,37,0.025990000000
AUG-24,"DirtySnatcha Records",Game,,"Sloth, CHACKK",197999855442,DSR116,Game,,QZ5FN2416543,"Sloth, CHACKK",Spotify,"August 2024",USA,Streaming,Single,Sale,13,0.026009000000
AUG-24,"DirtySnatcha Records",Scorpion,,Torcha,198342501160,DSR0057A,Scorpion,,GBRKQ2202745,Torcha,Spotify,"August 2024",USA,Streaming,Single,Sale,13,0.026009000000
AUG-24,"DirtySnatcha Records","Genie In a Bottle",,"DirtySnatcha, Luci",198342437506,DSR132,"Genie In a Bottle",,GBWUL2407705,"DirtySnatcha, Luci",Spotify,"August 2024",BEL,Streaming,Single,Sale,5,0.026024000000
AUG-24,"DirtySnatcha Records",WTF,,"BBX, Sloth",198342356135,DSR131,WTF,,GBRKQ2471312,"BBX, Sloth",Spotify,"August 2024",AUS,Streaming,Single,Sale,16,0.026208000000
AUG-24,"DirtySnatcha Records","Spicy Tune",,"Scafetta, Monsters Everywhere",198342503508,DSR0072A,"Spicy Tune",,GBWUL2257078,"Scafetta, Monsters Everywhere","Apple Music","August 2024",USA,Streaming,Single,Sale,2,0.026248000000
AUG-24,"DirtySnatcha Records","Eight Six",,BBX,198342480014,DSR0092A,"Eight Six",,QZTV32366095,BBX,"YouTube Streaming","August 2024",MEX,Streaming,"Art Track",Sale,5,0.026525000000
AUG-24,"DirtySnatcha Records","Fog Horn",,DENNETT,198342502969,DSR0074A,"Fog Horn",,QZTRX2237730,DENNETT,"Apple Music","August 2024",AUS,Streaming,Single,Sale,4,0.026671000000
AUG-24,"DirtySnatcha Records","Keep Moving","Aelius, Voyager, Wilco Beats Remix",DirtySnatcha,198342499863,DSR0083A,"Keep Moving","Aelius, Voyager, Wilco Beats Remix",QZWDD2263373,"DirtySnatcha, Aelius, Voyager, Wilco Beats",Spotify,"August 2024",CAN,Streaming,Single,Sale,18,0.026682000000
AUG-24,"DirtySnatcha Records","Genie In a Bottle",,"DirtySnatcha, Luci",198342437506,DSR132,"Genie In a Bottle",,GBWUL2407705,"DirtySnatcha, Luci","Facebook / Instagram","June 2024",GBR,Streaming,"Audio Library",Sale,1,0.026687000000
AUG-24,"DirtySnatcha Records","Eight Six",,BBX,198342480014,DSR0092A,"Eight Six",,QZTV32366095,BBX,Spotify,"August 2024",BGR,Streaming,Single,Sale,11,0.026724000000
AUG-24,"DirtySnatcha Records",Tartarus,,CRiiOZ,198342042182,DSR127,"In The Walls",,USLZJ2405562,CRiiOZ,"Apple Music","August 2024",CAN,Streaming,Single,Sale,5,0.026848000000
AUG-24,"DirtySnatcha Records","Riddim Whistle",,DENNETT,198342507902,DSR0062A,"Riddim Whistle",,GBRKQ2204623,DENNETT,"Apple Music","August 2024",USA,Streaming,Single,Sale,2,0.026911000000
AUG-24,"DirtySnatcha Records","Genie In a Bottle",,"DirtySnatcha, Luci",198342437506,DSR132,"Genie In a Bottle",,GBWUL2407705,"DirtySnatcha, Luci",Spotify,"August 2024",USA,Streaming,Single,Sale,8,0.027214000000
AUG-24,"DirtySnatcha Records","Genie In a Bottle",,"DirtySnatcha, Luci",198342437506,DSR132,"Genie In a Bottle",,GBWUL2407705,"DirtySnatcha, Luci","Facebook / Instagram - Revenue Share","July 2024",USA,Streaming,"User Generated Content: Consumption",Sale,1915,0.027409000000
AUG-24,"DirtySnatcha Records","Riddim Gang",,"Megahurtz, Alienpark",198342478288,DSR0020A,"Riddim Gang",,QZ5FN2074245,"Megahurtz, Alienpark","Apple Music","August 2024",USA,Streaming,Single,Sale,2,0.027415000000
AUG-24,"DirtySnatcha Records",Torture,,"Twisted, Chutez & Ladderz, R3mark",198342508053,DSR0061A,Torture,,GBRKQ2224624,"Twisted, Chutez & Ladderz, R3mark","Apple Music","August 2024",USA,Streaming,Single,Sale,8,0.027543000000
AUG-24,"DirtySnatcha Records","Genie In a Bottle",,"DirtySnatcha, Luci",198342437506,DSR132,"Genie In a Bottle",,GBWUL2407705,"DirtySnatcha, Luci",Spotify,"August 2024",BEL,Streaming,Single,Sale,11,0.027582000000
AUG-24,"DirtySnatcha Records",Assertion,,Aalioura,198342502129,DSR0076A,Assertion,,QZWDD2238845,Aalioura,Spotify,"August 2024",USA,Streaming,Single,Sale,6,0.027634000000
AUG-24,"DirtySnatcha Records",Nightmare,,"In Orbit Dubz",198342501320,DSR0080A,Nightmare,,QZWDD2257336,"In Orbit Dubz",Spotify,"August 2024",NZL,Streaming,Single,Sale,3,0.027686000000
AUG-24,"DirtySnatcha Records","Keep Moving","Audigy Remix",DirtySnatcha,197999143198,DSR0104,"Keep Moving","Audigy Remix",QZWV32320452,"DirtySnatcha, Audigy","Apple Music","August 2024",USA,Streaming,Single,Sale,2,0.027809000000
AUG-24,"DirtySnatcha Records","Take A Trip","DirtySnatcha Remix","HEXED, Labs",198342492369,DSR0086A,"Take A Trip","DirtySnatcha Remix",QZ5FN2303924,"HEXED, Labs, DirtySnatcha",Spotify,"August 2024",USA,Streaming,Single,Sale,10,0.027850000000
AUG-24,"DirtySnatcha Records",WTF,,"BBX, Sloth",198342356135,DSR131,WTF,,GBRKQ2471312,"BBX, Sloth",Spotify,"August 2024",NZL,Streaming,Single,Sale,7,0.027886000000
AUG-24,"DirtySnatcha Records","Genie In a Bottle",,"DirtySnatcha, Luci",198342437506,DSR132,"Genie In a Bottle",,GBWUL2407705,"DirtySnatcha, Luci","Facebook / Instagram","July 2024",USA,Streaming,"Audio Library: Consumption",Sale,1117,0.027892000000
AUG-24,"DirtySnatcha Records",Tartarus,,CRiiOZ,198342042182,DSR127,"In The Walls",,USLZJ2405562,CRiiOZ,"Apple Music","August 2024",USA,Streaming,Single,Sale,4,0.027951000000
AUG-24,"DirtySnatcha Records","BIG UPS",,"RAZR, VASTIVE",198342478684,DSR0024A,"BIG UPS",,USLZJ2023938,"RAZR, VASTIVE",Spotify,"August 2024",IRL,Streaming,Single,Sale,5,0.027997000000
AUG-24,"DirtySnatcha Records","Genie In a Bottle",,"DirtySnatcha, Luci",198342437506,DSR132,"Genie In a Bottle",,GBWUL2407705,"DirtySnatcha, Luci","YouTube Streaming","August 2024",HUN,Streaming,"Art Track",Sale,17,0.028022000000
AUG-24,"DirtySnatcha Records","GO MAD",,"DSTRTN, CRiiOZ",198342500286,DSR0056A,"GO MAD",,USLZJ2297741,"DSTRTN, CRiiOZ",Spotify,"August 2024",BRA,Streaming,Single,Sale,8,0.028027000000
AUG-24,"DirtySnatcha Records",Destroy,,"In Orbit Dubz, DSTRTN",198342501504,DSR0079A,Destroy,,QZWDD2257331,"In Orbit Dubz, DSTRTN",Spotify,"August 2024",BRA,Streaming,Single,Sale,18,0.028031000000
AUG-24,"DirtySnatcha Records","Fog Horn",,DENNETT,198342502969,DSR0074A,"Fog Horn",,QZTRX2237730,DENNETT,Spotify,"August 2024",NZL,Streaming,Single,Sale,9,0.028117000000
AUG-24,"DirtySnatcha Records","Out Of Service",,"Autokorekt, ChemDawg",198342492215,DSR0046A,"Out Of Service",,GBWUL2192863,"Autokorekt, ChemDawg, Versace","Apple Music","August 2024",CAN,Streaming,Single,Sale,10,0.028135000000
AUG-24,"DirtySnatcha Records","Genie In a Bottle",,"DirtySnatcha, Luci",198342437506,DSR132,"Genie In a Bottle",,GBWUL2407705,"DirtySnatcha, Luci",Spotify,"August 2024",CAN,Streaming,Single,Sale,5,0.028147000000
AUG-24,"DirtySnatcha Records",PTSD,,SHOCKZ,198342479049,DSR0028A,PTSD,,USLZJ2069504,SHOCKZ,Spotify,"August 2024",USA,Streaming,Single,Sale,8,0.028172000000
AUG-24,"DirtySnatcha Records",Apparition,,CVLVALRI,198342507926,DSR0063A,Apparition,,GBRKQ2204805,CVLVALRI,Spotify,"August 2024",USA,Streaming,Single,Sale,8,0.028172000000
AUG-24,"DirtySnatcha Records","Operator Error",,"Big City",198342036334,DSR125,"Weed Spot",,USLZJ2403314,"Big City",Spotify,"August 2024",USA,Streaming,Single,Sale,8,0.028172000000
AUG-24,"DirtySnatcha Records",Tartarus,,CRiiOZ,198342042182,DSR127,Trust,,USLZJ2405591,CRiiOZ,Spotify,"August 2024",NOR,Streaming,Single,Sale,5,0.028285000000
AUG-24,"DirtySnatcha Records","Keep Moving","Audigy Remix",DirtySnatcha,197999143198,DSR0104,"Keep Moving","Audigy Remix",QZWV32320452,"DirtySnatcha, Audigy",TIDAL,"August 2024",USA,Streaming,Single,Sale,3,0.028309000000
AUG-24,"DirtySnatcha Records",Tartarus,,CRiiOZ,198342042182,DSR127,Psycho,,USLZJ2405590,"CRiiOZ, DSTRTN",TIDAL,"August 2024",USA,Streaming,Single,Sale,3,0.028309000000
AUG-24,"DirtySnatcha Records",Riddimption,,"Nothing x Hurts",198622420181,DSR136,Riddimption,,QZWV32419969,"Nothing x Hurts","Beatport Link Mechanicals","August 2024",USA,Streaming,"Mechanical Royalties",Sale,3,0.028334000000
AUG-24,"DirtySnatcha Records","Round 2",,"Nekz, Meechie Murda",197999919441,DSR121,"Round 2",,QZ5FN2445592,"Nekz, Meechie Murda",Spotify,"August 2024",DEU,Streaming,Single,Sale,6,0.028338000000
AUG-24,"DirtySnatcha Records","Genie In a Bottle",,"DirtySnatcha, Luci",198342437506,DSR132,"Genie In a Bottle",,GBWUL2407705,"DirtySnatcha, Luci",Spotify,"August 2024",USA,Streaming,Single,Sale,18,0.028338000000
AUG-24,"DirtySnatcha Records",Dimension,,"In Orbit Dubz, Nein Lives",198342496138,DSR0051A,Dimension,,QZ5FN2266737,"In Orbit Dubz, Nein Lives","Apple Music","August 2024",USA,Streaming,Single,Sale,4,0.028467000000
AUG-24,"DirtySnatcha Records",Whoa,,"KirbyBright, Devious",198342485866,DSR133,Whoa,,GBWUL2431903,"KirbyBright, Devious",Spotify,"August 2024",DEU,Streaming,Single,Sale,7,0.028474000000
AUG-24,"DirtySnatcha Records",Whoa,,"KirbyBright, Devious",198342485866,DSR133,Whoa,,GBWUL2431903,"KirbyBright, Devious","Apple Music","August 2024",USA,Streaming,Single,Sale,10,0.028527000000
AUG-24,"DirtySnatcha Records","Genie In a Bottle",,"DirtySnatcha, Luci",198342437506,DSR132,"Genie In a Bottle",,GBWUL2407705,"DirtySnatcha, Luci",Spotify,"August 2024",MEX,Streaming,Single,Sale,39,0.028665000000
AUG-24,"DirtySnatcha Records","Need U","Ennaut Remix","DirtySnatcha, Autokorekt",198342500538,DSR0082A,"Need U","Ennaut Remix",QZWDD2263341,"DirtySnatcha, Autokorekt, Ennaut","Apple Music","August 2024",USA,Streaming,Single,Sale,2,0.028690000000
AUG-24,"DirtySnatcha Records","Genie In a Bottle",,"DirtySnatcha, Luci",198342437506,DSR132,"Genie In a Bottle",,GBWUL2407705,"DirtySnatcha, Luci","Apple Music","August 2024",AUS,Streaming,Single,Sale,3,0.028867000000
AUG-24,"DirtySnatcha Records",Game,,"Sloth, CHACKK",197999855442,DSR116,Game,,QZ5FN2416543,"Sloth, CHACKK","Facebook / Instagram - Revenue Share","July 2024",USA,Streaming,"Audio Library: Production",Sale,1,0.028879000000
AUG-24,"DirtySnatcha Records",Whoa,,"KirbyBright, Devious",198342485866,DSR133,Whoa,,GBWUL2431903,"KirbyBright, Devious",Snap,"August 2024",USA,Streaming,"User Generated Content",Sale,1,0.029453000000
AUG-24,"DirtySnatcha Records","Genie In a Bottle",,"DirtySnatcha, Luci",198342437506,DSR132,"Genie In a Bottle",,GBWUL2407705,"DirtySnatcha, Luci","Apple Music","August 2024",JPN,Streaming,Single,Sale,7,0.029458000000
AUG-24,"DirtySnatcha Records",Dimension,,"In Orbit Dubz, Nein Lives",198342496138,DSR0051A,Dimension,,QZ5FN2266737,"In Orbit Dubz, Nein Lives",TIDAL,"August 2024",USA,Streaming,Single,Sale,2,0.029534000000
AUG-24,"DirtySnatcha Records",Hypnotize,,"In Orbit Dubz",197999477019,DSR113,Hypnotize,,QZZ8B2327916,"In Orbit Dubz","Apple Music","August 2024",CAN,Streaming,Single,Sale,12,0.029707000000
AUG-24,"DirtySnatcha Records","Power Transient",,Hexadrone,198342491300,DSR0032A,"Power Transient",,GBRKQ2053155,Hexadrone,"Apple Music","August 2024",USA,Streaming,Single,Sale,3,0.029717000000
AUG-24,"DirtySnatcha Records","Genie In a Bottle",,"DirtySnatcha, Luci",198342437506,DSR132,"Genie In a Bottle",,GBWUL2407705,"DirtySnatcha, Luci",Spotify,"August 2024",ISR,Streaming,Single,Sale,10,0.029975000000
AUG-24,"DirtySnatcha Records",Destroy,,"In Orbit Dubz, DSTRTN",198342501504,DSR0079A,Destroy,,QZWDD2257331,"In Orbit Dubz, DSTRTN",Spotify,"August 2024",USA,Streaming,Single,Sale,15,0.030012000000
AUG-24,"DirtySnatcha Records","Fuck It Up",,"In Orbit Dubz",198342501825,DSR0078A,"Fuck It Up",,QZWDD2257318,"In Orbit Dubz",Spotify,"August 2024",USA,Streaming,Single,Sale,15,0.030012000000
AUG-24,"DirtySnatcha Records",WTF,,"BBX, Sloth",198342356135,DSR131,WTF,,GBRKQ2471312,"BBX, Sloth",Spotify,"August 2024",FIN,Streaming,Single,Sale,5,0.030013000000
AUG-24,"DirtySnatcha Records",Tartarus,,CRiiOZ,198342042182,DSR127,"In The Walls",,USLZJ2405562,CRiiOZ,Spotify,"August 2024",DEU,Streaming,Single,Sale,13,0.030161000000
AUG-24,"DirtySnatcha Records","Genie In a Bottle",,"DirtySnatcha, Luci",198342437506,DSR132,"Genie In a Bottle",,GBWUL2407705,"DirtySnatcha, Luci","Facebook / Instagram","July 2024",USA,Streaming,"Audio Library: Consumption",Sale,1212,0.030264000000
AUG-24,"DirtySnatcha Records",Radioactivity,,"In Orbit Dubz",198342500118,DSR0053A,Radioactivity,,USLZJ2286474,"In Orbit Dubz","Apple Music","August 2024",USA,Streaming,Single,Sale,3,0.030313000000
AUG-24,"DirtySnatcha Records","Back Rooms",,"In Orbit Dubz",198342498644,DSR0077A,"Back Rooms",,QZWDD2257316,"In Orbit Dubz","Amazon Music Unlimited","August 2024",USA,Streaming,Single,Sale,3,0.030365000000
AUG-24,"DirtySnatcha Records","Genie In a Bottle",,"DirtySnatcha, Luci",198342437506,DSR132,"Genie In a Bottle",,GBWUL2407705,"DirtySnatcha, Luci","YouTube Streaming","August 2024",USA,Streaming,"Art Track",Sale,18,0.030385000000
AUG-24,"DirtySnatcha Records","Genie In a Bottle",,"DirtySnatcha, Luci",198342437506,DSR132,"Genie In a Bottle",,GBWUL2407705,"DirtySnatcha, Luci","Apple Music","August 2024",CAN,Streaming,Single,Sale,3,0.030536000000
AUG-24,"DirtySnatcha Records","Genie In a Bottle",,"DirtySnatcha, Luci",198342437506,DSR132,"Genie In a Bottle",,GBWUL2407705,"DirtySnatcha, Luci",Spotify,"August 2024",FIN,Streaming,Single,Sale,6,0.030582000000
AUG-24,"DirtySnatcha Records","Fog Horn",,DENNETT,198342502969,DSR0074A,"Fog Horn",,QZTRX2237730,DENNETT,Spotify,"August 2024",USA,Streaming,Single,Sale,9,0.030616000000
AUG-24,"DirtySnatcha Records",Apparition,,CVLVALRI,198342507926,DSR0063A,Apparition,,GBRKQ2204805,CVLVALRI,Spotify,"August 2024",USA,Streaming,Single,Sale,11,0.030635000000
AUG-24,"DirtySnatcha Records","The Back Rooms EP",,"In Orbit Dubz",198342501023,DSR0081A,"Fuck It Up",,QZWDD2257318,"In Orbit Dubz","Amazon Music Unlimited","August 2024",USA,Streaming,Single,Sale,3,0.030954000000
AUG-24,"DirtySnatcha Records",Dimension,,"In Orbit Dubz, Nein Lives",198342496138,DSR0051A,Dimension,,QZ5FN2266737,"In Orbit Dubz, Nein Lives","Apple Music","August 2024",USA,Streaming,Single,Sale,9,0.030987000000
AUG-24,"DirtySnatcha Records",FLU,,PROTOCOL,198342498040,DSR0084A,FLU,,QZWDD2296532,PROTOCOL,"Apple Music","August 2024",USA,Streaming,Single,Sale,9,0.030987000000
AUG-24,"DirtySnatcha Records","Gamma Ray",,JAYSYX,198342478158,DSR0017A,"Gamma Ray",,QZ5FN2032792,JAYSYX,"Apple Music","August 2024",USA,Streaming,Single,Sale,10,0.031353000000
AUG-24,"DirtySnatcha Records",Tartarus,,CRiiOZ,198342042182,DSR127,Psycho,,USLZJ2405590,"CRiiOZ, DSTRTN",Spotify,"August 2024",MEX,Streaming,Single,Sale,16,0.031356000000
AUG-24,"DirtySnatcha Records","The Back Rooms EP",,"In Orbit Dubz",198342501023,DSR0081A,Destroy,,QZWDD2257331,"In Orbit Dubz, DSTRTN","Apple Music","August 2024",USA,Streaming,Single,Sale,4,0.031530000000
AUG-24,"DirtySnatcha Records","Black & Gold",,BBX,198342479889,DSR0096A,"Crushed Glass",,QZTV32366684,BBX,"Apple Music","August 2024",USA,Streaming,Single,Sale,4,0.031530000000
AUG-24,"DirtySnatcha Records","GO MAD",,"DSTRTN, CRiiOZ",198342500286,DSR0056A,"GO MAD",,USLZJ2297741,"DSTRTN, CRiiOZ",Spotify,"August 2024",NLD,Streaming,Single,Sale,6,0.031636000000
AUG-24,"DirtySnatcha Records","Giving Up VIP",,"CHRMNDRS, SEEING\\DOUBLE",198342492154,DSR0044A,"Giving Up VIP",,GBWUL2158623,"CHRMNDRS, SEEING\\DOUBLE",Spotify,"August 2024",USA,Streaming,Single,Sale,9,0.031694000000
AUG-24,"DirtySnatcha Records","Apple Sowce",,Autokorekt,198342768341,DSR134,"Apple Sowce",,QZTRX2474922,Autokorekt,Spotify,"August 2024",USA,Streaming,Single,Sale,9,0.031694000000
AUG-24,"DirtySnatcha Records",Rudeboy,,"Seeing Double, Kryture",198342476352,DSR0007A,Rudeboy,,GBWUL2045907,"Seeing Double, Kryture",Spotify,"August 2024",USA,Streaming,Single,Sale,16,0.032013000000
AUG-24,"DirtySnatcha Records",Hypnotize,,"In Orbit Dubz",197999477019,DSR113,Hypnotize,,QZZ8B2327916,"In Orbit Dubz","Apple Music","August 2024",CAN,Streaming,Single,Sale,6,0.032218000000
AUG-24,"DirtySnatcha Records","GO MAD",,"DSTRTN, CRiiOZ",198342500286,DSR0056A,"GO MAD",,USLZJ2297741,"DSTRTN, CRiiOZ",Spotify,"August 2024",USA,Streaming,Single,Sale,7,0.032241000000
AUG-24,"DirtySnatcha Records","Need U","Dobadlyy Remix","DirtySnatcha, Autokorekt",198342491317,DSR0033A,"Need U","Dobadlyy Remix",QZ5FN2114150,"DirtySnatcha, Autokorekt, Dobadlyy","Apple Music","August 2024",USA,Streaming,Single,Sale,5,0.032312000000
AUG-24,"DirtySnatcha Records","The Tundra",,Barooka,197999919410,DSR120,iDISTORT,,QZ5FN2461919,Barooka,"Apple Music","August 2024",USA,Streaming,Single,Sale,5,0.032312000000
AUG-24,"DirtySnatcha Records","Clean Slate",,Blue,198342095089,DSR129,"Clean Slate",,USLZJ2430079,"Blue, JHornz","Apple Music","August 2024",USA,Streaming,Single,Sale,5,0.032312000000
AUG-24,"DirtySnatcha Records","Ground N' Pound",,"Akronym, FIGMVNT",198342504093,DSR0070A,"Ground N' Pound",,GBRKQ2274076,"Akronym, FIGMVNT","Apple Music","August 2024",USA,Streaming,Single,Sale,5,0.032312000000
AUG-24,"DirtySnatcha Records",Deviate,,"Paragon, Sqishi",198342476390,DSR0009A,Deviate,,GBWUL2080841,"Paragon, Sqishi","Apple Music","August 2024",USA,Streaming,Single,Sale,5,0.032312000000
AUG-24,"DirtySnatcha Records",FLATLINE,,GOMPERZ,197999449672,DSR111,FLATLINE,,QZZ8B2311175,GOMPERZ,"Apple Music","August 2024",USA,Streaming,Single,Sale,5,0.032312000000
AUG-24,"DirtySnatcha Records","Turn It Up",,YUNIT.,198342476697,DSR0012A,"Turn It Up",,GBWUL2083817,YUNIT.,"Apple Music","August 2024",USA,Streaming,Single,Sale,5,0.032312000000
AUG-24,"DirtySnatcha Records","Tiger Kung Fu",,"Neon Tiger",198342491539,DSR0037A,"Tiger Kung Fu",,QZ5FN2170480,"Neon Tiger","Apple Music","August 2024",USA,Streaming,Single,Sale,5,0.032312000000
AUG-24,"DirtySnatcha Records",Demons,,"Scafetta, Raddix",198342507834,DSR0058A,Demons,,GBRKQ2203029,"Scafetta, Raddix","Apple Music","August 2024",USA,Streaming,Single,Sale,5,0.032313000000
AUG-24,"DirtySnatcha Records","GO MAD",,"DSTRTN, CRiiOZ",198342500286,DSR0056A,"GO MAD",,USLZJ2297741,"DSTRTN, CRiiOZ",Spotify,"August 2024",CAN,Streaming,Single,Sale,12,0.032331000000
AUG-24,"DirtySnatcha Records","Fog Horn",,DENNETT,198342502969,DSR0074A,"Fog Horn",,QZTRX2237730,DENNETT,Spotify,"August 2024",CAN,Streaming,Single,Sale,10,0.032419000000
AUG-24,"DirtySnatcha Records",Bloodthirsty,,Howker,198342475331,DSR0004A,Bloodthirsty,,GBWUL1958037,Howker,Spotify,"August 2024",DEU,Streaming,Single,Sale,14,0.032481000000
AUG-24,"DirtySnatcha Records",Tartarus,,CRiiOZ,198342042182,DSR127,Psycho,,USLZJ2405590,"CRiiOZ, DSTRTN",Spotify,"August 2024",DEU,Streaming,Single,Sale,8,0.032543000000
AUG-24,"DirtySnatcha Records","GO MAD",,"DSTRTN, CRiiOZ",198342500286,DSR0056A,"GO MAD",,USLZJ2297741,"DSTRTN, CRiiOZ",Spotify,"August 2024",DEU,Streaming,Single,Sale,8,0.032543000000
AUG-24,"DirtySnatcha Records","Out Of Service",,"Autokorekt, ChemDawg",198342492215,DSR0046A,"Out Of Service",,GBWUL2192863,"Autokorekt, ChemDawg, Versace",Spotify,"August 2024",AUS,Streaming,Single,Sale,9,0.032840000000
AUG-24,"DirtySnatcha Records","Spectre Season",,Artifact,198342479643,DSR0101A,"Spectre Season",,QZWDD2336449,Artifact,Spotify,"August 2024",AUS,Streaming,Single,Sale,9,0.032840000000
AUG-24,"DirtySnatcha Records","Operator Error",,"Big City",198342036334,DSR125,"Weed Spot",,USLZJ2403314,"Big City","Apple Music","August 2024",USA,Streaming,Single,Sale,5,0.032892000000
AUG-24,"DirtySnatcha Records",Tartarus,,CRiiOZ,198342042182,DSR127,"In The Walls",,USLZJ2405562,CRiiOZ,"Apple Music","August 2024",USA,Streaming,Single,Sale,5,0.032892000000
AUG-24,"DirtySnatcha Records","Genie In a Bottle",,"DirtySnatcha, Luci",198342437506,DSR132,"Genie In a Bottle",,GBWUL2407705,"DirtySnatcha, Luci",Spotify,"August 2024",AUT,Streaming,Single,Sale,8,0.032983000000
AUG-24,"DirtySnatcha Records","Genie In a Bottle",,"DirtySnatcha, Luci",198342437506,DSR132,"Genie In a Bottle",,GBWUL2407705,"DirtySnatcha, Luci",Spotify,"August 2024",CZE,Streaming,Single,Sale,10,0.033034000000
AUG-24,"DirtySnatcha Records",Nightmare,,"In Orbit Dubz",198342501320,DSR0080A,Nightmare,,QZWDD2257336,"In Orbit Dubz",Spotify,"August 2024",DEU,Streaming,Single,Sale,7,0.033062000000
AUG-24,"DirtySnatcha Records",Tartarus,,CRiiOZ,198342042182,DSR127,"In The Walls",,USLZJ2405562,CRiiOZ,Spotify,"August 2024",DEU,Streaming,Single,Sale,7,0.033062000000
AUG-24,"DirtySnatcha Records","Genie In a Bottle",,"DirtySnatcha, Luci",198342437506,DSR132,"Genie In a Bottle",,GBWUL2407705,"DirtySnatcha, Luci",Spotify,"August 2024",POL,Streaming,Single,Sale,17,0.033232000000
AUG-24,"DirtySnatcha Records",WTF,,"BBX, Sloth",198342356135,DSR131,WTF,,GBRKQ2471312,"BBX, Sloth",Spotify,"August 2024",HUN,Streaming,Single,Sale,14,0.033249000000
AUG-24,"DirtySnatcha Records","Genie In a Bottle",,"DirtySnatcha, Luci",198342437506,DSR132,"Genie In a Bottle",,GBWUL2407705,"DirtySnatcha, Luci",TIDAL,"August 2024",USA,Streaming,Single,Sale,5,0.033690000000
AUG-24,"DirtySnatcha Records",WTF,,"BBX, Sloth",198342356135,DSR131,WTF,,GBRKQ2471312,"BBX, Sloth",Spotify,"August 2024",DEU,Streaming,Single,Sale,37,0.033712000000
AUG-24,"DirtySnatcha Records",WTF,,"BBX, Sloth",198342356135,DSR131,WTF,,GBRKQ2471312,"BBX, Sloth",Spotify,"August 2024",ITA,Streaming,Single,Sale,16,0.033759000000
AUG-24,"DirtySnatcha Records","No Traces",,"Trenches, Virg™",198342361740,DSR130,"No Traces",,GBRKQ2472806,"Trenches, Virg™","YouTube Streaming","August 2024",USA,Streaming,"Art Track",Sale,3,0.033764000000
AUG-24,"DirtySnatcha Records","Back Rooms",,"In Orbit Dubz",198342498644,DSR0077A,"Back Rooms",,QZWDD2257316,"In Orbit Dubz","Amazon Music Unlimited","August 2024",ITA,Streaming,Single,Sale,3,0.033800000000
AUG-24,"DirtySnatcha Records","Power Transient",,Hexadrone,198342491300,DSR0032A,"Power Transient",,GBRKQ2053155,Hexadrone,"Apple Music","August 2024",USA,Streaming,Single,Sale,2,0.033827000000
AUG-24,"DirtySnatcha Records",WTF,,"BBX, Sloth",198342356135,DSR131,WTF,,GBRKQ2471312,"BBX, Sloth",Spotify,"August 2024",NOR,Streaming,Single,Sale,6,0.033941000000
AUG-24,"DirtySnatcha Records","Game Time",,"Autokorekt, Eazley",198342476338,DSR0006A,"Game Time",,GBWUL2023530,"Autokorekt, Eazley, Rico Act",Spotify,"August 2024",USA,Streaming,Single,Sale,17,0.034014000000
AUG-24,"DirtySnatcha Records","Keep Moving","Audigy Remix",DirtySnatcha,197999143198,DSR0104,"Keep Moving","Audigy Remix",QZWV32320452,"DirtySnatcha, Audigy",Spotify,"August 2024",CAN,Streaming,Single,Sale,23,0.034093000000
AUG-24,"DirtySnatcha Records",Nightmare,,"In Orbit Dubz",198342501320,DSR0080A,Nightmare,,QZWDD2257336,"In Orbit Dubz",Spotify,"August 2024",FRA,Streaming,Single,Sale,3,0.034197000000
AUG-24,"DirtySnatcha Records","Genie In a Bottle",,"DirtySnatcha, Luci",198342437506,DSR132,"Genie In a Bottle",,GBWUL2407705,"DirtySnatcha, Luci",Spotify,"August 2024",AUS,Streaming,Single,Sale,8,0.034221000000
AUG-24,"DirtySnatcha Records",WTF,,"BBX, Sloth",198342356135,DSR131,WTF,,GBRKQ2471312,"BBX, Sloth",Spotify,"August 2024",MEX,Streaming,Single,Sale,38,0.034320000000
AUG-24,"DirtySnatcha Records","The Back Rooms EP",,"In Orbit Dubz",198342501023,DSR0081A,Nightmare,,QZWDD2257336,"In Orbit Dubz","Apple Music","August 2024",USA,Streaming,Single,Sale,10,0.034430000000
AUG-24,"DirtySnatcha Records","The Back Rooms EP",,"In Orbit Dubz",198342501023,DSR0081A,"Back Rooms",,QZWDD2257316,"In Orbit Dubz","Apple Music","August 2024",USA,Streaming,Single,Sale,10,0.034430000000
AUG-24,"DirtySnatcha Records",Tartarus,,CRiiOZ,198342042182,DSR127,Psycho,,USLZJ2405590,"CRiiOZ, DSTRTN",Spotify,"August 2024",SWE,Streaming,Single,Sale,3,0.034458000000
AUG-24,"DirtySnatcha Records",Hypnotize,,"In Orbit Dubz",197999477019,DSR113,Hypnotize,,QZZ8B2327916,"In Orbit Dubz","Apple Music","August 2024",USA,Streaming,Single,Sale,11,0.034489000000
AUG-24,"DirtySnatcha Records","Giving Up VIP",,"CHRMNDRS, SEEING\\DOUBLE",198342492154,DSR0044A,"Giving Up VIP",,GBWUL2158623,"CHRMNDRS, SEEING\\DOUBLE","Apple Music","August 2024",USA,Streaming,Single,Sale,2,0.034549000000
AUG-24,"DirtySnatcha Records","Genie In a Bottle",,"DirtySnatcha, Luci",198342437506,DSR132,"Genie In a Bottle",,GBWUL2407705,"DirtySnatcha, Luci","Apple Music","August 2024",GBR,Streaming,Single,Sale,6,0.034638000000
AUG-24,"DirtySnatcha Records",Nightmare,,"In Orbit Dubz",198342501320,DSR0080A,Nightmare,,QZWDD2257336,"In Orbit Dubz",Spotify,"August 2024",CAN,Streaming,Single,Sale,23,0.034886000000
AUG-24,"DirtySnatcha Records",WTF,,"BBX, Sloth",198342356135,DSR131,WTF,,GBRKQ2471312,"BBX, Sloth",Spotify,"August 2024",BEL,Streaming,Single,Sale,14,0.035104000000
AUG-24,"DirtySnatcha Records","Fuck It Up",,"In Orbit Dubz",198342501825,DSR0078A,"Fuck It Up",,QZWDD2257318,"In Orbit Dubz",Spotify,"August 2024",USA,Streaming,Single,Sale,10,0.035216000000
AUG-24,"DirtySnatcha Records","GO MAD",,"DSTRTN, CRiiOZ",198342500286,DSR0056A,"GO MAD",,USLZJ2297741,"DSTRTN, CRiiOZ",Spotify,"August 2024",MEX,Streaming,Single,Sale,48,0.035281000000
AUG-24,"DirtySnatcha Records",Tartarus,,CRiiOZ,198342042182,DSR127,Trust,,USLZJ2405591,CRiiOZ,Spotify,"August 2024",MEX,Streaming,Single,Sale,48,0.035281000000
AUG-24,"DirtySnatcha Records","Genie In a Bottle",,"DirtySnatcha, Luci",198342437506,DSR132,"Genie In a Bottle",,GBWUL2407705,"DirtySnatcha, Luci","Apple DJ Mixes","August 2024",USA,Streaming,Single,Sale,121,0.035400000000
AUG-24,"DirtySnatcha Records",Tartarus,,CRiiOZ,198342042182,DSR127,Trust,,USLZJ2405591,CRiiOZ,Spotify,"August 2024",CAN,Streaming,Single,Sale,24,0.035574000000
AUG-24,"DirtySnatcha Records","Out Of Service",,"Autokorekt, ChemDawg",198342492215,DSR0046A,"Out Of Service",,GBWUL2192863,"Autokorekt, ChemDawg, Versace","Apple Music","August 2024",USA,Streaming,Single,Sale,5,0.035584000000
AUG-24,"DirtySnatcha Records","Genie In a Bottle",,"DirtySnatcha, Luci",198342437506,DSR132,"Genie In a Bottle",,GBWUL2407705,"DirtySnatcha, Luci",Spotify,"August 2024",SWE,Streaming,Single,Sale,7,0.036167000000
AUG-24,"DirtySnatcha Records","Apple Sowce",,Autokorekt,198342768341,DSR134,"Apple Sowce",,QZTRX2474922,Autokorekt,Spotify,"August 2024",USA,Streaming,Single,Sale,13,0.036204000000
AUG-24,"DirtySnatcha Records","Genie In a Bottle",,"DirtySnatcha, Luci",198342437506,DSR132,"Genie In a Bottle",,GBWUL2407705,"DirtySnatcha, Luci",Spotify,"August 2024",NLD,Streaming,Single,Sale,8,0.036239000000
AUG-24,"DirtySnatcha Records",WTF,,"BBX, Sloth",198342356135,DSR131,WTF,,GBRKQ2471312,"BBX, Sloth",Spotify,"August 2024",GTM,Streaming,Single,Sale,16,0.036305000000
AUG-24,"DirtySnatcha Records","Genie In a Bottle",,"DirtySnatcha, Luci",198342437506,DSR132,"Genie In a Bottle",,GBWUL2407705,"DirtySnatcha, Luci",Spotify,"August 2024",ISR,Streaming,Single,Sale,8,0.036554000000
AUG-24,"DirtySnatcha Records","Fog Horn",,DENNETT,198342502969,DSR0074A,"Fog Horn",,QZTRX2237730,DENNETT,"Apple Music","August 2024",USA,Streaming,Single,Sale,10,0.036567000000
AUG-24,"DirtySnatcha Records",Tartarus,,CRiiOZ,198342042182,DSR127,"In The Walls",,USLZJ2405562,CRiiOZ,Spotify,"August 2024",MEX,Streaming,Single,Sale,50,0.036750000000
AUG-24,"DirtySnatcha Records","Fog Horn",,DENNETT,198342502969,DSR0074A,"Fog Horn",,QZTRX2237730,DENNETT,Spotify,"August 2024",GBR,Streaming,Single,Sale,6,0.036752000000
AUG-24,"DirtySnatcha Records","Fog Horn",,DENNETT,198342502969,DSR0074A,"Fog Horn",,QZTRX2237730,DENNETT,Spotify,"August 2024",USA,Streaming,Single,Sale,19,0.036875000000
AUG-24,"DirtySnatcha Records",WTF,,"BBX, Sloth",198342356135,DSR131,WTF,,GBRKQ2471312,"BBX, Sloth",Spotify,"August 2024",AUS,Streaming,Single,Sale,27,0.036989000000
AUG-24,"DirtySnatcha Records","Riddim Gang",,"Megahurtz, Alienpark",198342478288,DSR0020A,"Riddim Gang",,QZ5FN2074245,"Megahurtz, Alienpark","Apple Music","August 2024",USA,Streaming,Single,Sale,13,0.037086000000
AUG-24,"DirtySnatcha Records","Genie In a Bottle",,"DirtySnatcha, Luci",198342437506,DSR132,"Genie In a Bottle",,GBWUL2407705,"DirtySnatcha, Luci","Facebook / Instagram - Revenue Share","July 2024",USA,Streaming,"User Generated Content: Production",Sale,1,0.037209000000
AUG-24,"DirtySnatcha Records",FLU,,PROTOCOL,198342498040,DSR0084A,FLU,,QZWDD2296532,PROTOCOL,"Apple Music","August 2024",USA,Streaming,Single,Sale,3,0.037220000000
AUG-24,"DirtySnatcha Records","GO MAD",,"DSTRTN, CRiiOZ",198342500286,DSR0056A,"GO MAD",,USLZJ2297741,"DSTRTN, CRiiOZ",Spotify,"August 2024",MEX,Streaming,Single,Sale,19,0.037235000000
AUG-24,"DirtySnatcha Records","Genie In a Bottle",,"DirtySnatcha, Luci",198342437506,DSR132,"Genie In a Bottle",,GBWUL2407705,"DirtySnatcha, Luci",Spotify,"August 2024",USA,Streaming,Single,Sale,12,0.037304000000
AUG-24,"DirtySnatcha Records",WTF,,"BBX, Sloth",198342356135,DSR131,WTF,,GBRKQ2471312,"BBX, Sloth",Spotify,"August 2024",MEX,Streaming,Single,Sale,291,0.037468000000
AUG-24,"DirtySnatcha Records",Riddimption,,"Nothing x Hurts",198622420181,DSR136,Riddimption,,QZWV32419969,"Nothing x Hurts","Apple Music","August 2024",USA,Streaming,Single,Sale,12,0.037624000000
AUG-24,"DirtySnatcha Records",Tartarus,,CRiiOZ,198342042182,DSR127,"In The Walls",,USLZJ2405562,CRiiOZ,TIDAL,"August 2024",USA,Streaming,Single,Sale,4,0.037747000000
AUG-24,"DirtySnatcha Records",Tartarus,,CRiiOZ,198342042182,DSR127,Trust,,USLZJ2405591,CRiiOZ,TIDAL,"August 2024",USA,Streaming,Single,Sale,4,0.037747000000
AUG-24,"DirtySnatcha Records",WDGAF,,CRiiOZ,197999026187,DSR0102,WDGAF,,QZWDE2357423,CRiiOZ,TIDAL,"August 2024",USA,Streaming,Single,Sale,4,0.037747000000
AUG-24,"DirtySnatcha Records",Tartarus,,CRiiOZ,198342042182,DSR127,"Let Go",,USLZJ2405592,CRiiOZ,TIDAL,"August 2024",USA,Streaming,Single,Sale,4,0.037747000000
AUG-24,"DirtySnatcha Records",Tartarus,,CRiiOZ,198342042182,DSR127,"Watch Out",,USLZJ2405588,CRiiOZ,TIDAL,"August 2024",USA,Streaming,Single,Sale,4,0.037747000000
AUG-24,"DirtySnatcha Records","Acting Out",,"Megahurtz, Blue",198342479070,DSR0029A,"Acting Out",,USLZJ2069505,"Megahurtz, Blue, Rico Act",Spotify,"August 2024",USA,Streaming,Single,Sale,6,0.037839000000
AUG-24,"DirtySnatcha Records","Riddim Gang",,"Megahurtz, Alienpark",198342478288,DSR0020A,"Riddim Gang",,QZ5FN2074245,"Megahurtz, Alienpark","Apple Music","August 2024",USA,Streaming,Single,Sale,11,0.037873000000
AUG-24,"DirtySnatcha Records","Fog Horn",,DENNETT,198342502969,DSR0074A,"Fog Horn",,QZTRX2237730,DENNETT,"Apple Music","August 2024",JPN,Streaming,Single,Sale,9,0.037873000000
AUG-24,"DirtySnatcha Records","Take A Trip","DirtySnatcha Remix","HEXED, Labs",198342492369,DSR0086A,"Take A Trip","DirtySnatcha Remix",QZ5FN2303924,"HEXED, Labs, DirtySnatcha","Apple Music","August 2024",USA,Streaming,Single,Sale,11,0.037873000000
AUG-24,"DirtySnatcha Records","Keep Moving","Aelius, Voyager, Wilco Beats Remix",DirtySnatcha,198342499863,DSR0083A,"Keep Moving","Aelius, Voyager, Wilco Beats Remix",QZWDD2263373,"DirtySnatcha, Aelius, Voyager, Wilco Beats",Spotify,"August 2024",CAN,Streaming,Single,Sale,9,0.037899000000
AUG-24,"DirtySnatcha Records","Loose It","BOU$HY Remix","Eazley, Autokorekt",198342491560,DSR0039A,"Loose It","BOU$HY Remix",GBRKQ2109631,"Eazley, Autokorekt, BOU$HY",Spotify,"August 2024",USA,Streaming,Single,Sale,19,0.038015000000
AUG-24,"DirtySnatcha Records","Round 2",,"Nekz, Meechie Murda",197999919441,DSR121,"Round 2",,QZ5FN2445592,"Nekz, Meechie Murda",Spotify,"August 2024",USA,Streaming,Single,Sale,19,0.038015000000
AUG-24,"DirtySnatcha Records","Crushed Glass",,BBX,198342479902,DSR0095A,"Crushed Glass",,QZTV32366684,BBX,Spotify,"August 2024",USA,Streaming,Single,Sale,19,0.038015000000
AUG-24,"DirtySnatcha Records",Liquidator,,"Sinister Bass",198342507896,DSR0060A,Liquidator,,GBRKQ2204555,"Sinister Bass",Spotify,"August 2024",USA,Streaming,Single,Sale,19,0.038015000000
AUG-24,"DirtySnatcha Records",WTF,,"BBX, Sloth",198342356135,DSR131,WTF,,GBRKQ2471312,"BBX, Sloth",Spotify,"August 2024",MEX,Streaming,Single,Sale,21,0.038120000000
AUG-24,"DirtySnatcha Records",WTF,,"BBX, Sloth",198342356135,DSR131,WTF,,GBRKQ2471312,"BBX, Sloth",Spotify,"August 2024",DEU,Streaming,Single,Sale,9,0.038419000000
AUG-24,"DirtySnatcha Records",Tartarus,,CRiiOZ,198342042182,DSR127,Psycho,,USLZJ2405590,"CRiiOZ, DSTRTN",Spotify,"August 2024",FRA,Streaming,Single,Sale,8,0.038475000000
AUG-24,"DirtySnatcha Records","BIG UPS",,"RAZR, VASTIVE",198342478684,DSR0024A,"BIG UPS",,USLZJ2023938,"RAZR, VASTIVE","Apple Music","August 2024",USA,Streaming,Single,Sale,2,0.038722000000
AUG-24,"DirtySnatcha Records",WDGAF,,CRiiOZ,197999026187,DSR0102,WDGAF,,QZWDE2357423,CRiiOZ,Spotify,"August 2024",USA,Streaming,Single,Sale,11,0.038737000000
AUG-24,"DirtySnatcha Records","Back Rooms",,"In Orbit Dubz",198342498644,DSR0077A,"Back Rooms",,QZWDD2257316,"In Orbit Dubz",Spotify,"August 2024",USA,Streaming,Single,Sale,11,0.038737000000
AUG-24,"DirtySnatcha Records","Riddim Gang",,"Megahurtz, Alienpark",198342478288,DSR0020A,"Riddim Gang",,QZ5FN2074245,"Megahurtz, Alienpark",Spotify,"August 2024",USA,Streaming,Single,Sale,11,0.038737000000
AUG-24,"DirtySnatcha Records",Game,,"Sloth, CHACKK",197999855442,DSR116,Game,,QZ5FN2416543,"Sloth, CHACKK",Spotify,"August 2024",USA,Streaming,Single,Sale,11,0.038737000000
AUG-24,"DirtySnatcha Records",Maniac,,Sinatra,197999611932,DSR114,Maniac,,QZZEB2305800,Sinatra,"Apple Music","August 2024",USA,Streaming,Single,Sale,6,0.038774000000
AUG-24,"DirtySnatcha Records",Bloodthirsty,,Howker,198342475331,DSR0004A,Bloodthirsty,,GBWUL1958037,Howker,"Apple Music","August 2024",USA,Streaming,Single,Sale,6,0.038774000000
AUG-24,"DirtySnatcha Records",Whoa,,"KirbyBright, Devious",198342485866,DSR133,Whoa,,GBWUL2431903,"KirbyBright, Devious",Spotify,"August 2024",CAN,Streaming,Single,Sale,12,0.038904000000
AUG-24,"DirtySnatcha Records","Back Rooms",,"In Orbit Dubz",198342498644,DSR0077A,"Back Rooms",,QZWDD2257316,"In Orbit Dubz","Amazon Music Unlimited","August 2024",ESP,Streaming,Single,Sale,2,0.038935000000
AUG-24,"DirtySnatcha Records","Run It Up",,"CHRMNDRS, Future Exit",198342476673,DSR0010A,"Run It Up",,GBWUL2081365,"CHRMNDRS, Future Exit",Spotify,"August 2024",USA,Streaming,Single,Sale,14,0.038990000000
AUG-24,"DirtySnatcha Records","Fog Horn",,DENNETT,198342502969,DSR0074A,"Fog Horn",,QZTRX2237730,DENNETT,"Apple Music","August 2024",GBR,Streaming,Single,Sale,1,0.039595000000
AUG-24,"DirtySnatcha Records",Riptide,,"David Vance, Blue",198342508046,DSR0064A,Riptide,,GBRKQ2211179,"David Vance, Blue",Spotify,"August 2024",USA,Streaming,Single,Sale,9,0.039643000000
AUG-24,"DirtySnatcha Records","Fog Horn",,DENNETT,198342502969,DSR0074A,"Fog Horn",,QZTRX2237730,DENNETT,Spotify,"August 2024",JPN,Streaming,Single,Sale,12,0.039784000000
AUG-24,"DirtySnatcha Records",Shook,,BBX,198342479957,DSR0094A,Shook,,QZTV32366682,BBX,Spotify,"August 2024",USA,Streaming,Single,Sale,20,0.040016000000
AUG-24,"DirtySnatcha Records","Genie In a Bottle",,"DirtySnatcha, Luci",198342437506,DSR132,"Genie In a Bottle",,GBWUL2407705,"DirtySnatcha, Luci",Snap,"July 2024",USA,Streaming,"User Generated Content",Sale,5,0.040047000000
AUG-24,"DirtySnatcha Records",WDGAF,,CRiiOZ,197999026187,DSR0102,WDGAF,,QZWDE2357423,CRiiOZ,"YouTube Streaming","August 2024",USA,Streaming,"Art Track",Sale,2,0.040096000000
AUG-24,"DirtySnatcha Records",WTF,,"BBX, Sloth",198342356135,DSR131,WTF,,GBRKQ2471312,"BBX, Sloth",Spotify,"August 2024",CHE,Streaming,Single,Sale,6,0.040124000000
AUG-24,"DirtySnatcha Records","The Back Rooms EP",,"In Orbit Dubz",198342501023,DSR0081A,"Back Rooms",,QZWDD2257316,"In Orbit Dubz","Apple Music","August 2024",USA,Streaming,Single,Sale,3,0.040173000000
AUG-24,"DirtySnatcha Records",Tartarus,,CRiiOZ,198342042182,DSR127,"Let Go",,USLZJ2405592,CRiiOZ,"YouTube Streaming","August 2024",USA,Streaming,"Art Track",Sale,3,0.040220000000
AUG-24,"DirtySnatcha Records","Apple Sowce",,Autokorekt,198342768341,DSR134,"Apple Sowce",,QZTRX2474922,Autokorekt,"YouTube Streaming","August 2024",USA,Streaming,"Art Track",Sale,8,0.040412000000
AUG-24,"DirtySnatcha Records",Hypnotize,,"In Orbit Dubz",197999477019,DSR113,Hypnotize,,QZZ8B2327916,"In Orbit Dubz",Spotify,"August 2024",CAN,Streaming,Single,Sale,15,0.040413000000
AUG-24,"DirtySnatcha Records",Tartarus,,CRiiOZ,198342042182,DSR127,"In The Walls",,USLZJ2405562,CRiiOZ,Spotify,"August 2024",CAN,Streaming,Single,Sale,15,0.040413000000
AUG-24,"DirtySnatcha Records","Run It Up",,"CHRMNDRS, Future Exit",198342476673,DSR0010A,"Run It Up",,GBWUL2081365,"CHRMNDRS, Future Exit","Apple Music","August 2024",USA,Streaming,Single,Sale,2,0.040669000000
AUG-24,"DirtySnatcha Records","Fog Horn",,DENNETT,198342502969,DSR0074A,"Fog Horn",,QZTRX2237730,DENNETT,"Apple Music","August 2024",USA,Streaming,Single,Sale,11,0.041085000000
AUG-24,"DirtySnatcha Records",Hypnotize,,"In Orbit Dubz",197999477019,DSR113,Hypnotize,,QZZ8B2327916,"In Orbit Dubz",Snap,"August 2024",USA,Streaming,"User Generated Content",Sale,1,0.041338000000
AUG-24,"DirtySnatcha Records","The Back Rooms EP",,"In Orbit Dubz",198342501023,DSR0081A,Destroy,,QZWDD2257331,"In Orbit Dubz, DSTRTN","Apple Music","August 2024",USA,Streaming,Single,Sale,2,0.041533000000
AUG-24,"DirtySnatcha Records","Genie In a Bottle",,"DirtySnatcha, Luci",198342437506,DSR132,"Genie In a Bottle",,GBWUL2407705,"DirtySnatcha, Luci",Deezer,"June 2024",CAN,Streaming,Single,Sale,7,0.041574000000
AUG-24,"DirtySnatcha Records",WTF,,"BBX, Sloth",198342356135,DSR131,WTF,,GBRKQ2471312,"BBX, Sloth",Spotify,"August 2024",BEL,Streaming,Single,Sale,8,0.041638000000
AUG-24,"DirtySnatcha Records",Dimension,,"In Orbit Dubz, Nein Lives",198342496138,DSR0051A,Dimension,,QZ5FN2266737,"In Orbit Dubz, Nein Lives","Apple Music","August 2024",USA,Streaming,Single,Sale,6,0.041926000000
AUG-24,"DirtySnatcha Records","GO MAD",,"DSTRTN, CRiiOZ",198342500286,DSR0056A,"GO MAD",,USLZJ2297741,"DSTRTN, CRiiOZ",Spotify,"August 2024",FIN,Streaming,Single,Sale,7,0.042018000000
AUG-24,"DirtySnatcha Records","Fog Horn",,DENNETT,198342502969,DSR0074A,"Fog Horn",,QZTRX2237730,DENNETT,"Apple Music","August 2024",JPN,Streaming,Single,Sale,10,0.042083000000
AUG-24,"DirtySnatcha Records",Tartarus,,CRiiOZ,198342042182,DSR127,Psycho,,USLZJ2405590,"CRiiOZ, DSTRTN",Spotify,"August 2024",NLD,Streaming,Single,Sale,8,0.042182000000
AUG-24,"DirtySnatcha Records","Need U","Dobadlyy Remix","DirtySnatcha, Autokorekt",198342491317,DSR0033A,"Need U","Dobadlyy Remix",QZ5FN2114150,"DirtySnatcha, Autokorekt, Dobadlyy",Spotify,"August 2024",USA,Streaming,Single,Sale,12,0.042259000000
AUG-24,"DirtySnatcha Records",Dimension,,"In Orbit Dubz, Nein Lives",198342496138,DSR0051A,Dimension,,QZ5FN2266737,"In Orbit Dubz, Nein Lives",Spotify,"August 2024",USA,Streaming,Single,Sale,12,0.042259000000
AUG-24,"DirtySnatcha Records",Radioactivity,,"In Orbit Dubz",198342500118,DSR0053A,Radioactivity,,USLZJ2286474,"In Orbit Dubz",Snap,"July 2024",USA,Streaming,"User Generated Content",Sale,6,0.042331000000
AUG-24,"DirtySnatcha Records","Genie In a Bottle",,"DirtySnatcha, Luci",198342437506,DSR132,"Genie In a Bottle",,GBWUL2407705,"DirtySnatcha, Luci","Apple Music","August 2024",FRA,Streaming,Single,Sale,6,0.042418000000
AUG-24,"DirtySnatcha Records","Genie In a Bottle",,"DirtySnatcha, Luci",198342437506,DSR132,"Genie In a Bottle",,GBWUL2407705,"DirtySnatcha, Luci",Spotify,"August 2024",CHE,Streaming,Single,Sale,7,0.042463000000
AUG-24,"DirtySnatcha Records","Keep Moving","Audigy Remix",DirtySnatcha,197999143198,DSR0104,"Keep Moving","Audigy Remix",QZWV32320452,"DirtySnatcha, Audigy",Spotify,"August 2024",DEU,Streaming,Single,Sale,9,0.042509000000
AUG-24,"DirtySnatcha Records","GO MAD",,"DSTRTN, CRiiOZ",198342500286,DSR0056A,"GO MAD",,USLZJ2297741,"DSTRTN, CRiiOZ",TIDAL,"August 2024",USA,Streaming,Single,Sale,5,0.042575000000
AUG-24,"DirtySnatcha Records",WTF,,"BBX, Sloth",198342356135,DSR131,WTF,,GBRKQ2471312,"BBX, Sloth",Spotify,"August 2024",ESP,Streaming,Single,Sale,22,0.042577000000
AUG-24,"DirtySnatcha Records","GO MAD",,"DSTRTN, CRiiOZ",198342500286,DSR0056A,"GO MAD",,USLZJ2297741,"DSTRTN, CRiiOZ",Spotify,"August 2024",USA,Streaming,Single,Sale,22,0.042696000000
AUG-24,"DirtySnatcha Records","Genie In a Bottle",,"DirtySnatcha, Luci",198342437506,DSR132,"Genie In a Bottle",,GBWUL2407705,"DirtySnatcha, Luci","Apple Music","August 2024",USA,Streaming,Single,Sale,6,0.042701000000
AUG-24,"DirtySnatcha Records","Game Time",,"Autokorekt, Eazley",198342476338,DSR0006A,"Game Time",,GBWUL2023530,"Autokorekt, Eazley, Rico Act",Spotify,"August 2024",GBR,Streaming,Single,Sale,7,0.042879000000
AUG-24,"DirtySnatcha Records",Tartarus,,CRiiOZ,198342042182,DSR127,"Let Go",,USLZJ2405592,CRiiOZ,"YouTube Streaming","August 2024",USA,Streaming,"Art Track",Sale,10,0.042956000000
AUG-24,"DirtySnatcha Records",Riddimption,,"Nothing x Hurts",198622420181,DSR136,Riddimption,,QZWV32419969,"Nothing x Hurts","YouTube Streaming","August 2024",USA,Streaming,"Art Track",Sale,10,0.042957000000
AUG-24,"DirtySnatcha Records",Tartarus,,CRiiOZ,198342042182,DSR127,"In The Walls",,USLZJ2405562,CRiiOZ,Spotify,"August 2024",FRA,Streaming,Single,Sale,9,0.043285000000
AUG-24,"DirtySnatcha Records",LIGMA,,"BBX, Jonomatic, Geeku",198342492208,DSR0045A,LIGMA,,GBWUL2171015,"BBX, Jonomatic, Geeku",Snap,"August 2024",CAN,Streaming,"User Generated Content",Sale,1,0.043716000000
AUG-24,"DirtySnatcha Records",Tartarus,,CRiiOZ,198342042182,DSR127,"Let Go",,USLZJ2405592,CRiiOZ,Spotify,"August 2024",USA,Streaming,Single,Sale,22,0.044017000000
AUG-24,"DirtySnatcha Records","The Back Rooms EP",,"In Orbit Dubz",198342501023,DSR0081A,"Fuck It Up",,QZWDD2257318,"In Orbit Dubz","Apple Music","August 2024",USA,Streaming,Single,Sale,4,0.044071000000
AUG-24,"DirtySnatcha Records",Suffer,,"Phobos & Deimos",198342503287,DSR0073A,Suffer,,QZTRX2218697,"Phobos & Deimos",TIDAL,"July 2024",USA,Streaming,Single,Sale,5,0.044078000000
AUG-24,"DirtySnatcha Records",Tartarus,,CRiiOZ,198342042182,DSR127,Trust,,USLZJ2405591,CRiiOZ,Spotify,"August 2024",USA,Streaming,Single,Sale,16,0.044559000000
AUG-24,"DirtySnatcha Records","Out Of Service",,"Autokorekt, ChemDawg",198342492215,DSR0046A,"Out Of Service",,GBWUL2192863,"Autokorekt, ChemDawg, Versace",Spotify,"August 2024",USA,Streaming,Single,Sale,16,0.044559000000
AUG-24,"DirtySnatcha Records",Tartarus,,CRiiOZ,198342042182,DSR127,Psycho,,USLZJ2405590,"CRiiOZ, DSTRTN",Spotify,"August 2024",NOR,Streaming,Single,Sale,17,0.044594000000
AUG-24,"DirtySnatcha Records","Apple Sowce",,Autokorekt,198342768341,DSR134,"Apple Sowce",,QZTRX2474922,Autokorekt,"Apple Music","August 2024",USA,Streaming,Single,Sale,3,0.044612000000
AUG-24,"DirtySnatcha Records",WTF,,"BBX, Sloth",198342356135,DSR131,WTF,,GBRKQ2471312,"BBX, Sloth",Spotify,"August 2024",CHE,Streaming,Single,Sale,13,0.044941000000
AUG-24,"DirtySnatcha Records","Riddim Gang",,"Megahurtz, Alienpark",198342478288,DSR0020A,"Riddim Gang",,QZ5FN2074245,"Megahurtz, Alienpark","YouTube Streaming","August 2024",USA,Streaming,"Art Track",Sale,4,0.045017000000
AUG-24,"DirtySnatcha Records","Apple Sowce",,Autokorekt,198342768341,DSR134,"Apple Sowce",,QZTRX2474922,Autokorekt,"YouTube Streaming","August 2024",USA,Streaming,"Art Track",Sale,4,0.045018000000
AUG-24,"DirtySnatcha Records","Fog Horn",,DENNETT,198342502969,DSR0074A,"Fog Horn",,QZTRX2237730,DENNETT,"Apple Music","August 2024",CAN,Streaming,Single,Sale,2,0.045114000000
AUG-24,"DirtySnatcha Records","Genie In a Bottle",,"DirtySnatcha, Luci",198342437506,DSR132,"Genie In a Bottle",,GBWUL2407705,"DirtySnatcha, Luci",Spotify,"August 2024",CAN,Streaming,Single,Sale,29,0.045168000000
AUG-24,"DirtySnatcha Records","Eight Six",,BBX,198342480014,DSR0092A,"Eight Six",,QZTV32366095,BBX,"Apple Music","August 2024",USA,Streaming,Single,Sale,7,0.045237000000
AUG-24,"DirtySnatcha Records",Assertion,,Aalioura,198342502129,DSR0076A,Assertion,,QZWDD2238845,Aalioura,"Apple Music","August 2024",USA,Streaming,Single,Sale,7,0.045237000000
AUG-24,"DirtySnatcha Records","Round 2",,"Nekz, Meechie Murda",197999919441,DSR121,"Round 2",,QZ5FN2445592,"Nekz, Meechie Murda",Spotify,"August 2024",USA,Streaming,Single,Sale,13,0.045780000000
AUG-24,"DirtySnatcha Records",Nightmare,,"In Orbit Dubz",198342501320,DSR0080A,Nightmare,,QZWDD2257336,"In Orbit Dubz",Spotify,"August 2024",CAN,Streaming,Single,Sale,17,0.045802000000
AUG-24,"DirtySnatcha Records","Genie In a Bottle",,"DirtySnatcha, Luci",198342437506,DSR132,"Genie In a Bottle",,GBWUL2407705,"DirtySnatcha, Luci","Amazon Music Unlimited","August 2024",GBR,Streaming,Single,Sale,4,0.045992000000
AUG-24,"DirtySnatcha Records","High On Life",,Autokorekt,198342479759,DSR0098A,"High On Life",,QZTV32368009,"Autokorekt, Ashclappem",Spotify,"August 2024",USA,Streaming,Single,Sale,23,0.046018000000
AUG-24,"DirtySnatcha Records","Fog Horn",,DENNETT,198342502969,DSR0074A,"Fog Horn",,QZTRX2237730,DENNETT,"Apple Music","August 2024",USA,Streaming,Single,Sale,3,0.046266000000
AUG-24,"DirtySnatcha Records",WTF,,"BBX, Sloth",198342356135,DSR131,WTF,,GBRKQ2471312,"BBX, Sloth",Spotify,"August 2024",SGP,Streaming,Single,Sale,13,0.046331000000
AUG-24,"DirtySnatcha Records",WTF,,"BBX, Sloth",198342356135,DSR131,WTF,,GBRKQ2471312,"BBX, Sloth",Spotify,"August 2024",FRA,Streaming,Single,Sale,11,0.046558000000
AUG-24,"DirtySnatcha Records",WTF,,"BBX, Sloth",198342356135,DSR131,WTF,,GBRKQ2471312,"BBX, Sloth",Spotify,"August 2024",CAN,Streaming,Single,Sale,31,0.047020000000
AUG-24,"DirtySnatcha Records","Fuck It Up",,"In Orbit Dubz",198342501825,DSR0078A,"Fuck It Up",,QZWDD2257318,"In Orbit Dubz",Snap,"July 2024",USA,Streaming,"User Generated Content",Sale,3,0.047075000000
AUG-24,"DirtySnatcha Records","GO MAD",,"DSTRTN, CRiiOZ",198342500286,DSR0056A,"GO MAD",,USLZJ2297741,"DSTRTN, CRiiOZ",Spotify,"August 2024",DEU,Streaming,Single,Sale,10,0.047231000000
AUG-24,"DirtySnatcha Records",Tartarus,,CRiiOZ,198342042182,DSR127,Psycho,,USLZJ2405590,"CRiiOZ, DSTRTN","Facebook / Instagram","June 2024",USA,Streaming,"User Generated Content",Sale,1,0.047241000000
AUG-24,"DirtySnatcha Records","Genie In a Bottle",,"DirtySnatcha, Luci",198342437506,DSR132,"Genie In a Bottle",,GBWUL2407705,"DirtySnatcha, Luci","YouTube Content ID","August 2024",USA,UGC,"Sound Recording",Sale,17,0.047247000000
AUG-24,"DirtySnatcha Records","Giving Up VIP",,"CHRMNDRS, SEEING\\DOUBLE",198342492154,DSR0044A,"Giving Up VIP",,GBWUL2158623,"CHRMNDRS, SEEING\\DOUBLE","Apple Music","August 2024",USA,Streaming,Single,Sale,6,0.047295000000
AUG-24,"DirtySnatcha Records",Whoa,,"KirbyBright, Devious",198342485866,DSR133,Whoa,,GBWUL2431903,"KirbyBright, Devious",Spotify,"August 2024",USA,Streaming,Single,Sale,17,0.047344000000
AUG-24,"DirtySnatcha Records","Keep Moving","Audigy Remix",DirtySnatcha,197999143198,DSR0104,"Keep Moving","Audigy Remix",QZWV32320452,"DirtySnatcha, Audigy",Spotify,"August 2024",USA,Streaming,Single,Sale,17,0.047344000000
AUG-24,"DirtySnatcha Records","Run It Up",,"CHRMNDRS, Future Exit",198342476673,DSR0010A,"Run It Up",,GBWUL2081365,"CHRMNDRS, Future Exit",Spotify,"August 2024",CAN,Streaming,Single,Sale,32,0.047433000000
AUG-24,"DirtySnatcha Records","Fog Horn",,DENNETT,198342502969,DSR0074A,"Fog Horn",,QZTRX2237730,DENNETT,Spotify,"August 2024",AUS,Streaming,Single,Sale,13,0.047436000000
AUG-24,"DirtySnatcha Records",Tartarus,,CRiiOZ,198342042182,DSR127,"In The Walls",,USLZJ2405562,CRiiOZ,Spotify,"August 2024",NLD,Streaming,Single,Sale,9,0.047455000000
AUG-24,"DirtySnatcha Records",Radioactivity,,"In Orbit Dubz",198342500118,DSR0053A,Radioactivity,,USLZJ2286474,"In Orbit Dubz",Spotify,"August 2024",CAN,Streaming,Single,Sale,8,0.047489000000
AUG-24,"DirtySnatcha Records","Genie In a Bottle",,"DirtySnatcha, Luci",198342437506,DSR132,"Genie In a Bottle",,GBWUL2407705,"DirtySnatcha, Luci","Facebook / Instagram","July 2024",USA,Streaming,"User Generated Content: Consumption",Sale,1915,0.047818000000
AUG-24,"DirtySnatcha Records","Genie In a Bottle",,"DirtySnatcha, Luci",198342437506,DSR132,"Genie In a Bottle",,GBWUL2407705,"DirtySnatcha, Luci",Spotify,"August 2024",USA,Streaming,Single,Sale,7,0.048126000000
AUG-24,"DirtySnatcha Records","Run It Up",,"CHRMNDRS, Future Exit",198342476673,DSR0010A,"Run It Up",,GBWUL2081365,"CHRMNDRS, Future Exit","Apple Music","August 2024",USA,Streaming,Single,Sale,14,0.048202000000
AUG-24,"DirtySnatcha Records","Outta Here",,BENZO$,198342478196,DSR0018A,"Outta Here",,QZ5FN2040117,"BENZO$, Rico Act","Apple Music","August 2024",CAN,Streaming,Single,Sale,9,0.048327000000
AUG-24,"DirtySnatcha Records","Genie In a Bottle",,"DirtySnatcha, Luci",198342437506,DSR132,"Genie In a Bottle",,GBWUL2407705,"DirtySnatcha, Luci","Pandora (On Demand)","July 2024",USA,Streaming,Single,Sale,11,0.048656000000
AUG-24,"DirtySnatcha Records","Keep Moving","Aelius, Voyager, Wilco Beats Remix",DirtySnatcha,198342499863,DSR0083A,"Keep Moving","Aelius, Voyager, Wilco Beats Remix",QZWDD2263373,"DirtySnatcha, Aelius, Voyager, Wilco Beats",TIDAL,"August 2024",CAN,Streaming,Single,Sale,4,0.048753000000
AUG-24,"DirtySnatcha Records",Bloodthirsty,,Howker,198342475331,DSR0004A,Bloodthirsty,,GBWUL1958037,Howker,Spotify,"August 2024",ESP,Streaming,Single,Sale,11,0.048780000000
AUG-24,"DirtySnatcha Records","Genie In a Bottle",,"DirtySnatcha, Luci",198342437506,DSR132,"Genie In a Bottle",,GBWUL2407705,"DirtySnatcha, Luci",Spotify,"August 2024",AUT,Streaming,Single,Sale,22,0.048978000000
AUG-24,"DirtySnatcha Records",Nightmare,,"In Orbit Dubz",198342501320,DSR0080A,Nightmare,,QZWDD2257336,"In Orbit Dubz",Spotify,"August 2024",GBR,Streaming,Single,Sale,8,0.049004000000
AUG-24,"DirtySnatcha Records","Loose It","BOU$HY Remix","Eazley, Autokorekt",198342491560,DSR0039A,"Loose It","BOU$HY Remix",GBRKQ2109631,"Eazley, Autokorekt, BOU$HY","Apple Music","August 2024",USA,Streaming,Single,Sale,5,0.049527000000
AUG-24,"DirtySnatcha Records","Genie In a Bottle",,"DirtySnatcha, Luci",198342437506,DSR132,"Genie In a Bottle",,GBWUL2407705,"DirtySnatcha, Luci","Apple Music","August 2024",USA,Streaming,Single,Sale,7,0.049819000000
AUG-24,"DirtySnatcha Records","Genie In a Bottle",,"DirtySnatcha, Luci",198342437506,DSR132,"Genie In a Bottle",,GBWUL2407705,"DirtySnatcha, Luci","Beatport Mechanicals","August 2024",AUS,Download,"Mechanical Royalties",Sale,1,0.050000000000
AUG-24,"DirtySnatcha Records",Game,,"Sloth, CHACKK",197999855442,DSR116,Game,,QZ5FN2416543,"Sloth, CHACKK","Facebook / Instagram","July 2024",USA,Streaming,"Audio Library: Production",Sale,1,0.050381000000
AUG-24,"DirtySnatcha Records",WTF,,"BBX, Sloth",198342356135,DSR131,WTF,,GBRKQ2471312,"BBX, Sloth",Spotify,"August 2024",GBR,Streaming,Single,Sale,10,0.050493000000
AUG-24,"DirtySnatcha Records","Eight Six",,BBX,198342480014,DSR0092A,"Eight Six",,QZTV32366095,BBX,"YouTube Streaming","August 2024",DEU,Streaming,"Art Track",Sale,4,0.050495000000
AUG-24,"DirtySnatcha Records","Fog Horn",,DENNETT,198342502969,DSR0074A,"Fog Horn",,QZTRX2237730,DENNETT,Spotify,"August 2024",USA,Streaming,Single,Sale,11,0.050663000000
AUG-24,"DirtySnatcha Records","Keep Moving","Audigy Remix",DirtySnatcha,197999143198,DSR0104,"Keep Moving","Audigy Remix",QZWV32320452,"DirtySnatcha, Audigy",Spotify,"August 2024",USA,Streaming,Single,Sale,11,0.050663000000
AUG-24,"DirtySnatcha Records",Tartarus,,CRiiOZ,198342042182,DSR127,"Watch Out",,USLZJ2405588,CRiiOZ,Spotify,"August 2024",USA,Streaming,Single,Sale,11,0.050663000000
AUG-24,"DirtySnatcha Records",Tartarus,,CRiiOZ,198342042182,DSR127,Psycho,,USLZJ2405590,"CRiiOZ, DSTRTN",Spotify,"August 2024",DEU,Streaming,Single,Sale,22,0.051042000000
AUG-24,"DirtySnatcha Records","Fog Horn",,DENNETT,198342502969,DSR0074A,"Fog Horn",,QZTRX2237730,DENNETT,Spotify,"August 2024",DEU,Streaming,Single,Sale,22,0.051042000000
AUG-24,"DirtySnatcha Records",Whoa,,"KirbyBright, Devious",198342485866,DSR133,Whoa,,GBWUL2431903,"KirbyBright, Devious","Apple Music","August 2024",USA,Streaming,Single,Sale,3,0.051277000000
AUG-24,"DirtySnatcha Records",WTF,,"BBX, Sloth",198342356135,DSR131,WTF,,GBRKQ2471312,"BBX, Sloth",Spotify,"August 2024",SWE,Streaming,Single,Sale,10,0.051667000000
AUG-24,"DirtySnatcha Records","Keep Moving","Audigy Remix",DirtySnatcha,197999143198,DSR0104,"Keep Moving","Audigy Remix",QZWV32320452,"DirtySnatcha, Audigy","Apple Music","August 2024",USA,Streaming,Single,Sale,8,0.051700000000
AUG-24,"DirtySnatcha Records",Heartbreaker,,Kryture,198342478202,DSR0019A,Heartbreaker,,QZ5FN2071126,Kryture,"Apple Music","August 2024",USA,Streaming,Single,Sale,8,0.051700000000
AUG-24,"DirtySnatcha Records","Operator Error",,"Big City",198342036334,DSR125,"Weed Spot",,USLZJ2403314,"Big City","Apple Music","August 2024",USA,Streaming,Single,Sale,8,0.051700000000
AUG-24,"DirtySnatcha Records",Scorpion,,Torcha,198342501160,DSR0057A,Scorpion,,GBRKQ2202745,Torcha,Spotify,"August 2024",USA,Streaming,Single,Sale,15,0.052823000000
AUG-24,"DirtySnatcha Records",WTF,,"BBX, Sloth",198342356135,DSR131,WTF,,GBRKQ2471312,"BBX, Sloth",Spotify,"August 2024",ESP,Streaming,Single,Sale,12,0.053214000000
AUG-24,"DirtySnatcha Records",WTF,,"BBX, Sloth",198342356135,DSR131,WTF,,GBRKQ2471312,"BBX, Sloth",Spotify,"August 2024",CHL,Streaming,Single,Sale,31,0.053349000000
AUG-24,"DirtySnatcha Records","High On Life",,Autokorekt,198342479759,DSR0098A,"High On Life",,QZTV32368009,"Autokorekt, Ashclappem","Apple Music","August 2024",USA,Streaming,Single,Sale,4,0.053822000000
AUG-24,"DirtySnatcha Records",Hypnotize,,"In Orbit Dubz",197999477019,DSR113,Hypnotize,,QZZ8B2327916,"In Orbit Dubz",Spotify,"August 2024",USA,Streaming,Single,Sale,28,0.054341000000
AUG-24,"DirtySnatcha Records",WTF,,"BBX, Sloth",198342356135,DSR131,WTF,,GBRKQ2471312,"BBX, Sloth",Spotify,"August 2024",USA,Streaming,Single,Sale,28,0.054341000000
AUG-24,"DirtySnatcha Records","BIG UPS",,"RAZR, VASTIVE",198342478684,DSR0024A,"BIG UPS",,USLZJ2023938,"RAZR, VASTIVE",Spotify,"August 2024",USA,Streaming,Single,Sale,5,0.054560000000
AUG-24,"DirtySnatcha Records","Riddim Gang",,"Megahurtz, Alienpark",198342478288,DSR0020A,"Riddim Gang",,QZ5FN2074245,"Megahurtz, Alienpark","Apple Music","August 2024",USA,Streaming,Single,Sale,4,0.055044000000
AUG-24,"DirtySnatcha Records",Hypnotize,,"In Orbit Dubz",197999477019,DSR113,Hypnotize,,QZZ8B2327916,"In Orbit Dubz","Apple Music","August 2024",USA,Streaming,Single,Sale,16,0.055088000000
AUG-24,"DirtySnatcha Records","GO MAD",,"DSTRTN, CRiiOZ",198342500286,DSR0056A,"GO MAD",,USLZJ2297741,"DSTRTN, CRiiOZ",Spotify,"August 2024",CAN,Streaming,Single,Sale,17,0.055113000000
AUG-24,"DirtySnatcha Records","Out Of Service",,"Autokorekt, ChemDawg",198342492215,DSR0046A,"Out Of Service",,GBWUL2192863,"Autokorekt, ChemDawg, Versace",Spotify,"August 2024",CAN,Streaming,Single,Sale,17,0.055113000000
AUG-24,"DirtySnatcha Records",Hypnotize,,"In Orbit Dubz",197999477019,DSR113,Hypnotize,,QZZ8B2327916,"In Orbit Dubz","Apple Music","August 2024",USA,Streaming,Single,Sale,7,0.055178000000
AUG-24,"DirtySnatcha Records",WDGAF,,CRiiOZ,197999026187,DSR0102,WDGAF,,QZWDE2357423,CRiiOZ,Spotify,"August 2024",USA,Streaming,Single,Sale,12,0.055269000000
AUG-24,"DirtySnatcha Records","Out Of Service",,"Autokorekt, ChemDawg",198342492215,DSR0046A,"Out Of Service",,GBWUL2192863,"Autokorekt, ChemDawg, Versace","Apple Music","August 2024",USA,Streaming,Single,Sale,8,0.055902000000
AUG-24,"DirtySnatcha Records","Black & Gold",,BBX,198342479988,DSR0093A,"Black & Gold",,QZTV32366677,BBX,Spotify,"August 2024",USA,Streaming,Single,Sale,28,0.056023000000
AUG-24,"DirtySnatcha Records",Wompem,,ZURGLIN,198342492161,DSR0088A,Wompem,,USLZJ2318255,ZURGLIN,TIDAL,"July 2024",CAN,Streaming,Single,Sale,5,0.056097000000
AUG-24,"DirtySnatcha Records",Nightmare,,"In Orbit Dubz",198342501320,DSR0080A,Nightmare,,QZWDD2257336,"In Orbit Dubz",Spotify,"August 2024",NOR,Streaming,Single,Sale,10,0.056568000000
AUG-24,"DirtySnatcha Records",WTF,,"BBX, Sloth",198342356135,DSR131,WTF,,GBRKQ2471312,"BBX, Sloth",Spotify,"August 2024",ESP,Streaming,Single,Sale,15,0.056744000000
AUG-24,"DirtySnatcha Records",Boss,,Entravert,198342492949,DSR0047A,Boss,,GBWUL2192869,Entravert,"Apple Music","August 2024",USA,Streaming,Single,Sale,16,0.056804000000
AUG-24,"DirtySnatcha Records","Run It Up",,"CHRMNDRS, Future Exit",198342476673,DSR0010A,"Run It Up",,GBWUL2081365,"CHRMNDRS, Future Exit",Spotify,"August 2024",BEL,Streaming,Single,Sale,11,0.057252000000
AUG-24,"DirtySnatcha Records",Liquidator,,"Sinister Bass",198342507896,DSR0060A,Liquidator,,GBRKQ2204555,"Sinister Bass",Spotify,"August 2024",USA,Streaming,Single,Sale,13,0.057262000000
AUG-24,"DirtySnatcha Records","Westside Rollin","CHRMNDRS Remix",DirtySnatcha,198342475133,DSR0003A,"Westside Rollin","CHRMNDRS Remix",GBWUL1920889,"DirtySnatcha, CHRMNDRS",TIDAL,"August 2024",USA,Streaming,Single,Sale,6,0.057619000000
AUG-24,"DirtySnatcha Records",WTF,,"BBX, Sloth",198342356135,DSR131,WTF,,GBRKQ2471312,"BBX, Sloth",Spotify,"August 2024",BRA,Streaming,Single,Sale,37,0.057620000000
AUG-24,"DirtySnatcha Records",Hypnotize,,"In Orbit Dubz",197999477019,DSR113,Hypnotize,,QZZ8B2327916,"In Orbit Dubz",Spotify,"August 2024",GBR,Streaming,Single,Sale,19,0.057837000000
AUG-24,"DirtySnatcha Records",Dimension,,"In Orbit Dubz, Nein Lives",198342496138,DSR0051A,Dimension,,QZ5FN2266737,"In Orbit Dubz, Nein Lives",Spotify,"August 2024",USA,Streaming,Single,Sale,29,0.058024000000
AUG-24,"DirtySnatcha Records","Back Rooms",,"In Orbit Dubz",198342498644,DSR0077A,"Back Rooms",,QZWDD2257316,"In Orbit Dubz",Spotify,"August 2024",USA,Streaming,Single,Sale,29,0.058024000000
AUG-24,"DirtySnatcha Records",Riptide,,"David Vance, Blue",198342508046,DSR0064A,Riptide,,GBRKQ2211179,"David Vance, Blue","Apple Music","August 2024",USA,Streaming,Single,Sale,9,0.058162000000
AUG-24,"DirtySnatcha Records",WTF,,"BBX, Sloth",198342356135,DSR131,WTF,,GBRKQ2471312,"BBX, Sloth","Apple Music","August 2024",USA,Streaming,Single,Sale,9,0.058162000000
AUG-24,"DirtySnatcha Records",WTF,,"BBX, Sloth",198342356135,DSR131,WTF,,GBRKQ2471312,"BBX, Sloth",Spotify,"August 2024",GBR,Streaming,Single,Sale,9,0.058381000000
AUG-24,"DirtySnatcha Records",Nightmare,,"In Orbit Dubz",198342501320,DSR0080A,Nightmare,,QZWDD2257336,"In Orbit Dubz",Spotify,"August 2024",AUS,Streaming,Single,Sale,16,0.058382000000
AUG-24,"DirtySnatcha Records","Run It Up",,"CHRMNDRS, Future Exit",198342476673,DSR0010A,"Run It Up",,GBWUL2081365,"CHRMNDRS, Future Exit","Apple Music","August 2024",CAN,Streaming,Single,Sale,11,0.059066000000
AUG-24,"DirtySnatcha Records",Tartarus,,CRiiOZ,198342042182,DSR127,Psycho,,USLZJ2405590,"CRiiOZ, DSTRTN",Spotify,"August 2024",CAN,Streaming,Single,Sale,22,0.059273000000
AUG-24,"DirtySnatcha Records","Out Of Service",,"Autokorekt, ChemDawg",198342492215,DSR0046A,"Out Of Service",,GBWUL2192863,"Autokorekt, ChemDawg, Versace","Apple Music","August 2024",USA,Streaming,Single,Sale,19,0.059572000000
AUG-24,"DirtySnatcha Records",Radioactivity,,"In Orbit Dubz",198342500118,DSR0053A,Radioactivity,,USLZJ2286474,"In Orbit Dubz",Spotify,"August 2024",USA,Streaming,Single,Sale,17,0.059867000000
AUG-24,"DirtySnatcha Records",WDGAF,,CRiiOZ,197999026187,DSR0102,WDGAF,,QZWDE2357423,CRiiOZ,Spotify,"August 2024",USA,Streaming,Single,Sale,30,0.060024000000
AUG-24,"DirtySnatcha Records","Spectre Season",,Artifact,198342479643,DSR0101A,"Spectre Season",,QZWDD2336449,Artifact,Spotify,"August 2024",USA,Streaming,Single,Sale,30,0.060024000000
AUG-24,"DirtySnatcha Records",Bloodthirsty,,Howker,198342475331,DSR0004A,Bloodthirsty,,GBWUL1958037,Howker,Spotify,"August 2024",USA,Streaming,Single,Sale,30,0.060024000000
AUG-24,"DirtySnatcha Records","Take A Trip","DirtySnatcha Remix","HEXED, Labs",198342492369,DSR0086A,"Take A Trip","DirtySnatcha Remix",QZ5FN2303924,"HEXED, Labs, DirtySnatcha",Spotify,"August 2024",FIN,Streaming,Single,Sale,10,0.060025000000
AUG-24,"DirtySnatcha Records","Riddim Gang",,"Megahurtz, Alienpark",198342478288,DSR0020A,"Riddim Gang",,QZ5FN2074245,"Megahurtz, Alienpark","YouTube Streaming","August 2024",USA,Streaming,"Art Track",Sale,12,0.060619000000
AUG-24,"DirtySnatcha Records",Hypnotize,,"In Orbit Dubz",197999477019,DSR113,Hypnotize,,QZZ8B2327916,"In Orbit Dubz",Snap,"July 2024",USA,Streaming,"User Generated Content",Sale,3,0.060663000000
AUG-24,"DirtySnatcha Records",Maniac,,Sinatra,197999611932,DSR114,Maniac,,QZZEB2305800,Sinatra,TIDAL,"August 2024",CAN,Streaming,Single,Sale,5,0.060942000000
AUG-24,"DirtySnatcha Records","Genie In a Bottle",,"DirtySnatcha, Luci",198342437506,DSR132,"Genie In a Bottle",,GBWUL2407705,"DirtySnatcha, Luci",Spotify,"August 2024",DEU,Streaming,Single,Sale,15,0.061017000000
AUG-24,"DirtySnatcha Records",WTF,,"BBX, Sloth",198342356135,DSR131,WTF,,GBRKQ2471312,"BBX, Sloth",Spotify,"August 2024",POL,Streaming,Single,Sale,26,0.061045000000
AUG-24,"DirtySnatcha Records",WTF,,"BBX, Sloth",198342356135,DSR131,WTF,,GBRKQ2471312,"BBX, Sloth",Spotify,"August 2024",FRA,Streaming,Single,Sale,26,0.061302000000
AUG-24,"DirtySnatcha Records","Acting Out",,"Megahurtz, Blue",198342479070,DSR0029A,"Acting Out",,USLZJ2069505,"Megahurtz, Blue, Rico Act",Spotify,"August 2024",USA,Streaming,Single,Sale,14,0.061668000000
AUG-24,"DirtySnatcha Records",Rudeboy,,"Seeing Double, Kryture",198342476352,DSR0007A,Rudeboy,,GBWUL2045907,"Seeing Double, Kryture",Spotify,"August 2024",USA,Streaming,Single,Sale,14,0.061668000000
AUG-24,"DirtySnatcha Records","Westside Rollin","CHRMNDRS Remix",DirtySnatcha,198342475133,DSR0003A,"Westside Rollin","CHRMNDRS Remix",GBWUL1920889,"DirtySnatcha, CHRMNDRS",TIDAL,"July 2024",USA,Streaming,Single,Sale,7,0.061709000000
AUG-24,"DirtySnatcha Records",Whoa,,"KirbyBright, Devious",198342485866,DSR133,Whoa,,GBWUL2431903,"KirbyBright, Devious",Spotify,"August 2024",USA,Streaming,Single,Sale,9,0.061878000000
AUG-24,"DirtySnatcha Records","Out Of Service",,"Autokorekt, ChemDawg",198342492215,DSR0046A,"Out Of Service",,GBWUL2192863,"Autokorekt, ChemDawg, Versace","Amazon Music Unlimited","August 2024",USA,Streaming,Single,Sale,6,0.061907000000
AUG-24,"DirtySnatcha Records","Gamma Ray",,JAYSYX,198342478158,DSR0017A,"Gamma Ray",,QZ5FN2032792,JAYSYX,"Apple Music","August 2024",USA,Streaming,Single,Sale,18,0.061974000000
AUG-24,"DirtySnatcha Records","Riddim Gang",,"Megahurtz, Alienpark",198342478288,DSR0020A,"Riddim Gang",,QZ5FN2074245,"Megahurtz, Alienpark",Spotify,"August 2024",USA,Streaming,Single,Sale,31,0.062025000000
AUG-24,"DirtySnatcha Records","Genie In a Bottle",,"DirtySnatcha, Luci",198342437506,DSR132,"Genie In a Bottle",,GBWUL2407705,"DirtySnatcha, Luci",Spotify,"August 2024",NOR,Streaming,Single,Sale,11,0.062226000000
AUG-24,"DirtySnatcha Records","Genie In a Bottle",,"DirtySnatcha, Luci",198342437506,DSR132,"Genie In a Bottle",,GBWUL2407705,"DirtySnatcha, Luci",Spotify,"August 2024",NLD,Streaming,Single,Sale,23,0.062836000000
AUG-24,"DirtySnatcha Records","BIG UPS",,"RAZR, VASTIVE",198342478684,DSR0024A,"BIG UPS",,USLZJ2023938,"RAZR, VASTIVE","Apple Music","August 2024",USA,Streaming,Single,Sale,9,0.062890000000
AUG-24,"DirtySnatcha Records","Genie In a Bottle",,"DirtySnatcha, Luci",198342437506,DSR132,"Genie In a Bottle",,GBWUL2407705,"DirtySnatcha, Luci","Apple Music","August 2024",USA,Streaming,Single,Sale,5,0.063027000000
AUG-24,"DirtySnatcha Records",Tartarus,,CRiiOZ,198342042182,DSR127,"Watch Out",,USLZJ2405588,CRiiOZ,Spotify,"August 2024",USA,Streaming,Single,Sale,18,0.063388000000
AUG-24,"DirtySnatcha Records",Riptide,,"David Vance, Blue",198342508046,DSR0064A,Riptide,,GBRKQ2211179,"David Vance, Blue",Spotify,"August 2024",NZL,Streaming,Single,Sale,16,0.063740000000
AUG-24,"DirtySnatcha Records","Apple Sowce",,Autokorekt,198342768341,DSR134,"Apple Sowce",,QZTRX2474922,Autokorekt,Spotify,"August 2024",USA,Streaming,Single,Sale,32,0.064025000000
AUG-24,"DirtySnatcha Records","Apple Sowce",,Autokorekt,198342768341,DSR134,"Apple Sowce",,QZTRX2474922,Autokorekt,"Apple Music","August 2024",CAN,Streaming,Single,Sale,12,0.064435000000
AUG-24,"DirtySnatcha Records",Tartarus,,CRiiOZ,198342042182,DSR127,Psycho,,USLZJ2405590,"CRiiOZ, DSTRTN","Apple Music","August 2024",USA,Streaming,Single,Sale,10,0.064625000000
AUG-24,"DirtySnatcha Records","Apple Sowce",,Autokorekt,198342768341,DSR134,"Apple Sowce",,QZTRX2474922,Autokorekt,"Apple Music","August 2024",USA,Streaming,Single,Sale,10,0.064625000000
AUG-24,"DirtySnatcha Records",Tartarus,,CRiiOZ,198342042182,DSR127,"Let Go",,USLZJ2405592,CRiiOZ,"Apple Music","August 2024",USA,Streaming,Single,Sale,10,0.064625000000
AUG-24,"DirtySnatcha Records","Spectre Season",,Artifact,198342479643,DSR0101A,"Spectre Season",,QZWDD2336449,Artifact,Spotify,"August 2024",CAN,Streaming,Single,Sale,20,0.064841000000
AUG-24,"DirtySnatcha Records","Keep Moving","Audigy Remix",DirtySnatcha,197999143198,DSR0104,"Keep Moving","Audigy Remix",QZWV32320452,"DirtySnatcha, Audigy",Spotify,"August 2024",CAN,Streaming,Single,Sale,20,0.064841000000
AUG-24,"DirtySnatcha Records",Hypnotize,,"In Orbit Dubz",197999477019,DSR113,Hypnotize,,QZZ8B2327916,"In Orbit Dubz",Spotify,"August 2024",CAN,Streaming,Single,Sale,20,0.064841000000
AUG-24,"DirtySnatcha Records","Genie In a Bottle",,"DirtySnatcha, Luci",198342437506,DSR132,"Genie In a Bottle",,GBWUL2407705,"DirtySnatcha, Luci","Facebook / Instagram","July 2024",USA,Streaming,"User Generated Content: Production",Sale,1,0.064916000000
AUG-24,"DirtySnatcha Records","BIG UPS",,"RAZR, VASTIVE",198342478684,DSR0024A,"BIG UPS",,USLZJ2023938,"RAZR, VASTIVE",Spotify,"August 2024",USA,Streaming,Single,Sale,33,0.066026000000
AUG-24,"DirtySnatcha Records",PTSD,,SHOCKZ,198342479049,DSR0028A,PTSD,,USLZJ2069504,SHOCKZ,Spotify,"August 2024",USA,Streaming,Single,Sale,15,0.066072000000
AUG-24,"DirtySnatcha Records","High On Life",,Autokorekt,198342479759,DSR0098A,"High On Life",,QZTV32368009,"Autokorekt, Ashclappem",Spotify,"August 2024",USA,Streaming,Single,Sale,19,0.066910000000
AUG-24,"DirtySnatcha Records","Giving Up VIP",,"CHRMNDRS, SEEING\\DOUBLE",198342492154,DSR0044A,"Giving Up VIP",,GBWUL2158623,"CHRMNDRS, SEEING\\DOUBLE",Spotify,"August 2024",CAN,Streaming,Single,Sale,21,0.068082000000
AUG-24,"DirtySnatcha Records","Genie In a Bottle",,"DirtySnatcha, Luci",198342437506,DSR132,"Genie In a Bottle",,GBWUL2407705,"DirtySnatcha, Luci",Spotify,"August 2024",NLD,Streaming,Single,Sale,13,0.068547000000
AUG-24,"DirtySnatcha Records","Giving Up VIP",,"CHRMNDRS, SEEING\\DOUBLE",198342492154,DSR0044A,"Giving Up VIP",,GBWUL2158623,"CHRMNDRS, SEEING\\DOUBLE","Apple Music","August 2024",USA,Streaming,Single,Sale,20,0.068859000000
AUG-24,"DirtySnatcha Records",Tartarus,,CRiiOZ,198342042182,DSR127,Trust,,USLZJ2405591,CRiiOZ,"Apple Music","August 2024",USA,Streaming,Single,Sale,7,0.069338000000
AUG-24,"DirtySnatcha Records","Genie In a Bottle",,"DirtySnatcha, Luci",198342437506,DSR132,"Genie In a Bottle",,GBWUL2407705,"DirtySnatcha, Luci",Spotify,"August 2024",CAN,Streaming,Single,Sale,46,0.069773000000
AUG-24,"DirtySnatcha Records",Tartarus,,CRiiOZ,198342042182,DSR127,Psycho,,USLZJ2405590,"CRiiOZ, DSTRTN",Spotify,"August 2024",USA,Streaming,Single,Sale,36,0.069867000000
AUG-24,"DirtySnatcha Records","Genie In a Bottle",,"DirtySnatcha, Luci",198342437506,DSR132,"Genie In a Bottle",,GBWUL2407705,"DirtySnatcha, Luci","Beatport Link Mechanicals","August 2024",USA,Streaming,"Mechanical Royalties",Sale,8,0.069962000000
AUG-24,"DirtySnatcha Records","Run It Up",,"CHRMNDRS, Future Exit",198342476673,DSR0010A,"Run It Up",,GBWUL2081365,"CHRMNDRS, Future Exit",Spotify,"August 2024",USA,Streaming,Single,Sale,35,0.070027000000
AUG-24,"DirtySnatcha Records","Genie In a Bottle",,"DirtySnatcha, Luci",198342437506,DSR132,"Genie In a Bottle",,GBWUL2407705,"DirtySnatcha, Luci",Spotify,"August 2024",AUT,Streaming,Single,Sale,14,0.070536000000
AUG-24,"DirtySnatcha Records",Riddimption,,"Nothing x Hurts",198622420181,DSR136,Riddimption,,QZWV32419969,"Nothing x Hurts","Beatport Link","August 2024",CZE,Streaming,Single,Sale,1,0.070904000000
AUG-24,"DirtySnatcha Records",WTF,,"BBX, Sloth",198342356135,DSR131,WTF,,GBRKQ2471312,"BBX, Sloth","Beatport Link","August 2024",GBR,Streaming,Single,Sale,1,0.070904000000
AUG-24,"DirtySnatcha Records","Genie In a Bottle",,"DirtySnatcha, Luci",198342437506,DSR132,"Genie In a Bottle",,GBWUL2407705,"DirtySnatcha, Luci","Apple Music","August 2024",USA,Streaming,Single,Sale,9,0.070943000000
AUG-24,"DirtySnatcha Records","Death Match",,Joogornot,198342491553,DSR0038A,"Death Match",,USLZJ2162863,Joogornot,"Apple Music","August 2024",USA,Streaming,Single,Sale,11,0.071086000000
AUG-24,"DirtySnatcha Records",Tartarus,,CRiiOZ,198342042182,DSR127,"In The Walls",,USLZJ2405562,CRiiOZ,Spotify,"August 2024",CAN,Streaming,Single,Sale,22,0.071324000000
AUG-24,"DirtySnatcha Records","Keep Moving","Aelius, Voyager, Wilco Beats Remix",DirtySnatcha,198342499863,DSR0083A,"Keep Moving","Aelius, Voyager, Wilco Beats Remix",QZWDD2263373,"DirtySnatcha, Aelius, Voyager, Wilco Beats",Spotify,"August 2024",CAN,Streaming,Single,Sale,22,0.071324000000
AUG-24,"DirtySnatcha Records","Round 2",,"Nekz, Meechie Murda",197999919441,DSR121,"Round 2",,QZ5FN2445592,"Nekz, Meechie Murda",Spotify,"August 2024",CAN,Streaming,Single,Sale,22,0.071324000000
AUG-24,"DirtySnatcha Records","Genie In a Bottle",,"DirtySnatcha, Luci",198342437506,DSR132,"Genie In a Bottle",,GBWUL2407705,"DirtySnatcha, Luci","Amazon Music Unlimited","August 2024",USA,Streaming,Single,Sale,7,0.072225000000
AUG-24,"DirtySnatcha Records",Assertion,,Aalioura,198342502129,DSR0076A,Assertion,,QZWDD2238845,Aalioura,Spotify,"August 2024",USA,Streaming,Single,Sale,26,0.072409000000
AUG-24,"DirtySnatcha Records",WTF,,"BBX, Sloth",198342356135,DSR131,WTF,,GBRKQ2471312,"BBX, Sloth",Spotify,"August 2024",AUT,Streaming,Single,Sale,10,0.072645000000
AUG-24,"DirtySnatcha Records",Wompem,,ZURGLIN,198342492161,DSR0088A,Wompem,,USLZJ2318255,ZURGLIN,TIDAL,"August 2024",CAN,Streaming,Single,Sale,6,0.073131000000
AUG-24,"DirtySnatcha Records","Genie In a Bottle",,"DirtySnatcha, Luci",198342437506,DSR132,"Genie In a Bottle",,GBWUL2407705,"DirtySnatcha, Luci",Deezer,"June 2024",USA,Streaming,Single,Sale,9,0.073602000000
AUG-24,"DirtySnatcha Records",Tartarus,,CRiiOZ,198342042182,DSR127,"In The Walls",,USLZJ2405562,CRiiOZ,Spotify,"August 2024",USA,Streaming,Single,Sale,16,0.073692000000
AUG-24,"DirtySnatcha Records",Assertion,,Aalioura,198342502129,DSR0076A,Assertion,,QZWDD2238845,Aalioura,Spotify,"August 2024",USA,Streaming,Single,Sale,37,0.074029000000
AUG-24,"DirtySnatcha Records",Tartarus,,CRiiOZ,198342042182,DSR127,"Watch Out",,USLZJ2405588,CRiiOZ,Spotify,"August 2024",USA,Streaming,Single,Sale,37,0.074029000000
AUG-24,"DirtySnatcha Records",Tartarus,,CRiiOZ,198342042182,DSR127,"In The Walls",,USLZJ2405562,CRiiOZ,Spotify,"August 2024",CAN,Streaming,Single,Sale,50,0.074115000000
AUG-24,"DirtySnatcha Records","Loose It",,"Eazley, Autokorekt",198342478653,DSR0023A,"Loose It",,QZ5FN2097747,"Eazley, Autokorekt",Spotify,"August 2024",USA,Streaming,Single,Sale,17,0.074882000000
AUG-24,"DirtySnatcha Records","Spectre Season",,Artifact,198342479643,DSR0101A,"Spectre Season",,QZWDD2336449,Artifact,"Beatport Mechanicals","August 2024",NZL,Download,"Mechanical Royalties",Sale,1,0.075000000000
AUG-24,"DirtySnatcha Records","Fog Horn",,DENNETT,198342502969,DSR0074A,"Fog Horn",,QZTRX2237730,DENNETT,"Apple Music","August 2024",CAN,Streaming,Single,Sale,14,0.075175000000
AUG-24,"DirtySnatcha Records",Tartarus,,CRiiOZ,198342042182,DSR127,Psycho,,USLZJ2405590,"CRiiOZ, DSTRTN","Facebook / Instagram","June 2024",USA,Streaming,"Audio Library",Sale,1,0.076404000000
AUG-24,"DirtySnatcha Records","Genie In a Bottle",,"DirtySnatcha, Luci",198342437506,DSR132,"Genie In a Bottle",,GBWUL2407705,"DirtySnatcha, Luci","Apple Music","August 2024",USA,Streaming,Single,Sale,13,0.076419000000
AUG-24,"DirtySnatcha Records","Genie In a Bottle",,"DirtySnatcha, Luci",198342437506,DSR132,"Genie In a Bottle",,GBWUL2407705,"DirtySnatcha, Luci",Spotify,"August 2024",FRA,Streaming,Single,Sale,16,0.076952000000
AUG-24,"DirtySnatcha Records","The Back Rooms EP",,"In Orbit Dubz",198342501023,DSR0081A,"Back Rooms",,QZWDD2257316,"In Orbit Dubz","Apple Music","August 2024",USA,Streaming,Single,Sale,7,0.077125000000
AUG-24,"DirtySnatcha Records",Game,,"Sloth, CHACKK",197999855442,DSR116,Game,,QZ5FN2416543,"Sloth, CHACKK",Spotify,"August 2024",SWE,Streaming,Single,Sale,15,0.077501000000
AUG-24,"DirtySnatcha Records","The Back Rooms EP",,"In Orbit Dubz",198342501023,DSR0081A,Destroy,,QZWDD2257331,"In Orbit Dubz, DSTRTN","Apple Music","August 2024",USA,Streaming,Single,Sale,12,0.077549000000
AUG-24,"DirtySnatcha Records","Big Body",,"BOU$HY, Eazley",198342494042,DSR0048A,"Big Body",,QZ5FN2216262,"BOU$HY, Eazley","Apple Music","August 2024",USA,Streaming,Single,Sale,12,0.077549000000
AUG-24,"DirtySnatcha Records","Genie In a Bottle",,"DirtySnatcha, Luci",198342437506,DSR132,"Genie In a Bottle",,GBWUL2407705,"DirtySnatcha, Luci",Spotify,"August 2024",ITA,Streaming,Single,Sale,26,0.077578000000
AUG-24,"DirtySnatcha Records",Radioactivity,,"In Orbit Dubz",198342500118,DSR0053A,Radioactivity,,USLZJ2286474,"In Orbit Dubz","YouTube Streaming","August 2024",USA,Streaming,"Art Track",Sale,5,0.077750000000
AUG-24,"DirtySnatcha Records","Giving Up VIP",,"CHRMNDRS, SEEING\\DOUBLE",198342492154,DSR0044A,"Giving Up VIP",,GBWUL2158623,"CHRMNDRS, SEEING\\DOUBLE",Spotify,"August 2024",USA,Streaming,Single,Sale,39,0.078031000000
AUG-24,"DirtySnatcha Records",WTF,,"BBX, Sloth",198342356135,DSR131,WTF,,GBRKQ2471312,"BBX, Sloth",Spotify,"August 2024",NLD,Streaming,Single,Sale,8,0.078421000000
AUG-24,"DirtySnatcha Records","Power Transient",,Hexadrone,198342491300,DSR0032A,"Power Transient",,GBRKQ2053155,Hexadrone,"YouTube Streaming","August 2024",USA,Streaming,"Art Track",Sale,7,0.078781000000
AUG-24,"DirtySnatcha Records","The Back Rooms EP",,"In Orbit Dubz",198342501023,DSR0081A,Destroy,,QZWDD2257331,"In Orbit Dubz, DSTRTN","YouTube Streaming","August 2024",USA,Streaming,"Art Track",Sale,7,0.078781000000
AUG-24,"DirtySnatcha Records",Nightmare,,"In Orbit Dubz",198342501320,DSR0080A,Nightmare,,QZWDD2257336,"In Orbit Dubz","Apple Music","August 2024",USA,Streaming,Single,Sale,10,0.078825000000
AUG-24,"DirtySnatcha Records",Nightmare,,"In Orbit Dubz",198342501320,DSR0080A,Nightmare,,QZWDD2257336,"In Orbit Dubz","Apple Music","August 2024",USA,Streaming,Single,Sale,23,0.079189000000
AUG-24,"DirtySnatcha Records","Game Time",,"Autokorekt, Eazley",198342476338,DSR0006A,"Game Time",,GBWUL2023530,"Autokorekt, Eazley, Rico Act",Spotify,"August 2024",USA,Streaming,Single,Sale,18,0.079288000000
AUG-24,"DirtySnatcha Records",Maniac,,Sinatra,197999611932,DSR114,Maniac,,QZZEB2305800,Sinatra,Spotify,"August 2024",USA,Streaming,Single,Sale,18,0.079288000000
AUG-24,"DirtySnatcha Records",LIGMA,,"BBX, Jonomatic, Geeku",198342492208,DSR0045A,LIGMA,,GBWUL2171015,"BBX, Jonomatic, Geeku",Spotify,"August 2024",USA,Streaming,Single,Sale,40,0.080032000000
AUG-24,"DirtySnatcha Records",Tartarus,,CRiiOZ,198342042182,DSR127,"In The Walls",,USLZJ2405562,CRiiOZ,Spotify,"August 2024",AUS,Streaming,Single,Sale,22,0.080276000000
AUG-24,"DirtySnatcha Records",Hypnotize,,"In Orbit Dubz",197999477019,DSR113,Hypnotize,,QZZ8B2327916,"In Orbit Dubz",Spotify,"August 2024",DEU,Streaming,Single,Sale,17,0.080293000000
AUG-24,"DirtySnatcha Records",Tartarus,,CRiiOZ,198342042182,DSR127,Psycho,,USLZJ2405590,"CRiiOZ, DSTRTN",Spotify,"August 2024",DEU,Streaming,Single,Sale,17,0.080293000000
AUG-24,"DirtySnatcha Records","Fog Horn",,DENNETT,198342502969,DSR0074A,"Fog Horn",,QZTRX2237730,DENNETT,"Apple Music","August 2024",CAN,Streaming,Single,Sale,15,0.080544000000
AUG-24,"DirtySnatcha Records","BIG UPS",,"RAZR, VASTIVE",198342478684,DSR0024A,"BIG UPS",,USLZJ2023938,"RAZR, VASTIVE","Apple Music","August 2024",USA,Streaming,Single,Sale,23,0.081655000000
AUG-24,"DirtySnatcha Records","GO MAD",,"DSTRTN, CRiiOZ",198342500286,DSR0056A,"GO MAD",,USLZJ2297741,"DSTRTN, CRiiOZ",Spotify,"August 2024",FRA,Streaming,Single,Sale,17,0.081762000000
AUG-24,"DirtySnatcha Records",WTF,,"BBX, Sloth",198342356135,DSR131,WTF,,GBRKQ2471312,"BBX, Sloth","Facebook / Instagram","June 2024",USA,Streaming,"Audio Library",Sale,1,0.081870000000
AUG-24,"DirtySnatcha Records",Radioactivity,,"In Orbit Dubz",198342500118,DSR0053A,Radioactivity,,USLZJ2286474,"In Orbit Dubz",Spotify,"August 2024",USA,Streaming,Single,Sale,41,0.082033000000
AUG-24,"DirtySnatcha Records","Fog Horn",,DENNETT,198342502969,DSR0074A,"Fog Horn",,QZTRX2237730,DENNETT,Snap,"August 2024",USA,Streaming,"User Generated Content",Sale,15,0.082543000000
AUG-24,"DirtySnatcha Records","BIG UPS",,"RAZR, VASTIVE",198342478684,DSR0024A,"BIG UPS",,USLZJ2023938,"RAZR, VASTIVE","Apple Music","August 2024",USA,Streaming,Single,Sale,24,0.082631000000
AUG-24,"DirtySnatcha Records","Genie In a Bottle",,"DirtySnatcha, Luci",198342437506,DSR132,"Genie In a Bottle",,GBWUL2407705,"DirtySnatcha, Luci","Apple Music","August 2024",USA,Streaming,Single,Sale,14,0.083218000000
AUG-24,"DirtySnatcha Records",WDGAF,,CRiiOZ,197999026187,DSR0102,WDGAF,,QZWDE2357423,CRiiOZ,Spotify,"August 2024",USA,Streaming,Single,Sale,19,0.083692000000
AUG-24,"DirtySnatcha Records",Riddimption,,"Nothing x Hurts",198622420181,DSR136,Riddimption,,QZWV32419969,"Nothing x Hurts","Apple Music","August 2024",USA,Streaming,Single,Sale,13,0.084011000000
AUG-24,"DirtySnatcha Records",Destroy,,"In Orbit Dubz, DSTRTN",198342501504,DSR0079A,Destroy,,QZWDD2257331,"In Orbit Dubz, DSTRTN",Spotify,"August 2024",CAN,Streaming,Single,Sale,26,0.084293000000
AUG-24,"DirtySnatcha Records",Riddimption,,"Nothing x Hurts",198622420181,DSR136,Riddimption,,QZWV32419969,"Nothing x Hurts","Beatport Mechanicals","August 2024",THA,Download,"Mechanical Royalties",Sale,1,0.085000000000
AUG-24,"DirtySnatcha Records",Tartarus,,CRiiOZ,198342042182,DSR127,"In The Walls",,USLZJ2405562,CRiiOZ,Spotify,"August 2024",USA,Streaming,Single,Sale,44,0.085394000000
AUG-24,"DirtySnatcha Records",WTF,,"BBX, Sloth",198342356135,DSR131,WTF,,GBRKQ2471312,"BBX, Sloth",Spotify,"August 2024",DEU,Streaming,Single,Sale,21,0.085424000000
AUG-24,"DirtySnatcha Records",PTSD,,SHOCKZ,198342479049,DSR0028A,PTSD,,USLZJ2069504,SHOCKZ,Spotify,"August 2024",NLD,Streaming,Single,Sale,15,0.086549000000
AUG-24,"DirtySnatcha Records","Gamma Ray",,JAYSYX,198342478158,DSR0017A,"Gamma Ray",,QZ5FN2032792,JAYSYX,"Apple Music","August 2024",USA,Streaming,Single,Sale,13,0.086596000000
AUG-24,"DirtySnatcha Records",Tartarus,,CRiiOZ,198342042182,DSR127,Trust,,USLZJ2405591,CRiiOZ,Spotify,"August 2024",USA,Streaming,Single,Sale,19,0.087509000000
AUG-24,"DirtySnatcha Records",Hypnotize,,"In Orbit Dubz",197999477019,DSR113,Hypnotize,,QZZ8B2327916,"In Orbit Dubz",Spotify,"August 2024",USA,Streaming,Single,Sale,32,0.089120000000
AUG-24,"DirtySnatcha Records",Tartarus,,CRiiOZ,198342042182,DSR127,"Let Go",,USLZJ2405592,CRiiOZ,Spotify,"August 2024",USA,Streaming,Single,Sale,11,0.089400000000
AUG-24,"DirtySnatcha Records",Radiance,,BOU$HY,198342492130,DSR0043A,Radiance,,GBWUL2118332,BOU$HY,"Beatport Link","August 2024",CAN,Streaming,Single,Sale,1,0.089503000000
AUG-24,"DirtySnatcha Records",Deviate,,"Paragon, Sqishi",198342476390,DSR0009A,Deviate,,GBWUL2080841,"Paragon, Sqishi","Beatport Link","August 2024",USA,Streaming,Single,Sale,1,0.089503000000
AUG-24,"DirtySnatcha Records","Riddim Whistle",,DENNETT,198342507902,DSR0062A,"Riddim Whistle",,GBRKQ2204623,DENNETT,"Beatport Link","August 2024",USA,Streaming,Single,Sale,1,0.089503000000
AUG-24,"DirtySnatcha Records","Genie In a Bottle",,"DirtySnatcha, Luci",198342437506,DSR132,"Genie In a Bottle",,GBWUL2407705,"DirtySnatcha, Luci","Beatport Link Mechanicals","August 2024",CAN,Streaming,"Mechanical Royalties",Sale,10,0.089585000000
AUG-24,"DirtySnatcha Records","Genie In a Bottle",,"DirtySnatcha, Luci",198342437506,DSR132,"Genie In a Bottle",,GBWUL2407705,"DirtySnatcha, Luci","Beatport Mechanicals","August 2024",CAN,Download,"Mechanical Royalties",Sale,1,0.090000000000
AUG-24,"DirtySnatcha Records",Dimension,,"In Orbit Dubz, Nein Lives",198342496138,DSR0051A,Dimension,,QZ5FN2266737,"In Orbit Dubz, Nein Lives","Apple Music","August 2024",USA,Streaming,Single,Sale,14,0.090474000000
AUG-24,"DirtySnatcha Records",WTF,,"BBX, Sloth",198342356135,DSR131,WTF,,GBRKQ2471312,"BBX, Sloth",Spotify,"August 2024",BRA,Streaming,Single,Sale,101,0.090998000000
AUG-24,"DirtySnatcha Records","Spectre Season",,Artifact,198342479643,DSR0101A,"Spectre Season",,QZWDD2336449,Artifact,Spotify,"August 2024",USA,Streaming,Single,Sale,26,0.091561000000
AUG-24,"DirtySnatcha Records","Keep Moving","Audigy Remix",DirtySnatcha,197999143198,DSR0104,"Keep Moving","Audigy Remix",QZWV32320452,"DirtySnatcha, Audigy","Amazon Music Unlimited","August 2024",GBR,Streaming,Single,Sale,8,0.091983000000
AUG-24,"DirtySnatcha Records","Fog Horn",,DENNETT,198342502969,DSR0074A,"Fog Horn",,QZTRX2237730,DENNETT,"Apple Music","August 2024",USA,Streaming,Single,Sale,13,0.092520000000
AUG-24,"DirtySnatcha Records",WTF,,"BBX, Sloth",198342356135,DSR131,WTF,,GBRKQ2471312,"BBX, Sloth",Spotify,"August 2024",CAN,Streaming,Single,Sale,63,0.093384000000
AUG-24,"DirtySnatcha Records","Genie In a Bottle",,"DirtySnatcha, Luci",198342437506,DSR132,"Genie In a Bottle",,GBWUL2407705,"DirtySnatcha, Luci",TIDAL,"July 2024",USA,Streaming,Single,Sale,19,0.094042000000
AUG-24,"DirtySnatcha Records",Nightmare,,"In Orbit Dubz",198342501320,DSR0080A,Nightmare,,QZWDD2257336,"In Orbit Dubz",Spotify,"August 2024",USA,Streaming,Single,Sale,49,0.095098000000
AUG-24,"DirtySnatcha Records","GO MAD",,"DSTRTN, CRiiOZ",198342500286,DSR0056A,"GO MAD",,USLZJ2297741,"DSTRTN, CRiiOZ","Apple Music","August 2024",USA,Streaming,Single,Sale,15,0.096937000000
AUG-24,"DirtySnatcha Records","Riddim Gang",,"Megahurtz, Alienpark",198342478288,DSR0020A,"Riddim Gang",,QZ5FN2074245,"Megahurtz, Alienpark","Apple Music","August 2024",USA,Streaming,Single,Sale,15,0.096937000000
AUG-24,"DirtySnatcha Records",Tartarus,,CRiiOZ,198342042182,DSR127,"Watch Out",,USLZJ2405588,CRiiOZ,"Apple Music","August 2024",USA,Streaming,Single,Sale,15,0.096937000000
AUG-24,"DirtySnatcha Records","The Back Rooms EP",,"In Orbit Dubz",198342501023,DSR0081A,"Back Rooms",,QZWDD2257316,"In Orbit Dubz","Apple Music","August 2024",USA,Streaming,Single,Sale,15,0.096937000000
AUG-24,"DirtySnatcha Records","Run It Up",,"CHRMNDRS, Future Exit",198342476673,DSR0010A,"Run It Up",,GBWUL2081365,"CHRMNDRS, Future Exit",Spotify,"August 2024",CAN,Streaming,Single,Sale,30,0.097260000000
AUG-24,"DirtySnatcha Records",Assertion,,Aalioura,198342502129,DSR0076A,Assertion,,QZWDD2238845,Aalioura,"Apple Music","August 2024",USA,Streaming,Single,Sale,14,0.097828000000
AUG-24,"DirtySnatcha Records",Assertion,,Aalioura,198342502129,DSR0076A,Assertion,,QZWDD2238845,Aalioura,Spotify,"August 2024",USA,Streaming,Single,Sale,28,0.098604000000
AUG-24,"DirtySnatcha Records","Genie In a Bottle",,"DirtySnatcha, Luci",198342437506,DSR132,"Genie In a Bottle",,GBWUL2407705,"DirtySnatcha, Luci","Apple DJ Mixes","August 2024",USA,Streaming,Single,Sale,178,0.098756000000
AUG-24,"DirtySnatcha Records","Fog Horn",,DENNETT,198342502969,DSR0074A,"Fog Horn",,QZTRX2237730,DENNETT,"Apple Music","August 2024",USA,Streaming,Single,Sale,14,0.099636000000
AUG-24,"DirtySnatcha Records","Eight Six",,BBX,198342480014,DSR0092A,"Eight Six",,QZTV32366095,BBX,Spotify,"August 2024",USA,Streaming,Single,Sale,50,0.100040000000
AUG-24,"DirtySnatcha Records","Apple Sowce",,Autokorekt,198342768341,DSR134,"Apple Sowce",,QZTRX2474922,Autokorekt,"Apple Music","August 2024",USA,Streaming,Single,Sale,16,0.100731000000
AUG-24,"DirtySnatcha Records","Fog Horn",,DENNETT,198342502969,DSR0074A,"Fog Horn",,QZTRX2237730,DENNETT,"Apple Music","August 2024",USA,Streaming,Single,Sale,5,0.102142000000
AUG-24,"DirtySnatcha Records","Out Of Service",,"Autokorekt, ChemDawg",198342492215,DSR0046A,"Out Of Service",,GBWUL2192863,"Autokorekt, ChemDawg, Versace","Apple Music","August 2024",USA,Streaming,Single,Sale,9,0.102895000000
AUG-24,"DirtySnatcha Records","Fog Horn",,DENNETT,198342502969,DSR0074A,"Fog Horn",,QZTRX2237730,DENNETT,Spotify,"August 2024",USA,Streaming,Single,Sale,37,0.103044000000
AUG-24,"DirtySnatcha Records",WDGAF,,CRiiOZ,197999026187,DSR0102,WDGAF,,QZWDE2357423,CRiiOZ,"Apple Music","August 2024",USA,Streaming,Single,Sale,16,0.103399000000
AUG-24,"DirtySnatcha Records",Torture,,"Twisted, Chutez & Ladderz, R3mark",198342508053,DSR0061A,Torture,,GBRKQ2224624,"Twisted, Chutez & Ladderz, R3mark","Apple Music","August 2024",USA,Streaming,Single,Sale,16,0.103399000000
AUG-24,"DirtySnatcha Records","The Back Rooms EP",,"In Orbit Dubz",198342501023,DSR0081A,"Fuck It Up",,QZWDD2257318,"In Orbit Dubz","Apple Music","August 2024",USA,Streaming,Single,Sale,16,0.103399000000
AUG-24,"DirtySnatcha Records",Hypnotize,,"In Orbit Dubz",197999477019,DSR113,Hypnotize,,QZZ8B2327916,"In Orbit Dubz",Deezer,"June 2024",FRA,Streaming,Single,Sale,28,0.103894000000
AUG-24,"DirtySnatcha Records","Operator Error",,"Big City",198342036334,DSR125,"Weed Spot",,USLZJ2403314,"Big City",Spotify,"August 2024",USA,Streaming,Single,Sale,24,0.105716000000
AUG-24,"DirtySnatcha Records","Genie In a Bottle",,"DirtySnatcha, Luci",198342437506,DSR132,"Genie In a Bottle",,GBWUL2407705,"DirtySnatcha, Luci","Apple Music","August 2024",USA,Streaming,Single,Sale,18,0.105811000000
AUG-24,"DirtySnatcha Records",LIGMA,,"BBX, Jonomatic, Geeku",198342492208,DSR0045A,LIGMA,,GBWUL2171015,"BBX, Jonomatic, Geeku",Spotify,"August 2024",USA,Streaming,Single,Sale,38,0.105829000000
AUG-24,"DirtySnatcha Records","Keep Moving","Audigy Remix",DirtySnatcha,197999143198,DSR0104,"Keep Moving","Audigy Remix",QZWV32320452,"DirtySnatcha, Audigy",Spotify,"August 2024",USA,Streaming,Single,Sale,54,0.108044000000
AUG-24,"DirtySnatcha Records","Genie In a Bottle",,"DirtySnatcha, Luci",198342437506,DSR132,"Genie In a Bottle",,GBWUL2407705,"DirtySnatcha, Luci",Spotify,"August 2024",AUS,Streaming,Single,Sale,66,0.108112000000
AUG-24,"DirtySnatcha Records","GO MAD",,"DSTRTN, CRiiOZ",198342500286,DSR0056A,"GO MAD",,USLZJ2297741,"DSTRTN, CRiiOZ",Spotify,"August 2024",USA,Streaming,Single,Sale,39,0.108614000000
AUG-24,"DirtySnatcha Records","Genie In a Bottle",,"DirtySnatcha, Luci",198342437506,DSR132,"Genie In a Bottle",,GBWUL2407705,"DirtySnatcha, Luci","Facebook / Instagram - Revenue Share","July 2024",USA,Streaming,"Audio Library: Production",Sale,1,0.109277000000
AUG-24,"DirtySnatcha Records","Gamma Ray",,JAYSYX,198342478158,DSR0017A,"Gamma Ray",,QZ5FN2032792,JAYSYX,"Apple Music","August 2024",USA,Streaming,Single,Sale,17,0.109862000000
AUG-24,"DirtySnatcha Records","Keep Moving","Aelius, Voyager, Wilco Beats Remix",DirtySnatcha,198342499863,DSR0083A,"Keep Moving","Aelius, Voyager, Wilco Beats Remix",QZWDD2263373,"DirtySnatcha, Aelius, Voyager, Wilco Beats",Spotify,"August 2024",USA,Streaming,Single,Sale,55,0.110044000000
AUG-24,"DirtySnatcha Records","Fog Horn",,DENNETT,198342502969,DSR0074A,"Fog Horn",,QZTRX2237730,DENNETT,"Apple Music","August 2024",USA,Streaming,Single,Sale,19,0.112940000000
AUG-24,"DirtySnatcha Records","Genie In a Bottle",,"DirtySnatcha, Luci",198342437506,DSR132,"Genie In a Bottle",,GBWUL2407705,"DirtySnatcha, Luci",Spotify,"August 2024",GBR,Streaming,Single,Sale,23,0.116134000000
AUG-24,"DirtySnatcha Records","Keep Moving","Aelius, Voyager, Wilco Beats Remix",DirtySnatcha,198342499863,DSR0083A,"Keep Moving","Aelius, Voyager, Wilco Beats Remix",QZWDD2263373,"DirtySnatcha, Aelius, Voyager, Wilco Beats",Spotify,"August 2024",USA,Streaming,Single,Sale,33,0.116213000000
AUG-24,"DirtySnatcha Records","Run It Up",,"CHRMNDRS, Future Exit",198342476673,DSR0010A,"Run It Up",,GBWUL2081365,"CHRMNDRS, Future Exit",Spotify,"August 2024",USA,Streaming,Single,Sale,33,0.116213000000
AUG-24,"DirtySnatcha Records","Keep Moving","Aelius, Voyager, Wilco Beats Remix",DirtySnatcha,198342499863,DSR0083A,"Keep Moving","Aelius, Voyager, Wilco Beats Remix",QZWDD2263373,"DirtySnatcha, Aelius, Voyager, Wilco Beats","Apple Music","August 2024",USA,Streaming,Single,Sale,18,0.116323000000
AUG-24,"DirtySnatcha Records","Fog Horn",,DENNETT,198342502969,DSR0074A,"Fog Horn",,QZTRX2237730,DENNETT,Snap,"July 2024",USA,Streaming,"User Generated Content",Sale,22,0.116379000000
AUG-24,"DirtySnatcha Records","Out Of Service",,"Autokorekt, ChemDawg",198342492215,DSR0046A,"Out Of Service",,GBWUL2192863,"Autokorekt, ChemDawg, Versace","Apple Music","August 2024",USA,Streaming,Single,Sale,34,0.117061000000
AUG-24,"DirtySnatcha Records","Loose It","BOU$HY Remix","Eazley, Autokorekt",198342491560,DSR0039A,"Loose It","BOU$HY Remix",GBRKQ2109631,"Eazley, Autokorekt, BOU$HY",Spotify,"August 2024",USA,Streaming,Single,Sale,27,0.118931000000
AUG-24,"DirtySnatcha Records","GO MAD",,"DSTRTN, CRiiOZ",198342500286,DSR0056A,"GO MAD",,USLZJ2297741,"DSTRTN, CRiiOZ",Spotify,"August 2024",USA,Streaming,Single,Sale,34,0.119734000000
AUG-24,"DirtySnatcha Records","Genie In a Bottle",,"DirtySnatcha, Luci",198342437506,DSR132,"Genie In a Bottle",,GBWUL2407705,"DirtySnatcha, Luci","Apple Music","August 2024",CAN,Streaming,Single,Sale,43,0.120980000000
AUG-24,"DirtySnatcha Records","Run It Up",,"CHRMNDRS, Future Exit",198342476673,DSR0010A,"Run It Up",,GBWUL2081365,"CHRMNDRS, Future Exit","Apple Music","August 2024",USA,Streaming,Single,Sale,19,0.122786000000
AUG-24,"DirtySnatcha Records","The Back Rooms EP",,"In Orbit Dubz",198342501023,DSR0081A,Nightmare,,QZWDD2257336,"In Orbit Dubz","Apple Music","August 2024",USA,Streaming,Single,Sale,19,0.122787000000
AUG-24,"DirtySnatcha Records",Nightmare,,"In Orbit Dubz",198342501320,DSR0080A,Nightmare,,QZWDD2257336,"In Orbit Dubz",Spotify,"August 2024",CAN,Streaming,Single,Sale,83,0.123031000000
AUG-24,"DirtySnatcha Records","Out Of Service",,"Autokorekt, ChemDawg",198342492215,DSR0046A,"Out Of Service",,GBWUL2192863,"Autokorekt, ChemDawg, Versace",Spotify,"August 2024",USA,Streaming,Single,Sale,35,0.123256000000
AUG-24,"DirtySnatcha Records",Tartarus,,CRiiOZ,198342042182,DSR127,Trust,,USLZJ2405591,CRiiOZ,Spotify,"August 2024",USA,Streaming,Single,Sale,62,0.124050000000
AUG-24,"DirtySnatcha Records",WTF,,"BBX, Sloth",198342356135,DSR131,WTF,,GBRKQ2471312,"BBX, Sloth",Spotify,"August 2024",MEX,Streaming,Single,Sale,80,0.125402000000
AUG-24,"DirtySnatcha Records","GO MAD",,"DSTRTN, CRiiOZ",198342500286,DSR0056A,"GO MAD",,USLZJ2297741,"DSTRTN, CRiiOZ",Spotify,"August 2024",USA,Streaming,Single,Sale,63,0.126050000000
AUG-24,"DirtySnatcha Records","Fog Horn",,DENNETT,198342502969,DSR0074A,"Fog Horn",,QZTRX2237730,DENNETT,"Apple Music","August 2024",USA,Streaming,Single,Sale,16,0.126120000000
AUG-24,"DirtySnatcha Records",WTF,,"BBX, Sloth",198342356135,DSR131,WTF,,GBRKQ2471312,"BBX, Sloth",Spotify,"August 2024",CAN,Streaming,Single,Sale,47,0.126630000000
AUG-24,"DirtySnatcha Records",Apparition,,CVLVALRI,198342507926,DSR0063A,Apparition,,GBRKQ2204805,CVLVALRI,Spotify,"August 2024",USA,Streaming,Single,Sale,29,0.127741000000
AUG-24,"DirtySnatcha Records","Genie In a Bottle",,"DirtySnatcha, Luci",198342437506,DSR132,"Genie In a Bottle",,GBWUL2407705,"DirtySnatcha, Luci",Spotify,"August 2024",NZL,Streaming,Single,Sale,28,0.128306000000
AUG-24,"DirtySnatcha Records",WTF,,"BBX, Sloth",198342356135,DSR131,WTF,,GBRKQ2471312,"BBX, Sloth",Spotify,"August 2024",ITA,Streaming,Single,Sale,25,0.129424000000
AUG-24,"DirtySnatcha Records","Black & Gold",,BBX,198342479988,DSR0093A,"Black & Gold",,QZTV32366677,BBX,Spotify,"August 2024",USA,Streaming,Single,Sale,37,0.130299000000
AUG-24,"DirtySnatcha Records","Take A Trip","DirtySnatcha Remix","HEXED, Labs",198342492369,DSR0086A,"Take A Trip","DirtySnatcha Remix",QZ5FN2303924,"HEXED, Labs, DirtySnatcha",Spotify,"August 2024",USA,Streaming,Single,Sale,66,0.132053000000
AUG-24,"DirtySnatcha Records","Out Of Service",,"Autokorekt, ChemDawg",198342492215,DSR0046A,"Out Of Service",,GBWUL2192863,"Autokorekt, ChemDawg, Versace",Spotify,"August 2024",USA,Streaming,Single,Sale,68,0.136054000000
AUG-24,"DirtySnatcha Records","BIG UPS",,"RAZR, VASTIVE",198342478684,DSR0024A,"BIG UPS",,USLZJ2023938,"RAZR, VASTIVE",Spotify,"August 2024",USA,Streaming,Single,Sale,31,0.136551000000
AUG-24,"DirtySnatcha Records",Shook,,BBX,198342479957,DSR0094A,Shook,,QZTV32366682,BBX,Spotify,"August 2024",USA,Streaming,Single,Sale,31,0.136551000000
AUG-24,"DirtySnatcha Records",Shook,,BBX,198342479957,DSR0094A,Shook,,QZTV32366682,BBX,Spotify,"August 2024",USA,Streaming,Single,Sale,39,0.137342000000
AUG-24,"DirtySnatcha Records",Tartarus,,CRiiOZ,198342042182,DSR127,Trust,,USLZJ2405591,CRiiOZ,Spotify,"August 2024",USA,Streaming,Single,Sale,39,0.137342000000
AUG-24,"DirtySnatcha Records","Genie In a Bottle",,"DirtySnatcha, Luci",198342437506,DSR132,"Genie In a Bottle",,GBWUL2407705,"DirtySnatcha, Luci",Spotify,"August 2024",AUS,Streaming,Single,Sale,48,0.138159000000
AUG-24,"DirtySnatcha Records","Genie In a Bottle",,"DirtySnatcha, Luci",198342437506,DSR132,"Genie In a Bottle",,GBWUL2407705,"DirtySnatcha, Luci","Apple Music","August 2024",USA,Streaming,Single,Sale,39,0.138459000000
AUG-24,"DirtySnatcha Records","Genie In a Bottle",,"DirtySnatcha, Luci",198342437506,DSR132,"Genie In a Bottle",,GBWUL2407705,"DirtySnatcha, Luci",Spotify,"August 2024",NZL,Streaming,Single,Sale,35,0.139431000000
AUG-24,"DirtySnatcha Records",Hypnotize,,"In Orbit Dubz",197999477019,DSR113,Hypnotize,,QZZ8B2327916,"In Orbit Dubz","Beatport Link","August 2024",USA,Streaming,Single,Sale,2,0.141809000000
AUG-24,"DirtySnatcha Records",Heartbreaker,,Kryture,198342478202,DSR0019A,Heartbreaker,,QZ5FN2071126,Kryture,"YouTube Streaming","August 2024",CAN,Streaming,"Art Track",Sale,17,0.142362000000
AUG-24,"DirtySnatcha Records",WTF,,"BBX, Sloth",198342356135,DSR131,WTF,,GBRKQ2471312,"BBX, Sloth",Spotify,"August 2024",USA,Streaming,Single,Sale,31,0.142778000000
AUG-24,"DirtySnatcha Records",WTF,,"BBX, Sloth",198342356135,DSR131,WTF,,GBRKQ2471312,"BBX, Sloth",Spotify,"August 2024",BRA,Streaming,Single,Sale,74,0.144012000000
AUG-24,"DirtySnatcha Records","Fuck It Up",,"In Orbit Dubz",198342501825,DSR0078A,"Fuck It Up",,QZWDD2257318,"In Orbit Dubz",Spotify,"August 2024",USA,Streaming,Single,Sale,33,0.145361000000
AUG-24,"DirtySnatcha Records",Rudeboy,,"Seeing Double, Kryture",198342476352,DSR0007A,Rudeboy,,GBWUL2045907,"Seeing Double, Kryture","YouTube Streaming","August 2024",USA,Streaming,"Art Track",Sale,13,0.146308000000
AUG-24,"DirtySnatcha Records","Run It Up",,"CHRMNDRS, Future Exit",198342476673,DSR0010A,"Run It Up",,GBWUL2081365,"CHRMNDRS, Future Exit","Apple Music","August 2024",CAN,Streaming,Single,Sale,53,0.149115000000
AUG-24,"DirtySnatcha Records","Black & Gold",,BBX,198342479889,DSR0096A,"Crushed Glass",,QZTV32366684,BBX,Spotify,"August 2024",USA,Streaming,Single,Sale,34,0.149766000000
AUG-24,"DirtySnatcha Records","Genie In a Bottle",,"DirtySnatcha, Luci",198342437506,DSR132,"Genie In a Bottle",,GBWUL2407705,"DirtySnatcha, Luci","Apple Music","August 2024",USA,Streaming,Single,Sale,19,0.149767000000
AUG-24,"DirtySnatcha Records",Tartarus,,CRiiOZ,198342042182,DSR127,"In The Walls",,USLZJ2405562,CRiiOZ,Spotify,"August 2024",USA,Streaming,Single,Sale,54,0.150390000000
AUG-24,"DirtySnatcha Records",Whoa,,"KirbyBright, Devious",198342485866,DSR133,Whoa,,GBWUL2431903,"KirbyBright, Devious",Spotify,"August 2024",USA,Streaming,Single,Sale,44,0.154950000000
AUG-24,"DirtySnatcha Records","Need U","Dobadlyy Remix","DirtySnatcha, Autokorekt",198342491317,DSR0033A,"Need U","Dobadlyy Remix",QZ5FN2114150,"DirtySnatcha, Autokorekt, Dobadlyy",Spotify,"August 2024",USA,Streaming,Single,Sale,36,0.158576000000
AUG-24,"DirtySnatcha Records","Fog Horn",,DENNETT,198342502969,DSR0074A,"Fog Horn",,QZTRX2237730,DENNETT,Spotify,"August 2024",USA,Streaming,Single,Sale,46,0.161993000000
AUG-24,"DirtySnatcha Records",LIGMA,,"BBX, Jonomatic, Geeku",198342492208,DSR0045A,LIGMA,,GBWUL2171015,"BBX, Jonomatic, Geeku",Spotify,"August 2024",USA,Streaming,Single,Sale,46,0.161993000000
AUG-24,"DirtySnatcha Records",Tartarus,,CRiiOZ,198342042182,DSR127,"Let Go",,USLZJ2405592,CRiiOZ,Spotify,"August 2024",USA,Streaming,Single,Sale,37,0.162980000000
AUG-24,"DirtySnatcha Records",Destroy,,"In Orbit Dubz, DSTRTN",198342501504,DSR0079A,Destroy,,QZWDD2257331,"In Orbit Dubz, DSTRTN",Spotify,"August 2024",USA,Streaming,Single,Sale,37,0.162980000000
AUG-24,"DirtySnatcha Records",WTF,,"BBX, Sloth",198342356135,DSR131,WTF,,GBRKQ2471312,"BBX, Sloth",Spotify,"August 2024",AUS,Streaming,Single,Sale,45,0.164201000000
AUG-24,"DirtySnatcha Records","Black & Gold",,BBX,198342479889,DSR0096A,Shook,,QZTV32366682,BBX,Spotify,"August 2024",USA,Streaming,Single,Sale,38,0.167385000000
AUG-24,"DirtySnatcha Records","Black & Gold",,BBX,198342479889,DSR0096A,"Black & Gold",,QZTV32366677,BBX,Spotify,"August 2024",USA,Streaming,Single,Sale,38,0.167385000000
AUG-24,"DirtySnatcha Records","Genie In a Bottle",,"DirtySnatcha, Luci",198342437506,DSR132,"Genie In a Bottle",,GBWUL2407705,"DirtySnatcha, Luci",Snap,"August 2024",USA,Streaming,"User Generated Content",Sale,6,0.167548000000
AUG-24,"DirtySnatcha Records",WTF,,"BBX, Sloth",198342356135,DSR131,WTF,,GBRKQ2471312,"BBX, Sloth",Spotify,"August 2024",GBR,Streaming,Single,Sale,28,0.171515000000
AUG-24,"DirtySnatcha Records","High On Life",,Autokorekt,198342479759,DSR0098A,"High On Life",,QZTV32368009,"Autokorekt, Ashclappem",Spotify,"August 2024",USA,Streaming,Single,Sale,39,0.171789000000
AUG-24,"DirtySnatcha Records","Genie In a Bottle",,"DirtySnatcha, Luci",198342437506,DSR132,"Genie In a Bottle",,GBWUL2407705,"DirtySnatcha, Luci","Apple Music","August 2024",USA,Streaming,Single,Sale,55,0.172442000000
AUG-24,"DirtySnatcha Records","Eight Six",,BBX,198342480014,DSR0092A,"Eight Six",,QZTV32366095,BBX,Spotify,"August 2024",USA,Streaming,Single,Sale,49,0.172558000000
AUG-24,"DirtySnatcha Records",Nightmare,,"In Orbit Dubz",198342501320,DSR0080A,Nightmare,,QZWDD2257336,"In Orbit Dubz",Spotify,"August 2024",USA,Streaming,Single,Sale,38,0.175018000000
AUG-24,"DirtySnatcha Records",Tartarus,,CRiiOZ,198342042182,DSR127,Psycho,,USLZJ2405590,"CRiiOZ, DSTRTN",Spotify,"August 2024",AUS,Streaming,Single,Sale,48,0.175148000000
AUG-24,"DirtySnatcha Records",Whoa,,"KirbyBright, Devious",198342485866,DSR133,Whoa,,GBWUL2431903,"KirbyBright, Devious",Spotify,"August 2024",USA,Streaming,Single,Sale,88,0.176070000000
AUG-24,"DirtySnatcha Records","Keep Moving","Audigy Remix",DirtySnatcha,197999143198,DSR0104,"Keep Moving","Audigy Remix",QZWV32320452,"DirtySnatcha, Audigy",Spotify,"August 2024",USA,Streaming,Single,Sale,50,0.176079000000
AUG-24,"DirtySnatcha Records","Black & Gold",,BBX,198342479889,DSR0096A,"Eight Six",,QZTV32366095,BBX,Spotify,"August 2024",USA,Streaming,Single,Sale,40,0.176196000000
AUG-24,"DirtySnatcha Records","Genie In a Bottle",,"DirtySnatcha, Luci",198342437506,DSR132,"Genie In a Bottle",,GBWUL2407705,"DirtySnatcha, Luci",Spotify,"August 2024",GBR,Streaming,Single,Sale,59,0.179601000000
AUG-24,"DirtySnatcha Records",Radioactivity,,"In Orbit Dubz",198342500118,DSR0053A,Radioactivity,,USLZJ2286474,"In Orbit Dubz","Apple Music","August 2024",USA,Streaming,Single,Sale,28,0.180948000000
AUG-24,"DirtySnatcha Records","Genie In a Bottle",,"DirtySnatcha, Luci",198342437506,DSR132,"Genie In a Bottle",,GBWUL2407705,"DirtySnatcha, Luci","Facebook / Instagram","June 2024",USA,Streaming,"Audio Library",Sale,1,0.181376000000
AUG-24,"DirtySnatcha Records",WTF,,"BBX, Sloth",198342356135,DSR131,WTF,,GBRKQ2471312,"BBX, Sloth",Spotify,"August 2024",CAN,Streaming,Single,Sale,56,0.181553000000
AUG-24,"DirtySnatcha Records","Genie In a Bottle",,"DirtySnatcha, Luci",198342437506,DSR132,"Genie In a Bottle",,GBWUL2407705,"DirtySnatcha, Luci",Spotify,"August 2024",DEU,Streaming,Single,Sale,79,0.183288000000
AUG-24,"DirtySnatcha Records",Tartarus,,CRiiOZ,198342042182,DSR127,Psycho,,USLZJ2405590,"CRiiOZ, DSTRTN",Spotify,"August 2024",CAN,Streaming,Single,Sale,39,0.184247000000
AUG-24,"DirtySnatcha Records",Whoa,,"KirbyBright, Devious",198342485866,DSR133,Whoa,,GBWUL2431903,"KirbyBright, Devious","Apple Music","August 2024",USA,Streaming,Single,Sale,29,0.187411000000
AUG-24,"DirtySnatcha Records","Eight Six",,BBX,198342480014,DSR0092A,"Eight Six",,QZTV32366095,BBX,"YouTube Streaming","August 2024",USA,Streaming,"Art Track",Sale,44,0.189006000000
AUG-24,"DirtySnatcha Records","Need U","Ennaut Remix","DirtySnatcha, Autokorekt",198342500538,DSR0082A,"Need U","Ennaut Remix",QZWDD2263341,"DirtySnatcha, Autokorekt, Ennaut",Spotify,"August 2024",USA,Streaming,Single,Sale,43,0.189410000000
AUG-24,"DirtySnatcha Records",WTF,,"BBX, Sloth",198342356135,DSR131,WTF,,GBRKQ2471312,"BBX, Sloth",Spotify,"August 2024",DEU,Streaming,Single,Sale,82,0.190248000000
AUG-24,"DirtySnatcha Records","Genie In a Bottle",,"DirtySnatcha, Luci",198342437506,DSR132,"Genie In a Bottle",,GBWUL2407705,"DirtySnatcha, Luci","Facebook / Instagram","July 2024",USA,Streaming,"Audio Library: Production",Sale,1,0.190645000000
AUG-24,"DirtySnatcha Records","Fog Horn",,DENNETT,198342502969,DSR0074A,"Fog Horn",,QZTRX2237730,DENNETT,"Apple Music","August 2024",USA,Streaming,Single,Sale,67,0.191131000000
AUG-24,"DirtySnatcha Records","Crushed Glass",,BBX,198342479902,DSR0095A,"Crushed Glass",,QZTV32366684,BBX,Spotify,"August 2024",USA,Streaming,Single,Sale,55,0.193687000000
AUG-24,"DirtySnatcha Records","Back Rooms",,"In Orbit Dubz",198342498644,DSR0077A,"Back Rooms",,QZWDD2257316,"In Orbit Dubz",Spotify,"August 2024",USA,Streaming,Single,Sale,44,0.193814000000
AUG-24,"DirtySnatcha Records","Genie In a Bottle",,"DirtySnatcha, Luci",198342437506,DSR132,"Genie In a Bottle",,GBWUL2407705,"DirtySnatcha, Luci","Apple Music","August 2024",USA,Streaming,Single,Sale,68,0.193984000000
AUG-24,"DirtySnatcha Records",Tartarus,,CRiiOZ,198342042182,DSR127,Psycho,,USLZJ2405590,"CRiiOZ, DSTRTN",Spotify,"August 2024",USA,Streaming,Single,Sale,43,0.198047000000
AUG-24,"DirtySnatcha Records","Genie In a Bottle",,"DirtySnatcha, Luci",198342437506,DSR132,"Genie In a Bottle",,GBWUL2407705,"DirtySnatcha, Luci",TIDAL,"July 2024",USA,Streaming,Single,Sale,17,0.201306000000
AUG-24,"DirtySnatcha Records",WTF,,"BBX, Sloth",198342356135,DSR131,WTF,,GBRKQ2471312,"BBX, Sloth",Spotify,"August 2024",FRA,Streaming,Single,Sale,42,0.202000000000
AUG-24,"DirtySnatcha Records",Bloodthirsty,,Howker,198342475331,DSR0004A,Bloodthirsty,,GBWUL1958037,Howker,Spotify,"August 2024",USA,Streaming,Single,Sale,46,0.202625000000
AUG-24,"DirtySnatcha Records","Take A Trip","DirtySnatcha Remix","HEXED, Labs",198342492369,DSR0086A,"Take A Trip","DirtySnatcha Remix",QZ5FN2303924,"HEXED, Labs, DirtySnatcha",Spotify,"August 2024",USA,Streaming,Single,Sale,58,0.204252000000
AUG-24,"DirtySnatcha Records","Crushed Glass",,BBX,198342479902,DSR0095A,"Crushed Glass",,QZTV32366684,BBX,Spotify,"August 2024",USA,Streaming,Single,Sale,47,0.207029000000
AUG-24,"DirtySnatcha Records","Fog Horn",,DENNETT,198342502969,DSR0074A,"Fog Horn",,QZTRX2237730,DENNETT,Spotify,"August 2024",USA,Streaming,Single,Sale,104,0.208083000000
AUG-24,"DirtySnatcha Records","Eight Six",,BBX,198342480014,DSR0092A,"Eight Six",,QZTV32366095,BBX,"YouTube Streaming","August 2024",USA,Streaming,"Art Track",Sale,42,0.212164000000
AUG-24,"DirtySnatcha Records","Riddim Gang",,"Megahurtz, Alienpark",198342478288,DSR0020A,"Riddim Gang",,QZ5FN2074245,"Megahurtz, Alienpark",Spotify,"August 2024",USA,Streaming,Single,Sale,49,0.215839000000
AUG-24,"DirtySnatcha Records","Round 2",,"Nekz, Meechie Murda",197999919441,DSR121,"Round 2",,QZ5FN2445592,"Nekz, Meechie Murda",Spotify,"August 2024",USA,Streaming,Single,Sale,50,0.220244000000
AUG-24,"DirtySnatcha Records","Genie In a Bottle",,"DirtySnatcha, Luci",198342437506,DSR132,"Genie In a Bottle",,GBWUL2407705,"DirtySnatcha, Luci",Spotify,"August 2024",DEU,Streaming,Single,Sale,47,0.221988000000
AUG-24,"DirtySnatcha Records","Fog Horn",,DENNETT,198342502969,DSR0074A,"Fog Horn",,QZTRX2237730,DENNETT,"Apple Music","August 2024",USA,Streaming,Single,Sale,22,0.222293000000
AUG-24,"DirtySnatcha Records",Tartarus,,CRiiOZ,198342042182,DSR127,"In The Walls",,USLZJ2405562,CRiiOZ,"Apple Music","August 2024",USA,Streaming,Single,Sale,35,0.226185000000
AUG-24,"DirtySnatcha Records","Fog Horn",,DENNETT,198342502969,DSR0074A,"Fog Horn",,QZTRX2237730,DENNETT,"Apple Music","August 2024",USA,Streaming,Single,Sale,18,0.226898000000
AUG-24,"DirtySnatcha Records",Nightmare,,"In Orbit Dubz",198342501320,DSR0080A,Nightmare,,QZWDD2257336,"In Orbit Dubz",Spotify,"August 2024",CAN,Streaming,Single,Sale,70,0.226941000000
AUG-24,"DirtySnatcha Records","Genie In a Bottle",,"DirtySnatcha, Luci",198342437506,DSR132,"Genie In a Bottle",,GBWUL2407705,"DirtySnatcha, Luci","YouTube Streaming","August 2024",USA,Streaming,"Art Track",Sale,45,0.227319000000
AUG-24,"DirtySnatcha Records","Black & Gold",,BBX,198342479988,DSR0093A,"Black & Gold",,QZTV32366677,BBX,Spotify,"August 2024",USA,Streaming,Single,Sale,52,0.229053000000
AUG-24,"DirtySnatcha Records",Hypnotize,,"In Orbit Dubz",197999477019,DSR113,Hypnotize,,QZZ8B2327916,"In Orbit Dubz","Apple Music","August 2024",USA,Streaming,Single,Sale,36,0.232648000000
AUG-24,"DirtySnatcha Records",Scorpion,,Torcha,198342501160,DSR0057A,Scorpion,,GBRKQ2202745,Torcha,Spotify,"August 2024",USA,Streaming,Single,Sale,53,0.233458000000
AUG-24,"DirtySnatcha Records",Tartarus,,CRiiOZ,198342042182,DSR127,Psycho,,USLZJ2405590,"CRiiOZ, DSTRTN",Spotify,"August 2024",USA,Streaming,Single,Sale,84,0.233939000000
AUG-24,"DirtySnatcha Records",Hypnotize,,"In Orbit Dubz",197999477019,DSR113,Hypnotize,,QZZ8B2327916,"In Orbit Dubz",Spotify,"August 2024",USA,Streaming,Single,Sale,117,0.234093000000
AUG-24,"DirtySnatcha Records",Hypnotize,,"In Orbit Dubz",197999477019,DSR113,Hypnotize,,QZZ8B2327916,"In Orbit Dubz",Spotify,"August 2024",USA,Streaming,Single,Sale,67,0.235946000000
AUG-24,"DirtySnatcha Records",Riddimption,,"Nothing x Hurts",198622420181,DSR136,Riddimption,,QZWV32419969,"Nothing x Hurts","Beatport Link","August 2024",USA,Streaming,Single,Sale,3,0.236025000000
AUG-24,"DirtySnatcha Records","Genie In a Bottle",,"DirtySnatcha, Luci",198342437506,DSR132,"Genie In a Bottle",,GBWUL2407705,"DirtySnatcha, Luci",TIDAL,"August 2024",USA,Streaming,Single,Sale,16,0.236273000000
AUG-24,"DirtySnatcha Records","BIG UPS",,"RAZR, VASTIVE",198342478684,DSR0024A,"BIG UPS",,USLZJ2023938,"RAZR, VASTIVE","Apple Music","August 2024",USA,Streaming,Single,Sale,37,0.239110000000
AUG-24,"DirtySnatcha Records","Genie In a Bottle",,"DirtySnatcha, Luci",198342437506,DSR132,"Genie In a Bottle",,GBWUL2407705,"DirtySnatcha, Luci",Spotify,"August 2024",FIN,Streaming,Single,Sale,40,0.240103000000
AUG-24,"DirtySnatcha Records","Genie In a Bottle",,"DirtySnatcha, Luci",198342437506,DSR132,"Genie In a Bottle",,GBWUL2407705,"DirtySnatcha, Luci",Spotify,"August 2024",FRA,Streaming,Single,Sale,57,0.241251000000
AUG-24,"DirtySnatcha Records",Game,,"Sloth, CHACKK",197999855442,DSR116,Game,,QZ5FN2416543,"Sloth, CHACKK",Spotify,"August 2024",USA,Streaming,Single,Sale,55,0.242269000000
AUG-24,"DirtySnatcha Records","Fog Horn",,DENNETT,198342502969,DSR0074A,"Fog Horn",,QZTRX2237730,DENNETT,"Apple Music","August 2024",USA,Streaming,Single,Sale,17,0.243865000000
AUG-24,"DirtySnatcha Records","Genie In a Bottle",,"DirtySnatcha, Luci",198342437506,DSR132,"Genie In a Bottle",,GBWUL2407705,"DirtySnatcha, Luci",Spotify,"August 2024",NOR,Streaming,Single,Sale,57,0.250919000000
AUG-24,"DirtySnatcha Records","Genie In a Bottle",,"DirtySnatcha, Luci",198342437506,DSR132,"Genie In a Bottle",,GBWUL2407705,"DirtySnatcha, Luci","YouTube Content ID","August 2024",USA,UGC,"Sound Recording",Sale,33,0.255117000000
AUG-24,"DirtySnatcha Records","Genie In a Bottle",,"DirtySnatcha, Luci",198342437506,DSR132,"Genie In a Bottle",,GBWUL2407705,"DirtySnatcha, Luci","YouTube Streaming","August 2024",USA,Streaming,"Art Track",Sale,60,0.257734000000
AUG-24,"DirtySnatcha Records","Fog Horn",,DENNETT,198342502969,DSR0074A,"Fog Horn",,QZTRX2237730,DENNETT,"Apple Music","August 2024",USA,Streaming,Single,Sale,73,0.259166000000
AUG-24,"DirtySnatcha Records","Genie In a Bottle",,"DirtySnatcha, Luci",198342437506,DSR132,"Genie In a Bottle",,GBWUL2407705,"DirtySnatcha, Luci","Apple Music","August 2024",CAN,Streaming,Single,Sale,49,0.263111000000
AUG-24,"DirtySnatcha Records",Nightmare,,"In Orbit Dubz",198342501320,DSR0080A,Nightmare,,QZWDD2257336,"In Orbit Dubz",Spotify,"August 2024",USA,Streaming,Single,Sale,102,0.284068000000
AUG-24,"DirtySnatcha Records","Genie In a Bottle",,"DirtySnatcha, Luci",198342437506,DSR132,"Genie In a Bottle",,GBWUL2407705,"DirtySnatcha, Luci","Apple Music","August 2024",USA,Streaming,Single,Sale,81,0.287568000000
AUG-24,"DirtySnatcha Records",Dimension,,"In Orbit Dubz, Nein Lives",198342496138,DSR0051A,Dimension,,QZ5FN2266737,"In Orbit Dubz, Nein Lives",Spotify,"August 2024",USA,Streaming,Single,Sale,67,0.295127000000
AUG-24,"DirtySnatcha Records","Apple Sowce",,Autokorekt,198342768341,DSR134,"Apple Sowce",,QZTRX2474922,Autokorekt,Spotify,"August 2024",USA,Streaming,Single,Sale,67,0.295127000000
AUG-24,"DirtySnatcha Records",WTF,,"BBX, Sloth",198342356135,DSR131,WTF,,GBRKQ2471312,"BBX, Sloth",Spotify,"August 2024",MEX,Streaming,Single,Sale,151,0.295925000000
AUG-24,"DirtySnatcha Records",Radioactivity,,"In Orbit Dubz",198342500118,DSR0053A,Radioactivity,,USLZJ2286474,"In Orbit Dubz",Spotify,"August 2024",USA,Streaming,Single,Sale,71,0.312746000000
AUG-24,"DirtySnatcha Records","Genie In a Bottle",,"DirtySnatcha, Luci",198342437506,DSR132,"Genie In a Bottle",,GBWUL2407705,"DirtySnatcha, Luci","Apple Music","August 2024",USA,Streaming,Single,Sale,23,0.313926000000
AUG-24,"DirtySnatcha Records",Tartarus,,CRiiOZ,198342042182,DSR127,"Watch Out",,USLZJ2405588,CRiiOZ,Spotify,"August 2024",USA,Streaming,Single,Sale,72,0.317150000000
AUG-24,"DirtySnatcha Records","Genie In a Bottle",,"DirtySnatcha, Luci",198342437506,DSR132,"Genie In a Bottle",,GBWUL2407705,"DirtySnatcha, Luci","Apple Music","August 2024",USA,Streaming,Single,Sale,112,0.319503000000
AUG-24,"DirtySnatcha Records","Spectre Season",,Artifact,198342479643,DSR0101A,"Spectre Season",,QZWDD2336449,Artifact,Spotify,"August 2024",USA,Streaming,Single,Sale,73,0.321557000000
AUG-24,"DirtySnatcha Records","Fog Horn",,DENNETT,198342502969,DSR0074A,"Fog Horn",,QZTRX2237730,DENNETT,"Apple Music","August 2024",USA,Streaming,Single,Sale,103,0.322937000000
AUG-24,"DirtySnatcha Records",WTF,,"BBX, Sloth",198342356135,DSR131,WTF,,GBRKQ2471312,"BBX, Sloth",Spotify,"August 2024",MEX,Streaming,Single,Sale,457,0.335901000000
AUG-24,"DirtySnatcha Records","Genie In a Bottle",,"DirtySnatcha, Luci",198342437506,DSR132,"Genie In a Bottle",,GBWUL2407705,"DirtySnatcha, Luci",Spotify,"August 2024",CAN,Streaming,Single,Sale,99,0.342491000000
AUG-24,"DirtySnatcha Records",Tartarus,,CRiiOZ,198342042182,DSR127,"In The Walls",,USLZJ2405562,CRiiOZ,Spotify,"August 2024",USA,Streaming,Single,Sale,98,0.345115000000
AUG-24,"DirtySnatcha Records",WTF,,"BBX, Sloth",198342356135,DSR131,WTF,,GBRKQ2471312,"BBX, Sloth",Spotify,"August 2024",DEU,Streaming,Single,Sale,74,0.349513000000
AUG-24,"DirtySnatcha Records","Genie In a Bottle",,"DirtySnatcha, Luci",198342437506,DSR132,"Genie In a Bottle",,GBWUL2407705,"DirtySnatcha, Luci",Spotify,"August 2024",GBR,Streaming,Single,Sale,58,0.355280000000
AUG-24,"DirtySnatcha Records","Out Of Service",,"Autokorekt, ChemDawg",198342492215,DSR0046A,"Out Of Service",,GBWUL2192863,"Autokorekt, ChemDawg, Versace","Apple Music","August 2024",USA,Streaming,Single,Sale,55,0.355434000000
AUG-24,"DirtySnatcha Records","Fog Horn",,DENNETT,198342502969,DSR0074A,"Fog Horn",,QZTRX2237730,DENNETT,"Apple Music","August 2024",USA,Streaming,Single,Sale,51,0.356374000000
AUG-24,"DirtySnatcha Records","Giving Up VIP",,"CHRMNDRS, SEEING\\DOUBLE",198342492154,DSR0044A,"Giving Up VIP",,GBWUL2158623,"CHRMNDRS, SEEING\\DOUBLE","Apple Music","August 2024",USA,Streaming,Single,Sale,58,0.374821000000
AUG-24,"DirtySnatcha Records","Take A Trip","DirtySnatcha Remix","HEXED, Labs",198342492369,DSR0086A,"Take A Trip","DirtySnatcha Remix",QZ5FN2303924,"HEXED, Labs, DirtySnatcha","Apple Music","August 2024",USA,Streaming,Single,Sale,59,0.381283000000
AUG-24,"DirtySnatcha Records","Genie In a Bottle",,"DirtySnatcha, Luci",198342437506,DSR132,"Genie In a Bottle",,GBWUL2407705,"DirtySnatcha, Luci",Beatport,"August 2024",AUS,Download,Single,Sale,1,0.408000000000
AUG-24,"DirtySnatcha Records","Fog Horn",,DENNETT,198342502969,DSR0074A,"Fog Horn",,QZTRX2237730,DENNETT,"Apple Music","August 2024",USA,Streaming,Single,Sale,64,0.409787000000
AUG-24,"DirtySnatcha Records","Genie In a Bottle",,"DirtySnatcha, Luci",198342437506,DSR132,"Genie In a Bottle",,GBWUL2407705,"DirtySnatcha, Luci","Apple Music","August 2024",USA,Streaming,Single,Sale,121,0.416600000000
AUG-24,"DirtySnatcha Records","Genie In a Bottle",,"DirtySnatcha, Luci",198342437506,DSR132,"Genie In a Bottle",,GBWUL2407705,"DirtySnatcha, Luci","Apple Music","August 2024",USA,Streaming,Single,Sale,138,0.432673000000
AUG-24,"DirtySnatcha Records","Genie In a Bottle",,"DirtySnatcha, Luci",198342437506,DSR132,"Genie In a Bottle",,GBWUL2407705,"DirtySnatcha, Luci",Spotify,"August 2024",CAN,Streaming,Single,Sale,163,0.439164000000
AUG-24,"DirtySnatcha Records","Keep Moving","Aelius, Voyager, Wilco Beats Remix",DirtySnatcha,198342499863,DSR0083A,"Keep Moving","Aelius, Voyager, Wilco Beats Remix",QZWDD2263373,"DirtySnatcha, Aelius, Voyager, Wilco Beats",Spotify,"August 2024",USA,Streaming,Single,Sale,100,0.440488000000
AUG-24,"DirtySnatcha Records","Run It Up",,"CHRMNDRS, Future Exit",198342476673,DSR0010A,"Run It Up",,GBWUL2081365,"CHRMNDRS, Future Exit",Spotify,"August 2024",USA,Streaming,Single,Sale,100,0.440488000000
AUG-24,"DirtySnatcha Records","Genie In a Bottle",,"DirtySnatcha, Luci",198342437506,DSR132,"Genie In a Bottle",,GBWUL2407705,"DirtySnatcha, Luci","Apple Music","August 2024",USA,Streaming,Single,Sale,65,0.454202000000
AUG-24,"DirtySnatcha Records",Tartarus,,CRiiOZ,198342042182,DSR127,Psycho,,USLZJ2405590,"CRiiOZ, DSTRTN",Spotify,"August 2024",USA,Streaming,Single,Sale,234,0.468188000000
AUG-24,"DirtySnatcha Records","Giving Up VIP",,"CHRMNDRS, SEEING\\DOUBLE",198342492154,DSR0044A,"Giving Up VIP",,GBWUL2158623,"CHRMNDRS, SEEING\\DOUBLE",Spotify,"August 2024",USA,Streaming,Single,Sale,107,0.471322000000
AUG-24,"DirtySnatcha Records",Tartarus,,CRiiOZ,198342042182,DSR127,"In The Walls",,USLZJ2405562,CRiiOZ,Spotify,"August 2024",USA,Streaming,Single,Sale,245,0.490197000000
AUG-24,"DirtySnatcha Records",Tartarus,,CRiiOZ,198342042182,DSR127,Trust,,USLZJ2405591,CRiiOZ,Spotify,"August 2024",USA,Streaming,Single,Sale,114,0.502157000000
AUG-24,"DirtySnatcha Records","Eight Six",,BBX,198342480014,DSR0092A,"Eight Six",,QZTV32366095,BBX,Spotify,"August 2024",USA,Streaming,Single,Sale,116,0.510966000000
AUG-24,"DirtySnatcha Records",LIGMA,,"BBX, Jonomatic, Geeku",198342492208,DSR0045A,LIGMA,,GBWUL2171015,"BBX, Jonomatic, Geeku",Spotify,"August 2024",USA,Streaming,Single,Sale,126,0.555015000000
AUG-24,"DirtySnatcha Records",Assertion,,Aalioura,198342502129,DSR0076A,Assertion,,QZWDD2238845,Aalioura,Spotify,"August 2024",USA,Streaming,Single,Sale,128,0.563825000000
AUG-24,"DirtySnatcha Records","Genie In a Bottle",,"DirtySnatcha, Luci",198342437506,DSR132,"Genie In a Bottle",,GBWUL2407705,"DirtySnatcha, Luci","Beatport Link","August 2024",USA,Streaming,Single,Sale,8,0.582778000000
AUG-24,"DirtySnatcha Records",Tartarus,,CRiiOZ,198342042182,DSR127,Psycho,,USLZJ2405590,"CRiiOZ, DSTRTN",Spotify,"August 2024",USA,Streaming,Single,Sale,168,0.591628000000
AUG-24,"DirtySnatcha Records","Genie In a Bottle",,"DirtySnatcha, Luci",198342437506,DSR132,"Genie In a Bottle",,GBWUL2407705,"DirtySnatcha, Luci",Amazon,"August 2024",USA,Download,Single,Sale,1,0.595000000000
AUG-24,"DirtySnatcha Records","Operator Error",,"Big City",198342036334,DSR125,"Operator Error",,USLZJ2403328,"Big City",Amazon,"August 2024",USA,Download,Single,Sale,1,0.595000000000
AUG-24,"DirtySnatcha Records",Riddimption,,"Nothing x Hurts",198622420181,DSR136,Riddimption,,QZWV32419969,"Nothing x Hurts",Beatport,"August 2024",USA,Download,Single,Sale,1,0.603500000000
AUG-24,"DirtySnatcha Records","Genie In a Bottle",,"DirtySnatcha, Luci",198342437506,DSR132,"Genie In a Bottle",,GBWUL2407705,"DirtySnatcha, Luci",Spotify,"August 2024",AUS,Streaming,Single,Sale,168,0.613018000000
AUG-24,"DirtySnatcha Records","Out Of Service",,"Autokorekt, ChemDawg",198342492215,DSR0046A,"Out Of Service",,GBWUL2192863,"Autokorekt, ChemDawg, Versace",Spotify,"August 2024",USA,Streaming,Single,Sale,142,0.625492000000
AUG-24,"DirtySnatcha Records","Spectre Season",,Artifact,198342479643,DSR0101A,"Spectre Season",,QZWDD2336449,Artifact,Beatport,"August 2024",NZL,Download,Single,Sale,1,0.629000000000
AUG-24,"DirtySnatcha Records","Genie In a Bottle",,"DirtySnatcha, Luci",198342437506,DSR132,"Genie In a Bottle",,GBWUL2407705,"DirtySnatcha, Luci","YouTube Streaming","August 2024",USA,Streaming,"Art Track",Sale,57,0.641509000000
AUG-24,"DirtySnatcha Records","Genie In a Bottle",,"DirtySnatcha, Luci",198342437506,DSR132,"Genie In a Bottle",,GBWUL2407705,"DirtySnatcha, Luci",Spotify,"August 2024",CAN,Streaming,Single,Sale,433,0.641833000000
AUG-24,"DirtySnatcha Records","Take A Trip","DirtySnatcha Remix","HEXED, Labs",198342492369,DSR0086A,"Take A Trip","DirtySnatcha Remix",QZ5FN2303924,"HEXED, Labs, DirtySnatcha",Spotify,"August 2024",USA,Streaming,Single,Sale,148,0.651922000000
AUG-24,"DirtySnatcha Records","GO MAD",,"DSTRTN, CRiiOZ",198342500286,DSR0056A,"GO MAD",,USLZJ2297741,"DSTRTN, CRiiOZ",Spotify,"August 2024",USA,Streaming,Single,Sale,154,0.678351000000
AUG-24,"DirtySnatcha Records","Genie In a Bottle",,"DirtySnatcha, Luci",198342437506,DSR132,"Genie In a Bottle",,GBWUL2407705,"DirtySnatcha, Luci",Spotify,"August 2024",USA,Streaming,Single,Sale,150,0.690863000000
AUG-24,"DirtySnatcha Records",Riddimption,,"Nothing x Hurts",198622420181,,Riddimption,,QZWV32419969,"Nothing x Hurts",Beatport,"August 2024",USA,Download,Release,Sale,1,0.697000000000
AUG-24,"DirtySnatcha Records","Genie In a Bottle",,"DirtySnatcha, Luci",198342437506,DSR132,"Genie In a Bottle",,GBWUL2407705,"DirtySnatcha, Luci",Beatport,"August 2024",CAN,Download,Single,Sale,1,0.705500000000
AUG-24,"DirtySnatcha Records",Riddimption,,"Nothing x Hurts",198622420181,DSR136,Riddimption,,QZWV32419969,"Nothing x Hurts",Beatport,"August 2024",THA,Download,Single,Sale,1,0.714000000000
AUG-24,"DirtySnatcha Records",WTF,,"BBX, Sloth",198342356135,DSR131,WTF,,GBRKQ2471312,"BBX, Sloth",Spotify,"August 2024",USA,Streaming,Single,Sale,358,0.716287000000
AUG-24,"DirtySnatcha Records","Genie In a Bottle",,"DirtySnatcha, Luci",198342437506,DSR132,"Genie In a Bottle",,GBWUL2407705,"DirtySnatcha, Luci","Beatport Link","August 2024",CAN,Streaming,Single,Sale,10,0.746244000000
AUG-24,"DirtySnatcha Records",Whoa,,"KirbyBright, Devious",198342485866,DSR133,Whoa,,GBWUL2431903,"KirbyBright, Devious",Spotify,"August 2024",USA,Streaming,Single,Sale,170,0.748830000000
AUG-24,"DirtySnatcha Records",WTF,,"BBX, Sloth",198342356135,DSR131,WTF,,GBRKQ2471312,"BBX, Sloth",Beatport,"August 2024",USA,Download,Single,Sale,1,0.756500000000
AUG-24,"DirtySnatcha Records","Genie In a Bottle",,"DirtySnatcha, Luci",198342437506,,"Genie In a Bottle",,GBWUL2407705,"DirtySnatcha, Luci",Beatport,"August 2024",USA,Download,Release,Sale,1,0.756500000000
AUG-24,"DirtySnatcha Records","No Traces",,"Trenches (US), Virg™",198342555309,DSR130B,"No Traces",,GBRKQ2472806,"Trenches (US), Virg™",Beatport,"August 2024",USA,Download,Single,Sale,1,0.756500000000
AUG-24,"DirtySnatcha Records","Take A Trip","DirtySnatcha Remix","HEXED, Labs",198342492369,DSR0086A,"Take A Trip","DirtySnatcha Remix",QZ5FN2303924,"HEXED, Labs, DirtySnatcha",Beatport,"August 2024",USA,Download,Single,Sale,1,0.756500000000
AUG-24,"DirtySnatcha Records",Tartarus,,CRiiOZ,198342042182,DSR127,"Watch Out",,USLZJ2405588,CRiiOZ,Beatport,"August 2024",USA,Download,Single,Sale,1,0.756500000000
AUG-24,"DirtySnatcha Records",Tartarus,,CRiiOZ,198342042182,DSR127,Psycho,,USLZJ2405590,"CRiiOZ, DSTRTN",Beatport,"August 2024",USA,Download,Single,Sale,1,0.756500000000
AUG-24,"DirtySnatcha Records",WTF,,"BBX, Sloth",198342356135,DSR131,WTF,,GBRKQ2471312,"BBX, Sloth",Spotify,"August 2024",USA,Streaming,Single,Sale,215,0.757142000000
AUG-24,"DirtySnatcha Records","Round 2",,"Nekz, Meechie Murda",197999919441,DSR121,"Round 2",,QZ5FN2445592,"Nekz, Meechie Murda",iTunes,"August 2024",USA,Download,Single,Sale,1,0.773500000000
AUG-24,"DirtySnatcha Records",Whoa,,"KirbyBright, Devious",198342485866,DSR133,Whoa,,GBWUL2431903,"KirbyBright, Devious",iTunes,"August 2024",USA,Download,Single,Sale,1,0.773500000000
AUG-24,"DirtySnatcha Records","Take A Trip","DirtySnatcha Remix","HEXED, Labs",198342492369,DSR0086A,"Take A Trip","DirtySnatcha Remix",QZ5FN2303924,"HEXED, Labs, DirtySnatcha",iTunes,"August 2024",USA,Download,Single,Sale,1,0.773500000000
AUG-24,"DirtySnatcha Records","Turn It Up",,YUNIT.,198342476697,DSR0012A,"Turn It Up",,GBWUL2083817,YUNIT.,iTunes,"August 2024",USA,Download,Single,Sale,1,0.773500000000
AUG-24,"DirtySnatcha Records","Genie In a Bottle",,"DirtySnatcha, Luci",198342437506,DSR132,"Genie In a Bottle",,GBWUL2407705,"DirtySnatcha, Luci",Spotify,"August 2024",USA,Streaming,Single,Sale,402,0.780194000000
AUG-24,"DirtySnatcha Records","Take A Trip","DirtySnatcha Remix","HEXED, Labs",198342492369,DSR0086A,"Take A Trip","DirtySnatcha Remix",QZ5FN2303924,"HEXED, Labs, DirtySnatcha","Juno Download","August 2024",USA,Download,Single,Sale,1,0.805700000000
AUG-24,"DirtySnatcha Records","Fog Horn",,DENNETT,198342502969,DSR0074A,"Fog Horn",,QZTRX2237730,DENNETT,"Apple Music","August 2024",USA,Streaming,Single,Sale,239,0.822871000000
AUG-24,"DirtySnatcha Records","Black & Gold",,BBX,198342479988,DSR0093A,"Black & Gold",,QZTV32366677,BBX,Spotify,"August 2024",USA,Streaming,Single,Sale,303,0.843851000000
AUG-24,"DirtySnatcha Records","Genie In a Bottle",,"DirtySnatcha, Luci",198342437506,DSR132,"Genie In a Bottle",,GBWUL2407705,"DirtySnatcha, Luci","Apple Music","August 2024",USA,Streaming,Single,Sale,252,0.867629000000
AUG-24,"DirtySnatcha Records","Eight Six",,BBX,198342480014,DSR0092A,"Eight Six",,QZTV32366095,BBX,Spotify,"August 2024",USA,Streaming,Single,Sale,312,0.868917000000
AUG-24,"DirtySnatcha Records","Keep Moving","Audigy Remix",DirtySnatcha,197999143198,DSR0104,"Keep Moving","Audigy Remix",QZWV32320452,"DirtySnatcha, Audigy",Spotify,"August 2024",USA,Streaming,Single,Sale,201,0.885380000000
AUG-24,"DirtySnatcha Records","Genie In a Bottle",,"DirtySnatcha, Luci",198342437506,DSR132,"Genie In a Bottle",,GBWUL2407705,"DirtySnatcha, Luci",Spotify,"August 2024",USA,Streaming,Single,Sale,335,0.932972000000
AUG-24,"DirtySnatcha Records",Nightmare,,"In Orbit Dubz",198342501320,DSR0080A,Nightmare,,QZWDD2257336,"In Orbit Dubz",Spotify,"August 2024",USA,Streaming,Single,Sale,493,0.986396000000
AUG-24,"DirtySnatcha Records",Nightmare,,"In Orbit Dubz",198342501320,DSR0080A,Nightmare,,QZWDD2257336,"In Orbit Dubz",Spotify,"August 2024",USA,Streaming,Single,Sale,285,1.003654000000
AUG-24,"DirtySnatcha Records","Genie In a Bottle",,"DirtySnatcha, Luci",198342437506,DSR132,"Genie In a Bottle",,GBWUL2407705,"DirtySnatcha, Luci",Beatport,"August 2024",USA,Download,Single,Sale,1,1.079500000000
AUG-24,"DirtySnatcha Records","Spectre Season",,Artifact,198342479643,,"Spectre Season",,QZWDD2336449,Artifact,Beatport,"August 2024",USA,Download,Release,Sale,1,1.079500000000
AUG-24,"DirtySnatcha Records","Keep Moving","Audigy Remix",DirtySnatcha,197999143198,,"Keep Moving","Audigy Remix",QZWV32320452,"DirtySnatcha, Audigy",Beatport,"August 2024",USA,Download,Release,Sale,1,1.079500000000
AUG-24,"DirtySnatcha Records",WTF,,"BBX, Sloth",198342356135,DSR131,WTF,,GBRKQ2471312,"BBX, Sloth",Spotify,"August 2024",USA,Streaming,Single,Sale,388,1.080576000000
AUG-24,"DirtySnatcha Records","Genie In a Bottle",,"DirtySnatcha, Luci",198342437506,DSR132,"Genie In a Bottle",,GBWUL2407705,"DirtySnatcha, Luci","Apple Music","August 2024",USA,Streaming,Single,Sale,178,1.150312000000
AUG-24,"DirtySnatcha Records",Hypnotize,,"In Orbit Dubz",197999477019,DSR113,Hypnotize,,QZZ8B2327916,"In Orbit Dubz",Spotify,"August 2024",USA,Streaming,Single,Sale,289,1.273010000000
AUG-24,"DirtySnatcha Records","Fog Horn",,DENNETT,198342502969,DSR0074A,"Fog Horn",,QZTRX2237730,DENNETT,Spotify,"August 2024",USA,Streaming,Single,Sale,305,1.343489000000
AUG-24,"DirtySnatcha Records",Tartarus,,CRiiOZ,198342042182,DSR127,"In The Walls",,USLZJ2405562,CRiiOZ,Beatport,"August 2024",USA,Download,Single,Sale,2,1.513000000000
AUG-24,"DirtySnatcha Records","Genie In a Bottle",,"DirtySnatcha, Luci",198342437506,DSR132,"Genie In a Bottle",,GBWUL2407705,"DirtySnatcha, Luci",Spotify,"August 2024",CAN,Streaming,Single,Sale,479,1.552927000000
AUG-24,"DirtySnatcha Records","Eight Six",,BBX,198342480014,DSR0092A,"Eight Six",,QZTV32366095,BBX,"YouTube Streaming","August 2024",USA,Streaming,"Art Track",Sale,141,1.586891000000
AUG-24,"DirtySnatcha Records",Tartarus,,CRiiOZ,198342042182,DSR127,"In The Walls",,USLZJ2405562,CRiiOZ,Spotify,"August 2024",USA,Streaming,Single,Sale,436,1.920528000000
AUG-24,"DirtySnatcha Records",Riddimption,,"Nothing x Hurts",198622420181,DSR136,Riddimption,,QZWV32419969,"Nothing x Hurts",Beatport,"August 2024",USA,Download,Single,Sale,2,2.363000000000
AUG-24,"DirtySnatcha Records",Tartarus,,CRiiOZ,198342042182,DSR127,Psycho,,USLZJ2405590,"CRiiOZ, DSTRTN",Spotify,"August 2024",USA,Streaming,Single,Sale,538,2.369826000000
AUG-24,"DirtySnatcha Records",WTF,,"BBX, Sloth",198342356135,DSR131,WTF,,GBRKQ2471312,"BBX, Sloth",Spotify,"August 2024",USA,Streaming,Single,Sale,611,2.691382000000
AUG-24,"DirtySnatcha Records","Genie In a Bottle",,"DirtySnatcha, Luci",198342437506,DSR132,"Genie In a Bottle",,GBWUL2407705,"DirtySnatcha, Luci",Beatport,"August 2024",USA,Download,Single,Sale,4,3.026000000000
AUG-24,"DirtySnatcha Records","Fog Horn",,DENNETT,198342502969,DSR0074A,"Fog Horn",,QZTRX2237730,DENNETT,"Apple Music","August 2024",USA,Streaming,Single,Sale,494,3.192438000000
AUG-24,"DirtySnatcha Records","Genie In a Bottle",,"DirtySnatcha, Luci",198342437506,DSR132,"Genie In a Bottle",,GBWUL2407705,"DirtySnatcha, Luci","Apple Music","August 2024",USA,Streaming,Single,Sale,596,3.851607000000
AUG-24,"DirtySnatcha Records",Nightmare,,"In Orbit Dubz",198342501320,DSR0080A,Nightmare,,QZWDD2257336,"In Orbit Dubz",Spotify,"August 2024",USA,Streaming,Single,Sale,919,4.048085000000
AUG-24,"DirtySnatcha Records","Genie In a Bottle",,"DirtySnatcha, Luci",198342437506,DSR132,"Genie In a Bottle",,GBWUL2407705,"DirtySnatcha, Luci",Spotify,"August 2024",USA,Streaming,Single,Sale,1615,5.687373000000
AUG-24,"DirtySnatcha Records","Genie In a Bottle",,"DirtySnatcha, Luci",198342437506,DSR132,"Genie In a Bottle",,GBWUL2407705,"DirtySnatcha, Luci",Spotify,"August 2024",USA,Streaming,Single,Sale,3029,6.060432000000
AUG-24,"DirtySnatcha Records","Genie In a Bottle",,"DirtySnatcha, Luci",198342437506,DSR132,"Genie In a Bottle",,GBWUL2407705,"DirtySnatcha, Luci",Spotify,"August 2024",USA,Streaming,Single,Sale,6430,28.323387000000
