0 1
2999
0 1
6 5
3 6
7 7
15 9
16 10
17 12
18 14
25 18
27 19
31 20
57 44
89 72
90 73
94 78
103 83
105 85
107 88
114 94
115 96
118 98
121 100
125 106
130 112
133 114
136 116
139 119
142 120
159 133
161 137
160 140
167 141
170 144
179 149
185 156
190 159
194 160
195 162
199 165
202 168
204 169
205 170
206 171
210 177
221 186
226 192
227 193
242 201
239 202
243 213
259 227
284 241
282 247
289 254
308 276
309 277
316 280
324 288
325 289
337 297
359 325
373 337
386 356
388 357
406 375
416 379
427 391
448 413
447 416
465 427
467 430
464 432
484 443
480 444
491 451
496 460
522 471
543 503
578 525
568 526
571 528
569 537
583 541
591 550
606 561
622 573
615 574
635 590
666 619
675 627
674 632
684 636
690 645
696 646
714 665
720 678
721 686
735 697
745 704
754 711
759 718
757 719
762 720
768 723
770 736
776 738
781 742
786 746
788 747
800 758
803 762
811 767
810 770
816 771
817 772
818 774
821 779
822 780
827 786
834 793
841 800
848 809
851 813
866 818
862 819
865 822
870 826
875 835
879 838
880 839
885 842
886 843
892 851
6533 852
896 853
899 854
904 860
917 861
905 863
916 871
940 891
941 892
947 897
963 912
975 915
978 922
1005 950
1000 951
1011 954
1012 955
1010 959
1017 962
1023 970
1028 976
1033 981
1034 985
1056 1005
1059 1010
1063 1011
1129 1072
1137 1079
1142 1090
1146 1093
1161 1111
1169 1115
1171 1118
1172 1119
1173 1120
1175 1123
1179 1127
1182 1129
1196 1143
1203 1147
1205 1154
1212 1157
1221 1166
1239 1180
1238 1185
1247 1189
1255 1194
1266 1205
1268 1206
1269 1207
1294 1228
1298 1231
1300 1232
1301 1233
1305 1236
1312 1238
1313 1248
1317 1250
1318 1252
1320 1255
1321 1256
1325 1259
1326 1260
1329 1269
1340 1273
1351 1285
1352 1286
1362 1293
1368 1300
1369 1301
1372 1305
1378 1310
1379 1312
1388 1323
1389 1324
1400 1334
1404 1339
1406 1341
1411 1347
1414 1348
1422 1354
1421 1361
1427 1365
1432 1373
1433 1374
1429 1375
1445 1382
1446 1383
1447 1384
1448 1385
1452 1388
1459 1393
1470 1403
1475 1407
1476 1408
1478 1409
1484 1419
1485 1420
1502 1435
1510 1442
1511 1447
1523 1456
1526 1464
1537 1475
1544 1485
1554 1490
1564 1501
1567 1505
1570 1509
1573 1513
1574 1517
1585 1523
1588 1533
1609 1550
1626 1576
1638 1589
1643 1593
1671 1621
1708 1664
1730 1685
1836 1791
1843 1797
1838 1803
1851 1810
1886 1846
1890 1852
1900 1861
1901 1862
1909 1870
1910 1874
1934 1897
1936 1900
1960 1927
1961 1928
1966 1933
1972 1941
1979 1944
1973 1946
2004 1965
2010 1974
2019 1981
2044 1997
2061 2011
2104 2052
2145 2109
2176 2130
2199 2149
2188 2154
2190 2167
2213 2179
2219 2180
2253 2223
2263 2241
2259 2253
2311 2287
2327 2314
2340 2327
2351 2339
2364 2355
2368 2361
2383 2372
2388 2381
2390 2385
2405 2397
2410 2402
2419 2411
2420 2418
2430 2422
2450 2444
2451 2445
2447 2446
2448 2447
2463 2453
2453 2454
2454 2455
2464 2466
2459 2468
2474 2473
2477 2478
2478 2479
2475 2481
2484 2485
2489 2493
2493 2494
2494 2496
2504 2505
2496 2506
2512 2520
2519 2528
2529 2538
2533 2543
2540 2546
2539 2548
2544 2556
2545 2560
2557 2574
2570 2585
2594 2610
2589 2615
2610 2635
2628 2646
2627 2647
2633 2659
2652 2666
2643 2668
2653 2673
2663 2677
2669 2683
2678 2705
2694 2710
2691 2714
2706 2721
2704 2726
2715 2729
2716 2730
2707 2731
2712 2736
2727 2741
2729 2748
2739 2752
2740 2762
2746 2765
2743 2769
2744 2770
2761 2776
2776 2786
2767 2791
2768 2792
2778 2798
2782 2801
2792 2808
2797 2812
2814 2822
2821 2836
2819 2837
2840 2846
2841 2849
2831 2850
2855 2859
2847 2860
2849 2861
2850 2864
2858 2869
2868 2871
2913 2922
2914 2923
2904 2926
2905 2930
2923 2935
2924 2936
2926 2940
2943 2948
2947 2963
2950 2971
2969 2975
2951 2980
2945 2981
2980 2989
2960 2990
2961 2991
2973 2996
2988 3001
2974 3002
2996 3003
3003 3012
2993 3015
2990 3016
2994 3017
2991 3018
2995 3022
3018 3028
3019 3033
3028 3038
3029 3039
3020 3040
3011 3041
3012 3042
3013 3043
3038 3053
3046 3060
3035 3061
3039 3062
3036 3063
3053 3065
3054 3071
3057 3074
3049 3076
3072 3082
3073 3086
3065 3087
3058 3088
3059 3089
3075 3093
3089 3107
3082 3108
3101 3128
3131 3154
3136 3163
3145 3176
3166 3188
3160 3193
3174 3207
3188 3221
3197 3231
3228 3259
3244 3261
3245 3262
3257 3278
3300 3316
3322 3338
3330 3349
3305 3354
3346 3361
3352 3372
3356 3375
3359 3385
3363 3386
3364 3387
3367 3397
3383 3404
3392 3413
3443 3462
3444 3474
3482 3496
3531 3546
3581 3602
3587 3620
3615 3639
3611 3643
3604 3646
3619 3650
3612 3653
3630 3656
3616 3657
3623 3663
3638 3665
3644 3674
3632 3676
3634 3678
3646 3693
3647 3694
3660 3706
3673 3708
3664 3709
3669 3715
3684 3718
3721 3763
3714 3764
3722 3768
3716 3769
3717 3770
3735 3774
3744 3782
3747 3784
3730 3785
3731 3786
3748 3788
3749 3789
3751 3794
3737 3796
3757 3809
3765 3812
3773 3814
3764 3815
3774 3819
3792 3830
3796 3839
3797 3841
3798 3842
3811 3846
3805 3847
3807 3848
3780 3849
3816 3859
3823 3867
3826 3872
3827 3873
3828 3874
3829 3875
3830 3876
3837 3880
3820 3881
3843 3888
3844 3889
3854 3898
3863 3902
3855 3903
3856 3904
3870 3913
3879 3919
3865 3923
3871 3928
3898 3935
3897 3936
3891 3943
3893 3946
3912 3951
3899 3952
3919 3961
3908 3962
3910 3965
3924 3966
3923 3969
3931 3973
3934 3979
3937 3983
3921 3985
3939 3987
3927 3988
3928 3989
3925 3990
3946 3994
3949 3999
3961 4012
3962 4016
3963 4017
3967 4020
3973 4021
3970 4022
3971 4024
3977 4029
3975 4030
3979 4033
3986 4036
3984 4037
3985 4038
3991 4042
3994 4047
3995 4048
3996 4049
4004 4053
4009 4056
4006 4057
4012 4058
4010 4059
4016 4063
4021 4073
4029 4075
4026 4076
4039 4084
4038 4086
4041 4087
4040 4088
4045 4090
4054 4099
4052 4101
4064 4113
4069 4114
4068 4115
4078 4124
4076 4125
4079 4131
4080 4132
4098 4149
4104 4154
4174 4224
4230 4283
4231 4284
4239 4297
4241 4308
4254 4335
4277 4349
4284 4360
4283 4366
4312 4373
4331 4388
4305 4389
4332 4391
4311 4392
4339 4397
4346 4399
4316 4401
4317 4402
4366 4422
4352 4439
4355 4440
4379 4444
4402 4466
4376 4467
4403 4468
4399 4469
4411 4472
4420 4478
4417 4480
4393 4482
4421 4484
4424 4486
4434 4497
4454 4511
4474 4534
4449 4536
4477 4543
4471 4558
4478 4568
4482 4569
4519 4580
4502 4585
4538 4599
4520 4602
4524 4613
4556 4628
4540 4631
4545 4632
4572 4643
4580 4645
4577 4646
4562 4651
4561 4654
4578 4672
4601 4677
4614 4696
4624 4707
4633 4716
4648 4734
4659 4745
4662 4748
4670 4756
4663 4757
4675 4764
4702 4789
4703 4794
4697 4795
4711 4798
4698 4800
4721 4809
4712 4810
4724 4817
4725 4819
4722 4820
4736 4825
4738 4826
4732 4830
4753 4837
4751 4838
4747 4839
4748 4840
4739 4841
4756 4844
4754 4848
4771 4864
4772 4865
4776 4867
4782 4872
4783 4873
4784 4874
4765 4875
4766 4876
4785 4877
4774 4878
4789 4881
4809 4889
4803 4890
4810 4894
4802 4895
4812 4896
4816 4897
4797 4899
4792 4900
4819 4903
4820 4908
4817 4909
4823 4913
4832 4922
4833 4923
4829 4924
4841 4926
4824 4927
4826 4929
4827 4930
4843 4939
4851 4944
4854 4949
4855 4950
4835 4951
4861 4955
4846 4960
4836 4963
4848 4964
4870 4969
4864 4972
4862 4973
4875 4976
4876 4979
4884 4982
4871 4983
4895 4992
4899 4995
4892 4997
4885 4998
4900 5008
4896 5009
4919 5014
4915 5016
4921 5018
4916 5019
4912 5020
4907 5023
4935 5036
4936 5037
4937 5038
4940 5042
4943 5043
4944 5045
4923 5046
4950 5050
4951 5051
4938 5052
4972 5057
4955 5058
4961 5062
4963 5063
4945 5064
4967 5066
4962 5067
4974 5074
4964 5077
4957 5078
4968 5079
4978 5084
4985 5088
4969 5089
4991 5093
4994 5098
4979 5099
4996 5105
4980 5108
5007 5114
5010 5121
5011 5122
4997 5124
5021 5129
5001 5131
5002 5132
4998 5133
4999 5135
5026 5136
5019 5137
5031 5141
5032 5142
5012 5143
5008 5152
5028 5153
5027 5160
5049 5162
5035 5164
5036 5165
5038 5170
5039 5171
5059 5176
5045 5178
5055 5181
5040 5183
5060 5191
5050 5193
5077 5197
5068 5202
5069 5213
5094 5221
5105 5227
5104 5230
5106 5231
5110 5234
5120 5240
5121 5241
5114 5242
5122 5243
5126 5246
5107 5247
5101 5248
5131 5256
5132 5257
5142 5264
5135 5265
5138 5266
5143 5271
5158 5275
5152 5276
5133 5279
5157 5283
5159 5290
5162 5298
5175 5303
5163 5304
5164 5308
5194 5315
5180 5316
5201 5322
5202 5323
5185 5324
5191 5326
5192 5327
5186 5328
5223 5338
5232 5341
5211 5343
5238 5347
5218 5348
5212 5349
5213 5350
5226 5352
5234 5356
5227 5357
5247 5360
5239 5361
5257 5366
5258 5367
5243 5368
5266 5376
5267 5377
5248 5380
5259 5386
5260 5387
5253 5395
5286 5400
5290 5404
5283 5407
5299 5412
5300 5413
5314 5420
5295 5421
5293 5422
5301 5428
5310 5429
5332 5437
5331 5440
5338 5446
5339 5447
5340 5448
5326 5451
5334 5452
5335 5456
5348 5458
5353 5465
5360 5466
5354 5467
5364 5474
5365 5475
5370 5482
5374 5487
5375 5488
5371 5489
5379 5500
5380 5501
5381 5502
5392 5516
5396 5517
5395 5520
5393 5521
5398 5523
5399 5524
5407 5530
5408 5531
5411 5536
5415 5538
5421 5547
5422 5548
5426 5552
5412 5557
5431 5558
5438 5564
5441 5567
5442 5570
5456 5598
5528 5672
5532 5673
5529 5674
5541 5681
5542 5682
5548 5690
5552 5693
5558 5703
5563 5707
5576 5723
5596 5750
5603 5758
5623 5767
5609 5768
5620 5769
5624 5770
5610 5771
5622 5775
5616 5778
5625 5783
5633 5785
5630 5790
5639 5793
5648 5795
5644 5800
5658 5801
5657 5809
5664 5815
5675 5819
5667 5820
5676 5828
5680 5832
5685 5836
5688 5839
5697 5841
5692 5844
5696 5846
5698 5850
5708 5858
5716 5859
5713 5861
5717 5862
5723 5868
5724 5869
5721 5870
5728 5875
5730 5880
5735 5884
5752 5887
5744 5888
5741 5889
5740 5890
5750 5894
5746 5895
5742 5896
5748 5899
5753 5902
5758 5904
5767 5905
5757 5906
5759 5907
5763 5911
5764 5913
5774 5917
5784 5919
5781 5920
5785 5926
5792 5929
5778 5931
5790 5934
5807 5939
5799 5940
5796 5941
5814 5943
5787 5945
5818 5946
5809 5948
5823 5953
5824 5955
5819 5956
5829 5963
5826 5964
5821 5966
5833 5969
5838 5974
5836 5975
5834 5976
5843 5989
5853 6002
5868 6016
5870 6018
5875 6025
5883 6027
5882 6033
5896 6043
5898 6050
5902 6055
5904 6059
5919 6071
5920 6074
5933 6084
5937 6087
5961 6111
5973 6124
5972 6128
5985 6139
5986 6140
5998 6155
6007 6163
6011 6164
6013 6167
6017 6168
6020 6170
6029 6174
6021 6177
6037 6179
6040 6182
6031 6183
6030 6185
6033 6187
6034 6189
6035 6190
6043 6191
6042 6192
6044 6194
6047 6200
6053 6201
6050 6207
6054 6208
6057 6211
6064 6217
6070 6221
6059 6225
6092 6246
6095 6252
6098 6257
6099 6260
6140 6297
6155 6309
6160 6313
6167 6318
6170 6322
6174 6327
6183 6341
6181 6342
6184 6346
6187 6348
6185 6349
6190 6351
6191 6352
6193 6356
6195 6358
6194 6359
6196 6360
6197 6361
6198 6363
6199 6364
6200 6366
6202 6367
6207 6368
6209 6370
6210 6374
6213 6375
6211 6377
6214 6378
6212 6379
6217 6382
6218 6384
6221 6386
6219 6389
6220 6390
6222 6391
6228 6402
6234 6407
6232 6411
6238 6414
6236 6416
6240 6418
6241 6420
6243 6422
6242 6423
6249 6424
6251 6430
6259 6435
6261 6437
6258 6438
6264 6440
6262 6441
6269 6445
6272 6446
6271 6449
6275 6452
6278 6458
6279 6459
6281 6462
6284 6464
6280 6467
6287 6474
6294 6479
6296 6487
6308 6496
6307 6500
6310 6501
6312 6502
6315 6507
6316 6511
6319 6514
6323 6522
6332 6526
6328 6528
6327 6529
6330 6531
6340 6539
6345 6543
6347 6546
6348 6547
6350 6548
6346 6549
6355 6557
6367 6572
6376 6576
6370 6578
6371 6580
6374 6582
6388 6594
6386 6595
6392 6599
6399 6608
6401 6609
6400 6612
6406 6614
6405 6617
6414 6627
6417 6629
6421 6631
6422 6634
6424 6638
6427 6640
6426 6642
6428 6645
6437 6658
6438 6659
6447 6661
6451 6666
6473 6685
6470 6688
6472 6689
6475 6693
6483 6702
6486 6704
6481 6705
6492 6711
6494 6712
6496 6720
6507 6737
6505 6740
6510 6742
6513 6749
6516 6751
6521 6755
6520 6759
6529 6763
6536 6773
6538 6775
6541 6779
6543 6780
6545 6783
6549 6785
6547 6787
6550 6791
6554 6796
6555 6800
6556 6801
6560 6804
6563 6806
6565 6814
6567 6815
6569 6820
6575 6836
6586 6845
6587 6847
6589 6849
6590 6850
6593 6851
6597 6853
6599 6857
6600 6858
6604 6862
6606 6863
6618 6879
6628 6886
6630 6888
6629 6890
6632 6891
6637 6901
6641 6907
6649 6910
6650 6912
6652 6913
6657 6917
6659 6919
6660 6922
6662 6924
6667 6926
6668 6927
6672 6932
6670 6933
6674 6934
6683 6945
6687 6950
6688 6951
6694 6957
6698 6960
6701 6961
6702 6963
6704 6965
6705 6966
6710 6972
6713 6974
6715 6975
6717 6976
6715 6979
6716 6980
6720 6981
6721 6982
6724 6985
6727 6989
6730 6994
6736 7000
6742 7002
6745 7005
6743 7006
6746 7009
6747 7010
6749 7014
6752 7015
6757 7021
6758 7022
6759 7023
6760 7025
6764 7029
6768 7033
6767 7035
6773 7040
6775 7042
6783 7045
6785 7047
6780 7048
6786 7052
6787 7053
6789 7054
6788 7056
6798 7059
6799 7060
6801 7061
6808 7068
6809 7070
6807 7072
6811 7073
6814 7075
6821 7079
6829 7093
6830 7094
6834 7096
6833 7099
6836 7102
6838 7104
6843 7111
6849 7115
6851 7122
6867 7136
6868 7137
6870 7139
6874 7140
6875 7141
6883 7153
6885 7154
6887 7155
6888 7156
6907 7178
6949 7234
6958 7248
6961 7250
6970 7258
6976 7264
6978 7270
6987 7276
6988 7281
6993 7286
6999 7296
7003 7299
7006 7302
7012 7308
7021 7319
7022 7322
7025 7328
7035 7336
7039 7344
7049 7350
7062 7371
7073 7383
7079 7396
7086 7397
7082 7404
7088 7406
7089 7407
7091 7409
7100 7412
7157 7466
7195 7503
7234 7542
7233 7547
7239 7555
7249 7568
7251 7570
7259 7573
7258 7574
7282 7604
7305 7636
7315 7657
7319 7660
7330 7669
7335 7678
7352 7696
7343 7700
7355 7707
7350 7710
7360 7715
7380 7728
7381 7730
7386 7733
7388 7738
7384 7739
7392 7741
7394 7743
7389 7744
7396 7747
7403 7755
7401 7756
7409 7766
7417 7774
7422 7780
7424 7782
7429 7788
7434 7795
7451 7811
7463 7821
7489 7854
3448 7872
7536 7891
7544 7896
7552 7905
7555 7907
7567 7924
7579 7932
7578 7937
7583 7941
7587 7952
7593 7953
7594 7955
7596 7959
7592 7960
7601 7965
7607 7972
7613 7977
7614 7979
7610 7980
7619 7984
7615 7985
7623 7986
7627 7990
7629 7993
7630 7996
7633 7999
7637 8002
7636 8003
7642 8009
7651 8013
7655 8017
7669 8028
7709 8076
7720 8080
7719 8089
7721 8090
7724 8092
7727 8096
7737 8101
7740 8105
7751 8115
7758 8123
7764 8132
7784 8153
7785 8155
7794 8164
7802 8173
15186 8186
7809 8187
7803 8188
7817 8196
7818 8202
7828 8208
7830 8209
7833 8215
7835 8227
7852 8232
7853 8233
7856 8238
7859 8240
7871 8248
7864 8252
7875 8255
7878 8256
7879 8257
7880 8259
7881 8262
7886 8266
7889 8268
7890 8269
7892 8271
7896 8275
7901 8283
7909 8286
7905 8287
7906 8288
7900 8290
7913 8291
7912 8292
7925 8306
7926 8308
7936 8312
7937 8316
7932 8318
7942 8320
7948 8321
7944 8326
7950 8328
7949 8329
7953 8336
7951 8337
7956 8339
7962 8343
7955 8344
7959 8345
7960 8346
7964 8348
7958 8349
7974 8359
7968 8360
7973 8363
7978 8364
7976 8367
7979 8371
7981 8372
7984 8377
7989 8378
7985 8379
7986 8383
7998 8390
7995 8391
7996 8394
8002 8396
8001 8398
8000 8399
8005 8401
8010 8409
8016 8412
8019 8414
8020 8417
8025 8419
8021 8420
8026 8422
8029 8431
8030 8434
8034 8439
8035 8440
8033 8443
8036 8446
8042 8449
8044 8451
8046 8460
8048 8466
8052 8469
8057 8474
8060 8480
8072 8494
8084 8507
8075 8510
8090 8512
8097 8519
8110 8528
8112 8531
8108 8532
8109 8533
8124 8536
8114 8537
8122 8539
8121 8541
8125 8544
8133 8547
8126 8549
8131 8552
8130 8554
8134 8555
8140 8556
8143 8557
8137 8558
8138 8561
8149 8567
8150 8573
8155 8579
8154 8580
5707 8584
8163 8585
8165 8588
8164 8589
8178 8590
8168 8596
8166 8598
8181 8607
8192 8608
8183 8610
8184 8615
8195 8618
8197 8621
8202 8633
8204 8635
8212 8637
8207 8638
8224 8650
8227 8651
8225 8653
8235 8659
8239 8661
8237 8666
8234 8668
8242 8671
8250 8673
8243 8674
8251 8677
8245 8679
8249 8682
8253 8688
8268 8700
8271 8705
8277 8709
8283 8716
8287 8721
8304 8733
8308 8738
8320 8749
8319 8753
8333 8763
8351 8787
8365 8802
8383 8817
6001 8823
6002 8825
8396 8835
8397 8840
8415 8854
8420 8855
8421 8857
8428 8859
8425 8860
8427 8861
8429 8868
8430 8869
8440 8870
8431 8871
8432 8873
8451 8880
8443 8883
8455 8885
8458 8888
8465 8892
8460 8893
8457 8894
8464 8895
8466 8899
8469 8900
8471 8903
8474 8904
8482 8910
8483 8915
8486 8918
8472 8919
8496 8924
8498 8928
8499 8931
8490 8932
8513 8943
8512 8946
8528 8961
8537 8968
8545 8975
8556 8989
8565 8996
8567 9000
8568 9001
8572 9008
8574 9015
8577 9017
8578 9019
8584 9026
8585 9027
8587 9028
8589 9031
8591 9032
8592 9033
8588 9035
8594 9036
8596 9038
8597 9039
8599 9041
8602 9046
8607 9049
8606 9050
8609 9053
8610 9058
8612 9059
8617 9065
8613 9066
8619 9069
8622 9072
8624 9074
8626 9076
8625 9077
8628 9080
8630 9081
8629 9082
8631 9084
8636 9087
8638 9089
8647 9093
8646 9094
8640 9096
8643 9097
8649 9100
8652 9103
8653 9106
8655 9112
8661 9115
8660 9116
8663 9117
8664 9119
8670 9129
8673 9131
8676 9135
8678 9136
8682 9141
8681 9142
8683 9143
8684 9144
8692 9147
8693 9149
8694 9150
8697 9152
8699 9157
8700 9158
8704 9159
8702 9163
8706 9167
8715 9175
8718 9179
8720 9182
8723 9185
8726 9187
8727 9189
8731 9193
8732 9194
8730 9196
8738 9198
8744 9206
8748 9212
8750 9216
8754 9219
8757 9222
8759 9224
8770 9238
8784 9248
8780 9250
8785 9252
8786 9254
8787 9258
8799 9265
8800 9267
8805 9274
8806 9275
8815 9285
8812 9286
8818 9287
8824 9297
8826 9299
8827 9300
8829 9303
8830 9304
8833 9306
8834 9307
8839 9311
8840 9315
8842 9321
8844 9324
8845 9325
8846 9326
8848 9327
8849 9332
8852 9335
8856 9337
8855 9338
8858 9340
8859 9341
8857 9343
8861 9345
8864 9349
8869 9351
8865 9353
8868 9355
8871 9360
8875 9364
8877 9367
8878 9368
8880 9371
8886 9378
8888 9379
8889 9382
8893 9387
8892 9388
8894 9389
8897 9394
8898 9397
8899 9398
8902 9399
8901 9401
8904 9407
8907 9408
8915 9420
8918 9422
8920 9423
8921 9426
8928 9436
8932 9440
8935 9441
8934 9444
8938 9448
8940 9450
8943 9452
8942 9454
8947 9456
8949 9460
8950 9461
8951 9462
8952 9463
8955 9467
8960 9468
8961 9473
8963 9476
8965 9477
8967 9478
8969 9479
8968 9481
8972 9483
8978 9487
8975 9488
8979 9490
8983 9494
8986 9498
8987 9499
8989 9501
8990 9504
8992 9505
8997 9511
8995 9512
9000 9513
9005 9518
9006 9523
9011 9527
9013 9528
9016 9530
9017 9531
9012 9532
9019 9533
9020 9539
9022 9542
9029 9545
9031 9547
9034 9549
9033 9550
9041 9553
9037 9555
9035 9557
9038 9558
9042 9561
9043 9565
9045 9566
9049 9567
9047 9569
9048 9570
9051 9573
9057 9577
9058 9578
9061 9581
9062 9583
9066 9584
9064 9586
9065 9588
9070 9596
9074 9598
9076 9601
9078 9603
9081 9608
9089 9620
9104 9634
9107 9642
9129 9670
9140 9688
9143 9692
9150 9700
9152 9704
9160 9712
9168 9718
9169 9719
9170 9720
9174 9726
9181 9733
9186 9736
9189 9737
9187 9738
9194 9746
9202 9755
9203 9756
9216 9770
9225 9774
9252 9819
9260 9820
9279 9842
9311 9875
9310 9877
9317 9892
9345 9921
9348 9926
9350 9928
9355 9936
9366 9949
9371 9954
9377 9957
9400 9995
9407 10002
9416 10012
9417 10014
9427 10028
9431 10039
9433 10043
9439 10044
9436 10045
9443 10049
9448 10057
9453 10059
9444 10061
9462 10080
9479 10090
9476 10091
9477 10092
9485 10094
9484 10095
9486 10100
9490 10101
9491 10102
9496 10107
9494 10111
9499 10114
9502 10118
9509 10121
9510 10123
9520 10133
9529 10141
9537 10147
9546 10152
9541 10154
9550 10160
9562 10170
9567 10175
9627 10217
9657 10242
9655 10249
9670 10257
9683 10268
9681 10272
9697 10280
9692 10287
9705 10294
9706 10296
9710 10298
9717 10307
9718 10308
9723 10315
9732 10325
9735 10328
9729 10329
9740 10331
9738 10334
9743 10335
9745 10338
9748 10340
9750 10341
9751 10342
9752 10344
9754 10347
9761 10349
9758 10350
9762 10351
9763 10353
9770 10360
9774 10361
9780 10366
9812 10394
9820 10413
9831 10429
9855 10448
9863 10457
9870 10458
9884 10477
9893 10488
9897 10492
9903 10497
9904 10498
9910 10504
9900 10505
9919 10513
9906 10517
9927 10525
9931 10531
9936 10535
9937 10536
9940 10541
9945 10547
9951 10549
9955 10553
9960 10560
9959 10561
9962 10565
9970 10568
9968 10572
9972 10573
9974 10575
9975 10576
9984 10588
9987 10591
9988 10593
9990 10596
9992 10599
9995 10602
9993 10603
9997 10604
9998 10607
9999 10608
10006 10611
10008 10612
10014 10616
10009 10617
10018 10620
10021 10621
10024 10628
10028 10629
10029 10631
10027 10632
10031 10636
10035 10638
10033 10640
10034 10641
10037 10642
10038 10643
10039 10646
10043 10650
10042 10651
10044 10652
10047 10658
10051 10660
10046 10661
10048 10662
10054 10663
10049 10664
10050 10667
10056 10669
10058 10670
10059 10672
10061 10677
10067 10679
10063 10680
10068 10681
10069 10683
10074 10684
10078 10688
10075 10690
10077 10693
10079 10696
10082 10697
10088 10698
10083 10699
10084 10702
10089 10705
10090 10706
10092 10707
10096 10713
10097 10715
10099 10716
10101 10718
10100 10719
10102 10722
10107 10725
10108 10726
10109 10727
10106 10728
10111 10730
10112 10732
10118 10736
10115 10738
10122 10740
10117 10741
10126 10749
10128 10752
10130 10754
10139 10758
10156 10776
10160 10780
10170 10787
10168 10788
10173 10791
10187 10803
10185 10804
10188 10805
10190 10806
10192 10808
10195 10812
10207 10815
10201 10822
10208 10823
10204 10825
10205 10827
10209 10830
10210 10831
10217 10835
10219 10839
10221 10840
10224 10841
10233 10843
10227 10844
10228 10845
10241 10847
10231 10848
10232 10849
10240 10856
10243 10858
10252 10859
10244 10860
10245 10862
10246 10864
10251 10866
10257 10867
10262 10872
10263 10874
10261 10876
10267 10877
10264 10878
10266 10880
10269 10884
10272 10887
10278 10889
10277 10893
10285 10895
10280 10897
10286 10899
10290 10900
10291 10904
10287 10905
10288 10906
10299 10909
10294 10912
10295 10915
10301 10916
10303 10917
10302 10920
10311 10924
10315 10927
10317 10930
10321 10935
10324 10939
10325 10940
10333 10950
10336 10952
10344 10960
10354 10968
10351 10969
10361 10975
10359 10977
10374 10992
10378 10995
10387 11005
10412 11035
10415 11036
10417 11038
10432 11055
10434 11056
10435 11058
10436 11059
10438 11060
10445 11061
10442 11062
10447 11067
10440 11068
10454 11070
10456 11071
10448 11072
10450 11073
10457 11074
10455 11075
10451 11076
10460 11078
10458 11079
10459 11081
10462 11082
10464 11084
10470 11086
10469 11087
10473 11090
10465 11091
10468 11092
10476 11094
10481 11104
10491 11109
10496 11115
10499 11117
10501 11121
10502 11122
10503 11124
10506 11129
10509 11131
10510 11133
10511 11134
10514 11137
10513 11138
10518 11139
10517 11141
10519 11144
10526 11152
10527 11153
10528 11155
10531 11159
10532 11160
10535 11163
10536 11164
10537 11165
10540 11167
10541 11168
10539 11170
10542 11171
10543 11172
10546 11173
10547 11175
10549 11179
10555 11182
10553 11184
10556 11185
10559 11189
10563 11191
10562 11192
10565 11194
10568 11196
10569 11197
10567 11199
10572 11200
10574 11202
10575 11205
10578 11206
10576 11207
10581 11208
10582 11209
10579 11211
10580 11213
10584 11214
10586 11215
10589 11219
10592 11220
10591 11221
10595 11223
10596 11225
10598 11228
10604 11229
10608 11234
10610 11238
10613 11241
10614 11242
10621 11246
10622 11248
10623 11249
10624 11250
10629 11254
10628 11255
10632 11259
10643 11269
10644 11272
10646 11273
10647 11275
10654 11283
10657 11284
10655 11285
10658 11287
10659 11290
10662 11292
10665 11294
10668 11297
10669 11299
10671 11300
10670 11301
10673 11305
10675 11306
10682 11312
10680 11313
10681 11314
10684 11317
10686 11321
10689 11322
10690 11323
10691 11324
10693 11327
10699 11332
10701 11334
10703 11337
10709 11340
10708 11343
10711 11344
10713 11347
10715 11348
10716 11349
10714 11350
10719 11352
10718 11356
10722 11360
10725 11362
10726 11363
10729 11365
10727 11366
10730 11370
10733 11371
10734 11372
10735 11373
10732 11374
10736 11375
10739 11376
10742 11379
10743 11381
10744 11382
10745 11384
10746 11385
10751 11390
10750 11391
10752 11392
10754 11394
10755 11395
10756 11397
10758 11398
10757 11399
10759 11400
10760 11401
10764 11402
10766 11404
10768 11406
10772 11410
10773 11411
10776 11413
10774 11414
10771 11415
10780 11421
10781 11424
10783 11425
10784 11426
10782 11428
10786 11429
10788 11432
10795 11446
10797 11448
10798 11449
10799 11451
10804 11456
10808 11458
10810 11459
10814 11466
10822 11474
10823 11476
10821 11477
10830 11485
10835 11495
10845 11505
10846 11508
10857 11518
10858 11519
10861 11521
10862 11525
10865 11529
10870 11533
10873 11538
10878 11541
10875 11543
10880 11548
10881 11549
10885 11553
10889 11558
10892 11564
10901 11577
10926 11615
10932 11617
10945 11630
10950 11639
10960 11645
10966 11652
10971 11658
10973 11659
10974 11663
10978 11665
10980 11670
10985 11672
10984 11674
11003 11705
11005 11710
11007 11714
11010 11715
11013 11724
11017 11729
11027 11740
11025 11743
11029 11747
11034 11758
11038 11765
11043 11768
11045 11769
11046 11771
11047 11772
11055 11776
11053 11778
11056 11779
11059 11784
11062 11786
11067 11787
11064 11788
11069 11793
11073 11794
11078 11800
11084 11803
11082 11804
11089 11809
11094 11812
11105 11816
11104 11818
11112 11821
11120 11827
11126 11833
11130 11836
11155 11854
11158 11857
11156 11858
11168 11863
11176 11868
11178 11870
11174 11873
11179 11875
11183 11879
11186 11881
11189 11883
11191 11884
11194 11886
11195 11889
11199 11893
11202 11895
11204 11897
11206 11898
11209 11900
11210 11901
11213 11904
11214 11906
11223 11914
11225 11917
11226 11918
11229 11921
11230 11922
11236 11923
11234 11924
11235 11925
11240 11929
11243 11931
11247 11935
11248 11936
11254 11942
11255 11943
11257 11946
11261 11955
11262 11958
11275 11965
11276 11968
11278 11969
11282 11973
11286 11978
11283 11979
11296 11984
11292 11985
11300 11991
11310 11998
11317 12008
11318 12011
11331 12018
11336 12027
11338 12032
11345 12038
11346 12039
11347 12040
11351 12044
11353 12049
11354 12050
11357 12053
11362 12057
11364 12058
11369 12061
11372 12064
11374 12066
11379 12070
11375 12071
11380 12072
11383 12073
11393 12081
11396 12083
11397 12084
11398 12085
11400 12086
11395 12087
11402 12091
11405 12093
11408 12095
11411 12096
11409 12097
11410 12098
11406 12099
11412 12101
11415 12102
11413 12103
11419 12110
11420 12111
11421 12112
11427 12114
11426 12115
11423 12116
11428 12118
11429 12121
11435 12122
11432 12123
11433 12126
11438 12128
11442 12129
11443 12131
11445 12132
11451 12137
11453 12139
11452 12142
11457 12145
11456 12146
11460 12147
11458 12148
11467 12151
11472 12161
11471 12162
11473 12164
11477 12167
11484 12177
11496 12190
11499 12193
11500 12196
11502 12201
11505 12204
11508 12205
11509 12206
11510 12209
11511 12210
11519 12213
11516 12214
11514 12215
11518 12217
11522 12221
11524 12224
11523 12225
11537 12229
11531 12230
11532 12231
11529 12232
11536 12235
11540 12239
11547 12241
11541 12242
11544 12243
11542 12244
11551 12251
11555 12252
11552 12253
11554 12254
11559 12259
11566 12264
11568 12267
11571 12271
11578 12277
11580 12279
11592 12288
11594 12293
11599 12297
11600 12298
11605 12301
11612 12307
11620 12316
11624 12322
11627 12326
11630 12328
11631 12329
11633 12333
11647 12342
11651 12345
11653 12348
11656 12350
11657 12351
11658 12352
11660 12353
11661 12355
11664 12358
11673 12366
11693 12395
11694 12396
11696 12400
11702 12405
11703 12406
11700 12408
11705 12409
11704 12410
11710 12414
11720 12420
11721 12423
11725 12426
11726 12428
11727 12431
11732 12434
11738 12442
11739 12444
11741 12445
11740 12446
11743 12447
11749 12451
11752 12453
11750 12454
11751 12455
11753 12456
11754 12457
11755 12458
11757 12461
11758 12462
11759 12465
11761 12467
11764 12469
11766 12471
11767 12472
11772 12479
11774 12480
11776 12482
11778 12483
11777 12484
11782 12487
11789 12490
11786 12491
11784 12492
11787 12493
11800 12503
11799 12504
11798 12505
11807 12510
11812 12513
11815 12518
11816 12519
11820 12523
11824 12527
11827 12530
11834 12537
11836 12540
11838 12543
11840 12545
11845 12551
11851 12556
11856 12560
11866 12566
11870 12569
11873 12574
11875 12575
11877 12578
11878 12579
11882 12583
11883 12584
11881 12585
11884 12586
11886 12587
11885 12588
11893 12591
11894 12593
11895 12594
11901 12600
11902 12601
11904 12602
11907 12608
11909 12609
11915 12612
11916 12613
11913 12614
11914 12616
11919 12617
11920 12620
11924 12622
11921 12623
11925 12627
11927 12629
11934 12632
11932 12633
11941 12640
11938 12641
11944 12646
11945 12647
11946 12648
11947 12650
11948 12653
11950 12655
11955 12661
11958 12665
11960 12666
11966 12673
11968 12678
11969 12679
11973 12683
11981 12688
11984 12691
11989 12698
11990 12699
11996 12709
11998 12710
11999 12712
12002 12715
12004 12719
12006 12720
12020 12737
12024 12742
12035 12757
12050 12772
12058 12783
12066 12789
12075 12800
12078 12804
12086 12808
12092 12815
12111 12838
12123 12855
12140 12872
12141 12878
12144 12881
12151 12890
12153 12894
12158 12899
12163 12904
12166 12906
12175 12912
12184 12917
12194 12926
12199 12930
12223 12950
12229 12954
12254 12980
12265 12985
12269 12990
12270 12991
12280 13000
12293 13019
12297 13020
12300 13022
12304 13028
12305 13029
12312 13036
12321 13043
12324 13047
12326 13048
12331 13051
12336 13056
12337 13058
12338 13059
12343 13064
12353 13072
12356 13074
12378 13102
12401 13116
12400 13117
12404 13119
12406 13121
12413 13124
12407 13126
12415 13127
12418 13131
12419 13133
12424 13135
12425 13136
12432 13141
12433 13143
12438 13153
12444 13157
12451 13161
12455 13165
12460 13171
12464 13173
12465 13174
12466 13176
12468 13179
12474 13183
12477 13185
12480 13186
12476 13187
12481 13189
12484 13194
12489 13199
12491 13201
12497 13211
12498 13212
12500 13213
12501 13214
12504 13215
12507 13217
12506 13218
12509 13220
12510 13223
12514 13224
12511 13225
12515 13226
12516 13227
12518 13229
12517 13230
12519 13231
12524 13234
12525 13236
12530 13237
12533 13239
12534 13241
12537 13247
12541 13250
12543 13255
12547 13261
12566 13281
12567 13283
12577 13292
12581 13296
12583 13298
12588 13304
12586 13305
12587 13306
12589 13307
12592 13312
12594 13313
12600 13319
12606 13321
12604 13324
12614 13330
12610 13331
12617 13339
12616 13340
12622 13342
12620 13344
12637 13355
12639 13357
12648 13364
12655 13369
12660 13375
12667 13378
12668 13382
12673 13387
12674 13391
12680 13399
12684 13401
12686 13402
12687 13404
12688 13407
12689 13408
12694 13412
12695 13415
12698 13416
12703 13421
12704 13423
12708 13426
12711 13429
12720 13433
12727 13435
12732 13442
12739 13446
12742 13448
12747 13452
12748 13453
12751 13455
12754 13457
12756 13459
12757 13461
12758 13462
12760 13464
12761 13466
12764 13468
12771 13475
12772 13476
12775 13479
12776 13481
12781 13485
12787 13491
12788 13492
12789 13493
12790 13495
12793 13498
12794 13499
12802 13508
12803 13510
12804 13511
12808 13515
12810 13518
12813 13522
12820 13530
12822 13532
12823 13533
12829 13541
12832 13544
12837 13550
12840 13552
12849 13561
12853 13566
12865 13576
12866 13577
12872 13583
12874 13585
12880 13593
12885 13598
12888 13599
12895 13610
12910 13625
12915 13633
12918 13637
12921 13638
12930 13647
12936 13653
12942 13658
12940 13659
12943 13661
12956 13676
12957 13678
12959 13680
12966 13684
13022 13728
13028 13732
13029 13733
13034 13736
13032 13737
13037 13740
13042 13743
13045 13749
13046 13750
13064 13769
13070 13771
13067 13772
13088 13790
13091 13792
13099 13796
13104 13800
13103 13801
13105 13803
13121 13815
13122 13816
13124 13818
13125 13819
13126 13821
13128 13822
13130 13824
13132 13826
13134 13828
13133 13829
13137 13831
13140 13832
13143 13836
13146 13838
13148 13840
13158 13852
13160 13855
13162 13859
13164 13864
13166 13865
13170 13868
13171 13870
13174 13875
13178 13877
13192 13894
13196 13896
13200 13900
13204 13902
13202 13903
13219 13921
13222 13924
13221 13925
13224 13927
13242 13956
13245 13960
13247 13961
13248 13962
13249 13964
13251 13966
13255 13972
13260 13979
13262 13981
13266 13985
13268 13986
13270 13989
13272 13991
13278 13997
13355 14054
13360 14064
13381 14084
13393 14095
13500 14181
13554 14228
13567 14241
13599 14272
13611 14285
13617 14290
13621 14298
13629 14307
13628 14308
13635 14315
13637 14317
13641 14319
13646 14327
13652 14331
13665 14343
13670 14348
13677 14354
13681 14356
13683 14358
13682 14362
13691 14366
13701 14377
13713 14386
13716 14393
13719 14394
13721 14396
13728 14406
13729 14407
13821 14486
13831 14497
13839 14507
13842 14510
13851 14519
14383 14685
14075 14714
14218 14829
14479 15137
14583 15199
14737 15239
14684 15368
14712 15412
14779 15481
14887 15645
15083 15678
16170 15729
15157 15853
15153 15874
15296 15942
15225 16008
15335 16049
15034 16087
15429 16152
15842 16188
15642 16310
15526 16314
4943 16335
15582 16341
15763 16368
15546 16371
15709 16383
15648 16412
15686 16444
15731 16488
15488 16506
15802 16535
15762 16566
15693 16573
15705 16596
15784 16597
15860 16620
15924 16690
15867 16692
15989 16739
16020 16753
15992 16787
16081 16853
16153 16864
16192 16936
16215 16994
16234 17023
16238 17041
0 2
146
916 1626
1225 1768
3696 3295
3722 3331
3730 3341
3738 3350
4387 3935
4696 4154
4712 4163
4774 4211
4980 4403
5024 4453
5644 5131
5724 5247
5728 5251
5734 5265
5876 5470
6747 7034
6867 7138
6961 7203
7466 7764
7574 7912
7773 8091
7821 8130
7840 8150
7893 8184
7976 8272
7979 8276
8056 8351
8059 8357
8070 8367
8137 8426
8155 8446
8176 8465
8184 8478
8245 8534
8264 8549
8699 9389
9034 9688
9046 9692
9047 9695
9056 9701
9089 9751
9140 9783
9152 9792
9160 9798
9189 9824
9541 10191
9681 10368
9916 10576
9928 10589
9959 10616
9967 10619
9988 10634
10008 10653
10014 10656
10024 10665
10037 10681
10046 10689
10048 10690
10069 10708
10079 10719
10102 10739
10113 10749
8050 10770
10141 10772
10150 10784
10221 10856
10287 10914
10538 11362
10699 11512
10774 11585
10783 11597
10795 11601
10797 11607
10803 11612
10804 11618
10810 11620
10811 11621
10814 11624
10821 11625
10823 11633
10827 11634
10846 11648
11185 12037
11354 12187
11369 12191
11381 12201
11379 12202
11380 12203
11393 12212
11395 12214
11396 12217
11397 12218
11398 12219
11400 12221
11410 12226
11413 12232
11423 12245
11429 12250
11433 12253
11443 12266
11445 12272
11452 12281
11459 12286
11475 12300
11478 12305
11505 12343
11514 12351
11518 12355
11522 12362
11541 12381
11777 12956
11803 12993
11806 13004
11807 13005
11944 13182
11950 13193
11966 13207
11965 13209
12411 13810
12427 13825
12476 13862
12491 13875
12497 13877
12500 13879
12501 13882
12506 13884
12511 13888
12517 13892
12519 13894
12530 13903
12577 13941
12583 13947
12594 13967
12610 13984
12709 14081
12754 14242
12796 14306
13075 14614
13097 14637
13255 14874
13926 15528
13931 15531
14027 16751
11415 17107
0 4
36
8979 5610
9959 6715
10024 6770
10058 6809
10195 7004
10213 7020
10592 7620
10699 7737
10711 7748
10730 7774
10804 7843
10827 7859
11051 8131
11357 8463
11391 8482
11400 8489
11398 8492
11396 8494
11397 8495
11443 8539
11505 8614
11522 8635
11544 8660
11746 9167
12476 9927
12506 9958
12519 9974
12530 9994
12583 10052
12754 10378
12761 10388
12802 10451
12810 10466
13105 10710
13133 10738
13132 10740
0 8
94
3722 4010
7802 4575
4795 4814
5084 5025
5104 5044
5121 5059
5142 5071
5777 5734
7817 8772
7906 8855
7905 8856
7936 8876
7953 8896
7979 8950
8000 8985
8084 9096
8245 9266
9718 11552
9723 11558
9821 11659
9863 11684
9959 11765
9968 11772
9974 11774
9975 11776
9987 11781
9990 11785
9997 11791
10008 11794
10014 11800
10016 11809
10024 11813
10032 11817
10034 11826
10044 11834
10051 11835
10046 11839
10067 11853
10068 11856
10077 11871
10088 11878
10160 11967
10222 12035
10272 12104
10291 12114
10287 12115
11178 13366
11204 13406
11210 13417
11230 13440
11317 13522
11345 13547
11351 13550
11374 13564
11379 13566
11380 13567
11383 13569
11396 13575
11397 13576
11398 13578
11400 13581
11395 13584
11405 13585
11415 13595
11412 13596
11413 13598
11428 13609
11423 13610
11429 13615
11442 13625
11445 13630
11451 13636
11453 13639
11518 13729
11524 13742
12444 15231
12460 15246
12474 15254
12480 15259
12476 15260
12489 15265
12491 15266
12501 15275
12506 15280
12514 15283
12518 15286
12517 15288
12519 15292
12524 15295
12530 15303
12577 15380
13124 16104
13132 16111
13839 16877
0 12
211
3696 3262
3722 3288
3730 3304
3758 3323
4590 3844
4740 3938
4900 4058
4980 4123
5055 4184
5065 4192
5073 4196
5101 4221
5159 4261
5308 4374
5333 4397
5355 4415
5384 4441
5644 4723
5734 4842
5876 5028
5910 5104
6575 6653
6721 6765
6747 6782
6767 6800
6780 6813
6822 6838
6833 6848
6836 6851
6855 6857
6897 6900
6961 6935
6970 6941
7003 6971
7260 7223
7569 7565
7746 7738
7840 7829
7905 7883
7936 7907
7939 7912
7969 7946
7979 7954
7981 7959
8036 8027
8045 8039
8134 8120
8155 8144
8166 8158
8234 8216
8245 8228
8718 9253
8920 9435
8969 9486
8992 9508
8997 9516
9015 9536
9031 9549
9046 9564
9047 9568
9064 9588
9074 9597
9081 9608
9089 9611
9140 9652
9150 9657
9152 9658
9160 9665
9202 9702
9219 9713
9846 10369
9959 10464
9967 10468
9968 10469
9972 10470
9998 10494
10008 10499
10014 10503
10016 10506
10024 10512
10034 10524
10037 10527
10044 10531
10046 10532
10048 10533
10050 10534
10056 10539
10059 10545
10063 10549
10067 10557
10079 10564
10083 10573
10102 10597
10113 10611
10141 10640
10193 10690
10210 10706
10221 10718
10222 10721
10240 10737
10254 10756
10287 10780
10711 11369
10745 11413
10752 11419
10759 11425
10768 11431
10774 11438
10783 11448
10784 11452
10795 11460
10803 11463
10797 11464
10804 11467
10799 11469
10811 11474
10808 11477
10805 11481
10823 11488
10821 11489
10827 11491
10846 11514
10885 11543
11047 11738
11185 11898
11316 12027
11345 12052
11354 12059
11357 12063
11369 12066
11370 12071
11379 12078
11380 12079
11383 12080
11393 12084
11396 12087
11397 12088
11398 12089
11395 12090
11400 12091
11410 12100
11406 12101
11413 12106
11421 12116
11423 12118
11429 12123
11432 12126
11433 12127
11443 12137
11445 12143
11459 12162
11478 12183
11514 12231
11518 12234
11522 12242
11541 12262
11663 12391
12643 12435
11806 12858
11885 12979
11924 13019
11941 13039
11944 13043
11950 13045
11946 13046
11965 13068
11966 13070
11969 13074
11984 13085
12353 13636
12431 13696
12460 13720
12476 13727
12480 13728
12489 13733
12491 13735
12497 13739
12500 13742
12501 13743
12506 13746
12511 13749
12517 13756
12519 13759
12521 13760
12524 13764
12530 13770
12534 13777
12577 13812
12583 13816
12594 13838
12610 13853
12630 13875
12641 13883
12709 13952
12732 14060
12788 14133
12839 14206
12840 14207
13124 14499
13130 14504
13132 14505
13170 14546
13182 14558
13255 14720
13662 15160
13729 15234
13803 15314
13926 15465
14027 16293
15762 16823
16212 17263
0 16
15
7928 11386
7739 14674
10088 16094
9972 16225
9959 16238
9974 16240
11415 19284
11398 19307
11397 19319
11396 19321
11380 19331
11379 19337
11369 19340
11351 19371
13125 22580
0 53
60
7567 1804
7578 1823
7833 2079
7905 2178
8242 2718
8871 3905
6747 4092
6768 4109
6795 4140
6822 4168
6833 4181
6836 4187
7712 5247
8264 6028
8731 6698
9019 7067
9048 7099
9064 7126
9181 7279
9194 7295
11289 8037
10016 8225
10222 8557
10324 8696
10748 9274
10774 9302
10781 9313
10797 9330
10799 9333
10821 9358
10822 9359
10830 9373
11199 9811
11230 9841
11278 9888
12432 9923
12446 9952
11400 10003
11406 10011
11415 10016
11445 10047
11453 10056
11524 10149
11660 10296
11885 10842
11895 10852
11910 10871
11941 10914
11944 10917
11966 10955
12476 11632
12500 11649
12501 11650
12506 11658
12517 11667
12519 11669
12583 11766
13160 12568
15762 15068
15900 15104
0 54
46
6721 5065
6768 5135
6780 5155
6786 5161
6809 5186
6865 5279
6958 5416
6976 5444
6978 5451
6992 5474
7022 5525
8731 8009
8992 8396
9019 8440
9020 8448
9022 8451
9033 8458
9047 8481
9070 8519
9105 8596
9107 8602
9150 8665
9181 8708
9186 8720
9189 8724
9194 8739
9202 8755
10572 10624
10745 10840
10752 10855
10757 10861
10774 10876
10786 10892
10795 10902
10797 10907
10799 10909
10808 10914
10819 10938
10835 10963
11885 12380
11895 12387
11924 12416
11920 12417
11941 12442
14779 15122
15435 15243
0 55
18
6786 5551
6809 5571
6833 5616
6976 5890
6992 5935
7022 5998
8632 8484
9064 9149
9063 9152
9169 9342
9202 9408
10527 11193
10799 11522
10819 11552
10862 11617
10885 11656
11941 12950
12506 13629
1 2
131
1238 1799
3749 3307
3765 3318
3768 3331
4545 3950
4704 4067
4712 4068
4819 4174
5089 4396
5108 4403
5134 4429
5131 4431
5144 4446
5161 4453
5182 4468
5212 4498
5858 5221
6464 6653
6763 6854
6780 6867
7010 7034
7136 7138
7250 7203
7848 7790
8160 8085
8297 8182
8367 8272
8371 8276
8379 8280
8386 8289
8579 8446
8679 8534
9337 9510
9367 9538
9569 9695
9584 9720
9603 9736
9607 9742
9704 9792
9712 9798
10272 10368
10561 10616
10585 10625
10604 10641
10612 10653
10616 10656
10625 10660
10628 10665
10641 10678
10652 10685
10661 10689
10662 10690
10669 10700
10677 10703
10683 10708
10696 10719
10699 10724
10807 10830
10840 10856
10905 10914
11317 11491
11358 11531
11414 11585
11425 11597
11446 11601
11448 11607
11455 11612
11456 11618
11461 11623
11466 11624
11477 11625
11508 11648
11883 12042
12061 12191
12070 12202
12072 12203
12073 12205
12081 12212
12087 12214
12083 12217
12084 12218
12086 12221
12098 12226
12099 12227
12101 12231
12103 12232
12102 12236
12116 12245
12119 12248
12121 12250
12123 12252
12126 12253
12127 12259
12128 12260
12137 12280
12215 12351
12217 12355
12221 12362
12243 12385
12452 12909
12484 12956
12555 13068
12574 13100
12646 13182
12650 13190
12655 13193
12673 13207
13187 13862
13201 13875
13211 13877
13213 13879
13214 13882
13218 13884
13225 13888
13226 13891
13230 13892
13231 13894
13237 13903
13241 13909
13292 13941
13298 13947
13313 13967
13472 14267
13479 14276
13824 14652
13964 14864
13972 14874
14113 15072
14142 15099
16626 16781
12102 17107
1 4
19
10366 6579
10561 6715
10628 6770
10670 6809
10791 6980
10803 7003
10812 7004
11220 7620
11401 7807
11425 7826
12126 8531
12127 8538
12204 8614
12452 9167
13186 9937
13230 9972
13231 9974
13803 10710
13826 10740
1 8
286
1837 2792
3768 4010
4000 4167
4487 4533
8173 4575
4926 4834
4995 4872
5008 4893
5074 4923
5142 4965
5108 4966
5168 4996
5176 5004
5171 5009
5210 5026
5202 5035
5241 5059
5276 5081
6001 5799
6813 7311
6938 7426
7010 7487
7070 7561
7099 7593
7136 7633
7250 7741
7258 7751
7281 7772
7299 7794
7302 7795
7310 7811
7399 7882
7586 8109
7655 8202
7713 8268
7920 8517
7934 8532
8003 8609
8173 8757
8196 8772
8215 8789
8232 8814
8288 8855
8298 8864
8307 8874
8312 8876
8330 8899
8371 8950
8372 8954
8379 8959
8394 8976
8416 9004
8507 9096
8671 9255
8679 9266
9149 10324
9533 10649
9590 10722
9586 10723
9585 10725
9596 10726
9619 10764
9623 10775
9658 10816
9676 10831
9679 10833
9692 10847
9700 10854
9704 10857
9706 10860
9712 10867
9718 10870
9730 10886
9733 10887
9737 10900
9746 10914
9757 10929
9770 10940
9775 10942
9808 10971
10024 11232
10064 11276
10239 11473
10272 11510
10308 11552
10414 11659
10457 11684
10488 11707
10542 11751
10561 11765
10565 11767
10566 11771
10575 11774
10576 11776
10596 11785
10607 11790
10604 11791
10612 11794
10611 11797
10608 11798
10616 11800
10621 11807
10625 11809
10628 11813
10632 11815
10639 11817
10642 11825
10641 11826
10651 11830
10652 11834
10660 11835
10663 11838
10661 11839
10667 11847
10669 11849
10679 11853
10681 11856
10677 11857
10693 11871
10698 11878
10725 11907
10780 11967
10804 11998
10807 12004
10831 12027
10849 12052
10887 12104
10904 12114
10905 12115
10906 12116
10915 12121
10917 12124
11093 12336
11167 12562
11289 12664
11402 12791
11421 12811
11419 12814
11424 12817
11426 12821
11429 12825
11436 12829
11441 12833
11446 12834
11448 12835
11447 12843
11451 12847
11458 12855
11457 12857
11467 12864
11473 12872
11474 12873
11472 12876
11485 12894
11495 12904
11500 12913
11499 12914
11508 12922
11515 12939
11521 12943
11525 12948
11528 12954
11533 12958
11538 12963
11549 12972
11547 12976
11550 12979
11553 12983
11556 12985
11567 12994
11570 12998
11572 13006
11583 13015
11897 13406
11901 13417
11918 13433
11922 13440
12008 13522
12018 13531
12027 13537
12038 13547
12044 13550
12049 13556
12053 13559
12064 13563
12066 13564
12070 13566
12072 13567
12073 13569
12083 13575
12084 13576
12085 13578
12086 13581
12087 13584
12093 13585
12099 13592
12102 13595
12101 13596
12104 13597
12103 13598
12118 13609
12116 13610
12121 13615
12127 13619
12132 13630
12137 13636
12139 13639
12217 13729
12219 13735
12239 13760
12279 13799
12370 13907
12620 14457
12628 14464
12640 14489
12644 14491
12646 14495
12645 14500
12648 14501
12662 14515
12665 14529
12666 14530
12668 14533
12673 14540
12679 14552
12684 14562
12691 14569
12698 14582
12701 14584
12704 14587
12707 14591
12708 14593
12710 14595
12712 14597
12715 14606
12716 14614
12721 14617
12731 14632
12734 14635
12733 14637
12743 14649
13118 15202
13141 15219
13157 15231
13171 15246
13183 15254
13186 15259
13187 15260
13199 15265
13201 15266
13215 15272
13214 15275
13218 15280
13224 15283
13225 15285
13229 15286
13230 15288
13231 15292
13234 15295
13237 15303
12191 15340
13292 15380
13298 15388
13331 15431
13344 15439
13554 15785
13552 15786
13553 15787
13566 15801
13568 15802
13574 15807
13576 15811
13580 15817
13585 15827
13587 15830
13604 15848
13801 16092
13818 16104
13824 16109
13826 16111
14011 16388
14013 16390
14021 16399
15481 17062
16566 18791
16815 19399
1 12
154
3308 2944
3785 3304
3813 3320
4819 3930
5108 4123
6763 6603
6836 6653
6917 6714
7010 6782
7052 6821
7070 6827
7099 6848
7102 6851
7136 6871
7250 6935
7258 6941
7302 6973
7930 7573
8017 7676
8180 7773
8183 7774
8198 7784
8287 7883
8318 7908
8371 7954
8379 7963
8598 8158
8679 8228
9337 9363
9388 9408
9499 9506
9550 9548
9569 9568
9586 9588
9590 9590
9608 9608
9619 9615
9688 9652
9692 9654
9700 9657
9704 9658
9712 9665
9977 9878
9986 9883
10065 9935
10360 10312
10366 10323
10493 10396
10523 10424
10561 10464
10573 10470
10604 10492
10607 10494
10612 10499
10616 10503
10625 10506
10640 10520
10641 10524
10639 10526
10651 10529
10652 10531
10662 10533
10660 10538
10672 10545
10677 10546
10686 10554
10690 10561
10696 10564
10699 10573
10722 10597
10807 10690
10831 10706
10840 10718
10905 10780
11304 11335
11358 11388
11384 11413
11400 11425
11414 11438
11426 11452
11446 11460
11448 11464
11451 11469
11458 11477
11457 11481
11508 11514
11524 11525
11553 11543
11772 11738
11883 11902
12015 12027
12061 12066
12070 12078
12072 12079
12073 12080
12081 12084
12083 12087
12084 12088
12085 12089
12087 12090
12086 12091
12098 12100
12099 12101
12101 12105
12103 12106
12102 12110
12111 12114
12112 12116
12116 12118
12119 12119
12121 12123
12123 12126
12126 12127
12127 12133
12215 12231
12217 12234
12221 12242
12243 12268
12356 12391
12574 12963
12620 13015
12622 13019
12640 13039
12646 13043
12648 13046
12673 13070
12679 13074
12691 13085
13028 13576
13171 13720
13183 13726
13186 13728
13199 13733
13201 13735
13211 13739
13213 13742
13214 13743
13218 13746
13225 13749
13226 13753
13230 13756
13231 13759
13237 13770
13241 13777
13292 13812
13298 13816
13313 13838
13427 13952
13516 14161
13816 14495
13824 14504
13826 14505
16566 16823
12102 17133
1 16
19
6991 12278
10621 16178
10612 16189
10573 16225
10572 16228
10561 16238
10575 16240
12102 19284
12085 19307
12084 19319
12083 19321
12072 19331
12070 19337
12073 19338
12061 19340
7052 20785
13199 21582
13176 21596
13819 22580
1 52
20
6830 856
9348 3032
9979 3620
9986 3628
9991 3635
9995 3640
10065 3702
10067 3703
11682 5959
11699 5975
11737 6027
11750 6042
11755 6046
11763 6052
11156 7340
11292 7458
11911 7942
13218 9521
13232 9530
12102 12347
1 53
73
2607 1520
2804 1574
3753 1807
3796 1815
7934 1818
7937 1823
8173 2042
8215 2079
4697 2125
8532 2562
8555 2587
8671 2718
7601 4653
7602 4661
7604 4664
7611 4670
7617 4679
7684 4762
7706 4787
8224 5412
8290 5488
10611 6193
9977 7503
9979 7506
9984 7510
9986 7511
9991 7524
9995 7526
10020 7546
10043 7563
10040 7566
10061 7584
10067 7593
10524 8123
10539 8147
10543 8156
10849 8573
10904 8647
10917 8663
10939 8696
11656 9527
11669 9539
11678 9548
11690 9556
11694 9562
11704 9577
11721 9594
11731 9603
11750 9626
11757 9638
11763 9645
11893 9811
11922 9841
12014 9938
12099 10011
12102 10016
12115 10024
12209 10134
12224 10149
12218 10150
12221 10151
12821 11135
12888 11239
13214 11650
13218 11658
13230 11667
13232 11675
13344 11841
13855 12568
16402 15065
16566 15068
16626 15162
16815 15333
1 54
70
7042 5153
7048 5155
7070 5186
7099 5224
7136 5274
7234 5404
7264 5444
7270 5451
7278 5461
7281 5472
7322 5525
7391 5616
7697 6144
8585 7206
9533 8440
9535 8445
9542 8451
9569 8481
9586 8506
9585 8514
9590 8517
9596 8519
9676 8639
9718 8685
9720 8690
9733 8708
9736 8720
9737 8724
9746 8739
9755 8755
9756 8756
9794 8786
9795 8790
9958 9035
10042 9177
10064 9206
10076 9219
11361 10824
11392 10855
11406 10873
11419 10884
11420 10887
11424 10888
11441 10900
11446 10902
11457 10920
11500 10973
11521 10995
11524 11003
11538 11019
11549 11029
11553 11034
11572 11048
11583 11068
11685 11193
12582 12378
12622 12416
12620 12417
12644 12441
12640 12442
12647 12444
12646 12446
12665 12478
12806 12679
13554 13712
13552 13713
13576 13733
14023 14304
14327 14594
15481 15122
1 55
47
8298 3031
8343 3090
8555 3543
6813 5210
7052 5551
7070 5571
7264 5890
7322 5998
10428 7239
9585 9148
9586 9149
9590 9152
9596 9153
9619 9190
9718 9330
9719 9342
9754 9407
9755 9408
9795 9453
9808 9477
9958 9720
12110 10541
11357 11431
11361 11436
11419 11486
11441 11513
11446 11515
11451 11522
11457 11537
11467 11548
11473 11552
11495 11581
11500 11586
11508 11598
11525 11617
11524 11624
11538 11639
11549 11649
11553 11656
12086 12263
12582 12889
12626 12927
12640 12950
12648 12962
12662 12975
12665 12986
13218 13629
2 4
111
1561 535
1565 537
1702 607
1743 631
1756 639
1750 642
6958 2587
6978 2615
6979 2616
7101 2767
9344 5234
9365 5261
9407 5308
9503 5446
9508 5449
9514 5454
9548 5497
9563 5515
9573 5535
9581 5548
9598 5568
9601 5574
9612 5588
9621 5599
9644 5624
9654 5638
9672 5654
9688 5671
9755 5745
10719 6833
10724 6844
10739 6872
11383 7582
11407 7614
11420 7628
11428 7638
11430 7640
11436 7644
11437 7646
11445 7657
11471 7686
11472 7691
11480 7697
11474 7700
11482 7701
11489 7710
11498 7723
11508 7727
11502 7728
11511 7733
11512 7737
11520 7746
11522 7748
11521 7749
11526 7750
11527 7752
11532 7755
11536 7765
11534 7769
11537 7770
11541 7774
11544 7775
11554 7783
11556 7788
11558 7790
11590 7820
11596 7825
11597 7826
11618 7843
12187 8451
12253 8531
12259 8538
12272 8549
12280 8556
12289 8567
12362 8635
12372 8647
12927 9185
12980 9233
13004 9249
13030 9276
13040 9283
13047 9286
13052 9294
13073 9315
13079 9319
13075 9320
13101 9336
13097 9338
13112 9354
13109 9355
13164 9402
13173 9411
13875 9956
13890 9977
13903 9994
13909 10002
13947 10052
13967 10069
14242 10378
14249 10385
14271 10401
14268 10402
14272 10404
14276 10412
14289 10421
14295 10427
14864 11035
14874 11055
14900 11079
15344 11604
2 8
193
6815 1976
1756 2348
1878 2582
1925 2646
3482 4150
4323 4891
4391 4942
4403 4966
5091 5548
5221 5635
5455 5824
5470 5835
5899 6106
5937 6140
6070 6316
6086 6335
6106 6344
6532 6878
6539 6893
6974 7434
7061 7555
7092 7594
7107 7620
7119 7628
7138 7633
7159 7685
7243 7795
2394 8098
7860 8490
7871 8496
7884 8505
7968 8589
8202 8859
8212 8864
8208 8866
8228 8876
8218 8878
8229 8889
8258 8915
8276 8950
8284 8951
8420 9133
8414 9135
8413 9136
8422 9147
8426 9151
8453 9186
8478 9213
8520 9254
8534 9266
8549 9277
8649 9410
8652 9415
8799 9533
8809 9555
8833 9642
8945 9717
8962 9722
9261 10129
9263 10134
9270 10143
9365 10323
9416 10373
9587 10575
9611 10595
9615 10599
9621 10608
9626 10621
9633 10622
9663 10667
9689 10704
9690 10710
9707 10734
9706 10735
9735 10773
10433 11576
10640 11790
10641 11791
10653 11794
10642 11798
10656 11800
10660 11809
10665 11813
10673 11818
10678 11826
10698 11835
10689 11839
10714 11858
10719 11874
10741 11898
10739 11905
10827 12002
10830 12004
10832 12009
10837 12015
10839 12020
10851 12036
10856 12043
10864 12054
10874 12065
10885 12076
10896 12092
10906 12104
10916 12114
10914 12115
10927 12124
11038 12242
11075 12286
11176 12378
11194 12396
11203 12400
11418 12632
11431 12637
11445 12647
11450 12657
11473 12681
11482 12686
11508 12713
11512 12721
11522 12729
11526 12737
11527 12738
11536 12753
11541 12759
11551 12769
11554 12774
11563 12785
11564 12786
11567 12792
11587 12820
11600 12853
11648 12922
11051 13118
12004 13356
12053 13404
12079 13436
12202 13566
12203 13567
12217 13575
12218 13576
12221 13581
12214 13584
12226 13591
12227 13592
12232 13598
12245 13610
12250 13615
12272 13630
12280 13636
12343 13717
12355 13729
12372 13751
12385 13765
12405 13793
12602 13947
12660 14037
12846 14152
12918 14244
12968 14285
12988 14305
13014 14324
13027 14339
13047 14355
13052 14357
13106 14409
13115 14422
13133 14440
13164 14483
13173 14503
13646 15038
13662 15060
13674 15067
13706 15090
13745 15136
13756 15146
13862 15260
13873 15265
13875 15266
13882 15275
13885 15277
13884 15280
13890 15283
13894 15292
13903 15303
13941 15380
13984 15431
13995 15439
14217 15645
14233 15668
14268 15699
14269 15700
14295 15719
14586 16055
2 9
145
1217 1074
1225 1081
1233 1083
1241 1089
1245 1094
1277 1117
1470 1235
1596 1348
1611 1355
1756 1505
1768 1517
1801 1552
1828 1578
1824 1581
1867 1628
1878 1635
1940 1688
1954 1699
6865 5620
6939 5726
6954 5751
6978 5790
7048 5894
7058 5907
7067 5911
7068 5916
7079 5923
7086 5934
7096 5950
7126 5990
7129 6000
9344 8839
9349 8844
9373 8871
9389 8889
9439 8941
9471 8983
9508 9046
9527 9071
9557 9105
9573 9133
9583 9145
9585 9147
9587 9148
9598 9166
9600 9169
9601 9173
9607 9178
9606 9182
9611 9184
9612 9187
9617 9194
9619 9197
9621 9203
9623 9204
9626 9206
9627 9211
9633 9214
9656 9243
9688 9277
9690 9282
9699 9291
9706 9296
9714 9309
9720 9314
9728 9319
9736 9328
9762 9353
11365 11352
11383 11373
11401 11392
11428 11424
11436 11429
11437 11438
11445 11450
11471 11484
11472 11492
11482 11498
11489 11507
11498 11519
11508 11527
11502 11528
11511 11533
11512 11535
11517 11547
11520 11548
11522 11552
11521 11553
11526 11555
11527 11557
11530 11563
11532 11564
11536 11569
11537 11571
11541 11578
11545 11579
11544 11582
11551 11587
11554 11588
11556 11591
11558 11592
11563 11596
11567 11602
11578 11611
11596 11628
11597 11630
11608 11638
11612 11639
12909 13064
12923 13086
12927 13088
12975 13135
12980 13138
13018 13178
13027 13194
13030 13197
13040 13210
13047 13216
13044 13217
13052 13223
13075 13261
13079 13264
13096 13282
13097 13292
13106 13296
13108 13302
13109 13305
13112 13306
13113 13307
13164 13362
14234 14467
14249 14484
14269 14498
14267 14499
14274 14504
14289 14522
14295 14523
14297 14529
14321 14556
14334 14571
14341 14580
14853 15164
14874 15190
14931 15256
15344 15735
2 11
27
1217 793
1430 925
1740 1211
1867 1365
6806 4259
6980 4517
9334 7320
9339 7321
9365 7348
9373 7359
9439 7424
9585 7642
9598 7653
9609 7676
9621 7688
9732 7835
11383 9863
11489 9996
11498 10004
11502 10008
11508 10012
11512 10018
11532 10039
11541 10056
11556 10065
12923 11528
13101 11690
2 12
1935
30 28
44 45
55 55
67 67
89 107
153 173
168 193
206 234
894 1048
1145 1356
1163 1379
1189 1425
1198 1437
1215 1467
1227 1481
1232 1488
1237 1497
1245 1503
1240 1506
1249 1510
1282 1553
1299 1571
1316 1577
1304 1582
1349 1625
1369 1645
1385 1664
1403 1669
1392 1670
1405 1680
1400 1682
1438 1720
1466 1728
1465 1732
1470 1735
1498 1765
1537 1809
1539 1814
1553 1828
1577 1830
1576 1845
1591 1860
1592 1862
1596 1867
1604 1871
1602 1873
1615 1874
1609 1880
1611 1881
1612 1882
1618 1883
1626 1894
1652 1929
1653 1932
1682 1942
1669 1947
1670 1948
1678 1949
1673 1957
1686 1966
1692 1972
1698 1976
1710 1989
1739 2022
1740 2023
1756 2037
1759 2042
1769 2049
1768 2053
1781 2065
1816 2106
1818 2118
1827 2119
1825 2125
1838 2135
1841 2143
1843 2144
1842 2146
1854 2155
1855 2160
1867 2166
1871 2170
1878 2172
1877 2173
1875 2174
1885 2184
1892 2186
1901 2194
1905 2197
1909 2198
1907 2200
1913 2205
1914 2206
1917 2210
1924 2215
1925 2217
1923 2220
1928 2222
1929 2224
1933 2230
1935 2233
1943 2238
1942 2240
1951 2246
1948 2248
1964 2263
1976 2274
1979 2278
1980 2281
2007 2302
2095 2359
2132 2383
2171 2400
2208 2422
2213 2426
2224 2431
2222 2432
2230 2434
2237 2437
2238 2438
2236 2439
2253 2447
2250 2450
2251 2451
2257 2459
2306 2492
2329 2503
2352 2524
2359 2527
2364 2533
2367 2536
2410 2561
2426 2570
2499 2627
2545 2663
2547 2665
2551 2672
2571 2684
2590 2699
2613 2709
2627 2716
2642 2730
2645 2737
2675 2756
2685 2761
2699 2766
2708 2774
2711 2779
2718 2786
2721 2787
2730 2792
2728 2793
2735 2796
2738 2797
2745 2803
2746 2805
2747 2807
2748 2808
2752 2814
2766 2821
2762 2822
2768 2823
2765 2825
2774 2829
2782 2837
2784 2838
2786 2841
2797 2849
2835 2880
2851 2889
2863 2902
2865 2903
2900 2925
2903 2929
2910 2931
2953 2969
3228 3198
3230 3201
3251 3222
3252 3225
3257 3227
3255 3230
3263 3232
3268 3234
3276 3244
3279 3245
3295 3262
3306 3273
3314 3277
3318 3281
3319 3282
3320 3283
3323 3287
3331 3288
3337 3298
3345 3302
3341 3304
3351 3307
3363 3320
3368 3323
3399 3348
3400 3349
3415 3368
3416 3369
3422 3375
3450 3398
3458 3406
3459 3407
3473 3413
3472 3415
3476 3417
3482 3421
3484 3423
3489 3426
3492 3429
3502 3436
3518 3443
3567 3464
3579 3470
3842 3623
3846 3626
3855 3631
3856 3632
3860 3635
3870 3644
3875 3649
3883 3656
3885 3658
3886 3661
3893 3663
3921 3697
3961 3731
3977 3741
3982 3747
3987 3750
3988 3751
3992 3756
4001 3765
4007 3769
4000 3770
4005 3771
4019 3780
4014 3781
4020 3782
4023 3787
4032 3794
4038 3798
4054 3814
4059 3817
4079 3844
4089 3853
4103 3868
4115 3877
4121 3886
4136 3898
4142 3906
4174 3930
4178 3934
4181 3937
4185 3939
4182 3941
4183 3942
4191 3946
4194 3947
4200 3949
4201 3950
4202 3951
4203 3952
4204 3953
4205 3954
4206 3958
4207 3959
4211 3961
4212 3962
4216 3968
4217 3969
4225 3972
4222 3974
4223 3976
4230 3978
4231 3979
4227 3980
4228 3981
4229 3982
4234 3983
4240 3986
4239 3991
4244 3992
4246 3997
4250 4000
4251 4001
4253 4003
4259 4004
4254 4005
4261 4006
4260 4008
4266 4009
4264 4012
4265 4013
4270 4014
4274 4015
4272 4018
4273 4019
4277 4020
4276 4021
4283 4025
4282 4029
4286 4031
4292 4033
4290 4035
4294 4038
4310 4050
4321 4056
4325 4057
4322 4058
4342 4071
4343 4075
4346 4076
4347 4077
4353 4078
4360 4089
4366 4092
4364 4093
4367 4095
4370 4096
4373 4099
4384 4105
4383 4109
4389 4110
4390 4111
4391 4112
4388 4116
4400 4119
4401 4120
4403 4123
4408 4127
4409 4128
4416 4134
4423 4138
4425 4139
4428 4141
4429 4143
4433 4145
4436 4146
4430 4147
4438 4148
4449 4158
4450 4159
4452 4161
4458 4164
4459 4165
4460 4166
4461 4167
4462 4168
4472 4176
4473 4179
4478 4183
4479 4184
4480 4185
4483 4187
4482 4190
4487 4191
4503 4199
4507 4205
4511 4208
4512 4209
4510 4210
4522 4215
4519 4219
4528 4226
4532 4230
4552 4245
4551 4246
4557 4252
4568 4253
4558 4254
4559 4255
4560 4256
4570 4261
4578 4269
4579 4270
4581 4271
4584 4277
4595 4285
4596 4286
4594 4287
4616 4304
4624 4305
4623 4310
4631 4311
4629 4315
4630 4316
4636 4317
4635 4323
4655 4332
4649 4333
4654 4340
4656 4341
4660 4345
4673 4355
4677 4358
4678 4359
4681 4362
4682 4363
4692 4368
4694 4372
4700 4375
4701 4376
4702 4377
4716 4387
4718 4396
4726 4398
4731 4402
4730 4404
4757 4420
4751 4421
4774 4431
4778 4434
4780 4436
4796 4451
4797 4452
4808 4462
4809 4463
4814 4471
4826 4478
4834 4483
5004 4620
5051 4658
5066 4669
5073 4677
5080 4681
5084 4685
5091 4689
5092 4691
5103 4701
5113 4708
5114 4709
5120 4712
5124 4718
5131 4723
5134 4725
5140 4729
5141 4730
5143 4733
5151 4739
5152 4740
5159 4744
5160 4745
5165 4749
5170 4755
5171 4756
5179 4763
5185 4767
5195 4775
5196 4776
5201 4779
5203 4781
5206 4784
5209 4788
5220 4796
5221 4797
5238 4811
5237 4815
5247 4820
5243 4821
5266 4837
5259 4838
5265 4842
5267 4843
5270 4846
5276 4850
5282 4856
5288 4858
5286 4861
5292 4865
5304 4877
5310 4880
5316 4886
5315 4889
5325 4898
5331 4903
5335 4914
5349 4919
5348 4922
5355 4924
5394 4960
5408 4972
5424 4991
5447 5008
5455 5018
5460 5023
5459 5026
5464 5027
5470 5028
5471 5029
5475 5036
5484 5042
5521 5080
5545 5103
5549 5108
5718 5267
5719 5275
5724 5279
5789 5359
5845 5420
5851 5421
5870 5442
5880 5448
5910 5479
5934 5499
5937 5506
5949 5518
5967 5526
5968 5527
5976 5533
5977 5534
5981 5545
5985 5548
5983 5552
6005 5584
6016 5590
6034 5605
6014 5606
6039 5622
6056 5632
6053 5642
100 5648
6087 5678
6302 5961
6565 6322
6598 6363
6621 6373
6613 6379
6627 6387
6642 6394
6647 6406
6644 6414
6661 6419
6653 6423
6699 6448
6691 6450
6692 6459
6709 6477
6738 6498
6737 6501
6756 6511
6758 6516
6762 6521
6779 6536
6801 6551
6824 6568
6827 6570
6842 6578
6840 6584
6848 6592
6860 6600
6861 6602
6854 6603
6865 6605
6866 6606
6877 6614
6879 6615
6867 6617
6885 6619
6886 6620
6890 6625
6896 6631
6900 6633
6914 6645
6912 6647
6918 6651
6919 6654
6924 6655
6922 6656
6928 6661
6946 6685
6950 6686
6943 6689
6953 6690
6954 6691
6970 6709
6969 6711
6957 6714
6979 6720
6984 6721
6983 6724
6972 6725
6985 6729
6989 6730
6988 6731
6991 6734
7001 6740
6986 6742
7002 6744
7010 6748
7013 6750
7012 6752
7017 6754
7022 6756
7027 6759
7021 6762
7015 6765
7019 6766
7039 6770
7038 6773
7047 6779
7048 6780
7034 6782
7052 6783
7051 6786
7061 6789
7065 6791
7067 6794
7068 6795
7053 6800
7054 6801
7050 6802
7078 6806
7079 6807
7083 6809
7082 6811
7086 6815
7090 6819
7091 6820
7092 6822
7096 6825
7097 6826
7101 6828
7099 6830
7105 6832
7107 6834
7108 6835
7119 6842
7118 6845
7126 6849
7110 6851
7129 6855
7130 6856
7132 6857
7113 6859
7135 6860
7134 6863
7142 6864
7145 6867
7138 6871
7157 6874
7159 6876
7168 6886
7183 6902
7179 6903
7186 6905
7196 6916
7197 6918
7215 6933
7202 6934
7203 6935
7217 6937
7218 6940
7210 6941
7232 6948
7226 6949
7254 6963
7235 6965
7243 6973
7257 6982
7291 6998
7293 7004
7299 7005
7313 7016
7308 7017
7321 7025
7316 7026
7330 7034
7333 7038
7335 7041
7357 7062
7359 7069
7360 7070
7369 7077
7373 7082
7380 7090
7385 7095
7388 7096
7390 7102
7393 7103
7398 7109
7401 7110
7400 7114
7421 7123
7423 7125
7430 7136
7431 7137
7437 7140
7443 7148
7446 7150
7476 7186
7483 7194
7506 7216
7516 7223
7521 7229
7591 7291
7607 7297
7619 7307
7630 7318
7638 7322
7663 7344
7672 7349
7675 7353
7683 7361
7684 7365
7696 7381
7702 7384
7707 7387
7709 7388
7712 7391
7718 7394
7728 7404
7730 7409
7736 7415
7745 7421
7768 7441
7871 7533
7874 7536
7884 7542
7893 7547
7897 7555
7903 7560
7912 7573
7917 7579
7918 7584
7980 7642
8058 7729
8085 7760
8111 7785
8107 7797
8125 7801
8132 7812
8143 7823
8148 7827
8150 7829
8153 7835
8175 7858
8177 7862
8181 7868
8184 7870
8185 7871
8187 7872
8189 7874
8194 7877
8197 7882
8202 7887
8210 7894
8212 7898
8217 7899
8218 7900
8224 7905
8228 7907
8232 7910
8236 7916
8237 7917
8239 7920
8243 7923
8242 7925
8244 7926
8248 7929
8249 7930
8250 7931
8251 7932
8254 7936
8255 7937
8257 7938
8258 7940
8259 7941
8261 7943
8267 7948
8269 7950
8276 7954
8277 7958
8280 7963
8284 7968
8286 7970
8288 7975
8293 7978
8294 7979
8300 7985
8305 7988
8311 7995
8320 8006
8321 8008
8322 8009
8331 8019
8334 8029
8344 8041
8355 8054
8411 8105
8422 8120
8426 8123
8427 8124
8429 8126
8431 8128
8443 8142
8446 8144
8445 8145
8453 8154
8455 8155
8460 8161
8465 8166
8475 8173
8482 8179
8484 8182
8493 8189
8501 8196
8507 8203
8506 8204
8513 8207
8520 8216
8522 8218
8532 8227
8534 8228
8545 8238
8549 8241
8559 8250
8567 8256
8571 8258
8574 8260
8634 8326
8636 8328
8641 8335
8649 8340
8652 8344
8664 8358
8668 8363
8715 8418
8730 8430
8735 8437
8767 8466
8766 8471
8779 8473
8787 8486
8795 8496
8796 8498
8805 8505
8809 8511
8814 8515
8812 8518
8831 8530
8842 8538
8837 8543
8846 8547
8850 8551
8860 8575
8892 8599
8893 8601
8897 8617
8910 8640
8921 8642
8929 8650
8946 8669
9283 9124
9284 9126
9289 9132
9316 9157
9334 9172
9321 9173
9340 9179
9339 9182
9331 9183
9346 9185
9336 9186
9337 9191
9351 9193
9347 9197
9363 9201
9365 9203
9353 9204
9371 9215
9367 9216
9389 9229
9392 9233
9390 9237
9405 9253
9427 9272
9425 9275
9439 9280
9443 9285
9446 9295
9445 9297
9462 9304
9457 9306
9460 9310
9469 9313
9481 9325
9476 9328
9489 9335
9485 9339
9501 9347
9500 9349
9499 9351
9508 9357
9510 9363
9519 9364
9521 9368
9523 9370
9527 9374
9528 9376
9518 9377
9530 9378
9532 9381
9535 9385
9538 9389
9543 9392
9548 9396
9551 9397
9541 9399
9550 9401
9552 9402
9554 9406
9555 9407
9556 9410
9557 9411
9558 9412
9560 9413
9563 9415
9566 9423
9561 9426
9571 9427
9573 9430
9565 9433
9581 9440
9583 9443
9584 9444
9587 9447
9590 9449
9594 9452
9597 9454
9598 9456
9599 9459
9601 9460
9592 9461
9607 9465
9608 9466
9611 9470
9612 9471
9603 9472
9614 9473
9615 9474
9619 9476
9621 9478
9620 9480
9623 9482
9625 9485
9616 9486
9627 9488
9626 9489
9633 9491
9640 9497
9642 9499
9645 9500
9647 9501
9648 9504
9634 9505
9637 9506
9654 9509
9659 9514
9649 9516
9664 9518
9663 9519
9666 9524
9657 9525
9658 9526
9672 9527
9673 9529
9675 9530
9665 9535
9667 9536
9669 9539
9683 9541
9671 9542
9674 9543
9688 9544
9689 9546
9690 9547
9678 9549
9697 9550
9699 9558
9703 9561
9702 9562
9706 9563
9707 9567
9695 9568
9714 9571
9720 9578
9727 9585
9728 9586
9713 9588
9732 9591
9735 9592
9736 9593
9722 9596
9729 9597
9742 9599
9746 9607
9748 9609
9751 9611
9756 9612
9755 9614
9762 9620
9773 9634
9783 9652
9796 9655
9792 9658
9806 9662
9798 9665
9811 9668
9826 9677
9812 9680
9836 9686
9838 9690
9843 9695
9834 9702
9866 9717
9879 9724
9881 9731
9892 9734
9890 9739
9895 9740
9894 9752
9912 9757
9919 9765
9926 9773
9929 9778
9938 9783
9937 9784
9947 9794
9951 9797
9950 9799
9955 9803
9957 9804
9960 9806
9961 9807
9972 9834
9994 9849
9992 9851
10005 9855
10010 9864
10023 9865
10011 9866
10009 9867
10015 9869
10018 9873
10025 9875
10042 9883
10067 9919
10089 9928
10080 9930
10113 9954
10112 9956
10136 9975
10148 9984
10154 9992
10164 10000
10167 10004
10177 10012
10183 10018
10191 10032
10356 10190
10366 10205
10373 10211
10387 10222
10389 10226
10393 10233
10405 10246
10433 10275
10442 10287
10513 10362
10515 10365
10522 10370
10539 10387
10538 10398
10552 10401
10554 10402
10558 10420
10573 10422
10579 10427
10592 10440
10596 10446
10598 10456
10612 10462
10616 10464
10618 10465
10619 10468
10626 10474
10629 10476
10630 10478
10634 10485
10635 10486
10641 10492
10642 10495
10648 10497
10653 10499
10656 10503
10660 10506
10662 10507
10664 10511
10665 10512
10666 10514
10669 10517
10670 10518
10672 10519
10674 10520
10673 10521
10678 10524
10677 10525
10680 10526
10681 10527
10684 10528
10683 10529
10685 10531
10689 10532
10690 10533
10693 10535
10698 10538
10699 10542
10701 10545
10703 10546
10706 10550
10707 10551
10691 10552
10711 10553
10712 10554
10710 10557
10714 10559
10715 10561
10719 10564
10720 10567
10724 10573
10732 10584
10734 10587
10738 10596
10739 10597
10741 10599
10745 10606
10747 10607
10751 10615
10752 10618
10754 10620
10756 10622
10761 10626
10765 10631
10768 10636
10803 10667
10812 10676
10824 10685
10827 10688
10829 10689
10830 10690
10832 10693
10837 10698
10839 10701
10841 10703
10843 10705
10844 10706
10851 10710
10853 10716
10856 10718
10865 10728
10864 10729
10874 10737
10880 10742
10887 10746
10885 10747
10888 10752
10890 10755
10895 10758
10896 10761
10903 10766
10906 10768
10907 10773
10911 10777
10914 10780
10915 10781
10916 10783
10921 10787
10924 10792
10927 10793
10931 10800
10932 10802
10937 10806
10939 10810
10947 10815
11013 10879
11017 10884
11025 10891
11029 10893
11030 10896
11040 10906
11043 10908
11044 10910
11093 10935
11095 10938
11099 10942
11110 10953
11117 10957
11119 10959
11122 10964
11135 10980
11136 10981
11140 10985
11143 10988
11138 10989
11142 10990
11147 11000
11160 11014
11164 11018
11167 11019
11176 11029
11179 11030
11172 11031
11185 11037
11190 11039
11186 11041
11203 11048
11278 11115
11317 11150
11321 11158
11349 11186
11348 11188
11350 11189
11354 11193
11352 11194
11346 11195
11347 11196
11353 11198
11357 11201
11361 11203
11365 11204
11370 11210
11366 11213
11372 11217
11373 11220
11376 11221
11380 11224
11385 11227
11381 11228
11391 11231
11394 11236
11401 11242
11407 11245
11409 11251
11411 11254
11414 11258
11418 11263
11423 11264
11424 11265
11422 11268
11416 11269
11434 11275
11435 11276
11436 11279
11439 11284
11445 11287
11441 11292
11450 11295
11449 11298
11454 11301
11465 11310
11466 11311
11461 11312
11464 11318
11471 11320
11472 11322
11473 11323
11482 11331
11484 11332
11486 11333
11477 11334
11478 11335
11489 11341
11493 11343
11495 11346
11498 11347
11491 11348
11497 11349
11499 11351
11508 11353
11500 11356
11512 11359
11506 11360
11511 11362
11513 11363
11517 11367
11520 11368
11522 11369
11521 11370
11525 11372
11528 11373
11515 11374
11526 11376
11527 11377
11523 11381
11530 11382
11533 11385
11534 11387
11531 11388
11537 11389
11536 11390
11538 11391
11541 11393
11545 11394
11550 11395
11544 11398
11551 11399
11542 11400
11556 11402
11549 11403
11554 11405
11548 11407
11558 11409
11563 11411
11564 11412
11557 11413
11567 11416
11570 11417
11574 11418
11565 11419
11568 11421
11569 11422
11578 11423
11572 11424
11575 11425
11587 11430
11579 11431
11590 11437
11585 11438
11592 11442
11597 11448
11600 11451
11609 11456
11601 11460
11612 11463
11607 11464
11618 11467
11619 11472
11620 11473
11621 11474
11623 11480
11633 11488
11625 11489
11637 11495
11648 11514
11674 11535
11688 11542
11693 11551
11696 11553
11708 11563
11709 11565
11715 11568
11705 11571
11718 11574
11711 11576
11721 11581
11732 11584
11737 11590
11739 11592
11738 11593
11741 11595
11745 11596
11746 11597
11752 11604
11753 11605
11760 11611
11772 11626
11768 11629
11769 11634
11781 11637
11787 11645
11794 11658
11798 11660
11796 11661
11807 11664
11803 11667
11805 11669
11804 11670
11824 11687
11848 11716
11855 11720
11859 11728
11860 11729
11869 11737
11868 11738
11874 11739
11893 11757
11898 11761
11903 11767
11909 11773
11919 11784
11939 11802
11999 11864
12004 11869
12019 11884
12020 11889
12037 11898
12042 11902
12043 11903
12049 11908
12053 11911
12079 11943
12083 11948
12089 11951
12127 12000
12130 12002
12150 12021
12181 12054
12188 12062
12191 12066
12192 12067
12196 12070
12202 12078
12203 12079
12205 12080
12212 12084
12217 12087
12218 12088
12219 12089
12214 12090
12221 12091
12223 12096
12224 12097
12225 12098
12226 12100
12227 12101
12229 12103
12231 12105
12232 12106
12238 12111
12243 12114
12244 12115
12242 12116
12245 12118
12248 12119
12246 12120
12247 12121
12250 12123
12252 12126
12253 12127
12258 12132
12259 12133
12264 12135
12266 12137
12272 12143
12273 12144
12280 12151
12281 12153
12289 12163
12295 12171
12302 12178
12306 12182
12305 12183
12310 12194
12342 12221
12343 12222
12347 12226
12352 12229
12351 12231
12355 12234
12356 12235
12357 12236
12362 12242
12363 12243
12370 12252
12372 12254
12374 12257
12378 12258
12381 12262
12384 12264
12385 12268
12389 12274
12396 12277
12400 12282
12405 12291
12409 12297
12414 12300
12417 12305
12422 12310
12453 12346
12475 12373
12477 12376
12479 12377
12484 12383
12489 12385
12491 12388
12493 12391
12568 12441
12573 12442
12585 12460
12590 12461
12592 12465
12595 12467
12602 12468
12598 12471
12608 12476
12606 12477
12618 12483
12631 12496
12619 12497
12635 12510
12638 12514
12644 12515
12643 12516
12640 12517
12648 12521
12660 12528
12689 12550
12767 12636
12796 12654
12846 12695
12849 12699
12855 12703
12858 12710
12867 12722
12879 12728
12885 12735
12884 12742
12896 12743
12897 12745
12891 12747
12902 12748
12898 12750
12901 12754
12903 12764
12916 12766
12918 12769
12914 12771
12922 12774
12923 12777
12927 12780
12938 12790
12952 12798
12956 12802
12959 12814
12969 12818
12968 12819
12970 12822
12973 12823
12974 12824
12983 12835
12988 12838
12993 12848
12996 12849
12995 12853
12998 12854
13004 12858
13014 12866
13019 12875
13018 12878
13023 12879
13027 12883
13030 12886
13025 12888
13029 12891
13040 12900
13047 12901
13051 12909
13052 12910
13049 12912
13071 12923
13070 12926
13075 12929
13073 12932
13079 12933
13069 12934
13080 12943
13094 12951
13096 12952
13101 12953
13097 12954
13102 12960
13106 12962
13100 12963
13109 12968
13112 12971
13115 12972
13119 12974
13120 12975
13117 12979
13127 12984
13133 12990
13137 12994
13141 12996
13142 12997
13134 12998
13145 13004
13153 13007
13156 13009
13164 13013
13151 13015
13154 13016
13161 13022
13175 13027
13173 13030
13178 13039
13182 13043
13193 13045
13196 13049
13191 13054
13205 13064
13209 13068
13207 13070
13212 13078
13218 13079
13220 13081
13225 13082
13227 13087
13226 13089
13235 13092
13233 13098
13251 13108
13254 13119
13257 13120
13258 13121
13275 13129
13274 13131
13286 13132
13287 13134
13288 13135
13284 13140
13298 13148
13290 13149
13299 13151
13302 13156
13315 13168
13316 13172
13314 13176
13319 13179
13324 13183
13333 13190
13342 13200
13352 13204
13350 13206
13357 13216
13415 13267
13419 13272
13413 13273
13432 13280
13435 13285
13450 13298
13458 13301
13464 13309
13481 13330
13485 13334
13499 13348
13501 13351
13506 13355
13503 13358
13504 13359
13505 13360
13517 13371
13515 13380
13572 13421
13646 13500
13652 13506
13657 13524
13674 13530
13678 13532
13679 13533
13706 13556
13712 13566
13716 13572
13735 13586
13725 13589
13737 13591
13741 13595
13745 13601
13756 13611
13767 13626
13804 13670
13805 13674
13807 13680
13811 13685
13815 13691
13856 13722
13857 13723
13860 13725
13864 13729
13870 13730
13873 13733
13875 13735
13877 13739
13878 13740
13879 13742
13882 13743
13883 13745
13884 13746
13885 13748
13888 13749
13889 13751
13890 13752
13891 13753
13893 13755
13892 13756
13894 13759
13897 13764
13903 13770
13907 13776
13909 13777
13915 13785
13916 13787
13919 13791
13925 13797
13930 13801
13938 13809
13941 13812
13946 13814
13947 13816
13953 13823
13959 13827
13962 13831
13965 13834
13966 13835
13967 13838
13970 13839
13973 13843
13976 13846
13984 13853
13989 13856
13995 13861
13991 13862
14005 13876
14068 13934
14072 13941
14073 13942
14074 13943
14077 13947
14081 13952
14083 13953
14102 13961
14110 13967
14109 13969
14120 13975
14210 14051
14213 14057
14217 14060
14222 14066
14226 14070
14229 14072
14234 14073
14236 14074
14233 14075
14238 14082
14242 14084
14240 14085
14243 14086
14249 14092
14261 14101
14262 14102
14256 14104
14263 14105
14269 14108
14267 14109
14268 14113
14272 14114
14271 14115
14274 14118
14275 14120
14276 14121
14279 14123
14286 14126
14289 14130
14291 14131
14292 14133
14295 14134
14306 14141
14304 14142
14307 14144
14313 14147
14316 14151
14317 14153
14318 14155
14321 14158
14323 14161
14327 14163
14331 14166
14334 14168
14341 14174
14345 14179
14348 14182
14344 14184
14347 14185
14361 14199
14362 14200
14370 14203
14371 14204
14363 14207
14366 14208
14372 14209
14378 14221
14386 14224
14387 14226
14392 14232
14394 14234
14402 14241
14403 14242
14408 14245
14412 14248
14414 14254
14424 14268
14427 14274
14432 14276
14430 14277
14439 14280
14441 14281
14443 14282
14447 14289
14448 14290
14466 14305
14463 14309
14468 14310
14485 14325
14544 14379
14553 14388
14574 14412
14575 14413
14576 14420
14586 14430
14610 14460
14617 14469
14631 14477
14638 14484
14645 14494
14647 14499
14650 14501
14652 14504
14653 14506
14675 14533
14674 14534
14676 14535
14679 14538
14681 14539
14689 14549
14694 14552
14700 14558
14732 14591
14772 14621
14776 14625
14778 14628
14781 14631
14782 14632
14849 14691
14853 14695
14855 14701
14860 14703
14864 14706
14869 14714
14874 14720
14890 14737
14893 14743
14899 14746
14902 14748
14914 14758
14919 14763
14922 14770
14923 14772
14931 14777
14945 14789
14942 14790
14946 14792
14950 14796
14954 14801
14961 14805
14974 14820
14970 14822
14993 14838
15008 14855
15013 14862
15016 14868
15018 14871
15020 14874
15026 14880
15048 14903
15051 14906
15071 14923
15163 15029
15281 15157
15286 15163
15292 15172
15307 15190
15336 15220
15340 15231
15349 15240
15358 15251
15362 15256
15365 15257
15366 15259
15367 15262
15432 15348
15434 15351
15437 15354
15439 15356
15440 15357
15445 15362
15531 15467
16402 15702
16361 16028
16180 16072
16560 16266
16584 16306
16665 16396
16628 16440
16701 16451
16682 16497
16941 16554
16801 16582
16804 16594
16896 16613
17007 16678
16981 16708
16786 16721
16921 16771
16877 16806
16835 16807
16865 16815
16869 16823
17005 16890
17026 16993
17184 17107
17113 17134
17127 17157
17290 17184
17308 17215
17232 17288
17291 17406
17391 17468
17055 17574
17537 17595
17639 17672
2 16
14
6780 10262
8277 11324
10710 16140
10698 16150
10653 16189
10640 16204
12219 19307
12218 19319
12217 19321
12203 19331
12202 19337
12205 19338
6852 22245
9639 23072
2 42
27
6914 915
6944 959
1740 986
1788 1032
7016 1056
7070 1128
7108 1167
7134 1194
9617 3425
10708 4922
10741 4997
9334 5850
11383 5908
9404 5918
9557 6140
11508 6168
11530 6206
11909 6868
12203 7346
12224 7363
12236 7397
12381 7609
13884 8831
13894 8847
13903 8873
13947 8930
12236 13084
2 51
20
1740 1049
6980 1077
7016 1116
1188 1160
7108 1232
7134 1267
9558 3659
9581 3700
9617 3753
10662 5302
9334 6313
11383 6371
11508 6635
12224 7848
12280 7956
11383 8592
13884 9400
13894 9419
14267 10960
12236 13392
2 52
57
5968 94
6860 830
6946 896
6979 922
6999 937
7016 948
7091 988
7090 992
1924 1003
7134 1015
1999 1040
7463 1195
6918 3108
9617 3171
8232 4366
9755 4907
8839 5027
8842 5036
8837 5050
9334 5322
9365 5349
9404 5384
9407 5389
9435 5424
9458 5462
9498 5506
9505 5515
9508 5520
9528 5546
9552 5573
9563 5586
9627 5633
9644 5645
11777 5931
10112 6072
12280 6748
12643 7200
11211 7229
11357 7346
11389 7379
11391 7380
11502 7490
11508 7493
11512 7496
11522 7502
12203 8061
12219 8068
12272 8106
12543 8338
12889 8651
12948 8687
12956 8697
12993 8738
13444 9124
14515 9200
13884 9521
14954 10369
2 53
96
6748 787
6848 965
6980 1102
1849 1163
7067 1183
7083 1194
7090 1200
7091 1201
7134 1250
1964 1268
7159 1271
2008 1303
17007 1327
7679 1622
7871 1776
4059 2069
8202 2182
8218 2214
8237 2223
5084 2566
8422 2587
8482 2667
5822 2926
8860 3122
9519 3889
9551 3942
9581 3991
7037 4101
7054 4109
7085 4152
9688 4154
7089 4156
7138 4225
8232 5517
8269 5571
8282 5607
8549 6028
8803 6255
8805 6257
11166 6320
11176 6367
11349 6620
9498 6864
11465 6899
9616 7002
9657 7055
11558 7062
9834 7302
10112 7614
10576 8134
10653 8207
10677 8243
10707 8285
10724 8307
11563 8804
12914 9044
11422 9121
11531 9245
11565 9284
11585 9302
11601 9325
11625 9358
12203 9982
12221 10003
12224 10008
12226 10010
12227 10011
12272 10047
13938 10135
12385 10175
12562 10410
12631 10420
12660 10465
12859 10603
12867 10618
12914 10653
13100 10827
13134 10860
13182 10917
13272 11040
13276 11042
13324 11103
13413 11230
13662 11439
13879 11649
13884 11658
13892 11667
13947 11766
14213 12047
14217 12050
14229 12063
14970 12881
15368 13316
15378 13330
15486 13441
17537 15366
2 54
22
9373 768
7134 1526
5251 3416
9365 4490
9581 5015
11385 8033
11522 8374
11530 8400
11556 8450
11621 8610
12004 9457
10677 9900
12902 10611
12923 10644
12920 10645
13079 10814
13097 10831
13113 10847
12212 11683
12221 11686
12226 11698
14243 12259
3 6
352
1739 4
96 158
100 170
106 182
119 199
121 206
129 219
166 263
168 265
190 283
194 290
245 338
256 352
400 495
2720 548
695 685
1144 1097
1184 1142
1183 1143
1313 1243
1316 1244
1385 1298
1390 1304
1393 1307
1398 1310
1439 1349
4433 1496
1897 1688
1969 1756
1972 1759
2007 1790
2072 1850
2095 1869
2117 1887
2118 1891
2126 1896
2145 1917
2153 1922
2174 1933
2228 1986
2263 2024
2347 2093
2628 2321
2657 2340
2667 2348
2684 2361
2723 2390
2902 2492
2951 2533
2974 2553
2985 2558
2994 2560
3017 2576
3118 2638
3617 3063
3634 3080
3647 3087
3721 3147
3728 3155
3738 3165
3739 3166
3746 3172
3754 3178
6584 3185
3803 3222
3852 3260
3856 3264
3859 3267
3869 3273
3877 3281
3888 3287
3932 3326
4101 3466
4113 3468
4151 3506
6957 3521
6960 3525
4240 3574
4284 3611
4315 3625
7154 3685
4432 3793
4447 3810
7371 3888
4998 4139
5010 4154
5021 4163
5022 4165
5031 4177
5038 4179
5041 4180
5043 4182
5048 4183
5050 4189
5054 4195
5062 4204
5075 4213
5136 4260
5141 4265
5153 4279
5154 4280
5179 4299
5189 4310
5201 4318
5206 4326
5232 4345
5242 4361
5281 4394
5291 4403
5330 4440
5423 4521
5479 4575
5497 4590
5576 4638
5630 4690
5661 4711
5678 4723
5794 4816
5821 4825
5896 4889
6107 5065
6354 5315
6366 5325
6379 5337
6390 5349
6393 5351
6397 5354
6532 5491
6540 5500
6546 5508
6551 5510
6554 5515
8595 5521
6570 5525
6652 5597
6659 5602
6661 5605
6663 5609
6672 5612
6671 5614
6676 5615
6679 5617
6683 5618
6776 5704
6923 5828
6958 5855
6990 5893
6940 5906
6940 5908
7132 6060
7561 6312
7566 6315
7568 6319
7580 6329
7592 6340
7597 6342
7601 6344
7600 6347
7602 6348
7604 6351
7606 6352
7610 6353
7609 6355
7619 6363
7631 6371
7635 6376
7646 6388
7648 6392
7657 6398
7660 6402
7674 6416
7679 6421
7687 6426
7700 6440
7706 6446
7731 6463
7738 6471
7749 6486
9377 6504
7783 6518
9392 6527
7805 6536
7816 6547
7872 6605
7876 6607
7881 6611
7915 6629
7931 6645
7933 6648
7941 6651
7996 6705
7998 6706
8014 6718
8055 6754
8066 6760
8076 6764
8065 6766
8087 6771
8110 6789
8107 6801
8130 6804
8140 6813
8159 6836
8171 6845
8206 6880
8236 6893
8223 6897
8462 7121
8468 7125
8474 7133
8563 7218
8598 7256
8639 7289
8644 7299
8653 7306
8657 7311
8662 7314
8669 7318
8723 7377
8746 7437
8795 7476
8798 7477
8803 7482
8817 7507
8967 7623
9219 7802
9248 7843
9254 7846
9259 7849
9264 7857
9267 7860
9272 7863
9277 7870
9282 7873
9285 7875
9284 7876
9290 7880
9306 7890
9304 7891
9307 7892
9312 7898
9314 7899
9318 7902
9328 7906
9336 7914
9345 7920
9364 7933
9375 7947
9402 7971
9432 8000
9445 8013
9468 8039
9475 8045
9493 8064
9497 8068
9516 8086
9515 8089
9574 8128
9567 8131
9600 8158
9620 8175
9626 8178
9639 8186
9641 8191
9645 8196
9649 8202
9650 8205
9654 8212
9658 8215
9669 8222
9691 8234
9767 8301
9843 8388
9837 8401
10059 8604
10150 8712
10163 8728
10179 8738
10194 8751
10197 8752
10202 8756
10222 8781
10434 8926
10436 8927
10437 8928
10441 8931
10440 8932
10449 8935
10446 8936
10447 8938
10448 8939
10453 8942
10455 8944
10458 8945
10462 8950
10466 8954
10483 8966
10496 8977
10531 9005
10537 9008
10539 9014
10564 9036
10566 9039
10600 9078
10605 9085
10607 9089
10620 9093
10625 9096
10632 9106
10639 9116
10643 9120
10647 9125
10684 9155
10729 9195
10742 9214
10774 9251
10886 9360
10899 9371
10903 9374
10906 9375
11006 9445
11027 9467
11030 9470
11031 9471
11034 9473
11039 9480
11109 9554
11117 9565
11118 9566
11122 9571
11126 9574
11133 9581
11138 9584
11150 9596
11151 9597
11152 9598
11154 9602
11165 9611
11167 9614
11169 9618
11171 9620
11172 9621
11175 9624
11176 9625
11184 9633
11390 9804
11513 9914
11576 9973
11581 9978
11585 9981
12160 10720
12659 10775
3 15
1578
1738 2
12 17
26 31
27 38
32 47
38 59
44 75
52 93
60 109
77 139
82 152
85 156
88 160
96 166
100 180
2004 189
107 193
106 194
113 204
116 205
117 207
120 209
110 210
125 215
128 216
119 217
129 219
130 223
121 225
138 230
135 233
149 249
158 256
163 262
166 266
159 270
171 272
168 278
173 280
184 286
190 300
195 303
188 304
194 309
196 315
201 325
215 343
213 344
225 356
229 361
235 368
239 376
256 395
264 403
268 408
2383 417
291 427
293 433
297 434
295 435
403 554
453 595
585 688
664 759
685 787
695 795
696 798
701 805
724 840
3084 873
806 932
869 993
1100 1202
1144 1246
1183 1285
1184 1286
1314 1372
1313 1373
1316 1374
1319 1377
1339 1389
1372 1411
1375 1415
1381 1420
1385 1423
1393 1429
1398 1433
1439 1463
1464 1490
1534 1546
1539 1548
1569 1568
1583 1580
4409 1590
1613 1594
1662 1639
4665 1646
0 1690
1735 1694
1739 1697
3 1705
1747 1706
1754 1710
1769 1723
1776 1729
1795 1745
1784 1746
1789 1749
1801 1755
1797 1756
1804 1758
1808 1766
1814 1770
1815 1772
1819 1774
1823 1776
1825 1779
1826 1781
1831 1782
1841 1792
1855 1806
1859 1811
1869 1819
1873 1822
1879 1828
1896 1837
1891 1840
1897 1850
1916 1865
1919 1867
1917 1868
1920 1870
1923 1874
1931 1881
1930 1886
1944 1888
1945 1892
1954 1895
1940 1896
1948 1899
1952 1902
1959 1903
1955 1907
1965 1917
1972 1920
1979 1924
1974 1926
1982 1928
1980 1929
1990 1933
1996 1939
1995 1940
2000 1947
2003 1950
2005 1951
2004 1952
2010 1954
2006 1956
2007 1958
2014 1962
2015 1963
2009 1968
2035 1972
2037 1974
2026 1979
2023 1980
2048 1981
2030 1984
2049 1985
2032 1986
2046 1988
2044 1994
2050 1998
2051 1999
2068 2003
2080 2008
2071 2010
2089 2021
2072 2022
2094 2024
2079 2026
2101 2028
2105 2035
2106 2036
2099 2037
2083 2038
2102 2040
2091 2041
2096 2045
2121 2048
2117 2049
2097 2050
2123 2054
2118 2055
2133 2057
2125 2058
2129 2061
2136 2067
2141 2072
2137 2075
2126 2076
2147 2077
2148 2083
2166 2085
2138 2086
2145 2095
2153 2099
2168 2105
2174 2108
2171 2109
2175 2111
2196 2114
2182 2116
2205 2134
2220 2139
2231 2146
2229 2167
2250 2169
2241 2181
2263 2182
2242 2184
2265 2191
2272 2198
2275 2201
2281 2206
2283 2207
2285 2208
2293 2215
2294 2217
2297 2220
2300 2221
2312 2234
2326 2250
2328 2252
2334 2253
2327 2254
2336 2261
2345 2264
2344 2265
2347 2269
2350 2271
2354 2275
2355 2278
2367 2285
2368 2287
2369 2289
2370 2291
2375 2293
2374 2295
2378 2296
2377 2299
2382 2303
2389 2307
2391 2309
2386 2311
2392 2312
2400 2317
2399 2318
2410 2332
2419 2343
2425 2348
2448 2366
2500 2411
2542 2443
2570 2463
2594 2481
2593 2484
2602 2486
2606 2490
2645 2521
2657 2531
2667 2535
2679 2544
2685 2548
2688 2550
2697 2557
2701 2563
2718 2576
2779 2632
2806 2646
2822 2657
2895 2713
2902 2721
2911 2728
2936 2753
2951 2766
2959 2774
2962 2777
2971 2782
2974 2785
2985 2796
2994 2799
3017 2819
3042 2837
3080 2861
3091 2871
3117 2892
3118 2893
3154 2920
3224 2980
3331 3068
3468 3194
3586 3304
3605 3322
3639 3353
3647 3359
3702 3416
3708 3423
3720 3439
3721 3440
3723 3441
3724 3442
3736 3452
3738 3458
3739 3460
3746 3467
3763 3476
3770 3486
3768 3487
3792 3513
4842 3526
3852 3568
3856 3572
3859 3574
3862 3577
3865 3578
3869 3582
3870 3584
3877 3593
3882 3595
3903 3611
3932 3643
3941 3650
3955 3662
3993 3697
4023 3718
4022 3721
4081 3776
4101 3791
4123 3808
4164 3848
4169 3851
4182 3859
4185 3865
4195 3873
4200 3880
4208 3883
4237 3913
4241 3914
4240 3915
4244 3919
4258 3929
4267 3938
4275 3944
4288 3949
4291 3950
4299 3966
4317 3977
4318 3979
4345 3995
4349 3999
4368 4017
4382 4023
4386 4026
4404 4041
4409 4048
4612 4207
6106 4373
4853 4391
4859 4398
4875 4415
4892 4430
4891 4432
4889 4433
4893 4434
4895 4437
4897 4439
4906 4445
4904 4447
4905 4448
4908 4449
4910 4451
4912 4454
4918 4460
4922 4461
4927 4467
4937 4473
4943 4476
4938 4477
4945 4483
4946 4484
4950 4490
4952 4491
4963 4495
4957 4496
4972 4506
4968 4508
4967 4509
4979 4518
4980 4519
4984 4525
4989 4527
4990 4528
5002 4533
4988 4535
5004 4536
4991 4539
5001 4542
4999 4543
5009 4549
5010 4551
5021 4559
5022 4560
5027 4564
5023 4567
5031 4569
5026 4570
5040 4572
5033 4574
5028 4575
5038 4580
5047 4587
5048 4590
5050 4593
5053 4594
5055 4601
5067 4603
5073 4606
5070 4609
5061 4610
5062 4613
5082 4614
5075 4617
5091 4620
5081 4623
5095 4625
5086 4626
5087 4627
5083 4629
5103 4632
5098 4633
5088 4634
5111 4635
5093 4637
5096 4638
5092 4640
5099 4642
5114 4643
5100 4644
5106 4649
5119 4650
5109 4653
5116 4656
5117 4657
5122 4660
5140 4661
5118 4663
5141 4664
5120 4665
5147 4666
5142 4667
5127 4670
5144 4672
5152 4678
5134 4679
5139 4681
5148 4683
5156 4684
5165 4687
5159 4688
5143 4690
5153 4691
5151 4692
5154 4695
5182 4696
5177 4697
5185 4701
5170 4703
5173 4708
5174 4710
5176 4711
5184 4718
5186 4719
5189 4721
5201 4722
5198 4728
5207 4738
5210 4740
5206 4741
5224 4743
5222 4753
5232 4756
5226 4760
5238 4762
5230 4767
5237 4768
5240 4775
5251 4783
5245 4784
5259 4790
5262 4792
5266 4793
5263 4794
5265 4796
5270 4798
5271 4799
5281 4803
5279 4804
5282 4806
5286 4809
5291 4810
5293 4812
5304 4823
5305 4824
5306 4825
5313 4834
5312 4837
5317 4838
5322 4845
5325 4847
5329 4849
5330 4850
5331 4851
5335 4852
5334 4855
5343 4857
5342 4862
5345 4863
5346 4864
5348 4866
5350 4868
5351 4869
5355 4870
5358 4875
5360 4876
5361 4877
5363 4882
5366 4883
5367 4884
5372 4889
5374 4892
5375 4895
5380 4896
5377 4899
5378 4900
5384 4901
5379 4902
5386 4907
5389 4910
5396 4916
5415 4932
5479 4971
5460 4973
5466 4978
5471 4982
5480 4989
5497 4991
5501 5008
5522 5018
5536 5031
5539 5032
5540 5035
5561 5045
5562 5048
5566 5051
5568 5053
5586 5054
5579 5063
5580 5064
5583 5066
5585 5068
5590 5072
5592 5074
5617 5093
5622 5096
5628 5098
5630 5099
5637 5104
5639 5106
5642 5107
5649 5113
5657 5118
5659 5119
5661 5122
5667 5125
5668 5126
5670 5128
5676 5133
5678 5135
5692 5143
5741 5175
5749 5180
5775 5195
5785 5198
5788 5202
5793 5205
5802 5208
5822 5228
5821 5231
5838 5244
5851 5258
5865 5267
5873 5271
5875 5275
5885 5284
5896 5292
5900 5298
5906 5301
5907 5303
5942 5332
5968 5355
6019 5390
6086 5449
6210 5560
6308 5660
6345 5690
6346 5692
6350 5694
6351 5696
6356 5699
6357 5700
6366 5711
6375 5722
6379 5726
6389 5733
6390 5735
6397 5739
6403 5743
6406 5746
6421 5758
6431 5766
6439 5774
6442 5778
6509 5835
6517 5841
6532 5853
6535 5856
6541 5862
6540 5863
6557 5869
6551 5872
6554 5878
6563 5883
6570 5887
6573 5892
6584 5901
6629 5944
6630 5945
6641 5961
6643 5962
6646 5965
6654 5970
6659 5975
6661 5977
6663 5978
6669 5982
6670 5983
6668 5984
6672 5985
6671 5986
6676 5990
6679 5993
6687 6001
6702 6012
6712 6020
6728 6033
6735 6037
6733 6038
6754 6050
6783 6066
6776 6068
6777 6071
6797 6085
6805 6091
6806 6092
6810 6097
6823 6107
6836 6122
6835 6123
6839 6129
6851 6135
6864 6150
6871 6154
6880 6164
6898 6173
6891 6177
6912 6189
6921 6194
6920 6197
6923 6201
6936 6211
6937 6212
6943 6219
6957 6225
6952 6226
6960 6228
6958 6230
6959 6231
6967 6240
6975 6242
6981 6250
7010 6275
7011 6277
7024 6285
7036 6289
7032 6291
7038 6293
7040 6296
7042 6297
7052 6302
7055 6306
7061 6311
7076 6326
7085 6329
7083 6330
7105 6349
7111 6355
7120 6360
7154 6392
7158 6396
7163 6397
7169 6403
7167 6404
7225 6437
7301 6499
7364 6545
7375 6554
7376 6557
7389 6571
7391 6572
7437 6603
7472 6627
7504 6653
7512 6667
7522 6684
7523 6686
7526 6688
7529 6692
7530 6693
7532 6695
7533 6696
7540 6703
7550 6711
7551 6712
7552 6715
7561 6723
7559 6724
7566 6726
7565 6727
7572 6728
7570 6729
7568 6730
7567 6731
7569 6732
7575 6733
7573 6734
7577 6735
7578 6736
7580 6737
7579 6739
7582 6741
7585 6742
7584 6743
7586 6748
7593 6751
7592 6752
7600 6758
7595 6759
7601 6760
7597 6761
7605 6762
7602 6764
7603 6765
7604 6766
7608 6767
7614 6768
7606 6769
7609 6771
7610 6772
7615 6774
7611 6775
7612 6776
7617 6777
7619 6778
7630 6779
7631 6780
7620 6781
7621 6782
7623 6784
7627 6785
7626 6786
7628 6787
7629 6788
7635 6789
7634 6790
7633 6791
7642 6793
7636 6796
7646 6797
7647 6798
7640 6799
7651 6800
7648 6801
7643 6803
7657 6804
7650 6806
7659 6807
7660 6811
7656 6812
7661 6816
7671 6817
7662 6819
7677 6822
7664 6824
7675 6826
7670 6827
7674 6828
7679 6830
7687 6831
7682 6832
7685 6836
7684 6839
7688 6842
7693 6845
7696 6846
7694 6848
7706 6851
7700 6852
7701 6856
7704 6858
7708 6859
7709 6862
7715 6863
7716 6865
7719 6870
7721 6871
7723 6873
7731 6875
7724 6876
7729 6877
7737 6880
7734 6881
7739 6882
7738 6884
7736 6885
7741 6888
7742 6889
7750 6893
7747 6894
7752 6895
7749 6896
7754 6897
7751 6898
7755 6900
7756 6901
7758 6902
7757 6904
7763 6906
7759 6907
7762 6908
7766 6911
7768 6913
7770 6915
7772 6917
7773 6918
7776 6919
7777 6920
7775 6922
7784 6925
7786 6928
7789 6930
7794 6932
7796 6935
7798 6937
7795 6938
7797 6939
7799 6940
7802 6945
7803 6946
7808 6951
7814 6957
7816 6959
7822 6962
7827 6967
7836 6976
7846 6989
7849 6991
7851 6993
7872 7003
7862 7005
7867 7007
7879 7010
7881 7011
7873 7012
7876 7015
7908 7020
7895 7027
7897 7029
7915 7042
7920 7044
7931 7045
7921 7046
7933 7050
7929 7053
7936 7058
7948 7068
7972 7085
7987 7092
7989 7094
7992 7097
7995 7098
7997 7099
7996 7101
7998 7103
8014 7109
8018 7114
8040 7127
8044 7130
8055 7141
8066 7146
8073 7150
8076 7157
8082 7159
8088 7162
8100 7175
8103 7179
8130 7197
8132 7201
8147 7204
8140 7207
8146 7214
8151 7220
8153 7221
8189 7239
8183 7241
8190 7248
8242 7294
8284 7325
8301 7329
8303 7342
8314 7351
8321 7355
8316 7356
8326 7360
8331 7366
8333 7368
8335 7371
8377 7412
8379 7417
8381 7418
8384 7422
8392 7430
8396 7436
8405 7447
8407 7449
8420 7457
8436 7475
8437 7476
8455 7487
8452 7489
8462 7497
8469 7500
8468 7501
8474 7509
8475 7510
8478 7513
8499 7533
8501 7538
8523 7558
8534 7571
8545 7578
8563 7596
8571 7609
8572 7610
8580 7618
8593 7628
8595 7630
8600 7633
8598 7634
8618 7655
8627 7662
8630 7666
8633 7667
8651 7683
8656 7689
8657 7691
8660 7694
8662 7696
8674 7700
8671 7701
8677 7704
8694 7721
8710 7737
8713 7743
8723 7754
8729 7757
8746 7763
8745 7767
8744 7768
8771 7781
8760 7782
8765 7784
8770 7785
8761 7787
8785 7809
8789 7810
8795 7813
8794 7816
8797 7817
8798 7818
8801 7820
8800 7822
8817 7830
8811 7832
8819 7842
8829 7845
8841 7853
8844 7855
8848 7860
8847 7862
8856 7871
8858 7872
8866 7880
8871 7881
8877 7889
8884 7892
8893 7904
8899 7908
8903 7911
8909 7916
8919 7918
8923 7925
8934 7927
8936 7935
8939 7939
8951 7947
8952 7948
8976 7963
8983 7968
8982 7970
8984 7971
8985 7972
8989 7974
8987 7975
8990 7978
8994 7983
9004 7993
9006 7996
9017 8002
9041 8025
9056 8036
9070 8049
9081 8057
9091 8060
9108 8077
9135 8096
9157 8114
9172 8135
10017 8153
9197 8157
9203 8165
9215 8177
9227 8182
9224 8187
9233 8196
9237 8199
9242 8204
9248 8207
9244 8208
9252 8210
9258 8213
9259 8216
9260 8220
9261 8221
9270 8223
9266 8224
9271 8225
9267 8227
9268 8228
9272 8230
9273 8231
9276 8232
9275 8233
9277 8234
9278 8236
9280 8237
9282 8239
9284 8240
9288 8241
9286 8242
9283 8243
9290 8244
9287 8245
9289 8248
9294 8250
9299 8251
9301 8253
9297 8256
9306 8257
9304 8258
9302 8259
9307 8261
9311 8262
9317 8266
9318 8267
9312 8268
9314 8269
9313 8270
9316 8271
9323 8274
9320 8275
9328 8277
9324 8279
9327 8283
9329 8284
9331 8285
9334 8287
9339 8290
9342 8291
9336 8292
9345 8294
9340 8295
9343 8296
9347 8299
9349 8301
9350 8302
9351 8304
9352 8305
9353 8306
9355 8307
9356 8308
9357 8309
9354 8310
9359 8314
9361 8315
9366 8317
9364 8318
9365 8319
9367 8321
9369 8323
9370 8325
9374 8326
9371 8327
9375 8330
9378 8331
9380 8333
9376 8335
9379 8336
9383 8337
9384 8338
9382 8339
9386 8342
9391 8343
9390 8344
9393 8345
9389 8346
9392 8349
9395 8350
9397 8354
9402 8357
9401 8358
9403 8359
9404 8361
9416 8369
9420 8371
9422 8375
9424 8376
9432 8378
9433 8383
9438 8389
9453 8403
9466 8411
9475 8416
9472 8418
9481 8421
9477 8423
9489 8433
9493 8435
9509 8447
9515 8450
9511 8451
9508 8452
9519 8454
9514 8458
9516 8461
9524 8467
9530 8469
9560 8481
9574 8503
9583 8508
9595 8518
9618 8524
9620 8527
9631 8535
9621 8536
9633 8537
9632 8543
9640 8548
9649 8552
9658 8560
9660 8561
9669 8565
9671 8567
9673 8570
9693 8594
9691 8596
9710 8612
9714 8616
9716 8617
9729 8621
9724 8623
9738 8630
9743 8643
9753 8649
9764 8661
9772 8667
9774 8671
9780 8678
9784 8682
9793 8691
9798 8694
9801 8699
9799 8700
9800 8701
9813 8712
9815 8715
9816 8716
9823 8718
9825 8720
9829 8723
9839 8735
9843 8741
9848 8745
9859 8756
9863 8759
9865 8765
9912 8815
9918 8817
9921 8824
9925 8825
9935 8834
9933 8835
9934 8836
9963 8852
9955 8853
9956 8854
9974 8863
9984 8874
10004 8896
10007 8901
10012 8910
10019 8912
10024 8915
10022 8916
10037 8924
10034 8925
10036 8926
10041 8933
10053 8949
10055 8950
10057 8953
10059 8958
10065 8964
10066 8966
10073 8974
10082 8980
10084 8984
10095 8994
10103 9007
10107 9017
10116 9025
10135 9038
10140 9042
10142 9045
10150 9052
10163 9062
10158 9064
10165 9068
10164 9069
10167 9070
10169 9074
10174 9077
10173 9079
10179 9080
10175 9081
10181 9085
10186 9089
10183 9090
10187 9091
10190 9092
10191 9093
10194 9095
10197 9099
10195 9100
10199 9101
10201 9103
10206 9104
10208 9108
10215 9115
10227 9122
10241 9138
10242 9141
10245 9144
10253 9146
10252 9152
10275 9166
10280 9169
10283 9174
10289 9178
10290 9180
10297 9185
10299 9188
10308 9201
10319 9208
10326 9218
10328 9221
10331 9223
10396 9271
10428 9315
10431 9316
10432 9317
10435 9318
10433 9320
10434 9321
10436 9322
10437 9323
10439 9324
10440 9325
10444 9326
10445 9327
10441 9328
10443 9330
10447 9332
10448 9333
10449 9334
10446 9335
10452 9336
10453 9337
10451 9338
10455 9339
10457 9340
10456 9342
10458 9343
10462 9344
10459 9345
10463 9346
10460 9348
10466 9349
10464 9350
10467 9351
10470 9353
10472 9354
10469 9355
10477 9359
10483 9360
10480 9363
10484 9364
10485 9365
10486 9366
10487 9367
10495 9372
10496 9373
10500 9377
10501 9379
10502 9382
10503 9383
10504 9384
10506 9387
10510 9389
10509 9390
10511 9393
10513 9394
10515 9397
10517 9399
10519 9400
10520 9401
10521 9402
10526 9406
10531 9409
10537 9418
10541 9423
10544 9424
10552 9431
10554 9432
10564 9439
10566 9440
10569 9445
10576 9447
10573 9448
10579 9449
10600 9462
10607 9467
10602 9468
10603 9469
10609 9470
10625 9476
10621 9478
10629 9484
10633 9486
10630 9487
10638 9488
10639 9489
10647 9492
10651 9497
10658 9503
10659 9504
10685 9524
10683 9527
10686 9529
10692 9531
10694 9535
10695 9536
10706 9544
10712 9546
10718 9553
10719 9555
10721 9557
10727 9565
10729 9566
10732 9569
10737 9573
10739 9574
10741 9578
10742 9579
10745 9581
10747 9582
10757 9596
10770 9613
10774 9616
9921 9617
10775 9618
10789 9628
10788 9629
10795 9635
10816 9656
10828 9668
10833 9672
10836 9677
10849 9689
10852 9692
10872 9709
10871 9714
10873 9718
10878 9719
10880 9725
10886 9727
10885 9729
10899 9738
10897 9739
10898 9740
10903 9742
10906 9743
10902 9744
10905 9745
10908 9747
10909 9748
10911 9750
10914 9751
10910 9752
10918 9754
10920 9755
10919 9756
10922 9758
10932 9768
10950 9785
11008 9840
11011 9843
11017 9861
11020 9864
11018 9865
11025 9866
11023 9868
11024 9869
11026 9870
11027 9871
11028 9872
11029 9874
11031 9875
11034 9876
11036 9878
11035 9879
11039 9881
11041 9882
11047 9888
11050 9892
11059 9898
11065 9901
11066 9906
11069 9908
11075 9911
11085 9917
11091 9922
11107 9935
11119 9946
11126 9953
11128 9954
11132 9955
11133 9957
11138 9962
11141 9964
11137 9967
11150 9971
11165 9984
11167 9986
11172 9992
11175 9994
11178 9997
11184 10002
11190 10007
11222 10037
11225 10040
11226 10043
11228 10045
11230 10047
11233 10052
11237 10057
11248 10070
11253 10071
11256 10075
11260 10081
11269 10088
11278 10098
11280 10101
11301 10118
11307 10123
11312 10127
11314 10132
11349 10162
11352 10165
11364 10171
11374 10180
11385 10185
11390 10190
11393 10196
11458 10257
11460 10260
11464 10263
11474 10269
11478 10274
11485 10282
11504 10300
11513 10304
11515 10305
11526 10314
11550 10330
11552 10333
11558 10340
11564 10348
11574 10355
11577 10359
11581 10362
11583 10363
11582 10364
11585 10367
11619 10391
11664 10418
11898 10527
12441 10845
12287 10972
12666 11059
12420 11102
12264 11201
12362 11211
12635 11251
12671 11256
12567 11265
12610 11267
12564 11271
12659 11272
12528 11282
12678 11289
12623 11319
12689 11325
12701 11359
12713 11365
12795 11501
12779 11507
12829 11547
3 19
23
8535 593
8534 595
8595 621
6630 650
6941 688
8985 832
9955 1083
9995 1095
10154 1168
10187 1192
10195 1197
10199 1198
10795 1517
10816 1541
10817 1542
10823 1551
10905 1616
10918 1623
11260 1808
11280 1818
11288 1821
11307 1831
11550 2002
4 9
963
136 250
303 803
316 843
324 873
337 914
342 934
347 960
356 994
357 996
365 1024
374 1041
389 1065
464 1193
515 1285
525 1316
573 1390
565 1404
576 1421
582 1440
591 1447
599 1458
608 1466
616 1470
2575 1478
612 1485
615 1500
638 1530
653 1537
647 1543
686 1616
703 1647
809 1806
815 1815
828 1852
833 1854
834 1855
835 1858
864 1930
938 2155
1522 4544
1539 4582
1553 4599
1568 4601
1566 4615
1883 5017
1890 5026
1892 5027
1897 5035
1901 5042
1905 5046
1907 5050
1920 5062
1924 5066
1928 5070
1943 5087
1964 5109
1973 5119
1995 5141
2009 5160
2020 5171
2033 5185
2038 5190
2039 5191
2044 5196
2059 5213
2061 5215
2068 5219
2065 5222
2071 5228
2079 5239
2085 5245
2090 5254
2092 5257
2122 5275
2109 5278
2117 5288
2164 5304
2136 5307
2254 5389
2263 5395
2266 5401
2285 5414
2304 5443
2349 5474
2330 5476
2331 5477
2342 5495
2375 5505
2372 5526
2448 5590
2462 5600
2457 5601
2478 5619
2484 5623
2458 5626
2485 5633
2494 5643
2488 5655
2505 5656
2511 5664
2518 5670
2515 5671
2521 5693
2538 5696
2535 5698
2520 5702
2549 5710
2550 5718
2557 5722
2544 5733
2573 5739
2561 5749
2583 5750
2570 5763
2578 5774
2603 5777
2608 5780
2611 5785
2590 5787
2615 5790
2616 5792
2621 5795
2601 5797
2633 5806
2634 5809
2657 5825
2631 5831
2630 5833
2664 5842
2650 5857
2692 5871
2674 5873
2684 5882
2698 5906
2739 5949
2751 5962
2786 5969
2764 5975
2771 5993
2810 6025
2826 6048
2842 6064
2849 6070
2913 6124
2892 6126
2893 6127
2908 6146
2914 6153
2917 6156
2920 6158
2921 6164
2927 6169
2932 6173
2934 6180
2940 6185
2942 6188
2946 6190
2948 6195
2949 6197
2955 6203
2963 6216
2965 6218
2979 6235
2985 6236
2978 6239
2991 6246
2988 6248
3007 6264
3004 6268
3017 6273
3016 6275
3023 6286
3027 6288
3033 6295
3042 6312
3041 6313
3047 6317
3052 6329
3054 6332
3057 6335
3068 6348
3071 6358
3080 6361
3090 6369
3078 6373
3089 6375
3094 6383
3087 6387
3104 6396
3105 6397
3108 6399
3129 6429
3140 6453
3147 6457
3150 6466
878 6467
3157 6478
3159 6479
3172 6506
3180 6512
3182 6516
3186 6523
3192 6532
3195 6536
3199 6539
3231 6572
893 6580
3241 6585
3246 6591
3248 6595
3283 6638
3286 6640
3306 6669
3319 6681
3323 6684
3333 6694
3355 6725
3364 6739
3369 6748
3368 6750
3376 6758
3377 6766
3396 6783
3398 6785
3410 6796
3412 6798
4499 8012
4503 8021
4510 8026
4545 8074
4642 8170
4639 8171
4702 8224
4720 8240
4741 8252
4734 8266
4745 8270
4751 8272
4769 8295
4821 8338
4813 8345
5035 8636
5060 8663
5063 8664
5061 8666
5072 8674
5083 8687
5086 8690
5089 8693
5092 8697
5096 8703
5099 8708
5108 8714
5117 8724
5118 8726
5128 8736
5140 8750
5152 8762
5170 8782
5174 8788
5173 8790
5178 8796
5187 8802
5188 8805
5193 8812
5202 8825
5220 8828
5226 8835
5234 8839
5217 8841
5238 8844
5247 8849
5228 8851
5244 8858
5260 8859
5261 8862
5273 8870
5278 8881
5281 8882
5292 8889
5301 8898
5307 8901
5322 8911
5328 8918
5329 8919
5332 8924
5337 8926
5352 8939
5355 8943
5361 8952
5376 8966
5371 8975
5398 8980
5390 8983
5389 8995
5416 9004
5407 9011
5435 9026
5418 9027
5444 9040
5432 9044
5449 9046
5461 9060
5448 9066
5463 9068
5465 9071
5474 9075
5472 9077
5462 9079
5476 9081
5486 9083
5491 9090
5497 9092
5495 9093
5493 9095
5494 9096
5487 9103
5510 9105
5508 9106
5507 9108
5511 9112
5515 9116
5503 9117
5502 9119
5530 9128
5535 9133
5518 9135
5517 9136
5524 9140
5547 9145
5550 9146
5553 9147
5554 9148
5556 9151
5546 9158
5565 9161
5568 9166
5552 9168
5571 9169
5574 9173
5577 9175
5580 9178
5583 9182
5563 9183
5585 9184
5566 9186
5588 9187
5592 9190
5594 9191
5595 9194
5582 9200
5599 9203
5607 9204
5610 9206
5589 9209
5613 9211
5615 9214
5593 9215
5614 9232
5637 9238
5638 9239
5643 9243
5640 9245
5644 9248
5636 9255
5654 9259
5661 9269
5671 9277
5672 9281
5679 9289
5687 9295
5669 9299
5699 9309
5680 9311
5711 9319
5689 9321
5720 9328
5728 9334
5733 9342
5742 9350
5749 9353
5739 9360
5740 9363
5751 9372
5774 9391
5780 9405
5785 9407
5806 9410
5788 9411
5792 9417
5796 9418
5795 9419
5800 9423
5810 9428
5812 9430
5824 9443
5827 9446
5823 9448
5836 9458
5841 9466
5846 9467
5849 9469
5859 9478
5870 9491
5891 9493
5875 9500
5881 9505
5887 9513
5893 9516
5900 9522
5898 9527
5904 9528
5906 9530
5909 9535
5912 9542
5920 9544
5919 9547
5922 9548
5923 9549
5918 9551
5929 9555
5931 9556
5932 9557
5930 9558
5936 9562
5951 9573
5954 9575
5960 9584
5971 9597
5998 9624
6008 9629
6014 9638
6017 9640
6016 9642
6023 9647
6029 9653
6031 9661
6038 9662
6043 9667
6052 9673
6050 9675
6057 9682
6065 9696
6071 9699
6069 9701
6083 9719
6084 9726
6094 9734
6093 9735
6097 9738
6102 9745
6108 9756
6114 9770
6129 9785
6130 9788
6137 9796
6135 9801
6153 9819
6219 9889
6239 9908
6514 10191
6526 10208
6541 10221
6697 10399
6730 10439
6861 10576
7194 10935
7202 10945
7229 10977
7298 11054
7306 11066
7324 11077
7339 11104
7349 11111
7372 11135
7394 11158
7398 11164
7458 11238
7457 11239
7465 11246
7464 11247
7466 11250
7470 11254
7482 11266
7481 11269
7488 11275
7493 11284
7505 11296
7512 11303
7518 11308
7523 11312
7546 11331
7545 11332
7547 11333
7542 11335
7550 11336
7551 11337
7554 11341
7556 11343
7558 11345
7552 11346
7549 11347
7562 11350
7564 11354
7567 11356
7563 11360
7572 11362
7576 11367
7580 11372
7582 11373
7586 11374
7589 11378
7592 11381
7595 11382
7600 11385
7606 11390
7607 11392
7609 11395
7614 11396
7619 11402
7620 11403
7623 11407
7624 11408
7628 11413
7634 11423
7638 11424
7644 11429
7646 11438
7650 11444
7656 11449
7657 11450
7658 11452
7661 11455
7671 11462
7672 11463
7668 11466
7669 11467
7673 11477
7685 11480
7686 11484
7692 11493
7701 11498
7710 11507
7707 11512
7720 11514
7719 11515
7711 11517
7722 11518
7723 11519
7727 11527
7728 11528
7733 11533
7737 11535
7725 11536
7739 11538
7735 11545
7745 11547
7746 11548
7738 11549
7748 11552
7749 11553
7750 11555
7752 11557
7753 11560
7743 11561
7758 11563
7755 11564
7757 11565
7763 11567
7765 11569
7769 11570
7770 11571
7756 11572
7773 11574
7774 11578
7776 11579
7775 11582
7764 11584
7766 11585
7781 11587
7783 11588
7788 11591
7790 11592
7792 11594
7782 11599
7785 11600
7798 11602
7789 11603
7802 11606
7804 11607
7793 11609
7807 11611
7797 11612
7808 11613
7810 11622
7820 11624
7809 11625
7825 11628
7826 11630
7827 11633
7824 11637
7832 11638
7837 11639
7843 11643
7842 11645
7850 11652
7839 11653
7848 11661
7861 11663
7853 11666
7872 11676
7870 11681
7882 11689
7883 11692
7887 11696
7888 11697
7897 11707
7901 11709
7903 11710
7904 11711
7905 11712
7911 11717
7914 11721
7922 11724
7927 11730
7933 11732
7935 11734
7942 11747
7944 11749
7947 11753
7950 11755
7951 11756
7956 11759
7958 11764
7968 11773
7975 11785
7978 11788
8002 11809
8014 11819
8024 11829
8023 11830
8032 11842
8033 11844
8035 11846
8042 11854
8044 11855
8047 11859
8056 11870
8058 11872
8057 11873
8062 11877
8066 11880
8065 11882
8069 11883
8074 11895
8081 11901
8090 11914
8091 11915
8120 11941
8145 11982
8327 12150
8331 12161
8345 12174
8438 12287
8449 12302
8455 12313
8463 12321
8470 12329
8578 12441
8755 12639
8787 12675
8839 12732
8848 12744
8855 12750
8864 12751
8888 12783
8922 12813
8943 12839
9005 12900
9027 12925
9031 12928
9029 12929
9036 12938
9039 12940
9058 12959
9112 13011
9132 13030
9139 13031
9142 13035
9150 13044
9157 13048
9153 13059
9167 13064
9168 13066
9172 13069
9175 13075
9177 13079
9183 13086
9185 13088
9190 13089
9193 13099
9198 13101
9199 13102
9202 13106
9203 13109
9209 13110
9210 13111
9211 13112
9219 13125
9220 13127
9221 13128
9223 13130
9228 13135
9233 13138
9237 13143
9241 13152
9250 13166
9249 13169
9255 13174
9261 13178
9269 13194
9276 13197
9283 13210
9286 13216
9287 13217
9294 13223
9299 13233
9311 13250
9315 13256
9316 13257
9320 13261
9303 13263
9319 13264
9306 13265
9329 13277
9328 13280
9338 13292
9345 13296
9337 13301
9340 13304
9355 13305
9354 13306
9341 13309
9361 13316
9364 13319
9369 13325
9371 13326
9374 13330
9367 13332
9381 13337
9384 13346
9375 13347
9379 13354
9392 13356
9395 13357
9402 13362
9388 13363
9394 13373
9411 13374
9410 13378
9415 13382
9424 13391
9425 13393
9417 13395
9441 13414
9438 13416
9453 13427
9456 13437
9460 13442
9465 13445
9463 13447
9478 13460
9480 13461
9506 13485
9500 13487
9505 13489
9525 13497
9524 13506
9528 13512
9548 13527
9542 13530
9549 13542
9566 13563
9595 13586
9598 13590
9599 13592
9606 13594
9608 13598
9612 13608
9618 13618
9631 13625
9625 13626
9643 13637
9639 13640
9650 13641
9646 13648
9648 13651
9664 13653
9688 13704
9775 13809
9777 13810
9790 13830
9792 13832
9817 13859
9904 13961
9910 13970
9933 13993
9934 13995
9957 14018
10008 14074
10180 14294
10199 14307
10200 14312
10208 14318
10221 14335
10230 14341
10284 14389
10296 14405
10300 14407
10341 14447
10353 14453
10351 14454
10364 14466
10368 14467
10378 14475
10382 14478
10379 14479
10385 14484
10383 14485
10388 14487
10389 14488
10396 14493
10395 14496
10399 14498
10402 14502
10401 14503
10408 14504
10411 14510
10417 14516
10420 14519
10422 14520
10421 14522
10427 14523
10428 14524
10424 14525
10426 14527
10430 14529
10429 14531
10438 14537
10442 14538
10451 14549
10455 14553
10456 14554
10448 14555
10459 14556
10466 14563
10464 14569
10472 14570
10474 14571
10475 14572
10479 14577
10482 14580
10492 14590
10494 14594
10487 14596
10496 14598
10498 14603
10503 14607
10513 14615
10519 14618
10514 14620
10527 14638
10532 14642
10537 14651
10544 14654
10546 14655
10552 14660
10562 14677
10563 14680
10583 14700
10590 14705
10596 14708
10591 14711
10594 14713
10600 14720
10607 14724
10605 14725
10608 14728
10609 14731
10666 14811
10850 15012
10852 15016
10857 15023
10940 15090
10950 15099
10961 15109
11011 15158
11034 15174
11035 15177
11043 15182
11045 15184
11042 15185
11050 15187
11055 15190
11059 15195
11069 15208
11071 15209
11070 15210
11078 15214
11080 15216
11088 15225
11099 15230
11100 15231
11094 15232
11101 15235
11109 15243
11114 15251
11120 15256
11132 15269
11141 15276
11134 15279
11148 15282
11147 15285
11150 15286
11180 15313
11183 15316
11201 15326
11203 15328
11216 15341
11229 15353
11251 15368
11253 15374
11274 15393
11281 15398
11287 15409
11307 15428
11573 15702
11587 15720
11592 15725
11596 15729
11600 15732
11604 15735
11608 15740
11622 15755
11624 15757
11628 15762
11640 15772
11648 15783
11650 15785
11654 15790
11655 15792
11657 15794
11656 15795
11740 15892
11750 15905
11766 15912
11790 15930
11860 15987
13030 17415
13054 17481
13119 17522
13134 17542
13050 17784
4 11
277
403 802
573 1111
2549 1170
693 1333
706 1374
937 1916
2462 4314
2516 4390
2544 4433
2563 4454
2568 4469
2592 4496
2601 4501
2616 4511
2687 4607
2696 4623
2698 4627
2707 4633
2751 4696
2965 4962
2991 4995
3007 5012
3041 5055
3068 5100
3104 5136
3105 5142
3129 5171
3231 5278
3246 5290
3257 5308
3265 5322
3272 5328
3282 5335
3288 5340
3299 5353
3306 5362
3319 5373
3318 5379
3327 5385
3333 5390
3342 5391
3341 5403
3349 5420
3355 5423
3359 5424
3364 5429
3360 5435
3366 5440
3375 5448
3379 5451
3383 5452
3378 5457
3401 5477
3405 5491
3412 5502
3417 5503
3414 5506
3418 5510
5238 7329
5260 7347
5261 7348
5281 7369
5288 7376
5307 7394
5326 7404
5390 7469
5416 7490
5459 7545
5471 7562
5472 7565
5515 7605
5514 7607
5527 7620
5538 7633
5543 7639
5546 7640
5549 7643
5565 7651
5568 7653
5566 7658
5588 7671
5599 7688
5603 7699
5630 7715
5638 7723
5635 7731
5640 7736
5774 7919
5780 7933
5796 7947
5795 7951
5800 7960
5812 7968
5847 8021
5887 8076
5906 8103
5936 8135
5992 8193
6017 8226
6023 8233
6037 8243
6038 8245
6050 8254
6052 8255
6056 8262
6057 8263
6069 8272
6071 8273
6083 8288
6084 8293
6094 8301
6097 8310
6108 8324
6129 8348
6130 8357
6141 8365
6144 8369
6147 8377
6151 8381
6158 8393
6160 8394
6162 8406
6170 8413
6167 8416
6169 8419
6194 8448
6270 8559
6275 8564
6272 8568
6288 8576
7547 9828
7554 9837
7562 9841
7567 9847
7572 9854
7575 9860
7582 9863
7592 9873
7610 9886
7623 9896
7621 9898
7624 9899
7646 9928
7657 9934
7658 9939
7669 9950
7674 9953
7692 9974
7691 9975
7694 9979
7698 9980
7697 9981
7701 9982
7710 9996
7711 9998
7728 10008
7732 10017
7737 10018
7735 10020
7748 10027
7758 10041
7774 10056
7775 10059
7781 10062
7779 10066
7783 10068
7785 10076
7806 10098
7810 10105
7901 10228
8011 10364
8014 10365
8024 10371
8032 10381
8035 10385
8044 10394
8047 10398
8053 10404
8056 10415
8058 10417
8060 10418
8057 10419
8069 10434
8076 10440
8075 10445
8078 10447
8083 10458
8085 10460
8088 10466
8093 10475
8096 10489
8099 10493
8102 10499
8156 10575
8166 10588
8171 10590
9118 11473
9139 11493
9157 11507
9168 11516
9175 11524
9185 11531
9198 11540
9199 11541
9206 11549
9210 11550
9206 11553
9219 11562
9221 11565
9230 11576
9236 11584
9249 11597
9253 11600
9255 11605
9268 11622
9290 11645
9311 11666
9327 11685
9336 11690
9341 11704
9354 11711
9366 11717
9370 11739
9375 11742
9384 11745
9388 11764
9556 12010
9566 12019
9587 12037
9595 12056
9606 12074
9615 12084
9616 12092
9619 12093
9620 12094
9624 12099
9629 12107
10356 12907
10367 12917
10376 12923
10401 12950
10408 12954
10407 12956
10413 12959
10411 12960
10421 12967
10427 12969
10429 12973
10451 12988
10453 12989
10466 12999
10595 13171
10597 13177
10599 13184
10614 13224
10618 13232
10621 13233
11038 13615
11069 13643
11080 13658
11229 13806
11246 13824
11261 13852
11269 13869
11278 13879
11282 13884
11284 13887
11283 13890
11291 13895
11587 14191
11608 14210
11648 14260
11654 14272
11658 14279
11662 14289
12051 14692
13119 16470
4 12
85
639 2037
697 6786
3976 7866
5261 9203
5471 9376
5548 9440
5574 9460
5585 9470
5588 9471
5599 9478
5638 9509
5671 9544
5687 9562
5706 9578
5720 9593
5733 9607
5745 9614
5749 9620
6697 10443
6724 10470
6833 10564
6844 10573
6872 10597
7614 11245
7623 11263
7691 11322
7720 11346
7723 11347
7727 11353
7737 11359
7733 11362
7746 11368
7748 11369
7749 11370
7750 11376
7770 11389
7765 11390
7774 11393
7775 11398
7788 11402
7783 11405
7790 11409
7820 11437
7826 11448
7843 11467
8132 11739
8158 11757
8301 11902
8439 12047
8444 12052
8451 12059
8463 12063
8476 12072
8504 12106
8515 12110
8531 12127
8537 12132
8549 12143
8550 12153
8626 12231
8697 12306
9185 12780
9269 12883
9315 12932
9319 12933
9336 12953
9355 12968
9354 12971
9369 12984
9402 13013
9650 13298
9664 13315
9918 13720
9937 13728
9977 13752
10002 13777
10052 13816
10385 14092
10395 14105
10402 14113
10421 14130
10427 14134
10474 14168
10482 14174
10740 14505
4 22
19
2470 1845
2988 2337
6720 3141
8426 5276
8455 5320
8463 5326
8549 5412
7735 6148
9664 6526
9823 6694
9893 6742
10674 7854
10675 7860
11281 8559
10611 8560
11464 8730
11287 9074
11686 9125
11700 9167
4 42
97
2303 624
2304 629
2339 663
485 669
2402 743
2438 801
2462 822
2457 827
2469 830
2484 856
2485 861
581 902
619 971
2583 979
2596 992
2608 1008
2616 1011
2658 1044
2670 1051
2792 1173
2867 1229
3838 1818
3961 1906
4285 2079
4383 2139
4396 2145
1442 2313
5206 2914
5398 3153
5647 3479
2913 3637
3417 4106
6534 4580
6767 4866
6770 4871
6801 4903
7281 5419
7290 5445
4865 5556
7536 5838
7595 5928
7607 5944
7614 5957
5503 6089
7727 6168
7739 6174
7750 6196
7757 6205
6157 6686
8283 7019
8289 7036
8330 7109
6675 7282
6735 7335
8508 7384
8512 7394
8528 7410
8542 7444
6856 7445
8549 7449
8617 7556
8839 7836
7458 7941
9139 8017
7592 8069
9223 8105
7735 8204
7961 8396
8075 8505
8816 8509
9793 8696
8426 8776
8478 8816
9949 8826
9027 9252
9058 9282
9112 9329
10364 9371
9233 9446
10198 9467
10199 9538
9478 9690
9620 9845
9649 9897
9753 10033
10726 10205
10842 10520
10367 10609
10492 10725
10863 10980
10940 11129
11281 11362
11686 11583
11654 11668
12010 12131
8515 13084
13172 13231
4 51
74
464 671
2303 677
474 701
2339 712
2402 796
2487 905
2485 909
2588 1044
2596 1053
2670 1113
2685 1130
3947 2083
3961 2111
1539 2714
2308 3384
2375 3461
5445 3553
5547 3699
5548 3700
3417 4483
6526 4981
6600 5075
6770 5292
6801 5325
6827 5358
5577 5819
7556 6326
7582 6371
7607 6406
7638 6469
7671 6528
7727 6635
7757 6676
8283 7531
8330 7607
6675 7764
8498 7858
8508 7876
8512 7885
8528 7903
8617 8054
7592 8600
9198 8611
9223 8634
9254 8670
9329 8761
8816 9060
8426 9338
8429 9341
9964 9404
9967 9410
9973 9420
10080 9549
10215 9744
9027 9824
10364 9925
10198 10017
10466 10105
9559 10309
9615 10369
9648 10429
10668 10577
12046 10760
10287 11039
11043 11113
11296 11321
11368 11362
11418 11420
11428 11430
11425 11536
10933 11577
10950 11579
11666 11780
11686 11969
4 52
69
468 670
2484 841
2583 905
2588 909
2596 912
2616 922
2652 939
2658 941
2338 2911
2375 2941
2462 3027
2557 3124
6592 4113
5745 4907
5261 5349
5391 5462
5445 5513
5640 5655
5671 5676
5687 5689
6191 6066
6201 6076
6676 6556
6835 6707
6900 6762
6997 6871
7009 6886
7745 7504
8283 7899
8405 8006
8457 8056
8479 8061
8485 8064
8489 8071
8498 8079
8515 8085
8508 8091
8549 8106
8556 8110
8637 8157
8645 8170
8660 8175
8663 8179
8688 8200
10364 8650
10198 8738
9858 9433
9866 9442
9927 9502
9923 9503
9958 9521
9966 9522
9980 9526
9981 9530
9994 9536
10044 9564
10052 9566
10086 9607
10178 9690
10367 9872
10376 9882
10713 10266
10718 10267
10723 10272
11532 10964
11690 11088
11700 11094
11709 11099
12753 12294
4 53
16
2588 1076
1454 2934
5226 3521
5548 3991
5599 4051
5706 4202
7757 7018
8132 7633
6776 8210
6872 8347
9183 9074
8486 9998
8556 10050
8608 10108
9974 11669
10723 12518
5 17
247
257 271
511 516
1389 1157
1994 1521
5772 1642
2553 2078
2611 2130
2668 2182
2874 2361
2887 2372
3023 2437
3195 2586
3345 2711
3350 2724
3357 2728
3369 2737
3370 2738
3490 2817
3508 2830
3616 2909
3936 3153
3946 3158
3959 3166
4016 3211
4102 3323
4229 3466
4248 3487
4264 3502
4488 3709
8312 3750
5288 4352
5878 4945
5974 5028
6190 5213
6202 5228
6230 5252
6392 5388
6521 5496
6531 5505
6533 5518
6543 5521
6551 5533
6554 5536
6552 5537
6561 5551
6575 5559
6634 5602
6646 5614
6653 5616
6661 5623
6670 5627
6677 5636
6723 5668
6749 5688
6757 5697
6759 5700
10443 5815
7040 5949
7056 5967
7090 5999
7179 6088
7260 6171
7301 6212
7346 6245
7473 6350
7526 6406
7548 6410
7559 6433
7613 6482
7918 6742
7924 6745
8105 6895
8140 6919
8219 6989
8524 7235
8552 7256
8686 7373
8732 7404
8759 7421
8785 7449
8895 7533
8904 7542
8937 7562
9134 7726
9583 8141
9665 8231
9667 8236
9697 8263
9709 8272
9715 8273
9733 8294
9741 8301
9750 8305
9760 8316
9768 8321
9780 8340
9926 8456
10152 8665
10161 8677
10165 8681
10187 8701
10195 8708
10202 8711
10222 8738
10232 8743
10243 8748
10253 8755
10256 8757
10267 8767
10270 8772
10292 8789
10303 8793
10307 8799
10320 8804
10379 8871
10390 8886
10592 9077
10596 9083
10598 9090
10608 9095
10614 9099
10769 9242
10799 9271
10802 9275
10812 9284
10821 9293
10829 9309
10897 9361
11004 9429
11037 9453
11044 9456
11088 9493
11111 9519
11180 9575
11304 9674
11434 9785
11595 9913
11603 9916
11868 10121
11897 10184
11899 10185
11900 10187
11901 10189
11903 10190
11992 10266
12151 10382
12170 10406
12483 10671
12548 10737
12568 10752
12587 10771
12679 10849
12717 10880
12874 11022
12879 11027
12886 11034
12924 11067
12934 11078
12938 11084
12947 11086
12952 11092
12958 11097
12959 11098
12963 11105
12976 11116
12989 11124
12994 11132
13097 11223
13141 11262
13237 11359
13350 11437
13360 11445
13392 11469
13410 11478
13449 11506
13462 11519
13468 11524
13513 11553
13587 11603
13600 11612
13676 11674
13771 11738
14733 11878
13972 11900
13973 11901
14278 12143
14346 12196
14620 12463
14631 12472
14637 12481
14639 12484
14648 12492
14667 12505
14694 12530
14699 12533
14708 12544
14793 12590
14807 12601
14859 12648
14896 12685
14903 12688
14914 12695
14917 12698
14919 12703
15027 12784
15033 12788
15135 12848
15197 12885
15217 12895
15251 12923
16240 13092
15579 13165
15763 13348
15776 13356
15853 13418
15860 13428
15867 13435
15874 13439
15893 13453
15894 13456
15932 13487
15936 13492
15943 13497
15971 13515
15972 13516
15982 13523
15998 13531
16026 13552
16027 13555
16100 13604
16133 13628
16143 13635
16411 13878
16417 13885
16420 13887
16510 13955
16527 13969
16537 13976
16563 14000
16579 14016
16639 14068
16814 14202
16834 14218
17842 14392
17713 14667
19516 16046
19516 16947
5 20
23
5194 395
8525 2261
11889 2334
13168 3410
13230 3491
13265 3527
12172 4378
14266 4489
14816 4949
14859 4970
15059 5118
13446 5238
15301 5658
14159 5738
14589 6060
15955 6240
16005 6352
16496 7237
16537 7272
16107 7360
16537 7769
18428 8584
18150 8726
5 26
57
7622 5025
8015 5516
10256 6930
10379 7012
10390 7017
10944 7803
11111 7972
11140 8001
11154 8030
11318 8199
12914 9250
12919 9256
13132 9518
13131 9520
13143 9530
13158 9549
13171 9581
13205 9636
13209 9641
13216 9652
13477 10004
13495 10028
13577 10083
13600 10110
13806 10324
14594 10793
14877 11064
14887 11069
14896 11090
14914 11112
14917 11119
14923 11121
14947 11161
14954 11166
14970 11202
14994 11220
15000 11222
15059 11315
15071 11333
15130 11423
15184 11493
15199 11519
15467 11817
15560 12015
15841 12152
15971 12271
15994 12297
16003 12303
16020 12323
16062 12367
16476 12748
16510 12788
16537 12817
16541 12823
16558 12843
16601 12878
18428 14738
5 30
19
5974 1496
6828 2438
4182 3199
8718 4108
8176 7653
5085 8467
10779 10434
10832 10508
11614 11267
14022 11723
8948 11807
13237 12986
14923 14628
14958 14681
15043 14790
15971 15779
16537 16327
18428 18585
19516 18997
5 48
14
3219 1219
10903 7001
10832 10788
14627 12927
14699 12984
13117 13271
14896 14936
14923 14964
15043 15103
15042 15104
16782 16554
16537 16574
18428 19007
19516 19423
6 15
1267
9 9
35 33
60 64
158 166
167 174
170 180
182 194
219 219
239 243
263 266
261 268
265 278
269 280
281 304
290 309
294 315
298 328
305 331
346 392
395 429
405 438
415 454
468 524
472 528
474 531
478 537
485 544
489 547
491 549
494 552
503 571
516 586
527 595
528 598
531 602
536 608
538 610
544 619
545 622
552 629
558 633
569 649
575 658
584 671
602 694
614 711
617 712
621 723
625 729
626 731
631 739
634 740
642 751
658 765
659 766
671 779
685 795
688 800
695 810
708 820
712 830
718 831
734 855
743 864
754 873
775 904
776 910
781 915
786 926
801 940
802 945
805 947
809 950
813 952
822 962
825 966
827 970
846 996
843 998
848 1000
849 1006
868 1026
871 1027
930 1069
1055 1203
1092 1240
1095 1244
1096 1245
1097 1246
1115 1258
1136 1279
1143 1285
1142 1286
1162 1301
1169 1306
1175 1309
1182 1319
1193 1326
1208 1342
1233 1368
1243 1373
1244 1374
1246 1377
1247 1378
1255 1381
1259 1392
1295 1420
1298 1423
1304 1426
1307 1429
1309 1432
1310 1433
1329 1449
1340 1456
1349 1463
1353 1466
1356 1472
1366 1481
1371 1490
1387 1512
1447 1577
1467 1595
1488 1619
1530 1656
1564 1696
4 1697
1569 1710
1666 1819
1656 1821
1742 1907
1756 1915
1759 1920
1769 1936
1781 1948
1790 1958
1798 1962
1797 1969
1816 1974
1824 1981
228 1994
1858 2021
1850 2022
1865 2029
1869 2030
1873 2037
1890 2048
1891 2055
1898 2061
1905 2071
1896 2076
1911 2081
1907 2086
1912 2090
1917 2095
1925 2098
1922 2099
1929 2105
1940 2110
1944 2119
1951 2122
1960 2129
1955 2130
1973 2140
1981 2142
1967 2143
1987 2146
1986 2152
2002 2160
2006 2164
2010 2170
2016 2172
2020 2179
2014 2180
2024 2182
2039 2206
2055 2221
2071 2243
2079 2252
2080 2254
2091 2265
2113 2298
2119 2302
2163 2348
2166 2350
2193 2379
2200 2386
2203 2392
2208 2394
2211 2396
2229 2421
2251 2424
2246 2440
2253 2445
2267 2458
2280 2471
2283 2475
2287 2483
2289 2485
2306 2499
2334 2528
2340 2531
2345 2534
2348 2535
2359 2544
2369 2562
2381 2574
2385 2576
2387 2578
2390 2582
2394 2584
2397 2586
2395 2587
2398 2590
2407 2607
2413 2615
2424 2631
2423 2632
2434 2645
2438 2646
2437 2649
2448 2659
2462 2675
2465 2685
2466 2689
2471 2695
2477 2706
2487 2709
2495 2719
2491 2720
2492 2721
2498 2728
2500 2729
2503 2733
2505 2734
2506 2736
2509 2741
2515 2747
2520 2749
2518 2751
2526 2752
2522 2758
2524 2761
2533 2766
661 2767
2537 2768
2553 2785
2557 2795
2560 2799
2569 2809
2573 2814
2571 2816
2576 2819
2581 2828
2633 2883
2638 2893
2659 2918
2667 2925
2671 2930
2672 2931
2677 2943
2683 2948
2682 2950
2687 2954
2691 2955
2695 2962
2696 2963
2701 2970
2706 2975
2702 2976
2710 2980
2708 2981
2712 2983
2713 2984
2719 2989
2716 2990
2726 3004
2729 3009
2744 3019
2792 3070
927 3086
2931 3194
2977 3240
2978 3242
2986 3250
2992 3259
3009 3280
3026 3297
3028 3298
3031 3299
3036 3304
3041 3307
3053 3322
3055 3325
3063 3334
3082 3354
3090 3366
3091 3367
3092 3370
3099 3378
3101 3379
3106 3384
3107 3386
3109 3387
3110 3390
3116 3396
3119 3399
3129 3413
3138 3421
3143 3432
3147 3440
3149 3441
3151 3443
3155 3447
3158 3449
3166 3460
3172 3467
3174 3469
3175 3472
3180 3479
3183 3480
3181 3482
3184 3483
3186 3484
3188 3488
3193 3490
3199 3496
3200 3501
3202 3502
3207 3510
3214 3520
3223 3524
3219 3525
3228 3533
3260 3568
3264 3572
3273 3582
3281 3593
3283 3595
3290 3603
3313 3630
3317 3633
3326 3643
3329 3648
3333 3656
3337 3663
3343 3668
3352 3674
3366 3687
3367 3688
3364 3689
3371 3695
3374 3697
3377 3702
3373 3703
3387 3707
3386 3710
3393 3719
3397 3720
3415 3742
3414 3743
3427 3749
3453 3782
1390 3789
3466 3791
3481 3818
3492 3827
3506 3842
3513 3852
3523 3861
3517 3864
3528 3869
3529 3876
3537 3881
3539 3886
3550 3888
3546 3893
3554 3901
3558 3905
3574 3915
3584 3931
1439 3940
3593 3941
3611 3951
3625 3974
3624 3978
3631 3984
1464 4054
1475 4087
3754 4092
3757 4095
3756 4096
3767 4106
3769 4110
3773 4111
3779 4123
3788 4130
3813 4154
3818 4160
3816 4161
3845 4188
3846 4189
3850 4193
3852 4196
3853 4199
3866 4212
3868 4213
3873 4218
3888 4238
3899 4250
3901 4251
3902 4252
3906 4255
3907 4256
3908 4258
3910 4262
3914 4267
3918 4272
3921 4274
3922 4275
3934 4288
3938 4298
3940 4300
4031 4427
4034 4429
4070 4476
4122 4523
4145 4543
4154 4551
4159 4556
4164 4558
4163 4559
4165 4560
4166 4562
4177 4569
4171 4575
4179 4580
4180 4581
4182 4588
4192 4594
4204 4613
4217 4614
4213 4617
4227 4625
4231 4632
4229 4633
4240 4635
4233 4640
4232 4642
4234 4644
4246 4648
4252 4658
4265 4664
4269 4683
4268 4690
4279 4691
4283 4693
4280 4695
4292 4697
4294 4698
4298 4699
4286 4700
4299 4707
4293 4708
4304 4713
4307 4717
4305 4718
4308 4719
4318 4722
4313 4726
4323 4734
4321 4737
4331 4739
4326 4741
4335 4744
4342 4746
4339 4747
4345 4756
4361 4761
4354 4765
4368 4770
4366 4771
4372 4779
4383 4794
2034 4796
4385 4799
4391 4801
4394 4803
4403 4810
4408 4820
4418 4828
4434 4844
4439 4849
4447 4858
4451 4865
4480 4902
4501 4920
4536 4951
4535 4953
4544 4958
4567 4987
4568 4989
4590 4991
4598 5001
4585 5008
4587 5012
4602 5027
4611 5035
4617 5040
4626 5049
4627 5050
4640 5064
4680 5096
4690 5099
4704 5112
4711 5122
4710 5123
4714 5125
4715 5126
4721 5132
4723 5135
4726 5137
4744 5151
4755 5164
4757 5165
4769 5174
4771 5177
4801 5202
4863 5218
4819 5223
4821 5225
4824 5228
4829 5229
4825 5231
4828 5234
4831 5236
4838 5246
4845 5251
4848 5254
4853 5255
4856 5261
4879 5281
4880 5284
4881 5286
4886 5290
4889 5292
4894 5298
4899 5303
4942 5322
4931 5334
4946 5348
4953 5352
4958 5360
4981 5384
4987 5387
4988 5388
4989 5396
4994 5398
4999 5408
5005 5410
5003 5411
5010 5413
5017 5421
5018 5423
5023 5426
5020 5427
5021 5428
5025 5430
5027 5432
5029 5434
5037 5442
5041 5445
5052 5460
5056 5461
5084 5491
5086 5494
5095 5500
5098 5505
5106 5513
5114 5517
5112 5518
5148 5555
5158 5568
5173 5584
5192 5599
5211 5615
5220 5623
5227 5628
5298 5685
5306 5693
5309 5697
5322 5706
5325 5711
5328 5718
5337 5726
5336 5727
5335 5728
5339 5730
5346 5733
5349 5735
5354 5739
5361 5743
5363 5746
5380 5757
5378 5758
5388 5766
5402 5778
5412 5787
5424 5800
5437 5809
5442 5816
5475 5839
5474 5840
5491 5853
5496 5856
5497 5858
5501 5865
5508 5868
5510 5872
5509 5873
5515 5878
5513 5879
5517 5884
5520 5885
5525 5887
5529 5894
5533 5895
5535 5900
5537 5903
5538 5904
5540 5905
5545 5911
5543 5914
5549 5918
5557 5927
5558 5928
5564 5932
5573 5947
5576 5950
5602 5975
5605 5977
5609 5978
5611 5984
5612 5985
5614 5986
5617 5993
5620 5998
5635 6016
5637 6017
5654 6029
5670 6041
5676 6046
5679 6048
5675 6049
5698 6064
5704 6068
5701 6070
5706 6072
5709 6074
5718 6079
5717 6083
3401 6095
5732 6096
5734 6099
5740 6107
5744 6111
5742 6112
5753 6117
5758 6126
5762 6132
5774 6144
5788 6164
5799 6176
5878 6180
5808 6182
5818 6193
5824 6199
5840 6222
5849 6226
5856 6233
5883 6250
5876 6251
5881 6254
5913 6280
5937 6300
5960 6324
5965 6332
5966 6333
6077 6393
6065 6423
6075 6433
6083 6442
6090 6450
6148 6509
6152 6512
6150 6514
6154 6515
6164 6527
6165 6528
6170 6539
6194 6571
6202 6580
6204 6581
6206 6585
6220 6600
6221 6603
6291 6705
6312 6723
6315 6726
6329 6737
6333 6741
6334 6743
6339 6751
6340 6752
6344 6760
6342 6761
6349 6763
6352 6769
6353 6772
6363 6778
6370 6779
6371 6780
6374 6783
6367 6785
6376 6789
6385 6792
6386 6793
6388 6797
6383 6799
6389 6800
6392 6801
6394 6802
6398 6804
6395 6808
6397 6810
6402 6811
6407 6813
6404 6816
6410 6817
6406 6819
6414 6820
6413 6822
6409 6823
6408 6824
6412 6825
6415 6826
4302 6827
6416 6828
6421 6830
6426 6831
6422 6835
6429 6836
6437 6840
6433 6841
6438 6846
6439 6850
6446 6851
6440 6852
6460 6868
6463 6875
6471 6884
6496 6910
6499 6911
6522 6932
4490 6940
6555 6964
6566 6977
6574 6984
6578 6989
6583 6993
6605 7003
6593 7005
6601 7012
6607 7015
6608 7017
6615 7026
6616 7027
6617 7031
6619 7034
6627 7040
6628 7041
6629 7042
6631 7043
6630 7044
6639 7051
6651 7062
6658 7068
6664 7071
6688 7088
6696 7094
6700 7099
6705 7101
6706 7103
6711 7104
6718 7109
6724 7114
6754 7141
6760 7146
6764 7157
6771 7161
6772 7162
6774 7167
6775 7168
6777 7170
6824 7195
6804 7197
6829 7204
6813 7207
6818 7214
6844 7241
6880 7247
6854 7249
6855 7250
6859 7252
6863 7253
6867 7257
6878 7266
6881 7274
6884 7275
6889 7283
6888 7284
6893 7286
6894 7287
6900 7290
6902 7294
6906 7296
6913 7300
6915 7304
6918 7308
6927 7314
6931 7317
6934 7320
6932 7321
6935 7322
6943 7330
6945 7334
6948 7340
6951 7344
7006 7398
7021 7418
7024 7419
7033 7425
7038 7426
7037 7427
7047 7434
7050 7435
7055 7437
7060 7441
7061 7445
7066 7448
7083 7457
7088 7464
7089 7465
7095 7472
7110 7483
7116 7492
7121 7497
7126 7500
7125 7501
7133 7509
7136 7510
7141 7517
7149 7525
7167 7542
7178 7554
7183 7559
7189 7565
7190 7570
7197 7573
7202 7579
7208 7586
7218 7596
7221 7603
7222 7605
7230 7615
7236 7619
7242 7622
7240 7623
7243 7624
7252 7628
7247 7629
5521 7630
5528 7633
7256 7634
7254 7635
7257 7637
7261 7639
7263 7640
7267 7649
7271 7654
7276 7659
7280 7665
7285 7669
7292 7675
7306 7686
7311 7691
7314 7696
7346 7722
7348 7724
7352 7729
7357 7733
7366 7740
7367 7742
7370 7745
7369 7746
7371 7747
7374 7749
7377 7754
7375 7755
7384 7760
7381 7761
7386 7765
7387 7766
5727 7770
7401 7774
7409 7780
7414 7783
6271 7809
7476 7813
7490 7877
7520 7895
7521 7896
7546 7917
5947 7921
7565 7940
6029 7972
7630 7998
7641 8008
7648 8014
7664 8029
7674 8044
7702 8077
7708 8085
6972 8143
7237 8152
7798 8176
7808 8184
7837 8201
7843 8207
7846 8215
7849 8216
7850 8221
7865 8229
7863 8230
7864 8231
7870 8234
7868 8236
7873 8239
7876 8240
7879 8241
7878 8242
7880 8244
7882 8247
7881 8248
7884 8249
7887 8251
7888 8253
7886 8254
7889 8255
7890 8257
7891 8258
7892 8261
7901 8266
7902 8267
7898 8268
7904 8275
7906 8277
7918 8291
7914 8292
7920 8294
7922 8304
7927 8312
7931 8316
7933 8318
7935 8319
7941 8323
7943 8329
7947 8330
7962 8343
7971 8357
7983 8367
7985 8372
8000 8378
8003 8389
8014 8396
8018 8402
8020 8403
8023 8407
8025 8410
8045 8416
8038 8418
8050 8421
8047 8431
8060 8433
8064 8435
8068 8437
8066 8445
8080 8456
8082 8458
8086 8461
8115 8473
8120 8476
8128 8503
8157 8510
8136 8511
8140 8514
8165 8519
8171 8524
8175 8527
8196 8549
8229 8593
8234 8596
8232 8597
8240 8602
8242 8606
8247 8607
8251 8615
8255 8616
8281 8639
8284 8642
8288 8646
8293 8653
8295 8655
8298 8658
8315 8676
8321 8678
8334 8690
8338 8697
8340 8698
8342 8699
8348 8704
8350 8708
8356 8716
8369 8719
8371 8721
8380 8729
8388 8741
8392 8745
8396 8751
8409 8769
8428 8781
8433 8790
8436 8793
8443 8800
8444 8803
8458 8812
8479 8833
8513 8862
7766 8871
8535 8882
8546 8897
8556 8910
8557 8911
8561 8913
8566 8917
8569 8919
8580 8932
8586 8939
8594 8947
8600 8956
8604 8958
8606 8963
7296 8964
8613 8972
8620 8976
8619 8977
8628 8984
8630 8988
8632 8990
8635 8992
8639 8998
8651 9013
8663 9029
8678 9049
8682 9050
8681 9051
8688 9055
8692 9058
8691 9059
8693 9063
8704 9076
8708 9078
8738 9080
8714 9084
8751 9095
8760 9133
8768 9142
8774 9152
8794 9168
8808 9181
8811 9182
8891 9271
8892 9273
8896 9278
8926 9321
8927 9322
8928 9323
8932 9325
8931 9328
8938 9332
8939 9333
8935 9334
8936 9335
8942 9337
8944 9339
8947 9341
8945 9343
8950 9344
8951 9346
8954 9349
8959 9354
8962 9357
8966 9360
8971 9365
8974 9369
8977 9373
8980 9376
8981 9379
8988 9393
9008 9418
9036 9439
9039 9440
9070 9455
9078 9462
9085 9465
9093 9472
9099 9477
9106 9482
9116 9489
9120 9491
9125 9492
9132 9496
9135 9508
9148 9521
9151 9522
9155 9528
9159 9533
9168 9542
9174 9547
9176 9549
9177 9551
9182 9557
9183 9558
9186 9561
9191 9565
9195 9566
9199 9570
9212 9578
9214 9579
9218 9587
9231 9597
9234 9604
9238 9606
9243 9609
9247 9613
9250 9615
9253 9618
9262 9623
9269 9634
9280 9652
8558 9653
9288 9660
9296 9667
9299 9671
9301 9673
9302 9674
9305 9678
9315 9686
9313 9687
9319 9691
9325 9699
9329 9706
9334 9713
9335 9714
9337 9718
9339 9721
9342 9724
9345 9728
9351 9734
9354 9736
9371 9738
9374 9742
9361 9746
9380 9765
9392 9777
9398 9784
9428 9819
9436 9830
9441 9835
9356 9855
9465 9866
9463 9867
9467 9871
9470 9873
9471 9875
9473 9876
9480 9881
9495 9896
9580 9954
9588 9964
9596 9971
9614 9986
9624 9994
9628 9997
9649 10025
9658 10030
9665 10038
9667 10042
9675 10056
9680 10059
9692 10073
9694 10075
9700 10078
9702 10081
9703 10084
9707 10086
9718 10103
9722 10107
9731 10118
9746 10136
9754 10144
9774 10168
9455 10178
9786 10182
9800 10185
9938 10320
9944 10325
9957 10340
9962 10346
9963 10350
9969 10353
9971 10357
9978 10362
9976 10364
9980 10368
9998 10377
10060 10417
10400 10788
10432 10798
10230 10810
10450 10816
10586 10977
10583 10992
10604 11007
1769 11032
10638 11035
10656 11064
10678 11102
10650 11161
10729 11177
10747 11185
10799 11197
10752 11204
10831 11271
10775 11272
10864 11277
10848 11284
10685 11288
10851 11300
10758 11304
10914 11319
10911 11320
10941 11359
10905 11402
10960 11439
11035 11480
11089 11507
11079 11544
6 19
49
1284 10
5448 598
5563 647
5569 649
5586 656
5657 687
5749 725
6271 739
8338 1032
7072 1046
7190 1085
7193 1087
7201 1092
7241 1102
7262 1113
7273 1120
7282 1122
7303 1130
7515 1225
7552 1244
7645 1279
7652 1282
8485 1504
8488 1505
8500 1511
8511 1517
8558 1535
8579 1545
8584 1551
8582 1552
8597 1554
8616 1563
8659 1579
8702 1606
8828 1669
9215 1795
9239 1803
9257 1814
9263 1818
9265 1821
9286 1831
9289 1833
9291 1835
9297 1838
9362 1870
9369 1876
9422 1899
9712 2013
9771 2056
6 31
15
947 1314
2466 4014
2738 4454
4957 7373
4996 7437
3263 7762
6619 9726
6893 9961
7221 10392
8247 11632
8295 11684
8321 11716
8338 11740
8377 11794
9197 13001
6 36
68
2931 783
4711 2104
5017 2390
5021 2393
5025 2396
5053 2423
7193 2785
5514 2822
5517 2826
5529 2836
5618 2925
6089 3331
6141 3395
6570 3993
6762 4262
6900 4412
6908 4420
6915 4428
6987 4515
7021 4548
7037 4579
7050 4597
7083 4642
7183 4778
7243 4848
7257 4860
7261 4866
7292 4906
7342 4971
7346 4976
7352 4986
8734 5073
7513 5141
7933 5631
8229 5897
8234 5899
8242 5904
8288 5948
8319 5965
8338 5975
8348 5985
8371 6003
8380 6006
8388 6017
8387 6018
8392 6019
8399 6026
8494 6090
8580 6153
8623 6181
8651 6204
8678 6224
8284 6848
9179 6857
9181 6865
9200 6891
9205 6903
9218 6921
9221 6926
8613 7111
8615 7114
9345 7169
9441 7364
9668 7593
9745 7671
9774 7700
10060 8207
10848 9185
6 37
20
945 1037
947 1039
2789 3817
5309 6761
5409 6881
6220 8024
7021 8854
7033 8863
7088 8916
5376 9004
7208 9083
7221 9102
7311 9206
8247 10256
8295 10309
8327 10350
8340 10357
8371 10403
8388 10425
8513 10575
6 46
18
2533 544
4707 2264
4994 2510
4996 2520
6664 4283
6908 4544
6915 4551
7061 4744
7083 4771
8251 5992
8348 6052
8371 6061
8380 6068
8386 6074
8388 6075
8399 6081
8405 6086
9437 7369
7 14
259
1297 1147
1298 1148
1339 1168
1631 1400
1723 1474
1726 1477
4519 3915
4526 3924
4537 3928
4561 3950
4573 3962
4574 3976
4589 3980
4596 3983
4593 3988
4594 3989
4611 4002
4603 4003
4610 4007
4619 4015
4628 4023
4636 4036
4646 4037
4653 4048
4664 4052
4676 4060
4679 4066
4690 4076
4683 4078
4694 4087
4703 4098
4718 4102
4747 4132
4768 4151
4769 4152
4818 4183
4834 4203
4843 4216
4859 4219
4864 4234
4867 4238
4882 4249
4905 4269
5000 4367
5101 4475
5124 4501
5127 4502
5155 4538
5167 4566
5174 4578
5193 4606
5199 4616
5209 4637
5227 4649
5237 4677
5256 4693
5252 4700
5260 4702
5278 4723
5293 4752
5306 4765
5308 4779
5321 4789
5340 4817
5341 4820
5365 4839
5390 4868
5423 4903
5422 4910
5440 4928
5457 4943
5456 4949
5462 4950
5487 4972
7532 7062
7539 7070
7549 7075
7550 7076
7551 7079
7569 7096
7563 7097
7570 7099
7580 7106
7591 7111
7597 7125
7601 7129
7604 7130
7609 7136
7615 7138
7623 7148
7630 7155
7636 7157
7663 7179
7669 7185
7675 7189
7685 7203
7690 7207
7698 7218
7713 7221
7719 7229
7741 7246
7743 7249
7744 7252
7759 7265
7784 7283
7787 7288
7792 7295
7790 7299
7803 7302
7808 7308
7810 7309
7809 7314
7811 7317
7818 7321
7814 7324
7832 7333
7903 7400
7994 7477
7999 7483
8016 7494
8015 7495
8025 7507
8030 7510
8031 7513
8046 7526
8049 7527
8058 7536
8064 7546
8068 7552
8071 7557
8077 7561
8085 7577
8093 7578
8101 7590
8104 7599
8117 7608
8166 7664
8170 7672
8178 7676
8187 7689
8184 7691
8203 7717
8215 7725
8243 7760
8277 7796
8275 7798
8301 7811
8299 7823
8328 7840
8338 7853
8343 7855
8354 7857
8353 7863
8351 7864
8362 7876
8368 7880
8379 7887
9919 9474
9924 9479
9932 9482
9934 9487
9948 9495
9951 9499
9956 9503
9958 9509
9972 9522
9973 9523
9976 9528
9986 9536
9991 9538
10000 9553
10004 9555
10002 9560
10008 9564
10016 9566
10021 9569
10025 9574
10027 9577
10042 9588
10039 9589
10043 9593
10044 9594
10065 9610
10068 9611
10074 9618
10077 9619
10147 9687
10163 9698
10186 9714
10190 9718
10193 9724
10199 9731
10207 9736
10208 9737
10219 9744
10246 9773
10249 9776
10253 9779
10259 9788
10267 9795
10272 9805
10281 9812
10282 9818
10293 9831
10304 9844
10311 9852
10317 9859
10338 9872
10341 9876
10344 9877
10345 9880
10355 9886
10360 9890
10361 9891
10366 9893
10367 9894
11466 10934
11475 10943
11485 10953
11486 10955
11496 10961
11516 10982
11544 11008
11549 11016
11556 11032
11567 11039
11577 11048
11581 11060
11595 11073
11602 11078
11677 11129
11683 11132
11691 11138
11693 11140
11696 11141
11702 11145
11719 11170
11722 11172
11746 11200
11753 11205
11770 11220
11775 11224
11789 11236
11797 11239
11796 11240
12563 11955
12609 11993
12625 12003
12626 12009
12636 12018
12671 12039
12672 12040
12679 12044
13253 12500
13285 12527
13296 12534
13328 12564
13702 12864
13900 13039
7 34
20
7574 3185
7662 3274
8379 4116
7532 5927
9932 5963
10049 6128
7787 6153
7991 6288
10640 7049
9919 7853
11471 7860
9951 7879
11945 8259
11008 8726
11098 8775
11146 8816
12607 9158
12826 9496
13463 10263
13680 10597
7 45
52
1312 849
6419 1821
4859 3288
4930 3342
5139 3545
5156 3557
5167 3582
5188 3611
8379 4026
8657 4233
8670 4243
8684 4253
8925 4493
8945 4509
7034 5439
7532 5877
7549 5891
7551 5899
7571 5916
9932 5918
10049 6085
7787 6112
7991 6251
8016 6267
8058 6301
8064 6304
10359 6576
10498 6779
10504 6788
10508 6796
10512 6799
10515 6803
10519 6810
10592 6927
10601 6938
10668 7030
9459 7505
9919 7860
9951 7890
10346 8173
11936 8271
11937 8273
11957 8284
11962 8289
11968 8298
11982 8307
11146 8830
11475 9133
12625 9231
11921 9497
13700 10780
14748 12354
8 9
15
1920 1256
2348 1505
2567 1628
2598 1645
7427 5777
7660 6010
10575 9148
10589 9175
10595 9184
10605 9194
10673 9257
10688 9268
12721 11535
12729 11552
12753 11569
8 11
15
2567 1365
7296 4317
10707 4666
10804 4781
7851 4989
7857 4999
7867 5009
7896 5057
12913 7892
10931 7993
10958 8022
11045 8146
12737 10033
12753 10050
14493 10113
8 12
393
14 12
24 18
36 48
57 80
1274 1372
1291 1382
1314 1393
1569 1489
1572 1490
1612 1510
1920 1751
2093 1881
2193 1948
2243 1976
2333 2029
2348 2037
2363 2049
2567 2166
2579 2170
2582 2172
2598 2186
4007 3281
4168 3431
4924 4097
4936 4111
4942 4112
4954 4122
4975 4142
4976 4145
4981 4148
5008 4172
5007 4178
5023 4188
5022 4199
5550 4681
5548 4689
5572 4698
5560 4722
5706 4880
5736 4920
5764 4946
5781 4961
5816 5007
5835 5028
6049 5402
6028 5404
6103 5476
6186 5480
6108 5496
6178 5529
6274 5531
6221 5564
6195 5566
6897 6299
6924 6316
6938 6322
6944 6325
6958 6330
6971 6337
6966 6338
6995 6355
7035 6396
7049 6414
7095 6417
7061 6423
7299 6597
7332 6624
7344 6633
7358 6647
7383 6666
7408 6690
7411 6691
7427 6709
7437 6720
7450 6729
7446 6730
7482 6750
7530 6779
7532 6780
7555 6789
7556 6790
7573 6807
7594 6822
7600 6826
7611 6830
7620 6834
7575 6838
7628 6842
7598 6851
7651 6855
7685 6876
7693 6886
7718 6905
7731 6913
8259 7307
8519 7565
8822 7844
8855 7881
8864 7898
8876 7907
8890 7912
8888 7917
8891 7928
8908 7932
8916 7938
8915 7940
8939 7952
8950 7954
8929 7958
8951 7968
9004 8009
9147 8120
9151 8123
9171 8150
9186 8154
9185 8155
9181 8159
9254 8216
9250 8218
9266 8228
9277 8241
9541 8512
9587 8535
9551 8538
9689 8555
10137 9104
10164 9115
10176 9126
10203 9133
10221 9149
10253 9173
10263 9183
10307 9188
10323 9203
10341 9219
10365 9239
10420 9297
10421 9302
10441 9325
10495 9368
10523 9392
10511 9408
10549 9415
10558 9425
10568 9440
10575 9447
10557 9451
10584 9457
10588 9460
10593 9465
10595 9470
10596 9471
10599 9474
10621 9489
10622 9491
10627 9494
10655 9509
10659 9514
10667 9519
10673 9524
10681 9527
10697 9537
10700 9541
10704 9546
10710 9547
10713 9551
10733 9562
10734 9567
10772 9591
10854 9657
10857 9658
10867 9665
11284 9947
11578 10287
11587 10301
11765 10464
11772 10469
11791 10492
11790 10494
11798 10495
11794 10499
11800 10503
11809 10506
11815 10514
11811 10518
11818 10521
11826 10524
11817 10526
11830 10529
11834 10531
11839 10532
11847 10534
11844 10535
11835 10538
11853 10557
11858 10559
11874 10564
11898 10599
12002 10688
12020 10701
12036 10710
12041 10714
12043 10718
12055 10728
12054 10729
12052 10732
12065 10737
12076 10747
12092 10761
12104 10768
12111 10777
12115 10780
12124 10793
12135 10806
12275 10917
12282 10919
12286 10921
12337 10949
12301 10955
12355 10961
12325 10972
12335 11000
12360 11024
12378 11029
12379 11030
12396 11044
12483 11158
12505 11165
12507 11167
12506 11168
12587 11217
12592 11220
12632 11263
12645 11285
12647 11287
12657 11295
12663 11301
12669 11310
12671 11311
12686 11331
12702 11346
12713 11353
12721 11359
12729 11369
12737 11376
12738 11377
12743 11382
12749 11387
12753 11390
12754 11391
12759 11393
12760 11394
12769 11399
12774 11405
12785 11411
12792 11416
12803 11418
12820 11430
12838 11443
12844 11447
12853 11451
12834 11460
12867 11463
12847 11469
12882 11474
12855 11477
12887 11480
12857 11481
12934 11509
12922 11514
13119 11659
13219 11728
13220 11729
13366 11884
13399 11910
13404 11911
13406 11921
13440 11953
13559 12063
13566 12078
13567 12079
13569 12080
13575 12087
13576 12088
13578 12089
13584 12090
13581 12091
13583 12096
13592 12101
13596 12105
13598 12106
13595 12110
13610 12118
13604 12120
13605 12121
13615 12123
13622 12127
13619 12133
13630 12143
13636 12151
13717 12222
13726 12229
13729 12234
13735 12235
13754 12252
13751 12254
13765 12268
13793 12291
13797 12299
13799 12300
13803 12306
13979 12440
13945 12458
13947 12468
13980 12478
13991 12490
13989 12491
13975 12496
14008 12501
14004 12503
14016 12516
14154 12699
14178 12702
14187 12706
14181 12717
14207 12747
14244 12769
14294 12827
14307 12842
14311 12849
14324 12866
14330 12875
14332 12878
14339 12883
14342 12886
14353 12900
14360 12909
14357 12910
14384 12932
14380 12933
14389 12938
14398 12951
14406 12960
14409 12962
14422 12972
14440 12990
14449 12996
14483 13013
14503 13030
14528 13045
14550 13062
14552 13074
15038 13500
15067 13530
15246 13720
15259 13728
15265 13733
15266 13735
15273 13742
15275 13743
15280 13746
15277 13748
15288 13756
15286 13757
15292 13759
15295 13764
15303 13770
15380 13812
15412 13834
15431 13853
15439 13861
15567 13958
15559 13959
15574 13969
15645 14060
15677 14086
15685 14095
15700 14108
15699 14113
15704 14115
15707 14120
15714 14131
15719 14134
15761 14174
16055 14430
16104 14499
16109 14504
16111 14505
16141 14533
16149 14536
16347 14748
16956 15467
13595 17133
8 13
73
7472 5708
7500 5730
7813 5948
7839 5970
7836 5971
7841 5976
7870 6005
10585 8906
10611 8924
10616 8925
10625 8931
10624 8932
10706 8965
10740 8983
10743 8989
10762 8999
10775 9003
10779 9008
10816 9030
10861 9070
10867 9081
10913 9122
10908 9124
10925 9134
10929 9137
10936 9142
10945 9149
10948 9152
10947 9153
10959 9163
11032 9238
12740 11258
12748 11262
12750 11265
12767 11271
12783 11274
12809 11287
12814 11292
12816 11293
12828 11304
12842 11309
12833 11310
12864 11330
12904 11350
12913 11357
12912 11359
12914 11361
12932 11371
12954 11384
12957 11392
12976 11408
12981 11409
12982 11410
12979 11411
12984 11415
12985 11416
12989 11422
12992 11424
12998 11427
14402 13022
14432 13046
14488 13088
14501 13099
14515 13125
14557 13148
14591 13188
14593 13190
14602 13199
14614 13207
14641 13246
15750 14308
15765 14323
15822 14385
8 16
18
11967 15821
11884 16067
11863 16134
11835 16150
11807 16178
11794 16189
11765 16238
11774 16240
13630 19222
13609 19257
13595 19284
13587 19289
13578 19307
13576 19319
13575 19321
13567 19331
13569 19338
15265 21582
8 43
57
10285 4729
10323 4775
7345 5177
10575 5238
7448 5331
10733 5488
7593 5534
7751 5807
7811 5880
9714 8514
12560 8794
12569 8810
12629 8980
10482 9097
10564 9186
12729 9198
12731 9204
10580 9216
12779 9276
12861 9396
10751 9429
10762 9434
14317 11872
14380 11926
14389 11931
12712 11935
12727 11949
12740 11957
12748 11970
12761 11977
12778 11989
12801 12004
12800 12005
14483 12009
12814 12015
12816 12019
12821 12027
12833 12043
12857 12060
12897 12098
12904 12103
12916 12114
12932 12126
12952 12151
12971 12169
14428 13651
14432 13659
14456 13680
14460 13686
14475 13695
14494 13714
14515 13736
14587 13787
15757 14964
15773 14979
15803 14996
16916 16015
8 52
17
9147 1889
7355 3100
7369 3113
10568 5595
10605 5625
10772 5712
12629 7405
12713 7493
12729 7502
12731 7506
12737 7508
12743 7514
12753 7518
15273 8077
15537 8270
15280 9521
15686 9894
8 53
128
6108 46
2289 1067
7432 1091
7984 1463
8532 1818
8572 1853
8586 1869
8591 1871
4569 2047
8789 2079
4715 2122
4717 2125
4722 2130
8826 2131
4794 2161
8859 2182
8869 2205
8888 2223
8892 2235
8896 2238
8908 2252
4975 2261
8919 2266
5012 2292
5048 2293
9120 2549
9127 2564
9147 2587
9243 2701
9255 2718
5827 2734
9273 2743
9290 2760
6124 2974
9613 3062
10085 3315
10087 3316
10109 3350
7035 3485
7311 3897
7315 3907
7519 4114
7845 4411
8639 5189
8861 5404
8864 5490
9277 6028
9370 6101
9393 6119
11797 6193
9566 6266
10420 6782
10471 6865
10482 6891
10500 6915
10558 6967
10571 6985
10576 6989
10580 6992
10696 7102
10746 7152
10895 7263
11689 8048
11774 8173
11863 8277
11994 8508
12027 8547
12052 8573
12124 8663
12785 8804
12658 9168
12667 9183
13896 9207
12690 9210
12718 9231
12748 9259
12783 9290
12827 9321
12833 9323
12858 9338
12894 9373
12927 9405
12971 9434
13081 9517
13547 9951
13550 9956
13554 9965
13567 9982
13592 10011
13595 10016
13605 10024
13609 10026
13630 10047
13639 10056
13742 10149
13809 10230
13862 10288
13950 10401
13975 10420
14037 10465
14126 10568
14137 10582
14278 10714
14435 10865
14458 10891
14864 11250
14909 11290
15168 11530
15280 11658
15292 11669
15322 11708
15388 11766
15435 11833
15560 11980
15618 12028
15624 12032
16073 12476
16385 12655
16408 12656
16285 12730
16293 12749
16440 12928
16609 13100
18598 15046
18748 15087
18764 15126
18824 15131
19399 15333
8 54
234
1309 571
7271 1084
7295 1132
7306 1156
7332 1184
2199 1190
7358 1215
2243 1240
2396 1316
7456 1348
7530 1414
7542 1419
7555 1429
7586 1464
7620 1492
7656 1523
7660 1526
7685 1557
8163 1989
8261 2066
8284 2089
8354 2165
8490 2338
8546 2422
8591 2462
8595 2480
8731 2658
8774 2730
8856 2875
8859 2880
8864 2893
8880 2908
8888 2926
8961 3010
8954 3023
6911 4214
6932 4233
6959 4255
7035 4378
7038 4379
10287 4441
10399 4662
10441 4761
7297 4829
7299 4868
10499 4899
7356 4925
7377 4953
7372 4954
10568 5015
10584 5038
10599 5066
7487 5103
7509 5135
7519 5146
7587 5218
7593 5224
7628 5280
7659 5307
7756 5444
7772 5472
7870 5601
8054 5856
8205 6081
11577 6487
8606 6511
10589 7452
9566 7541
10173 7820
10203 7837
10199 7841
10201 7842
10220 7859
10222 7862
10253 7894
10254 7896
10256 7898
10263 7902
10267 7904
10266 7906
10288 7917
10305 7935
12558 7941
10467 8191
10482 8219
10506 8253
10521 8266
12669 8269
10537 8293
10550 8322
10557 8328
10564 8335
12736 8381
10611 8388
10669 8458
10709 8499
10723 8506
10720 8512
10725 8514
10722 8517
10746 8535
10754 8543
10762 8552
10768 8571
10783 8582
10780 8583
10787 8588
10885 8697
10887 8708
10900 8724
10917 8738
10914 8739
10956 8786
10997 8841
11024 8884
11045 8904
11053 8911
11128 9008
11145 9024
11226 9144
11283 9218
13231 9239
11326 9282
11334 9297
12785 10380
13964 10455
12496 10551
12499 10554
12528 10573
12544 10582
12545 10583
12556 10588
12570 10596
12572 10599
12630 10671
12640 10709
12656 10735
12678 10769
12690 10782
13896 10787
12704 10797
12718 10802
12712 10803
14389 10819
12748 10832
12801 10876
12802 10877
12819 10890
12833 10900
12829 10901
12847 10909
12851 10915
12857 10920
12868 10928
12872 10938
12873 10939
12889 10946
12894 10950
12904 10963
12913 10973
12943 10995
12972 11029
13006 11048
13098 11166
13112 11184
13120 11192
13121 11193
13127 11196
13191 11290
13188 11291
13214 11310
13221 11316
13232 11327
13249 11346
15108 11488
13630 11728
13639 11737
15536 11944
14619 11979
14030 12108
14029 12109
14037 12111
14043 12123
14188 12218
14200 12226
14207 12228
14218 12232
15670 12239
15704 12294
14372 12354
15736 12360
14391 12362
15747 12377
14458 12415
14460 12419
14481 12437
14491 12441
14500 12449
14506 12458
14515 12467
14583 12519
14630 12563
14641 12576
14661 12588
14715 12654
14757 12693
14777 12730
14828 12790
14838 12795
14849 12806
14870 12832
16132 13297
15560 13539
15590 13561
15633 13584
15645 13591
15660 13599
15787 13711
15811 13733
15847 13758
15875 13783
15892 13795
15908 13818
15929 13848
15940 13856
15939 13858
15946 13866
16408 14154
16437 14347
16464 14375
16481 14387
17039 15243
18272 16450
18471 16725
8 55
213
7332 1226
2199 1237
7660 1585
7035 4668
7038 4669
10285 4739
10293 4742
10323 4797
7311 5210
7315 5216
10499 5233
7345 5245
10523 5264
7356 5268
10526 5269
7390 5319
10568 5340
10589 5389
7509 5500
7534 5537
7551 5562
7561 5571
7587 5608
10733 5633
7732 5838
7741 5857
7751 5882
7756 5890
7760 5907
7877 6108
8315 6818
10156 8379
10199 8420
10201 8421
10256 8486
10288 8511
10286 8514
10298 8524
10305 8529
12558 8538
12559 8541
12569 8544
12577 8568
10424 8737
10471 8819
10482 8848
10500 8873
10537 8911
10550 8928
10557 8942
10564 8947
12706 8948
12721 8969
12729 8981
12731 8987
12737 8994
12753 9021
12763 9040
10634 9049
12771 9051
10647 9055
10649 9064
12779 9069
10658 9075
10664 9082
10671 9091
10675 9096
10696 9113
10707 9129
10708 9137
10723 9149
10722 9152
10726 9153
12845 9173
10762 9186
10757 9187
10764 9190
10775 9204
10768 9205
10779 9213
12887 9234
10816 9256
10847 9299
10867 9326
10873 9344
10914 9395
11053 9579
11122 9676
11145 9709
11212 9819
11228 9834
11286 9926
11326 9972
12394 11086
12400 11096
12523 11170
12528 11174
12545 11193
12544 11196
12572 11213
12591 11230
12606 11245
14244 11248
12658 11350
12664 11365
12678 11382
14353 11388
12718 11411
14380 11412
14389 11419
12727 11426
12740 11436
12748 11440
14414 11443
12761 11455
12778 11463
12783 11467
14455 11476
12801 11481
12799 11482
12800 11483
12814 11486
12816 11490
12821 11502
12819 11504
14483 11506
12833 11513
12829 11514
12834 11515
12835 11519
12847 11522
12850 11526
12851 11532
12857 11537
12872 11552
12877 11558
12873 11559
12884 11564
12894 11569
12895 11572
12897 11577
12904 11581
12913 11586
12909 11588
12922 11598
12943 11612
12948 11617
12963 11639
12971 11643
12969 11645
12972 11649
12977 11652
12979 11654
12983 11656
12985 11660
12990 11667
12998 11672
13111 11792
13120 11802
13121 11803
13127 11805
13191 11898
13202 11913
14863 11919
13221 11928
13232 11936
14430 12526
14171 12740
14186 12750
14188 12751
14197 12757
14200 12759
14207 12760
14240 12778
15677 12791
14428 12900
14432 12905
14450 12922
14460 12927
14481 12951
14491 12954
14501 12962
14506 12971
14529 12986
14545 12994
14557 12996
14552 12997
14630 13071
14715 13134
14745 13154
14757 13161
14831 13242
14838 13246
15633 13994
15645 14004
15658 14011
15666 14017
15670 14021
15674 14024
15757 14087
15785 14104
15787 14106
15834 14140
15855 14156
15875 14169
15908 14192
16312 14543
16314 14545
16437 14612
16464 14627
16755 14839
16801 14879
17013 15035
9 10
13
5296 743
5443 861
5450 876
5395 3692
5548 4023
9244 4178
11373 6821
11392 6868
8966 6918
5548 7098
11527 7112
11563 7156
15973 13503
9 11
277
1094 812
1193 914
1225 952
1305 1018
1306 1019
1313 1025
1352 1069
1355 1077
1361 1082
1390 1111
1410 1124
5696 1158
5699 1159
1479 1198
1492 1210
1504 1224
1507 1231
1517 1244
1543 1256
1556 1285
1611 1342
1628 1365
1635 1375
1668 1415
5965 1422
1683 1433
2167 1925
2175 1930
2186 1942
2282 2015
3058 2527
7375 2529
7445 2611
5296 4018
5347 4076
5492 4190
5483 4212
5537 4259
5623 4338
5633 4343
5696 4418
5754 4459
5757 4462
5750 4480
5790 4510
5794 4516
5800 4522
5806 4528
5811 4532
5831 4537
5857 4559
5847 4577
5906 4627
5895 4631
5910 4652
5926 4671
5927 4672
5950 4700
5964 4715
5969 4719
5987 4734
6042 4791
6185 4920
6246 4995
6295 5038
6360 5106
6503 5211
6569 5262
6603 5309
6640 5336
6656 5353
6681 5373
6686 5385
6694 5390
6725 5423
6739 5429
6836 5533
8815 7291
8844 7329
8861 7346
8869 7357
8871 7359
8898 7390
8901 7394
8941 7424
8943 7427
8966 7459
8992 7485
9003 7489
9004 7490
9017 7506
9026 7510
9063 7546
9071 7554
9074 7562
9077 7565
9090 7577
9116 7605
9152 7634
9154 7636
9158 7640
9146 7641
9147 7642
9148 7644
9161 7651
9167 7652
9188 7656
9186 7658
9173 7660
9182 7662
9184 7669
9185 7670
9187 7671
9190 7675
9205 7679
9203 7688
9207 7695
9231 7703
9239 7723
9257 7747
9259 7752
9264 7757
9282 7783
9286 7788
9325 7835
9405 7933
9418 7947
9446 7996
9466 8030
9496 8054
9509 8071
9516 8087
9530 8103
9545 8116
9562 8135
9618 8190
9632 8209
9647 8233
9675 8254
9673 8255
9682 8263
9715 8284
9719 8288
9726 8293
9734 8301
9756 8324
9785 8348
9821 8368
9812 8369
9833 8398
9873 8466
9883 8476
10214 8785
10620 9127
11331 9826
11336 9830
11337 9831
11341 9837
11353 9843
11356 9847
11362 9854
11373 9863
11374 9864
11378 9869
11381 9873
11382 9874
11385 9879
11407 9896
11424 9917
11430 9922
11438 9928
11450 9934
11457 9943
11463 9949
11467 9950
11478 9960
11493 9974
11498 9982
11501 9988
11507 9996
11519 10004
11528 10008
11527 10012
11544 10015
11539 10016
11535 10018
11538 10019
11558 10025
11552 10027
11553 10031
11557 10034
11560 10035
11564 10039
11563 10041
11565 10046
11569 10050
11575 10051
11578 10056
11587 10062
11591 10065
11588 10068
11589 10069
11592 10074
11630 10118
11697 10213
11709 10228
11712 10231
11739 10274
11761 10304
11785 10322
11829 10371
11842 10381
11846 10385
11855 10394
11859 10398
11870 10415
11872 10417
11873 10419
11900 10447
11933 10500
11937 10513
11947 10520
11954 10529
11991 10564
12313 10837
13031 11493
13048 11507
13075 11524
13088 11531
13109 11551
13110 11554
13125 11562
13128 11565
13143 11582
13159 11595
13169 11597
13166 11598
13174 11605
13197 11629
13204 11634
13223 11646
13245 11665
13250 11666
13274 11679
13277 11683
13281 11687
13282 11688
13316 11725
13470 11913
13500 11960
13563 12019
13586 12056
13637 12128
13641 12137
13645 12142
13653 12155
13830 12341
14478 12930
14484 12932
14493 12943
14503 12950
14504 12954
14522 12967
14523 12969
14531 12973
14549 12988
14563 12999
14704 13151
14810 13305
15016 13502
15219 13653
15216 13658
15720 14191
15724 14195
15740 14210
15783 14260
15790 14272
9 12
113
1117 1546
1222 1713
1256 1751
1348 1867
1355 1881
1361 1882
1364 1883
1495 2028
1505 2037
1510 2039
1628 2166
1635 2172
1645 2186
1699 2250
5598 6597
5750 6690
5780 6715
5790 6719
5794 6723
5802 6728
5800 6729
5894 6780
5911 6794
5923 6807
5927 6809
5943 6822
5950 6825
5953 6831
5966 6834
5987 6845
5990 6849
6000 6855
6010 6863
6013 6868
8925 9272
8955 9295
9133 9430
9148 9447
9161 9452
9169 9457
9173 9460
9178 9465
9192 9469
9184 9470
9197 9476
9203 9478
9204 9482
9211 9488
9206 9489
9214 9491
9219 9494
9223 9497
9248 9514
9268 9530
9277 9544
9291 9558
9295 9562
9296 9563
9309 9571
9318 9585
9319 9586
9342 9607
9350 9612
9353 9620
11378 11230
11396 11245
11498 11331
11507 11341
11519 11347
11518 11351
11527 11353
11535 11359
11548 11368
11552 11369
11553 11370
11555 11376
11557 11377
11563 11382
11570 11387
11571 11389
11569 11390
11578 11393
11587 11399
11591 11402
11592 11409
11602 11416
11607 11418
11611 11423
11624 11437
11628 11447
11630 11448
11643 11467
13088 12780
13135 12827
13178 12878
13194 12883
13210 12900
13223 12910
13261 12929
13256 12932
13264 12933
13282 12952
13292 12954
13296 12962
13305 12968
13306 12971
13310 12972
13362 13013
14484 14092
14496 14105
14504 14118
14571 14168
14580 14174
9 42
49
5283 487
5546 763
5605 830
5609 833
5633 861
5750 979
5780 1008
5811 1025
5965 1169
5964 1174
6694 1544
8178 2297
5395 3033
5842 3446
6361 3770
9595 3841
9832 4121
10365 4757
11051 5445
11373 5908
11382 5928
8958 5986
9326 6312
9353 6330
9394 6376
10221 7127
10999 7775
11467 7786
11238 7941
11381 8069
11382 8074
13109 8086
11512 8173
11633 8302
11657 8320
13454 8375
13274 9061
12932 9269
14466 9371
13138 9446
14307 9538
13563 9780
14931 10311
14332 10512
15099 10544
14563 10704
15398 11362
15913 11733
15999 11806
9 51
37
1193 671
1216 700
1325 846
5633 909
1411 957
5811 1086
5838 1106
5895 1161
5910 1179
5940 1215
5964 1235
5965 1236
5966 1237
6013 1278
8138 3259
5350 3278
5505 3461
9106 3652
9175 5819
8871 6348
11373 6371
11392 6406
8939 6424
11484 6553
11519 6626
10221 7626
11382 8601
13109 8617
13130 8634
13159 8665
13257 8750
13274 9650
14466 9925
13138 9999
14499 10960
14461 11093
15735 11656
9 52
23
1073 549
8138 563
1146 604
1147 606
1162 613
5598 816
5739 896
5750 905
1495 913
5785 920
1603 964
5505 2941
9074 3065
5871 3205
5895 3220
8939 5423
9112 5583
9295 5689
11378 7379
11407 7404
11535 7496
14466 8650
14563 9959
10 11
61
777 837
826 915
866 925
889 952
937 973
1242 1244
1339 1315
1360 1333
3586 4015
3589 4020
3616 4046
3632 4063
3729 4170
3807 4246
3880 4304
3941 4352
3965 4376
4008 4418
1160 4421
1374 4631
6757 7320
6767 7329
6775 7334
6781 7335
6794 7348
6798 7357
6836 7394
6847 7399
6851 7406
6862 7410
6918 7459
6943 7485
6964 7503
6976 7508
6993 7524
7088 7605
9264 9830
9287 9853
9290 9854
9295 9860
9319 9879
9334 9896
9331 9898
9353 9913
9356 9915
9387 9938
9388 9939
9396 9940
9399 9942
11016 11540
11023 11554
11022 11557
11033 11565
11035 11568
11043 11582
11064 11610
11091 11645
11094 11646
12264 12944
12873 13643
13316 14364
10 22
27
4040 1999
5672 3162
7110 4265
7134 4300
7515 4604
8513 5338
8576 5391
8623 5422
9482 6156
9493 6170
9514 6184
9545 6210
10440 6828
10447 6832
10452 6836
10465 6850
10524 6917
11921 7997
11929 8013
10943 8319
12301 8388
12427 8482
12642 8700
12689 8762
13208 9200
13411 9380
13418 9389
10 42
19
1360 1100
3630 2975
4008 3346
7112 6168
7156 6206
9264 8028
9290 8056
9296 8058
9364 8127
9375 8128
9381 8138
9387 8141
9470 8209
9497 8235
9510 8247
9543 8281
11016 9411
11022 9425
11102 9539
10 50
46
3001 89
3374 269
3827 523
4126 771
4209 834
4750 1123
6754 2535
6782 2565
6798 2579
3867 2766
5643 4070
6321 4652
6580 4855
6609 4867
9269 4969
9307 5022
9381 5114
9388 5122
9410 5146
9479 5226
9494 5260
7727 5671
9180 6860
9201 6874
9242 6896
9889 7285
9984 7359
10893 7974
10912 7983
10918 7985
10939 7996
12237 8031
12276 8085
11091 8122
11430 8410
11477 8460
11508 8489
12192 9096
12199 9101
12205 9107
12211 9109
12873 9167
12377 9240
13214 9476
12801 9610
12828 9628
10 51
24
3941 3611
4008 3667
4082 3737
6757 6313
6761 6317
6788 6341
6976 6510
7112 6635
7234 6723
9264 8559
9290 8582
9295 8588
9359 8656
9375 8661
9381 8674
9443 8715
9470 8747
9497 8770
9494 8771
9510 8782
11016 9967
12305 11168
12873 11642
13330 12003
11 12
14
779 1420
800 1488
1282 2094
1365 2166
4510 6719
4511 6720
7445 9293
7653 9456
7669 9470
7835 9591
10004 11347
10074 11409
11671 12933
11688 12952
11 42
107
4028 501
804 508
923 625
1055 762
1041 803
1042 804
1057 817
4314 822
4338 856
1282 1042
1302 1063
4659 1069
1372 1070
1333 1100
1352 1119
1368 1133
5299 1480
2014 1657
4151 3052
4246 3161
4305 3231
4382 3312
4398 3326
4406 3328
4417 3342
4418 3346
4443 3359
4473 3379
4533 3426
4618 3478
4669 3506
4748 3555
5106 3771
5328 3943
5385 3996
5423 4020
5506 4104
5503 4106
5678 4342
9004 4822
9368 5241
9853 5895
9863 5908
7387 5914
7410 5941
7457 5956
7438 5972
7470 6008
7512 6015
7521 6027
7523 6058
7562 6095
7584 6125
7598 6140
7679 6172
7651 6182
7657 6187
7668 6202
7686 6205
7757 6259
7836 6314
8071 6440
8135 6478
8263 6576
8273 6588
8280 6595
8310 6619
8387 6684
8413 6706
8702 7024
9950 7786
9826 8026
9860 8057
9873 8069
9869 8070
9883 8086
9887 8091
9896 8102
9906 8110
9934 8140
9996 8201
10008 8216
10012 8219
10018 8223
10019 8227
10027 8232
10033 8235
10046 8241
10041 8242
10047 8247
10056 8253
10493 8532
11679 9061
11488 9353
12803 9355
11541 9412
11616 9483
12019 9780
12162 9897
12917 10609
13221 10845
13615 11191
14189 11613
14272 11668
14365 11733
14383 11748
14692 12190
11 51
76
4028 539
804 543
922 681
956 727
1010 813
1034 840
1042 853
1057 868
1061 869
1064 879
1070 881
4338 904
4361 929
1122 950
4391 964
4532 1086
1270 1094
1282 1101
1368 1184
4051 3260
4227 3462
4226 3473
4314 3558
4334 3594
4446 3685
4533 3752
4573 3773
4574 3775
4669 3837
9791 6253
7292 6296
7347 6342
9853 6360
9863 6371
7410 6405
7424 6431
7463 6468
7470 6471
7520 6526
7641 6638
7657 6658
7668 6670
7688 6678
7757 6723
7836 6780
11457 8524
11467 8529
9818 8549
9863 8592
9873 8600
9874 8601
9883 8617
9887 8625
9906 8639
9928 8661
9934 8669
9945 8679
9996 8735
10012 8751
10008 8752
10027 8767
10033 8770
10034 8774
10041 8777
10046 8779
10047 8782
10056 8786
11679 9650
11488 9913
12898 11079
12954 11130
12999 11177
13502 11527
13583 11603
14179 11986
14395 12129
11 52
32
4511 922
1368 979
4212 2934
4314 3027
4631 3220
7527 5520
7624 5590
7638 5595
7657 5612
7686 5624
7683 5625
7711 5640
7736 5655
7739 5658
9887 7398
9906 7410
10008 7490
10018 7496
10019 7501
10031 7506
10033 7508
10041 7514
10056 7522
10059 7523
12086 8592
12803 8638
11666 8796
11683 8815
11732 8851
12908 9865
12917 9872
12923 9882
11 54
15
4274 1032
4302 1061
4503 1311
4734 1507
4722 5262
5244 5808
7413 8082
7604 8320
8015 8777
8108 8865
8146 8904
10021 10816
10045 10833
11888 12556
11907 12575
12 16
17
10568 16096
10562 16134
10557 16140
10538 16150
10494 16204
10470 16225
12133 19240
12132 19245
12110 19284
12089 19307
12088 19319
12087 19321
12079 19331
12078 19337
12064 19345
6536 20664
13733 21582
12 42
38
2100 1044
6755 1056
6835 1167
6863 1194
6864 1198
9374 3278
9440 3374
9456 3395
9511 3479
10599 4997
10729 5153
9172 5850
11245 5957
9302 5986
11353 6168
11382 6206
11447 6296
11898 7039
12097 7363
12089 7367
12133 7427
12144 7438
12143 7449
12262 7609
11227 8064
13728 8813
13735 8828
13746 8831
13756 8844
13759 8847
13770 8873
13816 8930
14325 9907
14388 10006
14520 10281
14538 10326
15129 10982
12110 13084
12 51
25
1932 953
2023 1049
6715 1064
6755 1116
6834 1237
6863 1267
6536 3363
10503 5299
9172 6313
11242 6406
11382 6674
12097 7848
12123 7895
12133 7922
12144 7931
12153 7945
12927 8750
13739 9392
13735 9396
13746 9400
13756 9413
13759 9419
13770 9449
13816 9512
14520 10779
12 52
37
61 95
2028 913
6720 922
6755 948
6863 1015
6864 1018
6907 1040
8120 1889
6645 3100
9778 3507
9883 3628
10495 4350
9614 4907
8510 5002
9203 5349
9357 5520
9402 5573
9488 5633
9620 5733
12090 6655
12133 6718
11353 7493
11382 7514
11448 7551
13315 7797
13334 7811
12071 8055
12143 8106
13515 8308
12471 8405
12480 8409
13955 8421
13298 9126
13746 9521
13965 9761
13964 9762
16974 12294
12 53
161
5542 128
6489 751
8385 779
6524 827
6531 836
6593 964
6592 965
1911 968
6619 1013
1954 1014
1962 1019
6715 1096
6752 1138
6783 1175
6794 1183
6809 1194
6819 1200
6820 1201
6856 1241
6863 1250
6868 1255
6876 1271
6891 1284
6907 1296
2320 1314
7384 1642
7621 1866
3443 1872
7862 2166
7883 2178
7917 2223
7912 2236
7930 2238
7932 2252
8099 2562
4685 2566
8120 2587
8121 2592
4723 2598
8179 2667
8552 3099
8564 3112
6414 3500
9325 3789
9364 3889
9385 3929
6679 3956
6693 3978
9457 4014
9510 4100
6801 4109
9519 4110
6848 4181
6871 4225
9979 4838
9989 4850
7936 5542
8515 6263
9133 6556
9132 6557
9155 6579
9186 6602
9210 6612
11242 6724
9294 6725
11285 6832
9356 6847
11310 6899
9408 6924
9486 7002
11382 7013
9505 7026
11393 7042
9525 7055
11409 7062
9542 7071
9543 7076
9568 7103
9680 7279
9689 7287
9702 7302
9776 7399
9883 7511
9947 7594
9944 7599
11898 7827
10273 7887
10499 8207
12097 8236
10551 8285
11411 8804
10956 8845
11250 9083
11286 9129
12927 9225
11419 9284
11431 9297
11438 9302
11457 9324
11460 9325
11464 9330
11489 9358
11488 9367
11660 9557
13315 9679
13334 9694
13360 9704
11944 9837
12079 9982
12091 10003
12097 10008
12101 10011
12121 10024
12143 10047
12496 10420
12528 10465
12711 10603
12718 10607
12722 10618
12742 10630
12888 10756
12891 10757
12963 10827
12979 10842
12991 10852
12998 10860
13015 10882
13019 10892
13039 10914
13043 10917
13183 11103
13206 11142
13742 11649
13743 11650
13746 11658
13795 11717
13816 11766
14057 12047
14060 12050
14065 12055
14072 12063
14125 12118
14193 12206
14196 12209
14207 12215
14208 12216
14206 12218
14222 12229
12698 12646
14712 12650
14681 12739
14698 12757
14786 12836
14848 12914
14849 12915
14928 13021
15256 13311
15263 13316
15407 13441
16974 15046
16823 15068
12 54
45
1414 674
6592 1117
6624 1184
6750 1366
6755 1375
6789 1429
6809 1452
6834 1492
6863 1526
6868 1535
6876 1557
6907 1587
4723 3354
8158 3396
9203 4490
9440 5015
9447 5028
9529 5200
9551 5236
9558 5250
9562 5258
8505 7531
11242 8063
11310 8269
11370 8376
11443 8545
11448 8555
11456 8586
11474 8610
11480 8613
12090 9891
10525 9900
11411 10380
12748 10611
12777 10644
12933 10814
12938 10819
12954 10831
12962 10837
12968 10843
12981 10859
12100 11698
14115 12294
14118 12302
14695 13612
12 55
18
6592 1169
6789 1484
6907 1652
9203 4797
9440 5340
9447 5350
9551 5597
9562 5633
11369 8981
11392 9015
11480 9234
12748 11223
12933 11412
12938 11419
12968 11443
13013 11506
14109 12820
17369 16920
13 43
44
6977 2820
7071 2913
4058 3369
6925 7341
8810 9080
8931 9274
11275 9320
9017 9475
9080 9580
9122 9633
9217 9807
9312 9975
10494 11203
11247 11946
11262 11970
11300 12027
11310 12043
11358 12110
11370 12125
11373 12128
11382 12145
11409 12179
11427 12205
11586 12433
12071 12943
12104 12977
12151 13009
13009 13627
13022 13639
13046 13659
13057 13678
13088 13706
13104 13719
13125 13736
13209 13803
13231 13834
13246 13842
14614 14410
14315 14964
14323 14974
14674 15319
14950 15567
15097 15666
17670 17966
13 54
19
5222 747
5577 4795
5598 4830
9153 8772
9246 8904
11176 10730
11247 10816
11262 10832
11310 10900
11347 10961
11370 10985
11398 11018
11415 11035
13009 12368
13057 12410
13231 12568
13248 12582
13254 12588
14592 13169
13 55
32
5771 5592
5538 5998
8827 8848
8966 9129
8978 9152
9080 9333
9098 9362
9153 9431
11918 10306
11247 11422
11258 11436
11262 11440
11274 11467
11304 11508
11310 11513
11312 11521
11339 11561
11347 11582
11370 11604
11373 11607
11397 11637
11415 11659
11422 11665
13662 12157
13710 12200
13009 12881
13057 12922
13088 12944
13147 12995
13179 13019
13209 13049
14315 14087
14 33
36
147 111
205 148
3466 447
3746 559
2885 1961
3501 2392
3548 2398
7100 2718
7605 3212
6062 4397
6753 4844
6746 4858
6776 4869
6777 4871
7062 5075
9594 5242
9769 5510
8660 6260
8848 6434
8898 6470
10501 6502
10613 6612
10642 6626
10646 6628
10665 6637
10291 7440
10467 7635
10471 7645
10484 7656
10521 7679
12187 8384
11614 8551
11701 8701
11707 8704
11709 8705
11729 8717
14 34
160
2711 32
2746 49
110 76
123 87
2889 117
2885 118
2906 122
2962 160
3513 510
3727 628
3710 637
3717 640
3750 655
3746 656
3820 699
3834 704
949 742
4319 946
1207 972
1235 1020
4492 1050
4525 1078
4549 1087
1317 1155
1387 1233
1544 1338
5020 1340
1570 1348
5105 1398
5137 1419
5219 1468
1986 1557
5301 1589
5379 1629
5404 1638
5407 1639
5433 1648
5443 1659
5453 1662
5504 1675
5553 1697
5595 1724
5628 1736
5657 1757
5666 1762
5677 1768
5850 1867
2782 2074
6062 2099
6180 2205
6193 2216
3116 2391
6594 2583
6660 2674
3475 2730
6922 2948
3726 2954
3740 2969
6932 2988
3929 3137
3985 3197
4060 3283
7403 3534
7459 3549
4616 3758
4612 3761
4874 4042
8169 4318
8489 4624
8714 4865
7138 4973
6061 5095
6209 5210
6216 5220
6229 5231
6236 5238
6293 5258
6316 5276
6385 5362
6803 5665
9365 5781
6939 5829
7062 5927
7079 5948
7091 5954
7190 6071
8834 6104
7238 6106
7283 6151
7288 6153
7322 6184
7462 6274
7494 6311
7510 6319
7562 6362
7577 6367
9783 6384
7637 6420
7753 6515
7996 6669
8852 7419
10496 7468
8970 7490
8982 7500
9061 7550
9075 7557
9184 7613
9389 7795
9465 7850
9474 7853
9499 7879
9579 7928
11058 7953
9697 8047
11229 8165
10446 8505
11290 8618
10483 8724
10616 8816
11828 8879
11832 8892
11108 9233
11140 9260
11156 9277
12053 9278
11637 9764
11652 9780
11916 9855
11706 9886
11707 9888
11714 9894
11729 9904
11733 9909
12272 9913
12398 9980
12416 9996
12009 10122
12572 10164
12068 10181
12296 10428
12736 10446
12410 10529
12847 10590
12872 10669
12972 11011
13039 11072
13320 11301
13439 11356
13842 11672
13828 11757
13889 11769
13782 11788
13919 11800
13782 11831
14009 11919
13992 11971
14079 11999
14181 12095
14141 12154
14137 12160
14 35
15
2879 1911
7100 2598
6001 4146
9153 4469
6753 4599
8852 6110
8902 6131
10613 6265
10620 6269
10646 6284
11240 6779
10291 7089
10521 7319
11965 7588
11709 8295
14 45
308
110 92
2889 132
2885 133
2939 157
2962 171
2970 177
3241 303
3357 404
3358 407
3366 411
3383 421
3390 427
3443 457
3523 497
3587 529
3588 537
3716 616
836 618
3746 638
873 646
3812 665
3820 671
3856 679
949 701
4006 748
1168 867
4304 887
4334 905
4340 908
4448 961
4490 966
4492 984
4549 1016
1317 1069
4755 1114
4794 1144
1387 1145
4814 1153
1402 1162
4883 1199
1657 1324
1719 1354
5192 1361
1911 1437
2063 1477
2348 1616
5584 1633
2425 1660
2480 1695
6062 1983
6204 2128
6439 2343
3445 2577
3507 2618
3567 2671
3588 2698
3705 2786
3719 2803
3729 2807
3727 2808
3735 2825
6932 2873
3800 2882
7030 2969
3929 3006
3938 3017
3955 3032
3985 3063
3986 3067
4003 3075
4004 3077
4023 3101
4048 3128
4076 3158
7230 3205
4132 3208
4328 3377
4381 3411
4574 3593
4595 3609
4617 3636
4612 3638
4616 3639
4674 3706
4687 3719
4719 3737
4713 3742
4767 3800
4789 3817
4818 3851
4823 3872
4841 3884
4867 3913
4889 3943
7880 4022
4972 4023
5005 4040
5018 4050
5112 4136
5138 4153
5266 4249
5271 4270
5315 4292
5321 4300
5334 4308
5398 4363
5399 4364
5430 4400
5443 4413
5455 4423
5546 4510
5589 4559
5599 4569
5616 4578
5624 4586
5634 4596
5636 4597
5691 4652
5738 4709
6236 5197
9075 5308
6727 5593
6769 5623
6824 5672
6943 5736
6907 5750
7062 5877
7070 5885
7075 5891
7079 5899
7082 5902
7125 5944
7155 5976
7203 6021
7212 6032
7238 6059
7275 6101
7282 6105
7283 6109
7288 6112
7308 6130
7337 6153
7362 6178
7388 6193
7438 6222
7494 6267
7556 6306
7561 6314
7577 6324
7580 6325
7573 6327
7571 6328
7585 6331
7586 6332
7599 6335
7637 6369
7641 6377
7655 6387
7656 6388
7669 6402
7675 6409
7697 6428
7717 6442
7753 6477
7798 6511
7843 6543
7881 6578
8015 6673
8027 6688
8041 6700
8105 6748
8153 6781
8171 6796
8187 6807
8199 6821
8222 6838
8224 6841
8235 6849
8264 6873
8271 6878
8273 6880
8303 6904
8308 6906
8331 6933
8338 6938
8349 6947
8369 6961
8465 7031
8506 7064
8508 7070
8532 7085
8536 7086
8541 7088
8544 7094
8555 7104
8584 7122
8602 7139
8606 7145
8610 7152
8615 7157
8647 7178
8644 7182
8651 7188
8656 7197
8852 7426
10496 7480
8935 7481
10501 7486
10521 7501
9054 7555
9291 7719
9301 7724
9343 7760
9363 7778
9465 7855
9474 7860
9487 7878
9499 7890
9535 7920
9565 7942
9564 7943
9579 7954
9588 7968
9599 7975
9633 8014
9638 8017
9649 8021
9650 8025
9656 8031
9662 8032
9666 8033
9675 8044
9751 8093
9762 8098
9779 8114
9824 8136
9960 8222
9993 8247
10035 8275
10052 8289
10067 8301
10076 8307
10098 8320
10132 8350
10136 8358
10203 8416
10215 8429
10225 8435
10224 8437
10237 8448
10250 8461
10248 8464
10273 8482
10297 8509
11232 8630
10444 8643
10600 8831
10809 9001
10812 9003
10943 9133
11043 9227
11133 9313
11156 9328
11155 9329
11160 9336
11170 9341
11235 9406
11384 9530
11385 9532
11424 9574
11441 9596
11459 9622
11556 9721
11590 9755
11607 9778
11627 9801
11638 9818
11729 9962
11733 9966
11840 10033
11843 10039
11888 10090
11984 10180
12002 10200
12044 10239
12286 10261
12068 10270
12176 10397
12215 10443
12233 10465
12410 10656
12431 10670
12531 10759
12872 10803
12583 10809
12585 10814
12640 10872
12740 10981
12745 10985
12777 11018
12869 11117
12875 11122
12972 11190
13091 11253
13039 11364
14009 12033
13504 12088
14372 12596
15 19
14
7630 621
5940 647
7767 714
7806 738
8697 1032
5749 1069
7678 1126
7694 1133
9013 1140
9180 1337
10081 1808
10101 1818
10105 1821
10183 1868
15 31
21
2600 641
1112 1405
2206 3395
2679 3997
5123 7078
5360 7372
5368 7386
5430 7478
5587 7665
6038 8277
7027 9718
7637 10421
7816 10666
8407 11521
8689 11735
8697 11740
8700 11757
7570 11980
8897 12000
10081 13626
11065 15169
15 36
20
3581 1045
5430 2396
4794 3837
7565 4788
7615 4838
7637 4860
7634 4863
7649 4872
3439 5404
8318 5631
8593 5897
8646 5948
8655 5952
8697 5975
8721 6003
8729 6006
8741 6017
9013 6204
8292 6586
10420 8212
15 37
40
3442 1443
3449 1449
3749 1730
2327 3001
2411 3073
4948 5985
5430 6457
5518 6553
5558 6593
6107 7346
6989 8462
7012 8475
7300 8718
7334 8755
7348 8773
7418 8854
7432 8874
7450 8901
7457 8910
7554 9043
7637 9132
7742 9288
7816 9360
8689 10350
8700 10369
8721 10403
8729 10409
8741 10425
8735 10427
8829 10533
7570 10589
8897 10608
9013 10735
9098 10856
9533 11512
8863 11627
9687 11689
9706 11707
9742 11768
10144 12160
15 47
16
2600 433
1318 1169
4598 2348
2206 2545
1318 6096
7572 8131
7586 8155
8689 9300
8697 9306
8700 9319
8729 9357
8741 9381
8735 9394
7570 9537
8863 10523
9742 10636
16 23
66
3872 1434
4677 2090
10296 2132
4832 2210
10686 2408
5099 2413
10725 2423
5122 2432
11001 2648
11015 2658
11356 2954
9383 4841
10298 5533
10685 5827
10706 5846
10736 5878
17947 7734
14350 7881
18182 8029
20739 8064
14956 8403
15296 8718
15608 8963
16491 8996
18889 9847
18956 9848
16904 9963
20416 10294
20535 10383
18175 10496
18201 10514
20898 10705
20909 10717
18607 10840
18615 10844
21140 10925
19482 11053
20554 12126
20600 12168
20617 12181
20704 12247
20706 12249
20707 12250
20716 12257
21077 12554
22365 12585
22368 12588
21662 12704
21519 12917
22561 12930
22173 13376
22192 13388
22278 13458
23053 13556
23072 13586
22615 13773
23087 13784
22834 13886
22929 13959
22964 13982
23043 14033
23255 14155
23406 14325
23403 14328
25434 15512
25678 15709
16 24
57
4832 2307
10724 2627
5122 2644
11015 2905
5766 3279
9239 5154
14866 5539
10684 6133
10694 6142
10706 6151
10695 6166
10736 6177
11383 6619
15655 7281
14539 8416
15620 9231
15654 9233
16491 9243
18889 10148
18420 11007
18462 11048
18815 11296
18883 11361
19399 11758
21221 11939
20649 12545
20689 12585
20985 12819
21056 12858
22368 12894
21200 12983
21661 13003
21535 13256
22857 13649
22254 13739
22286 13759
22307 13779
22330 13800
23053 13829
22405 13852
22615 14054
22989 14057
23087 14059
23133 14061
22857 14203
22889 14224
22902 14227
22985 14283
22998 14292
23007 14302
23039 14321
23288 14326
23286 14520
23403 14602
23406 14605
26036 15778
25505 16253
16 25
16
19237 11562
22133 12308
22141 12349
22245 12575
21142 12852
21145 12861
21397 12968
21546 13056
22801 13397
22834 13437
22841 13453
23052 13656
23058 13665
22843 13999
22857 14012
23292 14112
16 26
18
9384 1122
4672 1997
10487 2092
14868 7506
15643 8179
15638 8180
15679 8195
19143 8282
18395 9650
18701 9903
21287 9990
18970 10113
22868 10981
21145 11508
21139 11509
22335 12371
22378 12405
23290 13113
16 31
48
15647 2258
15857 2361
15608 5526
15640 5548
15705 5549
15788 5719
18360 8077
18698 8490
18886 8616
19027 8803
19061 8807
19134 8876
19205 8936
19169 8947
19307 9042
19331 9057
21365 10868
21427 10897
21387 10914
21418 10916
19318 11048
22141 11816
22320 12105
22325 12112
22332 12124
22367 12213
22416 12276
22404 12298
22409 12316
22512 12452
22522 12454
22561 12518
22841 13017
22855 13034
22878 13049
22898 13069
23025 13167
23053 13224
23065 13229
23058 13233
23125 13299
23132 13312
23146 13325
22834 13575
23190 13637
23292 13729
23365 13955
23368 13961
16 37
18
14866 1500
14110 3821
10571 4656
16353 5215
17428 6188
19030 7666
19394 7964
20082 8557
22248 9054
21618 9722
22133 10417
22141 10427
22411 10858
22550 11095
22929 11619
22964 11648
23096 11786
23292 12210
16 38
256
6088 45
111 197
250 335
253 343
339 424
6989 482
7726 884
7948 1055
8229 1321
8228 1337
1868 1381
8527 1617
8573 1637
8776 1771
9423 2521
9467 2574
9601 2719
4035 2748
4074 2797
9732 2828
9757 2843
10070 3122
10122 3156
10154 3176
4559 3187
10264 3270
10267 3273
10274 3288
10296 3300
4832 3372
4861 3397
4874 3409
10425 3412
10529 3489
4967 3498
10642 3561
10686 3577
5099 3591
10696 3603
5126 3615
10782 3647
10818 3664
5305 3769
5327 3781
11184 3917
11211 3936
11234 3955
11301 4012
11293 4014
5598 4026
11356 4083
11370 4093
5737 4142
5793 4180
11479 4202
11491 4205
11500 4214
5841 4217
11544 4250
5942 4342
6550 5036
6630 5087
6631 5088
6674 5112
6732 5179
7917 5938
13605 6313
9663 7362
9900 7558
10254 7858
10266 7871
10298 7890
10387 7989
10458 8036
10571 8111
10684 8191
10725 8212
11187 8549
16073 8572
11376 8684
11503 8767
11562 8817
11567 8820
11591 8844
12500 9205
15648 9212
16284 9214
11894 9277
12211 9441
12207 9447
12248 9474
12299 9507
12347 9551
12357 9554
12358 9556
12361 9566
12382 9596
12430 9618
12458 9634
12472 9654
12708 9845
17470 10307
17507 10364
17999 10953
14339 11027
18228 11234
18231 11239
18235 11246
18236 11248
18242 11255
18246 11262
15065 11689
15074 11705
15110 11720
15212 11817
15247 11839
15291 11896
18735 11902
15355 11957
15500 12066
15582 12140
15608 12151
15640 12172
16491 12180
15798 12297
15820 12312
19197 12444
16045 12457
16046 12463
16073 12481
16162 12552
16299 12649
16341 12679
16352 12693
16408 12735
18956 12952
16504 12965
16505 12966
16698 13082
16721 13101
16750 13130
16771 13139
16775 13146
16832 13176
16841 13192
16874 13212
16872 13218
17440 13581
17520 13637
17581 13672
20282 13763
17896 13889
20427 13934
17967 13953
20463 13965
17994 13981
18174 14148
20735 14190
20747 14196
20775 14231
18307 14250
18353 14288
20877 14327
20909 14356
20928 14376
20955 14388
18604 14487
18690 14540
21140 14553
18913 14730
18928 14741
19221 14944
19265 14973
19301 15003
19318 15006
19325 15009
19389 15052
19581 15284
19633 15324
19702 15369
19698 15371
19724 15388
19728 15391
19736 15400
19758 15411
19797 15443
20457 15847
20544 15923
20673 16023
22187 16046
20704 16049
20841 16173
22276 16213
20976 16295
22365 16383
22368 16388
21209 16482
21662 16497
21288 16534
21519 16696
22561 16703
21592 16738
21691 16922
21693 16930
21749 16968
21745 16969
21766 16986
21890 17064
22013 17116
22832 17190
22857 17211
22858 17213
22903 17243
22909 17248
22941 17291
22991 17344
22340 17389
23053 17405
22647 17603
23087 17616
22655 17650
22728 17702
23187 17736
22838 17763
22908 17798
23190 17808
22964 17835
23045 17887
23350 18058
23250 18072
23271 18092
23403 18186
23406 18189
23939 18726
24856 19124
24977 19486
24762 19487
25176 19651
25182 19664
25149 19756
25405 19995
25434 20038
25407 20047
25393 20100
25507 20189
25503 20212
25556 20231
25640 20236
25426 20252
25621 20255
25194 20265
25697 20321
26036 20428
25651 20547
25710 20568
26084 20583
16 47
42
16189 4553
14667 6142
18320 6193
18886 6720
19134 6962
20938 8245
21366 8598
21396 8623
21427 8633
21436 8649
21412 8651
21418 8652
21436 8655
21582 8751
22245 9537
22286 9607
22325 9661
22416 9812
22411 9817
22410 9828
22512 9971
22553 10020
22562 10029
22841 10442
22855 10457
22878 10468
22898 10490
22943 10526
23053 10628
23065 10634
23096 10669
23105 10680
23119 10693
23132 10707
23146 10717
23159 10727
22834 10909
23288 11048
23292 11058
23300 11068
23304 11079
23372 11302
16 48
15
8312 1614
17271 12492
22329 13325
18562 13388
19014 13649
20534 14809
21131 15227
21136 15238
21139 15246
21145 15248
21142 15249
21546 15458
22379 16164
23050 16610
23290 16797
17 20
46
3236 154
6066 1418
6070 1419
6109 1452
6122 1460
6540 1745
11150 3229
9183 3448
9187 3453
9192 3458
9251 3507
9696 3856
11132 4910
11223 4978
11315 5069
11317 5070
11323 5080
11365 5098
11885 5101
11372 5106
11467 5205
9813 5429
12438 6057
12459 6070
12481 6081
12481 6082
12516 6114
12600 6197
12787 6405
12795 6418
12803 6429
12865 6538
12989 6718
13466 7210
13523 7263
13602 7350
13632 7391
13656 7427
13895 7673
13911 7687
13923 7698
14029 7823
14046 7840
14051 7845
14062 7858
14077 7876
17 26
26
9102 4370
3629 5382
8865 7008
8871 7012
8886 7017
9066 7258
9251 7582
9368 7724
9438 7860
9438 7882
9551 8012
11223 9459
11359 9686
11366 9692
11386 9728
12685 11090
12688 11099
12698 11119
12781 11259
13453 12190
13732 12258
13552 12324
14019 12865
14051 12906
14062 12916
14201 13103
17 40
76
4060 113
5021 876
5020 878
5028 890
5033 902
2411 1098
2412 1099
2415 1101
5543 1292
5652 1362
5653 1363
5668 1373
5700 1397
5954 1697
5963 1701
6002 1720
6074 1770
6142 1821
6294 1937
3419 1992
6845 2310
6914 2353
6918 2358
4086 2695
4156 2748
7828 3007
8117 3240
8333 3462
8359 3491
8603 3741
5521 3815
9192 4322
6343 4581
7265 5426
7404 5503
7408 5504
7494 5552
10940 6366
8757 6506
8848 6593
8865 6610
9064 6821
9067 6828
9250 7074
11365 7075
9257 7084
11382 7107
9926 7708
10185 7886
10257 7924
10276 7937
12563 8547
12657 8614
12669 8621
11238 8629
11262 8664
12803 8771
11386 8779
12883 8863
12935 8932
11727 9081
11756 9103
12459 9654
12487 9681
13463 9743
12943 10159
13113 10349
13435 10417
13876 10625
13895 10640
13926 10965
13769 10997
14112 11269
14286 11416
14655 11597
15389 12551
18 25
14
374 8843
2083 11098
2189 11335
2752 12575
2758 12588
2771 12605
2861 12801
2884 12819
2924 12866
2919 12871
3301 13572
3376 13675
3371 13680
3789 14277
18 31
85
1336 5248
1027 7617
1168 7994
1179 8014
1214 8096
1213 8099
1234 8135
1430 8654
1432 8661
1440 8679
1442 8689
1445 8690
1450 8705
1456 8716
1513 8843
1580 8969
1616 9044
1631 9081
1926 10081
1958 10171
1959 10172
1984 10242
2672 10276
2029 10367
2035 10375
2057 10432
2184 10765
2203 10803
2259 10916
2321 11030
2322 11034
2324 11038
2326 11042
2346 11081
2350 11090
2351 11093
2542 11662
2614 11798
2631 11814
2731 11954
2780 12024
2783 12026
2790 12038
2797 12047
2800 12053
2907 12317
2928 12359
2929 12360
3038 12529
3052 12551
3051 12552
3054 12557
3104 12650
3233 12997
3252 13021
3257 13042
3320 13127
3326 13135
3337 13167
3359 13216
3362 13224
3376 13245
3384 13255
3442 13339
3443 13340
3543 13563
3550 13571
3553 13575
3562 13589
3575 13601
3586 13619
3596 13628
3609 13644
3630 13674
3632 13683
3641 13711
3649 13723
3652 13729
3664 13746
3668 13750
3675 13756
3779 13907
3789 13924
3792 13925
3847 14007
18 37
61
1355 1729
1553 4973
1355 7346
1434 7512
1440 7525
1442 7532
1632 7917
1682 8017
1685 8029
1915 8774
2668 8955
2672 8974
2072 9148
2087 9182
2097 9208
2184 9421
2296 9633
2321 9674
2322 9676
2324 9683
2326 9687
3252 10402
2650 10464
3273 10502
3277 10507
3277 10510
3278 10513
2733 10568
2752 10589
2790 10633
2802 10653
2808 10662
2810 10670
2814 10674
2822 10702
2826 10717
2907 10878
2928 10921
3037 11084
3043 11098
3050 11105
3054 11118
3214 11521
3575 11573
3257 11577
3326 11662
3331 11674
3337 11687
3344 11705
3362 11740
3376 11762
3442 11854
3446 11860
3543 12054
3553 12066
3609 12129
3630 12161
3641 12194
3789 12418
3808 12440
4050 13556
18 47
185
1027 5785
1143 6069
1149 6073
1147 6081
1168 6149
1174 6163
1179 6176
1315 6435
1432 6757
1434 6764
1440 6782
1442 6791
1456 6820
1455 6824
1580 7046
1588 7065
1616 7106
1654 7156
1682 7210
1685 7220
1850 7538
1914 7834
1915 7841
1926 7863
1930 7877
1958 7940
1959 7941
1973 7986
1977 8000
1984 8004
1984 8009
1997 8047
1999 8052
1999 8056
2004 8063
2003 8064
2015 8106
2029 8129
2035 8140
2057 8199
2070 8221
2184 8518
2192 8534
2193 8535
2203 8554
2204 8556
2215 8576
2259 8652
2297 8715
2301 8724
2308 8733
2321 8745
2322 8747
2324 8753
2326 8758
2329 8760
2333 8767
2376 8818
2511 9077
2542 9241
2573 9284
2614 9354
2436 9393
2640 9404
2656 9432
2669 9449
2688 9464
2687 9465
2693 9467
2692 9469
2699 9474
2699 9480
2709 9488
2712 9492
2717 9496
2716 9499
2731 9510
2740 9522
2756 9535
2752 9537
2751 9543
2784 9574
2782 9577
2783 9579
2790 9593
2797 9601
2800 9606
2802 9612
2826 9675
2877 9809
2897 9831
2907 9844
2912 9849
2928 9886
2951 9919
2969 9943
3037 10038
3051 10054
3094 10109
3158 10254
3159 10259
3162 10264
3165 10270
3172 10280
3181 10296
3210 10391
3213 10394
3214 10395
3222 10406
3233 10422
3231 10423
3250 10438
3252 10446
3258 10462
3257 10463
3277 10495
3284 10504
3289 10509
3297 10515
3296 10518
3301 10523
3306 10526
3316 10535
3320 10544
3325 10548
3326 10551
3329 10557
3333 10562
3332 10563
3337 10577
3344 10601
3350 10607
3362 10628
3376 10649
3384 10658
3402 10680
3414 10693
3442 10727
3453 10740
3461 10747
3498 10791
3278 10795
3530 10887
3539 10892
3543 10897
3550 10904
3565 10926
3575 10935
3582 10945
3585 10948
3586 10952
3589 10955
3593 10960
3595 10962
3609 10978
3614 10982
3621 10997
3622 10998
3627 11003
3630 11008
3632 11013
3641 11044
3649 11053
3652 11058
3663 11075
3668 11079
3671 11081
3728 11141
3745 11159
3768 11225
3769 11227
3779 11242
3836 11248
3788 11257
3789 11259
3792 11260
3798 11269
3808 11288
3809 11289
3811 11293
3844 11336
3847 11338
3861 11348
3888 11385
4050 12331
20 26
100
2793 6630
2918 6745
3115 6930
3688 7912
3698 7927
4636 9071
4652 9079
4702 9117
4763 9164
4822 9218
4837 9232
4842 9235
4855 9255
4860 9260
4876 9274
4887 9287
3287 9431
3287 9438
5233 9916
5258 9975
5264 9991
5271 9995
5279 10012
5291 10026
5429 10198
5445 10218
5453 10227
5947 10708
5995 10732
6037 10765
6053 10785
6059 10788
6065 10797
6070 10804
6079 10818
6092 10830
6093 10834
6120 10859
6127 10867
6171 10921
6174 10944
6259 11090
6271 11098
6278 11104
6372 11245
6390 11259
6415 11290
6413 11291
5115 11312
5118 11315
6552 11495
6581 11531
6597 11556
6616 11584
6631 11595
6759 11739
6885 11920
7164 12147
7169 12155
7171 12157
7175 12160
7191 12178
7200 12191
7215 12210
7216 12212
7220 12213
6195 12228
6310 12285
7302 12325
7322 12349
7373 12429
7379 12435
7383 12440
7395 12446
7396 12447
7491 12541
7497 12548
7677 12702
7688 12719
7692 12724
7751 12805
7865 12925
7918 12974
7934 12993
7935 12994
7940 13000
7948 13009
8009 13046
8022 13060
8059 13096
8068 13102
8069 13103
8097 13136
8100 13137
8104 13139
8108 13144
8156 13179
8181 13203
8433 14322
8704 14924
20 27
15
3246 1326
3115 4898
4489 6397
4842 6617
4887 6680
5012 6825
5021 6834
6075 7594
6084 7607
6288 7837
6372 7931
6390 7938
6424 7969
7301 8661
7808 9073
20 30
25
1132 5912
1137 5924
2793 9262
3098 9738
3115 9756
4735 12402
4740 12407
4837 12541
4843 12547
4860 12593
4865 12599
6059 14262
6065 14282
6072 14299
6075 14306
6085 14316
6094 14324
6093 14328
6095 14329
6100 14336
6390 14769
7175 15656
7179 15662
7254 15779
7667 16234
20 39
23
1132 6759
940 9618
2591 10067
3090 10988
3105 11008
3115 11025
3118 11030
4822 14001
4837 14026
4842 14029
4843 14030
4850 14041
4860 14075
4865 14086
6059 15847
6075 15885
6084 15893
6095 15897
6093 15905
6259 16142
6415 16320
7254 17350
7808 17907
20 40
39
912 3596
1070 3815
3646 4645
2794 6132
2919 6270
3368 6847
1436 7038
3646 7312
3733 7375
3746 7384
4635 8254
4887 8508
4927 8553
4968 8607
5105 8768
5258 8912
5271 8924
5589 9167
6070 9654
6072 9657
6091 9680
6279 9877
6371 9951
6390 9965
6399 9972
6413 9993
6424 9996
6591 10124
6603 10137
6927 10387
6927 10392
7255 10720
7301 10764
7302 10765
7373 10843
7808 11190
7961 11287
7961 11290
8045 11344
20 48
19
1132 6143
2759 9448
3105 10015
3115 10025
3118 10029
4552 12484
4740 12727
4822 12842
4829 12852
4837 12864
4843 12872
4850 12886
4860 12917
6059 14638
6075 14680
6094 14696
6093 14700
6174 14809
7175 15974
21 28
56
111 286
1265 885
567 2032
904 2457
920 2475
2273 4159
2275 4162
2276 4163
2280 4169
2334 4207
2341 4214
3918 4306
2495 4377
2561 4445
2567 4454
2610 4461
2591 4474
4076 4559
1671 4996
3207 5006
3813 5846
3820 5853
3822 5854
3825 5856
3850 5878
3856 5884
3866 5890
3921 5945
3999 6040
4058 6087
4107 6113
4299 6243
4885 6849
4922 6873
4932 6887
4942 6900
5232 7111
5308 7179
4428 7186
5317 7190
5363 7231
5365 7233
5370 7240
5379 7248
5437 7297
4599 7360
5810 7653
5887 7712
5958 7754
6006 7790
6011 7795
6042 7821
6589 8224
6618 8235
6621 8236
7078 9286
21 29
149
19 101
29 153
116 503
144 611
142 613
151 623
155 640
157 641
172 679
188 734
192 745
212 801
225 840
234 867
239 882
242 888
243 891
274 1033
562 2874
565 2878
105 3346
831 3375
832 3376
851 3408
858 3419
872 3438
870 3439
885 3462
886 3463
890 3473
904 3489
907 3495
920 3521
929 3529
943 3562
953 3569
954 3570
955 3581
972 3602
970 3605
978 3618
995 3642
996 3643
1027 3676
1041 3697
1056 3710
1062 3717
1089 3751
1112 3788
1124 3809
1138 3822
1151 3847
2232 5700
2252 5725
2253 5726
2437 5943
2485 6038
2495 6045
2492 6046
2512 6071
2525 6085
2536 6101
2538 6103
2551 6121
2556 6126
2560 6134
2561 6135
2567 6143
2566 6144
2579 6160
2583 6167
2590 6170
2591 6177
2606 6195
2634 6197
2623 6219
2672 6273
2744 6368
2195 6386
2767 6406
2960 6622
2979 6675
3806 7884
3813 7893
3827 7915
3835 7932
3848 7947
3860 7952
3913 8007
3921 8017
3928 8028
3934 8037
3961 8072
3965 8074
3969 8086
3976 8096
3983 8101
3986 8111
3995 8122
3998 8126
4007 8135
4024 8161
4038 8172
4058 8192
4060 8194
4087 8222
4116 8251
4234 8353
4249 8369
5367 8618
4520 8682
4934 9195
4940 9202
4975 9239
4974 9240
4987 9252
4999 9263
5003 9269
5008 9270
5004 9275
5032 9284
5016 9286
5022 9289
5020 9292
5028 9297
5042 9307
5046 9312
5053 9320
5809 10082
5829 10102
5832 10103
5835 10110
5852 10127
5862 10137
5866 10140
5871 10147
5874 10149
5882 10157
6280 10488
6284 10493
6289 10494
6304 10508
6314 10517
6315 10519
6324 10526
6585 10686
6586 10687
6612 10703
6810 10946
21 41
96
15 64
588 92
30 96
56 136
64 168
234 503
283 655
500 1932
562 2010
565 2013
574 2025
576 2027
594 2056
634 2123
641 2129
904 2545
1100 2764
1130 2801
3360 3675
2232 4357
2236 4366
2241 4368
2254 4383
2255 4386
2253 4387
2259 4394
2272 4412
2283 4425
2280 4428
2285 4431
2289 4439
2325 4489
2334 4497
2341 4508
2343 4510
2346 4512
2355 4530
2485 4731
2586 4835
2709 4959
2729 4974
2839 5091
3237 5503
3800 6318
3806 6324
3807 6327
3808 6328
3813 6335
3814 6337
3819 6346
3822 6349
3840 6372
3846 6381
3849 6389
3850 6390
3856 6397
3860 6401
3868 6406
3900 6449
3965 6526
3999 6568
4058 6624
4076 6643
4087 6651
4263 6811
4314 6848
4853 7459
4870 7477
4872 7480
4873 7484
4985 7616
4987 7621
5016 7650
5050 7680
5297 7958
5383 8054
5757 8446
5761 8451
5762 8452
5782 8474
5829 8529
5835 8535
5852 8551
5862 8559
5866 8561
5911 8615
6247 8935
6249 8938
6254 8942
6255 8944
6259 8949
6583 9299
6584 9300
6585 9301
6586 9302
6587 9303
21 49
22
26 85
29 104
565 2563
568 2568
577 2581
588 2599
2250 5029
2276 5060
2285 5065
2280 5066
2289 5073
2290 5076
3822 7095
3825 7099
3829 7104
3830 7109
3842 7127
3850 7130
4853 8218
4855 8222
5756 9270
5762 9278
22 42
20
3006 4587
3122 4805
5200 7128
5412 7449
6416 8455
6424 8462
6435 8475
6473 8512
6478 8518
7389 9592
7583 9780
7633 9843
7635 9844
7636 9845
7724 9956
8513 10802
8828 11072
9049 11347
9070 11363
9074 11366
22 51
26
3006 5002
3122 5215
5194 7616
5199 7626
5200 7627
5232 7669
5412 7944
5411 7945
6146 8746
6405 8996
6422 9008
6473 9067
6478 9076
7134 9747
7389 10133
7583 10315
7635 10376
8258 11004
8828 11531
9049 11771
9074 11793
9076 11796
9305 11993
9342 12045
9433 12156
9725 12398
23 24
1165
67 67
269 237
302 274
315 288
327 311
348 327
423 386
431 400
472 434
488 446
502 462
555 515
558 521
562 524
606 566
688 646
710 671
716 682
756 746
786 795
820 815
859 848
882 879
864 881
896 895
887 903
1392 1427
1773 1863
2035 2090
2039 2092
2135 2211
2132 2212
2117 2213
2142 2214
2177 2259
2210 2307
2268 2395
2303 2448
2403 2563
2438 2613
2393 2615
2414 2634
2415 2637
2432 2644
2423 2645
2421 2646
2525 2710
2533 2720
2559 2750
2536 2767
2715 2948
2744 2985
2825 3016
2752 3040
2790 3045
3016 3233
2981 3286
3046 3287
3027 3301
3056 3326
3104 3385
3144 3401
3115 3405
3191 3410
3124 3418
3153 3433
3395 3693
3465 3827
3545 3886
3565 3898
3574 3922
3583 3928
3593 3946
3683 4071
3698 4086
3734 4116
3782 4169
3793 4184
3821 4212
3817 4214
3820 4215
3837 4224
3920 4312
3935 4327
4136 4489
4143 4495
4183 4528
4211 4551
4227 4571
4309 4668
4328 4682
4334 4689
4361 4709
4414 4768
4483 4860
4511 4891
699 4906
4543 4930
4563 4955
4571 4968
4572 4969
4577 4978
4585 4988
4619 5024
4624 5033
4665 5076
4671 5089
4678 5090
4829 5239
4965 5356
5020 5402
5068 5439
5210 5564
5237 5587
5405 5708
5414 5710
5421 5715
5442 5740
5485 5769
5590 5842
5695 5978
5723 5988
5792 6060
5795 6115
5806 6119
5826 6124
5813 6125
5837 6126
5835 6133
5819 6137
5872 6139
5836 6142
5856 6144
5827 6146
5825 6147
5857 6155
5854 6165
5840 6166
5851 6172
5867 6173
5878 6177
5887 6180
5868 6181
5879 6194
5905 6211
5906 6213
5909 6218
5918 6224
5912 6225
5943 6234
5924 6235
6041 6345
6017 6347
6010 6348
6033 6363
6061 6371
6040 6372
6069 6383
6042 6384
6049 6390
6140 6437
6187 6465
6196 6483
6168 6491
6143 6499
6191 6504
6154 6517
6220 6530
6173 6533
6310 6619
6320 6628
6324 6634
6335 6650
6331 6678
6384 6720
6406 6726
6417 6742
6419 6748
6401 6777
6471 6783
6538 6869
6767 7134
6775 7142
6804 7178
6813 7190
6837 7218
5864 7282
6924 7320
6947 7334
6952 7346
6955 7348
6963 7353
6972 7359
6995 7386
6994 7393
7002 7403
7016 7417
7018 7418
7034 7423
7023 7428
7049 7438
7046 7445
7047 7446
7067 7473
7073 7474
7072 7476
7079 7492
7097 7499
7125 7531
7136 7539
7146 7545
7297 7651
7298 7653
7332 7692
7342 7704
7352 7714
7359 7723
7386 7757
7389 7759
7399 7768
7401 7769
7409 7777
7416 7786
7417 7788
7424 7796
7439 7803
7442 7807
7455 7816
7457 7818
7460 7823
7467 7826
7469 7830
7476 7836
7490 7847
7508 7860
7513 7864
7514 7865
7545 7910
7572 7924
7615 7966
7614 7968
7612 7971
7627 7985
7626 7987
7640 8001
7647 8011
7652 8017
7657 8021
7667 8043
7694 8064
7702 8075
7708 8079
7718 8091
7739 8119
7748 8121
7768 8143
7786 8165
8193 8544
8221 8570
14631 8655
8381 8692
8388 8702
8398 8715
8403 8726
8448 8743
8464 8753
8457 8760
8476 8769
8484 8775
8528 8803
8554 8819
8568 8832
8611 8854
8607 8855
8615 8860
8581 8876
8636 8886
8653 8890
8648 8891
8654 8895
8664 8897
8749 8990
8768 9002
8756 9003
8794 9013
8844 9051
8845 9052
8797 9053
8813 9069
8808 9071
8827 9073
8898 9094
8857 9097
8829 9098
8848 9109
8886 9115
8854 9116
8871 9128
8895 9132
8872 9137
8896 9139
8875 9142
8904 9147
8884 9150
8913 9151
8889 9154
8948 9155
8892 9157
8916 9159
8906 9163
8924 9165
8923 9166
8955 9173
8931 9175
8925 9181
8945 9184
8941 9185
8949 9188
8950 9190
8932 9191
8940 9194
8956 9197
8963 9202
8946 9203
8989 9206
8972 9207
8968 9210
8964 9211
8957 9212
8966 9213
8979 9214
8960 9216
8983 9220
8977 9226
8959 9227
8987 9230
8970 9231
8995 9233
8990 9234
8980 9237
9035 9239
9008 9240
9001 9242
8996 9243
8993 9246
9009 9247
9004 9249
8998 9252
9018 9262
9015 9270
9021 9275
9034 9285
9039 9288
9036 9289
9110 9347
9120 9354
9115 9374
9134 9376
9145 9379
9149 9390
9139 9391
9138 9395
9178 9396
9161 9400
9158 9408
9172 9412
9173 9413
9167 9420
9184 9424
9179 9432
9181 9433
9241 9470
9245 9472
9236 9488
9276 9501
9267 9503
9257 9515
9290 9517
9269 9523
9323 9526
9301 9527
9270 9528
9313 9543
9418 9628
9424 9645
9425 9649
9430 9656
9431 9675
9456 9701
9480 9710
9474 9718
9483 9725
9469 9726
9507 9729
9505 9735
9508 9744
9479 9745
9499 9749
9489 9761
9494 9764
9554 9778
9509 9781
9548 9793
9589 9797
9577 9816
9583 9821
9600 9841
9628 9848
9608 9850
9621 9866
9661 9897
9665 9914
9683 9918
9651 9934
9689 9944
9693 9955
9673 9961
9745 10019
9748 10025
9752 10032
9759 10037
9847 10148
9852 10154
9856 10161
9861 10163
9868 10167
9870 10172
9875 10176
9880 10178
9879 10182
9877 10183
9883 10190
9901 10194
9905 10203
9908 10207
9918 10218
9921 10219
9920 10223
9923 10225
9930 10232
9937 10235
9936 10243
9939 10244
9940 10245
9944 10250
9947 10255
9954 10258
9955 10261
9956 10271
9958 10277
9981 10287
9970 10293
9974 10297
9979 10299
9983 10304
9998 10329
10006 10339
10017 10348
10123 10435
10128 10441
10134 10448
10145 10458
10153 10465
10160 10471
10159 10472
10170 10480
10190 10503
10217 10528
10233 10543
10243 10561
10245 10563
10252 10578
10261 10587
10266 10594
10273 10596
10279 10602
10282 10603
10280 10604
10284 10610
10324 10650
10326 10653
10340 10671
10341 10672
10355 10682
10372 10705
10511 10840
10519 10845
10522 10851
10599 10929
10609 10934
10606 10937
10610 10942
10632 10946
10635 10957
10652 10963
10688 10999
10695 11005
10717 11017
10705 11022
10737 11035
10729 11036
10741 11040
10744 11047
10732 11048
10746 11056
10745 11058
10752 11059
10765 11067
10759 11068
10775 11077
10773 11078
10772 11079
10777 11080
10794 11084
10791 11086
10778 11087
10805 11096
10795 11106
10825 11114
10828 11120
10866 11148
10875 11153
10852 11154
10862 11158
10857 11162
10853 11165
10895 11168
10870 11173
10901 11174
10903 11195
10932 11202
10929 11203
10938 11208
10951 11220
10949 11231
10946 11232
10943 11235
10959 11252
10973 11255
10970 11259
11014 11270
10991 11271
10988 11273
11029 11275
10994 11284
10996 11288
11017 11292
11005 11295
11006 11296
11002 11297
11063 11302
11013 11305
11037 11307
11035 11308
11018 11310
11019 11315
11046 11322
11034 11324
11052 11326
11050 11327
11047 11329
11038 11330
11053 11339
11044 11340
11064 11341
11060 11342
11049 11343
11067 11347
11055 11348
11071 11355
11072 11356
11068 11357
11065 11358
11069 11361
11086 11365
11079 11366
11089 11372
11076 11373
11073 11375
11084 11376
11085 11377
11096 11379
11091 11381
11112 11384
11100 11385
11136 11386
11113 11387
11114 11388
11102 11391
11106 11395
11119 11397
11115 11398
11107 11399
11121 11403
11132 11407
11126 11408
11133 11412
11140 11416
11131 11417
11134 11419
11156 11421
11145 11422
11151 11426
11146 11427
11147 11429
11148 11432
11158 11436
11160 11439
11169 11445
11189 11452
11182 11457
11183 11463
11185 11465
11177 11466
11195 11471
11200 11477
11203 11482
11192 11483
11211 11489
11204 11497
11221 11501
11223 11503
11219 11507
11232 11512
11235 11518
11243 11527
11249 11529
11244 11531
11245 11533
11255 11537
11256 11538
11247 11540
11252 11543
11270 11549
11274 11550
11291 11560
11283 11563
11288 11567
11287 11568
11304 11577
11326 11583
11311 11585
11313 11587
11299 11589
11329 11595
11307 11596
11336 11603
11321 11612
11363 11625
11401 11658
11403 11662
11424 11702
11436 11707
11431 11709
11437 11717
11432 11721
11453 11737
11466 11750
11469 11752
11455 11758
11475 11774
11499 11785
11521 11790
11519 11807
11537 11819
11543 11823
11547 11834
11558 11839
11568 11846
11562 11856
11577 11859
11563 11861
11571 11864
11585 11871
11604 11911
11666 11959
11672 11964
11680 11974
11684 11979
11687 11987
11694 11990
11706 11998
11704 11999
11715 12009
11722 12014
11717 12015
11724 12017
11721 12018
11730 12027
11734 12035
11737 12036
11741 12038
11746 12049
11744 12051
11760 12061
11759 12067
11766 12082
11770 12088
11775 12099
11786 12110
11885 12181
11933 12216
11956 12246
11971 12268
11978 12275
11979 12278
11982 12286
11985 12289
11990 12295
12000 12304
12009 12311
12008 12312
12016 12320
12037 12340
12032 12341
12043 12348
12049 12350
12038 12351
12062 12368
12060 12369
12063 12374
12061 12375
12078 12392
12073 12402
12094 12409
12106 12423
12107 12430
12119 12435
12125 12453
12126 12454
12124 12467
12138 12472
12142 12483
12147 12487
12158 12501
12178 12523
12207 12534
12194 12540
12223 12577
12254 12597
12249 12598
12261 12602
12270 12608
12344 12672
12376 12687
12379 12698
12386 12705
12400 12714
12403 12717
12407 12719
12423 12729
12433 12738
12434 12739
12425 12740
12426 12744
12444 12750
12444 12753
12430 12754
12456 12763
12457 12768
12463 12772
12449 12773
12465 12778
12452 12783
12474 12793
12469 12796
12490 12802
12483 12803
12496 12809
12506 12816
12503 12819
12512 12822
12515 12823
12517 12832
12514 12834
12529 12835
12530 12836
12535 12839
12527 12840
12537 12845
12528 12847
12544 12848
12547 12854
12556 12861
12575 12875
12562 12876
12587 12881
12563 12882
12576 12883
12576 12888
12571 12889
12601 12893
12588 12894
12585 12896
12599 12897
12593 12899
12591 12900
12591 12903
12611 12906
12618 12912
12612 12914
12615 12915
12631 12919
12641 12925
12642 12929
12648 12931
12650 12935
12653 12937
12658 12942
12644 12944
12660 12947
12661 12954
12651 12955
12645 12956
12663 12958
12667 12964
12662 12967
12657 12973
12668 12978
12675 12980
12676 12982
12674 12983
12690 12988
12687 12989
12680 12990
12692 12993
12682 12995
12683 12996
12702 12999
12694 13005
12700 13006
12717 13011
12710 13012
12711 13018
12724 13020
12716 13026
12732 13028
12731 13029
12731 13030
12725 13031
12721 13032
12726 13035
12751 13044
12746 13045
12742 13050
12744 13051
12754 13052
12749 13053
12756 13056
12768 13065
12772 13067
12778 13069
12764 13070
12773 13072
12783 13074
12786 13075
12770 13077
12774 13079
12784 13080
12779 13081
12775 13084
12800 13092
12792 13095
12801 13098
12797 13099
12791 13100
12803 13104
12795 13105
12813 13108
12812 13113
12804 13114
12819 13119
12817 13121
12822 13122
12824 13124
12818 13126
12831 13131
12835 13134
12839 13141
12845 13147
12842 13148
12858 13157
12854 13158
12850 13159
12866 13167
12860 13169
12869 13172
12864 13175
12874 13177
12870 13182
12877 13187
12875 13188
12910 13210
12904 13212
12905 13215
12916 13221
12915 13224
12918 13229
12925 13232
12912 13233
12932 13235
12922 13241
12920 13242
12940 13250
12970 13269
12971 13284
13033 13346
13037 13351
13138 13447
13139 13448
13140 13450
13143 13456
13146 13457
13149 13461
13150 13462
13155 13465
13158 13468
13162 13469
13160 13470
13169 13477
13167 13479
13171 13480
13176 13485
13175 13488
13178 13489
13182 13492
13177 13493
13193 13511
13199 13517
13272 13563
13275 13565
13283 13576
13297 13592
13305 13598
13324 13615
13336 13627
13341 13641
13349 13646
13383 13687
13381 13688
13415 13721
13416 13725
13430 13731
13425 13734
13435 13739
13451 13750
13463 13759
13464 13760
13471 13762
13465 13763
13471 13765
13481 13771
13477 13774
13488 13778
13495 13782
13492 13783
13504 13788
13506 13791
13505 13792
13512 13795
13520 13798
13516 13799
13513 13800
13527 13807
13542 13818
13533 13820
13544 13821
13540 13822
13541 13825
13552 13826
13557 13828
13556 13829
13547 13830
13567 13831
13564 13832
13565 13833
13558 13834
13570 13836
13566 13837
13562 13838
13579 13848
13587 13851
13584 13852
13580 13853
13574 13854
13572 13857
13592 13862
13588 13863
13593 13864
13591 13865
13596 13867
13597 13868
13594 13869
13598 13871
13601 13873
13606 13876
13600 13877
13607 13878
13602 13879
13611 13881
13609 13883
13615 13887
13612 13889
13617 13893
13618 13894
13625 13898
13630 13899
13626 13900
13639 13905
13638 13906
13641 13907
13643 13910
13640 13911
13635 13912
13646 13913
13642 13914
13653 13922
13650 13923
13659 13929
13656 13931
13662 13935
13681 13953
13682 13955
13683 13956
13680 13960
13690 13969
13686 13970
13706 13979
13712 13988
13734 14016
13752 14029
13773 14054
13784 14059
13813 14100
13855 14134
13862 14143
13864 14144
13875 14156
13879 14161
13886 14170
13892 14179
13893 14180
13897 14187
13918 14208
13937 14227
13945 14238
13947 14241
13959 14247
13960 14248
13962 14252
13969 14255
13970 14257
13972 14262
13982 14266
13986 14268
13981 14269
13991 14274
13990 14275
13995 14277
13998 14284
14009 14290
14007 14292
14018 14300
14016 14301
14025 14308
14027 14309
14024 14310
14028 14313
14033 14319
14036 14323
14035 14325
14039 14326
14048 14330
14047 14331
14052 14334
14049 14335
14050 14336
14051 14338
14063 14339
14061 14340
14060 14341
14057 14342
14065 14344
14062 14345
14066 14349
14064 14351
14071 14353
14075 14355
14084 14362
14081 14364
14082 14365
14079 14366
14087 14369
14090 14371
14097 14372
14091 14373
14088 14374
14092 14376
14089 14377
14099 14378
14098 14379
14101 14381
14102 14383
14108 14387
14109 14389
14111 14390
14117 14397
14116 14401
14123 14405
14126 14410
14127 14411
14131 14413
14132 14414
14145 14428
14147 14429
14176 14457
14182 14464
14184 14465
14186 14466
14196 14474
14201 14477
14206 14485
14210 14488
14213 14493
14216 14497
14218 14501
14223 14503
14222 14504
14225 14506
14224 14507
14227 14508
14228 14513
14229 14514
14234 14517
14237 14518
14242 14523
14244 14525
14245 14527
14246 14529
14251 14531
14256 14535
14255 14536
14258 14541
14261 14543
14263 14544
14264 14549
14280 14562
14282 14563
14283 14566
14287 14568
14292 14574
14298 14581
14303 14585
14306 14588
14307 14589
14328 14602
14325 14605
14359 14633
15188 15517
15525 15629
15762 15758
15722 15769
15819 15857
15922 15981
15954 16235
23 25
27
5825 6297
7490 7970
7652 8145
8932 9284
11102 11386
8010 11863
11979 12168
11990 12176
12683 12879
12668 13284
13275 13397
13272 13398
13297 13417
13513 13644
13886 13973
13955 14059
13966 14068
13990 14085
13997 14089
14007 14095
14016 14097
13547 14118
13554 14125
14182 14257
14229 14287
14277 14323
14280 14326
23 31
95
2002 2024
5846 2243
4224 4048
4515 4454
4577 4520
4619 4569
4950 4844
5549 5304
5878 5541
9138 5665
6359 6012
6389 6028
6436 6099
6750 6274
7417 7297
7615 7522
7627 7543
7637 7546
7640 7557
7647 7568
7707 7614
7717 7633
7748 7660
7772 7695
8099 7968
10606 8007
10645 8046
8505 8306
8579 8403
8615 8427
10953 8433
8636 8441
8703 8495
8867 8674
8890 8697
11252 8846
9364 9020
9449 9089
9518 9161
10245 10031
10291 10085
10324 10125
10326 10134
10341 10152
10349 10157
10355 10161
10372 10165
12363 10375
12463 10465
10809 10547
10852 10563
10861 10631
10876 10637
10991 10701
11014 10796
11933 11603
12013 11701
12043 11735
12061 11748
12053 11755
12060 11757
12063 11766
12107 11786
12094 11787
12105 11797
12126 11802
12137 11813
12142 11823
12253 11887
12379 12007
12530 12159
12567 12176
12547 12191
12723 12392
12980 12564
13350 12747
13376 12748
13290 12982
13297 12988
13295 12991
13305 13002
13336 13017
13337 13020
13389 13076
13435 13108
13520 13183
13527 13198
13875 13563
13886 13575
13893 13586
13927 13612
13945 13631
13971 13653
14013 13689
14283 14010
23 37
34
676 897
7701 1039
1617 1479
5163 1486
4152 3328
4180 3345
4515 3754
4665 3905
5863 4741
7605 6487
7615 6499
7627 6524
7717 6606
8505 7233
8945 7511
9449 7924
10232 8734
10245 8765
12158 8912
12517 9221
10852 9271
12043 10350
12060 10369
12112 10400
12567 10758
12723 10959
13637 10981
13290 11536
13295 11541
13520 11702
14096 11815
13886 12066
13927 12101
14013 12176
23 38
998
34 307
69 423
756 1900
760 1903
1450 2624
1502 2681
1544 2724
1825 3032
1895 3088
2117 3279
2139 3299
2408 3577
2413 3591
2421 3599
2432 3610
2442 3624
2559 3733
2592 3769
2614 3775
2648 3803
2649 3804
2658 3815
2759 3893
2778 3918
2790 3927
2881 3993
2993 4093
2994 4097
2976 4108
3025 4140
3038 4152
3161 4250
3191 4284
3206 4292
3780 5127
4478 6621
4538 6725
4541 6733
4678 6927
995 6935
4689 6939
4698 6952
4933 7210
4969 7248
5034 7343
5177 7496
5298 7646
5307 7662
5327 7679
5383 7724
5442 7797
5465 7812
5467 7813
5488 7848
5521 7859
5524 7870
5533 7890
5542 7897
5549 7903
5586 7943
5602 7966
5661 8015
5670 8017
5713 8061
5733 8084
5783 8140
5806 8149
5813 8159
5816 8168
5818 8169
5809 8175
5825 8176
5827 8179
5826 8182
5835 8191
5836 8192
5844 8193
5839 8197
2414 8202
5856 8210
5857 8211
5868 8212
5867 8220
5870 8223
5869 8227
5879 8229
5878 8230
5883 8232
5889 8239
5890 8240
5887 8245
5905 8257
5906 8258
5909 8263
5912 8270
5918 8273
5920 8275
5978 8341
5984 8364
6010 8385
6023 8407
6040 8415
6042 8416
6043 8423
6057 8434
6070 8450
6061 8451
6090 8467
6114 8500
6168 8545
6184 8566
6298 8674
6309 8685
6349 8723
6361 8739
6378 8756
6412 8772
6406 8788
6417 8796
6418 8798
6419 8799
6421 8803
6428 8809
6431 8815
6426 8817
6436 8824
6449 8833
6475 8847
6474 8860
6630 8994
6634 8996
6698 9058
6703 9076
6796 9143
6929 9455
6995 9589
7041 9680
7047 9683
7073 9723
7301 10224
7332 10291
7417 10445
7439 10475
7446 10487
7468 10519
7476 10530
7480 10535
7509 10569
7513 10581
7633 10776
7638 10782
7652 10801
7748 10910
7771 10929
7919 11080
8060 11233
8096 11259
8127 11286
8188 11347
8382 11566
8390 11576
8398 11584
8457 11646
8476 11672
8505 11702
8515 11708
8528 11720
8530 11724
8583 11765
8579 11774
8596 11776
8604 11780
8591 11786
8607 11801
8615 11805
8636 11826
8655 11835
8648 11840
8675 11860
8689 11873
8700 11883
8703 11885
8730 11903
8738 11914
8759 11937
8767 11941
8780 11956
8786 11959
8797 11963
8804 11982
8818 11988
8827 11999
8828 12000
8827 12002
8817 12004
8836 12009
8832 12013
8832 12017
8848 12018
8825 12020
8848 12025
8849 12026
8854 12027
8856 12033
8844 12040
8869 12046
8862 12055
8867 12062
8886 12066
8895 12076
8906 12079
8905 12081
8904 12082
8890 12085
8914 12087
8898 12089
8911 12090
8912 12091
8913 12092
8925 12098
8924 12101
8931 12109
8940 12115
8946 12124
8945 12127
8941 12128
8949 12129
8950 12130
8957 12138
8944 12140
8948 12141
8956 12142
8960 12143
8964 12148
8955 12149
8963 12151
8966 12156
8968 12157
8973 12158
8976 12159
8980 12163
8979 12170
8983 12172
8987 12174
8990 12176
8993 12177
8996 12180
8998 12181
8995 12183
9001 12185
9003 12186
9004 12187
9010 12189
9009 12195
9008 12196
9015 12200
9018 12202
9021 12204
9024 12211
9029 12218
9033 12219
9034 12220
9039 12224
9093 12299
9110 12303
9103 12304
9120 12309
9109 12312
9134 12320
9138 12323
9139 12326
9146 12330
9150 12331
9149 12333
9152 12342
9161 12349
9173 12354
9181 12363
9184 12366
9193 12369
9206 12394
9240 12415
9262 12429
9267 12437
9282 12452
9294 12463
9311 12470
9306 12476
9304 12479
9303 12480
9323 12497
9325 12498
9333 12501
9351 12504
9360 12515
9345 12517
9349 12524
9362 12530
9380 12542
9381 12543
9389 12545
9402 12551
9413 12574
9418 12575
9416 12576
9424 12585
9438 12600
9444 12607
9452 12611
9451 12612
9449 12614
9456 12615
9454 12620
9469 12629
9466 12632
9474 12636
9477 12643
9476 12645
9488 12652
9492 12658
9499 12661
9497 12663
9509 12664
9498 12665
9500 12670
9508 12672
9507 12675
9518 12686
9526 12689
9536 12696
9547 12715
9586 12737
9587 12738
9608 12752
9610 12754
9651 12784
9655 12785
9682 12808
9701 12828
9848 12952
9879 13098
9923 13167
9930 13180
9940 13194
10096 13571
10104 13594
10170 13717
10209 13793
10241 13853
10252 13883
10261 13892
10268 13896
10326 13961
10372 14003
10394 14024
10408 14043
10413 14048
10432 14066
10450 14087
10473 14113
10488 14129
10490 14132
10579 14231
10595 14248
10606 14256
10609 14264
10644 14298
10688 14340
10695 14341
10705 14348
10717 14356
10729 14378
10746 14390
10765 14400
10764 14403
10773 14418
10775 14423
10777 14429
10785 14432
10791 14442
10799 14443
10805 14453
10809 14455
10818 14457
10817 14461
10812 14465
10825 14473
10828 14474
10838 14483
10843 14487
10853 14492
10855 14494
10864 14499
10861 14505
10870 14508
10866 14511
10876 14518
10887 14527
10888 14529
10903 14533
10902 14539
10905 14540
10911 14547
10918 14552
10925 14553
10924 14556
10931 14559
10930 14567
10943 14569
10938 14576
10946 14578
10953 14581
10949 14584
10952 14586
10951 14587
10959 14588
10961 14596
10970 14598
10973 14606
10976 14612
10978 14616
10988 14619
10991 14624
10987 14628
10993 14629
10998 14634
11004 14639
11005 14640
11006 14641
11011 14643
11012 14644
11018 14650
11021 14656
11027 14657
11014 14658
11030 14663
11036 14666
11038 14672
11029 14673
11042 14681
11047 14683
11048 14684
11052 14690
11061 14692
11060 14695
11065 14696
11069 14697
11057 14699
11064 14700
11067 14701
11068 14703
11071 14705
11063 14707
11074 14715
11079 14716
11085 14717
11084 14718
11086 14722
11091 14723
11089 14725
11090 14726
11088 14730
11096 14731
11101 14736
11107 14737
11100 14742
11106 14743
11115 14747
11112 14751
11113 14752
11114 14753
11119 14756
11123 14757
11111 14758
11122 14759
11126 14762
11131 14764
11133 14767
11132 14773
11140 14777
11145 14782
11146 14783
11147 14784
11151 14788
11156 14789
11158 14790
11160 14793
11169 14807
11176 14811
11178 14813
11182 14815
11183 14816
11195 14827
11189 14831
11199 14833
11203 14836
11211 14844
11219 14848
11218 14851
11221 14852
11223 14857
11224 14860
11235 14869
11244 14872
11243 14874
11249 14882
11255 14884
11256 14885
11294 14911
11304 14926
11311 14928
11312 14933
11315 14934
11318 14938
11325 14943
11326 14944
11329 14945
11333 14946
11335 14953
11342 14956
11340 14958
11346 14961
11353 14971
11373 14983
11380 14984
11390 14989
11383 14990
11402 15002
11400 15004
11401 15005
11403 15007
11409 15013
11410 15014
11411 15015
11413 15017
11416 15018
11418 15020
11424 15025
11426 15027
11432 15031
11437 15033
11454 15045
11452 15048
11453 15049
11455 15050
11458 15058
11466 15060
11475 15064
11465 15067
11474 15068
11511 15092
11514 15095
11548 15119
11563 15130
11562 15131
11571 15138
11744 15402
11978 15775
12043 15853
12058 15868
12060 15871
12061 15872
12062 15874
12067 15877
12085 15894
12092 15898
12094 15903
12104 15910
12107 15913
12105 15916
12108 15920
12125 15927
12126 15928
12130 15932
12134 15935
12137 15938
12136 15940
12138 15941
12142 15945
12151 15951
12178 15977
12183 15984
12198 15999
12197 16001
12200 16007
12216 16023
12227 16033
12243 16046
12248 16052
12253 16053
12255 16058
12260 16066
12261 16071
12268 16077
12277 16083
12281 16087
12291 16095
12347 16144
12344 16145
12374 16171
12400 16196
12404 16202
12406 16215
12419 16223
12426 16226
12424 16228
12425 16229
12434 16232
12433 16234
12456 16256
12457 16257
12463 16263
12465 16266
12474 16277
12490 16289
12496 16296
12506 16305
12512 16318
12517 16321
12527 16332
12530 16335
12529 16336
12543 16344
12544 16353
12547 16355
12563 16366
12561 16368
12562 16372
12572 16373
12578 16377
12577 16380
12585 16383
12575 16384
12581 16387
12588 16388
12591 16389
12587 16391
12594 16392
12599 16397
12601 16400
12612 16402
12614 16403
12615 16404
12620 16405
12611 16407
12618 16410
12626 16412
12627 16414
12629 16418
12639 16427
12637 16432
12645 16433
12636 16435
12641 16439
12642 16440
12649 16441
12651 16442
12657 16446
12659 16453
12662 16456
12664 16458
12660 16459
12665 16462
12674 16469
12675 16475
12676 16476
12677 16478
12678 16479
12682 16481
12681 16482
12684 16484
12685 16485
12687 16487
12690 16488
12692 16489
12704 16497
12702 16499
12707 16500
12713 16502
12717 16507
12725 16510
12714 16512
12725 16513
12724 16514
12729 16515
12723 16518
12733 16519
12734 16520
12728 16522
12732 16523
12735 16524
12749 16529
12746 16531
12745 16535
12751 16536
12754 16537
12755 16538
12757 16540
12756 16541
12768 16552
12767 16555
12773 16558
12772 16561
12774 16563
12775 16564
12779 16568
12786 16570
12784 16571
12783 16573
12791 16579
12792 16582
12797 16586
12801 16592
12812 16602
12817 16603
12819 16606
12822 16608
12824 16612
12831 16620
12835 16622
12842 16624
12845 16631
12854 16640
12860 16644
12866 16648
12869 16656
12874 16660
12877 16663
12915 16693
12916 16695
12917 16696
12935 16707
12940 16709
12941 16710
12944 16711
12943 16712
12946 16716
12957 16722
12970 16736
12980 16738
12981 16739
12990 16748
13001 16757
13012 16766
13020 16775
13035 16793
13272 17146
13283 17157
13295 17171
13297 17172
13305 17179
13312 17185
13315 17186
13316 17188
13320 17189
13323 17192
13330 17197
13336 17198
13337 17201
13342 17202
13340 17205
13351 17213
13349 17215
13352 17217
13376 17234
13380 17236
13383 17238
13385 17241
13397 17255
13403 17261
13415 17273
13429 17289
13430 17290
13435 17295
13443 17304
13454 17316
13465 17325
13463 17327
13464 17328
13472 17332
13480 17338
13481 17339
13483 17340
13488 17347
13495 17352
13504 17354
13499 17355
13505 17356
13506 17362
13513 17367
13512 17369
13516 17370
13518 17371
13520 17375
13523 17378
13525 17379
13529 17380
13528 17382
13527 17383
13531 17384
13534 17385
13532 17387
13540 17391
13541 17393
13542 17395
13544 17396
13547 17397
13552 17401
13554 17402
13556 17405
13558 17406
13562 17410
13564 17412
13565 17413
13566 17414
13568 17416
13567 17417
13574 17421
13572 17422
13575 17423
13578 17426
13579 17427
13580 17428
13584 17431
13586 17433
13585 17434
13587 17435
13589 17439
13591 17441
13593 17443
13594 17444
13592 17446
13596 17447
13597 17448
13595 17449
13601 17452
13607 17455
13606 17456
13605 17461
13611 17465
13615 17469
13617 17471
13618 17472
13625 17484
13626 17485
13634 17488
13630 17489
13641 17493
13639 17495
13640 17496
13646 17499
13653 17502
13652 17505
13654 17508
13659 17512
13660 17513
13658 17515
13667 17522
13683 17531
13696 17541
13699 17544
13704 17546
13706 17550
13714 17557
13720 17565
13727 17569
13864 17736
13867 17740
13875 17746
13879 17751
13885 17752
13886 17756
13887 17757
13893 17762
13899 17767
13903 17769
13908 17772
13912 17777
13913 17778
13918 17782
13920 17783
13923 17784
13929 17787
13930 17788
13931 17791
13935 17793
13938 17797
13942 17799
13945 17803
13947 17804
13959 17814
13969 17821
13971 17824
13972 17825
13982 17835
13986 17837
13990 17838
13991 17842
13998 17848
14009 17857
14016 17859
14018 17865
14027 17869
14031 17873
14033 17876
14036 17878
14039 17879
14040 17880
14043 17882
14044 17885
14048 17889
14047 17890
14049 17891
14050 17892
14052 17894
14056 17896
14057 17898
14058 17900
14060 17901
14061 17905
14062 17906
14063 17909
14066 17911
14071 17916
14081 17923
14084 17928
14091 17935
14097 17937
14096 17938
14102 17942
14108 17952
14109 17953
14110 17954
14117 17962
14119 17964
14127 17971
14127 17972
14131 17976
14135 17984
14182 18051
14184 18053
14188 18056
14192 18058
14191 18059
14190 18060
14195 18061
14193 18062
14194 18063
14196 18064
14200 18069
14204 18072
14206 18075
14210 18078
14211 18079
14213 18080
14215 18083
14216 18084
14218 18085
14219 18087
14220 18088
14222 18090
14223 18092
14225 18093
14229 18095
14228 18097
14237 18105
14238 18107
14240 18108
14241 18109
14242 18110
14246 18116
14247 18117
14248 18119
14251 18120
14252 18122
14255 18125
14257 18128
14260 18129
14264 18136
14280 18153
14283 18157
14285 18158
14286 18159
14287 18160
14289 18161
14290 18162
14292 18164
14296 18166
14298 18168
14303 18174
14304 18175
14305 18176
14306 18177
14307 18178
14328 18186
14325 18189
15455 19454
15819 20255
23 47
43
4224 2975
5524 3938
5552 3997
9138 4327
7251 5426
7417 5548
7627 5729
7647 5750
7663 5756
7717 5801
7744 5839
7772 5871
10953 6550
8675 6590
8945 6763
11252 6934
10245 7829
10852 8336
10991 8452
12835 8635
12017 9276
12043 9300
12061 9307
12053 9318
12060 9319
12076 9330
12106 9345
12271 9490
12567 9729
12714 9883
13625 10213
13290 10407
13297 10411
13397 10506
13488 10560
13881 10907
13886 10909
13912 10936
13931 10953
13942 10958
14204 11251
14208 11255
14219 11263
23 52
24
6309 4358
13959 5515
9449 6606
9430 6641
9424 6644
9418 6649
9416 6654
9381 6690
9374 6691
9333 6718
3664 7009
14216 7458
14225 7472
11416 8044
11413 8048
11411 8058
11409 8061
11410 8064
11400 8068
11403 8069
11401 8070
11373 8085
14298 8786
12980 9496
23 53
20
3066 2154
6310 5507
9449 8161
9444 8178
9430 8192
9418 8207
9413 8213
9381 8255
9333 8290
14216 9197
11409 9982
11410 9986
11400 9994
11403 9996
11401 9997
11373 10016
11363 10023
12981 11620
12980 11621
12970 11640
23 54
18
3035 2842
2947 2943
6328 6823
6309 6853
6289 6877
9449 9813
9432 9841
9424 9855
9418 9865
9416 9867
9413 9869
9408 9871
11417 11660
11409 11669
11403 11679
11401 11680
11363 11705
12981 13179
23 55
16
6320 7438
6311 7449
6309 7452
6310 7457
6298 7463
6289 7473
9432 10457
9424 10472
9418 10479
9416 10488
11417 12232
11409 12243
11403 12255
11401 12256
11363 12276
12981 13578
24 25
104
795 1083
867 1119
4926 5044
5003 5108
5023 5127
6115 6281
6147 6297
7754 7858
7859 7982
7914 8042
7954 8091
8017 8145
8669 8832
8933 9105
8941 9111
8984 9145
9191 9284
9444 9545
9942 10013
9963 10047
10464 10505
10487 10531
10488 10534
10494 10536
10988 11095
11011 11111
11019 11124
11391 11386
12248 12140
12275 12166
12278 12168
12284 12170
12289 12174
12295 12176
12375 12243
12621 12526
12629 12540
12641 12552
12650 12568
12747 12678
12742 12679
12747 12685
12755 12687
12760 12692
12920 12821
12949 12840
12936 12842
12968 12851
12975 12864
12970 12868
12981 12873
13005 12884
13068 12920
13140 12967
13562 13396
13565 13397
13567 13399
13570 13400
13576 13403
13594 13425
13627 13453
13725 13566
13734 13577
13740 13581
13753 13605
13755 13606
13764 13613
13800 13644
13820 13660
13812 13661
13909 13737
14134 13948
14143 13951
14149 13956
14159 13966
14181 13983
14182 13988
14192 13999
14203 14012
14228 14038
14252 14060
14256 14068
14263 14072
14269 14082
14275 14085
14292 14095
14312 14105
14346 14132
14343 14133
14347 14135
14386 14177
14461 14252
14464 14257
14475 14269
14494 14279
14498 14282
14501 14283
14508 14286
14514 14287
14526 14295
14562 14326
14569 14330
14586 14340
15562 15088
24 31
82
746 1235
2211 2106
4593 4069
4637 4119
4909 4491
4937 4506
4978 4520
5076 4612
7692 7181
7754 7250
7759 7255
7769 7270
7783 7286
7788 7297
7985 7543
8001 7557
8059 7602
8076 7614
8121 7660
8169 7704
10937 8007
8711 8196
8886 8441
11503 8822
11543 8846
10464 9896
10585 10060
10602 10067
10653 10134
10671 10151
10672 10152
10682 10161
10705 10165
12741 10432
11154 10563
11151 10631
11271 10701
12216 11603
12336 11723
12340 11731
12348 11735
12356 11736
12353 11747
12375 11748
12387 11762
12368 11765
12374 11766
12391 11775
12430 11786
12409 11787
12454 11802
12483 11823
12599 11890
12882 12161
12854 12191
12982 12290
12998 12392
13258 12547
13592 12988
13589 12991
13598 13002
13612 13009
13615 13014
13627 13017
13632 13029
13701 13083
13807 13198
13829 13224
13876 13268
14156 13563
14180 13586
14193 13598
14197 13603
14233 13626
14238 13631
14246 13641
14294 13689
14471 13905
14482 13916
14486 13920
14500 13928
15467 15085
24 37
30
622 902
318 3429
4683 3529
4815 3681
4937 3807
4974 3829
5076 3905
10952 5494
7913 6432
7985 6524
8001 6536
8076 6593
8105 6613
10576 8773
12501 8912
12832 9221
12336 10342
12375 10356
12374 10377
12510 10456
13799 10717
12998 10959
13598 11548
13632 11571
13701 11609
13804 11718
14187 12081
14197 12089
14233 12110
14294 12176
24 38
590
511 1640
746 1900
2348 3359
2555 3541
2599 3576
2645 3598
2646 3599
2627 3606
2644 3610
2683 3645
2750 3733
2895 3803
2903 3804
3005 3893
3045 3927
4206 5193
4988 6800
5312 7187
5680 7716
5790 7812
6003 8055
6051 8094
6125 8159
6104 8164
6147 8176
6146 8179
6124 8182
6127 8190
6133 8191
6142 8192
6157 8193
6140 8196
6126 8199
6172 8203
6144 8210
6155 8211
6181 8212
6154 8219
6173 8220
6171 8227
6184 8228
6194 8229
6177 8230
6192 8239
6193 8240
6180 8245
6187 8246
6213 8258
6218 8263
6225 8270
6224 8273
6342 8377
6348 8385
6328 8386
6370 8409
6384 8416
6390 8426
6387 8432
6491 8545
6619 8683
6742 8796
7282 9212
7381 9586
7386 9589
7446 9683
7474 9723
7681 10273
7713 10340
7736 10369
7757 10396
7759 10397
7769 10411
7768 10414
7774 10423
7791 10450
7798 10466
7836 10530
7864 10581
7868 10595
7987 10766
8021 10806
8072 10858
8079 10861
8076 10865
8121 10910
8137 10919
8689 11540
8711 11578
8803 11720
8878 11771
8864 11787
8860 11805
8971 11887
8969 11903
9003 11922
8996 11959
9053 11963
9063 11985
9073 11999
9103 12015
9109 12018
9082 12022
9081 12023
9109 12025
9116 12027
9120 12034
9118 12056
9115 12066
9126 12068
9132 12076
9138 12077
9163 12079
9147 12082
9094 12089
9151 12092
9181 12098
9165 12101
9175 12109
9184 12127
9185 12128
9188 12129
9190 12130
9212 12138
9155 12141
9197 12142
9216 12143
9211 12148
9202 12151
9213 12156
9210 12157
9207 12161
9237 12163
9214 12170
9230 12174
9234 12176
9246 12177
9243 12180
9252 12181
9233 12183
9242 12185
9245 12186
9249 12187
9247 12195
9240 12196
9270 12200
9262 12202
9275 12204
9274 12218
9285 12220
9288 12224
9347 12303
9324 12304
9354 12309
9376 12320
9395 12323
9391 12326
9397 12331
9390 12333
9400 12349
9413 12354
9432 12362
9433 12363
9424 12366
9503 12437
9502 12444
9594 12518
9628 12575
9629 12576
9645 12585
9666 12600
9701 12615
9708 12643
9751 12644
9764 12654
9798 12684
9811 12709
9818 12718
9934 12784
9920 12802
10024 12850
11838 12954
10232 13180
10407 13571
10414 13591
10448 13650
10465 13688
10500 13748
10595 13902
10596 13903
10653 13961
10705 14003
10752 14048
10937 14256
10934 14264
10960 14297
10963 14299
10968 14311
10999 14340
11005 14341
10992 14346
11017 14356
11036 14378
11056 14390
11067 14400
11078 14418
11080 14429
11086 14442
11084 14445
11096 14453
11114 14473
11120 14474
11131 14482
11165 14492
11173 14508
11153 14517
11191 14540
11235 14569
11232 14578
11248 14581
11231 14584
11252 14588
11259 14598
11273 14619
11271 14624
11295 14640
11296 14641
11287 14643
11291 14656
11318 14657
11270 14658
11298 14663
11307 14670
11308 14671
11330 14672
11311 14675
11328 14681
11329 14683
11332 14684
11327 14686
11326 14690
11352 14692
11358 14696
11361 14697
11341 14700
11347 14701
11355 14705
11360 14710
11366 14716
11377 14717
11376 14718
11365 14722
11381 14723
11372 14725
11379 14731
11399 14737
11385 14742
11395 14743
11398 14747
11384 14751
11387 14752
11388 14753
11397 14756
11408 14762
11417 14764
11412 14767
11407 14773
11416 14777
11422 14782
11427 14783
11429 14784
11426 14788
11421 14789
11436 14790
11439 14793
11457 14815
11463 14816
11471 14827
11452 14831
11482 14836
11489 14844
11507 14848
11501 14852
11503 14857
11518 14869
11531 14872
11527 14874
11529 14882
11537 14884
11538 14885
11585 14928
11592 14934
11583 14944
11662 15007
11700 15019
11702 15025
11721 15031
11717 15033
11753 15046
11758 15050
11774 15064
11838 15119
11844 15120
11847 15124
11856 15131
11864 15138
12248 15744
12262 15762
12268 15766
12278 15774
12275 15775
12289 15784
12295 15792
12304 15800
12311 15814
12348 15853
12356 15857
12375 15872
12368 15874
12374 15875
12387 15883
12391 15889
12391 15891
12409 15903
12430 15913
12454 15928
12472 15941
12483 15945
12497 15953
12554 16009
12602 16071
12607 16081
12672 16145
12703 16184
12726 16223
12744 16226
12740 16229
12739 16232
12763 16256
12768 16257
12772 16263
12793 16277
12802 16289
12809 16296
12816 16305
12822 16318
12826 16319
12832 16321
12840 16332
12836 16335
12848 16353
12854 16355
12885 16365
12882 16366
12873 16368
12876 16372
12889 16375
12878 16379
12896 16383
12894 16388
12900 16389
12881 16391
12914 16402
12915 16404
12906 16407
12912 16410
12956 16433
12926 16436
12932 16441
12955 16442
12973 16446
12954 16455
12967 16456
12984 16461
12983 16469
12980 16475
12982 16476
12995 16481
12989 16487
12988 16488
12993 16489
13008 16497
12999 16499
13026 16505
13011 16507
13031 16510
13034 16515
13028 16523
13053 16529
13045 16531
13044 16536
13052 16537
13057 16538
13056 16541
13055 16550
13060 16551
13065 16552
13072 16558
13067 16561
13079 16563
13084 16564
13081 16568
13080 16571
13100 16579
13095 16582
13099 16586
13110 16594
13113 16602
13121 16603
13122 16608
13124 16612
13131 16620
13134 16622
13148 16624
13139 16629
13147 16631
13158 16640
13167 16648
13172 16656
13177 16660
13187 16663
13224 16693
13250 16709
13254 16712
13269 16736
13310 16749
13323 16757
13340 16775
13560 17140
13562 17144
13563 17146
13565 17148
13567 17149
13576 17157
13581 17162
13592 17172
13594 17173
13598 17179
13627 17198
13646 17215
13648 17216
13721 17273
13731 17290
13739 17295
13763 17325
13759 17327
13760 17328
14056 17338
13771 17339
13778 17347
13782 17352
13788 17354
13792 17356
13791 17362
13800 17367
13799 17370
13798 17375
13823 17385
13822 17391
13825 17393
13818 17395
13821 17396
13830 17397
13826 17401
13829 17405
13834 17406
13828 17409
13838 17410
13832 17412
13833 17413
13837 17414
13831 17417
13854 17421
13848 17427
13853 17428
13852 17431
13851 17435
13865 17441
13864 17443
13869 17444
13862 17446
13867 17447
13868 17448
13873 17452
13879 17454
13878 17455
13876 17456
13881 17465
13887 17469
13893 17471
13894 17472
13898 17484
13900 17485
13907 17493
13905 17495
13911 17496
13913 17499
13922 17502
13929 17512
13930 17513
13976 17540
14001 17563
14054 17610
14059 17616
14134 17726
14143 17732
14144 17736
14156 17746
14159 17747
14161 17751
14170 17756
14180 17762
14203 17774
14202 17776
14198 17778
14211 17780
14208 17782
14225 17792
14228 17795
14238 17803
14247 17814
14255 17821
14262 17825
14257 17828
14266 17835
14268 17837
14275 17838
14274 17842
14284 17848
14290 17857
14300 17865
14309 17869
14322 17873
14315 17875
14319 17876
14323 17878
14326 17879
14330 17889
14331 17890
14335 17891
14336 17892
14338 17893
14334 17894
14341 17901
14340 17905
14345 17906
14349 17911
14353 17916
14364 17923
14365 17924
14362 17928
14373 17935
14375 17938
14383 17942
14387 17952
14389 17953
14400 17964
14413 17976
14461 18049
14465 18053
14467 18054
14475 18061
14474 18064
14477 18066
14488 18078
14493 18080
14497 18084
14504 18090
14506 18093
14514 18095
14513 18097
14517 18104
14518 18105
14521 18107
14523 18110
14529 18116
14530 18117
14531 18120
14536 18125
14539 18128
14561 18152
14563 18156
14566 18157
14568 18160
14574 18164
14581 18168
14585 18174
14587 18175
14589 18178
14602 18186
14605 18189
24 39
37
6115 8122
8933 12014
8941 12021
8984 12048
9191 12191
9942 12914
9992 12963
11239 14635
11261 14667
11268 14680
11420 14775
11844 15134
11867 15159
12412 15955
12456 16003
12606 16140
12621 16153
12620 16154
12742 16280
12949 16451
12962 16458
12968 16473
12975 16481
12981 16496
13051 16530
13107 16575
13120 16587
13117 16594
13725 17360
13757 17394
13915 17526
14211 17852
14252 17877
14263 17888
14346 17948
14343 17949
14464 18084
24 47
47
330 517
5102 3433
9354 4340
9428 4374
9413 4377
10952 4863
7913 5653
7985 5729
8001 5739
8025 5756
8105 5813
9066 6681
9132 6729
9184 6763
11503 6918
11543 6934
11538 6952
10455 7721
10464 7730
10705 7933
10752 7968
11154 8336
13134 8635
12375 9307
12423 9345
12460 9375
12483 9399
12510 9413
12982 9824
13794 10209
13821 10210
13592 10411
13632 10455
13682 10491
13695 10499
13829 10628
14156 10897
14180 10917
14233 10958
14241 10963
14247 10975
14266 10993
14294 11021
14466 11233
14482 11251
14486 11255
14574 11346
25 26
20
6421 4502
8061 6868
11939 8855
10498 9123
12249 10864
10725 10872
12268 10875
12288 10898
12388 10984
12415 11002
13452 12198
13487 12226
13997 12730
14013 12746
14029 12755
14032 12759
14035 12765
14043 12778
14270 13061
14272 13064
25 30
92
7078 3731
3875 3765
7235 3817
5597 6454
7162 7987
8634 10254
8740 10342
9148 10702
9203 10770
9233 10793
9498 11056
9786 11320
9791 11321
9933 11448
9956 11458
9949 11462
9959 11466
9972 11473
9984 11484
10058 11538
10591 12486
10830 12745
12588 12892
11014 12895
11193 13044
11263 13100
11287 13129
11294 13132
11307 13135
11346 13179
11550 13378
11560 13379
11569 13392
11730 13537
11757 13562
11813 13605
12249 14358
12249 14362
12254 14367
12265 14383
12288 14398
12337 14445
12351 14452
12377 14478
12388 14487
12415 14503
12427 14506
12441 14517
12445 14519
12591 14686
12627 14728
12631 14731
12786 14861
12817 14902
12843 14942
12852 14948
12861 14950
12862 14954
12868 14966
12922 15026
12937 15045
13056 15152
13068 15164
13142 15265
13214 15310
13444 15690
13468 15717
13469 15718
13487 15726
13499 15734
13503 15736
14112 15834
13661 15839
13698 15871
13840 16017
13876 16040
14002 16268
14014 16276
14013 16278
14035 16294
14043 16310
14106 16353
14118 16367
14125 16370
14135 16383
14264 16546
14268 16548
14270 16550
14272 16552
14285 16566
14333 16612
16377 17851
25 31
22
1593 1578
5088 4525
6315 5716
7803 7173
7858 7250
7861 7255
7923 7313
8016 7419
10481 9865
10520 9910
10635 10030
10783 10175
12229 11736
12235 11757
12248 11762
10945 11889
13411 12983
13417 12988
13453 13017
13960 13563
14121 13750
14256 13899
25 37
18
4642 3346
7780 6172
7813 6194
7858 6247
7861 6252
10445 8560
10864 9020
12201 10322
12243 10356
12235 10369
12248 10370
12284 10400
12309 10412
12308 10417
13411 11535
13417 11539
13453 11564
13960 12054
25 38
85
672 1591
1144 2008
1161 2031
5113 6813
5157 6872
5207 6942
7840 10347
7850 10364
7887 10427
7931 10487
7981 10565
7983 10569
7984 10571
7985 10572
8005 10594
8004 10597
8017 10614
8023 10621
8051 10662
8108 10736
8166 10818
8172 10836
8237 10896
10452 13599
10479 13647
10481 13650
10482 13653
10486 13659
10487 13660
10490 13663
10492 13669
10493 13672
10534 13723
10536 13729
10537 13732
10544 13738
10550 13749
10553 13750
10549 13752
10559 13758
10562 13763
10567 13766
10570 13767
10572 13773
10651 13888
10675 13917
10697 13939
10716 13950
10724 13955
11227 14489
11560 14947
12079 15615
12107 15677
12109 15684
12120 15705
12151 15755
12168 15774
12166 15775
12180 15786
12179 15789
12239 15840
12275 15878
12296 15887
13396 17144
13397 17148
13399 17149
13400 17150
13401 17152
13425 17173
13437 17189
13460 17190
13644 17367
14118 17397
13951 17732
14231 17753
14012 17774
14019 17782
14085 17838
14097 17859
14250 18046
14252 18049
14257 18051
14269 18061
14287 18095
14326 18153
25 39
509
6073 3416
2399 3464
2517 3552
2518 3553
6249 3597
2661 3682
2672 3689
6363 3710
2757 3764
6625 3940
3060 3965
6703 4027
3158 4054
6752 4104
3259 4119
3471 4242
3505 4260
3507 4269
3511 4271
3512 4273
3617 4309
3627 4316
3744 4369
3801 4373
3811 4402
3943 4453
3942 4471
4004 4488
3984 4492
3985 4495
4008 4507
4029 4522
4020 4523
4044 4533
4056 4540
4063 4542
4059 4543
7328 4589
5527 7354
5833 7623
6080 7908
6233 8077
6275 8101
6256 8103
6290 8132
6292 8134
6297 8137
6293 8139
6294 8140
6306 8142
6311 8155
6316 8159
6317 8161
6333 8181
6353 8199
6384 8219
6381 8230
6416 8251
6396 8253
6409 8260
6432 8297
6490 8346
6518 8371
6532 8374
6519 8375
6531 8390
6606 8468
6609 8482
6623 8483
6612 8486
3032 8490
6639 8500
6660 8534
6693 8574
6754 8623
6864 8766
6870 8774
6876 8777
6873 8783
6886 8788
6900 8799
6905 8808
6923 8814
6913 8816
6925 8830
6928 8834
6938 8835
6934 8838
6952 8850
6963 8868
6967 8870
6986 8883
6987 8886
6991 8888
6976 8898
7021 8924
7031 8934
7037 8946
7163 9058
7173 9061
7187 9079
7192 9082
7204 9093
7209 9095
7240 9105
7228 9118
7238 9121
7233 9125
7243 9127
7249 9130
7239 9138
7257 9149
7313 9187
7318 9198
7439 9561
8077 10939
10767 11237
8862 11742
8922 11829
8994 11921
9006 11926
9037 11938
9044 11945
9108 12016
9111 12021
9145 12048
9148 12060
9163 12071
9196 12110
9205 12119
9213 12124
9214 12126
9228 12134
9253 12161
9263 12177
9282 12189
9284 12191
9293 12202
9300 12205
9306 12212
9320 12217
9308 12221
9312 12224
9316 12225
9321 12230
9322 12231
9332 12239
9346 12250
9340 12251
9368 12264
9375 12266
9362 12271
9369 12274
9376 12282
9381 12297
9393 12302
9409 12318
9411 12329
9431 12338
9484 12391
9486 12392
9491 12399
9504 12407
9518 12415
9498 12417
9510 12418
9524 12421
9552 12448
9566 12481
9577 12485
9594 12495
9596 12501
9591 12504
9598 12505
9616 12513
9613 12517
9621 12527
9635 12538
9632 12541
9645 12554
9643 12555
9660 12568
9671 12576
9699 12610
9741 12668
9753 12673
9784 12704
9785 12708
9786 12710
9791 12715
9799 12718
9809 12723
9812 12724
9813 12726
9811 12727
9810 12729
9818 12737
9825 12744
9835 12749
9830 12750
9837 12754
9844 12760
9856 12775
9859 12778
9857 12779
9875 12785
9877 12792
9906 12811
9939 12829
9950 12833
9967 12847
9956 12866
9971 12879
9984 12890
9985 12892
10003 12907
10013 12914
10011 12917
10036 12919
10014 12920
10016 12921
10038 12922
10044 12930
10035 12932
10030 12933
10053 12934
10047 12940
10064 12954
10058 12955
10083 12956
10065 12959
10066 12960
10068 12961
10091 12983
10142 13029
10277 13316
11071 14430
11096 14451
11107 14457
11165 14516
11179 14526
11193 14542
11203 14551
11213 14562
11232 14575
11254 14597
11255 14601
11263 14608
11275 14616
11276 14619
11292 14634
11293 14635
11287 14640
11296 14646
11300 14649
11305 14659
11307 14663
11322 14679
11329 14686
11345 14696
11341 14697
11357 14713
11369 14732
11385 14754
11386 14755
11390 14758
11401 14762
11409 14771
11403 14772
11411 14777
11438 14799
11439 14800
11449 14812
11458 14815
11463 14818
11469 14839
11480 14841
11492 14851
11487 14854
11494 14856
11518 14885
11525 14890
11542 14904
11545 14905
11548 14908
11550 14913
11556 14916
11560 14922
11557 14923
11562 14924
11566 14931
11563 14932
11567 14934
11568 14936
11569 14937
11587 14952
11576 14954
11601 14972
11624 15003
11652 15013
11654 15020
11665 15029
11661 15033
11662 15036
11663 15037
11672 15041
11671 15046
11673 15047
11674 15048
11687 15055
11694 15058
11728 15081
11730 15095
11741 15106
11748 15110
11754 15118
11757 15122
11771 15123
11787 15133
11776 15134
11790 15143
11791 15145
12179 15867
12275 15960
12317 15991
12336 16010
12350 16016
12388 16044
12427 16070
12445 16083
12534 16156
12595 16214
12631 16249
12636 16251
12647 16259
12679 16280
12747 16343
12757 16350
12786 16384
12814 16414
12834 16440
12844 16450
12840 16451
12842 16456
12841 16459
12843 16461
12846 16464
12851 16473
12850 16474
12861 16476
12852 16477
12864 16481
12862 16482
12868 16491
12875 16493
12872 16494
12873 16496
12884 16509
12891 16515
12899 16518
12898 16522
12905 16530
12914 16540
12917 16542
12919 16544
12921 16545
12922 16553
12931 16557
12930 16560
12936 16569
12937 16570
12942 16575
12947 16578
12945 16580
12950 16584
12951 16585
12958 16601
12966 16609
12967 16610
12974 16620
12971 16622
12981 16628
12988 16635
12985 16636
12994 16646
13010 16654
13019 16662
13032 16670
13037 16674
13045 16681
13047 16684
13056 16692
13063 16696
13062 16701
13068 16704
13093 16735
13141 16800
13154 16802
13196 16850
13203 16860
13214 16868
13216 16872
13284 16955
13399 17241
13403 17247
13405 17252
13425 17266
13471 17298
13487 17308
13499 17316
13508 17319
13566 17360
13600 17383
13610 17393
13644 17429
13661 17443
13681 17458
13687 17463
13684 17464
13694 17466
13695 17474
13698 17480
13702 17484
13700 17486
13704 17488
13711 17495
13713 17499
13723 17509
13730 17516
13734 17518
13735 17519
13739 17524
13741 17526
13740 17527
13748 17536
13752 17537
13765 17549
13766 17551
13772 17558
13774 17559
13783 17569
13787 17571
13792 17576
13798 17581
13822 17604
13825 17606
13832 17614
13853 17633
13856 17640
13857 17641
13861 17645
13868 17648
14002 17843
14005 17845
14029 17856
14035 17861
14043 17867
14059 17873
14060 17877
14072 17888
14082 17893
14084 17894
14088 17899
14091 17902
14100 17911
14106 17915
14115 17930
14118 17931
14121 17934
14125 17938
14132 17948
14133 17949
14135 17952
14140 17954
14143 17957
14151 17963
14166 17975
14175 17985
14179 17991
14198 18012
14202 18016
14204 18019
14257 18084
14263 18091
14268 18093
14272 18096
14283 18105
14285 18108
14293 18113
14295 18115
14299 18117
14300 18118
14301 18120
14303 18123
14308 18129
14312 18133
14321 18147
14328 18161
14329 18163
14331 18164
14333 18165
14334 18166
14336 18168
14340 18171
14342 18172
14357 18196
15110 19110
15003 19625
15996 20209
25 47
16
5088 3336
7803 5471
7861 5514
7870 5525
10502 7728
10757 7904
12201 9270
12243 9307
12349 9394
13417 10411
13453 10442
13960 10897
13978 10917
13525 10958
14121 11079
14256 11230
25 48
158
2352 3124
2399 3158
6612 3553
3741 3945
3875 4009
7210 4042
4008 4047
7239 4077
4061 4089
4124 4105
4887 5886
5683 6775
6293 7331
6518 7550
6813 7894
7021 8089
7078 8173
7102 8198
7118 8214
7162 8237
7209 8256
7235 8290
7233 8297
7313 8345
7317 8348
8634 10519
9148 10988
9182 11022
9233 11087
9293 11111
9362 11192
9411 11264
9498 11351
9685 11508
9785 11627
9786 11629
9791 11633
9933 11771
9975 11778
9956 11783
9949 11785
9971 11796
9972 11801
9984 11808
10013 11818
10014 11827
10016 11828
10047 11839
10058 11867
10077 11875
10591 12809
11014 13225
11050 13248
11071 13270
11193 13366
11195 13371
11213 13383
11255 13423
11263 13433
11276 13441
11282 13450
11287 13463
12871 13465
11302 13468
11305 13474
11322 13489
11469 13649
11560 13719
11562 13720
11568 13726
11566 13727
11567 13729
11569 13732
11587 13745
11576 13762
11624 13799
11741 13905
11757 13920
11756 13921
11795 13950
11814 13967
11824 13970
12275 14758
12337 14804
12337 14810
12351 14814
12388 14844
12415 14864
12427 14866
12441 14877
12445 14879
12591 15011
12631 15046
12636 15051
12786 15160
12817 15205
12835 15223
12846 15237
12843 15242
12850 15246
12861 15248
12852 15249
12862 15254
12868 15266
12937 15350
13047 15448
13056 15458
13062 15469
13068 15470
13141 15567
13196 15602
13203 15609
13214 15626
13223 15637
13487 16036
13503 16043
13661 16146
13684 16164
13698 16179
13861 16325
13863 16329
13878 16338
13997 16528
14002 16530
14008 16535
14014 16537
14013 16538
14035 16548
14043 16554
14080 16578
14091 16587
14106 16597
14118 16609
14125 16610
14133 16622
14135 16624
14177 16660
14204 16684
14226 16717
14257 16770
14264 16777
14266 16778
14268 16779
14270 16781
14272 16782
14285 16791
14290 16793
14293 16795
14295 16797
14300 16801
14303 16804
14321 16820
14329 16840
14331 16841
14333 16842
14334 16843
14339 16847
16449 18933
26 27
17
1091 873
9386 3042
6976 4945
6977 4948
7008 4993
9549 5292
9268 6653
9276 6663
9283 6672
9290 6682
9695 6934
10823 7605
10825 7607
10834 7615
10833 7616
10840 7627
12695 8936
26 30
126
4090 5934
5109 7125
6808 9571
6811 9584
6893 9702
6902 9724
6912 9738
6930 9756
6933 9762
6940 9776
6948 9800
6957 9816
6969 9836
7275 10185
7288 10205
7339 10254
7341 10256
7475 10367
7499 10397
7599 10476
9063 12242
9141 12390
9142 12395
9150 12407
9191 12477
9212 12512
9218 12519
9225 12532
9232 12541
9235 12546
9236 12547
9243 12563
9260 12593
9268 12599
9269 12600
9276 12610
9280 12620
9283 12621
9281 12622
9490 12825
9518 12850
9523 12859
9530 12863
9542 12878
9686 12986
9692 12990
9695 12995
9918 13135
10760 14226
10788 14262
10797 14282
10814 14305
10823 14313
10825 14318
10833 14324
10834 14328
10835 14329
10840 14336
10843 14337
10866 14371
10875 14377
10945 14452
10965 14465
10984 14487
11002 14503
11047 14542
11090 14592
11099 14605
11119 14627
11121 14628
11131 14641
11137 14648
11161 14664
11180 14686
11222 14728
11245 14757
11259 14769
11270 14777
11290 14792
11485 14911
11503 14937
12157 15654
12160 15656
12162 15661
12163 15662
12168 15667
12172 15670
12181 15679
12226 15726
12230 15728
12236 15734
12252 15747
12266 15772
12271 15779
12290 15793
12300 15801
12324 15814
12325 15815
12384 15839
12697 16238
12715 16253
12731 16266
12732 16268
12735 16271
12745 16276
12746 16278
12755 16286
12759 16289
12765 16294
12768 16297
12778 16310
12788 16312
12793 16318
12817 16327
12860 16345
12865 16349
12894 16362
12916 16383
13019 16488
13052 16546
13061 16550
13064 16552
13066 16554
13072 16558
13103 16567
13113 16572
26 31
26
721 1213
7523 8155
7711 8317
8812 8596
9578 10367
9656 10441
9657 10448
9704 10474
9719 10487
9736 10494
9788 10549
9809 10554
9828 10610
10977 11817
11005 11838
11249 12047
11258 12048
11294 12087
11302 12096
11315 12109
11356 12145
11356 12148
11406 12171
12233 13046
12377 13187
12764 13619
26 37
15
3918 3613
8125 4783
7458 5495
9578 6931
9736 7151
7676 7219
7711 7226
7896 7382
5222 7711
9178 8690
9401 8928
11302 9199
9775 9260
11356 10739
11433 10793
26 38
15
1191 6942
9225 10749
7711 11771
7928 12042
9157 13730
9333 13990
9348 14004
9789 14489
10865 15858
9401 15999
7332 16145
12201 17183
12207 17190
10994 17223
12729 17766
26 39
80
6753 10702
6758 10706
6830 10848
6871 10918
6892 10956
6893 10961
6907 10988
6913 10996
6912 11002
6928 11022
6930 11025
6933 11030
6942 11045
6946 11061
6957 11077
6976 11122
6978 11131
7275 11493
7288 11504
7287 11506
7341 11559
7475 11666
7488 11679
9212 13992
9218 14001
9223 14011
9225 14016
9232 14026
9235 14029
9236 14030
9243 14041
9244 14044
9260 14075
9268 14086
9283 14103
9335 14171
9333 14175
9490 14329
9518 14339
9530 14347
9549 14366
10725 15734
10732 15751
10754 15797
10760 15808
10788 15847
10825 15893
10833 15900
10834 15905
10875 15948
10875 15953
10886 15961
10984 16044
11002 16065
11090 16142
11099 16146
11112 16157
11119 16158
11121 16159
11131 16167
11137 16170
11161 16189
11245 16266
11259 16276
11290 16320
12188 17283
12236 17319
12252 17329
12266 17343
12271 17350
12305 17382
12324 17409
12697 17812
12732 17843
12755 17856
12765 17861
12778 17867
12788 17869
12793 17871
13072 18100
26 40
45
627 1074
2014 1997
2041 2010
2051 2018
2196 2096
2197 2100
2218 2108
4852 4586
4823 4588
4866 4613
4881 4628
4895 4633
4981 4689
4994 4703
5371 4946
5410 4976
5572 5071
6930 6506
7008 6610
7846 7261
7881 7283
7903 7305
7913 7308
7916 7315
7941 7324
7980 7355
8001 7369
8045 7400
8314 7588
9276 8490
9278 8496
9287 8508
9304 8525
9313 8531
9353 8553
9900 8879
9916 8887
9940 8895
9952 8900
9975 8912
10804 9654
10829 9680
10836 9687
10837 9688
10872 9734
26 47
21
7523 6316
7711 6450
8812 6703
9393 7980
9656 8211
9657 8221
9672 8222
9719 8261
9736 8267
9788 8318
9809 8322
9786 8333
9865 8393
11234 9593
11249 9601
11261 9606
11302 9645
11315 9658
11356 9703
11406 9723
12764 10952
26 48
113
3855 5735
4091 6177
6758 9719
6808 9828
6811 9841
6841 9878
6871 9927
6893 9973
6912 10006
6913 10007
6930 10025
6933 10029
6940 10043
6942 10049
6957 10083
6976 10115
6978 10128
6987 10139
7275 10454
7288 10469
9141 12708
9142 12714
9150 12727
9191 12801
9207 12827
9212 12835
9218 12842
9223 12852
9225 12855
9232 12864
9235 12871
9236 12872
9243 12886
9260 12917
9268 12928
9269 12929
9281 12950
9290 12963
9294 12979
9447 13122
9490 13160
9518 13178
9520 13183
9530 13195
9584 13240
9655 13292
9686 13318
10732 14543
10751 14580
10758 14591
10760 14595
10788 14638
10823 14687
10825 14691
10833 14696
10834 14700
10835 14701
10886 14755
10887 14756
10945 14814
10951 14818
10968 14829
10972 14834
11002 14864
11013 14872
11047 14908
11090 14936
11099 14945
11112 14958
11121 14964
11119 14965
11131 14977
11137 14980
11161 14991
11180 15011
11226 15049
11245 15064
11259 15077
11290 15104
11503 15238
11506 15243
11517 15253
12163 15978
12188 16003
12208 16021
12226 16036
12236 16044
12241 16047
12252 16052
12266 16065
12290 16094
12324 16123
12384 16146
12697 16501
12730 16528
12732 16530
12745 16537
12746 16538
12759 16546
12765 16548
12778 16554
12788 16559
12793 16560
12817 16574
12894 16605
12916 16624
13044 16768
13052 16777
13061 16781
13064 16782
13072 16785
13103 16793
13113 16797
27 30
18
4898 9756
6613 12541
6653 12599
6662 12611
6669 12620
6672 12621
6670 12622
6671 12627
5170 12794
7594 14306
7605 14313
7607 14318
7616 14324
7615 14328
7617 14329
7627 14336
7931 14757
7938 14769
27 39
24
2829 6824
2861 6887
4918 11065
4934 11094
4945 11122
4998 11193
6613 14026
6653 14086
6662 14099
6669 14102
6672 14103
6677 14109
7594 15885
7605 15890
7604 15891
7607 15893
7616 15900
7617 15901
7615 15905
7627 15909
7938 16276
7949 16305
8510 17258
8661 17409
27 40
50
1880 2349
1990 2469
2005 2493
3541 4578
3984 5075
4042 5137
1972 5294
4853 6446
4898 6506
5692 7228
5723 7254
5701 7261
5904 7493
6672 8499
6680 8508
7022 8848
7137 8985
7144 8989
7163 9008
7258 9117
7590 9655
7619 9687
7621 9688
7677 9739
7766 9823
7781 9836
7816 9869
7824 9877
7829 9879
7938 9965
7947 9971
7946 9972
8512 10634
8570 10685
8605 10716
8615 10725
8615 10728
8655 10759
8661 10764
8662 10765
8740 10853
9005 11129
9035 11153
9047 11168
9099 11221
9226 11344
9233 11347
9238 11350
9282 11403
9286 11411
27 48
29
872 2219
2500 5477
2838 6221
2844 6232
4898 10025
4934 10095
5076 10295
6500 12613
6613 12864
6624 12886
6653 12928
6662 12941
6669 12948
6672 12949
6670 12950
7594 14680
7605 14687
7607 14691
7616 14696
7615 14700
7617 14701
7626 14707
7627 14712
5170 14904
7938 15077
8493 15951
8515 15983
8518 15984
9949 18521
28 29
21
51 158
1470 2027
2098 2964
2109 2983
2258 3203
370 3453
3192 4628
3217 4676
3268 4755
3277 4763
3278 4765
3283 4770
3286 4772
3313 4829
3370 4882
5329 5049
4203 5802
4214 5815
4445 6135
4457 6144
7148 9550
28 41
26
51 92
75 130
1470 1379
1556 1452
2106 2134
2119 2149
2457 2545
3217 3500
3268 3559
3278 3569
3286 3576
3291 3588
4163 4416
4203 4489
4214 4508
4445 4812
5110 5594
5814 6274
5816 6279
5847 6334
5890 6404
7862 7118
7148 7937
7154 7943
7167 7958
7602 8421
28 49
39
3257 1848
1487 1954
1556 2015
2457 3165
2464 3180
3237 4025
3225 4095
3257 4126
3262 4139
3268 4149
3283 4163
3286 4165
3313 4211
3359 4245
3370 4253
3376 4259
3257 4384
3782 4583
4163 5060
4211 5128
4214 5134
5069 6192
5294 6463
5856 7099
6017 7300
6073 7363
6087 7386
6097 7400
6375 7721
6525 7855
6551 7876
6969 8424
7079 8637
7148 8748
7316 8930
7342 8983
7367 9009
7342 9609
8858 10301
29 41
828
58 47
61 48
64 49
67 50
82 60
89 65
97 68
101 69
102 70
131 80
151 87
150 89
158 92
161 97
164 99
192 118
199 123
208 130
212 131
219 137
223 143
232 150
236 152
240 158
245 163
248 167
252 171
261 176
416 262
434 269
481 286
708 428
703 433
726 448
735 458
828 476
867 503
1023 613
1018 614
1002 658
1063 701
1135 743
1147 745
1161 763
1192 774
1187 776
1210 793
1213 797
1310 847
1342 862
1340 865
1349 869
1356 875
1362 876
1369 886
1371 888
1384 892
1383 894
1387 899
1425 916
1432 918
1439 924
1443 927
1457 932
1467 933
1475 938
1474 941
1484 945
1489 946
1500 949
1495 950
1506 955
1514 957
1515 960
1516 965
1523 966
1536 970
1530 971
1543 976
1556 983
1590 995
1636 1026
1642 1029
1643 1030
1646 1039
1648 1042
1689 1068
1691 1074
1699 1080
1707 1085
1708 1086
1713 1093
1719 1101
1727 1106
1747 1122
1803 1182
1811 1189
1816 1192
1825 1198
1840 1209
1848 1217
1865 1240
1878 1253
1885 1263
1931 1297
1946 1307
1952 1308
1963 1316
1979 1334
1994 1346
2007 1355
2027 1379
2045 1391
2060 1403
2069 1406
2071 1411
2082 1422
2090 1431
2096 1434
2102 1438
2105 1442
2109 1443
2133 1465
2139 1469
2227 1520
2245 1531
2255 1538
2267 1543
2270 1544
2291 1556
2290 1557
2302 1565
2793 1925
2795 1928
2811 1940
2817 1945
2815 1946
2819 1948
2829 1961
2830 1962
2834 1969
2841 1973
2839 1974
2845 1976
2843 1977
2853 1983
2854 1984
2862 1995
2869 2001
2874 2010
2876 2011
2878 2013
2883 2017
139 2021
2888 2027
2889 2028
2898 2034
2899 2036
2903 2042
2904 2043
2906 2045
2907 2047
2913 2052
2916 2056
2917 2057
2918 2058
2924 2068
2934 2079
2949 2094
2960 2106
2967 2123
2978 2134
211 2137
2983 2139
2987 2141
2991 2149
2993 2150
2998 2155
3000 2159
3001 2160
3006 2164
3010 2165
3009 2168
3017 2176
3018 2177
3030 2187
3029 2189
3036 2196
3037 2199
3040 2202
3039 2203
3047 2211
3049 2214
3053 2216
3059 2224
3061 2228
3068 2238
3070 2242
3094 2270
3127 2306
323 2328
3153 2329
3176 2342
3191 2349
3287 2422
3288 2423
3299 2433
3346 2442
3557 2622
3590 2643
3623 2672
3637 2685
3697 2689
3644 2694
3658 2705
3670 2711
3671 2716
3693 2738
3694 2739
3707 2747
3725 2762
3780 2778
3813 2801
3831 2816
3886 2857
3848 2863
3888 2898
3925 2927
3936 2939
3951 2951
3977 2969
4040 2974
4009 2995
4081 3005
4103 3021
4071 3035
4074 3038
4085 3045
4127 3085
4152 3111
4166 3117
4179 3124
4171 3125
4183 3130
4182 3131
4184 3132
4189 3138
4190 3139
4195 3143
4196 3145
4197 3146
4205 3151
4212 3156
4227 3163
4239 3170
4261 3181
4277 3191
4312 3221
4339 3232
4338 3233
4347 3242
4355 3245
4366 3256
4370 3260
4376 3264
4381 3266
4379 3268
4385 3269
4389 3273
4399 3279
4401 3281
4415 3292
4463 3329
4481 3343
4483 3348
4468 3356
4494 3357
4514 3366
4551 3401
4555 3406
4583 3424
4575 3426
4605 3443
4609 3444
4612 3447
4623 3451
4626 3458
4628 3459
4652 3484
4653 3486
4676 3500
4681 3502
4694 3509
4710 3519
4725 3531
4728 3533
4738 3541
4740 3543
4742 3548
4746 3549
4750 3556
4755 3559
4763 3568
4770 3575
4772 3576
4810 3611
4807 3612
4816 3619
4827 3625
4826 3627
4829 3628
4834 3630
4846 3640
4851 3647
4855 3648
2107 3655
4863 3659
4868 3661
4875 3665
4882 3667
4892 3682
4902 3687
4906 3692
4975 3737
4973 3739
2241 3741
4981 3744
4982 3748
4984 3749
4988 3751
4996 3758
5008 3762
5011 3767
5022 3773
5030 3778
5043 3788
5049 3790
5055 3796
5062 3801
5072 3807
5073 3808
5090 3824
5100 3835
2408 3884
2457 3939
5243 3959
5247 3960
5270 3976
5279 3985
2501 4010
5318 4017
5326 4022
5509 4180
5635 4295
5656 4306
5664 4317
5666 4320
5697 4351
5699 4356
5700 4357
5706 4365
5717 4374
5719 4380
5727 4383
5725 4385
5726 4387
5733 4394
5735 4398
5741 4404
5745 4411
5747 4412
5746 4414
5756 4424
5755 4425
5758 4426
5757 4428
5760 4430
5759 4431
5768 4437
5767 4439
5769 4441
5775 4446
5778 4449
5780 4450
5800 4484
5802 4489
5820 4502
5815 4508
5817 4509
5816 4510
5818 4512
5822 4516
5825 4524
5828 4527
5830 4530
5832 4534
5835 4536
5839 4543
5841 4545
5847 4553
5851 4559
5855 4565
5858 4573
5886 4608
5893 4615
5896 4617
5897 4619
5907 4634
5924 4647
5950 4660
5980 4687
5999 4706
6010 4719
6038 4731
6170 4837
6186 4880
6196 4892
6209 4901
6211 4903
6237 4925
6247 4932
6258 4941
6262 4943
6351 4977
6355 5009
6435 5032
6410 5043
6453 5047
6473 5093
6534 5106
6493 5112
6551 5115
6507 5123
6581 5137
6542 5143
6597 5154
6557 5155
6561 5157
6576 5167
6611 5191
6610 5196
6626 5204
6643 5217
6666 5238
6673 5244
6676 5248
6682 5252
6689 5253
6697 5257
6694 5259
6700 5260
6703 5262
6707 5265
6715 5269
6725 5277
6734 5286
6739 5289
6744 5295
6751 5299
6756 5301
6753 5304
6755 5305
6760 5307
6763 5308
6766 5312
6771 5317
6780 5324
6789 5329
6797 5331
6798 5334
6795 5336
6803 5337
6809 5344
6819 5348
6818 5352
6834 5357
6838 5364
6887 5402
6890 5404
6902 5414
6909 5420
6897 5421
6892 5422
6912 5423
6925 5436
6934 5444
6933 5447
6963 5463
6962 5464
6977 5475
6980 5482
6985 5483
6997 5498
7000 5502
7004 5507
7005 5508
7012 5517
7018 5518
7024 5524
7053 5543
7058 5548
7060 5549
7073 5564
7076 5565
7082 5572
7085 5575
7086 5576
7089 5579
7092 5584
7098 5591
7100 5594
7128 5622
7132 5623
7138 5627
7141 5632
7152 5639
7154 5643
7156 5644
7157 5645
7158 5646
7166 5654
7168 5657
7176 5663
7178 5666
7180 5667
7185 5670
7189 5674
7191 5675
7192 5681
7200 5688
7263 5734
7272 5741
7289 5755
7291 5757
7293 5758
7296 5762
7304 5765
7305 5766
7309 5771
7327 5788
7335 5792
7345 5800
7494 5943
7500 5949
7539 5980
7540 5985
7547 5990
7811 6259
7853 6291
7882 6323
7888 6327
7889 6328
7894 6334
7907 6349
7908 6350
7917 6353
7914 6357
7916 6358
7921 6360
7946 6391
7951 6395
7950 6397
7952 6401
7956 6403
7958 6404
7959 6406
7961 6409
7963 6411
7969 6416
7987 6443
7994 6455
7998 6461
8000 6463
8014 6471
8023 6479
8050 6509
8058 6517
8074 6526
8086 6535
8114 6555
8142 6580
8160 6611
8168 6618
8192 6624
8178 6632
8187 6638
8211 6643
8222 6651
8237 6661
8308 6731
8326 6746
8314 6756
8325 6768
8324 6769
8339 6778
8340 6779
8356 6794
8376 6805
8380 6806
8388 6814
8396 6821
8408 6829
8439 6860
8446 6863
8449 6864
8448 6867
8453 6869
8454 6870
8456 6872
8462 6874
8461 6875
8465 6876
8467 6878
8471 6882
8472 6884
8478 6886
8479 6887
8487 6889
8488 6892
8493 6895
8494 6896
8496 6897
8508 6919
8512 6923
8517 6924
8521 6931
8525 6932
8550 6946
8560 6948
8565 6952
8568 6953
8575 6964
8576 6965
8580 6966
8588 6972
8592 6978
8599 6980
8609 6988
8614 6998
8616 7000
8617 7001
8620 7003
8618 7004
8623 7005
8624 7007
8625 7008
8628 7010
8633 7016
8642 7024
8654 7033
8660 7038
8659 7039
8665 7044
8730 7093
8736 7097
8744 7103
8747 7104
8748 7106
8760 7115
8766 7120
8868 7199
8874 7203
9011 7353
9026 7362
9038 7371
9084 7428
9098 7440
9110 7453
9145 7489
9155 7500
9160 7505
9175 7521
9177 7525
9180 7536
9181 7539
9183 7543
9187 7547
9198 7556
9219 7584
9222 7586
9227 7595
9231 7599
9238 7605
9239 7606
9240 7607
9245 7612
9252 7621
9259 7630
9297 7661
9283 7663
9287 7664
9303 7685
9366 7741
9372 7745
9409 7764
9403 7765
9407 7767
9429 7795
9428 7814
9436 7826
9486 7875
9507 7896
9520 7901
9518 7903
9519 7907
9525 7912
9533 7919
9532 7921
9539 7926
9545 7933
9550 7937
9558 7943
9560 7946
9562 7953
9574 7958
9573 7965
9587 7972
9601 7981
9608 7984
9625 8000
9629 8003
9640 8012
9646 8023
9654 8029
9661 8032
9666 8040
9669 8042
9668 8043
9670 8044
9673 8048
9675 8051
9681 8058
9683 8064
9690 8070
9689 8073
9693 8076
9694 8078
9700 8082
9705 8084
9707 8091
9749 8139
9760 8145
9761 8146
9765 8155
9773 8159
9790 8174
9830 8226
9838 8235
9842 8237
10000 8406
10044 8448
10056 8466
10061 8473
10063 8476
10064 8481
10074 8494
10076 8496
10075 8499
10083 8511
10094 8521
10102 8529
10103 8530
10100 8532
10110 8535
10111 8537
10121 8545
10127 8551
10137 8559
10140 8561
10147 8569
10149 8571
10150 8575
10161 8595
10166 8596
10172 8612
10189 8637
10224 8674
10227 8676
10237 8693
10241 8697
10254 8704
10266 8715
10268 8718
10270 8719
10272 8720
10276 8723
10283 8726
10282 8727
10288 8733
10296 8746
10304 8756
10303 8758
10310 8766
10315 8771
10318 8772
10328 8785
10335 8793
10467 8935
10479 8954
10484 8965
10489 8970
10508 8997
10519 9012
10526 9035
10559 9106
10567 9114
10580 9124
10581 9130
10595 9143
10599 9152
10611 9178
10617 9195
10684 9296
10686 9301
10919 9483
11002 9485
11296 9593
11069 9632
11079 9636
11325 9684
11587 9744
11373 9810
11596 10058
11922 10231
12296 10258
12170 10356
12247 10536
12296 10545
29 49
31
75 48
80 52
101 67
2021 1930
2837 2526
2844 2535
2845 2536
2878 2563
2889 2581
2907 2598
158 2599
2934 2625
2960 2655
4628 4059
4755 4149
4770 4163
4772 4165
4782 4174
4829 4211
4882 4253
5022 4359
5036 4371
5713 5021
5757 5066
5755 5067
5780 5088
8368 5910
6763 6046
7100 6298
7884 7072
7012 7725
29 50
82
4 5
102 73
283 222
485 365
1384 1020
1389 1022
4343 1167
2815 2009
2853 2045
2903 2114
2990 2193
3002 2225
3063 2286
3489 2659
4074 3204
1432 3255
5741 4618
5742 4619
5757 4643
5767 4652
5768 4653
5798 4684
5814 4706
5820 4713
5815 4721
5886 4823
6141 5068
5643 5226
6561 5461
6576 5475
6611 5494
6822 5689
7076 5925
7889 6713
7901 6732
7909 6741
7933 6772
7938 6773
7952 6799
7959 6808
7974 6827
7978 6833
7987 6845
8000 6863
9057 6870
8111 6958
8340 7186
8380 7214
8479 7290
8481 7293
8560 7371
8576 7390
9105 7885
9155 7944
9166 7953
9169 7957
9168 7959
9170 7960
9175 7965
9177 7969
9407 8241
9428 8279
9545 8448
9641 8564
10044 9053
10045 9055
10046 9056
10048 9062
10070 9088
10071 9089
10072 9090
10073 9095
10076 9098
10110 9144
10127 9167
10137 9176
10167 9226
10191 9260
10484 9613
10526 9704
10686 10017
10687 10018
30 38
14
2571 264
3130 3362
10046 6838
11062 8357
10649 11843
10669 11869
14731 14270
14848 14440
13105 14563
13157 14609
15862 16886
16367 17397
15899 17462
18133 17733
30 39
674
26 28
29 39
211 198
280 260
340 318
351 334
426 400
462 434
471 439
594 537
1306 1254
1337 1298
1353 1313
1469 1427
1498 1471
1519 1485
1704 1707
5540 1808
1902 1962
1897 1965
1935 2019
2084 2202
2164 2254
2332 2480
2632 2878
2639 2887
2649 2903
2956 3308
2984 3359
2986 3367
2994 3381
3052 3459
3074 3476
3119 3535
3130 3553
3230 3656
3338 3813
3423 3961
3424 3962
3436 3974
3440 3976
3527 4103
3558 4164
3578 4195
3573 4204
3620 4250
3659 4292
3663 4298
3656 4310
3661 4318
3716 4381
3719 4390
3731 4398
3769 4451
3765 4452
3768 4456
3774 4461
3818 4518
3834 4542
3938 4663
3947 4673
4173 4908
4194 4924
4278 4963
4389 5074
4436 5141
4444 5150
4571 5257
4676 5373
4816 5526
4899 5609
4903 5612
5166 5921
5174 5927
5203 5962
5229 5992
5230 5996
5233 6001
5244 6009
5251 6020
5258 6029
5264 6033
5276 6046
5283 6053
5291 6063
5312 6080
1666 6220
5460 6257
5499 6301
5502 6305
5509 6315
5519 6318
5651 6460
5666 6488
5678 6507
5677 6508
5692 6509
5734 6582
5791 6635
5806 6653
5837 6675
5847 6688
5869 6706
5888 6725
5892 6727
5912 6759
5924 6779
5934 6792
5936 6793
5963 6835
5978 6840
5982 6857
6007 6887
6303 7245
6331 7268
6333 7270
6335 7271
6433 7390
6637 7641
6702 7724
6748 7787
6757 7792
6765 7807
6785 7833
6784 7835
6789 7838
6797 7852
6856 7906
6886 7936
6890 7938
6915 7964
7022 8068
7071 8112
7082 8126
7086 8133
7113 8163
7142 8191
7174 8216
7159 8223
7185 8231
7180 8241
7184 8249
7198 8257
7215 8270
7264 8297
7289 8323
7309 8350
7317 8353
7328 8364
7330 8369
7334 8372
7340 8380
7350 8384
7356 8393
7355 8398
7396 8448
7409 8464
7411 8465
7440 8499
7459 8517
7475 8531
7479 8536
7502 8552
7612 8676
7636 8685
7623 8704
7651 8712
7646 8721
7648 8733
7662 8737
7661 8741
7679 8742
7665 8744
7670 8747
7691 8748
7688 8766
7708 8783
7733 8785
7713 8789
7753 8797
7767 8810
7772 8818
7797 8844
7803 8845
7794 8867
7819 8872
7824 8875
7808 8880
7836 8898
7867 8921
7883 8938
7914 8975
7917 8980
7934 8988
7932 8995
7948 9009
7950 9010
7953 9011
7963 9027
7971 9032
7976 9045
7981 9048
3728 9051
3821 9114
8037 9118
3830 9135
8044 9141
8058 9149
8223 9328
8329 9425
8506 9613
8520 9635
8548 9673
8623 9723
8622 9748
8634 9762
4481 9780
8668 9789
8686 9807
8679 9815
8711 9825
8727 9843
8748 9888
9192 10380
9211 10399
9215 10404
9240 10434
9254 10448
9253 10451
9259 10457
9286 10485
9292 10491
9293 10492
9297 10501
9303 10503
9436 10658
9441 10664
9452 10673
9459 10682
9460 10683
9468 10692
9477 10702
9483 10706
9484 10714
9611 10848
9647 10900
9663 10916
9701 10955
9702 10961
9715 10973
9724 10980
9731 10984
9739 10996
9738 11002
9746 11008
9754 11022
9756 11025
9762 11030
9776 11039
9800 11065
9816 11077
9822 11094
9837 11106
9845 11122
6047 11186
9934 11217
10151 11462
10185 11493
10205 11504
10206 11506
10234 11532
10256 11559
10290 11589
10367 11666
10382 11679
10443 11759
10455 11773
10465 11785
10488 11813
10508 11837
10524 11855
10527 11860
10538 11876
10567 11914
10571 11921
10586 11934
10588 11947
10594 11953
10601 11965
10608 11967
10620 11984
10622 11987
10625 11989
10688 12039
10702 12060
10709 12061
10701 12071
10793 12148
10820 12175
10832 12187
10836 12188
10840 12195
10861 12220
10866 12226
10914 12272
10927 12283
10925 12297
10945 12300
10951 12303
10955 12311
10963 12319
10974 12327
11004 12362
11029 12386
11036 12389
11049 12406
11048 12409
11051 12410
11056 12417
11063 12425
11062 12431
11089 12467
11131 12510
11132 12515
11149 12525
11151 12526
11175 12541
11186 12562
11210 12580
11234 12609
11249 12618
11245 12622
11243 12629
11267 12649
11257 12654
11280 12656
11261 12658
11279 12662
11281 12663
11277 12674
11256 12676
11293 12685
11316 12694
11320 12710
11334 12711
11321 12715
11348 12722
11350 12725
11357 12732
11360 12738
11377 12759
11385 12780
11389 12786
11390 12807
11444 12841
11450 12854
11455 12865
11458 12866
11470 12878
11469 12879
11473 12882
11484 12890
11485 12892
11488 12893
11489 12903
11526 12943
11532 12946
11538 12955
11537 12959
11545 12972
11544 12973
11548 12977
11553 12983
11652 13089
11660 13099
11732 13172
11774 13206
11844 13295
11874 13328
11886 13332
11907 13354
11909 13358
11951 13411
12165 13631
12223 13690
12225 13691
12227 13693
12242 13706
12243 13708
12249 13714
12257 13723
12288 13748
12298 13762
12342 13812
12382 13856
12385 13861
12427 13898
12433 13909
12455 13935
12460 13940
12465 13951
12473 13960
12477 13965
12486 13969
12506 13989
12512 13992
12513 13993
12519 14001
12520 14002
12529 14011
12532 14016
12541 14026
12540 14027
12546 14029
12547 14030
12563 14041
12593 14075
12599 14086
12609 14097
12611 14099
12620 14102
12621 14103
12635 14113
12642 14119
12742 14203
12825 14329
12836 14333
12850 14339
12854 14342
12859 14343
12863 14347
12882 14366
12895 14383
12899 14388
12907 14394
12943 14427
12948 14429
12954 14434
12977 14456
12986 14475
12990 14483
12999 14494
13002 14496
13003 14497
13005 14498
13012 14507
13018 14515
13028 14523
13039 14534
13044 14542
13055 14562
13059 14568
13065 14573
13066 14575
13079 14591
13089 14601
13110 14619
13113 14625
13117 14630
13116 14638
13129 14640
13128 14649
13124 14650
13134 14658
13136 14659
13135 14663
13142 14668
13202 14722
13215 14730
13214 14733
13227 14746
13239 14760
13267 14785
13271 14795
13276 14802
13298 14813
13302 14819
13308 14831
13314 14835
13317 14839
13337 14865
13340 14868
13378 14913
13379 14922
13402 14932
13413 14949
13417 14954
13421 14965
13440 14989
13453 14996
13458 15006
13455 15010
13430 15013
13475 15022
13476 15023
13467 15026
13491 15034
13506 15054
13537 15095
13548 15105
13549 15106
13569 15132
13584 15146
13652 15220
13662 15238
13663 15239
13668 15246
13739 15326
13800 15390
13809 15408
13825 15414
13841 15419
13846 15426
13852 15432
13865 15453
13949 15540
14079 15655
14084 15661
14163 15725
14179 15742
14178 15743
14180 15744
14185 15751
14221 15803
14226 15808
14228 15812
14253 15837
14262 15847
14273 15853
13642 15858
14318 15893
14328 15905
14377 15948
14440 16003
14459 16021
14465 16028
14487 16044
14537 16100
14552 16119
14592 16142
14605 16146
14624 16157
14627 16158
14628 16159
14641 16167
14648 16170
14664 16189
14686 16213
14728 16246
14731 16249
14735 16250
14769 16276
14777 16296
14779 16305
14790 16318
14792 16320
14837 16354
14843 16361
14848 16373
14861 16384
14868 16389
14880 16401
14878 16404
14892 16410
14902 16421
14932 16456
14937 16459
14942 16461
14943 16474
14948 16477
14954 16482
14956 16485
14966 16491
14983 16508
15026 16553
15045 16570
15071 16598
15101 16617
15111 16634
15113 16637
15164 16704
15173 16706
15185 16719
15186 16724
15261 16795
15260 16800
15310 16868
15376 16959
15377 16960
15378 16961
15386 16969
15425 17012
15428 17015
15429 17017
15436 17020
15441 17027
15662 17258
15673 17266
14385 17290
15709 17291
15712 17294
15720 17298
15726 17308
15747 17329
15793 17369
15799 17375
15801 17376
15803 17382
15810 17386
15815 17407
15814 17409
15822 17421
15828 17430
15830 17432
15831 17433
15839 17443
15849 17449
15853 17458
15854 17464
15867 17471
15866 17475
15871 17480
15876 17486
15905 17508
15909 17512
15910 17513
15921 17524
15962 17564
15981 17591
16039 17657
16123 17712
16220 17797
16268 17843
16294 17861
16310 17867
16318 17871
16327 17883
16343 17902
16353 17915
16367 17931
16370 17938
16383 17952
16467 18035
16470 18038
16474 18041
16488 18050
16497 18054
16540 18089
16548 18093
16550 18095
16552 18096
16558 18100
16566 18108
16567 18112
16572 18115
16576 18118
16595 18147
16612 18165
16618 18170
16634 18190
18234 19278
9144 19497
18150 19838
17792 19979
18017 20058
18415 20102
18069 20146
18170 20187
18236 20190
7679 20247
18314 20327
18519 20385
13404 20414
18997 21047
30 48
2591
18 18
19 19
24 21
26 24
29 27
36 35
140 110
190 128
177 142
211 174
223 182
257 194
255 204
258 208
273 211
312 246
313 247
331 259
340 267
346 272
351 277
357 285
365 293
385 295
368 298
407 315
399 327
427 329
405 332
411 339
426 354
417 361
433 367
429 371
451 381
445 382
446 383
462 388
471 390
477 391
468 392
454 398
483 403
478 408
486 412
514 416
523 423
519 424
529 429
516 434
506 435
538 472
575 487
594 494
602 502
610 512
619 519
635 533
639 541
649 548
656 555
658 562
662 563
666 567
668 568
695 587
719 604
713 606
723 614
770 656
778 661
815 697
839 701
842 709
867 737
863 740
916 788
917 789
888 793
924 795
941 798
949 808
961 826
971 838
974 843
980 848
1013 896
1018 900
1019 906
1132 1010
1201 1065
1204 1067
1217 1079
1229 1101
1251 1114
1286 1154
1306 1183
1313 1187
1337 1210
1341 1219
1353 1222
1346 1223
1358 1227
1379 1259
1405 1288
1409 1302
1415 1307
1438 1318
1453 1331
1469 1354
1470 1357
1471 1358
1487 1376
1488 1381
1496 1388
1502 1391
1507 1403
1508 1404
1500 1406
1534 1429
1536 1435
1556 1460
1558 1466
1564 1470
1584 1494
1590 1502
1598 1511
1628 1549
1657 1583
1662 1587
1666 1591
1680 1611
1693 1621
1699 1626
1704 1632
1717 1646
1722 1651
1715 1654
1742 1679
1748 1689
1785 1728
1818 1763
1848 1790
1854 1801
1863 1814
1867 1821
1878 1829
1882 1833
1886 1841
1893 1846
1889 1848
1898 1851
1897 1854
1902 1858
1899 1859
1918 1873
1915 1875
1931 1890
1932 1891
1933 1894
1935 1896
1940 1900
1942 1904
1946 1909
1967 1930
1973 1942
1985 1954
1987 1958
1986 1960
1995 1974
1997 1976
2018 1993
2026 2005
2023 2006
2024 2008
2041 2028
2042 2033
2052 2037
2057 2039
2059 2042
2084 2072
2096 2081
2095 2082
2102 2084
2110 2089
2120 2094
2135 2105
2138 2107
2145 2115
5949 2135
2171 2138
2174 2142
2189 2159
2192 2161
2242 2212
2241 2214
2256 2229
2279 2258
2318 2299
2332 2314
2355 2340
2546 2563
2558 2578
2559 2580
2578 2606
2583 2608
2636 2667
2639 2670
2641 2673
2647 2679
2649 2681
2651 2682
2661 2694
2663 2695
2671 2705
2697 2725
2709 2743
2712 2746
2746 2790
2785 2832
2817 2873
2838 2904
2849 2913
2855 2919
2865 2928
2887 2948
2889 2949
2900 2964
2904 2966
2907 2970
2920 2983
2925 2990
2931 2997
2936 3003
2941 3008
2950 3017
2953 3021
2956 3026
2960 3028
2962 3041
2977 3051
2974 3057
2984 3065
2986 3070
2994 3077
3003 3086
3022 3103
3041 3133
3047 3138
3048 3140
3052 3144
3059 3155
3063 3158
3064 3159
3074 3174
3093 3182
3097 3194
3102 3204
3107 3208
3112 3213
3117 3218
3122 3223
3119 3224
3130 3228
3131 3229
3133 3230
3136 3234
3141 3235
3143 3238
3124 3240
3154 3244
3140 3248
3158 3249
3168 3262
3173 3272
3177 3278
3185 3288
3202 3298
3209 3305
3221 3326
3230 3332
3245 3350
3249 3359
3256 3368
3257 3369
3259 3373
3266 3386
3275 3397
3295 3417
3300 3422
3325 3443
3332 3459
3336 3462
3338 3464
3354 3484
3364 3499
3365 3504
3389 3540
3411 3563
3412 3567
3418 3579
3423 3582
3424 3583
3415 3587
3436 3595
3440 3597
3426 3602
3454 3618
3451 3619
3467 3636
3480 3648
3483 3672
3504 3687
3506 3692
3516 3706
3527 3717
3521 3721
3533 3735
3548 3745
3550 3747
3558 3757
3575 3774
3573 3779
3578 3780
3579 3782
3580 3792
3591 3803
3595 3821
3601 3826
3602 3828
3608 3829
3603 3830
3613 3835
3616 3840
3620 3843
3619 3850
3624 3853
3644 3869
3657 3872
3659 3880
3663 3884
3676 3895
3674 3896
3665 3900
3679 3905
3687 3914
3686 3918
3693 3919
3694 3923
3706 3936
3705 3938
3710 3940
3716 3945
3723 3954
3727 3959
3735 3968
3742 3977
3751 3988
3752 3992
3756 3995
3762 4004
3765 4009
3768 4010
3769 4011
3755 4015
3774 4017
3764 4018
3777 4019
3767 4020
3780 4022
3782 4024
3781 4026
3801 4047
3802 4048
3804 4049
3819 4057
3818 4061
3821 4063
3824 4067
3826 4069
3827 4071
3830 4073
3832 4081
3833 4082
3836 4083
3840 4086
3839 4091
3852 4097
3853 4105
3860 4107
3868 4114
3870 4120
3871 4121
3872 4122
3914 4156
3918 4165
3921 4170
3932 4177
3928 4179
3934 4183
3936 4185
3937 4186
3938 4187
3946 4191
3947 4193
3995 4234
3997 4235
4027 4258
4040 4264
4075 4295
4074 4302
4088 4328
4090 4332
4108 4352
4146 4363
4141 4375
4164 4377
4150 4382
4158 4392
4193 4398
4165 4399
4173 4408
228 4413
4184 4416
4194 4424
4219 4426
4203 4428
4220 4436
4205 4437
4227 4449
4253 4466
4246 4468
4255 4476
4290 4491
4284 4501
4295 4503
4304 4507
4299 4512
4293 4513
4294 4514
4309 4522
4311 4523
4313 4526
4324 4529
4336 4535
4325 4536
4337 4544
4349 4559
4351 4564
4368 4577
4389 4582
4393 4590
4404 4592
4383 4598
4398 4601
4420 4603
4409 4607
4405 4608
4407 4610
4429 4612
4410 4615
4416 4618
4421 4628
4448 4632
4425 4633
4435 4640
4436 4641
4418 4643
4444 4648
4430 4652
4473 4653
4469 4655
4438 4656
4464 4662
4498 4676
4505 4681
4500 4683
4459 4687
4475 4698
4515 4708
4524 4710
4509 4714
4538 4723
4542 4724
4548 4728
4549 4730
4539 4737
4556 4738
4560 4741
4567 4744
4571 4749
615 4754
4575 4761
4583 4764
4588 4765
4597 4777
4599 4781
4590 4782
4621 4799
4640 4824
4654 4834
4665 4847
4666 4858
4658 4864
4684 4869
4706 4878
4703 4890
4715 4898
4717 4906
4756 4933
4757 4934
4772 4942
4766 4947
4786 4958
4791 4962
4783 4965
4793 4971
4816 4997
4825 5005
4842 5019
4843 5020
4865 5037
4876 5045
4892 5063
4894 5065
4895 5066
4903 5072
4900 5074
4910 5079
4934 5096
4933 5097
4943 5105
4949 5118
4959 5129
4956 5130
4952 5143
4996 5179
5011 5188
5026 5204
5028 5209
5037 5219
5052 5233
5053 5234
5055 5237
5048 5239
5060 5242
5062 5250
5076 5264
5081 5268
5085 5271
5090 5279
5091 5280
5096 5288
5097 5290
5106 5299
5109 5302
5123 5314
5120 5315
5128 5322
5134 5330
5136 5331
5146 5342
5141 5346
5154 5349
5157 5352
5158 5355
5162 5364
5165 5368
5166 5370
5179 5374
5174 5377
5184 5382
5180 5383
5188 5386
5195 5393
5189 5395
5193 5396
5196 5404
5205 5407
5208 5411
5203 5412
5212 5418
5213 5419
5222 5424
5221 5426
5219 5429
5225 5432
5227 5434
5233 5437
5229 5438
5230 5441
5248 5449
5246 5452
5244 5455
5251 5457
5254 5462
5258 5463
5265 5469
5264 5477
5276 5486
5280 5489
5288 5491
5291 5496
5293 5498
5302 5508
5314 5514
5315 5515
5311 5516
5312 5517
5339 5541
5343 5549
5404 5614
5414 5628
5422 5631
5427 5639
5446 5659
5447 5660
5455 5666
5459 5672
5460 5673
5463 5677
5464 5681
5469 5683
5471 5684
5472 5685
5487 5696
5484 5698
5497 5709
5501 5710
5502 5715
5503 5716
5512 5727
5519 5735
5545 5757
5547 5760
5553 5768
5562 5776
5570 5787
5578 5793
5583 5798
5599 5821
5608 5833
5609 5837
5619 5845
5622 5848
5632 5859
5641 5866
5642 5867
5647 5872
5651 5880
5655 5884
5661 5885
5666 5895
5677 5904
5678 5905
5674 5906
5675 5908
5692 5922
5712 5946
5719 5951
5720 5952
5724 5958
5754 5985
5758 5989
5767 5992
5772 6004
5776 6008
5782 6013
5784 6016
5785 6018
5791 6020
5800 6026
5789 6027
5828 6053
5833 6059
5837 6061
5840 6063
5842 6066
5847 6069
5845 6070
5849 6073
5850 6074
5869 6090
5873 6094
5876 6097
5881 6103
5886 6107
5892 6116
5888 6117
5894 6121
5906 6135
5912 6143
5919 6154
5924 6159
5922 6160
5928 6163
5927 6165
5934 6172
5937 6175
5938 6176
5936 6177
5941 6179
5964 6204
5965 6206
5963 6208
2191 6214
5978 6221
5982 6229
5988 6235
6000 6247
6003 6251
6007 6256
6012 6258
6034 6287
6039 6292
6057 6310
6067 6318
6076 6327
6088 6339
6098 6345
6123 6369
6132 6384
6189 6448
6193 6453
6198 6458
6216 6474
6223 6480
6224 6482
6234 6490
6267 6533
6273 6535
6275 6539
6288 6554
6301 6562
6306 6567
6307 6568
6314 6574
6315 6577
6317 6581
6318 6592
6335 6600
6333 6601
6339 6610
6345 6614
6351 6624
6355 6626
6365 6640
6379 6655
6389 6667
6396 6672
6419 6701
6447 6726
6480 6757
6489 6761
6507 6779
6513 6783
6529 6800
6562 6829
6569 6835
6585 6853
6599 6863
6606 6873
6612 6880
6610 6882
6619 6886
6620 6891
6626 6893
6628 6896
6637 6902
6653 6919
6654 6923
6657 6925
6662 6932
6680 6955
6702 6976
6716 6992
6726 7001
6735 7012
6722 7015
6743 7020
6734 7027
6748 7029
6757 7036
6765 7045
6784 7068
6785 7069
6789 7071
6793 7079
6797 7084
6809 7096
6823 7127
6856 7136
6855 7139
6860 7143
6869 7153
6873 7159
6886 7168
6890 7172
6892 7175
6875 7180
6906 7188
6913 7190
6915 7196
6925 7202
6927 7206
6933 7216
6941 7222
6959 7238
6956 7250
6980 7260
6964 7262
6987 7265
6978 7277
6998 7282
7015 7291
6996 7293
7022 7294
7030 7298
7038 7302
7041 7309
7045 7313
7051 7319
7056 7322
7077 7337
7070 7338
7082 7343
7086 7350
7101 7358
7109 7369
7113 7371
7125 7380
7124 7386
7140 7388
7142 7394
7148 7399
7160 7407
7158 7414
7159 7415
7174 7423
7181 7424
7178 7433
7180 7434
7186 7436
7185 7437
7182 7439
7184 7442
7197 7452
7208 7456
7216 7463
7215 7467
7220 7468
7233 7475
7240 7476
7219 7486
7245 7490
7248 7492
7254 7497
7264 7508
7271 7529
7317 7556
7328 7569
7334 7577
7340 7580
7350 7588
7355 7597
7356 7598
7341 7601
7361 7604
7369 7610
7377 7616
7386 7628
7382 7637
7411 7655
7409 7656
7413 7658
7420 7671
7422 7675
7440 7686
7455 7696
7459 7701
7478 7725
7470 7729
7490 7737
7502 7739
7496 7742
7521 7760
7525 7767
7523 7787
7552 7794
7569 7811
7604 7847
7603 7849
7613 7855
7612 7862
7628 7867
7621 7868
7623 7871
7622 7879
7636 7881
7639 7885
7646 7887
7651 7892
7648 7893
7649 7894
7663 7901
7661 7908
7662 7909
7668 7910
7665 7913
7666 7914
7670 7916
7679 7920
7677 7924
7684 7927
7691 7930
7688 7933
7709 7940
7708 7949
7713 7951
7721 7952
7716 7962
7732 7964
7733 7969
7753 7983
7741 7986
3617 7988
7744 7992
7745 7993
7769 8004
7767 8007
7760 8011
7763 8012
7783 8016
3637 8021
7780 8025
7797 8034
7792 8046
7808 8055
7804 8058
7819 8060
7824 8062
7836 8080
7846 8087
7837 8089
7830 8092
7848 8098
7854 8105
7847 8106
7860 8108
7867 8109
7883 8126
7896 8136
7904 8141
7878 8142
7903 8145
7910 8149
7915 8153
7914 8158
7917 8162
7926 8164
7925 8166
7933 8177
7932 8178
7934 8179
7945 8191
7944 8193
3728 8194
7948 8195
7950 8196
7941 8197
7953 8198
7938 8202
7947 8210
7963 8213
7969 8215
7971 8219
7973 8224
3757 8233
7981 8234
7987 8237
7990 8242
7993 8243
7997 8249
7989 8251
7986 8254
8003 8256
8011 8260
8007 8266
8016 8272
8008 8273
8025 8274
8027 8275
8026 8278
8023 8280
8024 8284
8033 8286
8030 8292
8037 8295
8035 8296
8041 8297
8034 8300
8045 8302
8044 8305
8054 8308
8055 8310
8053 8311
8058 8312
8062 8320
8060 8321
8070 8326
8067 8328
8069 8329
8063 8330
8064 8331
8078 8337
8083 8347
8082 8348
8081 8350
8093 8361
8098 8367
8100 8369
8105 8375
8106 8376
8112 8378
8122 8384
8166 8427
8206 8466
8207 8472
8208 8473
8221 8480
8223 8481
8225 8482
8228 8485
8233 8491
8239 8493
8234 8494
8270 8517
8308 8551
8321 8554
8336 8586
8363 8597
8370 8599
8372 8609
8378 8615
8392 8623
8390 8624
8369 8628
8400 8632
8401 8634
8388 8635
8380 8640
8415 8643
8420 8649
8393 8655
8427 8656
8429 8658
8417 8659
8402 8660
8422 8661
8418 8666
8423 8667
8411 8668
8442 8671
8443 8676
8439 8680
8447 8682
8430 8686
8456 8688
8440 8694
8434 8695
8464 8704
8476 8705
8479 8708
8470 8709
8461 8712
8471 8718
8487 8722
8491 8723
8477 8724
8478 8731
8485 8736
8511 8748
8502 8749
8503 8753
8518 8755
8526 8756
8515 8759
8520 8761
8525 8764
8551 8781
8555 8784
8548 8785
8562 8793
8572 8800
8580 8803
8573 8804
8567 8807
8553 8808
8586 8817
8599 8820
8595 8821
8612 8834
8592 8836
8619 8839
8600 8840
8623 8842
8610 8844
8626 8847
8602 8848
8628 8853
8611 8854
8597 8856
8632 8859
8606 8861
8635 8866
8622 8870
8647 8873
8648 8874
8607 8876
8651 8879
8654 8885
8634 8887
8655 8889
8640 8890
8627 8892
8657 8893
8653 8898
8671 8902
8672 8911
8668 8913
8678 8915
8684 8919
8675 8921
8656 8922
8688 8924
8685 8925
8694 8930
8679 8934
8704 8936
8698 8943
8710 8948
8720 8951
8708 8955
8727 8959
8730 8964
8729 8966
8733 8970
8718 8971
8738 8974
8739 8975
8732 8986
8753 8989
8763 8998
8764 9001
8766 9002
8748 9003
8751 9005
8771 9008
8772 9013
8768 9017
8787 9019
8762 9023
8791 9024
8788 9026
8780 9028
8800 9030
8805 9042
8793 9043
8823 9060
8840 9074
8843 9099
8864 9108
8885 9118
8905 9136
8910 9141
8907 9150
8918 9152
8929 9163
8923 9164
8932 9165
8927 9166
8913 9176
8957 9183
8959 9188
8951 9191
8965 9198
8964 9203
8987 9219
8985 9223
8982 9224
9000 9237
9008 9245
9030 9269
9028 9284
9045 9286
9049 9302
9066 9309
9074 9318
9079 9324
9091 9332
9097 9337
9104 9340
9100 9344
9112 9350
9122 9359
9127 9362
9136 9373
9144 9382
9157 9395
9161 9399
9163 9404
9166 9405
9175 9412
9179 9416
9182 9418
9188 9424
9189 9425
9191 9427
9198 9430
9192 9432
9207 9437
9205 9438
9208 9439
9210 9442
9211 9448
9215 9452
9224 9456
9225 9459
9231 9463
9243 9474
9238 9475
9240 9476
9253 9488
9259 9493
9254 9495
9261 9499
9262 9501
9272 9502
9271 9507
9252 9509
9258 9514
9282 9521
9286 9522
9293 9526
9295 9527
9292 9528
9297 9533
9302 9534
9300 9535
9305 9537
9303 9538
9328 9558
9321 9559
9353 9583
9358 9587
9386 9623
9411 9644
9436 9674
9441 9678
9442 9680
9444 9682
9445 9683
9452 9687
9460 9696
9466 9700
9468 9702
9470 9704
9477 9710
9483 9719
9484 9722
9485 9723
9494 9733
9495 9734
9504 9741
9506 9743
9519 9760
9518 9762
9550 9802
9567 9825
9571 9828
9576 9831
9578 9833
9584 9841
9591 9850
9618 9879
9624 9882
9627 9885
9634 9895
9636 9898
9638 9900
9640 9903
9644 9904
9647 9909
9649 9912
9663 9926
9662 9927
9669 9931
9671 9935
9673 9937
9675 9939
9678 9940
9679 9943
9691 9965
9699 9969
9702 9973
9711 9979
9710 9981
9715 9983
9724 9992
9727 9994
9731 9998
9716 10003
9738 10006
9739 10007
9740 10009
9746 10015
9754 10024
9756 10025
9758 10026
9762 10029
9769 10036
9776 10043
9780 10049
9782 10051
9783 10052
9800 10070
9803 10072
9804 10074
9810 10081
9813 10082
9816 10083
9818 10091
9821 10092
9822 10095
9826 10103
9835 10105
9837 10107
9840 10113
9845 10115
9849 10123
9879 10151
9897 10172
9904 10176
9920 10190
9921 10191
9926 10196
9934 10203
9946 10208
9957 10232
9995 10266
10008 10273
10025 10292
10083 10352
10086 10357
10095 10365
10104 10375
10108 10379
10124 10399
10134 10412
10163 10430
10174 10445
10185 10454
10199 10462
10205 10469
10206 10471
10207 10472
10210 10475
10201 10477
10219 10487
10216 10488
10232 10498
10234 10502
10236 10505
10238 10508
10243 10513
10241 10517
10254 10519
10252 10520
10256 10521
10273 10536
10271 10537
10279 10543
10286 10553
10290 10557
10310 10576
10333 10596
10337 10599
10341 10606
10342 10608
10363 10635
10367 10636
10370 10639
10382 10648
10395 10659
10397 10660
10424 10703
10455 10731
10466 10738
10476 10748
10479 10755
10481 10761
10483 10764
10488 10767
10492 10773
10498 10777
10503 10782
10519 10802
10552 10831
10567 10845
10557 10849
10571 10851
10576 10863
10572 10866
10586 10871
10578 10875
10588 10879
10594 10885
10601 10892
10604 10893
10608 10900
10612 10905
10620 10910
10609 10912
10622 10916
10625 10917
10623 10925
10637 10926
10642 10934
10648 10937
10660 10947
10662 10950
10676 10961
10673 10964
10659 10966
10687 10975
10688 10977
10689 10980
10693 10982
10702 10988
10709 10991
10708 10997
10695 11005
10714 11006
10722 11008
10725 11009
10723 11014
10733 11024
10727 11026
10743 11030
10742 11031
10745 11037
10747 11038
10771 11061
10791 11081
10793 11087
10794 11088
10799 11093
10804 11095
10808 11096
10815 11107
10820 11110
10832 11117
10836 11120
10840 11127
10842 11131
10854 11138
10861 11145
10866 11151
10878 11157
10869 11161
10885 11167
10872 11172
10893 11174
10891 11175
10903 11184
10902 11191
10901 11193
10914 11199
10920 11200
10922 11210
10927 11212
10925 11214
10936 11224
10940 11225
10945 11229
10951 11236
10952 11240
10955 11241
10959 11249
10963 11250
10974 11262
10978 11264
10985 11270
11006 11291
11004 11293
10995 11296
11014 11299
10999 11300
11020 11310
11021 11314
11029 11319
11036 11323
11048 11341
11056 11351
11059 11356
11062 11361
11063 11362
11070 11367
11089 11387
11093 11388
11120 11422
11132 11434
11135 11447
11151 11451
11160 11461
11161 11462
11175 11467
11172 11470
11170 11480
11181 11485
11186 11486
11203 11504
11197 11508
11210 11514
11228 11530
11224 11540
11234 11541
11219 11544
11249 11555
11248 11558
11259 11561
11257 11562
11261 11572
11262 11573
11267 11574
11272 11577
11269 11578
11276 11581
11280 11583
11281 11585
11289 11594
11293 11601
11294 11606
11300 11607
11304 11613
11316 11621
11315 11627
11320 11629
11321 11633
11313 11634
11324 11640
11332 11643
11334 11645
11327 11646
11338 11658
11348 11659
11357 11671
11360 11674
11363 11682
11374 11685
11378 11687
11365 11688
11385 11703
11389 11705
11390 11712
11396 11713
11395 11716
11399 11720
11405 11721
11400 11723
11402 11730
11412 11733
11403 11735
11418 11737
11413 11740
11428 11747
11439 11759
11440 11760
11444 11765
11446 11769
11448 11771
11450 11772
11451 11773
11452 11776
11455 11781
11458 11783
11459 11784
11462 11785
11466 11791
11472 11794
11469 11796
11470 11797
11473 11801
11484 11808
11485 11809
11488 11812
11489 11815
11490 11816
11492 11817
11482 11818
11486 11819
11495 11821
11498 11824
11501 11827
11503 11828
11504 11829
11502 11834
11510 11835
11508 11837
11507 11838
11509 11839
11513 11843
11515 11846
11516 11847
11526 11849
11532 11854
11527 11856
11535 11862
11537 11866
11538 11867
11540 11869
11541 11873
11545 11875
11544 11877
11548 11879
11553 11884
11551 11885
11556 11886
11561 11888
11557 11890
11563 11895
11568 11898
11573 11904
11581 11906
11580 11908
11579 11911
11587 11921
11588 11923
11589 11926
11597 11931
11652 11980
11656 11985
11659 11986
11660 11990
11668 11998
11672 11999
11676 12005
11701 12020
11708 12025
11722 12039
11727 12041
11728 12042
11726 12046
11734 12049
11732 12052
11749 12058
11745 12065
11751 12066
13629 12067
11756 12069
11767 12079
11750 12084
11771 12085
11769 12086
11755 12089
11774 12091
11782 12094
11779 12095
11770 12097
11784 12100
11776 12104
11772 12105
11785 12108
11792 12113
11786 12114
11800 12116
11798 12120
11799 12121
11806 12122
11790 12123
11807 12125
11808 12126
11805 12127
11809 12132
11802 12133
11814 12134
11823 12141
11817 12142
11821 12145
11830 12147
11831 12155
11842 12160
11838 12163
11847 12165
11851 12169
11852 12170
11844 12175
11866 12182
11862 12183
11869 12185
11854 12186
11864 12188
11857 12191
11880 12197
11882 12200
11871 12202
11868 12203
11874 12207
11870 12208
11888 12210
11886 12211
11881 12212
11887 12217
11905 12228
11906 12229
11907 12230
11911 12235
11908 12236
11909 12237
11896 12245
11910 12249
11925 12259
11926 12260
11927 12261
11929 12264
11930 12265
11932 12266
11933 12267
11943 12273
11944 12279
11945 12281
11947 12283
11950 12286
11951 12287
11954 12293
11959 12297
11966 12303
11970 12305
11972 12312
11976 12313
11995 12330
11998 12333
12014 12348
12020 12351
12022 12357
12037 12370
12060 12392
12059 12393
12062 12394
12068 12398
12066 12400
12071 12403
12079 12411
12093 12423
12121 12455
12137 12463
12132 12468
12163 12490
12165 12492
12173 12502
12181 12506
12186 12511
12187 12512
12195 12517
12201 12521
12208 12529
12211 12531
12218 12535
12219 12537
12223 12544
12228 12549
12225 12550
12242 12562
12243 12563
12249 12569
12250 12570
12254 12575
12257 12576
12265 12580
12266 12581
12262 12582
12279 12596
12276 12597
12277 12598
12281 12599
12283 12602
12288 12606
12297 12613
12298 12614
12299 12615
12310 12625
12319 12633
12332 12648
12342 12660
12347 12665
12352 12672
12356 12675
12366 12685
12367 12686
12368 12688
12369 12689
12372 12691
12373 12693
12380 12698
12382 12701
12383 12702
12390 12708
12395 12714
12404 12724
12407 12727
12427 12747
12433 12754
12451 12772
12455 12778
12459 12783
12460 12785
12465 12792
12473 12797
12477 12801
12485 12803
12480 12804
12484 12808
12486 12809
12499 12824
12506 12827
12512 12835
12513 12836
12517 12841
12519 12842
12532 12855
12540 12863
12541 12864
12542 12865
12546 12871
12547 12872
12551 12875
12553 12876
12557 12877
12563 12886
12567 12892
12569 12893
12574 12900
12579 12906
12580 12910
12586 12914
12593 12917
12592 12922
12594 12924
12595 12927
12599 12928
12600 12929
12604 12932
12608 12937
12607 12938
12609 12939
12610 12940
12611 12941
12612 12942
12613 12943
12615 12944
12616 12945
12621 12949
12622 12950
12630 12957
12635 12963
12639 12968
12642 12971
12647 12978
12655 12984
12665 13004
12700 13035
12739 13067
12738 13073
12742 13076
12749 13080
12770 13107
12777 13114
12784 13117
12785 13119
12786 13123
12797 13133
12807 13143
12825 13160
12836 13170
12844 13175
12850 13178
12854 13183
12859 13187
12860 13190
12863 13195
12864 13196
12868 13197
12877 13206
12878 13209
12882 13213
12895 13225
12896 13228
12899 13230
12911 13240
12914 13244
12938 13260
12977 13302
12986 13318
12990 13323
12991 13324
12996 13329
12999 13331
13000 13332
13002 13333
13003 13334
13005 13335
13012 13338
13011 13339
13018 13346
13028 13354
13039 13363
13044 13366
13043 13370
13045 13375
13055 13383
13059 13388
13061 13391
13065 13392
13066 13396
13067 13402
13077 13407
13079 13411
13088 13422
13089 13423
13098 13430
13100 13433
13102 13436
13110 13441
13111 13442
13101 13443
13113 13447
13116 13449
13125 13457
13124 13462
13129 13463
13130 13469
13134 13473
13136 13474
13135 13476
13142 13478
13141 13481
13154 13489
13158 13491
13164 13499
13171 13504
13175 13506
13180 13513
13189 13523
13195 13528
13202 13535
13214 13539
13215 13540
13224 13548
13222 13549
13227 13555
13231 13558
13236 13563
13239 13566
13247 13572
13250 13576
13251 13584
13254 13585
13258 13587
13257 13590
13265 13593
13267 13596
13264 13597
13266 13598
13271 13604
13276 13607
13287 13613
13298 13625
13302 13632
13308 13639
13314 13646
13317 13649
13323 13661
13327 13662
13328 13663
13331 13665
13337 13674
13341 13675
13335 13677
13340 13679
13338 13684
13349 13685
13352 13692
13366 13709
13378 13713
13379 13719
13387 13726
13389 13727
13392 13732
13394 13737
13402 13738
13404 13739
13398 13741
13410 13742
13406 13745
13407 13747
13413 13758
13417 13762
13421 13770
13426 13771
13429 13775
13432 13781
13435 13783
13436 13784
13431 13785
13440 13786
13442 13791
13444 13795
13453 13800
13457 13805
13458 13807
13466 13815
13467 13821
13475 13826
13476 13827
13474 13828
13480 13831
13491 13838
13486 13840
13487 13841
13494 13853
13505 13858
13504 13863
13519 13876
13527 13885
13534 13890
13535 13891
13537 13893
13538 13894
13544 13898
13548 13904
13549 13905
13551 13906
13552 13907
13550 13909
13559 13917
13563 13921
13569 13930
13567 13932
13579 13939
13584 13943
13587 13946
13585 13949
13593 13957
13595 13959
13597 13963
13603 13970
13607 13973
13609 13975
13612 13976
13611 13977
13616 13980
13621 13983
13622 13985
13626 13987
13659 14015
13661 14017
13663 14021
13666 14024
13668 14029
13671 14031
13672 14032
13676 14036
13678 14039
13682 14040
13685 14042
13712 14065
13715 14071
13721 14079
13730 14080
13727 14084
13734 14089
13737 14096
13741 14097
13744 14098
13745 14099
13739 14102
13753 14107
13750 14110
13756 14112
13757 14113
13754 14114
13759 14116
13758 14117
13747 14118
13748 14119
13764 14121
13761 14123
13770 14125
13766 14127
13771 14130
13762 14131
13775 14136
13767 14137
13778 14139
13772 14140
13782 14141
13780 14144
13786 14146
13787 14147
13789 14151
13795 14155
13781 14156
13797 14157
13799 14159
13801 14160
13800 14162
13802 14163
13803 14164
13804 14166
13807 14168
13814 14175
13812 14176
13812 14179
13808 14180
13820 14183
13816 14190
13825 14193
13841 14198
13846 14206
13842 14208
13852 14213
13855 14217
13847 14218
13857 14221
13858 14222
13859 14223
13862 14225
13861 14230
13863 14231
13865 14232
13863 14233
13873 14237
13874 14238
13875 14239
13877 14243
13879 14244
13881 14245
13866 14249
13890 14256
13891 14258
13903 14270
13908 14274
13911 14276
13896 14278
13904 14280
13917 14286
13909 14287
13918 14289
13920 14290
13923 14294
13929 14298
13924 14299
13927 14304
13936 14315
13944 14328
13949 14329
13956 14334
13965 14341
13970 14345
13980 14355
13986 14359
14003 14376
14007 14384
14014 14392
14025 14396
14043 14414
14068 14434
14070 14438
14077 14445
14079 14446
14084 14448
14094 14456
14098 14458
14110 14467
14111 14468
14119 14477
14141 14494
14149 14502
14163 14521
14173 14532
14178 14536
14180 14537
14185 14543
14221 14591
14226 14595
14228 14599
14242 14613
14262 14638
14268 14645
14271 14648
14273 14649
14274 14651
14282 14656
14280 14657
14284 14658
14298 14670
14299 14675
14301 14676
14303 14677
14305 14678
14306 14680
14310 14682
14315 14689
14318 14691
14324 14696
14326 14697
14328 14700
14329 14701
14325 14702
14335 14710
14337 14711
14336 14712
14342 14715
14348 14725
14353 14727
14370 14745
14381 14751
14386 14752
14385 14754
14390 14756
14387 14767
14409 14772
14408 14778
14421 14784
14428 14789
14430 14791
14435 14795
14440 14799
14448 14808
14459 14817
14469 14832
14464 14833
14485 14843
14487 14844
14488 14855
14504 14865
14508 14869
14533 14891
14535 14893
14534 14897
14545 14907
14552 14912
14550 14913
14566 14918
14564 14919
14592 14936
14605 14945
14624 14958
14628 14964
14627 14965
14646 14979
14648 14980
14664 14991
14686 15011
14688 15014
14698 15019
12925 15024
14741 15053
14757 15064
14769 15077
14777 15090
14779 15093
14790 15103
14811 15120
14818 15122
14830 15132
14837 15134
14841 15137
14843 15140
14844 15148
14848 15151
14850 15155
14861 15160
14864 15165
14868 15167
14871 15176
14878 15183
14882 15186
14886 15196
14892 15199
14896 15203
14902 15205
14911 15217
14918 15218
14932 15227
14933 15229
14937 15238
14941 15239
14942 15242
14943 15246
14948 15249
14954 15254
14966 15266
14979 15279
14984 15281
14983 15283
14989 15286
14995 15296
14998 15300
15000 15303
15021 15333
15026 15334
15045 15350
15055 15356
15057 15360
15061 15366
15071 15373
15091 15392
15101 15394
15111 15408
15113 15411
15117 15415
15143 15448
15152 15458
15160 15464
15164 15470
15163 15472
15170 15476
15173 15478
15176 15480
15180 15483
15185 15488
15193 15497
15199 15502
15217 15527
15236 15543
15240 15552
15256 15561
15259 15566
15260 15567
15255 15568
15261 15569
15270 15583
15274 15587
15282 15598
15284 15602
15285 15603
15291 15605
15294 15608
15292 15609
15306 15620
15303 15622
15308 15623
15310 15626
15313 15632
15322 15638
15326 15647
15330 15648
15329 15650
15332 15656
15339 15661
15350 15670
15362 15691
15375 15700
15378 15703
15385 15707
15391 15713
15390 15715
15393 15717
15397 15719
15400 15724
15405 15725
15406 15727
15412 15731
15414 15736
15418 15740
15421 15742
15419 15744
15417 15745
15433 15751
15430 15752
15428 15755
15436 15760
15444 15763
15443 15766
15441 15767
15445 15769
15459 15776
15460 15777
15453 15781
15456 15785
15464 15787
15467 15788
15465 15789
15468 15790
15466 15791
15469 15794
15470 15795
15475 15798
15481 15803
15482 15804
15476 15806
15489 15813
15490 15814
15494 15815
15503 15822
15505 15824
15517 15832
15537 15848
15567 15877
15582 15894
15587 15897
15590 15899
15635 15950
15639 15956
15642 15961
15648 15963
15656 15974
15662 15978
15666 15981
15673 15989
15675 15993
15676 15997
15688 16003
15699 16012
15709 16018
15726 16036
15730 16040
15747 16052
15749 16054
15772 16065
15793 16094
15815 16122
15814 16123
15822 16131
15825 16134
15828 16137
15831 16142
15839 16146
15838 16147
15849 16158
15853 16162
15858 16165
15857 16168
15867 16173
15866 16177
15871 16179
15872 16180
15875 16183
15876 16186
15893 16198
15899 16203
15902 16204
15905 16206
15910 16212
15921 16221
15960 16255
15962 16256
15967 16262
16007 16308
16013 16313
16021 16318
16018 16319
16022 16321
16024 16322
16026 16325
16029 16326
16033 16330
16036 16333
16039 16338
16042 16342
16049 16346
16098 16388
16101 16392
16106 16397
16109 16399
16110 16402
16111 16403
16115 16404
16123 16413
16126 16414
16128 16417
16132 16419
16133 16420
16134 16427
16143 16430
16149 16435
16153 16438
16161 16445
16218 16487
16220 16488
16230 16496
16240 16505
16264 16527
16268 16530
16278 16538
16294 16548
16310 16554
16312 16559
16343 16587
16365 16606
16367 16609
16370 16610
16375 16613
16383 16624
16426 16661
16427 16663
16450 16684
16468 16707
16469 16708
16470 16709
16473 16711
16474 16713
16476 16715
16477 16716
16477 16717
16480 16719
16488 16723
16485 16724
16489 16726
16504 16741
16506 16743
16508 16745
16528 16761
16548 16779
16550 16781
16558 16785
16564 16790
16566 16791
16570 16795
16572 16797
16576 16801
16588 16811
16595 16820
16596 16821
16607 16837
16610 16840
16611 16841
16612 16842
16616 16845
16617 16846
16636 16865
17301 17270
16946 17333
16947 17370
16992 17807
17668 17881
17311 17986
17533 18061
17720 18096
17947 18105
17542 18221
18120 18251
17761 18260
17865 18301
18062 18317
17888 18403
18164 18404
18229 18416
18017 18470
18011 18493
18299 18515
18150 18516
18257 18521
18209 18533
17922 18549
18207 18607
17894 18622
18083 18643
18211 18644
18073 18681
18262 18696
18101 18706
18199 18732
18244 18735
18290 18766
18281 18774
18236 18785
18314 18807
7679 18812
18386 18835
18378 18837
18415 18852
18127 18865
18472 18880
18525 18933
18381 18972
18506 19045
18426 19054
18519 19079
18576 19291
31 37
1278
87 89
118 118
130 125
133 126
149 138
147 141
324 304
336 312
350 324
388 351
383 354
393 358
503 428
776 620
787 627
807 641
4138 671
873 690
872 699
895 704
984 760
999 764
1044 796
1056 804
1156 897
1170 907
1195 937
1198 942
1211 948
1209 949
1214 956
1226 964
1283 1004
1508 1246
1509 1247
1520 1258
1590 1320
1631 1350
1663 1381
1714 1418
1734 1439
1746 1449
1778 1482
1782 1488
1796 1497
1803 1503
1896 1578
1897 1581
1929 1600
1972 1648
2027 1684
2061 1706
2074 1717
2079 1721
2097 1723
5277 1725
2086 1730
2087 1731
2094 1736
2106 1737
2112 1750
2113 1751
2137 1759
2142 1772
2151 1778
2167 1795
2172 1800
2185 1807
2189 1811
5465 1820
2111 1827
2237 1844
2247 1853
5523 1856
2238 1865
5547 1871
2266 1872
5612 1920
2308 1946
2312 1949
2335 1966
2490 2125
2475 2126
2491 2127
2481 2130
2484 2132
2487 2133
2499 2134
2502 2142
2567 2181
5921 2182
2571 2184
2583 2194
2588 2196
5972 2202
2589 2203
2592 2204
2603 2218
2616 2220
6038 2241
2649 2244
6043 2247
2658 2252
2663 2255
2676 2260
6075 2264
2674 2268
2681 2274
2690 2283
2699 2284
2704 2288
2707 2291
2705 2295
2719 2297
2723 2303
2728 2306
2730 2307
2732 2311
2733 2313
6197 2316
2742 2319
2744 2323
2747 2328
2751 2330
2775 2349
2795 2358
2786 2360
2788 2362
2845 2393
2851 2396
2998 2522
3000 2542
3037 2561
3039 2564
3051 2576
3065 2588
3075 2601
3080 2606
3085 2611
3087 2612
3146 2662
3154 2668
3155 2669
3163 2673
3166 2676
3242 2730
3232 2736
3260 2747
3272 2760
3329 2815
3342 2831
3433 2921
3443 2930
3455 2941
3464 2943
3489 2971
3497 2980
3514 2989
3532 3006
3559 3031
3595 3059
3625 3073
3627 3076
3639 3083
3677 3104
3688 3111
3706 3124
3695 3138
3743 3155
3873 3264
3902 3288
3930 3309
3951 3324
3984 3344
3986 3345
4005 3359
4015 3367
4019 3369
4027 3375
4026 3381
4048 3398
4057 3402
4078 3423
4084 3429
4091 3438
4108 3452
4141 3484
4147 3486
4168 3506
4220 3561
927 3563
4255 3590
4253 3595
4270 3605
4272 3610
4274 3611
4298 3638
4311 3649
4326 3654
4329 3659
4348 3678
4354 3683
4374 3692
4414 3717
4454 3754
4463 3775
4477 3786
4490 3797
4491 3798
4506 3807
4511 3814
4569 3869
4586 3886
4609 3902
4612 3905
4627 3917
4752 4044
4856 4142
4858 4143
4862 4144
4866 4146
4872 4154
4877 4159
4883 4167
4895 4172
4910 4178
4920 4188
4921 4189
4923 4191
4937 4206
4946 4213
4961 4218
4968 4228
4971 4231
4973 4232
4977 4234
4984 4244
4986 4248
5003 4261
5082 4350
5084 4353
5089 4359
5111 4377
5115 4378
5122 4383
5178 4424
5190 4430
5200 4439
5196 4441
5198 4448
5208 4453
5221 4463
5230 4464
5236 4470
5247 4479
5249 4481
5254 4482
5265 4485
5255 4487
5272 4493
5261 4497
5271 4498
5279 4506
5285 4507
5291 4513
5295 4514
5281 4521
5298 4534
5313 4535
5315 4536
5326 4548
5370 4564
5353 4567
5364 4597
5294 4604
5416 4616
5401 4620
5404 4624
5312 4625
5393 4629
5406 4648
5441 4660
5320 4668
5480 4674
5354 4677
5477 4690
5513 4699
5519 4703
5520 4705
5523 4712
5502 4713
5528 4714
5532 4715
5508 4718
5541 4722
5548 4728
5522 4731
5388 4744
5539 4745
5546 4746
5579 4751
5382 4755
5402 4765
5403 4776
5583 4777
8755 4778
8752 4783
5595 4788
5585 4793
5430 4795
5611 4802
5620 4806
5623 4817
5629 4819
5481 4827
5494 4839
5641 4843
5650 4845
5651 4848
5652 4849
5674 4855
5655 4862
5679 4876
5675 4880
5702 4903
5716 4910
5730 4931
5806 5011
5830 5017
5813 5018
5820 5025
5837 5041
5839 5042
5841 5049
5844 5050
5849 5052
5847 5053
5852 5055
5859 5059
5862 5076
5867 5079
5878 5083
5885 5088
5941 5127
5953 5139
5937 5140
5939 5142
5947 5147
5948 5148
5966 5154
5984 5157
5952 5159
6003 5175
6026 5204
6028 5208
6051 5225
6063 5228
6077 5246
6082 5253
6099 5262
6101 5263
6109 5268
6113 5271
6121 5276
6119 5278
6118 5282
6135 5284
6131 5294
6139 5297
6130 5299
6142 5300
6157 5301
6147 5309
6151 5314
6164 5319
6167 5327
6166 5328
6173 5330
6244 5384
6252 5385
6257 5386
6272 5395
6292 5413
6290 5420
6291 5421
6295 5424
6299 5430
6304 5431
6314 5443
6391 5516
6445 5551
6484 5599
6490 5605
6494 5611
6505 5619
6512 5624
6534 5645
6550 5667
6566 5680
6582 5698
6581 5702
6614 5728
6642 5750
6650 5758
6649 5774
6679 5797
6682 5798
6697 5820
6709 5824
6706 5830
6767 5883
6780 5897
6788 5900
6798 5911
6801 5914
6810 5920
6817 5923
6814 5924
6834 5938
6830 5943
6838 5946
6840 5949
6851 5954
6889 5981
6894 5989
6898 5991
6900 5992
6901 5995
6920 6005
6928 6011
6948 6024
6962 6032
6971 6044
6982 6051
6989 6056
6992 6059
7067 6118
7088 6135
7094 6140
7102 6148
7115 6155
7139 6169
7143 6172
7148 6173
7166 6184
7171 6188
7181 6194
7191 6199
7206 6212
7211 6215
7243 6244
7250 6247
7261 6256
7264 6260
7274 6269
7285 6281
7287 6282
7286 6283
7283 6289
7325 6328
7334 6336
7346 6350
7355 6357
7369 6368
7404 6396
7415 6401
7441 6422
7446 6431
7452 6432
7465 6447
7478 6457
7494 6473
7509 6487
7522 6499
7521 6504
7530 6511
7543 6524
7547 6527
7552 6530
7558 6533
7557 6536
7560 6538
7566 6540
7574 6549
7568 6550
7579 6553
7614 6593
7645 6614
7647 6622
7822 6776
7836 6791
7945 6889
7985 6924
7993 6928
7995 6929
8001 6937
8003 6940
8011 6945
8021 6959
8039 6988
8038 6989
8054 7004
8056 7006
8066 7019
8088 7036
8095 7037
8091 7039
8102 7049
8108 7054
8111 7055
8106 7057
8107 7058
8117 7067
8146 7094
8200 7129
8149 7131
8217 7164
8279 7204
8285 7209
8273 7210
8306 7233
8328 7235
8321 7246
8331 7254
8333 7260
8338 7261
8332 7265
8346 7284
8375 7290
8391 7297
8384 7300
8403 7303
8390 7305
8399 7307
8398 7309
8414 7314
8407 7318
8411 7319
8427 7320
8430 7326
8431 7327
8426 7329
8349 7340
8461 7351
8449 7353
8467 7356
8494 7360
8389 7365
8480 7366
8402 7370
8486 7371
8500 7378
8530 7382
8511 7387
8516 7398
8513 7405
8520 7410
8451 7414
8436 7434
8558 7438
8587 7441
8553 7450
8571 7463
8489 7466
8631 7484
8634 7485
8639 7487
8636 7499
8661 7505
8642 7508
8665 7509
8649 7516
8656 7522
8664 7528
8690 7533
8674 7538
8705 7543
8707 7546
8682 7552
8697 7559
8537 7563
8695 7571
8709 7572
8563 7578
8723 7592
8746 7598
8738 7600
8758 7601
8745 7604
8763 7606
8774 7621
8796 7634
8787 7648
8793 7657
8814 7676
8839 7707
8750 7717
8896 7753
8911 7773
8936 7790
8933 7799
8940 7805
8947 7806
8943 7808
8964 7814
8958 7819
8965 7824
8963 7826
8967 7829
8977 7834
8982 7845
8989 7848
8979 7852
8991 7853
8988 7856
9005 7863
9030 7878
9043 7881
9036 7884
9055 7891
9057 7892
9045 7894
9046 7897
9073 7906
9065 7916
9082 7917
9089 7924
9097 7933
9126 7958
9142 7965
9157 7980
9159 7981
9161 7982
9167 7988
9170 7992
9171 7993
9174 7994
9177 7995
9182 8001
9183 8002
9180 8006
9187 8009
9188 8010
9179 8011
9189 8012
9192 8013
9191 8016
9196 8022
9203 8024
9199 8025
9208 8027
9205 8030
9210 8033
9230 8046
9251 8068
9255 8069
9265 8071
9279 8082
9288 8085
9291 8086
9305 8096
9306 8097
9308 8098
9307 8100
10020 8155
9425 8212
9435 8225
9439 8229
9441 8230
9446 8231
9453 8243
9456 8249
9457 8250
9458 8251
9462 8254
9463 8255
9469 8261
9471 8263
9481 8275
9493 8284
9517 8298
9516 8307
9590 8372
9603 8383
9604 8386
9605 8387
9619 8398
9617 8399
9629 8407
9638 8416
9642 8418
9644 8422
9649 8429
9651 8431
9652 8432
9664 8438
9669 8442
9680 8454
9682 8456
9687 8459
9692 8462
9702 8468
9703 8470
9710 8475
9711 8477
9715 8479
9717 8482
9719 8483
9721 8486
9722 8487
9726 8490
9732 8493
9771 8522
9790 8537
9801 8547
9810 8554
9818 8559
9831 8569
9843 8576
9840 8577
9844 8580
9861 8595
9864 8596
9874 8605
9890 8616
9896 8629
9907 8641
9906 8642
9916 8651
9924 8659
9923 8660
9929 8665
9933 8667
9963 8696
9969 8702
9972 8704
9979 8709
9990 8721
9999 8733
10004 8734
10003 8739
10013 8748
10025 8753
10023 8754
10026 8755
10031 8765
10043 8768
10055 8776
10059 8782
10060 8787
10076 8802
10075 8805
10088 8815
10100 8825
10123 8851
10134 8854
10140 8857
10152 8869
10281 8982
10293 8997
10297 8999
10304 9004
10306 9005
10322 9019
10327 9027
10341 9043
10345 9044
10347 9046
10353 9050
10361 9058
10365 9060
10369 9064
10384 9077
10382 9083
10360 9096
10392 9102
10395 9103
10405 9119
10413 9120
10417 9123
10421 9132
10437 9137
10436 9139
10446 9146
10460 9162
10434 9175
10461 9178
10469 9183
10476 9189
10493 9215
10514 9230
10511 9233
10523 9241
10536 9246
10544 9249
10549 9252
10554 9256
10537 9258
10543 9265
10562 9267
10546 9269
10563 9271
10573 9282
10574 9283
10578 9284
10581 9288
10577 9295
10588 9298
10616 9304
10608 9309
10613 9312
10614 9313
10615 9314
10619 9315
10618 9317
10625 9321
10626 9322
10637 9326
10634 9328
10641 9329
10633 9335
10640 9338
10646 9344
10658 9347
10661 9348
10682 9353
10668 9354
10665 9359
10666 9360
10679 9362
10627 9365
10689 9367
10701 9372
10709 9374
10694 9375
10709 9376
10685 9378
10705 9379
10704 9382
10649 9387
10650 9388
10700 9390
10719 9398
10738 9400
10739 9401
10711 9404
10732 9410
10758 9416
10761 9417
10760 9418
10672 9420
10765 9421
10756 9426
10757 9427
10780 9436
10773 9441
10787 9445
10783 9449
10805 9456
10796 9459
10821 9468
10837 9484
10814 9485
10827 9487
10833 9489
10835 9498
10845 9501
10853 9509
10775 9512
10861 9514
10777 9516
10865 9518
10864 9523
10876 9539
10883 9542
10892 9553
10919 9590
10972 9617
10974 9618
10976 9620
10970 9623
10985 9631
10990 9633
10999 9645
11000 9646
10997 9647
11002 9654
11007 9656
11020 9665
11024 9666
11028 9673
11030 9674
11034 9676
11035 9677
11032 9682
11038 9683
11031 9685
11039 9693
11048 9694
11040 9695
11056 9699
11047 9700
11081 9713
11096 9725
11098 9728
11102 9732
11112 9739
11108 9740
11113 9742
11119 9746
11116 9748
11122 9751
11129 9756
11132 9759
11131 9764
11138 9769
11142 9773
11153 9788
11163 9790
11160 9791
11164 9796
11167 9797
11171 9798
11172 9801
11174 9803
11180 9805
11179 9806
11182 9807
11184 9808
11188 9813
11197 9824
11244 9862
11290 9904
11301 9909
11307 9912
11318 9925
11322 9930
11320 9931
11352 9963
11360 9976
11366 9985
11386 10005
11415 10025
11430 10033
11440 10046
11445 10049
11458 10055
11463 10060
11461 10064
11467 10067
11474 10072
11480 10074
11496 10090
11515 10109
11526 10119
11563 10162
11585 10186
11591 10193
11596 10208
11603 10217
11621 10240
11626 10245
11632 10256
11639 10262
11638 10263
11650 10277
12967 10286
11667 10290
11673 10298
11672 10299
11676 10303
11682 10306
11688 10307
11684 10309
11686 10311
11690 10314
11693 10315
11697 10319
11701 10328
11704 10333
11709 10337
11723 10342
11735 10350
11748 10356
11733 10357
11747 10361
11744 10367
11750 10368
11757 10369
11762 10370
11754 10371
11772 10382
11783 10391
11781 10393
11786 10394
13018 10397
11779 10403
11794 10407
11802 10412
11823 10431
11828 10449
11833 10454
11864 10487
11869 10492
11877 10495
11901 10520
11912 10531
11914 10533
11940 10554
11957 10575
12000 10608
12004 10615
12011 10621
12042 10644
12055 10654
12050 10657
12073 10662
12076 10679
12054 10687
12100 10698
12111 10703
12123 10722
12140 10735
12147 10743
12158 10745
12126 10752
12159 10753
12155 10760
12164 10761
12168 10768
12199 10784
12195 10790
12215 10793
12149 10799
12203 10801
12210 10803
12222 10804
12221 10809
12234 10810
12180 10821
12242 10822
12239 10828
12250 10835
12262 10837
12268 10848
12276 10849
12267 10856
12275 10857
12290 10860
12224 10864
12287 10867
12257 10872
12256 10875
12317 10878
12316 10888
12349 10907
12357 10929
12372 10934
12388 10944
12387 10957
12392 10959
12397 10961
12404 10971
12417 10984
12434 10995
12429 10997
12443 11001
12442 11003
12446 11015
12472 11030
12497 11052
12506 11060
12508 11067
12518 11068
12520 11070
12511 11074
12537 11090
12532 11095
12535 11098
12544 11101
12547 11105
12551 11108
12557 11118
12559 11121
12595 11149
12590 11151
12602 11155
12609 11157
12614 11167
12618 11171
12621 11173
12624 11174
12628 11178
12634 11184
12655 11209
12665 11222
12674 11224
12672 11227
12679 11234
12683 11242
12688 11246
12694 11252
12697 11253
12705 11260
12794 11343
12817 11369
12822 11378
12880 11426
12877 11427
12882 11432
12884 11434
12899 11445
12928 11467
12949 11502
12957 11509
12964 11515
12965 11516
12973 11525
12974 11526
12976 11527
12979 11529
12977 11531
12982 11536
12988 11539
12991 11541
12994 11547
13002 11548
13003 11550
13009 11553
13010 11554
13012 11560
13017 11564
13028 11569
13024 11570
13036 11575
13056 11589
13076 11600
13083 11609
13084 11610
13092 11621
13097 11626
13103 11633
13117 11646
13125 11655
13129 11656
13133 11657
13139 11670
13142 11671
13146 11672
13148 11674
13167 11687
13164 11688
13165 11689
13168 11693
13173 11698
13177 11700
13183 11702
13187 11703
13182 11707
13198 11719
13197 11722
13204 11725
13217 11732
13210 11735
13223 11737
13222 11739
13224 11740
13221 11741
13229 11742
13232 11748
13236 11752
13239 11753
13218 11760
13264 11782
13266 11785
13276 11795
13248 11796
13273 11799
13280 11800
13289 11807
13296 11809
13295 11813
13308 11828
13325 11836
13349 11862
13353 11863
13355 11865
13364 11872
13371 11880
13375 11881
13386 11889
13393 11893
13398 11897
13410 11913
13413 11914
13416 11917
13419 11922
13429 11929
13446 11950
13450 11955
13503 11997
13509 12000
13551 12045
13554 12046
13557 12050
13563 12054
13575 12066
13586 12072
13588 12076
13596 12083
13600 12086
13616 12102
13618 12103
13626 12110
13637 12124
13644 12129
13660 12145
13667 12156
13657 12157
13669 12159
13674 12161
13683 12169
13689 12176
13705 12191
13711 12194
13713 12199
13736 12216
13744 12223
13750 12231
13751 12234
13755 12245
13772 12257
13786 12266
13789 12270
13801 12283
13810 12299
13816 12307
13842 12330
13843 12335
13880 12371
13895 12392
13899 12398
13905 12405
13911 12409
13919 12414
13927 12421
13937 12427
13955 12440
13987 12474
14008 12489
14011 12493
14013 12497
14020 12504
14049 12532
14487 12934
14643 13241
14983 13290
14797 13297
14859 13361
14949 13394
15037 13424
14827 13457
15014 13495
15054 13542
15131 13613
6979 13627
15321 13645
15392 13732
15407 13738
15497 13752
15284 13755
15609 13818
15472 13848
15564 13906
15620 13942
15506 14091
15506 14125
15701 14193
31 38
75
2185 3425
4456 6796
5541 8230
6099 8824
6148 8883
6164 8939
7660 10910
8196 11578
8306 11702
8354 11726
8375 11741
8418 11786
8674 12062
8774 12178
8690 12185
5665 12323
5735 12354
8967 12427
8964 12511
9030 12537
9165 12679
9161 12686
10134 13961
10165 14003
10514 14422
10547 14455
10574 14471
10578 14473
10631 14505
10637 14518
10651 14527
10773 14628
10783 14638
10796 14658
10845 14724
10865 14758
8796 14848
8864 14885
11028 14975
11041 15003
11048 15006
11747 15863
11757 15871
11748 15872
11766 15875
11772 15882
11762 15883
11775 15889
11775 15891
11782 15894
11786 15913
11802 15928
12140 16318
12187 16353
12191 16355
12222 16367
12317 16489
12392 16518
12404 16535
12506 16693
12551 16720
12988 17172
13017 17198
13165 17358
13183 17375
13194 17377
13198 17383
13224 17405
13232 17409
13250 17434
13563 17746
13575 17756
13631 17803
13689 17863
13901 18056
31 42
14
5953 4856
9089 7317
9077 7326
9073 7337
9071 7338
9044 7365
9042 7367
9026 7380
9012 7397
8961 7449
11052 8805
11042 8813
12567 10184
12126 10407
31 47
1946
51 56
63 62
71 71
87 80
99 84
118 96
121 98
127 101
130 102
134 103
138 106
139 107
146 114
147 115
149 116
162 125
167 129
190 137
203 147
209 153
207 154
211 156
218 162
220 163
219 168
228 177
231 181
253 196
256 198
269 212
277 219
278 220
290 230
291 231
295 232
297 237
305 245
371 295
376 298
3522 303
378 307
3534 316
388 317
393 319
509 365
514 368
519 372
525 376
528 381
530 383
532 385
534 387
535 388
542 394
3802 400
595 414
619 425
632 429
641 433
746 484
756 491
766 492
819 520
850 535
858 540
885 553
911 568
914 572
927 581
933 586
945 591
952 597
960 601
988 616
997 620
1011 624
1005 626
1010 627
1019 634
1034 638
1039 647
1051 648
1057 649
1071 658
1087 676
1143 714
1157 721
1194 751
1205 767
1214 773
1235 779
1231 783
1248 794
1269 809
1301 838
1320 852
1326 859
1455 1001
1481 1018
1508 1057
1520 1072
1537 1086
1553 1101
1659 1203
1675 1219
1722 1265
1730 1268
1747 1288
1796 1336
1833 1358
1888 1404
1896 1420
1897 1422
2097 1577
2106 1589
2130 1603
2149 1612
2150 1614
2170 1631
2188 1650
2232 1678
2237 1684
2217 1690
2258 1703
2264 1711
2266 1712
2265 1733
5562 1736
5612 1740
2361 1778
2366 1791
2387 1797
2377 1800
2399 1813
2403 1819
2402 1820
2431 1847
2481 1885
2487 1892
2499 1896
2658 1991
2660 1996
2667 1998
2680 2004
2705 2019
2725 2029
2739 2038
2836 2100
2909 2169
2912 2174
2975 2232
2982 2235
2988 2239
2994 2241
2995 2242
2996 2244
2998 2245
3007 2250
3008 2252
3017 2257
3057 2278
3058 2280
3068 2288
3074 2294
3081 2298
3085 2305
3087 2306
3099 2316
3102 2317
3104 2318
3112 2324
3120 2330
3128 2335
3140 2342
3144 2343
3146 2344
3154 2348
3163 2351
159 2356
3170 2357
3176 2359
3177 2362
3193 2375
3196 2379
3198 2380
3203 2384
3205 2387
3211 2391
3229 2401
3230 2402
3232 2406
3236 2417
3241 2418
3247 2420
3252 2422
3253 2424
3254 2425
3272 2437
3288 2449
3293 2462
3299 2464
3308 2467
3307 2469
3329 2480
3333 2486
3342 2497
3346 2503
3345 2504
3371 2524
3382 2528
3389 2541
3399 2548
3408 2558
3436 2585
3445 2588
3476 2615
3475 2619
3497 2630
3514 2647
3522 2655
3542 2668
3545 2669
3535 2671
3554 2683
3556 2690
3595 2711
3641 2731
3647 2736
3659 2741
3674 2747
3681 2750
3687 2754
3700 2757
3695 2760
3699 2762
3718 2772
3719 2775
3725 2779
3731 2783
3740 2784
3743 2785
3745 2789
3756 2795
3754 2796
3759 2798
3774 2806
3785 2812
3820 2829
3827 2831
3833 2833
3841 2843
3868 2853
3871 2858
3902 2881
3932 2901
3948 2915
3989 2931
4016 2953
4034 2961
4040 2965
4051 2973
4048 2975
4081 3003
4091 3006
4106 3022
4121 3025
4118 3034
4127 3036
4148 3051
4137 3056
4140 3057
4152 3064
4168 3072
4187 3085
4195 3091
4197 3094
4203 3097
4204 3098
4205 3099
4225 3107
4226 3108
4221 3111
4230 3112
4235 3118
4242 3126
4243 3127
4249 3133
4253 3138
4271 3148
4303 3166
4301 3169
4300 3172
4306 3173
4311 3178
4322 3179
4321 3181
4319 3182
4329 3188
4365 3203
4367 3204
4380 3221
4387 3226
4407 3239
4414 3242
4430 3251
4435 3267
4445 3274
4462 3278
4466 3284
4450 3286
4483 3296
4495 3316
4502 3325
4511 3327
4520 3331
4530 3338
4547 3355
4578 3384
4597 3398
4722 3513
4752 3534
4773 3555
4847 3607
4852 3611
4862 3619
4872 3624
4878 3632
4895 3644
4916 3654
4921 3662
4922 3665
4923 3666
4932 3672
4937 3680
4946 3687
4973 3706
5023 3759
5055 3786
5056 3790
5078 3811
5086 3815
5089 3824
5115 3845
5177 3886
5205 3905
5261 3960
5273 3961
5272 3964
5289 3982
5307 3996
5294 4002
5320 4031
5355 4032
5327 4046
5356 4050
5369 4054
5380 4065
5346 4066
5374 4071
5393 4080
5361 4083
5394 4084
5406 4094
5420 4096
5382 4106
5388 4109
5448 4113
5449 4114
5402 4127
5409 4135
5465 4138
5468 4139
5467 4142
5435 4157
5490 4159
5493 4161
5499 4164
5504 4166
5510 4167
5512 4171
5515 4173
5520 4183
5523 4189
5528 4197
5532 4198
5533 4199
5536 4200
5476 4204
5481 4206
5527 4208
5541 4209
5548 4211
5549 4212
5556 4221
5561 4227
5569 4238
5516 4240
5521 4243
5573 4247
5525 4250
5591 4256
5589 4257
5571 4276
5575 4283
5626 4287
5598 4299
5599 4301
5615 4311
5651 4317
5664 4325
5665 4327
5674 4333
5669 4337
5680 4340
5695 4347
5707 4360
5705 4366
5710 4368
5732 4374
5735 4377
5731 4378
5767 4406
5773 4408
5805 4440
5849 4479
5939 4556
5975 4574
6043 4623
6048 4625
6062 4635
6072 4642
6074 4645
6075 4650
6082 4651
6113 4671
6144 4688
6147 4691
6176 4705
6187 4714
6314 4811
6371 4861
6445 4929
6452 4932
6460 4936
6462 4937
6464 4940
6468 4942
6480 4952
6485 4956
6487 4957
6492 4962
6493 4963
6494 4966
6499 4970
6501 4972
6509 4975
6507 4976
6508 4977
6512 4980
6514 4982
6516 4986
6528 4995
6533 4997
6537 5002
6538 5003
6544 5008
6549 5009
6550 5012
6556 5015
6557 5018
6559 5019
6566 5024
6565 5026
6569 5028
6572 5034
6573 5035
6579 5040
6581 5042
6587 5045
6590 5047
6608 5067
6607 5071
6619 5076
6627 5082
6646 5093
6645 5097
6649 5101
6655 5107
6659 5114
6665 5116
6663 5118
6666 5119
6672 5121
6679 5128
6678 5129
6687 5130
6682 5131
6688 5134
6685 5136
6686 5137
6698 5144
6696 5148
6703 5149
6704 5150
6706 5153
6716 5158
6717 5159
6715 5162
6726 5172
6735 5179
6738 5182
6745 5190
6756 5198
6755 5199
6778 5217
6783 5219
6784 5220
6781 5221
6795 5233
6804 5237
6805 5241
6828 5264
6834 5265
6846 5278
6856 5283
6858 5286
6868 5298
6880 5314
6899 5326
6927 5341
6939 5344
6957 5355
6960 5358
6966 5363
6971 5364
6980 5369
6987 5374
7001 5379
7007 5384
7016 5388
7025 5394
7046 5402
7040 5403
7053 5408
7057 5410
7058 5411
7062 5415
7068 5418
7076 5424
7083 5427
7088 5431
7139 5458
7143 5460
7173 5471
7181 5475
7183 5476
7192 5483
7195 5484
7198 5486
7199 5487
7210 5493
7208 5494
7216 5495
7221 5498
7235 5510
7255 5514
7252 5518
7261 5523
7264 5526
7287 5539
7291 5541
7283 5544
7297 5548
7293 5550
7311 5565
7317 5570
7319 5572
7325 5575
7334 5580
7341 5584
7345 5590
7346 5591
7356 5592
7350 5593
7355 5596
7353 5598
7357 5599
7358 5600
7363 5602
7372 5608
7392 5622
7404 5626
7410 5627
7412 5629
7415 5631
7420 5635
7430 5645
7441 5646
7453 5649
7445 5655
7447 5656
7456 5658
7454 5659
7463 5666
7477 5667
7472 5673
7475 5676
7486 5677
7481 5681
7482 5682
7493 5685
7498 5688
7495 5692
7492 5693
7497 5695
7514 5704
7504 5705
7516 5712
7527 5715
7526 5719
7542 5721
7534 5722
7533 5724
7543 5729
7547 5732
7552 5733
7554 5735
7555 5736
7557 5739
7558 5740
7564 5742
7572 5749
7568 5750
7574 5751
7580 5757
7584 5762
7592 5770
7617 5785
7610 5792
7641 5813
7645 5817
7676 5848
7686 5852
7688 5865
7705 5875
7716 5886
7822 5988
7834 6004
7836 6007
7848 6017
7867 6041
7882 6055
7945 6114
7963 6127
7971 6136
7986 6151
7985 6153
7995 6158
8007 6163
8011 6174
8031 6193
8039 6202
8056 6220
8068 6230
8066 6233
8082 6235
8088 6254
8099 6256
8104 6262
8107 6275
8119 6277
8106 6278
8120 6279
8117 6284
8126 6285
8140 6302
8144 6304
8155 6316
8166 6322
8149 6323
8171 6333
8195 6347
8197 6351
8201 6355
8215 6369
8223 6381
8229 6383
8243 6396
8244 6397
8254 6399
8253 6402
8261 6409
8273 6421
8279 6425
8282 6430
8289 6435
8302 6446
8320 6455
8313 6458
8326 6466
8328 6469
8332 6484
8346 6497
8363 6499
8371 6507
8365 6508
8380 6521
8392 6523
8398 6529
8407 6540
8427 6546
8395 6548
8433 6550
8434 6551
8426 6552
8445 6560
8447 6562
8441 6567
8423 6569
8453 6570
8449 6571
8436 6582
8451 6586
8473 6590
8485 6595
8480 6598
8494 6600
8475 6606
8515 6613
8489 6619
8511 6620
8513 6632
8529 6636
8536 6643
8541 6649
8502 6653
8538 6657
8535 6661
8553 6673
8576 6682
8577 6683
8571 6690
8584 6692
8589 6698
8596 6703
8608 6707
8550 6709
8613 6714
8615 6719
8616 6720
8614 6722
8572 6725
8626 6730
8570 6731
8627 6733
8632 6735
8631 6738
8634 6739
8639 6740
8645 6749
8653 6754
8654 6755
8661 6757
8662 6758
8663 6759
8667 6764
8665 6765
8628 6777
8675 6778
8677 6779
8676 6780
8638 6781
8679 6782
8637 6784
8686 6785
8691 6787
8689 6791
8694 6793
8647 6797
8648 6802
8705 6804
8704 6806
8707 6807
8697 6811
8711 6812
8716 6820
8670 6821
8721 6825
8726 6826
8725 6829
8739 6842
8692 6843
8755 6845
8752 6846
8754 6847
8761 6848
8746 6853
8772 6863
8737 6873
8741 6874
8783 6887
8765 6890
8792 6892
8787 6893
8796 6898
8793 6899
8798 6900
8807 6906
8813 6910
8812 6912
8820 6913
8822 6918
8826 6919
8835 6929
8844 6930
8846 6934
8855 6941
8864 6952
8859 6955
8865 6956
8876 6962
8888 6968
8895 6979
8904 6984
8936 7017
8940 7023
8963 7042
8967 7045
8982 7058
8991 7070
9010 7083
9044 7106
9045 7108
9046 7110
9060 7111
9057 7112
9058 7114
9063 7116
9074 7122
9065 7123
9075 7124
9092 7136
9128 7156
9126 7157
9138 7162
9139 7164
9142 7165
9137 7167
9146 7170
9159 7177
9174 7187
9183 7193
9188 7196
9189 7200
9205 7214
9210 7216
9212 7217
9219 7220
9223 7225
9241 7235
9264 7257
9291 7274
9306 7286
9320 7298
9359 7335
9388 7364
9391 7367
9392 7368
9393 7370
9397 7372
9406 7377
9412 7378
9414 7380
9416 7382
9418 7383
9426 7386
9428 7389
9432 7393
9434 7395
9436 7397
9439 7399
9441 7400
9443 7401
9444 7402
9448 7403
9450 7406
9453 7407
9454 7408
9456 7409
9458 7411
9457 7413
9461 7414
9462 7416
9469 7420
9476 7429
9480 7431
9483 7433
9486 7436
9493 7442
9492 7445
9516 7456
9523 7462
9528 7469
9529 7470
9535 7474
9536 7475
9539 7476
9541 7479
9543 7482
9556 7492
9561 7500
9573 7508
9576 7510
9610 7538
9602 7539
9619 7550
9620 7551
9629 7558
9634 7568
9651 7576
9697 7615
9698 7616
9703 7621
9714 7629
9721 7633
9725 7637
9738 7644
9741 7647
9746 7649
9749 7650
9753 7653
9755 7655
9763 7659
9771 7663
9776 7664
9780 7667
9788 7671
9795 7673
9794 7674
9817 7684
9815 7685
9828 7690
9830 7692
9835 7693
9838 7697
9844 7699
9851 7704
9852 7705
9866 7709
9861 7710
9869 7712
9872 7714
9874 7715
9873 7717
9891 7727
9895 7728
9897 7729
9896 7730
9899 7732
9903 7734
9906 7737
9907 7738
9909 7740
9911 7741
9912 7742
9917 7743
9915 7745
9914 7746
9919 7747
9920 7748
9924 7749
9927 7750
9928 7751
9946 7759
9947 7760
9951 7762
9950 7763
9958 7764
9954 7765
9966 7769
9965 7771
9967 7772
9964 7775
9969 7776
9970 7778
9972 7780
9977 7781
9979 7783
9981 7785
9982 7787
9990 7789
9985 7790
9995 7794
9993 7796
9994 7797
9999 7801
10008 7802
10004 7804
10007 7806
10001 7808
10003 7809
10018 7813
10011 7814
10013 7815
10017 7818
10023 7819
10030 7825
10027 7826
10029 7827
10032 7828
10031 7829
10038 7831
10040 7833
10035 7835
10043 7836
10046 7838
10047 7841
10048 7842
10055 7843
10059 7846
10061 7848
10071 7855
10081 7863
10076 7865
10075 7866
10092 7874
10100 7880
10108 7887
10128 7900
10134 7905
10144 7918
10153 7920
10165 7933
10171 7940
10172 7941
10188 7959
10191 7960
10190 7961
10196 7967
10197 7968
10207 7980
10209 7981
10211 7983
10220 7992
10242 8009
10248 8020
10260 8032
10269 8039
10272 8041
10293 8062
10297 8066
10306 8076
10315 8081
10323 8085
10331 8090
10327 8091
10338 8101
10341 8109
10346 8111
10345 8112
10354 8114
10353 8119
10367 8129
10361 8131
10365 8135
10360 8136
10369 8139
10375 8140
10384 8153
10386 8154
10382 8155
10392 8165
10395 8170
10404 8178
10409 8179
10413 8187
10425 8195
10421 8197
10431 8198
10432 8199
10420 8201
10440 8210
10441 8211
10434 8212
10446 8217
10447 8220
10448 8221
10450 8222
10454 8228
10455 8229
10460 8236
10465 8243
10474 8250
10473 8251
10476 8255
10478 8256
10487 8261
10491 8265
10494 8267
10504 8276
10514 8287
10523 8298
10543 8316
10549 8318
10553 8321
10554 8322
10546 8324
10561 8333
10562 8335
10563 8336
10564 8337
10575 8342
10582 8344
10585 8351
10594 8353
10594 8358
10571 8361
10609 8367
10608 8373
10592 8379
10625 8385
10626 8386
10635 8390
10638 8393
10642 8395
10645 8398
10670 8416
10668 8418
10682 8423
10662 8426
10679 8430
10690 8432
10689 8434
10691 8436
10672 8439
10685 8440
10694 8444
10698 8446
10701 8452
10705 8454
10700 8459
10709 8461
10696 8467
10715 8470
10722 8476
10734 8486
10738 8489
10739 8490
10731 8491
10748 8495
10743 8496
10744 8497
10749 8498
10747 8500
10758 8506
10717 8509
10760 8512
10761 8513
10764 8517
10765 8518
10770 8522
10780 8525
10751 8528
10787 8539
10797 8544
10775 8549
10804 8551
10805 8552
10777 8553
10803 8554
10809 8556
10817 8560
10818 8561
10816 8565
10821 8566
10830 8569
10795 8570
10829 8572
10827 8575
10837 8577
10843 8584
10846 8586
10852 8587
10845 8589
10854 8593
10834 8595
10861 8600
10864 8604
10874 8612
10873 8615
10878 8618
10880 8619
10876 8621
10879 8622
10883 8624
10885 8626
10892 8632
10897 8633
10899 8636
10910 8643
10908 8644
10916 8652
10918 8653
10921 8656
10922 8657
10925 8658
10937 8668
10934 8669
10947 8676
10975 8702
10974 8703
10976 8705
10990 8713
10995 8718
10997 8721
10999 8722
11007 8727
11020 8736
11021 8737
11024 8739
11030 8745
11034 8747
11035 8751
11031 8752
11038 8753
11039 8757
11042 8758
11046 8760
11047 8763
11056 8767
11071 8772
11077 8776
11081 8778
11096 8785
11112 8795
11113 8797
11122 8804
11142 8816
11145 8818
11157 8825
11162 8828
11164 8829
11167 8831
11179 8837
11182 8839
11188 8841
11243 8883
11244 8885
11254 8894
11272 8911
11277 8917
11279 8919
11288 8921
11289 8923
11293 8924
11294 8925
11298 8929
11299 8931
11306 8935
11308 8936
11311 8937
11312 8939
11316 8941
11318 8944
11320 8946
11322 8947
11326 8952
11331 8956
11333 8963
11339 8970
11345 8972
11348 8976
11351 8978
11355 8981
11360 8987
11365 8988
11363 8989
11364 8990
11366 8992
11370 8996
11374 8998
11372 8999
11381 9006
11383 9010
11386 9013
11387 9014
11389 9015
11390 9016
11391 9018
11395 9024
11399 9025
11398 9029
11415 9042
11425 9049
11433 9058
11438 9060
11443 9064
11440 9065
11446 9066
11447 9070
11452 9074
11454 9076
11457 9079
11463 9085
11469 9089
11473 9095
11476 9100
11480 9106
11507 9123
11516 9127
11523 9132
11527 9135
11528 9137
11529 9138
11546 9155
11549 9162
11561 9170
11564 9172
11596 9189
11598 9191
11612 9199
11625 9206
11623 9209
11626 9210
11634 9218
11639 9219
11647 9224
11648 9226
11650 9230
11651 9231
11656 9236
11658 9238
11661 9239
11663 9240
11662 9241
11667 9245
11673 9247
11676 9250
11682 9256
11688 9258
11684 9260
11693 9265
11701 9271
11708 9278
11704 9279
11718 9284
11716 9286
11723 9289
11726 9293
11734 9298
11735 9300
11729 9302
11739 9305
11740 9306
11748 9307
11752 9308
11747 9311
11744 9313
11750 9314
11758 9315
11754 9317
11762 9320
11772 9330
11786 9346
11789 9348
11788 9351
11798 9354
11794 9358
11790 9363
11805 9369
11812 9387
11811 9388
11818 9390
11817 9393
11816 9394
11822 9398
11823 9399
11831 9402
11833 9406
11828 9407
11837 9411
11851 9426
11857 9428
11862 9435
11860 9436
11864 9442
11869 9446
11877 9448
11880 9449
11876 9450
11881 9451
11894 9464
11901 9470
11910 9479
11912 9484
11921 9488
11917 9489
11931 9497
11933 9498
11929 9500
11954 9510
11955 9511
11960 9513
11957 9516
11958 9517
12007 9561
12017 9567
12018 9568
12011 9570
12019 9577
12024 9578
12026 9579
12023 9580
12038 9593
12033 9594
12045 9595
12040 9597
12044 9599
12047 9601
12048 9602
12042 9604
12053 9606
12050 9608
12055 9610
12059 9613
12064 9616
12073 9621
12066 9622
12084 9628
12087 9634
12089 9636
12088 9637
12096 9645
12097 9646
12098 9647
12109 9658
12111 9660
12120 9668
12124 9675
12123 9679
12140 9700
12153 9706
12147 9708
12158 9713
12169 9718
12164 9721
12171 9723
12168 9724
12170 9726
12173 9729
12174 9730
12182 9734
12183 9735
12192 9744
12201 9752
12215 9761
12213 9766
12220 9767
12197 9770
12236 9777
12229 9779
12234 9780
12244 9784
12246 9785
12251 9786
12252 9787
12262 9800
12266 9803
12270 9809
12263 9811
12276 9812
12279 9814
12283 9818
12269 9820
12285 9823
12290 9824
12293 9827
12299 9829
12298 9831
12299 9832
12304 9833
12301 9836
12317 9844
12316 9847
12324 9852
12332 9858
12337 9860
12342 9864
12312 9868
12346 9873
12347 9874
12349 9875
12352 9881
12359 9886
12360 9887
12373 9893
12354 9897
12356 9899
12362 9901
12388 9907
12390 9908
12389 9911
12387 9912
12397 9919
12398 9920
12401 9921
12406 9928
12409 9929
12399 9936
12416 9938
12417 9941
12420 9943
12421 9944
12425 9945
12427 9948
12426 9949
12428 9950
12435 9957
12439 9959
12445 9960
12444 9961
12455 9975
12457 9976
12472 9988
12474 9989
12469 9991
12478 9994
12485 10002
12497 10010
12498 10011
12499 10013
12502 10016
12506 10020
12508 10021
12510 10022
12513 10024
12512 10026
12518 10028
12520 10029
12522 10030
12530 10038
12533 10039
12532 10040
12537 10045
12542 10046
12542 10047
12540 10048
12551 10055
12590 10081
12621 10096
12624 10098
12628 10102
12648 10118
12655 10126
12665 10132
12674 10139
12678 10146
12700 10165
12705 10172
12770 10231
12782 10237
12783 10238
12785 10241
12786 10243
12789 10245
12792 10246
12791 10248
12793 10249
12794 10250
12796 10253
12799 10256
12804 10262
12808 10265
12810 10268
12812 10271
12814 10272
12817 10273
12819 10275
12816 10276
12818 10278
12821 10279
12822 10281
12823 10282
12827 10285
12830 10287
12832 10289
12833 10290
12836 10294
12838 10295
12844 10301
12846 10303
12845 10305
12847 10306
12849 10307
12850 10308
12851 10309
12855 10313
12856 10315
12859 10318
12865 10320
12863 10322
12864 10323
12867 10326
12874 10330
12880 10333
12878 10334
12882 10337
12884 10338
12883 10339
12911 10359
12947 10381
12957 10387
12955 10388
12960 10389
12961 10390
12963 10391
12966 10392
12965 10393
12967 10394
12968 10395
12971 10398
12973 10399
12976 10401
12977 10403
12979 10404
12981 10406
12988 10411
12993 10417
12995 10418
12994 10420
12997 10422
12998 10423
13003 10425
13009 10429
13008 10432
13018 10438
13017 10442
13020 10445
13021 10446
13024 10449
13028 10452
13029 10455
13030 10456
13034 10457
13036 10459
13042 10463
13045 10464
13044 10466
13049 10468
13056 10478
13060 10481
13062 10485
13063 10486
13069 10490
13081 10504
13083 10506
13091 10515
13095 10519
13103 10524
13109 10527
13112 10528
13111 10529
13116 10532
13117 10533
13119 10534
13120 10535
13122 10537
13127 10544
13131 10545
13135 10551
13141 10555
13143 10557
13146 10560
13145 10561
13149 10562
13148 10565
13158 10568
13159 10569
13164 10576
13167 10577
13172 10584
13177 10594
13187 10597
13190 10600
13199 10607
13205 10612
13211 10616
13200 10619
13214 10621
13216 10623
13217 10624
13223 10626
13224 10628
13230 10630
13229 10634
13233 10637
13234 10638
13235 10640
13240 10641
13239 10643
13246 10647
13245 10649
13244 10652
13255 10658
13248 10665
13262 10666
13267 10668
13278 10674
13282 10681
13290 10685
13289 10687
13293 10690
13295 10691
13299 10696
13306 10698
13305 10699
13309 10701
13308 10703
13313 10705
13314 10706
13312 10707
13318 10710
13320 10712
13319 10714
13325 10717
13326 10718
13327 10720
13331 10722
13330 10723
13336 10726
13343 10729
13352 10734
13355 10736
13377 10747
13386 10757
13410 10774
13416 10779
13427 10788
13445 10805
13446 10807
13449 10808
13453 10812
13455 10814
13457 10815
13460 10818
13459 10819
13463 10820
13464 10821
13466 10823
13467 10824
13468 10826
13470 10828
13471 10830
13472 10831
13474 10832
13476 10833
13478 10835
13479 10836
13481 10838
13483 10839
13484 10840
13485 10841
13486 10843
13489 10846
13490 10847
13493 10848
13495 10850
13520 10869
13522 10871
13528 10873
13546 10887
13551 10890
13554 10891
13557 10893
13563 10897
13569 10902
13571 10904
13575 10909
13576 10914
13586 10917
13589 10920
13591 10925
13593 10926
13606 10940
13614 10945
13613 10947
13616 10951
13619 10952
13622 10955
13626 10958
13630 10963
13636 10971
13644 10978
13652 10986
13660 10993
13657 10995
13662 10996
13664 10997
13667 11002
13669 11004
13674 11008
13675 11009
13683 11013
13689 11021
13693 11024
13697 11028
13702 11032
13705 11035
13712 11042
13711 11044
13713 11045
13714 11046
13717 11047
13721 11050
13720 11052
13723 11053
13726 11054
13728 11056
13729 11058
13730 11059
13735 11061
13736 11067
13738 11068
13741 11070
13740 11071
13744 11075
13746 11076
13750 11079
13751 11081
13755 11086
13756 11087
13759 11088
13761 11092
13764 11093
13765 11094
13769 11099
13771 11101
13777 11103
13776 11105
13782 11108
13780 11109
13786 11113
13787 11114
13789 11118
13794 11122
13798 11123
13799 11124
13801 11125
13800 11126
13802 11128
13804 11129
13816 11140
13823 11146
13831 11155
13834 11157
13838 11161
13843 11171
13855 11175
13857 11191
13864 11197
13868 11200
13869 11201
13874 11205
13879 11210
13885 11218
13886 11219
13897 11227
13898 11229
13899 11230
13902 11237
13907 11242
13908 11243
13909 11244
13914 11248
13919 11254
13920 11255
13921 11256
13922 11257
13924 11259
13925 11260
13927 11262
13929 11264
13932 11267
13931 11268
13934 11269
13937 11271
13941 11276
13947 11280
13956 11289
13957 11292
13960 11295
13961 11296
13964 11299
13967 11302
13971 11305
13974 11308
13976 11310
13978 11312
14007 11338
14009 11339
14010 11340
14011 11341
14012 11343
14018 11350
14020 11353
14021 11354
14025 11359
14029 11366
14030 11367
14031 11369
14049 11385
14100 11407
14377 11537
14859 11898
14915 12200
14979 12270
15439 12271
15036 12275
14982 12277
15031 12291
15037 12292
15089 12317
15053 12322
15267 12378
15131 12386
15123 12396
15185 12407
15321 12421
15209 12486
15284 12495
15318 12508
15326 12539
15036 12574
15390 12578
15346 12594
15385 12609
15506 12613
15510 12625
15486 12626
15511 12627
15472 12637
15517 12695
15564 12704
15411 12732
15578 12736
15380 12765
31 51
13
2575 2177
2534 2200
5931 5301
5921 5321
9089 7796
9055 7836
9044 7853
9026 7873
11052 9372
11042 9378
11034 9396
12567 10681
9012 13392
32 36
30
1436 46
1521 1507
1527 1519
165 1620
1627 1638
1647 1648
1822 1832
2076 2030
2167 2080
2174 2085
2193 2099
2204 2109
2910 2711
2935 2725
2945 2732
3040 2812
3911 3976
4159 4147
4169 4152
4181 4160
4197 4175
4756 4698
5446 5565
5559 5671
5572 5676
5582 5690
5864 5973
6364 6555
6645 6773
5559 9193
32 46
199
122 103
226 223
405 344
494 442
504 447
760 649
918 789
924 802
1109 1014
1183 1138
1483 1561
1521 1586
1518 1595
1527 1600
1546 1630
1567 1648
165 1703
1647 1729
1664 1773
1672 1781
1673 1783
1679 1794
1728 1845
1745 1876
1822 1933
1821 1948
1855 1969
1868 1982
1994 2129
2078 2162
2117 2194
2173 2246
2179 2249
2193 2261
2284 2356
2404 2421
2405 2443
2455 2470
2541 2535
816 2580
2868 2842
1082 2858
2896 2864
2910 2880
2945 2907
3040 2993
3050 3004
3071 3025
1200 3045
3562 3750
3565 3753
3567 3756
3569 3758
3606 3793
3610 3794
3631 3805
3614 3806
3642 3843
3664 3860
3727 3946
3742 3960
3740 3963
3761 3978
3763 3984
3790 4012
3793 4013
3792 4014
3808 4028
3860 4058
3866 4064
3871 4073
3898 4098
3911 4108
3925 4121
3928 4143
4009 4212
4159 4301
4169 4306
4175 4309
4197 4325
4242 4372
4266 4388
4279 4393
4300 4410
4426 4506
4732 4812
4756 4824
4897 4980
5393 5625
5394 5626
5396 5627
5405 5636
5408 5638
5416 5649
5429 5660
5446 5680
5486 5722
5489 5725
5488 5726
5494 5738
5501 5745
5510 5751
5537 5778
5545 5780
5559 5789
5565 5791
5572 5797
5568 5801
5590 5814
5605 5823
5664 5863
5688 5876
5697 5883
5708 5891
5724 5895
5725 5896
5734 5904
5736 5909
5739 5910
5741 5915
5746 5922
5763 5937
5789 5952
5851 6022
5864 6040
4671 6077
5950 6113
5172 6390
6330 6551
6331 6552
6345 6564
6347 6565
6338 6568
6343 6572
6364 6585
6398 6630
6407 6635
6422 6647
6424 6648
6425 6650
6443 6660
6435 6662
6447 6666
6461 6675
6478 6683
6482 6685
6511 6697
6520 6702
6539 6709
8996 6718
6562 6723
6570 6726
6574 6733
6591 6739
6586 6740
6595 6742
6612 6752
6617 6756
6616 6757
6631 6764
6637 6771
6645 6778
6643 6780
6651 6784
6655 6785
6654 6786
6657 6789
6662 6799
6672 6807
6678 6815
6720 6860
6270 6885
7202 7407
7205 7412
7250 7455
7265 7473
7272 7478
7284 7486
7283 7487
7293 7490
7291 7491
7308 7502
7316 7507
7318 7508
7322 7509
7327 7514
7328 7515
7333 7522
7338 7526
7340 7530
7347 7534
7353 7539
7356 7542
7631 7850
7632 7851
7647 7860
7667 7886
7671 7895
8265 8585
33 34
265
47 40
71 64
1862 70
84 76
92 80
98 90
104 98
113 103
1942 109
130 112
133 114
1961 118
141 119
148 123
165 140
2007 149
184 169
222 196
235 217
293 266
470 517
559 656
565 669
734 886
912 1071
974 1133
991 1152
1029 1205
1065 1241
1086 1265
1087 1267
1125 1302
1158 1318
1173 1328
1174 1331
1823 2025
1825 2028
1869 2068
1909 2104
1912 2107
1915 2109
1919 2113
1923 2117
1930 2121
1931 2126
1938 2135
1955 2153
1956 2154
1964 2166
1971 2177
1974 2178
1973 2179
1979 2185
1975 2186
1980 2187
1976 2188
1982 2189
1983 2191
1986 2194
1992 2201
2027 2253
2034 2262
2173 2431
2378 2740
2392 2754
2563 2970
2577 2987
2718 3168
654 3195
2738 3197
658 3208
2758 3219
661 3222
2834 3338
2855 3345
2869 3363
719 3364
2909 3409
2912 3411
2923 3430
2928 3437
2944 3452
3009 3549
3120 3664
3207 3767
986 3814
3248 3823
3269 3854
1009 3857
3300 3891
3321 3940
3341 3968
1064 3980
1077 3998
1082 3999
3407 4054
3421 4076
1154 4093
1170 4111
3453 4118
3988 4657
4093 4767
4326 5036
4328 5038
4357 5065
4373 5074
4372 5075
4381 5080
4396 5095
4401 5101
4406 5106
4410 5109
4416 5114
4428 5124
4425 5125
4429 5128
4438 5140
4440 5141
4446 5152
4452 5159
4465 5170
4458 5173
4464 5175
4470 5176
6530 5238
4520 5239
4530 5254
4549 5278
4552 5281
4559 5293
4566 5298
4569 5306
4594 5327
4621 5353
2146 5354
4777 5565
4781 5567
4837 5639
4858 5663
4869 5683
4871 5684
5075 5927
5109 5963
5257 6137
5448 6322
5455 6330
5461 6334
5475 6348
3287 6453
5638 6572
5641 6578
5644 6582
5655 6593
6248 7174
6378 7336
6424 7401
6440 7419
6451 7423
6458 7427
6461 7431
6470 7440
6468 7441
6471 7443
6475 7445
6479 7450
6480 7452
6502 7474
6501 7475
6515 7484
6514 7486
6520 7491
6553 7528
6577 7547
6596 7564
6908 7939
6978 8008
7128 8171
7384 8410
7485 8533
7492 8546
7596 8662
7601 8663
7615 8677
7622 8683
7621 8684
7629 8689
7635 8696
7637 8698
7645 8704
7646 8707
7649 8710
7650 8715
7657 8724
7666 8735
7667 8736
7668 8737
7669 8738
7670 8741
7677 8746
7680 8749
7687 8760
7692 8768
7693 8769
7705 8784
7709 8789
7716 8795
7717 8796
7719 8799
7730 8805
7733 8810
7754 8826
8026 9128
8067 9183
8479 9648
8543 9702
8564 9723
8589 9750
8596 9759
8630 9800
8636 9804
8638 9806
8690 9870
8694 9875
8701 9884
8704 9888
8705 9890
8709 9896
8707 9897
8711 9899
8717 9904
8721 9907
8725 9910
8727 9914
8735 9930
8740 9933
8754 9941
9076 10326
9122 10383
9128 10388
9131 10395
9135 10403
9136 10404
9139 10406
9144 10411
9148 10415
9149 10420
9156 10429
9185 10461
9187 10464
9188 10465
9190 10468
9238 10528
9274 10575
9340 10648
9458 10779
9515 10848
9524 10857
9525 10858
9532 10864
9538 10871
9545 10883
9548 10884
9549 10885
9698 11072
10685 12592
33 35
1316
2 0
5 5
20 22
21 23
25 26
24 27
33 39
32 41
39 45
47 48
50 51
56 57
68 65
79 81
98 99
108 103
148 136
150 139
165 146
166 147
172 151
173 152
177 154
182 160
184 161
185 162
189 165
224 196
227 200
235 207
242 214
243 215
262 236
264 240
268 245
272 248
273 249
279 253
292 265
293 267
295 268
296 270
321 304
327 305
328 311
333 313
353 334
356 341
358 343
362 349
371 361
389 389
408 405
412 409
427 424
437 432
452 452
466 466
482 471
485 480
521 505
2469 506
526 510
559 536
620 597
636 614
646 617
637 620
644 622
651 625
657 631
666 639
668 644
682 666
679 667
691 670
686 673
707 686
709 690
705 693
714 701
720 703
715 704
723 712
727 718
731 723
732 725
739 729
748 740
758 748
772 756
765 758
776 771
789 778
790 783
795 784
811 794
818 802
823 804
826 807
829 811
855 835
866 844
872 845
877 857
881 859
898 876
908 885
928 896
957 927
961 931
962 932
968 937
969 938
967 940
975 948
999 969
1008 971
1009 982
1021 984
1025 993
1031 1001
1029 1006
1049 1018
1050 1021
1046 1023
1055 1026
1053 1028
1056 1034
1082 1049
1086 1054
1091 1057
1113 1075
1114 1084
1125 1092
1124 1094
1127 1095
1144 1108
1165 1112
1155 1113
1160 1115
1154 1117
1158 1118
1159 1119
1157 1121
1163 1123
1162 1124
1168 1125
1174 1134
1176 1135
1202 1155
1218 1173
1230 1183
1236 1193
1253 1212
1260 1222
1263 1225
1264 1226
1265 1227
1266 1228
1268 1232
1269 1233
1277 1238
1278 1240
1320 1286
1396 1370
1404 1380
1424 1398
1437 1418
1455 1436
1466 1448
4109 1633
1747 1703
1764 1731
1789 1749
1791 1751
1802 1764
1806 1767
1828 1803
1830 1804
1832 1805
1835 1810
1845 1820
1869 1833
1873 1835
1883 1841
1897 1856
1903 1862
1909 1866
1911 1869
1912 1871
1915 1875
1923 1882
1925 1884
1930 1890
1939 1900
1954 1913
1964 1923
1963 1926
1969 1935
1982 1950
2000 1970
2027 1991
2033 1999
2037 2001
2053 2014
2059 2020
2079 2033
2101 2057
2109 2063
2136 2090
2142 2093
2140 2094
2143 2096
2141 2097
2148 2107
2132 2115
2173 2121
2189 2165
2206 2182
2229 2185
2236 2193
2220 2194
2230 2199
2255 2217
2271 2234
2275 2246
2291 2255
2287 2260
2300 2271
2304 2274
2311 2283
2319 2292
2339 2315
2372 2326
2370 2331
2376 2333
2392 2340
2381 2343
2387 2348
2410 2357
2408 2358
2432 2378
2442 2379
2448 2393
2471 2409
2486 2420
2487 2424
2505 2433
2509 2436
2511 2437
2517 2443
2518 2444
2527 2453
2549 2466
2560 2470
2563 2473
2577 2484
2587 2495
2599 2504
2684 2568
2690 2574
2694 2577
2707 2592
2714 2593
2713 2595
2717 2597
2718 2598
2724 2603
2725 2604
2727 2606
2730 2612
2729 2614
2741 2620
2738 2621
2746 2628
2750 2630
2749 2632
2756 2637
2757 2640
2765 2650
2772 2651
2776 2656
2778 2661
2787 2666
2800 2673
2798 2678
2816 2685
2810 2689
2820 2690
2813 2691
2822 2695
2821 2696
2834 2702
2850 2718
2852 2723
2855 2726
2860 2731
2866 2732
2859 2734
2865 2736
2867 2737
2876 2747
2879 2748
2882 2753
2889 2755
2888 2756
2894 2758
2900 2765
2903 2766
2899 2769
2901 2770
2909 2772
2912 2778
2916 2781
2918 2786
2923 2793
2927 2797
2928 2798
2932 2803
2946 2806
2944 2808
2953 2821
2980 2835
2987 2845
2985 2847
2988 2849
2992 2852
2993 2854
3010 2868
3018 2881
3038 2894
3046 2900
3054 2912
3061 2916
3068 2922
3071 2929
3065 2932
3097 2945
3088 2951
3100 2954
3101 2956
3102 2957
3106 2960
3108 2967
3115 2970
3128 2979
3129 2983
3126 2985
3144 2996
3166 3006
3164 3009
3170 3010
3162 3015
3178 3016
3180 3020
3195 3026
3193 3028
3201 3034
3196 3035
3192 3036
3220 3048
3212 3054
3227 3056
3234 3057
3226 3064
3243 3066
3238 3069
3256 3075
3245 3076
3254 3078
3261 3088
3266 3089
3263 3092
3278 3093
3270 3094
3277 3096
3276 3102
3269 3103
3280 3107
3281 3108
3287 3111
3297 3116
3300 3118
3299 3121
3295 3122
3296 3123
3307 3130
3321 3139
3322 3141
3331 3143
3352 3154
3341 3158
3346 3160
1064 3163
3359 3166
3364 3178
3376 3184
3375 3188
3383 3198
3395 3206
3404 3207
3409 3210
3407 3214
3408 3215
3419 3221
3423 3225
3429 3226
3424 3227
3430 3230
3431 3231
3441 3242
3444 3248
3454 3252
3450 3254
3453 3256
3464 3269
3476 3279
3487 3292
3495 3300
3498 3307
3506 3314
3509 3317
3515 3322
3514 3325
3518 3326
3517 3329
3522 3333
3537 3352
3546 3361
3551 3367
3565 3381
3567 3386
3572 3391
3573 3392
3574 3395
3575 3396
3583 3407
3586 3412
3597 3426
3603 3430
3614 3438
3620 3447
3643 3476
3660 3484
3672 3496
3673 3500
3707 3533
3768 3598
3778 3606
3783 3611
3914 3747
4108 3934
4112 3941
4114 3944
4116 3945
1746 4068
4240 4077
4320 4132
4329 4138
4328 4143
4332 4146
4339 4151
4357 4163
4361 4164
4365 4167
4369 4168
4372 4171
4373 4172
4381 4175
4392 4183
4401 4194
4406 4199
4407 4202
4416 4213
4419 4214
4420 4215
4425 4224
4429 4226
4433 4229
4438 4236
4440 4237
4446 4240
4465 4263
4472 4266
4481 4275
4484 4276
4500 4290
4504 4291
4506 4293
4512 4298
4520 4305
4524 4307
4540 4321
4566 4339
4569 4342
4582 4349
4585 4355
4586 4357
4588 4358
4594 4361
4596 4365
4599 4369
4605 4375
4610 4378
4613 4381
4617 4382
4621 4385
4624 4387
4631 4392
4633 4396
4609 4397
4611 4399
4636 4400
4618 4403
4634 4417
4645 4423
4666 4431
4654 4437
4661 4443
4691 4454
4675 4455
4676 4456
4688 4467
4695 4468
4702 4477
4703 4478
4716 4494
4730 4507
4752 4516
4783 4544
4799 4558
4816 4573
4837 4583
4849 4597
4851 4598
4858 4602
4856 4608
4871 4611
4879 4625
4890 4633
4894 4636
4906 4649
4924 4663
4926 4666
4927 4668
4941 4678
4957 4690
4964 4695
4983 4709
4979 4711
4998 4721
5024 4757
5034 4766
5056 4779
5081 4804
5090 4808
5097 4812
5096 4821
5109 4827
5114 4831
5116 4834
5122 4835
5119 4836
5118 4839
5135 4845
5131 4846
5138 4849
5139 4850
5140 4851
5141 4852
5143 4855
5147 4866
5153 4867
5161 4873
5164 4874
5162 4875
5170 4880
5171 4881
5168 4884
5174 4885
5178 4888
5190 4892
5181 4895
5189 4897
5197 4905
5198 4910
5207 4915
5205 4916
5213 4922
5218 4924
5219 4926
5215 4930
5222 4933
5221 4937
5229 4941
5231 4942
5240 4951
5235 4953
5241 4954
5236 4955
5242 4958
5246 4959
5248 4962
5254 4963
5264 4970
5262 4971
5268 4974
5265 4976
5266 4978
5272 4982
5276 4983
5280 4986
5283 4992
5289 4999
5305 5005
5303 5006
5302 5007
5308 5008
5316 5013
5323 5021
5322 5025
5329 5030
5341 5035
5343 5039
5358 5050
5370 5064
5373 5066
5382 5079
5394 5087
5397 5091
5401 5095
5405 5097
5419 5106
5417 5110
5420 5111
5421 5112
5425 5113
5428 5116
5432 5119
5433 5121
5442 5131
5443 5133
5446 5134
5465 5151
5467 5153
5471 5155
5474 5157
5478 5160
5480 5162
5488 5168
5492 5169
5490 5170
5491 5172
5484 5174
5486 5175
5502 5186
5499 5189
5518 5193
5516 5196
5519 5198
5510 5199
5512 5200
5520 5201
5515 5204
5521 5206
5529 5207
5525 5214
5532 5215
5536 5219
5530 5221
5535 5223
5544 5229
5543 5230
5559 5244
5551 5245
5553 5247
5557 5249
5561 5252
5562 5255
5567 5260
5572 5261
5573 5265
5580 5270
5581 5273
5589 5278
5592 5280
5598 5294
5610 5299
5613 5307
5627 5308
5620 5311
5630 5315
5628 5321
5638 5327
5637 5329
5641 5336
5651 5342
5663 5353
5696 5388
5701 5395
5707 5399
5710 5404
5715 5407
5718 5408
5725 5413
5730 5417
5734 5418
5737 5426
5745 5429
5741 5432
5753 5444
5755 5447
5764 5458
5775 5463
5777 5468
5782 5470
5783 5471
5784 5475
5790 5480
5788 5481
5791 5482
5802 5495
5808 5501
5848 5548
5854 5553
5868 5564
5928 5623
6015 5703
6105 5787
6116 5796
6139 5817
6271 5948
6276 5954
6278 5955
6279 5956
6285 5961
6287 5963
6380 6057
6390 6066
6409 6078
6419 6091
6420 6094
6423 6095
6424 6098
6440 6110
6451 6116
6468 6128
6471 6130
6475 6135
6480 6138
6481 6140
6492 6150
6514 6168
6513 6169
6515 6170
6516 6172
6520 6176
6526 6181
6527 6185
6533 6186
6534 6187
6535 6188
6539 6190
6544 6196
6548 6198
6553 6205
6555 6206
6560 6209
6562 6210
6567 6215
6569 6216
6577 6222
6578 6223
6579 6225
6580 6226
6586 6229
6589 6231
6590 6232
6593 6234
6596 6235
6599 6240
6582 6241
6584 6242
6602 6243
6595 6249
6610 6252
6601 6255
6606 6257
6608 6262
6612 6265
6622 6266
6614 6270
6629 6273
6621 6275
6625 6278
6627 6279
6626 6282
6628 6284
6631 6289
6639 6294
6646 6295
6642 6298
6654 6315
6657 6318
6686 6328
6699 6346
6706 6353
6722 6365
7532 6374
6728 6375
6730 6378
6731 6380
6742 6391
6752 6397
6758 6402
6762 6407
6768 6410
6772 6413
6770 6415
6774 6420
6792 6437
6794 6438
6797 6441
6802 6444
6808 6451
6836 6489
6847 6496
6843 6498
6847 6500
6848 6505
6854 6510
6857 6511
6853 6512
6860 6517
6863 6520
6864 6525
6867 6526
6868 6529
6866 6530
6874 6533
6871 6534
6876 6535
6877 6536
6875 6539
6882 6544
6884 6546
6888 6547
6887 6550
6896 6551
6898 6554
6897 6556
6902 6558
6907 6562
6903 6563
6906 6564
6908 6566
6905 6567
6913 6569
6914 6570
6915 6572
6918 6573
6924 6574
6920 6577
6926 6580
6927 6581
6933 6585
6930 6586
6934 6587
6931 6588
6940 6592
6936 6594
6941 6595
6943 6596
6942 6600
6945 6601
6944 6602
6947 6603
6948 6604
6953 6609
6956 6613
6962 6621
6974 6627
6971 6630
6987 6640
7003 6657
7004 6659
7009 6660
7008 6662
7014 6669
7018 6671
7020 6673
7035 6683
7034 6684
7040 6690
7042 6692
7047 6693
7044 6694
7054 6697
7050 6699
7056 6702
7057 6703
7060 6705
7063 6706
7062 6710
7065 6714
7067 6716
7074 6718
7077 6724
7080 6725
7081 6726
7086 6730
7089 6733
7090 6734
7091 6736
7107 6750
7116 6764
7122 6766
7124 6768
7127 6772
7129 6774
7133 6779
7134 6780
7157 6799
7164 6809
7169 6812
7170 6815
7174 6820
7178 6822
7187 6832
7190 6836
7192 6840
7194 6844
7195 6845
7200 6851
7235 6888
7290 6945
7336 6987
7384 7026
7391 7036
7403 7046
7440 7089
7450 7105
7458 7111
7460 7112
7461 7113
7515 7161
7518 7163
7519 7164
7551 7183
7566 7202
7578 7210
7584 7215
7581 7217
7587 7224
7586 7225
7589 7227
7596 7234
7599 7238
7601 7242
7603 7243
7607 7246
7620 7267
7637 7278
7645 7287
7646 7288
7648 7289
7649 7291
7650 7293
7659 7300
7668 7312
7676 7316
7677 7317
7680 7318
7679 7319
7681 7320
7682 7321
7684 7322
7688 7327
7691 7328
7692 7329
7693 7330
7694 7331
7695 7333
7703 7339
7705 7341
7709 7343
7710 7345
7711 7346
7712 7349
7716 7351
7717 7353
7719 7354
7718 7356
7721 7357
7727 7358
7730 7359
7733 7360
7726 7366
7740 7369
7743 7370
7732 7376
7748 7377
7737 7380
7739 7382
7754 7383
7741 7384
7745 7387
7746 7388
7749 7390
7762 7391
7750 7393
7752 7394
7756 7399
7755 7400
7757 7401
7760 7403
7770 7405
7761 7407
7764 7408
7766 7410
7771 7416
7775 7419
7791 7430
7796 7433
7787 7437
7792 7444
7803 7448
7816 7450
7812 7455
7820 7458
7825 7461
7824 7462
7837 7471
7868 7501
7881 7506
7880 7508
7885 7512
7899 7524
7902 7528
7911 7530
7912 7532
7917 7537
7921 7541
7949 7570
7950 7573
7957 7584
7969 7589
7968 7597
7980 7598
7972 7599
7979 7601
7983 7603
7984 7605
7990 7607
7986 7608
7988 7609
7981 7612
7994 7616
7998 7621
8010 7635
8014 7639
8021 7643
8029 7654
8037 7663
8044 7670
8045 7674
8047 7675
8051 7676
8053 7678
8050 7682
8055 7685
8057 7686
8063 7688
8065 7691
8062 7693
8066 7696
8067 7697
8072 7701
8077 7702
8081 7704
8076 7706
8079 7708
8082 7709
8085 7712
8092 7721
8101 7729
8105 7731
8103 7732
8110 7735
8121 7743
8125 7745
8122 7746
8129 7751
8133 7754
8135 7757
8139 7758
8140 7759
8143 7764
8147 7767
8153 7774
8154 7775
8156 7779
8160 7783
8164 7784
8161 7787
8166 7791
8167 7792
8171 7795
8176 7799
8187 7812
8192 7815
8196 7823
8197 7825
8195 7827
8201 7832
8202 7833
8210 7842
8211 7846
8220 7853
8238 7870
8239 7873
8248 7881
8252 7886
8257 7889
8264 7892
8282 7913
8299 7925
8302 7929
8315 7937
8318 7940
8323 7944
8327 7947
8330 7953
8343 7968
8360 7982
8364 7986
8420 8050
8495 8111
8492 8112
8556 8163
8559 8173
8576 8189
8577 8192
8579 8193
8599 8210
8663 8265
8666 8268
8672 8272
8673 8273
8694 8287
8701 8291
8703 8293
8705 8295
8707 8299
8709 8300
8711 8301
8710 8303
8715 8305
8716 8307
8719 8308
8720 8309
8722 8311
8725 8314
8731 8317
8732 8318
8735 8321
8737 8322
8742 8333
8750 8334
8745 8336
8746 8337
8747 8339
8749 8342
8753 8346
8758 8349
8759 8352
8766 8360
8772 8365
8773 8366
8775 8367
8783 8372
8782 8375
8800 8386
8803 8387
8812 8394
8817 8399
8816 8401
8827 8408
8829 8410
8832 8412
8830 8416
8839 8421
8850 8431
8851 8433
8858 8440
8867 8448
8869 8452
8872 8455
8876 8461
8881 8466
8882 8468
8884 8472
8888 8474
8887 8475
8890 8477
8891 8479
8893 8481
8895 8482
8894 8483
8898 8486
8899 8487
8904 8491
8903 8492
8907 8494
8909 8497
8916 8504
8919 8508
8925 8512
8926 8513
8927 8514
8931 8517
8933 8519
8936 8522
8939 8525
8946 8534
8949 8537
8952 8540
8954 8541
8957 8546
8958 8547
8961 8549
8969 8556
8975 8568
8986 8583
8995 8588
9009 8601
9012 8604
9023 8618
9061 8652
9076 8664
9079 8667
9082 8671
9150 8740
9156 8741
9185 8772
9187 8774
9188 8775
9190 8778
9206 8796
9208 8798
9217 8804
9218 8805
9234 8815
9250 8828
9274 8854
9276 8855
9275 8858
9281 8861
9283 8864
9284 8865
9289 8870
9298 8877
9304 8882
9329 8904
9328 8905
9331 8907
9334 8908
9333 8910
9337 8913
9344 8919
9350 8923
9361 8930
9378 8945
9379 8946
9402 8978
9410 8988
9412 8990
9457 9030
9458 9033
9467 9041
9466 9042
9472 9044
9541 9112
9548 9117
9549 9118
9550 9120
9560 9127
9561 9129
9567 9134
9574 9146
9575 9147
9584 9153
9622 9177
9627 9181
9633 9185
9634 9187
9636 9190
9654 9212
9787 9272
9698 9319
9702 9346
10223 9721
10274 9723
10203 9747
10271 9805
10376 9837
10333 9859
10400 9884
10448 9918
10507 9938
10412 9950
10795 10198
10469 10244
10675 10250
10957 10385
33 45
71
84 92
96 102
1961 133
184 177
671 750
734 818
1912 1992
1915 1994
1923 2002
1931 2012
1971 2065
1976 2077
1983 2078
1986 2082
4492 2131
2392 2612
2577 2872
2718 3036
644 3044
2738 3063
661 3081
2912 3272
2926 3300
2944 3321
986 3696
3255 3707
3257 3714
3321 3817
1064 3861
4396 5049
4401 5053
4410 5064
4416 5069
4425 5086
4429 5088
4438 5104
4440 5105
6527 5194
2398 5585
4858 5610
5109 5918
5455 6290
5641 6556
6451 7429
6458 7433
7527 7439
6468 7446
6470 7448
6480 7458
6502 7486
6501 7488
6848 7860
6920 7953
7635 8692
7637 8697
7645 8704
7650 8715
8026 9167
8046 9195
8067 9231
8694 9929
8705 9942
8707 9947
8721 9965
9156 10544
9185 10589
9188 10597
9190 10601
9545 11049
9548 11051
10358 12004
34 35
88
59 65
90 99
169 161
217 207
266 267
656 536
1205 1006
1323 1121
2068 1833
2099 1862
2107 1871
2110 1873
2113 1878
2117 1882
2118 1884
2120 1885
2136 1900
109 1902
2166 1923
496 2326
2754 2340
2784 2364
2809 2379
2969 2471
2970 2473
2987 2484
734 2556
3169 2595
3940 3139
3968 3158
5065 4163
5080 4175
5101 4194
5114 4213
5115 4214
5128 4226
5141 4237
5152 4240
5191 4275
5226 4293
5239 4305
5298 4339
5307 4345
5663 4602
7419 6110
7423 6116
7427 6118
7443 6130
7445 6135
7452 6138
7467 6154
7486 6168
7491 6176
5220 6179
5235 6185
7521 6196
7561 6234
7869 6525
7938 6573
8698 7278
8704 7287
8715 7293
8737 7312
8748 7319
8758 7324
8768 7329
8769 7330
8784 7341
8789 7343
8795 7351
8796 7353
8799 7354
8805 7359
8810 7360
9875 8287
9884 8291
9890 8295
9897 8299
9899 8301
9906 8308
9907 8310
10078 8443
10429 8741
10461 8772
10464 8774
10465 8775
10468 8778
10884 9117
34 45
1151
40 40
64 79
74 86
76 92
87 102
97 109
109 118
112 125
114 129
117 132
118 133
122 137
127 143
140 157
153 166
161 172
169 177
174 178
173 179
195 189
184 191
192 196
196 201
199 204
208 207
210 216
294 282
365 365
520 510
591 573
623 608
637 617
647 628
656 638
664 643
669 645
660 646
677 652
683 658
691 663
700 667
699 671
734 696
742 701
772 722
775 723
777 725
791 737
795 744
804 746
809 750
810 752
816 762
821 772
825 776
833 779
850 791
876 808
886 818
891 825
896 834
898 839
897 840
901 849
919 862
921 865
934 879
941 889
945 893
950 896
954 907
968 918
979 929
987 933
995 939
1003 948
1006 949
1016 955
1017 956
1020 957
1030 962
1041 971
1042 972
1043 973
1044 975
1046 978
1050 984
1056 1000
1068 1004
1074 1006
1071 1008
1077 1009
1085 1015
1087 1016
1108 1034
1110 1037
1113 1038
1121 1042
1132 1048
1135 1049
1138 1050
1143 1053
1148 1058
1152 1062
1155 1069
1159 1072
1164 1075
1169 1081
1172 1083
1177 1084
1187 1087
1193 1096
1194 1097
1196 1098
1205 1109
1215 1121
1224 1129
1225 1131
1229 1135
1234 1137
1233 1145
1250 1162
1251 1165
1252 1166
1254 1170
1255 1172
1264 1174
1267 1179
1273 1184
1281 1192
1286 1194
1294 1200
1301 1203
1302 1208
1303 1209
1305 1210
1324 1220
1318 1221
1319 1222
1322 1224
1323 1225
4111 1228
1328 1229
1331 1232
1332 1234
4080 1236
4148 1259
1956 1841
1963 1850
1976 1860
1980 1867
1990 1875
2046 1929
2049 1933
2056 1939
2064 1946
2065 1948
2067 1954
2074 1956
2079 1963
2095 1979
2104 1986
2107 1992
2109 1994
2111 1997
2113 1998
2117 2002
2120 2006
2121 2008
2124 2011
2126 2012
2135 2019
2136 2020
2138 2022
2160 2029
2153 2038
2155 2040
2175 2046
2166 2052
2172 2057
2173 2061
2179 2064
2177 2065
2184 2070
2186 2072
2185 2075
2187 2076
2188 2077
2189 2079
2203 2096
2214 2105
2224 2120
2241 2122
2245 2125
2239 2131
2256 2136
2244 2138
2253 2142
2264 2148
2262 2156
2277 2158
2293 2174
2294 2177
2296 2183
2303 2192
2408 2284
2492 2356
2632 2486
2680 2560
2734 2596
2754 2612
628 2808
2945 2820
2932 2825
2950 2831
2987 2872
2988 2873
3008 2889
3009 2890
3016 2897
3018 2899
3024 2907
3038 2916
3045 2927
3065 2945
3077 2956
3115 2985
3118 2989
3132 3004
3136 3007
3148 3017
761 3018
3155 3023
3156 3024
3159 3028
3169 3032
3168 3036
3182 3040
3181 3044
3188 3047
3186 3048
3189 3049
3195 3057
3196 3060
3200 3062
3197 3063
3201 3067
3207 3068
3209 3070
3213 3075
3210 3076
3212 3077
788 3078
3222 3081
3219 3082
3226 3088
3230 3091
3235 3095
3237 3098
3238 3099
3240 3101
3242 3106
3244 3113
3248 3114
3247 3116
3256 3121
3263 3125
3268 3127
3264 3128
3269 3129
3274 3133
3275 3134
3250 3136
3278 3138
3281 3141
3279 3142
3284 3143
3282 3145
3290 3149
3301 3162
3305 3164
3308 3168
3310 3172
3315 3176
849 3179
3325 3183
3323 3185
3330 3190
3343 3201
3345 3203
3321 3204
3352 3208
3351 3210
3358 3213
3361 3218
3363 3220
3365 3222
3374 3227
3379 3230
3382 3233
3383 3235
3385 3236
3387 3242
3362 3244
3393 3250
3396 3252
3399 3255
3398 3258
3397 3259
3401 3261
3408 3264
3409 3267
3411 3272
3414 3277
3417 3279
3415 3280
3420 3289
3423 3290
3430 3299
3410 3302
3433 3304
3437 3306
3438 3307
3442 3309
3443 3311
3444 3313
3452 3321
3455 3324
3459 3326
3470 3342
3473 3345
3474 3347
3480 3354
3481 3355
3494 3362
3498 3367
3501 3374
3515 3381
3518 3383
3520 3387
3519 3390
3530 3396
3525 3397
3529 3399
3539 3411
3538 3412
3546 3417
3555 3425
3561 3428
3543 3437
3578 3447
3581 3450
3583 3451
3592 3460
3602 3473
3607 3485
3614 3487
3615 3491
3616 3492
3623 3498
3626 3500
3630 3501
3631 3502
3633 3503
3637 3504
3649 3516
3653 3518
3652 3519
3656 3522
3664 3534
3673 3545
3675 3546
3676 3547
3680 3552
3681 3553
3667 3554
3686 3556
3687 3557
3688 3560
3694 3570
3698 3573
3702 3576
3711 3580
3707 3582
3709 3583
3710 3584
3713 3589
3714 3590
3715 3594
3720 3596
3721 3600
3730 3605
3732 3610
3733 3611
1103 3620
3743 3622
3745 3625
3756 3632
3761 3638
3758 3639
3767 3640
3773 3645
3774 3650
3781 3656
3778 3657
3787 3665
3797 3670
3798 3676
3806 3679
3800 3680
3803 3682
3810 3687
3815 3691
3814 3696
3821 3699
3823 3701
3830 3708
3835 3709
3840 3714
3839 3715
3844 3717
3843 3719
3841 3721
3842 3723
3848 3725
3845 3727
3857 3737
3854 3738
3863 3741
3858 3742
3859 3743
3865 3745
3866 3747
3869 3749
3870 3752
3871 3753
3885 3763
3882 3764
3890 3766
3888 3767
3899 3774
3903 3777
3897 3778
3909 3782
3916 3794
3920 3798
3921 3800
3927 3806
3932 3807
3936 3810
3938 3814
3939 3815
3940 3817
3950 3823
3948 3827
3956 3830
3957 3834
3968 3847
3972 3850
3969 3851
3978 3854
3980 3861
3998 3884
3999 3885
4008 3888
4005 3889
4011 3891
4010 3892
4009 3895
4019 3912
4030 3917
4028 3921
4033 3922
4036 3925
4034 3927
4035 3928
4039 3930
4041 3937
4044 3939
4048 3941
4046 3947
4049 3948
4054 3956
4056 3958
4061 3959
4059 3962
4077 3983
4081 3988
4076 3989
4084 3990
4083 3993
4087 3996
4088 3997
4093 4005
4097 4012
4107 4018
4106 4022
4112 4023
4116 4026
4115 4028
4118 4029
4730 4639
4977 4930
5007 4957
5017 4969
5026 4981
5041 4997
5045 5005
5049 5010
5053 5014
5060 5017
5065 5021
5067 5022
5069 5026
5072 5027
5080 5034
5095 5049
5101 5053
5106 5060
5109 5064
5110 5065
5114 5069
5115 5076
5124 5085
5125 5086
5128 5088
5143 5090
5145 5093
5140 5104
5141 5105
5155 5115
5154 5116
5159 5118
5168 5125
5171 5127
5172 5128
5170 5131
5175 5132
5183 5142
5196 5152
5204 5160
5191 5163
5210 5173
5215 5178
5224 5180
5241 5185
5243 5195
5239 5200
5252 5202
5257 5210
5258 5211
5267 5219
5275 5228
5274 5231
5290 5247
5426 5356
5544 5470
5582 5541
5623 5566
5639 5581
5640 5587
5663 5610
5683 5626
5684 5627
5728 5662
5732 5679
5737 5683
5788 5728
5790 5746
5808 5752
5826 5772
5836 5781
5840 5787
5841 5790
5846 5795
5848 5797
5856 5805
5869 5812
5922 5869
5920 5870
5924 5874
5927 5877
5935 5885
5944 5893
5948 5899
5954 5907
5958 5912
5963 5918
5965 5919
5972 5922
5973 5923
5970 5924
5980 5929
5977 5930
5981 5934
5983 5935
5988 5939
5990 5944
5995 5950
5996 5952
5997 5953
5999 5955
6005 5958
6010 5961
6006 5962
6013 5966
6019 5972
6022 5974
6024 5976
6026 5980
6027 5983
6028 5985
6032 5986
6038 5989
6035 5990
6039 5991
6042 5993
6044 5995
6043 5999
6046 6001
6050 6005
6051 6006
6052 6007
6054 6008
6053 6010
6056 6013
6064 6019
6066 6021
6069 6024
6077 6030
6078 6031
6079 6032
6083 6035
6089 6041
6092 6046
6094 6047
6099 6048
6106 6059
6088 6062
6110 6063
6116 6068
6118 6071
6115 6072
6119 6074
6122 6077
6121 6078
6124 6080
6128 6085
6108 6088
6135 6090
6137 6092
6141 6098
6144 6100
6145 6101
6148 6105
6149 6106
6151 6109
6153 6112
6154 6115
6155 6116
6156 6117
6159 6121
6163 6124
6169 6130
6172 6131
6173 6135
6176 6140
6183 6149
6185 6152
6191 6154
6194 6160
6196 6162
6197 6163
6208 6171
6214 6176
6202 6180
6216 6181
6234 6193
6236 6195
6242 6203
6251 6210
6254 6213
6255 6214
6256 6217
6259 6218
6261 6222
6265 6226
6267 6229
6270 6234
6274 6240
6276 6242
6288 6251
6292 6253
6293 6254
6298 6255
6301 6257
6311 6267
6312 6269
6315 6272
6316 6273
6318 6278
6319 6279
6321 6283
6322 6284
6327 6288
6329 6289
6330 6290
6332 6295
6334 6301
6341 6304
6347 6306
6348 6307
6355 6314
6356 6317
6357 6318
3744 6320
6367 6324
6366 6325
6369 6326
6371 6331
6376 6333
6385 6342
6387 6343
6386 6347
6391 6349
6392 6351
6397 6353
6398 6354
6402 6355
6404 6356
6400 6357
6401 6358
6406 6360
6410 6364
6409 6365
6420 6369
6422 6372
6425 6374
6427 6376
6429 6381
6433 6384
6436 6385
6438 6386
6439 6387
6441 6388
6446 6391
6445 6393
6447 6396
6448 6398
6453 6401
6463 6408
6459 6409
6462 6412
6470 6416
6468 6417
6474 6423
6478 6431
6482 6439
6485 6442
6488 6443
6492 6450
6491 6452
6497 6453
6496 6457
6501 6463
6502 6466
6504 6468
6510 6472
6512 6474
6515 6477
6518 6481
6532 6496
6538 6501
6546 6511
6550 6513
6551 6517
6553 6518
6555 6523
6556 6528
6561 6529
6564 6533
6563 6534
6567 6538
6572 6545
6570 6546
6574 6548
6576 6549
6577 6552
6578 6556
6589 6567
6586 6568
6588 6572
6593 6577
6595 6578
6597 6580
6599 6581
6600 6582
6601 6583
6596 6587
6610 6599
6690 6668
7006 6990
7015 6996
7025 7003
7246 7252
7253 7256
7339 7339
7394 7401
7401 7409
7419 7426
7423 7429
7427 7433
7441 7446
7440 7448
7443 7450
7450 7457
7452 7458
7462 7462
7461 7465
7460 7472
7470 7474
7468 7480
7469 7481
7473 7485
7474 7486
7475 7488
7479 7490
7476 7493
7485 7497
7483 7500
7486 7501
7484 7502
7494 7503
7497 7504
7500 7512
7499 7515
7508 7518
7503 7519
7514 7520
7506 7522
7515 7525
7584 7589
7623 7634
7630 7645
7795 7798
7800 7805
7810 7818
7850 7855
7853 7860
7860 7874
7865 7878
7861 7879
7869 7880
7874 7881
7875 7882
7876 7885
7878 7889
7879 7890
7881 7895
7886 7897
7884 7898
7889 7899
7891 7900
7887 7901
7898 7911
7899 7912
7893 7913
7901 7916
7902 7917
7894 7918
7911 7920
7912 7921
7915 7924
7913 7925
7918 7927
7921 7934
7925 7936
7926 7939
7927 7940
7932 7942
7930 7943
7934 7945
7937 7947
7938 7948
7924 7950
7942 7953
7944 7957
7947 7960
7956 7967
7957 7968
7958 7969
7965 7978
7969 7986
7979 7992
7981 7995
7982 7997
7985 8000
7986 8002
7993 8008
7999 8013
8000 8014
8006 8020
8001 8021
8011 8027
8021 8032
8033 8044
8035 8047
8046 8058
8050 8060
8056 8071
8058 8073
8059 8074
8061 8078
8062 8079
8064 8080
8065 8082
8069 8084
8091 8108
8094 8111
8098 8114
8102 8115
8106 8117
8109 8123
8110 8124
8111 8125
8113 8126
8115 8127
8119 8133
8120 8135
8121 8136
8123 8137
8125 8138
8129 8140
8131 8143
8132 8145
8135 8147
8141 8152
8143 8154
8146 8157
8150 8161
8157 8166
8160 8167
8159 8169
8158 8170
8161 8171
8164 8175
8165 8176
8166 8177
8168 8181
8171 8183
8173 8185
8174 8186
8257 8273
8384 8389
8524 8545
8529 8553
8538 8560
8167 8630
8638 8650
8646 8657
8663 8672
8683 8685
8689 8687
8696 8692
8698 8697
8704 8704
8707 8706
8710 8710
8721 8714
8715 8715
8726 8719
8730 8723
8735 8734
8738 8735
8741 8736
8737 8737
8742 8741
8750 8751
8746 8754
8749 8756
8748 8757
8755 8759
8752 8765
8758 8768
8760 8769
8763 8775
8770 8776
8768 8779
8771 8782
8772 8784
8816 8830
8844 8849
8865 8863
8885 8893
8897 8899
8926 8932
8952 8956
9004 9030
9011 9040
9056 9097
9085 9121
9087 9125
9105 9139
9106 9140
9107 9146
9116 9150
9119 9154
9120 9155
9128 9167
9134 9171
9136 9172
9137 9173
9145 9184
9149 9189
9152 9195
9162 9201
9163 9202
9169 9213
9174 9219
9175 9220
9183 9231
9184 9233
9173 9236
9195 9245
9196 9248
9199 9250
9204 9255
9217 9268
9218 9269
9233 9289
9238 9292
9250 9307
9253 9309
9255 9313
9260 9317
9267 9322
9277 9328
9291 9341
9290 9343
9303 9353
9310 9362
9315 9369
9316 9370
9326 9380
9332 9390
9333 9392
9338 9397
9339 9398
9344 9405
9345 9406
9348 9409
9387 9458
9498 9571
9731 9788
9770 9840
9837 9900
9849 9912
9870 9926
9875 9929
9884 9939
9890 9942
9894 9946
9897 9947
9896 9949
9898 9950
9899 9951
9904 9962
9906 9963
9907 9965
9909 9966
9910 9967
9940 9994
10032 10102
10057 10131
10078 10148
10083 10155
10081 10160
10096 10169
10100 10181
10106 10185
10108 10187
10102 10190
10110 10191
10114 10194
10119 10203
10117 10204
10122 10205
10125 10210
10126 10212
10128 10213
10139 10224
10147 10235
10153 10239
10154 10240
10168 10254
10169 10256
10181 10270
10185 10276
10198 10286
10246 10361
10366 10482
10429 10544
10461 10589
10465 10597
10468 10601
10559 10690
10570 10711
10581 10724
10592 10734
10593 10737
10626 10765
10631 10775
10649 10785
10669 10803
10671 10813
10679 10822
10680 10825
10688 10838
10725 10885
10800 10952
10864 11028
10867 11030
10870 11033
10871 11034
10872 11036
10876 11040
10883 11049
10884 11051
10885 11053
10918 11087
10925 11097
10937 11111
10944 11119
10948 11122
11011 11190
11021 11197
11022 11199
11023 11200
11027 11204
11026 11205
11061 11250
11072 11364
11304 11459
11612 11463
11442 11599
11647 11671
11902 12084
11644 12088
12138 12098
11980 12106
12007 12136
35 45
32
1902 118
1871 1992
1900 2020
4285 2131
2379 2674
2484 2872
3639 4507
3921 4683
4194 5053
4237 5105
4252 5118
4602 5610
5926 7150
6116 7429
6128 7446
6138 7458
7287 8704
7293 8715
7324 8768
8264 9888
8295 9942
8299 9947
8310 9965
8311 9966
8716 10501
8741 10544
8775 10597
8778 10601
9091 10999
9096 11007
9110 11033
9117 11051
36 46
573
1409 51
55 58
178 144
188 156
191 160
245 227
253 232
337 328
361 366
362 368
367 377
370 381
375 391
380 399
383 404
384 409
385 412
391 418
394 423
395 425
400 429
402 435
404 439
407 442
489 538
497 540
509 549
516 555
528 561
541 569
592 606
601 613
619 630
648 671
651 673
654 678
2513 789
796 910
851 979
861 991
879 1012
891 1021
899 1027
901 1028
909 1035
911 1038
912 1041
916 1044
918 1047
917 1048
921 1052
924 1057
930 1065
940 1078
978 1117
979 1118
983 1121
986 1122
987 1124
992 1130
993 1131
994 1132
1002 1141
1023 1167
1036 1186
1052 1201
1068 1219
2965 1227
1075 1228
1096 1245
1118 1265
1123 1276
1191 1338
3331 1398
3603 1537
1507 1586
1519 1600
1526 1601
1601 1683
1613 1695
1620 1703
1623 1706
1628 1712
1648 1729
1696 1769
1798 1877
1832 1933
1870 1982
1873 1985
1884 1994
1892 2006
1934 2047
1979 2087
1972 2093
1996 2104
2018 2134
2044 2179
2052 2194
2055 2199
2056 2200
2059 2202
2070 2225
2079 2239
2080 2240
2084 2246
2085 2247
2088 2249
2098 2260
2099 2261
2118 2282
2123 2298
2162 2323
2191 2352
2180 2355
2200 2362
2216 2378
2232 2390
2233 2391
2257 2414
2261 2416
527 2421
2269 2424
2273 2430
2274 2431
2318 2470
2368 2514
2387 2535
2390 2539
2397 2543
2404 2547
2433 2576
2437 2578
2446 2591
2468 2612
2493 2653
2610 2790
2622 2800
2675 2842
2677 2844
2701 2867
2708 2875
2711 2880
2716 2887
2721 2894
2725 2900
2732 2907
2737 2912
2739 2914
2747 2919
2753 2927
2754 2929
2765 2939
2767 2941
2786 2961
4795 2963
2812 2993
2813 2994
2815 2996
2816 2997
2819 3001
2820 3003
2823 3004
2824 3006
2826 3008
2828 3010
2831 3011
2837 3016
2891 3085
2900 3098
2905 3103
2906 3107
2917 3114
2916 3116
2925 3126
2931 3132
2971 3182
2977 3185
2978 3186
3003 3211
3000 3212
3517 3214
3012 3225
2999 3234
3028 3236
3046 3255
3162 3359
3198 3392
3270 3455
3305 3488
3323 3504
3407 3577
3448 3613
3667 3784
3680 3794
3753 3860
3754 3861
3756 3866
3758 3867
3766 3878
3776 3889
3793 3901
3898 4000
3971 4098
3985 4121
3989 4128
4031 4157
4025 4165
4062 4201
4084 4229
4093 4240
4100 4246
4103 4250
4097 4253
4098 4255
4109 4257
4114 4261
4117 4266
4120 4269
4124 4272
4139 4292
4142 4298
4144 4299
4147 4301
4152 4306
4153 4307
4157 4309
4156 4311
4163 4319
4175 4325
4177 4327
4180 4329
4189 4333
4195 4352
4227 4369
4233 4373
4238 4378
4279 4409
4286 4413
4296 4424
4306 4431
4308 4433
4312 4434
4317 4438
4319 4439
4320 4440
4321 4444
4325 4447
4389 4506
4396 4513
4408 4531
4412 4536
4413 4538
4421 4541
4420 4544
4427 4549
4434 4555
4445 4568
4448 4569
4528 4667
4572 4713
4581 4718
4609 4750
4673 4799
4681 4809
4685 4812
4698 4824
4705 4837
4707 4840
4713 4843
4715 4844
4718 4849
4720 4851
4733 4866
4738 4871
4775 4920
4777 4922
4784 4932
4788 4934
4791 4937
4797 4940
4794 4941
4808 4947
4815 4957
4836 4980
4834 4981
4841 4988
4846 4989
4843 4990
4849 4993
4847 4994
4848 4995
4860 5004
4863 5006
4911 5051
4918 5064
4926 5073
4935 5086
4948 5100
4962 5125
4965 5127
4966 5129
4971 5135
4976 5137
4989 5155
4997 5162
5012 5176
5025 5190
5013 5196
5028 5210
5176 5327
5286 5440
5353 5502
5375 5519
5377 5523
5397 5545
5412 5559
5483 5623
5502 5627
5522 5638
5531 5644
5539 5651
5544 5656
5547 5658
5565 5680
5592 5704
5631 5734
5638 5744
5642 5748
5643 5753
5678 5796
5676 5797
5692 5812
5696 5815
5708 5820
5704 5821
5715 5826
5717 5834
5724 5839
5741 5853
5747 5859
5754 5864
5763 5869
5766 5870
5825 5912
5836 5923
5839 5925
5848 5931
5852 5932
5888 5967
5896 5973
5897 5976
5899 5980
5901 5983
5904 5984
5903 5987
5906 5989
5909 5994
5912 5995
5911 5997
5914 5999
5915 6000
5952 6022
5960 6028
5959 6029
5961 6031
5964 6033
5970 6038
5973 6040
5979 6047
5981 6048
5985 6052
5989 6055
6003 6061
6006 6068
6007 6069
6017 6075
6023 6078
6030 6086
6048 6110
6056 6123
6057 6127
6061 6132
6070 6145
6084 6164
6095 6181
6129 6201
6140 6209
6141 6213
6149 6220
6153 6223
6168 6235
6167 6236
6169 6240
6173 6243
6178 6247
6187 6256
6190 6259
6194 6266
7133 6267
6211 6285
6222 6293
6224 6295
6228 6298
6230 6299
6234 6301
6232 6302
6244 6308
6249 6316
6372 6450
6374 6451
6414 6471
6423 6481
6424 6482
6486 6537
6494 6543
6499 6546
6510 6551
6539 6566
6550 6575
6602 6628
6611 6632
6614 6634
6620 6639
6625 6644
6629 6651
6636 6661
6668 6699
6673 6700
6680 6711
6697 6720
6721 6729
6728 6736
6742 6745
6748 6750
6758 6754
6769 6766
6776 6779
6815 6819
6825 6831
6827 6832
6832 6837
6831 6838
6855 6855
6860 6860
6862 6861
6867 6868
6869 6871
6873 6873
6881 6878
6889 6885
6890 6888
6891 6890
6896 6893
6902 6896
6903 6897
6907 6898
6904 6900
6910 6908
6911 6910
6923 6918
6926 6922
6929 6928
6931 6931
6936 6932
6959 6954
6968 6962
6978 6975
6995 6997
7052 7049
7060 7058
7073 7064
7074 7065
7079 7073
7097 7085
7105 7092
7108 7097
7117 7109
7128 7119
7132 7130
7152 7145
7155 7149
7160 7153
7162 7157
7164 7159
7171 7165
7177 7169
7181 7170
7191 7180
7194 7183
7246 7234
7247 7241
7312 7329
7322 7339
7350 7358
7356 7365
7360 7370
7367 7377
7429 7418
7450 7440
7453 7445
7466 7458
7587 7563
7592 7573
7593 7574
7594 7576
7599 7577
7601 7578
7604 7580
7605 7581
7610 7588
7612 7591
7623 7600
7625 7601
7639 7617
7659 7637
7669 7646
7670 7648
7675 7651
7676 7652
7683 7658
7686 7659
7690 7665
7693 7671
7703 7679
7708 7684
7713 7687
7716 7690
7718 7694
7727 7703
7751 7725
7781 7762
7782 7763
7783 7766
7785 7768
7791 7772
7832 7805
7851 7824
7924 7870
7942 7893
7965 7918
7988 7940
7993 7945
7998 7953
8010 7961
8019 7968
8025 7976
8038 7983
8045 7989
8051 7994
8061 8006
8069 8017
8077 8025
8085 8033
8124 8083
8126 8086
8127 8088
8130 8090
8135 8093
8156 8111
8202 8148
8209 8156
8270 8208
8942 8991
8906 9038
8879 9042
8923 9062
8936 9066
8932 9085
9075 9172
9088 9192
9097 9231
8936 9320
9223 9330
37 38
30
2303 4325
5262 8824
7233 11702
7290 11741
7433 12017
7451 12032
4644 12066
7814 12511
7914 12577
9288 14474
9449 14638
9459 14658
9487 14707
9501 14724
7711 14885
9673 14975
9694 15006
10361 15863
10356 15872
9214 16305
10786 16355
10804 16367
10959 16518
11060 16693
11689 17358
10977 17484
12098 17785
12101 17786
11815 17938
12335 17995
37 47
1219
36 28
47 42
53 54
66 59
91 81
118 96
127 103
141 115
202 168
2775 177
339 302
341 307
346 311
351 317
358 319
3139 363
473 398
682 535
680 537
689 540
701 551
713 563
717 569
3550 572
3563 581
747 595
762 612
881 705
888 711
893 717
898 721
897 723
949 768
956 773
964 781
979 797
1246 1057
1252 1065
1258 1072
1276 1086
1285 1092
1288 1094
1290 1099
1292 1101
1339 1154
1395 1231
1431 1265
1426 1268
1449 1287
1497 1336
1503 1340
1516 1356
1528 1365
1578 1420
1581 1422
1599 1446
1625 1466
1705 1555
1707 1563
1730 1574
1723 1577
1724 1579
1737 1589
1788 1632
1844 1684
1861 1699
1871 1709
1889 1716
1912 1734
1920 1740
2009 1808
2021 1819
2011 1820
2085 1847
2130 1885
2131 1887
2127 1889
2134 1896
2198 1958
2223 1969
2235 1981
2257 1998
2269 2005
2295 2019
2383 2100
2471 2203
2531 2234
2538 2237
2542 2243
2573 2265
2572 2271
2576 2275
2594 2282
2598 2291
2606 2297
2609 2300
2622 2316
2644 2329
2662 2344
2668 2348
2673 2351
2676 2354
2703 2379
2736 2406
2730 2408
2742 2420
2747 2426
2815 2480
2813 2481
2824 2487
2831 2497
2896 2554
2900 2568
2980 2630
2993 2644
2989 2647
2991 2649
3014 2669
3002 2671
3023 2683
3031 2693
3041 2699
3059 2711
3070 2720
3095 2739
3107 2749
3112 2752
3118 2757
3138 2760
3124 2763
3143 2777
3148 2782
3155 2785
3182 2796
3194 2814
3264 2863
3270 2869
3297 2892
3325 2913
3365 2946
3367 2948
3382 2961
3394 2973
3403 2979
3438 3006
3440 3009
3461 3026
3464 3029
3486 3048
3487 3049
3506 3072
3528 3082
3525 3083
3527 3087
3540 3096
3557 3107
3558 3108
3573 3120
3583 3126
3595 3138
3600 3141
3599 3142
3604 3146
3605 3147
3611 3149
3613 3152
3664 3191
3686 3203
3699 3217
3711 3229
3716 3231
3709 3232
3719 3236
3717 3242
3729 3251
3757 3277
3806 3322
3816 3331
3821 3336
3847 3359
3863 3372
3905 3415
4019 3511
4029 3518
4037 3526
4036 3528
4038 3529
4044 3534
4047 3535
4057 3544
4088 3572
4133 3606
4148 3621
4154 3624
4155 3628
4157 3632
4189 3662
4194 3665
4206 3680
4228 3700
4244 3718
4255 3721
4269 3743
4279 3756
4350 3813
4354 3817
4378 3845
4383 3851
4520 3923
4531 3932
4544 3949
4497 3960
4493 3964
4521 3977
4526 3992
4532 3996
4604 4002
4537 4005
4548 4014
4546 4016
4556 4024
4560 4028
4668 4031
4567 4041
4679 4046
4665 4052
4658 4053
4696 4066
4629 4080
4635 4084
4659 4117
4663 4142
4796 4157
4692 4166
4693 4171
4694 4172
4695 4173
4702 4176
4699 4177
4810 4181
4705 4183
4715 4198
4722 4209
4727 4210
4728 4211
4725 4212
4745 4215
4736 4225
4758 4245
4781 4260
4788 4265
1917 4286
1917 4292
4848 4317
4862 4322
4865 4328
4880 4342
4892 4350
4893 4360
4911 4374
4914 4378
4972 4412
5024 4454
5017 4460
5031 4463
5042 4469
5049 4470
5038 4472
5053 4477
5051 4478
5047 4482
5060 4487
5079 4495
5080 4507
5088 4510
5093 4521
5094 4522
5100 4524
5120 4538
5124 4549
5127 4553
5166 4578
5216 4624
5219 4628
5218 4629
5231 4635
5232 4638
5235 4641
5243 4645
5253 4651
5262 4661
5264 4662
5278 4674
5286 4680
5288 4683
5308 4698
5328 4703
5381 4752
5384 4757
5394 4765
5422 4791
5600 4956
5603 4958
5612 4969
5624 4980
5627 4982
5645 4996
5664 5009
5667 5012
5673 5015
5677 5019
5684 5023
5680 5024
5689 5032
5702 5042
5723 5057
5730 5067
5724 5069
5741 5081
5758 5095
5774 5101
5782 5112
5817 5139
5882 5212
5901 5219
5891 5221
5904 5236
5925 5254
5938 5265
5945 5278
5954 5281
5950 5282
5964 5298
5992 5325
5994 5329
6006 5337
6018 5344
6024 5349
6029 5355
6044 5364
6043 5365
6051 5368
6059 5376
6132 5428
6172 5460
6188 5470
6205 5484
6216 5493
6222 5496
6221 5498
6252 5514
6254 5519
6257 5521
6256 5523
6265 5525
6260 5526
6264 5531
6274 5534
6289 5544
6293 5547
6302 5556
6336 5580
6344 5586
6352 5590
6350 5591
6357 5596
6361 5599
6371 5607
6373 5608
6403 5632
6404 5633
6407 5635
6419 5643
6422 5646
6434 5652
6438 5656
6437 5657
6440 5660
6448 5668
6456 5672
6461 5675
6473 5690
6487 5702
6490 5704
6518 5726
6522 5727
6524 5729
6523 5730
6527 5732
6530 5733
6533 5740
6550 5750
6549 5751
6553 5756
6558 5758
6561 5762
6568 5766
6580 5781
6595 5787
6606 5801
6613 5813
6632 5833
6646 5848
6651 5850
6654 5859
3933 5860
6666 5871
6761 5972
6776 5988
6783 5993
6788 6004
6791 6007
6798 6015
6807 6023
6816 6032
6820 6038
6835 6055
6922 6151
6924 6153
6928 6156
6929 6158
6940 6168
6945 6174
6988 6202
7006 6220
7019 6233
7027 6243
7036 6254
7037 6258
7058 6275
7067 6284
7077 6293
7091 6308
7088 6316
7098 6322
7106 6324
7188 6399
7210 6421
7204 6425
7227 6451
7235 6469
7265 6484
7340 6512
7352 6526
7309 6529
7303 6535
7318 6540
7365 6541
7320 6546
7329 6552
7328 6562
7335 6567
7412 6569
7343 6570
7434 6582
7437 6588
7357 6590
7363 6593
7354 6594
7366 6598
7360 6600
7374 6603
7375 6608
7381 6610
7486 6617
7466 6619
7387 6620
7398 6626
7479 6637
7400 6647
7400 6651
7450 6673
7442 6691
7451 6702
7444 6703
7461 6719
7464 6720
7475 6729
7473 6730
7484 6738
7485 6739
7487 6740
7590 6742
7508 6750
7501 6754
7502 6755
7505 6757
7511 6763
7512 6764
7509 6765
7524 6778
7520 6780
7525 6782
7627 6789
7532 6791
7543 6804
7550 6806
7546 6807
7560 6808
7551 6812
7555 6820
4763 6826
7656 6827
7599 6851
7598 6853
7606 6860
7717 6880
7718 6886
7631 6891
7648 6893
7657 6899
7655 6910
7671 6914
7660 6918
7697 6941
7711 6952
7721 6955
7773 6991
7783 7010
7799 7015
7795 7016
7790 7017
7805 7023
7817 7040
7814 7041
7829 7045
7833 7051
7848 7065
7853 7070
7850 7071
7860 7080
7861 7081
7868 7086
7869 7088
7875 7093
7880 7100
7883 7103
7881 7104
7882 7106
7894 7108
7897 7110
7892 7112
7893 7114
7895 7116
7916 7123
7917 7128
7958 7157
7961 7162
7964 7164
7965 7165
7992 7185
7994 7187
8002 7193
8011 7194
8004 7195
8012 7200
8014 7201
8017 7210
8030 7214
8033 7216
8029 7220
8045 7225
8052 7235
8064 7250
8082 7265
8085 7273
8090 7282
8224 7397
8229 7399
8230 7400
8238 7403
8246 7406
8243 7407
8244 7408
8249 7409
8253 7414
8261 7420
8276 7430
8284 7442
8292 7450
8307 7456
8298 7457
8302 7462
8321 7470
8330 7474
8337 7476
8344 7489
8348 7492
8383 7536
8392 7538
8398 7550
8400 7556
8407 7558
8422 7572
8432 7577
8442 7600
8454 7608
8463 7612
8466 7618
8470 7621
8477 7626
8486 7633
8487 7634
8490 7636
8495 7641
8522 7663
8526 7664
8558 7684
8560 7686
8567 7690
8571 7693
8580 7699
8593 7706
8595 7710
8610 7721
8616 7723
8620 7726
8652 7745
8659 7749
8676 7758
8688 7767
8691 7768
8700 7770
8702 7776
8708 7779
8704 7780
8709 7783
8721 7789
8727 7799
8733 7801
8734 7804
8736 7806
8739 7809
8743 7811
8751 7817
8754 7819
8755 7823
8756 7825
8760 7827
8765 7829
8768 7836
8774 7841
8776 7843
8782 7846
8786 7851
8788 7852
8791 7853
8796 7858
8797 7859
8801 7862
8802 7865
8805 7866
8810 7870
8827 7878
8830 7884
8840 7892
8846 7898
8849 7902
8854 7905
8857 7908
8859 7912
8863 7916
8874 7929
8876 7931
8879 7933
8884 7938
8885 7940
8956 8020
8999 8066
9005 8076
9043 8109
9044 8112
9056 8125
9058 8131
9060 8135
9064 8139
9068 8150
9083 8155
9102 8165
9103 8170
9106 8178
9119 8184
9120 8187
9132 8197
9141 8205
9142 8208
9175 8212
9147 8221
9148 8222
9166 8230
9164 8235
9162 8236
9171 8243
9179 8249
9189 8255
9202 8262
9221 8280
9230 8287
9268 8292
9241 8298
9248 8308
9252 8314
9265 8316
9252 8318
9256 8322
9269 8324
9267 8334
9267 8335
9271 8336
9275 8342
9277 8343
9279 8351
9285 8353
9285 8358
9336 8361
9340 8371
9309 8373
9346 8379
9306 8380
9321 8385
9322 8386
9310 8387
9326 8394
9365 8396
9323 8398
9342 8408
9388 8409
9347 8412
9348 8414
9354 8418
9359 8419
9353 8423
9411 8426
9429 8428
9362 8430
9366 8431
9367 8434
9420 8439
9422 8443
9375 8444
9430 8448
9371 8451
9372 8452
9379 8454
9433 8458
9390 8459
9382 8460
9385 8475
9393 8481
9400 8489
9413 8491
9406 8493
9407 8496
9407 8500
9415 8502
9478 8504
9482 8509
9418 8512
9417 8513
9421 8518
9432 8524
9436 8525
9495 8526
9496 8528
9442 8535
9447 8538
9445 8539
9452 8543
9512 8549
9463 8550
9456 8552
9516 8553
9458 8554
9471 8564
9467 8565
9468 8566
9487 8575
9484 8577
9558 8585
9501 8589
9507 8597
9514 8600
9523 8604
9583 8608
9539 8621
9542 8624
9553 8632
9543 8633
9555 8639
9572 8651
9573 8658
9610 8692
9618 8703
9620 8705
9632 8709
9637 8711
9633 8713
9639 8718
9647 8721
9645 8722
9648 8724
9655 8726
9662 8734
9664 8737
9666 8739
9674 8745
9676 8747
9677 8751
9685 8752
9683 8753
9687 8758
9699 8767
9712 8776
9722 8782
9724 8784
9725 8785
9736 8791
9739 8795
9742 8797
9751 8804
9773 8816
9788 8823
9791 8826
9797 8831
9807 8839
9813 8841
9820 8844
9824 8846
9862 8885
9873 8894
9925 8944
9930 8947
9938 8956
9961 8968
9959 8972
9956 8975
9976 8987
9985 8992
9984 8994
10005 9013
10025 9042
10033 9053
10046 9065
10052 9069
10060 9085
10069 9092
10074 9106
10105 9120
10145 9153
10186 9181
10208 9189
10229 9199
10242 9204
10243 9206
10247 9207
10245 9210
10253 9212
10255 9214
10267 9221
10280 9234
10284 9239
10290 9245
10298 9247
10299 9249
10303 9250
10306 9256
10308 9257
10307 9258
10309 9260
10314 9262
10315 9263
10316 9264
10321 9267
10322 9270
10328 9271
10329 9275
10330 9276
10337 9280
10342 9289
10352 9291
10345 9293
10395 9296
10350 9300
10356 9307
10361 9311
10367 9313
10368 9314
10371 9317
10369 9319
10370 9320
10374 9322
10377 9324
10382 9330
10390 9339
10398 9340
10393 9343
10394 9346
10400 9350
8885 9354
10409 9357
10407 9358
10406 9360
10415 9369
10417 9375
10427 9394
10431 9399
10449 9407
10456 9413
10487 9442
10495 9448
10520 9470
10531 9484
10536 9489
10534 9490
10546 9500
10555 9504
10575 9516
10590 9532
10589 9537
10621 9570
10626 9580
10630 9584
10635 9589
10644 9604
10657 9608
10654 9610
10659 9616
10662 9621
10670 9626
10681 9637
10692 9646
10701 9655
10703 9660
10705 9661
10717 9675
10722 9679
10738 9698
10735 9700
10743 9708
10741 9710
10753 9717
10761 9721
10754 9723
10768 9724
10758 9729
10775 9744
10786 9747
10821 9750
10781 9752
10780 9754
10787 9757
10793 9761
10838 9770
10805 9776
10810 9780
10818 9785
10829 9792
10865 9793
10872 9795
10837 9800
10844 9805
10848 9806
10897 9811
10849 9812
10858 9817
10914 9820
10911 9822
10860 9824
10868 9827
10863 9828
10870 9836
10880 9843
10878 9844
10888 9847
10891 9854
10895 9859
10902 9865
10907 9875
10915 9881
10919 9883
10920 9884
10922 9887
10931 9891
10934 9898
10949 9904
10944 9907
10957 9912
10954 9913
10972 9931
10984 9941
10985 9949
10989 9957
11031 9994
11052 10010
11060 10020
11067 10021
11068 10028
11070 10029
11084 10038
11095 10040
11090 10045
11100 10048
11173 10096
11178 10102
11217 10131
11222 10132
11224 10139
11232 10146
11260 10172
11293 10204
11303 10212
10977 10213
11311 10220
11312 10221
11318 10231
11331 10238
11336 10245
11340 10248
11343 10250
11346 10256
11355 10260
11369 10273
11387 10294
11392 10302
11413 10319
11417 10323
11418 10326
11426 10333
11432 10337
11434 10338
11438 10339
11448 10356
11464 10369
11492 10379
11501 10382
11521 10395
11523 10397
11524 10398
11527 10401
11531 10403
11529 10404
11536 10407
11537 10408
11539 10411
11541 10413
11547 10420
11550 10425
11553 10429
11554 10431
11561 10437
11564 10442
11570 10449
11571 10455
11574 10456
11575 10459
11581 10466
11589 10478
11588 10481
11591 10483
10498 10489
11599 10496
11600 10497
11603 10500
11606 10503
11616 10513
11619 10518
11623 10519
11625 10520
11627 10523
11633 10524
11639 10529
11646 10533
11647 10534
11648 10538
11665 10540
11649 10544
11661 10550
11662 10551
11664 10554
11302 10555
11688 10576
11687 10577
11690 10584
11700 10594
11703 10597
11715 10607
11744 10614
11724 10616
11728 10621
11732 10624
11737 10626
11760 10633
11742 10634
11768 10636
11749 10637
11750 10640
11753 10643
11757 10646
11758 10647
11762 10649
11764 10653
11765 10655
11793 10656
11771 10659
11777 10663
11796 10665
11786 10669
11787 10670
11797 10681
11807 10687
11813 10691
11823 10701
11836 10717
11854 10727
11895 10763
11913 10774
11917 10779
11931 10788
11936 10791
11950 10807
11974 10830
11994 10856
11993 10857
11999 10861
12005 10869
12045 10890
12046 10891
12050 10893
12054 10897
12066 10909
12074 10914
12072 10917
12091 10940
12098 10946
12101 10950
12103 10953
12109 10957
12110 10958
12114 10963
12123 10971
12129 10978
12135 10983
12143 10990
12145 10993
12157 10995
12148 10996
12156 11002
12159 11004
12169 11013
12178 11024
12191 11035
12206 11041
12199 11045
12203 11048
12210 11058
12212 11059
12225 11062
12216 11067
12217 11068
12218 11070
12223 11075
12231 11079
12234 11081
12245 11086
12248 11088
12260 11106
12266 11113
12270 11118
12299 11137
12307 11140
12313 11146
12334 11168
12335 11171
12372 11212
12374 11216
12393 11227
12398 11230
12406 11240
12408 11243
12414 11254
12418 11259
12421 11262
12427 11271
12440 11288
12450 11296
12473 11318
12474 11319
12482 11330
12492 11340
12493 11341
12504 11353
12515 11366
12525 11404
13361 11898
13486 12162
12698 12192
13485 12219
13318 12227
13398 12242
13610 12317
13433 12322
13556 12331
13627 12343
13533 12363
13542 12367
13645 12421
13708 12455
13708 12470
13755 12495
13707 12509
13769 12539
13730 12559
13783 12569
13732 12595
13730 12598
13745 12606
13848 12637
13819 12648
13930 12800
38 39
18
7869 7542
3269 7920
9641 9765
12489 12562
13976 14157
14719 14765
15120 15134
15789 15867
15840 15925
15922 16016
16083 16094
17139 17232
17149 17241
17150 17242
17202 17843
17780 17852
18049 18081
18051 18084
38 47
38
2423 1064
11367 3649
12309 4340
12354 4377
12032 6702
12127 6763
12215 6858
12230 6864
14857 6918
14885 6952
14882 6956
12511 7041
13880 7837
14624 8452
14722 8543
16622 8635
15843 9287
15872 9307
15882 9330
15913 9346
15917 9350
16693 10020
16768 10111
17396 10210
17484 10213
17787 10467
17456 10669
17617 10693
17756 10909
17777 10936
17785 10946
17786 10950
17799 10958
17809 10972
17814 10975
18072 11251
18087 11263
18142 11319
38 52
15
12614 6606
12585 6644
12575 6649
12552 6677
12501 6718
18090 7461
15018 8044
15017 8048
15015 8058
15013 8061
15014 8064
15004 8068
15007 8069
15005 8070
16738 9496
38 53
21
7117 5392
8635 5583
8628 5596
12592 8192
12575 8207
12574 8213
12554 8234
12552 8238
12543 8255
12532 8268
12501 8290
12476 8319
15018 9970
15004 9994
15007 9996
15005 9997
14983 10016
14961 10034
16739 11620
16738 11621
16736 11640
38 54
13
8685 6853
12591 9848
12575 9865
12554 9888
12543 9899
12531 9915
15015 11668
15007 11679
15005 11680
14983 11695
16739 13179
18311 16546
20512 16917
39 48
1653
23 21
28 24
35 25
39 27
42 32
180 150
198 174
235 195
272 226
294 246
318 267
322 272
334 277
375 328
400 354
409 367
434 388
468 424
520 480
544 502
702 667
711 673
738 702
772 732
787 746
823 787
819 789
833 798
853 817
865 826
905 854
931 873
1177 1115
1244 1169
1254 1183
1313 1222
1323 1237
1339 1263
1371 1307
1402 1318
1398 1321
1429 1343
1427 1354
1447 1360
1441 1367
1439 1368
1471 1378
1472 1382
1477 1391
1482 1402
1474 1404
1499 1430
1530 1464
1543 1473
1559 1485
1648 1570
1662 1583
1657 1587
1712 1639
1735 1646
1720 1647
1729 1653
1734 1659
1740 1665
1763 1680
1783 1691
1777 1699
1792 1705
1807 1718
1830 1733
1827 1735
1861 1769
1905 1797
1918 1805
1916 1809
1922 1812
1929 1816
1927 1830
1943 1835
1957 1841
1968 1849
1961 1851
1965 1854
1966 1857
1962 1858
1992 1882
1993 1888
2019 1896
2022 1910
2045 1925
2052 1931
2068 1945
2076 1951
2115 1969
2107 1977
2112 1984
2129 2000
2176 2037
2162 2039
2181 2055
2183 2064
2198 2068
2191 2074
2199 2081
2193 2082
2211 2090
2261 2135
2263 2138
2298 2161
6881 2199
2361 2219
2382 2227
2426 2269
2431 2273
2642 2455
2641 2456
2887 2670
2888 2673
2895 2679
2903 2681
2939 2725
2981 2764
3155 2919
3171 2926
3236 2966
3239 2970
3299 3017
3308 3026
3355 3035
3340 3045
3345 3051
3348 3055
3359 3065
3367 3070
3374 3075
3381 3077
3382 3078
3389 3084
3401 3091
3403 3092
3413 3099
3425 3108
3446 3133
3448 3134
3454 3135
3449 3138
3459 3144
3463 3152
3464 3158
3481 3170
3476 3174
3527 3216
3535 3224
3553 3228
3656 3332
3679 3347
3687 3359
3690 3362
8251 3371
3719 3380
3733 3387
3745 3394
3735 3395
3750 3406
3755 3408
3762 3417
3757 3419
3768 3432
3785 3440
3813 3464
3820 3471
3832 3474
3843 3481
3851 3485
3861 3492
3866 3502
3883 3517
3884 3518
3962 3583
3974 3595
3976 3597
3989 3599
4021 3648
4049 3656
4050 3687
4085 3692
4102 3716
4103 3717
4147 3744
4183 3751
4164 3757
4187 3767
4169 3768
4204 3779
4195 3780
4214 3781
4215 3784
4199 3789
4223 3802
4237 3836
4245 3840
4277 3842
4250 3843
4282 3855
4276 3861
4316 3869
4292 3880
4298 3884
4300 3885
4335 3894
4331 3904
4347 3919
4365 3931
4362 3933
4361 3934
4366 3936
4367 3938
4375 3940
4381 3945
4391 3959
4409 3975
4416 3977
4417 3980
4430 3988
4434 3992
4439 3995
4440 3997
4446 3998
4444 3999
4445 4000
4448 4007
4456 4010
4451 4011
4461 4017
4459 4019
4463 4022
4511 4052
4522 4060
4518 4061
4512 4064
4527 4071
4519 4072
9135 4073
4537 4082
4535 4084
4538 4085
4543 4086
4540 4087
4544 4092
4549 4094
4570 4105
4573 4106
4592 4118
4655 4179
4662 4186
4663 4187
4667 4191
4673 4193
4692 4208
4753 4264
4761 4271
4767 4278
4809 4313
4831 4325
4843 4339
154 4352
4867 4359
4857 4368
4873 4375
4889 4383
4898 4392
4905 4399
4903 4407
4908 4408
4924 4424
4932 4437
4984 4482
4996 4501
4999 4504
5015 4523
5016 4526
5018 4528
5035 4544
5041 4547
5064 4570
5089 4592
5102 4598
5107 4608
5117 4618
5131 4626
5129 4628
5141 4641
5150 4648
5173 4673
5194 4691
5195 4692
5213 4708
5243 4741
5257 4749
5274 4769
5286 4783
5334 4828
5373 4859
5419 4898
5434 4912
5456 4933
5484 4953
5488 4960
5526 4997
5559 5025
5557 5027
5565 5032
5579 5043
5592 5052
5598 5061
5596 5062
5609 5073
5649 5105
5668 5121
5697 5151
5703 5158
5710 5163
5722 5179
5730 5181
5737 5192
5739 5194
5747 5199
5764 5219
5768 5222
5765 5223
5766 5224
5770 5227
5773 5230
5783 5234
5777 5239
5792 5250
5793 5252
5798 5256
5815 5269
5833 5289
5835 5290
5839 5292
5837 5293
5844 5299
5854 5302
5858 5312
5863 5316
5865 5319
5883 5330
5888 5335
5904 5352
5905 5353
5911 5355
5915 5364
5920 5368
5921 5370
5937 5379
5941 5382
5933 5383
5947 5386
5948 5395
5952 5396
5957 5404
5962 5412
5975 5418
5985 5426
6001 5437
5992 5438
5996 5441
6002 5446
6014 5448
6009 5455
6020 5457
6029 5463
6031 5467
6035 5470
6033 5477
6051 5481
6046 5486
6048 5489
6063 5496
6056 5497
6093 5513
6080 5517
6128 5551
6145 5563
6169 5587
6219 5627
6218 5628
6221 5641
6252 5660
6257 5673
6271 5681
6275 5686
6282 5691
6288 5692
6291 5698
6294 5701
6296 5702
6303 5704
6301 5712
6305 5715
6302 5716
6317 5727
6326 5734
6318 5735
6321 5736
6339 5751
6352 5761
6353 5763
6367 5769
6361 5776
6394 5807
6435 5847
6442 5852
6448 5862
6451 5865
6460 5880
6480 5885
6461 5886
6514 5916
6495 5917
6494 5919
6509 5922
6546 5945
6571 5950
6557 5960
6579 5974
6588 5975
6595 5986
6612 5992
6600 5993
6608 5994
6602 5995
6620 6004
6616 6007
6629 6017
6635 6020
6634 6022
6639 6026
6625 6027
6653 6035
6662 6039
6669 6053
6675 6061
6688 6069
6705 6089
6726 6094
6712 6097
6731 6115
6727 6116
6725 6117
6744 6125
6753 6135
6759 6143
6779 6159
6792 6172
6818 6189
6824 6204
6835 6208
6840 6221
6857 6229
6882 6250
6875 6251
6898 6254
6887 6256
6902 6268
6938 6303
7032 6369
7133 6458
7237 6562
7248 6567
7259 6588
7592 6863
7605 6873
7630 6896
7658 6919
7664 6925
7721 6971
7724 6976
7756 7001
7768 7012
7787 7029
7792 7036
7807 7045
7809 7048
7835 7068
7833 7069
7838 7071
7852 7084
7859 7087
7866 7096
7882 7108
7906 7136
7910 7139
7915 7142
7920 7150
7921 7153
7930 7159
7936 7168
7938 7172
7964 7196
7966 7202
7970 7206
8068 7294
8075 7298
8139 7331
8126 7343
8133 7350
8163 7371
8168 7380
8190 7386
8191 7394
8222 7414
8223 7415
8216 7423
8241 7434
8246 7439
8249 7442
8259 7452
8257 7453
8254 7456
8270 7467
8274 7475
8278 7487
8283 7492
8297 7508
8343 7539
8371 7550
8350 7553
8353 7556
8367 7566
8364 7569
8372 7577
8384 7588
8393 7598
8402 7604
8394 7610
8399 7616
8458 7625
8448 7642
8480 7648
8465 7655
8466 7658
8499 7686
8507 7689
8517 7701
8547 7702
8552 7739
8553 7740
8583 7754
8563 7755
8592 7762
4063 7799
8618 7803
8633 7819
8729 7840
8683 7845
4137 7849
8654 7855
8676 7862
8679 7866
8704 7871
8690 7872
8699 7880
8685 7881
8702 7882
8692 7883
8720 7885
8740 7886
8721 7887
8711 7889
8708 7890
8712 7892
8733 7893
8713 7895
8719 7901
8741 7908
8724 7910
8752 7912
8744 7913
8747 7916
8755 7924
8748 7930
8777 7932
8766 7933
8761 7943
8781 7944
8783 7949
8801 7956
8785 7969
8816 7971
8797 7983
8830 7988
8803 7994
8810 8007
8818 8009
8817 8016
8870 8021
8844 8034
8842 8035
8845 8038
8872 8060
8914 8067
8898 8080
8920 8086
8924 8089
8921 8109
8938 8126
8939 8128
8955 8134
8962 8145
8960 8149
8967 8153
8975 8158
8980 8162
8976 8164
8995 8178
8988 8179
9000 8191
9005 8193
9010 8196
9011 8198
9023 8214
9028 8215
9032 8219
9061 8223
9048 8234
9082 8238
9068 8239
9069 8242
9072 8249
9081 8255
9095 8256
9086 8260
9107 8272
9099 8274
9096 8275
9100 8278
9108 8286
9122 8290
9123 8294
9118 8295
9125 8297
9139 8302
9132 8303
9141 8305
9145 8308
9149 8312
9198 8357
9216 8376
9309 8466
9311 8468
9328 8481
9381 8522
9421 8556
9425 8560
9439 8567
9533 8654
9536 8655
9528 8656
9531 8658
9545 8671
9548 8674
9551 8676
9557 8680
9565 8682
9594 8712
9601 8722
9611 8731
9616 8736
9620 8745
9621 8746
9623 8751
9630 8753
9632 8755
9639 8764
9673 8785
9677 8795
9696 8812
9693 8816
9702 8820
9710 8825
9715 8835
9723 8842
9737 8854
9733 8858
9744 8867
9745 8868
9748 8870
9758 8883
9762 8887
9789 8913
9799 8920
9800 8921
9807 8928
9828 8948
9834 8952
9849 8966
9879 8993
9887 9001
9888 9003
9899 9013
9898 9016
9901 9017
9909 9024
9914 9026
9919 9030
9945 9052
10040 9143
10060 9159
10066 9163
10084 9180
10128 9223
10155 9243
10242 9315
10255 9324
10260 9327
10259 9328
10279 9344
10280 9345
10288 9350
10289 9351
10291 9354
10304 9361
10305 9363
10306 9364
10316 9372
10365 9416
10368 9418
10372 9421
10371 9423
10376 9424
10377 9425
10380 9432
10399 9448
10409 9451
10404 9452
10414 9457
10431 9472
10434 9476
10451 9488
10457 9493
10448 9495
10455 9501
10465 9507
10478 9521
10485 9522
10492 9526
10493 9527
10491 9528
10502 9535
10503 9538
10521 9556
10515 9558
10516 9559
10546 9567
10562 9583
10576 9601
10625 9651
10658 9674
10664 9678
10665 9680
10670 9683
10673 9687
10682 9695
10683 9696
10692 9702
10700 9704
10696 9707
10702 9710
10706 9719
10714 9722
10711 9723
10715 9724
10724 9728
10719 9730
10720 9731
10736 9743
10745 9753
10746 9754
10750 9761
10789 9802
10790 9807
10797 9813
10810 9837
10823 9841
10839 9850
10831 9857
10868 9878
10871 9887
10884 9892
10898 9904
10900 9909
10904 9912
10906 9914
10911 9918
10913 9919
10914 9923
10907 9924
10916 9926
10918 9927
10935 9942
10939 9947
10951 9958
10952 9959
10946 9960
10955 9968
10961 9973
10977 9981
10973 9983
10980 9992
11002 10006
10996 10007
11004 10011
11008 10015
11013 10018
11029 10023
11025 10025
11030 10029
11042 10037
11045 10049
11065 10070
11075 10074
11083 10082
11077 10083
11093 10091
11094 10095
11124 10104
11109 10105
11104 10106
11106 10107
11122 10115
11130 10123
11131 10128
11187 10172
11292 10266
11308 10286
11314 10295
11490 10453
11493 10454
11504 10469
11506 10471
11532 10502
11559 10521
11577 10543
11679 10648
11732 10699
11748 10709
11766 10724
11773 10731
11784 10738
11761 10742
11813 10767
11832 10782
11837 10788
11914 10845
11921 10851
11929 10863
11934 10871
11947 10879
11953 10885
11965 10892
11962 10893
11967 10900
11984 10910
11987 10916
11998 10926
12012 10947
12018 10950
12031 10963
12032 10964
12039 10977
12060 10988
12061 10991
12064 10997
12070 10999
12089 11031
12119 11047
12148 11087
12149 11088
12167 11102
12175 11110
12187 11117
12188 11120
12199 11131
12220 11145
12226 11151
12259 11164
12271 11192
12272 11199
12283 11212
12297 11214
12305 11224
12306 11228
12300 11229
12303 11236
12311 11241
12319 11250
12336 11270
12347 11283
12357 11291
12362 11293
12372 11310
12386 11319
12389 11323
12409 11341
12417 11351
12428 11356
12431 11361
12425 11362
12422 11367
12445 11380
12439 11381
12467 11387
12504 11422
12515 11434
12525 11448
12526 11451
12541 11467
12555 11469
12558 11476
12574 11483
12562 11486
12573 11504
12580 11514
12569 11515
12589 11519
12602 11530
12605 11532
12609 11541
12634 11547
12645 11549
12618 11555
12635 11558
12654 11562
12641 11563
12636 11569
12658 11572
12649 11574
12646 11577
12668 11578
12681 11580
12662 11582
12656 11583
12663 11585
12670 11594
12690 11597
12685 11601
12683 11607
12684 11609
12697 11613
12704 11614
12709 11616
12694 11621
12718 11625
12708 11627
12710 11629
12715 11633
12726 11640
12707 11643
12711 11645
12744 11658
12722 11659
12725 11660
12732 11671
12738 11674
12758 11685
12759 11691
12755 11692
12780 11703
12786 11705
12807 11712
12800 11716
12816 11723
12822 11730
12830 11736
12813 11737
12826 11747
12838 11759
12843 11760
12841 11765
12845 11771
12854 11772
12851 11773
12857 11776
12866 11783
12861 11784
12862 11785
12863 11786
12879 11796
12878 11797
12881 11800
12882 11801
12890 11808
12892 11809
12893 11812
12903 11815
12914 11818
12916 11819
12908 11820
12920 11827
12921 11828
12918 11829
12940 11839
12947 11843
12943 11849
12945 11850
12957 11852
12954 11853
12946 11854
12961 11862
12959 11866
12955 11867
12960 11869
12967 11874
12972 11875
12973 11877
12977 11879
12983 11884
13004 11906
13011 11913
13025 11918
13026 11921
13029 11923
13036 11929
13089 11980
13098 11986
13151 12037
13158 12042
13163 12049
13166 12050
13200 12086
13207 12093
13221 12104
13225 12108
13224 12116
13240 12127
13244 12132
13249 12133
13265 12145
13282 12162
13288 12169
13295 12175
13307 12188
13309 12192
13312 12193
13319 12194
13313 12195
13320 12196
13322 12202
13329 12203
13321 12204
13328 12207
13334 12208
13332 12211
13337 12218
13335 12220
13346 12225
13349 12229
13354 12230
13358 12237
13365 12242
13366 12243
13383 12260
13382 12264
13389 12265
13390 12266
13395 12270
13398 12273
13403 12281
13405 12283
13411 12287
13421 12303
13452 12323
13449 12324
13456 12327
13475 12348
13480 12351
13525 12400
13538 12411
13616 12475
13625 12484
13628 12487
13630 12490
13643 12501
13644 12503
13648 12506
13651 12510
13654 12511
13676 12529
13682 12533
13683 12535
13693 12548
13694 12549
13691 12550
13705 12557
13706 12562
13708 12563
13714 12569
13716 12570
13719 12573
13723 12576
13730 12580
13728 12582
13735 12589
13737 12590
13741 12597
13742 12598
13745 12599
13757 12604
13748 12606
13762 12614
13784 12634
13812 12660
13830 12675
13835 12681
13836 12684
13844 12689
13846 12694
13852 12698
13863 12708
13867 12711
13868 12714
13874 12717
13895 12737
13898 12747
13909 12754
13914 12762
13935 12778
13940 12785
13951 12792
13960 12797
13964 12799
13965 12801
13969 12809
13979 12815
13980 12819
13989 12827
13991 12833
13992 12835
14001 12842
14023 12853
14016 12855
14025 12857
14026 12864
14029 12871
14030 12872
14041 12886
14049 12892
14062 12903
14075 12917
14083 12922
14078 12924
14086 12928
14087 12929
14097 12939
14099 12941
14102 12948
14103 12949
14113 12963
14122 12968
14142 12982
14176 13031
14180 13035
14184 13041
14187 13044
14197 13050
14225 13083
14261 13106
14277 13117
14291 13128
14321 13151
14329 13160
14333 13170
14339 13178
14343 13187
14347 13195
14366 13213
14388 13230
14399 13240
14415 13256
14443 13291
14445 13292
14456 13302
14475 13318
14483 13323
14494 13331
14496 13333
14497 13334
14498 13335
14507 13338
14505 13339
14515 13346
14523 13354
14534 13363
14542 13366
14545 13371
14562 13383
14568 13388
14573 13392
14575 13396
14588 13407
14591 13411
14600 13422
14601 13423
14607 13429
14608 13433
14634 13440
14619 13441
14625 13447
14630 13450
14649 13460
14650 13462
14640 13463
14639 13470
14651 13471
14658 13473
14659 13474
14663 13476
14668 13478
14664 13482
14679 13489
14694 13506
14722 13535
14733 13539
14730 13540
14746 13555
14760 13566
14784 13590
14794 13598
14795 13604
14802 13607
14813 13625
14819 13632
14831 13639
14835 13646
14839 13649
14855 13665
14868 13679
14878 13692
14905 13706
14916 13712
14913 13713
14922 13719
14924 13720
14931 13727
14934 13729
14937 13732
14948 13737
14932 13738
14925 13742
14952 13745
14943 13747
14949 13758
14942 13760
14954 13762
14965 13770
14968 13775
14974 13781
14979 13783
14980 13784
14989 13786
14986 13791
15005 13794
15009 13798
14996 13800
15006 13807
15017 13815
15026 13821
15022 13826
15023 13827
15034 13838
15054 13860
15063 13866
15069 13876
15086 13885
15090 13891
15095 13893
15096 13894
15105 13904
15106 13905
15107 13906
15108 13907
15110 13912
15111 13913
15122 13920
15134 13929
15132 13930
15128 13931
15130 13934
15143 13940
15146 13943
15141 13952
15152 13954
15156 13957
15160 13962
15161 13963
15163 13968
15177 13973
15181 13976
15184 13977
15185 13980
15186 13983
15190 13985
15233 14016
15235 14017
15238 14019
15239 14021
15240 14024
15242 14025
15256 14039
15264 14045
15266 14047
15294 14073
15308 14083
15320 14092
15317 14093
15323 14097
15326 14102
15335 14113
15341 14116
15348 14125
15360 14131
15357 14133
15368 14140
15374 14151
15377 14155
15388 14160
15389 14161
15390 14162
15403 14176
15415 14190
15411 14191
15413 14192
15414 14193
15418 14195
15432 14213
15433 14215
15440 14221
15453 14232
15457 14236
15473 14251
15474 14258
15480 14266
15522 14304
15540 14329
15623 14414
15634 14423
15647 14438
15653 14445
15655 14446
15661 14448
15669 14457
15696 14481
15700 14488
15709 14503
15725 14521
15734 14527
15738 14532
15742 14535
15743 14536
15744 14537
15749 14540
15747 14541
15751 14543
15788 14580
15803 14591
15808 14595
15812 14599
15818 14604
15822 14607
15829 14615
15848 14636
15847 14638
15853 14649
15862 14658
15873 14663
15874 14669
15886 14677
15884 14678
15885 14680
15890 14687
15891 14689
15893 14691
15900 14696
15895 14698
15905 14700
15908 14707
15912 14711
15920 14715
15921 14718
15957 14752
15961 14755
15991 14782
16017 14809
16021 14817
16044 14844
16083 14879
16119 14912
16127 14921
16142 14936
16146 14945
16158 14965
16167 14977
16189 14991
16213 15011
16235 15032
16239 15034
16249 15046
16250 15049
16259 15059
16266 15064
16276 15077
16296 15090
16305 15093
16318 15103
16320 15104
16363 15130
16354 15134
16361 15140
16373 15151
16384 15160
16389 15167
16404 15183
16409 15191
16417 15198
16410 15199
16421 15205
16424 15209
16438 15217
16456 15227
16443 15229
16464 15237
16459 15238
16461 15242
16474 15246
16476 15248
16477 15249
16482 15254
16485 15257
16480 15262
16491 15266
16502 15281
16508 15283
16526 15300
16524 15303
16516 15311
16538 15322
16570 15350
16581 15366
16559 15370
16598 15373
16616 15392
16617 15394
16634 15408
16637 15411
16646 15415
16684 15448
16688 15455
16704 15470
16706 15478
16716 15483
16718 15487
16719 15488
16722 15492
16733 15497
16741 15502
16749 15503
16758 15521
16789 15561
16800 15567
16795 15569
16807 15574
16824 15579
16821 15587
16829 15591
16837 15598
16848 15606
16860 15609
16857 15617
16865 15623
16868 15626
16867 15633
16887 15638
16918 15657
16925 15661
16959 15701
16960 15702
16961 15703
16965 15707
16966 15708
16969 15709
16987 15727
16991 15731
17002 15741
17012 15753
17015 15755
17013 15756
17017 15758
17020 15760
17024 15763
17027 15767
17030 15771
17035 15776
17039 15777
17036 15778
17042 15780
17047 15789
17049 15795
17064 15802
17091 15825
17106 15839
17116 15848
17122 15854
17131 15861
17132 15862
17134 15863
17141 15869
17164 15888
17179 15902
17203 15932
17212 15936
17231 15951
17240 15961
17241 15963
17247 15966
17245 15967
17253 15974
17255 15977
17261 15981
17260 15984
17266 15989
17285 16006
17288 16012
17291 16018
17292 16021
17298 16028
17308 16036
17321 16045
17329 16052
17331 16054
17333 16057
17343 16065
17369 16094
17376 16101
17389 16107
17394 16112
17386 16115
17387 16117
17407 16122
17409 16123
17421 16131
17432 16140
17433 16142
17443 16146
17449 16158
17458 16162
17464 16164
17471 16173
17475 16177
17480 16179
17486 16186
17508 16206
17513 16212
17510 16216
17524 16221
17526 16223
17571 16262
17621 16308
17627 16313
17637 16318
17645 16325
17649 16333
17706 16402
17707 16406
17797 16488
17798 16489
17805 16494
17815 16501
17827 16512
17843 16530
17861 16548
17867 16554
17871 16560
17883 16574
17891 16578
17902 16587
17915 16597
17916 16599
17931 16609
17938 16610
17949 16622
17952 16624
17967 16640
17988 16660
18019 16684
18038 16709
18040 16711
18041 16713
18042 16715
18048 16719
18049 16721
18063 16741
18090 16775
18091 16776
18093 16779
18095 16781
18096 16782
18100 16785
18103 16788
18104 16789
18108 16791
18112 16793
18113 16795
18115 16797
18118 16801
18123 16804
18147 16820
18157 16837
18164 16841
18165 16842
18166 16843
18172 16850
19314 18021
19343 18075
19841 18126
19833 18142
19615 18146
19813 18294
20067 18316
19805 18334
19940 18382
20085 18452
19477 18462
19720 18463
20058 18470
20198 18493
20063 18533
20112 18640
20183 18681
20140 18696
20200 18760
20221 18775
20190 18785
20223 18819
20259 18833
20305 18853
19913 18998
20640 19054
20385 19079
20956 19252
21047 19423
41 49
78
59 52
71 62
69 67
96 114
123 144
910 1368
1372 1930
1391 1954
1411 1982
1442 2007
1452 2015
1456 2016
1466 2031
1953 2506
1952 2509
1957 2515
1961 2518
1977 2532
1978 2535
1976 2536
1997 2549
2013 2563
2014 2565
2016 2568
2021 2572
2025 2578
2028 2581
2042 2596
2047 2598
92 2599
2106 2655
2343 2877
2352 2888
2545 3165
2553 3180
4885 3310
3079 3694
3458 4057
3459 4059
3478 4072
3557 4144
3559 4149
3575 4163
3576 4165
3611 4196
3628 4211
3648 4230
4385 5033
4386 5036
4396 5043
4406 5047
4398 5049
4415 5059
4416 5060
4428 5066
4450 5088
5207 5921
5483 6203
3510 6246
6323 7070
6324 7072
6334 7084
6342 7092
6351 7099
6390 7130
6461 7202
7599 7270
7453 8213
7459 8218
7461 8225
7484 8253
7814 8585
8040 8836
8445 9270
8449 9273
8453 9279
9682 11002
9746 11062
41 50
107
82 88
345 423
365 449
375 464
378 468
498 635
554 699
670 834
3058 1022
1160 1282
1414 1526
1950 1995
1958 2004
1966 2011
1974 2033
2025 2101
2028 2102
2042 2114
2114 2181
2139 2205
2149 2215
2293 2357
277 2534
359 2637
360 2651
2541 2654
2545 2659
2553 2668
2567 2684
2600 2720
2751 2884
918 3255
3238 3426
3298 3498
3348 3538
3666 3920
4358 4558
4437 4653
4500 4710
4508 4721
4530 4739
4732 4962
4814 5071
4819 5079
4827 5088
4839 5096
4843 5099
5191 5494
5212 5519
5376 5716
5472 5828
5483 5836
5500 5853
6372 6773
6488 6889
6492 6894
6559 6965
6572 6974
6568 6977
6581 6987
6621 7036
6654 7072
6768 7176
6779 7186
6796 7199
6887 7290
6948 7371
6965 7390
7194 7620
7274 7683
7318 7731
7356 7751
7480 7921
7484 7924
7500 7944
7516 7957
7522 7966
7621 8057
7644 8087
7650 8095
7653 8101
7673 8122
7814 8279
7839 8315
7923 8436
7935 8456
7971 8505
7997 8542
8009 8564
8407 9005
7619 9023
8451 9056
8487 9089
8488 9090
8491 9095
8496 9098
8535 9144
8539 9148
8542 9153
8551 9167
8856 9482
8985 9645
9301 10017
9302 10018
9327 10057
9348 10079
9699 10396
42 51
2055
7 10
16 16
11 19
2313 31
23 47
31 60
55 74
62 96
64 100
83 114
93 120
101 128
117 143
122 152
127 154
2522 166
158 187
157 189
161 193
167 197
168 198
230 275
234 284
262 308
272 310
291 336
353 382
344 386
355 389
409 454
419 457
424 471
489 528
502 536
501 539
507 542
508 543
511 545
491 552
493 553
517 554
519 556
525 562
527 565
530 567
515 570
524 586
562 607
544 610
571 618
548 619
551 623
554 629
555 630
579 632
559 636
561 637
590 644
594 649
599 653
608 659
615 662
580 667
618 674
624 677
625 678
629 681
592 683
598 687
633 690
634 691
654 709
622 717
662 719
3117 727
648 747
653 750
674 762
712 766
724 781
691 790
693 791
738 793
743 796
706 800
720 807
753 842
801 845
762 850
804 853
764 854
813 862
783 867
817 868
818 869
814 871
828 873
834 881
839 884
842 890
794 891
852 898
848 902
856 904
857 905
861 909
862 910
809 911
831 925
872 927
837 933
841 937
851 944
855 949
895 950
896 953
859 954
902 957
866 962
871 965
875 966
876 968
885 977
888 978
893 981
892 983
904 989
905 990
907 997
908 998
943 999
913 1003
916 1007
926 1017
932 1024
937 1032
973 1034
941 1036
944 1039
978 1040
945 1041
950 1047
949 1050
992 1053
1000 1059
999 1061
962 1063
967 1066
969 1072
1014 1073
976 1075
982 1076
984 1081
994 1085
1025 1086
1006 1098
1042 1101
1044 1105
1017 1108
1051 1113
1056 1116
1057 1117
1027 1118
1060 1119
1026 1120
1063 1121
1030 1124
1065 1125
1066 1126
1036 1129
1081 1140
1085 1141
1093 1146
1053 1148
1100 1150
1102 1153
1103 1154
1107 1155
1104 1156
1108 1161
1109 1162
1118 1167
1069 1168
1119 1169
1123 1170
1070 1172
1122 1174
1075 1178
1126 1179
1077 1180
1129 1182
1133 1184
1084 1187
1132 1189
1139 1194
1099 1201
1147 1202
1106 1207
1153 1215
1154 1216
1162 1222
1131 1230
1167 1232
1169 1236
1173 1244
1145 1246
1178 1249
1180 1250
1182 1251
1190 1260
1191 1262
1194 1267
1198 1273
1203 1279
1211 1287
1213 1288
1187 1291
1223 1295
1248 1321
1285 1364
1276 1380
1309 1425
1318 1439
1331 1452
1333 1456
1352 1471
1357 1476
1356 1485
1367 1492
1368 1493
1369 1499
1398 1520
1429 1554
1441 1567
1444 1570
1457 1577
1474 1595
1477 1597
1486 1606
1485 1608
1488 1609
1512 1640
1511 1642
1516 1649
1522 1650
1531 1661
1539 1673
1556 1690
1572 1707
1574 1710
1577 1714
1597 1731
1596 1733
1605 1744
1614 1751
1620 1758
1633 1777
1653 1784
1637 1786
1660 1831
1664 1841
1675 1850
1676 1853
1678 1854
1684 1858
1686 1861
1707 1879
1711 1884
1744 1914
1747 1917
1749 1918
1754 1923
1764 1933
1768 1939
1772 1943
1773 1948
1778 1949
1785 1958
1794 1979
1800 1986
1845 2026
1855 2046
1868 2060
1872 2062
1880 2066
1883 2068
1895 2095
1905 2105
1906 2111
1915 2112
1913 2114
1911 2116
1924 2125
1930 2134
1932 2139
1942 2140
1944 2144
1954 2153
1962 2157
1967 2165
1973 2172
1974 2174
1976 2177
1981 2181
1979 2182
1983 2184
1985 2185
1996 2200
2001 2204
2007 2214
2013 2220
2024 2242
2035 2255
2040 2259
2039 2262
2044 2266
2045 2267
2046 2269
2054 2278
2055 2280
2077 2303
2083 2318
2093 2323
2096 2328
2101 2334
2109 2342
2112 2346
2117 2349
2118 2350
2138 2373
2139 2374
2154 2392
2158 2395
2164 2400
2167 2404
2175 2414
2180 2426
2183 2431
2234 2490
2273 2542
2306 2578
2311 2579
2354 2599
2327 2602
2334 2613
2394 2642
2382 2649
2393 2656
2406 2673
2414 2675
2422 2681
2419 2690
2438 2695
2445 2708
2459 2723
2480 2724
2464 2729
2470 2733
2477 2738
2479 2743
2483 2747
2484 2754
2527 2792
152 2800
2552 2816
2559 2822
2563 2828
2622 2899
2644 2930
2657 2942
2692 2982
2701 2992
2757 3036
2760 3051
2777 3054
2767 3058
2784 3061
2819 3109
2839 3117
2826 3121
2837 3130
2843 3142
2863 3148
2859 3162
2890 3184
2882 3190
2889 3198
2909 3200
2915 3208
487 3220
2929 3221
2933 3227
2934 3228
2932 3229
2941 3235
2942 3236
2943 3238
2949 3242
2947 3244
2948 3245
2951 3255
2962 3260
2971 3265
2970 3267
2975 3271
2957 3279
2985 3284
2993 3299
2999 3302
2980 3310
2990 3316
3017 3317
2992 3322
2995 3324
3018 3325
3027 3332
3006 3334
3033 3340
3016 3345
3020 3350
3024 3356
3047 3358
3048 3361
3060 3365
3032 3369
3037 3379
3042 3382
3068 3383
3043 3387
3085 3395
3083 3405
3092 3407
3093 3408
3094 3411
3095 3412
3065 3418
3067 3421
3091 3442
3129 3443
3130 3444
3132 3448
3133 3454
3098 3457
3146 3470
3149 3471
3161 3485
3135 3486
3137 3490
3174 3495
3177 3502
3178 3503
3190 3521
3209 3531
3183 3537
3185 3539
3223 3546
3224 3547
3231 3551
3230 3557
3234 3558
3204 3560
3206 3564
3244 3567
3213 3571
3216 3579
3252 3580
3221 3583
3257 3587
3268 3588
3266 3594
3229 3597
3274 3600
3278 3603
3276 3604
3283 3609
3284 3610
3285 3611
3236 3613
3247 3614
3289 3615
3254 3619
3256 3623
3308 3630
3261 3633
3277 3635
3319 3636
3317 3637
3312 3638
3279 3640
3320 3642
3287 3644
3322 3645
3326 3649
3337 3656
3299 3657
3336 3658
3338 3659
3304 3660
3307 3661
3342 3664
3310 3665
3316 3666
3346 3667
3318 3670
3350 3671
3332 3680
3333 3681
3359 3683
3331 3684
3363 3685
3339 3686
3366 3688
3345 3693
3349 3698
3373 3699
3374 3700
3379 3701
3380 3702
3386 3706
3361 3709
3367 3717
3400 3724
3395 3725
3402 3726
3405 3731
3377 3733
3412 3737
3413 3738
3416 3741
3415 3743
3419 3745
3423 3746
3426 3752
3425 3753
3430 3754
3404 3758
3431 3759
3434 3760
3439 3761
3437 3763
3440 3764
3438 3765
3414 3772
3446 3773
3445 3775
3448 3776
3452 3777
3454 3778
3459 3783
3458 3784
3467 3792
3468 3793
3472 3794
3475 3796
3478 3803
3479 3804
3450 3805
3456 3808
3484 3812
3485 3814
3486 3815
3488 3818
3491 3826
3496 3827
3474 3829
3500 3832
3477 3834
3504 3835
3505 3836
3506 3837
3513 3845
3514 3846
3510 3847
3517 3848
3519 3849
3487 3851
3521 3853
3526 3855
3527 3856
3524 3858
3528 3859
3541 3867
3540 3870
3544 3873
3542 3875
3548 3876
3546 3877
3549 3880
3555 3886
3553 3890
3560 3891
3561 3892
3564 3896
3568 3898
3543 3903
3580 3913
3582 3916
3586 3918
3592 3929
3636 3984
3658 4006
3639 4015
3652 4032
3673 4045
3691 4071
3727 4104
3731 4117
3741 4118
3749 4125
3771 4150
3777 4152
3812 4178
3857 4223
3884 4252
3891 4256
3894 4259
3895 4260
3903 4266
3910 4268
3913 4271
3915 4273
3917 4276
3929 4288
3936 4296
3942 4302
3946 4306
3954 4310
3963 4320
3968 4326
3974 4331
3978 4336
3979 4337
3982 4339
3987 4343
3990 4348
4001 4352
4007 4362
4011 4363
4008 4364
4012 4365
1562 4375
4021 4382
4034 4391
4033 4394
4031 4395
4038 4400
4045 4405
4044 4411
4050 4415
4052 4418
4055 4419
4054 4421
4057 4425
4067 4435
4064 4441
4080 4448
4073 4453
4078 4454
4083 4455
4121 4459
4075 4461
4086 4462
4082 4468
4085 4472
4097 4476
4102 4481
4106 4483
4103 4485
4104 4486
4110 4487
4140 4490
4109 4493
4115 4494
4155 4508
4125 4516
4133 4520
4136 4521
4135 4523
4131 4527
4171 4528
4138 4530
4175 4532
4143 4535
4144 4536
4142 4543
4148 4544
4151 4551
4154 4554
4192 4555
4163 4557
4162 4561
4160 4566
4161 4567
4204 4569
4159 4572
4158 4574
4207 4577
4216 4581
4219 4588
4172 4592
4180 4600
4230 4608
4187 4614
4191 4624
4197 4625
4214 4651
4218 4654
4271 4661
4228 4662
4227 4667
4224 4669
4240 4680
4234 4682
4254 4685
4313 4689
4259 4693
4269 4705
4278 4712
4282 4719
4283 4720
4334 4724
4299 4735
4298 4738
4293 4741
4306 4742
4381 4794
4358 4798
4384 4801
4387 4805
4395 4811
4401 4823
4414 4855
4474 4889
4458 4900
4491 4906
4493 4909
4494 4910
4468 4911
4504 4912
4499 4916
4510 4924
4521 4929
4481 4932
4523 4935
4547 4959
4548 4960
4546 4962
4551 4963
4556 4966
4565 4976
4569 4983
1793 4987
4577 4989
4583 4998
4587 5002
4597 5017
4600 5021
4601 5022
4607 5027
4611 5030
4613 5032
4623 5042
4629 5050
4641 5060
4651 5061
4663 5074
4665 5076
4680 5094
4742 5154
4769 5183
4771 5186
4775 5190
4774 5191
4777 5192
4784 5198
4791 5206
4796 5210
4813 5220
4820 5234
4829 5245
4846 5266
4848 5268
4854 5274
4853 5277
4856 5280
4865 5289
4871 5292
4870 5293
4878 5298
4876 5299
4881 5301
4880 5302
4884 5303
4886 5304
4893 5313
4890 5314
4899 5318
4897 5321
4898 5322
4902 5324
4903 5325
4905 5327
4910 5333
4911 5334
4909 5337
4919 5343
4923 5353
4933 5361
4935 5366
4941 5367
4939 5369
4947 5375
4957 5378
4953 5381
4960 5383
4962 5390
4968 5393
4982 5398
4986 5406
4987 5407
4984 5408
4991 5414
4951 5415
4993 5416
4997 5422
5010 5437
5013 5441
5017 5443
5020 5448
5024 5451
5044 5497
5099 5526
5103 5531
5114 5542
5117 5546
5119 5548
5122 5553
5125 5555
5127 5559
5091 5563
5134 5564
5136 5569
5144 5575
5152 5583
5153 5584
5158 5588
5157 5589
5159 5590
5164 5596
5171 5601
5167 5602
5191 5621
5206 5634
5216 5643
5217 5644
5218 5647
5225 5652
5233 5663
5237 5667
5269 5711
5294 5720
5297 5722
5320 5757
5319 5760
5355 5798
5393 5845
5414 5877
5432 5894
5431 5897
5435 5899
5448 5904
5468 5911
5458 5912
5471 5917
5475 5920
5470 5927
5485 5934
5496 5942
5500 5946
5507 5956
5512 5962
5534 5967
5522 5970
5533 5985
5547 5993
5540 5995
5562 6006
5560 6007
5571 6017
5587 6032
5595 6039
5618 6064
5643 6092
5650 6101
5669 6128
5726 6186
5745 6194
5762 6214
5785 6240
5795 6253
5817 6280
5837 6294
5838 6296
5849 6312
5850 6313
5852 6315
5855 6316
5854 6317
5856 6318
5858 6320
5861 6324
5863 6326
5848 6328
5873 6336
5881 6341
5878 6342
5882 6343
5886 6347
5887 6348
5867 6349
5888 6350
5890 6353
5877 6359
5895 6360
5900 6362
5898 6365
5899 6366
5903 6368
5891 6369
5908 6371
5910 6372
5897 6375
5914 6376
5918 6377
5906 6384
5922 6387
5911 6393
5912 6394
5919 6400
5941 6405
5944 6406
5943 6408
5925 6412
5924 6413
5957 6414
5932 6416
5959 6418
5966 6424
5970 6431
5969 6432
5951 6433
5972 6436
5975 6437
5952 6438
5962 6447
5982 6452
5989 6453
5983 6456
5986 6457
5990 6460
5995 6463
6005 6469
6008 6471
6004 6472
6007 6474
6003 6475
5987 6480
6014 6484
5994 6485
5996 6487
6024 6491
6000 6497
6028 6498
6031 6501
6015 6502
6019 6508
6036 6509
6041 6510
6042 6513
6047 6517
6027 6518
6056 6524
6058 6528
6061 6532
6062 6533
6043 6534
6044 6535
6051 6541
6081 6546
6079 6549
6080 6550
6087 6553
6088 6554
6090 6556
6095 6560
6094 6564
6101 6570
6071 6572
6073 6573
6105 6574
6104 6578
6075 6581
6118 6586
6119 6587
6120 6588
6089 6590
6125 6593
6093 6594
6099 6595
6107 6599
6135 6600
6140 6605
6142 6606
6110 6607
6141 6608
6109 6609
6117 6610
6147 6611
6122 6612
6149 6614
6151 6617
6130 6623
6155 6625
6158 6626
6132 6627
6139 6628
6144 6632
6168 6635
6169 6637
6173 6639
6174 6640
6157 6643
6161 6647
6183 6653
6182 6655
6184 6656
6187 6658
6167 6659
6171 6662
6196 6663
6172 6665
6197 6667
6201 6668
6200 6669
6202 6670
6206 6674
6209 6675
6213 6678
6192 6679
6218 6680
6216 6681
6219 6682
6215 6683
6220 6684
6221 6689
6199 6690
6227 6692
6229 6693
6232 6696
6231 6699
6234 6700
6211 6702
6235 6703
6237 6704
6240 6705
6242 6707
6247 6710
6225 6712
6255 6716
6254 6718
6258 6722
6259 6723
6260 6725
6262 6728
6243 6732
6269 6734
6271 6736
6253 6737
6274 6738
6276 6739
6256 6741
6279 6742
6287 6750
6291 6752
6296 6759
6297 6760
6302 6764
6299 6767
6304 6769
6306 6775
6313 6776
6289 6777
6314 6780
6317 6782
6319 6787
6328 6792
6330 6794
6329 6797
6340 6802
6341 6807
6432 6923
6479 6943
6461 6954
6464 6957
6481 6976
6485 6979
6513 7013
6527 7031
6542 7043
6543 7044
6549 7046
6555 7049
6552 7051
6554 7052
6566 7059
6573 7071
6588 7088
6595 7091
6605 7103
6637 7106
6615 7113
6619 7114
6636 7125
6635 7126
6631 7128
6643 7135
6646 7137
6645 7139
6648 7140
6654 7148
6653 7150
6660 7152
6663 7153
6665 7157
6672 7163
6664 7165
6678 7171
6676 7174
6680 7177
6685 7180
6686 7181
6692 7183
6690 7189
6691 7190
6689 7192
6688 7193
6687 7194
6695 7195
6726 7197
6698 7201
6706 7210
6711 7214
6709 7218
6716 7222
6719 7223
6720 7224
6721 7231
6725 7232
6762 7243
6737 7245
6743 7252
6777 7256
6749 7258
6752 7266
6755 7267
6785 7271
6788 7274
6754 7276
6766 7280
6764 7285
6765 7286
6795 7288
6805 7293
6794 7295
6770 7297
6774 7303
6814 7310
6821 7312
6780 7314
6836 7324
6849 7336
6800 7340
6803 7343
6810 7348
6813 7352
6818 7355
6862 7358
6826 7371
6838 7377
6842 7380
6848 7388
6854 7393
6855 7394
6888 7402
6895 7409
6919 7427
6918 7433
6928 7446
6934 7450
6920 7460
7004 7522
7019 7531
7024 7539
7039 7549
7050 7552
7046 7555
7016 7560
7060 7566
7072 7572
7079 7582
7080 7584
7089 7592
7093 7596
7106 7602
7109 7607
7114 7609
7113 7613
7119 7616
7122 7617
7125 7622
7127 7626
7128 7627
7107 7631
7135 7635
7137 7637
7144 7641
7143 7643
7164 7659
7179 7670
7238 7723
7231 7734
7262 7744
7275 7756
7282 7764
7284 7766
7286 7769
7288 7770
7277 7774
7294 7775
7298 7778
7308 7784
7313 7793
7317 7796
7321 7801
7305 7803
7327 7807
7329 7809
7328 7813
7338 7819
7340 7820
7341 7824
7344 7829
7345 7830
7346 7835
7349 7837
7350 7838
7347 7839
7355 7840
7352 7843
7360 7846
7363 7848
7368 7850
7367 7852
7365 7853
7366 7854
7372 7857
7373 7858
7371 7861
7377 7865
7382 7872
7380 7873
7381 7874
7384 7876
7390 7877
7391 7883
7392 7884
7394 7885
7403 7892
7398 7894
7399 7895
7411 7897
7408 7898
7406 7902
7410 7903
7413 7906
7412 7908
7418 7911
7424 7915
7430 7916
7427 7922
7429 7923
7436 7930
7438 7931
7444 7933
7447 7939
7409 7941
7449 7944
7423 7952
7461 7956
7463 7960
7465 7961
7473 7970
7474 7971
7479 7973
7484 7975
7481 7977
7485 7981
7494 7992
7496 7994
7529 8028
7548 8049
7551 8051
7556 8054
7560 8058
7562 8063
7567 8066
7566 8068
7569 8071
7572 8072
7579 8083
7583 8086
7585 8089
7589 8090
7590 8092
7596 8097
7597 8098
7603 8106
7609 8116
7616 8123
7619 8126
7625 8132
7632 8142
7638 8144
7640 8147
7645 8154
7648 8159
7649 8160
7651 8162
7652 8165
7660 8173
7659 8175
7665 8177
7701 8230
7702 8232
7726 8234
7735 8250
7739 8259
7741 8264
7744 8268
7746 8269
7801 8320
7798 8321
7806 8326
7804 8332
7826 8351
7840 8363
7839 8366
7852 8375
7853 8377
7856 8381
7859 8384
7866 8392
7870 8397
7890 8416
7917 8450
7972 8506
7994 8523
8016 8549
8017 8552
8021 8556
8028 8559
8032 8560
8030 8561
8033 8562
8035 8563
8036 8566
8039 8568
8040 8570
8041 8571
8045 8574
8048 8578
8050 8581
8056 8582
8054 8585
8055 8586
8057 8588
8047 8591
8063 8592
8064 8593
8066 8594
8070 8597
8069 8600
8074 8601
8062 8603
8078 8612
8068 8613
8080 8616
8086 8617
8085 8620
8090 8624
8091 8625
8098 8628
8101 8630
8102 8631
8103 8632
8105 8634
8093 8636
8110 8639
8112 8642
8115 8651
8116 8652
8120 8656
8127 8660
8128 8661
8134 8665
8139 8668
8140 8669
8142 8670
8129 8673
8138 8674
8132 8677
8144 8679
8156 8685
8158 8688
8164 8692
8166 8694
8171 8699
8157 8700
8161 8702
8175 8703
8178 8707
8163 8708
8165 8709
8177 8710
8183 8711
8186 8715
8187 8716
8188 8717
8190 8721
8191 8722
8174 8723
8195 8726
8196 8727
8176 8730
8185 8733
8182 8734
8201 8735
8205 8740
8208 8741
8211 8742
8210 8745
8199 8746
8213 8748
8202 8749
8219 8751
8216 8752
8223 8758
8227 8761
8224 8762
8217 8765
8226 8766
8232 8767
8230 8768
8231 8769
8235 8770
8236 8771
8239 8774
8225 8776
8242 8777
8241 8779
8247 8782
8254 8784
8253 8786
8258 8787
8257 8789
8263 8790
8240 8791
8262 8792
8260 8795
8261 8796
8270 8800
8249 8802
8268 8803
8269 8804
8274 8806
8256 8808
8278 8811
8281 8814
8282 8818
8273 8821
8275 8823
8288 8825
8280 8827
8293 8834
8303 8838
8316 8850
8312 8851
8324 8857
8336 8870
8351 8885
8374 8925
8390 8941
8398 8950
8408 8961
8424 8963
8423 8964
8427 8968
8425 8979
8435 8988
8456 8995
8449 8998
8450 9001
8455 9003
8460 9008
8462 9010
8467 9016
8471 9018
8474 9024
8483 9037
8485 9038
8487 9042
8496 9046
8491 9050
8510 9051
8495 9052
8500 9055
8505 9057
8509 9060
8529 9062
8508 9064
8512 9067
8515 9072
8518 9076
8542 9080
8523 9082
8521 9083
8527 9089
8531 9091
8532 9092
8535 9093
8534 9095
8540 9101
8541 9102
8550 9104
8545 9107
8554 9108
8556 9109
8549 9113
8561 9115
8565 9116
8570 9121
8558 9123
8569 9124
8574 9125
8557 9128
8583 9136
8584 9137
8566 9140
8571 9141
8576 9147
8580 9148
8579 9155
8591 9158
8595 9162
8597 9163
8588 9167
8646 9218
8659 9230
8658 9231
8654 9239
8672 9241
8671 9243
8681 9251
8682 9253
8687 9256
8688 9258
8689 9259
8692 9261
8695 9265
8698 9267
8704 9273
8705 9274
8708 9275
8709 9278
8715 9285
8718 9287
8725 9293
8741 9303
8776 9338
8778 9341
8770 9344
8777 9347
8783 9348
8784 9349
8785 9350
8786 9352
8780 9355
8790 9357
8794 9359
8800 9363
8799 9366
8802 9367
8807 9370
8805 9372
8812 9376
8813 9378
8814 9379
8818 9383
8817 9386
8820 9387
8824 9389
8825 9392
8826 9393
8829 9394
8827 9395
8828 9396
8831 9400
8835 9404
8841 9405
8834 9408
8838 9409
8840 9411
8844 9413
8843 9415
8847 9419
8850 9420
8851 9423
8854 9424
8855 9425
8853 9427
8862 9432
8860 9433
8868 9438
8867 9442
8870 9444
8871 9445
8873 9449
8885 9460
8883 9461
8888 9468
8894 9474
8904 9482
8903 9483
8909 9489
8928 9505
8929 9506
8930 9512
8934 9514
8940 9518
8944 9519
8946 9521
8950 9523
8948 9526
8949 9527
8952 9529
8953 9530
8958 9536
8969 9547
8970 9549
8973 9552
8979 9555
8989 9566
8998 9591
9035 9623
7849 9647
9061 9650
9089 9667
9096 9676
9093 9678
9095 9684
9115 9686
9102 9688
9114 9690
9110 9695
9126 9703
9129 9704
9133 9706
9123 9708
9130 9712
9137 9714
9134 9718
9145 9726
9150 9729
9153 9734
9162 9738
9164 9742
9179 9759
9209 9782
9252 9824
9260 9833
9279 9846
9312 9876
9319 9883
9327 9889
9328 9891
9335 9897
9351 9911
9353 9913
9368 9921
9371 9925
9372 9926
9378 9931
9379 9932
9390 9945
9392 9946
9398 9951
9399 9952
9411 9967
9412 9968
9413 9969
9419 9976
9422 9977
9423 9978
9424 9979
9425 9981
9430 9982
9435 9987
9437 9989
9440 9992
9445 9998
9446 9999
9450 10001
9452 10007
9460 10011
9462 10016
9467 10017
9466 10018
9471 10021
9472 10022
9461 10023
9470 10025
9484 10033
9483 10036
9490 10038
9489 10040
9494 10044
9501 10052
9502 10053
9503 10054
9515 10060
9512 10061
9500 10067
9520 10068
9508 10071
9510 10075
9514 10077
9533 10084
9540 10085
9539 10087
9544 10090
9547 10091
9548 10092
9550 10096
9556 10104
9564 10105
9563 10107
9565 10112
9569 10113
9580 10123
9591 10132
9592 10133
9595 10137
9579 10142
9603 10148
9617 10160
9621 10165
9631 10167
9651 10182
9669 10200
9728 10259
9744 10275
9741 10290
9750 10295
9759 10304
9767 10305
9783 10307
9773 10309
9780 10315
9806 10323
9808 10326
9796 10330
9793 10331
9826 10342
9812 10345
9817 10346
9823 10361
9824 10362
9831 10364
9846 10366
9834 10368
9837 10369
9836 10375
9844 10376
9848 10381
9853 10387
9857 10388
9860 10391
9886 10402
9890 10408
9880 10413
9898 10429
9902 10435
9910 10442
9911 10444
9917 10448
9930 10449
9924 10459
9941 10466
9940 10468
9955 10482
9956 10483
9960 10487
9968 10493
9990 10506
10022 10532
10024 10534
10041 10544
10051 10557
10053 10560
10060 10563
10063 10568
10068 10575
10069 10576
10080 10583
10087 10588
10089 10590
10092 10591
10155 10651
10153 10658
10169 10665
10180 10676
10184 10681
10193 10691
10191 10693
10202 10702
10213 10716
10214 10717
10216 10718
10217 10719
10226 10728
10231 10734
10232 10736
10239 10739
10236 10740
10235 10741
10245 10747
10251 10748
10255 10753
10240 10756
10282 10777
10293 10790
10311 10805
10301 10806
10314 10811
10319 10817
10325 10819
10326 10820
10324 10822
10328 10823
10333 10830
10337 10834
10348 10845
10363 10857
10379 10877
10374 10883
10420 10926
10439 10932
10438 10938
10445 10945
10469 10969
10473 10973
10479 10976
10485 10982
10496 10993
10495 10995
10497 10997
10499 10999
10503 11000
10509 11006
10510 11007
10604 11095
10610 11096
10611 11099
10619 11106
10620 11107
10625 11111
10628 11113
10634 11116
10635 11117
10633 11121
10640 11123
10641 11124
10637 11125
10645 11127
10642 11129
10647 11130
10644 11132
10658 11139
10659 11140
10662 11142
10656 11145
10668 11147
10671 11151
10672 11152
10680 11158
10675 11160
10688 11167
10692 11168
10693 11169
10684 11170
10704 11177
10707 11181
10708 11182
10718 11187
10721 11192
10725 11196
10739 11204
10749 11216
10776 11248
10783 11262
10792 11266
10799 11269
10802 11274
10813 11276
10807 11280
10810 11284
10815 11286
10818 11288
10829 11294
10823 11296
10825 11297
10835 11299
10837 11302
10833 11305
10849 11309
10844 11315
10848 11316
10863 11321
10901 11358
10905 11361
10906 11362
10910 11366
10917 11372
10941 11394
10950 11403
10954 11409
10963 11419
10964 11420
10962 11422
10968 11428
10970 11430
10971 11431
10976 11437
10980 11438
10982 11442
10990 11448
10994 11450
10989 11451
10996 11452
10993 11456
11000 11458
11004 11461
11005 11464
11007 11465
11012 11468
11013 11469
11020 11475
11040 11502
11072 11531
11088 11541
11091 11544
11094 11551
11095 11552
11101 11554
11100 11555
11164 11603
11185 11612
11186 11613
11193 11618
11197 11622
11205 11631
11209 11635
11211 11640
11217 11642
11218 11643
11221 11644
11230 11653
11238 11663
11239 11664
11242 11666
11244 11669
11249 11674
11254 11686
11274 11696
11290 11705
11304 11723
11301 11725
11307 11726
11309 11728
11311 11732
11318 11741
11319 11742
11322 11744
11329 11753
11339 11758
11340 11765
11347 11771
11354 11781
11363 11788
11377 11795
11369 11796
11446 11840
11461 11848
11478 11875
11495 11890
11499 11891
11532 11923
11534 11925
11557 11950
11604 11986
11610 11990
11613 11995
11615 11996
11618 11998
11619 11999
11635 12010
11655 12026
11666 12044
11668 12045
11716 12091
11755 12124
11767 12138
11771 12141
11842 12221
11819 12231
11862 12256
11862 12298
12151 12328
11891 12336
11882 12380
11914 12388
12072 12452
12855 12953
12147 12994
12900 13051
13037 13177
13011 13228
13110 13239
4898 13371
13140 13445
13100 13479
13187 13484
13219 13516
13232 13584
13344 13653
42 52
255
769 766
819 808
817 812
839 825
856 841
943 889
973 898
988 911
992 912
999 918
1000 919
1011 922
1044 941
1056 948
1133 979
1147 987
1167 999
1173 1003
1180 1008
1194 1015
1198 1018
1211 1025
2953 2776
3014 2830
3027 2840
3066 2869
818 3022
3268 3045
3278 3059
3295 3080
3326 3101
3328 3108
3343 3112
3359 3123
3363 3125
3366 3126
3374 3133
3373 3134
3380 3136
3395 3148
3399 3150
3402 3151
3405 3153
3412 3158
3415 3164
3416 3165
3419 3166
3426 3167
3425 3171
3506 3244
3514 3250
3521 3254
3527 3261
3544 3276
3548 3279
3549 3282
3555 3290
5850 5322
5856 5324
5852 5325
5878 5346
5890 5360
5901 5375
5944 5403
5943 5408
5957 5409
6024 5477
6047 5505
6061 5525
6081 5538
6080 5540
6087 5542
6101 5553
6120 5564
6142 5581
6151 5588
6158 5590
6168 5595
6169 5599
6174 5602
6173 5604
6182 5607
6183 5609
6184 5611
6187 5612
6196 5618
6200 5620
6206 5625
6209 5628
6221 5637
6229 5640
6242 5654
6247 5655
6259 5668
6269 5674
6271 5676
6274 5678
6276 5679
6287 5686
6291 5693
6296 5700
6297 5702
6302 5706
6304 5711
6306 5712
6313 5715
6317 5719
6319 5725
6328 5729
6330 5733
8017 7331
8032 7339
8035 7340
8033 7342
8041 7347
8040 7350
8045 7356
8056 7366
8061 7370
8063 7373
8064 7374
8069 7385
8078 7389
8086 7393
8085 7397
8102 7404
8103 7405
8110 7410
8116 7418
8120 7423
8128 7425
8134 7429
8140 7432
8139 7434
8142 7435
8156 7441
8158 7447
8164 7451
8175 7458
8177 7461
8178 7462
8187 7464
8183 7465
8186 7468
8190 7469
8191 7470
8195 7472
8196 7473
8201 7476
8208 7485
8211 7486
8210 7487
8213 7488
8216 7490
8219 7493
8223 7496
8227 7501
8232 7502
8230 7504
8231 7505
8236 7506
8235 7508
8239 7509
8242 7514
8251 7518
8254 7519
8258 7520
8253 7522
8261 7523
8270 7526
8268 7528
8281 7536
8282 7539
8288 7544
8293 7547
8303 7553
8312 7569
9355 8638
9371 8650
9378 8657
9379 8660
9390 8670
9392 8674
9398 8677
9399 8678
9424 8695
9419 8696
9422 8699
9437 8705
9435 8708
9440 8712
9445 8715
9446 8716
9452 8722
9467 8738
9472 8742
9484 8752
9483 8753
9490 8762
9502 8770
9506 8775
9512 8776
9515 8780
9517 8784
9520 8786
9533 8796
9539 8798
9544 8799
9548 8800
9547 8801
9550 8802
9556 8813
9564 8815
9565 8821
9569 8828
9581 8835
9580 8839
9587 8841
9592 8842
9612 8862
9621 8871
9631 8874
10604 9870
10609 9872
10610 9873
10611 9874
10620 9889
10625 9893
10626 9894
10628 9899
10635 9901
10640 9906
10641 9907
10645 9910
10647 9914
10659 9921
10658 9928
10668 9931
10671 9932
10680 9938
10688 9946
10693 9950
10704 9959
10708 9965
11069 10366
11185 10510
11186 10511
11205 10533
11206 10535
11217 10547
11230 10551
11238 10557
11263 10581
11619 11009
11627 11013
42 53
54
817 964
818 965
988 1081
999 1089
1119 1176
1194 1250
3514 4163
3521 4173
3544 4202
4577 5101
4587 5111
1952 5490
5878 6646
6090 6907
6168 6977
6187 6995
6206 7013
6213 7019
6274 7104
6276 7105
6291 7125
6302 7150
6306 7157
6314 7159
6313 7160
6319 7175
6328 7185
6330 7190
7109 7868
7128 7881
7341 8178
7380 8234
7391 8267
7427 8290
7420 8307
8139 9153
8215 9225
8219 9228
8232 9239
8231 9242
8235 9247
8247 9261
8261 9270
8799 9968
8843 10016
8839 10022
8851 10023
8861 10049
9399 10681
9424 10703
9446 10723
9556 10828
9565 10835
10216 11664
42 54
14
1194 1526
3346 4980
3374 5015
3777 5689
4110 6111
4950 6946
6168 8357
6206 8400
6319 8610
7109 9531
7391 9923
8839 11706
8873 11731
10216 13225
43 44
13
860 478
5064 3138
5090 3160
6729 3792
6731 3794
7744 4677
10187 6423
10462 6601
10468 6608
10720 6842
10722 6844
12412 8063
12821 8333
43 53
101
570 537
1487 1187
1716 1348
1745 1367
1761 1382
5119 3879
5236 3983
5368 4077
5366 4078
5407 4103
5436 4119
5534 4181
5807 4332
5848 4360
5906 4395
5946 4407
5962 4411
5973 4415
6009 4427
8645 6520
8629 6521
9056 6842
9080 6865
9097 6891
9194 6985
9206 6989
9216 6992
9226 7001
9254 7017
9265 7030
9273 7044
9279 7045
9300 7061
9341 7089
9352 7098
9357 7102
9360 7107
9414 7147
9424 7155
9475 7195
9480 7199
9507 7214
9559 7249
9575 7254
9599 7275
9632 7292
9649 7304
9667 7312
9676 7319
9693 7325
9708 7337
11549 8903
11702 9002
11946 9237
11951 9244
11957 9254
11970 9259
11975 9271
11979 9276
11982 9283
11988 9290
12042 9319
12037 9321
12038 9322
12043 9323
12048 9327
12072 9355
12077 9361
12103 9388
12108 9393
12125 9407
12145 9419
12169 9434
12183 9442
12197 9453
12200 9455
12205 9458
12219 9463
13339 10465
13470 10596
13627 10830
13639 10837
13663 10865
13683 10891
13690 10898
13705 10906
13702 10907
13706 10911
13736 10940
13735 10944
13737 10946
13748 10950
13757 10964
13759 10966
13780 10982
13803 11008
14948 12177
14974 12203
14989 12214
15008 12245
16064 13549
43 54
623
35 24
43 31
87 48
84 49
105 61
116 82
740 747
1056 927
968 971
1116 986
1124 995
1142 1014
1177 1058
1187 1061
1196 1065
1062 1066
1075 1072
1188 1087
1087 1094
1218 1120
5068 1150
1190 1167
1219 1199
1292 1238
1420 1404
1487 1405
1509 1494
1545 1532
1585 1564
1612 1597
1613 1601
1716 1653
1724 1657
1745 1683
1761 1694
1810 1722
1852 1750
1929 1802
2139 1963
2147 1968
2203 2003
6816 2108
2744 2547
2748 2550
2857 2639
3049 2826
2995 2832
2996 2833
7578 2843
3016 2849
3018 2858
3127 2951
3137 2957
3149 2969
3165 2982
3171 2995
3178 2996
3179 2997
3176 3003
3238 3005
3189 3007
3190 3008
3208 3032
3328 3114
3557 3289
3530 3324
3554 3350
3679 3486
3698 3501
3731 3529
4003 3759
4018 3765
4021 3767
4025 3768
4031 3770
4035 3771
4026 3772
4039 3779
4046 3783
4045 3792
4055 3813
4066 3836
4061 3907
4676 4413
4645 4439
4729 4443
4684 4462
4706 4485
4707 4486
4775 4490
4768 4549
4774 4556
4769 4557
4795 4570
4813 4575
4839 4597
4877 4642
4906 4684
5031 4706
4991 4715
4938 4736
5063 4740
5066 4747
5075 4751
4974 4771
5098 4777
5116 4818
5012 4826
5022 4833
5043 4859
5154 4862
5111 4868
5157 4870
5084 4906
1200 4913
5192 4920
5236 4975
5238 5028
5323 5031
5368 5085
5366 5086
5407 5123
5369 5156
5394 5179
5500 5197
5417 5202
5533 5220
5534 5224
5576 5257
5482 5260
5620 5283
5525 5293
5535 5297
5676 5330
5585 5338
5687 5340
5610 5355
5706 5357
5723 5369
5748 5389
5807 5434
5820 5446
5897 5521
5905 5527
5936 5549
5937 5550
5946 5560
5951 5565
5945 5566
5962 5568
5972 5572
5973 5574
5974 5575
5989 5590
6005 5592
6006 5595
6009 5598
6029 5608
6036 5617
6070 5635
6114 5682
6118 5686
6127 5689
6153 5707
6171 5722
6177 5727
6190 5735
6186 5736
6242 5772
6237 5773
6258 5784
6259 5785
6264 5789
6302 5817
6442 5910
6540 5978
6564 6002
6789 6156
6731 6157
7091 6382
7271 6552
7277 6554
7293 6567
7361 6611
7379 6629
7450 6680
7549 6822
7593 6863
7614 6882
7622 6888
7637 6902
7646 6916
7658 6928
7661 6929
7715 6932
7744 6969
7755 6980
7762 6987
7792 7009
7807 7037
7859 7126
7921 7132
7941 7142
7963 7155
8048 7276
8060 7286
8063 7287
8338 7503
8372 7520
8365 7522
8382 7526
8391 7528
8394 7531
8392 7532
8405 7535
8402 7539
8417 7541
8412 7547
8423 7559
8427 7564
8433 7568
8389 7579
8436 7580
8442 7593
8416 7616
8503 7650
8519 7668
8721 7919
8810 7952
8775 7957
8785 7977
8788 7978
8798 7989
8830 8023
8854 8042
8925 8063
8887 8066
8910 8096
9003 8097
8937 8122
9039 8137
9035 8141
9056 8158
8982 8163
9080 8190
9001 8193
9006 8197
9020 8215
9097 8219
9023 8222
9040 8234
9119 8243
9047 8245
9054 8248
9059 8259
9065 8268
9146 8281
9068 8283
9074 8284
9137 8286
9101 8316
9185 8327
9216 8356
9172 8357
9226 8366
9198 8374
9254 8380
9265 8392
9221 8393
9273 8402
9230 8406
9279 8407
9293 8414
9318 8443
9326 8453
9271 8455
9341 8463
9357 8480
9360 8482
9309 8485
9371 8489
9382 8501
9388 8504
9393 8506
9332 8509
9414 8532
9424 8537
9369 8548
9401 8585
9480 8601
9432 8616
9449 8628
9523 8642
9524 8650
9537 8652
9540 8656
9554 8664
9559 8668
9570 8674
9571 8675
9598 8698
9604 8702
9599 8703
9607 8706
9627 8728
9631 8730
9629 8731
9632 8732
9633 8733
9638 8737
9649 8751
9667 8762
9676 8766
9680 8767
9693 8772
9701 8776
9708 8785
9718 8792
9733 8802
9742 8808
9748 8812
9767 8826
9777 8836
9798 8855
9810 8864
9807 8865
9802 8866
9824 8878
9827 8883
9835 8892
9839 8897
9846 8903
9844 8904
9855 8911
9875 8923
9880 8930
9881 8932
9893 8939
9906 8949
9908 8958
9945 8983
9966 9005
9983 9018
10032 9047
10074 9076
10133 9127
10149 9129
10209 9239
10473 9451
10733 9690
10788 9740
10795 9747
10827 9777
10828 9813
10853 9841
10870 9855
10915 9859
10892 9871
10900 9876
10911 9889
10971 9904
10931 9907
10935 9911
10946 9928
10948 9931
10953 9934
10957 9937
11021 9969
11031 9980
11046 9992
11037 9994
11051 9999
11050 10005
11057 10009
11069 10023
11107 10047
11097 10049
11104 10054
11133 10067
11131 10076
11091 10086
11166 10101
11185 10106
11199 10115
11203 10118
11174 10137
11183 10149
11267 10225
11277 10237
11282 10244
11290 10248
11498 10396
11494 10399
11500 10400
11504 10408
11517 10409
11518 10412
11530 10416
11534 10418
11542 10427
11546 10465
11549 10467
11593 10476
11579 10486
11609 10498
11736 10604
11745 10608
11764 10634
11787 10650
11851 10674
11855 10683
11865 10700
11873 10706
11852 10736
11867 10753
11869 10754
11876 10763
11875 10764
11880 10770
11912 10771
11923 10789
11928 10796
11946 10816
11931 10819
11949 10820
11951 10821
11957 10824
11970 10832
11975 10839
11977 10840
11958 10842
11979 10848
11982 10850
11988 10857
12004 10876
12015 10884
12019 10887
12038 10897
12048 10899
12039 10901
12051 10908
12063 10918
12023 10921
12072 10927
12076 10934
12077 10936
12103 10963
12115 10976
12121 10980
12125 10985
12128 10990
12134 10991
12138 10997
12142 10998
12145 11001
12165 11017
12167 11020
12168 11021
12183 11031
12187 11035
12194 11037
12197 11042
12200 11044
12205 11047
12214 11054
12219 11059
12220 11062
12221 11063
12222 11065
12249 11088
12250 11089
12251 11090
12261 11099
12262 11102
12266 11103
12271 11110
12274 11111
12277 11117
12292 11128
12294 11133
12306 11145
12383 11245
12658 11480
12792 11584
12778 11599
12835 11626
12845 11634
12832 11643
12872 11654
12853 11660
12875 11678
12877 11680
12891 11686
12903 11698
12935 11701
12907 11703
12914 11712
12916 11715
12923 11719
12950 11720
12928 11724
12934 11729
12965 11735
12968 11736
12971 11740
12974 11741
12984 11749
12987 11750
12993 11753
12995 11760
13013 11772
13009 11775
13012 11776
13020 11781
13027 11784
13025 11785
13028 11787
13030 11788
13042 11798
13043 11818
13049 11826
13055 11831
13075 11855
13082 11869
13105 11897
13255 12009
13263 12014
13266 12021
13261 12024
13310 12082
13327 12087
13339 12111
13470 12201
13507 12234
13570 12334
13620 12362
13627 12368
13639 12378
13654 12386
13659 12393
13663 12396
13667 12402
13674 12405
13678 12410
13683 12415
13690 12422
13702 12434
13706 12436
13705 12440
13711 12441
13719 12449
13736 12467
13737 12475
13740 12479
13748 12480
13754 12493
13761 12500
13759 12501
13763 12505
13786 12522
13790 12532
13795 12538
13800 12544
13803 12548
13817 12560
13834 12568
13860 12590
13863 12596
13866 12597
13867 12600
13879 12617
13896 12629
14349 13147
14368 13179
14444 13229
14454 13235
14476 13241
14491 13249
14508 13254
14516 13260
14518 13261
14526 13270
14531 13276
14533 13282
14537 13283
14573 13327
14558 13342
14587 13378
14595 13386
14598 13388
14778 13491
14785 13493
14787 13497
14793 13502
14810 13516
14886 13589
14899 13615
14917 13637
14941 13666
14948 13674
14957 13679
14967 13692
14974 13695
14976 13699
14989 13711
15004 13738
15008 13741
15018 13751
15028 13759
15223 13989
15289 14041
15319 14056
15323 14061
15322 14067
15326 14072
15424 14142
15468 14170
15469 14180
15594 14317
15793 14574
15919 14677
16064 15364
17742 16358
43 55
2105
22 18
52 44
84 59
105 71
100 72
194 125
195 126
246 171
286 191
383 329
519 481
674 615
707 638
695 648
689 661
690 665
716 669
665 678
704 679
740 747
777 792
785 803
869 823
809 825
822 840
841 850
901 905
915 920
935 945
980 967
963 981
967 985
968 986
1001 998
1047 999
984 1000
1056 1007
1015 1010
1067 1013
990 1015
1066 1018
1032 1023
1017 1039
1108 1043
1028 1048
1116 1055
1030 1057
1027 1058
1123 1063
1037 1066
1124 1070
1043 1077
1137 1086
1142 1091
1062 1095
1075 1099
1150 1101
1156 1109
1087 1112
1106 1136
1176 1141
1177 1146
1187 1154
1188 1159
1133 1160
1134 1165
1164 1168
1212 1180
1169 1183
1215 1189
1180 1191
1154 1194
1221 1200
1190 1205
1222 1207
1199 1210
1200 1211
1234 1218
1219 1235
1225 1239
1263 1254
1281 1283
1288 1297
1292 1303
1300 1312
1314 1326
1325 1333
1291 1335
1297 1342
1305 1353
1313 1359
1381 1385
1385 1391
1395 1394
1365 1407
1415 1411
1424 1417
1383 1419
1443 1435
1440 1436
1404 1442
1420 1454
1428 1464
1475 1474
1487 1482
1446 1484
1448 1487
1498 1495
1503 1500
1467 1504
1470 1507
1513 1509
1472 1512
1542 1541
1502 1545
1505 1548
1508 1554
1509 1556
1558 1557
1511 1559
1559 1560
1515 1561
1564 1562
1520 1566
1525 1573
1530 1576
1534 1582
1544 1585
1545 1589
1550 1592
1596 1593
1551 1596
1554 1597
1598 1603
1607 1608
1571 1613
1574 1618
1623 1635
1594 1636
1612 1659
1613 1661
1625 1679
1687 1700
1694 1708
1693 1709
1698 1715
1716 1738
1724 1749
1736 1766
1738 1770
1745 1775
1761 1789
1765 1790
1808 1816
1809 1820
1824 1825
1829 1831
1837 1838
1852 1851
1868 1863
1873 1874
1939 1927
1943 1931
1953 1935
1954 1937
1955 1938
1962 1948
1979 1969
1952 1977
2014 1995
2021 2005
2051 2036
2096 2070
6496 2084
2118 2091
2125 2092
2134 2106
2139 2109
2147 2114
2156 2118
2162 2123
2173 2132
2178 2135
2197 2159
2212 2169
2218 2173
2222 2179
2228 2184
2254 2205
2272 2249
2288 2269
2289 2271
2299 2291
2353 2312
2327 2328
2337 2340
2371 2363
2380 2371
2466 2426
2492 2448
2532 2486
2533 2488
2562 2499
2546 2501
2563 2508
2596 2541
2597 2543
2614 2553
2637 2569
2651 2588
2722 2654
2788 2736
2807 2763
2805 2769
2870 2801
2896 2871
2949 2884
2992 2928
2963 2938
2995 2972
2996 2973
3015 2987
3077 3020
3084 3027
3061 3032
3100 3057
3130 3066
3105 3068
3126 3102
3149 3117
3161 3129
3160 3132
3165 3133
3209 3151
3171 3152
3177 3153
3178 3154
3179 3155
3180 3156
3176 3158
3189 3163
3190 3167
3201 3175
3202 3176
3230 3177
3205 3179
3208 3187
3212 3189
3238 3191
3217 3194
3221 3198
3245 3200
3260 3217
3269 3224
3276 3230
3277 3235
3285 3241
3291 3253
3294 3258
3300 3264
3303 3265
3312 3274
3319 3284
3328 3290
3408 3415
3458 3424
3494 3445
3499 3455
3504 3461
3467 3471
3523 3479
3481 3486
3512 3499
3543 3501
3557 3507
3522 3509
3561 3512
3528 3517
3530 3518
3573 3528
3550 3543
3552 3548
3554 3554
3558 3555
3564 3562
3602 3570
3679 3700
3726 3745
3738 3754
3743 3758
3746 3763
3758 3778
3759 3781
3771 3797
3800 3805
3803 3806
3792 3821
3903 3926
3931 3947
3932 3949
3974 3982
3964 3999
4021 4019
4031 4026
4026 4027
4035 4033
4039 4040
4044 4041
4046 4048
4027 4049
4055 4070
4063 4077
4080 4100
4089 4106
4181 4193
4195 4202
4220 4231
4221 4232
289 4245
4280 4281
4483 4473
4556 4532
4606 4580
4622 4589
4619 4590
4659 4627
4602 4660
4700 4673
4676 4692
4645 4703
4683 4720
4684 4724
4728 4732
4730 4738
4729 4739
4736 4743
4742 4750
4706 4753
4707 4754
4725 4768
4828 4789
4775 4797
4749 4801
4858 4827
4843 4837
4774 4839
4795 4854
4806 4863
4807 4864
4813 4866
4810 4867
4831 4880
4839 4890
4840 4891
4845 4892
4860 4903
4859 4907
4865 4911
4894 4915
4928 4921
4877 4929
4878 4930
4965 4952
4926 4958
4906 4966
4905 4971
4909 4972
4919 4989
4921 4996
4993 5001
4980 5003
5001 5008
4930 5010
4936 5015
4942 5020
4941 5022
5015 5025
5017 5035
4956 5039
5031 5053
4969 5055
5036 5056
4974 5058
4972 5059
5038 5061
5049 5068
4981 5071
4984 5072
5042 5074
5060 5078
5014 5081
4989 5083
5027 5086
5058 5087
5063 5089
4997 5092
5066 5095
5002 5097
5074 5101
5079 5102
5075 5103
1091 5107
5089 5124
5024 5127
5022 5130
5098 5132
5096 5133
5090 5137
5103 5140
5104 5141
5109 5145
5043 5151
5053 5162
5054 5163
5124 5179
5065 5181
5068 5185
5067 5187
5072 5188
5139 5189
5136 5190
5135 5191
5128 5192
5140 5196
5111 5199
5084 5208
5085 5209
5143 5210
5151 5215
5154 5219
5157 5223
5117 5241
5144 5243
5145 5244
5177 5245
5178 5246
5183 5248
5190 5255
5130 5257
5191 5261
5199 5277
5207 5282
5209 5284
5214 5285
5215 5290
5221 5294
5219 5299
5196 5304
5240 5314
5236 5317
5237 5319
5245 5322
5243 5324
5249 5328
5260 5336
5232 5341
5272 5343
5270 5344
5238 5350
5277 5352
5278 5353
5294 5360
5292 5364
5302 5370
5303 5376
5327 5392
5328 5396
5323 5397
5316 5398
5324 5400
5282 5405
5283 5408
5330 5411
5352 5429
5357 5432
5355 5433
5359 5436
5362 5443
5368 5452
5366 5453
5379 5459
5381 5461
5385 5466
5384 5471
5386 5473
5396 5479
1387 5480
5409 5494
5369 5501
5371 5516
5436 5528
5394 5535
5470 5542
5473 5549
5411 5553
5405 5554
5417 5560
5475 5561
5485 5570
5492 5580
5441 5587
5515 5588
5442 5590
5456 5597
5516 5600
5537 5611
5533 5612
5534 5616
5482 5625
5565 5626
5560 5627
5561 5628
5488 5633
5558 5635
5562 5639
5498 5643
5503 5650
5579 5651
5509 5656
5574 5658
5576 5660
5581 5663
5591 5667
5525 5669
5535 5674
5620 5693
5615 5695
5621 5701
5627 5703
5635 5705
5584 5717
5585 5719
5649 5726
5594 5730
5655 5733
5656 5734
5672 5748
5610 5752
5676 5754
5687 5763
5689 5764
5697 5776
5653 5781
5712 5788
5717 5793
5713 5796
5723 5797
5724 5798
5732 5803
5728 5804
5748 5824
5754 5829
5773 5846
5776 5849
5780 5863
5800 5871
5808 5878
5807 5882
5745 5885
5752 5886
5824 5898
5825 5904
5834 5911
5846 5916
5840 5917
5848 5927
5850 5932
5860 5940
5864 5946
5865 5947
5870 5954
5871 5958
5821 5965
5874 5970
5883 5977
5884 5978
5880 5980
5844 5989
5897 5990
5849 5991
5896 5993
5910 5995
5904 5996
5905 6000
5906 6001
5912 6004
5922 6008
5917 6009
5923 6011
5935 6018
5936 6019
5937 6022
5945 6030
5946 6031
5950 6032
5951 6033
5888 6037
5960 6039
5965 6040
5953 6042
5961 6044
5972 6048
5973 6049
5968 6050
5974 6053
5978 6056
5986 6065
5987 6070
5989 6071
5920 6076
6004 6078
5997 6079
6005 6083
6006 6084
6009 6087
6010 6091
6026 6096
6020 6097
6029 6103
6031 6104
6036 6110
6040 6116
6053 6120
6068 6127
6075 6128
6070 6129
6081 6144
6091 6155
6093 6156
6099 6160
6104 6162
6101 6165
6109 6169
6111 6172
6112 6173
6114 6183
6118 6189
6127 6194
6143 6203
6144 6204
6150 6212
6149 6216
6171 6234
6177 6238
6180 6241
6186 6249
6190 6253
6194 6262
6200 6273
6201 6276
6202 6277
6212 6281
6216 6282
6242 6304
6237 6305
6241 6307
6249 6311
6255 6317
6258 6319
6259 6320
6264 6323
6275 6329
6276 6331
6284 6340
6285 6343
6295 6346
6229 6352
6302 6353
6307 6360
6312 6363
6315 6367
6317 6370
6320 6372
6324 6378
6344 6392
6345 6393
6350 6395
6347 6396
6354 6403
6370 6411
6367 6413
6376 6417
6389 6427
6396 6432
6397 6436
6401 6440
6417 6452
6418 6453
6440 6458
6442 6468
6453 6478
6462 6484
6474 6491
6483 6506
6492 6511
6493 6514
6500 6518
6505 6520
6513 6525
6523 6528
6521 6531
6525 6532
6524 6535
6533 6536
6529 6545
6530 6546
6535 6551
6539 6552
6540 6553
6542 6555
6548 6560
6549 6561
6551 6566
6502 6572
6560 6574
6577 6580
6564 6583
6574 6588
6575 6589
6594 6595
6600 6608
6602 6613
6618 6618
6616 6619
6622 6624
6638 6630
6649 6638
6662 6639
6650 6643
6660 6647
6596 6653
6674 6654
6607 6656
6682 6659
6688 6665
6691 6668
6696 6671
6699 6672
6697 6673
6707 6676
6705 6683
6712 6684
6720 6687
6719 6691
6731 6737
6748 6756
6787 6762
6789 6765
6791 6767
6817 6774
6816 6777
6822 6779
6851 6798
6873 6809
6876 6811
6893 6824
6909 6835
6938 6858
7016 6943
7031 6956
7042 6963
7088 7000
7111 7018
7104 7019
7115 7030
7121 7037
7130 7044
7146 7051
7164 7073
7271 7158
7272 7160
7277 7164
7303 7182
7306 7193
7364 7234
7374 7245
7397 7252
7398 7254
7419 7273
7438 7299
7450 7305
7457 7312
7435 7322
7515 7370
7491 7371
7503 7381
7536 7406
7549 7416
7578 7422
7581 7431
7565 7437
7568 7438
7604 7451
7580 7452
7607 7455
7586 7457
7593 7463
7614 7481
7618 7483
7637 7503
7670 7507
7642 7509
7643 7510
7650 7516
7658 7523
7662 7524
7661 7526
7697 7542
7703 7550
7711 7557
7727 7570
7730 7574
7745 7582
7744 7583
7747 7585
7762 7598
7772 7601
7773 7604
7769 7606
7776 7612
7784 7613
7783 7617
7790 7619
7787 7620
7792 7622
7796 7630
7807 7643
7839 7665
7853 7676
7879 7704
7883 7706
7859 7713
7890 7717
7910 7728
7909 7730
7919 7735
7891 7738
7934 7747
7958 7767
7933 7771
7949 7788
7959 7796
7986 7813
7991 7822
7995 7824
8007 7838
8030 7853
8048 7865
8079 7868
8060 7873
8063 7876
8074 7887
8105 7892
8093 7901
8101 7905
8102 7908
8322 8072
8335 8085
8338 8089
8341 8091
8372 8107
8375 8111
8385 8113
8382 8114
8391 8118
8394 8123
8392 8126
8402 8132
8405 8133
8412 8143
8423 8155
8427 8159
8433 8165
8436 8171
8416 8173
8442 8180
8462 8195
8469 8206
8474 8209
8496 8230
8519 8253
8525 8256
8674 8389
8682 8403
8685 8421
8693 8424
8730 8451
8740 8457
8721 8490
8778 8496
8735 8502
8769 8526
8775 8536
8828 8539
8788 8547
8785 8548
8816 8553
8798 8561
8815 8578
8838 8584
8824 8592
8891 8599
8831 8601
8832 8602
8830 8603
8833 8604
8837 8610
8848 8616
8849 8621
8851 8624
8854 8625
8855 8626
8859 8629
8863 8630
8867 8638
8875 8645
8880 8647
8876 8648
8887 8650
8883 8651
8897 8662
8898 8663
8902 8669
8925 8676
8936 8677
8910 8679
8911 8683
8914 8684
8989 8710
8937 8717
8945 8727
8948 8728
8951 8731
8954 8732
9003 8739
9010 8742
9013 8743
8966 8747
8965 8749
9019 8754
8994 8760
8982 8761
8986 8768
8988 8769
8990 8772
8987 8773
9039 8774
8991 8776
9051 8780
9055 8783
9001 8785
9056 8786
9007 8791
9011 8796
9016 8800
9020 8808
9027 8813
9028 8814
9073 8815
9032 8816
9081 8817
9080 8819
9090 8821
9087 8822
9041 8823
9040 8826
9044 8828
9047 8834
9050 8838
9053 8839
9054 8840
9097 8848
9098 8850
9104 8853
9059 8854
9109 8855
9060 8857
9065 8859
9088 8860
9112 8863
9069 8868
9074 8869
9119 8872
9083 8875
9130 8882
9128 8883
9133 8887
9131 8888
9134 8889
9135 8892
9115 8893
9137 8896
9144 8898
9145 8901
9146 8902
9125 8907
9154 8919
9164 8922
9166 8925
9169 8929
9168 8933
9175 8942
9181 8944
9185 8945
9186 8947
9192 8951
9194 8954
9172 8960
9205 8961
9209 8964
9206 8966
9182 8969
9215 8971
9216 8972
9222 8975
9223 8977
9226 8979
9198 8981
9232 8984
9204 8987
9241 8989
9212 8990
9244 8995
9245 8996
9221 9001
9254 9002
9230 9007
9264 9008
9265 9013
9234 9015
9236 9017
9238 9021
9239 9023
9278 9025
9272 9026
9273 9027
9279 9030
9256 9034
9288 9035
9257 9040
9293 9041
9259 9042
9296 9045
9294 9049
9300 9050
9306 9052
9303 9055
9316 9057
9311 9058
9270 9062
9271 9063
9307 9064
9317 9067
9276 9069
9318 9070
9320 9071
9322 9073
9323 9075
9326 9079
9335 9081
9291 9084
9340 9089
9341 9090
9309 9103
9347 9104
9310 9105
9355 9107
9352 9112
9357 9113
9360 9116
9324 9118
9379 9125
9371 9126
9332 9127
9333 9128
9378 9131
9376 9132
9337 9135
9382 9139
9388 9141
9391 9147
9393 9149
9392 9152
9394 9153
9410 9156
9398 9158
9368 9165
9369 9166
9414 9169
9374 9173
9417 9174
9424 9177
9428 9180
9386 9181
9395 9193
9401 9194
9438 9196
9443 9201
9445 9203
9446 9204
9442 9205
9453 9216
9421 9219
9473 9229
9468 9232
9430 9234
9472 9236
9432 9239
9480 9241
9455 9251
9499 9263
9509 9267
9507 9268
9517 9272
9518 9275
9523 9278
9528 9280
9524 9282
9536 9289
9540 9294
9549 9298
9553 9303
9558 9305
9559 9313
9575 9326
9533 9327
9581 9332
9580 9333
9543 9336
9589 9337
9585 9338
9586 9339
9590 9342
9596 9351
9603 9356
9604 9361
9599 9362
9607 9367
9612 9374
9621 9379
9623 9383
9624 9384
9627 9386
9631 9388
9629 9389
9632 9392
9633 9393
9638 9396
9648 9402
9649 9405
9659 9406
9665 9409
9660 9412
9667 9415
9628 9420
9676 9421
9685 9425
9680 9426
9640 9428
9692 9430
9693 9431
9689 9432
9699 9435
9698 9436
9700 9438
9701 9439
9702 9444
9708 9447
9718 9452
9724 9455
9728 9459
9727 9460
9677 9461
9730 9462
9729 9463
9733 9466
9739 9468
9735 9470
9750 9475
9742 9476
9748 9480
9758 9486
9759 9487
9767 9489
9764 9490
9775 9496
9777 9505
9786 9513
9794 9515
9789 9516
9797 9518
9800 9522
9798 9523
9801 9524
9802 9531
9810 9536
9807 9537
9812 9541
9822 9543
9824 9548
9827 9550
9835 9559
9839 9561
9844 9566
9846 9568
9855 9579
9865 9585
9875 9595
9880 9602
9881 9606
9886 9613
9893 9617
9898 9623
9905 9627
9906 9628
9908 9636
9911 9637
9922 9644
9928 9647
9929 9650
9938 9654
9939 9656
9941 9659
9945 9664
9959 9674
9965 9678
9966 9681
9975 9683
9983 9690
9987 9693
9994 9701
9995 9703
9999 9706
10005 9708
10014 9723
10017 9724
10024 9728
10032 9733
10002 9745
10000 9746
10046 9747
10047 9748
10048 9749
10013 9752
10058 9755
10063 9757
10059 9758
10070 9759
10074 9772
10080 9775
10079 9779
10088 9783
10051 9785
10092 9786
10101 9787
10094 9791
10106 9797
10116 9802
10075 9803
10115 9804
10130 9816
10143 9817
10133 9818
10097 9822
10139 9823
10149 9824
10161 9832
10166 9843
10172 9846
10169 9847
10179 9848
10184 9852
10157 9869
10155 9874
10162 9882
10187 9896
10227 9909
10194 9911
10200 9914
10209 9920
10241 9925
10256 9941
10258 9943
10263 9947
10269 9950
10237 9954
10311 9978
10276 9980
10324 9988
10332 10001
10360 10045
10398 10067
10414 10081
10468 10118
10473 10123
10464 10124
10480 10129
10494 10141
10485 10142
10522 10168
10534 10181
10540 10189
10553 10195
10563 10199
10565 10203
10616 10246
10625 10254
10634 10255
10676 10290
10684 10294
10685 10308
10713 10316
10720 10317
10721 10320
10766 10360
10768 10364
10777 10372
10754 10377
10788 10380
10791 10381
10795 10384
10805 10392
10773 10393
10814 10401
10785 10403
10827 10419
10828 10435
10853 10457
10880 10458
10868 10469
10870 10472
10874 10476
10883 10479
10903 10486
10892 10491
10915 10494
10902 10496
10899 10498
10905 10503
10911 10508
10910 10510
10914 10511
10927 10524
10951 10526
10931 10528
10935 10532
10936 10533
10934 10534
10940 10541
10943 10543
10945 10545
10946 10546
10948 10548
10954 10549
10953 10553
10957 10556
10976 10559
10963 10562
10983 10564
10990 10572
10996 10575
11004 10583
11012 10587
11019 10596
11021 10598
11028 10601
11031 10608
11034 10609
11046 10618
11042 10619
11047 10622
11051 10624
11050 10625
11057 10630
11065 10634
11079 10648
11089 10654
11093 10656
11097 10662
11107 10665
11104 10668
11091 10678
11119 10682
11122 10687
11123 10690
11131 10693
11130 10694
11129 10695
11136 10697
11141 10706
11145 10709
11157 10715
11166 10719
11149 10725
11150 10726
11154 10729
11184 10730
11158 10734
11163 10736
11165 10737
11161 10738
11199 10741
11167 10742
11174 10743
11201 10746
11203 10747
11202 10748
11179 10750
11181 10753
11183 10756
11190 10760
11188 10765
11189 10766
11195 10769
11206 10777
11218 10792
11242 10807
11267 10819
11270 10825
11277 10829
11280 10832
11282 10835
11290 10840
11294 10845
11298 10847
11302 10853
11309 10860
11314 10862
11354 10875
11363 10881
11375 10906
11389 10916
11456 10970
11459 10972
11485 10990
11484 10992
11489 10995
11490 10996
11495 10998
11494 11002
11500 11008
11502 11009
11534 11026
11539 11034
11542 11040
11553 11047
11549 11062
11583 11078
11585 11079
11579 11086
11596 11090
11593 11091
11599 11098
11602 11099
11607 11105
11609 11106
11656 11131
11724 11177
11744 11195
11725 11200
11751 11203
11736 11212
11755 11215
11763 11218
11754 11220
11758 11225
11761 11227
11764 11238
11771 11243
11779 11246
11792 11247
11789 11248
11793 11251
11787 11254
11790 11255
11796 11262
11797 11263
11803 11269
11806 11270
11814 11273
11816 11284
11821 11295
11835 11300
11851 11301
11854 11303
11855 11304
11828 11306
11830 11311
11832 11315
11863 11318
11840 11319
11841 11320
11865 11323
11839 11325
11859 11329
11873 11330
11877 11334
11879 11337
11856 11341
11857 11342
11860 11343
11872 11345
11861 11348
11869 11354
11867 11355
11893 11358
11876 11359
11897 11365
11890 11367
11901 11369
11900 11370
11880 11371
11887 11373
11882 11374
11889 11377
11908 11381
11909 11384
11912 11386
11905 11388
11915 11396
11922 11397
11923 11399
11928 11401
11933 11405
11935 11409
11926 11412
11942 11416
11943 11417
11931 11419
11948 11420
11932 11421
11946 11422
11949 11426
11938 11428
11951 11429
11940 11433
11956 11434
11945 11435
11957 11436
11963 11437
11970 11440
11964 11441
11971 11442
11955 11443
11958 11446
11959 11450
11961 11452
11975 11454
11977 11455
11978 11456
11979 11458
11967 11460
11982 11462
11989 11463
11984 11464
11976 11465
11988 11467
11993 11469
11995 11470
12002 11474
12007 11480
12004 11481
12008 11482
12005 11483
12012 11484
12015 11486
12018 11489
12019 11490
12022 11493
12000 11494
12027 11502
12009 11506
12037 11507
12038 11508
12043 11513
12039 11514
12040 11515
12052 11521
12049 11522
12023 11524
12051 11525
12057 11530
12061 11531
12062 11532
12064 11536
12060 11537
12065 11539
12069 11543
12071 11547
12072 11548
12073 11549
12074 11551
12076 11554
12085 11555
12077 11556
12094 11571
12097 11572
12083 11574
12100 11575
12098 11577
12102 11580
12103 11581
12107 11582
12105 11583
12110 11584
12109 11586
12096 11592
12115 11593
12116 11594
12119 11596
12121 11600
12125 11604
12128 11607
12129 11608
12134 11610
12138 11613
12145 11622
12149 11623
12147 11626
12146 11628
12127 11631
12155 11633
12160 11634
12165 11637
12167 11641
12168 11642
12169 11643
12170 11644
12173 11646
12174 11647
12177 11649
12183 11653
12187 11659
12188 11660
12194 11661
12195 11662
12197 11665
12200 11668
12201 11669
12205 11672
12212 11674
12214 11675
12218 11679
12219 11680
12220 11682
12221 11683
12217 11685
12222 11686
12230 11692
12236 11698
12237 11700
12240 11701
12244 11703
12245 11704
12249 11708
12250 11709
12251 11710
12252 11711
12261 11719
12267 11722
12266 11723
12262 11724
12271 11727
12274 11728
12277 11731
12288 11738
12292 11743
12294 11745
12286 11755
12306 11762
12319 11771
12320 11772
12321 11775
12322 11776
12332 11785
12344 11791
12331 11797
12360 11803
12343 11807
12346 11810
12372 11818
12373 11820
12377 11822
12387 11829
12400 11837
12383 11840
12407 11843
12390 11849
12433 11860
12405 11862
12427 11875
12430 11879
12428 11882
12465 11885
12448 11894
12446 11896
12476 11898
12458 11903
12492 11913
12473 11919
12539 11949
12590 11993
12651 12045
12658 12056
12681 12076
12691 12085
12702 12091
12706 12095
12737 12117
12789 12157
12791 12162
12792 12163
12804 12173
12810 12180
12805 12190
12821 12195
12829 12200
12835 12207
12823 12212
12837 12213
12832 12219
12848 12230
12853 12232
12855 12235
12872 12237
12873 12238
12861 12241
12885 12250
12888 12252
12875 12253
12877 12256
12881 12258
12892 12262
12891 12263
12890 12264
12905 12265
12894 12268
12899 12269
12903 12272
12904 12273
12908 12278
12914 12284
12916 12287
12917 12288
12924 12290
12923 12292
12951 12300
12963 12308
12965 12311
12968 12314
12971 12316
12974 12319
12980 12324
12982 12325
12984 12329
12993 12331
12995 12335
13000 12338
13003 12342
13010 12344
13009 12348
13013 12349
13012 12351
13021 12352
13020 12353
13025 12356
13027 12358
13028 12360
13030 12362
13034 12365
13029 12369
13031 12371
13042 12374
13038 12376
13039 12377
13043 12382
13045 12384
13055 12394
13053 12398
13057 12401
13075 12413
13082 12424
13087 12428
13088 12429
13110 12441
13100 12442
13105 12445
13182 12495
13185 12497
13225 12537
13252 12564
13253 12566
13263 12571
13257 12573
13266 12576
13261 12578
13294 12596
13290 12600
13310 12622
13328 12625
13327 12636
13337 12639
13343 12644
13361 12661
13458 12718
13472 12726
13470 12728
13476 12746
13493 12754
13507 12764
13511 12779
13524 12789
13531 12790
13526 12791
13534 12797
13523 12798
13549 12813
13551 12814
13562 12818
13552 12820
13563 12822
13555 12824
13572 12829
13573 12831
13565 12833
13571 12842
13570 12846
13584 12848
13591 12850
13576 12853
13583 12859
13601 12861
13585 12862
13594 12863
13602 12864
13595 12865
13612 12870
13617 12871
13610 12873
13627 12881
13619 12886
13633 12887
13639 12889
13635 12892
13654 12899
13651 12900
13659 12905
13660 12906
13663 12907
13667 12913
13671 12914
13657 12915
13674 12917
13678 12922
13684 12925
13683 12926
13686 12927
13680 12928
13689 12930
13690 12934
13693 12936
13696 12939
13704 12943
13706 12944
13702 12945
13705 12949
13711 12954
13692 12955
13714 12957
13715 12958
13719 12964
13727 12970
13726 12971
13729 12973
13708 12974
13736 12975
13735 12977
13737 12982
13741 12983
13740 12985
13748 12987
13755 12994
13756 12995
13754 12997
13761 13000
13759 13001
13762 13003
13763 13004
13771 13014
13779 13018
13781 13021
13776 13023
13786 13025
13787 13026
13770 13027
13789 13029
13790 13035
13800 13047
13803 13049
13804 13050
13805 13052
13808 13053
13813 13059
13834 13076
13841 13079
13842 13080
13847 13085
13844 13086
13850 13088
13857 13093
13859 13095
13860 13096
13861 13097
13864 13099
13866 13101
13879 13112
13896 13119
13880 13122
13893 13128
13917 13140
13904 13141
13970 13179
13976 13186
13963 13187
13999 13209
13986 13213
14008 13232
14024 13239
14026 13253
14137 13345
14279 13486
14281 13490
14307 13511
14310 13512
14319 13518
14324 13524
14338 13535
14337 13547
14358 13554
14347 13559
14354 13562
14361 13570
14371 13571
14377 13576
14368 13578
14373 13582
14375 13585
14389 13598
14405 13601
14413 13615
14417 13616
14421 13623
14423 13625
14433 13633
14438 13637
14444 13639
14476 13657
14479 13658
14487 13663
14491 13668
14485 13674
14497 13675
14508 13680
14515 13684
14518 13687
14522 13692
14526 13695
14533 13702
14530 13703
14537 13705
14536 13709
14543 13716
14545 13719
14547 13722
14552 13731
14556 13738
14558 13744
14570 13750
14577 13761
14580 13763
14585 13767
14594 13778
14595 13781
14598 13785
14620 13804
14667 13848
14725 13881
14744 13891
14750 13898
14752 13900
14778 13915
14780 13916
14781 13917
14785 13918
14787 13922
14793 13928
14798 13929
14810 13938
14815 13942
14812 13948
14831 13956
14883 13998
14886 14001
14898 14018
14899 14022
14908 14026
14904 14031
14916 14042
14917 14043
14920 14045
14922 14047
14926 14052
14924 14054
14936 14060
14941 14070
14946 14076
14948 14078
14957 14080
14958 14081
14963 14086
14964 14087
14967 14088
14974 14095
14976 14096
14982 14100
14985 14104
14989 14106
14988 14107
14992 14114
14994 14115
14997 14120
14999 14122
15000 14123
15005 14125
15004 14128
15008 14129
15009 14133
15011 14136
15018 14143
15028 14152
15033 14159
15039 14161
15064 14189
15067 14191
15070 14195
15078 14202
15079 14205
15098 14220
15106 14224
15131 14241
15175 14288
15182 14293
15233 14331
15250 14346
15275 14363
15267 14364
15285 14369
15289 14376
15294 14380
15307 14383
15304 14384
15322 14397
15325 14402
15326 14403
15329 14410
15403 14465
15419 14474
15424 14479
15436 14481
15445 14487
15454 14496
15468 14501
15469 14504
15471 14509
15483 14516
15544 14558
15549 14561
15567 14572
15578 14586
15586 14590
15588 14592
15594 14596
15630 14624
15632 14625
15633 14626
15647 14637
15790 14764
15913 14857
15919 14862
15920 14864
15929 14870
15943 14887
15952 14894
15979 14918
16064 15132
16873 15787
3245 16025
17682 16523
17805 16654
17742 16811
17545 16912
17949 17076
17740 17106
17966 17158
18212 17285
51 52
157
868 812
884 825
986 884
1034 898
1053 912
1184 979
1232 999
1244 1003
1267 1015
1273 1018
3461 2941
3546 3012
3567 3030
3603 3059
3630 3087
3667 3118
3700 3133
3737 3158
3743 3164
3741 3165
3745 3166
3753 3171
1161 3220
3837 3244
3853 3254
3856 3261
3873 3276
3876 3279
3880 3282
3886 3290
6313 5322
6315 5325
6342 5346
6353 5360
6377 5384
6408 5408
6414 5409
6432 5438
6468 5462
6491 5477
6517 5505
6578 5559
6588 5564
6611 5586
6626 5590
6640 5602
6638 5603
6655 5607
6663 5618
6669 5620
6674 5625
6705 5651
6707 5654
6736 5676
6750 5686
6752 5693
6759 5700
6760 5702
6764 5706
6775 5712
6776 5715
6782 5719
6787 5725
8552 7331
8560 7339
8561 7341
8571 7347
8570 7350
8574 7356
8582 7366
8593 7374
8600 7385
8611 7388
8612 7389
8617 7393
8631 7404
8632 7405
8639 7410
8652 7418
8656 7423
8661 7425
8669 7432
8670 7435
8688 7447
8692 7451
8707 7462
8715 7468
8721 7469
8722 7470
8727 7473
8741 7485
8742 7486
8752 7490
8750 7492
8751 7493
8758 7496
8761 7501
8767 7502
8768 7504
8769 7505
8771 7506
8774 7509
8777 7514
8784 7519
8796 7523
8818 7539
8825 7544
8834 7547
8851 7569
9925 8650
9931 8657
9932 8660
9945 8670
9946 8674
9951 8677
9952 8678
9968 8688
9979 8695
9976 8696
9977 8699
9989 8705
9987 8708
9992 8712
9998 8715
9999 8716
10018 8736
10017 8738
10036 8753
10038 8762
10053 8770
10060 8780
10068 8786
10084 8796
10087 8798
10090 8799
10092 8800
10104 8813
10105 8815
10112 8821
10113 8828
10133 8842
10151 8862
10167 8874
11095 9870
11096 9873
11099 9874
11107 9889
11117 9901
11123 9906
11130 9914
11140 9921
11139 9928
11169 9950
11631 10533
11643 10543
11642 10547
11653 10551
51 53
47
1059 1088
1058 1090
1169 1176
1267 1250
727 3732
3662 3954
3667 3962
3745 4040
3846 4163
3853 4173
3886 4219
5073 5189
5422 5671
6342 6646
6460 6803
6556 6907
6611 6958
6635 6977
6674 7013
6678 7019
6736 7101
6739 7105
6745 7109
6775 7157
6780 7159
7607 7868
7627 7881
7824 8178
7883 8267
7931 8331
8560 9035
8750 9225
8751 9228
8767 9239
8769 9242
8770 9247
8777 9253
8786 9264
8796 9270
9366 9968
9415 10016
9410 10022
9979 10703
10104 10828
10113 10834
10718 11664
10577 12457
51 54
18
1000 1254
1236 1485
1248 1497
1262 1522
1267 1526
3667 4980
3700 5015
3896 5322
5377 6946
5375 6950
6759 8548
7607 9531
7883 9923
9410 11706
9449 11731
8054 11807
10718 13225
13717 16655
52 53
310
485 537
545 618
2911 802
2936 845
831 937
884 1053
918 1089
922 1104
948 1142
953 1152
964 1164
3209 1174
998 1220
1000 1224
1009 1233
1010 1235
1016 1248
1015 1250
1025 1268
1416 1776
1623 2101
1640 2142
1644 2145
1645 2148
1756 2345
1762 2357
1771 2380
1785 2398
1889 2587
1933 2642
1941 2654
2262 2969
2382 3083
2907 3731
2950 3763
780 3792
3096 3941
3112 3954
3118 3962
3139 4003
3151 4014
3169 4041
3180 4059
3193 4087
3224 4125
3235 4138
3246 4153
3254 4173
3265 4175
3259 4176
3269 4190
3276 4202
3279 4206
3282 4211
3290 4219
3314 4244
3336 4283
3589 4602
4074 5138
4113 5189
4271 5396
4303 5446
4331 5482
4348 5490
4353 5502
4365 5507
4366 5517
4388 5524
4398 5545
4457 5637
4487 5671
4483 5679
4486 5682
4510 5703
4639 5858
4628 5861
4633 5863
4647 5877
4662 5893
4670 5902
4679 5914
4680 5915
4683 5917
4693 5924
4708 5940
4719 5957
4721 5962
4735 5975
4740 5979
4751 5988
4748 5995
5473 6173
5314 6603
5325 6623
5346 6646
5349 6648
5403 6724
5465 6807
5506 6864
5520 6881
5543 6907
5556 6932
5588 6967
5595 6977
5604 6987
5612 6995
5618 7007
5625 7013
5628 7015
5651 7052
5652 7058
5669 7083
5676 7101
5679 7105
5686 7116
5685 7118
5689 7121
5693 7125
5695 7128
5700 7137
5702 7141
5706 7150
5712 7157
5715 7160
5725 7175
5733 7190
5743 7209
6128 7654
6143 7665
6157 7678
6313 7805
6375 7868
6416 7901
6623 8180
6634 8191
6649 8207
6654 8210
6656 8213
6651 8216
6655 8225
6659 8227
6680 8251
6686 8259
6701 8288
6724 8307
6733 8331
6740 8333
6748 8336
6749 8347
6855 8488
6869 8517
6874 8520
6883 8527
6886 8534
6892 8538
6894 8545
6895 8547
6896 8548
6901 8558
6906 8559
6904 8560
6915 8576
6914 8577
6925 8586
6927 8590
6926 8596
6936 8603
6939 8607
6937 8608
6940 8610
6948 8619
6966 8649
6967 8652
7087 8791
7128 8826
7171 8863
7339 9035
7346 9043
7356 9051
7366 9062
7393 9095
7398 9102
7412 9122
7441 9177
7453 9184
7458 9197
7462 9199
7464 9202
7470 9204
7493 9228
7496 9230
7502 9239
7504 9241
7505 9242
7508 9247
7514 9253
7519 9258
7522 9264
7524 9268
7523 9270
7528 9279
7536 9292
7544 9308
7542 9310
7551 9320
7553 9326
7567 9347
7778 9654
7797 9679
7808 9689
7811 9694
7820 9704
7888 9775
7899 9782
7903 9784
7917 9799
8039 9964
8044 9970
8058 9981
8061 9982
8068 9994
8069 9996
8070 9997
8067 9998
8071 10003
8076 10008
8082 10009
8077 10010
8083 10018
8092 10030
8095 10032
8096 10035
8106 10047
8110 10050
8113 10064
8142 10122
8147 10134
8150 10142
8155 10151
8157 10153
8170 10164
8175 10175
8179 10176
8185 10190
8192 10205
8332 10367
8393 10396
8386 10400
8670 10674
8674 10675
8678 10681
8677 10684
8695 10703
8697 10708
8702 10714
8705 10716
8712 10722
8716 10723
8742 10751
8753 10763
8784 10792
8786 10797
8800 10813
8801 10817
8802 10818
8813 10828
8851 10864
8856 10867
9137 11256
9267 11401
9288 11424
9330 11465
9496 11621
9517 11649
9514 11650
9521 11658
9533 11671
9530 11675
9536 11679
9564 11761
9566 11766
9565 11770
9574 11790
9578 11793
9585 11799
9596 11814
9606 11834
9614 11851
9717 11940
9710 11943
9730 11952
9746 11961
9750 11968
9753 11972
9853 12052
9865 12068
9907 12113
9908 12116
9921 12132
10271 12516
10272 12518
10275 12528
10301 12568
10385 12677
10386 12678
10388 12682
10587 12851
10899 13168
11013 13289
4723 15058
52 54
59
948 1375
1025 1552
1756 3079
3254 5250
3724 6132
4098 6524
4331 6841
4365 6858
4445 6937
5612 8374
5700 8548
5725 8610
6634 9848
6649 9865
6654 9867
6656 9869
6651 9876
6659 9889
6655 9891
6724 9950
6874 10124
6896 10148
6895 10149
6966 10237
6974 10244
7142 10418
7153 10427
7778 11308
8048 11661
8058 11668
8061 11669
8069 11679
8070 11680
8067 11683
8071 11686
8077 11698
8078 11700
8079 11702
8083 11703
8096 11722
8110 11731
8155 11818
8170 11831
8175 11840
8179 11841
8185 11855
8192 11869
9517 13217
9514 13220
9521 13223
9564 13312
9574 13340
9596 13360
9710 13497
9750 13519
10361 14142
10385 14176
10385 14180
10810 14492
52 55
25
4331 7442
4358 7452
4365 7457
3620 9752
6623 10457
6634 10462
6638 10478
6649 10479
6659 10508
6655 10511
6874 10729
6906 10762
7142 11026
7153 11040
8048 12233
8058 12242
8061 12243
8067 12260
8155 12382
8192 12424
9521 13629
9574 13738
9750 13943
10361 14479
10375 14501
53 54
1057
33 32
48 49
143 170
537 559
541 570
544 571
548 580
546 581
625 698
673 746
669 767
671 779
684 783
688 788
697 798
700 802
715 812
713 813
723 819
757 861
763 864
767 865
824 929
862 989
895 1028
904 1036
941 1048
927 1066
935 1071
989 1087
948 1094
965 1117
977 1123
983 1143
997 1153
1001 1159
1017 1184
1039 1190
1019 1192
1026 1206
1034 1216
1043 1221
1047 1228
1053 1236
1076 1290
1088 1305
1090 1312
1100 1322
1104 1328
1135 1338
1116 1347
1138 1371
1142 1375
1172 1393
1164 1404
1187 1405
1188 1410
1171 1412
1165 1413
1179 1424
1203 1432
1189 1441
1219 1449
1218 1451
1194 1452
1201 1466
1209 1471
1220 1485
1230 1494
1233 1501
1240 1514
1241 1522
1248 1524
1250 1526
1255 1535
1263 1540
1273 1558
1283 1568
1314 1595
1331 1632
1346 1651
1348 1653
1363 1674
1367 1683
1370 1684
1375 1690
1377 1692
1382 1694
1399 1711
1405 1716
1409 1718
1420 1738
1419 1740
1425 1747
1584 2045
1588 2066
1614 2113
1626 2137
1638 2140
1681 2230
1770 2344
1752 2349
1756 2351
1776 2353
1811 2398
1877 2463
1886 2474
1904 2501
1909 2544
1918 2554
1928 2593
1947 2622
1957 2639
1962 2653
1963 2662
1965 2666
1988 2706
2146 2833
2122 2839
2131 2845
2178 2875
2182 2880
2187 2883
2194 2886
2208 2900
2211 2905
2212 2908
2232 2945
2240 2951
2248 2957
2249 2961
2259 2964
2251 2969
2261 2982
2285 2990
2272 3004
2257 3038
2317 3040
2292 3072
2290 3073
2302 3088
2320 3111
2323 3114
2321 3119
2347 3139
2365 3164
2392 3183
2400 3189
2402 3190
2473 3259
2509 3300
2566 3320
2587 3348
2598 3354
2643 3409
2667 3437
2675 3442
2884 3686
2965 3759
2969 3770
2971 3771
2978 3783
2985 3787
3050 3820
3105 3898
3121 3952
3379 4213
3396 4243
3416 4281
3458 4337
3473 4361
3485 4378
3488 4379
3491 4386
3500 4400
3511 4409
3512 4414
3519 4415
3536 4442
3515 4443
3565 4459
3547 4462
3577 4477
3634 4530
3592 4538
3627 4556
3648 4574
3657 4596
3667 4597
3672 4600
3688 4617
3693 4640
3727 4671
3803 4733
3779 4746
3786 4752
3797 4758
3801 4772
3814 4792
3845 4795
3822 4801
3824 4804
915 4806
3863 4818
3879 4830
3851 4833
3864 4853
3907 4871
3908 4872
3885 4883
3888 4888
3920 4890
3893 4898
3901 4906
3944 4925
3931 4940
3966 4954
3969 4959
3940 4961
3983 4975
3984 4976
3962 4980
4003 5028
4013 5034
4011 5037
4014 5038
4045 5039
4050 5046
4057 5054
4036 5062
4035 5064
4041 5066
4062 5068
4077 5085
4078 5086
4088 5097
4059 5100
4065 5106
4094 5110
4067 5111
4069 5120
4103 5123
4109 5135
4087 5137
4113 5145
4114 5146
4118 5147
4116 5148
4120 5149
4119 5152
4122 5155
4098 5156
4134 5160
4102 5166
4145 5178
4111 5180
4149 5182
4156 5186
4125 5194
4160 5197
4161 5198
4129 5200
4167 5203
4172 5207
4142 5208
4174 5211
4143 5215
4179 5220
4153 5221
4181 5224
4154 5227
4187 5232
4157 5234
4164 5236
4201 5241
4196 5242
4197 5243
4173 5250
4203 5253
4212 5257
4176 5258
4175 5260
4213 5263
4184 5271
4193 5272
4225 5274
4194 5277
4226 5282
4229 5285
4233 5287
4206 5293
4211 5297
4241 5305
4219 5310
4222 5311
4253 5321
4244 5338
4245 5342
4248 5345
4251 5351
4284 5353
4259 5355
4286 5357
4288 5365
4289 5366
4292 5371
4298 5378
4316 5407
4318 5414
4320 5416
4327 5423
4332 5434
4331 5459
4360 5467
4356 5472
4362 5473
4349 5501
4379 5507
4380 5508
4376 5509
4382 5510
4385 5515
4389 5521
4387 5522
4395 5532
4397 5539
4400 5544
4401 5546
4407 5560
4411 5568
4415 5574
4417 5579
4423 5590
4424 5593
4427 5598
4429 5600
4443 5619
4449 5626
4458 5636
4462 5642
4469 5645
4486 5671
4679 6014
4784 6132
4757 6136
4832 6185
4847 6191
4841 6195
4849 6202
4911 6322
4975 6378
5005 6390
5021 6420
5086 6455
5093 6461
5110 6475
5111 6478
5137 6503
5138 6504
1887 6511
5153 6514
5169 6524
5162 6549
5163 6552
5170 6557
5181 6567
5238 6636
5246 6645
5288 6689
5306 6707
5411 6764
5417 6803
5455 6809
5426 6818
5436 6832
5437 6838
5482 6841
5489 6844
5501 6853
5507 6858
5502 6860
5517 6870
5526 6882
5545 6895
5561 6896
5550 6897
5557 6902
5565 6908
5583 6910
5584 6914
5588 6925
5621 6940
5637 6950
5573 6952
5599 6967
5605 6969
5608 6970
5626 6980
5622 6981
5631 6987
5639 6995
2328 6998
5644 7001
5647 7011
5729 7028
5690 7037
5712 7053
5731 7068
5743 7077
5749 7087
5773 7105
5779 7110
5813 7112
5821 7117
5805 7132
5823 7149
5902 7194
5914 7206
5995 7276
6148 7424
7004 7452
7072 7454
6250 7520
6259 7532
6264 7536
6268 7539
6266 7541
6271 7546
6285 7547
6296 7560
6308 7564
6377 7628
6330 7630
6354 7637
6531 7797
6541 7817
6548 7822
6555 7836
6557 7842
6597 7898
6602 7906
6619 7920
6649 7953
6645 7957
6663 7966
6652 7977
6660 7989
6671 8001
6698 8009
6687 8019
6702 8026
6696 8027
6736 8061
6724 8063
6780 8119
6825 8144
6807 8149
6842 8158
6826 8163
6839 8178
6835 8180
6865 8190
6860 8203
6863 8215
6891 8219
6884 8244
6888 8248
6915 8250
6894 8251
6917 8253
6922 8258
6924 8260
6898 8263
6899 8269
6903 8275
6908 8278
6944 8285
6934 8303
6937 8311
6974 8327
6958 8336
6981 8338
6985 8341
6992 8356
6977 8357
6982 8360
6987 8364
7001 8366
6997 8373
7017 8380
7003 8383
7007 8386
7025 8388
7030 8392
7011 8393
7033 8396
7013 8400
7044 8402
7045 8407
7019 8408
7051 8417
7027 8420
7029 8421
7042 8434
7067 8440
7068 8445
7074 8446
7075 8447
7058 8454
7059 8455
7060 8457
7084 8460
7089 8463
7096 8472
7098 8478
7102 8480
7103 8481
7107 8482
7106 8484
7083 8485
7078 8486
7111 8489
7086 8493
7119 8496
7120 8498
7095 8503
7101 8505
7126 8506
7104 8509
7105 8510
7133 8512
7129 8513
7130 8515
7109 8518
7140 8519
7110 8520
7142 8521
7138 8522
7139 8523
7145 8527
7143 8528
7116 8530
7147 8532
7152 8535
7155 8537
7125 8540
7131 8545
7137 8548
7161 8554
7141 8555
7170 8562
7173 8570
7157 8584
7159 8585
7160 8586
7188 8592
7192 8594
7193 8595
7199 8601
7198 8602
7174 8606
7178 8607
7175 8610
7185 8613
7190 8616
7208 8617
7210 8621
7213 8623
7200 8628
7214 8630
7222 8636
7227 8642
7231 8648
7230 8649
7232 8650
7235 8655
7236 8659
7243 8660
7246 8665
7249 8668
7250 8675
7252 8676
7254 8680
7264 8691
7253 8697
7275 8703
7276 8704
7278 8706
7289 8728
7292 8732
7293 8733
7294 8734
7297 8737
7298 8747
7304 8751
7307 8759
7312 8762
7319 8766
7325 8772
7330 8777
7333 8780
7337 8785
7338 8786
7340 8790
7341 8794
7347 8796
7349 8800
7350 8803
7353 8807
7354 8809
7358 8818
7361 8822
7369 8827
7370 8828
7376 8841
7377 8844
7387 8856
7500 9066
7527 9085
7557 9133
7535 9137
7559 9140
7571 9151
7585 9170
7611 9213
7612 9217
7655 9287
7827 9500
7868 9531
7892 9558
7897 9563
7918 9585
7921 9607
7923 9608
7929 9613
7975 9663
7982 9669
7986 9676
7988 9682
7993 9685
8010 9706
8015 9715
8019 9719
8024 9723
8043 9747
8173 9828
8172 9829
8185 9842
8191 9848
8192 9849
8166 9851
8202 9861
8207 9865
8210 9867
8213 9869
8179 9870
8218 9871
8216 9876
8227 9889
8255 9899
8243 9900
8251 9907
8230 9921
8267 9923
8269 9928
8247 9939
8296 9946
8253 9947
8319 9954
8280 9969
8293 9976
8297 9980
8352 9983
8299 9992
8311 9994
8312 9999
8373 10000
8321 10003
8335 10009
8332 10011
8353 10023
8385 10036
8400 10054
8401 10055
8397 10059
8418 10074
8429 10081
8437 10089
8449 10096
8465 10106
8480 10118
8554 10136
8538 10137
8548 10148
8596 10185
8636 10225
8664 10250
8804 10380
8828 10399
8838 10407
8844 10416
8851 10425
8854 10427
8865 10455
8903 10467
8882 10469
8883 10470
8884 10475
8890 10477
8898 10479
8916 10486
8918 10496
8925 10499
9050 10603
9048 10608
9056 10614
9080 10643
9095 10663
9102 10673
9108 10685
9117 10693
9141 10723
9168 10730
9166 10747
9180 10751
9183 10752
9173 10756
9177 10757
9210 10782
9197 10783
9202 10786
9207 10787
9209 10794
9222 10808
9237 10816
9230 10819
9240 10820
9244 10821
9254 10824
9241 10825
9239 10826
9248 10830
9259 10832
9266 10833
9253 10837
9271 10839
9261 10842
9258 10843
9264 10846
9262 10847
9276 10848
9283 10850
9268 10852
9290 10857
9291 10861
9279 10863
9287 10867
9297 10873
9302 10876
9305 10879
9306 10880
9304 10883
9301 10889
9319 10891
9318 10892
9308 10894
9321 10896
9322 10897
9327 10899
9323 10900
9325 10902
9314 10904
9329 10906
9330 10907
9333 10909
9337 10913
9340 10914
9343 10920
9326 10921
9350 10924
9355 10927
9362 10931
9358 10932
9361 10936
9363 10937
9364 10938
9348 10944
9366 10946
9373 10950
9383 10955
9385 10961
9386 10962
9388 10963
9387 10967
9392 10968
9404 10980
9400 10981
9407 10985
9411 10990
9412 10991
9415 10995
9419 11001
9422 11002
9417 11003
9423 11006
9427 11012
9433 11017
9430 11018
9436 11024
9439 11028
9442 11031
9441 11032
9443 11034
9446 11035
9447 11036
9451 11039
9453 11042
9455 11044
9458 11047
9460 11048
9468 11058
9463 11059
9469 11065
9470 11068
9477 11077
9482 11080
9483 11082
9486 11086
9574 11201
9590 11245
9619 11285
9670 11325
9675 11335
9687 11352
9819 11498
9835 11512
9849 11528
9888 11575
9878 11577
9890 11595
9910 11617
9951 11641
9968 11650
9953 11655
9981 11668
9982 11669
9969 11670
9986 11671
9994 11678
9996 11679
9997 11680
9976 11681
9998 11683
10003 11686
10004 11689
10008 11694
10016 11695
10010 11698
10011 11700
10013 11702
10018 11703
10023 11705
10022 11706
10007 11714
10030 11715
10032 11719
10014 11720
10035 11722
10036 11724
10047 11728
10050 11731
10028 11732
10056 11737
10039 11741
10048 11745
10076 11752
10054 11753
10061 11759
10058 11760
10069 11767
10072 11768
10073 11770
10078 11775
10083 11776
10092 11787
10151 11818
10164 11831
10175 11840
10176 11841
10205 11869
10230 11885
10320 11980
10355 12009
10363 12015
10367 12021
10372 12023
10374 12025
10376 12026
10386 12034
10383 12036
10401 12039
10409 12046
10378 12051
10416 12057
10391 12069
10427 12070
10402 12074
10403 12075
10439 12080
10405 12083
10448 12085
10410 12086
10450 12092
10440 12103
10478 12133
10595 12198
10600 12208
10681 12266
10703 12277
10716 12287
10720 12292
10723 12296
10727 12302
10751 12321
10758 12331
10763 12335
10767 12338
10830 12368
10816 12369
10817 12370
10820 12372
10828 12376
10837 12378
10841 12379
10842 12380
10855 12389
10863 12393
10865 12396
10854 12399
10879 12410
10867 12413
10891 12415
10892 12416
10882 12417
10898 12422
10894 12431
10903 12433
10907 12434
10911 12436
10913 12441
10914 12442
10899 12443
10917 12446
10919 12449
10924 12450
10912 12455
10931 12462
10940 12467
10927 12470
10944 12473
10945 12474
10946 12475
10948 12479
10950 12480
10955 12485
10964 12490
10960 12493
10954 12499
10966 12501
10969 12504
10978 12511
10982 12517
10983 12518
10986 12521
10989 12524
10990 12525
10993 12536
10999 12538
11003 12545
11007 12546
11010 12553
11020 12563
11025 12573
11030 12576
11031 12581
11034 12583
11039 12598
11277 12843
11499 13050
11500 13051
11517 13074
11571 13137
11620 13179
11649 13217
11658 13223
11666 13226
11667 13227
11669 13229
11671 13230
11672 13244
11686 13259
11691 13261
11699 13271
11761 13312
11790 13340
11814 13360
11841 13388
11851 13395
11812 13486
11939 13490
11937 13493
11938 13494
11943 13497
11952 13502
11946 13508
11947 13509
11957 13511
11960 13512
11969 13515
11963 13516
11970 13525
11956 13527
12645 13544
12048 13589
12050 13591
12073 13604
12086 13615
12093 13621
12094 13624
12113 13637
12120 13640
12177 13674
12203 13695
12206 13704
12214 13711
12222 13719
12226 13726
12241 13739
12245 13741
12247 13745
12254 13752
12260 13758
12335 13827
12500 14012
12642 14141
12656 14154
12672 14170
12673 14171
12677 14176
12848 14280
13386 14758
13584 14909
14195 14963
13549 15364
14848 16254
14886 16270
15005 16668
53 55
276
965 1169
1039 1237
4065 1407
1142 1419
1153 1422
1165 1459
1187 1482
1220 1545
1230 1556
1232 1561
1250 1585
1268 1609
1296 1652
1302 1659
1303 1661
1331 1714
1348 1738
1367 1775
1382 1789
1399 1808
1420 1835
1425 1848
3803 5079
3845 5142
3863 5168
3897 5210
3907 5216
3944 5268
3969 5300
3962 5307
3983 5317
4036 5405
4050 5411
4062 5433
4059 5445
4077 5452
4078 5453
4084 5463
4088 5472
4094 5483
4098 5501
4118 5527
4119 5528
4125 5541
4143 5572
4160 5579
4161 5580
4167 5591
4164 5597
4174 5600
4173 5609
4179 5612
4181 5616
4196 5635
4184 5643
4211 5674
4233 5695
4253 5726
4248 5738
4260 5739
4259 5752
4273 5767
4284 5776
4283 5790
4327 5863
4332 5882
4360 5927
4362 5941
4379 5977
4380 5978
4382 5979
4389 5990
4395 6001
4400 6012
4397 6013
4401 6016
4407 6031
4411 6041
4415 6049
4423 6071
4424 6072
4427 6087
4429 6090
4458 6130
4486 6174
7072 8062
6865 8819
6915 8873
6958 8939
6975 8942
6974 8945
6981 8953
6985 8954
6989 8966
6992 8972
6998 8980
7003 8990
7017 9002
7025 9009
7030 9013
7027 9021
7044 9027
7045 9030
7051 9048
7061 9050
7065 9052
7074 9074
7089 9090
7083 9103
7096 9104
7098 9112
7102 9113
7107 9116
7095 9118
7111 9126
7104 9127
7119 9131
7120 9132
7110 9135
7133 9147
7138 9158
7142 9160
7137 9166
7145 9168
7147 9169
7155 9177
7170 9196
7173 9204
7188 9230
7195 9231
7192 9232
7193 9233
7199 9241
7200 9249
7208 9252
7210 9256
7214 9268
7222 9273
7227 9278
7232 9282
7236 9298
7243 9301
7246 9308
7249 9313
7250 9320
7254 9326
7275 9362
7278 9367
7289 9386
7292 9392
7293 9393
7294 9394
7297 9396
7304 9405
7307 9412
7312 9415
7319 9421
7325 9431
7337 9447
7341 9454
7347 9455
7349 9463
7354 9477
7361 9487
7370 9497
7376 9509
8803 10986
9168 11350
9180 11365
9231 11411
9230 11419
9237 11422
9240 11426
9244 11429
9247 11433
9254 11436
9259 11440
9266 11442
9271 11454
9276 11458
9283 11462
9279 11465
9290 11467
9305 11484
9306 11485
9308 11494
9312 11497
9321 11507
9322 11508
9319 11512
9323 11513
9327 11518
9333 11522
9326 11524
9337 11530
9343 11537
9350 11539
9348 11545
9354 11547
9355 11548
9362 11551
9361 11556
9363 11557
9373 11569
9383 11580
9388 11581
9385 11582
9387 11584
9392 11585
9404 11600
9407 11604
9411 11607
9412 11610
9419 11622
9422 11623
9417 11624
9423 11628
9427 11633
9433 11637
9430 11638
9434 11643
9436 11644
9439 11647
9442 11653
9446 11659
9447 11660
9451 11663
9453 11665
9455 11668
9458 11672
9468 11679
9463 11680
9469 11686
9477 11699
9482 11701
9483 11704
10830 12881
10837 12889
10841 12891
10863 12905
10865 12907
10879 12922
10891 12926
10894 12933
10898 12934
10911 12944
10907 12945
10905 12948
10906 12949
10924 12962
10931 12973
10927 12974
10940 12975
10944 12977
10946 12982
10948 12985
10950 12987
10964 12996
10960 12997
10966 13001
10969 13003
10978 13015
10982 13019
10986 13020
10989 13030
10999 13040
11020 13071
11030 13080
12177 14078
12203 14095
12214 14106
12222 14112
12248 14137
12260 14151
12656 14487
13549 15132
54 55
2400
0 0
5 7
11 13
45 54
49 59
68 74
116 125
150 139
199 199
245 238
287 271
509 474
524 491
559 526
564 530
570 531
565 532
571 537
579 539
580 540
581 541
573 542
599 560
602 564
600 573
604 574
610 577
613 588
627 611
661 659
668 663
698 678
714 706
721 713
709 729
747 747
724 762
737 768
774 779
783 792
791 803
788 805
812 836
813 839
837 862
864 896
865 897
880 911
862 925
907 927
906 966
933 982
971 986
970 988
930 997
989 1000
927 1007
957 1010
937 1014
990 1033
969 1036
1024 1040
1036 1048
986 1055
1035 1058
1041 1061
1042 1065
1043 1066
1044 1067
995 1070
1016 1088
1014 1091
1066 1095
1072 1099
1071 1102
1092 1110
1055 1111
1094 1112
1093 1114
1112 1129
1121 1133
1122 1134
1053 1141
1084 1144
1058 1146
1140 1149
1061 1154
1153 1156
1110 1158
1087 1159
1158 1160
1109 1161
1159 1165
1117 1169
1165 1174
1137 1179
1143 1183
1182 1193
1161 1196
1162 1197
1120 1198
1135 1200
1167 1205
1144 1207
4913 1211
1178 1215
1163 1218
1184 1226
1196 1231
1174 1232
1199 1235
1190 1237
1209 1242
1215 1252
1216 1253
1200 1254
1201 1255
1220 1259
1228 1275
1240 1281
1261 1302
1238 1303
4990 1306
1272 1332
1273 1333
1294 1342
1279 1344
1311 1352
1312 1353
1322 1361
1340 1373
1344 1381
1347 1388
1330 1391
1375 1419
1386 1429
1404 1454
1413 1459
1412 1464
1414 1465
1419 1470
1399 1473
1405 1482
1429 1484
1409 1486
1437 1487
1436 1489
1441 1497
1452 1504
1464 1511
1444 1515
1443 1521
1454 1530
1460 1541
1461 1542
1485 1545
1492 1554
1494 1556
1473 1560
1502 1561
1507 1566
1514 1576
1521 1580
1526 1585
1532 1589
1535 1592
1513 1593
1539 1596
1540 1597
1527 1608
1557 1613
1570 1626
1587 1652
1601 1661
1604 1662
1578 1668
1613 1674
1602 1680
1619 1697
1640 1698
1651 1732
1653 1738
1656 1748
1683 1775
1694 1789
1696 1790
1711 1808
1714 1813
1719 1817
1722 1822
1738 1835
1739 1839
1747 1848
1750 1851
1786 1901
1805 1924
1809 1927
1827 1937
1841 1960
1851 1967
1853 1972
1870 1988
1917 2023
1922 2031
1924 2035
1930 2060
1952 2091
1963 2109
1968 2114
1985 2132
2014 2158
2032 2182
2022 2191
2053 2208
2063 2218
2066 2224
2075 2236
2088 2247
2098 2256
2113 2271
2123 2283
2128 2291
2137 2303
2127 2312
2145 2317
2153 2324
2156 2328
2140 2332
2147 2338
2164 2340
2165 2341
2170 2345
2176 2364
2182 2367
2212 2387
2248 2421
2266 2437
2271 2440
2405 2527
2410 2530
2427 2547
2432 2553
2433 2554
2443 2561
2454 2567
2453 2569
2456 2573
2460 2576
2463 2579
2462 2580
2485 2600
2544 2675
2547 2682
2606 2729
2623 2741
2642 2763
2658 2771
2655 2778
2635 2781
2662 2801
2695 2807
2666 2808
2718 2825
2703 2847
2706 2851
2707 2855
2771 2883
2741 2884
2775 2891
2757 2907
2814 2937
2813 2938
2832 2972
2830 2998
2868 3002
2864 3003
2880 3017
2878 3018
2886 3021
2863 3028
2893 3031
2896 3032
2900 3034
2908 3043
2911 3045
2909 3050
2918 3054
2919 3055
2914 3056
2912 3062
2916 3068
2946 3090
2945 3093
2955 3097
2951 3100
2964 3108
2957 3109
2961 3112
2969 3117
2970 3121
2982 3133
2990 3137
2991 3138
2993 3139
2984 3141
3006 3147
2995 3152
2996 3154
2997 3155
3003 3158
3007 3163
3011 3166
3008 3167
3032 3187
3000 3188
3005 3191
3038 3217
3043 3220
3086 3228
3052 3230
3072 3253
3122 3263
3082 3264
3114 3290
3119 3302
3166 3313
3135 3320
3189 3370
3219 3412
3267 3437
3246 3448
3256 3455
3259 3461
3274 3479
3311 3499
3289 3507
3334 3527
3308 3528
3340 3534
3343 3538
3314 3540
3348 3543
3344 3544
3345 3548
3350 3554
3375 3579
3379 3583
3382 3586
3391 3597
3409 3617
3439 3643
3437 3650
3486 3700
3501 3716
3515 3733
3521 3736
3529 3752
7318 3790
3554 3793
3557 3797
3755 3999
3759 4011
3763 4012
3775 4015
3767 4019
3770 4026
3772 4027
3790 4030
3771 4033
3777 4036
3820 4077
3894 4090
3900 4097
3854 4100
3868 4106
3840 4120
3882 4124
3859 4139
3865 4143
3871 4145
3923 4174
3929 4186
3982 4232
3999 4247
4166 4423
4169 4426
4172 4428
4174 4429
4186 4438
4190 4440
4199 4449
4203 4450
4201 4456
4224 4484
4226 4489
4243 4496
4254 4500
4255 4513
4286 4524
4282 4525
4267 4526
4276 4530
4281 4533
4275 4540
4298 4542
4291 4545
4292 4546
4293 4548
4297 4550
4296 4560
4306 4570
4305 4574
4319 4576
4323 4581
4338 4587
4332 4591
4337 4600
4347 4614
4361 4630
4360 4639
4378 4668
4379 4669
4385 4670
4386 4671
4420 4677
4399 4688
4409 4699
4410 4700
4439 4703
4431 4716
4461 4720
4462 4724
4441 4732
4440 4738
4443 4739
4446 4743
4485 4753
4486 4754
4458 4760
4463 4762
4499 4768
4490 4797
4552 4831
4558 4833
4556 4839
4524 4842
4523 4843
4570 4854
4574 4864
4575 4866
4576 4867
4578 4872
4583 4873
4591 4880
4594 4883
4597 4890
4600 4891
4601 4892
4581 4899
4617 4903
4618 4904
4616 4907
4619 4911
4642 4929
4643 4930
4651 4933
4667 4946
4639 4958
4684 4966
4683 4971
4692 4978
4701 4989
4653 4997
4652 5001
4716 5005
4735 5020
4742 5022
4736 5023
4746 5027
4700 5036
4752 5039
4706 5053
4765 5054
4766 5055
4711 5056
4771 5058
4705 5061
4792 5072
4733 5079
4761 5081
4744 5087
4740 5089
4803 5091
4804 5092
4747 5095
4806 5097
4751 5103
4786 5107
4826 5117
4832 5119
4833 5130
4777 5132
4788 5135
4778 5136
4800 5137
4849 5138
4795 5142
4859 5151
4853 5152
4808 5154
4873 5162
4818 5168
4823 5169
4841 5170
4883 5176
4830 5180
1150 5185
4893 5186
4891 5187
4843 5192
4848 5193
4868 5199
4842 5203
4906 5208
4885 5214
4857 5215
4871 5216
4872 5217
4862 5219
4916 5221
4870 5223
4878 5224
4895 5227
4898 5228
4882 5229
4897 5232
4886 5236
4889 5239
4921 5244
4901 5246
4908 5249
4929 5266
4925 5268
4939 5269
4948 5274
4949 5275
4942 5284
4955 5287
4970 5289
4950 5295
4962 5296
4953 5299
4959 5300
4980 5307
4976 5316
4975 5317
4982 5319
4983 5324
4994 5336
5015 5340
5014 5341
4997 5344
5001 5345
5005 5348
5028 5350
5004 5352
5012 5353
5009 5355
5018 5370
5019 5371
5038 5379
5024 5381
5040 5383
5047 5387
5031 5397
5062 5405
5039 5406
5063 5407
5066 5408
5050 5415
5056 5420
5077 5421
5065 5422
5059 5424
5090 5428
5068 5433
5100 5445
5106 5446
5073 5448
5085 5452
5111 5456
5082 5458
5083 5459
5093 5466
5120 5470
5097 5472
5103 5473
5132 5478
5137 5480
5142 5484
5112 5485
5135 5500
5156 5501
5131 5503
5133 5510
5139 5511
5166 5515
5168 5517
5165 5521
5143 5523
5152 5528
5180 5534
5179 5535
5194 5541
5202 5560
5205 5567
5208 5568
5181 5569
5186 5571
5215 5572
5198 5580
5227 5590
5203 5591
5234 5594
5236 5597
5211 5600
5239 5607
5250 5609
5220 5612
5259 5624
5260 5625
5258 5633
5242 5635
5243 5640
5271 5643
5280 5656
5252 5658
5257 5660
5261 5663
5293 5669
5265 5671
5297 5674
5310 5683
5283 5693
5287 5695
5322 5700
5286 5701
5301 5706
5338 5719
5342 5730
5319 5733
5345 5738
5351 5746
5324 5749
5355 5752
5329 5753
5330 5754
5340 5763
5343 5765
5380 5781
5356 5782
5361 5788
5369 5797
5371 5798
5398 5802
5378 5805
5388 5823
5395 5829
5403 5841
5408 5849
5411 5854
5442 5858
5434 5882
5464 5885
5459 5886
5440 5887
5443 5888
5444 5890
5445 5899
5446 5900
5501 5922
5467 5927
5466 5932
5473 5941
5488 5955
5489 5957
5509 5973
5506 5975
5507 5977
5508 5978
5510 5979
5514 5981
5521 5990
5525 5998
5527 6000
5532 6001
5531 6004
5535 6009
5544 6012
5539 6013
5546 6016
5549 6019
5550 6022
5560 6031
5565 6033
5568 6041
5569 6042
5572 6048
5574 6049
5576 6051
5575 6053
5577 6059
1708 6064
5589 6065
5584 6070
5590 6071
5593 6072
5592 6083
5595 6084
5597 6085
5598 6087
5600 6090
5601 6091
5604 6097
5608 6103
5616 6108
5617 6110
5619 6111
5622 6116
5623 6120
5626 6125
5636 6130
5644 6144
5645 6145
5651 6155
5654 6158
5657 6163
5658 6164
5660 6165
5672 6170
5676 6173
5671 6174
5682 6183
5686 6189
5689 6194
5693 6197
5696 6200
5702 6212
5707 6224
5722 6234
5726 6236
5727 6238
5736 6249
5735 6253
5738 6261
5741 6266
5753 6282
5759 6292
5770 6301
5772 6304
5773 6305
5776 6311
5784 6319
5785 6320
5792 6325
5801 6335
5812 6350
5817 6353
5815 6354
5830 6370
5838 6378
5849 6390
5854 6396
5859 6404
5862 6407
5875 6421
5896 6424
5903 6426
5890 6435
5891 6437
5922 6443
5907 6459
5914 6463
5917 6464
5910 6468
5920 6474
5923 6475
5921 6476
5940 6492
5933 6495
5938 6499
5967 6505
5946 6512
5958 6525
5968 6533
5970 6539
5975 6545
5978 6553
5987 6568
6002 6583
6008 6589
6009 6600
6013 6603
6063 6626
6046 6629
6049 6634
6043 6637
6047 6639
6072 6641
6052 6643
6053 6644
6091 6653
6069 6658
6067 6659
6075 6675
6088 6682
6085 6683
6082 6687
6113 6688
6096 6697
6128 6700
6132 6707
6107 6708
6105 6714
6140 6716
6115 6720
6130 6728
6157 6737
6163 6739
6160 6742
6144 6750
6146 6752
6174 6756
6175 6757
6176 6758
6156 6765
6185 6771
6172 6774
6195 6775
6177 6776
2108 6777
6199 6780
6202 6785
6197 6801
6217 6816
6223 6818
6225 6823
6257 6839
6239 6848
2166 6862
6292 6871
6261 6876
6298 6899
6289 6905
6322 6939
6378 7000
6430 7035
6439 7044
6446 7051
6450 7055
6451 7056
6455 7059
6459 7063
6461 7066
6478 7083
6482 7086
6503 7109
6505 7114
6561 7159
6553 7160
6613 7227
6616 7234
6621 7240
6647 7241
6642 7242
6626 7244
6636 7248
6654 7249
6638 7252
6640 7254
6660 7261
6675 7267
6672 7268
6680 7305
6686 7312
6690 7320
6726 7322
6707 7331
6709 7333
6731 7356
6768 7382
6822 7416
6833 7429
6843 7437
6841 7442
6844 7443
6852 7449
6853 7452
6858 7457
6860 7461
6863 7463
6877 7473
6882 7481
6896 7492
6897 7496
6895 7497
6900 7499
6902 7503
6910 7506
6908 7509
6914 7511
6915 7512
6917 7513
6918 7516
6928 7523
6925 7524
6939 7532
6940 7536
6961 7549
6983 7573
6952 7574
6967 7582
6969 7583
3088 7585
7013 7590
7023 7599
6990 7601
6992 7603
6988 7605
6999 7613
7014 7626
7057 7662
7068 7665
7070 7671
7077 7674
7072 7675
7079 7678
7084 7681
7112 7682
7085 7692
7094 7698
7096 7699
7098 7702
7102 7704
7105 7706
7103 7707
7110 7712
7126 7713
7122 7730
7130 7735
7157 7741
7158 7745
7166 7755
7170 7760
7174 7763
7181 7771
7194 7785
7207 7794
7206 7795
7209 7797
7219 7808
7224 7812
7232 7820
7250 7838
7276 7865
7286 7873
7257 7874
7267 7885
7299 7889
7320 7928
7341 7933
7362 7967
7371 7976
3690 8027
7454 8062
7463 8064
7477 8068
7483 8070
7505 8091
7515 8097
7520 8107
7526 8114
7528 8118
7537 8121
7531 8123
7532 8126
7539 8132
7566 8135
7547 8143
7559 8155
7564 8159
7568 8165
7580 8171
7616 8173
7593 8180
7594 8182
7581 8196
7628 8202
7621 8213
7659 8228
7637 8230
7651 8241
7662 8244
7660 8246
7668 8253
7676 8260
7677 8262
7759 8334
7777 8349
7776 8353
7783 8357
7787 8359
7789 8363
7792 8366
7790 8377
7807 8391
7816 8392
7810 8403
7841 8420
7842 8421
7837 8422
7836 8424
7853 8428
7852 8432
7850 8435
7861 8445
7868 8452
7871 8453
7875 8459
7891 8480
7896 8484
7898 8486
7919 8490
7902 8494
7904 8498
7928 8502
7917 8511
7940 8517
7954 8526
7957 8536
7943 8537
7961 8540
7944 8541
7952 8544
7946 8546
7978 8547
7977 8548
7989 8561
8007 8578
8001 8579
8013 8590
8019 8602
8023 8603
8027 8604
8008 8611
8039 8615
8014 8619
8038 8621
8040 8624
8042 8625
8047 8630
8054 8637
8056 8640
8058 8647
8059 8648
8061 8652
8044 8659
8076 8663
8080 8672
8063 8676
8060 8677
8096 8679
8098 8683
8099 8684
8064 8687
8111 8698
8123 8713
8122 8717
8134 8727
8108 8729
8139 8731
8156 8747
8163 8761
8149 8764
8138 8766
8170 8767
8171 8769
8175 8773
8183 8781
8193 8785
8158 8786
8176 8789
8180 8794
8197 8795
8203 8799
8162 8803
8181 8805
8177 8806
8215 8808
8222 8810
8224 8813
8226 8816
8190 8819
8230 8820
8231 8823
8235 8824
8236 8825
8234 8826
8201 8829
8245 8834
8244 8837
8251 8839
8248 8840
8223 8844
8219 8848
8259 8854
8229 8856
8263 8857
8267 8858
8268 8859
8241 8860
8278 8868
8283 8871
8243 8872
8250 8873
8253 8874
8261 8877
8273 8879
8274 8880
8275 8881
8256 8883
8260 8884
8287 8891
8292 8893
8277 8895
8286 8896
8281 8902
8290 8903
8303 8905
8307 8908
8293 8911
8312 8913
8305 8920
8315 8926
8322 8928
8329 8931
8320 8933
8319 8934
8336 8939
8328 8942
8327 8945
8339 8946
8335 8947
8338 8953
8341 8954
8357 8960
8345 8964
8346 8965
8364 8969
8356 8972
8358 8978
8366 8979
8374 8981
8373 8985
8376 8987
8383 8990
8381 8993
8386 8994
8372 8998
8394 8999
8377 9000
8393 9001
8380 9002
8400 9004
8406 9007
8384 9008
8388 9009
8405 9011
8408 9012
8392 9013
8412 9015
8415 9017
8416 9018
8420 9021
8403 9022
8421 9023
8399 9025
8402 9027
8407 9030
8410 9032
8409 9033
8427 9034
8414 9041
8434 9042
8417 9048
8423 9049
8430 9057
8455 9063
8457 9065
8461 9069
8443 9070
8445 9071
8442 9073
8446 9074
8448 9075
8466 9076
8467 9077
8453 9079
8458 9085
8459 9089
8463 9090
8486 9099
8485 9103
8472 9104
8488 9105
8493 9106
8492 9108
8479 9109
8477 9111
8478 9112
8480 9113
8481 9114
8482 9116
8503 9118
8505 9124
8489 9126
8509 9127
8510 9128
8495 9129
8496 9131
8498 9132
8518 9134
8520 9135
8530 9138
8501 9139
8504 9141
8512 9147
8514 9148
8506 9149
8517 9152
8519 9153
8540 9155
8522 9158
8523 9161
8524 9163
8545 9165
8548 9166
8532 9169
8536 9176
8537 9177
8543 9178
8542 9180
8564 9181
8541 9182
8552 9186
8584 9193
8585 9194
8562 9196
8561 9198
8556 9201
8560 9203
8570 9204
8571 9205
8597 9206
8574 9213
8581 9216
8606 9218
8607 9219
8592 9230
8593 9231
8594 9232
8595 9233
8613 9234
8591 9236
8616 9239
8601 9241
8628 9249
8617 9252
8621 9256
8619 9257
8623 9262
8644 9265
8629 9266
8630 9268
8636 9273
8642 9278
8647 9280
8648 9281
8650 9282
8656 9294
8659 9298
8660 9301
8664 9306
8665 9308
8668 9313
8672 9316
8674 9319
8675 9320
8680 9326
8697 9327
8683 9329
8684 9332
7461 9335
8690 9344
8717 9354
8727 9359
8698 9360
8702 9361
8703 9362
8704 9363
8706 9367
8708 9368
8714 9374
8736 9375
8715 9376
8718 9382
8719 9383
8723 9384
8729 9385
8728 9386
8731 9389
8732 9392
8733 9393
8734 9394
8739 9395
8737 9396
8741 9399
8751 9405
8759 9412
8762 9415
8766 9421
8765 9425
8767 9426
8771 9430
8772 9431
8777 9438
8776 9439
8786 9444
8785 9447
8789 9450
8792 9452
8790 9453
8794 9454
8796 9455
8803 9460
8800 9463
8802 9466
8806 9469
8807 9471
8808 9476
8809 9477
8812 9480
8822 9487
8826 9489
8827 9492
8832 9502
8836 9505
8841 9509
8844 9513
8845 9516
8855 9523
8856 9524
8866 9531
8864 9536
8865 9537
8878 9548
8883 9550
8884 9556
8892 9559
8896 9560
8897 9561
8904 9566
8903 9568
8906 9573
8911 9579
8914 9582
8926 9594
8923 9595
8930 9602
8931 9603
8932 9606
8939 9617
8943 9620
8945 9626
8949 9628
8958 9636
8982 9643
8968 9644
8966 9645
8969 9648
8980 9657
9000 9658
9001 9661
8984 9662
8983 9664
8994 9668
8992 9669
9019 9677
9003 9678
9016 9679
9002 9680
9005 9681
9008 9688
9014 9689
9018 9690
9017 9694
9030 9696
9021 9702
9023 9708
9024 9709
9025 9710
9028 9711
9026 9712
9049 9717
9035 9720
9033 9721
9043 9730
9044 9731
9047 9733
9048 9738
9056 9749
9078 9752
9067 9758
9074 9771
9076 9772
9075 9774
9080 9780
9090 9792
9097 9794
9098 9796
9102 9798
9110 9801
9115 9802
9131 9803
9137 9814
9124 9815
9127 9818
9148 9822
9129 9824
9136 9827
9140 9832
9143 9834
9144 9835
9147 9850
9154 9855
9153 9858
9187 9869
9176 9878
9174 9880
9175 9881
9178 9885
9213 9892
9221 9899
9206 9909
9236 9916
9239 9920
9254 9950
9282 9972
9286 9977
9308 9980
9339 10024
9360 10044
9374 10051
9389 10071
9396 10072
9430 10103
9451 10123
9503 10161
9510 10165
9518 10168
9519 10169
9521 10171
9529 10180
9531 10181
9540 10185
9542 10189
9549 10191
9555 10200
9558 10203
9563 10208
9573 10213
9572 10215
9575 10217
9585 10224
9623 10263
9663 10306
9681 10308
9669 10309
9693 10313
9678 10316
9682 10320
9685 10322
9707 10323
9712 10346
9719 10360
9749 10362
9723 10364
9759 10377
9740 10380
9776 10393
9773 10399
9762 10400
9763 10401
9793 10411
9777 10419
9803 10429
9815 10434
9841 10457
9822 10458
9848 10462
9855 10472
9836 10473
9865 10479
9867 10488
9871 10491
9859 10494
9888 10503
9889 10508
9899 10515
9898 10517
9901 10520
9913 10527
9907 10528
9911 10532
9922 10538
9919 10539
9925 10540
9923 10541
9920 10543
9928 10546
9936 10551
9934 10553
9937 10556
9946 10560
9954 10565
9939 10572
9972 10579
9958 10587
9969 10598
9971 10601
9980 10608
9988 10610
9992 10618
9999 10624
10003 10627
10024 10628
10011 10634
10023 10641
10031 10648
10030 10649
10037 10656
10054 10668
10060 10672
10052 10673
10064 10679
10070 10682
10069 10683
10074 10687
10076 10693
10081 10697
10089 10709
10096 10715
10101 10719
10121 10725
10106 10727
10124 10729
10127 10734
10115 10741
10137 10743
10118 10747
10145 10752
10148 10753
10149 10756
10154 10760
10146 10775
10171 10777
10173 10779
10185 10788
10174 10804
10213 10807
10208 10808
10225 10819
10237 10829
10244 10835
10246 10839
10248 10840
10250 10845
10264 10860
10307 10900
10313 10906
10304 10911
10306 10914
10323 10921
10317 10924
10318 10925
10384 10990
10387 10992
10386 10993
10396 11001
10399 11002
10408 11012
10417 11019
10412 11020
10416 11024
10418 11026
10421 11027
10430 11035
10437 11036
10427 11040
10436 11041
10426 11042
10462 11059
10465 11060
10467 11062
10451 11078
10455 11079
10475 11089
10473 11090
10476 11091
10490 11093
10482 11095
10494 11096
10501 11112
10502 11113
10503 11114
10514 11123
10518 11126
10548 11158
10558 11159
10566 11169
10565 11172
10573 11174
10572 11175
10583 11193
10582 11196
10595 11211
10604 11212
10608 11217
10606 11218
10620 11220
10626 11224
10627 11225
10613 11226
10625 11227
10617 11232
10621 11233
10634 11238
10639 11242
10643 11243
10635 11247
10637 11248
10640 11250
10653 11253
10650 11254
10648 11260
10660 11262
10654 11267
10662 11272
10663 11273
10673 11282
10682 11291
10685 11300
10683 11304
10707 11305
10693 11308
10713 11311
10702 11312
10705 11313
10694 11318
10719 11319
10700 11323
10722 11324
10724 11325
10715 11329
10706 11330
10732 11332
10736 11335
10723 11336
10747 11344
10730 11350
10754 11354
10753 11355
10739 11358
10763 11359
10764 11360
10765 11361
10751 11365
10756 11367
10757 11368
10750 11370
10770 11371
10760 11372
10774 11379
10769 11382
10772 11383
10771 11386
10783 11388
10780 11389
10787 11391
10788 11395
10793 11398
10792 11400
10796 11401
10805 11404
10808 11406
10803 11409
10802 11411
10814 11412
10807 11417
10809 11418
10819 11419
10822 11421
10816 11422
10818 11423
10820 11426
10817 11427
10826 11428
10821 11429
10828 11433
10824 11436
10837 11438
10832 11440
10843 11443
10842 11446
10852 11450
10853 11451
10839 11454
10840 11455
10851 11457
10848 11458
10856 11460
10850 11462
10863 11465
10857 11467
10870 11473
10872 11477
10876 11481
10879 11484
10880 11485
10884 11486
10889 11488
10887 11490
10894 11494
10892 11503
10890 11504
10905 11506
10896 11507
10897 11508
10900 11513
10901 11514
10902 11515
10899 11518
10906 11521
10909 11522
10921 11524
10908 11525
10910 11526
10929 11529
10913 11530
10914 11531
10918 11535
10919 11536
10920 11537
10926 11542
10944 11545
10945 11546
10927 11548
10931 11551
10938 11552
10934 11554
10935 11555
10936 11556
10937 11557
10946 11561
10950 11569
10971 11574
10953 11575
10955 11580
10963 11581
10961 11582
10966 11583
10967 11584
10973 11586
10972 11590
10976 11593
10981 11598
10980 11600
10985 11604
10990 11607
10991 11610
10995 11612
10997 11613
11001 11622
11002 11623
11003 11624
11006 11628
11012 11633
11017 11637
11018 11638
11020 11641
11021 11642
11024 11644
11028 11647
11029 11649
11027 11651
11031 11653
11032 11654
11034 11656
11035 11659
11036 11660
11037 11661
11038 11662
11039 11663
11042 11665
11044 11668
11047 11672
11054 11675
11058 11679
11059 11680
11062 11682
11063 11683
11064 11684
11065 11686
11077 11699
11076 11700
11080 11701
11082 11704
11083 11705
11088 11708
11089 11709
11090 11710
11099 11719
11103 11723
11102 11724
11110 11727
11111 11728
11108 11729
11117 11731
11128 11743
11133 11745
11145 11762
11146 11763
11149 11767
11152 11768
11172 11777
11166 11780
11187 11793
11184 11795
11185 11796
11201 11801
11192 11802
11193 11803
11202 11804
11196 11805
11203 11807
11216 11819
11213 11824
11226 11834
11227 11835
11230 11837
11247 11839
11245 11840
11250 11855
11262 11862
11266 11864
11275 11866
11274 11870
11282 11872
11287 11875
11284 11879
11292 11882
11278 11891
11296 11894
11290 11898
11291 11902
11304 11903
11300 11913
11315 11916
11314 11919
11325 11923
11336 11935
11340 11941
11337 11944
11357 11950
11366 11958
11375 11972
11392 11984
11397 11993
11404 11999
11409 12001
11471 12052
11480 12056
11488 12067
11492 12071
11498 12075
11501 12076
11503 12078
11512 12087
11516 12091
11518 12093
11525 12099
11528 12102
11530 12104
11536 12107
11570 12141
11564 12147
11575 12149
11582 12151
11577 12157
11593 12159
11589 12160
11584 12163
11599 12164
11595 12173
11613 12174
11601 12179
11602 12180
11603 12184
11624 12190
11628 12193
11632 12202
11626 12207
11641 12212
11650 12221
11652 12224
11657 12229
11659 12231
11660 12232
11661 12233
11654 12237
11668 12242
11669 12243
11674 12248
11678 12253
11679 12255
11680 12256
11683 12260
11686 12263
11691 12264
11695 12268
11694 12270
11698 12272
11705 12276
11703 12277
11702 12278
11710 12281
11706 12282
11712 12284
11717 12286
11715 12287
11713 12288
11718 12290
11719 12292
11722 12294
11728 12297
11731 12298
11735 12311
11736 12314
11740 12316
11741 12319
11752 12322
11745 12324
11747 12327
11749 12329
11753 12331
11760 12335
11767 12338
11768 12342
11775 12348
11776 12351
11779 12352
11781 12353
11785 12356
11788 12362
11795 12363
11803 12371
11798 12374
11811 12376
11812 12377
11819 12380
11818 12382
11821 12384
11831 12394
11832 12396
11855 12413
11861 12416
11865 12418
11847 12419
11869 12424
11878 12428
11876 12429
11880 12432
11885 12439
11891 12442
11897 12445
11904 12449
11915 12467
11917 12469
11958 12504
11983 12540
11740 12549
12005 12558
12016 12561
12015 12566
12014 12571
12017 12572
12021 12576
12024 12578
12030 12583
12034 12587
12033 12590
12045 12598
12055 12599
12050 12600
12085 12613
12058 12620
12082 12622
12090 12623
12092 12624
12063 12633
12075 12635
12087 12636
12083 12639
12086 12642
12133 12666
12135 12670
12188 12716
12198 12725
12204 12731
12208 12732
12212 12743
12218 12751
12226 12759
12228 12760
12235 12761
12234 12764
12238 12769
12244 12775
12245 12776
12246 12777
12254 12779
12252 12782
12260 12792
12267 12794
12282 12803
12272 12805
12277 12807
12283 12808
12287 12813
12292 12814
12294 12819
12296 12820
12290 12822
12299 12831
12326 12838
12321 12842
12331 12843
12334 12846
12324 12848
12335 12851
12344 12853
12338 12854
12347 12860
12348 12864
12353 12867
12354 12868
12355 12870
12365 12872
12362 12875
12372 12878
12368 12881
12371 12882
12376 12885
12377 12886
12378 12889
12379 12891
12385 12892
12384 12895
12386 12899
12395 12901
12399 12903
12400 12904
12393 12905
12396 12907
12398 12909
12409 12911
12402 12913
12413 12915
12414 12916
12405 12917
12410 12922
12415 12926
12419 12927
12416 12928
12431 12933
12422 12934
12430 12937
12433 12943
12436 12944
12434 12945
12440 12949
12442 12950
12441 12954
12455 12955
12450 12962
12449 12964
12451 12965
12464 12966
12457 12970
12460 12972
12462 12973
12470 12974
12467 12975
12473 12977
12472 12981
12475 12982
12479 12985
12480 12987
12485 12990
12499 12991
12503 12993
12492 12995
12493 12997
12500 13000
12501 13001
12504 13003
12505 13004
12509 13014
12511 13015
12517 13019
12521 13020
12518 13022
12519 13023
12522 13025
12525 13026
12529 13029
12524 13030
12532 13035
12543 13037
12536 13038
12538 13040
12539 13043
12544 13047
12545 13048
12548 13049
12552 13055
12556 13059
12563 13071
12565 13073
12568 13076
12574 13079
12576 13080
12575 13081
12581 13086
12588 13095
12590 13096
12591 13097
12596 13098
12598 13099
12609 13109
12617 13112
12629 13119
12655 13131
12654 13134
12686 13149
12682 13154
12699 13160
12693 13161
12719 13179
12725 13186
12742 13190
12732 13191
12730 13192
12760 13213
12767 13221
12795 13246
12817 13253
12806 13254
12808 13259
12832 13277
12856 13290
12858 13293
12860 13307
12872 13309
12881 13328
12893 13330
12970 13384
12975 13388
12993 13408
13019 13427
13027 13435
13038 13447
13050 13457
13051 13460
13063 13472
13072 13479
13078 13486
13083 13490
13084 13492
13099 13506
13117 13517
13112 13518
13121 13524
13132 13525
13137 13536
13143 13537
13145 13538
13155 13547
13147 13550
13160 13557
13164 13559
13173 13576
13179 13578
13180 13582
13184 13585
13188 13590
13198 13598
13202 13604
13223 13629
13225 13632
13226 13633
13227 13637
13229 13639
13234 13641
13241 13657
13239 13658
13244 13663
13249 13668
13257 13674
13254 13680
13261 13687
13264 13692
13270 13695
13282 13702
13283 13705
13297 13709
13296 13711
13312 13716
13319 13719
13325 13722
13340 13738
13338 13739
13341 13740
13342 13744
13347 13749
13348 13750
13363 13763
13361 13777
13386 13781
13365 13783
13388 13785
13395 13801
13396 13802
13398 13808
13406 13810
13413 13814
13414 13816
13415 13818
13419 13823
13431 13842
13433 13859
13444 13869
13448 13873
13488 13914
13491 13915
13490 13916
13493 13918
13494 13921
13497 13922
13500 13923
13503 13926
13502 13928
13515 13930
13511 13931
13513 13933
13510 13935
13508 13936
13516 13938
13519 13939
13520 13940
13525 13946
13542 13954
13531 13955
13584 13994
13585 13995
13589 14001
13591 14004
13597 14010
13599 14012
13604 14016
13615 14022
13611 14025
13612 14026
13621 14031
13618 14033
13624 14036
13632 14042
13637 14043
13651 14054
13654 14056
13666 14070
13668 14071
13669 14073
13674 14078
13679 14080
13686 14085
13692 14088
13698 14091
13703 14094
13695 14095
13699 14096
13711 14106
13719 14112
13726 14115
13730 14120
13739 14126
13738 14128
13741 14129
13744 14137
13751 14143
13758 14151
13759 14152
13771 14161
13780 14167
13783 14169
13790 14175
13810 14183
13818 14192
13852 14214
13863 14219
13875 14229
13946 14290
13953 14293
13959 14301
13967 14305
13975 14310
13990 14326
14005 14342
14012 14347
14015 14349
14022 14355
14029 14362
14036 14368
14039 14373
14041 14376
14046 14380
14044 14383
14051 14384
14049 14386
14054 14390
14055 14393
14067 14397
14070 14402
14072 14403
14090 14424
14103 14430
14142 14479
13588 14480
14154 14487
14170 14501
14175 14503
14179 14506
14192 14516
14220 14538
14239 14551
14290 14576
14317 14596
14374 14626
14375 14627
14396 14637
14457 14681
14471 14688
14478 14692
14491 14705
14524 14726
14532 14731
14547 14747
14561 14758
14580 14772
14581 14774
14606 14791
14688 14870
14735 14907
14758 14922
14835 14978
14845 14993
14982 15094
15364 15132
16254 15553
16424 16476
16313 16668
16435 16713
16505 16779
16358 16811
16470 16896
16706 16929
16677 17158
16780 17172
17012 17227
16858 17389
